Unnamed: 0,Unnamed: 1,January,Unnamed: 3,Unnamed: 4,February,Unnamed: 6,Unnamed: 7,March,Unnamed: 9,Unnamed: 10,April,Unnamed: 12,Unnamed: 13,May,Unnamed: 15,Unnamed: 16,June,Unnamed: 18,Unnamed: 19,July,Unnamed: 21,Unnamed: 22,August,Unnamed: 24,Unnamed: 25,September,Unnamed: 27,Unnamed: 28,October,Unnamed: 30,Unnamed: 31,November,Unnamed: 33,Unnamed: 34,December,Unnamed: 36,Unnamed: 37,Unnamed: 38,Accumulate for Year 2024,Unnamed: 40,Unnamed: 41,Unnamed: 42
Region,Cabin,Total kWh,Sales kWh,Losses,Total kWh,Sales kWh,Losses,Total kWh,Sales kWh,Losses,Total kWh,Sales kWh,Losses,Total kWh,Sales kWh,Losses,Total kWh,Sales kWh,Losses,Total kWh,Sales kWh,Losses,Total kWh,Sales kWh,Losses,Total kWh,Sales kWh,Losses,Total kWh,Sales kWh,Losses,Total kWh,Sales kWh,Losses,Total kWh,Sales kWh,Losses,,Total kWh,Sales kWh,Losses,Consumer
BT-HQ,8,0,0,,0,0,,0,0,,0,0,,0,0,,0,4914,0,0,4517,0,0,6142,0,0,7450,0,0,11291,0,0,11100,0,0,9942,0,,0,55356,0,1
BT-HQ,9,1562,1561,0.000640204865556937,4741,4740,0.00021092596498628602,4648,4647,0.00021514629948360398,4156,4155,0.00024061597690083758,6887,6886,0.00014520110352833626,7069,7067,0.00028292544914410023,4141,4141,0,7269,7266,0.0004127115146512761,7710,7708,0.00025940337224383825,4960,4960,0,5418,5416,0.00036913990402365204,5753,5752,0.00017382235355467568,,64314,64299,0.00023323071182013155,1
BT-HQ,1,0,5844,0,0,6333,0,0,7103,0,0,8384,0,0,6711,0,0,7607,0,0,6353,0,0,6446,0,0,6659,0,0,6165,0,0,6378,0,0,5041,0,,0,79024,0,1
BT-HQ,10,147951,148013,0,133018,133078,0,81819,81871,0,171134,171252,0,197675,197797,0,118723,118801,0,141333,141423,0,2092,2096,0,47763,47799,0,37134,37167,0,1414,1417,0,48989,49025,0,,1129045,1129739,0,1
BT-HQ,11,3131,3130,0.0003193867773874093,3162,3161,0.0003162555344718987,4319,4318,0.00023153507756423775,5660,5659,0.00017667844522972764,5384,5379,0.000928677563150071,5589,5587,0.0003578457684737524,5991,5990,0.00016691704223004145,7158,7155,0.0004191114836546994,8435,8432,0.0003556609365737984,7892,7891,0.00012671059300561893,6888,6886,0.00029036004645766056,5541,5541,0,,69150,69129,0.00030368763557486744,1
BT-HQ,12,13490,13460,0.002223869532987366,11240,11220,0.001779359430605032,5660,5650,0.0017667844522968323,4840,4830,0.0020661157024793875,4790,4770,0.0041753653444676075,4030,4030,0,3870,3860,0.0025839793281653423,5800,5780,0.0034482758620689724,9570,9560,0.0010449320794148065,9800,9770,0.003061224489795955,9030,9010,0.0022148394241418012,9920,9910,0.0010080645161290036,,92040,91850,0.0020643198609300306,1
BT-HQ,13,34332,34327,0.00014563672375622616,27370,27368,7.3072707343802e-05,18207,18204,0.00016477179106932915,6836,6835,0.00014628437682850937,1400,1400,0,1344,1343,0.0007440476190476719,7108,7108,0,18241,18238,0.0001644646675073025,18102,18100,0.00011048502927857307,19593,19590,0.0001531159087428957,23310,23308,8.580008580005849e-05,14479,14478,6.906554320051939e-05,,190322,190299,0.00012084782631538449,1
BT-HQ,14,2009,2047,0,2195,2236,0,2370,2378,0,2262,2231,0.013704686118479192,2552,2584,0,2399,2438,0,2303,2337,0,2386,2421,0,2490,2525,0,2242,2277,0,2357,2397,0,2199,2231,0,,27764,28102,0,1
BT-HQ,15,3961,3956,0.0012623074981065185,3079,3075,0.0012991230919129348,6830,6823,0.0010248901903368024,7239,7233,0.0008288437629506706,8491,8483,0.0009421740666588629,8721,8712,0.0010319917440660964,8176,8170,0.0007338551859099596,7967,7961,0.0007531065645789425,5161,5155,0.001162565394303483,5203,5198,0.0009609840476647591,7021,7015,0.0008545791197834829,8455,8450,0.0005913660555884048,,80304,80231,0.0009090456266188651,1
BT-HQ,16,147516,147582,0,161321,161391,0,180502,180583,0,208807,208899,0,193904,193988,0,178742,178818,0,158268,158334,0,167421,167494,0,163363,163434,0,160366,160434,0,163452,163525,0,145984,146048,0,,2029646,2030530,0,1
BT-HQ,2,27297,18829,0.3102172399897425,30082,26835,0.10793830197460275,37087,31927,0.1391323105131178,43092,38085,0.11619326093010307,41927,35650,0.14971259570205353,44365,37676,0.150772004958864,35885,30758,0.1428730667409781,39543,33731,0.14697923779177102,39477,34311,0.13086100767535525,29524,25649,0.1312491532312695,29326,25904,0.11668826297483459,33752,25850,0.23411945958757996,,431357,365205,0.15335789149127055,9
BT-HQ,23,52966,52929,0.0006985613412378022,46633,46603,0.000643321253189777,50828,50791,0.0007279452270402276,43894,43863,0.0007062468674534639,61598,61557,0.0006656060261697183,40695,40671,0.0005897530409141316,50038,50002,0.0007194532155562205,54992,54957,0.0006364562118126305,53026,52991,0.0006600535586316347,27686,27671,0.0005417900744058013,25561,25548,0.0005085873009663677,31219,31208,0.00035234953073448594,,539136,538791,0.0006399127492877632,1
BT-HQ,24,162130,199148,0,316130,315820,0.0009806092430328928,436980,436680,0.0006865302759851977,250899,250713,0.0007413341623522252,157100,156943,0.0009993634627625259,92530,92430,0.0010807305738679274,106007,105877,0.0012263341100116065,118781,118658,0.001035519148685382,426253,425874,0.0008891433022172324,425114,424598,0.0012137920651872358,501026,377442,0.24666184988403794,380559,343420,0.09759064954448593,,3373509,3247603,0.037321969498228746,1
BT-HQ,26,88656,88649,7.895686699155302e-05,108897,108887,9.182989430378541e-05,136386,136394,0,214409,214371,0.0001772313662206093,154870,154861,5.8113256279468395e-05,127049,127039,7.870978913648852e-05,97014,97003,0.00011338569690977351,101190,101179,0.00010870639391247217,98346,98334,0.00012201818070889381,103511,103497,0.00013525132594605083,100121,100108,0.00012984289010298244,84190,84182,9.502316189569093e-05,,1414639,1414504,9.543070705675394e-05,1
BT-HQ,27,6649,6645,0.000601594224695412,6974,6970,0.0005735589331803403,8067,8063,0.0004958472790380641,8796,8791,0.0005684402000909472,7819,7813,0.0007673615551860857,6724,6719,0.0007436049970255265,6248,6245,0.00048015364916775827,7072,7066,0.0008484162895927572,6645,6641,0.0006019563581640686,6963,6958,0.0007180812868016195,6920,6917,0.00043352601156065873,6316,6311,0.0007916402786574128,,85193,85139,0.0006338548941814404,1
BT-HQ,3,12481,12480,8.012178511340728e-05,12485,12484,8.009611533843497e-05,14395,14394,6.946856547407343e-05,16214,16214,0,16864,16863,5.9297912713418555e-05,16696,16694,0.00011978917105892606,12841,12839,0.00015575110972665396,14144,14143,7.070135746611861e-05,13034,13033,7.67224182905979e-05,13921,13920,7.183391997700461e-05,13502,13500,0.00014812620352544492,11754,11753,8.507742045260613e-05,,168331,168317,8.316946967579231e-05,1
BT-HQ,32,21862,21824,0.0017381758302076333,23635,23595,0.0016924053310768405,26006,25960,0.0017688225794048051,28456,28408,0.0016868147315153292,27416,27369,0.0017143274000583908,28419,28371,0.001689010873007546,25677,25631,0.001791486544378218,27828,27778,0.0017967514733362444,28180,28131,0.0017388218594748261,27344,27297,0.0017188414277354847,28488,28438,0.001755124964897492,26483,26436,0.001774723407468981,,319794,319238,0.0017386192361332764,1
BT-HQ,33,24395,25102,0,1231,1654,0,7548,8020,0,24837,25533,0,36662,37532,0,39228,40147,0,42395,43390,0,40569,41565,0,11010,11560,0,11262,11777,0,26535,27280,0,29556,30335,0,,295228,303895,0,1
BT-HQ,34,0,0,,0,0,,0,0,,0,0,,0,0,,0,0,,0,0,,0,0,,0,0,,0,1349,0,0,1552,0,0,1492,0,,0,4393,0,1
BT-HQ,4,10206,10677,0,10185,10646,0,12937,13417,0,15235,15745,0,12788,13271,0,12552,13053,0,11822,12302,0,10057,10541,0,9575,10058,0,10738,11224,0,13320,13827,0,11303,11787,0,,140718,146548,0,1
BT-HQ,004B,0,0,,0,0,,0,0,,0,0,,0,0,,0,0,,0,0,,0,0,,0,0,,0,0,,0,0,,0,0,,,0,0,,0
BT-HQ,5,0,0,,0,0,,0,0,,0,0,,0,0,,0,0,,0,0,,0,0,,0,0,,0,0,,0,0,,0,0,,,0,0,,0
BT-HQ,51,203335,203295,0.00019671969901891018,257632,257547,0.0003299279592596793,227260,227180,0.000352019713103946,263763,263663,0.00037912823254204753,249418,249327,0.0003648493693317878,248782,248699,0.00033362542306114573,182364,182308,0.0003070781513895282,199425,199357,0.0003409803184154514,193383,193321,0.0003206072922645742,186715,186653,0.0003320568781297606,187999,187940,0.0003138314565502842,176428,176375,0.00030040583127399767,,2576504,2575665,0.00032563504655924724,1
BT-HQ,52,18971,18958,0.0006852564440461562,18813,18803,0.0005315473342901722,20160,20148,0.0005952380952380931,21032,21022,0.0004754659566374997,17576,17566,0.0005689576695493415,18163,18152,0.0006056268237626394,16746,16736,0.0005971575301564336,16203,16193,0.0006171696599395204,16934,16923,0.0006495807251682972,16888,16878,0.000592136428233081,17335,17324,0.0006345543697721112,16276,16265,0.0006758417301547803,,215097,214968,0.0005997294243992313,1
BT-HQ,53,445370,445069,0.0006758425578732297,462814,462490,0.0007000652529958185,516748,516371,0.0007295625720854515,535002,534569,0.0008093427688120602,504573,504182,0.0007749126489130509,515395,515048,0.0006732700162012106,442297,442012,0.0006443634028717726,459491,459192,0.0006507200358657483,451823,451504,0.0007060286882252242,416514,416272,0.000581012883120402,453638,453276,0.0007979931134517448,408405,408100,0.0007468077031378417,,5612070,5608085,0.0007100766740257836,1
BT-HQ,54,846474,845733,0.0008753960546927786,899230,898417,0.0009041068469690661,1166403,1165440,0.0008256151604548734,1284112,1283189,0.000718784654298088,812200,811587,0.000754740211770466,956774,955952,0.000859137058490278,807677,806967,0.0008790642794087589,790719,790100,0.0007828318277416368,832624,831875,0.0008995657103326726,787963,787301,0.0008401409710862007,824725,824095,0.0007638909939676752,801015,800294,0.0009001079879902285,,10809916,10800950,0.0008294236513955999,1
BT-HQ,0054A,0,0,,0,0,,0,0,,0,0,,0,0,,0,0,,0,0,,21530,21550,0,5190,5190,0,18770,18780,0,100690,100780,0,158320,158460,0,,304500,304760,0,1
BT-HQ,55,13784,13780,0.00029019152640741286,11708,11703,0.00042705842159207474,12522,12517,0.0003992972368631609,14055,14048,0.0004980434009249635,12468,12463,0.00040102662816809964,15047,15040,0.000465209011763168,15411,15404,0.0004542210109661493,12664,12658,0.0004737839545166933,12299,12293,0.0004878445402065612,12321,12317,0.00032464897329764764,11905,11899,0.0005039899202016196,10931,10928,0.0002744488152959246,,155115,155050,0.0004190439351449138,1
BT-HQ,56,30333,30325,0.0002637391619688678,20905,20900,0.00023917723032762517,17843,17839,0.00022417754861847605,19625,19621,0.00020382165605092872,17633,17628,0.00028355923552425555,15017,15013,0.0002663647865752683,18979,18974,0.0002634490752937424,14457,14454,0.00020751193193613293,10311,10309,0.00019396760740952868,11098,11094,0.00036042530185620425,12501,12499,0.0001599872010239478,13216,13214,0.00015133171912828924,,201918,201870,0.00023772026268087387,1
BT-HQ,57,2062,2062,0,1489,1489,0,1427,1427,0,1384,1384,0,1252,1252,0,1323,1323,0,1265,1266,0,1272,1272,0,1313,1313,0,1312,1311,0.0007621951219511924,1299,1300,0,1092,1091,0.0009157509157509125,,16490,16490,0,1
BT-HQ,58,284279,284281,0,290968,290975,0,321969,321999,0,281220,281238,0,466876,466925,0,552151,552203,0,602396,602452,0,672979,673037,0,802743,802789,0,852884,852926,0,918275,918321,0,709142,724599,0,,6755882,6771745,0,1
BT-HQ,59,64040,64034,9.36914428482094e-05,96320,96310,0.00010382059800662091,125870,125850,0.00015889409708425006,113880,113860,0.00017562346329469403,95160,95160,0,109540,109540,0,108560,108560,0,128590,128590,0,150930,150930,0,166230,166250,0,281980,282020,0,355020,355070,0,,1796120,1796174,0,1
BT-HQ,6,0,0,,0,0,,0,0,,0,0,,0,0,,0,0,,0,0,,0,0,,0,0,,0,0,,0,0,,0,0,,,0,0,,0
BT-HQ,65,0,0,,0,0,,0,0,,0,0,,0,0,,0,0,,0,0,,0,0,,0,0,,0,0,,0,0,,0,0,,,0,0,,0
BT-HQ,7,0,0,,0,0,,0,0,,0,0,,0,0,,0,0,,0,0,,0,0,,0,0,,0,0,,0,0,,0,0,,,0,0,,0
BT-HQ,8,0,0,,0,0,,0,0,,0,0,,0,0,,0,0,,0,0,,0,0,,0,0,,0,0,,0,0,,0,0,,,0,0,,0
BT-HQ,9,0,0,,0,0,,0,0,,0,0,,0,0,,0,0,,0,0,,0,0,,0,0,,0,0,,0,0,,0,0,,,0,0,,0
BT-HQ,1,0,0,,0,0,,0,0,,0,0,,0,0,,0,0,,0,0,,0,0,,0,0,,0,0,,0,0,,0,0,,,0,0,,0
BT-HQ,10,15097,15094,0.00019871497648538128,16851,16846,0.0002967182956501446,22654,22650,0.00017656925929199208,24167,24162,0.00020689369801796254,26454,26448,0.0002268088001814439,23435,23430,0.00021335609131645228,18335,18330,0.0002727024815926127,18927,18923,0.00021133829978337015,20881,20875,0.0002873425602222257,19594,19589,0.00025518015719094844,19262,19258,0.00020766275568473436,16434,16429,0.0003042472921991335,,242091,242034,0.0002354486536054745,1
BT-HQ,100,0,0,,0,0,,0,0,,0,0,,0,0,,0,0,,0,0,,0,0,,0,0,,0,0,,0,0,,0,0,,,0,0,,0
BT-HQ,101,28920,28830,0.003112033195020736,31350,31275,0.0023923444976076125,36030,35855,0.004857063558145969,43620,43292,0.0075194864740945055,37770,37509,0.006910246227164407,34320,34169,0.004399766899766955,30720,30580,0.00455729166666663,32550,32407,0.004393241167434669,30840,30759,0.0026264591439688623,28830,28746,0.0029136316337148305,28800,28704,0.0033333333333332993,25380,25349,0.001221434200157634,,389130,387475,0.0042530773777400555,1
BT-HQ,102,3995,3929,0.016520650813516946,4197,4122,0.01786990707648317,4714,4629,0.018031395842172282,5200,5064,0.026153846153846194,4142,4087,0.013278609367455285,3512,3447,0.01850797266514803,3070,3015,0.01791530944625408,3729,3660,0.018503620273531807,3489,3428,0.01748351963313266,3394,3336,0.01708898055391872,3426,3366,0.017513134851138368,3219,3164,0.017086051568810157,,46087,45247,0.018226397899624658,1
BT-HQ,103,4730,4626,0.02198731501057083,5445,5335,0.02020202020202022,5787,5677,0.019008121651978627,6525,6408,0.017931034482758568,5452,5342,0.0201760821716801,5195,5016,0.03445620789220405,4688,4157,0.11326791808873715,5196,4205,0.19072363356428024,5134,8105,0,4996,4880,0.023218574859887875,4941,4927,0.002833434527423573,4745,4750,0,,62834,63428,0,1
BT-HQ,104,0,9198,0,0,10176,0,0,11236,0,0,13100,0,0,11570,0,0,10813,0,0,9680,0,0,10642,0,0,7600,0,0,5703,0,0,6152,0,0,5425,0,,0,111295,0,1
BT-HQ,105,7650,7740,0,8310,8460,0,9360,9510,0,10710,10890,0,10710,10860,0,10290,10470,0,9300,9450,0,9690,9810,0,9840,9990,0,9870,10050,0,10350,10530,0,9480,9630,0,,115560,117390,0,1
BT-HQ,106,12120,12196,0,12840,12874,0,14550,14626,0,16440,16471,0,16050,16075,0,14670,14714,0,12780,12788,0,13800,13897,0,13440,13471,0,13080,13116,0,13200,13281,0,13020,13060,0,,165990,166569,0,1
BT-HQ,107,31020,30960,0.0019342359767892114,34080,34025,0.0016138497652582462,37200,37080,0.003225806451612856,42180,41992,0.004457088667614961,37740,37557,0.004848966613672512,35820,35769,0.001423785594639848,33030,32972,0.001755979412655151,34050,33950,0.002936857562408246,34890,34789,0.0028948122671252907,31110,31066,0.001414336226293833,24600,24547,0.002154471544715486,23610,23611,0,,399330,398318,0.0025342448601407552,1
BT-HQ,108,0,0,,0,0,,29960,29950,0.00033377837116155273,0,0,,0,0,,0,0,,0,0,,0,0,,0,0,,0,0,,0,0,,69600,69570,0.0004310344827586077,,99560,99520,0.0004017677782242046,1
BT-HQ,109,0,0,,0,0,,0,0,,0,0,,0,0,,0,0,,0,0,,0,0,,0,0,,0,0,,0,0,,0,0,,,0,0,,0
BT-HQ,11,358,221,0.38268156424581,366,241,0.3415300546448088,364,224,0.3846153846153846,379,301,0.2058047493403694,364,326,0.10439560439560436,377,359,0.04774535809018565,364,360,0.01098901098901095,371,356,0.040431266846361225,391,382,0.023017902813299185,377,370,0.018567639257294433,384,345,0.1015625,380,276,0.27368421052631575,,4475,3761,0.1595530726256983,1
BT-HQ,110,0,0,,0,0,,0,0,,0,0,,0,0,,0,0,,0,0,,0,0,,0,0,,0,0,,0,0,,0,0,,,0,0,,0
BT-HQ,111,0,2160,0,0,2430,0,0,3000,0,0,4050,0,0,3690,0,0,4800,0,0,4800,0,0,4860,0,0,5280,0,0,4890,0,0,3570,0,0,3120,0,,0,46650,0,1
BT-HQ,112,0,5720,0,0,6083,0,0,6850,0,0,7856,0,0,7180,0,0,7595,0,0,6548,0,0,7031,0,0,6753,0,0,6775,0,0,6462,0,0,5846,0,,0,80699,0,1
BT-HQ,113,24560,24560,0,25480,25440,0.0015698587127158659,27520,27400,0.0043604651162790775,32800,32680,0.003658536585365857,29400,29320,0.0027210884353741083,28040,28000,0.0014265335235378318,24960,24960,0,26480,26440,0.0015105740181269312,25520,25529,0,27200,27221,0,26200,26218,0,23360,23390,0,,321520,321158,0.0011259019656630898,1
BT-HQ,114,0,11152,0,0,11693,0,0,13236,0,0,16098,0,0,13353,0,0,11952,0,0,9929,0,0,9881,0,0,8961,0,0,9671,0,0,9282,0,0,8160,0,,0,133368,0,1
BT-HQ,115,0,18489,0,0,19003,0,0,21189,0,0,24627,0,0,21780,0,0,6017,0,0,0,,0,0,,0,0,,0,0,,0,0,,0,0,,,0,111105,0,0
BT-HQ,116,978651,977980,0.0006856376788048069,1073398,1072669,0.000679151628752761,1235091,1234301,0.000639628982803675,1469690,1468790,0.0006123740380624687,1269930,1269111,0.0006449174363941657,1120371,1119539,0.0007426111529127422,948349,947680,0.0007054365006975427,1043299,1042518,0.0007485869343304419,1002630,1001943,0.0006851979294455468,1019021,1018358,0.0006506244719196586,1036010,1035322,0.0006640862539937231,956470,955849,0.0006492623919203133,,13152910,13144060,0.0006728549043519827,1
BT-HQ,117,934,922,0.012847965738758016,1128,1114,0.012411347517730542,1594,1578,0.010037641154328703,2544,2530,0.005503144654088077,2954,2930,0.008124576844956044,3142,3109,0.010502864417568425,2982,2954,0.009389671361502372,2695,2664,0.011502782931354316,2137,2109,0.013102480112306969,2093,2069,0.011466794075489672,2252,2225,0.011989342806394299,1803,1778,0.01386577925679422,,26258,25982,0.010511082336811639,1
BT-HQ,118,0,0,,0,0,,0,0,,0,0,,0,0,,0,0,,0,0,,0,0,,0,0,,0,0,,0,0,,0,0,,,0,0,,0
BT-HQ,119,0,2472,0,0,2880,0,0,3081,0,0,2997,0,0,3091,0,0,3428,0,0,3376,0,0,4398,0,0,4340,0,0,5326,0,0,2899,0,0,2359,0,,0,40647,0,1
BT-HQ,12,0,0,,0,0,,0,0,,0,0,,0,0,,0,0,,0,0,,0,0,,0,0,,0,0,,0,0,,0,0,,,0,0,,0
BT-HQ,120,0,8124,0,0,19840,0,0,16237,0,0,9326,0,0,16407,0,0,5956,0,0,2692,0,0,3075,0,0,669,0,0,483,0,0,684,0,0,698,0,,0,84191,0,1
BT-HQ,121,4639,4719,0,5114,5200,0,6096,6193,0,7833,7939,0,6927,7029,0,5648,5741,0,5228,5320,0,5548,5641,0,3489,3568,0,3519,3605,0,3378,3462,0,2984,3057,0,,60403,61474,0,1
BT-HQ,122,2709,2706,0.001107419712070845,3659,3662,0,3568,3570,0,4068,4072,0,3390,3389,0.0002949852507374562,3184,3179,0.001570351758793942,2811,2807,0.0014229811454997687,2881,2879,0.0006942034015966492,2964,2962,0.0006747638326585204,2820,2820,0,2691,2690,0.0003716090672611916,2529,2529,0,,37274,37265,0.00024145516982343462,1
BT-HQ,123,0,0,,0,0,,0,0,,0,0,,0,0,,0,0,,0,0,,0,0,,0,0,,0,0,,0,0,,0,0,,,0,0,,0
BT-HQ,124,0,0,,0,0,,0,0,,0,0,,0,0,,0,0,,0,0,,0,0,,0,0,,0,0,,0,0,,0,0,,,0,0,,0
BT-HQ,125,2891,2897,0,3012,3019,0,3454,3462,0,3922,3925,0,3674,3676,0,3591,3598,0,3024,3032,0,3156,3166,0,3234,3247,0,3264,3275,0,3281,3294,0,3146,3160,0,,39649,39751,0,1
BT-HQ,126,4540,4474,0.014537444933920729,6020,5935,0.014119601328903664,5360,5316,0.008208955223880543,6380,6321,0.00924764890282137,5480,5401,0.014416058394160602,4900,4837,0.0128571428571429,4120,4073,0.011407766990291224,4480,4408,0.016071428571428625,4680,4608,0.01538461538461533,4920,4867,0.010772357723577208,4900,4817,0.016938775510204063,4340,4278,0.014285714285714235,,60120,59335,0.013057218895542233,1
BT-HQ,127,0,1470,0,0,1778,0,0,1798,0,0,2369,0,0,2296,0,0,2126,0,0,1799,0,0,1937,0,0,1849,0,0,2119,0,0,1999,0,0,1751,0,,0,23291,0,1
BT-HQ,128,4594,4651,0,5415,5478,0,6088,6160,0,7328,7424,0,6687,6765,0,5783,5841,0,5114,5165,0,5429,5483,0,5285,5335,0,5718,5779,0,5158,5223,0,4779,4824,0,,67378,68128,0,1
BT-HQ,129,11760,11658,0.00867346938775515,14000,13925,0.005357142857142838,14420,14292,0.008876560332870986,15820,15688,0.008343868520859665,14780,14648,0.008930987821380243,15200,15074,0.008289473684210513,13020,12909,0.008525345622119818,13920,13809,0.00797413793103452,13980,13877,0.007367668097281843,14320,14211,0.007611731843575442,14320,14215,0.007332402234636826,12780,12724,0.004381846635367781,,168320,167030,0.007663973384030465,1
BT-HQ,13,8987,8987,0,11271,11269,0.00017744654422857664,12626,12625,7.920164739427804e-05,9340,9338,0.00021413276231263545,11404,11402,0.00017537706068049275,12266,12263,0.00024457850970160955,10107,10106,9.894132779264542e-05,9262,9260,0.00021593608291947675,9804,9802,0.000203998368013103,6828,6828,0,9466,9465,0.00010564124234102579,8257,8257,0,,119618,119602,0.00013375913324076283,1
BT-HQ,130,1745,1755,0,2066,2080,0,2187,2202,0,2508,2525,0,2083,2098,0,1778,1790,0,1503,1513,0,1575,1584,0,1529,1536,0,1575,1580,0,1575,1579,0,1518,1522,0,,21642,21764,0,1
BT-HQ,131,4172,4362,0,4641,4859,0,5456,5726,0,6153,6462,0,5113,5353,0,4101,4276,0,3775,3934,0,4205,4386,0,4181,4361,0,4309,4494,0,4477,4661,0,4338,4523,0,,54921,57397,0,1
BT-HQ,132,11019,10997,0.0019965514111988103,12111,12085,0.0021468086863182245,14080,14046,0.0024147727272727515,16091,16051,0.0024858616617985385,15605,15568,0.0023710349247035856,17418,17375,0.0024687105293375033,16745,16698,0.00280680800238875,16796,16749,0.0027982853060252166,14241,14200,0.0028790113053858146,13541,13501,0.0029539915811239714,13148,13105,0.003270459385457891,11557,11517,0.003461105823310495,,172352,171892,0.0026689565540289895,1
BT-HQ,133,3320,3316,0.001204819277108471,3640,3656,0,4120,4117,0.0007281553398058582,4760,4802,0,4040,4050,0,3840,3838,0.0005208333333333037,3340,3380,0,3680,3689,0,3720,3754,0,3980,3966,0.0035175879396984744,3660,3702,0,3200,3211,0,,45300,45481,0,1
BT-HQ,134,0,2589,0,0,2962,0,0,2900,0,0,3526,0,0,3425,0,0,3048,0,0,2772,0,0,2892,0,0,2824,0,0,2923,0,0,2970,0,0,2618,0,,0,35449,0,1
BT-HQ,135,11640,11584,0.004810996563573866,13920,13787,0.009554597701149414,14480,14390,0.006215469613259694,16280,16227,0.0032555282555282172,14980,14921,0.003938584779706322,13960,13948,0.0008595988538682153,12300,12292,0.0006504065040650042,13000,12925,0.005769230769230749,11740,11679,0.005195911413969356,11680,11587,0.007962328767123328,11160,11114,0.004121863799283143,10240,10142,0.009570312499999956,,155380,154596,0.005045694426567104,1
BT-HQ,136,2544,2590,0,2824,2875,0,3032,3091,0,3536,3601,0,3175,3236,0,3076,3134,0,2591,2642,0,2710,2766,0,2767,2822,0,2859,2915,0,2839,2894,0,2592,2624,0,,34545,35190,0,1
BT-HQ,137,2680,2682,0,3153,3157,0,3487,3495,0,4294,4308,0,3330,3341,0,3222,3229,0,2660,2665,0,2865,2872,0,3112,3118,0,2830,2835,0,2720,2721,0,2850,2852,0,,37203,37275,0,1
BT-HQ,138,15440,15233,0.013406735751295362,16580,16402,0.010735826296743078,18240,18013,0.012445175438596467,21640,21351,0.013354898336414012,19480,19246,0.012012320328542048,18640,18512,0.006866952789699621,16660,16538,0.007322929171668657,17320,17196,0.007159353348729747,16720,16496,0.013397129186602852,17060,16894,0.009730363423212207,16580,16405,0.010554885404101322,14760,14609,0.010230352303522983,,209120,206895,0.010639824024483602,1
BT-HQ,139,1774,1798,0,1970,1996,0,2186,2212,0,2604,2632,0,3038,3069,0,2822,2853,0,2436,2468,0,2791,2823,0,2869,2902,0,2934,2968,0,2746,2778,0,2366,2397,0,,30536,30896,0,1
BT-HQ,14,35451,36624,0,46679,47980,0,43624,44898,0,23314,24341,0,18097,19047,0,21409,22402,0,19707,20683,0,26715,27768,0,45468,46757,0,58037,59456,0,45926,36163,0.21258110874014724,50363,45609,0.0943946945178008,,434790,431728,0.007042480277835272,1
BT-HQ,140,0,4611,0,0,5069,0,0,5571,0,0,6309,0,0,5886,0,0,5407,0,0,4695,0,0,5148,0,0,5243,0,0,5015,0,0,4958,0,0,4766,0,,0,62678,0,1
BT-HQ,141,3205,3199,0.0018720748829953449,3515,3505,0.002844950213371278,3926,3909,0.004330106979113624,5055,5022,0.006528189910979254,4267,4242,0.005858917272088093,3653,3642,0.0030112236517930713,3366,3361,0.0014854426619133054,3550,3541,0.002535211267605586,3445,3443,0.0005805515239477588,3635,3628,0.0019257221458046647,3522,3517,0.0014196479273139717,3283,3276,0.002132196162046962,,44422,44285,0.0030840574490117456,1
BT-HQ,142,4387,4380,0.001595623432869897,4827,4815,0.0024860161591050423,5228,5212,0.003060443764345777,5876,5849,0.004594962559564375,5188,5166,0.004240555127216661,4832,4823,0.0018625827814569007,4456,4449,0.0015709156193896012,4557,4549,0.0017555409260477939,4468,4468,0,4467,4463,0.000895455563017733,4447,4442,0.0011243534967393387,4479,4469,0.0022326412145567964,,57212,57085,0.002219814025029687,1
BT-HQ,143,7848,7816,0.004077471967380175,8863,8810,0.005979916506826166,9927,9853,0.0074544172458950175,12159,12017,0.011678591989472853,10607,10499,0.010181955312529412,9198,9165,0.0035877364644487653,7361,7350,0.0014943621790517447,7897,7881,0.0020260858553881045,7890,7882,0.0010139416983523386,8316,8299,0.0020442520442520706,8282,8266,0.0019319005071238848,7390,7381,0.0012178619756427755,,105738,105219,0.004908358395278922,1
BT-HQ,144,0,2991,0,0,3305,0,0,3785,0,0,4577,0,0,3963,0,0,3702,0,0,3248,0,0,3436,0,0,3186,0,0,3319,0,0,3240,0,0,2821,0,,0,41573,0,1
BT-HQ,145,0,561,0,0,500,0,0,704,0,0,752,0,0,622,0,0,627,0,0,707,0,0,887,0,0,838,0,0,789,0,0,758,0,0,576,0,,0,8321,0,1
BT-HQ,146,1859,1928,0,1992,2067,0,2295,2378,0,3065,3180,0,2525,2618,0,2627,2720,0,2419,2503,0,2669,2760,0,2598,2688,0,2709,2799,0,2532,2614,0,2172,2242,0,,29462,30497,0,1
BT-HQ,147,760,757,0.003947368421052588,913,913,0,1124,1129,0,1389,1394,0,1314,1328,0,1182,1188,0,1012,1017,0,1173,1179,0,1195,1200,0,1234,1242,0,1243,1248,0,1108,1110,0,,13647,13705,0,1
BT-HQ,148,833,855,0,850,874,0,921,950,0,1066,1097,0,1024,1053,0,971,998,0,871,893,0,991,1016,0,947,980,0,829,852,0,811,834,0,917,901,0.017448200654307522,,11031,11303,0,1
BT-HQ,15,0,0,,0,0,,0,0,,0,0,,0,0,,0,0,,0,0,,0,0,,0,0,,0,0,,0,0,,0,0,,,0,0,,0
BT-HQ,151,1320,1303,0.012878787878787934,1320,1303,0.012878787878787934,1520,1489,0.020394736842105243,1680,1668,0.0071428571428571175,1300,1293,0.005384615384615432,1380,1347,0.023913043478260843,1260,1259,0.0007936507936507908,1360,1342,0.013235294117647012,1280,1248,0.025000000000000022,1240,1219,0.01693548387096777,1260,1246,0.011111111111111072,1160,1154,0.005172413793103403,,16080,15871,0.012997512437810999,1
BT-HQ,152,0,2411,0,0,1945,0,0,2038,0,0,2277,0,0,1995,0,0,2004,0,0,1561,0,0,1741,0,0,1814,0,0,1846,0,0,2367,0,0,2285,0,,0,24284,0,1
BT-HQ,155,2289,2286,0.001310615989515096,2926,2916,0.0034176349965823194,3183,3169,0.0043983663210807045,3635,3615,0.005502063273727598,3261,3242,0.0058264336093223346,2914,2902,0.0041180507892930596,2497,2494,0.0012014417300760805,2467,2468,0,2468,2473,0,2612,2616,0,2674,2675,0,3063,3055,0.0026118184786156906,,33989,33911,0.002294860101797691,1
BT-HQ,16,0,0,,0,0,,0,0,,0,0,,0,0,,0,0,,0,0,,0,0,,0,0,,0,0,,0,0,,0,0,,,0,0,,0
BT-HQ,164,0,2837,0,0,3134,0,0,3441,0,0,3785,0,0,3705,0,0,3469,0,0,3170,0,0,3322,0,0,3313,0,0,3184,0,0,3359,0,0,3035,0,,0,39754,0,1
BT-HQ,165,2053,2099,0,1717,1754,0,2028,2074,0,2403,2456,0,2001,2047,0,1993,2039,0,2134,2178,0,2798,2850,0,1834,1872,0,1687,1722,0,1916,1957,0,1632,1669,0,,24196,24717,0,1
BT-HQ,168,0,2593,0,0,2596,0,0,3178,0,0,3736,0,0,3380,0,0,3037,0,0,2380,0,0,2519,0,0,2446,0,0,2355,0,0,2481,0,0,2544,0,,0,33245,0,1
BT-HQ,169,1680,1681,0,1990,1988,0.0010050251256281673,1950,1955,0,2328,2330,0,2107,2108,0,1766,1768,0,1527,1539,0,1649,1641,0.004851425106124907,1682,1685,0,1795,1800,0,1678,1681,0,1456,1455,0.0006868131868131844,,21608,21631,0,1
BT-HQ,17,2407,2409,0,1089,1090,0,0,0,,0,0,,0,0,,0,0,,0,0,,0,0,,0,0,,0,0,,0,0,,0,0,,,3496,3499,0,1
BT-HQ,170,0,817,0,0,574,0,0,596,0,0,761,0,0,665,0,0,726,0,0,644,0,0,639,0,0,598,0,0,576,0,0,617,0,0,632,0,,0,7845,0,1
BT-HQ,18,2959,2960,0,10903,10906,0,49535,49554,0,20367,20374,0,23326,23334,0,4306,4308,0,2485,2484,0.0004024144869215762,2431,2431,0,2485,2486,0,2483,2483,0,3039,3040,0,113731,113753,0,,238050,238113,0,1
BT-HQ,182,0,0,,0,0,,0,0,,0,0,,0,0,,0,0,,0,0,,0,0,,0,0,,0,0,,0,0,,0,0,,,0,0,,0
BT-HQ,183,6958,7049,0,7442,7535,0,8187,8289,0,9889,10001,0,8780,8890,0,2396,2426,0,0,0,,0,0,,0,0,,0,0,,0,0,,0,0,,,43652,44190,0,0
BT-HQ,184,0,1100,0,0,1303,0,0,1456,0,0,1703,0,0,1402,0,0,1194,0,0,1056,0,0,1090,0,0,1137,0,0,1191,0,0,1170,0,0,1078,0,,0,14880,0,1
BT-HQ,185,0,0,,0,0,,0,0,,0,0,,0,0,,0,0,,0,0,,0,0,,0,0,,0,0,,0,0,,0,0,,,0,0,,0
BT-HQ,186,0,2627,0,0,2809,0,0,3138,0,0,3366,0,0,3189,0,0,2760,0,0,2411,0,0,2742,0,0,2672,0,0,2522,0,0,2786,0,0,2648,0,,0,33670,0,1
BT-HQ,187,0,2740,0,0,2900,0,0,3620,0,0,3940,0,0,3600,0,0,3340,0,0,3100,0,0,3260,0,0,3250,0,0,3012,0,0,2971,0,0,2679,0,,0,38412,0,1
BT-HQ,188,0,977,0,0,1085,0,0,1225,0,0,1479,0,0,1246,0,0,1456,0,0,1072,0,0,1159,0,0,1095,0,0,1068,0,0,1176,0,0,1116,0,,0,14154,0,1
BT-HQ,189,0,4869,0,0,6360,0,0,8212,0,0,6894,0,0,4634,0,0,1499,0,0,6124,0,0,5320,0,0,1937,0,0,517,0,0,2601,0,0,1821,0,,0,50788,0,1
BT-HQ,19,1370,1370,0,1340,1340,0,1380,1380,0,1470,1470,0,1460,1460,0,1460,1460,0,1430,1420,0.006993006993006978,1490,1490,0,1470,1480,0,1350,1350,0,1360,1350,0.007352941176470562,1310,1320,0,,16890,16890,0,1
BT-HQ,190,2643,2637,0.002270147559591429,2760,2752,0.0028985507246376274,3034,3026,0.002636783124588038,3758,3747,0.0029270888770622783,3316,3309,0.0021109770808203088,3012,3003,0.0029880478087649376,2694,2686,0.0029695619896065173,2895,2886,0.0031088082901554737,2808,2805,0.0010683760683760646,2983,2975,0.002681863895407255,2859,2849,0.0034977264777894534,2388,2381,0.002931323283082099,,35150,35056,0.002674253200569021,1
BT-HQ,191,1499,1496,0.002001334222815232,1590,1585,0.0031446540880503138,1807,1802,0.0027670171555063128,2136,2131,0.002340823970037431,1650,1645,0.00303030303030305,1666,1661,0.0030012004801920344,1377,1381,0,1646,1632,0.008505467800729027,1620,1617,0.0018518518518518823,1631,1629,0.0012262415695891704,1599,1594,0.0031269543464665928,1324,1319,0.003776435045317217,,19545,19492,0.0027116909695574787,1
BT-HQ,192,1882,1871,0.0058448459086078985,2102,2093,0.004281636536631828,2352,2340,0.005102040816326481,2953,2938,0.005079580088046098,2542,2529,0.005114083398898517,2732,2717,0.005490483162518323,2572,2559,0.0050544323483669995,2787,2771,0.005740940078937884,2650,2637,0.004905660377358512,2693,2679,0.00519866320089124,2660,2646,0.0052631578947368585,2322,2310,0.0051679586563307955,,30247,30090,0.00519059741461958,1
BT-HQ,193,2199,2198,0.00045475216007273556,2482,2476,0.00241740531829171,2528,2523,0.001977848101265778,2928,2921,0.0023907103825137055,2727,2729,0,2769,2762,0.002527988443481455,2571,2564,0.002722676001555846,2564,2558,0.002340093603744098,2331,2324,0.0030030030030030463,2119,2112,0.003303445021236473,1776,1774,0.0011261261261261701,1791,1787,0.002233389168062483,,28785,28728,0.001980198019801982,1
BT-HQ,194,11331,11307,0.002118083134763027,11908,11877,0.0026032919046019565,13112,13080,0.0024405125076265577,16145,16115,0.0018581604211830305,13455,13423,0.002378298030471959,13999,13960,0.002785913279519936,12572,12533,0.0031021317212853727,13560,13521,0.0028761061946902533,12894,12856,0.0029471071816348227,13741,13703,0.002765446474055744,12593,12561,0.002541094258715182,10872,10845,0.002483443708609312,,156182,155781,0.00256751738356531,1
BT-HQ,195,0,693,0,0,875,0,0,872,0,0,1036,0,0,1033,0,0,953,0,0,795,0,0,935,0,0,942,0,0,1036,0,0,971,0,0,805,0,,0,10946,0,1
BT-HQ,196,0,3110,0,0,3525,0,0,4051,0,0,4317,0,0,3693,0,0,3465,0,0,2952,0,0,3361,0,0,3286,0,0,3173,0,0,3079,0,0,2758,0,,0,40770,0,1
BT-HQ,197,0,5005,0,0,4829,0,0,5047,0,0,5708,0,0,5021,0,0,5122,0,0,4674,0,0,4759,0,0,4937,0,0,5038,0,0,4862,0,0,4666,0,,0,59668,0,1
BT-HQ,198,0,2310,0,0,2406,0,0,2628,0,0,3000,0,0,2683,0,0,2704,0,0,2462,0,0,2819,0,0,2459,0,0,2571,0,0,3007,0,0,2293,0,,0,31342,0,1
BT-HQ,199,0,8940,0,0,8700,0,0,9220,0,0,10400,0,0,8620,0,0,8880,0,0,7520,0,0,8160,0,0,8120,0,0,7940,0,0,8160,0,0,8420,0,,0,103080,0,1
BT-HQ,2,0,0,,0,0,,0,0,,0,0,,0,0,,0,0,,0,0,,0,0,,0,0,,0,0,,0,0,,0,0,,,0,0,,0
BT-HQ,20,123909,123919,0,127881,127892,0,153294,153311,0,222058,222064,0,179205,179234,0,154950,154968,0,121214,121230,0,119921,119935,0,111175,111188,0,109914,109930,0,106691,106700,0,91754,91762,0,,1621966,1622133,0,1
BT-HQ,200,26010,25984,0.0009996155324875078,79288,79263,0.0003153062254060979,79114,79095,0.00024015976944657957,11178,11169,0.0008051529790660261,6566,6567,0,6988,6982,0.0008586147681740597,2874,2878,0,5456,5444,0.0021994134897360684,22441,22421,0.0008912258811996088,84760,84727,0.00038933459178858154,94281,74193,0.21306519871448115,85670,79365,0.07359635811836118,,504626,478088,0.05258944247819175,1
BT-HQ,201,0,0,,0,0,,0,0,,0,0,,0,0,,0,0,,0,0,,0,0,,0,0,,0,0,,0,0,,0,0,,,0,0,,0
BT-HQ,202,0,4393,0,0,4557,0,0,5120,0,0,6778,0,0,6496,0,0,5771,0,0,4839,0,0,5524,0,0,5450,0,0,5351,0,0,5272,0,0,5083,0,,0,64634,0,1
BT-HQ,203,0,4044,0,0,3946,0,0,4313,0,0,5217,0,0,4663,0,0,4133,0,0,3706,0,0,4254,0,0,3994,0,0,3902,0,0,4119,0,0,3724,0,,0,50015,0,1
BT-HQ,204,0,4424,0,0,4551,0,0,5297,0,0,6020,0,0,5324,0,0,4766,0,0,4164,0,0,4838,0,0,4331,0,0,4250,0,0,4233,0,0,4545,0,,0,56743,0,1
BT-HQ,205,0,4996,0,0,5332,0,0,5341,0,0,6765,0,0,5428,0,0,4649,0,0,4169,0,0,4916,0,0,4734,0,0,5163,0,0,4594,0,0,4478,0,,0,60565,0,1
BT-HQ,206,0,2414,0,0,2618,0,0,2823,0,0,3099,0,0,2749,0,0,2388,0,0,2115,0,0,2462,0,0,2161,0,0,2240,0,0,2206,0,0,2332,0,,0,29607,0,1
BT-HQ,207,0,4849,0,0,5331,0,0,6212,0,0,7614,0,0,6651,0,0,6557,0,0,4885,0,0,5524,0,0,5736,0,0,6025,0,0,5665,0,0,5259,0,,0,70308,0,1
BT-HQ,208,4334,4334,0,4423,4421,0.00045218177707440077,4398,4398,0,8178,8176,0.00024455857177796414,5678,5678,0,5469,5440,0.005302614737611955,4925,4953,0,3788,3787,0.000263991552270304,5796,5795,0.0001725327812284183,5748,5748,0,3776,3767,0.002383474576271194,6779,6786,0,,63292,63283,0.0001421980661062694,1
BT-HQ,209,0,0,,0,0,,0,0,,0,0,,0,0,,0,0,,0,0,,0,0,,0,0,,0,0,,0,0,,0,0,,,0,0,,0
BT-HQ,020A,50802,50787,0.0002952639659855594,50334,50320,0.0002781420113641131,52268,52254,0.0002678503099410312,46799,46790,0.00019231180153422844,33849,33842,0.0002068007917516157,30971,30965,0.00019372961802976985,32625,32618,0.0002145593869732343,34808,34800,0.0002298322224776328,36467,36459,0.00021937642251901313,34121,34112,0.0002637671815011178,35804,35794,0.00027929840241314174,34268,34258,0.0002918174390101891,,473116,472999,0.0002472966460657089,1
BT-HQ,21,64156,64149,0.00010910904669869659,73368,73358,0.000136299204012702,76715,76705,0.00013035260379323788,86102,86089,0.0001509837169868522,83330,83317,0.00015600624024958432,84528,84515,0.00015379519212566084,70599,70589,0.00014164506579417147,74802,74790,0.00016042351808776,74493,74482,0.00014766488126405353,72840,72831,0.0001235584843493065,72108,72098,0.00013868086758750398,64066,64057,0.00014048012986611624,,897107,896980,0.00014156616769234187,1
BT-HQ,210,3989,3901,0.02206066683379293,10721,10806,0,213236,213258,0,1,0,1,32203,32207,0,81578,81588,0,0,0,,17984,17986,0,30729,30744,0,111379,111351,0.00025139388933281825,76365,49681,0.3494270935638054,42640,34627,0.187922138836773,,620825,586149,0.05585470945918736,1
BT-HQ,211,6860,6852,0.0011661807580174433,90160,90094,0.0007320319432120304,106471,106373,0.0009204384292436085,85674,85568,0.0012372481733081697,86216,86169,0.0005451424329591115,40581,40587,0,15853,15911,0,27563,27601,0,77036,77032,5.192377589702257e-05,127045,126985,0.0004722736038411668,129344,90086,0.3035162048490846,104895,95628,0.08834548834548839,,897698,848886,0.05437463378552698,1
BT-HQ,212,223670,223800,0,226230,226370,0,306510,306630,0,315670,315850,0,415459,415640,0,277400,277539,0,833671,834411,0,1035729,1036629,0,316651,316750,0,831490,831090,0.00048106411381976244,1123240,1122750,0.00043623802571135517,1137670,1137190,0.0004219149665544153,,7043390,7044649,0,1
BT-HQ,213,1144340,1144420,0,1185060,1185170,0,1166210,1166330,0,1233690,1233830,0,1203460,1203530,0,1119450,1119650,0,1006840,1006930,0,1047580,1047660,0,1361610,1361700,0,1349500,1349590,0,1198660,1198750,0,1149490,1149520,0,,14165890,14167080,0,1
BT-HQ,214,166448,166548,0,192859,192975,0,202626,202727,0,89458,89515,0,102045,102109,0,101561,101631,0,103718,103783,0,65199,65248,0,238766,238905,0,288292,288447,0,296795,214888,0.27597163024983573,191983,174067,0.09332076277587076,,2039750,1940843,0.04848976590268417,1
BT-HQ,215,943000,943180,0,972150,972300,0,1030490,1030650,0,1051210,1051390,0,928260,928420,0,932020,932190,0,832970,833120,0,960830,961000,0,1112930,1113150,0,985600,985750,0,1047260,1047440,0,1005780,1005930,0,,11802500,11804520,0,1
BT-HQ,216,413611,413511,0.00024177306696393508,457130,457009,0.0002646949445452851,483120,483000,0.00024838549428718437,569200,569040,0.00028109627547434624,497760,497631,0.0002591610414657275,463910,463819,0.00019615873768619174,410010,409910,0.00024389649032952043,444170,444090,0.00018011121867755886,425520,425440,0.00018800526414741725,438259,438181,0.00017797694970322908,433430,433380,0.0001153588814802875,392531,392450,0.00020635312879746515,,5428651,5427461,0.0002192073131980221,1
BT-HQ,217,124772,124823,0,137586,137658,0,160371,160465,0,215838,215976,0,170217,170334,0,154696,154771,0,129998,130060,0,140704,140782,0,139191,139258,0,143912,143980,0,140246,140323,0,118642,118684,0,,1776173,1777114,0,1
BT-HQ,218,0,6607,0,0,7001,0,0,8181,0,0,9078,0,0,8296,0,0,7238,0,0,6664,0,0,7599,0,0,7153,0,0,7484,0,0,7098,0,0,7205,0,,0,89604,0,1
BT-HQ,219,0,10999,0,0,10534,0,0,11014,0,0,15002,0,0,12887,0,0,11959,0,0,8654,0,0,12172,0,0,12942,0,0,13094,0,0,14290,0,0,14938,0,,0,148485,0,1
BT-HQ,22,10865,10868,0,15081,15085,0,15409,15413,0,19587,19592,0,13524,13527,0,15161,15166,0,11094,11098,0,11613,11617,0,9661,9662,0,13741,13745,0,12108,12112,0,14962,14966,0,,162806,162851,0,1
BT-HQ,220,0,11675,0,0,13785,0,0,13035,0,0,17734,0,0,19010,0,0,13389,0,0,11083,0,0,13075,0,0,11545,0,0,11135,0,0,11800,0,0,16317,0,,0,163583,0,1
BT-HQ,221,0,5675,0,0,6465,0,0,7298,0,0,9299,0,0,7736,0,0,6686,0,0,5728,0,0,6593,0,0,6024,0,0,6535,0,0,6030,0,0,6060,0,,0,80129,0,1
BT-HQ,222,0,5540,0,0,6229,0,0,7478,0,0,9600,0,0,8197,0,0,7389,0,0,5771,0,0,6717,0,0,6443,0,0,6655,0,0,6328,0,0,6212,0,,0,82559,0,1
BT-HQ,223,0,1705,0,0,1784,0,0,1862,0,0,2372,0,0,1971,0,0,1945,0,0,1658,0,0,1885,0,0,1995,0,0,2146,0,0,1880,0,0,1780,0,,0,22983,0,1
BT-HQ,224,0,2570,0,0,2773,0,0,3212,0,0,4569,0,0,3492,0,0,3133,0,0,2357,0,0,2478,0,0,2720,0,0,3054,0,0,3017,0,0,2497,0,,0,35872,0,1
BT-HQ,225,0,5599,0,0,6358,0,0,6747,0,0,7965,0,0,7473,0,0,6713,0,0,6161,0,0,6784,0,0,6400,0,0,6903,0,0,6147,0,0,5986,0,,0,79236,0,1
BT-HQ,226,0,4274,0,0,4459,0,0,4607,0,0,5610,0,0,4972,0,0,4217,0,0,3716,0,0,4071,0,0,3906,0,0,4298,0,0,4154,0,0,3831,0,,0,52115,0,1
BT-HQ,227,0,25208,0,0,27838,0,0,31076,0,0,36925,0,0,35436,0,0,32267,0,0,28766,0,0,32100,0,0,31285,0,0,32718,0,0,32664,0,0,29432,0,,0,375715,0,1
BT-HQ,228,0,2901,0,0,3254,0,0,3790,0,0,4349,0,0,3958,0,0,3080,0,0,2916,0,0,3265,0,0,3315,0,0,3437,0,0,3387,0,0,2841,0,,0,40493,0,1
BT-HQ,229,0,7950,0,0,8934,0,0,9960,0,0,11205,0,0,9929,0,0,8429,0,0,7385,0,0,8492,0,0,8386,0,0,9143,0,0,8766,0,0,7784,0,,0,106363,0,1
BT-HQ,022A,5691,5683,0.0014057283429976808,5684,5674,0.0017593244194229474,7163,7152,0.0015356694122574677,3758,3753,0.0013304949441191871,7818,7805,0.0016628293681247852,7538,7528,0.0013266118333775667,6824,6813,0.0016119577960140852,3566,3560,0.0016825574873807758,6747,6737,0.0014821402104638892,6093,6084,0.001477104874446078,7061,7051,0.0014162299957513058,6936,6927,0.001297577854671328,,74879,74767,0.0014957464709731694,1
BT-HQ,022B,44528,39698,0.10847107438016534,49974,49979,0,57831,57832,0,66413,66408,7.528646499932456e-05,62690,62688,3.190301483491087e-05,60744,60742,3.2925062557587204e-05,49905,49908,0,52748,52751,0,52695,52699,0,48948,48953,0,50628,50634,0,39131,50634,0,,636235,642926,0,1
BT-HQ,022C,25587,23145,0.09543909016297336,28182,28762,0,32060,32618,0,35348,35906,0,35491,36053,0,33790,34368,0,29081,29647,0,31763,32362,0,31059,31666,0,29672,30257,0,31661,32308,0,25686,32308,0,,369380,379400,0,1
BT-HQ,23,0,0,,0,0,,0,0,,0,0,,0,0,,0,0,,0,0,,0,0,,0,0,,0,0,,0,0,,0,0,,,0,0,,0
BT-HQ,230,0,2867,0,0,2954,0,0,3235,0,0,3594,0,0,3418,0,0,2869,0,0,2388,0,0,2897,0,0,2930,0,0,3083,0,0,3056,0,0,2767,0,,0,36058,0,1
BT-HQ,231,0,10746,0,0,11604,0,0,12607,0,0,14666,0,0,12374,0,0,10792,0,0,9302,0,0,10551,0,0,10021,0,0,10416,0,0,11034,0,0,9766,0,,0,133879,0,1
BT-HQ,232,0,8152,0,0,8734,0,0,9433,0,0,11739,0,0,9889,0,0,9444,0,0,8881,0,0,9978,0,0,9922,0,0,10928,0,0,11269,0,0,9634,0,,0,118003,0,1
BT-HQ,233,0,5763,0,0,6689,0,0,4579,0,0,5303,0,0,4009,0,0,2835,0,0,2335,0,0,2834,0,0,2779,0,0,2853,0,0,2758,0,0,3583,0,,0,46320,0,1
BT-HQ,234,0,2742,0,0,3067,0,0,2780,0,0,3204,0,0,2712,0,0,1933,0,0,1656,0,0,2038,0,0,2057,0,0,2048,0,0,2004,0,0,1986,0,,0,28227,0,1
BT-HQ,235,0,5948,0,0,6669,0,0,6849,0,0,7981,0,0,6454,0,0,5096,0,0,4565,0,0,5124,0,0,5085,0,0,5520,0,0,5631,0,0,5648,0,,0,70570,0,1
BT-HQ,236,0,8260,0,0,9800,0,0,10300,0,0,11820,0,0,10080,0,0,8460,0,0,7460,0,0,8580,0,0,8860,0,0,9440,0,0,8540,0,0,7000,0,,0,108600,0,1
BT-HQ,237,0,4024,0,0,4765,0,0,4812,0,0,5914,0,0,5295,0,0,4414,0,0,3608,0,0,4474,0,0,4216,0,0,4624,0,0,4570,0,0,4465,0,,0,55181,0,1
BT-HQ,238,0,8698,0,0,9544,0,0,10265,0,0,12113,0,0,10415,0,0,8918,0,0,7783,0,0,9146,0,0,8924,0,0,9607,0,0,9858,0,0,9630,0,,0,114901,0,1
BT-HQ,239,0,1048,0,0,1500,0,0,1435,0,0,1994,0,0,1546,0,0,1269,0,0,1174,0,0,1349,0,0,1424,0,0,1430,0,0,1431,0,0,1356,0,,0,16956,0,1
BT-HQ,023A,15322,15320,0.00013053126223727674,58038,58025,0.00022399117819360548,94201,94184,0.00018046517552894326,135410,135377,0.0002437043054427379,121480,121451,0.00023872242344413763,108699,108673,0.0002391926328668692,84326,84308,0.00021345729668187374,86176,86158,0.00020887486075005235,86000,85982,0.00020930232558136197,78050,78037,0.00016655989750158362,73936,73921,0.00020287816489938937,59644,59634,0.00016766145798408072,,1001282,1001070,0.00021172856398099515,1
BT-HQ,023B,0,0,,0,0,,0,0,,0,0,,0,0,,0,0,,0,0,,0,0,,4865,5561,0,1413,2025,0,4361,5003,0,4271,4912,0,,14910,17501,0,1
BT-HQ,24,34464,34476,0,38964,38980,0,38582,38599,0,48251,48273,0,38942,38961,0,29841,29856,0,31352,31365,0,33372,33389,0,28930,28944,0,29302,29315,0,49967,49989,0,32582,32596,0,,434549,434743,0,1
BT-HQ,240,0,2179,0,0,2694,0,0,2797,0,0,4262,0,0,3151,0,0,2400,0,0,2068,0,0,2480,0,0,2359,0,0,2560,0,0,2668,0,0,2373,0,,0,31991,0,1
BT-HQ,241,0,1042,0,0,1083,0,0,1139,0,0,1656,0,0,1487,0,0,1180,0,0,1047,0,0,1225,0,0,1223,0,0,1320,0,0,1283,0,0,1154,0,,0,14839,0,1
BT-HQ,242,0,2037,0,0,2288,0,0,1504,0,0,1921,0,0,1524,0,0,1220,0,0,1222,0,0,1231,0,0,1122,0,0,1284,0,0,1517,0,0,1602,0,,0,18472,0,1
BT-HQ,243,6256,6250,0.0009590792838874984,6490,6486,0.0006163328197226203,7440,7441,0,9225,9247,0,8172,8201,0,7287,7310,0,5643,5657,0,6403,6422,0,6260,6276,0,6180,6196,0,6155,6173,0,5721,5735,0,,81232,81394,0,1
BT-HQ,244,1828,1814,0.007658643326039383,1456,1445,0.007554945054945028,1612,1600,0.007444168734491274,1918,1903,0.00782064650677794,1668,1655,0.007793764988009544,1294,1284,0.007727975270479082,1154,1145,0.0077989601386482255,1267,1258,0.007103393843725381,1131,1121,0.008841732979664063,1182,1170,0.010152284263959421,1317,1304,0.009870918754745661,1607,1591,0.00995644057249534,,17434,17290,0.008259722381553258,1
BT-HQ,245,6868,6818,0.007280139778683803,7734,7676,0.0074993535040083215,8040,7977,0.007835820895522372,9649,9586,0.0065291740076691696,7316,7262,0.0073810825587752316,6296,6247,0.007782719186785303,5815,5778,0.006362854686156494,6336,6292,0.00694444444444442,6413,6368,0.00701699672540157,6798,6751,0.006913798175934072,7095,7045,0.007047216349541974,6615,6567,0.007256235827664437,,84975,84367,0.007155045601647592,1
BT-HQ,246,4880,4949,0,4420,4496,0,4440,4516,0,5200,5271,0,4240,4273,0,4020,4074,0,3520,3570,0,3840,3878,0,3840,3903,0,4160,4214,0,4440,4501,0,4100,4143,0,,51100,51788,0,1
BT-HQ,247,4974,4959,0.003015681544028981,4581,4568,0.0028378083387906594,5095,5082,0.002551521099116827,5996,5985,0.001834556370913898,5005,4991,0.002797202797202747,4631,4617,0.0030231051608723414,3864,3850,0.0036231884057971175,4573,4559,0.0030614476273780333,4439,4424,0.0033791394458211332,4481,4466,0.0033474670832402964,4777,4761,0.0033493824576094067,4646,4631,0.0032285837279379948,,57062,56893,0.0029616907924713276,1
BT-HQ,248,6832,6781,0.007464871194379441,5593,5549,0.00786697657786517,6250,6201,0.007839999999999958,7834,7772,0.00791422006637732,6541,6489,0.007949854762268727,5989,5941,0.008014693604942447,5041,5000,0.008133306883554847,5877,5831,0.00782712268164032,5491,5447,0.008013112365689357,6676,6620,0.008388256440982622,8938,8864,0.008279257104497617,8349,8281,0.008144687986585186,,79411,78776,0.00799637329840952,1
BT-HQ,249,15780,15730,0.003168567807351086,16520,16442,0.0047215496368038234,18620,18508,0.006015037593984918,22060,21892,0.007615593834995438,18860,18762,0.0051961823966065745,17120,17009,0.00648364485981312,15340,15298,0.002737940026075636,17200,17130,0.0040697674418604946,17440,17345,0.00544724770642202,17660,17582,0.004416761041902584,17620,17534,0.0048808172531215055,15600,15535,0.004166666666666652,,209820,208767,0.005018587360594795,1
BT-HQ,024A,12914,10014,0.2245624903205823,12688,13483,0,7194,7962,0,1,736,0,1,719,0,7156,7860,0,8088,8765,0,9463,10148,0,6,721,0,0,745,0,0,773,0,0,773,0,,57511,62699,0,1
BT-HQ,024B,11901,11924,0,10967,10991,0,12101,12124,0,15525,15553,0,10938,10964,0,13049,13076,0,7259,7280,0,6616,6637,0,6511,6530,0,8210,8231,0,6984,7004,0,5754,5770,0,,115815,116084,0,1
BT-HQ,024C,9144,9165,0,9596,9615,0,11302,11327,0,11391,11206,0.01624089193222722,10980,11210,0,11743,11768,0,10195,10214,0,11186,11209,0,11322,11342,0,9583,9600,0,10439,10460,0,9497,9516,0,,126378,126632,0,1
BT-HQ,25,144832,144690,0.000980446310207661,165541,165351,0.0011477519164436734,191704,191472,0.0012101990568793575,226082,225774,0.0013623375589387754,196597,196313,0.0014445795205419998,178299,178053,0.0013797048777615117,145387,145207,0.001238074931046107,166955,166754,0.0012039172232038986,170249,170040,0.0012276136717396247,171279,171084,0.0011384933354351423,162626,162439,0.001149877633342733,150830,150672,0.00104753696214277,,2070381,2067849,0.001222963309651659,1
BT-HQ,250,4835,4833,0.0004136504653567963,4287,4281,0.0013995801259621965,4473,4470,0.0006706908115359234,5498,5495,0.000545652964714427,4118,4115,0.0007285089849441428,3632,3626,0.0016519823788546661,3208,3202,0.0018703241895261513,3718,3711,0.0018827326519633703,4088,4085,0.0007338551859099596,4318,4310,0.0018527095877720612,4117,4111,0.001457371872722879,3642,3632,0.0027457440966501823,,49934,49871,0.0012616653983258397,1
BT-HQ,251,4186,4190,0,3985,3988,0,4297,4309,0,4987,5002,0,4007,4010,0,3810,3806,0.0010498687664042272,3448,3441,0.0020301624129930307,3567,3561,0.001682085786375076,3682,3676,0.0016295491580662347,3510,3506,0.0011396011396010985,3683,3679,0.0010860711376594612,3735,3729,0.0016064257028112205,,46897,46897,0,1
BT-HQ,252,8669,8735,0,8990,9070,0,9238,9365,0,10039,10090,0,8807,8888,0,7935,8004,0,6799,6858,0,7630,7695,0,7758,7825,0,7513,7577,0,8830,8905,0,7333,7394,0,,99541,100406,0,1
BT-HQ,253,0,5544,0,0,5839,0,0,6245,0,0,7711,0,0,6785,0,0,6618,0,0,5947,0,0,6719,0,0,6493,0,0,6901,0,0,6665,0,0,5800,0,,0,77267,0,1
BT-HQ,254,3443,3417,0.007551553877432449,3477,3450,0.007765314926660882,3678,3652,0.007069059271343159,4540,4508,0.007048458149779724,3920,3892,0.0071428571428571175,4113,4085,0.006807682956479488,3701,3674,0.00729532558767898,3818,3789,0.007595599790466201,3814,3787,0.007079181961195613,4073,4044,0.0071200589246256385,4127,4098,0.007026896050399856,3644,3617,0.007409440175631166,,46348,46013,0.007227927850176896,1
BT-HQ,255,1635,1630,0.003058103975535187,1653,1646,0.00423472474289166,2051,2046,0.0024378352023403105,2602,2593,0.0034588777863182596,2028,2022,0.00295857988165682,1827,1819,0.004378762999452612,1574,1568,0.003811944091486663,1881,1872,0.004784688995215336,1707,1700,0.004100761570005829,1913,1905,0.004181913225300593,1932,1924,0.0041407867494823725,1640,1632,0.004878048780487809,,22443,22357,0.0038319297776590044,1
BT-HQ,256,917,912,0.005452562704471142,1002,1002,0,1115,1113,0.0017937219730941312,1379,1379,0,967,966,0.0010341261633919352,1044,1044,0,1024,1021,0.0029296875,1102,1101,0.0009074410163338875,1150,1148,0.0017391304347825765,1140,1138,0.0017543859649122862,1105,1099,0.005429864253393646,934,935,0,,12879,12858,0.0016305613789890927,1
BT-HQ,257,510,505,0.009803921568627416,521,517,0.007677543186180413,530,527,0.005660377358490565,769,767,0.002600780234070177,633,631,0.003159557661927326,523,519,0.007648183556405397,550,547,0.00545454545454549,632,627,0.007911392405063333,677,674,0.004431314623338234,766,770,0,728,712,0.02197802197802201,649,649,0,,7488,7445,0.005742521367521403,1
BT-HQ,258,0,6624,0,0,7107,0,0,6622,0,0,7605,0,0,6323,0,0,6102,0,0,5172,0,0,5670,0,0,5546,0,0,6171,0,0,6046,0,0,5623,0,,0,74611,0,1
BT-HQ,259,0,319,0,0,386,0,0,285,0,0,332,0,0,269,0,0,293,0,0,261,0,0,305,0,0,289,0,0,312,0,0,301,0,0,319,0,,0,3671,0,1
BT-HQ,26,20697,20696,4.8316181089025356e-05,20938,20938,0,21155,21154,4.727014890093528e-05,23707,23706,4.2181634116511546e-05,20282,20281,4.9304802287708505e-05,19499,19498,5.12846812656953e-05,16821,16819,0.00011889899530348469,8854,8854,0,0,0,,0,0,,0,0,,24493,25364,0,,176446,177310,0,1
BT-HQ,260,0,2724,0,0,2944,0,0,3457,0,0,3641,0,0,3016,0,0,2642,0,0,2315,0,0,2823,0,0,2841,0,0,2888,0,0,3068,0,0,2674,0,,0,35033,0,1
BT-HQ,261,10458,10531,0,10725,10790,0,12428,12499,0,14839,14911,0,12535,12597,0,11979,12041,0,10530,10588,0,11894,11957,0,11333,11390,0,12237,12292,0,11722,11780,0,10377,10428,0,,141057,141804,0,1
BT-HQ,262,2413,2396,0.0070451719850808114,2626,2606,0.007616146230007614,2865,2841,0.008376963350785305,3418,3381,0.010825043885313024,2766,2739,0.009761388286334105,2606,2583,0.00882578664620104,2254,2237,0.007542147293700063,2772,2745,0.009740259740259716,2510,2488,0.008764940239043839,2981,2954,0.009057363300905785,2809,2785,0.008543965824136746,2380,2356,0.010084033613445342,,32400,32111,0.00891975308641979,1
BT-HQ,263,3249,3279,0,3541,3575,0,3952,3987,0,4559,4595,0,3711,3742,0,3550,3585,0,3276,3305,0,3873,3908,0,3455,3492,0,3667,3706,0,3430,3466,0,3288,3320,0,,43551,43960,0,1
BT-HQ,264,19952,19908,0.002205292702485928,21279,22060,0,25617,26417,0,28103,28943,0,27231,28059,0,24342,25163,0,20155,20926,0,20841,21638,0,18837,19609,0,18328,19072,0,19645,20418,0,20927,21697,0,,265257,273910,0,1
BT-HQ,265,0,0,,0,0,,0,0,,0,0,,0,0,,0,0,,0,0,,0,0,,0,0,,0,0,,0,0,,0,0,,,0,0,,0
BT-HQ,266,0,0,,0,0,,0,0,,0,0,,0,0,,0,0,,0,0,,0,0,,0,0,,0,0,,0,0,,0,0,,,0,0,,0
BT-HQ,267,0,0,,0,0,,0,0,,0,0,,0,0,,0,0,,0,0,,0,0,,0,0,,0,0,,0,0,,0,0,,,0,0,,0
BT-HQ,268,7540,7574,0,8220,8249,0,9000,9038,0,11360,11390,0,10520,10525,0,9200,9251,0,7600,7633,0,8660,8660,0,8320,8375,0,7840,7866,0,8220,8252,0,7660,7685,0,,104140,104498,0,1
BT-HQ,269,17100,17000,0.005847953216374324,18660,18509,0.008092175777063226,20740,20565,0.008437801350048235,23880,23689,0.007998324958123915,22200,21977,0.010045045045044998,20660,20489,0.008276863504356191,17460,17309,0.008648339060710164,20960,20801,0.007585877862595458,18440,18312,0.00694143167028205,17640,17537,0.005839002267573723,18620,18472,0.007948442534908673,18440,18340,0.005422993492407824,,234800,233000,0.0076660988074956915,1
BT-HQ,27,3411,3411,0,3961,3961,0,5468,5469,0,4990,4989,0.00020040080160321772,5584,5584,0,5484,5485,0,4589,4588,0.0002179123992155363,4723,4724,0,5177,5177,0,4986,4986,0,5256,5256,0,4850,4851,0,,58479,58481,0,1
BT-HQ,270,5886,5929,0,6263,6312,0,7355,7422,0,8169,8246,0,7487,7556,0,6424,6486,0,5551,5606,0,6778,6845,0,6046,6104,0,5767,5822,0,5975,6031,0,5456,5501,0,,77157,77860,0,1
BT-HQ,271,4246,4239,0.0016486104569005677,5222,5204,0.00344695518958249,6060,6024,0.005940594059405946,6365,6319,0.007227022780832648,5695,5658,0.006496927129060581,4985,4962,0.00461384152457367,3907,3899,0.00204760685948302,5112,5093,0.0037167449139280384,4229,4218,0.0026010877275951527,4069,4060,0.002211845662324907,4359,4349,0.0022941041523285577,4295,4279,0.0037252619324795733,,58544,58304,0.004099480732440597,1
BT-HQ,272,0,9563,0,0,10632,0,0,12378,0,0,14383,0,0,13308,0,0,11845,0,0,10022,0,0,12346,0,0,11073,0,0,10814,0,0,11404,0,0,10588,0,,0,138356,0,1
BT-HQ,273,3250,3313,0,3988,4063,0,4602,4688,0,5425,5518,0,5063,5153,0,4156,4230,0,3608,3672,0,4387,4466,0,4050,4122,0,4096,4168,0,4020,4093,0,3689,3756,0,,50334,51242,0,1
BT-HQ,274,7559,7604,0,8495,8547,0,9962,10015,0,11523,11586,0,10023,10077,0,8924,8974,0,7484,7532,0,9175,9221,0,8474,8521,0,8629,8672,0,8383,8421,0,8033,8068,0,,106664,107238,0,1
BT-HQ,275,22480,22441,0.0017348754448398562,25807,25764,0.0016662145929399186,35917,35845,0.0020046217668513444,38623,38547,0.001967739429873383,33499,33434,0.0019403564285500607,30511,30454,0.001868178689652944,26519,26467,0.0019608582525736384,29699,29639,0.0020202700427623954,28602,28543,0.0020627928116915273,26538,26485,0.0019971361820785294,27582,27526,0.0020303096222173966,26432,26377,0.0020808111380145045,,352209,351522,0.001950546408524434,1
BT-HQ,276,4175,4170,0.0011976047904191933,4528,4522,0.0013250883392226243,5321,5310,0.0020672805863559685,6183,6160,0.0037198770823224647,7627,7570,0.007473449586993586,7247,7196,0.007037394784048523,6265,6232,0.005267358339984041,7307,7263,0.006021623101135853,6786,6753,0.00486295313881524,6431,6423,0.0012439744985227597,6391,6387,0.0006258801439524841,6210,6202,0.0012882447665056862,,74471,74188,0.0038001369660672912,1
BT-HQ,277,6397,6324,0.011411599187118981,7402,7306,0.012969467711429372,8814,8696,0.013387792148854105,9788,9646,0.01450756027789124,8926,8803,0.013779968630965755,7321,7244,0.010517688840322337,5821,5775,0.00790242226421578,6933,6867,0.009519688446559926,6264,6207,0.00909961685823757,6256,6192,0.010230179028132946,6097,6036,0.010004920452681643,6274,6212,0.009882052916799444,,86293,85308,0.011414599098420464,1
BT-HQ,278,2961,2975,0,3248,3262,0,3869,3880,0,4340,4351,0,3772,3785,0,3263,3272,0,2730,2736,0,3173,3180,0,2992,2998,0,3064,3069,0,3099,3106,0,2857,2868,0,,39368,39482,0,1
BT-HQ,279,4996,5019,0,4576,4592,0,4527,4542,0,5063,5084,0,4677,4694,0,3051,3056,0,2334,2339,0,3512,3523,0,3192,3201,0,2430,2437,0,2618,2625,0,3725,3743,0,,44701,44855,0,1
BT-HQ,28,8416,8411,0.0005941064638783633,9390,9384,0.0006389776357828003,10837,10831,0.0005536587616499222,11331,11326,0.00044126731974225564,11383,11377,0.000527101818501241,10981,10976,0.0004553319369821063,8897,8891,0.0006743846240305773,9836,9831,0.0005083367222448176,9882,9876,0.0006071645415908211,7895,7891,0.0005066497783406954,9046,9040,0.0006632765863364698,8289,8284,0.0006032090722644101,,116183,116118,0.0005594622276925421,1
BT-HQ,280,9280,9493,0,9700,9885,0,10660,10711,0,11880,11872,0.0006734006734007147,11420,11393,0.002364273204903733,9660,9708,0,8160,8174,0,9600,9622,0,8460,8539,0,8140,8161,0,8980,9006,0,8580,8583,0,,114520,115147,0,1
BT-HQ,281,3720,3755,0,3787,3820,0,4153,4189,0,4856,4891,0,4409,4441,0,3501,3529,0,2842,2865,0,3584,3618,0,3048,3076,0,2988,3012,0,3134,3161,0,3185,3213,0,,43207,43570,0,1
BT-HQ,283,0,2049,0,0,2245,0,0,2472,0,0,2908,0,0,2614,0,0,2284,0,0,1861,0,0,2082,0,0,2004,0,0,2099,0,0,2092,0,0,1969,0,,0,26679,0,1
BT-HQ,284,6265,6211,0.008619313647246662,7041,6980,0.008663542110495692,8200,8134,0.008048780487804885,9387,9321,0.007031000319590919,1110,0,1,7474,15409,0,6160,6152,0.0012987012987012436,6999,6991,0.0011430204314901715,6757,6747,0.0014799467219179796,6840,6832,0.0011695906432748204,7445,7438,0.0009402283411685808,6842,6834,0.0011692487576732136,,80520,87049,0,1
BT-HQ,285,5670,5800,0,6180,6345,0,7620,7827,0,8790,8990,0,7830,8009,0,6930,7133,0,5850,6015,0,6630,6797,0,6180,6397,0,6570,6792,0,6600,6769,0,5970,6137,0,,80820,83011,0,1
BT-HQ,286,9320,9320,0,10080,10062,0.0017857142857142794,10700,10684,0.0014953271028037562,11840,11775,0.005489864864864913,10940,10902,0.003473491773308912,10580,10544,0.0034026465028355046,9760,9656,0.010655737704918011,10880,10804,0.006985294117647034,10660,10577,0.007786116322701653,10900,10819,0.0074311926605504786,11340,11248,0.008112874779541479,10160,10103,0.005610236220472409,,127160,126494,0.005237496067945879,1
BT-HQ,287,10360,10339,0.002027027027027062,11740,11689,0.0043441226575808845,12720,12648,0.005660377358490565,12900,12829,0.005503875968992267,11240,11148,0.008185053380782903,9980,9918,0.006212424849699416,8760,8740,0.0022831050228310223,9400,9366,0.0036170212765958,9340,9306,0.0036402569593148026,9920,9890,0.003024193548387122,10600,10571,0.002735849056603734,9620,9579,0.004261954261954304,,126580,126023,0.0044003792068256775,1
BT-HQ,29,7782,7790,0,8501,8511,0,12131,12147,0,14160,14181,0,13779,13798,0,12893,12911,0,9111,9121,0,9998,10012,0,10052,10065,0,8730,8742,0,8112,8122,0,6846,6854,0,,122095,122254,0,1
BT-HQ,291,0,12728,0,0,13648,0,0,15645,0,0,18861,0,0,15908,0,0,14855,0,0,0,,0,0,,16414,47173,0,14850,14871,0,15285,15303,0,12748,12764,0,,59297,181756,0,1
BT-HQ,292,9440,9441,0,9520,9553,0,10800,10791,0.0008333333333333526,12560,12509,0.004060509554140168,11360,11308,0.004577464788732444,10560,10563,0,10040,10005,0.003486055776892427,11440,11435,0.0004370629370629153,11400,11335,0.0057017543859648745,11120,11131,0,11160,11118,0.0037634408602150726,10120,10145,0,,129520,129334,0.0014360716491661485,1
BT-HQ,293,0,1319,0,0,1505,0,0,1883,0,0,1894,0,0,1324,0,0,1250,0,0,1145,0,0,1315,0,0,1358,0,0,1416,0,0,1440,0,0,1338,0,,0,17187,0,1
BT-HQ,294,0,2909,0,0,3268,0,0,4344,0,0,4997,0,0,4364,0,0,3581,0,0,2987,0,0,3194,0,0,3092,0,0,3030,0,0,2967,0,0,2906,0,,0,41639,0,1
BT-HQ,295,0,2542,0,0,2622,0,0,3002,0,0,3767,0,0,2990,0,0,2752,0,0,2251,0,0,2541,0,0,2449,0,0,2599,0,0,2594,0,0,2344,0,,0,32453,0,1
BT-HQ,296,0,4493,0,0,4992,0,0,5685,0,0,7193,0,0,6498,0,0,5494,0,0,4308,0,0,4764,0,0,4578,0,0,4517,0,0,4606,0,0,4299,0,,0,61427,0,1
BT-HQ,297,0,0,,0,0,,0,0,,0,0,,0,0,,0,0,,0,0,,0,0,,0,0,,0,0,,0,0,,0,0,,,0,0,,0
BT-HQ,298,0,2676,0,0,2922,0,0,3311,0,0,4259,0,0,3536,0,0,3150,0,0,2763,0,0,3228,0,0,3032,0,0,3052,0,0,2971,0,0,3084,0,,0,37984,0,1
BT-HQ,299,0,4201,0,0,4871,0,0,5009,0,0,5376,0,0,4857,0,0,4370,0,0,3714,0,0,4277,0,0,4033,0,0,3982,0,0,4040,0,0,4007,0,,0,52737,0,1
BT-HQ,3,0,0,,0,0,,0,0,,0,0,,0,0,,0,0,,0,0,,0,0,,0,0,,0,0,,0,0,,0,0,,,0,0,,0
BT-HQ,30,356512,356648,0,363272,363396,0,398238,398378,0,347497,347607,0,432199,432340,0,403423,403550,0,406887,407028,0,351794,351912,0,376835,376973,0,627184,313705,0.4998198295874895,393492,393633,0,423650,423812,0,,4880983,4568982,0.0639217551054777,1
BT-HQ,300,0,3446,0,0,3779,0,0,4171,0,0,5445,0,0,4743,0,0,3776,0,0,3555,0,0,4145,0,0,4216,0,0,3905,0,0,3611,0,0,3380,0,,0,48172,0,1
BT-HQ,301,0,5640,0,0,6160,0,0,6800,0,0,7780,0,0,6720,0,0,6560,0,0,6200,0,0,6200,0,0,6140,0,0,5880,0,0,5980,0,0,5560,0,,0,75620,0,1
BT-HQ,302,10470,10560,0,10920,10950,0,11730,11790,0,14100,14430,0,13290,13110,0.013544018058690765,12000,12090,0,10200,10323,0,10800,10896,0,10950,11073,0,10950,11042,0,11010,11144,0,10560,10664,0,,136980,138072,0,1
BT-HQ,303,0,6850,0,0,7730,0,0,9503,0,0,11542,0,0,10097,0,0,8613,0,0,7291,0,0,8209,0,0,7939,0,0,8090,0,0,7612,0,0,6557,0,,0,100033,0,1
BT-HQ,304,12780,12984,0,14400,14642,0,16620,16833,0,19650,19862,0,17910,18124,0,16500,16690,0,14820,15083,0,17340,17537,0,16980,17186,0,17040,17247,0,16530,16786,0,15150,15355,0,,195720,198329,0,1
BT-HQ,305,18720,18867,0,21000,21125,0,23730,23857,0,25140,25226,0,24060,24159,0,23310,23486,0,20790,20922,0,22740,0,1,21750,0,1,20880,67283,0,21810,21907,0,19860,20009,0,,263790,266841,0,1
BT-HQ,306,14430,14429,6.930006930006005e-05,16410,16392,0.001096892138939709,17940,17891,0.0027313266443701467,21300,21221,0.003708920187793452,19080,19049,0.0016247379454926714,17760,17618,0.007995495495495497,15750,15776,0,17400,17382,0.001034482758620725,16800,16750,0.0029761904761904656,16890,16743,0.008703374777975115,16800,16888,0,15330,15330,0,,205890,205469,0.0020447811938413274,1
BT-HQ,307,8889,8684,0.023062211722353454,10513,10253,0.024731285075620613,11753,11456,0.02527014379307413,13361,13011,0.026195644038619847,11875,11577,0.02509473684210528,11199,10915,0.025359407089918795,10406,10137,0.025850470882183396,11105,10822,0.02548401620891494,10872,10599,0.02511037527593818,10692,10414,0.026000748222970493,10343,10083,0.025137774340133423,9234,9015,0.023716699155295617,,130242,126966,0.025153176394711374,1
BT-HQ,308,0,7996,0,0,9030,0,0,10163,0,0,10896,0,0,9637,0,0,8499,0,0,7703,0,0,8470,0,0,7688,0,0,7614,0,0,7902,0,0,7274,0,,0,102872,0,1
BT-HQ,309,0,4235,0,0,5410,0,0,5817,0,0,6986,0,0,6293,0,0,5571,0,0,5240,0,0,5712,0,0,5577,0,0,5851,0,0,5777,0,0,5333,0,,0,67802,0,1
BT-HQ,31,753,801,0,826,866,0,904,926,0,884,914,0,904,933,0,946,974,0,812,845,0,1021,1053,0,872,903,0,747,789,0,722,769,0,660,718,0,,10051,10491,0,1
BT-HQ,310,464960,465013,0,504159,504219,0,561221,561279,0,646904,647008,0,577915,577944,0,538478,538562,0,475727,475779,0,503097,503123,0,499795,499885,0,480401,480459,0,492757,492825,0,439493,439518,0,,6184907,6185614,0,1
BT-HQ,311,0,4323,0,0,4863,0,0,5408,0,0,6246,0,0,5804,0,0,5073,0,0,4676,0,0,5205,0,0,4797,0,0,4645,0,0,4578,0,0,4123,0,,0,59741,0,1
BT-HQ,312,1379,1367,0.008701957940536631,1350,1339,0.008148148148148127,1412,1405,0.004957507082152923,1691,1665,0.015375517445298637,1710,1687,0.013450292397660824,1553,1529,0.015453960077269846,1476,1450,0.017615176151761558,1841,1807,0.01846822379141766,1981,1942,0.01968702675416456,1820,1785,0.019230769230769273,1647,1617,0.01821493624772308,1757,1722,0.019920318725099584,,19617,19315,0.015394810623438837,1
BT-HQ,313,0,3035,0,0,3361,0,0,3971,0,0,4726,0,0,4108,0,0,3557,0,0,3425,0,0,4030,0,0,3540,0,0,3665,0,0,3788,0,0,3105,0,,0,44311,0,1
BT-HQ,314,1932,1889,0.02225672877846796,2138,2092,0.021515434985968196,2275,2228,0.020659340659340608,2426,2376,0.0206100577081616,2254,2206,0.02129547471162374,1860,1823,0.019892473118279574,1601,1569,0.019987507807620264,2163,2118,0.020804438280166426,1724,1688,0.02088167053364265,1734,1699,0.020184544405997706,1738,1703,0.02013808975834297,1586,1552,0.021437578814628044,,23431,22943,0.020827109385002762,1
BT-HQ,315,5933,5812,0.02039440418001015,6595,6458,0.02077331311599695,7551,7386,0.021851410409217342,8965,8751,0.023870607919687648,7672,7499,0.02254953076120958,6805,6660,0.021307861866274758,6036,5915,0.020046388336646737,7057,6907,0.021255491001842097,6786,6641,0.021367521367521403,7065,6907,0.022363765038924233,7081,6925,0.022030786612060482,6354,6220,0.021089077746301532,,83900,82081,0.02168057210965435,1
BT-HQ,316,7359,7091,0.0364179915749423,8159,7849,0.03799485231033217,9631,9246,0.03997508046931786,11104,10643,0.04151657060518732,9689,9299,0.04025183197440396,8489,8166,0.038049240193191225,7262,7004,0.035527402919306006,8276,7974,0.036491058482358674,7693,7417,0.03587677109060183,7961,7679,0.03542268559226225,8245,7949,0.03590054578532442,7634,7370,0.03458213256484155,,101502,97687,0.03758546629623061,1
BT-HQ,317,1503,1498,0.003326679973386537,1649,1638,0.006670709520921747,1954,1936,0.0092118730808598,2151,2123,0.013017201301720127,1972,1952,0.010141987829614618,1635,1620,0.00917431192660545,1344,1335,0.006696428571428603,1637,1625,0.007330482590103826,1588,1574,0.008816120906801062,1527,1519,0.0052390307793058755,1280,1274,0.004687499999999956,1168,1165,0.0025684931506849695,,19408,19259,0.007677246496290202,1
BT-HQ,318,4232,4137,0.02244801512287331,5201,5076,0.024033839646221855,5596,5453,0.02555396711937097,6013,5853,0.02660901380342595,5359,5221,0.025751072961373356,5080,4960,0.023622047244094446,4570,4469,0.022100656455142254,4866,4755,0.02281134401972873,4455,4353,0.022895622895622858,4518,4414,0.02301903497122626,4341,4235,0.024418336788758377,3760,3677,0.02207446808510638,,57991,56603,0.023934748495456182,1
BT-HQ,319,3128,3105,0.007352941176470562,3800,3763,0.009736842105263155,4172,4126,0.011025886864813095,4542,4488,0.011889035667106973,4261,4213,0.011264961276695629,3754,3721,0.008790623335109271,3353,3325,0.008350730688935326,3887,3850,0.009518909184461077,3369,3343,0.007717423567824233,3092,3068,0.0077619663648124115,3048,3023,0.00820209973753283,2708,2689,0.007016248153618898,,43114,42714,0.009277728811986852,1
BT-HQ,32,4521,4524,0,5424,5427,0,6352,6357,0,3791,3794,0,5630,5634,0,3810,3813,0,3092,3095,0,4748,4750,0,6350,6355,0,3387,3390,0,3354,3356,0,3327,3330,0,,53786,53825,0,1
BT-HQ,320,3057,2996,0.019954203467451803,3291,3221,0.021270130659373998,3663,3578,0.023205023205023156,4219,4119,0.023702299123014914,3672,3590,0.022331154684095855,3282,3214,0.02071907373552717,2689,2637,0.01933804388248417,3220,3154,0.02049689440993785,3140,3076,0.020382165605095537,3457,3385,0.02082730691350887,3497,3423,0.021160995138690297,2839,2782,0.02007749207467413,,40026,39175,0.02126118023284862,1
BT-HQ,321,4547,4436,0.024411700021992555,4947,4817,0.02627855265817669,5672,5515,0.027679830747531775,6447,6259,0.02916085000775559,5304,5152,0.02865761689291102,5062,4925,0.02706440142236266,4688,4569,0.02538395904436863,5160,5021,0.026937984496124057,4875,4746,0.026461538461538425,5027,4897,0.025860354087925197,4725,4601,0.02624338624338629,4562,4448,0.02498903989478296,,61016,59386,0.02671430444473577,1
BT-HQ,322,0,3808,0,0,4342,0,0,4822,0,0,5714,0,0,4906,0,0,4321,0,0,3651,0,0,4524,0,0,4323,0,0,3882,0,0,3687,0,0,3255,0,,0,51235,0,1
BT-HQ,323,0,5131,0,0,5788,0,0,7018,0,0,8395,0,0,7042,0,0,6078,0,0,5201,0,0,5554,0,0,5416,0,0,5719,0,0,5594,0,0,5218,0,,0,72154,0,1
BT-HQ,324,415482,1699,0.9959107735112471,456308,1983,0.9956542510760276,507820,1968,0.996124611082667,537170,2145,0.9960068507176499,1951,1955,0,1541,1549,0,1351,1359,0,1517,1526,0,1507,1517,0,1619,1631,0,1631,1641,0,1609,1617,0,,1929506,20590,0.9893288748519051,1
BT-HQ,325,11509,11461,0.004170649057259501,12316,12269,0.00381617408249435,13298,13244,0.004060761016694281,14497,14433,0.004414706490998177,13301,13247,0.0040598451244266975,13338,13278,0.0044984255510571725,11821,11762,0.004991117502749387,12942,12879,0.004867872044506227,12857,12795,0.004822275803064491,12615,12552,0.004994054696789485,13603,13538,0.004778357715209847,12140,12082,0.004777594728171297,,154237,153540,0.004519019431135196,1
BT-HQ,326,6076,6072,0.0006583278472679366,7123,7118,0.0007019514249614334,8227,8219,0.000972407925124541,8788,8779,0.0010241238051889034,8411,8405,0.0007133515634288878,7669,7664,0.0006519754857217119,6320,6317,0.0004746835443038,7440,7436,0.0005376344086021057,7109,7104,0.0007033338022225388,6758,6754,0.0005918910920390541,7506,7501,0.00066613375965896,6905,6902,0.00043446777697320194,,88332,88271,0.000690576461531478,1
BT-HQ,327,4642,4668,0,5587,5620,0,5991,6024,0,6782,6813,0,6405,6437,0,5220,5247,0,4601,4628,0,5281,5312,0,5177,5206,0,4894,4919,0,5131,5158,0,4692,4718,0,,64403,64750,0,1
BT-HQ,328,5627,5674,0,7047,7099,0,7733,7784,0,8652,8702,0,8191,8244,0,6839,6889,0,5893,5936,0,6159,6208,0,5602,5644,0,5602,5639,0,5903,5944,0,5183,5215,0,,78431,78978,0,1
BT-HQ,329,6420,6394,0.004049844236760136,8520,8505,0.0017605633802817433,8360,8304,0.006698564593301426,9300,9240,0.006451612903225823,8820,8787,0.0037414965986394266,6940,6909,0.004466858789625383,5900,5901,0,7020,7016,0.0005698005698006048,6540,6543,0,6480,6507,0,7580,7569,0.0014511873350923077,7680,7690,0,,89560,89365,0.0021773112996873456,1
BT-HQ,33,5065,5064,0.00019743336623889718,3735,3734,0.0002677376171351664,3943,3942,0.0002536139994927522,4218,4216,0.00047415836889519447,4087,4086,0.0002446782481037024,5715,5714,0.00017497812773403787,5152,5150,0.00038819875776396895,7079,7077,0.0002825257804774939,5132,5130,0.000389711613406063,4192,4191,0.00023854961832059374,5139,5136,0.0005837711617046049,4377,4376,0.00022846698652045916,,57834,57816,0.0003112356053532883,1
BT-HQ,330,5460,5438,0.004029304029304015,5340,5323,0.0031835205992509774,5520,5503,0.003079710144927583,6040,6020,0.0033112582781457123,5620,5605,0.002669039145907437,5520,5493,0.004891304347826142,4800,4805,0,5060,5064,0,5180,5166,0.002702702702702675,5020,5010,0.0019920318725099584,5360,5340,0.003731343283582045,4980,4969,0.0022088353413655115,,63900,63736,0.002566510172143932,1
BT-HQ,331,6960,7058,0,7340,7458,0,8380,8480,0,9880,10031,0,9120,9229,0,8180,8288,0,6860,6986,0,7200,7276,0,7340,7443,0,7040,7124,0,7780,7887,0,6900,7000,0,,92980,94260,0,1
BT-HQ,332,0,5700,0,0,6460,0,0,7680,0,0,8400,0,0,8100,0,0,6980,0,0,6301,0,0,7155,0,0,6913,0,0,6587,0,0,7384,0,0,6381,0,,0,84041,0,1
BT-HQ,333,0,22084,0,0,24628,0,0,27568,0,0,30251,0,0,29375,0,0,26911,0,0,23075,0,0,25679,0,0,25750,0,0,24714,0,0,25543,0,0,23139,0,,0,308717,0,1
BT-HQ,334,7180,7210,0,8080,8099,0,9272,9277,0,10207,10197,0.0009797198001371132,9113,9102,0.0012070668276089602,7829,7852,0,6366,6392,0,7180,7213,0,6756,6779,0,6863,6882,0,7141,7162,0,6718,6733,0,,92705,92898,0,1
BT-HQ,335,4423,4409,0.0031652724395206944,4819,4797,0.004565262502593925,5178,5149,0.0056006179992275085,5580,5538,0.007526881720430145,5449,5412,0.006790236740686351,5280,5255,0.004734848484848508,4729,4714,0.003171917953055603,5263,5242,0.0039901197035910885,4978,4963,0.0030132583366814236,4633,4618,0.003237642995899015,4777,4763,0.002930709650408203,4688,4670,0.0038395904436859807,,59797,59530,0.004465106945164443,1
BT-HQ,336,5107,5111,0,5967,5967,0,4112,4123,0,4166,4175,0,3359,3369,0,3251,3267,0,2723,2741,0,2998,3016,0,3012,3033,0,3239,3263,0,4568,4852,0,4078,4344,0,,46580,47261,0,1
BT-HQ,337,9991,9950,0.004103693323991631,10968,10908,0.005470459518599591,12358,12267,0.007363651076225941,14574,14434,0.009606147934678178,13418,13305,0.008421523326874403,12728,12650,0.006128221244500298,11551,11497,0.004674919920353182,12948,12871,0.005946864380599326,12340,12265,0.006077795786061602,12379,12293,0.006947249373939757,12563,12476,0.0069250975085568545,11093,11026,0.006039844947264061,,146911,145942,0.006595830128445113,1
BT-HQ,338,7189,7128,0.008485185700375597,8868,8773,0.010712674785746557,8086,8000,0.01063566658421966,9615,9495,0.012480499219968744,8485,8392,0.010960518562168509,7734,7668,0.00853374709076804,6591,6549,0.006372325898953091,7646,7589,0.007454878367774032,7328,7268,0.008187772925764225,7494,7426,0.009073925807312477,8260,8173,0.010532687651331751,7530,7452,0.01035856573705174,,94826,93913,0.009628161052875783,1
BT-HQ,339,9854,9851,0.00030444489547387654,11035,11013,0.0019936565473493983,11023,11038,0,12058,12091,0,10616,10659,0,9421,9469,0,7943,7998,0,9042,9100,0,9235,9290,0,9193,9237,0,9921,9968,0,9164,9208,0,,118505,118922,0,1
BT-HQ,34,8813,10159,0,10557,10875,0,14133,14458,0,13069,13413,0,19689,20110,0,17379,17788,0,11842,12169,0,13863,14221,0,13714,14069,0,8850,9155,0,15784,16162,0,13694,16162,0,,161387,168741,0,1
BT-HQ,340,3494,3601,0,4043,4166,0,4214,4347,0,4809,4954,0,4127,4263,0,3912,4042,0,3454,3571,0,4027,4159,0,4377,4518,0,4269,4402,0,4353,4487,0,3969,4095,0,,49048,50605,0,1
BT-HQ,341,21930,21844,0.0039215686274509665,23760,23620,0.005892255892255838,27060,26933,0.004693274205469278,31170,31051,0.0038177735001604374,28530,28386,0.0050473186119873725,26250,26128,0.004647619047619012,22980,22928,0.002262837249782379,25560,25448,0.004381846635367781,26130,26014,0.004439341752774606,25980,25889,0.0035026943802924926,26220,26124,0.0036613272311213363,24810,24697,0.00455461507456667,,310380,309062,0.004246407629357574,1
BT-HQ,342,7614,7595,0.002495403204623048,8157,8126,0.0038004168199092803,8788,8750,0.004324078288575284,10153,10096,0.005614104205653447,8832,8792,0.004528985507246341,8061,8035,0.0032254062771368552,6926,6907,0.0027432861680624088,7541,7512,0.0038456438138178006,7949,7925,0.00301924770411377,8109,8058,0.0062893081761006275,8237,8194,0.0052203472137913876,7621,7581,0.0052486550321479974,,97988,97571,0.0042556231375270315,1
BT-HQ,343,3827,3834,0,4431,4439,0,5086,5093,0,5791,5789,0.00034536349507852115,4586,4588,0,4155,4162,0,3505,3504,0.00028530670470761077,3825,3836,0,3846,3861,0,3798,3797,0.0002632964718273234,3953,3957,0,3782,3833,0,,50585,50693,0,1
BT-HQ,344,6886,6824,0.009003775776938672,7897,7809,0.01114347220463463,8595,8481,0.013263525305410084,9434,9305,0.013673945304218837,8336,8228,0.012955854126679434,7484,7400,0.011223944414751497,6579,6520,0.008967928256573998,7582,7506,0.010023740437879236,7448,7381,0.008995703544575684,7235,7149,0.01188666205943334,7297,7221,0.010415239139372368,6347,6284,0.009925949267370449,,91120,90108,0.011106233538191401,1
BT-HQ,345,6887,6955,0,7456,7483,0,8262,8310,0,10114,10161,0,8723,8770,0,7772,7830,0,7020,7087,0,7634,7702,0,7600,7673,0,7580,7647,0,7577,7645,0,6952,7016,0,,93577,94279,0,1
BT-HQ,346,14413,14322,0.006313744536182608,15303,15206,0.006338626413121662,17400,17295,0.0060344827586207295,21122,21016,0.005018464160590819,19176,19075,0.0052670004171881946,17030,16926,0.006106870229007688,15111,15019,0.0060882800608828,17485,17383,0.005833571632828161,17617,17522,0.005392518589998341,17870,17782,0.004924454392837174,17959,17846,0.006292109805668522,16840,16732,0.006413301662707815,,207326,206124,0.005797632713697265,1
BT-HQ,347,7996,7986,0.001250625312656295,8611,8552,0.0068517013122749715,9372,9333,0.004161331626120313,9738,9698,0.004107619634421855,8764,8730,0.0038795070743952165,8146,8112,0.004173827645470141,6831,6805,0.0038061777192212043,7935,7927,0.0010081915563957544,7769,7738,0.003990217531213758,7511,7482,0.0038610038610038533,7938,7911,0.003401360544217691,7329,7303,0.003547550825487744,,97940,97577,0.003706350827036964,1
BT-HQ,348,15400,15285,0.007467532467532512,16520,16428,0.00556900726392251,17920,17794,0.007031250000000044,20460,20295,0.008064516129032251,17940,17849,0.005072463768115987,16720,16611,0.006519138755980869,15000,14855,0.009666666666666712,16900,16791,0.006449704142011847,17040,16914,0.007394366197183144,17040,16947,0.005457746478873204,17200,17068,0.007674418604651123,15860,15758,0.006431273644388447,,204000,202595,0.006887254901960738,1
BT-HQ,349,1714,1694,0.011668611435239229,1827,1807,0.010946907498631586,1909,1887,0.011524358302776316,2145,2120,0.011655011655011704,1947,1924,0.011813045711350778,1880,1858,0.011702127659574457,2057,2034,0.011181332036947045,2073,2048,0.012059816690786263,1971,1949,0.011161846778285134,2111,2087,0.0113690194220748,2160,2136,0.011111111111111072,1959,1937,0.011230219499744787,,23753,23481,0.011451185113459328,1
BT-HQ,35,0,0,,8,89,0,454,862,0,621,1035,0,901,1297,0,1124,1543,0,1132,1533,0,1454,1895,0,1688,2127,0,1374,1806,0,1524,1987,0,2065,2521,0,,12345,16695,0,1
BT-HQ,350,4587,4567,0.004360148245040385,5052,5031,0.004156769596199483,5472,5451,0.003837719298245612,6159,6135,0.003896736483195329,5349,5326,0.0042998691344176,4470,4918,0,1985,4337,0,2405,4959,0,4827,4830,0,5037,5041,0,5158,5161,0,4652,4653,0,,55153,60409,0,1
BT-HQ,351,67140,67144,0,72840,72878,0,82440,82342,0.0011887433284812898,92700,92633,0.0007227615965480494,86820,86779,0.00047224141902790784,81180,81237,0,70140,70156,0,75840,75866,0,76320,76456,0,73440,73320,0.0016339869281045694,78900,78924,0,68160,68160,0,,925920,925895,2.7000172801106004e-05,1
BT-HQ,352,11340,11345,0,11920,11898,0.0018456375838926675,12920,12876,0.0034055727554179738,14620,14552,0.0046511627906976605,13280,13218,0.004668674698795172,12840,12798,0.003271028037383217,11300,11279,0.0018584070796460184,12320,12296,0.001948051948051921,12800,12759,0.0032031249999999734,12420,12337,0.006682769726248039,13520,13473,0.003476331360946716,11760,11805,0,,151040,150636,0.002674788135593187,1
BT-HQ,353,6507,6474,0.005071461502996755,6566,6531,0.005330490405117239,7164,7127,0.005164712451144582,8321,8278,0.005167648119216439,7417,7379,0.005123365242011624,7377,7340,0.005015588992815512,6895,6862,0.004786076867295153,7357,7320,0.005029223868424637,7914,7877,0.004675259034622181,7769,7730,0.0050199510876560716,8340,8299,0.00491606714628301,7255,7221,0.004686423156443853,,88882,88438,0.004995387142503582,1
BT-HQ,354,3872,3870,0.0005165289256198191,4163,4160,0.0007206341580591191,4626,4622,0.0008646779074794608,5556,5551,0.0008999280057595538,4789,4784,0.0010440593025683453,4406,4403,0.0006808896958693245,3982,3980,0.0005022601707684871,4483,4481,0.0004461298237786737,4713,4713,0,4794,4791,0.0006257822277847547,5372,5372,0,4800,4801,0,,55556,55528,0.0005039959680323003,1
BT-HQ,355,16852,16801,0.003026347021125142,17608,17555,0.0030099954566106257,19351,19316,0.0018086920572579768,21417,21323,0.004389036746509811,20231,20166,0.0032128911077059508,19995,19932,0.0031507876969242288,18005,17950,0.003054707025826109,19418,19365,0.0027294263054897794,19043,18977,0.0034658404663130415,19303,19244,0.003056519711961858,20166,20103,0.0031240702171972945,17348,17297,0.0029398201521789735,,228737,228029,0.003095257872578583,1
BT-HQ,356,0,8870,0,0,10178,0,0,11307,0,0,12533,0,0,11427,0,0,10459,0,0,9345,0,0,10121,0,0,10158,0,0,10276,0,0,10598,0,0,8625,0,,0,123897,0,1
BT-HQ,359,2004,2007,0,2223,2223,0,2810,2812,0,2738,2740,0,2423,2424,0,2469,2471,0,2073,2075,0,2220,2221,0,2303,2305,0,2247,2248,0,2572,2575,0,2412,2412,0,,28494,28513,0,1
BT-HQ,36,16527,17021,0,21499,22014,0,27408,27939,0,24358,24881,0,25767,26287,0,24537,25075,0,19705,20152,0,25410,25888,0,21337,21807,0,22198,22661,0,25389,25874,0,19496,19948,0,,273631,279547,0,1
BT-HQ,361,6460,6423,0.005727554179566607,6960,6914,0.006609195402298873,8220,8151,0.008394160583941601,9300,9243,0.006129032258064493,8760,8743,0.0019406392694063523,7900,7889,0.001392405063291191,6580,6554,0.003951367781155013,7080,7070,0.0014124293785310327,7420,7414,0.0008086253369272711,8060,8009,0.006327543424317628,7980,8029,0,6860,7295,0,,91580,91734,0,1
BT-HQ,362,0,2819,0,0,2853,0,0,3304,0,0,3854,0,0,3346,0,0,2962,0,0,2625,0,0,2826,0,0,2966,0,0,3147,0,0,3245,0,0,2906,0,,0,36853,0,1
BT-HQ,363,3410,3396,0.004105571847507372,4066,4030,0.008853910477127358,3869,3833,0.009304729904368036,4122,4085,0.008976225133430327,3480,3448,0.00919540229885063,3511,3479,0.009114212475078376,3071,3041,0.00976880494952781,3432,3396,0.010489510489510523,3524,3491,0.009364358683314422,3764,3729,0.009298618490967026,3818,3784,0.00890518596123624,3393,3363,0.008841732979664063,,43460,43075,0.008858720662678343,1
BT-HQ,364,707,701,0.008486562942008447,793,785,0.010088272383354302,946,938,0.008456659619450302,1068,1057,0.010299625468164764,956,948,0.008368200836820106,932,923,0.00965665236051505,795,783,0.015094339622641506,771,768,0.0038910505836575737,782,774,0.010230179028132946,824,816,0.009708737864077666,903,895,0.008859357696566983,775,768,0.00903225806451613,,10252,10156,0.009364026531408554,1
BT-HQ,365,0,3786,0,0,3882,0,0,4081,0,0,4594,0,0,4206,0,0,4137,0,0,3773,0,0,4227,0,0,4149,0,0,4111,0,0,4083,0,0,3837,0,,0,48866,0,1
BT-HQ,366,4292,4259,0.007688723205964587,4705,4667,0.008076514346439967,5140,5103,0.007198443579766511,5787,5740,0.00812165197857262,4735,4697,0.00802534318901793,4850,4810,0.008247422680412342,4405,4370,0.007945516458569779,5074,5032,0.008277493102089029,5078,5036,0.008270972823946399,5356,5314,0.007841672890216533,6002,5954,0.007997334221926056,4680,4642,0.00811965811965809,,60104,59624,0.007986157327299348,1
BT-HQ,367,1789,1772,0.009502515371716092,1967,1948,0.009659379766141285,1959,1940,0.009698825931597765,2178,2156,0.010101010101010055,2090,2069,0.010047846889952194,1969,1945,0.012188928390045706,1724,1713,0.006380510440835319,1860,1841,0.010215053763440896,1770,1753,0.009604519774011333,1977,1959,0.009104704097116834,2025,2001,0.011851851851851891,1665,1657,0.00480480480480483,,22973,22754,0.009532929961258874,1
BT-HQ,368,0,10096,0,0,11543,0,0,13162,0,0,14988,0,0,13925,0,0,12859,0,0,11453,0,0,12709,0,0,12540,0,0,11975,0,0,13032,0,0,10957,0,,0,149239,0,1
BT-HQ,369,0,4563,0,0,5280,0,0,5126,0,0,4192,0,0,0,,0,9929,0,0,4144,0,0,4042,0,0,4100,0,0,5176,0,0,5410,0,0,3884,0,,0,55846,0,1
BT-HQ,37,0,0,,0,0,,0,0,,0,0,,0,0,,0,0,,0,0,,24629,24828,0,14935,15112,0,14281,14469,0,24324,24521,0,22399,22556,0,,100568,101486,0,1
BT-HQ,370,15180,15274,0,16280,16363,0,17840,17911,0,19460,19541,0,17660,17740,0,17320,17410,0,14400,14464,0,15600,15664,0,15860,15948,0,16320,16424,0,17160,17251,0,14980,15081,0,,198060,199071,0,1
BT-HQ,371,4020,3976,0.010945273631840835,4234,4188,0.010864430798299463,4470,4424,0.01029082774049217,5703,5646,0.009994739610731163,4866,4816,0.01027538018906704,4353,4308,0.010337698139214369,3703,3663,0.010802052389954131,4119,4071,0.011653313911143437,4015,3973,0.010460772104607718,4044,4000,0.010880316518298683,4143,4099,0.010620323437122825,3939,3899,0.010154861640010115,,51609,51063,0.010579550078474664,1
BT-HQ,372,3047,3027,0.006563833278634745,3044,3025,0.006241787122207576,3191,3167,0.007521153243497336,3535,3516,0.005374823196605427,2986,2968,0.006028131279303461,2876,2858,0.006258692628650864,2491,2475,0.00642312324367722,2617,2598,0.007260221627818142,2636,2619,0.006449165402124479,2944,2925,0.006453804347826053,2969,2950,0.006399461098012815,3421,3400,0.0061385559777842325,,35757,35528,0.0064043404088709455,1
BT-HQ,373,3827,3770,0.014894172981447573,3995,3957,0.009511889862327871,4137,4124,0.0031423737007493235,4415,4405,0.0022650056625141968,4031,4008,0.005705780203423494,3595,3539,0.015577190542420016,3426,3368,0.016929363689433763,3873,3812,0.01575006454944483,3930,3876,0.013740458015267132,4082,4016,0.016168544830965192,3960,3898,0.015656565656565702,3933,3870,0.016018306636155555,,47204,46643,0.011884586052029467,1
BT-HQ,374,0,3442,0,0,3531,0,0,3963,0,0,4114,0,0,3726,0,0,2900,0,0,2514,0,0,2864,0,0,2524,0,0,2720,0,0,2835,0,0,2918,0,,0,38051,0,1
BT-HQ,375,0,2284,0,0,2208,0,0,2487,0,0,3277,0,0,2880,0,0,2356,0,0,2110,0,0,2221,0,0,2156,0,0,2090,0,0,2393,0,0,2278,0,,0,28740,0,1
BT-HQ,376,5137,5187,0,5504,5565,0,6098,6175,0,7246,7356,0,6594,6692,0,5978,6052,0,5246,5300,0,6019,6073,0,5768,5835,0,5548,5601,0,5932,5993,0,5594,5654,0,,70664,71483,0,1
BT-HQ,377,0,4996,0,0,5512,0,0,6201,0,0,7075,0,0,6113,0,0,6020,0,0,5257,0,0,5959,0,0,6254,0,0,6861,0,0,6849,0,0,5770,0,,0,72867,0,1
BT-HQ,378,0,8783,0,0,8742,0,0,8123,0,0,10439,0,0,55,0,0,18212,0,0,8349,0,0,10132,0,0,10492,0,0,10717,0,0,10556,0,0,9469,0,,0,114069,0,1
BT-HQ,379,0,4628,0,0,4797,0,0,5372,0,0,6132,0,0,5481,0,0,5070,0,0,4592,0,0,4949,0,0,5019,0,0,5143,0,0,5623,0,0,4767,0,,0,61573,0,1
BT-HQ,38,0,0,,0,0,,0,0,,0,0,,0,0,,0,0,,0,0,,0,0,,0,0,,0,0,,0,0,,0,0,,,0,0,,0
BT-HQ,380,0,9087,0,0,10350,0,0,12042,0,0,14926,0,0,13557,0,0,11908,0,0,10076,0,0,11114,0,0,10955,0,0,10421,0,0,11634,0,0,10506,0,,0,136576,0,1
BT-HQ,381,0,1356,0,0,1512,0,0,1571,0,0,2016,0,0,1732,0,0,1398,0,0,1096,0,0,1251,0,0,1384,0,0,1402,0,0,1575,0,0,1264,0,,0,17557,0,1
BT-HQ,382,0,3899,0,0,4450,0,0,5083,0,0,5916,0,0,4962,0,0,4697,0,0,3951,0,0,4510,0,0,4390,0,0,4259,0,0,4353,0,0,3437,0,,0,53907,0,1
BT-HQ,383,0,2397,0,0,2980,0,0,3336,0,0,3592,0,0,3548,0,0,2966,0,0,2766,0,0,3242,0,0,2972,0,0,2884,0,0,3597,0,0,2876,0,,0,37156,0,1
BT-HQ,384,0,960,0,0,1058,0,0,1247,0,0,1507,0,0,1479,0,0,1256,0,0,1082,0,0,1240,0,0,1324,0,0,1308,0,0,1298,0,0,1185,0,,0,14944,0,1
BT-HQ,385,0,3934,0,0,4077,0,0,4436,0,0,5853,0,0,4823,0,0,4773,0,0,5066,0,0,4374,0,0,4331,0,0,4154,0,0,4628,0,0,4033,0,,0,54482,0,1
BT-HQ,386,0,4251,0,0,4430,0,0,4820,0,0,5320,0,0,4572,0,0,4438,0,0,4150,0,0,4273,0,0,4422,0,0,4366,0,0,4415,0,0,4748,0,,0,54205,0,1
BT-HQ,387,0,2138,0,0,2335,0,0,2734,0,0,3182,0,0,2556,0,0,2249,0,0,2169,0,0,2150,0,0,2255,0,0,2283,0,0,2190,0,0,2060,0,,0,28301,0,1
BT-HQ,388,0,4985,0,0,5442,0,0,5635,0,0,6275,0,0,5789,0,0,5422,0,0,4856,0,0,4941,0,0,4848,0,0,4834,0,0,4917,0,0,4654,0,,0,62598,0,1
BT-HQ,389,0,5724,0,0,6412,0,0,6906,0,0,7436,0,0,6867,0,0,6230,0,0,5368,0,0,5680,0,0,5620,0,0,5354,0,0,5877,0,0,5543,0,,0,73017,0,1
BT-HQ,39,0,0,,0,0,,0,0,,0,0,,0,0,,0,0,,0,0,,0,0,,0,0,,0,0,,0,0,,0,0,,,0,0,,0
BT-HQ,390,0,7594,0,0,7807,0,0,8334,0,0,9058,0,0,8581,0,0,7971,0,0,7197,0,0,7961,0,0,7936,0,0,8205,0,0,7596,0,0,7379,0,,0,95619,0,1
BT-HQ,391,0,2573,0,0,2915,0,0,3186,0,0,3408,0,0,3395,0,0,2761,0,0,2626,0,0,2807,0,0,2626,0,0,2434,0,0,2328,0,0,2169,0,,0,33228,0,1
BT-HQ,392,0,2911,0,0,2749,0,0,3070,0,0,3411,0,0,3035,0,0,2806,0,0,2502,0,0,2911,0,0,2524,0,0,2551,0,0,2790,0,0,3124,0,,0,34384,0,1
BT-HQ,393,0,2568,0,0,2808,0,0,3481,0,0,4162,0,0,3679,0,0,3228,0,0,2501,0,0,2775,0,0,2880,0,0,2871,0,0,3187,0,0,2815,0,,0,36955,0,1
BT-HQ,394,0,1955,0,0,1833,0,0,2160,0,0,2469,0,0,2079,0,0,2021,0,0,1671,0,0,1793,0,0,1681,0,0,1683,0,0,1841,0,0,1660,0,,0,22846,0,1
BT-HQ,395,0,797,0,0,1205,0,0,1007,0,0,1149,0,0,1046,0,0,892,0,0,770,0,0,870,0,0,837,0,0,920,0,0,949,0,0,827,0,,0,11269,0,1
BT-HQ,396,0,2861,0,0,4057,0,0,3806,0,0,4014,0,0,4152,0,0,3372,0,0,2910,0,0,3046,0,0,3104,0,0,2923,0,0,3205,0,0,2794,0,,0,40244,0,1
BT-HQ,397,0,2410,0,0,2870,0,0,3438,0,0,3907,0,0,3535,0,0,3409,0,0,3048,0,0,3319,0,0,3220,0,0,3167,0,0,3563,0,0,3081,0,,0,38967,0,1
BT-HQ,4,0,0,,0,0,,0,0,,0,0,,0,0,,0,0,,0,0,,0,0,,0,0,,0,0,,0,0,,0,0,,,0,0,,0
BT-HQ,40,5403,5402,0.0001850823616509345,7072,7071,0.0001414027149321262,7231,7231,0,10223,10223,0,10134,10134,0,8541,8541,0,5359,5358,0.00018660197798092693,5918,5918,0,6274,6274,0,5265,5265,0,4365,4365,0,5820,5819,0.0001718213058419238,,81605,81601,4.9016604374729766e-05,1
BT-HQ,401,0,0,,0,0,,0,0,,0,0,,0,0,,0,0,,0,0,,0,0,,0,0,,0,0,,0,0,,0,0,,,0,0,,0
BT-HQ,402,0,0,,0,0,,0,0,,0,0,,0,0,,0,0,,0,0,,0,0,,0,0,,0,0,,0,0,,0,0,,,0,0,,0
BT-HQ,403,0,843,0,0,963,0,0,1622,0,0,1564,0,0,1161,0,0,1081,0,0,928,0,0,1001,0,0,925,0,0,956,0,0,947,0,0,818,0,,0,12809,0,1
BT-HQ,404,3003,2989,0.004662004662004615,3006,2991,0.004990019960079861,3801,3774,0.007103393843725381,4126,4097,0.007028599127484214,3580,3552,0.007821229050279377,3074,3051,0.007482108002602517,3032,3013,0.006266490765171495,3171,3154,0.0053610848312835024,2961,2998,0,3142,3077,0.02068746021642265,3026,3013,0.004296100462656938,2720,2708,0.004411764705882337,,38642,38417,0.005822679985508006,1
BT-HQ,405,2085,2064,0.010071942446043147,2226,2205,0.009433962264150941,2680,2651,0.010820895522388074,3002,2964,0.012658227848101222,2751,2715,0.013086150490730697,2279,2250,0.012724879333040784,2095,2077,0.008591885441527447,2288,2268,0.00874125874125875,2380,2361,0.007983193277310896,2455,2437,0.007331975560081472,2366,2348,0.0076077768385460764,1828,1808,0.01094091903719907,,28435,28148,0.010093195006154354,1
BT-HQ,406,0,35848,0,0,38801,0,0,31085,0,0,30569,0,0,28170,0,0,26092,0,0,23077,0,0,24605,0,0,24271,0,0,24483,0,0,23771,0,0,21599,0,,0,332371,0,1
BT-HQ,407,4351,4318,0.00758446334176055,5239,5200,0.007444168734491274,6119,6083,0.005883314267037143,6661,6616,0.006755742381023833,5953,5909,0.007391231311943525,5689,5645,0.0077342239409387,6299,6246,0.008414033973646595,4930,4891,0.00791075050709944,5216,5172,0.008435582822085896,5527,5482,0.008141849104396637,5190,5149,0.007899807321772645,4976,4931,0.009043408360128624,,66150,65642,0.007679516250944873,1
BT-HQ,408,0,2341,0,0,2476,0,0,2941,0,0,3266,0,0,2920,0,0,2861,0,0,2628,0,0,2773,0,0,2790,0,0,2642,0,0,2606,0,0,2383,0,,0,32627,0,1
BT-HQ,409,10200,10023,0.01735294117647057,11660,11475,0.01586620926243565,12560,12263,0.023646496815286633,14620,14227,0.026880984952120435,11500,11320,0.01565217391304352,9060,8985,0.008278145695364225,8100,8069,0.003827160493827142,9200,8988,0.02304347826086961,8740,8598,0.016247139588100645,8840,8682,0.017873303167420862,8400,8250,0.017857142857142905,7720,7566,0.01994818652849739,,120600,118446,0.017860696517412955,1
BT-HQ,41,21024,21025,0,23998,23998,0,29663,29664,0,32904,32905,0,30448,30448,0,28553,28554,0,24811,24811,0,26683,26683,0,26621,26623,0,25479,25479,0,25421,25422,0,20136,20136,0,,315741,315748,0,1
BT-HQ,410,0,4104,0,0,4404,0,0,4928,0,0,5899,0,0,7050,0,0,6531,0,0,5840,0,0,6425,0,0,6045,0,0,6169,0,0,6174,0,0,5872,0,,0,69441,0,1
BT-HQ,411,3844,3898,0,4660,4723,0,4777,4842,0,6404,6474,0,5604,5673,0,4701,4765,0,4135,4192,0,4478,4537,0,4358,4415,0,4854,4907,0,4152,4204,0,3672,3721,0,,55639,56351,0,1
BT-HQ,412,12974,13079,0,14544,14665,0,15350,15484,0,18168,18330,0,15936,16074,0,15039,15162,0,13911,14020,0,15090,15208,0,15020,15133,0,15651,15768,0,14867,14978,0,13383,13484,0,,179933,181385,0,1
BT-HQ,413,5219,5310,0,5645,5748,0,6056,6170,0,8025,8179,0,6641,6768,0,5859,5972,0,5166,5258,0,6236,6346,0,5755,5853,0,5523,5622,0,3568,3602,0,3444,3481,0,,67137,68309,0,1
BT-HQ,414,6960,6978,0,7620,7641,0,8160,8161,0,10160,10174,0,8900,8898,0.00022471910112364935,8580,8606,0,7560,7582,0,8180,8213,0,7640,7668,0,7900,7921,0,7580,7582,0,6940,6986,0,,96180,96410,0,1
BT-HQ,415,4207,4306,0,5654,5786,0,5929,6067,0,6139,6282,0,5532,5664,0,4994,5109,0,4462,4561,0,5118,5227,0,4776,4883,0,4894,4999,0,4803,4909,0,4490,4588,0,,60998,62381,0,1
BT-HQ,416,2559,2597,0,3245,3296,0,3082,3133,0,3278,3335,0,3006,3059,0,2575,2620,0,2247,2286,0,2583,2628,0,2457,2498,0,2623,2666,0,2595,2636,0,2340,2371,0,,32590,33125,0,1
BT-HQ,417,8880,8900,0,9460,9481,0,9660,9696,0,10200,10209,0,9500,9532,0,9680,9704,0,9380,9427,0,10620,10639,0,9980,10018,0,9740,9780,0,9780,9838,0,9180,9203,0,,116060,116427,0,1
BT-HQ,418,5000,4999,0.00019999999999997797,5040,5028,0.0023809523809523725,5400,5381,0.0035185185185184764,5880,5859,0.0035714285714285587,5240,5215,0.004770992366412208,5220,5226,0,4960,4957,0.0006048387096774244,5500,5495,0.0009090909090908594,5480,5474,0.0010948905109489093,5540,5538,0.0003610108303249149,6180,5556,0.10097087378640779,4560,5184,0,,64000,63912,0.001375000000000015,1
BT-HQ,419,0,2342,0,0,2667,0,0,2974,0,0,3986,0,0,3585,0,0,3052,0,0,2837,0,0,3091,0,0,2927,0,0,3619,0,0,3343,0,0,2687,0,,0,37110,0,1
BT-HQ,041A,0,0,,0,0,,0,0,,0,0,,93129,96095,0,55838,57726,0,43994,45649,0,44320,46016,0,40264,41930,0,48572,50299,0,47745,49506,0,42914,44536,0,,416776,431757,0,1
BT-HQ,42,90988,90927,0.0006704180771091028,98535,98473,0.0006292180443496775,101458,101392,0.0006505154842397776,117590,117512,0.0006633217110298961,114347,114268,0.0006908795158596659,110659,110583,0.0006867945670935294,92757,92693,0.0006899748806019623,94892,94828,0.0006744509547695898,102639,102568,0.0006917448533209081,104076,104010,0.0006341519658711325,98037,97974,0.0006426145230882252,96629,96564,0.0006726759047490649,,1222607,1221792,0.0006666083213984209,1
BT-HQ,420,5133,5192,0,6004,6072,0,6643,6718,0,7789,7878,0,6779,6851,0,6201,6270,0,5022,5094,0,5564,5638,0,5317,5387,0,5394,5464,0,6321,6399,0,6206,6282,0,,72373,73245,0,1
BT-HQ,421,0,4551,0,0,5071,0,0,4934,0,0,5575,0,0,4966,0,0,4664,0,0,4490,0,0,4818,0,0,4595,0,0,4814,0,0,4723,0,0,4816,0,,0,58017,0,1
BT-HQ,422,3269,3254,0.004588559192413633,4064,4040,0.0059055118110236116,4490,4464,0.00579064587973277,4983,4953,0.006020469596628497,4524,4502,0.00486295313881524,4363,4344,0.004354801741920711,4059,4043,0.003941857600394227,4433,4414,0.004286036544101091,4337,4315,0.005072630850818549,4272,4252,0.004681647940074862,4504,4481,0.005106571936056792,4610,4588,0.004772234273318854,,51908,51650,0.004970332126069232,1
BT-HQ,423,1602,1681,0,1800,1827,0,1977,2005,0,2442,2476,0,2075,2104,0,2022,2052,0,1877,1907,0,2027,2058,0,2112,2146,0,2385,2421,0,2188,2222,0,1681,1707,0,,24188,24606,0,1
BT-HQ,424,0,2820,0,0,2808,0,0,3229,0,0,4125,0,0,3298,0,0,2954,0,0,2542,0,0,2637,0,0,2516,0,0,2644,0,0,2630,0,0,2875,0,,0,35078,0,1
BT-HQ,425,0,14202,0,0,14743,0,0,16332,0,0,20238,0,0,17448,0,0,16446,0,0,15523,0,0,17013,0,0,15807,0,0,16952,0,0,16857,0,0,15618,0,,0,197179,0,1
BT-HQ,426,0,19980,0,0,20946,0,0,23685,0,0,28965,0,0,25383,0,0,23911,0,0,21315,0,0,22756,0,0,22782,0,0,24406,0,0,23860,0,0,19873,0,,0,277862,0,1
BT-HQ,427,0,6648,0,0,7425,0,0,8133,0,0,10803,0,0,9104,0,0,8192,0,0,7411,0,0,7974,0,0,7777,0,0,8197,0,0,7785,0,0,6980,0,,0,96429,0,1
BT-HQ,428,0,5504,0,0,5847,0,0,6286,0,0,7699,0,0,7062,0,0,6576,0,0,5865,0,0,5861,0,0,5529,0,0,5661,0,0,5579,0,0,5091,0,,0,72560,0,1
BT-HQ,429,0,1434,0,0,1520,0,0,1747,0,0,2325,0,0,2091,0,0,2120,0,0,1684,0,0,1635,0,0,1521,0,0,1645,0,0,1594,0,0,1525,0,,0,20841,0,1
BT-HQ,43,0,0,,0,0,,0,0,,0,0,,0,0,,0,0,,0,0,,0,0,,0,0,,0,0,,0,0,,0,0,,,0,0,,0
BT-HQ,430,0,5603,0,0,5932,0,0,6546,0,0,8264,0,0,7115,0,0,6486,0,0,5618,0,0,5962,0,0,6030,0,0,6424,0,0,6254,0,0,5679,0,,0,75913,0,1
BT-HQ,431,0,5675,0,0,6219,0,0,6981,0,0,8284,0,0,6653,0,0,6312,0,0,5874,0,0,6479,0,0,6412,0,0,7032,0,0,6782,0,0,5849,0,,0,78552,0,1
BT-HQ,432,0,4092,0,0,4994,0,0,5682,0,0,7000,0,0,6287,0,0,5074,0,0,4439,0,0,4994,0,0,4863,0,0,5337,0,0,5062,0,0,4535,0,,0,62359,0,1
BT-HQ,433,0,11813,0,0,12856,0,0,14575,0,0,18027,0,0,16776,0,0,13732,0,0,12374,0,0,13112,0,0,12987,0,0,12933,0,0,13445,0,0,13268,0,,0,165898,0,1
BT-HQ,434,0,10220,0,0,11988,0,0,13544,0,0,17033,0,0,15081,0,0,13159,0,0,11052,0,0,11710,0,0,11542,0,0,12590,0,0,12575,0,0,10949,0,,0,151443,0,1
BT-HQ,435,4460,4510,0,5220,5310,0,5900,5988,0,6700,6796,0,6120,6246,0,5320,5375,0,4820,4898,0,5280,5368,0,5200,5269,0,5240,5297,0,4900,4987,0,4500,4553,0,,63660,64597,0,1
BT-HQ,436,68,66,0.02941176470588236,80,82,0,81,75,0.07407407407407407,70,68,0.02857142857142858,55,53,0.036363636363636376,69,66,0.04347826086956519,40,37,0.07499999999999996,40,38,0.050000000000000044,34,32,0.05882352941176472,44,42,0.045454545454545414,69,67,0.02898550724637683,46,47,0,,696,673,0.033045977011494254,1
BT-HQ,437,0,0,,0,0,,0,0,,0,0,,0,0,,0,0,,0,0,,0,0,,0,0,,0,0,,0,0,,0,0,,,0,0,,0
BT-HQ,438,665,679,0,757,773,0,912,932,0,1147,1166,0,910,928,0,763,780,0,738,753,0,816,833,0,854,872,0,951,971,0,847,865,0,709,716,0,,10069,10268,0,1
BT-HQ,439,0,0,,0,0,,0,0,,0,0,,0,0,,0,0,,0,0,,0,0,,0,0,,0,0,,0,0,,0,0,,,0,0,,0
BT-HQ,44,0,0,,0,0,,0,0,,0,0,,0,0,,0,0,,0,0,,0,0,,0,0,,0,0,,0,0,,0,0,,,0,0,,0
BT-HQ,440,2060,2047,0.006310679611650438,2280,2276,0.0017543859649122862,2380,2381,0,3040,3032,0.0026315789473684292,3140,3105,0.011146496815286677,2900,2890,0.0034482758620689724,2360,2353,0.0029661016949152907,2380,2351,0.012184873949579789,2640,2626,0.005303030303030254,3140,3106,0.010828025477707004,2420,2394,0.01074380165289257,2060,2036,0.011650485436893177,,30800,30597,0.006590909090909092,1
BT-HQ,441,3450,3430,0.005797101449275366,3510,3531,0,3840,3841,0,4890,4918,0,4350,4356,0,4110,4117,0,3930,3971,0,4320,4328,0,4260,4267,0,3960,3967,0,3720,3747,0,3360,3357,0.0008928571428571397,,47700,47830,0,1
BT-HQ,445,0,0,,0,0,,0,0,,0,0,,0,0,,0,0,,0,0,,0,0,,0,0,,0,0,,0,0,,0,0,,,0,0,,0
BT-HQ,446,2008,2007,0.0004980079681274896,2155,2153,0.0009280742459396585,2502,2501,0.00039968025579539823,3087,3089,0,2574,2578,0,2436,2433,0.0012315270935960854,2089,2086,0.0014360938247965915,2275,2272,0.0013186813186812918,2188,2183,0.0022851919561243106,2307,2307,0,1986,1983,0.0015105740181269312,2007,2008,0,,27614,27600,0.0005069892083725547,1
BT-HQ,447,0,4725,0,0,5435,0,0,6085,0,0,8182,0,0,7531,0,0,6323,0,0,5287,0,0,5470,0,0,5459,0,0,5750,0,0,5768,0,0,4941,0,,0,70956,0,1
BT-HQ,448,0,3921,0,0,4455,0,0,5048,0,0,5748,0,0,4910,0,0,4834,0,0,4083,0,0,4580,0,0,4448,0,0,4765,0,0,4565,0,0,4229,0,,0,55586,0,1
BT-HQ,449,0,3809,0,0,4534,0,0,4891,0,0,6301,0,0,4696,0,0,4669,0,0,3918,0,0,4215,0,0,3982,0,0,4176,0,0,4127,0,0,3779,0,,0,53097,0,1
BT-HQ,45,12835,12826,0.0007012076353720698,15235,15223,0.0007876599934362183,18385,18370,0.0008158825129180869,24272,24252,0.0008239947264337966,25526,25505,0.0008226905899866299,23309,23290,0.0008151357844609075,16371,16359,0.0007330034817665254,19191,19176,0.0007816163826793732,17726,17713,0.0007333859866862635,16560,16547,0.0007850241545893644,17053,17041,0.0007036885005571314,12197,12187,0.0008198737394441435,,218660,218489,0.0007820360376841196,1
BT-HQ,450,0,2159,0,0,2412,0,0,2769,0,0,3568,0,0,2990,0,0,2839,0,0,2493,0,0,2720,0,0,2561,0,0,2962,0,0,2628,0,0,2239,0,,0,32340,0,1
BT-HQ,451,6543,6561,0,7420,7443,0,7230,7251,0,7126,7148,0,6219,6238,0,5693,5708,0,5154,5168,0,5643,5660,0,1682,5172,0,0,5650,0,0,5156,0,0,4354,0,,52710,71509,0,1
BT-HQ,452,0,16800,0,0,17748,0,0,23880,0,0,29836,0,0,26263,0,0,18699,0,0,17718,0,0,17197,0,0,18801,0,0,18041,0,0,19296,0,0,17552,0,,0,241831,0,1
BT-HQ,453,0,1195,0,0,797,0,0,831,0,0,984,0,0,864,0,0,732,0,0,656,0,0,770,0,0,702,0,0,737,0,0,746,0,0,730,0,,0,9744,0,1
BT-HQ,454,2286,2287,0,5837,5839,0,3404,3405,0,3450,3449,0.00028985507246381825,4621,4625,0,2593,2593,0,3541,3542,0,3636,3637,0,4289,4291,0,4379,4380,0,4855,4857,0,2694,2695,0,,45585,45600,0,1
BT-HQ,455,0,2884,0,0,3235,0,0,3826,0,0,4972,0,0,4162,0,0,3398,0,0,2829,0,0,3456,0,0,3421,0,0,3546,0,0,3298,0,0,3120,0,,0,42147,0,1
BT-HQ,456,20890,20887,0.00014360938247970356,21957,21952,0.00022771781208730246,21793,21789,0.00018354517505625445,26381,26376,0.00018953034380808642,22380,22375,0.00022341376228773857,21299,21294,0.0002347528052960568,19111,19107,0.00020930354246240235,20653,20649,0.00019367646346779566,20477,20474,0.00014650583581576893,20850,20845,0.00023980815347723894,20327,20323,0.00019678260441780004,18031,18029,0.00011092008208091197,,254149,254100,0.00019280028644619307,1
BT-HQ,457,0,0,,0,0,,0,0,,0,0,,0,0,,0,0,,0,0,,0,0,,0,0,,0,0,,0,123,0,0,219,0,,0,342,0,1
BT-HQ,458,0,564,0,0,577,0,0,780,0,0,1019,0,0,982,0,0,893,0,0,687,0,0,645,0,0,629,0,0,592,0,0,576,0,0,558,0,,0,8502,0,1
BT-HQ,46,47264,48603,0,58590,60054,0,74981,76637,0,121786,124066,0,94351,96217,0,82017,83764,0,61556,63006,0,63223,65341,0,63345,64211,0,63171,64677,0,60311,61798,0,51506,52871,0,,842101,861245,0,1
BT-HQ,47,11935,12335,0,12281,12685,0,13213,13627,0,17477,17935,0,15538,15977,0,14329,14767,0,13492,13922,0,15355,15802,0,15195,15651,0,13132,13564,0,14340,14791,0,13765,14208,0,,170052,175264,0,1
BT-HQ,047A,10376,10951,0,10425,10948,0,13494,14017,0,14773,15287,0,15633,16130,0,14871,15413,0,13835,14358,0,12527,13042,0,14479,15015,0,9841,10343,0,11900,12444,0,10186,10711,0,,152340,158659,0,1
BT-HQ,047B,0,0,,0,0,,0,0,,0,0,,0,0,,0,0,,0,0,,0,0,,0,0,,0,0,,0,0,,2157,2951,0,,2157,2951,0,1
BT-HQ,48,0,0,,0,0,,0,0,,0,0,,0,0,,0,0,,0,0,,0,0,,0,0,,0,0,,0,0,,0,0,,,0,0,,0
BT-HQ,49,0,0,,0,0,,0,0,,0,0,,0,0,,0,0,,0,0,,0,0,,0,0,,0,0,,0,0,,0,0,,,0,0,,0
BT-HQ,5,0,0,,0,0,,0,0,,0,0,,0,0,,0,0,,0,0,,0,0,,0,0,,0,0,,0,0,,0,0,,,0,0,,0
BT-HQ,50,99921,99909,0.00012009487495123761,127309,127294,0.0001178235631416058,121892,121871,0.0001722836609457934,99739,99715,0.00024062803918223352,85578,85561,0.00019864918553835764,87747,87723,0.00027351362439742566,93585,93578,7.479831169521223e-05,89243,89226,0.00019049113095703785,102732,102719,0.00012654284935564863,90544,90527,0.0001877540201449257,76992,76978,0.00018183707398167215,86017,86004,0.00015113291558643827,,1161299,1161105,0.0001670543072886943,1
BT-HQ,500,0,7398,0,0,7017,0,0,7238,0,0,8052,0,0,7676,0,0,8081,0,0,6696,0,0,7473,0,0,7701,0,0,7297,0,0,8268,0,0,8321,0,,0,91218,0,1
BT-HQ,501,0,20461,0,0,19079,0,0,18460,0,0,20854,0,0,19404,0,0,19828,0,0,16870,0,0,17854,0,0,17289,0,0,16106,0,0,17184,0,0,18610,0,,0,221999,0,1
BT-HQ,502,0,8350,0,0,7852,0,0,7376,0,0,8846,0,0,6845,0,0,6731,0,0,5165,0,0,6650,0,0,5821,0,0,5300,0,0,7142,0,0,7696,0,,0,83774,0,1
BT-HQ,503,0,3452,0,0,3078,0,0,2963,0,0,4699,0,0,3827,0,0,3653,0,0,2384,0,0,3078,0,0,2710,0,0,2393,0,0,3222,0,0,3052,0,,0,38511,0,1
BT-HQ,504,8785,8823,0,8451,8493,0,8692,8742,0,8868,8924,0,9580,9649,0,9994,10067,0,8183,8252,0,8644,8713,0,8083,8148,0,8027,8088,0,9026,9083,0,8720,8770,0,,105053,105752,0,1
BT-HQ,505,0,17861,0,0,17365,0,0,17928,0,0,17539,0,0,17554,0,0,19170,0,0,18514,0,0,20349,0,0,20144,0,0,18852,0,0,20384,0,0,19768,0,,0,225428,0,1
BT-HQ,506,0,12861,0,0,10149,0,0,11332,0,0,11129,0,0,12550,0,0,15684,0,0,9985,0,0,9328,0,0,4946,0,0,4760,0,0,6803,0,0,9663,0,,0,119190,0,1
BT-HQ,507,0,10157,0,0,10586,0,0,9627,0,0,9809,0,0,9425,0,0,10143,0,0,9276,0,0,9699,0,0,9474,0,0,8471,0,0,8950,0,0,9551,0,,0,115168,0,1
BT-HQ,508,0,4193,0,0,4032,0,0,4149,0,0,4266,0,0,3868,0,0,3955,0,0,3702,0,0,3856,0,0,3843,0,0,3800,0,0,3698,0,0,3601,0,,0,46963,0,1
BT-HQ,509,0,3516,0,0,2901,0,0,3196,0,0,3656,0,0,4282,0,0,4971,0,0,4765,0,0,4162,0,0,4239,0,0,3498,0,0,3711,0,0,4412,0,,0,47309,0,1
BT-HQ,050A,612990,613200,0,586120,586160,0,739480,739580,0,566920,566990,0,0,228540,0,400280,171800,0.5708004396922155,194020,194040,0,56840,56890,0,347480,347510,0,691060,691200,0,604540,378980,0.37311013332451115,287800,246710,0.1427727588603197,,5087530,4821600,0.052270944839637346,1
BT-HQ,050B,24935,25408,0,66745,67590,0,74373,75431,0,86241,87523,0,90546,91906,0,117311,119055,0,83680,84653,0,55798,55806,0,56504,56802,0,79198,80035,0,73213,73978,0,61690,62718,0,,870234,880905,0,1
BT-HQ,51,5435,5437,0,2623,2625,0,3277,3279,0,4894,4897,0,3524,3526,0,3262,3265,0,5130,5133,0,6641,6645,0,7538,7542,0,18948,9480,0.4996833438885371,5215,5218,0,7897,7902,0,,74384,64949,0.12684179393417938,1
BT-HQ,510,0,3161,0,0,4270,0,0,4463,0,0,3003,0,0,2396,0,0,2171,0,0,1825,0,0,1957,0,0,2029,0,0,1952,0,0,2057,0,0,2316,0,,0,31600,0,1
BT-HQ,511,0,2904,0,0,2925,0,0,3612,0,0,3986,0,0,3502,0,0,3590,0,0,2976,0,0,3199,0,0,3225,0,0,3097,0,0,3174,0,0,3013,0,,0,39203,0,1
BT-HQ,512,0,350,0,0,361,0,0,392,0,0,389,0,0,391,0,0,478,0,0,350,0,0,362,0,0,339,0,0,276,0,0,283,0,0,318,0,,0,4289,0,1
BT-HQ,513,0,998,0,0,846,0,0,869,0,0,827,0,0,712,0,0,607,0,0,0,,0,1482,0,0,453,0,0,475,0,0,451,0,0,473,0,,0,8193,0,1
BT-HQ,514,0,1401,0,0,1393,0,0,1341,0,0,1646,0,0,1771,0,0,1856,0,0,1669,0,0,1538,0,0,1680,0,0,1128,0,0,1484,0,0,1599,0,,0,18506,0,1
BT-HQ,515,10622,10619,0.0002824326868763327,10385,10389,0,12027,12023,0.0003325850170450284,15911,15899,0.0007541952108603978,16137,16126,0.0006816632583503957,14485,14478,0.00048325854332065266,10248,10247,9.758001561277485e-05,10967,10964,0.00027354791647671295,9750,9749,0.00010256410256415105,9839,9838,0.00010163634515703013,10640,10642,0,9833,9834,0,,140844,140808,0.0002556019425747902,1
BT-HQ,516,0,0,,0,0,,0,0,,0,0,,0,0,,0,0,,0,0,,0,0,,0,0,,0,1725,0,0,863,0,0,1006,0,,0,3594,0,1
BT-HQ,517,0,2274,0,0,1841,0,0,2425,0,0,1227,0,0,1163,0,0,1980,0,0,709,0,0,1191,0,0,435,0,0,451,0,0,269,0,0,350,0,,0,14315,0,1
BT-HQ,518,0,117,0,0,88,0,0,78,0,0,84,0,0,81,0,0,98,0,0,43,0,0,69,0,0,76,0,0,49,0,0,70,0,0,62,0,,0,915,0,1
BT-HQ,519,0,5963,0,0,7061,0,0,11189,0,0,9872,0,0,8402,0,0,9234,0,0,6721,0,0,6033,0,0,4974,0,0,5922,0,0,6617,0,0,6080,0,,0,88068,0,1
BT-HQ,52,68765,68759,8.725369010398332e-05,77548,77540,0.00010316191262182972,86136,86130,6.965728615215827e-05,95147,95138,9.459047579007951e-05,88537,88535,2.2589425889729675e-05,88452,88444,9.044453488893378e-05,75176,75168,0.00010641694157709214,79334,79326,0.00010083948874384241,77349,77342,9.04989075488638e-05,72357,72347,0.0001382036292273403,71761,71755,8.361087498776065e-05,70043,70034,0.00012849249746582636,,950605,950518,9.15206631566523e-05,1
BT-HQ,520,13500,13464,0.002666666666666706,14020,14009,0.0007845934379457908,16040,16017,0.001433915211970116,15680,15639,0.0026147959183673297,14360,14341,0.001323119777158821,15620,15607,0.0008322663252240403,13020,12996,0.0018433179723502668,12460,12439,0.0016853932584269815,12220,12203,0.0013911620294598803,11560,11540,0.0017301038062284002,12040,12028,0.0009966777408637606,10220,10215,0.0004892367906066397,,160740,160498,0.0015055368918750478,1
BT-HQ,521,4360,4356,0.0009174311926605228,4760,4735,0.005252100840336116,5200,5227,0,5360,5361,0,5280,5278,0.00037878787878786735,5460,5459,0.0001831501831501825,4440,4444,0,4320,4305,0.00347222222222221,4480,4487,0,4040,4045,0,4360,4350,0.002293577981651418,4320,4336,0,,56380,56383,0,1
BT-HQ,522,11340,11339,8.818342151672987e-05,11580,11555,0.0021588946459413227,12690,12679,0.000866824271079536,12750,12707,0.003372549019607818,11760,11733,0.002295918367346994,11460,11448,0.0010471204188481353,10110,10082,0.002769535113748778,10410,10393,0.0016330451488952846,10200,10185,0.0014705882352941124,9990,9984,0.0006006006006006315,10320,10296,0.0023255813953488857,9570,9564,0.0006269592476488839,,132180,131965,0.0016265698290209851,1
BT-HQ,523,3920,3925,0,4040,4017,0.005693069306930698,4140,4131,0.0021739130434782483,4080,4086,0,3840,3820,0.00520833333333337,3940,3933,0.0017766497461928488,3120,3117,0.0009615384615384581,3320,3318,0.00060240963855418,3400,3386,0.004117647058823559,3120,3126,0,3220,3210,0.0031055900621117516,2980,2973,0.0023489932885906173,,43120,43042,0.0018089053803339583,1
BT-HQ,524,5680,5669,0.0019366197183098288,5960,5956,0.0006711409395973034,6000,5997,0.0004999999999999449,6520,6493,0.004141104294478559,5380,5373,0.0013011152416356753,5400,5405,0,4020,4010,0.0024875621890547706,4480,4473,0.0015625000000000222,4140,4124,0.0038647342995169476,4180,4167,0.0031100478468899517,4540,4541,0,4320,4315,0.0011574074074074403,,60620,60523,0.001600131969647034,1
BT-HQ,525,3060,3061,0,3360,3369,0,3580,3570,0.0027932960893854997,3940,3938,0.0005076142131980044,3380,3391,0,3320,3313,0.002108433734939741,2600,2606,0,2700,2699,0.00037037037037035425,2640,2646,0,2640,2646,0,2600,2609,0,2600,2585,0.005769230769230749,,36420,36433,0,1
BT-HQ,526,10770,10752,0.0016713091922005985,10170,10163,0.0006882989183873978,10770,10733,0.0034354688950789525,11130,11106,0.0021563342318059453,10200,10190,0.0009803921568627416,9990,9965,0.0025025025025025016,8850,8868,0,9090,9065,0.002750275027502802,8850,8835,0.0016949152542372614,8790,8771,0.0021615472127417545,9030,9017,0.0014396456256920986,8580,8590,0,,116220,116055,0.0014197212183789665,1
BT-HQ,527,0,1766,0,0,1819,0,0,1994,0,0,1997,0,0,1813,0,0,1911,0,0,1567,0,0,1693,0,0,1554,0,0,1360,0,0,1437,0,0,1477,0,,0,20388,0,1
BT-HQ,528,0,1631,0,0,1670,0,0,1935,0,0,2067,0,0,1755,0,0,1774,0,0,1505,0,0,1773,0,0,1751,0,0,1579,0,0,1655,0,0,1508,0,,0,20603,0,1
BT-HQ,529,0,2116,0,0,1887,0,0,2372,0,0,2589,0,0,2063,0,0,2261,0,0,1486,0,0,1719,0,0,1692,0,0,1418,0,0,1787,0,0,2323,0,,0,23713,0,1
BT-HQ,052A,0,0,,0,0,,0,0,,0,0,,1410,1410,0,11550,11560,0,2330,2320,0.0042918454935622075,3630,3630,0,3270,3270,0,1940,1950,0,740,730,0.013513513513513487,150,150,0,,25020,25020,0,1
BT-HQ,53,178595,178641,0,195778,195834,0,220061,220126,0,259651,259731,0,236856,236925,0,230579,230643,0,198809,198855,0,212468,212519,0,210686,210736,0,204262,204310,0,207137,207190,0,177990,178031,0,,2532872,2533541,0,1
BT-HQ,530,0,3313,0,0,3426,0,0,3702,0,0,3984,0,0,3379,0,0,3428,0,0,3148,0,0,3202,0,0,3318,0,0,3217,0,0,3368,0,0,3336,0,,0,40821,0,1
BT-HQ,531,0,4356,0,0,4766,0,0,5204,0,0,5519,0,0,5183,0,0,5036,0,0,4718,0,0,5019,0,0,5076,0,0,4699,0,0,4470,0,0,4066,0,,0,58112,0,1
BT-HQ,532,0,1490,0,0,1637,0,0,1690,0,0,1746,0,0,1565,0,0,1512,0,0,1180,0,0,1321,0,0,1397,0,0,1303,0,0,1321,0,0,1214,0,,0,17376,0,1
BT-HQ,533,0,2583,0,0,2776,0,0,3121,0,0,3543,0,0,3241,0,0,3130,0,0,2409,0,0,2308,0,0,2396,0,0,2547,0,0,2756,0,0,2768,0,,0,33578,0,1
BT-HQ,534,0,2454,0,0,2595,0,0,2756,0,0,2759,0,0,2464,0,0,2619,0,0,2163,0,0,1880,0,0,1878,0,0,1939,0,0,2071,0,0,2089,0,,0,27667,0,1
BT-HQ,535,0,1135,0,0,1164,0,0,1171,0,0,1312,0,0,1040,0,0,1019,0,0,918,0,0,906,0,0,838,0,0,840,0,0,794,0,0,774,0,,0,11911,0,1
BT-HQ,536,0,782,0,0,944,0,0,1091,0,0,988,0,0,671,0,0,774,0,0,859,0,0,820,0,0,822,0,0,781,0,0,706,0,0,551,0,,0,9789,0,1
BT-HQ,537,0,4113,0,0,4268,0,0,4448,0,0,4659,0,0,4265,0,0,4372,0,0,3789,0,0,4058,0,0,4113,0,0,3971,0,0,3931,0,0,3836,0,,0,49823,0,1
BT-HQ,538,0,2760,0,0,3120,0,0,3840,0,0,4200,0,0,4230,0,0,4110,0,0,3480,0,0,3390,0,0,3600,0,0,2940,0,0,3180,0,0,3030,0,,0,41880,0,1
BT-HQ,539,0,1436,0,0,1786,0,0,2204,0,0,2433,0,0,2134,0,0,2032,0,0,1583,0,0,1572,0,0,1698,0,0,1732,0,0,1829,0,0,1789,0,,0,22228,0,1
BT-HQ,54,3751,4085,0,2220,2220,0,2657,2656,0.00037636432066234793,1888,1890,0,1694,1694,0,1423,1423,0,1567,1566,0.0006381620931716903,1534,1534,0,35242,35240,5.675046819131335e-05,2531,2530,0.0003951007506913795,1833,1833,0,1278,1277,0.0007824726134585402,,57618,57948,0,1
BT-HQ,540,0,5269,0,0,5949,0,0,6601,0,0,6887,0,0,6152,0,0,5761,0,0,5074,0,0,5326,0,0,5449,0,0,5100,0,0,5404,0,0,5387,0,,0,68359,0,1
BT-HQ,541,0,1253,0,0,1465,0,0,1577,0,0,1864,0,0,1447,0,0,1293,0,0,1137,0,0,1163,0,0,1156,0,0,1124,0,0,1267,0,0,1238,0,,0,15984,0,1
BT-HQ,542,0,1594,0,0,1713,0,0,1900,0,0,2226,0,0,2003,0,0,2005,0,0,1764,0,0,1745,0,0,1787,0,0,1815,0,0,1863,0,0,1685,0,,0,22100,0,1
BT-HQ,543,0,428,0,0,465,0,0,547,0,0,558,0,0,464,0,0,507,0,0,421,0,0,441,0,0,441,0,0,414,0,0,456,0,0,423,0,,0,5565,0,1
BT-HQ,544,0,2162,0,0,2751,0,0,3194,0,0,3613,0,0,3252,0,0,3035,0,0,2225,0,0,2555,0,0,2716,0,0,2482,0,0,2501,0,0,2297,0,,0,32783,0,1
BT-HQ,545,0,4315,0,0,5068,0,0,5450,0,0,5847,0,0,5222,0,0,5224,0,0,4754,0,0,4918,0,0,5360,0,0,5400,0,0,5115,0,0,5085,0,,0,61758,0,1
BT-HQ,546,0,1710,0,0,2108,0,0,2524,0,0,2814,0,0,2435,0,0,2322,0,0,1837,0,0,2016,0,0,2081,0,0,2003,0,0,0,,0,0,,,0,21850,0,1
BT-HQ,547,0,5065,0,0,5896,0,0,6343,0,0,6640,0,0,5864,0,0,5314,0,0,4288,0,0,4457,0,0,4676,0,0,4608,0,0,2189,0,0,4907,0,,0,60247,0,1
BT-HQ,548,0,1962,0,0,2214,0,0,2653,0,0,2893,0,0,2464,0,0,2458,0,0,1985,0,0,2221,0,0,2126,0,0,2103,0,0,2144,0,0,1933,0,,0,27156,0,1
BT-HQ,549,0,1413,0,0,1769,0,0,2006,0,0,1937,0,0,1658,0,0,1623,0,0,1300,0,0,1244,0,0,1608,0,0,2023,0,0,2087,0,0,1693,0,,0,20361,0,1
BT-HQ,054A,4568,4568,0,1406,1405,0.0007112375533427917,1455,1456,0,1245,1244,0.0008032128514056103,1498,1498,0,1369,1370,0,1103,1102,0.0009066183136899886,5150,5149,0.0001941747572815622,28762,28763,0,6497,6496,0.00015391719255042347,14251,14252,0,3222,3221,0.0003103662321539691,,70526,70524,2.8358335932843204e-05,1
BT-HQ,55,390320,390310,2.5620004099224936e-05,430530,430540,0,500190,500200,0,500190,500210,0,487690,487720,0,467720,467750,0,401730,401760,0,436200,436210,0,433080,433100,0,381910,381940,0,429590,429600,0,396380,396380,0,,5255530,5255720,0,1
BT-HQ,550,0,3260,0,0,3835,0,0,4998,0,0,5472,0,0,3855,0,0,3528,0,0,0,,0,0,,0,11542,0,0,2952,0,0,3071,0,0,2829,0,,0,45342,0,1
BT-HQ,551,0,848,0,0,900,0,0,1094,0,0,1040,0,0,947,0,0,926,0,0,747,0,0,859,0,0,995,0,0,859,0,0,803,0,0,768,0,,0,10786,0,1
BT-HQ,552,0,2294,0,0,2303,0,0,2629,0,0,2806,0,0,2456,0,0,2513,0,0,1969,0,0,2088,0,0,2092,0,0,1983,0,0,1965,0,0,1947,0,,0,27045,0,1
BT-HQ,553,0,4591,0,0,4625,0,0,4589,0,0,4627,0,0,4173,0,0,4671,0,0,4719,0,0,4166,0,0,4021,0,0,3955,0,0,3946,0,0,3734,0,,0,51817,0,1
BT-HQ,554,0,7403,0,0,7805,0,0,8071,0,0,0,,0,15189,0,0,7529,0,0,6706,0,0,7143,0,0,7169,0,0,6677,0,0,6971,0,0,6219,0,,0,86882,0,1
BT-HQ,555,0,701,0,0,723,0,0,791,0,0,819,0,0,741,0,0,727,0,0,719,0,0,766,0,0,780,0,0,792,0,0,727,0,0,715,0,,0,9001,0,1
BT-HQ,556,0,1558,0,0,1866,0,0,2179,0,0,2347,0,0,2147,0,0,2054,0,0,1763,0,0,1831,0,0,1767,0,0,1670,0,0,1552,0,0,1565,0,,0,22299,0,1
BT-HQ,557,0,1077,0,0,1171,0,0,1319,0,0,1398,0,0,1370,0,0,1217,0,0,1066,0,0,1154,0,0,1174,0,0,1109,0,0,1028,0,0,1101,0,,0,14184,0,1
BT-HQ,558,0,757,0,0,785,0,0,878,0,0,895,0,0,953,0,0,1014,0,0,922,0,0,1041,0,0,1045,0,0,1020,0,0,999,0,0,898,0,,0,11207,0,1
BT-HQ,559,0,2199,0,0,2395,0,0,2617,0,0,2570,0,0,2170,0,0,2155,0,0,1800,0,0,0,,0,0,,0,6325,0,0,2009,0,0,1790,0,,0,26030,0,1
BT-HQ,56,1245170,1245180,0,1335930,1335900,2.2456266421166937e-05,1403330,1404270,0,1582150,1584010,0,1532410,1534250,0,1327560,1329130,0,1150020,1151260,0,1300270,1301590,0,1171210,1172330,0,1046920,1047860,0,1005419,1006290,0,1060811,1061619,0,,15161200,15173689,0,1
BT-HQ,560,0,783,0,0,828,0,0,945,0,0,914,0,0,867,0,0,820,0,0,608,0,0,634,0,0,635,0,0,648,0,0,585,0,0,534,0,,0,8801,0,1
BT-HQ,561,0,2266,0,0,2113,0,0,2359,0,0,2634,0,0,2372,0,0,2077,0,0,1716,0,0,1770,0,0,1809,0,0,1730,0,0,1890,0,0,1927,0,,0,24663,0,1
BT-HQ,562,0,17628,0,0,18553,0,0,20070,0,0,20777,0,0,19730,0,0,19283,0,0,17415,0,0,18393,0,0,18200,0,0,17199,0,0,17558,0,0,16334,0,,0,221140,0,1
BT-HQ,056A,0,0,,0,0,,0,0,,0,0,,0,0,,0,0,,0,0,,0,0,,0,0,,0,58460,0,0,169430,0,0,159960,0,,0,387850,0,1
BT-HQ,57,60740,60740,0,62110,62110,0,53050,53050,0,17910,17920,0,280,270,0.0357142857142857,10140,10150,0,310,310,0,160,150,0.0625,130,130,0,1250,1250,0,6300,6310,0,9770,9770,0,,222150,222160,0,1
BT-HQ,579,0,1781,0,0,1871,0,0,2372,0,0,2406,0,0,1828,0,0,1539,0,0,1259,0,0,1449,0,0,1327,0,0,1400,0,0,1370,0,0,1271,0,,0,19873,0,1
BT-HQ,58,0,0,,0,0,,0,0,,0,0,,0,0,,0,0,,0,0,,0,0,,0,0,,0,0,,0,0,,0,0,,,0,0,,0
BT-HQ,580,0,628,0,0,635,0,0,688,0,0,744,0,0,846,0,0,1003,0,0,900,0,0,886,0,0,911,0,0,955,0,0,1013,0,0,937,0,,0,10146,0,1
BT-HQ,581,0,1369,0,0,1392,0,0,1450,0,0,1550,0,0,1379,0,0,1385,0,0,1200,0,0,1256,0,0,1199,0,0,1155,0,0,1325,0,0,1272,0,,0,15932,0,1
BT-HQ,582,0,6912,0,0,6971,0,0,7457,0,0,7644,0,0,6869,0,0,6421,0,0,5460,0,0,5500,0,0,6061,0,0,5153,0,0,5838,0,0,5926,0,,0,76212,0,1
BT-HQ,583,0,2167,0,0,2361,0,0,2578,0,0,2352,0,0,2263,0,0,2613,0,0,2043,0,0,2213,0,0,2336,0,0,2067,0,0,2049,0,0,1925,0,,0,26967,0,1
BT-HQ,584,0,6141,0,0,4972,0,0,6391,0,0,6430,0,0,5407,0,0,5139,0,0,4003,0,0,4232,0,0,6729,0,0,6582,0,0,5196,0,0,4540,0,,0,65762,0,1
BT-HQ,585,0,6960,0,0,7280,0,0,7980,0,0,7660,0,0,7340,0,0,7280,0,0,6060,0,0,6360,0,0,6880,0,0,6160,0,0,6200,0,0,5680,0,,0,81840,0,1
BT-HQ,586,0,4990,0,0,4854,0,0,5371,0,0,5181,0,0,4930,0,0,4698,0,0,4297,0,0,4382,0,0,4747,0,0,4552,0,0,4902,0,0,4491,0,,0,57395,0,1
BT-HQ,587,0,10971,0,0,11155,0,0,11522,0,0,10986,0,0,10678,0,0,10418,0,0,8389,0,0,8746,0,0,8706,0,0,7751,0,0,8879,0,0,8625,0,,0,116826,0,1
BT-HQ,588,0,3755,0,0,3644,0,0,4078,0,0,4305,0,0,3992,0,0,4110,0,0,3628,0,0,3449,0,0,3438,0,0,3207,0,0,3713,0,0,3408,0,,0,44727,0,1
BT-HQ,589,0,6832,0,0,7433,0,0,9213,0,0,8344,0,0,7132,0,0,7119,0,0,5703,0,0,5700,0,0,5408,0,0,5627,0,0,5635,0,0,5237,0,,0,79383,0,1
BT-HQ,59,124400,124380,0.0001607717041800516,132930,132900,0.00022568269013767406,167370,167330,0.00023899145605543737,186550,186490,0.00032162958992232316,177010,176960,0.0002824699169537981,173890,173850,0.00023003047903846774,155670,155620,0.00032119226569027326,157300,157260,0.0002542911633820477,195890,195840,0.00025524529072440405,147940,147910,0.00020278491280245614,159840,159810,0.00018768768768773203,0,0,,,1778790,1778350,0.00024735915987839086,1
BT-HQ,590,0,7483,0,0,7809,0,0,8603,0,0,8515,0,0,8238,0,0,8477,0,0,7678,0,0,8083,0,0,8126,0,0,7354,0,0,7487,0,0,7246,0,,0,95099,0,1
BT-HQ,591,0,2039,0,0,2290,0,0,2669,0,0,2471,0,0,2279,0,0,2355,0,0,1900,0,0,2165,0,0,2018,0,0,1725,0,0,1794,0,0,1629,0,,0,25334,0,1
BT-HQ,592,0,930,0,0,964,0,0,872,0,0,1010,0,0,1112,0,0,1085,0,0,841,0,0,755,0,0,801,0,0,716,0,0,889,0,0,865,0,,0,10840,0,1
BT-HQ,593,0,1457,0,0,1523,0,0,1662,0,0,1552,0,0,1395,0,0,1632,0,0,1391,0,0,1441,0,0,1460,0,0,1564,0,0,1661,0,0,1420,0,,0,18158,0,1
BT-HQ,594,0,200,0,0,264,0,0,565,0,0,702,0,0,582,0,0,675,0,0,604,0,0,595,0,0,500,0,0,521,0,0,432,0,0,460,0,,0,6100,0,1
BT-HQ,595,0,2442,0,0,2365,0,0,2712,0,0,2716,0,0,2436,0,0,2368,0,0,1758,0,0,1731,0,0,1702,0,0,1631,0,0,1733,0,0,2039,0,,0,25633,0,1
BT-HQ,596,0,1846,0,0,1859,0,0,2553,0,0,2242,0,0,1765,0,0,1632,0,0,1182,0,0,1310,0,0,1301,0,0,1352,0,0,1677,0,0,1755,0,,0,20474,0,1
BT-HQ,597,0,621,0,0,767,0,0,894,0,0,902,0,0,925,0,0,966,0,0,913,0,0,868,0,0,975,0,0,1042,0,0,1087,0,0,1019,0,,0,10979,0,1
BT-HQ,598,0,2313,0,0,1733,0,0,1855,0,0,1953,0,0,2172,0,0,2249,0,0,1027,0,0,800,0,0,957,0,0,1170,0,0,1605,0,0,1418,0,,0,19252,0,1
BT-HQ,599,0,5307,0,0,4522,0,0,4584,0,0,4964,0,0,5093,0,0,6162,0,0,5687,0,0,5068,0,0,4547,0,0,5400,0,0,5426,0,0,4490,0,,0,61250,0,1
BT-HQ,6,0,0,,0,0,,0,0,,0,0,,0,0,,0,0,,0,0,,0,0,,0,0,,0,0,,0,0,,0,0,,,0,0,,0
BT-HQ,60,35481,35480,2.8184098531558455e-05,37227,37227,0,43574,43575,0,44967,44969,0,34020,34023,0,33430,33432,0,31855,31856,0,31795,31795,0,59307,59312,0,59449,59441,0.00013456912647813457,68949,53232,0.2279510942870817,50299,46660,0.07234736277063158,,530353,511002,0.03648701902317886,1
BT-HQ,61,342540,342490,0.00014596835406088804,326320,326280,0.0001225790634959978,364450,364410,0.00010975442447525019,444780,444720,0.00013489815189526855,435480,435410,0.0001607421695600797,433060,433010,0.00011545744238672384,362430,362390,0.00011036613966830533,429530,429470,0.00013968756547855232,479370,479310,0.00012516427811504194,428430,428340,0.00021006932287659374,385380,385330,0.00012974207275939786,333910,333850,0.00017968913779164986,,4765680,4765010,0.00014058854140441834,1
BT-HQ,62,603809,603681,0.0002119875656043657,576170,576046,0.0002152142596802964,823468,823303,0.0002003720848897661,771798,771640,0.000204716778224312,558112,558005,0.00019171779141102796,509466,509369,0.0001903954336501812,411824,411743,0.00019668596293564988,480391,480303,0.00018318411460660489,718306,718164,0.00019768733659475402,701007,700856,0.00021540441108292008,742547,742377,0.00022894173702137088,650569,650435,0.00020597354008566882,,7547467,7545922,0.00020470443925091342,1
BT-HQ,63,0,0,,0,0,,0,0,,0,0,,0,0,,0,0,,700,700,0,0,0,,0,0,,0,0,,0,0,,0,0,,,700,700,0,1
BT-HQ,64,468641,468771,0,509709,509843,0,547695,547842,0,447648,447765,0,195746,195789,0,260937,260988,0,179320,179350,0,217558,217591,0,266737,266794,0,213416,213453,0,211652,211690,0,204749,204784,0,,3723808,3724660,0,1
BT-HQ,65,613504,613453,8.312904235341367e-05,548295,548209,0.000156849870963649,867460,867230,0.0002651419085606399,928240,928060,0.00019391536671553578,757010,756830,0.00023777757229093144,1117690,1117350,0.0003041988386761618,1197960,1197760,0.00016695048248693833,837270,837080,0.0002269279921650602,668950,668820,0.00019433440466398721,663040,662899,0.00021265685328186734,689440,689341,0.00014359480157810633,616210,616139,0.00011522046055723045,,9505069,9503171,0.0001996829270781708,1
BT-HQ,66,3137,3135,0.0006375518010838244,3276,3274,0.0006105006105006083,3760,3757,0.0007978723404254984,3983,4040,0,4336,4273,0.014529520295202936,3855,3853,0.0005188067444876765,3311,3308,0.0009060706735125601,0,0,,0,0,,0,0,,0,0,,0,0,,,25658,25640,0.0007015355834437687,0
BT-HQ,67,1918,2532,0,291,869,0,4945,5554,0,4046,4673,0,2891,3500,0,3518,4120,0,5863,6483,0,4920,5548,0,6053,6691,0,2322,2917,0,3426,4040,0,7585,8220,0,,47778,55147,0,1
BT-HQ,68,0,0,,0,0,,0,0,,0,0,,0,0,,0,0,,0,0,,0,0,,0,0,,0,0,,0,0,,0,0,,,0,0,,0
BT-HQ,69,0,0,,0,0,,0,0,,0,0,,0,0,,0,0,,0,0,,0,0,,0,0,,0,0,,0,0,,0,0,,,0,0,,0
BT-HQ,7,0,0,,0,0,,0,0,,0,0,,0,0,,0,0,,0,0,,0,0,,0,0,,0,0,,0,0,,0,0,,,0,0,,0
BT-HQ,70,0,0,,0,0,,0,0,,0,0,,0,0,,0,0,,0,0,,0,0,,0,0,,0,0,,0,0,,0,0,,,0,0,,0
BT-HQ,71,0,0,,0,0,,0,0,,0,0,,0,0,,0,0,,0,0,,0,0,,0,0,,0,0,,0,0,,0,0,,,0,0,,0
BT-HQ,72,75429,75444,0,64524,64545,0,66507,66523,0,59935,59948,0,51594,51610,0,48781,48799,0,44966,44978,0,54031,54048,0,62125,62141,0,74240,74262,0,81583,63193,0.22541460843558092,87351,77408,0.11382811873933896,,771066,742899,0.036529946852798645,1
BT-HQ,73,49742,49740,4.0207470548003776e-05,40489,40488,2.4698066141470854e-05,46461,46458,6.457028475492788e-05,40733,40732,2.4550119068100784e-05,43528,43526,4.5947436133064734e-05,44266,44265,2.259070166721333e-05,35542,35541,2.8135726745870393e-05,36961,36959,5.411109006792092e-05,40731,40731,0,44470,44468,4.497413986959131e-05,54179,54176,5.5372007604415074e-05,46768,46768,0,,523870,523852,3.435966938358792e-05,1
BT-HQ,74,6218,6214,0.0006432936635574205,7052,7047,0.0007090187180941454,4819,4816,0.0006225357958082878,5312,5309,0.0005647590361446131,7367,7362,0.0006787023211619614,8634,8628,0.0006949270326616075,8588,8583,0.0005822077317186869,7488,7483,0.0006677350427350959,7661,7658,0.00039159378671194123,7261,7256,0.0006886103842446145,8073,8068,0.0006193484454354303,7071,7067,0.0005656908499505064,,85544,85491,0.0006195642008790525,1
BT-HQ,75,0,0,,0,0,,0,0,,0,0,,0,0,,0,0,,0,0,,0,0,,0,0,,0,0,,0,0,,0,0,,,0,0,,0
BT-HQ,76,5955,6635,0,12844,13529,0,70026,71234,0,1431,2061,0,1376,1956,0,1353,1980,0,1449,2035,0,1688,2271,0,49256,50274,0,84378,85855,0,39494,27584,0.3015647946523523,7484,6930,0.07402458578300375,,276734,272344,0.015863609097544917,1
BT-HQ,77,219001,219114,0,241224,241344,0,224894,225009,0,113082,113143,0,91217,91278,0,88165,88207,0,87135,87193,0,19134,19145,0,213355,213474,0,250516,250657,0,291243,291403,0,274342,274484,0,,2113308,2114451,0,1
BT-HQ,78,0,0,,0,0,,0,0,,0,0,,0,0,,0,0,,0,0,,0,0,,0,0,,0,0,,0,0,,0,0,,,0,0,,0
BT-HQ,79,0,0,,0,0,,0,0,,0,0,,0,0,,0,0,,0,0,,0,0,,0,0,,0,0,,0,0,,0,0,,,0,0,,0
BT-HQ,8,0,0,,0,0,,0,0,,0,0,,0,0,,0,0,,0,0,,0,0,,0,0,,0,0,,0,0,,0,0,,,0,0,,0
BT-HQ,80,0,0,,0,0,,0,0,,0,0,,0,0,,0,0,,0,0,,0,0,,0,0,,0,0,,0,0,,0,0,,,0,0,,0
BT-HQ,81,0,0,,0,0,,0,0,,0,0,,0,0,,0,0,,0,0,,0,0,,0,0,,0,0,,0,0,,0,0,,,0,0,,0
BT-HQ,816,0,0,,0,0,,0,0,,0,0,,0,0,,0,0,,0,0,,0,0,,0,0,,0,0,,0,0,,0,0,,,0,0,,0
BT-HQ,82,0,0,,0,0,,0,0,,0,0,,0,0,,0,0,,0,0,,0,0,,0,0,,0,0,,0,0,,0,0,,,0,0,,0
BT-HQ,83,0,0,,0,0,,0,0,,0,0,,0,0,,0,0,,0,0,,0,0,,0,0,,0,0,,0,0,,0,0,,,0,0,,0
BT-HQ,84,0,0,,0,0,,0,0,,0,0,,0,0,,0,0,,0,0,,0,0,,0,0,,0,0,,0,0,,0,0,,,0,0,,0
BT-HQ,85,0,0,,0,0,,0,0,,0,0,,0,0,,0,0,,0,0,,0,0,,0,0,,0,0,,0,0,,0,0,,,0,0,,0
BT-HQ,86,0,0,,0,0,,0,0,,0,0,,0,0,,0,0,,0,0,,0,0,,0,0,,0,0,,0,0,,0,0,,,0,0,,0
BT-HQ,87,0,0,,0,0,,0,0,,0,0,,0,0,,0,0,,0,0,,0,0,,0,0,,0,0,,0,0,,0,0,,,0,0,,0
BT-HQ,087A,0,0,,0,0,,0,0,,0,0,,0,0,,0,0,,0,0,,0,0,,0,0,,0,0,,0,0,,0,0,,,0,0,,0
BT-HQ,88,0,0,,0,0,,0,0,,0,0,,0,0,,0,0,,0,0,,0,0,,0,0,,0,0,,0,0,,0,0,,,0,0,,0
BT-HQ,89,0,0,,0,0,,0,0,,0,0,,0,0,,0,0,,0,0,,0,0,,0,0,,0,0,,0,0,,0,0,,,0,0,,0
BT-HQ,9,0,0,,0,0,,0,0,,0,0,,0,0,,0,0,,0,0,,0,0,,0,0,,0,0,,0,0,,0,0,,,0,0,,0
BT-HQ,90,0,0,,0,0,,0,0,,0,0,,0,0,,0,0,,0,0,,0,0,,0,0,,0,0,,0,0,,0,0,,,0,0,,0
BT-HQ,91,37730,37720,0.00026504108136760074,14790,14770,0.0013522650439485862,0,0,,0,0,,1190,1200,0,10460,10460,0,5760,5750,0.0017361111111111605,40,40,0,0,0,,0,0,,0,0,,0,0,,,69970,69940,0.0004287551807917733,1
BT-HQ,92,0,0,,0,0,,0,0,,0,0,,0,0,,0,0,,0,0,,0,0,,0,0,,0,0,,0,0,,0,0,,,0,0,,0
BT-HQ,93,0,0,,0,0,,0,0,,0,0,,0,0,,0,0,,0,0,,0,0,,0,0,,0,0,,0,0,,0,0,,,0,0,,0
BT-HQ,093A,0,0,,0,0,,0,0,,0,0,,0,0,,0,0,,0,0,,0,0,,0,0,,0,0,,0,0,,0,0,,,0,0,,0
BT-HQ,94,53420,53410,0.00018719580681392234,58050,58030,0.0003445305770887197,52160,52160,0,65310,65300,0.0001531159087428957,51210,51200,0.00019527436047650504,68870,68870,0,45200,45210,0,44570,44590,0,43520,43580,0,45980,46280,0,62630,63110,0,37440,37590,0,,628360,629330,0,1
BT-HQ,95,34710,34725,0,33540,33552,0,38422,38442,0,32834,32829,0.00015228117195587032,35455,35505,0,32264,32277,0,30335,30354,0,32324,32341,0,38066,38091,0,35611,35632,0,38858,38877,0,34843,34862,0,,417262,417487,0,1
BT-HQ,095A,7150,7150,0,7840,7840,0,9070,9060,0.0011025358324145973,159220,159130,0.0005652556211531712,125790,125720,0.0005564830272676291,9060,9060,0,8510,8510,0,9560,9550,0.0010460251046024993,9550,9550,0,278820,278710,0.0003945197618535623,286130,286040,0.00031454234089400845,75990,75970,0.00026319252533224535,,986690,986290,0.0004053958183420914,1
BT-HQ,96,19573,19550,0.001175088131609825,21086,21087,0,27138,27129,0.0003316382931682904,18106,18097,0.0004970727935490471,23902,23895,0.00029286252196469853,23723,23709,0.0005901445854233911,27530,27524,0.0002179440610243777,23581,23571,0.000424070226029416,25534,25526,0.0003133077465340417,19606,19598,0.00040803835560543344,26419,26405,0.0005299216472992585,24631,24622,0.00036539320368644823,,280829,280713,0.0004130627534905118,1
BT-HQ,97,11647,11650,0,20975,20983,0,20385,20392,0,18883,18891,0,9628,9633,0,13759,13764,0,6336,6339,0,3976,3979,0,4149,4150,0,3519,3520,0,4078,4078,0,15541,15547,0,,132876,132926,0,1
BT-HQ,98,166932,228394,0,227708,227835,0,120520,120693,0,2148,2028,0.05586592178770955,1014,1035,0,1040,1040,0,261,262,0,0,9034,0,0,0,,0,0,,0,0,,0,0,,,519623,590321,0,1
BT-HQ,99,1699410,1698820,0.0003471793151741398,1470090,1469560,0.0003605221449026752,1432460,1432050,0.00028622090669194744,593560,593320,0.0004043399150885918,0,0,,0,0,,0,0,,0,0,,0,0,,0,0,,0,0,,371930,371730,0.0005377355954077068,,5567450,5565480,0.00035384242337155314,1
BT-HQ,10,0,0,,0,0,,0,0,,0,0,,0,0,,0,0,,0,0,,0,0,,0,0,,0,0,,0,0,,0,0,,,0,0,,0
BT-HQ,100,104897,96075,0.08410154723204666,104936,95424,0.09064572691926509,124875,112121,0.10213413413413408,152535,135988,0.10848002097879172,137569,122371,0.11047547049117168,148463,133721,0.09929746805601392,124860,113946,0.08740989908697738,139596,126364,0.09478781626980715,142862,130014,0.08993294227996251,126806,115610,0.08829235209690389,136614,126143,0.07664661015708496,125004,115575,0.07542958625323992,,1569017,1423352,0.09283838224824847,202
BT-HQ,1000,0,2684,0,0,3263,0,0,3665,0,0,4261,0,0,3416,0,0,3074,0,0,2586,0,0,2838,0,0,2792,0,0,2958,0,0,3075,0,0,2587,0,,0,37199,0,1
BT-HQ,1001,0,2527,0,0,2874,0,0,3445,0,0,4252,0,0,4193,0,0,3626,0,0,3335,0,0,3497,0,0,3368,0,0,3318,0,0,3693,0,0,3215,0,,0,41343,0,1
BT-HQ,1002,0,1166,0,0,1143,0,0,1301,0,0,1503,0,0,1408,0,0,1419,0,0,1032,0,0,1092,0,0,1123,0,0,1063,0,0,1089,0,0,1263,0,,0,14602,0,1
BT-HQ,1003,0,2412,0,0,2384,0,0,2693,0,0,3318,0,0,2833,0,0,2746,0,0,2449,0,0,2645,0,0,2643,0,0,2649,0,0,2772,0,0,2413,0,,0,31957,0,1
BT-HQ,1004,0,740,0,0,900,0,0,980,0,0,1240,0,0,1080,0,0,940,0,0,760,0,0,920,0,0,863,0,0,943,0,0,978,0,0,790,0,,0,11134,0,1
BT-HQ,1005,0,1267,0,0,1237,0,0,1315,0,0,1625,0,0,1442,0,0,1619,0,0,1577,0,0,1762,0,0,1733,0,0,1660,0,0,1731,0,0,1472,0,,0,18440,0,1
BT-HQ,1006,0,1745,0,0,1661,0,0,1799,0,0,1726,0,0,1514,0,0,1463,0,0,1251,0,0,1208,0,0,1324,0,0,1356,0,0,1279,0,0,1401,0,,0,17727,0,1
BT-HQ,1007,0,413,0,0,490,0,0,554,0,0,641,0,0,600,0,0,526,0,0,479,0,0,468,0,0,475,0,0,495,0,0,498,0,0,492,0,,0,6131,0,1
BT-HQ,1008,0,1932,0,0,2031,0,0,2219,0,0,2477,0,0,2837,0,0,1866,0,0,1655,0,0,1830,0,0,2048,0,0,2006,0,0,1965,0,0,1643,0,,0,24509,0,1
BT-HQ,1009,0,4955,0,0,6090,0,0,7236,0,0,7621,0,0,6369,0,0,5305,0,0,4645,0,0,4512,0,0,4326,0,0,4550,0,0,4708,0,0,4626,0,,0,64943,0,1
BT-HQ,101,24763,24440,0.013043653838387903,27022,26986,0.0013322477980904912,31304,30627,0.021626629184768764,37551,37089,0.012303267556123654,32117,31678,0.013668773546719803,35698,35309,0.010896969017872182,29246,28856,0.013335156944539461,30444,30075,0.01212061489948757,30620,30168,0.014761593729588518,23626,23230,0.016761195293320874,27131,26634,0.01831852862039729,25802,25438,0.014107433532284275,,355324,350530,0.013491911607434348,5
BT-HQ,1010,0,2019,0,0,2229,0,0,2585,0,0,2922,0,0,2502,0,0,2321,0,0,1938,0,0,1992,0,0,1880,0,0,2017,0,0,2372,0,0,2268,0,,0,27045,0,1
BT-HQ,1011,0,5065,0,0,5209,0,0,5385,0,0,5596,0,0,5196,0,0,5255,0,0,4976,0,0,4963,0,0,5288,0,0,5227,0,0,5385,0,0,5070,0,,0,62615,0,1
BT-HQ,1012,0,1565,0,0,1760,0,0,2097,0,0,2402,0,0,2260,0,0,1752,0,0,1141,0,0,824,0,0,792,0,0,830,0,0,962,0,0,913,0,,0,17298,0,1
BT-HQ,1013,0,6444,0,0,6950,0,0,7853,0,0,9153,0,0,8719,0,0,6604,0,0,5768,0,0,7306,0,0,8428,0,0,5813,0,0,5313,0,0,5020,0,,0,83371,0,1
BT-HQ,1014,0,1602,0,0,1828,0,0,1947,0,0,3385,0,0,2167,0,0,2122,0,0,1614,0,0,1645,0,0,1884,0,0,2040,0,0,1523,0,0,1143,0,,0,22900,0,1
BT-HQ,1015,0,890,0,0,981,0,0,940,0,0,1030,0,0,995,0,0,0,,0,0,,0,3052,0,0,1240,0,0,1330,0,0,1392,0,0,1128,0,,0,12978,0,1
BT-HQ,1016,0,1588,0,0,1814,0,0,1988,0,0,2302,0,0,1900,0,0,1810,0,0,1682,0,0,3352,0,0,2291,0,0,2045,0,0,2143,0,0,1926,0,,0,24841,0,1
BT-HQ,1017,0,846,0,0,954,0,0,983,0,0,983,0,0,822,0,0,806,0,0,679,0,0,802,0,0,815,0,0,903,0,0,1114,0,0,894,0,,0,10601,0,1
BT-HQ,1018,0,18564,0,0,7015,0,0,13565,0,0,6595,0,0,1460,0,0,1373,0,0,1646,0,0,3795,0,0,6381,0,0,17419,0,0,4453,0,0,453,0,,0,82719,0,1
BT-HQ,1019,0,5570,0,0,5893,0,0,6469,0,0,7418,0,0,6305,0,0,5922,0,0,5465,0,0,5717,0,0,5980,0,0,6215,0,0,6271,0,0,5949,0,,0,73174,0,1
BT-HQ,101F,0,0,,0,0,,0,0,,0,0,,0,0,,0,0,,0,0,,0,0,,0,0,,0,0,,0,0,,0,0,,,0,0,,0
BT-HQ,102,0,20071,0,0,20249,0,0,20182,0,0,20910,0,0,20815,0,0,20866,0,0,19566,0,0,19730,0,0,20362,0,0,18630,0,0,20396,0,0,20772,0,,0,242549,0,1
BT-HQ,1020,0,906,0,0,987,0,0,1192,0,0,1505,0,0,1397,0,0,1124,0,0,987,0,0,1093,0,780,1014,0,1120,1145,0,1120,1152,0,1000,1014,0,,4020,13516,0,1
BT-HQ,1021,0,4128,0,0,4539,0,0,5014,0,0,5482,0,0,5084,0,0,3972,0,0,3238,0,0,3769,0,0,4094,0,0,4091,0,0,4300,0,0,3733,0,,0,51444,0,1
BT-HQ,1022,0,5725,0,0,6675,0,0,7193,0,0,7803,0,0,6732,0,0,6174,0,0,5356,0,0,5610,0,0,5642,0,0,6024,0,0,6350,0,0,5796,0,,0,75080,0,1
BT-HQ,1023,0,2629,0,0,2282,0,0,2116,0,0,2330,0,0,1823,0,0,1977,0,0,1817,0,0,1693,0,0,1799,0,0,1675,0,0,2790,0,0,2278,0,,0,25209,0,1
BT-HQ,1024,0,5332,0,0,5758,0,0,6465,0,0,7286,0,0,6496,0,0,6330,0,0,2529,0,0,0,,0,17517,0,0,7085,0,0,7277,0,0,6684,0,,0,78759,0,1
BT-HQ,1025,0,744,0,0,798,0,0,936,0,0,1007,0,0,955,0,0,831,0,0,719,0,0,760,0,0,759,0,0,735,0,0,759,0,0,837,0,,0,9840,0,1
BT-HQ,1026,0,4390,0,0,4839,0,0,5530,0,0,6310,0,0,5769,0,0,5409,0,0,4596,0,0,4990,0,0,4777,0,0,4896,0,0,5095,0,0,4862,0,,0,61463,0,1
BT-HQ,1027,0,1202,0,0,1160,0,0,1168,0,0,1491,0,0,1222,0,0,1197,0,0,1154,0,0,1180,0,0,1213,0,0,1292,0,0,1340,0,0,1100,0,,0,14719,0,1
BT-HQ,1028,0,750,0,0,769,0,0,858,0,0,994,0,0,768,0,0,742,0,0,573,0,0,598,0,0,557,0,0,514,0,0,628,0,0,603,0,,0,8354,0,1
BT-HQ,1029,0,5370,0,0,5306,0,0,5718,0,0,6312,0,0,5754,0,0,5367,0,0,4827,0,0,4896,0,0,4813,0,0,4905,0,0,5569,0,0,5234,0,,0,64071,0,1
BT-HQ,103,12160,12443,0,13200,13457,0,14120,14380,0,12560,12802,0,14000,14230,0,14840,15111,0,12080,12363,0,13080,13325,0,14000,14244,0,12200,12400,0,13320,13610,0,12040,12291,0,,157600,160656,0,1
BT-HQ,1030,0,1625,0,0,1761,0,0,2239,0,0,2376,0,0,1895,0,0,1866,0,0,1625,0,0,1705,0,0,1603,0,0,1605,0,0,1534,0,0,1490,0,,0,21324,0,1
BT-HQ,1031,0,2337,0,0,2778,0,0,2764,0,0,3404,0,0,2652,0,0,2618,0,0,2298,0,0,2526,0,0,2450,0,0,2384,0,0,2474,0,0,2457,0,,0,31142,0,1
BT-HQ,1032,0,918,0,0,988,0,0,1069,0,0,1411,0,0,1211,0,0,1101,0,0,1012,0,0,1098,0,0,1008,0,0,1136,0,0,1230,0,0,1088,0,,0,13270,0,1
BT-HQ,1033,0,553,0,0,587,0,0,661,0,0,744,0,0,634,0,0,610,0,0,644,0,0,774,0,0,720,0,0,720,0,0,728,0,0,632,0,,0,8007,0,1
BT-HQ,1034,0,1051,0,0,1142,0,0,1186,0,0,1266,0,0,1014,0,0,1024,0,0,991,0,0,1094,0,0,1146,0,0,1082,0,0,1284,0,0,1073,0,,0,13353,0,1
BT-HQ,1036,0,3017,0,0,4431,0,0,4428,0,0,4340,0,0,3860,0,0,3646,0,0,3112,0,0,3693,0,0,3597,0,0,3793,0,0,3600,0,0,3059,0,,0,44576,0,1
BT-HQ,1037,5244,5243,0.0001906941266208717,9452,9448,0.00042319085907749354,6641,6642,0,15134,15133,6.607638430022877e-05,12607,12607,0,17389,17387,0.00011501523951928938,8347,8347,0,7520,7520,0,5196,5192,0.0007698229407235857,7273,7275,0,4465,4465,0,13154,13153,7.602250266081079e-05,,112422,112412,8.89505612780006e-05,1
BT-HQ,1038,0,1883,0,0,1870,0,0,2084,0,0,2670,0,0,1982,0,0,1864,0,0,1552,0,0,1653,0,0,1754,0,0,1864,0,0,1610,0,0,1741,0,,0,22527,0,1
BT-HQ,1039,0,4891,0,0,4712,0,0,6631,0,0,7118,0,0,6489,0,0,6100,0,0,5449,0,0,5757,0,0,5216,0,0,5120,0,0,5031,0,0,4408,0,,0,66922,0,1
BT-HQ,104,84067,80541,0.04194273615092725,96240,92052,0.04351620947630919,105114,100166,0.04707270201876057,132190,126069,0.046304561615855944,127089,120765,0.049760404126242275,122203,116595,0.04589085374336144,95112,90802,0.04531499705610231,105069,100449,0.043971104702624,102579,98018,0.04446329170687957,96211,91849,0.04533785118125788,101712,97339,0.04299394368412768,86531,82895,0.04201962302527418,,1254117,1197540,0.045113015771255816,549
BT-HQ,1040,0,2697,0,0,2466,0,0,3176,0,0,3137,0,0,3312,0,0,3189,0,0,2742,0,0,2249,0,0,2182,0,0,2029,0,0,2217,0,0,2433,0,,0,31829,0,1
BT-HQ,1041,0,980,0,0,960,0,0,1120,0,0,1340,0,0,1240,0,0,1000,0,0,800,0,0,1020,0,0,1020,0,0,1060,0,0,980,0,0,860,0,,0,12380,0,1
BT-HQ,1042,0,1845,0,0,1385,0,0,1741,0,0,2978,0,0,1734,0,0,1156,0,0,1240,0,0,1047,0,0,825,0,0,905,0,0,1220,0,0,1346,0,,0,17422,0,1
BT-HQ,1043,0,2342,0,0,2512,0,0,2753,0,0,3187,0,0,3041,0,0,2536,0,0,2154,0,0,2520,0,0,2436,0,0,2411,0,0,2326,0,0,1962,0,,0,30180,0,1
BT-HQ,1044,0,1328,0,0,1419,0,0,1533,0,0,1826,0,0,1743,0,0,1439,0,0,1196,0,0,1283,0,0,1290,0,0,1286,0,0,1283,0,0,1119,0,,0,16745,0,1
BT-HQ,1045,0,940,0,0,981,0,0,1140,0,0,1278,0,0,1015,0,0,1002,0,0,807,0,0,974,0,0,974,0,0,1005,0,0,1025,0,0,921,0,,0,12062,0,1
BT-HQ,1046,0,567,0,0,571,0,0,621,0,0,757,0,0,647,0,0,599,0,0,529,0,0,604,0,0,609,0,0,619,0,0,566,0,0,470,0,,0,7159,0,1
BT-HQ,1047,1638,1637,0.0006105006105006083,1761,1760,0.0005678591709256109,1855,1854,0.0005390835579515141,2301,2299,0.0008691873098652936,2091,2090,0.0004782400765184214,53508,53506,3.737758839794658e-05,72903,72906,0,73743,73743,0,71290,71293,0,70700,70702,0,70437,70439,0,69942,69946,0,,492169,492175,0,1
BT-HQ,1048,0,1011,0,0,1067,0,0,1196,0,0,1279,0,0,1124,0,0,995,0,0,867,0,0,930,0,0,861,0,0,852,0,0,938,0,0,839,0,,0,11959,0,1
BT-HQ,1049,0,2122,0,0,911,0,0,935,0,0,1083,0,0,865,0,0,783,0,0,720,0,0,0,,0,0,,0,2290,0,0,804,0,0,828,0,,0,11341,0,1
BT-HQ,105,58664,56930,0.029558161734624333,67538,65578,0.029020699458082833,73258,71113,0.02928007862622517,88722,85896,0.03185230269831607,85468,81652,0.04464828941826182,86428,83811,0.030279539038274628,70467,69331,0.016121021187222362,80046,77418,0.03283112210478978,76889,74679,0.028742733030732603,71215,69481,0.024348802920732937,76946,74743,0.028630468120500074,64032,62259,0.0276892803598201,,899673,872891,0.0297685937001555,368
BT-HQ,1050,0,247,0,0,210,0,0,263,0,0,281,0,0,253,0,0,176,0,0,154,0,0,162,0,0,160,0,0,136,0,0,134,0,0,125,0,,0,2301,0,1
BT-HQ,1051,0,2204,0,0,2604,0,0,2786,0,0,2874,0,0,2771,0,0,2274,0,0,1983,0,0,1975,0,0,1670,0,0,1798,0,0,1816,0,0,1551,0,,0,26306,0,1
BT-HQ,1052,0,1033,0,0,1303,0,0,1248,0,0,1269,0,0,935,0,0,896,0,0,760,0,0,836,0,0,804,0,0,835,0,0,958,0,0,859,0,,0,11736,0,1
BT-HQ,1053,0,0,,0,0,,0,0,,0,0,,0,0,,0,0,,0,0,,0,0,,0,0,,0,0,,0,0,,0,0,,,0,0,,0
BT-HQ,1054,0,514,0,0,466,0,0,513,0,0,673,0,0,542,0,0,552,0,0,586,0,0,542,0,0,540,0,0,555,0,0,445,0,0,363,0,,0,6291,0,1
BT-HQ,1055,0,2280,0,0,2460,0,0,2780,0,0,3420,0,0,2860,0,0,2760,0,0,2440,0,0,2460,0,0,2800,0,0,2780,0,0,2100,0,0,2160,0,,0,31300,0,1
BT-HQ,1056,0,649,0,0,847,0,0,1094,0,0,1123,0,0,721,0,0,655,0,0,502,0,0,620,0,0,640,0,0,611,0,0,665,0,0,553,0,,0,8680,0,1
BT-HQ,1057,0,1666,0,0,1890,0,0,2108,0,0,2654,0,0,2231,0,0,2107,0,0,1958,0,0,2005,0,0,2086,0,0,2036,0,0,2009,0,0,1677,0,,0,24427,0,1
BT-HQ,1058,0,1920,0,0,1820,0,0,2460,0,0,2500,0,0,2380,0,0,2300,0,0,1500,0,0,1860,0,0,2640,0,0,2380,0,0,1960,0,0,1700,0,,0,25420,0,1
BT-HQ,1059,0,1360,0,0,680,0,0,0,,0,0,,0,5043,0,0,1862,0,0,1707,0,0,1770,0,0,1755,0,0,1725,0,0,1696,0,0,1447,0,,0,19045,0,1
BT-HQ,106,67284,65464,0.027049521431543933,76463,74177,0.02989681283758161,82559,79806,0.03334584963480658,97611,94801,0.028787739086783226,92033,88842,0.03467234578901046,85374,82829,0.029810012415958043,69972,68007,0.028082661636082973,79361,77084,0.02869167475208223,75875,73571,0.030365733113673854,69358,67343,0.02905216413391387,78613,76451,0.02750181267729257,69584,67457,0.030567371809611443,,944087,915832,0.029928385837322158,170
BT-HQ,1060,0,0,,0,0,,0,0,,0,0,,0,0,,0,0,,0,0,,0,0,,0,0,,0,0,,0,0,,0,0,,,0,0,,0
BT-HQ,1061,0,1731,0,0,2177,0,0,2429,0,0,2844,0,0,2414,0,0,2178,0,0,2256,0,0,2323,0,0,2149,0,0,1903,0,0,1963,0,0,1637,0,,0,26004,0,1
BT-HQ,1063,0,732,0,0,762,0,0,894,0,0,1234,0,0,1083,0,0,879,0,0,755,0,0,757,0,0,653,0,0,811,0,0,956,0,0,789,0,,0,10305,0,1
BT-HQ,1065,0,794,0,0,944,0,0,1256,0,0,1229,0,0,1217,0,0,767,0,0,698,0,0,793,0,0,688,0,0,644,0,0,696,0,0,756,0,,0,10482,0,1
BT-HQ,1066,0,381,0,0,339,0,0,350,0,0,309,0,0,261,0,0,220,0,0,157,0,0,173,0,0,198,0,0,201,0,0,250,0,0,248,0,,0,3087,0,1
BT-HQ,1067,0,15515,0,0,25611,0,0,26952,0,0,13888,0,0,17133,0,0,18052,0,0,20559,0,0,18404,0,0,23838,0,0,16786,0,0,11241,0,0,15296,0,,0,223275,0,1
BT-HQ,1068,0,6096,0,0,6446,0,0,6240,0,0,5899,0,0,4348,0,0,4757,0,0,4195,0,0,4314,0,0,3968,0,0,4219,0,0,4510,0,0,3973,0,,0,58965,0,1
BT-HQ,1069,0,35318,0,0,37585,0,0,40354,0,0,47057,0,0,40706,0,0,11207,0,0,0,,0,0,,0,0,,0,0,,0,0,,0,0,,,0,212227,0,0
BT-HQ,107,72952,70590,0.03237745366816536,81000,79834,0.014395061728395109,92060,91050,0.010971105800564818,105221,102581,0.025090048564450074,103061,100831,0.021637670893936645,100086,97710,0.023739583957796295,82452,79504,0.03575413573958186,87916,85532,0.027116793302698006,86118,83673,0.028391277084929945,73518,71322,0.029870235860605554,80832,78864,0.02434679334916867,69066,67928,0.016476993021168118,,1034282,1009419,0.024038898482232174,141
BT-HQ,1070,0,3756,0,0,3928,0,0,4813,0,0,5487,0,0,7009,0,0,8331,0,0,7698,0,0,7754,0,0,7718,0,0,7851,0,0,8200,0,0,7804,0,,0,80349,0,1
BT-HQ,1071,0,430,0,0,375,0,0,448,0,0,492,0,0,431,0,0,355,0,0,254,0,0,252,0,0,223,0,0,231,0,0,268,0,0,255,0,,0,4014,0,1
BT-HQ,1072,0,3379,0,0,3629,0,0,4124,0,0,4660,0,0,4203,0,0,3991,0,0,3091,0,0,3151,0,0,3007,0,0,3096,0,0,2908,0,0,2701,0,,0,41940,0,1
BT-HQ,1073,0,4931,0,0,-932,,0,2222,0,0,2345,0,0,1908,0,0,1929,0,0,1860,0,0,2171,0,0,1942,0,0,2097,0,1268,2080,0,1886,1906,0,,3154,24459,0,1
BT-HQ,1074,0,1762,0,0,1713,0,0,2140,0,0,2202,0,0,1926,0,0,1924,0,0,1448,0,0,1635,0,0,1619,0,0,1566,0,0,1674,0,0,1549,0,,0,21158,0,1
BT-HQ,1075,0,3407,0,0,3006,0,0,3025,0,0,3057,0,0,2376,0,0,2113,0,0,1901,0,0,2024,0,0,2057,0,0,2025,0,0,2124,0,0,2027,0,,0,29142,0,1
BT-HQ,1076,0,1392,0,0,1361,0,0,1508,0,0,1758,0,0,1454,0,0,1480,0,0,1397,0,0,1592,0,0,1557,0,0,1689,0,0,1701,0,0,1507,0,,0,18396,0,1
BT-HQ,1077,0,4199,0,0,3968,0,0,4380,0,0,5220,0,0,5000,0,0,4315,0,0,4272,0,0,4868,0,0,4584,0,0,4533,0,0,4239,0,0,4113,0,,0,53691,0,1
BT-HQ,1078,0,6012,0,0,6069,0,0,6896,0,0,8149,0,0,7103,0,0,6144,0,0,5484,0,0,6268,0,0,5955,0,0,6306,0,0,6286,0,0,5621,0,,0,76293,0,1
BT-HQ,1079,0,1328,0,0,1494,0,0,1655,0,0,2199,0,0,1630,0,0,1603,0,0,1548,0,0,1699,0,0,1852,0,0,1982,0,0,1935,0,0,1804,0,,0,20729,0,1
BT-HQ,108,93807,88527,0.0562857782468259,99587,95225,0.04380089770753215,117042,110851,0.052895541771329935,131390,124530,0.05221097496004257,133690,126512,0.05369137557034931,127873,121166,0.05245047820884785,101867,97412,0.04373349563646711,105043,100613,0.04217320525879875,111557,106669,0.043816165726937806,93304,89104,0.04501414730343822,103163,98640,0.04384323837034598,90191,86018,0.046268474681509186,,1308514,1245267,0.04833498151338078,339
BT-HQ,1080,0,1177,0,0,1144,0,0,1115,0,0,1194,0,0,1020,0,0,1164,0,0,1080,0,0,1088,0,0,1132,0,0,1106,0,0,1114,0,0,968,0,,0,13302,0,1
BT-HQ,1081,0,507,0,0,763,0,0,1025,0,0,983,0,0,1166,0,0,1208,0,0,1735,0,0,2438,0,0,2147,0,0,1750,0,0,2190,0,0,2256,0,,0,18168,0,1
BT-HQ,1082,0,0,,0,0,,0,0,,0,0,,0,0,,0,0,,0,0,,0,0,,0,0,,0,0,,0,0,,0,0,,,0,0,,0
BT-HQ,1083,0,13397,0,0,12721,0,0,2174,0,0,14764,0,0,16775,0,0,10371,0,0,11212,0,0,2743,0,0,1020,0,0,4627,0,0,3496,0,0,3305,0,,0,96605,0,1
BT-HQ,1084,0,2134,0,0,2430,0,0,2810,0,0,3276,0,0,2725,0,0,2822,0,0,3205,0,0,2635,0,0,2367,0,0,2442,0,0,2313,0,0,2172,0,,0,31331,0,1
BT-HQ,1085,0,1462,0,0,1741,0,0,1822,0,0,2035,0,0,1661,0,0,1766,0,0,0,,0,3192,0,0,1414,0,0,1550,0,0,1604,0,0,1608,0,,0,19855,0,1
BT-HQ,1086,989,1016,0,1017,1048,0,1242,1277,0,1418,1462,0,1472,1517,0,1398,1441,0,1070,1101,0,1108,1142,0,1172,1207,0,1099,1133,0,1167,1201,0,1071,1101,0,,14223,14646,0,1
BT-HQ,1087,101,109,0,124,115,0.07258064516129037,131,131,0,188,191,0,149,150,0,110,110,0,111,111,0,116,117,0,128,128,0,111,111,0,138,139,0,99,98,0.010101010101010055,,1506,1510,0,1
BT-HQ,1088,49,42,0.1428571428571429,103,97,0.058252427184465994,395,407,0,529,548,0,521,538,0,460,476,0,359,370,0,343,355,0,361,378,0,423,441,0,500,519,0,411,426,0,,4454,4597,0,1
BT-HQ,1089,15,11,0.2666666666666667,34,31,0.08823529411764708,42,38,0.09523809523809523,43,38,0.11627906976744184,22,17,0.2272727272727273,21,15,0.2857142857142857,26,21,0.1923076923076923,21,13,0.38095238095238093,19,11,0.42105263157894735,20,16,0.19999999999999996,27,24,0.11111111111111116,12,7,0.41666666666666663,,302,242,0.19867549668874174,1
BT-HQ,108A,2014,2035,0,1575,1599,0,2310,2326,0,2358,2369,0,2086,2097,0,1508,1529,0,1225,1251,0,1604,1629,0,1481,1512,0,1285,1314,0,1493,1520,0,1479,1504,0,,20418,20685,0,1
BT-HQ,109,154366,148440,0.03838928261404717,160962,155023,0.03689690734459061,187547,180010,0.040187259726895075,251826,239708,0.048120527665928114,229367,217444,0.0519821944743577,211876,203372,0.04013668372066681,183707,175919,0.042393594147201785,173621,167350,0.03611890266730411,190350,182997,0.03862884160756497,164063,157370,0.04079530424288236,170230,162968,0.042659930682018454,162566,157683,0.030037031113516965,,2240481,2148284,0.04115053865665452,638
BT-HQ,1090,0,1015,0,0,1167,0,0,1415,0,0,1545,0,0,1386,0,0,1151,0,0,948,0,0,962,0,0,1086,0,0,1117,0,0,1103,0,0,991,0,,0,13886,0,1
BT-HQ,109A,22033,22029,0.00018154586302365772,22048,22018,0.001360667634252577,24531,24431,0.00407647466470995,31174,30991,0.005870276512478401,27809,27636,0.006221007587471683,26806,26612,0.0072371857046930055,23966,23668,0.012434281899357469,24122,23948,0.007213332227841818,25679,25596,0.0032322130924101744,22457,22591,0,22916,22775,0.006152906266364111,21822,21742,0.0036660251122719867,,295363,294037,0.0044893910205408005,119
BT-HQ,11,0,0,,0,0,,0,0,,0,0,,0,0,,0,0,,0,0,,0,0,,0,0,,0,0,,0,0,,0,0,,,0,0,,0
BT-HQ,110,102792,99162,0.0353140322204063,98985,95067,0.03958175481133508,118805,113721,0.042792811750347215,142989,138532,0.031170229877822808,165320,163611,0.010337527219937082,148754,143627,0.034466300065880584,128342,126417,0.014998987081391912,121035,116786,0.03510554798198873,131014,127872,0.023982169844444123,118050,114980,0.02600592969080895,106165,104539,0.015315782037394587,108168,106222,0.01799053324458255,,1490419,1450536,0.026759589081996382,344
BT-HQ,1100,325,328,0,455,465,0,540,554,0,677,697,0,910,940,0,1371,1415,0,1189,1226,0,1121,1156,0,847,872,0,660,678,0,817,841,0,621,638,0,,9533,9810,0,1
BT-HQ,1101,392,391,0.0025510204081632404,390,392,0,464,463,0.0021551724137931494,516,515,0.0019379844961240345,437,439,0,480,480,0,505,505,0,558,558,0,542,542,0,557,557,0,612,612,0,509,508,0.0019646365422396617,,5962,5962,0,1
BT-HQ,1102,443,437,0.013544018058690765,473,484,0,484,487,0,628,630,0,426,427,0,365,368,0,319,322,0,315,318,0,176,176,0,187,188,0,199,203,0,258,260,0,,4273,4300,0,1
BT-HQ,1103,0,2788,0,0,2796,0,0,2872,0,0,2851,0,0,2982,0,0,3101,0,0,2976,0,0,3285,0,0,3511,0,0,2431,0,0,2072,0,1311,5260,0,,1311,36925,0,1
BT-HQ,1104,0,3102,0,0,3343,0,0,3698,0,0,3473,0,0,3460,0,0,3260,0,0,3259,0,0,4287,0,0,3757,0,0,2922,0,0,2954,0,0,2712,0,,0,40227,0,1
BT-HQ,1105,0,4806,0,0,4913,0,0,5067,0,0,5375,0,0,4866,0,0,4724,0,0,4222,0,0,4559,0,0,5004,0,0,4529,0,0,4725,0,0,4558,0,,0,57348,0,1
BT-HQ,1106,0,1609,0,0,1771,0,0,1887,0,0,2008,0,0,1854,0,0,1909,0,0,1527,0,0,1902,0,0,1752,0,0,1607,0,0,2082,0,0,1999,0,,0,21907,0,1
BT-HQ,1107,511,506,0.009784735812133127,549,544,0.00910746812386154,743,735,0.010767160161507361,814,804,0.012285012285012331,733,725,0.010914051841746208,617,610,0.011345218800648316,612,606,0.009803921568627416,696,688,0.011494252873563204,719,711,0.011126564673157202,746,737,0.012064343163538882,726,718,0.011019283746556474,560,555,0.008928571428571397,,8026,7939,0.01083977074507847,1
BT-HQ,1108,608,609,0,675,674,0.001481481481481528,846,845,0.0011820330969266601,948,947,0.0010548523206751481,666,666,0,824,827,0,1015,1009,0.005911330049261032,887,885,0.0022547914317925244,643,644,0,678,678,0,946,944,0.0021141649048626032,962,961,0.0010395010395010118,,9698,9689,0.0009280263971952474,1
BT-HQ,1109,116,118,0,90,95,0,80,76,0.050000000000000044,95,96,0,94,95,0,92,93,0,83,83,0,58,58,0,67,68,0,86,87,0,102,103,0,89,89,0,,1052,1061,0,1
BT-HQ,111,88304,85413,0.03273917376336288,94493,91217,0.03466923475813022,101956,98152,0.037310212248420904,124817,120109,0.037719220939455345,133581,128536,0.037767347152663944,123063,118731,0.03520148216767027,94044,80465,0.14438986006550125,80912,79396,0.018736404983191624,88779,86116,0.029995832347739948,75929,74305,0.021388402323223032,81522,79447,0.025453251882927352,78476,76506,0.025103216269942386,,1165876,1118393,0.040727315769430006,301
BT-HQ,1110,0,501,0,0,691,0,0,586,0,0,611,0,0,508,0,0,524,0,0,449,0,0,520,0,0,445,0,0,392,0,0,480,0,0,325,0,,0,6032,0,1
BT-HQ,1111,0,3357,0,0,3441,0,0,3352,0,0,3711,0,0,3595,0,0,3558,0,0,3267,0,0,3464,0,0,3529,0,0,3530,0,0,3693,0,0,3377,0,,0,41874,0,1
BT-HQ,1112,0,548,0,0,512,0,0,614,0,0,732,0,0,698,0,0,574,0,0,523,0,0,568,0,0,549,0,0,513,0,0,644,0,0,607,0,,0,7082,0,1
BT-HQ,1113,4837,4799,0.00785610915856938,4914,4876,0.0077330077330077795,5707,5656,0.008936393902225337,7108,7054,0.0075970737197523786,5396,5355,0.007598220904373565,5275,5232,0.008151658767772463,4739,4701,0.008018569318421598,5194,5155,0.007508663842895613,4904,4866,0.0077487765089723215,5269,5226,0.008160941355095819,4871,4832,0.008006569492917226,4255,4224,0.0072855464159812255,,62469,61976,0.00789191438953718,1
BT-HQ,1114,5708,5780,0,5836,5906,0,6322,6395,0,7301,7384,0,6510,6589,0,6247,6319,0,5724,5788,0,6432,6503,0,6547,6619,0,6650,6732,0,5846,5914,0,6576,6663,0,,75699,76592,0,1
BT-HQ,1115,0,909,0,0,924,0,0,1029,0,0,1091,0,0,945,0,0,849,0,0,674,0,0,717,0,0,691,0,0,719,0,0,727,0,0,709,0,,0,9984,0,1
BT-HQ,1116,0,982,0,0,1200,0,0,1459,0,0,1659,0,0,1352,0,0,1254,0,0,1002,0,0,1008,0,0,1047,0,0,1029,0,0,1048,0,0,900,0,,0,13940,0,1
BT-HQ,1117,0,286,0,0,296,0,0,312,0,0,313,0,0,273,0,0,244,0,0,187,0,0,212,0,0,225,0,0,250,0,0,256,0,0,234,0,,0,3088,0,1
BT-HQ,1118,0,1019,0,0,1155,0,0,1216,0,0,1328,0,0,1169,0,0,1050,0,0,935,0,0,999,0,0,1317,0,0,1158,0,0,1294,0,0,1226,0,,0,13866,0,1
BT-HQ,1119,0,564,0,0,638,0,0,669,0,0,707,0,0,626,0,0,594,0,0,527,0,0,498,0,0,508,0,0,482,0,0,473,0,0,511,0,,0,6797,0,1
BT-HQ,111A,6829,7022,0,10974,11219,0,15551,15844,0,17054,17368,0,19588,19930,0,21663,22028,0,5582,5765,0,3070,3232,0,2872,3008,0,3429,3593,0,13753,14030,0,8967,9181,0,,129332,132220,0,1
BT-HQ,111B,0,0,,0,0,,0,0,,0,0,,0,0,,0,0,,8865,18891,0,17978,17535,0.024641228167760598,17838,17409,0.024049781365623968,16631,16237,0.023690698093920992,19341,18856,0.025076262861279175,17262,16875,0.022419186652763323,,97915,105803,0,40
BT-HQ,112,39229,37677,0.03956256850799156,43906,42082,0.0415432970436842,46909,43724,0.06789741840584962,53745,52760,0.018327286259186892,60183,56757,0.0569263745575993,54590,52429,0.03958600476277707,46088,44650,0.031201180350633573,47131,45871,0.026733996732511534,48212,46856,0.028125777814651975,41509,40285,0.029487581006528707,45948,44648,0.028292852790110512,40485,39391,0.02702235395825614,,567935,547130,0.036632713250636106,196
BT-HQ,1120,0,269,0,0,284,0,0,282,0,0,307,0,0,320,0,0,315,0,0,331,0,0,358,0,0,296,0,0,237,0,0,294,0,0,257,0,,0,3550,0,1
BT-HQ,1121,0,967,0,0,1043,0,0,1025,0,0,1007,0,0,737,0,0,633,0,0,536,0,0,564,0,0,584,0,0,633,0,0,704,0,0,666,0,,0,9099,0,1
BT-HQ,1122,0,645,0,0,594,0,0,700,0,0,808,0,0,837,0,0,848,0,0,929,0,0,933,0,0,0,,0,0,,584,2173,0,803,805,0,,1387,9272,0,1
BT-HQ,1123,0,251,0,0,322,0,0,479,0,0,436,0,0,299,0,0,354,0,0,307,0,0,324,0,0,293,0,0,279,0,0,293,0,0,473,0,,0,4110,0,1
BT-HQ,1124,0,643,0,0,567,0,0,634,0,0,749,0,0,617,0,0,574,0,0,590,0,0,712,0,0,642,0,0,536,0,0,542,0,0,544,0,,0,7350,0,1
BT-HQ,1125,0,1190,0,0,1361,0,0,1416,0,0,1120,0,0,1051,0,0,757,0,0,746,0,0,847,0,0,864,0,0,824,0,0,927,0,0,886,0,,0,11989,0,1
BT-HQ,1126,0,1923,0,0,1931,0,0,2995,0,0,2681,0,0,2320,0,0,2432,0,0,2406,0,0,2600,0,0,2907,0,0,1915,0,0,2240,0,0,3224,0,,0,29574,0,1
BT-HQ,1127,0,875,0,0,1010,0,0,1394,0,0,1490,0,0,1180,0,0,829,0,0,766,0,0,748,0,0,789,0,0,729,0,0,856,0,0,917,0,,0,11583,0,1
BT-HQ,1128,0,151,0,0,135,0,0,169,0,0,197,0,0,154,0,0,926,0,0,1230,0,0,1138,0,0,347,0,0,133,0,0,157,0,0,232,0,,0,4969,0,1
BT-HQ,1129,0,2356,0,0,2673,0,0,2754,0,0,3366,0,0,2932,0,0,2499,0,0,2180,0,0,2473,0,0,2513,0,0,2589,0,0,2644,0,0,2273,0,,0,31252,0,1
BT-HQ,112A,53782,51497,0.04248633371760069,58391,55311,0.052747854977650666,63696,60388,0.051934187390103026,74574,70387,0.05614557352428462,91468,86313,0.056358507893470966,72585,69597,0.0411655300681959,61491,59893,0.02598754289245586,64442,60958,0.054064119673504885,67275,64186,0.045916016350799005,60157,57502,0.04413451468657015,63095,60313,0.04409224185751648,56279,54090,0.03889550276302001,,787235,750435,0.04674588909283761,415
BT-HQ,112B,0,0,,2412,2410,0.0008291873963516272,273,273,0,1435,1433,0.0013937282229965486,2107,2105,0.0009492168960607561,1111,1109,0.0018001800180017513,237,237,0,2005,2002,0.0014962593516208988,278,277,0.003597122302158251,681,681,0,2426,2424,0.0008244023083264773,1867,1865,0.0010712372790573355,,14832,14816,0.0010787486515642097,1
BT-HQ,113,14833,14384,0.030270343153778745,16495,15982,0.031100333434374017,18204,17621,0.03202592836739182,20025,19392,0.03161048689138579,21341,20715,0.02933320837823905,18964,18406,0.029424172115587455,15888,15370,0.032603222557905376,15203,14664,0.03545352890876796,16843,16295,0.03253577153713705,13757,13348,0.02973031911027113,15837,15316,0.03289764475595125,13723,13199,0.03818407053851203,,201113,194692,0.0319273244394942,83
BT-HQ,1130,0,753,0,0,789,0,0,902,0,0,1029,0,0,956,0,0,872,0,0,801,0,0,917,0,0,928,0,0,966,0,0,885,0,0,867,0,,0,10665,0,1
BT-HQ,1131,0,1264,0,0,1526,0,0,1643,0,0,1896,0,0,1753,0,0,1716,0,0,1538,0,0,1719,0,0,1601,0,0,1567,0,0,1527,0,0,1478,0,,0,19228,0,1
BT-HQ,1132,0,1719,0,0,1896,0,0,2168,0,0,2573,0,0,2405,0,0,2118,0,0,1841,0,0,2032,0,0,1992,0,0,2001,0,0,1987,0,0,1842,0,,0,24574,0,1
BT-HQ,1133,0,6180,0,0,5340,0,0,5190,0,0,6450,0,0,7230,0,0,4200,0,0,3300,0,0,3840,0,0,3360,0,0,3120,0,0,3990,0,0,5310,0,,0,57510,0,1
BT-HQ,1134,0,1267,0,0,1302,0,0,1478,0,0,1746,0,0,1403,0,0,1512,0,0,1084,0,0,1386,0,0,1453,0,0,1251,0,0,1329,0,0,1242,0,,0,16453,0,1
BT-HQ,1136,0,4318,0,0,5149,0,0,5849,0,0,5799,0,0,5551,0,0,5332,0,0,4724,0,0,4862,0,0,4878,0,0,4789,0,0,4930,0,0,4571,0,,0,60752,0,1
BT-HQ,1137,0,549,0,0,636,0,0,651,0,0,818,0,0,984,0,0,1003,0,0,910,0,0,623,0,0,550,0,0,580,0,0,585,0,0,467,0,,0,8356,0,1
BT-HQ,1138,0,2547,0,0,3053,0,0,3107,0,0,4131,0,0,4387,0,0,4722,0,0,1131,0,0,1682,0,0,2472,0,0,2799,0,0,3938,0,0,4003,0,,0,37972,0,1
BT-HQ,1139,0,2935,0,0,3213,0,0,3509,0,0,3640,0,0,3430,0,0,3171,0,0,3179,0,0,3344,0,0,3478,0,0,4814,0,0,3445,0,0,3237,0,,0,41395,0,1
BT-HQ,113A,19291,18497,0.041159089730962606,19976,19389,0.029385262314777782,22963,21917,0.04555153943300094,26613,25587,0.038552587081501555,28641,27543,0.03833665025662514,25116,24158,0.038143016403885954,21715,20890,0.03799217131015431,20330,19575,0.03713723561239546,23016,22152,0.037539103232533844,19586,18858,0.037169406719085085,21063,20300,0.03622465935526753,19126,18361,0.039997908606085986,,267436,257227,0.03817361910887096,169
BT-HQ,113B,18582,17913,0.03600258314497906,19164,18546,0.03224796493425175,20879,20252,0.030030173858901277,23386,22704,0.029162746942615225,27012,26243,0.028468828668739787,24506,23735,0.03146168285317885,20531,20004,0.02566850129073106,20901,20297,0.02889813884503134,22789,22160,0.027601035587344724,20006,19445,0.02804158752374286,21826,21202,0.02858975533767072,19162,18573,0.030737918797620334,,258744,251074,0.029643199455832825,165
BT-HQ,113C,3180,3104,0.023899371069182385,3149,3057,0.029215624007621455,3283,3187,0.02924154736521478,3603,3481,0.033860671662503505,3382,3263,0.035186280307510365,3642,3525,0.032125205930807255,3162,3071,0.028779253636938673,4459,4304,0.03476115721013684,4516,4368,0.03277236492471214,3708,3615,0.025080906148867266,3983,3876,0.026864172734120007,4373,4243,0.029727875600274456,,44440,43094,0.030288028802880285,11
BT-HQ,113D,5275,5315,0,6503,6200,0.04659387974780871,7314,6864,0.061525840853158376,8282,7787,0.05976817193914519,8712,8133,0.06646005509641872,8522,8053,0.05503402957052339,6875,6613,0.03810909090909087,5759,5547,0.036811946518492844,6418,6229,0.029448426301028396,4999,4867,0.026405281056211205,5068,5309,0,4991,4867,0.024844720496894457,,78718,75784,0.03727228842196195,18
BT-HQ,113E,2785,2745,0.014362657091561926,2995,2957,0.012687813021702854,3443,3405,0.01103688643624745,3954,3909,0.011380880121396042,5566,5510,0.010061085159899341,4108,4063,0.010954235637779974,3438,3396,0.012216404886561949,3018,2983,0.01159708416169647,3747,3707,0.010675206832132411,3091,3059,0.010352636687156247,2948,2918,0.010176390773405708,2999,2968,0.010336778926308798,,42092,41620,0.011213532262662751,27
BT-HQ,113F,456,457,0,425,428,0,410,424,0,478,468,0.02092050209205021,534,550,0,526,531,0,419,420,0,410,413,0,505,504,0.001980198019801982,523,521,0.003824091778202643,536,537,0,568,568,0,,5790,5821,0,3
BT-HQ,113G,7986,7881,0.013148009015777617,8630,8545,0.009849362688296615,10483,10373,0.01049317943336836,13459,13310,0.011070659038561526,15689,15519,0.010835617311492074,12592,12444,0.011753494282083832,11168,11052,0.010386819484240695,10773,10647,0.011695906432748537,12911,12770,0.0109209201456123,9989,9884,0.010511562718990897,11522,11390,0.011456344384655481,10621,10494,0.011957442801996065,,135823,134309,0.011146860251945556,70
BT-HQ,113H,0,0,,0,0,,0,0,,0,7,0,5,66,0,98,91,0.0714285714285714,547,547,0,582,582,0,957,956,0.0010449320794148065,909,910,0,676,676,0,932,931,0.0010729613733905241,,4706,4766,0,3
BT-HQ,113I,6825,7558,0,5683,6424,0,5569,6284,0,4143,4851,0,8030,8769,0,6339,7121,0,4269,4888,0,4409,5046,0,2993,3612,0,2520,3172,0,3303,3918,0,3955,4537,0,,58038,66180,0,1
BT-HQ,113J,0,0,,0,0,,0,0,,0,0,,0,0,,0,0,,0,0,,0,0,,0,0,,0,0,,0,0,,0,0,,,0,0,,0
BT-HQ,113K,6338,6238,0.015777847901546238,7166,7142,0.0033491487580240564,9532,9440,0.009651699538396952,12294,12180,0.009272816007808715,13693,13547,0.010662382239100321,12015,11714,0.025052018310445234,10091,10181,0,8645,8570,0.008675534991324452,9866,9770,0.00973038718832353,7712,7639,0.009465767634854738,9733,9652,0.008322202815164936,9074,8993,0.008926603482477424,,116159,115066,0.009409516266496776,75
BT-HQ,113L,0,0,,0,0,,0,0,,0,0,,0,0,,0,0,,0,0,,3679,3690,0,3848,3866,0,3067,3074,0,4433,3915,0.11685089104443946,6060,5948,0.01848184818481846,,21087,20493,0.028169014084507005,37
BT-HQ,114,14777,14484,0.019828111253975766,16372,16059,0.01911800635230887,18298,17984,0.01716034539293909,24936,24555,0.015279114533204963,23172,22773,0.01721905748316932,21100,20486,0.02909952606635069,16001,15535,0.029123179801262444,17350,17535,0,15225,14912,0.020558292282430224,14971,14692,0.01863602965733757,15295,14995,0.019614253023863992,12815,12553,0.0204447912602419,,210312,206563,0.01782589676290469,131
BT-HQ,1140,0,5878,0,0,6268,0,0,7077,0,0,8123,0,0,6838,0,0,6148,0,0,5783,0,0,6012,0,0,6191,0,0,6227,0,0,6537,0,0,5892,0,,0,76974,0,1
BT-HQ,1141,0,805,0,0,956,0,0,1039,0,0,1111,0,0,1022,0,0,967,0,0,851,0,0,910,0,0,846,0,0,818,0,0,768,0,0,765,0,,0,10858,0,1
BT-HQ,1142,0,1955,0,0,2284,0,0,2609,0,0,2778,0,0,3851,0,0,3734,0,0,2706,0,0,4084,0,0,5590,0,0,5202,0,0,4883,0,0,5607,0,,0,45283,0,1
BT-HQ,1143,0,10137,0,0,12587,0,0,12564,0,0,13738,0,0,12945,0,0,12180,0,0,10804,0,0,11392,0,0,10564,0,0,8246,0,0,8395,0,0,7829,0,,0,131381,0,1
BT-HQ,1144,0,0,,0,0,,0,0,,0,0,,0,0,,0,0,,0,0,,0,0,,0,1880,0,0,5363,0,0,5222,0,0,4664,0,,0,17129,0,1
BT-HQ,1145,0,0,,0,0,,0,0,,0,0,,0,0,,0,0,,0,0,,0,0,,0,0,,0,1,0,0,23,0,0,64,0,,0,88,0,1
BT-HQ,115,32905,31888,0.030907156967026284,31318,30359,0.030621367903442165,35845,34822,0.028539545264332555,44203,42881,0.029907472343506103,55028,53267,0.03200188994693609,43049,41693,0.03149898952356622,39882,38770,0.02788225264530364,39768,38537,0.03095453631060152,41470,40151,0.03180612490957313,39135,38044,0.027877858694263402,37038,35816,0.0329931421783034,34892,33845,0.03000687836753413,,474533,460073,0.03047206411356007,219
BT-HQ,116,0,9671,0,0,10926,0,0,15900,0,0,18333,0,0,12171,0,0,11601,0,0,10934,0,0,13596,0,0,8848,0,0,12350,0,0,11688,0,0,15780,0,,0,151798,0,1
BT-HQ,117,55849,54591,0.022525022829415042,57686,56317,0.0237319280241306,66482,64690,0.026954664420444585,72350,70460,0.026123013130615047,89112,85956,0.03541610557500674,76318,74425,0.02480410912235642,65103,62795,0.03545151529115398,63487,61751,0.027344180698410714,71570,69716,0.025904708676819932,60152,58571,0.026283415347785555,64882,63158,0.026571314077864394,59815,58051,0.029490930368636592,,802806,780481,0.02780871094635562,230
BT-HQ,1170,0,9524,0,0,2014,0,0,9439,0,0,1772,0,0,9853,0,0,2547,0,0,8655,0,0,350,0,0,1335,0,0,8181,0,0,307,0,0,734,0,,0,54711,0,1
BT-HQ,1171,0,0,,0,0,,0,0,,0,0,,0,21474,0,0,10740,0,0,0,,0,0,,0,0,,0,12,0,0,317,0,0,5097,0,,0,37640,0,1
BT-HQ,1172,0,0,,0,0,,0,0,,0,0,,0,0,,0,0,,0,0,,0,0,,0,2278,0,0,2839,0,0,2894,0,0,2750,0,,0,10761,0,1
BT-HQ,1173,0,0,,0,0,,0,0,,0,0,,0,0,,0,0,,0,0,,0,0,,0,4446,0,0,5469,0,0,5347,0,0,4677,0,,0,19939,0,1
BT-HQ,118,60799,57471,0.05473774239707885,66424,62329,0.061649403829940996,74989,70010,0.06639640480603826,86076,81262,0.055927320042752915,102025,94245,0.07625581965204609,84238,78207,0.0715947672071987,74571,70464,0.055075029166834266,74844,70720,0.055101277323499565,75368,70453,0.06521335314722432,66681,62429,0.06376629024759672,74604,70012,0.06155165942844887,68541,64056,0.0654352869085657,,909160,851658,0.0632473931981169,277
BT-HQ,118A,17089,16599,0.028673415647492484,18367,17826,0.029455000816682064,20128,19526,0.029908585055643866,23256,22538,0.03087375300997597,27912,27052,0.030811120664946956,23705,23026,0.028643746045138196,19608,19114,0.025193798449612448,20368,19848,0.02553024351924582,20076,19839,0.011805140466228381,18801,18329,0.025105047603850905,20578,20073,0.024540771697929786,18811,18351,0.024453777045345793,,248699,242121,0.0264496439471007,117
BT-HQ,119,9242,9107,0.014607227872754813,9667,9511,0.016137374573290564,10627,10455,0.01618518867036789,11680,11485,0.016695205479452024,14127,13887,0.016988744956466295,12445,13143,0,11960,11698,0.021906354515050186,12056,11784,0.022561380225613825,12293,12015,0.022614496054665256,11027,10756,0.02457604062755059,11645,11289,0.03057106054100467,10759,10637,0.011339343805186308,,137528,135767,0.012804665231807344,57
BT-HQ,119A,0,0,,0,0,,0,0,,0,0,,0,0,,10,11,0,365,826,0,6091,8454,0,8920,8580,0.03811659192825112,7567,7307,0.03435971983613062,8480,8193,0.03384433962264155,7566,7308,0.03409992069785883,,38999,40679,0,48
BT-HQ,119B,652,647,0.0076687116564416735,1569,1542,0.017208413001912004,2635,2581,0.020493358633776104,2985,2922,0.021105527638190957,3539,3463,0.02147499293585764,3283,3220,0.019189765458422214,3018,2907,0.036779324055665974,3225,3216,0.0027906976744186407,2633,2588,0.017090770983668846,996,987,0.009036144578313254,1141,1130,0.009640666082383897,1066,1054,0.011257035647279534,,26742,26257,0.018136265051230227,3
BT-HQ,119C,112,79,0.2946428571428571,73,79,0,76,82,0,133,139,0,162,166,0,100,107,0,83,90,0,135,140,0,92,98,0,123,138,0,150,167,0,156,171,0,,1395,1456,0,2
BT-HQ,119D,1142,1163,0,2318,2252,0.028472821397756642,4576,4456,0.02622377622377625,6400,6364,0.005624999999999991,10344,9937,0.03934648105181748,8071,8028,0.0053277165159212325,6555,6427,0.019527078565980127,6136,6026,0.017926988265971278,7511,7356,0.02063639994674482,0,6117,0,0,6897,0,4901,6900,0,,57954,71923,0,63
BT-HQ,12,26393,26383,0.00037888834160570983,26553,26546,0.00026362369600418933,25888,75872,0,33517,33512,0.0001491780290598932,27359,27344,0.000548265652984381,28535,28527,0.00028035745575605286,25685,25676,0.00035039906560252465,25747,25739,0.0003107158115508435,27912,27902,0.00035826884494127853,29095,29085,0.0003437016669530779,27475,27465,0.00036396724294818217,26128,26117,0.0004210042865890884,,330287,380168,0,1
BT-HQ,120,23318,22577,0.03177802555965348,24558,23841,0.029196188614708074,26319,25508,0.03081424066263916,29982,29146,0.027883396704689534,37019,36006,0.027364326426969954,29317,28415,0.030767131698332006,25977,25244,0.028217269122685407,27278,26506,0.02830119510228024,28371,27577,0.027986324063304036,26087,25319,0.029439950933415115,27978,27140,0.029952105225534376,25293,24500,0.03135254813584787,,331497,321779,0.029315499084456298,217
BT-HQ,1200,0,424,0,0,434,0,0,487,0,0,540,0,0,468,0,0,454,0,0,373,0,0,455,0,0,400,0,0,471,0,0,445,0,0,360,0,,0,5311,0,1
BT-HQ,1201,0,387,0,0,455,0,0,506,0,0,559,0,0,406,0,0,378,0,0,340,0,0,316,0,0,318,0,0,347,0,0,352,0,0,362,0,,0,4726,0,1
BT-HQ,1202,0,290,0,0,351,0,0,384,0,0,467,0,0,438,0,0,424,0,0,332,0,0,360,0,0,348,0,0,355,0,0,536,0,0,591,0,,0,4876,0,1
BT-HQ,1203,0,142,0,0,202,0,0,291,0,0,343,0,0,331,0,0,212,0,0,168,0,0,184,0,0,188,0,0,181,0,0,195,0,0,200,0,,0,2637,0,1
BT-HQ,1204,0,246,0,0,297,0,0,342,0,0,447,0,0,410,0,0,401,0,0,306,0,0,337,0,0,350,0,0,338,0,0,358,0,0,339,0,,0,4171,0,1
BT-HQ,1207,0,0,,0,0,,0,0,,0,0,,0,0,,0,0,,0,0,,0,0,,0,0,,0,0,,0,0,,0,0,,,0,0,,1
BT-HQ,1208,0,0,,0,0,,0,0,,0,0,,0,0,,0,0,,0,0,,0,0,,0,0,,0,0,,5332,5327,0.0009377344336084503,5391,5388,0.0005564830272676291,,10723,10715,0.0007460598713047162,1
BT-HQ,1209,0,0,,0,0,,0,0,,0,0,,0,0,,0,0,,0,148,0,0,1281,0,0,2537,0,0,1968,0,0,2682,0,0,2368,0,,0,10984,0,1
BT-HQ,120A,6458,6331,0.019665531124187008,6742,6620,0.018095520617027572,7328,7206,0.016648471615720473,8210,8090,0.01461632155907433,10116,9985,0.012949782522736264,8430,8301,0.015302491103202809,7529,7419,0.014610173993890307,7874,7745,0.016383032766065564,7644,7518,0.016483516483516536,7131,7024,0.015004908147524865,7964,7835,0.01619789050728282,7341,7213,0.017436316578122835,,92767,91287,0.01595394914139725,137
BT-HQ,120B,11450,11176,0.023930131004366806,11780,11388,0.033276740237691005,12900,12533,0.028449612403100732,14911,14566,0.023137281201797366,18104,17646,0.025298276623950455,15309,14912,0.02593245803122346,13238,12834,0.0305182051669437,14035,13686,0.02486640541503382,14260,13878,0.026788218793828866,12961,12606,0.027389861893372447,13901,13519,0.02748003740738081,12827,12465,0.02822171980977628,,165676,161209,0.026962263695405442,111
BT-HQ,121,24538,23750,0.03211345667943599,25659,24762,0.034958494095639,27582,26520,0.03850337176419405,31384,30217,0.037184552638287016,38201,37050,0.03013010130624849,31307,30023,0.04101319193790531,27213,26470,0.027303127181861564,28983,28009,0.03360590691094778,29440,28638,0.027241847826086962,27254,26480,0.028399500990680226,30986,30195,0.025527657651842728,27509,26737,0.028063542840524924,,350056,338851,0.03200916424800604,267
BT-HQ,1210,0,0,,0,0,,0,0,,0,0,,0,0,,0,0,,0,1480,0,0,2102,0,0,2726,0,0,1886,0,0,2434,0,0,6088,0,,0,16716,0,1
BT-HQ,1211,0,0,,0,0,,0,82,0,0,94,0,0,74,0,0,109,0,0,94,0,0,108,0,0,92,0,0,66,0,0,77,0,0,92,0,,0,888,0,1
BT-HQ,1212,0,609,0,0,786,0,0,863,0,0,986,0,0,1096,0,0,1268,0,0,1240,0,0,1473,0,0,1225,0,0,1283,0,0,1050,0,0,1014,0,,0,12893,0,1
BT-HQ,122,24753,23920,0.03365248656728481,26538,25660,0.03308463335594247,29101,28217,0.030376962990962486,33897,32850,0.03088768917603324,38913,37683,0.031608973864775236,33360,32271,0.03264388489208636,30252,29159,0.03612984265503105,31542,30504,0.032908502948449714,30922,29982,0.030399068624280434,28910,27926,0.034036665513663134,31254,30212,0.03333973251423816,28342,27354,0.03485992519935077,,367784,355738,0.032752920192286816,288
BT-HQ,123,17834,17420,0.023214085454749345,19136,18691,0.02325459866220736,21811,21251,0.02567511805969469,26253,25534,0.027387346208052388,29477,28614,0.029277063473216458,24124,22524,0.06632399270436085,19345,18571,0.04001033858878267,19005,18520,0.025519600105235463,20398,19856,0.02657123247377191,18169,17662,0.027904672794319962,19501,18982,0.02661401979385669,18076,17640,0.024120380615180403,,253129,245265,0.03106716338309712,153
BT-HQ,123A,16111,15485,0.03885544038234745,16583,15937,0.03895555689561603,18301,17651,0.0355171848532867,21448,20655,0.036973144349123466,25404,24400,0.03952133522279955,22750,21950,0.03516483516483515,19618,18892,0.03700683046182074,20163,19389,0.038387144770123505,20181,19448,0.03632129230464298,18924,18245,0.035880363559501194,19824,19113,0.0358656174334141,17598,16958,0.03636776906466643,,236905,228123,0.0370697114877272,220
BT-HQ,124,164527,164578,0,197307,197385,0,254854,254990,0,348890,349111,0,312533,312717,0,274529,274708,0,217417,217538,0,224758,224896,0,224099,224229,0,218058,218176,0,210161,210262,0,173420,173498,0,,2820553,2822088,0,1
BT-HQ,125,47602,45628,0.04146884584681321,54018,51332,0.04972416601873453,59957,56929,0.05050286038327467,74043,69863,0.056453682319733134,71754,67633,0.05743233826685623,70065,66477,0.05120959109398415,54871,51912,0.05392648211259132,61415,58086,0.05420499877879992,60690,57170,0.05799967045641785,54918,51747,0.057740631486944194,59201,56072,0.052853836928430264,51085,48448,0.05161984927082319,,719619,681297,0.05325317980764821,284
BT-HQ,125A,34682,33544,0.03281240989562306,39787,38465,0.03322693342046401,42159,36796,0.12720889964183213,49579,49191,0.007825894027713387,47665,46065,0.0335676072589951,46284,44732,0.03353210612738744,36935,35766,0.03165019629078114,42113,40987,0.026737586968394567,40491,39005,0.03669951347212963,35810,34629,0.03297961463278409,39172,37958,0.030991524558357963,33406,32272,0.03394599772495954,,488083,469410,0.03825783729406684,130
BT-HQ,126,28233,27607,0.02217263485991572,32569,31828,0.022751696398415677,36664,35860,0.021928867554003917,46176,45202,0.021093208593208623,45374,44447,0.02043020231850845,41906,41150,0.018040376079797693,32379,31735,0.019889434510021897,36043,35170,0.024221069278361984,35637,34597,0.02918315234166735,32374,31598,0.023969852350651744,34631,34446,0.005342034593283529,29552,29645,0,,431538,423285,0.019124619384619623,191
BT-HQ,126,0,0,,0,0,,0,0,,0,0,,0,0,,0,0,,0,0,,0,0,,0,0,,0,0,,0,0,,0,0,,,0,0,,0
BT-HQ,127,113938,106830,0.062384805771560026,114215,109242,0.04354069080243406,124187,116082,0.06526448017908482,153215,141332,0.07755768038377442,132798,127958,0.03644633202307268,128475,120252,0.06400467016929368,115539,109587,0.05151507283255008,113904,107502,0.0562052254530131,122768,116398,0.051886485077544675,108416,104002,0.040713547815820594,108383,96113,0.11320963619755864,90204,86004,0.04656112810961821,,1426042,1341302,0.05942321474402579,200
BT-HQ,128,43560,42093,0.033677685950413205,46440,44396,0.044013781223083526,56640,54259,0.042037429378531055,68340,65159,0.046546678372841654,78180,73898,0.05477104118700438,61020,59262,0.028810226155358887,52440,49719,0.05188787185354693,44880,41139,0.08335561497326205,48240,46934,0.027072968490878924,37440,36541,0.024011752136752107,42780,41876,0.021131369798971456,39000,38191,0.020743589743589697,,618960,593467,0.041186829520486024,202
BT-HQ,129,0,0,,0,0,,0,0,,0,0,,0,0,,0,0,,0,0,,0,0,,0,0,,0,0,,0,0,,0,0,,,0,0,,0
BT-HQ,13,0,0,,0,0,,0,0,,0,0,,0,0,,0,0,,0,0,,0,0,,0,0,,0,0,,0,0,,0,0,,,0,0,,0
BT-HQ,130,7246,7240,0.0008280430582390252,7054,7048,0.0008505812305075189,10323,10313,0.0009687106461300221,12342,12330,0.000972289742343202,13714,13701,0.0009479364153419656,11293,11282,0.0009740547241654518,8059,8051,0.0009926789924308288,8723,8715,0.0009171156712139972,7957,7949,0.0010054040467513126,9163,9154,0.0009822110662446315,9142,9133,0.000984467293808744,7736,7729,0.0009048603929678878,,112752,112645,0.0009489853838512419,1
BT-HQ,131,17028,17018,0.0005872680291284516,15675,15665,0.0006379585326953263,12230,12223,0.0005723630417007186,12551,12544,0.000557724484104849,9326,9319,0.0007505897490885927,8837,8831,0.0006789634491343177,7672,7666,0.0007820646506777607,7939,7934,0.000629802242095967,7991,7985,0.000750844700287856,7130,7125,0.0007012622720897754,268,268,0,254,254,0,,106901,106832,0.0006454570116275482,1
BT-HQ,132,18777,18763,0.0007455930127283628,24171,24153,0.0007446940548591074,28969,28945,0.0008284718146984726,25470,25446,0.000942285041224955,27915,27890,0.0008955758552748883,26334,26310,0.000911369332421974,23091,23073,0.0007795244900610232,24959,24938,0.0008413798629752778,22964,22946,0.0007838355687163068,18454,18440,0.000758643112604318,16767,16755,0.0007156915369476158,18824,18809,0.0007968550786230377,,276695,276468,0.0008203979110572579,1
BT-HQ,133,109200,105879,0.030412087912087937,115100,110392,0.040903562119895764,132000,128359,0.027583333333333293,150900,146842,0.026891981444665314,178600,171901,0.037508398656215025,153200,148246,0.032336814621409915,125400,122025,0.026913875598086112,119600,116465,0.026212374581939812,136100,131209,0.03593681116825864,115100,110721,0.03804517810599484,130200,127099,0.023817204301075257,115100,111792,0.028740225890529936,,1580500,1530930,0.03136349256564375,485
BT-HQ,134,22439,21737,0.03128481661393112,25946,25101,0.03256764048408234,29368,28331,0.035310542086624874,36442,34306,0.0586136875034301,35633,34960,0.018886986781915693,31760,30421,0.04215994962216629,24986,24473,0.020531497638677676,28042,27043,0.035625133727979486,27392,26215,0.04296875,26160,25196,0.036850152905198774,27135,26266,0.032025059885756435,22759,22037,0.03172371369568083,,338062,326086,0.03542545450242851,180
BT-HQ,135,89397,86705,0.030112867322169667,94418,91364,0.03234552733588936,109578,105466,0.03752578072240775,117988,114109,0.03287622470081708,137584,130707,0.04998400976857775,123152,118520,0.03761205664544631,102862,99232,0.03529000019443529,102374,98368,0.03913102936292423,117115,112722,0.03751013960636984,96345,93055,0.03414811355026204,105022,101514,0.03340252518519926,96773,93550,0.03330474409184381,,1292608,1245312,0.03658959251373961,252
BT-HQ,136,22981,22231,0.03263565554153436,23709,23479,0.009700957442321467,27062,26327,0.027159855147439238,30355,29461,0.029451490693460758,35318,34213,0.031287162353474174,32806,31947,0.026184234591233313,28295,27561,0.02594097897154979,27743,27035,0.02551995097862525,29443,28672,0.026186190265937603,26019,25362,0.025250778277412622,27868,27168,0.025118415386823578,25133,24533,0.023872995663072438,,336732,327989,0.02596426832020715,165
BT-HQ,137,4883,4883,0,5614,5613,0.0001781261132881573,6865,6863,0.0002913328477786026,10200,10200,0,10869,10868,9.200478424875591e-05,8914,8912,0.00022436616558219047,6773,6773,0,7065,7064,0.00014154281670208935,6310,6309,0.0001584786053883125,4998,4998,0,4045,4044,0.00024721878862798974,2932,2931,0.0003410641200545239,,79468,79458,0.00012583681481859177,1
BT-HQ,139,16614,16030,0.03515107740459855,16965,16406,0.03295019157088119,19507,18834,0.03450043574101602,27885,26961,0.03313609467455625,27967,27066,0.032216540923230896,29030,28417,0.02111608680675159,28043,27198,0.0301322968298684,29712,28619,0.03678648357565961,34372,33077,0.037676015361340576,29130,28242,0.030484037075180215,30848,30450,0.012901970954356856,31186,30108,0.034566792791637324,,321259,311408,0.030663732377925634,204
BT-HQ,139A,1334,1324,0.007496251874062998,762,751,0.014435695538057791,1038,1025,0.012524084778420042,1175,1164,0.009361702127659521,979,969,0.010214504596527063,1336,1325,0.00823353293413176,1228,1217,0.00895765472312704,1145,1135,0.008733624454148492,1129,1120,0.00797165633303809,853,846,0.008206330597889777,784,776,0.010204081632653073,1040,1032,0.007692307692307665,,12803,12684,0.009294696555494752,1
BT-HQ,14,0,0,,0,0,,0,0,,0,0,,0,0,,0,0,,0,0,,0,0,,0,0,,0,0,,0,0,,0,0,,,0,0,,0
BT-HQ,140,50362,50559,0,54228,53204,0.018883233753780315,68133,66819,0.019285808638985547,78602,77032,0.019974046461922135,77210,75642,0.02030825022665461,73908,72537,0.01855008930021107,58152,57085,0.01834846608887053,60374,59300,0.017789114519495164,65331,64108,0.018720056328542345,56879,55851,0.01807345417465145,57355,56390,0.016825037049952085,50171,49311,0.017141376492396,,750705,737838,0.017139888504805523,139
BT-HQ,141,106815,101386,0.050826194822824466,125916,119555,0.050517805521141046,142936,135249,0.05377931381877199,165748,156530,0.05561454738518712,156450,148058,0.05364014062000644,141957,134857,0.050015145431362984,113720,108914,0.04226169539219138,128088,121447,0.05184716757229402,121780,115913,0.0481770405649532,106903,101946,0.04636913837778178,119878,114374,0.045913345234321556,103500,100209,0.03179710144927539,,1533691,1458438,0.049066598160907304,333
BT-HQ,143,44739,42761,0.04421198506895552,44836,42943,0.04222053706842721,50575,48373,0.04353929807217005,63066,60051,0.04780705927123963,75335,73165,0.02880467246299856,66081,63005,0.046548932370878204,56672,54271,0.0423666007905138,53590,51468,0.039596939727561065,60860,58204,0.04364114360828131,50327,48225,0.04176684483478055,52559,50629,0.03672063775947032,50507,48453,0.04066763022947317,,669147,641548,0.041245047799661316,230
BT-HQ,143A,35168,34119,0.029828252957233903,35892,34910,0.027359857349827266,39037,37898,0.029177447037426085,49245,47696,0.031454970047720576,55340,53525,0.03279725334297068,47958,46484,0.030735226656657955,40214,39056,0.028795941711841633,40424,39234,0.02943795764892143,45664,44328,0.02925718290119128,40575,39360,0.02994454713493533,41721,40479,0.02976918098799164,39874,38869,0.025204393840597916,,511112,495958,0.02964907887116719,158
BT-HQ,144,53956,51953,0.03712284083327155,57311,54985,0.04058557693985443,71504,68104,0.047549787424479795,88976,83861,0.057487412335910815,110228,102337,0.07158798127517507,86888,82428,0.051330448393333894,70523,66981,0.050224749372545174,64085,61266,0.04398845283607711,74076,70556,0.04751876451212267,62441,60004,0.03902884322800726,70920,68007,0.04107445008460242,61992,59441,0.041150471028519764,,872900,829923,0.04923473479207241,409
BT-HQ,144A,15672,15381,0.01856814701378251,18601,18252,0.018762432127304995,21676,21241,0.020068278280125473,24851,24356,0.019918715544646082,34049,33269,0.022908161766865387,25892,25378,0.019851691642206126,21751,21308,0.020366879683692662,20049,19681,0.018355030176068654,24402,23907,0.020285222522744006,20788,20402,0.01856840484895128,21248,20839,0.019248870481927693,18668,18294,0.020034283265481068,,267647,262308,0.019947916472069505,128
BT-HQ,144B,1357,1327,0.022107590272660294,1431,1401,0.02096436058700213,1717,1689,0.016307513104251603,2119,2069,0.023596035865974474,2354,2299,0.02336448598130836,1939,1894,0.023207839092315607,1710,1670,0.023391812865497075,1579,1546,0.020899303356554766,1631,1597,0.020846106683016563,1382,1354,0.02026049204052094,1444,1408,0.024930747922437657,1225,1196,0.023673469387755053,,19888,19450,0.022023330651649187,21
BT-HQ,144C,13546,13204,0.025247305477631765,13375,13019,0.026616822429906595,15302,14883,0.027382041563194348,17099,16622,0.027896368208667144,18264,17670,0.03252299605781861,14914,14558,0.023870189084082116,11652,11363,0.024802608994164088,10493,10245,0.023634804155151068,11464,11200,0.023028611304954594,9468,9259,0.022074355724545858,10223,10016,0.020248459356353332,9527,9325,0.02120289702949507,,155327,151364,0.025513915803434095,51
BT-HQ,144D,8858,8636,0.025062090765409772,8877,8725,0.017122901881266195,9454,9306,0.01565474931246036,10245,10075,0.0165934602244997,12209,12022,0.015316569743631714,11012,10837,0.015891754449691264,9075,8936,0.015316804407713547,9480,9333,0.015506329113924022,10601,10430,0.016130553721347085,10480,11964,0,10853,10666,0.01723025891458585,10586,10367,0.020687700736822245,,121730,121297,0.00355705249322269,57
BT-HQ,144E,1226,1259,0,1672,1689,0,2005,2008,0,2222,2225,0,2286,2291,0,2424,2421,0.0012376237623762387,2318,2302,0.00690250215703192,1992,1977,0.0075301204819276935,2214,2199,0.006775067750677488,1883,1869,0.0074349442379182396,2151,2137,0.006508600650860119,2059,2039,0.009713453132588645,,24452,24416,0.0014722722067724847,25
BT-HQ,144F,2771,2755,0.005774088776614894,3009,2990,0.006314390162844852,4175,4146,0.006946107784431166,5282,5238,0.008330177962892815,6955,6889,0.009489575844715992,5661,5617,0.007772478360713708,4787,4752,0.007311468560685208,4354,4321,0.007579237482774448,5470,5427,0.007861060329067637,4406,4370,0.008170676350431227,4921,4881,0.008128429181060715,4382,4353,0.006617982656321297,,56173,55739,0.007726131771491618,38
BT-HQ,144G,1569,1457,0.07138304652645,1921,2048,0,2157,2156,0.00046360686138158247,2828,2820,0.0028288543140028155,3117,3105,0.0038498556304138454,2037,2050,0,1544,1559,0,1441,1470,0,1752,1773,0,1709,1712,0,1885,1888,0,1625,1628,0,,23585,23666,0,26
BT-HQ,144H,0,0,,0,0,,0,0,,0,0,,0,0,,0,0,,0,0,,0,0,,0,0,,1063,1031,0.03010348071495772,2901,2922,0,3398,3344,0.015891701000588565,,7362,7297,0.008829122521054056,16
BT-HQ,149,9390,9407,0,9870,9947,0,10860,10871,0,12330,12415,0,11130,11123,0.0006289308176100628,11190,11233,0,9960,10009,0,10110,10187,0,9930,9948,0,9900,9943,0,10050,10095,0,8850,8872,0,,123570,124050,0,1
BT-HQ,15,0,0,,0,0,,0,0,,0,0,,0,0,,0,0,,0,0,,0,0,,0,0,,0,0,,0,0,,0,0,,,0,0,,0
BT-HQ,150,0,5529,0,0,6318,0,0,7907,0,0,8519,0,0,6965,0,0,6881,0,0,5670,0,0,5958,0,0,6117,0,0,5655,0,0,5798,0,0,5090,0,,0,76407,0,1
BT-HQ,153,10449,10452,0,11200,11200,0,12106,12106,0,13770,13771,0,12662,12664,0,12400,12402,0,10959,10959,0,11692,11693,0,11468,11469,0,11488,11490,0,12083,12084,0,10986,10984,0.00018204988166758973,,141263,141274,0,1
BT-HQ,154,4529,4559,0,5189,5220,0,6066,6102,0,6515,6553,0,5852,5885,0,5052,5086,0,4682,4716,0,4889,4922,0,5033,5070,0,4968,5004,0,5288,5325,0,4702,4734,0,,62765,63176,0,1
BT-HQ,156,0,1651,0,0,1976,0,0,2058,0,0,2331,0,0,2293,0,0,2108,0,0,1714,0,0,2055,0,0,1878,0,0,1675,0,0,1750,0,0,1610,0,,0,23099,0,1
BT-HQ,156D,0,0,,0,0,,0,0,,0,0,,0,0,,0,0,,0,0,,0,0,,0,0,,0,0,,0,0,,0,0,,,0,0,,0
BT-HQ,157,3370,3372,0,3536,3538,0,3651,3657,0,4488,4495,0,4821,4827,0,3266,3275,0,2784,2789,0,3109,3117,0,3068,3067,0.00032594524119944346,3037,3030,0.002304906157392206,3201,3192,0.002811621368322359,2937,2928,0.003064351378958108,,41268,41287,0,1
BT-HQ,157A,0,0,,0,0,,0,0,,0,0,,0,0,,0,0,,0,0,,0,0,,0,0,,0,0,,0,0,,0,0,,,0,0,,0
BT-HQ,158,8631,8633,0,9018,9020,0,9875,9878,0,11122,11125,0,10268,10271,0,9231,9233,0,7872,7874,0,8645,8646,0,8615,8618,0,8401,8402,0,8671,8673,0,8422,8424,0,,108771,108797,0,1
BT-HQ,159,2525,2546,0,2602,2625,0,3256,3290,0,3384,3419,0,2926,2955,0,2842,2868,0,2317,2338,0,2539,2558,0,2534,2554,0,2541,2562,0,2724,2746,0,2506,2526,0,,32696,32987,0,1
BT-HQ,16,0,0,,0,0,,0,0,,0,0,,0,0,,0,0,,0,0,,0,0,,0,0,,0,0,,0,0,,0,0,,,0,0,,0
BT-HQ,160,1676,1639,0.022076372315035786,1946,1906,0.020554984583761593,2013,1974,0.019374068554396384,2309,2265,0.019055868341273263,2093,2051,0.02006688963210701,1899,1859,0.02106371774618221,1632,1595,0.02267156862745101,1787,1749,0.021264689423615035,1897,1857,0.021085925144965767,1843,1805,0.020618556701030966,2032,1991,0.020177165354330673,1845,1807,0.020596205962059577,,22972,22498,0.020633815079226903,1
BT-HQ,161,0,2790,0,0,3316,0,0,3781,0,0,4186,0,0,3750,0,0,3586,0,0,3425,0,0,3593,0,0,3471,0,0,3486,0,0,3462,0,0,3219,0,,0,42065,0,1
BT-HQ,162,0,4663,0,0,5436,0,0,5412,0,0,5047,0,0,4530,0,0,4130,0,0,3871,0,0,4016,0,0,4234,0,0,4062,0,0,4214,0,0,4043,0,,0,53658,0,1
BT-HQ,163,0,8108,0,0,8443,0,0,9857,0,0,10413,0,0,9528,0,0,7459,0,0,6256,0,0,6794,0,0,6951,0,0,6808,0,0,6679,0,0,6174,0,,0,93470,0,1
BT-HQ,164,0,0,,0,0,,0,0,,0,0,,0,0,,0,0,,0,0,,0,0,,0,0,,0,0,,0,0,,0,0,,,0,0,,0
BT-HQ,166,2260,2260,0,2377,2378,0,2851,2853,0,2857,2858,0,2274,2275,0,2105,2106,0,1869,1870,0,1924,1925,0,1848,1849,0,1942,1943,0,1922,1923,0,1655,1655,0,,25884,25895,0,1
BT-HQ,167,2485,2476,0.003621730382293742,2658,2649,0.003386004514672636,2820,2808,0.004255319148936176,3338,3323,0.0044937088076693055,2909,2895,0.004812650395324858,2712,2700,0.004424778761061954,2300,2292,0.003478260869565264,2551,2542,0.003528028224225821,2597,2588,0.0034655371582594796,2654,2646,0.0030143180105500766,2678,2668,0.0037341299477221535,2311,2303,0.003461704889658135,,32013,31890,0.0038421891106737993,1
BT-HQ,17,0,0,,0,0,,0,0,,0,0,,0,0,,0,0,,0,0,,0,0,,0,0,,0,0,,0,0,,0,0,,,0,0,,0
BT-HQ,171,2177,2178,0,2426,2423,0.0012366034624896605,2772,2774,0,3192,3193,0,2792,2798,0,2378,2381,0,1908,1910,0,2164,2163,0.00046210720887240875,2134,2133,0.00046860356138711534,2401,2404,0,2323,2315,0.0034438226431339203,2181,2184,0,,28848,28856,0,1
BT-HQ,172,912,937,0,959,984,0,974,1002,0,1163,1195,0,992,1020,0,1057,1086,0,1017,1043,0,1029,1057,0,1191,1220,0,1251,1280,0,1144,1172,0,1061,1088,0,,12750,13084,0,1
BT-HQ,173,800,793,0.008750000000000036,860,879,0,940,955,0,1100,1109,0,880,896,0,820,830,0,700,713,0,780,795,0,780,795,0,820,831,0,800,799,0.0012499999999999734,700,710,0,,9980,10105,0,1
BT-HQ,174,4350,4373,0,4680,4623,0.012179487179487136,5040,4991,0.009722222222222188,6060,6026,0.0056105610561055785,5850,5815,0.005982905982905962,5550,5507,0.00774774774774778,4650,4607,0.009247311827957017,1110,5465,0,1080,0,1,4920,10049,0,5190,5159,0.005973025048169545,4590,4555,0.007625272331154731,,53070,61170,0,1
BT-HQ,175,1380,1361,0.01376811594202898,1470,1473,0,1620,1593,0.01666666666666672,2040,2026,0.006862745098039191,1650,1653,0,1590,1572,0.01132075471698113,1410,1395,0.010638297872340385,1530,1542,0,1440,1423,0.011805555555555514,1620,1596,0.014814814814814836,1350,1340,0.007407407407407418,1140,1128,0.010526315789473717,,18240,18102,0.007565789473684248,1
BT-HQ,176,3510,3564,0,3720,3735,0,3810,3897,0,4080,4145,0,3990,4073,0,3750,3820,0,3450,3498,0,3900,3946,0,4440,4513,0,4320,4312,0.0018518518518518823,3810,3962,0,3510,3547,0,,46290,47012,0,1
BT-HQ,177,7600,7604,0,8340,8307,0.003956834532374054,8760,8776,0,10400,10417,0,9040,9048,0,8520,8521,0,7860,7882,0,8540,8524,0.0018735362997658322,8600,8597,0.00034883720930234396,8720,8739,0,8960,8964,0,8220,8214,0.0007299270072992359,,103560,103593,0,1
BT-HQ,178,2639,2585,0.020462296324365248,2874,2814,0.02087682672233826,3591,3514,0.021442495126705707,4028,3941,0.021598808341608766,3609,3531,0.021612635078969267,3098,3033,0.0209812782440284,2709,2654,0.02030269472129942,2807,2749,0.02066262914143213,2775,2717,0.02090090090090091,2822,2767,0.01948972360028345,2938,2879,0.020081688223281158,2685,2633,0.01936685288640594,,36575,35817,0.02072453861927548,1
BT-HQ,179,4548,4538,0.0021987686895338365,4722,4707,0.0031766200762388674,5267,5242,0.004746535029428567,5252,5226,0.004950495049504955,4524,4505,0.0041998231653403995,4321,4312,0.0020828511918536963,4003,3999,0.000999250562078391,5402,5441,0,5217,5139,0.014951121334100037,5419,5392,0.004982469090238029,5705,5672,0.0057843996494303385,5570,5539,0.005565529622980292,,59950,59712,0.003969974979149304,1
BT-HQ,179B,0,0,,0,0,,0,0,,0,0,,0,0,,0,0,,0,0,,0,0,,0,0,,0,0,,0,0,,0,0,,,0,0,,0
BT-HQ,18,0,0,,0,0,,0,0,,0,0,,0,0,,0,0,,0,0,,0,0,,0,0,,0,0,,0,0,,0,0,,,0,0,,0
BT-HQ,180,2167,2193,0,2354,2384,0,2701,2739,0,2758,2798,0,2452,2488,0,2265,2298,0,1838,1863,0,2048,2074,0,1855,1879,0,2096,2124,0,2517,2549,0,2461,2486,0,,27512,27875,0,1
BT-HQ,181,3078,3087,0,3601,3604,0,4123,4121,0.00048508367693422816,5188,5174,0.002698535080956077,5011,4998,0.002594292556375999,4403,4402,0.0002271178741767299,3212,3222,0,3463,3475,0,3459,3467,0,3559,3566,0,3821,3823,0,3540,3541,0,,46458,46480,0,1
BT-HQ,185,0,0,,0,0,,0,0,,0,0,,0,0,,0,0,,0,0,,0,0,,0,0,,0,0,,0,0,,0,0,,,0,0,,0
BT-HQ,20,0,0,,0,0,,0,0,,0,0,,0,0,,0,0,,0,0,,0,0,,0,0,,0,0,,0,0,,0,0,,,0,0,,0
BT-HQ,200,2763,2773,0,3256,3271,0,3692,3711,0,3801,3869,0,3470,3438,0.009221902017291117,3399,3415,0,3518,3536,0,3469,3486,0,3107,3121,0,2651,2661,0,2573,2583,0,2483,2492,0,,38182,38356,0,1
BT-HQ,2000,0,1187,0,0,1323,0,0,1543,0,0,1681,0,0,1366,0,0,1108,0,0,1341,0,0,1424,0,0,1466,0,0,1400,0,0,1198,0,0,1115,0,,0,16152,0,1
BT-HQ,2001,0,718,0,0,770,0,0,821,0,0,934,0,0,837,0,0,732,0,0,611,0,0,710,0,0,788,0,0,846,0,0,791,0,0,744,0,,0,9302,0,1
BT-HQ,2002,0,1189,0,0,1274,0,0,1442,0,0,1697,0,0,1549,0,0,1338,0,0,1122,0,0,1336,0,0,1293,0,0,1475,0,0,1399,0,0,1481,0,,0,16595,0,1
BT-HQ,2003,0,2949,0,0,3036,0,0,2962,0,0,3451,0,0,3560,0,0,2302,0,0,2280,0,0,2526,0,0,2505,0,0,2792,0,0,2912,0,0,2637,0,,0,33912,0,1
BT-HQ,2004,0,1274,0,0,1515,0,0,1576,0,0,1772,0,0,1539,0,0,1400,0,0,1236,0,0,1390,0,0,1415,0,0,1393,0,0,1534,0,0,1418,0,,0,17462,0,1
BT-HQ,2005,4786,4790,0,5193,5198,0,5880,5886,0,7103,7110,0,6112,6117,0,5824,5830,0,5085,5091,0,5669,5675,0,5503,5509,0,5956,5962,0,5290,5295,0,4672,4678,0,,67073,67141,0,1
BT-HQ,2006,11434,11491,0,12554,12595,0,13995,14020,0,17361,17352,0.0005184033177811909,14635,14658,0,13935,13976,0,12371,12429,0,13408,13467,0,12954,13002,0,13276,13355,0,13376,13458,0,11454,11545,0,,160753,161348,0,1
BT-HQ,2007,2490,5886,0,2330,2291,0.016738197424892687,2583,2534,0.01897018970189701,3008,2951,0.018949468085106336,2746,2703,0.015659140568099028,2379,2332,0.019756200084068976,2093,2059,0.01624462494027712,2398,2357,0.017097581317764843,2242,2204,0.016949152542372836,2245,2208,0.016481069042316276,2378,2335,0.0180824222035324,2234,2196,0.017009847806624845,,29126,32056,0,1
BT-HQ,2008,3887,3869,0.004630820684332404,4556,4535,0.00460930640913082,4891,4867,0.004906971989368181,5664,5636,0.004943502824858781,5056,5031,0.0049446202531645556,4982,4958,0.004817342432757887,4217,4195,0.005216978894948987,4468,4446,0.004923903312444078,4610,4587,0.00498915401301514,4924,4898,0.005280259951259136,5115,5087,0.005474095796676459,4422,4397,0.005653550429669862,,56792,56506,0.005035920552190487,1
BT-HQ,2009,0,9812,0,0,7676,0,0,7687,0,0,9390,0,0,7777,0,0,7285,0,0,6382,0,0,6920,0,0,6602,0,0,7398,0,0,7715,0,0,7173,0,,0,91817,0,1
BT-HQ,201,90833,89900,0.0102715973269627,95962,93206,0.028719701548529653,113357,109683,0.03241087890469929,133882,127578,0.04708624012189844,124903,123147,0.014058909713937973,132037,128181,0.029203935260570857,109486,111370,0,116657,114047,0.0223732823576811,123688,121106,0.020875105103162817,100988,99021,0.019477561690497858,109274,107275,0.01829346413602506,94464,93485,0.010363736449864547,,1345531,1317999,0.02046181024443139,285
BT-HQ,2010,5140,5111,0.005642023346303482,5000,5005,0,5600,5568,0.005714285714285672,6140,6127,0.002117263843648187,5180,5160,0.0038610038610038533,4860,4868,0,4620,4604,0.0034632034632035014,5280,5286,0,5320,5298,0.004135338345864659,5440,5414,0.004779411764705865,5660,5673,0,4700,4710,0,,62940,62824,0.0018430251032729439,1
BT-HQ,2011,1240,1281,0,1420,1438,0,1600,1633,0,2020,2063,0,1720,1759,0,1580,1623,0,1480,1519,0,1640,1659,0,1640,1683,0,1700,1732,0,1640,1684,0,1520,1572,0,,19200,19646,0,1
BT-HQ,2012,1448,1445,0.002071823204419898,1655,1650,0.0030211480362537513,1802,1798,0.002219755826859071,1987,1982,0.0025163563160544022,1857,1856,0.000538502961766274,1872,1853,0.010149572649572614,1673,1677,0,1870,1865,0.002673796791443861,1864,1860,0.0021459227467811592,1872,1867,0.0026709401709401615,1856,1852,0.0021551724137931494,1596,1592,0.0025062656641604564,,21352,21297,0.002575871112776351,1
BT-HQ,2013,820,803,0.02073170731707319,860,848,0.013953488372092981,1040,1025,0.014423076923076872,1240,1217,0.0185483870967742,1140,1114,0.02280701754385961,980,981,0,920,903,0.018478260869565166,920,893,0.02934782608695652,820,805,0.018292682926829285,860,847,0.015116279069767424,900,870,0.033333333333333326,780,759,0.02692307692307694,,11280,11065,0.019060283687943214,1
BT-HQ,2014,0,3430,0,0,3859,0,0,4513,0,0,5241,0,0,4576,0,0,4093,0,0,3539,0,0,4072,0,0,4023,0,0,4166,0,0,4149,0,0,3716,0,,0,49377,0,1
BT-HQ,2015,4143,4121,0.005310161718561468,2583,2568,0.005807200929152101,2438,2426,0.004922067268252617,3001,2987,0.0046651116294568196,2063,2053,0.004847309743092554,1681,1672,0.005353955978584124,1652,1642,0.006053268765133124,1948,1935,0.006673511293634471,1888,1877,0.005826271186440635,1973,1961,0.006082108464267599,1938,1926,0.006191950464396245,2431,2416,0.006170300287947295,,27739,27584,0.0055878005695951805,1
BT-HQ,2016,2808,2790,0.0064102564102563875,2297,2282,0.006530256856769667,2523,2508,0.005945303210463715,3125,3109,0.005120000000000013,2411,2398,0.005391953546246331,2065,2053,0.005811138014527817,1889,1875,0.007411328745367873,2145,2130,0.006993006993006978,2241,2227,0.006247211066488179,2318,2302,0.00690250215703192,2079,2064,0.00721500721500723,2002,1988,0.006993006993006978,,27903,27726,0.006343403935060721,1
BT-HQ,2017,3774,3760,0.0037095919448860704,3980,3966,0.0035175879396984744,4775,4763,0.0025130890052356136,5333,5322,0.0020626289143071963,4361,4352,0.0020637468470534603,4123,4111,0.002910502061605591,3342,3328,0.00418910831837227,3865,3851,0.0036222509702458217,3795,3781,0.0036890645586298287,3788,3772,0.004223864836325197,4053,4038,0.0037009622501850137,3720,3705,0.0040322580645161255,,48909,48749,0.0032713815453188078,1
BT-HQ,2018,0,0,,0,0,,0,0,,0,0,,0,0,,0,0,,0,0,,0,0,,0,0,,0,0,,0,0,,0,0,,,0,0,,0
BT-HQ,2019,0,2040,0,0,2220,0,0,2440,0,0,2800,0,0,2220,0,0,2200,0,0,2020,0,0,2340,0,0,2380,0,0,2480,0,0,2380,0,0,2100,0,,0,27620,0,1
BT-HQ,202,103523,100654,0.02771364817480171,100278,98854,0.014200522547318406,115814,110999,0.04157528450791792,135042,129389,0.04186105063609835,118262,116880,0.011685917708139537,120391,116548,0.03192099077173538,104768,101770,0.028615607819181377,105824,102126,0.03494481403084371,109830,107262,0.023381589729582042,96526,93757,0.028686571493690805,104611,101978,0.02516943724847287,97900,95511,0.024402451481103205,,1312769,1275728,0.028215931363400615,195
BT-HQ,2020,0,4039,0,0,3828,0,0,3600,0,0,4266,0,0,3341,0,0,2667,0,0,2349,0,0,2827,0,0,2626,0,0,2726,0,0,2829,0,0,2794,0,,0,37892,0,1
BT-HQ,2021,0,1580,0,0,2220,0,0,1880,0,0,2320,0,0,1820,0,0,1820,0,0,1860,0,0,3520,0,0,3360,0,0,3760,0,0,3460,0,0,3200,0,,0,30800,0,1
BT-HQ,2022,0,16336,0,0,17683,0,0,16157,0,0,20935,0,0,17006,0,0,18125,0,0,16069,0,0,16438,0,0,15744,0,0,15008,0,0,15420,0,0,14552,0,,0,199473,0,1
BT-HQ,2023,0,9668,0,0,9864,0,0,9009,0,0,10179,0,0,9278,0,0,8137,0,0,7615,0,0,7805,0,0,7609,0,0,7791,0,0,7685,0,0,6776,0,,0,101416,0,1
BT-HQ,2024,0,1392,0,0,1721,0,0,1913,0,0,2305,0,0,1853,0,0,1630,0,0,1384,0,0,1652,0,0,1705,0,0,1994,0,0,1974,0,0,1725,0,,0,21248,0,1
BT-HQ,2025,0,1088,0,0,1143,0,0,1358,0,0,1460,0,0,1227,0,0,964,0,0,839,0,0,964,0,0,931,0,0,1152,0,0,1126,0,0,1021,0,,0,13273,0,1
BT-HQ,2026,0,499,0,0,547,0,0,491,0,0,728,0,0,608,0,0,445,0,0,369,0,0,515,0,0,525,0,0,561,0,0,558,0,0,570,0,,0,6416,0,1
BT-HQ,2027,0,1467,0,0,1354,0,0,1132,0,0,1346,0,0,1174,0,0,770,0,0,613,0,0,604,0,0,601,0,0,696,0,0,803,0,0,716,0,,0,11276,0,1
BT-HQ,2028,0,1887,0,0,2155,0,0,2087,0,0,2460,0,0,2348,0,0,1852,0,0,1665,0,0,1906,0,0,1798,0,0,1925,0,0,2076,0,0,1954,0,,0,24113,0,1
BT-HQ,2029,0,2849,0,0,3143,0,0,3707,0,0,4326,0,0,4312,0,0,3776,0,0,3175,0,0,3311,0,0,3079,0,0,3400,0,0,3494,0,0,3275,0,,0,41847,0,1
BT-HQ,203,109095,104413,0.042916723956184955,104391,99452,0.047312507783238034,122521,116761,0.047012348903453294,144213,137777,0.04462843155610108,162583,149059,0.08318212851282114,165327,140932,0.14755605557470952,145117,126475,0.1284618618080583,133391,126859,0.048968820984924055,145748,140427,0.03650821966682216,128838,123071,0.044761638646983015,118506,115377,0.026403726393600335,125706,120250,0.04340286064308785,,1605436,1500853,0.06514305148258792,192
BT-HQ,2030,0,1451,0,0,1404,0,0,1649,0,0,1789,0,0,1458,0,0,1378,0,0,1227,0,0,1366,0,0,1484,0,0,1732,0,0,1526,0,0,1513,0,,0,17977,0,1
BT-HQ,2031,0,1949,0,0,2309,0,0,2425,0,0,2784,0,0,2473,0,0,1996,0,0,1566,0,0,1931,0,0,1726,0,0,1995,0,0,1937,0,0,1797,0,,0,24888,0,1
BT-HQ,2032,0,337,0,0,318,0,0,369,0,0,507,0,0,496,0,0,512,0,0,381,0,0,506,0,0,529,0,0,504,0,0,477,0,0,412,0,,0,5348,0,1
BT-HQ,2033,0,645,0,0,1012,0,0,1089,0,0,1577,0,0,1241,0,0,945,0,0,799,0,0,766,0,0,814,0,0,919,0,0,836,0,0,735,0,,0,11378,0,1
BT-HQ,2034,0,254,0,0,276,0,0,407,0,0,542,0,0,475,0,0,437,0,0,547,0,0,498,0,0,599,0,0,534,0,0,589,0,0,492,0,,0,5650,0,1
BT-HQ,2035,0,0,,0,0,,0,664,0,0,2882,0,0,2611,0,0,2296,0,0,2145,0,0,2202,0,0,2166,0,0,2395,0,0,2433,0,0,2277,0,,0,22071,0,1
BT-HQ,203A,25477,24944,0.02092083055304783,25075,24232,0.033619142572283156,30262,29393,0.02871588130328462,32401,31708,0.021388228758371652,36885,35773,0.030147756540599202,36343,35016,0.03651322125306111,32158,31850,0.009577710056595579,29639,28180,0.049225682377948,31079,30023,0.033977927217735404,26982,25672,0.048550885775702324,24587,24173,0.016838166510757757,27283,26192,0.03998827108455816,,358171,347156,0.03075346691943237,83
BT-HQ,204,4317,3513,0.18624044475330093,6721,6719,0.000297574765659836,7422,7422,0,6968,6967,0.00014351320321470684,9027,9026,0.00011077877478671283,9883,9883,0,10193,10194,0,9979,9978,0.0001002104419280947,9749,9748,0.00010257462303830955,7653,7653,0,7993,7992,0.00012510947078692158,6610,7992,0,,96515,97087,0,1
BT-HQ,2040,0,817,0,0,1021,0,0,1691,0,0,2338,0,0,2103,0,0,1956,0,0,1909,0,0,2091,0,0,1370,0,0,1355,0,0,1421,0,0,1519,0,,0,19591,0,1
BT-HQ,2041,0,3688,0,0,4307,0,0,5008,0,0,5571,0,0,4796,0,0,3196,0,0,2674,0,0,3202,0,0,2767,0,0,4272,0,0,5755,0,0,5674,0,,0,50910,0,1
BT-HQ,2042,0,1927,0,0,2052,0,0,2426,0,0,2616,0,0,2270,0,0,1778,0,0,1513,0,0,1903,0,0,1822,0,0,1977,0,0,2122,0,0,2121,0,,0,24527,0,1
BT-HQ,2043,0,10200,0,0,11126,0,0,12008,0,0,15246,0,0,12564,0,0,11415,0,0,10614,0,0,11523,0,0,11382,0,0,12268,0,0,11947,0,0,10255,0,,0,140548,0,1
BT-HQ,2044,0,1953,0,0,2204,0,0,2614,0,0,3074,0,0,2608,0,0,2337,0,0,1935,0,0,2225,0,0,2321,0,0,2508,0,0,2324,0,0,2160,0,,0,28263,0,1
BT-HQ,2045,0,1430,0,0,1653,0,0,2258,0,0,2242,0,0,1955,0,0,1441,0,0,1220,0,0,1499,0,0,1379,0,0,1640,0,0,1618,0,0,1523,0,,0,19858,0,1
BT-HQ,2046,0,1152,0,0,1232,0,0,1153,0,0,1391,0,0,1436,0,0,1273,0,0,987,0,0,1165,0,0,1113,0,0,1184,0,0,1167,0,0,1050,0,,0,14303,0,1
BT-HQ,2047,0,0,,0,0,,0,0,,0,0,,0,0,,0,0,,0,0,,0,0,,0,0,,0,0,,0,561,0,0,995,0,,0,1556,0,1
BT-HQ,2048,0,383,0,0,479,0,0,0,,0,0,,0,1229,0,0,332,0,0,336,0,0,373,0,0,0,,143,715,0,496,497,0,445,445,0,,1084,4789,0,1
BT-HQ,2049,0,251,0,0,484,0,0,679,0,0,688,0,0,648,0,0,666,0,0,423,0,0,446,0,0,528,0,0,757,0,0,565,0,0,414,0,,0,6549,0,1
BT-HQ,205,50995,49850,0.02245318168447885,49520,48365,0.02332390953150243,61789,60196,0.0257812879315088,64321,62679,0.025528210071360857,69429,67483,0.028028633568105588,66581,64715,0.02802601342725397,57665,56160,0.026099020202896006,54106,52732,0.025394595793442498,59363,57911,0.02445968027222345,54628,53240,0.025408215567108483,50312,49065,0.02478533948163464,51857,50603,0.024181884798580744,,690566,672999,0.02543855330265321,147
BT-HQ,2050,0,1118,0,0,1032,0,0,0,,0,0,,0,3442,0,0,0,,0,0,,0,2988,0,0,949,0,0,1117,0,0,959,0,0,867,0,,0,12472,0,1
BT-HQ,2051,0,0,,0,0,,0,0,,0,0,,0,0,,0,0,,0,0,,0,0,,0,0,,0,0,,84,85,0,143,143,0,,227,228,0,1
BT-HQ,2052,0,243,0,0,259,0,0,376,0,0,395,0,0,365,0,0,435,0,0,377,0,0,361,0,0,306,0,0,366,0,0,291,0,0,305,0,,0,4079,0,1
BT-HQ,2053,0,1050,0,0,1244,0,0,1377,0,0,1775,0,0,1595,0,0,1394,0,0,1167,0,0,1331,0,0,1288,0,0,1416,0,0,1306,0,0,1195,0,,0,16138,0,1
BT-HQ,2054,0,76,0,0,77,0,0,84,0,0,83,0,0,56,0,0,81,0,0,61,0,0,55,0,0,43,0,0,58,0,0,35,0,0,27,0,,0,736,0,1
BT-HQ,2055,0,473,0,0,452,0,0,532,0,0,586,0,0,504,0,0,416,0,0,388,0,0,538,0,0,549,0,0,600,0,0,552,0,0,579,0,,0,6169,0,1
BT-HQ,2056,0,27,0,0,51,0,0,61,0,0,64,0,0,0,,0,117,0,0,45,0,0,57,0,0,57,0,0,74,0,0,55,0,0,77,0,,0,685,0,1
BT-HQ,2057,0,53,0,0,67,0,0,69,0,0,87,0,0,63,0,0,53,0,0,34,0,0,47,0,0,80,0,0,56,0,0,48,0,0,66,0,,0,723,0,1
BT-HQ,2058,0,829,0,0,914,0,0,975,0,0,1193,0,0,978,0,0,932,0,0,795,0,0,927,0,0,921,0,0,979,0,0,847,0,0,707,0,,0,10997,0,1
BT-HQ,2059,0,0,,0,0,,0,0,,0,0,,0,0,,0,0,,0,0,,0,0,,0,0,,0,0,,0,472,0,0,848,0,,0,1320,0,1
BT-HQ,205A,0,0,,0,0,,0,0,,0,0,,11882,11892,0,10331,10335,0,7341,7346,0,7792,7796,0,6987,6991,0,5398,5402,0,6735,6743,0,6031,6038,0,,62497,62543,0,1
BT-HQ,206,77631,74914,0.03499890507658021,70090,67508,0.0368383506919675,81770,78660,0.03803350862174393,100412,96446,0.039497271242480925,121267,115492,0.047622189053905806,104761,100702,0.03874533461879903,89537,86092,0.0384757139506573,81373,78668,0.03324198444201398,90434,87455,0.032941150452263535,86013,82803,0.03731994000906835,78274,74263,0.05124306921838673,83792,82113,0.020037712430781007,,1065354,1025116,0.037769605220424385,480
BT-HQ,2060,0,718,0,0,686,0,0,658,0,0,788,0,0,580,0,0,555,0,0,552,0,0,813,0,0,885,0,0,797,0,0,816,0,0,662,0,,0,8510,0,1
BT-HQ,2061,0,1257,0,0,1482,0,0,1417,0,0,2035,0,0,1697,0,0,1540,0,0,1582,0,0,1501,0,0,1398,0,0,1588,0,0,1522,0,0,1429,0,,0,18448,0,1
BT-HQ,2062,0,470,0,0,455,0,0,514,0,0,694,0,0,430,0,0,429,0,0,430,0,0,502,0,0,503,0,0,555,0,0,580,0,0,483,0,,0,6045,0,1
BT-HQ,2063,0,600,0,0,580,0,0,620,0,0,700,0,0,680,0,0,700,0,0,740,0,0,660,0,0,720,0,0,840,0,0,720,0,0,600,0,,0,8160,0,1
BT-HQ,2064,0,1280,0,0,1460,0,0,1640,0,0,2000,0,0,1740,0,0,1740,0,0,1220,0,0,1340,0,0,1320,0,0,1420,0,0,1360,0,0,1340,0,,0,17860,0,1
BT-HQ,2065,0,1440,0,0,960,0,0,750,0,0,1230,0,0,720,0,0,570,0,0,540,0,0,630,0,0,570,0,0,690,0,0,600,0,0,540,0,,0,9240,0,1
BT-HQ,2066,0,1960,0,0,2580,0,0,3060,0,0,3100,0,0,2540,0,0,1640,0,0,1460,0,0,1820,0,801,1640,0,1497,1500,0,1778,1780,0,2116,2140,0,,6192,25220,0,1
BT-HQ,2067,0,90,0,0,82,0,0,112,0,0,168,0,0,203,0,0,166,0,0,145,0,0,178,0,0,135,0,0,151,0,0,152,0,0,135,0,,0,1717,0,1
BT-HQ,2068,0,974,0,0,1135,0,0,1234,0,0,1365,0,0,1306,0,0,1214,0,0,1219,0,0,1161,0,0,1223,0,0,1178,0,0,1342,0,0,1441,0,,0,14792,0,1
BT-HQ,2069,0,494,0,0,444,0,0,515,0,0,669,0,0,649,0,0,669,0,0,660,0,0,700,0,0,584,0,0,635,0,0,765,0,0,641,0,,0,7425,0,1
BT-HQ,207,89995,87386,0.0289904994721929,85546,82397,0.03681060482079812,100553,96647,0.03884518612075227,118618,113600,0.042303866192314854,123729,116879,0.05536293027503658,114392,108745,0.049365340233582744,104061,99440,0.04440664610180567,93013,89466,0.038134454323589195,95532,91648,0.040656533936272665,93232,87832,0.05792002745838343,82271,80625,0.02000704987176527,88544,85128,0.03857968919407295,,1189486,1139793,0.04177686832800054,133
BT-HQ,2070,0,0,,0,0,,0,0,,0,0,,0,0,,0,0,,0,0,,0,0,,0,0,,0,0,,0,160,0,0,0,,,0,160,0,1
BT-HQ,2071,0,250,0,0,250,0,0,243,0,0,272,0,0,305,0,0,198,0,0,193,0,0,239,0,0,210,0,0,283,0,0,304,0,0,239,0,,0,2986,0,1
BT-HQ,2072,0,529,0,0,554,0,0,606,0,0,728,0,0,595,0,0,629,0,0,689,0,0,734,0,0,717,0,0,689,0,0,576,0,0,570,0,,0,7616,0,1
BT-HQ,2073,0,5746,0,0,6618,0,0,6803,0,0,8970,0,0,9173,0,0,4843,0,0,3004,0,0,4198,0,0,3063,0,0,3194,0,0,4374,0,0,4450,0,,0,64436,0,1
BT-HQ,2074,0,2300,0,0,2355,0,0,2541,0,0,3093,0,0,3233,0,0,2511,0,0,2100,0,0,2656,0,0,2440,0,0,2561,0,0,2285,0,0,1933,0,,0,30008,0,1
BT-HQ,2075,0,6444,0,0,7155,0,0,8406,0,0,10725,0,0,9508,0,0,8038,0,0,6674,0,0,7523,0,0,7368,0,0,7402,0,0,6831,0,0,5342,0,,0,91416,0,1
BT-HQ,2076,0,1362,0,0,1118,0,0,1052,0,0,1260,0,0,783,0,0,524,0,0,727,0,0,1406,0,0,3460,0,0,3807,0,0,2174,0,0,850,0,,0,18523,0,1
BT-HQ,2077,0,2246,0,0,1769,0,0,1675,0,0,1937,0,0,1825,0,0,1645,0,0,1413,0,0,1488,0,0,1548,0,0,1581,0,0,1517,0,0,1514,0,,0,20158,0,1
BT-HQ,2078,0,510,0,0,476,0,0,459,0,0,533,0,0,472,0,0,379,0,0,337,0,0,400,0,0,402,0,0,491,0,0,516,0,0,424,0,,0,5399,0,1
BT-HQ,2079,0,2906,0,0,3233,0,0,3491,0,0,4238,0,0,3613,0,0,2932,0,0,2649,0,0,3395,0,0,3055,0,0,3108,0,0,2919,0,0,2911,0,,0,38450,0,1
BT-HQ,208,89375,89155,0.002461538461538515,89488,89263,0.0025143035937779112,96605,96351,0.002629263495678269,98531,98275,0.002598167074321811,88346,88126,0.0024902089511692482,89185,88962,0.0025004204742949954,86131,85900,0.002681961198639282,92875,92619,0.0027563930013458915,87328,87090,0.002725357273726692,80504,80285,0.00272036172115675,97540,97259,0.002880869386918228,85125,84904,0.0025961820851688744,,1081033,1078189,0.0026308170055863167,1
BT-HQ,2080,0,2918,0,0,3387,0,0,3505,0,0,3709,0,0,4026,0,0,3713,0,0,3215,0,0,3794,0,0,3692,0,0,3697,0,0,3577,0,0,3511,0,,0,42744,0,1
BT-HQ,2081,0,7863,0,0,8053,0,0,8749,0,0,10298,0,0,9423,0,0,8509,0,0,8128,0,0,8709,0,0,8539,0,0,9060,0,0,8727,0,0,9505,0,,0,105563,0,1
BT-HQ,2082,0,3822,0,0,4129,0,0,4592,0,0,5829,0,0,4720,0,0,4251,0,0,3880,0,0,4420,0,0,4150,0,0,4453,0,0,4167,0,0,3789,0,,0,52202,0,1
BT-HQ,209,92796,89328,0.037372300530195246,87843,84490,0.03817037214120644,101394,97121,0.04214253308874294,119319,113724,0.04689110703240895,134314,126640,0.05713477373914855,119747,114365,0.04494475853257285,111651,106120,0.04953829343221283,102762,98465,0.04181506782662847,112874,108121,0.0421089001895919,106236,106304,0,97929,88982,0.09136210928325628,103895,99367,0.043582463063670085,,1290760,1233027,0.04472791223775141,206
BT-HQ,2090,0,1487,0,0,1531,0,0,1809,0,0,2071,0,0,1984,0,0,1845,0,0,1311,0,0,1825,0,0,1565,0,0,1499,0,0,1689,0,0,1643,0,,0,20259,0,1
BT-HQ,2091,0,3199,0,0,3529,0,0,3782,0,0,4327,0,0,3913,0,0,3314,0,0,3335,0,0,3365,0,0,2941,0,0,2678,0,0,2932,0,0,2917,0,,0,40232,0,1
BT-HQ,2092,0,4017,0,0,4097,0,0,4519,0,0,4388,0,0,3978,0,0,3483,0,0,2492,0,0,4154,0,0,3096,0,0,2634,0,0,3635,0,0,4221,0,,0,44714,0,1
BT-HQ,2093,0,377,0,0,436,0,0,512,0,0,540,0,0,444,0,0,372,0,0,344,0,0,389,0,0,0,,59,719,0,414,415,0,368,368,0,,841,4916,0,1
BT-HQ,2094,0,540,0,0,584,0,0,612,0,0,957,0,0,1220,0,0,792,0,0,576,0,0,656,0,0,602,0,0,548,0,0,611,0,0,578,0,,0,8276,0,1
BT-HQ,2095,0,209,0,0,264,0,0,289,0,0,318,0,0,346,0,0,315,0,0,539,0,0,582,0,0,375,0,0,381,0,0,449,0,0,408,0,,0,4475,0,1
BT-HQ,2096,0,247,0,0,264,0,0,254,0,0,283,0,0,198,0,0,180,0,0,177,0,0,230,0,0,251,0,0,234,0,0,301,0,0,237,0,,0,2856,0,1
BT-HQ,2097,0,233,0,0,221,0,0,249,0,0,249,0,0,283,0,0,266,0,0,209,0,0,279,0,0,290,0,0,288,0,0,281,0,0,253,0,,0,3101,0,1
BT-HQ,2098,0,0,,0,0,,0,0,,0,0,,0,0,,0,0,,0,0,,0,0,,0,0,,0,0,,0,0,,206,208,0,,206,208,0,1
BT-HQ,2099,0,645,0,0,594,0,0,682,0,0,749,0,0,640,0,0,584,0,0,584,0,0,705,0,0,789,0,0,879,0,0,982,0,0,630,0,,0,8463,0,1
BT-HQ,21,0,0,,0,0,,0,0,,0,0,,0,0,,0,0,,0,0,,0,0,,0,0,,0,0,,0,0,,0,0,,,0,0,,0
BT-HQ,210,0,12798,0,0,15232,0,0,18149,0,0,18746,0,0,20346,0,0,20265,0,0,16319,0,0,17575,0,0,17579,0,0,15926,0,0,16221,0,0,15024,0,,0,204180,0,1
BT-HQ,2101,0,2913,0,0,3038,0,0,3258,0,0,3726,0,0,3396,0,0,3148,0,0,3098,0,0,3471,0,0,3286,0,0,3294,0,0,3518,0,0,3165,0,,0,39311,0,1
BT-HQ,2102,0,1246,0,0,1452,0,0,1726,0,0,1626,0,0,1392,0,0,1433,0,0,1421,0,0,1563,0,0,1422,0,0,1323,0,0,1330,0,0,1206,0,,0,17140,0,1
BT-HQ,2103,0,1942,0,0,2194,0,0,2458,0,0,2631,0,0,3023,0,0,2487,0,0,2050,0,0,2191,0,0,2248,0,0,2245,0,0,2542,0,0,2421,0,,0,28432,0,1
BT-HQ,2104,0,166,0,0,105,0,0,53,0,0,23,0,0,34,0,0,24,0,0,26,0,0,26,0,0,128,0,0,0,,134,203,0,159,159,0,,293,947,0,1
BT-HQ,2105,0,0,,0,0,,0,0,,0,0,,0,0,,0,0,,0,0,,0,0,,0,0,,0,0,,0,0,,0,0,,,0,0,,0
BT-HQ,2106,0,0,,0,0,,0,0,,0,0,,0,0,,0,0,,0,0,,0,0,,0,0,,0,0,,0,0,,0,0,,,0,0,,0
BT-HQ,2107,0,0,,0,0,,0,0,,0,0,,0,0,,0,0,,0,0,,0,0,,0,0,,0,0,,0,0,,0,0,,,0,0,,0
BT-HQ,2108,0,0,,0,0,,0,0,,0,0,,0,0,,0,0,,0,0,,0,0,,0,0,,0,0,,0,0,,0,0,,,0,0,,0
BT-HQ,2109,0,0,,0,0,,0,0,,0,0,,0,0,,0,0,,0,0,,0,0,,0,0,,0,0,,0,0,,0,0,,,0,0,,0
BT-HQ,211,44538,42990,0.03475683685841302,43383,43696,0,51085,50249,0.016364882059312857,63129,62134,0.015761377496871454,75250,73670,0.02099667774086378,60961,59639,0.021685995964633165,55976,54811,0.020812491067600414,50885,50365,0.010219121548589949,56813,55857,0.016827134634678664,47898,47129,0.016054950102300736,53137,52326,0.015262434838248295,50693,49909,0.015465646144438128,,653748,642775,0.016784754982042016,211
BT-HQ,2110,0,0,,0,0,,0,0,,0,0,,0,0,,0,0,,0,0,,0,0,,0,0,,0,0,,0,0,,0,0,,,0,0,,0
BT-HQ,2111,0,0,,0,0,,0,0,,0,0,,0,0,,0,0,,0,0,,0,0,,0,0,,0,0,,0,0,,0,0,,,0,0,,0
BT-HQ,2112,0,0,,0,0,,0,0,,0,0,,0,0,,0,0,,0,0,,0,0,,0,0,,0,0,,0,0,,0,0,,,0,0,,0
BT-HQ,2113,0,0,,0,0,,0,0,,0,0,,0,0,,0,0,,0,0,,0,0,,0,0,,0,0,,0,0,,0,0,,,0,0,,0
BT-HQ,2114,0,0,,0,0,,0,0,,0,0,,0,0,,0,0,,0,0,,0,0,,0,0,,0,0,,0,0,,0,0,,,0,0,,0
BT-HQ,2115,0,0,,0,0,,0,0,,0,0,,0,0,,0,0,,0,0,,0,0,,0,0,,0,0,,0,0,,0,0,,,0,0,,0
BT-HQ,2116,0,0,,0,0,,0,0,,0,0,,0,0,,0,0,,0,0,,0,0,,0,0,,0,0,,0,0,,0,0,,,0,0,,0
BT-HQ,2117,0,0,,0,0,,0,0,,0,0,,0,0,,0,0,,0,0,,0,0,,0,0,,0,0,,0,0,,0,0,,,0,0,,0
BT-HQ,2118,0,0,,0,0,,0,0,,0,0,,0,0,,0,0,,0,0,,0,0,,0,0,,0,0,,0,0,,0,0,,,0,0,,0
BT-HQ,2119,0,0,,0,0,,0,0,,0,0,,0,0,,0,0,,0,0,,0,0,,0,0,,0,0,,0,0,,0,0,,,0,0,,0
BT-HQ,211A,38360,37064,0.033785192909280504,38080,37285,0.020877100840336116,43960,42603,0.03086897179253867,52920,51342,0.029818594104308427,62840,60856,0.031572246976448115,53160,51758,0.02637321294206174,47840,46547,0.027027591973244114,44400,43168,0.027747747747747797,50680,49243,0.02835438042620364,42640,41123,0.03557692307692306,46800,45324,0.031538461538461515,45040,44445,0.013210479573712242,,566720,550758,0.028165584415584366,163
BT-HQ,212,21975,21487,0.02220705346985208,21481,21013,0.02178669521903076,24546,23706,0.0342214617452945,28929,28596,0.011510940578658091,39508,37981,0.038650399919003764,31010,30802,0.006707513705256352,27300,26692,0.022271062271062236,28109,27481,0.022341598776192684,29491,28816,0.02288833881523178,27872,27300,0.020522388059701524,25004,24416,0.023516237402015694,23777,23181,0.02506624048450179,,329002,321471,0.0228904383559978,144
BT-HQ,2120,0,0,,0,0,,0,0,,0,0,,0,0,,0,0,,0,0,,0,0,,0,0,,0,0,,0,0,,0,0,,,0,0,,0
BT-HQ,2121,0,0,,0,0,,0,0,,0,0,,0,0,,0,0,,0,0,,0,0,,0,0,,0,0,,0,0,,0,0,,,0,0,,0
BT-HQ,213,39040,37332,0.043749999999999956,38240,37186,0.027562761506276123,41200,40705,0.012014563106796161,52520,50191,0.044345011424219316,61840,57489,0.07035899094437259,49400,46449,0.0597368421052632,46240,44076,0.04679930795847753,41840,40380,0.03489483747609945,46640,44854,0.03829331046312179,39560,37936,0.04105156723963599,42760,41186,0.036810102899906494,39800,38284,0.038090452261306584,,539080,516068,0.04268754173777545,331
BT-HQ,213A,29902,29264,0.021336365460504325,28309,27274,0.036560811049489605,33383,32160,0.03663541323428088,38705,37399,0.03374241054127369,49076,47452,0.03309153150215993,38452,37251,0.031233745969000304,35087,33831,0.035796733833043604,36182,34922,0.03482394560831348,38596,37216,0.03575500051818836,35920,34691,0.03421492204899779,36685,35378,0.03562764072509195,34270,33117,0.03364458710242191,,434567,419955,0.033624274277614274,221
BT-HQ,214,0,53338,0,0,57185,0,0,57076,0,0,66353,0,0,47616,0,0,54864,0,0,47515,0,0,55391,0,0,40826,0,0,47956,0,0,58289,0,0,49100,0,,0,635509,0,1
BT-HQ,215,72929,68931,0.05482044179955847,69642,66479,0.045417994888142244,80954,78707,0.027756503693455503,93993,89526,0.04752481567776323,109289,104781,0.04124843305364678,100097,96438,0.03655454209416864,83394,80547,0.03413914670120155,85571,82766,0.0327797968938075,98076,94505,0.036410538765855094,89278,86143,0.03511503393893234,82429,79680,0.033349913258683195,85657,82561,0.0361441563444902,,1051309,1011064,0.03828084797143372,45
BT-HQ,216,175684,175749,0,203138,203226,0,253470,253609,0,290122,290320,0,232706,232866,0,225699,225851,0,184755,184870,0,190457,190569,0,198164,198279,0,186455,186567,0,182830,182977,0,150238,150262,0,,2473718,2475145,0,1
BT-HQ,2160,0,6807,0,0,7114,0,0,7935,0,0,9614,0,0,7909,0,0,8011,0,0,6733,0,0,7399,0,0,7265,0,0,7568,0,0,7893,0,0,6841,0,,0,91089,0,1
BT-HQ,2161,0,2985,0,0,3303,0,0,3618,0,0,4246,0,0,3232,0,0,3293,0,0,2920,0,0,3153,0,0,3246,0,0,3503,0,0,3704,0,0,3465,0,,0,40668,0,1
BT-HQ,2162,0,2293,0,0,2539,0,0,2797,0,0,3236,0,0,2789,0,0,2763,0,0,2522,0,0,2985,0,0,3013,0,0,3214,0,0,3293,0,0,2809,0,,0,34253,0,1
BT-HQ,217,85660,82838,0.03294419799206161,84000,81091,0.03463095238095237,90093,86768,0.036906307926253934,105553,101513,0.03827461085899975,105130,105082,0.00045657757062689264,95499,108303,0,87534,97254,0,82539,78819,0.045069603460182406,86432,82640,0.04387263976305067,82190,78316,0.04713468791823827,77346,73745,0.04655702945207252,80014,76248,0.04706676331641968,,1061990,1052617,0.00882588348289537,66
BT-HQ,217A,7345,7350,0,8203,8211,0,9187,9197,0,10813,10824,0,9692,9705,0,9646,9660,0,8196,8207,0,8606,8619,0,8596,8605,0,8548,8558,0,8508,8517,0,7236,7245,0,,104576,104698,0,1
BT-HQ,218,0,4718,0,0,6567,0,0,7196,0,0,7318,0,0,8118,0,0,7945,0,0,6976,0,0,7159,0,0,6961,0,0,5605,0,0,6064,0,0,6064,0,,0,80691,0,1
BT-HQ,218B,0,0,,0,0,,0,0,,0,0,,0,0,,0,0,,0,0,,0,0,,0,0,,0,0,,0,0,,0,0,,,0,0,,0
BT-HQ,219,55938,54727,0.021648968500840193,55377,54076,0.02349350813514639,59847,58708,0.019031864588032854,69217,67631,0.02291344611872803,83436,81658,0.02130974639244454,65127,63565,0.023983908363658712,57969,57017,0.016422570684331284,57047,55607,0.025242344032113895,59964,58690,0.02124608098192249,58183,56969,0.02086520117560109,52097,51022,0.02063458548476882,51150,50019,0.022111436950146612,,725352,709689,0.02159365383979084,351
BT-HQ,2190,0,6305,0,0,7279,0,0,8643,0,0,10118,0,0,10817,0,0,8808,0,0,5689,0,0,6414,0,0,5816,0,0,5879,0,0,6124,0,0,6996,0,,0,88888,0,1
BT-HQ,22,0,0,,0,0,,0,0,,0,0,,0,0,,0,0,,0,0,,0,0,,0,0,,0,0,,0,0,,0,0,,,0,0,,0
BT-HQ,220,52192,50508,0.0322654812998161,50434,48976,0.028909069278661215,55829,53791,0.036504325708860974,66166,63760,0.036363086781730836,83045,79669,0.040652658197362856,65109,62758,0.036108679291649404,57118,55047,0.036258272348471565,58327,56151,0.03730690760711164,60330,57894,0.040377921432123376,57414,55030,0.041522973490786264,52662,51109,0.029489954806122043,49694,48302,0.028011429951302014,,708320,682995,0.035753614185678795,256
BT-HQ,220A,54317,51896,0.04457168105749576,54315,51594,0.05009665838166255,62237,58959,0.05266963381911083,72284,68194,0.05658236954236073,88281,83999,0.048504208153509865,64703,60820,0.06001267329181026,57225,54241,0.05214504150283972,55239,52722,0.04556563297670124,56445,53731,0.04808220391531581,53836,51171,0.0495021918418902,49489,47039,0.04950595081735332,49870,47131,0.05492279927812316,,718241,681497,0.0511583159413066,308
BT-HQ,221,79021,76142,0.03643335315928675,77997,73111,0.06264343500391045,89238,88310,0.01039915730966634,106814,101343,0.051219877544142145,132637,126449,0.04665364868023247,103787,99238,0.04383015213851449,95837,91697,0.04319834719367255,95884,91528,0.04542989445580081,97086,92802,0.04412582658673758,93047,88803,0.04561135770094682,86946,83031,0.04502794838175417,83453,79827,0.04344960636525952,,1141747,1092281,0.04332483466126913,561
BT-HQ,221A,0,0,,0,0,,0,0,,0,0,,0,0,,15,9,0.4,248,497,0,1160,1068,0.07931034482758625,2326,2140,0.07996560619088566,2143,2079,0.029864675688287434,1952,1917,0.017930327868852514,2177,2149,0.012861736334405127,,10021,9859,0.01616605129228621,30
BT-HQ,222,67140,63843,0.04910634495084898,71340,67778,0.04992991309223438,75480,71719,0.04982776894541596,89580,84917,0.052054029917392275,104280,98283,0.057508630609896416,88560,84262,0.04853206865401982,77280,73482,0.04914596273291927,78780,75655,0.03966742828128966,78900,75402,0.044334600760456255,72060,68907,0.043755203996669434,76320,73025,0.04317348008385746,69840,66849,0.042826460481099615,,949560,904122,0.0478516365474535,535
BT-HQ,222A,34536,33091,0.041840398424832115,37146,35696,0.039035158563506145,38812,37281,0.03944656291868498,47310,45365,0.041111815683787745,54661,52382,0.04169334626150267,44856,43318,0.03428749777064388,39649,37966,0.042447476607228474,42744,41173,0.0367536964252293,41301,39675,0.039369506791603115,39100,37557,0.039462915601022996,41296,39556,0.042134831460674205,37406,35800,0.04293428861679949,,498817,478860,0.04000866049072105,333
BT-HQ,223,42986,39314,0.08542316102917225,46185,42337,0.08331709429468437,51462,47097,0.08481986708639389,61465,56632,0.07863011469942238,81550,74555,0.08577559779276522,58470,53286,0.0886608517188302,52623,48020,0.08747125781502385,54873,50410,0.08133326043773803,56362,51286,0.09006067918100846,51403,46901,0.08758243682275357,52103,48065,0.07750033587317429,46899,43552,0.07136612720953539,,656381,601455,0.08368005777132492,410
BT-HQ,223A,25590,24316,0.04978507229386475,27420,26130,0.04704595185995619,29400,27734,0.05666666666666664,35310,33552,0.04978759558198809,45180,42066,0.06892430278884465,33000,31888,0.03369696969696967,29430,28020,0.04791029561671767,30660,29245,0.04615133724722764,30840,29304,0.049805447470817166,28380,27031,0.047533474277660304,31470,29931,0.04890371782650138,28650,27314,0.04663176265270508,,375330,356531,0.05008659046705566,225
BT-HQ,223B,13620,13054,0.04155653450807639,14400,13734,0.04625000000000001,15510,14778,0.04719535783365569,18210,17066,0.06282262493135637,22860,22037,0.03600174978127735,17160,15948,0.07062937062937058,15120,14581,0.035648148148148096,15900,15420,0.030188679245283012,16380,15599,0.04768009768009773,15180,14426,0.0496706192358366,16200,15720,0.029629629629629672,14970,14353,0.041215764863059445,,195510,186716,0.04497979642985017,140
BT-HQ,224,512893,513143,0,547804,548083,0,616772,617085,0,806025,806450,0,726321,726698,0,675473,675820,0,562046,562328,0,604838,605151,0,597346,597645,0,596375,596679,0,584298,584591,0,517061,517316,0,,7347252,7350989,0,1
BT-HQ,225,26730,25682,0.03920688365132807,28110,27089,0.036321593738882996,30450,29261,0.039047619047619,35250,33900,0.03829787234042559,43500,41736,0.04055172413793107,33450,32180,0.03796711509715989,30570,29405,0.038109257441936495,32910,31586,0.04023093284715895,33120,31677,0.04356884057971011,31980,30774,0.037711069418386534,32160,30817,0.04175995024875623,28620,27479,0.03986722571628232,,386850,371586,0.03945715393563398,305
BT-HQ,226,7849,7519,0.04204357242960888,8216,7846,0.045034079844206376,8658,8297,0.04169554169554168,10277,9863,0.04028412960980832,14328,13736,0.04131769960915688,10206,9758,0.04389574759945125,8959,8542,0.04654537336756337,9372,8931,0.04705505761843787,9289,8891,0.04284637743567665,8572,8134,0.05109659356042928,9354,8931,0.04522129570237332,8228,7886,0.041565386485172606,,113308,108334,0.043898047798919704,90
BT-HQ,226A,10581,10307,0.025895473017673143,11230,10957,0.02430988423864644,12021,11739,0.02345894684302474,13364,13055,0.023121819814426847,16736,16396,0.020315487571701762,12360,12057,0.024514563106796117,11360,11063,0.026144366197183078,12679,12322,0.028156794699897514,12928,12580,0.02691831683168322,11798,11469,0.0278860823868452,12513,12173,0.027171741388955506,11241,10944,0.02642113690952763,,148811,145062,0.02519303008514151,149
BT-HQ,227,12853,12493,0.028009025130319776,13428,13058,0.02755436401549005,14690,14347,0.02334921715452687,17463,16928,0.030636202256198786,20510,20059,0.02198927352510971,16266,15884,0.023484569039714742,14690,14308,0.026004084411164086,15483,15056,0.027578634631531318,15590,15040,0.03527902501603597,14451,14150,0.02082900837312296,15123,14725,0.02631752959068967,13781,13441,0.024671649372324245,,184328,179489,0.02625211579358533,171
BT-HQ,227A,16942,16329,0.03618226891748322,17806,17174,0.035493653824553495,19092,18431,0.03462183113345907,22115,21400,0.032330997060818434,27376,26470,0.03309468147282291,20791,20105,0.032995045933336575,19478,18822,0.03367902248690835,21163,20399,0.036100741860794816,20858,20139,0.03447118611563904,19820,19125,0.03506559031281531,20463,19758,0.03445242633045009,19756,19278,0.024195181210771466,,245660,237430,0.03350158756004229,298
BT-HQ,228,8750,8511,0.027314285714285735,9396,9144,0.026819923371647514,10349,10089,0.02512320030920867,12746,12406,0.026675035305193773,13297,12938,0.02699857110626458,10992,10778,0.019468704512372592,10306,10064,0.023481467106539866,10800,10519,0.026018518518518552,10791,10472,0.02956167176350666,9990,9691,0.029929929929929933,10739,10419,0.029797932768414137,10076,9780,0.029376736800317604,,128232,124811,0.026678208247551294,186
BT-HQ,229,1180,1178,0.0016949152542372614,1105,1105,0,973,971,0.0020554984583761593,1025,1024,0.0009756097560975618,939,938,0.0010649627263046302,985,983,0.0020304568527919065,1030,1030,0,1105,1103,0.0018099547511312153,1110,1108,0.0018018018018017834,2176,1087,0.5004595588235294,1078,1076,0.0018552875695733162,1021,1020,0.0009794319294809117,,13727,12623,0.08042543891600495,1
BT-HQ,23,15308,15315,0,17969,17977,0,20409,20419,0,22210,22220,0,20978,20986,0,21164,21173,0,18465,18473,0,18725,18734,0,18141,18149,0,16554,16560,0,16698,16708,0,15098,15105,0,,221719,221819,0,1
BT-HQ,230,6909,6659,0.036184686640613695,7171,6927,0.034025937805048145,7962,7739,0.02800803818136144,9658,9346,0.03230482501553111,11038,10681,0.03234281572748687,8746,8472,0.03132860736336607,7488,7211,0.0369925213675214,8131,7827,0.03738777518140446,8145,7831,0.03855125844076124,7634,7317,0.041524757663086165,8436,8151,0.03378378378378377,7551,7270,0.03721361409084889,,98869,95431,0.03477328586311179,95
BT-HQ,230A,16684,16079,0.03626228722128988,17913,17227,0.03829620945681911,18751,18052,0.03727801183936852,22485,21603,0.03922615076717817,25875,24830,0.04038647342995172,21132,20294,0.039655498769638475,19102,18334,0.04020521411370537,20386,19505,0.04321593250269795,20497,19492,0.04903156559496513,18965,18090,0.0461376219351437,20095,19203,0.044389151530231374,17846,17093,0.04219432926145916,,239731,229802,0.04141725517350692,198
BT-HQ,231,13088,12771,0.024220660146699213,13466,13011,0.0337888014258132,14494,13991,0.034704015454670945,17654,17064,0.03342018805936331,20077,19401,0.03367036907904564,15751,15221,0.0336486572281125,14126,13674,0.03199773467365141,15305,14798,0.03312642927147991,14967,14459,0.03394133760940732,16378,14021,0.14391256563682986,15316,14695,0.04054583442151993,14072,13629,0.03148095508811821,,184694,176735,0.04309289960691742,155
BT-HQ,231A,12566,12136,0.03421932197994593,12798,12371,0.03336458821690891,13144,12710,0.03301886792452835,15718,15138,0.03690036900369009,17502,16837,0.037995657639126934,14642,14154,0.03332878022128127,13271,12864,0.030668374651495744,14396,13973,0.029383161989441464,13325,12911,0.031069418386491576,13062,12663,0.030546623794212246,13898,13492,0.02921283637933514,12838,12454,0.029911201121670006,,167160,161703,0.03264536970567122,133
BT-HQ,231B,1652,1626,0.0157384987893463,1901,1867,0.01788532351394001,2208,2162,0.02083333333333337,2722,2661,0.022409992652461463,3014,2938,0.025215660252156602,2219,2170,0.02208201892744477,2009,1965,0.021901443504230955,2404,2346,0.024126455906821942,2793,2751,0.015037593984962405,2806,2785,0.007483962936564503,3109,3028,0.026053393374075307,3012,2937,0.02490039840637448,,29849,29236,0.020536701397031676,47
BT-HQ,232,10470,10244,0.021585482330467975,10857,10646,0.019434466242976844,11496,11305,0.016614474599860873,12912,12672,0.018587360594795488,15227,14988,0.015695803506928452,12482,12268,0.017144688351225734,11196,10988,0.018578063594140715,12588,12291,0.02359389895138231,12312,12024,0.023391812865497075,12597,12292,0.02421211399539569,12201,12087,0.009343496434718435,11404,11200,0.017888460189407263,,145742,143005,0.01877976149634286,241
BT-HQ,232A,1386,1357,0.0209235209235209,1270,1238,0.025196850393700787,1410,1385,0.01773049645390068,1429,1403,0.018194541637508777,1584,1549,0.022095959595959558,1561,1523,0.02434336963484951,996,971,0.025100401606425682,1089,1060,0.026629935720844822,1217,1182,0.028759244042728005,1258,1226,0.025437201907790197,2539,2459,0.03150846790074835,1945,1886,0.030334190231362523,,17684,17239,0.025163990047500584,29
BT-HQ,232B,3758,3700,0.015433741351782881,3620,3554,0.018232044198895014,4057,3979,0.01922602908553117,4412,4338,0.016772438803263845,4840,4754,0.017768595041322333,4358,4287,0.01629187700780177,3802,3732,0.018411362440820644,4035,3958,0.019083023543990052,4288,4213,0.017490671641791078,4151,4075,0.01830884124307397,4660,4584,0.016309012875536433,3897,3792,0.026943802925327165,,49878,48966,0.018284614459280646,52
BT-HQ,232C,2162,2119,0.019888991674375633,1887,1844,0.022787493375728718,2093,2053,0.019111323459149565,2351,2311,0.017014036580178638,2828,2781,0.016619519094766666,2150,2106,0.020465116279069773,1776,1746,0.016891891891891886,2051,2003,0.023403217942467136,2036,1999,0.018172888015717037,2262,2221,0.01812555260831128,2085,2045,0.01918465227817745,2005,1964,0.02044887780548632,,25686,25192,0.019232266604375936,36
BT-HQ,232D,2245,2198,0.020935412026726108,2304,2257,0.02039930555555558,2586,2541,0.01740139211136893,2824,2737,0.03080736543909346,3578,3564,0.003912800447177234,2795,2747,0.017173524150268293,2501,2461,0.015993602558976416,2844,2795,0.017229254571026753,2883,2843,0.013874436351023256,2935,2889,0.015672913117546816,2949,2902,0.01593760596812477,2842,2799,0.015130190007037303,,33286,32733,0.016613591299645458,28
BT-HQ,232E,0,0,,0,0,,0,0,,0,0,,0,0,,0,0,,0,0,,0,0,,0,0,,0,0,,0,0,,0,0,,,0,0,,0
BT-HQ,233,23011,18903,0.17852331493633478,15580,18725,0,21870,21351,0.023731138545953323,26148,25545,0.02306103717301511,21814,21368,0.020445585403869093,22061,21626,0.019718054485290737,20210,19812,0.019693221177634834,21033,20583,0.021394950791613132,21248,20764,0.02277861445783136,19875,19509,0.01841509433962263,20846,20399,0.02144296267869139,20793,20385,0.019621988169095328,,254489,248970,0.021686595491357208,218
BT-HQ,233A,190,184,0.03157894736842104,271,256,0.05535055350553508,373,363,0.02680965147453085,421,405,0.038004750593824244,398,391,0.017587939698492483,434,423,0.025345622119815614,358,346,0.03351955307262566,355,342,0.036619718309859106,351,337,0.03988603988603989,367,353,0.038147138964577665,403,390,0.032258064516129004,402,391,0.027363184079602032,,4323,4181,0.03284755956511687,14
BT-HQ,234,10846,10531,0.029042965148441846,11007,10675,0.03016262378486423,12632,12283,0.027628245725142442,15186,14694,0.032398261556697006,12729,12537,0.015083667216592045,12598,12126,0.037466264486426426,11052,10793,0.02343467245747377,11245,11082,0.014495331258337019,11921,11647,0.02298464893884744,11362,11095,0.023499383911283256,11499,11245,0.0220888772936777,11153,10889,0.023670761230162318,,143230,139597,0.025364797877539647,125
BT-HQ,234A,11725,11318,0.03471215351812362,11759,11349,0.03486691045156898,14013,13533,0.03425390708627707,17396,16766,0.03621522189008963,14452,13999,0.031345142540824766,13866,13359,0.03656425789701423,12226,11728,0.040732864387371226,12525,11962,0.04495009980039921,13350,12805,0.040823970037453194,12674,12168,0.03992425437904368,12307,11798,0.041358576419923576,12106,11594,0.0422930778126549,,158399,152379,0.03800529043743961,192
BT-HQ,235,25140,23807,0.05302307080350044,25339,24041,0.05122538379572994,30525,28861,0.05451269451269447,39361,37045,0.05883996849673534,32432,30486,0.060002466699556,30500,28927,0.05157377049180323,27541,25918,0.05893032206528448,28419,26820,0.05626517470706216,30562,29140,0.04652836856226683,28267,26809,0.05157958042947608,27930,26640,0.04618689581095592,26955,25658,0.048117232424411016,,352971,334152,0.053315994798439514,273
BT-HQ,236,21780,21040,0.03397612488521584,13800,20600,0,34142,25824,0.24362954718528496,33408,32372,0.031010536398467403,28327,27419,0.03205422388533907,28611,27954,0.022963195973576545,29448,28620,0.028117359413202925,24286,23645,0.026393807131680824,26971,26174,0.029550257684179293,23270,22653,0.02651482595616672,22475,21880,0.02647385984427142,21916,21335,0.02651031210074828,,308434,299516,0.02891380327720028,274
BT-HQ,236A,0,0,,0,0,,0,0,,0,0,,0,0,,0,0,,0,0,,0,0,,79,73,0.07594936708860756,72,73,0,62,60,0.032258064516129004,50,48,0.040000000000000036,,263,254,0.034220532319391594,2
BT-HQ,237,12189,11580,0.04996308146689643,13497,12806,0.051196562199007145,14684,13893,0.053868155815854024,16382,15471,0.05560981565132461,21070,19798,0.06037019458946369,17290,16344,0.054713707345286244,15994,15137,0.05358259347255223,16838,15905,0.05541038128043707,16990,16139,0.050088287227781025,15564,14709,0.054934464148033935,16492,15654,0.05081251515886487,14369,13505,0.06012944533370446,,191359,180941,0.054442174133435106,189
BT-HQ,238,88700,84432,0.04811724915445326,93100,90577,0.027099892588614338,103200,100186,0.02920542635658918,124100,120232,0.03116841257050762,110000,106548,0.03138181818181818,109800,107368,0.022149362477231316,100100,97707,0.023906093906093884,103300,100454,0.027550822846079348,104700,101629,0.029331423113658106,90000,87334,0.029622222222222216,98300,95332,0.03019328585961345,95000,92555,0.02573684210526317,,1220300,1184354,0.029456690977628486,162
BT-HQ,238A,73707,70800,0.03943994464569167,74613,71195,0.04580971144438639,83272,79233,0.04850369872225957,101222,97683,0.03496275513228353,91403,89005,0.02623546273098254,91427,88703,0.029794262088879697,81719,82373,0,82592,77538,0.061192367299496286,90296,88144,0.023832727917072694,74882,73035,0.024665473678587624,80033,78061,0.0246398360676221,76467,74660,0.023631108844338056,,1001633,970430,0.031152128574038596,104
BT-HQ,238B,8661,8682,0,9795,9820,0,11662,11692,0,12109,12142,0,11741,11772,0,11687,11719,0,9729,9756,0,10394,10423,0,9733,9760,0,8458,8483,0,9603,9631,0,8540,8562,0,,122112,122442,0,1
BT-HQ,239,25675,24361,0.05117818889970793,24974,24256,0.028749899895891717,27695,26511,0.042751399169525195,36120,34554,0.04335548172757475,42028,39817,0.05260778528599985,34757,33250,0.0433581724544696,32005,30427,0.049304796125605344,28593,27595,0.03490364774595178,31763,30564,0.03774832352107793,29766,28628,0.03823153934018675,31068,29834,0.039719325350843326,29103,28275,0.02845067518812494,,373547,358072,0.0414271831924764,247
BT-HQ,239A,0,0,,0,0,,0,0,,0,0,,0,0,,0,0,,0,0,,0,0,,0,0,,0,0,,0,0,,0,0,,,0,0,,0
BT-HQ,239B,71722,73431,0,82372,83678,0,75702,77919,0,41927,43352,0,37997,39530,0,53551,55228,0,21853,23160,0,53896,55541,0,92700,94641,0,61976,63530,0,73165,74965,0,78790,70369,0.10687904556415784,,745651,755344,0,1
BT-HQ,24,0,0,,0,0,,0,0,,0,0,,0,0,,0,0,,0,0,,0,0,,0,0,,0,0,,0,0,,0,0,,,0,0,,0
BT-HQ,240,8720,8553,0.019151376146788968,8480,8286,0.022877358490566047,9720,9577,0.014711934156378614,12400,12227,0.013951612903225774,15800,15513,0.018164556962025347,11320,11124,0.017314487632508868,9480,9382,0.010337552742616052,9440,9224,0.022881355932203418,10560,10427,0.01259469696969695,9560,9361,0.020815899581589914,9600,9458,0.014791666666666647,9200,8986,0.023260869565217446,,124280,122118,0.01739620212423565,104
BT-HQ,240A,12948,12344,0.046648130985480374,12549,11950,0.04773288708263612,13589,12974,0.045257193318124944,17093,16311,0.04574972210846551,20364,19319,0.0513160479277156,16839,16171,0.039669814121978786,14534,13869,0.045754781890739005,13772,13141,0.045817600929422,14962,14260,0.04691886111482424,14115,13467,0.04590860786397455,14771,14084,0.046510053483176494,14762,14077,0.046402926432732694,,180298,171967,0.046206835350364406,110
BT-HQ,240B,0,0,,46,45,0.021739130434782594,24,25,0,15088,15081,0.00046394485683987075,23602,23591,0.000466062198118844,18825,18817,0.00042496679946879556,16628,16620,0.00048111618955981594,17121,17113,0.0004672624262601621,18265,18255,0.0005474952094168817,17532,17524,0.0004563084645220483,19173,19169,0.00020862671465082805,19003,19003,0,,165307,165243,0.000387158438541646,1
BT-HQ,241,48480,47359,0.023122937293729384,48720,46863,0.03811576354679802,47220,45670,0.03282507412113511,53160,50688,0.046501128668171576,53400,50650,0.05149812734082393,44760,42836,0.042984807864164476,49020,47152,0.03810689514483889,52560,50553,0.03818493150684932,50940,49250,0.03317628582646248,49800,47936,0.03742971887550206,49260,47461,0.036520503451075936,42720,41059,0.03888108614232211,,590040,567477,0.03823978035387432,312
BT-HQ,241A,10668,9985,0.06402324709411322,10235,9567,0.06526624328285291,11110,10325,0.07065706570657071,13650,12788,0.06315018315018317,16730,15751,0.05851763299462043,14245,13500,0.052299052299052295,13175,12406,0.05836812144212522,12732,11955,0.061027332704995274,13898,13059,0.06036839833069507,12783,12065,0.056168348587968375,12035,11294,0.061570419609472404,12017,11274,0.06182907547640837,,153278,143969,0.0607327861793604,114
BT-HQ,242,14809,14180,0.04247417111216156,14118,13574,0.03853237002408272,15161,14620,0.035683662027570784,17335,16655,0.03922699740409574,19051,18273,0.040837751299144354,16341,15745,0.036472676090814504,15518,14958,0.03608712462946251,15222,14641,0.03816844041518852,16651,16094,0.0334514443576962,15846,15238,0.0383693045563549,15222,14678,0.03573774799632112,15276,14766,0.0333857030636292,,190550,183422,0.03740750459197062,166
BT-HQ,242A,7427,7210,0.029217719132893505,7290,7059,0.03168724279835389,8662,8405,0.02966982221196024,9846,9540,0.031078610603290646,10119,9821,0.029449550350825193,8635,8436,0.02304574406485238,8109,7841,0.03304969786656797,7753,7467,0.03688894621436867,8619,8354,0.03074602622113931,8342,8098,0.02924958043634618,7635,7404,0.03025540275049121,7798,7549,0.031931264426776074,,100235,97184,0.03043846959644836,140
BT-HQ,243,12401,12384,0.0013708571889363697,12764,12459,0.023895330617361377,14475,14087,0.026804835924006953,14676,14300,0.025620059961842467,16764,16283,0.02869243617275108,13414,12960,0.03384523632026237,11359,11251,0.009507879214719628,12694,12429,0.020876004411533033,14186,13794,0.02763287748484422,14442,13933,0.03524442597978117,12581,12203,0.03004530641443448,12689,12466,0.017574276932776467,,162445,158549,0.02398350210840594,197
BT-HQ,244,6235,6234,0.00016038492381720282,5931,6001,0,7075,6860,0.030388692579505272,7305,7402,0,9007,8530,0.05295880981458867,7927,7508,0.05285732307304147,7366,6975,0.05308172685310886,8041,7632,0.05086432035816446,7985,7580,0.050720100187852224,7661,7300,0.04712178566766745,7416,7088,0.0442286947141316,7055,6662,0.05570517363571936,,89004,85772,0.0363129746977664,106
BT-HQ,245,9713,9492,0.02275301142798314,9421,9209,0.022502919010720768,10356,10141,0.020760911548860617,10960,10731,0.020894160583941557,12958,12681,0.021376755672171677,11724,11423,0.025673831456840657,11219,11046,0.015420269186201985,11585,11357,0.01968062149331029,11653,11423,0.019737406676392344,11935,11667,0.02245496439044825,11686,11430,0.02190655485195958,10572,10329,0.022985244040862662,,133782,130929,0.021325738888639756,165
BT-HQ,245A,4227,4136,0.02152827064111662,4368,4284,0.019230769230769273,4945,4858,0.017593528816986836,4860,4771,0.018312757201646046,5495,5382,0.020564149226569572,5066,4964,0.020134228187919434,4421,4336,0.019226419362135316,4982,4871,0.02228020875150538,5009,4897,0.022359752445597958,5186,5069,0.022560740455071393,5092,4969,0.024155538098978746,4995,4876,0.023823823823823864,,58646,57413,0.021024451795518928,46
BT-HQ,246,5234,4906,0.06266717615590367,5317,5000,0.059620086514951987,6104,5812,0.047837483617300114,6880,6518,0.0526162790697674,7744,7381,0.046875,6659,6249,0.061570806427391545,5600,5233,0.06553571428571425,6075,5751,0.053333333333333344,6436,6051,0.05981976382846488,6554,6158,0.060421116875190695,6493,6110,0.05898660095487451,6324,6002,0.05091714104996836,,75420,71171,0.05633784142137366,124
BT-HQ,246A,3148,3077,0.022554002541296025,3197,3125,0.02252111354394748,3584,3519,0.0181361607142857,4170,4111,0.014148681055155876,4571,4481,0.01968934587617588,3947,3885,0.01570813275905747,3636,3571,0.01787678767876788,4050,3977,0.018024691358024647,4188,4119,0.016475644699140424,4103,4040,0.01535461857177678,4026,3957,0.01713859910581217,3744,3678,0.017628205128205177,,46364,45540,0.017772409628159735,68
BT-HQ,246B,1068,1120,0,1041,1091,0,1133,1183,0,1370,1446,0,1715,1791,0,1281,1340,0,1140,1189,0,1214,1265,0,1379,1447,0,1445,1501,0,1419,1457,0,1440,1479,0,,15645,16309,0,39
BT-HQ,246C,0,0,,0,0,,0,0,,0,0,,594,573,0.03535353535353536,393,377,0.040712468193384255,353,338,0.04249291784702547,400,383,0.04249999999999998,452,432,0.04424778761061943,412,398,0.03398058252427183,405,388,0.041975308641975295,448,431,0.0379464285714286,,3457,3320,0.03962973676598203,18
BT-HQ,246D,0,0,,270,273,0,337,331,0.017804154302670572,354,346,0.02259887005649719,388,384,0.010309278350515427,350,342,0.02285714285714291,305,298,0.022950819672131195,358,351,0.019553072625698276,342,335,0.020467836257309968,352,345,0.019886363636363646,370,363,0.018918918918918948,459,449,0.02178649237472763,,3885,3817,0.017503217503217483,10
BT-HQ,246E,0,0,,625,610,0.02400000000000002,771,758,0.016861219195849597,984,964,0.020325203252032575,1042,1024,0.017274472168905985,1094,1076,0.01645338208409508,888,870,0.020270270270270285,970,951,0.019587628865979423,1032,1011,0.02034883720930236,1041,1021,0.019212295869356355,1062,1040,0.020715630885122405,8197,8009,0.02293522020251315,,17706,17334,0.021009827177228102,27
BT-HQ,246F,0,0,,0,0,,0,0,,0,0,,0,0,,1440,1419,0.014583333333333282,516,500,0.03100775193798455,1013,991,0.021717670286278357,1257,1245,0.009546539379474916,1644,1631,0.007907542579075444,1778,1755,0.012935883014623117,1556,1565,0,,9204,9106,0.010647544545849597,37
BT-HQ,246G,0,0,,0,0,,0,0,,0,0,,0,0,,0,0,,0,0,,0,0,,483,481,0.0041407867494823725,2772,2762,0.003607503607503615,1544,1537,0.0045336787564767,2017,2019,0,,6816,6799,0.002494131455399007,19
BT-HQ,247,4651,4495,0.03354117394108791,4876,4697,0.03671041837571776,5465,5176,0.052881976212259874,5814,5531,0.04867561059511527,6451,5860,0.09161370330181362,4764,4805,0,4023,3917,0.026348496147153844,4405,4295,0.024971623155505163,4528,4394,0.02959363957597172,4453,4333,0.02694812485964515,4038,3929,0.026993561168895508,4306,4114,0.04458894565722249,,57774,55546,0.03856405995776646,66
BT-HQ,247A,820,801,0.023170731707317094,914,892,0.024070021881838044,980,956,0.024489795918367308,1018,999,0.018664047151277008,1042,1019,0.02207293666026866,875,856,0.021714285714285686,796,778,0.022613065326633208,806,787,0.023573200992555776,913,891,0.02409638554216864,844,824,0.023696682464455,860,841,0.02209302325581397,787,769,0.02287166454891998,,10655,10413,0.022712341623650878,16
BT-HQ,247B,474,462,0.025316455696202556,412,396,0.03883495145631066,374,362,0.03208556149732622,566,554,0.021201413427561877,711,695,0.02250351617440227,695,680,0.021582733812949617,998,971,0.027054108216432837,663,647,0.02413273001508298,942,916,0.027600849256900206,519,507,0.023121387283236983,517,500,0.03288201160541582,526,512,0.026615969581749055,,7397,7202,0.026362038664323406,14
BT-HQ,247C,290,278,0.04137931034482756,244,236,0.032786885245901676,287,279,0.027874564459930307,289,278,0.03806228373702425,341,331,0.029325513196480912,315,308,0.022222222222222254,330,319,0.033333333333333326,364,354,0.027472527472527486,388,377,0.028350515463917536,377,368,0.023872679045092826,401,392,0.02244389027431426,344,334,0.029069767441860517,,3970,3854,0.0292191435768262,11
BT-HQ,247D,1055,1285,0,1146,1360,0,1308,1565,0,1436,1755,0,1742,2095,0,1882,2274,0,1783,2157,0,1481,1797,0,1338,1590,0,1324,1579,0,1489,1757,0,1359,1627,0,,17343,20841,0,32
BT-HQ,247E,0,0,,0,0,,0,0,,0,0,,0,0,,0,0,,0,0,,0,0,,376,321,0.14627659574468088,405,436,0,414,402,0.02898550724637683,712,696,0.022471910112359605,,1907,1855,0.02726796014682753,12
BT-HQ,247F,0,0,,0,0,,0,0,,0,0,,0,0,,0,0,,0,0,,0,0,,0,230,0,0,688,0,100,710,0,737,718,0.02578018995929443,,837,2346,0,18
BT-HQ,247G,0,0,,0,0,,0,0,,0,0,,0,0,,0,0,,0,0,,0,0,,420,71,0.8309523809523809,596,933,0,709,692,0.023977433004231274,758,739,0.02506596306068598,,2483,2435,0.019331453886427763,22
BT-HQ,248,35900,34898,0.02791086350974925,35446,34343,0.031117756587485168,38850,37763,0.02797940797940801,47242,45837,0.029740485161508845,54630,53127,0.027512355848434922,45483,44390,0.024030956621155175,43826,42643,0.026993109113311764,41439,40353,0.02620719611959743,46311,45023,0.02781196691930643,40247,39206,0.0258652818843641,41816,40610,0.028840635163573713,39985,38918,0.02668500687757913,,511175,497111,0.027513082603804917,374
BT-HQ,249,2427,2376,0.021013597033374576,2470,2406,0.025910931174089047,2644,2559,0.032148260211800284,2710,2623,0.03210332103321034,2883,2746,0.04751994450225461,2339,2250,0.03805044890979048,2066,2050,0.007744433688286589,2368,2320,0.020270270270270285,2381,2334,0.01973960520789586,2292,2248,0.01919720767888311,2264,2221,0.018992932862190837,2223,2172,0.022941970310391357,,29067,28305,0.02621529569615022,52
BT-HQ,249A,4309,4171,0.03202599210953816,4539,4430,0.024014100022031304,4433,4283,0.033837130611324207,4365,4194,0.039175257731958735,3907,3769,0.03532121832608137,2880,2765,0.03993055555555558,2656,2683,0,2785,2722,0.022621184919210058,3038,2978,0.01974983541803821,2777,2720,0.020525747209218625,2793,2731,0.022198353025420725,3401,3330,0.020876212878565115,,41883,40776,0.026430771434710953,66
BT-HQ,249B,0,0,,0,0,,350,345,0.014285714285714235,716,707,0.012569832402234637,676,647,0.04289940828402372,609,595,0.02298850574712641,498,487,0.02208835341365467,626,604,0.03514376996805113,609,591,0.029556650246305383,627,607,0.03189792663476876,560,542,0.03214285714285714,670,645,0.03731343283582089,,5941,5770,0.028783033159400784,30
BT-HQ,25,117861,119001,0,123237,123331,0,131727,131826,0,145555,145662,0,152526,152638,0,141465,141571,0,124222,124318,0,130687,130787,0,129074,129174,0,127620,127718,0,133920,134024,0,129174,129275,0,,1587068,1589325,0,1
BT-HQ,250,67765,65404,0.034840994613738685,65757,63462,0.034901227245768496,73178,70733,0.033411681106343405,92948,88363,0.0493286568834187,103669,101629,0.019678013678148698,89511,86496,0.03368301102657778,78263,75482,0.03553403268466582,75552,73216,0.030919102075391836,82699,79791,0.03516366582425423,73795,71137,0.03601870045396027,77432,75039,0.030904535592519933,74423,71994,0.032637759832309876,,954992,922746,0.033765727880442964,473
BT-HQ,250A,16108,15594,0.03190961013161164,16018,15559,0.028655262829316963,18458,17973,0.026275869541662167,25001,24363,0.025518979240830353,30293,29578,0.02360281253094776,23421,22849,0.024422526792195032,20084,19578,0.025194184425413213,18676,18168,0.02720068537159992,20739,20207,0.025652152948551055,17705,17236,0.026489692177350976,18391,17889,0.027295959980425222,17583,17141,0.025137917306489177,,242477,236135,0.026155058005501552,157
BT-HQ,251,26800,25740,0.03955223880597014,25600,24596,0.03921874999999997,29600,28386,0.041013513513513566,37360,35766,0.042665952890792336,39680,38048,0.041129032258064524,34040,32704,0.03924794359576966,27920,26925,0.03563753581661888,26960,26708,0.009347181008902083,32400,30260,0.06604938271604943,29080,27757,0.04549518569463551,29440,28202,0.04205163043478266,27440,26390,0.03826530612244894,,366320,351482,0.040505568901506916,129
BT-HQ,251A,3756,3704,0.013844515441959526,3726,3673,0.014224369296833017,4209,4158,0.012116892373485344,5855,5773,0.014005123825789889,6232,6143,0.01428112965340178,5498,5417,0.014732630047289974,4813,4752,0.012674007895283612,4351,4289,0.01424959779361068,5063,4992,0.014023306340114505,4658,4584,0.015886646629454715,4815,4723,0.019106957424714466,4933,4832,0.020474356375430824,,57909,57040,0.015006302992626397,47
BT-HQ,252,26190,25005,0.04524627720504004,25740,24565,0.04564879564879565,28590,27269,0.046204966771598466,36570,34083,0.06800656275635764,43260,41822,0.03324086916319924,34920,33388,0.04387170675830465,30390,29000,0.045738729845343884,30030,28776,0.04175824175824172,33420,31730,0.0505685218432077,31380,29869,0.04815168897386868,31260,29780,0.047344849648112586,30210,28810,0.046342270771267846,,381960,364097,0.04676667713896743,302
BT-HQ,252A,30525,28729,0.05883701883701886,29540,27711,0.06191604603926881,31061,29115,0.06265091272013135,35823,33020,0.07824581972475786,37773,34915,0.07566251025865034,34287,31893,0.06982238166068777,31388,29439,0.062093793806550224,31304,29296,0.06414515716841296,33365,31344,0.06057245616664164,33755,31849,0.056465708783883906,31929,29972,0.06129224216229756,31711,29739,0.062186622938412484,,392461,367022,0.0648191794853501,281
BT-HQ,253,15214,14873,0.022413566451952138,14102,13759,0.024322791093461915,14947,14577,0.024754131263798773,17514,16934,0.03311636405161589,18596,17861,0.03952462895246289,16909,16457,0.02673132651250809,13889,13670,0.015767873857009174,14661,14249,0.028101766591637656,15785,15396,0.024643649033892934,15093,14702,0.02590604916186312,15094,14702,0.025970584338147584,14221,13809,0.02897123971591309,,186025,180989,0.027071630157236903,155
BT-HQ,254,11941,11890,0.0042709990788041274,12210,12161,0.004013104013104063,12588,12500,0.00699078487448368,14080,13996,0.005965909090909105,11662,11651,0.0009432344366318013,11711,11649,0.0052941678763556155,10257,10163,0.009164473042799992,10839,10675,0.01513054709844086,10739,10715,0.0022348449576310436,10768,10679,0.008265230312035632,10817,10762,0.005084589072755885,10133,10082,0.005033060298036074,,137745,136923,0.005967548731351413,79
BT-HQ,254A,5433,5230,0.03736425547579603,5699,5447,0.04421828390945781,6510,6369,0.02165898617511519,8034,7852,0.02265372168284785,8477,8314,0.01922850064881443,6491,6351,0.02156832537359421,5570,5461,0.019569120287253106,5658,5540,0.020855425945563777,6322,6192,0.020563112938943418,5643,5534,0.01931596668438773,5798,5637,0.027768195929630868,5863,5786,0.013133208255159512,,75498,73713,0.0236430104108718,92
BT-HQ,254B,8310,7705,0.0728038507821901,9030,8984,0.0050941306755259985,9240,8812,0.04632034632034632,11070,10587,0.04363143631436317,9630,9218,0.04278296988577357,10140,9678,0.04556213017751476,8400,7982,0.049761904761904785,9390,8915,0.05058572949946749,9000,8563,0.048555555555555574,8940,8441,0.05581655480984338,8790,8469,0.036518771331058075,8070,7676,0.0488228004956629,,110010,105030,0.04526861194436871,135
BT-HQ,255,7800,7506,0.03769230769230769,8610,8242,0.04274099883855986,8940,8622,0.035570469798657744,11610,11192,0.03600344530577093,9630,9233,0.04122533748701973,9090,8758,0.03652365236523647,7770,7458,0.04015444015444014,8940,8581,0.04015659955257267,8820,8440,0.04308390022675734,8880,8516,0.040990990990991016,8340,8013,0.03920863309352518,7410,7092,0.042914979757085026,,105840,101653,0.0395597127739985,137
BT-HQ,256,20970,20120,0.0405340963280878,22410,21479,0.041543953592146354,24780,23833,0.038216303470540725,33060,31698,0.04119782214156076,28440,27343,0.03857243319268633,28770,27616,0.04011122697254088,23550,22671,0.03732484076433118,27870,26799,0.03842841765339078,27480,26401,0.03926491994177583,27870,26814,0.037890204520990345,26670,25596,0.04026996625421819,22620,21707,0.04036251105216626,,314490,302077,0.039470253426182045,304
BT-HQ,256A,8301,8088,0.025659559089266315,9024,8796,0.025265957446808485,9914,9689,0.02269517853540448,13210,12968,0.018319454958364845,11129,10900,0.020576871237307892,10557,10325,0.021975940134507876,8248,8075,0.02097478176527645,9565,9358,0.021641400940930478,9094,8877,0.023861886958434164,9398,9182,0.02298361353479461,9240,9032,0.02251082251082248,7947,7752,0.02453756134390339,,115627,113042,0.022356370051977437,136
BT-HQ,257,33820,32909,0.026936723832052034,31661,30845,0.025773033069075524,34409,33933,0.013833590049115108,39993,38991,0.025054384517290473,46229,45904,0.007030219126522352,45746,42374,0.07371136274209766,41692,40311,0.03312386069269879,39156,38200,0.024415159873327208,44244,42408,0.041497152156224626,41209,39733,0.03581741852507947,33906,32997,0.02680941426296235,36816,35783,0.028058452846588477,,468881,454388,0.030909761751915732,87
BT-HQ,257A,56789,55323,0.025814858511331473,53279,51814,0.02749676232662024,57978,56271,0.029442202214633117,65455,63471,0.03031090061874575,73489,70810,0.036454435357672565,71480,68116,0.04706211527700055,68884,66154,0.03963184484060156,64088,61556,0.03950817625764569,70277,66931,0.04761159412040927,68591,65198,0.04946713125628732,59426,57060,0.03981422273079127,65956,63015,0.044590332949238864,,775692,745719,0.038640336628455674,31
BT-HQ,257B,5764,5759,0.000867453157529452,7011,7004,0.0009984310369419713,10732,10723,0.0008386134923592525,11399,11389,0.0008772699359592684,11772,11762,0.0008494733265375087,11476,11466,0.0008713837574068073,9876,9868,0.000810044552450373,9642,9633,0.0009334163036713861,10496,10487,0.0008574695121951192,9006,8999,0.0007772596047079805,9710,9702,0.0008238928939238166,8517,8510,0.0008218856404836883,,115401,115302,0.0008578781812982328,1
BT-HQ,258,279228,284850,0,324431,330620,0,399848,407230,0,592087,604280,0,534960,545270,0,437696,445720,0,334493,340800,0,356546,363340,0,355105,362010,0,342210,348780,0,361491,368360,0,323000,329360,0,,4641095,4730620,0,1
BT-HQ,259,0,0,,0,0,,0,0,,0,0,,0,0,,0,0,,0,0,,0,0,,0,0,,0,0,,0,0,,0,0,,,0,0,,0
BT-HQ,26,0,0,,0,0,,0,0,,0,0,,0,0,,0,0,,0,0,,0,0,,0,0,,0,0,,0,0,,0,0,,,0,0,,0
BT-HQ,260,226378,226694,0,246983,247311,0,276102,276468,0,331199,331620,0,293051,293437,0,293971,294384,0,253641,254030,0,278135,278534,0,271875,272290,0,276634,277057,0,274140,274548,0,239254,239621,0,,3261363,3265994,0,1
BT-HQ,261,120839,120842,0,136566,136567,0,159810,159813,0,236142,236138,1.6938960455958885e-05,261108,261106,7.659665732240306e-06,217610,217609,4.595377050664595e-06,154661,154669,0,160962,160956,3.727587877888627e-05,166303,166311,0,158725,158730,0,147267,147269,0,126189,126190,0,,2046182,2046200,0,1
BT-HQ,262,83556,80504,0.036526401455311386,76675,73383,0.042934463645255994,89484,85422,0.045393589915515675,102895,96477,0.062374265027455134,115563,109797,0.0498948625425093,104790,100367,0.042208225975761016,93344,89316,0.04315221117586565,85348,81576,0.04419552889347145,92352,88659,0.039988305613305575,87143,83476,0.042080258884821475,80643,77233,0.042285133241570905,84594,80887,0.043821074780717284,,1096387,1047097,0.04495675340915206,140
BT-HQ,263,105533,100863,0.044251561123061056,102894,98621,0.04152817462631442,115935,110970,0.04282572130935436,140102,133241,0.048971463647913716,150167,143036,0.0474871309941598,145546,140839,0.03234029104200731,126934,120894,0.047583783698615045,114734,110531,0.03663255878815341,121112,116104,0.0413501552282185,114964,110518,0.038672975888104144,106745,102581,0.03900885287367095,110694,106154,0.04101396642997812,,1455360,1394352,0.04191952506596308,192
BT-HQ,264,143293,143333,0,172896,172932,0,217313,217384,0,282570,282650,0,246322,246403,0,217739,217816,0,160039,160099,0,164923,164974,0,157145,157202,0,154134,154194,0,153750,153808,0,127717,127766,0,,2197841,2198561,0,1
BT-HQ,265,70144,68527,0.023052577554744547,69819,68499,0.01890602844497913,84114,81835,0.027094181705780263,106064,102785,0.030915296424800176,113252,109248,0.035354784021474184,103854,100881,0.028626725980703704,95562,92996,0.026851677445009492,85887,83741,0.024986319233411325,98555,99090,0,93566,87815,0.06146463458948759,78639,76568,0.026335533259578603,87215,84907,0.026463337728601766,,1086671,1056892,0.027403878450791508,110
BT-HQ,266,12920,12152,0.05944272445820431,14247,13655,0.04155260756650525,19202,18464,0.038433496510780096,21609,20859,0.03470776065528247,17100,16519,0.03397660818713455,18038,17408,0.03492626677015187,16116,15365,0.04659965251923559,16309,15706,0.03697345024219756,15277,14663,0.04019113700333832,16115,15275,0.05212534905367672,16115,15369,0.04629227427862237,13097,12323,0.059097503245017946,,196145,187758,0.04275918325728412,1
BT-HQ,266A,15335,15882,0,19995,20521,0,24349,24929,0,19166,19648,0,23722,24247,0,24016,24572,0,20667,21202,0,5137,5664,0,5943,6472,0,5164,5711,0,4739,5278,0,5743,6260,0,,173976,180386,0,1
BT-HQ,267,52665,51623,0.01978543624798257,56767,58437,0,62832,64532,0,69420,71137,0,68043,69743,0,69717,71437,0,59165,60851,0,67162,68930,0,66498,67457,0,55221,57615,0,48150,49771,0,37244,49771,0,,712884,741304,0,1
BT-HQ,268,32042,31195,0.026434055302415604,29754,28952,0.026954359077771106,33318,32395,0.027702743261900475,41211,40184,0.02492053092620905,42737,41643,0.02559842759201625,38981,37970,0.02593571227008029,36130,35230,0.024910047052311146,31822,30973,0.026679655584187056,39329,38347,0.024968852500699246,42365,41312,0.02485542310869826,45356,44221,0.02502425257959251,50986,49686,0.02549719530851602,,464031,452108,0.025694404037661323,56
BT-HQ,269,7965,7965,0,7829,7830,0,10098,10099,0,11893,11894,0,8780,8781,0,10093,10093,0,7311,7311,0,8921,8922,0,7262,7263,0,9397,9397,0,9259,9260,0,7237,7237,0,,106045,106052,0,1
BT-HQ,27,0,0,,0,0,,0,0,,0,0,,0,0,,0,0,,0,0,,0,0,,0,0,,0,0,,0,0,,0,0,,,0,0,,0
BT-HQ,270,11582,11256,0.02814712484890347,11551,11195,0.03081984243788416,13135,12892,0.018500190331176225,14513,14076,0.030110935023771823,18554,18232,0.01735474830225292,15935,15372,0.035331032318795086,14085,13771,0.022293219737309244,15294,15129,0.010788544527265631,14811,14520,0.019647559246505963,14573,14259,0.02154669594455505,14245,13943,0.021200421200421204,13277,12990,0.02161632898998267,,171555,167635,0.022849814928157186,156
BT-HQ,271,21014,20110,0.04301893975444937,21426,20430,0.04648557826939237,25042,23139,0.07599233288076035,27356,26680,0.024711215089925465,33077,31364,0.05178825165522871,27586,26038,0.05611542086565646,24691,23300,0.05633631687659468,26672,25736,0.0350929814037193,29052,27760,0.04447198127495522,28037,26760,0.04554695580839607,26791,25575,0.0453883766936658,24398,23333,0.043651118944175726,,315142,300225,0.047334217590800365,370
BT-HQ,272,1065,1019,0.04319248826291078,1043,1004,0.03739213806327901,1156,1118,0.03287197231833905,1219,1182,0.03035274815422473,1576,1534,0.026649746192893398,1311,1271,0.030511060259344025,1141,1103,0.033304119193689696,1369,1320,0.03579254930606279,1439,1400,0.02710215427380125,1456,1410,0.03159340659340659,1355,1316,0.028782287822878283,1348,1296,0.03857566765578635,,15478,14973,0.03262695438687169,33
BT-HQ,272A,0,0,,880,867,0.01477272727272727,834,824,0.011990407673860948,828,819,0.010869565217391353,1002,989,0.012974051896207595,963,952,0.011422637590861928,901,889,0.013318534961154316,977,967,0.010235414534288667,980,968,0.01224489795918371,962,951,0.011434511434511463,950,937,0.013684210526315743,777,767,0.012870012870012881,,10054,9930,0.012333399641933585,17
BT-HQ,272B,0,0,,3654,3555,0.027093596059113323,2673,2599,0.027684249906472114,3257,3175,0.025176542830825932,3554,3469,0.0239167135621835,2733,2669,0.023417489937797242,2354,2295,0.025063721325403576,2642,2576,0.02498107494322488,2714,2653,0.022476050110537993,2753,2687,0.023973846712677105,2622,2558,0.024408848207475242,2904,2834,0.024104683195592336,,31860,31070,0.024795982423101104,60
BT-HQ,273,10433,10432,9.584970765841305e-05,13243,13244,0,18102,18102,0,20217,20218,0,22022,22023,0,20072,20073,0,16659,16658,6.002761270185175e-05,18794,18794,0,17399,17398,5.747456750393454e-05,16328,16326,0.00012248897599220765,16335,16335,0,13400,13399,7.462686567161203e-05,,203004,203002,9.852022620271406e-06,1
BT-HQ,274,4490,4489,0.00022271714922050823,4845,4842,0.0006191950464395912,5223,5221,0.0003829216925138601,5459,5456,0.0005495511998534486,5707,5705,0.00035044681969509384,5695,5692,0.0005267778753292873,4745,4742,0.0006322444678609207,5065,5062,0.0005923000987166915,5211,5209,0.0003838034926118006,4223,4221,0.0004735969689794173,4733,4731,0.0004225649693639921,4638,4636,0.0004312203536006587,,60034,60006,0.0004664023719892496,1
BT-HQ,275,4460,4448,0.0026905829596413078,6160,6158,0.00032467532467528315,6480,6509,0,5780,5743,0.006401384083045025,6220,6229,0,7620,7618,0.0002624671916010568,5180,5164,0.003088803088803105,6540,6540,0,5880,5872,0.0013605442176870541,5260,5262,0,5140,5137,0.0005836575875486361,4860,4858,0.0004115226337448874,,69580,69538,0.0006036217303823088,1
BT-HQ,276,16194,15785,0.025256267753488992,16221,15796,0.02620060415510761,17983,17488,0.027525996774731665,23511,22679,0.03538769086810434,28796,28009,0.027330184747881625,22889,22267,0.02717462536589632,22048,21446,0.027304063860667638,19850,19148,0.03536523929471036,23266,21929,0.057465829966474646,19764,18749,0.051356000809552715,21124,20505,0.029303162279871287,21286,20700,0.0275298318143381,,252932,244501,0.03333306975787964,133
BT-HQ,277,431,433,0,499,500,0,581,584,0,758,760,0,642,643,0,576,579,0,488,489,0,570,572,0,624,627,0,678,681,0,654,656,0,577,580,0,,7078,7104,0,1
BT-HQ,278,54124,52165,0.036194664104648555,43360,41946,0.03261070110701103,50219,48469,0.03484736852585679,59929,59865,0.001067930384288096,66645,63860,0.041788581288918936,63117,60251,0.04540773484164329,57126,57186,0,54152,52220,0.035677352637021764,61551,59167,0.03873210833292717,57594,64285,0,62230,51350,0.1748352884460871,56117,54189,0.034356790277456084,,686164,664953,0.030912434928093036,75
BT-HQ,279,111622,108771,0.02554155990754514,117347,113114,0.03607250291869413,132420,127740,0.03534209333937477,167534,161246,0.03753267993362541,147345,141189,0.041779497098646035,147374,141491,0.03991884592940409,132429,126755,0.0428456002839257,127892,121953,0.046437619241234795,139693,133495,0.04436872284223259,117492,111743,0.04893099104619891,124183,118402,0.046552265608013954,122381,116471,0.04829181000318672,,1587712,1522370,0.041154819009996735,297
BT-HQ,28,0,0,,0,0,,0,0,,0,0,,0,0,,0,0,,0,0,,0,0,,0,0,,0,0,,0,0,,0,0,,,0,0,,0
BT-HQ,280,14190,13435,0.05320648343904155,15210,14473,0.04845496383957926,16380,15608,0.047130647130647185,18870,17921,0.05029146793852679,23250,22071,0.05070967741935484,18030,17133,0.049750415973377704,15990,15090,0.05628517823639778,17220,16244,0.056678281068525016,17490,16648,0.04814179531160667,16170,15331,0.051886209029066155,17310,16391,0.05309069901790875,15750,15020,0.04634920634920636,,205860,195365,0.05098124939279125,195
BT-HQ,281,76006,71528,0.05891640133673659,80863,79177,0.020850079764540008,91833,89809,0.022040007404745543,105862,103370,0.02354008048213707,121578,118097,0.028631824836730324,103568,98582,0.04814228333075854,96558,96911,0,94655,92049,0.027531561988273223,105670,103707,0.01857670105044007,86848,86244,0.006954679439940992,90920,89166,0.019291684997800318,87943,88551,0,,1142304,1117191,0.02198451550550462,166
BT-HQ,282,9400,9400,0,7480,7440,0.005347593582887722,5281,7296,0,5628,5798,0,15579,15569,0.0006418897233455567,7438,7432,0.0008066684592632489,6955,6950,0.0007189072609633529,1082,1081,0.0009242144177449285,1813,1813,0,2990,2989,0.0003344481605350724,13462,13458,0.00029713266973707686,7426,7425,0.000134661998384078,,84534,86651,0,1
BT-HQ,283,30120,29214,0.03007968127490035,29520,28354,0.03949864498644984,32120,30914,0.03754669987546699,39200,37197,0.05109693877551025,40920,39339,0.03863636363636369,37560,36163,0.03719382321618747,32560,31323,0.037991400491400484,33560,32314,0.03712753277711567,36640,35321,0.03599890829694319,31400,30215,0.03773885350318473,31480,30307,0.03726175349428207,31080,30005,0.03458815958815964,,406160,390666,0.038147528067756564,198
BT-HQ,284,50640,49807,0.01644944707740914,51120,49804,0.02574334898278563,56520,54322,0.03888888888888886,69600,66392,0.04609195402298849,84480,79896,0.05426136363636369,72680,69437,0.04462025316455698,64400,61280,0.04844720496894406,62160,59855,0.03708172458172454,65560,62679,0.043944478340451454,60760,58403,0.03879196840026333,65520,62745,0.042353479853479814,58200,56437,0.03029209621993123,,761640,731057,0.04015414106401971,274
BT-HQ,284A,32739,31931,0.024680045206023404,32033,31222,0.025317641182530548,38007,36963,0.027468624200805092,45539,44294,0.02733920375941501,56085,54381,0.030382455201925618,43874,42689,0.027009162601996595,39731,38763,0.0243638468702021,38098,37099,0.026221848915953583,38778,37814,0.024859456392800072,36519,35543,0.026725813959856515,38314,37266,0.02735292582345883,34039,33178,0.025294515115015126,,473756,461143,0.026623409518824026,212
BT-HQ,285,97400,93428,0.0407802874743326,86200,82369,0.044443155452436156,101100,96573,0.04477744807121664,118500,113941,0.038472573839662405,130500,124438,0.04645210727969351,111900,107564,0.03874888293118861,103700,99855,0.037078109932497605,93000,88903,0.044053763440860205,99900,95838,0.04066066066066065,96900,99916,0,94600,84723,0.10440803382663844,95100,91106,0.04199789695057832,,1228800,1178654,0.0408089192708333,98
BT-HQ,286,52371,51052,0.025185694372839906,51287,49879,0.02745335075165245,57364,55592,0.030890453943239637,69404,67422,0.0285574318483085,86242,83416,0.03276825676584494,67375,65655,0.02552875695732837,61783,60083,0.02751565964747582,60566,58969,0.02636792920120201,63266,61396,0.029557740334460902,58776,57232,0.02626922553423161,54861,53394,0.026740307322141388,53125,51756,0.02576941176470593,,736420,715846,0.0279378615464001,329
BT-HQ,287,25680,24234,0.056308411214953225,24510,23214,0.052876376988984064,27330,25613,0.06282473472374683,33660,31298,0.07017231134878199,37920,34874,0.0803270042194093,32910,31001,0.05800668489820726,28530,26753,0.062285313704872114,28050,26363,0.06014260249554371,30720,28949,0.057649739583333304,27630,26132,0.05421643141512844,28440,26794,0.05787623066104075,27060,25559,0.05546932742054689,,352440,330784,0.06144591987288617,248
BT-HQ,288,18600,17697,0.048548387096774226,19860,18939,0.046374622356495476,22800,21681,0.049078947368421,27270,25802,0.0538320498716538,34380,32749,0.04744037230948228,27360,26060,0.047514619883040954,25770,24646,0.043616608459448925,25230,24195,0.04102259215219972,25590,24411,0.04607268464243841,22230,21417,0.03657219973009451,23850,22844,0.04218029350104824,21270,20472,0.03751763046544432,,294210,280913,0.045195608578906254,205
BT-HQ,29,0,0,,0,0,,0,0,,0,0,,0,0,,0,0,,0,0,,0,0,,0,0,,0,0,,0,0,,0,0,,,0,0,,0
BT-HQ,290,15504,15211,0.01889834881320951,15058,14807,0.016668880329393065,16694,16427,0.01599377021684434,20025,19723,0.015081148564294655,23829,23507,0.013512946409836801,19251,18959,0.015168043218534155,17963,17695,0.014919556866893058,17656,17376,0.015858631626642472,19604,19280,0.016527239338910427,18648,18352,0.015873015873015928,17997,17697,0.016669444907484565,17694,17406,0.016276703967446626,,219923,216440,0.01583736125825852,222
BT-HQ,291,3809,3713,0.025203465476502984,4467,4359,0.02417730020147746,5155,5028,0.024636275460717783,5531,5381,0.027119869824624887,5117,4885,0.045339065858901684,4112,3888,0.054474708171206254,3763,3829,0,4284,4215,0.016106442577030866,4131,4032,0.023965141612200425,3963,3864,0.02498107494322488,4476,4366,0.02457551385165324,4349,4250,0.022763853759484975,,53157,51810,0.0253400304757605,87
BT-HQ,292,60086,59000,0.018074093798888247,58917,57615,0.02209888487193845,70014,68501,0.021609963721541448,81091,79417,0.02064347461493876,88841,85810,0.03411713060411292,81538,79124,0.02960582795751676,72322,71167,0.015970244185724902,64910,63188,0.02652904020952085,71463,70212,0.017505562318962276,62555,60934,0.02591319638717926,61510,60828,0.011087628027962926,62677,61189,0.023740766150262438,,835924,816985,0.022656365889722085,198
BT-HQ,294,73475,71454,0.02750595440626058,77058,75131,0.025007137480858588,93273,90669,0.02791804702325429,104289,101947,0.02245682670272031,97434,94306,0.032103783073670344,102670,99481,0.031060679848056827,86754,83974,0.03204463194780649,89569,86745,0.03152876553271777,92988,91380,0.017292553877919725,75373,73535,0.024385389993764384,86141,84019,0.024634030252725148,78456,78967,0,,1057480,1031608,0.024465710935431373,122
BT-HQ,294A,14172,14170,0.00014112334180071961,16305,16303,0.00012266176019626318,17294,17291,0.00017347056782701653,17048,17046,0.00011731581417173675,16065,16062,0.00018674136321195078,17799,17796,0.00016854879487615548,13553,13552,7.378440197747249e-05,16007,16004,0.00018741800462296343,17545,17542,0.00017098888572242288,15317,15315,0.00013057387216819372,14496,14493,0.00020695364238410008,13467,13466,7.425558773299645e-05,,189068,189040,0.00014809486533950977,1
BT-HQ,294B,13865,13873,0,14841,14847,0,16470,16473,0,19429,19421,0.00041175562303774615,17775,17770,0.0002812939521800173,17285,17281,0.00023141452126118622,14604,14606,0,15674,15675,0,15246,15248,0,15173,15175,0,15195,15201,0,13135,13145,0,,188692,188715,0,1
BT-HQ,295,104900,101162,0.03563393708293616,98400,95011,0.03444105691056909,113600,109505,0.03604753521126758,132000,126888,0.03872727272727272,149400,143220,0.04136546184738954,139100,133841,0.03780733285406179,120200,115568,0.03853577371048256,112400,116215,0,119900,105527,0.11987489574645538,109600,107303,0.02095802919708034,105300,101612,0.03502374169040834,108300,103791,0.04163434903047092,,1413100,1359643,0.0378295945085273,300
BT-HQ,297,17786,17487,0.016810974924097555,17692,17391,0.017013339362423663,20325,19970,0.017466174661746603,28201,27746,0.016134179639019863,32853,32883,0,26659,26006,0.024494542180876988,23874,23702,0.007204490240428907,20798,20475,0.015530339455716913,24710,24255,0.018413597733711096,20993,20622,0.01767255751917307,21841,21461,0.017398470765990548,20776,20432,0.01655756642279549,,276508,272430,0.014748217049777912,133
BT-HQ,297A,18495,17909,0.03168423898350903,18118,17504,0.03388895021525551,19758,19157,0.0304180585079461,25197,24252,0.037504464817240124,28162,27318,0.029969462396136626,24024,23107,0.038170163170163196,22594,21814,0.03452243958573076,21270,20579,0.03248707099200754,23731,22939,0.0333740676751928,20588,19760,0.04021760248688555,22201,21596,0.027251024728615847,21268,20581,0.032302050028211404,,265406,256516,0.033495851638621565,163
BT-HQ,298,3088,2997,0.02946891191709844,3158,3069,0.02818239392020261,3416,3321,0.027810304449648715,4328,4207,0.027957486136783727,5423,5274,0.027475567029319525,3664,3543,0.03302401746724892,3369,3275,0.02790145443751857,3224,3131,0.028846153846153855,3785,3677,0.028533685601056846,3389,3286,0.030392446149306585,3868,3746,0.03154084798345402,3947,3833,0.02888269571826707,,44659,43359,0.0291094740141965,46
BT-HQ,298A,2287,2250,0.01617839965019674,2541,2494,0.018496654860291173,2867,2829,0.0132542727589815,3774,3731,0.011393746687864303,3291,3217,0.022485566697052595,3026,2987,0.012888301387970924,2424,2382,0.017326732673267342,2762,2717,0.016292541636495295,2833,2844,0,2749,2709,0.014550745725718461,2891,2844,0.016257350397786197,2478,2435,0.01735270379338172,,33923,33439,0.014267606048993353,44
BT-HQ,299,290295,290275,6.889543395516284e-05,345780,345775,1.4460061310672678e-05,424637,424617,4.709905166055961e-05,553427,553389,6.866307570829733e-05,411394,411374,4.861519613796883e-05,398540,398531,2.2582425854400512e-05,302209,302203,1.9853809780645548e-05,307152,307155,0,305476,305470,1.9641477562837295e-05,306347,306340,2.2849905499278123e-05,308156,308157,0,249370,249350,8.020210931547478e-05,,4202783,4202636,3.497682369035804e-05,1
BT-HQ,300,9962,8506,0.14615539048383863,11256,11143,0.010039090262970896,12714,12322,0.030832153531540007,17842,17839,0.00016814258491204548,15679,15479,0.012755915555838993,16328,16115,0.013045075943165063,13715,13555,0.011666059059423972,14542,14365,0.01217164076468158,15428,15229,0.012898625875032432,12506,12381,0.009995202302894635,14108,13953,0.010986674227388749,13696,13887,0,,167776,164774,0.01789290482548156,13
BT-HQ,3000,0,1641,0,0,1750,0,0,1838,0,0,1904,0,0,1978,0,0,1777,0,0,1578,0,0,1602,0,0,1618,0,0,1663,0,0,1352,0,0,1163,0,,0,19864,0,1
BT-HQ,3001,0,5754,0,0,6133,0,0,6689,0,0,7614,0,0,6194,0,0,5487,0,0,4798,0,0,4929,0,0,4963,0,0,5191,0,0,4823,0,0,4726,0,,0,67301,0,1
BT-HQ,3002,0,4852,0,0,6357,0,0,8494,0,0,8681,0,0,8376,0,0,6924,0,0,5925,0,0,6270,0,0,5854,0,0,5672,0,0,5852,0,0,5749,0,,0,79006,0,1
BT-HQ,3004,0,4912,0,0,5539,0,0,5908,0,0,6254,0,0,5859,0,0,5930,0,0,5151,0,0,5823,0,0,5782,0,0,5888,0,0,6062,0,0,5460,0,,0,68568,0,1
BT-HQ,3005,0,7507,0,0,8400,0,0,9364,0,0,10484,0,0,9665,0,0,9138,0,0,7582,0,0,8476,0,0,8247,0,0,7776,0,0,8162,0,0,7226,0,,0,102027,0,1
BT-HQ,3006,0,4959,0,0,5122,0,0,6128,0,0,6832,0,0,6207,0,0,5665,0,0,4458,0,0,4526,0,0,4755,0,0,4640,0,0,4879,0,0,4549,0,,0,62720,0,1
BT-HQ,3007,0,3729,0,0,4144,0,0,4659,0,0,5419,0,0,4153,0,0,4131,0,0,3707,0,0,4085,0,0,4208,0,0,4417,0,0,4012,0,0,3467,0,,0,50131,0,1
BT-HQ,3008,0,3668,0,0,3602,0,0,3943,0,0,4343,0,0,3874,0,0,3957,0,0,3473,0,0,3454,0,0,3737,0,0,3486,0,0,3526,0,0,3360,0,,0,44423,0,1
BT-HQ,300A,6023,5798,0.03735679893740662,6293,6248,0.00715080247894484,5365,5309,0.010438024231127718,3964,3925,0.009838546922300684,4654,4613,0.00880962612806191,3782,3749,0.00872554204124798,3312,3283,0.008756038647342979,3353,3328,0.007456009543692188,3381,3351,0.008873114463176623,3162,3136,0.008222643896268145,4618,4581,0.00801212646167171,3752,4259,0,,51659,51580,0.0015292591803944822,2
BT-HQ,301,129995,119621,0.07980306934882109,136180,139073,0,150144,153413,0,160198,163702,0,180147,184191,0,175777,179653,0,150940,154214,0,124834,127407,0,122812,125316,0,116629,119003,0,119047,120891,0,126034,129251,0,,1692737,1715735,0,1
BT-HQ,3010,0,14791,0,0,15855,0,0,16898,0,0,18635,0,0,16783,0,0,16713,0,0,0,,0,0,,0,50599,0,0,14927,0,0,14330,0,0,14150,0,,0,193681,0,1
BT-HQ,3011,0,1228,0,0,1748,0,0,2089,0,0,2355,0,0,2366,0,0,1988,0,0,2100,0,0,2327,0,0,1849,0,0,1460,0,0,1645,0,0,1627,0,,0,22782,0,1
BT-HQ,3012,0,3311,0,0,3438,0,0,3970,0,0,4050,0,0,3482,0,0,3553,0,0,3287,0,0,3418,0,0,3545,0,0,3307,0,0,3086,0,0,2926,0,,0,41373,0,1
BT-HQ,3013,0,2061,0,0,2653,0,0,2636,0,0,2938,0,0,2578,0,0,2194,0,0,1904,0,0,1974,0,0,2555,0,0,2668,0,0,2850,0,0,2378,0,,0,29389,0,1
BT-HQ,3014,0,3080,0,0,3267,0,0,3019,0,0,3482,0,0,3113,0,0,2932,0,0,2573,0,0,2702,0,0,2867,0,0,3046,0,0,3198,0,0,2855,0,,0,36134,0,1
BT-HQ,3015,0,3001,0,0,3209,0,0,3511,0,0,4216,0,0,3586,0,0,3405,0,0,2850,0,0,3109,0,0,3023,0,0,3184,0,0,3124,0,0,2938,0,,0,39156,0,1
BT-HQ,3016,0,1838,0,0,2085,0,0,2054,0,0,2355,0,0,1906,0,0,1855,0,0,1652,0,0,1772,0,0,1886,0,0,2091,0,0,1872,0,0,1819,0,,0,23185,0,1
BT-HQ,3017,0,741,0,0,717,0,0,844,0,0,1045,0,0,872,0,0,861,0,0,773,0,0,856,0,0,797,0,0,802,0,0,735,0,0,746,0,,0,9789,0,1
BT-HQ,3018,0,2523,0,0,2896,0,0,3104,0,0,3234,0,0,2887,0,0,2832,0,0,2516,0,0,2578,0,0,2692,0,0,2772,0,0,2879,0,0,2528,0,,0,33441,0,1
BT-HQ,3019,0,2816,0,0,2966,0,0,3142,0,0,3688,0,0,3243,0,0,2914,0,0,2561,0,0,2860,0,0,3062,0,0,3165,0,0,3535,0,0,3125,0,,0,37077,0,1
BT-HQ,302,55049,53631,0.025758869370924087,57341,56036,0.022758584607872168,63931,62314,0.025292893901237234,75982,73577,0.0316522334237056,96317,93255,0.03179085727337849,84214,81649,0.03045811860260761,84514,82137,0.02812551766571214,76181,74236,0.02553130045549412,72097,70104,0.027643313868815578,69247,67294,0.028203387872398844,71655,69742,0.026697369339194754,69892,67981,0.027342185085560633,,876420,851956,0.02791355742680446,158
BT-HQ,3020,0,2142,0,0,2185,0,0,2478,0,0,2736,0,0,2543,0,0,2394,0,0,2049,0,0,2262,0,0,2168,0,0,2227,0,0,2270,0,0,0,,,0,25454,0,1
BT-HQ,3021,0,2634,0,0,3097,0,0,2322,0,0,2210,0,0,1835,0,0,1884,0,0,1568,0,0,1779,0,0,1704,0,0,1862,0,0,2772,0,0,3551,0,,0,27218,0,1
BT-HQ,3022,0,1928,0,0,2101,0,0,2522,0,0,2965,0,0,2396,0,0,1947,0,0,1913,0,0,1754,0,0,2026,0,0,2261,0,0,2353,0,0,1907,0,,0,26073,0,1
BT-HQ,3023,0,1441,0,0,1449,0,0,1624,0,0,1611,0,0,1447,0,0,1539,0,0,1320,0,0,1409,0,0,1382,0,0,1568,0,0,1554,0,0,1341,0,,0,17685,0,1
BT-HQ,3024,0,5289,0,0,5549,0,0,5581,0,0,7265,0,0,5938,0,0,5079,0,0,4281,0,0,4967,0,0,4858,0,0,4907,0,0,5179,0,0,4827,0,,0,63720,0,1
BT-HQ,3025,0,1219,0,0,1437,0,0,1469,0,0,1473,0,0,1296,0,0,1357,0,0,1206,0,0,1318,0,0,1267,0,0,1308,0,0,1312,0,0,1085,0,,0,15747,0,1
BT-HQ,3026,0,10172,0,0,11067,0,0,12039,0,0,13200,0,0,11643,0,0,10875,0,0,10006,0,0,11111,0,0,10918,0,0,10797,0,0,11141,0,0,10134,0,,0,133103,0,1
BT-HQ,3027,0,6356,0,0,6664,0,0,7210,0,0,8147,0,0,6924,0,0,6414,0,0,5726,0,0,6089,0,0,5989,0,0,5869,0,0,5980,0,0,5440,0,,0,76808,0,1
BT-HQ,3028,0,2603,0,0,2467,0,0,2768,0,0,3278,0,0,3136,0,0,2467,0,0,2307,0,0,2718,0,0,2674,0,0,2418,0,0,2714,0,0,2595,0,,0,32145,0,1
BT-HQ,3029,0,4506,0,0,4907,0,0,5482,0,0,5904,0,0,5740,0,0,5966,0,0,5172,0,0,6031,0,0,6123,0,0,5595,0,0,5643,0,0,5038,0,,0,66107,0,1
BT-HQ,303,125700,118969,0.05354813046937157,115500,109356,0.05319480519480524,136600,128509,0.059231332357247424,167500,156868,0.06347462686567162,205500,192189,0.06477372262773717,178000,165753,0.06880337078651688,161400,152469,0.05533457249070628,142000,134617,0.05199295774647883,155800,146812,0.05768934531450576,149000,141215,0.05224832214765096,126500,119732,0.05350197628458497,134800,127647,0.053063798219584624,,1798300,1694136,0.057923594505922216,675
BT-HQ,3030,0,817,0,0,979,0,0,1052,0,0,1184,0,0,1044,0,0,1008,0,0,828,0,0,903,0,0,954,0,0,985,0,0,1078,0,0,996,0,,0,11828,0,1
BT-HQ,3031,0,672,0,0,641,0,0,648,0,0,727,0,0,621,0,0,686,0,0,640,0,0,627,0,0,628,0,0,715,0,0,691,0,0,712,0,,0,8008,0,1
BT-HQ,3032,0,21990,0,0,25335,0,0,28975,0,0,32868,0,0,33682,0,0,30780,0,0,25802,0,0,28672,0,0,28385,0,0,27877,0,0,29591,0,0,26333,0,,0,340290,0,1
BT-HQ,3033,0,2121,0,0,2477,0,0,2647,0,0,2842,0,0,2421,0,0,2258,0,0,2108,0,0,2550,0,0,2354,0,0,2413,0,0,2468,0,0,2174,0,,0,28833,0,1
BT-HQ,3034,0,690,0,0,941,0,0,1151,0,0,1326,0,0,889,0,0,785,0,0,753,0,0,959,0,0,860,0,0,840,0,0,837,0,0,1034,0,,0,11065,0,1
BT-HQ,3035,0,5482,0,0,6193,0,0,6814,0,0,7900,0,0,6859,0,0,6654,0,0,5962,0,0,6647,0,0,6753,0,0,6847,0,0,6977,0,0,6406,0,,0,79494,0,1
BT-HQ,3036,0,2963,0,0,3311,0,0,3545,0,0,4189,0,0,3760,0,0,3090,0,0,2640,0,0,3087,0,0,2865,0,0,2951,0,0,3015,0,0,2931,0,,0,38347,0,1
BT-HQ,3037,0,1037,0,0,1092,0,0,1111,0,0,1227,0,0,967,0,0,943,0,0,995,0,0,1130,0,0,1099,0,0,1150,0,0,978,0,0,863,0,,0,12592,0,1
BT-HQ,3038,0,1030,0,0,1123,0,0,1143,0,0,1310,0,0,1131,0,0,1186,0,0,1051,0,0,1135,0,0,1078,0,0,1051,0,0,1254,0,0,1008,0,,0,13500,0,1
BT-HQ,3039,22916,22902,0.0006109268633269771,30677,30665,0.0003911725396876786,30646,30640,0.00019578411538212492,22373,22356,0.000759844455370362,2785,2785,0,16041,16030,0.000685742784115706,22602,22577,0.0011060968055923714,25993,25981,0.00046166275535719503,31739,31737,6.301395759156225e-05,32397,32389,0.000246936444732504,25767,25749,0.0006985679357317531,3285,3286,0,,267221,267097,0.0004640353864404645,1
BT-HQ,303A,44441,41866,0.057941990504264074,42537,39627,0.06841103039706609,50276,47372,0.05776115840560103,61459,57735,0.06059324102247021,69700,65761,0.05651362984218078,63301,59438,0.06102589216600052,56487,52892,0.06364296209747378,49923,47078,0.0569877611521743,56618,53412,0.05662510155780842,51807,48495,0.06392958480514221,45339,42340,0.06614614349676884,51373,48618,0.05362739182060616,,643261,604634,0.06004872050380794,215
BT-HQ,303B,1701,1715,0,1578,1589,0,1637,1660,0,2031,2056,0,2459,2487,0,2838,2848,0,2953,2895,0.019641043007111447,3377,3292,0.025170269469943718,4037,4050,0,3953,3946,0.0017708069820389083,3603,3593,0.0027754648903691725,4685,4616,0.014727854855923206,,34852,34747,0.0030127395845288563,31
BT-HQ,304,7177,7138,0.005434025358785011,6116,6080,0.005886200130804431,10326,10313,0.0012589579701723919,12146,12137,0.0007409846863164482,9504,9488,0.0016835016835017313,8614,8593,0.002437891804039971,6935,6908,0.0038932948810381784,6304,6267,0.005869289340101558,8721,8690,0.0035546382295608137,11907,11883,0.0020156210632401583,7390,7350,0.005412719891745632,7034,6986,0.006823997725334041,,102174,101833,0.003337443968132847,1
BT-HQ,3040,0,4693,0,0,4429,0,0,3809,0,0,3289,0,0,1998,0,0,1904,0,0,1539,0,0,1615,0,0,1508,0,0,1739,0,0,1134,0,0,1423,0,,0,29080,0,1
BT-HQ,3041,0,2597,0,0,2537,0,0,2735,0,0,3232,0,0,2923,0,0,2563,0,0,2226,0,0,2404,0,0,2174,0,0,2285,0,0,2285,0,0,2119,0,,0,30080,0,1
BT-HQ,3042,0,2705,0,0,3060,0,0,3371,0,0,3959,0,0,3242,0,0,2320,0,0,2240,0,0,2686,0,0,2394,0,0,2183,0,0,2368,0,0,2456,0,,0,32984,0,1
BT-HQ,3043,0,572,0,0,662,0,0,674,0,0,706,0,0,593,0,0,562,0,0,542,0,0,523,0,0,522,0,0,530,0,0,518,0,0,555,0,,0,6959,0,1
BT-HQ,3044,0,1562,0,0,1598,0,0,1779,0,0,2050,0,0,1841,0,0,1665,0,0,1474,0,0,1587,0,0,1485,0,0,1459,0,0,1456,0,0,1291,0,,0,19247,0,1
BT-HQ,3045,0,1690,0,0,1962,0,0,1942,0,0,2087,0,0,1948,0,0,1610,0,0,1503,0,0,1536,0,0,1545,0,0,1604,0,0,1612,0,0,1517,0,,0,20556,0,1
BT-HQ,3046,0,2582,0,0,2939,0,0,4023,0,0,3205,0,0,2781,0,0,2669,0,0,2527,0,0,2248,0,0,2239,0,0,2318,0,0,2047,0,0,2195,0,,0,31773,0,1
BT-HQ,3047,0,1837,0,0,2003,0,0,2324,0,0,2579,0,0,2265,0,0,2074,0,0,1902,0,0,1962,0,0,2082,0,0,1990,0,0,1942,0,0,2077,0,,0,25037,0,1
BT-HQ,3048,0,574,0,0,645,0,0,680,0,0,797,0,0,690,0,0,712,0,0,627,0,0,656,0,0,687,0,0,653,0,0,603,0,0,606,0,,0,7930,0,1
BT-HQ,3049,0,1162,0,0,1255,0,0,1372,0,0,1575,0,0,1505,0,0,1431,0,0,1324,0,0,1438,0,0,1426,0,0,1487,0,0,1475,0,0,1506,0,,0,16956,0,1
BT-HQ,305,81494,77655,0.04710776253466509,78569,74815,0.04777965864399447,89403,85224,0.04674339787255466,102531,99008,0.03436033979967035,109174,103944,0.04790517888874646,100762,95958,0.04767670351918385,93521,89263,0.045529880989296556,83569,82984,0.007000203424714857,84498,80821,0.04351582285971267,76495,73090,0.044512713249232005,66726,64108,0.039235080778107445,79237,75432,0.0480204954755985,,1045979,1002302,0.041757052483845314,184
BT-HQ,3050,0,1650,0,0,1894,0,0,2255,0,0,2368,0,0,2101,0,0,1951,0,0,1857,0,0,2071,0,0,1932,0,0,1884,0,0,1881,0,0,1954,0,,0,23798,0,1
BT-HQ,3051,0,817,0,0,988,0,0,1077,0,0,1254,0,0,1056,0,0,1125,0,0,976,0,0,1072,0,0,1032,0,0,1137,0,0,1100,0,0,1107,0,,0,12741,0,1
BT-HQ,3052,0,833,0,0,854,0,0,1024,0,0,1175,0,0,1009,0,0,1014,0,0,965,0,0,940,0,0,862,0,0,1002,0,0,1032,0,0,994,0,,0,11704,0,1
BT-HQ,3053,0,1607,0,0,1556,0,0,1695,0,0,1810,0,0,1688,0,0,1883,0,0,1716,0,0,1815,0,0,1867,0,0,1685,0,0,1726,0,0,1592,0,,0,20640,0,1
BT-HQ,3054,0,1178,0,0,1277,0,0,1537,0,0,1485,0,0,1233,0,0,1296,0,0,1100,0,0,1127,0,0,1141,0,0,1149,0,0,1222,0,0,1129,0,,0,14874,0,1
BT-HQ,3055,0,2389,0,0,2803,0,0,3151,0,0,3371,0,0,2877,0,0,2861,0,0,2410,0,0,2657,0,0,2858,0,0,2881,0,0,2986,0,0,2765,0,,0,34009,0,1
BT-HQ,3056,0,2149,0,0,2501,0,0,2624,0,0,2520,0,0,1970,0,0,2010,0,0,2051,0,0,2195,0,0,2114,0,0,2050,0,0,2298,0,0,2334,0,,0,26816,0,1
BT-HQ,3057,0,13655,0,0,15688,0,0,9243,0,0,14428,0,0,9897,0,0,8005,0,0,6788,0,0,7298,0,0,7189,0,0,7709,0,0,7507,0,0,6873,0,,0,114280,0,1
BT-HQ,3058,0,10150,0,0,11234,0,0,12901,0,0,15183,0,0,14580,0,0,13535,0,0,11641,0,0,13581,0,0,12889,0,0,13111,0,0,12364,0,0,10920,0,,0,152089,0,1
BT-HQ,3059,0,1685,0,0,1820,0,0,2298,0,0,2455,0,0,2268,0,0,2014,0,0,1459,0,0,1642,0,0,1583,0,0,1550,0,0,1743,0,0,1689,0,,0,22206,0,1
BT-HQ,305A,0,0,,0,0,,0,0,,0,0,,0,0,,0,0,,0,0,,0,0,,12590,9138,0.2741858617950754,8439,8264,0.02073705415333571,7572,7414,0.02086634970945589,8291,8117,0.020986611988903614,,36892,32933,0.10731323864252418,23
BT-HQ,306,0,8520,0,0,9180,0,0,12880,0,0,16280,0,0,14300,0,0,15160,0,0,10560,0,0,11840,0,0,11780,0,0,12860,0,0,11820,0,0,10740,0,,0,145920,0,1
BT-HQ,3060,0,2485,0,0,2850,0,0,3200,0,0,3125,0,0,3105,0,0,2792,0,0,2426,0,0,2666,0,0,2683,0,0,2555,0,0,2721,0,0,2672,0,,0,33280,0,1
BT-HQ,3061,0,1185,0,0,1397,0,0,1550,0,0,1761,0,0,1659,0,0,1477,0,0,1253,0,0,1447,0,0,1468,0,0,1428,0,0,1615,0,0,1484,0,,0,17724,0,1
BT-HQ,3062,0,2621,0,0,3090,0,0,3288,0,0,3281,0,0,2887,0,0,2638,0,0,2164,0,0,2760,0,0,2490,0,0,2296,0,0,2698,0,0,2281,0,,0,32494,0,1
BT-HQ,3063,0,3035,0,0,3273,0,0,3743,0,0,4631,0,0,4194,0,0,3405,0,0,2647,0,0,3315,0,0,3074,0,0,3429,0,0,3292,0,0,3177,0,,0,41215,0,1
BT-HQ,3064,0,2207,0,0,2522,0,0,2939,0,0,3444,0,0,2938,0,0,2546,0,0,2220,0,0,2674,0,0,2472,0,0,2352,0,0,2390,0,0,2237,0,,0,30941,0,1
BT-HQ,3065,0,399,0,0,449,0,0,536,0,0,747,0,0,639,0,0,531,0,0,500,0,0,567,0,0,483,0,0,516,0,0,520,0,0,486,0,,0,6373,0,1
BT-HQ,3066,0,1989,0,0,2237,0,0,2271,0,0,2407,0,0,2214,0,0,2211,0,0,2090,0,0,2417,0,0,2242,0,0,2371,0,0,2485,0,0,2272,0,,0,27206,0,1
BT-HQ,3067,0,430,0,0,454,0,0,469,0,0,624,0,0,493,0,0,482,0,0,448,0,0,445,0,0,479,0,0,486,0,0,526,0,0,484,0,,0,5820,0,1
BT-HQ,3068,0,387,0,0,446,0,0,555,0,0,592,0,0,516,0,0,549,0,0,567,0,0,624,0,0,682,0,0,756,0,0,805,0,0,723,0,,0,7202,0,1
BT-HQ,3069,0,235,0,0,262,0,0,408,0,0,412,0,0,278,0,0,359,0,0,354,0,0,356,0,0,342,0,0,469,0,0,515,0,0,463,0,,0,4453,0,1
BT-HQ,307,0,0,,0,0,,0,0,,0,0,,0,0,,0,0,,0,0,,0,0,,0,0,,0,0,,0,0,,0,0,,,0,0,,0
BT-HQ,3070,0,919,0,0,1014,0,0,1079,0,0,1266,0,0,1175,0,0,1295,0,0,1250,0,0,1438,0,0,1503,0,0,1382,0,0,1442,0,0,1187,0,,0,14950,0,1
BT-HQ,3071,0,426,0,0,471,0,0,588,0,0,935,0,0,887,0,0,528,0,0,388,0,0,443,0,0,478,0,0,482,0,0,532,0,0,450,0,,0,6608,0,1
BT-HQ,3072,0,189,0,0,195,0,0,248,0,0,249,0,0,203,0,0,202,0,0,177,0,0,181,0,0,171,0,0,196,0,0,153,0,0,599,0,,0,2763,0,1
BT-HQ,3073,0,120,0,0,147,0,0,176,0,0,219,0,0,246,0,0,288,0,0,227,0,0,0,,0,0,,0,979,0,0,580,0,0,385,0,,0,3367,0,1
BT-HQ,3074,0,273,0,0,290,0,0,330,0,0,350,0,0,297,0,0,320,0,0,262,0,0,324,0,0,299,0,0,302,0,0,350,0,0,290,0,,0,3687,0,1
BT-HQ,3075,0,857,0,0,1053,0,0,1153,0,0,1281,0,0,1068,0,0,965,0,0,869,0,0,910,0,0,1094,0,0,1003,0,0,1022,0,0,882,0,,0,12157,0,1
BT-HQ,3076,0,3552,0,0,4059,0,0,4313,0,0,4571,0,0,4230,0,0,3981,0,0,3232,0,0,3481,0,0,3905,0,0,3922,0,0,4478,0,0,4250,0,,0,47974,0,1
BT-HQ,3077,0,1191,0,0,1336,0,0,1339,0,0,1648,0,0,1635,0,0,1712,0,0,1228,0,0,1346,0,0,1298,0,0,1458,0,0,1661,0,0,1516,0,,0,17368,0,1
BT-HQ,3078,0,2921,0,0,9696,0,0,1982,0,0,12542,0,0,3441,0,0,12042,0,0,1222,0,0,1905,0,0,20466,0,0,10400,0,0,1989,0,0,15215,0,,0,93821,0,1
BT-HQ,3079,0,1158,0,0,1277,0,0,1601,0,0,1488,0,0,1320,0,0,1192,0,0,1042,0,0,1106,0,0,1017,0,0,1019,0,0,970,0,0,898,0,,0,14088,0,1
BT-HQ,308,87185,80995,0.0709984515685037,77879,74944,0.037686667779504135,90742,86517,0.04656057834299443,106926,102409,0.04224416886444826,112009,106892,0.045683828978028584,110197,105181,0.045518480539397665,102036,97689,0.0426026108432318,96373,92143,0.04389196144148255,103538,98669,0.04702621259827311,98313,93444,0.04952549510237714,87586,81426,0.07033087479734201,94943,88929,0.06334326911936639,,1167727,1109238,0.05008790582045286,151
BT-HQ,3080,0,588,0,0,618,0,0,639,0,0,653,0,0,560,0,0,662,0,0,485,0,0,507,0,0,604,0,0,614,0,0,482,0,0,469,0,,0,6881,0,1
BT-HQ,3081,0,1588,0,0,1702,0,0,2114,0,0,2168,0,0,1970,0,0,2184,0,0,1751,0,0,2521,0,0,2113,0,0,2531,0,0,3016,0,0,3086,0,,0,26744,0,1
BT-HQ,3082,0,344,0,0,401,0,0,578,0,0,706,0,0,808,0,0,720,0,0,674,0,0,803,0,0,807,0,0,960,0,0,938,0,0,775,0,,0,8514,0,1
BT-HQ,3083,0,1327,0,0,1404,0,0,1598,0,0,2298,0,0,1393,0,0,1415,0,0,1182,0,0,1288,0,0,1201,0,0,1248,0,0,1545,0,0,1483,0,,0,17382,0,1
BT-HQ,3084,0,178,0,0,254,0,0,326,0,0,395,0,0,235,0,0,336,0,0,233,0,0,317,0,0,429,0,0,401,0,0,391,0,0,385,0,,0,3880,0,1
BT-HQ,3085,0,281,0,0,491,0,0,739,0,0,1030,0,0,1114,0,0,1096,0,0,884,0,0,1006,0,0,1085,0,0,1224,0,0,1161,0,0,1076,0,,0,11187,0,1
BT-HQ,3086,0,545,0,0,586,0,0,640,0,0,752,0,0,624,0,0,608,0,0,543,0,0,702,0,0,620,0,0,605,0,0,671,0,0,640,0,,0,7536,0,1
BT-HQ,3087,0,269,0,0,292,0,0,303,0,0,373,0,0,308,0,0,331,0,0,294,0,0,347,0,0,372,0,0,371,0,0,388,0,0,411,0,,0,4059,0,1
BT-HQ,3088,0,278,0,0,344,0,0,491,0,0,673,0,0,538,0,0,472,0,0,590,0,0,525,0,0,478,0,0,473,0,0,495,0,0,588,0,,0,5945,0,1
BT-HQ,3089,0,123,0,0,144,0,0,152,0,0,303,0,0,167,0,0,215,0,0,179,0,0,219,0,0,188,0,0,161,0,0,172,0,0,193,0,,0,2216,0,1
BT-HQ,309,0,5028,0,0,5917,0,0,9137,0,0,11973,0,0,7269,0,0,9269,0,0,6173,0,0,6402,0,0,8005,0,0,8865,0,0,7668,0,2149,7066,0,,2149,92772,0,1
BT-HQ,3090,0,568,0,0,566,0,0,505,0,0,579,0,0,518,0,0,574,0,0,549,0,0,638,0,0,617,0,0,629,0,0,756,0,0,730,0,,0,7229,0,1
BT-HQ,3091,0,341,0,0,423,0,0,376,0,0,311,0,0,339,0,0,352,0,0,344,0,0,325,0,0,327,0,0,301,0,0,334,0,0,444,0,,0,4217,0,1
BT-HQ,3092,0,341,0,0,349,0,0,378,0,0,474,0,0,408,0,0,455,0,0,420,0,0,287,0,0,416,0,0,385,0,0,432,0,0,584,0,,0,4929,0,1
BT-HQ,3093,0,105,0,0,146,0,0,142,0,0,161,0,0,101,0,0,68,0,0,57,0,0,65,0,139,369,0,147,148,0,163,165,0,158,158,0,,607,1685,0,1
BT-HQ,3094,0,297,0,0,247,0,0,416,0,0,563,0,0,354,0,0,367,0,0,339,0,0,361,0,0,311,0,0,380,0,0,362,0,0,307,0,,0,4304,0,1
BT-HQ,3095,0,417,0,0,445,0,0,435,0,0,422,0,0,384,0,0,324,0,0,109,0,0,0,,507,1248,0,424,425,0,530,532,0,529,530,0,,1990,5271,0,1
BT-HQ,3096,0,187,0,0,221,0,0,251,0,0,318,0,0,295,0,0,308,0,0,270,0,0,294,0,0,283,0,0,284,0,0,301,0,0,262,0,,0,3274,0,1
BT-HQ,3098,0,2200,0,0,2342,0,0,2814,0,0,3058,0,0,2899,0,0,2526,0,0,2122,0,0,2487,0,0,2389,0,0,2416,0,0,2596,0,0,2332,0,,0,30181,0,1
BT-HQ,3099,0,623,0,0,756,0,0,827,0,0,894,0,0,903,0,0,951,0,0,810,0,0,820,0,0,808,0,0,865,0,0,915,0,0,754,0,,0,9926,0,1
BT-HQ,31,18311,18297,0.0007645677461635136,19295,19278,0.0008810572687224516,21949,21928,0.0009567634060777541,16342,16325,0.0010402643495288633,26542,26513,0.0010926079421295087,24195,24171,0.0009919404835709855,24022,24000,0.0009158271584380762,22695,22672,0.0010134390834986018,23413,23390,0.0009823602272241994,12057,12045,0.0009952724558347503,17485,17469,0.0009150700600514261,17247,17232,0.0008697164724299489,,243553,243320,0.0009566706220001109,1
BT-HQ,310,15651,15163,0.031180116286499304,16025,15536,0.030514820592823733,16565,16073,0.029701177180802896,20241,19665,0.028457092040907073,28098,27242,0.030464801765250238,22279,21501,0.034920777413708026,20391,19884,0.024863910548771462,18096,17614,0.026635720601237867,19232,18525,0.03676164725457576,18155,17552,0.03321399063618835,17642,17310,0.018818728035370103,17104,16479,0.03654115996258189,,229479,222544,0.03022063021017174,119
BT-HQ,3100,0,532,0,0,559,0,0,738,0,0,790,0,0,536,0,0,531,0,0,478,0,0,605,0,0,610,0,0,667,0,0,648,0,0,554,0,,0,7248,0,1
BT-HQ,3101,0,942,0,0,959,0,0,1179,0,0,1221,0,0,954,0,0,1040,0,0,876,0,0,1013,0,0,1120,0,0,1130,0,0,1192,0,0,1116,0,,0,12742,0,1
BT-HQ,3102,0,453,0,0,606,0,0,565,0,0,695,0,0,582,0,0,565,0,0,520,0,0,538,0,0,594,0,0,580,0,0,608,0,0,593,0,,0,6899,0,1
BT-HQ,3103,0,870,0,0,919,0,0,898,0,0,898,0,0,821,0,0,738,0,0,757,0,0,813,0,0,798,0,0,830,0,0,918,0,0,906,0,,0,10166,0,1
BT-HQ,3104,0,2675,0,0,2967,0,0,3255,0,0,3661,0,0,3251,0,0,3178,0,0,3060,0,0,3544,0,0,3694,0,0,3825,0,0,3661,0,0,3517,0,,0,40288,0,1
BT-HQ,3105,0,1782,0,0,1422,0,0,1517,0,0,1668,0,0,1371,0,0,1340,0,0,1382,0,0,1391,0,0,1560,0,0,1726,0,0,1510,0,0,1381,0,,0,18050,0,1
BT-HQ,3106,0,4556,0,0,4773,0,0,4889,0,0,5356,0,0,4861,0,0,4478,0,0,4028,0,0,4589,0,0,4425,0,0,4443,0,0,4718,0,0,4289,0,,0,55405,0,1
BT-HQ,3107,0,1494,0,0,1842,0,0,1907,0,0,2166,0,0,1861,0,0,1838,0,0,1594,0,0,1829,0,0,1810,0,0,1923,0,0,1970,0,0,1678,0,,0,21912,0,1
BT-HQ,3108,0,2082,0,0,2082,0,0,2136,0,0,2276,0,0,1987,0,0,2014,0,0,1899,0,0,2049,0,0,2022,0,0,1993,0,0,2120,0,0,2008,0,,0,24668,0,1
BT-HQ,3109,0,948,0,0,945,0,0,1018,0,0,1324,0,0,1163,0,0,1133,0,0,1003,0,0,1146,0,0,1173,0,0,1296,0,0,1260,0,0,1023,0,,0,13432,0,1
BT-HQ,310A,1918,1915,0.0015641293013556323,2012,2009,0.0014910536779324524,2345,2342,0.0012793176972281106,2745,2742,0.0010928961748634114,1894,1892,0.001055966209081327,1837,1837,0,1636,1635,0.0006112469437652424,1580,1578,0.0012658227848101333,1745,1743,0.0011461318051575464,1927,1925,0.0010378827192527584,2181,2177,0.0018340210912425325,1821,1819,0.0010982976386600951,,23641,23614,0.001142083668203564,1
BT-HQ,311,95893,91819,0.042484852908971416,102093,97472,0.04526265267941976,108222,103068,0.047624327770693586,125188,118418,0.05407866568680708,158244,149257,0.056792042668284415,130513,123131,0.05656141533793568,118647,113183,0.046052576129190004,107075,102630,0.04151295820686429,114720,109631,0.044360181311018154,78876,65019,0.1756808154571733,63861,60764,0.04849595214606728,66434,64418,0.030345907216184465,,1269766,1198810,0.055881162355898684,519
BT-HQ,3110,0,287,0,0,401,0,0,477,0,0,614,0,0,510,0,0,513,0,0,438,0,0,474,0,0,479,0,0,510,0,0,533,0,0,443,0,,0,5679,0,1
BT-HQ,3111,0,774,0,0,777,0,0,913,0,0,1106,0,0,855,0,0,871,0,0,722,0,0,763,0,0,772,0,0,941,0,0,959,0,0,788,0,,0,10241,0,1
BT-HQ,3112,0,401,0,0,394,0,0,396,0,0,509,0,0,476,0,0,371,0,0,372,0,0,453,0,0,459,0,0,488,0,0,580,0,0,430,0,,0,5329,0,1
BT-HQ,3113,0,2021,0,0,2023,0,0,2182,0,0,2519,0,0,2149,0,0,2147,0,0,1934,0,0,2350,0,0,2226,0,0,2432,0,0,2561,0,0,2196,0,,0,26740,0,1
BT-HQ,3114,0,2178,0,0,2440,0,0,2591,0,0,3036,0,0,2776,0,0,2591,0,0,2279,0,0,2486,0,0,2476,0,0,2522,0,0,2550,0,0,2287,0,,0,30212,0,1
BT-HQ,3115,0,5715,0,0,5976,0,0,6583,0,0,7341,0,0,6451,0,0,6329,0,0,5841,0,0,6252,0,0,6140,0,0,5509,0,0,6559,0,0,6057,0,,0,74753,0,1
BT-HQ,3116,0,1401,0,0,1540,0,0,1605,0,0,1983,0,0,1635,0,0,1564,0,0,1453,0,0,1619,0,0,1693,0,0,1691,0,0,1894,0,0,1573,0,,0,19651,0,1
BT-HQ,3118,0,391,0,0,353,0,0,335,0,0,408,0,0,389,0,0,346,0,0,360,0,0,376,0,0,381,0,0,433,0,0,523,0,0,417,0,,0,4712,0,1
BT-HQ,3119,0,1570,0,0,1396,0,0,1597,0,0,1809,0,0,1545,0,0,1714,0,0,1445,0,0,1567,0,0,1545,0,0,1572,0,0,1650,0,0,1503,0,,0,18913,0,1
BT-HQ,311A,0,0,,0,0,,0,0,,0,0,,0,0,,0,0,,0,0,,0,0,,0,0,,59563,77146,0,75472,73145,0.030832626669493268,77006,74231,0.03603615302703689,,212041,224522,0,323
BT-HQ,312,4297,4736,0,4594,5003,0,5627,6033,0,6329,6743,0,8195,8615,0,8472,8910,0,7323,7745,0,6575,7002,0,8032,8468,0,6454,6877,0,5367,5794,0,4669,5091,0,,75934,81017,0,1
BT-HQ,3120,0,440,0,0,470,0,0,478,0,0,653,0,0,450,0,0,459,0,0,404,0,0,420,0,0,507,0,0,479,0,0,490,0,0,397,0,,0,5647,0,1
BT-HQ,3121,0,598,0,0,663,0,0,818,0,0,1105,0,0,920,0,0,989,0,0,1007,0,0,1110,0,0,1465,0,0,1592,0,0,1605,0,0,1557,0,,0,13429,0,1
BT-HQ,3122,0,729,0,0,863,0,0,730,0,0,575,0,0,476,0,0,459,0,0,431,0,0,531,0,0,436,0,0,468,0,0,0,,0,0,,,0,5698,0,1
BT-HQ,3123,0,587,0,0,1184,0,0,675,0,0,783,0,0,864,0,0,726,0,0,513,0,0,604,0,0,659,0,0,707,0,0,764,0,0,701,0,,0,8767,0,1
BT-HQ,3124,0,1307,0,0,1416,0,0,1678,0,0,1955,0,0,1605,0,0,1574,0,0,1207,0,0,1316,0,0,1268,0,0,1354,0,0,1441,0,0,1277,0,,0,17398,0,1
BT-HQ,3125,0,1291,0,0,1535,0,0,1620,0,0,1771,0,0,1498,0,0,1536,0,0,1303,0,0,1552,0,0,1423,0,0,1483,0,0,1616,0,0,1514,0,,0,18142,0,1
BT-HQ,3126,0,549,0,0,553,0,0,589,0,0,634,0,0,548,0,0,587,0,0,540,0,0,590,0,0,578,0,0,711,0,0,667,0,0,580,0,,0,7126,0,1
BT-HQ,3127,0,850,0,0,796,0,0,651,0,0,679,0,0,567,0,0,699,0,0,742,0,0,780,0,0,798,0,0,1002,0,0,905,0,0,823,0,,0,9292,0,1
BT-HQ,3128,0,713,0,0,711,0,0,718,0,0,899,0,0,749,0,0,805,0,0,727,0,0,903,0,0,857,0,0,890,0,0,903,0,0,825,0,,0,9700,0,1
BT-HQ,3129,0,1247,0,0,1067,0,0,913,0,0,929,0,0,743,0,0,651,0,0,597,0,0,731,0,0,741,0,0,815,0,0,814,0,0,774,0,,0,10022,0,1
BT-HQ,313,35616,34037,0.0443340071877808,37175,35545,0.04384667114996632,40258,38622,0.04063788563763726,47992,45566,0.05055009168194702,61831,59051,0.044961265384677596,53771,51558,0.041156013464506924,48573,46545,0.04175159038972265,42687,41191,0.035045798486658675,46786,45018,0.03778908220407817,42240,40712,0.03617424242424239,43217,41722,0.03459286854709953,42034,40511,0.03623257363087029,,542180,520078,0.04076505957431109,146
BT-HQ,3130,0,495,0,0,535,0,0,537,0,0,592,0,0,528,0,0,460,0,0,459,0,0,534,0,0,564,0,0,510,0,0,465,0,0,461,0,,0,6140,0,1
BT-HQ,3131,0,929,0,0,1117,0,0,1175,0,0,1420,0,0,882,0,0,683,0,0,1173,0,0,841,0,0,838,0,0,1009,0,0,1080,0,0,951,0,,0,12098,0,1
BT-HQ,3132,0,1731,0,0,1914,0,0,2085,0,0,2182,0,0,1906,0,0,1839,0,0,1474,0,0,1657,0,0,1658,0,0,1562,0,0,1858,0,0,1971,0,,0,21837,0,1
BT-HQ,3133,0,3143,0,0,3385,0,0,3736,0,0,3868,0,0,3490,0,0,3381,0,0,2961,0,0,3298,0,0,3186,0,0,3259,0,0,3396,0,0,3373,0,,0,40476,0,1
BT-HQ,3134,0,427,0,0,427,0,0,436,0,0,469,0,0,394,0,0,396,0,0,387,0,0,435,0,0,433,0,0,423,0,0,453,0,0,245,0,,0,4925,0,1
BT-HQ,3135,0,1924,0,0,1923,0,0,1970,0,0,2082,0,0,1906,0,0,1828,0,0,1661,0,0,1851,0,0,1852,0,0,2022,0,0,2181,0,0,2045,0,,0,23245,0,1
BT-HQ,3136,0,202,0,0,259,0,0,318,0,0,294,0,0,319,0,0,459,0,0,430,0,0,422,0,0,423,0,0,494,0,0,531,0,0,546,0,,0,4697,0,1
BT-HQ,3137,0,930,0,0,1019,0,0,1057,0,0,1189,0,0,1076,0,0,1096,0,0,1063,0,0,1288,0,0,1289,0,0,1355,0,0,1331,0,0,1171,0,,0,13864,0,1
BT-HQ,3138,0,1506,0,0,1540,0,0,1740,0,0,1879,0,0,1570,0,0,1670,0,0,1657,0,0,1777,0,0,1816,0,0,1832,0,0,1910,0,0,1721,0,,0,20618,0,1
BT-HQ,3139,0,3202,0,0,2054,0,0,2470,0,0,2871,0,0,2345,0,0,1918,0,0,1625,0,0,1871,0,0,1813,0,0,1787,0,0,2074,0,0,1806,0,,0,25836,0,1
BT-HQ,313A,77187,73193,0.051744464741471985,80185,78370,0.022635156201284534,85955,78896,0.08212436740154727,104935,98585,0.0605136513079525,126693,118061,0.06813320388656041,111354,104415,0.06231477989115797,107844,102851,0.04629835688587214,95518,91944,0.037417031344877394,100883,98269,0.025911204068078897,94594,88661,0.06272067995855979,87158,85494,0.019091764381927057,90030,84436,0.062134843940908624,,1162336,1103175,0.050898363295983295,163
BT-HQ,313B,3315,3323,0,3115,4702,0,5014,4992,0.0043877143996808865,6276,6264,0.0019120458891013214,8414,8370,0.005229379605419582,7985,7640,0.04320601127113333,8513,8750,0,7545,7495,0.0066269052352551094,10929,10850,0.007228474700338494,9791,9696,0.009702788274946417,10504,10443,0.0058073115003808295,11365,11290,0.006599208095028564,,92766,93815,0,18
BT-HQ,314,0,2552,0,0,2083,0,0,2075,0,0,2034,0,0,1860,0,0,2082,0,0,1917,0,0,1881,0,0,1989,0,0,1391,0,0,1267,0,0,1253,0,,0,22384,0,1
BT-HQ,3140,0,337,0,0,301,0,0,264,0,0,277,0,0,239,0,0,239,0,0,214,0,0,232,0,0,245,0,0,257,0,0,300,0,0,305,0,,0,3210,0,1
BT-HQ,3141,0,338,0,0,356,0,0,412,0,0,358,0,0,331,0,0,422,0,0,458,0,0,462,0,0,474,0,0,458,0,0,490,0,0,455,0,,0,5014,0,1
BT-HQ,3142,0,407,0,0,444,0,0,534,0,0,654,0,0,449,0,0,605,0,0,440,0,0,469,0,0,437,0,0,485,0,0,455,0,0,385,0,,0,5764,0,1
BT-HQ,3143,0,0,,0,0,,0,0,,0,0,,0,0,,0,0,,0,0,,0,0,,0,0,,0,0,,0,0,,0,21,0,,0,21,0,1
BT-HQ,3144,0,564,0,0,712,0,0,599,0,0,736,0,0,663,0,0,615,0,0,579,0,0,727,0,0,653,0,0,649,0,0,601,0,0,691,0,,0,7789,0,1
BT-HQ,3145,0,217,0,0,192,0,0,250,0,0,226,0,0,196,0,0,169,0,0,135,0,0,175,0,0,158,0,0,189,0,0,185,0,0,130,0,,0,2222,0,1
BT-HQ,3146,0,618,0,0,719,0,0,590,0,0,661,0,0,576,0,0,473,0,0,410,0,0,530,0,0,416,0,0,422,0,0,510,0,0,486,0,,0,6411,0,1
BT-HQ,3147,0,279,0,0,301,0,0,408,0,0,507,0,0,428,0,0,356,0,0,302,0,0,411,0,0,329,0,0,421,0,0,461,0,0,409,0,,0,4612,0,1
BT-HQ,3148,0,294,0,0,323,0,0,510,0,0,660,0,0,549,0,0,512,0,0,525,0,0,584,0,0,486,0,0,505,0,0,484,0,0,521,0,,0,5953,0,1
BT-HQ,3149,0,822,0,0,861,0,0,948,0,0,1165,0,0,1075,0,0,1151,0,0,968,0,0,1181,0,0,1182,0,0,1318,0,0,1376,0,0,1436,0,,0,13483,0,1
BT-HQ,3150,0,648,0,0,703,0,0,769,0,0,888,0,0,864,0,0,1059,0,0,886,0,0,992,0,0,1007,0,0,2388,0,0,2236,0,0,1346,0,,0,13786,0,1
BT-HQ,3151,0,1351,0,0,1558,0,0,1951,0,0,2002,0,0,1613,0,0,1699,0,0,1359,0,0,1530,0,0,1640,0,0,1802,0,0,1884,0,0,1826,0,,0,20215,0,1
BT-HQ,3152,0,393,0,0,307,0,0,192,0,0,115,0,0,56,0,0,57,0,0,50,0,0,63,0,0,72,0,0,98,0,0,146,0,0,125,0,,0,1674,0,1
BT-HQ,3153,0,0,,0,40,0,0,164,0,0,166,0,0,761,0,0,1435,0,0,2263,0,0,3088,0,0,1778,0,0,2494,0,0,642,0,0,2229,0,,0,15060,0,1
BT-HQ,3154,0,0,,0,0,,0,0,,0,480,0,0,581,0,0,607,0,0,521,0,0,619,0,0,617,0,0,1598,0,0,3675,0,0,4347,0,,0,13045,0,1
BT-HQ,3155,0,0,,0,0,,0,0,,0,0,,0,25,0,0,51,0,0,50,0,0,41,0,0,58,0,0,101,0,0,113,0,0,133,0,,0,572,0,1
BT-HQ,3156,0,0,,0,0,,0,0,,0,0,,0,0,,0,13,0,0,0,,0,0,,0,198,0,0,143,0,0,151,0,0,138,0,,0,643,0,1
BT-HQ,3157,0,0,,0,0,,0,0,,0,0,,0,0,,0,0,,0,0,,0,0,,0,0,,0,8,0,0,49,0,0,54,0,,0,111,0,1
BT-HQ,3158,0,0,,0,0,,0,0,,0,114,0,0,247,0,0,277,0,0,308,0,0,341,0,0,390,0,0,373,0,0,484,0,0,449,0,,0,2983,0,1
BT-HQ,316,53340,51584,0.032920884889388824,57960,56091,0.03224637681159426,63240,60961,0.036037318153067655,72540,70329,0.030479735318444945,91980,87844,0.04496629702109156,76260,74636,0.02129556779438757,71400,67656,0.052436974789915936,66540,64280,0.03396453261196275,66720,64151,0.038504196642685895,37500,26977,0.2806133333333334,25740,25111,0.02443667443667441,27300,26563,0.026996336996336967,,710520,676183,0.04832657771772786,91
BT-HQ,316A,0,0,,0,0,,0,0,,0,0,,0,0,,0,0,,0,0,,0,0,,0,0,,16792,22539,0,22275,21326,0.042603815937149236,24303,23372,0.038308027815496026,,63370,67237,0,120
BT-HQ,316F,0,0,,0,0,,0,0,,0,0,,0,0,,0,0,,0,0,,0,0,,0,0,,0,0,,0,0,,0,0,,,0,0,,0
BT-HQ,317,48965,47723,0.025365056673133823,52840,51456,0.026192278576835704,54754,53301,0.026536874018336598,61916,60038,0.030331416758188512,74080,71493,0.034921706263498886,60313,58202,0.03500074610780424,61973,60124,0.029835573556226125,53953,52302,0.030600708023650225,54193,52785,0.025981215286107084,54700,52679,0.03694698354661796,50039,49149,0.017786126821079606,55051,53313,0.031570725327423665,,682777,662565,0.029602637464355097,163
BT-HQ,3170,0,187,0,0,237,0,0,350,0,0,294,0,0,245,0,0,245,0,0,208,0,0,208,0,0,456,0,0,240,0,0,251,0,0,198,0,,0,3119,0,1
BT-HQ,3171,0,1206,0,0,1372,0,0,1463,0,0,1459,0,0,1369,0,0,1251,0,0,957,0,0,1010,0,0,871,0,0,978,0,0,1015,0,0,1033,0,,0,13984,0,1
BT-HQ,3172,0,296,0,0,343,0,0,454,0,0,639,0,0,690,0,0,745,0,0,698,0,0,777,0,0,799,0,0,819,0,0,891,0,0,875,0,,0,8026,0,1
BT-HQ,3173,0,1582,0,0,2068,0,0,2107,0,0,2874,0,0,2625,0,0,2284,0,0,2237,0,0,2780,0,0,2609,0,0,2557,0,0,2627,0,0,2635,0,,0,28985,0,1
BT-HQ,317A,0,7866,0,0,6702,0,0,8953,0,0,10841,0,0,13712,0,0,11570,0,0,11768,0,0,11069,0,0,18280,0,0,16068,0,0,13687,0,0,12600,0,,0,143116,0,1
BT-HQ,318,96500,92304,0.04348186528497411,102700,97288,0.05269717624148007,112200,106257,0.05296791443850268,132900,125331,0.05695259593679458,159700,149207,0.06570444583594237,137500,129175,0.06054545454545457,130400,122986,0.056855828220858884,123400,115999,0.05997568881685578,123100,116793,0.0512347684809098,122700,115335,0.060024449877750574,112000,106853,0.045955357142857145,123900,117394,0.05251008878127528,,1477000,1394922,0.05557075152335811,382
BT-HQ,318A,0,20735,0,0,18666,0,0,18701,0,0,19142,0,0,16295,0,0,17524,0,0,17755,0,0,18661,0,0,18364,0,0,17469,0,0,19188,0,0,18650,0,,0,221150,0,1
BT-HQ,319,102000,98164,0.03760784313725485,108600,107209,0.012808471454880288,112600,104751,0.0697069271758437,130400,125489,0.03766104294478523,167200,159904,0.043636363636363584,147600,140474,0.048279132791327894,127000,122343,0.036669291338582655,120000,115412,0.03823333333333334,122800,118098,0.038289902280130295,115800,111620,0.03609671848013818,115200,110862,0.03765624999999995,111400,107711,0.03311490125673244,,1480600,1422037,0.0395535593678239,535
BT-HQ,320,73974,83049,0,105112,104613,0.004747317147423713,111504,111001,0.004511048930980088,123007,122464,0.004414382921297144,120056,119515,0.004506230425801339,133529,132877,0.004882834440458672,115054,117468,0,95129,97536,0,81377,83552,0,58175,60067,0,94101,96554,0,89902,96554,0,,1200920,1225250,0,1
BT-HQ,321,7380,7610,0,8091,7639,0.05586454084785564,8702,8695,0.0008044127786716038,9899,9751,0.014951005152035513,11928,11674,0.021294433266264234,9663,8920,0.07689123460622993,7853,7790,0.008022411817139918,7789,7736,0.006804467839260475,7579,7325,0.03351365615516555,7458,7528,0,7260,7467,0,7188,6717,0.0655258764607679,,100790,98852,0.019228098025597773,38
BT-HQ,322,6048,6046,0.0003306878306877925,6855,6853,0.00029175784099200186,8256,8253,0.0003633720930232842,6236,6234,0.0003207184092366422,5209,5207,0.00038395085429066,5594,5592,0.0003575259206292092,3895,3895,0,7904,7901,0.0003795546558704732,6821,6819,0.00029321213898259035,3515,3514,0.0002844950213370945,5294,5293,0.00018889308651304226,7138,7136,0.00028019052956007595,,72765,72743,0.0003023431594859627,1
BT-HQ,323,68760,67795,0.014034322280395584,73980,71974,0.027115436604487675,79140,77274,0.02357846853677026,90780,88711,0.02279136373650581,101820,99058,0.027126301316047874,96000,91755,0.04421874999999997,84060,81704,0.02802759933380916,80640,76861,0.046862599206349165,80820,78721,0.025971294234100495,74760,71825,0.03925896201177104,75300,73923,0.018286852589641467,72840,71111,0.023736957715540963,,978900,950712,0.028795586883236246,228
BT-HQ,323A,0,0,,1923,1927,0,1758,1763,0,1733,1736,0,2722,2727,0,3250,3257,0,1834,1838,0,1503,1505,0,3244,3248,0,8076,8083,0,16700,16700,0,4142,4149,0,,46885,46933,0,1
BT-HQ,324,64486,61735,0.04266042241726886,73248,69535,0.05069080384447355,74867,71056,0.0509036023882351,84676,80669,0.047321555104161694,100860,94960,0.05849692643267901,92792,88002,0.051620829381843314,81553,77458,0.050212745086017696,75820,71969,0.050791347929306285,79807,76016,0.047502098813387295,74258,70404,0.0519001319723128,20196,69324,0,0,67610,0,,822563,898738,0,390
BT-HQ,325,17898,17496,0.022460610124036218,16139,15767,0.023049755251254744,16863,16474,0.023068255944968308,20169,19686,0.023947642421538018,17539,17207,0.018929243400421902,17165,16748,0.02429362073987762,14749,14378,0.025154247745609926,17274,17011,0.01522519393307864,18912,18452,0.024323181049069387,17533,17070,0.026407346147265143,16502,16227,0.01666464670948975,17736,17330,0.02289129454217409,,208479,203846,0.022222861775046843,159
BT-HQ,325A,16933,16343,0.03484320557491294,18132,17532,0.033090668431502324,20881,20207,0.03227814759829506,28069,27272,0.02839431401189929,25695,24884,0.03156256080949604,24637,23825,0.032958558266022675,19386,19022,0.018776436603734625,21795,21071,0.033218628125716854,20804,20163,0.030811382426456424,20456,19867,0.028793508017207703,20886,20248,0.030546777745858456,18444,17891,0.029982650184341764,,256118,248325,0.03042738112901089,157
BT-HQ,325I,0,0,,0,0,,0,0,,0,0,,0,0,,0,0,,0,0,,0,0,,0,0,,0,0,,0,0,,0,0,,,0,0,,0
BT-HQ,326,0,0,,0,0,,0,0,,0,0,,0,0,,0,0,,0,0,,0,0,,0,0,,0,0,,0,0,,0,0,,,0,0,,0
BT-HQ,327,0,0,,0,0,,0,0,,0,0,,0,0,,0,0,,0,0,,0,0,,0,0,,0,0,,0,0,,0,0,,,0,0,,0
BT-HQ,328,42300,41141,0.027399527186761197,46740,45334,0.030081300813008083,58320,57827,0.0084533607681756,75600,74165,0.018981481481481488,63660,62113,0.024300973923971125,63540,61784,0.02763613471828774,49980,49172,0.016166466586634676,54360,53437,0.016979396615158238,55740,55482,0.004628632938643684,51300,50629,0.01307992202729047,52200,50932,0.024291187739463593,41700,41165,0.012829736211031229,,655440,643181,0.018703466373733657,358
BT-HQ,329,24320,24098,0.009128289473684159,25600,25427,0.00675781249999996,29920,29767,0.005113636363636376,36400,36008,0.010769230769230753,32160,31872,0.008955223880596996,31440,31175,0.008428753180661608,24480,24294,0.0075980392156862475,26720,26523,0.00737275449101793,27160,26973,0.006885125184094232,24640,24461,0.007264610389610349,25840,25719,0.0046826625386996445,21840,21665,0.008012820512820484,,330520,327982,0.007678809149219368,239
BT-HQ,330,0,0,,0,0,,0,0,,0,0,,0,0,,0,0,,0,0,,0,0,,0,0,,0,0,,0,0,,0,0,,,0,0,,0
BT-HQ,331,21380,20398,0.045930776426566844,22833,21721,0.04870144089694739,26547,25138,0.053075677100990704,30253,28412,0.06085346907744682,27192,25590,0.05891438658428949,28048,26591,0.05194666286366234,22591,21510,0.047850914080828644,23865,22698,0.048900062853551196,25154,23954,0.04770613023773551,22074,21089,0.044622632961855535,23170,22157,0.04372032801035819,19562,18763,0.040844494427972555,,292669,278021,0.05004971486559906,209
BT-HQ,332,11366,11067,0.02630652824212565,12565,12226,0.02697970553123752,14481,14144,0.023271873489399852,16982,16578,0.023789895183135124,14628,14281,0.02372162975116221,15268,14889,0.0248231595493843,12183,11855,0.02692276122465731,14440,14066,0.025900277008310213,14696,14320,0.025585193249863858,13390,12881,0.03801344286781183,13795,13499,0.0214570496556723,11526,11218,0.026722193302099573,,165320,161024,0.025985966610210465,191
BT-HQ,333,33633,32201,0.04257723069604258,36269,34497,0.04885715073478725,44269,42412,0.041948090085612955,52032,49664,0.045510455104551095,46816,44780,0.04348940533151058,48203,46461,0.036138829533431505,38400,36944,0.03791666666666671,39211,37740,0.03751498304047329,40437,38896,0.03810866285827341,39330,37752,0.04012204424103738,39106,37607,0.038331713803508416,32613,31289,0.04059730782203419,,490319,470243,0.04094477268880059,240
BT-HQ,334,20070,19950,0.005979073243647215,21150,20935,0.010165484633569699,24630,24358,0.011043442955744998,29430,28748,0.02317363234794423,26040,25645,0.015168970814132154,25890,25825,0.002510621861722684,21000,20737,0.012523809523809493,22410,22185,0.010040160642570295,23820,23537,0.011880772460117539,22440,22214,0.010071301247771891,22380,22167,0.009517426273458418,18810,18679,0.006964380648591173,,278070,274980,0.01111230985003775,188
BT-HQ,335,0,0,,0,0,,0,0,,0,0,,0,0,,0,0,,0,0,,0,0,,0,0,,0,0,,0,0,,0,0,,,0,0,,0
BT-HQ,336,10918,10520,0.03645356292361235,11370,11209,0.014160070360598076,14031,13705,0.02323426698025799,17121,16734,0.022603819870334663,14721,14414,0.020854561510766922,16251,15930,0.01975263060734722,12571,12292,0.022193938429719173,14408,14123,0.019780677401443625,13005,12723,0.021683967704728913,12259,11970,0.023574516681621693,13280,12988,0.0219879518072289,11063,10773,0.026213504474374094,,160998,157381,0.02246611759152284,130
BT-HQ,336A,0,0,,0,0,,0,0,,0,0,,0,0,,0,0,,308,237,0.23051948051948057,259,255,0.015444015444015413,197,191,0.030456852791878153,198,192,0.030303030303030276,209,202,0.03349282296650713,138,134,0.02898550724637683,,1309,1211,0.07486631016042777,2
BT-HQ,337,33630,32098,0.045554564377044304,35520,33926,0.044876126126126126,42834,40783,0.047882523229210494,50499,47812,0.05320897443513728,41964,39395,0.06121914021542274,44659,42729,0.04321637295953784,35411,33811,0.045183699980232084,41084,39163,0.04675786194138842,38330,36681,0.043021132272371476,35965,34390,0.043792576115668,39654,37910,0.04398043072577795,33403,31947,0.04358889920067055,,472953,450645,0.047167477529479696,360
BT-HQ,337A,13143,12650,0.03751046184280604,13452,13057,0.02936366339577756,16239,15624,0.03787179013486053,18839,18277,0.02983173204522538,15989,15557,0.027018575270498446,17300,16790,0.029479768786127125,12953,12547,0.03134409017216089,14817,14319,0.033610042518728456,14101,13648,0.032125381178639834,13747,13291,0.033170873645158916,15261,14760,0.03282877924120309,13006,12605,0.030831923727510424,,178847,173125,0.0319938271259792,167
BT-HQ,337B,0,0,,0,0,,0,0,,274,242,0.11678832116788318,358,357,0.0027932960893854997,465,461,0.008602150537634357,274,271,0.010948905109489093,469,447,0.046908315565031944,759,785,0,720,711,0.012499999999999956,785,773,0.015286624203821653,590,581,0.015254237288135575,,4694,4628,0.014060502769493,8
BT-HQ,337C,0,0,,0,0,,0,0,,178,165,0.0730337078651685,391,400,0,447,443,0.008948545861297563,380,376,0.010526315789473717,518,510,0.015444015444015413,426,421,0.011737089201877882,425,419,0.014117647058823568,609,601,0.013136288998357948,493,486,0.014198782961460488,,3867,3821,0.011895526247737265,9
BT-HQ,338,7957,7811,0.01834862385321101,8540,8398,0.016627634660421498,9768,9650,0.012080262080262028,11936,11773,0.013656166219839116,10463,10312,0.014431807321035994,11163,11006,0.014064319627340338,8540,8412,0.014988290398126436,9280,9148,0.014224137931034497,8722,8597,0.014331575326759882,8175,8060,0.014067278287461793,8459,8336,0.014540725854119918,6999,6892,0.0152878982711816,,110002,108395,0.014608825294085581,83
BT-HQ,338A,13241,12028,0.09160939506079602,13562,12752,0.05972570417342571,14910,14160,0.05030181086519114,17696,16979,0.04051763110307416,15862,14929,0.05881982095574334,17188,16700,0.02839190132650682,14022,13417,0.04314648409641986,15303,14462,0.05495654446840492,15419,14490,0.060250340489007015,14550,14019,0.0364948453608247,13585,13109,0.03503864556496139,11839,11452,0.032688571669904576,,177177,168497,0.0489905574651337,130
BT-HQ,339,5342,5189,0.028640958442530895,5883,5770,0.01920788713241539,7146,7034,0.015673103834312863,8478,8322,0.01840056617126684,7171,7048,0.01715241946729884,7354,7216,0.01876529779711722,5394,5283,0.02057842046718572,5942,5812,0.021878155503197605,5683,5559,0.02181946155199721,5609,5483,0.022463897307897995,5453,5331,0.022373005684944047,4981,4865,0.023288496285886362,,74436,72912,0.02047396421086567,102
BT-HQ,340,11244,10992,0.022411953041622246,11571,11321,0.02160573848414138,13706,13305,0.029257259594338225,16360,16129,0.014119804400978042,13756,13465,0.02115440535039259,14287,13994,0.020508154266116074,11367,11107,0.0228732295240609,12363,12118,0.019817196473347898,12073,11742,0.027416549324939976,12131,11954,0.014590717995218827,12257,11997,0.02121236844252261,10758,10511,0.022959657928983135,,151873,148635,0.021320445372120078,161
BT-HQ,341,18480,18328,0.008225108225108246,18780,18659,0.006443024494142691,21630,21479,0.006981044845122519,26070,25912,0.0060606060606061,22860,22689,0.007480314960629952,21480,21382,0.004562383612662924,18390,18305,0.004622077215878151,18930,18838,0.004860010565240325,18150,18060,0.0049586776859503745,17640,17600,0.0022675736961451642,18360,18281,0.004302832244008736,27180,27113,0.0024650478292862488,,247950,246646,0.005259124823553174,1
BT-HQ,341A,3458,3495,0,5062,5116,0,4020,4063,0,2502,2529,0,0,0,,0,0,,0,0,,26,26,0,22,22,0,179,181,0,356,359,0,1516,1531,0,,17141,17322,0,1
BT-HQ,342,7715,7512,0.026312378483473786,8592,8375,0.02525605214152704,9806,9590,0.022027330205996343,11861,11573,0.02428125790405533,9646,9427,0.02270371138295668,9782,9562,0.02249028828460442,7704,7504,0.025960539979231534,8602,8370,0.026970471983259747,8419,8246,0.02054875875994777,8555,8325,0.02688486265341905,8955,8802,0.0170854271356784,7923,7690,0.029408052505364157,,107560,104976,0.024023800669393802,128
BT-HQ,343,14220,13659,0.039451476793248896,15510,14880,0.04061895551257255,18270,17427,0.0461412151067323,22980,21742,0.05387293298520457,18270,17795,0.025998905309250087,18900,18091,0.042804232804232845,14640,14029,0.04173497267759563,16350,15638,0.04354740061162077,15930,15286,0.04042686754551161,15720,15040,0.043256997455470736,15720,15002,0.04567430025445296,13320,12738,0.04369369369369369,,199830,191327,0.04255116849321927,186
BT-HQ,344,10522,10246,0.02623075460938984,11228,10917,0.0276986106163164,13054,12763,0.022292017772330364,16006,15585,0.026302636511308264,13361,12989,0.02784222737819031,13879,13560,0.022984364867785878,10834,10576,0.023813919143437334,12366,12059,0.02482613617984797,12043,11735,0.02557502283484181,11651,11355,0.02540554458844735,11263,10986,0.024593802716860513,9531,9259,0.028538453467631952,,145738,142030,0.025442918113326662,152
BT-HQ,345,6306,6120,0.02949571836346332,6959,6727,0.03333812329357666,7499,7312,0.024936658221096142,8661,8432,0.026440364853942966,7256,7047,0.028803748621830216,7614,7396,0.02863146834778041,6449,6197,0.03907582570941226,7311,7121,0.025988236903296436,6336,6126,0.03314393939393945,6762,6568,0.02868973676427089,7226,7042,0.025463603653473554,7123,6916,0.0290607889934017,,85502,83004,0.029215690861032484,143
BT-HQ,346,0,0,,0,0,,0,0,,22939,22944,0,0,77854,0,167596,89738,0.4645576266736676,82130,82181,0,96457,96477,0,95987,96003,0,197550,98797,0.49988863578840803,99041,99060,0,155947,74516,0.5221709939915484,,917647,737570,0.19623776898960055,1
BT-HQ,347,8431,8323,0.012809868343019781,9415,9312,0.010939989378651038,10759,10619,0.013012361743656498,12725,12534,0.015009823182711157,9802,9680,0.012446439502142415,9911,9795,0.011704167087075001,7434,7363,0.009550712940543438,8036,7956,0.009955201592832252,7844,7745,0.012621111677715402,8116,8010,0.013060620995564265,8393,8276,0.013940188252114849,8063,7965,0.012154285005581023,,108929,107578,0.012402574153806634,142
BT-HQ,347A,7771,7687,0.01080941963711235,8036,7948,0.010950721752115533,8843,8736,0.012099966074861523,10624,10548,0.007153614457831359,8863,8773,0.010154575200270743,9081,8990,0.010020922805858423,7201,7113,0.012220524927093468,8274,8186,0.010635726371767018,7908,7812,0.012139605462822445,8053,7966,0.010803427294176049,8134,8048,0.010572903860339267,7823,7726,0.012399335293365676,,100611,99533,0.010714534196062053,91
BT-HQ,348,7587,7337,0.032951100566758984,8581,8146,0.05069339237851067,9469,9024,0.0469954588657725,10790,10394,0.03670064874884149,8139,7894,0.03010197812999138,8587,8345,0.028182135786654294,6980,6751,0.03280802292263607,7868,7618,0.03177427554651757,8237,7970,0.03241471409493746,8284,8018,0.032110091743119296,7895,7602,0.037112096263457905,7471,7202,0.03600588943916472,,99888,96301,0.03591021944577932,118
BT-HQ,348A,3253,3212,0.012603750384260648,3608,3553,0.015243902439024404,4022,3975,0.011685728493286973,4442,4391,0.011481314723097658,3476,3438,0.010932105868814768,3605,3539,0.0183079056865465,2495,2454,0.016432865731462964,2978,2930,0.016118200134318306,2715,2675,0.014732965009208066,2877,2828,0.01703163017031628,3153,3108,0.014272121788772574,3298,3250,0.014554275318374721,,39922,39353,0.014252792946245152,63
BT-HQ,349,15110,14513,0.03951025810721376,17061,16469,0.03469902115936929,19190,18505,0.035695674830640955,23555,22863,0.02937805136913607,18873,18273,0.03179144810046097,20145,19491,0.03246463142218914,14723,14055,0.04537118793724104,16565,15826,0.044612134017506744,15863,15061,0.05055790203618482,16443,15682,0.04628109225810373,16788,16161,0.03734810578984993,14216,13742,0.03334271243669107,,208532,200641,0.037840715094086264,280
BT-HQ,350,10833,10565,0.02473922274531526,11381,11162,0.019242597311308285,12592,12269,0.02565120711562896,15177,14868,0.020359754892271154,12775,12519,0.02003913894324849,13890,13586,0.021886249100071975,11104,10819,0.025666426512968354,12078,11790,0.023845007451564815,11611,11285,0.0280768237016622,11685,11352,0.028498074454428757,12873,12525,0.02703332556513638,11477,11182,0.025703581075193882,,147476,143922,0.02409883642084132,166
BT-HQ,350A,5068,4899,0.033346487766377275,5378,5158,0.04090740052063968,6179,5990,0.03058747370124615,7845,7604,0.030720203951561498,6353,6155,0.03116637808909173,7113,6897,0.030366933783213867,5095,4919,0.03454367026496563,5562,5374,0.03380079108234446,5801,5611,0.03275297362523699,5963,5783,0.030186147912124817,6148,6025,0.020006506180871853,5395,5195,0.03707136237256714,,71900,69610,0.03184979137691235,86
BT-HQ,351,9794,9481,0.031958341841944016,10425,10178,0.02369304556354912,10951,10696,0.023285544699114258,15246,14819,0.02800734618916434,12449,12157,0.02345569925295199,12413,12056,0.02876017078868931,9165,8933,0.02531369339879974,9956,9678,0.027922860586581,10544,10242,0.028641881638846733,10335,10049,0.02767295597484276,10096,9818,0.027535657686212356,8848,8626,0.025090415913200714,,130222,126733,0.02679270783738541,90
BT-HQ,351A,8575,8142,0.05049562682215747,10159,9713,0.04390195885421788,10673,10242,0.04038227302539121,13459,12914,0.040493350174604315,11232,10775,0.04068732193732194,11082,10639,0.03997473380256267,8362,7986,0.044965319301602524,9952,9524,0.043006430868167245,10183,9764,0.04114700972208585,9342,8904,0.04688503532434163,9715,9272,0.04559958826556876,8269,7867,0.04861531019470311,,121003,115742,0.04347826086956519,122
BT-HQ,352,8527,8338,0.022164888002814576,9317,9120,0.02114414511108731,10441,10262,0.017143951728761597,14066,13851,0.015285084601165955,11868,11174,0.05847657566565556,11842,12138,0,8872,8691,0.02040126239855722,10029,9854,0.017449396749426693,10039,9826,0.02121725271441377,9701,9503,0.020410266982785252,9696,9487,0.021555280528052778,8471,8256,0.025380710659898442,,122869,120500,0.0192806973280486,122
BT-HQ,353,10858,10349,0.046877878062258294,11805,11339,0.039474798814061796,11938,11496,0.037024627240743846,15300,14747,0.03614379084967323,13387,12920,0.03488458952715323,13119,12658,0.035139873465965366,9817,9419,0.04054191708261179,10861,10435,0.039222907651229155,11316,10761,0.04904559915164364,10810,10227,0.05393154486586493,11178,10321,0.07666845589550908,10324,9762,0.05443626501356058,,140713,134434,0.044622742745872856,175
BT-HQ,354,2220,2141,0.035585585585585555,2480,2392,0.03548387096774197,2800,2705,0.03392857142857142,4180,4034,0.03492822966507181,3140,3030,0.035031847133757954,3260,3148,0.03435582822085892,2320,2245,0.032327586206896575,2700,2593,0.03962962962962968,2420,2352,0.028099173553719048,2240,2160,0.0357142857142857,2440,2325,0.047131147540983576,2060,1988,0.03495145631067964,,32260,31113,0.03555486670799757,22
BT-HQ,354A,12418,11699,0.05789982283781603,12682,11933,0.05906008516006944,13025,12253,0.059270633397312866,16553,15595,0.05787470549145168,14356,13526,0.05781554750626916,14308,13634,0.04710651383841202,11648,11258,0.033482142857142905,12937,12470,0.03609801344979513,13196,12733,0.03508638981509549,12342,11887,0.036865986063847056,13069,12591,0.03657510138495679,11773,11342,0.0366091905206829,,158307,150921,0.0466561807121606,101
BT-HQ,355,5178,5047,0.025299343375820738,5126,4994,0.025751072961373356,5288,5167,0.022881996974281393,7114,6948,0.02333427045262859,6071,5917,0.025366496458573584,6378,6230,0.023204766384446573,5022,4886,0.027080844285145345,5570,5424,0.02621184919210051,5544,5402,0.025613275613275643,5253,5111,0.02703217209213782,5286,5147,0.026295875898600052,4860,4725,0.02777777777777779,,66690,64998,0.025371120107962164,73
BT-HQ,355A,9068,8663,0.044662549625055115,9377,9010,0.039138317159006064,9922,9505,0.04202781697238456,12648,12135,0.04055977229601515,10697,10240,0.04272225857717116,10902,10424,0.04384516602458266,8542,8176,0.042847108405525636,9675,9223,0.046718346253230014,10050,9560,0.04875621890547266,9271,8791,0.051774350124042745,9540,9074,0.04884696016771484,9003,8579,0.04709541264023098,,118695,113380,0.044778634314840526,71
BT-HQ,356,11720,11430,0.024744027303754246,13862,13449,0.029793680565574965,14434,14004,0.029790771788831938,17646,17122,0.029695115040235698,14894,14555,0.022760843292601085,6582,14579,0,9836,10737,0,12371,11791,0.04688384124161349,12837,12258,0.04510399626080863,14186,13390,0.05611165938248974,12681,12001,0.05362353126725017,11544,11029,0.04461191961191957,,152593,156345,0,237
BT-HQ,357,84618,84357,0.003084450116996429,92884,92598,0.003079109426811888,96804,96534,0.0027891409445890414,117475,117095,0.0032347307937858893,104230,103917,0.0030029741916914876,103245,102924,0.0031091093999708885,84188,83927,0.0031002043046515215,94278,93976,0.003203292390589585,95422,95136,0.0029972123828886366,98238,97949,0.002941835135080062,97657,97346,0.003184615542152658,84087,83833,0.0030206809613851915,,1153126,1149592,0.0030647127894090076,1
BT-HQ,357A,1198,1158,0.03338898163606008,1266,1225,0.03238546603475512,1396,1362,0.024355300859598805,1817,1774,0.023665382498624155,1386,1348,0.02741702741702745,1442,1404,0.026352288488210807,1150,1112,0.03304347826086962,1396,1362,0.024355300859598805,1421,1375,0.032371569317382165,1331,1293,0.02854996243426,1388,1352,0.025936599423631135,1165,1124,0.03519313304721028,,16356,15889,0.02855221325507462,37
BT-HQ,358,5470,6116,0,5944,6555,0,6241,6889,0,9252,9999,0,8344,9011,0,7945,8723,0,5778,6474,0,6835,7259,0,8069,8116,0,7678,7540,0.017973430580880412,7920,7784,0.01717171717171717,7408,7238,0.02294816414686829,,86884,91704,0,112
BT-HQ,359,15960,14969,0.06209273182957398,14370,16589,0,22145,17828,0.19494242492661995,23335,21906,0.061238482965502494,19485,18464,0.052399281498588635,19669,18790,0.044689613096751235,14110,13372,0.05230333097094264,17397,16655,0.04265103178708973,17772,16952,0.04613999549853698,17196,16360,0.048615957199348636,17645,16756,0.05038254463020686,16979,16168,0.04776488603569118,,216063,204809,0.05208665990937833,290
BT-HQ,360,3107,3025,0.026392018023817188,3258,3181,0.023634131368937994,3666,3589,0.02100381887615932,4468,4389,0.01768128916741274,3490,3426,0.01833810888252152,3651,3572,0.021637907422623948,2762,2700,0.022447501810282433,3045,2967,0.025615763546798065,2962,2881,0.027346387575962194,3019,2952,0.02219277906591588,3123,3046,0.02465577969900734,2727,2654,0.026769343601026785,,39278,38382,0.022811752125871942,55
BT-HQ,361,3525,3384,0.040000000000000036,3639,3508,0.03599890079692225,4075,3931,0.035337423312883476,4935,4783,0.030800405268490372,4038,3893,0.03590886577513619,4015,3864,0.03760896637608968,3133,3024,0.03479093520587295,3565,3418,0.04123422159887802,3504,3371,0.037956621004566204,3651,3526,0.034237195288961964,3927,3774,0.038961038961038974,3355,3213,0.04232488822652758,,45362,43689,0.03688108989903438,81
BT-HQ,362,17225,16669,0.03227866473149488,18600,18014,0.03150537634408601,20208,19545,0.032808788598574834,25701,25011,0.026847204388934287,21072,20520,0.026195899772209597,21898,21299,0.027354096264499028,16682,16193,0.029313032010550244,19288,18708,0.030070510161758657,21509,20791,0.03338137523827234,22373,21725,0.02896348276940952,24544,23797,0.03043513689700128,22425,21694,0.03259754738015608,,251525,243966,0.030052678660172916,274
BT-HQ,363,5020,4903,0.02330677290836658,5586,5464,0.021840315073397787,4917,5998,0,9216,7772,0.1566840277777778,6212,6142,0.011268512556342536,6421,6263,0.02460675907179566,4874,4725,0.030570373409930296,5674,5535,0.02449770884737401,6135,5966,0.0275468622656887,5638,5486,0.026959914863426748,5869,5718,0.025728403475890227,5239,5098,0.02691353311700706,,70801,69070,0.024448807220237012,111
BT-HQ,364,11383,10941,0.03882983396292716,8376,8081,0.03521967526265524,7439,7183,0.034413227584352724,9006,8799,0.022984676882078614,8148,7931,0.026632302405498298,9862,9602,0.02636382072601906,6816,6591,0.03301056338028174,7862,7627,0.029890613075553296,13103,12586,0.03945661298939174,12558,12043,0.0410097149227584,10642,10257,0.036177410261229115,9470,9079,0.041288278775079235,,114665,110720,0.03440456983386386,76
BT-HQ,365,8851,8591,0.029375211840469984,9836,9586,0.02541683611224077,10253,9989,0.02574856139666437,13117,12693,0.03232446443546544,10536,10375,0.015280941533788894,10776,10524,0.023385300668151476,8064,7955,0.013516865079365115,9198,9082,0.012611437268971515,9211,8890,0.03484963630441862,8531,8350,0.021216738952057224,8444,8217,0.026882993841781166,8166,7940,0.027675728630908614,,114983,112192,0.024273153422679883,140
BT-HQ,3653,0,0,,0,0,,0,0,,0,0,,0,0,,0,0,,0,0,,0,0,,0,0,,0,0,,0,0,,0,0,,,0,0,,0
BT-HQ,367,12420,12380,0.0032206119162641045,12930,12851,0.006109822119102826,14490,14425,0.00448585231193932,17250,17154,0.0055652173913043335,16680,16597,0.004976019184652292,15060,14999,0.004050464807436871,12660,12598,0.004897314375987394,13470,13406,0.004751299183370472,13080,13009,0.005428134556574871,12750,12684,0.005176470588235338,12840,12797,0.00334890965732082,11880,11797,0.006986531986531985,,165510,164697,0.0049120899039333255,1
BT-HQ,367A,0,2336,0,0,2857,0,0,3093,0,0,3499,0,0,3250,0,0,3093,0,0,2272,0,0,2411,0,0,2363,0,0,2325,0,0,2509,0,0,2435,0,,0,32443,0,1
BT-HQ,368,2377,2328,0.02061421960454357,2906,2863,0.01479697178251893,2988,2933,0.018406961178045522,3252,3197,0.016912669126691315,2245,2203,0.018708240534521137,2513,2468,0.01790688420214881,1798,1761,0.02057842046718572,2063,2024,0.018904507998061093,2017,1976,0.02032721864154685,1989,1949,0.020110608345902503,2298,2259,0.016971279373368175,2281,2233,0.02104340201665933,,28727,28194,0.018553973613673502,45
BT-HQ,369,5960,5945,0.002516778523489971,6432,6417,0.0023320895522388474,7404,7388,0.00216099405726633,8743,8724,0.0021731671051126167,7692,7675,0.0022100884035360924,7608,7591,0.002234490010515233,5891,5879,0.0020370056017654514,6195,6181,0.002259887005649719,5892,5879,0.0022063815342837634,6437,6423,0.00217492620786075,6343,6329,0.0022071574964527274,5943,5930,0.0021874474171293956,,80540,80361,0.0022224981375713604,1
BT-HQ,369A,0,4615,0,0,5083,0,0,5675,0,0,8516,0,0,6906,0,0,6775,0,0,5186,0,0,5501,0,0,5537,0,0,5842,0,0,6196,0,0,5319,0,,0,71151,0,1
BT-HQ,370,6283,6270,0.002069075282508326,6601,6588,0.0019693985759733357,7583,7568,0.0019781089278649855,9767,9748,0.0019453260980853981,8562,8545,0.0019855174024761,8321,8304,0.0020430236750390574,6896,6882,0.0020301624129930307,7500,7484,0.0021333333333333204,7425,7410,0.002020202020202033,7934,7917,0.002142677085959166,7248,7233,0.002069536423841112,6201,6190,0.0017739074342847383,,90321,90139,0.002015035263117082,1
BT-HQ,370A,0,3071,0,0,3774,0,0,4443,0,0,5455,0,0,4917,0,0,4651,0,0,3686,0,0,4021,0,0,3801,0,0,3882,0,0,4096,0,0,3350,0,,0,49147,0,1
BT-HQ,371,1470,1477,0,1434,1435,0,1564,1569,0,1864,1870,0,1683,1670,0.007724301841948944,1525,1548,0,1063,1067,0,1055,1057,0,1086,1088,0,1131,1134,0,1219,1224,0,1430,1435,0,,16524,16574,0,1
BT-HQ,371A,0,3469,0,0,3805,0,0,4008,0,0,4534,0,0,3686,0,0,3671,0,0,2829,0,0,3150,0,0,3081,0,0,3179,0,0,3286,0,0,3379,0,,0,42077,0,1
BT-HQ,372,66851,64965,0.02821199383704054,72315,70158,0.029827836548433906,73410,71313,0.02856559051900287,85252,82702,0.02991132172852251,104481,100104,0.04189278433399379,92338,90758,0.01711104853906298,85751,83331,0.028221245233291725,76489,74417,0.02708886245080988,77734,75511,0.028597524892582382,73386,71321,0.028138882075600224,74464,72322,0.02876557799742152,75955,73833,0.0279375946283984,,958426,930735,0.02889216277521689,231
BT-HQ,372A,54202,52667,0.028319988192317624,58914,57026,0.03204671215670296,66525,63838,0.040390830514844045,80458,77110,0.041611772601854335,105252,100187,0.04812260099570553,86331,82787,0.04105130254485645,80165,76937,0.040266949416827846,67273,64841,0.03615120479241296,73792,70904,0.03913703382480482,65935,63539,0.03633881853340415,69364,66841,0.036373334871114715,71426,68669,0.03859938957802478,,879637,845346,0.038983125994017986,271
BT-HQ,372B,34894,34548,0.009915744827190931,36498,35977,0.014274754781083865,42865,42235,0.01469730549399273,55541,54575,0.017392556849894714,70438,68825,0.02289957125415254,59737,58561,0.01968629157808388,55671,54622,0.01884284456898566,51517,50159,0.02636023060349013,54871,54690,0.0032986459149642045,50813,50008,0.015842402534784417,53028,51454,0.029682431922757768,55471,55337,0.002415676659876298,,621344,610991,0.016662267600556224,183
BT-HQ,373,123132,119785,0.027182210960595143,130888,127551,0.025495079762850703,152947,148104,0.03166456354161895,191478,184634,0.03574300964079424,245472,235518,0.0405504497457958,202396,195865,0.03226842427715959,181791,176068,0.031481206440362786,146921,143217,0.02521082758761506,166554,161681,0.029257778258102496,149017,145007,0.02690968144574113,150313,146041,0.028420695482094027,153242,149236,0.026141658292113124,,1994151,1932707,0.030812110015741023,657
BT-HQ,374,39160,38656,0.012870275791624142,43200,42215,0.022800925925925974,44200,44676,0,51560,56182,0,56000,55092,0.016214285714285737,51720,53357,0,48760,44157,0.09440114848236258,49480,48600,0.017784963621665373,45840,45138,0.015314136125654465,45240,44493,0.016511936339522526,47040,46297,0.015795068027210868,49520,48584,0.018901453957996805,,571720,567447,0.00747393829147136,137
BT-HQ,375,99784,96960,0.028301130441754196,108049,104342,0.03430850817684572,112206,108562,0.032475981676559185,133775,128397,0.04020183143337697,174190,165226,0.05146104828061315,144867,140982,0.02681770175402265,133067,128152,0.03693628021973894,122519,118615,0.031864445514573236,130212,125314,0.03761558074524618,102514,92554,0.09715746141990367,91555,88485,0.033531756867456686,93378,89880,0.03746064383473624,,1446116,1387469,0.04055483792448189,436
BT-HQ,375A,0,0,,0,0,,0,0,,0,0,,0,0,,0,0,,0,0,,0,0,,0,0,,0,0,,0,0,,0,0,,,0,0,,0
BT-HQ,375B,7933,7827,0.013361905962435361,9762,9546,0.022126613398893658,10632,10368,0.02483069977426633,13037,12651,0.029608038659200697,23202,15550,0.3297991552452375,13251,12952,0.022564334767187333,13506,13232,0.02028727972752853,11561,11272,0.02499783755730478,12397,12137,0.020972816003871908,9918,9723,0.019661222020568636,8266,8101,0.019961287200580657,9376,9190,0.0198378839590444,,142841,132549,0.0720521418920338,32
BT-HQ,376,42824,41680,0.02671399215393233,47546,46258,0.02708955537794977,52080,50602,0.028379416282642067,64639,62731,0.029517783381549867,56118,54474,0.02929541323639473,58935,56852,0.03534402307627049,46931,45799,0.024120517355266213,48996,47685,0.02675728630908647,50817,49407,0.027746620225515106,48775,47399,0.028211173757047625,48435,47048,0.028636316713120724,41211,40127,0.02630365679066271,,607307,590062,0.02839585250952159,410
BT-HQ,376A,0,0,,0,0,,0,0,,0,0,,0,0,,0,0,,0,0,,0,0,,0,0,,0,0,,0,0,,0,0,,,0,0,,0
BT-HQ,377,11272,10873,0.035397444996451366,12976,12487,0.03768495684340323,13984,13496,0.03489702517162474,15886,15421,0.029271056275966267,13640,13218,0.03093841642228734,14342,13881,0.03214335518058853,12045,11634,0.034122042341220404,12738,12315,0.033207724917569514,14140,13676,0.03281471004243286,12415,12039,0.03028594442207011,13647,13190,0.03348721330695392,10571,10196,0.03547441112477534,,157656,152426,0.03317349165271222,165
BT-HQ,378,37734,36586,0.030423490751046778,42242,40920,0.031295866672979455,49639,48048,0.03205141118878296,62078,60018,0.03318405876477981,55564,53597,0.03540061910589587,53348,51686,0.031153932668516182,41921,40495,0.03401636411345155,47115,45458,0.03516926668789133,48097,46078,0.04197767012495579,43583,41782,0.04132345180460273,46561,45279,0.027533772900066533,38445,37268,0.030615164520743865,,566327,547215,0.03374728734459065,253
BT-HQ,379,30192,23031,0.23718203497615264,18303,23400,0,30951,29758,0.038544796614002785,39397,37946,0.03683021549864207,34465,33182,0.03722617147831131,35587,34234,0.03801950150335798,27249,26049,0.04403831333259933,30472,29826,0.02119978997112104,30873,29838,0.03352443883004563,28322,27359,0.03400183602852902,29950,28908,0.0347913188647746,24144,23272,0.03611663353214045,,359905,346803,0.036404051069032106,202
BT-HQ,400,66873,64002,0.04293212507289934,70414,68387,0.02878688897094328,82445,79989,0.0297895566741464,91992,88930,0.033285503087225,84835,82601,0.026333470855189445,87924,85344,0.02934352395250439,73765,71261,0.0339456381752864,75614,73034,0.03412066548522763,80591,77661,0.03635641696963676,64287,62280,0.031219375612487776,75192,72659,0.033687094371741666,61342,57530,0.062143392781454754,,915274,883678,0.03452081016176578,49
BT-HQ,4000,0,2461,0,0,2661,0,0,3027,0,0,3622,0,0,3393,0,0,3821,0,0,3964,0,0,4892,0,0,4074,0,0,4474,0,0,7106,0,0,3828,0,,0,47323,0,1
BT-HQ,4001,0,605,0,0,666,0,0,749,0,0,859,0,0,726,0,0,637,0,0,545,0,0,686,0,0,710,0,0,655,0,0,706,0,0,641,0,,0,8185,0,1
BT-HQ,4002,0,1207,0,0,1316,0,0,1620,0,0,1779,0,0,1579,0,0,1492,0,0,1312,0,0,1388,0,0,1425,0,0,1418,0,0,1365,0,0,1244,0,,0,17145,0,1
BT-HQ,4003,0,8384,0,0,8076,0,0,9125,0,0,10122,0,0,9169,0,0,8926,0,0,8053,0,0,8411,0,0,8010,0,0,8283,0,0,7974,0,0,7182,0,,0,101715,0,1
BT-HQ,4004,0,1129,0,0,1589,0,0,1996,0,0,1873,0,0,1587,0,0,1446,0,0,1280,0,0,1457,0,0,1409,0,0,1475,0,0,1349,0,0,1261,0,,0,17851,0,1
BT-HQ,4005,0,1025,0,0,1030,0,0,1008,0,0,1433,0,0,1108,0,0,1026,0,0,934,0,0,1096,0,0,959,0,0,1088,0,0,1088,0,0,1044,0,,0,12839,0,1
BT-HQ,4006,0,1723,0,0,2028,0,0,2171,0,0,2595,0,0,2294,0,0,1778,0,0,1582,0,0,2081,0,0,1863,0,0,1919,0,0,1949,0,0,1331,0,,0,23314,0,1
BT-HQ,4007,0,4924,0,0,5199,0,0,4919,0,0,4986,0,0,4636,0,0,4626,0,0,4415,0,0,5481,0,0,5321,0,0,5090,0,0,4881,0,0,4606,0,,0,59084,0,1
BT-HQ,4008,0,1298,0,0,1388,0,0,1519,0,0,1861,0,0,1639,0,0,1467,0,0,1314,0,0,1455,0,0,1391,0,0,1477,0,0,1351,0,0,1291,0,,0,17451,0,1
BT-HQ,4009,0,2144,0,0,2558,0,0,2891,0,0,3315,0,0,3153,0,0,2736,0,0,2383,0,0,2574,0,0,2661,0,0,2578,0,0,2676,0,0,2634,0,,0,32303,0,1
BT-HQ,400A,15578,12988,0.16626011041211963,18195,17912,0.015553723550425946,21642,21228,0.019129470474078203,23598,23043,0.02351894228324436,22511,22165,0.01537026342676917,23001,22566,0.018912221207773583,19925,19567,0.017967377666248452,20634,20265,0.017883105553940126,22134,21748,0.017439233758019368,15526,15140,0.024861522607239506,19176,18974,0.010534000834376278,18460,18974,0,,240380,234570,0.024170064065230035,6
BT-HQ,400B,1609,1517,0.05717837165941575,1163,1152,0.009458297506448887,1440,1426,0.009722222222222188,1771,1753,0.010163749294184066,1734,1716,0.01038062283737029,1757,1740,0.009675583380762687,1313,1300,0.00990099009900991,2974,2942,0.01075991930060527,1532,1516,0.010443864229765065,1318,1302,0.012139605462822445,1540,1524,0.010389610389610393,1489,1524,0,,19640,19412,0.01160896130346234,3
BT-HQ,400C,0,0,,0,0,,0,0,,0,0,,0,0,,3597,3596,0.00027800945232137053,2769,2768,0.0003611412062116681,1788,1787,0.0005592841163311046,114,111,0.02631578947368418,0,3,0,0,0,,0,0,,,8268,8265,0.00036284470246739087,1
BT-HQ,401,64225,62026,0.03423900350330866,66685,64453,0.03347079553122889,66778,65063,0.02568211087483907,79924,77573,0.02941544467243884,97787,94220,0.036477241351099865,84175,81309,0.03404811404811403,83694,80805,0.034518603484120725,72576,70177,0.033055004409171085,74772,72583,0.029275664687316127,74992,72427,0.034203648389161456,70958,68842,0.029820457171848114,75761,73520,0.029579862990192884,,912327,882998,0.03214746467001417,265
BT-HQ,4010,0,0,,0,0,,0,0,,0,0,,0,0,,0,0,,0,0,,0,0,,0,0,,0,483,0,0,2059,0,0,1645,0,,0,4187,0,1
BT-HQ,4011,0,0,,0,0,,0,163,0,0,191,0,0,189,0,0,201,0,0,205,0,0,327,0,0,371,0,0,150,0,0,137,0,0,137,0,,0,2071,0,1
BT-HQ,4012,0,0,,0,0,,0,0,,0,275,0,0,306,0,0,346,0,0,359,0,0,377,0,0,369,0,0,370,0,0,360,0,0,371,0,,0,3133,0,1
BT-HQ,4013,0,0,,0,0,,0,12421,0,0,20503,0,0,19162,0,0,17538,0,0,15415,0,0,16540,0,0,16720,0,0,16408,0,0,15671,0,0,14468,0,,0,164846,0,1
BT-HQ,4014,0,0,,0,0,,0,0,,0,0,,0,0,,0,0,,0,0,,0,0,,0,0,,0,65,0,0,971,0,0,830,0,,0,1866,0,1
BT-HQ,4015,0,0,,0,0,,0,0,,0,0,,0,0,,0,0,,0,0,,0,0,,0,0,,0,1807,0,0,8379,0,0,7557,0,,0,17743,0,1
BT-HQ,402,30960,30651,0.009980620155038755,34440,34126,0.009117305458768876,36900,36364,0.014525745257452538,42300,41766,0.012624113475177334,54660,53554,0.020234174899377955,40980,40259,0.017593948267447534,41580,41032,0.01317941317941318,36000,35702,0.008277777777777828,38760,38275,0.012512899896800822,35280,34902,0.010714285714285676,35760,35394,0.010234899328859015,37740,37418,0.008532061473237929,,465360,459443,0.01271488739900295,186
BT-HQ,403,64627,62948,0.02597985362155142,62276,60746,0.024568051898002485,76730,74375,0.03069203701290235,86132,83655,0.028758185111224632,117049,112983,0.034737588531298824,102344,99531,0.027485734385992333,89018,86812,0.024781504864184734,80363,78488,0.0233316327165487,91219,88707,0.027538122540260224,82108,80541,0.01908462025624791,79143,76581,0.03237178272241381,75054,73127,0.025674847443174276,,1006063,978494,0.027402856481154814,314
BT-HQ,404,95601,92923,0.028012259285990715,93043,89654,0.03642401900196679,112154,107620,0.040426556342172404,124504,119382,0.04113924050632911,149021,141739,0.04886559612403618,129928,125038,0.037636229296225565,114333,110064,0.03733830127784632,106665,102234,0.04154127408240749,120300,116316,0.03311720698254361,111414,107467,0.03542642755847558,106580,103026,0.033345843497841976,106633,102900,0.035007924376131205,,1370176,1318363,0.037814850063057626,375
BT-HQ,405,36960,36035,0.02502705627705626,39840,38857,0.024673694779116517,42960,41791,0.027211359404096802,50880,49468,0.02775157232704406,62520,60610,0.030550223928342946,48200,46866,0.027676348547717833,47680,46352,0.02785234899328859,42960,41805,0.026885474860335212,44760,43487,0.02844057193923144,42520,41310,0.028457196613358438,43760,42402,0.031032906764168144,45200,43786,0.031283185840707994,,548240,532769,0.028219392966583934,243
BT-HQ,406,127903,123734,0.032595013408598716,142380,136943,0.03818654305379965,173823,166184,0.04394700356109371,214542,204784,0.04548293574218565,200035,191131,0.04451221036318642,199562,190174,0.04704302422304851,156902,149787,0.04534677696906353,166625,160198,0.03857164291072768,174698,167265,0.04254771090682208,148482,142277,0.04178957718780729,160206,153496,0.04188357489731975,141922,136231,0.04009949126985246,,2007080,1922204,0.042288299420052966,523
BT-HQ,407,19760,19303,0.02312753036437243,20105,19498,0.03019149465307136,21272,20823,0.021107559232794282,24859,24224,0.02554406854660285,34164,33352,0.023767708699215517,26193,25538,0.025006681174359557,26424,25811,0.02319860732667267,22956,22414,0.023610385084509522,23714,23119,0.02509066374293667,23351,22800,0.02359641985353944,23317,22719,0.025646523995368153,22481,21885,0.026511276188781685,,288596,281486,0.02463651609862927,216
BT-HQ,408,17640,17503,0.00776643990929704,19950,19332,0.030977443609022548,19950,19394,0.02786967418546371,21840,21451,0.01781135531135536,28020,27084,0.03340471092077091,21330,21137,0.009048288795124204,20460,19952,0.024828934506353817,18360,17899,0.025108932461873623,18780,18460,0.017039403620873306,18060,17873,0.01035437430786268,18870,18690,0.009538950715421324,20820,20188,0.030355427473583108,,244080,238963,0.020964437889216647,160
BT-HQ,408A,0,0,,0,0,,55,54,0.018181818181818188,105,102,0.02857142857142858,136,135,0.007352941176470562,162,151,0.0679012345679012,233,230,0.012875536480686733,261,257,0.01532567049808431,278,276,0.007194244604316502,327,322,0.015290519877675823,324,319,0.015432098765432056,357,352,0.014005602240896309,,2238,2198,0.01787310098302053,4
BT-HQ,408B,0,0,,0,0,,0,0,,0,0,,0,0,,0,0,,0,0,,37,26,0.29729729729729726,154,45,0.7077922077922079,174,51,0.7068965517241379,151,42,0.7218543046357616,164,161,0.018292682926829285,,680,325,0.5220588235294117,2
BT-HQ,409,35849,35111,0.020586348294234114,37519,35710,0.04821557077747274,39047,37367,0.043025072348708004,48354,45018,0.06899118997394216,57952,55087,0.04943746548868033,46483,44483,0.043026482800163524,45710,44091,0.03541894552614311,35061,33841,0.034796497532871284,39714,38233,0.03729163519162004,38323,37194,0.02946011533543824,35585,34628,0.02689335394126735,36484,35471,0.027765595877645044,,496081,476234,0.04000757940739519,132
BT-HQ,410,8014,7891,0.015348140753681072,8941,8712,0.025612347612123942,9202,9017,0.020104325146707236,10459,10272,0.017879338368868902,14680,14441,0.016280653950953683,11107,10922,0.016656162780228634,11006,10836,0.015446120298019284,8881,8672,0.02353338587996845,9333,9150,0.019607843137254943,9227,9038,0.020483364040316476,9073,8898,0.01928799735478892,9148,9080,0.007433318758198526,,119071,116929,0.017989266907979307,99
BT-HQ,410A,8209,8062,0.017907175051772417,8836,8665,0.0193526482571299,9119,8969,0.016449172058339734,10373,10196,0.017063530319097686,14914,14638,0.018506101649456874,12352,11705,0.05238018134715028,11963,11750,0.01780489843684696,10580,10393,0.017674858223062362,10972,10865,0.009752096244987185,11789,11563,0.019170413096954775,11835,11607,0.019264892268694545,11621,11426,0.016779967300576515,,132563,129839,0.02054872023113541,124
BT-HQ,410B,3573,3504,0.01931150293870698,3901,3828,0.018713150474237383,4111,4031,0.019459985405010927,4912,4816,0.019543973941368087,6563,6412,0.023007770836507735,5157,5049,0.020942408376963373,5288,5178,0.020801815431164883,4199,4121,0.018575851393188847,4160,4085,0.018028846153846145,4458,4351,0.0240017945266936,3550,3506,0.012394366197183149,3885,3809,0.019562419562419553,,53757,52690,0.01984857785962757,45
BT-HQ,411,4171,4107,0.01534404219611607,4300,4239,0.014186046511627914,4523,4460,0.013928808313066532,5262,5201,0.011592550361079423,7156,7073,0.011598658468418122,5698,5636,0.0108810108810109,5934,5868,0.011122345803842304,4858,4790,0.013997529847673995,5062,4995,0.013235875148162823,4955,4894,0.012310797174571175,4823,4814,0.0018660584698320104,4884,4776,0.02211302211302213,,61626,60853,0.01254340700353751,48
BT-HQ,412,0,33914,0,0,36281,0,0,42483,0,0,48923,0,0,44336,0,0,44038,0,0,36647,0,0,38690,0,0,37682,0,0,39670,0,0,39544,0,0,34987,0,,0,477195,0,1
BT-HQ,413,14887,14820,0.004500570967958639,15164,15096,0.004484304932735439,18161,18078,0.004570232916689565,25989,25861,0.004925160644888238,23821,23705,0.004869652827337201,24096,23978,0.004897078353253703,20447,20341,0.005184134591871614,21379,21268,0.005192010851770457,22245,22128,0.005259608900876622,22369,22252,0.005230452858867141,21609,21503,0.004905363505946614,18188,18100,0.00483835495931384,,248355,247130,0.004932455557568827,1
BT-HQ,414,0,7170,0,0,7620,0,0,8910,0,0,9960,0,0,9660,0,0,9450,0,0,7950,0,0,8850,0,0,8730,0,0,8670,0,0,8430,0,0,6780,0,,0,102180,0,1
BT-HQ,414A,0,12540,0,0,14220,0,0,15450,0,0,19380,0,0,17100,0,0,16650,0,0,14190,0,0,15120,0,0,15600,0,0,15090,0,0,15360,0,0,13710,0,,0,184410,0,1
BT-HQ,415,0,17623,0,0,19421,0,0,22965,0,0,27323,0,0,24067,0,0,23451,0,0,20058,0,0,19353,0,0,18712,0,0,19111,0,0,19483,0,0,16554,0,,0,248121,0,1
BT-HQ,416,0,29734,0,0,32053,0,0,36662,0,0,41374,0,0,38512,0,0,34921,0,0,28808,0,0,30307,0,0,29381,0,0,29453,0,0,29436,0,0,26403,0,,0,387044,0,1
BT-HQ,417,0,0,,0,0,,0,0,,0,0,,0,0,,0,0,,0,0,,0,0,,0,0,,0,0,,0,0,,0,0,,,0,0,,0
BT-HQ,418,0,0,,0,0,,0,0,,0,0,,0,0,,0,0,,0,0,,0,0,,0,0,,0,0,,0,0,,0,0,,,0,0,,0
BT-HQ,419,0,0,,0,0,,0,0,,0,0,,0,0,,0,0,,0,0,,0,0,,0,0,,0,0,,0,0,,0,0,,,0,0,,0
BT-HQ,420,568200,364405,0.3586677226328757,408709,408339,0.0009052895825636398,439511,439111,0.000910102363763321,532670,532169,0.0009405448025981977,464670,464240,0.0009253879096993156,466269,465851,0.0008964782132202531,377960,377580,0.001005397396549923,394531,394161,0.0009378223764419102,397210,396839,0.0009340147529014464,403200,402840,0.0008928571428571397,406090,405740,0.0008618779088379602,363120,362789,0.0009115443930380884,,5222140,5014064,0.039844967771832995,1
BT-HQ,420A,0,0,,0,0,,0,0,,0,0,,0,0,,0,0,,0,0,,0,0,,0,0,,0,0,,0,0,,1210,1211,0,,1210,1211,0,1
BT-HQ,420B,0,0,,0,0,,0,0,,0,0,,0,0,,0,0,,0,0,,0,0,,0,0,,0,0,,0,0,,2140,2140,0,,2140,2140,0,1
BT-HQ,420C,0,0,,0,0,,0,0,,0,0,,0,0,,0,0,,0,0,,0,0,,0,0,,0,0,,0,0,,1396,1398,0,,1396,1398,0,1
BT-HQ,420D,0,0,,0,0,,0,0,,0,0,,0,0,,0,0,,0,0,,0,0,,0,0,,0,0,,0,0,,111,112,0,,111,112,0,1
BT-HQ,420E,0,0,,0,0,,0,0,,0,0,,0,0,,0,0,,0,0,,0,0,,0,0,,0,0,,0,0,,882,883,0,,882,883,0,1
BT-HQ,420F,0,0,,0,0,,0,0,,0,0,,0,0,,0,0,,0,0,,0,0,,0,0,,0,0,,0,0,,9265,9264,0.00010793308148948633,,9265,9264,0.00010793308148948633,1
BT-HQ,421,522400,522480,0,572490,572550,0,700780,700850,0,865510,865520,0,717220,717260,0,626520,626580,0,448330,448400,0,463780,463850,0,461230,461300,0,427630,427690,0,420030,420090,0,334560,334670,0,,6560480,6561240,0,1
BT-HQ,422,20730,21690,0,21510,20536,0.04528126452812642,21930,22473,0,24840,25162,0,29070,28203,0.029824561403508754,26070,26613,0,27810,27100,0.025530384753685742,25320,24529,0.031240126382306443,25980,26838,0,26010,25333,0.026028450595924624,25410,26012,0,26790,25943,0.03161627472937667,,301470,300432,0.0034431286695193464,46
BT-HQ,423,9100,9381,0,9800,10133,0,11000,11868,0,13600,14216,0,16900,18748,0,12400,13572,0,13500,14293,0,10600,11037,0,12300,13014,0,11800,12149,0,11700,11971,0,13500,13798,0,,146200,154180,0,62
BT-HQ,425,6090,5777,0.051395730706075504,6060,5689,0.0612211221122112,6930,6573,0.051515151515151514,7290,6971,0.04375857338820299,9150,8689,0.050382513661202166,7620,7352,0.035170603674540724,8430,8170,0.03084223013048637,6690,6658,0.004783258594917794,6390,5892,0.07793427230046945,5640,5395,0.043439716312056786,5430,5238,0.0353591160220994,5670,5028,0.11322751322751323,,81390,77432,0.04863005283204325,52
BT-HQ,426,38100,37533,0.014881889763779577,42840,42877,0,42060,41420,0.015216357584403206,48240,47418,0.01703980099502489,62400,61081,0.021137820512820538,49140,47921,0.024806674806674756,51960,50614,0.025904541955350302,43980,43392,0.013369713506139136,44640,44297,0.0076836917562723706,45660,44837,0.01802452912833985,43380,42934,0.010281235592438875,44040,48166,0,,556440,552490,0.007098698871396691,141
BT-HQ,426G,0,0,,0,0,,0,0,,0,0,,0,0,,0,0,,0,0,,0,0,,0,0,,0,0,,0,0,,0,0,,,0,0,,0
BT-HQ,427,33600,32819,0.023244047619047636,35760,34675,0.030341163310961927,38680,37579,0.028464322647362983,47880,46615,0.0264202172096909,62480,60163,0.03708386683738796,49920,47885,0.04076522435897434,49200,48018,0.02402439024390246,39840,38182,0.0416164658634538,41360,40388,0.023500967117988436,40360,39135,0.030351833498513336,39240,38185,0.026885830784913356,39560,37855,0.04309908998988876,,517880,501499,0.0316308797404804,207
BT-HQ,428,59600,57879,0.028875838926174513,59200,57430,0.029898648648648662,71000,69053,0.027422535211267585,79900,77329,0.03217772215269088,99500,96011,0.03506532663316586,89700,86960,0.030546265328874056,76300,73871,0.03183486238532107,70400,68308,0.029715909090909043,76500,74076,0.03168627450980388,68500,66436,0.03013138686131389,67700,66018,0.024844903988183176,66600,64440,0.032432432432432434,,884900,857811,0.030612498587410997,178
BT-HQ,429,22140,21461,0.030668473351400216,22980,22229,0.03268059181897298,25050,24256,0.03169660678642716,32040,30303,0.05421348314606744,40440,39691,0.01852126607319482,31950,31183,0.024006259780907646,31230,30122,0.03547870637207817,26490,25664,0.03118157795394494,26880,26124,0.028124999999999956,27120,26243,0.032337758112094384,33030,31872,0.035059037238873714,30780,29805,0.031676413255360636,,350130,338953,0.03192242881215546,181
BT-HQ,429A,2844,3166,0,3906,4239,0,4429,4742,0,3492,3812,0,1766,2059,0,2299,2610,0,2566,2873,0,1970,2274,0,1677,1988,0,2117,2433,0,2104,2426,0,1439,1741,0,,30609,34363,0,1
BT-HQ,43,61900,61983,0,66511,66514,0,80630,80637,0,92638,92646,0,90843,90850,0,84038,84045,0,71201,71204,0,68142,68146,0,67101,67103,0,65691,65693,0,71368,71369,0,71567,71568,0,,891630,891758,0,1
BT-HQ,430,0,8873,0,0,7762,0,0,8566,0,0,8640,0,0,8815,0,0,8178,0,0,6284,0,0,8836,0,0,7902,0,0,9341,0,0,8310,0,0,6902,0,,0,98409,0,1
BT-HQ,430A,0,7092,0,0,7575,0,0,8659,0,0,10936,0,0,9787,0,0,9409,0,0,7802,0,0,8385,0,0,8458,0,0,8321,0,0,8208,0,0,7382,0,,0,102014,0,1
BT-HQ,431,0,16590,0,0,18210,0,0,20730,0,0,23700,0,0,23058,0,0,22106,0,0,18874,0,0,19972,0,0,19644,0,0,18741,0,0,18631,0,0,16601,0,,0,236857,0,1
BT-HQ,432,0,17670,0,0,19950,0,0,23700,0,0,32640,0,0,28006,0,0,26637,0,0,21325,0,0,22807,0,0,22309,0,0,22962,0,0,22759,0,0,20372,0,,0,281137,0,1
BT-HQ,436,0,0,,0,0,,0,0,,0,0,,0,0,,0,0,,0,0,,0,0,,0,0,,0,0,,0,0,,0,0,,,0,0,,0
BT-HQ,438,0,0,,0,0,,0,0,,0,0,,0,0,,0,0,,0,0,,0,0,,0,0,,0,0,,0,0,,0,0,,,0,0,,0
BT-HQ,439,0,0,,0,0,,0,0,,0,0,,0,0,,0,0,,0,0,,0,0,,0,0,,0,0,,0,0,,0,0,,,0,0,,0
BT-HQ,44,59577,59572,8.392500461584795e-05,68152,68148,5.869233478106306e-05,77018,77016,2.596795554288267e-05,90978,90977,1.0991668315418757e-05,79359,79354,6.300482616972136e-05,79652,79647,6.277306282331807e-05,60008,60005,4.999333422206487e-05,63451,63448,4.7280578714281596e-05,62208,62206,3.215020576130545e-05,62417,62416,1.602127625488503e-05,63309,63308,1.5795542497865078e-05,57870,57868,3.4560221185420126e-05,,823999,823965,4.1262185997759104e-05,1
BT-HQ,440,0,0,,0,0,,0,0,,0,0,,0,0,,0,0,,0,0,,0,0,,0,0,,0,0,,0,0,,0,0,,,0,0,,0
BT-HQ,441,0,0,,0,0,,0,0,,0,0,,0,0,,0,0,,0,0,,0,0,,0,0,,0,0,,0,0,,0,0,,,0,0,,0
BT-HQ,442,0,4324,0,0,4893,0,0,5382,0,0,6698,0,0,6148,0,0,5815,0,0,5303,0,0,5599,0,0,5335,0,0,5342,0,0,5065,0,0,4684,0,,0,64588,0,1
BT-HQ,443,0,0,,0,0,,0,0,,0,0,,0,0,,0,0,,0,0,,0,0,,0,0,,0,0,,0,0,,0,0,,,0,0,,0
BT-HQ,444,3937,3948,0,4323,4338,0,4675,4690,0,5965,5985,0,5332,5352,0,4880,4895,0,4414,4426,0,4720,4734,0,4664,4677,0,4893,4912,0,4537,4544,0,4413,4425,0,,56753,56926,0,1
BT-HQ,445,0,0,,0,0,,0,0,,0,0,,0,0,,0,0,,0,0,,0,0,,0,0,,0,0,,0,0,,0,0,,,0,0,,0
BT-HQ,446,0,0,,0,0,,0,0,,0,0,,0,0,,0,0,,0,0,,0,0,,0,0,,0,0,,0,0,,0,0,,,0,0,,0
BT-HQ,447,0,0,,0,0,,0,0,,0,0,,0,0,,0,0,,0,0,,0,0,,0,0,,0,0,,0,0,,0,0,,,0,0,,0
BT-HQ,448,0,0,,0,0,,0,0,,0,0,,0,0,,0,0,,0,0,,0,0,,0,0,,0,0,,0,0,,0,0,,,0,0,,0
BT-HQ,453,0,0,,0,0,,0,0,,0,0,,0,0,,0,0,,0,0,,0,0,,0,0,,0,0,,0,0,,0,0,,,0,0,,0
BT-HQ,454,0,0,,0,0,,0,0,,0,0,,0,0,,0,0,,0,0,,0,0,,0,0,,0,0,,0,0,,0,0,,,0,0,,0
BT-HQ,455,0,0,,0,0,,0,0,,0,0,,0,0,,0,0,,0,0,,0,0,,0,0,,0,0,,0,0,,0,0,,,0,0,,0
BT-HQ,456,0,0,,0,0,,0,0,,0,0,,0,0,,0,0,,0,0,,0,0,,0,0,,0,0,,0,0,,0,0,,,0,0,,0
BT-HQ,457,0,0,,0,0,,0,0,,0,0,,0,0,,0,0,,0,0,,0,0,,0,0,,0,0,,0,0,,0,0,,,0,0,,0
BT-HQ,458,0,0,,0,0,,0,0,,0,0,,0,0,,0,0,,0,0,,0,0,,0,0,,0,0,,0,0,,0,0,,,0,0,,0
BT-HQ,459,0,0,,0,0,,0,0,,0,0,,0,0,,0,0,,0,0,,0,0,,0,0,,0,0,,0,0,,0,0,,,0,0,,0
BT-HQ,460,0,0,,0,0,,0,0,,0,0,,0,0,,0,0,,0,0,,0,0,,0,0,,0,0,,0,0,,0,0,,,0,0,,0
BT-HQ,461,0,0,,0,0,,0,0,,0,0,,0,0,,0,0,,0,0,,0,0,,0,0,,0,0,,0,0,,0,0,,,0,0,,0
BT-HQ,462,0,0,,0,0,,0,0,,0,0,,0,0,,0,0,,0,0,,0,0,,0,0,,0,0,,0,0,,0,0,,,0,0,,0
BT-HQ,464,0,0,,0,0,,0,0,,0,0,,0,0,,0,0,,0,0,,0,0,,0,0,,0,0,,0,0,,0,0,,,0,0,,0
BT-HQ,467,0,0,,0,0,,0,0,,0,0,,0,0,,0,0,,0,0,,0,0,,0,0,,0,0,,0,0,,0,0,,,0,0,,0
BT-HQ,482,0,0,,0,0,,0,0,,0,0,,0,0,,0,0,,0,0,,0,0,,0,0,,0,0,,0,0,,0,0,,,0,0,,0
BT-HQ,483,0,0,,0,0,,0,0,,0,0,,0,0,,0,0,,0,0,,0,0,,0,0,,0,0,,0,0,,0,0,,,0,0,,0
BT-HQ,484A,0,0,,0,0,,0,0,,0,0,,0,0,,0,0,,0,0,,0,0,,0,0,,0,0,,0,0,,0,0,,,0,0,,0
BT-HQ,485,0,0,,0,0,,0,0,,0,0,,0,0,,0,0,,0,0,,0,0,,0,0,,0,0,,0,0,,0,0,,,0,0,,0
BT-HQ,487,0,0,,0,0,,0,0,,0,0,,0,0,,0,0,,0,0,,0,0,,0,0,,0,0,,0,0,,0,0,,,0,0,,0
BT-HQ,488,0,0,,0,0,,0,0,,0,0,,0,0,,0,0,,0,0,,0,0,,0,0,,0,0,,0,0,,0,0,,,0,0,,0
BT-HQ,490,0,0,,0,0,,0,0,,0,0,,0,0,,0,0,,0,0,,0,0,,0,0,,0,0,,0,0,,0,0,,,0,0,,0
BT-HQ,491,0,0,,0,0,,0,0,,0,0,,0,0,,0,0,,0,0,,0,0,,0,0,,0,0,,0,0,,0,0,,,0,0,,0
BT-HQ,492,0,0,,0,0,,0,0,,0,0,,0,0,,0,0,,0,0,,0,0,,0,0,,0,0,,0,0,,0,0,,,0,0,,0
BT-HQ,493,0,0,,0,0,,0,0,,0,0,,0,0,,0,0,,0,0,,0,0,,0,0,,0,0,,0,0,,0,0,,,0,0,,0
BT-HQ,494,0,0,,0,0,,0,0,,0,0,,0,0,,0,0,,0,0,,0,0,,0,0,,0,0,,0,0,,0,0,,,0,0,,0
BT-HQ,495,0,0,,0,0,,0,0,,0,0,,0,0,,0,0,,0,0,,0,0,,0,0,,0,0,,0,0,,0,0,,,0,0,,0
BT-HQ,496,0,0,,0,0,,0,0,,0,0,,0,0,,0,0,,0,0,,0,0,,0,0,,0,0,,0,0,,0,0,,,0,0,,0
BT-HQ,497,0,0,,0,0,,0,0,,0,0,,0,0,,0,0,,0,0,,0,0,,0,0,,0,0,,0,0,,0,0,,,0,0,,0
BT-HQ,498,0,0,,0,0,,0,0,,0,0,,0,0,,0,0,,0,0,,0,0,,0,0,,0,0,,0,0,,0,0,,,0,0,,0
BT-HQ,500,6405,6400,0.0007806401249024209,4091,4090,0.000244439012466402,3444,3442,0.0005807200929152101,2900,2899,0.00034482758620690834,2445,2445,0,2623,2622,0.00038124285169649497,3898,3897,0.0002565418163160693,2275,2273,0.0008791208791208982,3512,3511,0.00028473804100226374,7662,7658,0.0005220569042025947,4862,4860,0.00041135335252984184,5562,0,1,,49679,44097,0.11236135993075547,1
BT-HQ,5000,0,1800,0,0,1000,0,0,1280,0,0,1000,0,0,280,0,0,400,0,0,200,0,0,80,0,0,80,0,0,320,0,0,600,0,0,960,0,,0,8000,0,1
BT-HQ,5001,0,1595,0,0,1675,0,0,1975,0,0,1968,0,0,1903,0,0,1979,0,0,1773,0,0,1825,0,0,1815,0,0,1700,0,0,1911,0,0,2027,0,,0,22146,0,1
BT-HQ,5002,0,91,0,0,122,0,0,212,0,0,167,0,0,117,0,0,145,0,0,262,0,0,241,0,0,205,0,0,191,0,0,157,0,0,133,0,,0,2043,0,1
BT-HQ,5003,0,722,0,0,745,0,0,780,0,0,786,0,0,705,0,0,776,0,0,750,0,0,769,0,0,703,0,0,705,0,0,653,0,0,621,0,,0,8715,0,1
BT-HQ,5004,0,1524,0,0,1482,0,0,1603,0,0,1843,0,0,1802,0,0,1697,0,0,1457,0,0,1397,0,0,1445,0,0,1298,0,0,1355,0,0,1318,0,,0,18221,0,1
BT-HQ,5005,0,3472,0,0,3665,0,0,3854,0,0,3925,0,0,3732,0,0,3747,0,0,2828,0,0,2938,0,0,3237,0,0,2925,0,0,2984,0,0,2922,0,,0,40229,0,1
BT-HQ,5006,0,1736,0,0,1680,0,0,1764,0,0,1929,0,0,1641,0,0,1560,0,0,1295,0,0,1422,0,0,1454,0,0,1244,0,0,1365,0,0,1379,0,,0,18469,0,1
BT-HQ,5007,0,960,0,0,956,0,0,903,0,0,879,0,0,819,0,0,918,0,0,704,0,0,730,0,0,732,0,0,647,0,0,0,,0,0,,,0,8248,0,1
BT-HQ,5008,0,1753,0,0,1671,0,0,2013,0,0,2168,0,0,1897,0,0,1908,0,0,1463,0,0,1519,0,0,1532,0,0,1664,0,0,1770,0,0,1856,0,,0,21214,0,1
BT-HQ,5009,0,2663,0,0,2655,0,0,2986,0,0,3006,0,0,2748,0,0,2616,0,0,2114,0,0,2178,0,0,2148,0,0,2227,0,0,2210,0,0,2306,0,,0,29857,0,1
BT-HQ,501,39450,39447,7.604562737639764e-05,42759,42756,7.01606679295308e-05,46716,46713,6.421782686871769e-05,50566,50565,1.9776134161264558e-05,48327,48324,6.207709975791786e-05,49565,49563,4.0351054171328116e-05,44465,44461,8.995839424263963e-05,49437,49434,6.068329388919658e-05,47192,47189,6.357009662649737e-05,43693,43689,9.154784519260772e-05,46833,46829,8.540986056837507e-05,46541,46538,6.445929395582084e-05,,555544,555508,6.480134786801539e-05,1
BT-HQ,5010,0,3001,0,0,2618,0,0,2264,0,0,2321,0,0,2282,0,0,2635,0,0,2235,0,0,2420,0,0,2573,0,0,2607,0,0,2766,0,0,2834,0,,0,30556,0,1
BT-HQ,5011,0,4505,0,0,4471,0,0,4797,0,0,5603,0,0,5080,0,0,4770,0,0,3861,0,0,4087,0,0,4236,0,0,4198,0,0,4007,0,0,3917,0,,0,53532,0,1
BT-HQ,5012,0,7562,0,0,7096,0,0,6854,0,0,7730,0,0,11756,0,0,9605,0,0,7820,0,0,7513,0,0,6438,0,0,6500,0,0,6703,0,0,5592,0,,0,91169,0,1
BT-HQ,5013,0,27801,0,0,25952,0,0,24510,0,0,26055,0,0,23116,0,0,24978,0,0,24651,0,0,23970,0,0,20569,0,0,21117,0,0,20874,0,0,19707,0,,0,283300,0,1
BT-HQ,5014,0,10319,0,0,9602,0,0,9125,0,0,11604,0,0,9679,0,0,12891,0,0,11270,0,0,10715,0,0,9665,0,0,9812,0,0,10310,0,0,8349,0,,0,123341,0,1
BT-HQ,5015,0,5475,0,0,5209,0,0,5506,0,0,6562,0,0,5783,0,0,6740,0,0,5886,0,0,5845,0,0,5318,0,0,4598,0,0,4400,0,0,3509,0,,0,64831,0,1
BT-HQ,5016,0,1631,0,0,1432,0,0,2021,0,0,1562,0,0,1602,0,0,1498,0,0,1536,0,0,1228,0,0,1350,0,0,1239,0,0,1219,0,0,1360,0,,0,17678,0,1
BT-HQ,502,7142,7011,0.01834220106412765,8298,8160,0.016630513376717282,9150,9003,0.01606557377049178,11272,11067,0.018186657203690615,0,11243,0,0,10756,0,7684,8535,0,10491,10299,0.01830140120102941,10695,10508,0.017484805984104734,8998,8823,0.01944876639253168,9822,9638,0.018733455508043173,8123,7974,0.018342976732734217,,91675,113017,0,55
BT-HQ,5020,0,5207,0,0,3787,0,0,2986,0,0,3733,0,0,3261,0,0,4598,0,0,5340,0,0,5061,0,0,4668,0,0,5576,0,0,5952,0,0,6071,0,,0,56240,0,1
BT-HQ,5021,0,5682,0,0,4978,0,0,5314,0,0,6066,0,0,4974,0,0,5766,0,0,6695,0,0,5380,0,0,4231,0,0,5361,0,0,6012,0,0,6246,0,,0,66705,0,1
BT-HQ,5022,0,5065,0,0,4807,0,0,5356,0,0,5723,0,0,5279,0,0,5455,0,0,5176,0,0,5362,0,0,5384,0,0,5547,0,0,6073,0,0,6425,0,,0,65652,0,1
BT-HQ,5023,0,8054,0,0,7099,0,0,7757,0,0,9566,0,0,9444,0,0,8692,0,0,7990,0,0,8088,0,0,6967,0,0,6351,0,0,7285,0,0,7253,0,,0,94546,0,1
BT-HQ,5024,0,18945,0,0,18417,0,0,20002,0,0,20320,0,0,21630,0,0,22062,0,0,20685,0,0,21876,0,0,23630,0,0,20955,0,0,22027,0,0,21940,0,,0,252489,0,1
BT-HQ,5025,0,55319,0,0,54971,0,0,65141,0,0,80396,0,0,83154,0,0,91222,0,0,75278,0,0,77285,0,0,75618,0,0,69697,0,0,76152,0,0,73543,0,,0,877776,0,1
BT-HQ,5026,0,58173,0,0,62250,0,0,79070,0,0,91647,0,0,100337,0,0,109386,0,0,87473,0,0,88647,0,0,88914,0,0,84505,0,76835,99215,0,100819,100940,0,,177654,1050557,0,1
BT-HQ,5027,0,6401,0,0,6304,0,0,6697,0,0,7492,0,0,7358,0,0,6595,0,0,5908,0,0,6023,0,0,5961,0,0,6059,0,0,6212,0,0,6637,0,,0,77647,0,1
BT-HQ,5028,0,2461,0,0,2320,0,0,2302,0,0,2877,0,0,2483,0,0,1361,0,0,1366,0,0,1384,0,0,1358,0,0,1355,0,0,1695,0,0,2548,0,,0,23510,0,1
BT-HQ,5029,0,1793,0,0,1772,0,0,1913,0,0,1899,0,0,1735,0,0,1749,0,0,1643,0,0,1737,0,0,1880,0,0,1730,0,0,1438,0,0,1725,0,,0,21014,0,1
BT-HQ,503,5813,5671,0.02442800619301566,6568,6403,0.02512180267965891,7586,7388,0.026100711837595547,8651,8416,0.027164489654375235,8329,8073,0.030735982711009746,8166,7934,0.028410482488366418,8274,7973,0.03637901861252113,10829,10372,0.0422014959830086,10410,9973,0.04197886647454374,8968,8593,0.041815343443354136,10313,9887,0.041307088141181,9089,8727,0.03982836395643086,,102996,99410,0.03481688609266376,31
BT-HQ,5030,0,4513,0,0,3232,0,0,2644,0,0,3148,0,0,2397,0,0,2236,0,0,2025,0,0,2159,0,0,2351,0,0,2338,0,0,2475,0,0,2558,0,,0,32076,0,1
BT-HQ,5031,0,1522,0,0,1403,0,0,1579,0,0,1667,0,0,1670,0,0,1652,0,0,1586,0,0,1658,0,0,1901,0,0,1848,0,0,1966,0,0,1985,0,,0,20437,0,1
BT-HQ,5032,0,910,0,0,1044,0,0,1174,0,0,1290,0,0,1084,0,0,1273,0,0,891,0,0,920,0,0,1045,0,0,1063,0,0,1024,0,0,1125,0,,0,12843,0,1
BT-HQ,5033,0,1927,0,0,3209,0,0,4090,0,0,4489,0,0,4356,0,0,4078,0,0,4121,0,0,4089,0,0,4309,0,0,3219,0,0,3656,0,0,4114,0,,0,45657,0,1
BT-HQ,5034,0,1063,0,0,1196,0,0,1107,0,0,1281,0,0,1167,0,0,986,0,0,910,0,0,958,0,0,903,0,0,850,0,0,887,0,0,854,0,,0,12162,0,1
BT-HQ,5035,0,3587,0,0,3181,0,0,3034,0,0,4394,0,0,4066,0,0,5422,0,0,5828,0,0,5268,0,0,4232,0,0,5693,0,0,4947,0,0,4828,0,,0,54480,0,1
BT-HQ,5036,23220,23224,0,25173,25177,0,27547,27553,0,33723,33732,0,38566,38574,0,39343,39350,0,33052,33058,0,35039,35045,0,34295,34304,0,32462,32467,0,39131,39136,0,39690,39701,0,,401241,401321,0,1
BT-HQ,5037,0,0,,0,0,,0,0,,0,0,,0,0,,727,728,0,1626,1629,0,5425,5434,0,16082,16114,0,13458,13494,0,32232,32311,0,33283,33380,0,,102833,103090,0,1
BT-HQ,5038,0,325,0,0,393,0,0,401,0,0,456,0,0,476,0,0,541,0,0,549,0,0,595,0,0,657,0,0,601,0,0,861,0,0,872,0,,0,6727,0,1
BT-HQ,5039,0,741,0,0,1070,0,0,951,0,0,963,0,0,744,0,0,709,0,0,642,0,0,759,0,0,783,0,0,775,0,0,835,0,0,681,0,,0,9653,0,1
BT-HQ,504,9325,8895,0.04611260053619304,9163,8951,0.023136527338208035,10095,9750,0.034175334323922724,12314,11936,0.03069676790644793,14116,13649,0.033083026353074474,12454,12092,0.02906696643648632,10778,10486,0.027092224902579343,10828,10517,0.02872183228666425,11009,10667,0.031065491870287953,10525,10211,0.029833729216152016,10742,10442,0.027927760193632523,9990,9686,0.030430430430430477,,131339,127282,0.030889530147176436,108
BT-HQ,5040,0,3898,0,0,2727,0,0,4413,0,0,3513,0,0,0,,0,6762,0,0,1439,0,0,1530,0,0,972,0,0,842,0,0,2070,0,0,2998,0,,0,31164,0,1
BT-HQ,5041,0,1736,0,0,1420,0,0,1839,0,0,1974,0,0,1613,0,0,1512,0,0,1134,0,0,1220,0,0,1258,0,0,1009,0,0,1255,0,0,1461,0,,0,17431,0,1
BT-HQ,5042,0,206,0,0,244,0,0,280,0,0,352,0,0,359,0,0,381,0,0,300,0,0,342,0,0,395,0,0,356,0,0,395,0,0,351,0,,0,3961,0,1
BT-HQ,5043,0,248,0,0,394,0,0,489,0,0,505,0,0,493,0,0,446,0,0,345,0,0,477,0,0,648,0,0,568,0,0,656,0,0,578,0,,0,5847,0,1
BT-HQ,5044,0,215,0,0,451,0,0,455,0,0,579,0,0,532,0,0,572,0,0,572,0,0,622,0,0,624,0,0,607,0,0,656,0,0,652,0,,0,6537,0,1
BT-HQ,5045,0,78,0,0,159,0,0,351,0,0,550,0,0,626,0,0,626,0,0,631,0,0,725,0,0,800,0,0,768,0,0,782,0,0,726,0,,0,6822,0,1
BT-HQ,5046,0,115,0,0,110,0,0,171,0,0,344,0,0,320,0,0,312,0,0,284,0,0,300,0,0,270,0,0,347,0,0,381,0,0,304,0,,0,3258,0,1
BT-HQ,5047,0,0,,0,0,,0,94,0,0,713,0,0,947,0,0,837,0,0,765,0,0,880,0,0,871,0,0,850,0,0,1034,0,0,979,0,,0,7970,0,1
BT-HQ,505,20100,20054,0.002288557213930398,20400,20519,0,23640,23543,0.004103214890016971,27480,27341,0.0050582241630277025,26280,25948,0.012633181126331827,27780,27353,0.015370770338372974,23700,23192,0.021434599156118117,24960,24365,0.02383814102564108,25680,25073,0.023637071651090302,20940,20610,0.015759312320916874,22980,22552,0.01862489120974764,21480,20988,0.022905027932960897,,285420,281538,0.013601009039310497,131
BT-HQ,5050,0,0,,0,0,,0,0,,0,0,,0,0,,0,0,,0,23657,0,0,39944,0,0,41651,0,0,39537,0,34660,44562,0,52012,52028,0,,86672,241379,0,1
BT-HQ,5051,0,0,,0,0,,0,0,,0,0,,0,0,,0,0,,0,0,,0,50,0,0,235,0,0,379,0,0,438,0,0,426,0,,0,1528,0,1
BT-HQ,506,8843,6289,0.28881601266538504,7715,7228,0.06312378483473757,8729,8063,0.07629739947302094,10465,9694,0.07367415193502147,10195,9325,0.08533594899460517,9528,8991,0.05636020151133503,7395,7207,0.025422582826233997,8371,8165,0.024608768366981226,8168,7981,0.022894221351616117,7700,7496,0.026493506493506458,8877,8624,0.028500619578686548,7739,7529,0.02713528879700222,,103725,96592,0.06876837792239099,80
BT-HQ,5060,0,288,0,0,331,0,0,364,0,0,348,0,0,310,0,0,378,0,0,346,0,0,366,0,0,330,0,0,347,0,0,341,0,0,290,0,,0,4039,0,1
BT-HQ,5061,624,625,0,550,551,0,607,608,0,574,575,0,464,465,0,531,532,0,467,468,0,483,484,0,490,491,0,472,472,0,466,468,0,454,455,0,,6182,6194,0,1
BT-HQ,507,16195,15814,0.023525779561593074,17123,16707,0.02429480815277696,17640,17262,0.021428571428571463,21551,21064,0.022597559277991786,19496,19203,0.015028723840787905,21250,20664,0.027576470588235313,17512,17129,0.02187071722247602,20120,19673,0.022216699801192896,18873,18459,0.021936099189318048,16418,16076,0.020830795468388397,18065,17163,0.04993080542485473,16008,14970,0.0648425787106447,,220251,214184,0.027545845421814152,75
BT-HQ,508,43538,41653,0.0432955119665579,50905,47957,0.05791179648364597,59582,55614,0.06659729448491158,73199,68715,0.061257667454473474,66401,62094,0.06486348097167216,68247,66692,0.022784884317259335,52843,51742,0.020835304581496183,58006,57259,0.012877978140192425,56560,55245,0.0232496463932107,49188,47800,0.0282182646173863,52972,51646,0.025032092426187424,44992,43838,0.025649004267425335,,676433,650255,0.038700063420915254,208
BT-HQ,508A,27800,26906,0.032158273381294955,32280,31076,0.03729863692688973,41200,39134,0.050145631067961216,51040,47873,0.06204937304075231,50520,47242,0.06488519398258119,47200,44345,0.06048728813559323,36080,34167,0.05302106430155207,38560,36949,0.04177904564315349,40160,37932,0.05547808764940243,35080,33247,0.05225199543899661,41280,38883,0.05806686046511633,34520,32529,0.0576767091541136,,475720,450283,0.053470528882535895,115
BT-HQ,509,80278,76700,0.04457011883704132,77370,74247,0.040364482357502895,95666,91547,0.04305604917107442,107627,102679,0.04597359398663903,133349,126102,0.054346114331566,117605,110901,0.05700437906551592,101759,96075,0.0558574671527825,93426,90500,0.03131890480166122,108160,102277,0.05439164201183433,98886,94692,0.04241247497117895,94229,90329,0.041388532192849325,90827,87014,0.04198090876061078,,1199182,1143063,0.04679773378853247,515
BT-HQ,509A,4472,4304,0.03756708407871201,4317,4150,0.03868427148482745,5676,5429,0.04351656095842138,6324,6035,0.045698924731182755,8543,8041,0.058761559171251365,6671,6364,0.04602008694348669,5927,5633,0.04960350936392777,4985,4794,0.038314944834503484,5365,5148,0.04044734389561977,4888,4697,0.039075286415711896,4916,4729,0.03803905614320591,5037,4849,0.037323803851498916,,67121,64173,0.04392068056197018,26
BT-HQ,509B,70,70,0,82,82,0,101,101,0,143,143,0,132,132,0,99,99,0,62,63,0,76,75,0.013157894736842146,64,64,0,72,72,0,5,5,0,123,121,0.016260162601625994,,1029,1027,0.0019436345966957758,1
BT-HQ,509G,0,0,,0,0,,0,0,,0,0,,0,0,,0,0,,0,0,,0,0,,0,0,,0,0,,0,0,,0,0,,,0,0,,0
BT-HQ,51,114272,114306,0,109696,109743,0,118418,118465,0,138772,138828,0,145686,145752,0,154164,154222,0,132192,132242,0,103339,103400,0,119181,163066,0,117075,117123,0,119748,119797,0,129897,129917,0,,1502440,1546861,0,1
BT-HQ,510,9474,9323,0.015938357610301934,9452,9298,0.016292848074481614,11894,11668,0.0190011770640659,12686,12445,0.018997319880182828,15420,15111,0.020038910505836616,13796,13519,0.02007828356045227,11239,11040,0.017706201619361206,10721,10540,0.01688275347448931,12203,11980,0.018274194870113947,10835,10556,0.025749884633133324,10599,10513,0.008113973016322329,10183,10020,0.016007070607875873,,138502,136013,0.01797085962657574,31
BT-HQ,510A,23156,23493,0,23506,22669,0.03560792989024075,27568,26763,0.02920052234474757,33406,33738,0,33403,32196,0.036134478939017445,32549,30688,0.057175335647792536,28730,28890,0,27533,26550,0.035702611411760454,28796,27084,0.059452701764133864,25854,24826,0.039761738995900076,24046,24011,0.0014555435415454232,24490,23958,0.02172315230706412,,333037,324866,0.02453481144737668,28
BT-HQ,511,48000,46471,0.03185416666666663,47360,45562,0.03796452702702702,56760,54379,0.04194855532064834,62400,59867,0.04059294871794872,76360,72111,0.055644316396018856,67200,64328,0.04273809523809524,58520,56363,0.036859193438140814,52080,48893,0.06119431643625195,58000,55594,0.04148275862068962,52240,50092,0.04111791730474734,49640,47729,0.03849717969379529,48280,46397,0.03900165700082847,,676840,647786,0.04292595000295496,265
BT-HQ,511A,13102,12905,0.015035872385895321,11201,11028,0.015445049549147383,11832,11639,0.01631169709263014,13956,13671,0.020421324161650878,18400,18003,0.02157608695652169,15859,15619,0.015133362759316427,13628,13254,0.027443498679189937,16742,17399,0,19348,18981,0.01896836882365105,16978,16551,0.025150194369183643,16953,16765,0.01108948268742993,16641,16357,0.017066282074394534,,184640,182172,0.013366551126516413,19
BT-HQ,512,14078,13570,0.03608467111805658,13901,13416,0.03488957628947553,15315,14732,0.03806725432582436,16878,16297,0.03442350989453724,20252,19362,0.043946276910922344,20990,20210,0.03716055264411622,18929,18368,0.029637064821173897,18471,17494,0.05289372529911751,18035,17709,0.018075963404491247,18040,17399,0.035532150776053206,18879,18266,0.032469940145134824,17440,16854,0.033600917431192645,,211208,203677,0.03565679330328397,128
BT-HQ,512A,5169,5117,0.010059972915457571,5356,5261,0.017737117251680368,6698,6672,0.003881755747984439,8900,8811,0.010000000000000009,12401,12254,0.011853882751390987,9030,8844,0.020598006644518274,7669,7660,0.0011735558742991259,8101,8015,0.010615973336625117,8996,8901,0.010560248999555322,9029,8931,0.010853915162254979,8992,8895,0.010787366548042687,8019,7933,0.010724529243047787,,98360,97294,0.010837738918259454,54
BT-HQ,512B,19595,19561,0.001735136514416924,21761,21434,0.015026882955746501,22824,22489,0.014677532422011863,25517,25139,0.014813653642669622,26590,26200,0.014667168108311368,26877,26357,0.019347397402983968,24553,24381,0.007005253940455369,25016,24708,0.0123121202430444,22904,22601,0.013229130282920054,21237,20981,0.012054433300372036,22172,20900,0.05736965542125205,20915,21955,0,,279961,276706,0.011626619421990947,40
BT-HQ,513,13500,13100,0.029629629629629672,13800,13354,0.03231884057971013,26620,14752,0.4458302028549962,0,17261,0,28914,21752,0.2477000760877084,19557,19204,0.018049803139540854,16812,16596,0.012847965738758016,16502,16191,0.01884620046055019,15882,15593,0.018196700667422294,15683,15426,0.016387170821909103,16356,16046,0.01895328931279039,14652,14369,0.019314769314769276,,198278,193644,0.02337122625808208,83
BT-HQ,513A,0,0,,0,0,,0,0,,0,0,,0,0,,0,0,,0,0,,0,0,,0,0,,479,285,0.40501043841336115,1096,1309,0,1216,1220,0,,2791,2814,0,7
BT-HQ,514,10780,10522,0.023933209647495346,11420,11174,0.021541155866900197,13020,12739,0.021582181259600652,14660,14317,0.023396998635743516,15840,19219,0,20151,15798,0.21601905612624683,14287,13964,0.022607965283124476,13936,13477,0.03293628013777272,14771,14286,0.032834608354207595,13386,12926,0.03436426116838487,13311,13001,0.02328900909022613,12677,12368,0.02437485209434409,,168239,163791,0.026438578450894257,160
BT-HQ,514A,11260,11046,0.019005328596802817,12022,11709,0.02603560139743799,13031,12738,0.022484843833934454,14566,14275,0.019978031031168464,17562,17206,0.02027103974490374,15083,14786,0.019691042895975563,13980,13682,0.0213161659513591,14002,13728,0.01956863305242107,13540,13235,0.022525849335302772,12972,12713,0.01996608078939255,13403,13129,0.02044318436171011,12746,12482,0.020712380354621085,,164167,160729,0.020942089457686386,145
BT-HQ,514B,0,0,,0,0,,177,154,0.12994350282485878,499,518,0,995,992,0.0030150753768843908,726,724,0.0027548209366391463,567,564,0.005291005291005346,569,477,0.16168717047451675,1105,1099,0.005429864253393646,1110,1128,0,1292,1214,0.06037151702786381,1151,1146,0.004344048653344923,,8191,8016,0.021364912709070927,8
BT-HQ,514C,0,0,,0,0,,1294,1811,0,2308,2283,0.010831889081455826,3200,3296,0,2312,2177,0.05839100346020765,1678,1667,0.006555423122765247,1655,1643,0.007250755287009025,1739,1722,0.009775733179988477,1601,1585,0.009993753903810076,1712,1691,0.012266355140186924,1799,1776,0.0127848804891606,,19298,19651,0,17
BT-HQ,514D,0,0,,0,0,,0,0,,0,0,,0,0,,603,447,0.2587064676616916,368,368,0,292,290,0.006849315068493178,347,345,0.0057636887608069065,272,270,0.007352941176470562,266,264,0.007518796992481258,271,268,0.011070110701106972,,2419,2252,0.06903679206283586,1
BT-HQ,514E,0,0,,0,0,,0,0,,0,0,,1220,911,0.2532786885245901,1465,1585,0,1127,1125,0.0017746228926353025,1232,1229,0.0024350649350649567,1214,1213,0.0008237232289950436,955,953,0.0020942408376963817,1135,1131,0.0035242290748899174,980,977,0.003061224489795955,,9328,9124,0.021869639794168116,3
BT-HQ,515,16560,15995,0.03411835748792269,17370,16757,0.0352907311456534,18030,17476,0.030726566833055968,19410,19087,0.01664090674909835,24540,23661,0.03581907090464542,19950,19164,0.039398496240601544,16830,16385,0.02644087938205586,16770,16234,0.03196183661299945,15990,15501,0.030581613508442795,15330,14822,0.033137638617090626,15390,14908,0.03131903833658223,15390,14920,0.03053931124106568,,211560,204910,0.03143316316884104,187
BT-HQ,516,5603,5335,0.04783151882919867,6501,6327,0.026765113059529333,7044,6765,0.03960817717206133,8071,7695,0.04658654441828769,8865,8599,0.030005640157924396,6761,6543,0.032243750924419445,7476,7182,0.0393258426966292,6602,6338,0.039987882459860624,7039,6752,0.040772837050717436,7435,7125,0.04169468728984538,7183,6899,0.039537797577613776,8207,7854,0.043012062873157064,,86787,83414,0.038865267839653383,88
BT-HQ,517,20598,20611,0,30890,30914,0,29738,29758,0,18149,18161,0,31572,31599,0,25072,25090,0,28495,28523,0,20951,20970,0,21317,21335,0,10074,10084,0,18136,18150,0,27967,27992,0,,282959,283187,0,1
BT-HQ,518,10361,10345,0.0015442524852813388,13223,13195,0.002117522498676583,11895,11880,0.0012610340479193294,8743,8726,0.0019444126729954991,9491,9474,0.0017911705826572089,11568,11545,0.0019882434301521368,12702,12678,0.0018894662257912254,4406,4398,0.0018157058556513839,12236,12214,0.0017979731938542187,2267,2263,0.0017644464049404451,12884,12861,0.0017851598882334674,13082,13059,0.0017581409570401885,,122858,122638,0.0017906851812661273,1
BT-HQ,519,27120,26571,0.020243362831858458,26280,25428,0.03242009132420087,27870,27348,0.018729817007534955,31590,31032,0.017663817663817638,37380,36786,0.015890850722311445,32910,32099,0.02464296566393198,28260,27723,0.019002123142250582,31020,30452,0.018310767246937476,29670,29205,0.01567239635995954,29730,29192,0.018096199125462453,30750,30219,0.017268292682926845,28740,28215,0.018267223382045894,,361320,354270,0.019511790102955784,279
BT-HQ,520,15732,15269,0.02943046020849227,14664,14246,0.028505182760501957,15532,15088,0.028586144733453556,18592,18086,0.02721600688468162,23587,22854,0.031076440412091455,19108,18666,0.02313167259786475,16180,15799,0.023547589616810916,16016,15660,0.02222777222777228,15442,15033,0.026486206449941707,18002,17508,0.02744139540051105,17065,16553,0.030002929973630188,17767,17203,0.03174424494850003,,207687,201965,0.027551074453384228,135
BT-HQ,521,6566,6453,0.017209869022235758,7138,7009,0.01807228915662651,6658,5931,0.1091919495343947,6774,6701,0.010776498376144028,8995,8792,0.02256809338521404,7480,7320,0.021390374331550777,6469,6314,0.023960426650177724,6550,6433,0.01786259541984736,6675,6554,0.01812734082397005,6525,6353,0.026360153256704932,6174,6054,0.0194363459669582,5710,5593,0.020490367775831908,,81714,79507,0.027008835695229716,86
BT-HQ,522,19320,18879,0.022826086956521774,19260,18847,0.021443406022845224,20940,20443,0.023734479465138514,24180,23562,0.0255583126550869,28950,28221,0.025181347150259104,25770,25440,0.012805587892898762,21840,21111,0.03337912087912087,22890,22425,0.020314547837483654,22350,22088,0.011722595078299758,24030,23513,0.02151477320016648,21090,20602,0.023138928402086312,21600,21226,0.017314814814814783,,272220,266357,0.021537726838586457,222
BT-HQ,523,14684,14148,0.03650231544538274,14664,14123,0.03689307146753951,15720,14877,0.05362595419847327,18019,17374,0.03579554914257177,20555,19839,0.03483337387496954,18099,17464,0.03508481131554231,16576,16058,0.03125,18408,17660,0.040634506736201614,18198,17506,0.03802615672051879,19037,18256,0.04102537164469189,17911,17174,0.04114789793981355,17480,16749,0.041819221967963394,,209351,201228,0.03880086553204909,150
BT-HQ,524,4241,4222,0.004480075453902388,4492,4468,0.005342831700801409,4630,4610,0.004319654427645814,5540,5513,0.00487364620938624,7157,7088,0.009640910996227436,5502,5466,0.0065430752453653485,4862,4909,0,5018,5045,0,5068,5053,0.0029597474348855846,5201,5157,0.008459911555470101,5015,4981,0.006779661016949157,4638,4583,0.011858559724018947,,61364,61095,0.004383677726354174,76
BT-HQ,525,7520,7658,0,7358,7596,0,7924,8017,0,9278,9268,0.001077818495365368,11344,11235,0.009608603667136784,9053,9002,0.005633491660223089,8866,8851,0.0016918565305662492,8934,9022,0,8866,8903,0,8707,8786,0,8239,8332,0,8103,8139,0,,104192,104809,0,57
BT-HQ,525A,10349,10141,0.020098560247366892,10955,10727,0.020812414422638037,11346,11145,0.017715494447382296,13305,13050,0.01916572717023679,16965,16639,0.019216033009136435,12931,12684,0.019101384270358013,11621,11391,0.019791756303244146,11150,10924,0.02026905829596415,12428,12183,0.019713550048278128,11990,11731,0.021601334445371156,10855,10627,0.021004145555043707,10388,10176,0.020408163265306145,,144283,141418,0.019856809187499547,95
BT-HQ,525B,0,0,,0,0,,131,130,0.007633587786259555,231,165,0.2857142857142857,198,189,0.045454545454545414,862,876,0,856,884,0,492,484,0.016260162601625994,525,541,0,468,451,0.03632478632478631,402,405,0,1792,726,0.5948660714285714,,5957,4851,0.18566392479435956,2
BT-HQ,525C,0,0,,0,0,,0,0,,0,0,,0,0,,0,0,,87,98,0,0,234,0,0,180,0,117,120,0,101,100,0.00990099009900991,99,98,0.010101010101010055,,404,830,0,1
BT-HQ,526,7830,7727,0.013154533844188965,9192,9069,0.013381201044386448,11402,9602,0.1578670408700228,10160,11693,0,15285,15082,0.013280994438992444,10605,10444,0.015181518151815232,9720,9569,0.015534979423868278,10452,10258,0.018561040949100605,10108,9930,0.017609814008705982,9503,9347,0.01641586867305067,9378,9126,0.026871401151631447,9650,9578,0.007461139896373092,,123285,121425,0.015086993551526984,126
BT-HQ,527,9428,9124,0.032244378447178645,11515,11204,0.02700825010855401,12171,11864,0.0252238928600772,13022,12649,0.028643833512517314,17202,16890,0.018137425880711544,11118,10804,0.028242489656413072,10133,9857,0.027237738083489615,9721,9457,0.02715769982512084,10764,10450,0.029171311780007425,9558,9296,0.027411592383343786,8791,8546,0.027869411898532537,9918,9634,0.0286348054043154,,133341,129775,0.026743462250920613,155
BT-HQ,527A,9544,9202,0.0358340318524728,10863,10582,0.025867624044923154,11527,11152,0.03253231543333046,12684,12227,0.036029643645537734,16372,15818,0.03383826044466165,11713,11250,0.039528728762913024,10650,10710,0,8674,8416,0.029744062716163255,9097,8817,0.030779377816862685,9103,8846,0.028232450840382284,8356,8109,0.029559597893729084,9624,9304,0.03325020781379884,,128207,124433,0.029436770223154718,122
BT-HQ,528,6063,5693,0.06102589477156528,8325,7923,0.04828828828828824,8185,7823,0.04422724496029318,8741,8358,0.04381649696831025,12122,11654,0.03860749051311663,7168,6771,0.055385044642857095,7170,6913,0.03584379358437939,5511,5214,0.053892215568862256,5885,5597,0.04893797790994048,5769,5404,0.06326919743456405,5369,4875,0.09200968523002417,5812,5448,0.06262904335856845,,86120,81673,0.051637250348351094,123
BT-HQ,529,11044,10803,0.021821803694313635,11139,10851,0.025855103689738757,11334,11140,0.01711664019763548,13313,13025,0.021632990310223144,14999,14682,0.02113474231615442,13201,12918,0.021437769865919276,11998,11739,0.0215869311551925,12676,12403,0.02153676238561064,13004,12719,0.021916333435865853,13329,13024,0.02288243679195734,12896,12620,0.02140198511166258,12406,12116,0.023375785910043523,,151339,148040,0.021798743218866212,101
BT-HQ,530,9029,8743,0.03167571159596849,8971,8856,0.01281908371419016,9703,9498,0.021127486344429514,11519,11327,0.016668113551523533,14161,13953,0.014688228232469513,11039,10858,0.016396412718543307,10411,10242,0.016232830659879016,10299,10119,0.01747742499271776,11115,10911,0.01835357624831313,11401,11210,0.0167529164108412,10858,10676,0.016761834592005864,10283,10104,0.0174073713896723,,128789,126497,0.017796550947674072,114
BT-HQ,531,18660,17943,0.03842443729903533,21180,20436,0.03512747875354105,24480,23644,0.03415032679738561,29820,28754,0.03574782025486256,28710,27585,0.039184952978056464,27780,26434,0.04845212383009356,21660,20724,0.04321329639889193,24060,22865,0.04966749792186198,23430,22316,0.047545881348698305,21780,20714,0.048943985307621674,23130,22040,0.04712494595763084,19920,19104,0.04096385542168679,,284610,272559,0.04234215241909978,180
BT-HQ,531A,0,0,,0,0,,0,0,,0,0,,0,0,,0,0,,0,0,,0,0,,0,0,,0,0,,0,0,,0,0,,,0,0,,0
BT-HQ,532,14160,13571,0.04159604519774007,14490,13900,0.04071773636991027,13260,12773,0.036726998491704355,16440,15790,0.03953771289537711,18060,17498,0.031118493909191636,12420,11918,0.04041867954911438,12210,11698,0.04193284193284197,10860,10560,0.027624309392265234,11100,10479,0.05594594594594593,10620,10234,0.036346516007532914,10470,10066,0.038586437440305654,9780,9479,0.030777096114519398,,153870,147966,0.03837005264184057,79
BT-HQ,532A,3951,3902,0.012401923563654771,4132,4077,0.013310745401742485,4592,4534,0.012630662020905903,5424,5355,0.012721238938053103,6745,6410,0.04966641957005191,5838,5768,0.011990407673860948,5060,5001,0.011660079051383443,4852,4795,0.011747732893652052,4985,4923,0.012437311935807438,4739,4684,0.011605824013504962,4441,4386,0.01238459806349923,4318,4265,0.012274201018990238,,59077,58100,0.016537738883152464,43
BT-HQ,532B,1390,1376,0.010071942446043147,1404,1391,0.0092592592592593,1548,1532,0.01033591731266148,1815,1796,0.010468319559228667,2025,2005,0.00987654320987652,1441,1427,0.009715475364330373,1459,1445,0.00959561343385884,1708,1690,0.010538641686182681,1675,1658,0.010149253731343233,1796,1778,0.010022271714922093,1575,1560,0.00952380952380949,1517,1500,0.011206328279498967,,19353,19158,0.01007595721593546,2
BT-HQ,533,12240,11677,0.04599673202614374,12653,12086,0.04481150715245397,13486,12833,0.04842058430965446,15863,14549,0.08283426842337516,19460,18728,0.037615621788283704,15334,14564,0.050215208034433245,13938,13218,0.05165733964700814,13974,13305,0.047874624302275626,14868,14083,0.05279795534032827,14917,14114,0.053831199302808885,13630,12967,0.04864269992663239,13533,12903,0.04655287076036352,,173896,165027,0.05100174817132075,192
BT-HQ,534,10802,11428,0,10601,10083,0.04886331478162442,11383,11050,0.02925415092682071,15289,15429,0,16234,15522,0.04385856843661451,12316,12157,0.012910035725885005,11386,11463,0,12323,11527,0.06459466039113848,14619,14517,0.006977221424174007,12328,12051,0.022469175859831325,12953,12785,0.012969968347101068,12200,12014,0.01524590163934425,,152434,150026,0.015797000669142025,20
BT-HQ,534A,8489,8215,0.032277064436329383,9638,9161,0.049491595766756546,10525,10114,0.039049881235154404,14386,10785,0.2503128041151119,17977,20101,0,11487,10957,0.046139113780795715,11320,10950,0.032685512367491176,9381,9121,0.02771559535230783,10393,10071,0.030982391994611724,11499,11050,0.0390468736411862,10547,10204,0.03252109604626907,12590,12088,0.039872915011914256,,138232,132817,0.039173273916314644,34
BT-HQ,534B,4560,4625,0,4020,4079,0,3960,3996,0,4620,4564,0.012121212121212088,3480,3547,0,4500,4587,0,4740,4790,0,3600,3705,0,3480,3482,0,3240,3330,0,3300,3351,0,4320,3351,0.22430555555555554,,47820,47407,0.008636553743203712,1
BT-HQ,535,8459,8159,0.03546518501004847,10265,10160,0.010228933268387697,12254,11711,0.044312061367716704,14722,13976,0.05067246298057326,13917,13144,0.05554357979449598,13822,13888,0,10837,10496,0.03146627295376947,10948,10619,0.030051150895140655,11044,10736,0.027888446215139417,9649,9357,0.030262203337133364,9722,9477,0.025200576013166054,9348,9134,0.02289259734702609,,134987,130857,0.030595538829665037,117
BT-HQ,536,0,0,,0,0,,0,0,,0,0,,0,0,,0,0,,0,0,,0,0,,0,0,,0,0,,0,0,,0,0,,,0,0,,0
BT-HQ,537,2154,2115,0.01810584958217265,2559,2510,0.019148104728409554,2781,2731,0.017979144192736385,3348,3289,0.017622461170848314,3367,3306,0.018117018117018158,3216,3156,0.018656716417910446,2561,2520,0.016009371339320566,2374,2335,0.016427969671440557,2223,2187,0.01619433198380571,2228,2194,0.015260323159784539,2177,2145,0.014699127239320209,2336,2299,0.015839041095890405,,31324,30787,0.017143404418337393,1
BT-HQ,537A,0,1164,0,0,1308,0,0,1424,0,0,1548,0,0,1478,0,0,1373,0,0,1190,0,0,1216,0,0,1297,0,0,1186,0,0,1292,0,0,1169,0,,0,15645,0,1
BT-HQ,538,0,20635,0,0,20663,0,0,21234,0,15185,27672,0,24132,24143,0,23110,23125,0,20352,20360,0,21395,21406,0,22249,22254,0,27438,27431,0.0002551206356148361,22913,22919,0,20012,20004,0.00039976014391363,,196786,271846,0,1
BT-HQ,539,0,11200,0,0,12400,0,0,13700,0,0,17820,0,0,14508,0,0,13881,0,0,11574,0,0,12528,0,0,12358,0,0,12798,0,0,12690,0,0,10238,0,,0,155695,0,1
BT-HQ,540,4195,4290,0,4164,3920,0.05859750240153694,4781,4687,0.01966115875339891,6009,5976,0.005491762356465313,6946,6660,0.041174776849985606,5189,5099,0.01734438234727309,4420,4390,0.006787330316742057,4449,4177,0.061137334232411744,5097,4987,0.02158132234647836,4733,4578,0.03274878512571311,4368,3947,0.09638278388278387,4659,4879,0,,59010,57590,0.02406371801389595,23
BT-HQ,540A,1502,1486,0.010652463382157085,1542,1505,0.02399481193255515,1764,1738,0.01473922902494329,1878,1852,0.013844515441959526,2207,2169,0.017217942908926198,1842,1812,0.016286644951140072,1746,1714,0.018327605956471982,1827,1794,0.01806239737274218,1948,1907,0.02104722792607805,1990,1948,0.021105527638190957,2227,2196,0.013920071845532123,1994,1945,0.024573721163490436,,22467,22066,0.01784839987537279,26
BT-HQ,540B,446,439,0.015695067264574036,478,472,0.012552301255230103,488,479,0.018442622950819665,529,522,0.013232514177693777,673,668,0.007429420505200568,540,536,0.007407407407407418,423,466,0,520,486,0.06538461538461537,555,543,0.021621621621621623,557,548,0.016157989228007152,674,666,0.011869436201780381,673,663,0.014858841010401136,,6556,6488,0.010372178157413092,8
BT-HQ,541,85697,85697,0,94579,94579,0,102791,102789,1.945695634830713e-05,110442,110439,2.7163579073175015e-05,96699,96703,0,97482,97480,2.051660819435419e-05,88719,88720,0,93509,93507,2.1388315563197757e-05,97141,97141,0,94522,94520,2.11590952370333e-05,91783,91780,3.268579148640871e-05,82493,82491,2.4244481349966485e-05,,1135857,1135846,9.684317656133423e-06,1
BT-HQ,542,0,11320,0,0,12440,0,0,13740,0,18102,18280,0,15676,15840,0,14951,15100,0,13403,13449,0,13783,13702,0.005876804759486376,13783,13707,0.005514039033592155,13296,13226,0.005264741275571638,14216,14143,0.005135059088351102,11729,11665,0.005456560661607934,,128939,166612,0,1
BT-HQ,543,25656,25550,0.004131587153102578,25798,25727,0.002752151329560415,28476,28377,0.003476611883691527,22263,22076,0.00839958675829855,29891,29912,0,29179,29083,0.0032900373556324913,25977,25885,0.0035415944874311878,24437,24350,0.0035601751442484453,26739,26643,0.003590261415909346,12644,12599,0.0035590003163555872,22604,22522,0.003627676517430567,19545,19467,0.0039907904834995955,,293209,292191,0.003471926168705619,1
BT-HQ,544,0,0,,0,0,,0,0,,0,0,,0,0,,0,0,,0,0,,0,0,,0,0,,0,0,,0,0,,0,0,,,0,0,,1
BT-HQ,545,6152,6113,0.006339401820546153,6544,6502,0.006418092909535433,7369,7321,0.006513773917763643,9272,9212,0.006471095772217383,7968,7914,0.006777108433734913,7626,7571,0.007212168895882498,6617,6570,0.007102916729635811,7362,7314,0.006519967400163029,7164,7117,0.006560580681183703,6942,6896,0.006626332469029106,7134,7090,0.006167647883375427,5890,5842,0.008149405772495788,,86040,85462,0.006717805671780597,1
BT-HQ,545A,0,15612,0,0,16855,0,0,19610,0,0,24506,0,0,21398,0,0,20555,0,0,17893,0,0,19108,0,0,18870,0,0,18843,0,0,18650,0,0,15661,0,,0,227561,0,1
BT-HQ,545B,0,5517,0,0,5610,0,0,6489,0,0,8530,0,0,7183,0,0,7097,0,0,5516,0,0,6136,0,0,5675,0,0,5509,0,0,5957,0,0,5181,0,,0,74400,0,1
BT-HQ,546,23985,23965,0.0008338544923910396,26073,26051,0.0008437847581789226,30028,30004,0.0007992540295723716,37377,37344,0.0008828958985472868,33635,33606,0.0008621971160992503,31689,31663,0.0008204739815077522,26485,26461,0.0009061733056446863,28409,28385,0.000844802703368619,28823,28797,0.0009020573847274838,29574,29548,0.0008791506052613363,28800,28774,0.0009027777777778079,24763,24729,0.001373016193514487,,349641,349327,0.0008980640142317586,1
BT-HQ,547,280482,280443,0.00013904635591588388,298230,298165,0.00021795258692958175,322370,322296,0.00022954989608214849,372498,372399,0.0002657732390509704,304163,304072,0.0002991816887655263,322064,321977,0.00027013264444331053,280814,280760,0.00019229810479537424,299403,299342,0.00020373877349255665,333763,333710,0.00015879531284179738,305377,305333,0.0001440841975656193,300323,300285,0.00012653043556432042,288584,288554,0.00010395586726918982,,3708071,3707336,0.00019821626932170489,1
BT-HQ,548,0,2627,0,0,2837,0,0,2781,0,0,2986,0,0,3153,0,0,2750,0,0,2484,0,0,2664,0,0,2601,0,0,2537,0,0,2539,0,0,2366,0,,0,32325,0,1
BT-HQ,549,54131,52406,0.03186713713029499,55465,53638,0.03293969169746691,68057,65724,0.034280088749136794,82755,79630,0.037762068757174805,77348,74214,0.040518177587009374,74230,71500,0.03677758318739055,57854,56063,0.030957237183254382,61259,59295,0.032060595177851425,65540,63408,0.03252975282270365,58536,56598,0.033107831078310834,61129,59176,0.03194882952444833,54078,52257,0.03367358260290687,,770382,743909,0.03436347162836095,304
BT-HQ,549A,11531,12364,0,12346,13128,0,15878,16813,0,9209,10074,0,17012,17913,0,18192,19119,0,13051,13918,0,11741,12612,0,15124,16003,0,10668,11500,0,13164,14020,0,11911,12735,0,,159827,170199,0,1
BT-HQ,550,30255,29570,0.022640885803999367,35590,34598,0.02787299803315535,39910,38643,0.03174642946629913,48584,46914,0.03437345628190347,50346,48487,0.036924482580542595,42847,41560,0.030037108782411837,33962,33072,0.026205759378128524,39001,37940,0.027204430655624168,37765,36801,0.025526280947967717,32893,32101,0.024078071322165773,36413,35527,0.024331969351605198,31045,30549,0.015976807859558684,,458611,445762,0.028017208483878453,153
BT-HQ,551,0,0,,0,0,,0,0,,0,0,,0,0,,0,0,,0,0,,0,0,,0,0,,0,0,,0,0,,0,0,,,0,0,,0
BT-HQ,551A,0,949,0,0,1301,0,0,1528,0,0,1645,0,0,1247,0,0,1238,0,0,1048,0,0,1222,0,0,1149,0,0,1113,0,0,1072,0,0,919,0,,0,14431,0,1
BT-HQ,552,0,16273,0,0,17955,0,0,19249,0,0,23736,0,0,21305,0,0,19886,0,0,17785,0,0,18910,0,0,18852,0,0,18477,0,0,18328,0,0,16066,0,,0,226822,0,1
BT-HQ,552A,0,4046,0,0,4465,0,0,4971,0,0,6328,0,0,5554,0,0,5412,0,0,4751,0,0,4867,0,0,4959,0,0,5003,0,0,5323,0,0,4207,0,,0,59886,0,1
BT-HQ,553,0,7343,0,0,7856,0,0,8178,0,0,7846,0,0,6408,0,0,5700,0,0,5466,0,0,5224,0,0,5172,0,0,5297,0,0,5877,0,0,6414,0,,0,76781,0,1
BT-HQ,553A,0,3036,0,0,3461,0,0,3877,0,0,3779,0,0,2581,0,0,2175,0,0,2007,0,0,1850,0,0,1732,0,0,2012,0,0,2219,0,0,2402,0,,0,31131,0,1
BT-HQ,554,1388,1379,0.006484149855907728,1554,1544,0.006435006435006385,1525,1514,0.00721311475409836,1721,1710,0.00639163277164434,1551,1541,0.006447453255963853,1555,1545,0.006430868167202619,1395,1385,0.007168458781361964,1425,1415,0.007017543859649145,1433,1425,0.005582693649685999,1448,1438,0.006906077348066253,1427,1416,0.007708479327259932,1254,1247,0.005582137161084577,,17676,17559,0.00661914460285129,1
BT-HQ,555,0,0,,0,0,,0,0,,0,0,,0,0,,0,0,,0,0,,0,0,,0,0,,0,0,,0,0,,0,0,,,0,0,,0
BT-HQ,556,0,3887,0,0,3892,0,0,4161,0,0,4917,0,0,4495,0,0,4320,0,0,3615,0,0,3897,0,0,4004,0,0,3718,0,0,3646,0,0,3132,0,,0,47684,0,1
BT-HQ,556A,0,6133,0,0,6702,0,0,7553,0,0,8377,0,0,7949,0,0,8023,0,0,7297,0,0,10676,0,0,8736,0,0,7812,0,0,9141,0,0,8446,0,,0,96845,0,1
BT-HQ,557,24660,24770,0,26880,26964,0,29910,30016,0,35520,35645,0,28170,28233,0,23010,23106,0,21180,21261,0,21480,21575,0,21900,22024,0,22200,22279,0,21810,21888,0,18960,19066,0,,295680,296827,0,1
BT-HQ,557A,0,0,,0,0,,0,0,,0,0,,0,2085,0,0,4566,0,0,3725,0,0,4015,0,0,4163,0,0,3790,0,0,3900,0,0,6657,0,,0,32901,0,1
BT-HQ,557B,14906,14897,0.0006037837112572442,16889,16879,0.0005921013677541165,19089,19078,0.0005762481010005427,21911,21896,0.0006845876500387593,19555,19541,0.0007159294298133556,18178,18164,0.0007701617339641587,15707,15695,0.0007639905774495803,17328,17315,0.0007502308402584923,17459,17447,0.0006873245890371971,17195,17181,0.0008141901715614797,16868,16856,0.0007114062129476295,15055,15044,0.0007306542676851491,,210140,209993,0.000699533644237138,1
BT-HQ,557C,0,0,,0,0,,0,0,,0,0,,0,808,0,0,1671,0,0,1534,0,0,1635,0,0,1633,0,0,1607,0,0,1645,0,0,1554,0,,0,12087,0,1
BT-HQ,558,3400,3370,0.008823529411764675,3659,3626,0.009018857611369224,4369,4329,0.00915541313801782,4801,4757,0.009164757342220331,4622,4579,0.009303331890956335,4383,4342,0.00935432352270138,3876,3841,0.009029927760577872,4322,4282,0.00925497454881996,3910,3873,0.00946291560102297,3580,3546,0.009497206703910632,3687,3653,0.009221589368049954,3411,3379,0.009381413075344458,,48020,47577,0.009225322782174139,1
BT-HQ,559,2531,2510,0.008297115764519969,2947,2924,0.0078045469969459935,3450,3423,0.00782608695652176,3345,3320,0.007473841554558991,3474,3447,0.007772020725388629,3288,3263,0.007603406326034068,2947,2924,0.0078045469969459935,2984,2960,0.008042895442359255,3119,3094,0.008015389547932017,2967,2944,0.007751937984496138,3041,3017,0.007892140743176568,3198,3173,0.007817385866166315,,37291,36999,0.007830307580917628,1
BT-HQ,560,4701,4669,0.006807062327164437,5488,5448,0.007288629737609353,6227,6182,0.007226593865424791,6478,6432,0.007100957085520276,5687,5647,0.007033585370142426,5429,5390,0.007183643396573958,4739,4707,0.006752479426039293,4400,4368,0.0072727272727273196,4921,4886,0.007112375533428139,4838,4804,0.007027697395618038,4548,4514,0.007475813544415177,5060,5027,0.006521739130434745,,62516,62074,0.007070190031352008,1
BT-HQ,561,0,4222,0,0,4450,0,0,5263,0,0,5861,0,0,5554,0,0,5568,0,0,5040,0,0,5017,0,0,4896,0,0,4775,0,0,4827,0,0,4134,0,,0,59607,0,1
BT-HQ,562,0,0,,0,0,,0,0,,0,0,,0,0,,0,0,,0,0,,0,0,,0,0,,0,0,,0,0,,0,0,,,0,0,,0
BT-HQ,563,0,6241,0,0,7431,0,0,7864,0,0,8632,0,0,8493,0,0,8756,0,0,7764,0,0,7854,0,0,7503,0,0,7615,0,0,7139,0,0,6282,0,,0,91574,0,1
BT-HQ,564,6202,6149,0.008545630441793017,6232,6177,0.008825417201540398,6613,6552,0.009224255254801195,7076,7007,0.009751271905031111,7218,7140,0.010806317539484578,7673,7591,0.010686823928059419,5780,5723,0.009861591695501715,6285,6222,0.010023866348448651,6735,6668,0.00994803266518185,5797,5739,0.010005175090564089,7006,6933,0.01041964030830711,5697,5640,0.010005265929436513,,78314,77541,0.009870521235028185,1
BT-HQ,564A,0,2649,0,0,2826,0,0,3102,0,0,4225,0,0,3553,0,0,3924,0,0,3202,0,0,3637,0,0,3575,0,0,3084,0,0,3659,0,0,2879,0,,0,40315,0,1
BT-HQ,565,4301,4269,0.0074401302022785165,5655,5614,0.007250221043324512,5043,5004,0.007733491969066031,5537,5495,0.007585335018963302,4849,4814,0.007217983089296776,5149,5112,0.007185861332297483,3378,3350,0.0082889283599763,3498,3469,0.00829045168667808,3503,3475,0.007993148729660282,3253,3224,0.008914847832769746,3601,3571,0.008331019161344044,4494,4457,0.008233199821984893,,52261,51854,0.007787834140181027,1
BT-HQ,565A,0,3870,0,0,4380,0,0,5130,0,0,4560,0,0,3600,0,0,4770,0,0,3600,0,0,3930,0,0,4080,0,0,3840,0,0,4650,0,0,4830,0,,0,51240,0,1
BT-HQ,566,2720,2773,0,3080,3155,0,3040,3119,0,3160,3251,0,2860,2935,0,2320,2412,0,1860,1964,0,2060,2130,0,1940,2043,0,1860,1950,0,2020,2099,0,1680,1781,0,,28600,29612,0,1
BT-HQ,566A,6215,6217,0,6862,6864,0,7340,7341,0,6515,6518,0,6276,6277,0,6183,6185,0,5722,5724,0,5951,5951,0,5600,5604,0,5423,5425,0,5427,5429,0,4945,4951,0,,72459,72486,0,1
BT-HQ,567,0,0,,0,0,,0,0,,0,0,,0,0,,0,0,,0,0,,0,0,,0,0,,0,0,,0,0,,0,0,,,0,0,,0
BT-HQ,568,7964,7943,0.002636865896534446,8755,8730,0.002855511136493405,9662,9635,0.002794452494307542,10222,10195,0.002641361768734085,9174,9151,0.0025070852408981548,9010,8986,0.002663706992230841,7882,7862,0.002537427048972307,8588,8565,0.002678155565905893,8513,8489,0.0028192176670973623,8491,8468,0.002708750441644092,8035,8015,0.002489110143123807,7452,7432,0.0026838432635534204,,103748,103471,0.0026699309866213827,1
BT-HQ,569,8316,8315,0.00012025012025007609,8384,8381,0.0003578244274808906,9599,9597,0.00020835503698302116,11806,11806,0,9721,9718,0.0003086102252854994,10417,10414,0.000287990784294867,8814,8812,0.00022691173133648768,9538,9536,0.00020968756552741663,12971,12978,0,9637,9637,0,14599,14607,0,10026,10025,9.974067424700639e-05,,123828,123826,1.615143586264356e-05,1
BT-HQ,570,7135,7187,0,8069,8104,0,8656,8661,0,10174,10165,0.0008846078238647914,8870,8902,0,8469,8482,0,7527,7555,0,7693,7729,0,7830,7842,0,7798,7810,0,7544,7573,0,6456,6511,0,,96221,96521,0,1
BT-HQ,571,25480,25466,0.0005494505494505475,28520,28503,0.0005960729312762814,29720,29673,0.0015814266487214068,33120,33093,0.0008152173913043015,32120,32156,0,31760,31832,0,28360,28416,0,30080,30188,0,28760,28806,0,26880,26915,0,28920,28856,0.0022130013831258566,25320,25292,0.0011058451816745585,,349040,349196,0,1
BT-HQ,572,16597,16610,0,17449,17467,0,17525,17556,0,15925,15957,0,13879,13906,0,12942,12968,0,11557,11575,0,10421,10439,0,11005,11024,0,10942,10960,0,11289,11305,0,12942,12957,0,,162473,162724,0,1
BT-HQ,573,0,0,,0,0,,0,0,,0,0,,0,0,,0,0,,0,0,,0,0,,0,0,,0,0,,0,0,,0,0,,,0,0,,0
BT-HQ,573A,0,1002,0,0,3484,0,0,1067,0,0,857,0,0,1184,0,0,738,0,0,474,0,0,521,0,0,646,0,0,681,0,0,619,0,0,579,0,,0,11852,0,1
BT-HQ,573B,0,1080,0,0,1560,0,0,1300,0,0,1074,0,0,848,0,0,890,0,0,839,0,0,882,0,0,0,,0,0,,749,2571,0,713,715,0,,1462,11759,0,1
BT-HQ,573C,0,1485,0,0,1597,0,0,1664,0,0,1980,0,0,1864,0,0,1785,0,0,1729,0,0,1687,0,0,1761,0,0,1753,0,0,1690,0,0,1624,0,,0,20619,0,1
BT-HQ,573D,0,4218,0,0,4777,0,0,5414,0,0,5536,0,0,3925,0,0,4429,0,0,4051,0,0,2682,0,0,3605,0,0,3555,0,0,3712,0,0,4107,0,,0,50011,0,1
BT-HQ,573E,0,1393,0,0,1685,0,0,1800,0,0,1966,0,0,1740,0,0,1932,0,0,1822,0,0,1853,0,0,1896,0,0,1558,0,0,2101,0,0,1603,0,,0,21349,0,1
BT-HQ,574,17150,17170,0,18550,18545,0.00026954177897575704,20300,20334,0,22000,22036,0,20700,20706,0,19250,19271,0,16650,16663,0,18700,18695,0.0002673796791443639,18450,18481,0,18050,18101,0,18150,18126,0.0013223140495868257,16450,16493,0,,224400,224621,0,1
BT-HQ,575,8540,8389,0.0176814988290398,10580,10344,0.022306238185255234,12160,11816,0.02828947368421053,12760,12403,0.02797805642633233,11140,10837,0.027199281867145375,10340,10057,0.027369439071566748,8440,8290,0.017772511848341277,8635,8485,0.0173711638679791,8454,8459,0,8221,8224,0,8771,8775,0,8357,8359,0,,116398,114438,0.016838777298578966,1
BT-HQ,576,3040,3052,0,3422,3435,0,3983,3992,0,4938,4940,0,4477,4483,0,4318,4332,0,3358,3373,0,3389,3404,0,3423,3441,0,3284,3304,0,3609,3628,0,3457,3461,0,,44698,44845,0,1
BT-HQ,576A,1165,1157,0.006866952789699621,1273,1267,0.004713275726630051,1351,1342,0.006661732050333047,1352,1344,0.00591715976331364,1154,1146,0.006932409012131768,1199,1192,0.005838198498749003,988,982,0.006072874493927127,1054,1049,0.004743833017077814,1068,1069,0,1058,1059,0,1015,1017,0,924,924,0,,13601,13548,0.0038967722961547047,1
BT-HQ,576B,0,0,,0,0,,0,0,,0,3,0,0,3,0,0,12,0,0,2,0,0,49,0,0,47,0,0,20,0,0,0,,0,69,0,,0,205,0,1
BT-HQ,576C,0,2454,0,0,2291,0,0,3850,0,0,3427,0,0,6163,0,0,74665,0,0,-61763,,352,1946,0,3037,3033,0.0013170892327954986,2453,2451,0.0008153281695882919,1728,1727,0.0005787037037037202,200,200,0,,7770,40444,0,1
BT-HQ,577,8782,9008,0,9978,10214,0,10431,10685,0,11991,12257,0,10363,10598,0,10314,10542,0,8418,8611,0,8931,9156,0,8852,9068,0,8619,8809,0,8342,8521,0,8149,8192,0,,113170,115661,0,1
BT-HQ,578,8203,8347,0,9340,9460,0,8670,8810,0,10005,10155,0,8813,8949,0,9201,9367,0,7652,7793,0,7349,7499,0,6269,6392,0,6258,6365,0,6145,6230,0,6785,6812,0,,94690,96179,0,1
BT-HQ,578A,1582,1582,0,2130,2128,0.0009389671361502705,2250,2250,0,2628,2625,0.0011415525114155667,2215,2214,0.0004514672686229959,2072,2071,0.0004826254826254539,2034,2036,0,2448,2443,0.0020424836601307117,2243,2243,0,1778,1777,0.0005624296962879471,2177,2176,0.00045934772622879816,2540,2539,0.0003937007874015297,,26097,26084,0.0004981415488369834,1
BT-HQ,578B,0,0,,0,0,,0,0,,0,1366,0,0,0,,0,0,,0,1132,0,0,1422,0,0,14663,0,0,11628,0,0,9929,0,0,8076,0,,0,48216,0,1
BT-HQ,578C,0,0,,0,0,,0,0,,0,0,,0,0,,0,0,,0,0,,0,0,,0,0,,0,0,,0,0,,0,0,,,0,0,,1
BT-HQ,579,2628,2663,0,2727,2771,0,2734,2777,0,3084,3140,0,2836,2885,0,2585,2619,0,1954,1980,0,1913,1940,0,1775,1797,0,2003,2029,0,2059,2085,0,1792,1817,0,,28090,28503,0,1
BT-HQ,58,882760,882890,0,832700,832830,0,872130,872190,0,186180,186290,0,19740,19760,0,19980,19960,0.0010010010010009784,12520,12520,0,13020,13030,0,15130,15140,0,16610,16610,0,22780,22790,0,38920,38920,0,,2932470,2932930,0,1
BT-HQ,580,3762,3868,0,3942,4059,0,4535,4660,0,4892,5028,0,4263,4386,0,4267,4396,0,3667,3781,0,3978,4095,0,4065,4184,0,4076,4197,0,3902,4017,0,3651,3680,0,,49000,50351,0,1
BT-HQ,580A,712,716,0,779,786,0,741,747,0,646,651,0,628,632,0,591,594,0,597,597,0,638,633,0.00783699059561127,602,604,0,624,625,0,631,632,0,680,681,0,,7869,7898,0,1
BT-HQ,580B,617,619,0,548,548,0,530,530,0,650,651,0,555,557,0,567,566,0.0017636684303351524,487,491,0,601,600,0.0016638935108153063,586,588,0,629,631,0,598,600,0,630,633,0,,6998,7014,0,1
BT-HQ,581,2131,2118,0.006100422336930977,2760,2746,0.005072463768115987,3238,3222,0.004941321803582421,3691,3672,0.005147656461663486,3583,3568,0.004186435947529987,3507,3490,0.004847447961220386,3081,3066,0.004868549172346692,3310,3294,0.004833836858006091,3645,3626,0.005212620027434833,3616,3599,0.004701327433628277,3334,3318,0.0047990401919616454,2769,2756,0.0046948356807511304,,38665,38475,0.004914004914004955,1
BT-HQ,582,9260,9388,0,9880,10012,0,10720,10854,0,11540,11686,0,10880,11029,0,9760,9882,0,9260,9378,0,9020,9137,0,9320,9454,0,8740,8866,0,8920,9044,0,8560,8667,0,,115860,117397,0,1
BT-HQ,582A,0,518,0,0,637,0,0,709,0,0,823,0,0,594,0,0,221,0,0,147,0,0,198,0,0,267,0,0,283,0,0,253,0,0,248,0,,0,4898,0,1
BT-HQ,583,7541,7539,0.00026521681474600545,8136,8134,0.0002458210422812135,8421,8418,0.00035625222657642563,9734,9731,0.00030819806862547594,9065,9060,0.0005515719801434393,9087,9082,0.0005502366017386962,8418,8412,0.0007127583749109156,8583,8577,0.0006990562740301076,8541,8536,0.0005854115443156838,8026,8021,0.0006229753301769669,7813,7806,0.0008959426596697462,6631,6621,0.0015080681646810756,,99996,99937,0.0005900236009440674,1
BT-HQ,583A,216058,216000,0.0002684464356793592,215930,215866,0.0002963923493725096,224367,224296,0.0003164458231379452,263364,263274,0.00034173235521939294,217607,217544,0.0002895127454539681,210835,210782,0.0002513814120046476,180213,180167,0.0002552535055739824,192232,192178,0.00028091056639889533,190835,190787,0.0002515261875442043,180314,180262,0.0002883858158545527,189864,189812,0.0002738802511270677,163072,163046,0.00015943877551016783,,2444691,2444014,0.0002769266136293247,1
BT-HQ,584,0,0,,0,0,,0,0,,0,0,,0,0,,0,0,,0,0,,0,0,,0,0,,0,0,,0,0,,0,0,,,0,0,,0
BT-HQ,584A,111081,111072,8.102195695036674e-05,136300,136293,5.135730007332917e-05,130547,161093,0,0,284150,0,0,347730,0,0,223170,0,0,118065,0,0,161275,0,0,98820,0,0,106310,0,0,265490,0,0,146650,0,,377928,2160118,0,1
BT-HQ,585,0,0,,0,0,,0,0,,0,0,,0,0,,0,0,,0,0,,0,0,,0,0,,0,0,,0,0,,0,0,,,0,0,,0
BT-HQ,586,0,0,,0,0,,0,0,,0,0,,0,0,,0,0,,0,0,,0,0,,0,0,,0,0,,0,0,,0,0,,,0,0,,0
BT-HQ,587,6097,6087,0.0016401508938822529,6424,6414,0.0015566625155666314,6820,6811,0.0013196480938416633,8382,8376,0.0007158196134574579,7645,7637,0.001046435578809679,7508,7500,0.0010655301012253426,6800,6791,0.0013235294117647234,6980,6970,0.0014326647564469885,7006,6997,0.0012846131886954382,6868,6858,0.0014560279557367384,6372,6363,0.0014124293785310327,5846,5832,0.0023947998631542733,,82748,82636,0.0013535070334026456,1
BT-HQ,588,12617,12580,0.0029325513196480912,11945,11903,0.0035161155295102553,12885,12833,0.004035700426852973,13764,13702,0.0045045045045044585,12334,12182,0.012323658180638852,11054,11110,0,9641,9606,0.0036303288040659965,8507,8478,0.0034089573292582775,6909,6890,0.0027500361846866106,7822,7800,0.0028125799028381193,7854,7834,0.00254647313470846,8684,8662,0.0025333947489636355,,124016,123580,0.003515675396723039,1
BT-HQ,589,0,11497,0,0,11482,0,0,12207,0,0,11399,0,0,7844,0,0,6386,0,0,6311,0,0,6102,0,0,4377,0,0,3748,0,0,4233,0,0,4801,0,,0,90387,0,1
BT-HQ,590,0,1100,0,0,1420,0,0,1500,0,0,1600,0,0,1520,0,0,1580,0,0,1360,0,0,1100,0,0,400,0,0,360,0,0,340,0,0,340,0,,0,12620,0,1
BT-HQ,590A,0,0,,0,0,,0,0,,0,0,,0,0,,0,0,,0,0,,0,208,0,0,663,0,0,602,0,0,639,0,0,559,0,,0,2671,0,1
BT-HQ,590B,0,0,,0,0,,0,0,,0,0,,0,0,,0,0,,0,0,,0,315,0,0,868,0,0,809,0,0,807,0,0,705,0,,0,3504,0,1
BT-HQ,591,3590,3557,0.009192200557103014,4119,4078,0.009953872299101718,4508,4465,0.009538598047914792,5129,5081,0.009358549424839158,4731,4685,0.009723102938068107,4224,4181,0.010179924242424199,3448,3415,0.009570765661252922,3359,3327,0.00952664483477228,3068,3036,0.010430247718383301,3137,3107,0.009563277016257588,3229,3198,0.009600495509445639,2719,2733,0,,45261,44863,0.008793442478071678,1
BT-HQ,592,0,1159,0,0,1306,0,0,1386,0,0,1620,0,0,1765,0,0,1849,0,0,1377,0,0,1323,0,0,1280,0,0,1286,0,0,1214,0,0,1196,0,,0,16761,0,1
BT-HQ,593,3764,3766,0,8192,8197,0,7963,7967,0,7570,7575,0,7332,7337,0,7475,7480,0,6641,6644,0,8838,8843,0,7911,7915,0,8032,8036,0,12399,12407,0,7339,7343,0,,93456,93510,0,1
BT-HQ,594,105300,105230,0.0006647673314339464,69530,69490,0.0005752912411908229,134890,134800,0.0006672103195196621,197280,197150,0.0006589618815896481,285790,285600,0.0006648238216871993,327060,326870,0.0005809331621109415,371610,371410,0.000538198649121413,364280,364100,0.0004941253980454974,325760,325580,0.0005525540275048701,270510,270370,0.0005175409411851684,246340,246210,0.0005277259072826723,235900,235790,0.0004662992793557086,,2934250,2932600,0.0005623242736644274,1
BT-HQ,594A,181840,181840,0,107290,107290,0,198180,198180,0,403250,403280,0,455910,455940,0,594470,594510,0,729460,729530,0,788290,788330,0,637320,637350,0,434800,434830,0,417350,417360,0,203020,203040,0,,5151180,5151480,0,1
BT-HQ,595,30840,30036,0.026070038910505855,31400,30302,0.034968152866242,35000,33782,0.03480000000000005,40080,38515,0.03904690618762474,50960,49330,0.031985871271585586,43720,42095,0.037168344007319276,35480,34309,0.033004509582863606,36320,35211,0.03053414096916296,35600,33844,0.04932584269662921,36120,35528,0.01638981173864895,35520,34411,0.031221846846846812,33680,32606,0.0318883610451306,,444720,429969,0.0331691851052347,154
BT-HQ,596,32000,30775,0.038281250000000044,32760,31587,0.03580586080586079,37240,35835,0.03772824919441464,45480,43532,0.04283201407211956,52480,50267,0.04216844512195117,46520,44710,0.03890799656061905,42160,40475,0.03996679316888041,40640,39160,0.036417322834645716,38680,37219,0.0377714581178904,35960,34683,0.03551167964404889,35960,34491,0.04085094549499446,33280,32251,0.03091947115384619,,473160,454985,0.03841195367317607,179
BT-HQ,597,92299,88740,0.03855946434955959,105724,101449,0.04043547349703003,122924,117293,0.045808792424587574,154142,146617,0.04881862179029728,150810,142800,0.0531131887805848,140278,133859,0.04575913543107257,109552,104720,0.04410690813494966,123462,118083,0.04356806142780778,119749,114298,0.04552021311242682,108237,103641,0.04246237423431909,117850,112742,0.04334323292320752,98391,94776,0.036741165350489324,,1443418,1379018,0.04461632042831665,491
BT-HQ,598,2699,2674,0.009262689885142672,2832,2803,0.010240112994350237,3495,3461,0.009728183118741018,3939,3896,0.010916476263010955,5915,5841,0.01251056635672021,3986,3946,0.01003512293025588,3271,3240,0.009477224090492231,3705,3673,0.008636977058029682,3786,3754,0.008452192287374483,3522,3491,0.008801817149346913,3577,3545,0.008946044171093126,3553,3522,0.008725021108922038,,44280,43846,0.009801264679313415,19
BT-HQ,599,14220,13580,0.04500703234880454,14760,14079,0.046138211382113825,17040,16221,0.048063380281690105,19500,18385,0.057179487179487176,24420,22970,0.0593775593775594,20940,19745,0.05706781279847184,17700,16864,0.04723163841807909,17940,17023,0.05111482720178373,17790,17103,0.03861720067453622,17310,16815,0.02859618717504331,18030,17450,0.03216860787576259,17010,16483,0.030981775426219826,,216660,206718,0.045887565771254524,183
BT-HQ,600,0,0,,0,0,,0,0,,0,0,,0,0,,0,0,,0,0,,0,0,,0,0,,0,0,,0,0,,0,0,,,0,0,,0
BT-HQ,601,11097,10882,0.01937460574930161,11665,11464,0.017231033004714957,13168,12973,0.014808626974483596,15868,15655,0.013423241744391246,14356,14200,0.010866536639732471,14430,14222,0.014414414414414378,11838,11646,0.016218955904713672,12635,12427,0.016462208151958868,13799,13604,0.014131458801362462,11214,11021,0.017210629570180158,11505,11298,0.01799217731421121,11685,11477,0.01780059905862219,,153260,150869,0.015600939579799022,69
BT-HQ,602,0,0,,0,0,,0,0,,0,0,,0,0,,0,0,,0,0,,0,0,,0,0,,0,0,,0,0,,0,0,,,0,0,,0
BT-HQ,603,26035,25384,0.025004801229114637,30532,29798,0.024040351107035285,33577,32879,0.02078803943175389,39692,38641,0.026478887433235898,39806,38852,0.023966236245792083,36667,35701,0.026345215043499626,30857,30101,0.024500113426451087,35552,34671,0.02478060306030605,35494,33713,0.050177494787851495,34047,34079,0,34145,33359,0.023019475765119313,29227,28529,0.0238820268929415,,405631,395707,0.024465585717068028,140
BT-HQ,604,9302,9322,0,10487,10510,0,12060,12084,0,14895,14930,0,12375,12402,0,11756,11782,0,9704,9729,0,10966,10995,0,10505,10531,0,10653,10676,0,10205,10228,0,8267,8288,0,,131175,131477,0,1
BT-HQ,605,0,0,,0,0,,0,0,,0,0,,0,0,,0,0,,0,0,,0,0,,0,0,,0,0,,0,0,,0,0,,,0,0,,1
BT-HQ,606,0,0,,0,0,,0,0,,0,0,,0,0,,0,0,,0,0,,0,0,,0,0,,0,0,,0,0,,0,0,,,0,0,,1
BT-HQ,607,0,0,,0,0,,0,0,,0,0,,10970,10980,0,0,0,,8970,8960,0.0011148272017836858,0,0,,0,0,,0,0,,0,0,,0,0,,,19940,19940,0,1
BT-HQ,608,112330,112310,0.00017804682631528124,46900,248470,0,290910,290790,0.00041249871094151125,158420,158400,0.000126246686024456,112270,112200,0.0006234969270508817,71640,71640,0,191490,191420,0.0003655543370411074,53450,53420,0.0005612722170252882,265060,264960,0.00037727307024826295,364620,364530,0.0002468323185782495,506390,416830,0.17685973261715282,268550,250740,0.0663191212064792,,2442030,2535710,0,1
BT-HQ,609,0,0,,0,0,,0,0,,0,0,,0,0,,0,0,,0,0,,0,0,,0,0,,0,0,,0,0,,0,0,,,0,0,,0
BT-HQ,613,0,0,,0,0,,0,0,,0,0,,0,0,,0,0,,0,0,,0,0,,0,0,,0,0,,0,0,,0,0,,,0,0,,0
BT-HQ,614,0,0,,0,0,,0,0,,0,0,,0,0,,0,0,,0,0,,0,0,,0,0,,0,0,,0,0,,0,0,,,0,0,,0
BT-HQ,615,0,0,,0,0,,0,0,,0,0,,0,0,,0,0,,0,0,,0,0,,0,0,,0,0,,0,0,,0,0,,,0,0,,0
BT-HQ,616,0,0,,0,0,,0,0,,0,0,,0,0,,0,0,,0,0,,0,0,,0,0,,0,0,,0,0,,0,0,,,0,0,,0
BT-HQ,617,0,0,,0,0,,0,0,,0,0,,0,0,,0,0,,0,0,,0,0,,0,0,,0,0,,0,0,,0,0,,,0,0,,0
BT-HQ,618,0,0,,0,0,,0,0,,0,0,,0,0,,0,0,,0,0,,0,0,,0,0,,0,0,,0,0,,0,0,,,0,0,,0
BT-HQ,618P,0,0,,0,0,,0,0,,0,0,,0,0,,0,0,,0,0,,0,0,,0,0,,0,0,,0,0,,0,0,,,0,0,,0
BT-HQ,619,0,0,,0,0,,0,0,,0,0,,0,0,,0,0,,0,0,,0,0,,0,0,,0,0,,0,0,,0,0,,,0,0,,0
BT-HQ,620,0,0,,0,0,,0,0,,0,0,,0,0,,0,0,,0,0,,0,0,,0,0,,0,0,,0,0,,0,0,,,0,0,,0
BT-HQ,621,0,0,,0,0,,0,0,,0,0,,0,0,,0,0,,0,0,,0,0,,0,0,,0,0,,0,0,,0,0,,,0,0,,0
BT-HQ,622,0,0,,0,0,,0,0,,0,0,,0,0,,0,0,,0,0,,0,0,,0,0,,0,0,,0,0,,0,0,,,0,0,,0
BT-HQ,623,247850,247840,4.034698406296666e-05,335170,335200,0,358910,358950,0,407259,407330,0,310631,310659,0,316510,316511,0,85330,85340,0,10200,10200,0,35329,35330,0,52511,52499,0.00022852354744717918,17880,17871,0.0005033557046979498,26249,26249,0,,2203829,2203979,0,1
BT-HQ,625,809510,809610,0,759120,759140,0,921630,921600,3.2551023729676665e-05,757020,756930,0.00011888721566144511,666430,666390,6.002130756421753e-05,647150,647130,3.0904736150860757e-05,575490,575510,0,525350,525350,0,899850,899900,0,703410,703430,0,835870,835880,0,674600,674710,0,,8775430,8775580,0,1
BT-HQ,626,0,0,,0,0,,0,0,,0,0,,0,0,,0,0,,0,0,,0,0,,0,0,,0,0,,0,0,,0,0,,,0,0,,1
BT-HQ,628,0,19849,0,0,22404,0,0,24652,0,0,27437,0,0,23177,0,0,23116,0,0,20308,0,0,21543,0,0,21885,0,0,22887,0,0,23087,0,0,19868,0,,0,270213,0,1
BT-HQ,628A,0,13341,0,0,14620,0,0,17691,0,0,23736,0,0,19104,0,0,18864,0,0,15410,0,0,16472,0,0,16875,0,0,17347,0,0,16540,0,0,14231,0,,0,204231,0,1
BT-HQ,628B,0,3908,0,0,4444,0,0,5709,0,0,7198,0,0,5680,0,0,5551,0,0,4559,0,0,4643,0,0,4611,0,0,4602,0,0,4602,0,0,4080,0,,0,59587,0,1
BT-HQ,628C,0,5784,0,0,6483,0,0,7752,0,0,10231,0,0,8155,0,0,8017,0,0,6738,0,0,7335,0,0,7576,0,0,7823,0,0,7507,0,0,6131,0,,0,89532,0,1
BT-HQ,628D,0,4113,0,0,4961,0,0,5481,0,0,7658,0,0,6120,0,0,6343,0,0,5514,0,0,5933,0,0,6199,0,0,6802,0,0,7220,0,0,6414,0,,0,72758,0,1
BT-HQ,628E,0,2200,0,0,2508,0,0,2875,0,0,2644,0,0,1913,0,0,2113,0,0,1710,0,0,1687,0,0,1628,0,0,2013,0,0,2207,0,0,1797,0,,0,25295,0,1
BT-HQ,628F,0,3760,0,0,4805,0,0,5179,0,0,2259,0,0,1410,0,0,1467,0,0,1308,0,0,1416,0,0,1379,0,0,1524,0,0,1643,0,0,2822,0,,0,28972,0,1
BT-HQ,628G,0,4717,0,0,6744,0,0,6155,0,0,4280,0,0,3123,0,0,3198,0,0,2847,0,0,3272,0,0,3391,0,0,3500,0,0,3676,0,0,3793,0,,0,48696,0,1
BT-HQ,628H,0,3898,0,0,5039,0,0,5191,0,0,5160,0,0,3943,0,0,3984,0,0,3615,0,0,3900,0,0,4012,0,0,4108,0,0,4099,0,0,4079,0,,0,51028,0,1
BT-HQ,628I,0,2451,0,0,3180,0,0,3925,0,0,3285,0,0,2558,0,0,2717,0,0,2280,0,0,2546,0,0,2674,0,0,2959,0,0,3036,0,0,2563,0,,0,34174,0,1
BT-HQ,631,12785,12715,0.005475166210402782,13326,13275,0.003827104907699219,13080,13048,0.0024464831804281717,13346,13318,0.0020980068934511875,11956,11926,0.002509200401472067,12163,12132,0.0025487133108608173,11312,11287,0.0022100424328147517,12129,12107,0.0018138346112622772,12175,12165,0.000821355236139576,12514,12520,0,12269,12315,0,11150,11276,0,,148205,148084,0.0008164366924192645,1
BT-HQ,631A,0,1718,0,0,1902,0,0,2093,0,0,2276,0,0,1838,0,0,2023,0,0,1658,0,0,2081,0,0,2144,0,0,2197,0,0,2146,0,0,1801,0,,0,23877,0,1
BT-HQ,631B,0,2047,0,0,2240,0,0,2738,0,0,3123,0,0,2815,0,0,3003,0,0,2629,0,0,2775,0,0,2816,0,0,3099,0,0,2996,0,0,2472,0,,0,32753,0,1
BT-HQ,631C,0,0,,0,0,,0,0,,0,879,0,0,905,0,0,908,0,0,883,0,0,1163,0,0,1140,0,0,1298,0,0,1599,0,0,1309,0,,0,10084,0,1
BT-HQ,632,4515,4484,0.006866002214839462,5219,5186,0.006323050392795571,5799,5760,0.0067252974650802155,7214,7169,0.006237870806764634,6328,6283,0.007111251580278144,6567,6522,0.006852444038373706,5898,5857,0.006951508986096977,6327,6342,0,6745,6640,0.015567086730911783,6786,6739,0.006926024167403511,7331,7282,0.006683944891556437,6103,6061,0.006881861379649301,,74832,74325,0.006775176395125038,1
BT-HQ,633,6037,5978,0.009773066092430005,6826,6778,0.007031936712569631,6143,6092,0.008302132508546278,4407,4339,0.015429997730882716,3796,3730,0.01738672286617493,4083,4011,0.01763409257898607,3576,3510,0.01845637583892612,3794,3721,0.01924090669478118,3892,3817,0.019270298047276424,4231,4158,0.0172536043488537,4286,4209,0.01796546896873541,4731,4657,0.01564151342210951,,55802,55000,0.014372244722411387,1
BT-HQ,634,0,12272,0,0,14382,0,0,15136,0,0,17847,0,0,15562,0,0,14888,0,0,13043,0,0,14768,0,0,14745,0,0,15244,0,0,16070,0,0,14090,0,,0,178047,0,1
BT-HQ,634A,0,8713,0,0,10717,0,0,11185,0,0,12568,0,0,10430,0,0,10344,0,0,9272,0,0,9982,0,0,9913,0,0,10016,0,0,10376,0,0,8512,0,,0,122028,0,1
BT-HQ,635,11416,11161,0.022337070777855628,13416,13116,0.022361359570661876,13481,13180,0.022327720495512238,14720,14386,0.02269021739130439,12273,11997,0.022488389146907872,12628,12345,0.02241051631295532,10904,10662,0.02219369038884811,11828,11562,0.022489009130875925,11196,10952,0.02179349767774208,10571,10337,0.022136032541859807,10367,10137,0.022185781807658955,8902,8705,0.022129858458773355,,141702,138540,0.022314434517508586,1
BT-HQ,635A,0,13351,0,0,15227,0,0,15961,0,0,17899,0,0,15408,0,0,15530,0,0,14355,0,0,15750,0,0,15852,0,0,16067,0,0,16124,0,0,13314,0,,0,184838,0,1
BT-HQ,636,9695,9674,0.0021660649819494893,10908,10881,0.0024752475247524774,11897,11868,0.0024375893082290156,13891,13852,0.0028075732488661576,11172,11141,0.0027747941281776045,10912,10885,0.0024743401759530492,9866,9841,0.002533954996959298,10883,10854,0.002664706422861318,10664,10639,0.0023443360840209593,10628,10601,0.0025404591644712093,10949,10921,0.0025573111699698226,9088,9069,0.002090669014084501,,130553,130226,0.0025047298798189788,1
BT-HQ,639,0,7539,0,0,8860,0,0,9474,0,0,11208,0,0,9647,0,0,9944,0,0,8311,0,0,9074,0,0,9286,0,0,8913,0,0,8808,0,0,7535,0,,0,108599,0,1
BT-HQ,639A,7279,7265,0.0019233411182855153,8225,8202,0.002796352583586681,8649,8623,0.0030061278760550314,10095,10058,0.0036651807825656135,8898,8865,0.0037086985839513975,9041,9012,0.003207609777679421,7922,7903,0.002398384246402374,8363,8339,0.0028697835704890595,8527,8508,0.0022282162542511808,8549,8528,0.002456427652356985,8149,8131,0.002208859982819944,6640,6632,0.001204819277108471,,100337,100066,0.00270089797382822,1
BT-HQ,640,7461,7425,0.004825090470446325,7832,7791,0.005234933605720138,8260,8217,0.005205811138014549,9355,9304,0.0054516301443078286,8515,8470,0.005284791544333478,9112,9067,0.004938542581211625,8256,8223,0.003997093023255793,9432,9390,0.004452926208651453,9380,9347,0.0035181236673773597,9427,9392,0.0037127400021215173,9457,9419,0.004018187585915212,8318,8291,0.0032459725895648273,,104805,104336,0.00447497733886737,1
BT-HQ,640A,0,5632,0,0,5902,0,0,6181,0,0,7311,0,0,6722,0,0,6741,0,0,6399,0,0,6824,0,0,6742,0,0,6773,0,0,6919,0,0,5565,0,,0,77711,0,1
BT-HQ,641,19360,18923,0.022572314049586817,21239,20756,0.02274118367154765,22957,22435,0.022738162651914418,25860,25268,0.022892498066511946,22699,22184,0.022688224150843594,23383,22850,0.02279433776675366,19029,18602,0.022439434547269932,20395,19935,0.02255454768325571,22064,21569,0.02243473531544593,22113,21617,0.022430244652466902,21979,21486,0.022430501842668038,18998,18571,0.022476050110537993,,260076,254196,0.022608775896276523,1
BT-HQ,641A,0,5756,0,0,6946,0,0,6549,0,0,7574,0,0,6545,0,0,6519,0,0,5467,0,0,6189,0,0,5919,0,0,6155,0,0,6026,0,0,5647,0,,0,75292,0,1
BT-HQ,642,0,4038,0,0,4937,0,0,5281,0,0,6490,0,0,5459,0,0,5597,0,0,4599,0,0,4911,0,0,4740,0,0,5222,0,0,4915,0,0,3983,0,,0,60172,0,1
BT-HQ,642A,0,171,0,0,155,0,0,156,0,0,205,0,0,165,0,0,149,0,0,143,0,0,158,0,0,154,0,0,171,0,0,162,0,0,151,0,,0,1940,0,1
BT-HQ,642B,0,531,0,0,625,0,0,717,0,0,863,0,0,690,0,0,667,0,0,564,0,0,713,0,0,769,0,0,711,0,0,678,0,0,704,0,,0,8232,0,1
BT-HQ,642C,0,1974,0,0,1963,0,0,2196,0,0,2588,0,0,2514,0,0,2547,0,0,2101,0,0,2185,0,0,2355,0,0,2124,0,0,1995,0,0,2289,0,,0,26831,0,1
BT-HQ,642D,0,1267,0,0,1327,0,0,1917,0,0,2595,0,0,2057,0,0,1897,0,0,1388,0,0,1397,0,0,1556,0,0,1408,0,0,1302,0,0,1124,0,,0,19235,0,1
BT-HQ,642E,0,353,0,0,410,0,0,446,0,0,563,0,0,457,0,0,774,0,0,731,0,0,966,0,0,938,0,0,880,0,0,770,0,0,597,0,,0,7885,0,1
BT-HQ,642F,0,3083,0,0,3406,0,0,3981,0,0,3986,0,0,3571,0,0,3762,0,0,3215,0,0,3546,0,0,3675,0,0,3465,0,0,3438,0,0,3267,0,,0,42395,0,1
BT-HQ,642G,0,3179,0,0,3340,0,0,3667,0,0,4768,0,0,3887,0,0,4128,0,0,3614,0,0,3808,0,0,3784,0,0,3813,0,0,3966,0,0,3820,0,,0,45774,0,1
BT-HQ,642H,0,271,0,0,392,0,0,377,0,0,415,0,0,396,0,0,580,0,0,632,0,0,813,0,0,815,0,0,809,0,0,752,0,0,683,0,,0,6935,0,1
BT-HQ,642I,0,5396,0,0,4532,0,0,4185,0,0,4296,0,0,3891,0,0,4231,0,0,4288,0,0,4161,0,0,4471,0,0,4362,0,0,4412,0,0,4216,0,,0,52441,0,1
BT-HQ,642J,0,1192,0,0,1444,0,0,1741,0,0,2300,0,0,2062,0,0,1988,0,0,1673,0,0,1671,0,0,1691,0,0,1745,0,0,1437,0,0,1416,0,,0,20360,0,1
BT-HQ,642K,1108,1117,0,1150,1160,0,1203,1215,0,1272,1283,0,1234,1246,0,1396,1412,0,1177,1189,0,1433,1447,0,1472,1486,0,1401,1415,0,1300,1318,0,1389,1395,0,,15535,15683,0,1
BT-HQ,642L,674,679,0,807,815,0,954,960,0,1250,1262,0,922,929,0,957,967,0,840,848,0,988,996,0,1036,1045,0,984,991,0,840,848,0,714,721,0,,10966,11061,0,1
BT-HQ,642M,195,191,0.02051282051282055,258,260,0,338,339,0,460,456,0.008695652173912993,336,343,0,353,354,0,295,296,0,376,378,0,434,436,0,478,479,0,372,373,0,345,344,0.0028985507246376274,,4240,4249,0,1
BT-HQ,643,44088,44091,0,51646,51650,0,55781,55781,0,64902,64902,0,60331,60340,0,29638,29642,0,27521,27524,0,27507,27512,0,27633,27635,0,54507,54501,0.00011007760471126726,85111,85127,0,24483,24488,0,,553148,553193,0,1
BT-HQ,65,0,0,,0,0,,0,0,,0,0,,0,0,,0,0,,0,0,,0,0,,0,0,,0,0,,0,0,,0,0,,,0,0,,0
BT-HQ,670,0,217,0,0,274,0,0,309,0,0,295,0,0,339,0,0,356,0,0,311,0,0,339,0,0,310,0,0,319,0,0,338,0,0,347,0,,0,3754,0,1
BT-HQ,671,0,5628,0,0,7044,0,0,7355,0,0,7617,0,0,6423,0,0,6223,0,0,5163,0,0,5438,0,0,5443,0,0,5579,0,0,5984,0,0,5185,0,,0,73082,0,1
BT-HQ,680,19560,19118,0.022597137014314983,19400,18934,0.024020618556701012,21520,21040,0.022304832713754608,27200,26508,0.02544117647058819,24640,23994,0.026217532467532445,26000,25362,0.02453846153846151,22320,21779,0.02423835125448026,22040,21511,0.02400181488203268,23560,23028,0.022580645161290325,20680,20191,0.023646034816247608,21960,21423,0.02445355191256826,21480,20997,0.022486033519553028,,270360,263885,0.02394954874981503,128
BT-HQ,682,363887,364026,0,318688,318783,0,366362,366460,0,366470,366560,0,325025,325107,0,365366,365461,0,318371,318449,0,371533,371622,0,391945,392271,0,390530,391080,0,398840,399360,0,374860,375350,0,,4351877,4354529,0,1
BT-HQ,683,180634,180603,0.00017161774638219107,148225,148193,0.00021588800809579922,138446,138412,0.0002455831154385413,101391,101364,0.00026629582507320393,131945,131913,0.00024252529463031358,119093,119064,0.00024350717506482766,66949,66932,0.00025392462919537895,102394,102362,0.0003125183116198249,91717,91692,0.0002725776028434934,65565,0,1,93378,167479,0,104942,104812,0.0012387795163042448,,1344679,1352826,0,1
BT-HQ,684,34738,35760,0,41765,41760,0.00011971746677841288,45317,45200,0.002581812564821151,52444,52400,0.0008389901609335837,50290,50160,0.0025850069596341507,49222,49040,0.0036975336231765965,41576,41440,0.0032711179526649925,41147,41040,0.0026004325953289387,38658,38480,0.004604480314553294,37618,37440,0.004731777340634791,37352,37200,0.004069393874491345,31081,30960,0.003893053634053012,,501208,500880,0.0006544189238798515,1
BT-HQ,685,21960,21720,0.010928961748633892,23800,23640,0.006722689075630228,26840,26480,0.01341281669150518,31960,31640,0.010012515644555742,28360,28080,0.009873060648801113,28480,28080,0.014044943820224698,24320,24080,0.009868421052631526,25400,25200,0.007874015748031482,24760,24480,0.011308562197092087,25440,25200,0.009433962264150941,25920,25760,0.006172839506172867,22320,22120,0.008960573476702538,,309560,306480,0.009949605892234148,1
BT-HQ,686,51560,51360,0.0038789759503491394,55320,55120,0.003615328994938549,62080,61920,0.002577319587628857,73000,72840,0.0021917808219178436,66280,66160,0.0018105009052504784,65560,65560,0,58320,58280,0.000685871056241405,60000,59800,0.0033333333333332993,61280,61080,0.0032637075718016106,63280,63160,0.0018963337547408532,61320,61080,0.003913894324853229,49440,49480,0,,727440,725840,0.002199494116353229,1
BT-HQ,687,57520,57280,0.004172461752433909,61760,61440,0.005181347150259086,72000,71520,0.00666666666666671,86000,85120,0.01023255813953483,76000,75280,0.0094736842105263,75200,74480,0.009574468085106425,65600,65040,0.008536585365853666,71280,70720,0.007856341189674487,69440,68880,0.008064516129032251,66880,66320,0.00837320574162681,69600,69120,0.006896551724137945,57760,57280,0.008310249307479256,,829040,822480,0.007912766573386132,1
BT-HQ,688,606250,606050,0.0003298969072165203,706260,706030,0.00032565910571180634,820380,820100,0.0003413052487871715,411360,411210,0.00036464410735126407,0,252360,0,374350,121840,0.6745291839187926,107600,107550,0.0004646840148698761,133610,133550,0.00044906818351919675,535610,535380,0.0004294169264950076,904930,904590,0.00037571966892469,833830,602210,0.27777844404734775,223580,206100,0.07818230610966992,,5657760,5406970,0.04432673001329146,1
BT-HQ,689,65694,63938,0.026729990562303962,65678,63740,0.029507597673497976,72954,70550,0.032952271294240165,89499,86012,0.03896132917686235,86072,80101,0.06937215354586856,92333,88624,0.0401698201076538,76952,73859,0.04019388709845095,79458,76353,0.03907724835762294,83264,82051,0.014568120676402785,72797,69786,0.04136159457120481,77367,74521,0.036785709669497346,73485,70536,0.040130638905899185,,935553,900071,0.03792623186500388,276
BT-HQ,689A,4191,4145,0.010975900739680244,4110,4066,0.010705596107056015,4293,4241,0.012112741672490102,5727,5671,0.009778243408416265,5314,5242,0.013549115543846413,4837,4786,0.01054372544965887,4264,4226,0.008911819887429617,4684,4640,0.009393680614859123,4904,4865,0.007952691680261026,4375,4336,0.008914285714285763,4648,4608,0.008605851979345935,4419,4390,0.006562570717356886,,55766,55216,0.009862640318473614,39
BT-HQ,689B,2273,2264,0.003959524857017116,2558,2547,0.004300234558248683,2606,2594,0.004604758250191909,3098,3083,0.004841833440929588,1782,1775,0.003928170594837299,1677,1671,0.003577817531305927,1901,1893,0.004208311415044741,1417,1408,0.00635144671841914,1380,1370,0.007246376811594235,1690,1677,0.007692307692307665,2201,2186,0.0068150840527033685,1559,1549,0.006414368184733843,,24142,24017,0.005177698616518955,3
BT-HQ,689C,5634,5568,0.011714589989350377,4785,4778,0.001462904911180729,5717,5642,0.013118768584922114,8945,8811,0.014980435997764108,7689,7574,0.014956431265444103,6481,6392,0.013732448696188837,5459,5381,0.014288331196189774,5532,5458,0.013376717281272543,5604,5529,0.013383297644539605,5318,5244,0.013915005641218503,5431,5361,0.012888970723623605,5452,5379,0.013389581804842288,,72047,71117,0.012908240454147957,18
BT-HQ,691,3144,3583,0,3072,3499,0,3522,3953,0,3793,4240,0,3816,4248,0,3607,4042,0,3419,3855,0,3407,3849,0,3429,3873,0,3219,3648,0,3137,3576,0,3183,3619,0,,40748,45985,0,1
BT-HQ,692,33334,31822,0.045359092818143654,35390,33784,0.045380050861825394,39668,37877,0.04514974286578599,46777,44451,0.04972529234452827,42190,40282,0.04522398672671246,45504,43320,0.047995780590717296,36963,35185,0.04810215621026437,35802,34333,0.04103122730573716,35019,33755,0.03609469145321109,29773,28689,0.03640882678937296,33165,31767,0.04215287200361828,32553,31601,0.02924461647160015,,446138,426866,0.04319739632131758,97
BT-HQ,693,98071,93635,0.045232535611954616,99132,95308,0.03857482952023561,118775,112082,0.05635024205430439,149667,139558,0.06754327941363159,132126,123964,0.06177436689220894,129769,122912,0.05284004654424401,97351,81253,0.16536039691425874,89390,86100,0.03680501174628037,94431,90848,0.03794304836335527,84424,81213,0.0380342082820051,91208,87898,0.03629067625646876,85914,82943,0.03458109272062759,,1270258,1197714,0.05710965803797341,230
BT-HQ,693A,34122,33459,0.019430279585018417,39529,38518,0.025576159275468635,45543,44517,0.02252816020025028,64830,63075,0.027070800555298424,56433,54847,0.028104123473853937,49574,48445,0.022774034776294028,38371,37442,0.02421099267676108,37393,36517,0.023426844596582286,39980,39061,0.022986493246623274,34836,34035,0.02299345504650363,36717,35904,0.022142331889860256,35019,34257,0.02175961620834399,,512347,500077,0.023948612951768977,164
BT-HQ,693B,30306,29923,0.012637761499373013,33622,33090,0.01582297305335789,41373,40789,0.014115485944939943,56244,55293,0.01690847023682529,51442,50564,0.017067765638972054,51563,50744,0.01588348234198944,37011,36436,0.015535921752992343,36334,35729,0.01665107062255733,40126,39465,0.016473109704431055,34474,33686,0.02285780588269426,39023,38661,0.009276580478179586,34123,33640,0.014154675731910982,,485641,478020,0.01569266186339291,182
BT-HQ,693C,10326,10237,0.008619019949641649,11770,11643,0.010790144435004256,13909,13769,0.010065425264217387,19953,19773,0.009021199819576053,18734,18562,0.009181167929966927,17584,17415,0.009611010009099141,13419,13285,0.009985840971756477,13695,13563,0.009638554216867434,15739,15525,0.01359679776351741,12643,12556,0.0068812781776477205,13077,12949,0.009788177716601676,11472,11353,0.010373082287308266,,172321,170630,0.009813081400409707,140
BT-HQ,693D,11197,11054,0.012771278020898502,12749,12584,0.012942191544434878,15929,15729,0.012555715989704286,21284,21005,0.01310843826348429,20107,19839,0.013328691500472445,18482,18244,0.012877394221404659,14443,14263,0.0124627847400125,15383,15187,0.012741337840473266,16677,16479,0.011872638963842386,13536,13360,0.013002364066193817,14564,14382,0.012496566877231552,14262,14064,0.013883045856121212,,188613,186190,0.012846410374682593,115
BT-HQ,693E,7533,7350,0.024293110314615673,7843,7829,0.0017850312380466304,8133,8013,0.014754703061600871,10771,10622,0.013833441648872014,8380,8259,0.014439140811455808,8733,8604,0.014771556166265909,7789,7650,0.017845679804852965,8337,8177,0.019191555715485142,10042,9853,0.018820952001593283,8650,8473,0.020462427745664757,11296,11066,0.020361189801699764,11052,10831,0.019996380745566422,,108559,106727,0.016875616024465967,102
BT-HQ,693F,0,0,,0,0,,0,0,,0,0,,0,0,,0,0,,7663,19096,0,20256,19901,0.01752567140600314,23864,23434,0.018018773047267844,20036,19692,0.017169095627869835,22107,21709,0.018003347356041033,20817,20414,0.019359177595234645,,114743,124246,0,96
BT-HQ,695,46204,44477,0.037377716215046264,54670,52803,0.034150356685567984,62375,59469,0.04658917835671339,75991,71773,0.05550657314682006,77096,74401,0.03495641797239801,70845,68140,0.03818194650292894,56829,54727,0.03698815745482065,63029,60621,0.038204635961224254,61133,58848,0.037377521142427206,55460,53498,0.03537684817886766,60695,58018,0.044105774775516915,49409,48017,0.02817300491813235,,733736,704792,0.03944743068351564,342
BT-HQ,696,0,6400,0,0,6400,0,0,7520,0,0,6480,0,0,7040,0,0,7360,0,0,7280,0,0,7600,0,0,7360,0,0,5840,0,0,6640,0,0,6640,0,,0,82560,0,1
BT-HQ,696A,23527,24238,0,24651,25359,0,26794,27524,0,28884,29642,0,28307,29053,0,27910,28678,0,24386,25086,0,26616,27358,0,27106,27853,0,25960,26671,0,26549,27292,0,24078,24784,0,,314768,323538,0,1
BT-HQ,697,58537,56543,0.034063925380528604,60495,58443,0.033920158690800895,70624,68036,0.03664476665156324,79663,76489,0.03984283795488497,87740,84161,0.04079097333029402,79761,76955,0.03518010055039433,67631,65133,0.03693572474161255,66894,64491,0.03592250426047183,74113,70885,0.04355511178875504,61667,59441,0.036097102177826024,68365,66493,0.027382432531266043,64149,61825,0.036228156323559246,,839639,808895,0.03661573604846846,295
BT-HQ,697A,10559,10494,0.00615588597405059,11480,11324,0.013588850174216072,14599,14325,0.01876840879512298,16336,16022,0.019221351616062643,16165,15834,0.02047633776678004,13600,13397,0.014926470588235263,10862,10713,0.013717547412999465,9609,9496,0.011759808512852521,11252,11106,0.012975471027372953,9150,9040,0.012021857923497303,13471,13390,0.006012916635735999,12762,12644,0.00924619965522644,,149845,147785,0.013747539123761254,40
BT-HQ,697B,2326,2315,0.004729148753224388,2517,2507,0.00397298371076682,3405,3386,0.005580029368575601,3821,3798,0.006019366657942893,4748,4675,0.015374894692502084,4491,4491,0,4615,4579,0.007800650054171188,3652,3624,0.00766703176341732,4120,4097,0.005582524271844691,3881,3860,0.005410976552434943,3948,3925,0.005825734549138817,3321,3287,0.010237880156579338,,44845,44544,0.006712008027650818,17
BT-HQ,697C,9142,9084,0.0063443447823233745,9655,9596,0.006110823407560861,12514,12442,0.005753556017260686,15626,15547,0.005055676436708012,18804,18654,0.007977026164645795,16085,16046,0.0024246192104445674,12802,12732,0.005467895641306009,11809,11734,0.00635108815310359,14756,14662,0.006370290051504468,11630,11562,0.0058469475494411505,12560,12485,0.005971337579617875,11266,11186,0.007101011894194875,,156649,155730,0.005866619001717255,75
BT-HQ,697D,2700,2726,0,2853,2864,0,3158,3205,0,3777,3780,0,4470,4475,0,4023,4053,0,3167,3186,0,2895,2899,0,3182,3198,0,2701,2716,0,3104,3118,0,2886,2874,0.004158004158004158,,38916,39094,0,12
BT-HQ,697E,0,0,,0,0,,0,0,,0,0,,0,0,,0,0,,0,0,,0,0,,0,0,,0,0,,0,0,,0,0,,,0,0,,0
BT-HQ,698,74575,72015,0.03432785786121351,78455,75635,0.03594417181823972,91998,88395,0.03916389486727967,122063,116893,0.042355177244537634,108409,102046,0.05869438884225475,104061,99580,0.043061281363815485,82193,79432,0.03359166839025218,87033,84490,0.02921880206358507,92306,88837,0.037581522327909345,79626,76957,0.03351920227061511,81980,79276,0.03298365454989016,76559,74202,0.030786713515066788,,1079258,1037758,0.0384523441104907,332
BT-HQ,699,78609,75056,0.04519838695314782,80038,76142,0.04867687848272073,93522,88532,0.053356429503218505,118115,111368,0.05712229606739194,104284,97100,0.06888880365156691,106697,99537,0.06710591675492283,84988,82697,0.02695674683484728,89146,85055,0.0458910102528437,95521,90945,0.0479056961296469,80054,76146,0.048817048492267756,82360,78924,0.04171928120446822,77519,74714,0.03618467730491881,,1090853,1036216,0.050086491947127665,358
BT-HQ,699A,42663,40257,0.056395471485830795,44239,41710,0.057166753317208774,49000,46001,0.06120408163265301,64541,59970,0.07082319765730316,56104,52123,0.0709575074860972,53416,50185,0.060487494383705265,42743,40411,0.05455864118101206,47869,45392,0.05174538845599452,48642,46050,0.05328728259528803,43210,40578,0.060911825966211475,43356,41207,0.04956638066242269,42094,39923,0.05157504632489196,,577877,543807,0.05895718292993146,207
BT-HQ,699B,52931,51149,0.03366647144395529,53832,52001,0.03401322633377912,59920,57781,0.03569759679572759,74271,71466,0.037767096174819215,66480,63856,0.03947051744885677,67127,64592,0.03776423793704475,55094,53038,0.03731803826187974,56736,54778,0.03451071630005642,59604,57584,0.0338903429300047,51174,49463,0.03343494743424391,55014,52969,0.037172356127531225,53883,51218,0.04945901304678657,,706066,679895,0.037065940011273724,162
BT-HQ,709,31849,31838,0.00034537976074600074,36021,36008,0.0003609005857694303,53656,53632,0.00044729387207398386,76904,76869,0.0004551128679912697,65393,65365,0.0004281803862798972,71779,71749,0.0004179495395588706,57924,57902,0.000379808024307704,63814,63789,0.0003917635628545302,57637,57616,0.0003643492895188949,60352,60328,0.0003976670201484289,57712,57688,0.0004158580537843015,51046,51031,0.0002938526035340949,,684087,683815,0.000397610245480462,1
BT-HQ,710,18560,17830,0.03933189655172409,20320,19533,0.03873031496062995,21800,21158,0.02944954128440369,25440,24462,0.03844339622641513,30720,29641,0.035123697916666696,24760,23936,0.033279483037156665,21200,20462,0.034811320754716935,23320,22448,0.03739279588336197,21400,20546,0.0399065420560748,22040,21338,0.031851179673321184,21400,20473,0.043317757009345814,20080,19345,0.03660358565737054,,271040,261172,0.03640791027154666,192
BT-HQ,711,617,612,0.008103727714748765,555,547,0.014414414414414378,627,624,0.004784688995215336,835,829,0.007185628742514938,706,701,0.007082152974504208,655,650,0.007633587786259555,568,563,0.008802816901408494,628,623,0.0079617834394905,825,819,0.0072727272727273196,915,907,0.008743169398907069,877,871,0.0068415051311288,630,625,0.007936507936507908,,8438,8371,0.00794027020621002,1
BT-HQ,712,854,844,0.011709601873536313,1139,1129,0.008779631255487308,1382,1365,0.01230101302460207,1571,1557,0.008911521323997418,1342,1328,0.010432190760059634,1142,1131,0.009632224168126147,843,832,0.013048635824436494,1024,1011,0.0126953125,893,884,0.01007838745800671,849,838,0.012956419316843326,848,842,0.007075471698113178,710,706,0.005633802816901401,,12597,12467,0.01031991744066052,1
BT-HQ,713,18249,18246,0.00016439256945588454,17191,17189,0.00011633994532023184,20131,20129,9.934926233168273e-05,23026,23023,0.00013028750108567966,23094,23091,0.00012990387113531732,20613,20611,9.702614854700808e-05,16986,16983,0.00017661603673613246,17972,17969,0.00016692632984638411,19528,19524,0.0002048340843916474,18853,18852,5.3041956187382944e-05,17253,17250,0.00017388280299079906,15621,15619,0.00012803277639072963,,228517,228486,0.00013565730339537563,1
BT-HQ,714,2433,2430,0.0012330456226880004,2264,2260,0.0017667844522968323,3444,3441,0.0008710801393728707,23838,23840,0,18616,18617,0,5840,5838,0.00034246575342467,3181,3177,0.0012574662055957475,2853,2851,0.000701016473887095,19439,19438,5.144297546166854e-05,10903,10904,0,14288,14289,0,17154,17152,0.00011659088259297068,,124253,124237,0.00012876952669149677,1
BT-HQ,715,7218,6909,0.04280964256026598,7838,7506,0.042357744322531254,8878,8370,0.05722009461590449,11047,10805,0.021906399927582143,8884,8533,0.03950923007654206,9423,9040,0.0406452297569776,8394,8037,0.04253037884203004,8942,8564,0.04227242227689554,8985,8604,0.04240400667779631,8189,7830,0.04383929661741359,9283,8868,0.044705375417429694,8023,7681,0.042627446092484145,,105104,100747,0.04145417871822199,161
BT-HQ,716,6146,5890,0.041653107712333215,6617,6366,0.03793259785401237,6969,6710,0.03716458602381978,8700,8391,0.03551724137931034,7436,7154,0.03792361484669182,7746,7467,0.03601859024012388,6269,6013,0.04083585898867448,7051,6770,0.039852503191036726,7307,7034,0.03736143424113858,7096,6806,0.04086809470124009,6831,6529,0.044210218123261646,6131,5862,0.04387538737563201,,84299,80992,0.039229409601537424,134
BT-HQ,718,32796,32777,0.0005793389437735996,13699,13693,0.0004379881743192815,12159,12154,0.0004112180277983102,16351,16343,0.0004892667115161675,17119,17111,0.0004673170161808571,25058,25049,0.00035916673317903935,14108,14102,0.00042529061525375944,21309,21298,0.0005162138063729005,16649,16641,0.00048050933990029243,29053,29038,0.0005162978005713859,33566,25872,0.22922004409223617,36728,32939,0.10316379873665871,,268595,257017,0.04310579124704483,1
BT-HQ,719,15222,14977,0.016095125476284333,16626,16363,0.015818597377601384,19079,18841,0.012474448346349365,23435,23167,0.0114358864945594,24953,24629,0.0129844106921011,24283,23937,0.014248651319853423,19591,19286,0.015568373232606847,21933,21587,0.015775315734281703,21594,21257,0.015606186903769581,19034,18711,0.016969633287800767,21014,20757,0.012229941943466272,18599,18324,0.014785741168880095,,245363,241836,0.014374620460297582,96
BT-HQ,719A,10044,9871,0.01722421346077263,13034,12802,0.01779960104342493,15200,14938,0.017236842105263106,17166,16841,0.018932774088314064,18366,18001,0.01987367962539477,16181,15865,0.01952907731289788,12490,12267,0.017854283426741446,14127,13892,0.01663481276987333,13838,13585,0.01828298887122415,12763,12478,0.02233017315678132,13936,13711,0.016145235361653243,11234,11026,0.018515221648566893,,168379,165277,0.01842272492412944,97
BT-HQ,719B,967,1020,0,1148,1058,0.07839721254355403,1310,1459,0,1521,1543,0,2147,2155,0,1813,1830,0,1295,1319,0,1456,1486,0,1205,1242,0,1240,1261,0,1792,1818,0,1709,1726,0,,17603,17917,0,15
BT-HQ,720,39662,39289,0.009404467752508694,42177,41774,0.00955497071863809,47603,47143,0.009663256517446372,57400,56840,0.009756097560975618,51504,51008,0.009630319975147517,34163,33833,0.009659573222492224,26941,26678,0.009762072677331979,29580,29293,0.009702501690331267,28870,28588,0.009767925181849657,29519,29231,0.009756428063281253,28565,28289,0.009662173989147593,24202,23956,0.01016444921907278,,440186,435922,0.009686814210356554,1
BT-HQ,721,16710,16075,0.038001196888091004,16950,16298,0.0384660766961652,18480,17760,0.038961038961038974,21540,20678,0.04001857010213561,26370,25165,0.045695866514979144,21570,20659,0.042234585071859065,18840,18150,0.0366242038216561,19530,18828,0.03594470046082954,19800,19018,0.03949494949494947,20310,19577,0.03609059576563267,18660,17918,0.039764201500535945,17670,16945,0.041029994340690434,,236430,227071,0.039584655077612774,187
BT-HQ,722,21600,21001,0.027731481481481524,22480,21618,0.03834519572953732,23480,22672,0.034412265758091976,26280,25165,0.04242770167427701,31880,30558,0.04146800501882053,12200,25152,0,5840,22895,0,23733,24215,0,24293,23307,0.04058782365290414,24750,23845,0.03656565656565658,23675,22752,0.03898627243928199,23195,22337,0.03699073076093984,,263406,285517,0,168
BT-HQ,723,9867,9480,0.039221647917300095,10354,9988,0.03534865752366234,11665,11453,0.018174024860694415,12999,12481,0.039849219170705386,19441,18548,0.04593385113934467,13132,12685,0.03403898872982025,11902,11751,0.01268694337086207,12272,11735,0.04375814863103,11892,11374,0.04355869492095521,12201,11704,0.0407343660355709,11173,10908,0.023717891345207187,11104,10601,0.04529899135446691,,148002,142708,0.03576978689477173,195
BT-HQ,724,10754,10445,0.028733494513669355,11254,10800,0.04034121201350627,12270,11785,0.039527302363488226,15662,14988,0.04303409526241864,18884,18174,0.03759796653251435,16675,16044,0.03784107946026982,13849,13313,0.03870315546248826,14408,13858,0.03817323709050524,14063,13523,0.0383986347152101,13909,13381,0.03796103242504856,14124,13590,0.03780798640611727,13050,12591,0.03517241379310343,,168902,162492,0.037951001172277454,141
BT-HQ,725,11365,11054,0.0273647162340519,13512,13187,0.024052693901716937,14633,14204,0.0293172965215609,17879,17302,0.032272498461882626,17680,17121,0.03161764705882353,17586,17078,0.028886614352325757,14258,13879,0.02658156824239022,16320,15865,0.02787990196078427,15286,14896,0.02551354180295695,13303,12938,0.02743742013079753,14443,14057,0.026725749498026752,12172,11869,0.02489319750246466,,178437,173450,0.027948239434646416,83
BT-HQ,726,9185,9208,0,8466,8487,0,9048,9069,0,8069,8088,0,8633,8655,0,9301,9325,0,9125,9150,0,9267,9292,0,9208,9233,0,7812,7832,0,8498,8520,0,9435,9461,0,,106047,106320,0,1
BT-HQ,727,6614,6443,0.025854248563652815,7259,7094,0.022730403636864627,7452,7295,0.02106816961889424,8224,8047,0.021522373540856066,10330,10098,0.022458857696030954,8252,8089,0.01975278720310225,7336,7187,0.02031079607415487,7731,7568,0.021083947742853493,7750,7612,0.017806451612903174,8154,7998,0.019131714495952856,10587,10380,0.01955228109946161,8058,7877,0.02246214941672875,,97747,95688,0.021064585102356093,110
BT-HQ,728,35266,34504,0.021607213746951737,34164,33454,0.02078210982320572,41567,40639,0.022325402362450952,49563,48278,0.02592659847063339,59577,57891,0.028299511556473145,51986,50715,0.02444889008579232,44618,43444,0.026312250661168157,39551,38743,0.020429319106975763,44612,43596,0.02277414148659551,39260,38459,0.020402445236882283,38671,37829,0.021773421944092486,37563,36744,0.021803370337832417,,516398,504296,0.023435412220806473,138
BT-HQ,729,47866,45922,0.040613379016420814,45683,43760,0.04209443337784291,57187,54567,0.04581460821515382,64131,61267,0.04465858944972012,82951,78248,0.0566961218068498,71197,68094,0.043583297049032965,61078,58395,0.04392743704770952,55775,53536,0.04014343343792026,63269,60742,0.03994057121180994,59232,56912,0.039168017287952495,55548,53363,0.03933534960754659,52621,50636,0.03772258223903002,,716538,685442,0.0433975588175366,289
BT-HQ,730,20145,19805,0.016877637130801704,22497,22155,0.015202026936924962,26640,26275,0.013701201201201219,38350,37789,0.014628422425032594,36220,35779,0.012175593594699108,37317,36719,0.016024868022617045,28330,27787,0.019166960818919887,28286,27689,0.021105847415682666,31192,30665,0.01689535778404716,30140,28825,0.04362972793629727,29554,29614,0,23164,22620,0.02348471766534277,,351835,345722,0.01737462162661474,139
BT-HQ,731,18283,18224,0.003227041513974682,20702,19916,0.03796734615013042,22062,21211,0.03857311213851877,27238,26817,0.015456347749467692,33575,32327,0.037170513775130254,31817,29546,0.07137693685765467,26795,26570,0.008397089009143488,26696,24944,0.0656278094096494,26903,26417,0.018064899825298242,23232,21492,0.07489669421487599,23356,22097,0.05390477821544781,23072,23135,0,,303731,292696,0.03633149069406816,51
BT-HQ,732,54360,52787,0.028936718175128773,61440,59358,0.033886718750000044,63900,61615,0.03575899843505481,72060,69784,0.03158479045240081,90300,86083,0.046699889258028815,81720,78336,0.041409691629956,70740,67662,0.04351145038167936,72300,68591,0.051300138312586396,72360,70157,0.030444997236041993,68460,65900,0.03739409874379196,67440,65138,0.0341340450771056,63540,61541,0.03146049732451994,,838620,806952,0.037762037633254586,403
BT-HQ,732A,21715,20802,0.04204466958323738,23153,22392,0.03286831080205588,25268,24503,0.03027544720595221,30829,29904,0.030004216808848794,37127,36658,0.012632316104182917,34566,32401,0.06263380200196722,29740,29343,0.013349024882313376,28514,27512,0.03514063267167,29236,28536,0.02394308386920241,27405,26603,0.029264732713008557,31909,30825,0.0339716067567144,26973,26081,0.03307010714418124,,346435,335560,0.03139117006076175,160
BT-HQ,733,39297,37710,0.0403847621955874,41076,39452,0.039536468984321727,47216,45183,0.04305743815655705,60057,57446,0.04347536506985028,56740,54112,0.04631653154740922,54598,52167,0.04452544049232576,43674,42087,0.036337408984750685,49700,47588,0.04249496981891343,47012,45116,0.04033012847783546,45366,43502,0.04108803950094786,45705,43744,0.04290559019800899,40448,38534,0.04732001582278478,,570889,546641,0.042474106174755555,352
BT-HQ,733A,45437,43702,0.03818473930937338,48103,46224,0.03906201276427668,54144,52078,0.038157505910165535,67214,64674,0.0377897461838308,60670,58289,0.03924509642327345,59828,57481,0.03922912348733032,49956,48085,0.03745295860357112,54808,52932,0.034228579769376766,53100,51062,0.03838041431261774,51122,49302,0.03560111106764208,52397,50281,0.04038399144989213,45446,43759,0.037120978744003885,,642225,617869,0.03792440344116155,312
BT-HQ,734,35272,32343,0.08304037196643232,37366,34575,0.0746935716961944,38938,36110,0.07262828085674666,48449,45029,0.07058969225371003,45483,42161,0.07303827803794827,44034,40738,0.07485125130580916,34600,31899,0.07806358381502887,40333,38392,0.048124364664170804,35270,33870,0.03969379075701729,32971,31423,0.046950350307846334,33754,32036,0.05089767138709489,32191,30454,0.05395918113758502,,458661,429030,0.06460326908108605,337
BT-HQ,735,8892,8613,0.03137651821862353,9105,8829,0.030313014827018092,9558,9322,0.024691358024691357,12677,12339,0.026662459572454056,12007,11730,0.023069875905721626,11381,11169,0.018627537123275584,9116,8868,0.027204914436156247,10338,10044,0.028438769587928014,10080,9842,0.023611111111111138,10227,9957,0.026400704018773813,9830,9577,0.025737538148524974,9057,8851,0.02274483824666007,,122268,119141,0.025574966467104998,119
BT-HQ,736,24286,23494,0.03261138104257599,25347,24513,0.03290330216593684,27548,26669,0.031907942500362996,35438,34265,0.033100062080252846,31142,30089,0.03381285723460281,30909,29955,0.030864796661166705,25064,24267,0.03179859559527609,28144,27242,0.03204945992040931,27747,26801,0.03409377590370133,27381,26645,0.02687995325225523,26747,25543,0.045014394137660285,24596,23770,0.03358269637339406,,334349,323253,0.0331868795779261,266
BT-HQ,736A,5778,5658,0.020768431983385294,6241,6112,0.02066976446082358,6534,6420,0.017447199265381075,8571,8443,0.014934080037335207,7633,7518,0.015066160094327263,7240,7112,0.0176795580110497,5924,5808,0.019581363943281582,6983,6855,0.018330230559931215,6888,6788,0.014518002322880363,6677,6568,0.016324696720083853,6537,6430,0.0163683646932844,5766,5703,0.01092611862643078,,80772,79415,0.01680037636804832,85
BT-HQ,737,8155,8031,0.015205395462906224,8075,7955,0.014860681114551078,9311,9179,0.014176780152507784,11911,11726,0.01553186130467632,10598,10415,0.01726740894508394,10337,10184,0.014801199574344559,8935,8810,0.013989927252378243,9628,9478,0.015579559617781458,9630,9474,0.016199376947040545,8730,8581,0.01706758304696454,9274,9123,0.016282078930342947,8231,8082,0.01810229619730286,,112815,111038,0.015751451491379687,78
BT-HQ,738,9082,8873,0.023012552301255207,10278,10046,0.022572484919245017,10745,10509,0.02196370404839465,13605,13345,0.019110621095185576,11832,11611,0.01867816091954022,11262,11027,0.020866631148996673,9307,9112,0.020951971634253774,10444,10243,0.019245499808502542,10202,9980,0.021760439129582476,9410,9234,0.018703506907545187,9314,9113,0.02158041657719567,8237,8052,0.02245963336166079,,123718,121145,0.020797297078840593,119
BT-HQ,738A,13849,13603,0.017763015380171887,13281,13055,0.017016790904299417,14530,14279,0.017274604267033755,17962,17672,0.01614519541253756,15787,15524,0.01665927662000377,16138,15882,0.015863180071880034,13726,13488,0.01733935596677838,14736,14474,0.017779587404994524,15130,14870,0.017184401850627862,13408,13189,0.016333532219570457,14230,13979,0.01763879128601542,13238,13012,0.01707206526665661,,176015,173027,0.01697582592392699,39
BT-HQ,739,39474,38352,0.028423772609819098,43271,41904,0.031591597143583505,45771,44403,0.02988792029887921,58478,56543,0.033089366941413845,52448,49860,0.04934411226357538,51345,50581,0.014879735125133853,42529,41293,0.029062522043781902,46349,45053,0.027961768322941172,46300,44890,0.03045356371490282,41571,40265,0.0314161314377811,43368,42053,0.030321896329090547,39067,37837,0.031484373000230326,,549971,533034,0.030796169252560568,250
BT-HQ,740,6552,6447,0.01602564102564108,6782,6684,0.014450014744913031,7909,6713,0.15122012896699966,9794,10767,0,8519,8406,0.013264467660523582,8372,8266,0.012661251791686534,6948,6865,0.011945883707541793,7357,7255,0.01386434688052196,7377,7277,0.013555645926528359,6768,6677,0.013445626477541328,6833,6753,0.011707888189667837,6352,6249,0.016215365239294677,,89563,88359,0.013443051260006889,59
BT-HQ,740A,10413,10170,0.023336214347450257,11590,11325,0.02286453839516822,12266,11930,0.027392793086580824,15683,14925,0.04833258942804308,13637,13190,0.032778470338050925,13460,12981,0.03558692421991083,11247,11533,0,12464,12208,0.020539152759948665,12563,12284,0.022208071320544476,11700,11445,0.02179487179487183,12019,11754,0.022048423329727895,11461,11087,0.03263240554925395,,148503,144832,0.02472003932580491,84
BT-HQ,741,10907,10547,0.033006326212524084,11172,10730,0.039563193698532007,12242,11752,0.040026139519686366,16589,15954,0.03827837723792871,13270,12741,0.03986435568952529,13024,12504,0.03992628992628988,11371,10922,0.03948641280450271,12712,12203,0.04004090623033352,13429,12836,0.04415816516494153,13012,12494,0.039809406701506345,13107,12601,0.03860532539864192,12098,11678,0.03471648206315092,,152933,146962,0.039043241157892705,83
BT-HQ,742,9769,9560,0.021394206162350327,11037,10806,0.020929600434900775,11694,11440,0.021720540448093018,15890,15485,0.025487728130899945,13561,13223,0.02492441560356906,13403,13107,0.02208460792359923,11013,10816,0.01788795060383186,11750,11494,0.021787234042553227,12198,11949,0.020413182488932646,11585,11322,0.022701769529564042,11796,11535,0.022126144455747676,10887,10630,0.023606135758243774,,144583,141367,0.022243278947040812,154
BT-HQ,743,9406,9148,0.027429300446523475,9994,9803,0.019111466880128103,10305,10121,0.01785540999514801,13882,13529,0.02542861259184559,11477,11278,0.01733902587784264,11340,11142,0.01746031746031751,9139,8944,0.02133712660028453,9837,9635,0.02053471586865918,10343,10122,0.02136710818911336,9554,9340,0.02239899518526267,9726,9508,0.022414147645486326,8985,8784,0.022370617696160222,,123988,121354,0.021243991354002012,123
BT-HQ,743A,393,393,0,324,324,0,451,450,0.0022172949002217113,527,527,0,612,610,0.0032679738562091387,558,558,0,584,584,0,537,536,0.0018621973929237035,532,532,0,434,434,0,401,400,0.0024937655860348684,438,438,0,,5791,5786,0.0008634087376964139,1
BT-HQ,743B,0,0,,5,4,0.19999999999999996,71,69,0.028169014084507005,112,112,0,80,79,0.012499999999999956,108,106,0.01851851851851849,87,84,0.03448275862068961,142,139,0.021126760563380254,119,114,0.04201680672268904,124,120,0.032258064516129004,146,142,0.0273972602739726,175,172,0.017142857142857126,,1169,1141,0.0239520958083832,3
BT-HQ,744,4720,4605,0.024364406779661008,4752,4661,0.01914983164983164,4817,4761,0.011625493045464008,6184,6076,0.017464424320827954,5510,5419,0.016515426497277663,5061,4969,0.01817822564710536,3696,3586,0.029761904761904767,3964,3873,0.022956609485368262,4103,4004,0.024128686327077764,3980,3876,0.026130653266331683,4167,4053,0.02735781137508997,4157,4048,0.026220832331007915,,55111,53931,0.021411333490591766,83
BT-HQ,744A,0,0,,0,0,,78,16,0.7948717948717949,283,276,0.02473498233215543,430,430,0,419,416,0.007159904534606243,393,385,0.020356234096692072,426,421,0.011737089201877882,671,666,0.007451564828613977,475,468,0.01473684210526316,492,483,0.018292682926829285,445,439,0.013483146067415741,,4112,4000,0.027237354085603127,6
BT-HQ,744B,541,511,0.055452865064695045,980,970,0.010204081632653073,1307,1295,0.009181331293037442,1798,1785,0.007230255839822064,1365,1355,0.0073260073260073,1519,1505,0.009216589861751112,1004,992,0.01195219123505975,1055,1046,0.008530805687203769,1261,1252,0.007137192704202988,1159,1143,0.01380500431406384,1255,1242,0.01035856573705174,912,902,0.010964912280701733,,14156,13998,0.011161345012715485,9
BT-HQ,744C,0,0,,27,26,0.03703703703703709,75,74,0.013333333333333308,74,74,0,50,50,0,50,50,0,64,62,0.03125,51,50,0.019607843137254943,30,28,0.06666666666666665,13,10,0.23076923076923073,23,20,0.13043478260869568,8,7,0.125,,465,451,0.03010752688172047,1
BT-HQ,744D,0,0,,0,0,,0,0,,789,789,0,1637,1630,0.004276114844227297,2173,2158,0.006902899217671399,1759,1740,0.010801591813530464,1825,1807,0.009863013698630185,1961,1937,0.012238653748087747,2094,2065,0.01384909264565426,2033,2007,0.012788981800295085,1741,1719,0.01263641585295805,,16012,15852,0.009992505620784464,10
BT-HQ,745,18164,17373,0.04354767672318871,19702,18879,0.041772408892498225,20756,19894,0.041530159953748313,26383,25253,0.04283061062047533,22286,21162,0.05043525083011757,22284,21387,0.04025309639203012,18853,18101,0.039887551052882886,20441,19619,0.04021329680544006,20652,19766,0.04290141390664337,19992,19187,0.040266106442577,20406,19544,0.04224247770263645,18317,17528,0.04307473931320627,,248236,237693,0.042471680175316995,345
BT-HQ,745A,0,0,,0,0,,0,0,,0,0,,0,0,,0,0,,0,0,,0,0,,0,0,,0,0,,0,0,,0,0,,,0,0,,0
BT-HQ,746,22902,22362,0.023578726748755607,23572,22959,0.026005430171389787,26414,25821,0.022450215794654338,32678,31932,0.02282881449293106,28835,28224,0.02118952661695861,28399,27710,0.024261417655551232,23636,23099,0.022719580301235442,24945,24445,0.020044097013429574,26388,25813,0.02179020767015305,25702,25043,0.025640028013384164,27790,27123,0.024001439366678645,25746,24485,0.048978482094305886,,317007,309016,0.025207645257044775,54
BT-HQ,746A,3686,3636,0.013564839934888773,3580,3527,0.014804469273743015,3935,3875,0.015247776365946653,5213,5128,0.016305390370228268,4144,4082,0.01496138996138996,4302,4246,0.013017201301720127,4018,3960,0.014435042309606794,4269,4207,0.014523307566174704,4966,4892,0.01490132903745467,5231,5148,0.01586694704645386,4994,4920,0.01481778133760514,5144,5064,0.015552099533437058,,53482,52685,0.014902210089375867,11
BT-HQ,746B,0,0,,0,0,,0,0,,0,0,,0,0,,0,0,,0,0,,0,0,,172,181,0,479,554,0,847,850,0,609,619,0,,2107,2204,0,2
BT-HQ,747,13974,13521,0.032417346500644095,14577,14111,0.03196816903340882,16113,15686,0.026500341339291245,20712,20061,0.031431054461181884,16473,16036,0.026528258362168433,16068,15578,0.030495394573064494,13815,13331,0.03503438291711902,15460,15019,0.028525226390685665,15801,15277,0.033162458072273915,14764,14274,0.03318883771335679,14204,13747,0.03217403548296249,13209,12768,0.03338632750397452,,185170,179409,0.031111951179996766,154
BT-HQ,747A,0,0,,215,168,0.2186046511627907,189,183,0.031746031746031744,197,193,0.02030456852791873,146,141,0.03424657534246578,213,208,0.023474178403755874,236,230,0.025423728813559365,334,326,0.0239520958083832,342,334,0.023391812865497075,308,302,0.01948051948051943,276,269,0.025362318840579712,250,242,0.03200000000000003,,2706,2596,0.04065040650406504,5
BT-HQ,747B,21,17,0.19047619047619047,32,29,0.09375,50,47,0.06000000000000005,59,56,0.05084745762711862,83,81,0.02409638554216864,101,95,0.05940594059405946,94,90,0.04255319148936165,131,125,0.04580152671755722,133,127,0.045112781954887216,162,156,0.03703703703703709,171,165,0.03508771929824561,146,142,0.0273972602739726,,1183,1130,0.04480135249366024,5
BT-HQ,748,21600,21380,0.010185185185185186,23040,22804,0.010243055555555602,25560,25321,0.00935054773082944,29760,29465,0.009912634408602128,26970,26675,0.01093807934742308,27120,26850,0.009955752212389424,23190,22924,0.011470461405778343,25080,24857,0.00889154704944184,25020,24760,0.010391686650679466,22980,22732,0.010791993037423842,24000,23770,0.009583333333333388,21450,21250,0.009324009324009341,,295770,292788,0.010082158433918242,1
BT-HQ,749,11130,11006,0.011141060197663921,12660,12514,0.011532385466034745,14700,14425,0.018707482993197244,18060,17942,0.006533776301218208,16260,16040,0.013530135301353052,16380,16192,0.011477411477411437,13230,13079,0.011413454270597145,13830,13662,0.012147505422993476,12720,12586,0.010534591194968579,13410,13230,0.01342281879194629,12990,12852,0.010623556581986104,11400,11236,0.014385964912280724,,166770,164764,0.012028542303771705,1
BT-HQ,750,21000,20749,0.011952380952380937,22680,22411,0.011860670194003498,17040,16827,0.012499999999999956,0,0,,0,0,,0,0,,0,0,,0,0,,0,0,,0,0,,0,0,,0,0,,,60720,59987,0.012071805006587666,0
BT-HQ,751,376260,376380,0,433590,433730,0,461110,461260,0,459270,459420,0,414860,414990,0,342900,342990,0,277510,277600,0,329380,329470,0,481720,481840,0,507330,507480,0,520880,521040,0,455210,455330,0,,5060020,5061530,0,1
BT-HQ,752,12990,12954,0.0027713625866050418,15090,15023,0.004440026507620987,16530,16458,0.00435571687840286,21150,21126,0.0011347517730496692,18540,18476,0.0034519956850054268,18270,18173,0.005309250136836363,15150,15102,0.003168316831683171,16320,16292,0.0017156862745097978,15240,15181,0.003871391076115449,16320,16261,0.003615196078431415,15750,15684,0.004190476190476189,13800,13776,0.0017391304347825765,,195150,194506,0.0033000256213169266,1
BT-HQ,753,403150,403040,0.00027285129604370795,449620,449460,0.0003558560562252344,481210,481000,0.0004363999085638115,546540,546250,0.0005306107512715874,500890,500640,0.0004991115813851588,499430,499190,0.00048054782452000566,443560,443370,0.0004283524213184453,457550,457330,0.00048082176811281574,441790,441610,0.0004074333959573906,441710,441510,0.00045278576441554197,456770,456570,0.00043785712721944314,409910,409780,0.0003171427874411048,,5532130,5529750,0.00043021404052323575,1
BT-HQ,754,2946,3004,0,2884,2944,0,3014,3083,0,3208,3294,0,2973,2368,0.20349815001681804,3158,3942,0,2896,3263,0,2984,3028,0,2965,3004,0,2876,2914,0,2930,2970,0,2842,2877,0,,35676,36691,0,1
BT-HQ,755,8070,7995,0.009293680297397744,8160,8040,0.014705882352941124,0,0,,0,0,,0,0,,0,0,,0,0,,0,0,,0,0,,0,0,,0,0,,0,0,,,16230,16035,0.01201478743068396,0
BT-HQ,756,13680,13523,0.011476608187134474,15450,15248,0.013074433656957929,2460,2410,0.020325203252032575,0,0,,0,0,,0,0,,0,0,,0,0,,0,0,,0,0,,0,0,,0,0,,,31590,31181,0.012947135169357415,0
BT-HQ,757,25260,25227,0.001306413301662701,28260,28276,0,31380,31385,0,38550,38551,0,36240,36238,5.518763796907855e-05,35460,35467,0,28080,28078,7.122507122503396e-05,30210,30210,0,28410,28403,0.00024639211545229855,30630,30646,0,30300,30281,0.0006270627062706646,26490,26537,0,,369270,369299,0,1
BT-HQ,758,25830,25862,0,27900,27929,0,30660,30649,0.0003587736464448765,34020,33969,0.0014991181657848518,28410,28323,0.0030623020063358375,28110,28104,0.0002134471718249209,23190,23244,0,25710,25721,0,24000,24038,0,24420,24435,0,25680,25684,0,21690,21792,0,,319620,319750,0,1
BT-HQ,759,37830,37917,0,41580,41579,2.4050024050037422e-05,48210,48311,0,51420,51447,0,36840,36870,0,35370,35429,0,27540,27577,0,32160,32206,0,30510,30497,0.00042608980662073304,32340,32397,0,31650,31726,0,27750,27767,0,,433200,433723,0,1
BT-HQ,759A,0,21180,0,0,22740,0,0,27360,0,0,34800,0,0,30810,0,0,30240,0,0,24270,0,0,27900,0,0,27450,0,0,27900,0,0,28080,0,0,23970,0,,0,326700,0,1
BT-HQ,760,0,21615,0,0,24685,0,0,27509,0,0,35994,0,0,31054,0,0,30007,0,0,24181,0,0,27422,0,0,25157,0,0,25765,0,0,25838,0,0,20630,0,,0,319857,0,1
BT-HQ,761,26664,26820,0,8400,8446,0,0,0,,0,0,,0,0,,0,0,,0,0,,0,0,,0,0,,0,0,,0,0,,0,0,,,35064,35266,0,0
BT-HQ,761A,0,6525,0,0,0,,0,0,,0,0,,0,0,,0,0,,0,0,,0,0,,0,0,,0,0,,0,0,,0,0,,,0,6525,0,0
BT-HQ,762,0,10040,0,0,11420,0,0,12400,0,0,14880,0,0,15300,0,0,16340,0,0,12460,0,0,12380,0,0,11460,0,0,11440,0,7930,24828,0,10239,10243,0,,18169,163191,0,1
BT-HQ,763,0,0,,0,0,,0,0,,0,0,,0,0,,0,0,,0,0,,0,0,,0,0,,0,0,,0,0,,0,0,,,0,0,,0
BT-HQ,764,6120,6150,0,0,0,,0,0,,0,0,,0,0,,0,0,,0,0,,0,0,,0,0,,0,0,,0,0,,0,0,,,6120,6150,0,0
BT-HQ,764A,0,4807,0,0,0,,0,0,,0,0,,0,0,,0,0,,0,0,,0,0,,0,0,,0,0,,0,0,,0,0,,,0,4807,0,0
BT-HQ,765,21432,20952,0.022396416573348232,22570,22027,0.02405848471422245,25864,25265,0.02315960408289519,32677,31964,0.02181962848486707,31134,30411,0.023222200809404514,30086,29448,0.021205876487402797,23536,22999,0.022816111488783153,25150,24605,0.021669980119284338,26446,25825,0.023481811994252477,23760,23153,0.02554713804713804,25979,25395,0.022479695138380995,23255,22728,0.022661793162760735,,311889,304772,0.02281901573957401,113
BT-HQ,766,252520,252620,0,290040,290090,0,477740,477870,0,426700,426660,9.374267635342548e-05,325960,325960,0,331510,331540,0,326230,326260,0,359970,359880,0.000250020835069642,428831,428990,0,614629,614860,0,562710,562870,0,438090,438170,0,,4834930,4835770,0,1
BT-HQ,767,555131,555007,0.0002233706998888696,622667,622518,0.00023929323378302225,696439,696262,0.0002541500404199537,805796,805607,0.0002345506803210773,714238,714079,0.00022261487067332109,699157,699010,0.0002102532049310657,597741,597628,0.00018904508809003406,655421,655294,0.0001937685853825588,572140,572026,0.0001992519313455121,551101,550973,0.00023226232578055228,602060,601901,0.0002640932797395301,539724,539617,0.00019824947565794115,,7611615,7609922,0.00022242323081234083,1
BT-HQ,768,86694,86800,0,99727,99800,0,114880,115000,0,134860,135000,0,125851,126000,0,116131,116300,0,94551,94600,0,91264,91400,0,82165,82200,0,80042,80200,0,82262,82300,0,67768,67900,0,,1176195,1177500,0,1
BT-HQ,769,12160,12000,0.013157894736842146,14080,14010,0.004971590909090939,17440,17280,0.00917431192660545,18760,18600,0.008528784648187626,18720,18660,0.0032051282051281937,18960,18780,0.009493670886076,16640,16500,0.008413461538461564,18200,18120,0.00439560439560438,17960,17820,0.007795100222717122,17640,17490,0.008503401360544172,18200,18120,0.00439560439560438,15840,15750,0.005681818181818232,,204600,203130,0.007184750733137846,1
BT-HQ,770,0,32820,0,0,38100,0,0,43440,0,0,50520,0,0,50460,0,0,47400,0,0,33840,0,0,32160,0,26687,53414,0,37917,37909,0.00021098715615686103,41609,41594,0.00036049893051981474,33665,33663,5.940888162780933e-05,,139878,495320,0,1
BT-HQ,771,12840,12780,0.004672897196261627,14400,14430,0,17200,17130,0.0040697674418604946,19920,19830,0.004518072289156572,20000,19980,0.0010000000000000009,20080,20010,0.003486055776892427,16720,16650,0.004186602870813405,18640,18540,0.005364806866952843,17640,17580,0.003401360544217691,17320,17190,0.007505773672055405,18840,18840,0,19640,19590,0.002545824847250522,,213240,212550,0.0032357906584130625,1
BT-HQ,772,0,0,,0,0,,0,0,,0,0,,0,0,,0,0,,0,0,,0,0,,0,0,,0,0,,0,0,,0,0,,,0,0,,0
BT-HQ,773,9900,9716,0.018585858585858595,11670,11496,0.014910025706940888,13350,13115,0.017602996254681647,15900,15665,0.01477987421383653,13290,13090,0.015048908954100826,12210,12019,0.015642915642915645,10260,10096,0.015984405458089657,11760,11574,0.015816326530612268,10980,10821,0.014480874316939896,10350,10191,0.015362318840579703,10110,9940,0.016815034619188873,8790,8725,0.007394766780432271,,138570,136448,0.015313559933607612,46
BT-HQ,774,5768,5937,0,6050,6307,0,7469,7697,0,10005,10346,0,8930,9250,0,8429,8722,0,6463,6486,0,7106,7104,0.0002814522938362485,7322,7356,0,6622,6635,0,7316,7332,0,6150,6320,0,,87630,89492,0,56
BT-HQ,774A,2887,3064,0,3302,3622,0,4395,5042,0,6351,6923,0,5708,6188,0,5885,6105,0,4470,4502,0,5009,4989,0.003992812936713941,4964,4985,0,4223,4201,0.005209566658773368,4158,4232,0,3481,3697,0,,54833,57550,0,30
BT-HQ,775,22768,22408,0.015811665495432226,24731,24039,0.027981076381868863,29509,28620,0.030126402114609152,35791,34416,0.03841747925456118,33353,31828,0.045723023416184505,31707,30589,0.035260352603526,24115,23494,0.025751606883682387,27481,26720,0.027691859830428323,27490,26762,0.026482357220807606,23058,22436,0.02697545320496142,26524,25842,0.025712562207811818,22060,21831,0.010380779691749775,,328587,318985,0.02922209338774817,111
BT-HQ,775A,7877,7756,0.015361178113495022,9017,8877,0.01552622823555505,11276,11086,0.01684994678964169,15943,15702,0.015116352004014288,13988,13742,0.017586502716614216,14167,13935,0.01637608526858192,9897,9666,0.023340406183692042,12015,11908,0.008905534748231414,11324,11132,0.01695513952666905,10618,10439,0.01685816537954421,11263,11020,0.021575068809375875,8839,8602,0.026812987894558216,,136224,133865,0.017317066008926463,103
BT-HQ,776,126538,126589,0,156223,156264,0,209854,209918,0,91374,91403,0,0,35151,0,72630,37494,0.4837670384138786,39506,39516,0,24454,24461,0,126387,126417,0,212162,212258,0,205197,148368,0.2769484933990263,153137,133916,0.12551506167679916,,1417462,1341755,0.05341025015132683,1
BT-HQ,777,120544,240078,0,120591,121006,0,136603,137043,0,158531,159024,0,142708,143175,0,137410,137866,0,117454,117878,0,129371,129826,0,132086,132560,0,138028,138525,0,124788,125242,0,115046,115475,0,,1573160,1697698,0,1
BT-HQ,778,3840,3766,0.019270833333333348,3960,3854,0.026767676767676774,4320,4237,0.01921296296296293,5400,5307,0.01722222222222225,6930,6768,0.023376623376623384,5250,5133,0.022285714285714242,4830,4707,0.02546583850931672,4830,4742,0.018219461697722594,4800,4710,0.018750000000000044,4890,4765,0.02556237218813906,4530,4463,0.014790286975717493,4500,4412,0.019555555555555548,,58080,56864,0.020936639118457334,46
BT-HQ,779,0,0,,0,0,,0,0,,0,0,,0,0,,0,0,,0,0,,0,0,,0,0,,0,0,,0,0,,0,0,,,0,0,,0
BT-HQ,780,0,0,,0,0,,0,0,,0,0,,0,0,,0,0,,0,0,,0,0,,0,0,,0,0,,0,0,,0,0,,,0,0,,0
BT-HQ,781,0,0,,0,0,,0,0,,0,0,,0,0,,0,0,,0,0,,0,0,,0,0,,0,0,,0,0,,0,0,,,0,0,,0
BT-HQ,782,0,0,,0,0,,0,0,,0,0,,0,0,,0,0,,0,0,,0,0,,0,0,,0,0,,0,0,,0,0,,,0,0,,0
BT-HQ,786,190248,190581,0,203397,203740,0,224080,224452,0,260209,260631,0,232894,233281,0,225875,226259,0,194482,194836,0,216861,217262,0,226450,226863,0,225494,225935,0,225177,225603,0,197437,197810,0,,2622604,2627253,0,1
BT-HQ,787,358022,357802,0.0006144873778706206,350877,350668,0.0005956503276076663,358665,358447,0.0006078095158434937,314355,314151,0.0006489478455885545,324197,323984,0.0006570079303632737,284673,284487,0.000653381247958218,241958,241800,0.0006530058935848571,263643,263469,0.0006599833866250959,434116,433832,0.0006542030240764829,402990,402730,0.0006451772996848293,452185,451892,0.0006479648816303252,387716,387485,0.0005957969235212968,,4173397,4170747,0.0006349743386502293,1
BT-HQ,788,0,0,,0,0,,0,0,,0,0,,0,0,,0,0,,0,0,,0,0,,0,0,,0,0,,0,0,,0,0,,,0,0,,0
BT-HQ,789,0,0,,0,0,,0,0,,0,0,,0,0,,0,0,,0,0,,0,0,,0,0,,0,0,,0,0,,0,0,,,0,0,,0
BT-HQ,790,0,0,,0,0,,0,0,,0,0,,0,0,,0,0,,0,0,,0,0,,0,0,,0,0,,0,0,,0,0,,,0,0,,0
BT-HQ,791,0,0,,0,0,,0,0,,0,0,,0,0,,0,0,,0,0,,0,0,,0,0,,0,0,,0,0,,0,0,,,0,0,,0
BT-HQ,792,0,0,,0,0,,0,0,,0,0,,0,0,,0,0,,0,0,,0,0,,0,0,,0,0,,0,0,,0,0,,,0,0,,0
BT-HQ,793,0,0,,0,0,,0,0,,0,0,,0,0,,0,0,,0,0,,0,0,,0,0,,0,0,,0,0,,0,0,,,0,0,,0
BT-HQ,794,0,0,,0,0,,0,0,,0,0,,0,0,,0,0,,0,0,,0,0,,0,0,,0,0,,0,0,,0,0,,,0,0,,0
BT-HQ,795,0,0,,0,0,,0,0,,0,0,,0,0,,0,0,,0,0,,0,0,,0,0,,0,0,,0,0,,0,0,,,0,0,,0
BT-HQ,796,0,0,,0,0,,0,0,,0,0,,0,0,,0,0,,0,0,,0,0,,0,0,,0,0,,0,0,,0,0,,,0,0,,0
BT-HQ,797,7342,7281,0.008308362843911787,7972,7909,0.007902659307576498,9030,8965,0.007198228128460715,10566,3684,0.6513344690516751,9166,13427,0,8687,8510,0.020375273397030047,7785,7617,0.02157996146435448,9196,9006,0.02066115702479343,8727,8546,0.020740231465566583,8768,8584,0.02098540145985406,8515,8344,0.020082207868467372,7281,7140,0.019365471775855014,,103035,99013,0.03903527927403305,1
BT-HQ,798,0,2852,0,0,2984,0,0,3226,0,0,3881,0,0,3384,0,0,3229,0,0,2844,0,0,3309,0,0,3251,0,0,3401,0,0,3244,0,0,2793,0,,0,38398,0,1
BT-HQ,799,13156,12813,0.026071754332623875,14708,14302,0.02760402502039705,16003,15560,0.027682309566956165,18239,17735,0.027633093919622764,15620,15192,0.027400768245838703,16345,15864,0.029427959620679123,14438,13982,0.03158332178972156,15234,14733,0.032886963371406064,15750,15272,0.030349206349206348,17728,17196,0.030009025270758105,16964,16488,0.02805941994812544,15235,14814,0.02763373810305214,,189420,183951,0.028872347165030066,1
BT-HQ,800,22087,21613,0.021460587676008558,21139,20634,0.0238894933535172,26952,26265,0.02548975957257349,31529,30729,0.025373465698246056,37907,36948,0.025298757485424872,34257,33509,0.021834953440172833,30044,29343,0.023332445746238828,26238,25656,0.022181568717127842,29919,29289,0.02105685350446207,27663,26646,0.03676390846979716,26843,26505,0.012591737138173853,27146,26373,0.028475650187873014,,341724,333510,0.024036942093619396,107
BT-HQ,8001,0,1586,0,0,2075,0,0,2255,0,0,2320,0,0,1927,0,0,1825,0,0,1652,0,0,1752,0,0,1703,0,0,1592,0,0,1510,0,0,1306,0,,0,21503,0,1
BT-HQ,8002,0,2848,0,0,3099,0,0,4059,0,0,4272,0,0,3451,0,0,3319,0,0,2811,0,0,3199,0,0,3198,0,0,3146,0,0,3053,0,0,2809,0,,0,39264,0,1
BT-HQ,8003,0,2835,0,0,3437,0,0,3703,0,0,4333,0,0,3482,0,0,3371,0,0,2790,0,0,3253,0,1501,2835,0,3023,3023,0,2867,2870,0,2673,2675,0,,10064,38607,0,1
BT-HQ,8004,0,7573,0,0,8232,0,0,8703,0,0,10126,0,0,8848,0,0,8714,0,0,7678,0,0,8025,0,0,8036,0,0,7771,0,0,7789,0,0,7088,0,,0,98583,0,1
BT-HQ,8005,0,2487,0,0,2798,0,0,3008,0,0,3485,0,0,3289,0,0,3513,0,0,2720,0,0,3156,0,0,3003,0,0,2895,0,0,2772,0,0,2463,0,,0,35589,0,1
BT-HQ,8006,0,2205,0,0,2468,0,0,2681,0,0,3077,0,0,2680,0,0,2421,0,0,2221,0,0,2472,0,0,2495,0,0,3016,0,0,3376,0,0,2921,0,,0,32033,0,1
BT-HQ,8007,0,3948,0,0,4303,0,0,4630,0,0,5393,0,0,4576,0,0,4355,0,0,3879,0,0,4419,0,0,4449,0,0,4318,0,0,4306,0,0,3583,0,,0,52159,0,1
BT-HQ,8008,0,1444,0,0,1522,0,0,1786,0,0,2094,0,0,1770,0,0,1623,0,0,1484,0,0,1642,0,0,1520,0,0,1684,0,0,1713,0,0,1521,0,,0,19803,0,1
BT-HQ,8009,0,4440,0,0,5285,0,0,5642,0,0,6440,0,0,5460,0,0,5259,0,0,4587,0,0,5111,0,0,5101,0,0,4913,0,0,5031,0,0,3996,0,,0,61265,0,1
BT-HQ,801,0,0,,0,0,,0,0,,0,0,,0,0,,0,0,,0,0,,0,0,,0,0,,0,0,,0,0,,0,0,,,0,0,,0
BT-HQ,8010,0,2785,0,0,2731,0,0,2710,0,0,2917,0,0,2635,0,0,2782,0,0,2383,0,0,2642,0,0,2516,0,0,2481,0,0,2595,0,0,2676,0,,0,31853,0,1
BT-HQ,8011,0,3398,0,0,3827,0,0,4219,0,0,4540,0,0,4132,0,0,3880,0,0,3226,0,0,3661,0,0,3641,0,0,3876,0,0,3869,0,0,3653,0,,0,45922,0,1
BT-HQ,8012,0,720,0,0,724,0,0,899,0,0,1109,0,0,887,0,0,977,0,0,872,0,0,969,0,0,925,0,0,853,0,0,907,0,0,779,0,,0,10621,0,1
BT-HQ,8013,0,1903,0,0,2437,0,0,2608,0,0,2874,0,0,2337,0,0,2172,0,0,1936,0,0,2245,0,0,2210,0,0,2088,0,0,2199,0,0,1961,0,,0,26970,0,1
BT-HQ,8014,0,2498,0,0,2625,0,0,3224,0,0,3960,0,0,3519,0,0,3564,0,0,2866,0,0,3261,0,0,3054,0,0,3078,0,0,3168,0,0,2787,0,,0,37604,0,1
BT-HQ,8015,0,3093,0,0,3437,0,0,3979,0,0,4772,0,0,4197,0,0,3698,0,0,3127,0,0,3407,0,0,3356,0,0,3553,0,0,3427,0,0,3457,0,,0,43503,0,1
BT-HQ,8016,0,2220,0,0,2400,0,0,2760,0,0,3300,0,0,2550,0,0,2460,0,0,2370,0,0,2640,0,0,2580,0,0,2880,0,0,2910,0,0,2520,0,,0,31590,0,1
BT-HQ,8017,0,1665,0,0,1778,0,0,1955,0,0,1638,0,0,2340,0,0,2050,0,0,1948,0,0,2238,0,0,1403,0,0,1017,0,0,2048,0,0,2146,0,,0,22226,0,1
BT-HQ,8018,0,4577,0,0,4893,0,0,5232,0,0,6372,0,0,5339,0,0,5111,0,0,4300,0,0,4800,0,0,4895,0,0,4951,0,0,5056,0,0,4276,0,,0,59802,0,1
BT-HQ,8019,0,3332,0,0,3656,0,0,3869,0,0,4922,0,0,4049,0,0,4147,0,0,3287,0,0,3817,0,0,3821,0,0,3831,0,0,3629,0,0,3315,0,,0,45675,0,1
BT-HQ,802,0,0,,0,0,,0,0,,0,0,,0,0,,0,0,,0,0,,0,0,,0,0,,0,0,,0,0,,0,0,,,0,0,,0
BT-HQ,8020,0,2677,0,0,2635,0,0,2362,0,0,2197,0,0,1828,0,0,1934,0,0,1649,0,0,1774,0,0,1768,0,0,2219,0,0,2182,0,0,2190,0,,0,25415,0,1
BT-HQ,8021,0,4424,0,0,4505,0,0,5054,0,0,5696,0,0,4561,0,0,4660,0,0,4420,0,0,4839,0,0,4820,0,0,4712,0,0,4482,0,0,4037,0,,0,56210,0,1
BT-HQ,8022,0,1938,0,0,2263,0,0,2293,0,0,2682,0,0,2220,0,0,2381,0,0,1939,0,0,2106,0,0,2324,0,0,2395,0,0,2356,0,0,1909,0,,0,26806,0,1
BT-HQ,8023,0,1200,0,0,1280,0,0,1400,0,0,1320,0,0,1240,0,0,1080,0,0,960,0,0,1240,0,0,1200,0,0,1240,0,0,1320,0,0,1280,0,,0,14760,0,1
BT-HQ,8024,0,3600,0,0,4240,0,0,4600,0,0,5320,0,0,4840,0,0,4960,0,0,4240,0,0,4360,0,0,4240,0,0,3880,0,0,4160,0,0,3560,0,,0,52000,0,1
BT-HQ,8025,0,2800,0,0,3000,0,0,3640,0,0,4320,0,0,4520,0,0,3360,0,0,2280,0,0,2800,0,0,2560,0,0,2400,0,0,2520,0,0,2640,0,,0,36840,0,1
BT-HQ,8026,0,1240,0,0,1360,0,0,1600,0,0,1920,0,0,1720,0,0,1600,0,0,1240,0,0,1480,0,0,1480,0,0,1680,0,0,1400,0,0,1240,0,,0,17960,0,1
BT-HQ,8027,0,1305,0,0,1363,0,0,1548,0,0,1639,0,0,1457,0,0,1569,0,0,1243,0,0,1445,0,0,1466,0,0,1414,0,0,1345,0,0,1279,0,,0,17073,0,1
BT-HQ,8028,0,1679,0,0,1718,0,0,1837,0,0,2042,0,0,1781,0,0,1795,0,0,1566,0,0,1658,0,0,1613,0,0,1708,0,0,1841,0,0,1757,0,,0,20995,0,1
BT-HQ,8029,0,2040,0,0,2200,0,0,2520,0,0,2840,0,0,2240,0,0,2520,0,0,2240,0,0,2280,0,0,2120,0,0,2120,0,0,2080,0,0,1840,0,,0,27040,0,1
BT-HQ,803,61791,59515,0.03683384311631144,65004,62529,0.03807458002584452,82208,78230,0.04838945114830673,109787,104068,0.05209177771503004,99547,94012,0.05560187650054749,98454,94097,0.04425416945984928,79347,76061,0.04141303388911999,82674,79337,0.04036335486368148,86991,83605,0.03892356680576148,76125,73321,0.0368341543513957,81027,77779,0.040085403630888417,74289,71543,0.03696374968030258,,997244,954097,0.043266241762296875,229
BT-HQ,803A,8754,8752,0.00022846698652045916,9388,9384,0.0004260758414997845,10103,10101,0.00019796100168267827,12907,12904,0.00023243201363598587,13498,13491,0.0005185953474589056,14360,14354,0.0004178272980501774,9901,9894,0.0007069992930006652,10938,10934,0.0003656975681112229,12827,12820,0.0005457238637249784,12346,12340,0.00048598736432847733,11992,11986,0.0005003335557037802,8551,8550,0.00011694538650453001,,135565,135510,0.0004057094382768911,1
BT-HQ,804,2400,2369,0.012916666666666687,2306,2272,0.014744145706851675,3477,3439,0.010928961748633892,5392,5325,0.012425816023738823,5626,5553,0.012975471027372953,5030,4970,0.011928429423459286,3839,3785,0.014066163063297776,4053,4009,0.010856155933876122,5028,4965,0.01252983293556087,3875,3826,0.01264516129032256,4593,4520,0.015893751360766428,4983,4935,0.009632751354605618,,50602,49968,0.012529149045492294,28
BT-HQ,804A,4024,3987,0.009194831013916493,4319,4270,0.011345218800648316,6267,6177,0.014360938247965582,9336,9177,0.017030848329048887,9346,9166,0.019259576289321623,7570,7456,0.015059445178335573,4698,4644,0.011494252873563204,4448,4419,0.006519784172661858,5180,5122,0.011196911196911241,4211,4158,0.012586084065542624,5156,5089,0.0129945694336695,4879,4835,0.009018241442918629,,69434,68500,0.01345162312411785,44
BT-HQ,805,38354,37467,0.02312666214736403,40438,39535,0.022330481230525723,37572,36710,0.022942616842329344,44105,43075,0.02335336129690513,51132,49844,0.025189705077055424,49231,47722,0.030651418821474263,39902,39010,0.022354769184502077,43982,42936,0.023782456459460644,41273,40310,0.02333244493979114,37489,36615,0.023313505294886516,39434,38512,0.023380838870010634,38986,38085,0.023110860308828807,,501898,489821,0.024062658149663907,99
BT-HQ,805A,11258,11232,0.002309468822170868,11851,11832,0.0016032402328917117,13478,13456,0.001632289657219177,19058,19000,0.003043341378948461,17377,17342,0.0020141566438395264,15946,15933,0.0008152514737238548,13107,13167,0,15640,15616,0.001534526854219953,15000,14969,0.002066666666666661,15005,14958,0.003132289236920993,14891,14820,0.004767980659458715,12291,12256,0.002847612073875183,,174902,174581,0.001835313489840007,134
BT-HQ,806,3121,3125,0,4680,4691,0,5903,5821,0.01389124174148737,6494,6616,0,6505,6528,0,5532,5550,0,4453,4468,0,5689,5709,0,5022,5037,0,3958,3968,0,4585,4598,0,3543,3550,0,,59485,59661,0,1
BT-HQ,807,0,5507,0,0,6100,0,0,6623,0,0,8296,0,0,6935,0,0,7094,0,0,5778,0,0,6728,0,0,6214,0,0,6351,0,0,6274,0,0,5319,0,,0,77219,0,1
BT-HQ,807A,0,10563,0,0,12271,0,0,13995,0,0,17617,0,0,15876,0,0,15221,0,0,11911,0,0,14044,0,0,12871,0,0,12889,0,0,13056,0,0,10934,0,,0,161248,0,1
BT-HQ,808,13732,13200,0.03874162540052428,14541,13975,0.03892442060380996,16414,15791,0.03795540392347996,23544,22577,0.04107203533809034,19063,18174,0.04663484236479043,18344,17437,0.04944395987788919,15025,14554,0.03134775374376042,16016,15520,0.03096903096903092,17135,16512,0.036358330901663294,16297,15745,0.03387126464993562,17357,16778,0.033358299245261236,14967,14441,0.03514398343021319,,202435,194704,0.0381900363079507,152
BT-HQ,809,0,6618,0,0,7401,0,0,8118,0,0,10591,0,0,9255,0,0,9315,0,0,7657,0,0,8226,0,0,7849,0,0,7846,0,0,7525,0,0,6466,0,,0,96867,0,1
BT-HQ,810,0,7139,0,0,8142,0,0,9675,0,0,12170,0,0,10558,0,0,10336,0,0,7694,0,0,8716,0,0,8411,0,0,8449,0,0,8073,0,0,6837,0,,0,106200,0,1
BT-HQ,811,0,10275,0,0,11152,0,0,12586,0,0,15652,0,0,13803,0,0,14000,0,0,11882,0,0,12278,0,0,12136,0,0,13046,0,0,12509,0,0,11086,0,,0,150405,0,1
BT-HQ,811A,0,10073,0,0,11600,0,0,13655,0,0,15990,0,0,14429,0,0,13951,0,0,10770,0,0,12526,0,0,11780,0,0,12871,0,0,13056,0,0,10920,0,,0,151621,0,1
BT-HQ,811B,7830,7689,0.018007662835249016,9150,8923,0.02480874316939896,10500,10325,0.01666666666666672,13110,12883,0.01731502669717777,11700,11468,0.019829059829059803,10830,10652,0.016435826408125576,8940,8744,0.021923937360178947,10380,10221,0.01531791907514446,9270,9089,0.01952535059331173,9090,8903,0.02057205720572053,8790,8649,0.01604095563139929,8460,8290,0.02009456264775411,,118050,115836,0.01875476493011441,1
BT-HQ,811C,11150,11109,0.0036771300448430466,12100,12045,0.004545454545454519,13850,13812,0.0027436823104692865,16750,16690,0.0035820895522388208,15200,15141,0.0038815789473684026,14750,14712,0.0025762711864406596,11350,11261,0.007841409691629941,13450,13424,0.0019330855018587778,12250,12273,0,13100,13029,0.005419847328244298,13150,13079,0.005399239543726231,11400,11355,0.003947368421052588,,158500,157930,0.0035962145110409738,1
BT-HQ,812,30250,30360,0,35050,35120,0,41000,41120,0,47850,47920,0,44850,44840,0.00022296544035671495,45450,45440,0.00022002200220017087,33850,34000,0,39150,39160,0,37250,37280,0,37300,37360,0,39750,39800,0,31250,31320,0,,463000,463720,0,1
BT-HQ,813,49440,49040,0.008090614886731351,55600,55200,0.007194244604316502,63200,62720,0.0075949367088608,72720,72080,0.008800880088008833,68400,67760,0.009356725146198785,65200,64640,0.008588957055214674,55600,55200,0.007194244604316502,61280,60800,0.007832898172323799,59280,58800,0.0080971659919028,57840,57440,0.006915629322268302,58800,58320,0.008163265306122436,51200,50880,0.006249999999999978,,718560,712880,0.00790469828545981,1
BT-HQ,813A,0,78600,0,0,87480,0,0,98400,0,0,117360,0,0,107520,0,0,102360,0,0,86160,0,0,94560,0,0,91800,0,0,88560,0,0,92160,0,0,80160,0,,0,1125120,0,1
BT-HQ,813B,0,0,,0,0,,0,0,,0,0,,0,0,,0,0,,0,0,,0,20295,0,0,43975,0,0,43569,0,0,44077,0,0,37584,0,,0,189500,0,1
BT-HQ,814,0,4400,0,0,4760,0,0,5400,0,0,6120,0,0,6080,0,0,5640,0,0,4800,0,0,5520,0,0,5400,0,0,5360,0,0,5440,0,0,4840,0,,0,63760,0,1
BT-HQ,815,1841,1816,0.013579576317218955,2299,2268,0.013484123531970371,2349,2313,0.01532567049808431,2038,2007,0.01521099116781155,1591,1566,0.015713387806411072,1562,1540,0.014084507042253502,1180,1160,0.016949152542372836,1376,1356,0.014534883720930258,1261,1243,0.014274385408405976,1254,1237,0.013556618819776767,1298,1280,0.013867488443759624,1202,1185,0.014143094841930104,,19251,18971,0.01454469897667654,1
BT-HQ,816,40880,40680,0.004892367906066508,44560,44340,0.004937163375224429,49280,49080,0.0040584415584415945,52160,51960,0.0038343558282208923,54880,54600,0.005102040816326481,55040,54780,0.004723837209302362,43520,43320,0.004595588235294157,44560,44340,0.004937163375224429,45440,45240,0.004401408450704247,38720,38520,0.005165289256198302,41040,40860,0.004385964912280715,37680,37500,0.004777070063694322,,547760,545220,0.004637067328757127,1
BT-HQ,816A,7991,7987,0.0005005631335252003,8535,8533,0.00023432923257171723,9288,9287,0.00010766580534027348,10744,10743,9.307520476542486e-05,9816,9814,0.00020374898125508079,10005,10003,0.00019990004997505473,9215,9214,0.00010851871947914482,9736,9734,0.00020542317173377622,9567,9566,0.00010452597470467229,9904,9902,0.0002019386106623111,10098,10095,0.0002970885323826389,8825,8822,0.0003399433427762055,,113724,113700,0.00021103724807425284,1
BT-HQ,817,0,8156,0,0,9167,0,0,11876,0,0,10833,0,0,11344,0,0,10858,0,0,7613,0,0,10029,0,0,9486,0,0,9896,0,0,10291,0,0,8586,0,,0,118135,0,1
BT-HQ,817A,903,894,0.009966777408637828,1062,1054,0.007532956685499026,1030,1026,0.003883495145631022,1068,1066,0.0018726591760299671,1117,1109,0.0071620411817368,1299,1290,0.006928406466512715,828,823,0.006038647342995196,738,736,0.0027100271002710175,508,505,0.0059055118110236116,458,457,0.0021834061135370675,481,479,0.004158004158004158,443,440,0.006772009029345383,,9935,9879,0.005636638147961781,1
BT-HQ,817B,490,490,0,558,557,0.0017921146953404632,672,668,0.005952380952380931,781,778,0.003841229193341844,747,746,0.0013386880856760541,724,720,0.0055248618784530246,688,686,0.0029069767441860517,681,677,0.005873715124816492,782,780,0.002557544757033292,655,651,0.006106870229007688,683,681,0.002928257686676372,585,583,0.0034188034188034067,,8046,8017,0.0036042754163559954,1
BT-HQ,818,11805,11508,0.025158831003812,13558,13247,0.02293848650243402,14359,14050,0.021519604429277805,16089,15747,0.021256759276524373,15115,14799,0.020906384386371157,14533,14216,0.021812426890524983,10450,10209,0.023062200956937784,12429,12151,0.022367044814546655,11785,11515,0.02291047942299529,11542,11272,0.0233928261999653,11975,11698,0.023131524008350723,12078,11796,0.023348236462990557,,155718,152208,0.022540746734481587,1
BT-HQ,819,0,12792,0,0,18480,0,0,18495,0,0,17021,0,0,17792,0,0,17834,0,0,15152,0,0,15587,0,0,18701,0,0,18742,0,0,17866,0,0,16697,0,,0,205159,0,1
BT-HQ,82,90581,90642,0,167147,167255,0,151203,151307,0,111465,111547,0,85926,85984,0,57955,57995,0,102168,102184,0,55915,56005,0,96588,96653,0,157237,157380,0,215866,168672,0.21862637006290941,160021,143157,0.10538616806544143,,1452072,1388781,0.04358668165214952,1
BT-HQ,820,0,9091,0,0,10278,0,0,12083,0,0,13911,0,0,13432,0,0,12646,0,0,10451,0,0,11212,0,0,11351,0,0,11432,0,0,11762,0,0,10407,0,,0,138056,0,1
BT-HQ,820A,0,26160,0,0,28640,0,0,32720,0,0,37440,0,0,36480,0,0,34960,0,0,29440,0,0,31840,0,0,31440,0,0,31040,0,0,30880,0,0,28080,0,,0,379120,0,1
BT-HQ,821,5691,5706,0,6492,6490,0.00030807147258160583,7392,7367,0.0033820346320346806,8407,8353,0.006423218746282822,8184,8137,0.005742913000977512,7757,7714,0.005543380172747248,6493,6470,0.0035422762975512168,7016,6989,0.0038483466362599916,7178,7152,0.003622178879910787,7117,7084,0.004636785162287493,7314,7286,0.003828274541974319,6546,6537,0.001374885426214445,,85587,85285,0.003528573264631296,1
BT-HQ,821A,0,2680,0,0,2940,0,0,3600,0,0,4580,0,0,4740,0,0,4060,0,0,3020,0,0,3900,0,0,4340,0,0,3740,0,0,3420,0,0,3360,0,,0,44380,0,1
BT-HQ,822,5692,5634,0.01018973998594519,6337,6361,0,7777,7732,0.005786292915005764,8690,8652,0.004372842347525885,8391,8329,0.00738886902633773,7797,7736,0.007823521867384886,6062,6022,0.006598482349059687,6709,6659,0.007452675510508322,6209,6163,0.0074086004187470245,6361,6312,0.007703191322119163,6013,5973,0.006652253450856516,5440,5405,0.006433823529411797,,81478,80978,0.006136625837649401,1
BT-HQ,823,25200,25220,0,28080,28302,0,32040,33073,0,37920,37670,0.00659282700421937,35040,34786,0.007248858447488571,30760,0,1,26160,0,1,30800,102263,0,29120,29600,0,29120,29911,0,29440,29345,0.003226902173913082,27080,26907,0.006388478581979329,,360760,377077,0,1
BT-HQ,823A,0,46150,0,0,47000,0,0,43700,0,0,54650,0,0,25350,0,0,47550,0,0,47450,0,0,46750,0,0,46050,0,0,44300,0,0,45900,0,0,45850,0,,0,540700,0,1
BT-HQ,824,39360,38720,0.016260162601625994,44220,43480,0.01673450927182274,48930,48120,0.016554261189454356,55680,54720,0.017241379310344862,53850,52920,0.017270194986072407,51990,51040,0.018272744758607407,44520,43840,0.015274034141958714,43950,43240,0.016154721274175166,19200,18920,0.014583333333333282,19650,19480,0.00865139949109417,20460,20240,0.010752688172043001,22110,21880,0.010402532790592445,,463920,456600,0.01577858251422659,1
BT-HQ,825,0,3127,0,0,3597,0,0,3970,0,0,4149,0,0,3735,0,0,3670,0,0,3369,0,0,3926,0,0,3499,0,0,3850,0,0,3713,0,0,3191,0,,0,43796,0,1
BT-HQ,826,11694,11557,0.011715409611766758,12434,12276,0.012707093453434126,13165,12991,0.013216862894037229,14946,14735,0.014117489629332236,14263,14062,0.014092406927013967,14099,13910,0.013405206042981788,12611,12453,0.012528744746649778,13713,13531,0.013272077590607445,13692,13505,0.013657610283377197,14064,13857,0.014718430034129648,14102,13898,0.014466033186781968,12863,12679,0.01430459457358313,,161646,159454,0.013560496393353327,1
BT-HQ,827,4007,3951,0.013975542800099827,4490,4431,0.013140311804008875,5145,5083,0.012050534499514098,5425,5358,0.012350230414746588,4761,4701,0.012602394454946486,4725,4664,0.012910052910052872,3844,3789,0.01430801248699276,4328,4275,0.012245841035120164,4227,4176,0.012065294535131277,4319,4268,0.011808288955776791,4455,4404,0.011447811447811485,4506,4460,0.010208610741233914,,54232,53560,0.01239120814279393,1
BT-HQ,828,11277,11225,0.004611155449144255,11632,11577,0.004728335625859725,8809,8767,0.004767851061414419,8035,7990,0.005600497822028649,6976,6935,0.005877293577981613,6674,6636,0.005693736889421652,5546,5517,0.005228993869455412,6326,6293,0.005216566550742985,6273,6247,0.004144747329826282,9131,9091,0.0043806811959259395,10347,10301,0.004445733062723445,11312,11261,0.0045084865629420046,,102338,101840,0.004866227598741446,1
BT-HQ,828A,0,6740,0,0,6760,0,0,7160,0,0,7820,0,0,7100,0,0,7240,0,0,6400,0,0,6840,0,0,7280,0,0,7020,0,0,7260,0,0,7040,0,,0,84660,0,1
BT-HQ,828B,0,300,0,0,280,0,0,260,0,0,300,0,0,320,0,0,360,0,0,300,0,0,380,0,0,380,0,0,320,0,0,280,0,0,320,0,,0,3800,0,1
BT-HQ,828C,0,1680,0,0,2040,0,0,2320,0,0,2460,0,0,2200,0,0,2160,0,0,1960,0,0,2140,0,0,2240,0,0,2320,0,0,2180,0,0,2100,0,,0,25800,0,1
BT-HQ,828D,0,3600,0,0,4100,0,0,4640,0,0,5080,0,0,4760,0,0,4520,0,0,3980,0,0,4140,0,0,4200,0,0,4180,0,0,4060,0,0,3700,0,,0,50960,0,1
BT-HQ,828E,0,460,0,0,520,0,0,620,0,0,660,0,0,500,0,0,500,0,0,440,0,0,360,0,0,320,0,0,340,0,0,340,0,0,360,0,,0,5420,0,1
BT-HQ,828F,0,680,0,0,740,0,0,860,0,0,900,0,0,840,0,0,860,0,0,740,0,0,900,0,0,960,0,0,920,0,0,660,0,0,680,0,,0,9740,0,1
BT-HQ,828G,0,2440,0,0,2680,0,0,2960,0,0,3840,0,0,3180,0,0,2860,0,0,2360,0,0,2620,0,0,2520,0,0,2820,0,0,2760,0,0,2460,0,,0,33500,0,1
BT-HQ,828H,0,4580,0,0,5240,0,0,5940,0,0,6340,0,0,6140,0,0,6280,0,0,5740,0,0,7140,0,0,7260,0,0,7320,0,0,7140,0,0,6840,0,,0,75960,0,1
BT-HQ,828I,0,608,0,0,1127,0,0,1413,0,0,1841,0,0,1887,0,0,2234,0,0,2097,0,0,2336,0,0,2359,0,0,2451,0,0,2770,0,0,2581,0,,0,23704,0,1
BT-HQ,828J,0,47,0,0,310,0,0,577,0,0,1247,0,0,1276,0,0,1414,0,0,1302,0,0,1381,0,0,1467,0,0,1531,0,0,1562,0,0,1501,0,,0,13615,0,1
BT-HQ,829,6631,6500,0.019755692957321713,6993,6856,0.01959101959101961,6905,6767,0.01998551774076751,6932,6798,0.019330640507789987,7012,6855,0.022390188248716525,5931,5796,0.022761760242792084,5131,5010,0.023582147729487413,5902,5768,0.022704168078617415,5640,5498,0.02517730496453896,6026,5874,0.025224029206770693,6117,5961,0.025502697400686558,6284,6123,0.02562062380649266,,75504,73806,0.022488874761601996,1
BT-HQ,830,4666,4699,0,5856,5904,0,6227,6284,0,6572,6632,0,5745,5803,0,5712,5770,0,4969,5024,0,5314,5368,0,5290,5330,0,5690,5722,0,5613,5659,0,5008,5045,0,,66662,67240,0,1
BT-HQ,830A,0,1108,0,0,1125,0,0,1359,0,0,1427,0,0,1367,0,0,1368,0,0,1175,0,0,1339,0,0,1385,0,0,1357,0,0,1311,0,0,1361,0,,0,15682,0,1
BT-HQ,830B,0,960,0,0,1220,0,0,1200,0,0,1160,0,0,1100,0,0,1060,0,0,960,0,0,920,0,0,940,0,0,1000,0,0,980,0,0,1260,0,,0,12760,0,1
BT-HQ,830C,0,1740,0,0,1880,0,0,2080,0,0,2400,0,0,1920,0,0,2040,0,0,1780,0,0,1940,0,0,2160,0,0,2640,0,0,2260,0,0,2060,0,,0,24900,0,1
BT-HQ,830D,0,1960,0,0,2220,0,0,2620,0,0,3020,0,0,2500,0,0,2620,0,0,2000,0,0,2320,0,0,2560,0,0,2660,0,0,2540,0,0,2220,0,,0,29240,0,1
BT-HQ,830E,0,1080,0,0,1200,0,0,1440,0,0,1860,0,0,1440,0,0,1500,0,0,1200,0,0,1320,0,0,1380,0,0,1500,0,0,1560,0,0,1500,0,,0,16980,0,1
BT-HQ,830F,0,0,,0,0,,0,0,,0,0,,0,0,,0,0,,0,61,0,0,434,0,0,460,0,0,1022,0,0,1366,0,0,1490,0,,0,4833,0,1
BT-HQ,830G,0,0,,0,0,,0,0,,0,0,,0,0,,0,0,,0,117,0,0,536,0,0,684,0,0,1007,0,0,768,0,0,800,0,,0,3912,0,1
BT-HQ,830H,0,0,,0,0,,0,0,,0,0,,0,0,,0,0,,0,0,,0,358,0,0,1528,0,0,1785,0,0,1848,0,0,2048,0,,0,7567,0,1
BT-HQ,830I,0,0,,0,0,,0,0,,0,0,,0,0,,0,0,,0,0,,0,53,0,0,765,0,0,950,0,0,986,0,0,882,0,,0,3636,0,1
BT-HQ,831,0,6195,0,0,6647,0,0,7019,0,0,8086,0,0,7527,0,0,7063,0,0,6231,0,0,6580,0,0,6496,0,0,6909,0,0,7152,0,0,6580,0,,0,82485,0,1
BT-HQ,831A,0,7925,0,0,8781,0,0,9174,0,0,9607,0,0,8843,0,0,8590,0,0,7161,0,0,7732,0,0,7424,0,0,8042,0,0,8418,0,0,7885,0,,0,99582,0,1
BT-HQ,832,12734,12615,0.009345060468038291,14495,14361,0.009244567092100753,17497,17333,0.009373035377493233,19232,19050,0.00946339434276211,18250,18077,0.009479452054794502,16290,16137,0.00939226519337022,12478,12361,0.009376502644654616,14028,13898,0.009267179925862568,14617,14481,0.009304234795101562,14815,14677,0.00931488356395549,15185,15044,0.00928547909120847,13764,13636,0.009299622202847968,,183385,181670,0.009351909916296308,1
BT-HQ,832A,0,28200,0,0,33700,0,0,37700,0,0,38550,0,0,37050,0,0,34500,0,0,27300,0,0,31000,0,0,30400,0,0,30500,0,0,29600,0,0,27350,0,,0,385850,0,1
BT-HQ,833,9533,9467,0.006923318997167693,10850,10773,0.007096774193548372,11708,11625,0.007089169798428441,12192,12104,0.007217847769028896,11935,11851,0.007038123167155463,11961,11877,0.007022824178580356,9069,9008,0.006726210166501323,10494,10422,0.006861063464837058,10479,10407,0.006870884626395624,10411,10338,0.007011814427048346,10364,10292,0.006947124662292525,10416,10343,0.007008448540706591,,129412,128507,0.006993169103328922,1
BT-HQ,833A,0,12000,0,0,14000,0,0,15250,0,0,16700,0,0,16050,0,0,15550,0,0,12650,0,0,14350,0,0,14150,0,0,13700,0,0,13600,0,0,11750,0,,0,169750,0,1
BT-HQ,834,3998,3972,0.006503251625812889,4415,4385,0.006795016987542479,5330,5291,0.007317073170731714,6098,6053,0.007379468678255119,5953,5908,0.007559213841760504,6036,5992,0.0072895957587806315,5190,5152,0.007321772639691693,5619,5578,0.0072966720056949486,5646,5605,0.0072617782500885575,5781,5740,0.007092198581560294,6141,6097,0.007164956847419024,4971,4936,0.007040836853751786,,65178,64709,0.007195679523765652,1
BT-HQ,834A,0,9660,0,0,11220,0,0,13800,0,0,19380,0,0,14700,0,0,13380,0,0,11100,0,0,11880,0,0,11820,0,0,12180,0,0,11820,0,0,10620,0,,0,151560,0,1
BT-HQ,835,7818,7815,0.00038372985418266836,8552,8556,0,8763,8803,0,9557,9568,0,8444,8452,0,8048,8060,0,7367,7388,0,8569,8599,0,8337,8367,0,8141,8182,0,8372,8415,0,7848,7870,0,,99816,100075,0,1
BT-HQ,835A,0,5905,0,0,6434,0,0,7870,0,0,9230,0,0,8743,0,0,8021,0,0,6712,0,0,7348,0,0,7182,0,0,7270,0,0,7182,0,0,6156,0,,0,88053,0,1
BT-HQ,836,7034,6970,0.009098663633778759,7575,7503,0.009504950495049513,9018,8934,0.009314703925482393,9435,9339,0.010174880763116012,8508,8462,0.005406676069581562,8551,8510,0.00479476084668462,7204,7170,0.00471960022209883,7873,7835,0.004826622634319877,8005,7949,0.006995627732667042,8277,8206,0.008577987193427616,8270,8189,0.00979443772672306,7610,7551,0.0077529566360052815,,97360,96618,0.007621199671322909,1
BT-HQ,837,1912,1880,0.01673640167364021,2074,2032,0.020250723240115676,2293,2255,0.016572176188399457,2683,2631,0.019381289601192675,2476,2432,0.017770597738287597,2386,2350,0.015088013411567514,1953,1920,0.016897081413210446,2269,2233,0.015866020273248127,2142,2107,0.016339869281045805,2061,2026,0.016982047549733092,2106,2061,0.021367521367521403,1964,1930,0.01731160896130346,,26319,25857,0.017553858429271596,1
BT-HQ,838,5019,4934,0.016935644550707285,5650,5559,0.01610619469026553,6392,6303,0.013923654568210209,9165,9053,0.012220403709765404,7684,7582,0.013274336283185861,6487,6386,0.015569600739941403,5128,5038,0.017550702028081178,5915,5769,0.024683009298393954,5914,5845,0.011667230300980713,6093,5982,0.018217626784835073,5746,5643,0.017925513400626536,5241,5150,0.017363098645296726,,74434,73244,0.015987317623666564,1
BT-HQ,839,4453,4420,0.00741073433640238,5333,5300,0.006187886742921478,5826,5780,0.007895640233436363,6164,6120,0.007138221933809197,5825,5780,0.007725321888412018,5959,5900,0.00990099009900991,4503,4480,0.005107705973795285,5022,4980,0.008363201911589013,4863,4820,0.008842278428953354,4875,4840,0.007179487179487132,4867,4820,0.009656872816930395,4563,4540,0.00504054350208194,,62253,61780,0.0075980274043018214,1
BT-HQ,840,4141,4117,0.0057957015213716545,4294,4269,0.005822077317186758,4908,4879,0.005908720456397676,5418,5385,0.006090808416389759,5154,5124,0.005820721769499437,4987,4957,0.006015640665730904,4325,4301,0.005549132947976876,4645,4620,0.005382131324004336,4643,4617,0.00559982769760925,4776,4751,0.005234505862646621,4827,4800,0.005593536357986317,4381,4358,0.005249942935402929,,56499,56178,0.005681516487017424,1
BT-HQ,840A,0,5056,0,0,6037,0,0,7001,0,0,7951,0,0,7019,0,0,6437,0,0,5487,0,0,5989,0,0,5676,0,0,5760,0,0,5637,0,0,5176,0,,0,73226,0,1
BT-HQ,841,0,18359,0,0,20286,0,0,23204,0,0,26062,0,0,23047,0,0,21503,0,0,18042,0,0,20380,0,0,19857,0,0,19822,0,0,19731,0,0,18028,0,,0,248321,0,1
BT-HQ,841A,0,29790,0,0,31070,0,0,33679,0,0,38304,0,0,35872,0,0,34271,0,0,30475,0,0,32217,0,0,32437,0,0,32015,0,0,32600,0,0,30363,0,,0,393093,0,1
BT-HQ,841B,0,3607,0,0,4796,0,0,5119,0,0,5484,0,0,5308,0,0,4742,0,0,3989,0,0,4781,0,0,4586,0,0,4547,0,0,4553,0,0,4018,0,,0,55530,0,1
BT-HQ,843,7027,6837,0.02703856553294437,7720,7507,0.027590673575129565,8431,8175,0.03036413236863955,9414,9103,0.033035903972806424,8090,7822,0.03312731767614341,8171,7912,0.03169746665034878,6439,6237,0.03137133095201117,6988,6764,0.03205495134516312,7157,6916,0.033673326812910465,7136,6886,0.03503363228699552,7561,7300,0.0345192434863113,6626,6396,0.03471174162390578,,90760,87855,0.032007492287351225,1
BT-HQ,844,5117,5006,0.02169239788938826,6176,6032,0.023316062176165775,6801,6641,0.023525952065872713,8126,7933,0.023750922963327592,6824,6673,0.022127784290738584,6507,6366,0.02166897187644079,5527,5408,0.021530667631626588,6448,6303,0.022487593052109234,6631,6485,0.022017795204343216,6980,6822,0.022636103151862486,6866,6715,0.021992426449169877,5988,5862,0.02104208416833664,,77991,76246,0.02237437653062535,1
BT-HQ,845,6176,6118,0.009391191709844593,7791,7713,0.010011551790527484,8239,8158,0.009831290205121967,8425,8340,0.010089020771513302,7594,7517,0.010139583882012082,7688,7615,0.009495317377731571,5482,5426,0.010215249908792412,6459,6396,0.009753831862517437,6330,6269,0.009636650868878327,5875,5821,0.00919148936170211,5932,5879,0.00893459204315572,5806,5753,0.009128487771271065,,81797,81005,0.00968250669339954,1
BT-HQ,846,5750,5720,0.00521739130434784,6904,6865,0.005648899188876011,7888,7841,0.00595841784989859,9542,9475,0.007021588765457998,8831,8772,0.00668101007813382,8060,8013,0.005831265508684846,7215,7237,0,7829,7728,0.012900753608379056,7025,6993,0.004555160142348802,6807,6770,0.005435581019538671,6667,6630,0.005549722513874311,5925,5892,0.005569620253164542,,88443,87936,0.005732505681625422,1
BT-HQ,847,5181,5083,0.0189152673229106,6369,6240,0.0202543570419218,6494,6365,0.01986449029873727,6730,6590,0.0208023774145617,6067,5944,0.020273611340036246,5738,5640,0.017079121645172557,4905,4820,0.01732925586136591,5497,5400,0.017645988721120665,5589,5490,0.017713365539452464,5430,5336,0.017311233885819566,5448,5346,0.018722466960352402,4823,1375,0.7149077337756583,,68271,63629,0.06799373086669303,1
BT-HQ,848,3083,3004,0.0256243918261434,3664,3571,0.025382096069868965,4044,3943,0.02497527200791294,4800,4684,0.02416666666666667,4566,4455,0.02431011826544016,4375,4265,0.025142857142857133,3534,3443,0.02574985851726086,3828,3729,0.025862068965517238,3906,3801,0.026881720430107503,4091,3982,0.026643852358836484,4320,4207,0.026157407407407463,4773,4727,0.009637544521265418,,48984,47811,0.023946594806467436,1
BT-HQ,848A,0,911,0,0,1127,0,0,1191,0,0,1378,0,0,1152,0,0,1058,0,0,1036,0,0,1179,0,0,1204,0,0,1203,0,0,1300,0,0,1064,0,,0,13803,0,1
BT-HQ,849,0,3333,0,0,3683,0,0,3866,0,0,5001,0,0,4409,0,0,4296,0,0,3846,0,0,4229,0,0,4119,0,0,4172,0,0,4187,0,0,3824,0,,0,48965,0,1
BT-HQ,850,8657,8429,0.02633706826845328,9620,9367,0.026299376299376287,10240,9964,0.026953125000000022,13038,12692,0.026537812547936745,10577,10297,0.026472534745201837,9673,9418,0.026362038664323406,8082,7864,0.026973521405592726,9376,9129,0.026343856655290154,9192,8950,0.02632724107919926,9658,9406,0.02609235866639059,9509,9261,0.026080555263434668,8695,8470,0.0258769407705578,,116317,113247,0.026393390476026735,1
BT-HQ,851,4395,4347,0.010921501706484649,4956,4896,0.01210653753026636,5426,5359,0.012347954294139374,6400,6311,0.013906250000000009,6272,6184,0.014030612244897989,5287,5217,0.01324002269718172,4247,4197,0.011773016246762413,4812,4753,0.012261014131338288,4545,4491,0.011881188118811892,4611,4558,0.011494252873563204,4815,4761,0.01121495327102806,4269,4229,0.009369875849144949,,60035,59303,0.012192887482301962,1
BT-HQ,852,8059,7932,0.01575877900483935,9201,9041,0.01738941419410933,9915,9742,0.01744831064044372,11168,10963,0.018356017191977103,9661,9479,0.01883862954145532,9142,8967,0.019142419601837712,7764,7624,0.018031942297784598,8602,8444,0.018367821436875098,8754,8599,0.017706191455334697,8710,8555,0.017795637198622316,8881,8728,0.017227789663326165,7662,7534,0.016705820934481808,,107519,105608,0.017773602805085664,1
BT-HQ,852A,0,5647,0,0,5775,0,0,5922,0,0,6774,0,0,6268,0,0,6112,0,0,5748,0,0,6212,0,0,6235,0,0,6194,0,0,6119,0,0,5704,0,,0,72710,0,1
BT-HQ,853,8242,8179,0.0076437757825770225,8926,8858,0.007618194039883508,10209,10132,0.007542364580272354,11447,11358,0.007774962872368341,10644,9907,0.06924088688462982,4997,5520,0,4686,4672,0.0029876227059325577,9252,17813,0,9306,9283,0.002471523748119542,8719,8698,0.002408533088656961,9101,9080,0.002307438742995327,7978,7959,0.002381549260466298,,103507,111459,0,1
BT-HQ,853A,0,4260,0,0,5020,0,0,5120,0,0,6120,0,0,5240,0,0,5320,0,0,4720,0,0,5240,0,0,5280,0,0,5480,0,0,5400,0,0,4900,0,,0,62100,0,1
BT-HQ,853B,0,4080,0,0,5120,0,0,4620,0,0,4960,0,0,4680,0,0,4660,0,0,4260,0,0,4680,0,0,5140,0,0,5220,0,0,5960,0,0,6340,0,,0,59720,0,1
BT-HQ,854,6850,6666,0.026861313868613124,7602,7394,0.02736122073138647,7332,7127,0.027959629023458832,8351,8119,0.027781104059394046,7368,7166,0.027415852334419122,6963,6763,0.02872325147206667,6406,6217,0.029503590384014955,6695,6500,0.029126213592232997,6973,6764,0.02997275204359673,6805,6595,0.03085966201322554,6634,6437,0.029695507989146774,6118,5952,0.02713305001634525,,84097,81700,0.028502800337705247,1
BT-HQ,854A,3717,3734,0,6077,6107,0,6040,6064,0,6654,6679,0,7076,7102,0,6037,6055,0,4749,4766,0,4097,4112,0,4374,4390,0,4329,4347,0,4117,4133,0,5493,5514,0,,62760,63003,0,1
BT-HQ,854B,575,575,0,255,255,0,577,578,0,377,378,0,286,286,0,227,228,0,242,243,0,211,212,0,253,253,0,282,283,0,376,377,0,393,393,0,,4054,4061,0,1
BT-HQ,855,6464,6450,0.0021658415841584455,6804,6793,0.0016166960611404546,7094,7082,0.0016915703411333194,8032,8012,0.002490039840637448,6935,6917,0.002595529920692119,6971,6948,0.0032993831588007394,6821,6797,0.00351854566779064,6995,6965,0.0042887776983560055,7347,7309,0.0051721791207295365,7438,7400,0.0051089002420005025,7347,7319,0.003811079352116553,6810,6785,0.0036710719530103075,,85058,84777,0.003303628112582002,1
BT-HQ,856,3279,3215,0.019518145776151297,3508,3435,0.020809578107183535,3805,3726,0.020762155059132703,4124,4037,0.021096023278370568,3899,3816,0.021287509617850753,4121,4034,0.021111380732831808,3891,3817,0.019018247237214125,4381,4301,0.018260671079662227,3940,3870,0.017766497461928932,3912,3837,0.01917177914110424,4079,4006,0.01789654327040946,3911,3842,0.017642546663257486,,46850,45936,0.019509071504802522,1
BT-HQ,856A,0,2019,0,0,2086,0,0,2348,0,0,2748,0,0,2658,0,0,2586,0,0,2285,0,0,2371,0,0,2363,0,0,2361,0,0,2576,0,0,2333,0,,0,28734,0,1
BT-HQ,856B,0,1465,0,0,1885,0,0,2026,0,0,2319,0,0,2085,0,0,1952,0,0,1893,0,0,2124,0,0,2054,0,0,2065,0,0,2062,0,0,1805,0,,0,23735,0,1
BT-HQ,857,3079,3089,0,3165,3175,0,3413,3428,0,4089,4101,0,3306,3320,0,3432,3445,0,2745,2755,0,3291,3299,0,3202,3208,0,3772,3774,0,3579,3583,0,2829,2836,0,,39902,40013,0,1
BT-HQ,858,22087,22015,0.0032598361026848766,23819,23738,0.0034006465426760224,25135,25048,0.0034613089317684365,29019,28919,0.0034460181260553835,25513,25424,0.003488417669423427,25933,25843,0.003470481625727828,19234,5420,0.718207341166684,0,45132,0,16470,28262,0,26880,26616,0.009821428571428537,26655,26396,0.00971675107859693,23761,23539,0.009343041117798045,,264506,306352,0,1
BT-HQ,858A,0,2830,0,0,3157,0,0,3314,0,0,3692,0,0,3071,0,0,3158,0,0,2658,0,0,3252,0,0,2991,0,0,3224,0,0,3096,0,0,2650,0,,0,37093,0,1
BT-HQ,859,1484,1447,0.024932614555256083,1609,1567,0.026103169670602888,1572,1537,0.022264631043257044,1719,1677,0.024432809773123898,1516,1482,0.02242744063324542,1697,1659,0.022392457277548572,1766,1725,0.02321630804077013,1951,1903,0.024602767811378823,1943,1892,0.026248069994853296,1890,1836,0.02857142857142858,1953,1897,0.028673835125448077,1624,1581,0.02647783251231528,,20724,20203,0.025139934375603135,1
BT-HQ,860,28007,27904,0.0036776520155675785,29526,29414,0.003793266951161667,31568,31448,0.0038013177901672357,35643,35505,0.0038717279690261286,32814,32689,0.0038093496678247574,31492,31374,0.0037469833608535508,28716,28611,0.0036564981195152946,31650,31534,0.0036650868878357334,31125,31011,0.0036626506024096672,29922,29814,0.0036093843994385866,31066,30952,0.003669606643919354,28156,28054,0.003622673675237942,,369685,368310,0.0037193827177190997,1
BT-HQ,860A,0,9653,0,0,10626,0,0,11390,0,0,12990,0,0,11317,0,0,10822,0,0,9911,0,0,11101,0,0,10567,0,0,10306,0,0,10805,0,0,8843,0,,0,128331,0,1
BT-HQ,860B,0,6456,0,0,7502,0,0,7950,0,0,8811,0,0,8546,0,0,8005,0,0,6659,0,0,7668,0,0,7410,0,0,7188,0,0,7162,0,0,6535,0,,0,89892,0,1
BT-HQ,860C,49510,49490,0.00040395879620280795,60938,60915,0.0003774328005513583,73593,73565,0.0003804709687063035,59798,59777,0.00035118231378972187,45434,45421,0.000286129330457352,38316,38303,0.0003392838500887452,40889,40875,0.00034239037393923866,35216,35199,0.00048273512039986866,51015,50998,0.0003332353229442697,51073,51050,0.0004503357938636654,52841,52822,0.0003595692738592726,42005,41988,0.0004047137245566379,,600628,600403,0.0003746079103871258,1
BT-HQ,860D,7460,7463,0,8840,8842,0,7957,7959,0,8482,8485,0,8516,8518,0,7951,7952,0,9068,9071,0,10481,10484,0,11153,11156,0,8693,8695,0,12069,12073,0,15560,15564,0,,116230,116262,0,1
BT-HQ,861,5897,5900,0,6096,6113,0,6579,6596,0,7848,7855,0,6540,6549,0,6399,6409,0,5695,5698,0,6426,6433,0,6226,6230,0,6321,6325,0,6228,6230,0,5663,5670,0,,75918,76008,0,1
BT-HQ,861A,0,949,0,0,1345,0,0,1038,0,0,1033,0,0,1015,0,0,1081,0,0,1025,0,0,1092,0,0,1102,0,0,1061,0,0,1101,0,0,1080,0,,0,12922,0,1
BT-HQ,862,5677,5565,0.019728729963008673,6087,5976,0.018235584031542684,6820,6701,0.017448680351906165,7711,7570,0.018285566074439097,6520,6387,0.020398773006135018,6071,5957,0.018777796079723297,5157,5060,0.018809385301531867,6114,6009,0.01717369970559368,6791,6678,0.016639670151671337,6222,6114,0.017357762777241992,6188,6080,0.017453135100193973,5430,5346,0.015469613259668558,,74788,73443,0.01798416858319518,1
BT-HQ,862A,0,543,0,0,571,0,0,755,0,0,790,0,0,815,0,0,857,0,0,655,0,0,715,0,0,789,0,0,809,0,0,790,0,0,664,0,,0,8753,0,1
BT-HQ,862B,0,832,0,0,899,0,0,826,0,0,1016,0,0,724,0,0,660,0,0,613,0,0,716,0,0,758,0,0,783,0,0,869,0,0,767,0,,0,9463,0,1
BT-HQ,863,3655,3541,0.03119015047879614,4099,3962,0.03342278604537696,4568,4410,0.034588441330998254,5438,5245,0.03549098933431405,4413,4263,0.03399048266485383,4466,4316,0.03358710255261976,4244,4101,0.03369462770970777,4525,4375,0.03314917127071826,4490,4343,0.032739420935412045,4604,4448,0.03388357949609033,4518,4359,0.035192563081009265,4187,4048,0.033197993790303304,,53207,51411,0.033754957054522916,1
BT-HQ,863A,0,438,0,0,422,0,0,511,0,0,546,0,0,458,0,0,447,0,0,439,0,0,575,0,0,692,0,0,675,0,0,711,0,0,636,0,,0,6550,0,1
BT-HQ,864,2352,2320,0.013605442176870763,2494,2460,0.013632718524458687,2733,2691,0.015367727771679496,3260,3203,0.017484662576687127,2695,2652,0.01595547309833023,2810,2771,0.01387900355871885,2771,2732,0.014074341392998901,2987,2944,0.014395714763977274,2944,2900,0.014945652173913082,3205,3156,0.015288611544461816,3338,3283,0.016476932294787305,2830,2788,0.014840989399293236,,34419,33900,0.015078880850692977,1
BT-HQ,864A,0,512,0,0,574,0,0,632,0,0,716,0,0,577,0,0,595,0,0,602,0,0,693,0,0,682,0,0,724,0,0,771,0,0,667,0,,0,7745,0,1
BT-HQ,864B,0,364,0,0,256,0,0,220,0,0,253,0,0,219,0,0,220,0,0,250,0,0,297,0,0,329,0,0,366,0,0,412,0,0,389,0,,0,3575,0,1
BT-HQ,864C,0,349,0,0,362,0,0,397,0,0,398,0,0,347,0,0,349,0,0,328,0,0,339,0,0,328,0,0,343,0,0,378,0,0,342,0,,0,4260,0,1
BT-HQ,864D,0,870,0,0,918,0,0,940,0,0,899,0,0,782,0,0,688,0,0,687,0,0,865,0,0,945,0,0,890,0,0,977,0,0,855,0,,0,10316,0,1
BT-HQ,865,0,0,,0,0,,0,0,,0,0,,0,0,,0,0,,0,0,,0,0,,0,0,,0,0,,0,0,,0,0,,,0,0,,0
BT-HQ,866,10590,10520,0.006610009442870601,11800,11718,0.006949152542372827,12902,12810,0.007130677414354358,14008,13907,0.007210165619645936,12349,12260,0.007207061300510187,12078,11995,0.006871998675277324,10155,10089,0.006499261447562743,11562,11483,0.006832727901747049,11209,11139,0.006244981711124975,11184,11111,0.006527181688125938,11064,10990,0.006688358640636327,10622,10552,0.006590096027113579,,139523,138574,0.006801745948696647,1
BT-HQ,867,8894,8836,0.006521250281088409,9400,9340,0.006382978723404209,10073,10009,0.006353618584334364,11592,11523,0.005952380952380931,10332,10270,0.006000774293457245,10282,10218,0.006224469947481048,8670,8613,0.00657439446366781,9945,9880,0.006535947712418277,10022,9958,0.006385950908002425,9707,9642,0.006696198619552951,9954,9890,0.006429576049829189,8632,8575,0.0066033364226135705,,117503,116754,0.006374305336884989,1
BT-HQ,868,2326,2385,0,2454,2513,0,2653,2725,0,2961,3037,0,2588,2655,0,2356,2421,0,1933,1988,0,2281,2342,0,2244,2305,0,2192,2250,0,2387,2446,0,2102,2158,0,,28477,29225,0,1
BT-HQ,869,6915,7019,0,7283,7386,0,7638,7746,0,8493,8605,0,7246,7351,0,7455,7564,0,6509,6610,0,6885,6988,0,7169,7268,0,7020,7115,0,6933,7024,0,6681,6722,0,,86227,87398,0,1
BT-HQ,870,2760,2764,0,3042,3044,0,3484,3482,0.0005740528128588274,3860,3853,0.0018134715025907022,3266,3264,0.0006123698714023407,3204,3208,0,2629,2635,0,3050,3056,0,2978,2984,0,3044,3049,0,3117,3124,0,2730,2736,0,,37164,37199,0,1
BT-HQ,871,4924,4972,0,5701,5744,0,6126,6175,0,6822,6867,0,6063,6111,0,5908,5966,0,4932,4989,0,5339,5398,0,5038,5096,0,5621,5681,0,5563,5612,0,5145,5195,0,,67182,67806,0,1
BT-HQ,873,10281,10298,0,11489,11508,0,12980,13004,0,13328,13349,0,14145,14170,0,14184,14208,0,12395,12416,0,13145,13170,0,11361,11381,0,9865,9882,0,12059,12082,0,12358,12381,0,,147590,147849,0,1
BT-HQ,874,7440,7423,0.002284946236559171,8417,8404,0.0015444932873945882,9122,9113,0.0009866257399693268,11764,11769,0,9589,9589,0,9050,9046,0.00044198895027625085,7682,7678,0.0005206977349648811,8517,8510,0.0008218856404836883,8600,8591,0.001046511627907032,8712,8698,0.001606978879706178,8802,8794,0.0009088843444671202,7900,7890,0.0012658227848101333,,105595,105505,0.0008523130830058179,1
BT-HQ,875,6590,6559,0.0047040971168437196,7633,7583,0.006550504388837974,8602,8540,0.007207626133457379,9729,9656,0.007503340528317359,8222,8159,0.007662369253223056,8180,8120,0.007334963325183352,6970,6919,0.007317073170731714,7743,7687,0.007232338886736356,7651,7595,0.007319304666056681,7479,7425,0.0072202166064981865,7773,7717,0.007204425575710771,6514,6475,0.0059871046975744635,,93086,92435,0.006993532862084484,1
BT-HQ,876,4300,4180,0.027906976744186074,4327,4202,0.028888375317772108,4668,4535,0.028491859468723235,5348,5203,0.02711293941660431,4755,4625,0.02733964248159837,4992,4855,0.027443910256410242,4321,4198,0.02846563295533444,4996,4852,0.028823058446757366,4921,4776,0.029465555781345243,4781,4630,0.031583350763438656,5094,4944,0.029446407538280317,4618,4488,0.028150714595062798,,57121,55488,0.02858843507641673,1
BT-HQ,877,45828,45916,0,49277,49367,0,54412,54509,0,60859,60966,0,54683,54780,0,54430,54530,0,49026,49119,0,52226,52323,0,53240,53340,0,50143,50237,0,51239,51335,0,45519,45606,0,,620882,622028,0,1
BT-HQ,877A,0,29940,0,0,32910,0,0,35310,0,0,40290,0,0,35100,0,0,33660,0,0,29850,0,0,32790,0,0,31770,0,0,30090,0,0,31080,0,0,25560,0,,0,388350,0,1
BT-HQ,878,0,19715,0,0,14275,0,0,11256,0,0,12219,0,0,9907,0,0,9667,0,0,8251,0,0,9336,0,0,9848,0,0,21020,0,0,22149,0,0,19306,0,,0,166949,0,1
BT-HQ,878A,0,5859,0,0,6276,0,0,5601,0,0,6126,0,0,5059,0,0,5233,0,0,4525,0,0,5169,0,0,5275,0,0,7754,0,0,6211,0,0,5250,0,,0,68338,0,1
BT-HQ,879,24396,24316,0.003279226102639754,26550,26459,0.003427495291902116,29436,29333,0.0034991167278163315,32615,32498,0.0035873064540855593,30136,30029,0.0035505707459516644,29147,29043,0.003568120218204296,25852,25762,0.0034813554077054443,28166,28068,0.0034793722928353477,28444,28344,0.003515679932498905,28051,27955,0.0034223378845673613,28571,28472,0.0034650519757796205,25887,25800,0.0033607602271410464,,337251,336079,0.003475156485822084,1
BT-HQ,880,2628,2545,0.03158295281582957,3302,3187,0.03482737734706243,3839,3706,0.034644438655899945,4670,4510,0.03426124197002145,3594,3475,0.03311074012242632,3376,3263,0.033471563981042673,2776,2694,0.029538904899135465,3016,2920,0.03183023872679047,3067,2968,0.03227910009781543,3394,3278,0.03417796110783733,3569,3450,0.033342673017652036,3248,3153,0.02924876847290636,,40479,39149,0.03285654289878703,1
BT-HQ,881,4094,3943,0.03688324377137275,4229,4068,0.0380704658311658,4710,4526,0.039065817409766446,5479,5260,0.039970797590801244,4638,4449,0.04075032341526519,4390,4215,0.03986332574031892,4067,3911,0.038357511679370515,4416,4242,0.03940217391304346,4321,4147,0.04026845637583898,4703,4512,0.04061237507973636,4718,4543,0.0370919881305638,4478,4302,0.039303260384100036,,54243,52118,0.039175561823645455,1
BT-HQ,882,6882,6732,0.021795989537925053,7591,7400,0.02516137531287055,8680,8451,0.026382488479262722,9774,9517,0.026294250051156154,8152,7944,0.025515210991167825,8039,7846,0.024007961189202676,6979,6830,0.02134976357644358,7569,7402,0.022063680803276475,7695,7532,0.021182586094866784,7918,7735,0.02311189694367266,7825,7646,0.02287539936102234,7361,7192,0.022958837114522512,,94465,92227,0.023691314243370565,1
BT-HQ,883,3969,3916,0.013353489543965757,4434,4375,0.01330626973387461,5173,5104,0.01333848830465878,5609,5533,0.013549652344446383,5087,5020,0.013170827599764068,4944,4878,0.013349514563106846,4184,4130,0.01290630975143403,4753,4690,0.013254786450662692,4645,4584,0.013132400430570512,4391,4311,0.01821908449100429,4767,4705,0.01300608349066501,4308,4254,0.012534818941504211,,56264,55500,0.0135788425991753,1
BT-HQ,884,3607,3546,0.016911560853895224,4089,4010,0.01932012717045728,4363,4270,0.021315608526243368,4430,4330,0.02257336343115124,3848,3769,0.020530145530145538,3601,3532,0.01916134407109138,3138,3087,0.016252390057361343,3444,3386,0.016840882694541204,3876,3809,0.01728586171310631,3590,3508,0.022841225626740957,4048,3979,0.017045454545454586,3943,3879,0.016231295967537362,,45977,45105,0.01896600474150123,1
BT-HQ,885,10210,9945,0.025954946131243828,11430,11129,0.026334208223972033,12987,12665,0.024794024794024816,14390,14056,0.023210562890896402,12934,12642,0.022576155868254233,13429,13121,0.02293543823069477,11657,11387,0.023162048554516645,12285,12006,0.02271062271062274,13210,12900,0.02346707040121121,12366,12073,0.023693999676532407,13433,13112,0.023896374599866044,11356,11084,0.0239520958083832,,149687,146120,0.023829724692191023,1
BT-HQ,886,4393,4298,0.02162531299795134,4869,4763,0.02177038406243581,5334,5215,0.022309711286089273,5521,5400,0.021916319507335635,4958,4853,0.021177894312222723,5129,5022,0.020861766426203965,4176,4085,0.021791187739463647,4807,4702,0.021843145412939413,5315,5197,0.02220131702728123,4904,4793,0.022634584013050518,5356,5234,0.022778192681105258,4927,4817,0.02232595900142076,,59689,58379,0.021947092429090764,1
BT-HQ,887,3487,3575,0,3908,4001,0,3994,4088,0,4805,4917,0,3644,3731,0,3600,3691,0,3296,3376,0,3600,3696,0,3513,3609,0,3639,3739,0,3833,3927,0,3397,3490,0,,44716,45840,0,1
BT-HQ,887A,0,0,,0,0,,0,0,,0,0,,0,0,,0,0,,0,0,,0,0,,0,0,,0,0,,0,0,,0,0,,,0,0,,0
BT-HQ,888,5679,5431,0.04366966015143514,5912,5654,0.04364005412719896,6617,6326,0.04397763336859606,8314,7934,0.04570603800817896,6508,6230,0.04271665642286415,5945,5680,0.04457527333894029,5216,4986,0.04409509202453987,6194,5905,0.04665805618340324,6508,6195,0.04809465273509528,5973,5673,0.05022601707684582,5766,5469,0.05150884495317376,4955,4704,0.05065590312815338,,73587,70187,0.04620381317352251,1
BT-HQ,889,3349,3365,0,3585,3601,0,4029,4040,0,4391,4400,0,3248,3259,0,3282,3293,0,2928,2935,0,3592,3602,0,3705,3714,0,3545,3551,0,3797,3810,0,3422,3437,0,,42873,43007,0,1
BT-HQ,890,822,836,0,919,929,0,1128,1138,0,1226,1239,0,1060,1072,0,967,978,0,629,638,0,799,808,0,819,827,0,884,892,0,854,864,0,810,820,0,,10917,11041,0,1
BT-HQ,891,9985,9809,0.01762643965948918,10793,10614,0.016584823496710865,11694,11499,0.01667521806054384,13572,13362,0.015473032714412027,11297,10982,0.027883508896167086,10979,10771,0.01894525913106837,9625,9440,0.01922077922077925,10790,10589,0.018628359592214982,11358,11148,0.018489170628631757,11874,11694,0.015159171298635643,11369,11213,0.013721523440935912,10523,10392,0.01244892141024423,,133859,131513,0.01752590412299504,1
BT-HQ,892,0,1061,0,0,1076,0,0,1260,0,0,1457,0,0,1220,0,0,1312,0,0,1271,0,0,1401,0,0,1188,0,0,1336,0,0,1311,0,0,1153,0,,0,15046,0,1
BT-HQ,894,3072,3114,0,3297,3327,0,3566,3598,0,3692,3729,0,3231,3265,0,3513,3544,0,3063,3089,0,3397,3434,0,3493,3527,0,3210,3240,0,3378,3405,0,2870,2900,0,,39782,40172,0,1
BT-HQ,895,2033,2002,0.015248401377275012,2192,2158,0.015510948905109512,2805,2761,0.015686274509803977,3159,3101,0.018360240582462772,3075,3013,0.02016260162601624,2459,2416,0.017486783245221682,2106,2073,0.015669515669515688,2138,2105,0.015434985968194592,2348,2310,0.016183986371379855,2290,2255,0.015283842794759805,2493,2454,0.01564380264741272,2343,2304,0.016645326504481472,,29441,28952,0.016609490166774266,1
BT-HQ,896,1654,1638,0.0096735187424426,1632,1618,0.008578431372548989,1600,1586,0.008750000000000036,1898,1883,0.007903055848261342,1879,1864,0.007982969664715234,1783,1766,0.009534492428491359,1586,1567,0.011979823455233296,1857,1836,0.011308562197092087,1849,1825,0.012979989183342311,1709,1687,0.012873025160912821,1687,1664,0.013633669235328938,1534,1517,0.011082138200782299,,20668,20451,0.01049932262434683,1
BT-HQ,897,5354,5400,0,6096,6164,0,6269,6336,0,7204,7271,0,6685,6740,0,6282,6341,0,5447,5496,0,6017,6069,0,6072,6134,0,6029,6098,0,5833,5898,0,5101,5144,0,,72389,73091,0,1
BT-HQ,898,0,6161,0,0,6850,0,0,7565,0,0,8506,0,0,7088,0,0,7110,0,0,6100,0,0,6791,0,0,6565,0,0,6336,0,0,6493,0,0,5402,0,,0,80967,0,1
BT-HQ,899,109026,109041,0,121535,121485,0.0004114041222692544,122029,122020,7.37529603618281e-05,67993,67995,0,91438,91432,6.561823311967974e-05,103588,103578,9.653627833339229e-05,97941,97930,0.00011231251467724856,105436,105424,0.00011381311885882983,112140,112132,7.133939718206861e-05,82979,82975,4.820496752189207e-05,86682,86672,0.00011536420479452136,65360,77278,0,,1166147,1177962,0,1
BT-HQ,904,0,0,,0,0,,0,0,,0,0,,0,0,,0,0,,0,0,,0,0,,0,0,,0,0,,0,0,,0,0,,,0,0,,1
BT-HQ,905,10614,10543,0.006689278311663882,11393,11325,0.005968577196524216,12689,12616,0.005753014421940317,16042,15973,0.004301209325520472,13580,13502,0.005743740795287167,13468,13374,0.006979506979507,11669,11601,0.005827405947381958,13308,13228,0.006011421701232367,13307,13217,0.0067633576313218535,12792,12705,0.0068011257035647255,12596,12511,0.006748174023499476,10508,10437,0.006756756756756799,,151966,151032,0.006146111630233042,1
BT-HQ,906,5172,5042,0.025135344160866158,5594,5447,0.02627815516624954,6145,5985,0.026037428803905582,6816,6639,0.02596830985915488,5750,5606,0.02504347826086961,6017,5874,0.02376599634369292,4414,4318,0.021748980516538285,5073,4953,0.023654642223536415,4895,4782,0.023084780388151205,4654,4544,0.023635582294800117,5119,4999,0.02344207853096303,4464,4375,0.019937275985663083,,64113,62564,0.024160466676025116,1
BT-HQ,907,2380,2409,0,2534,2557,0,2155,2181,0,858,872,0,699,710,0,662,672,0,548,557,0,650,660,0,591,602,0,520,530,0,564,570,0,461,469,0,,12622,12789,0,1
BT-HQ,908,0,11753,0,0,12810,0,0,20960,0,0,20202,0,0,9526,0,0,9633,0,0,12229,0,0,14162,0,0,14128,0,0,13909,0,0,14415,0,0,12070,0,,0,165797,0,1
BT-HQ,909,0,7029,0,0,8456,0,0,9629,0,0,12576,0,0,10684,0,0,10153,0,0,8588,0,0,9428,0,0,9420,0,0,9658,0,0,9364,0,0,7766,0,,0,112751,0,1
BT-HQ,910,0,6143,0,0,7565,0,0,8492,0,0,10644,0,0,7440,0,0,13931,0,0,26044,0,0,3560,0,0,7450,0,0,7860,0,0,7650,0,0,30748,0,,0,137527,0,1
BT-HQ,910A,0,9256,0,0,10547,0,0,12372,0,0,15441,0,0,13958,0,0,13151,0,0,10928,0,0,11484,0,0,11543,0,0,11855,0,0,11698,0,0,9589,0,,0,141822,0,1
BT-HQ,910B,0,2176,0,0,2483,0,0,2746,0,0,4199,0,0,3637,0,0,4504,0,0,2772,0,0,2785,0,0,2804,0,0,3036,0,0,2963,0,0,3333,0,,0,37438,0,1
BT-HQ,911,0,15102,0,0,16852,0,0,19582,0,0,23798,0,0,20519,0,0,20024,0,0,16713,0,0,18077,0,0,17351,0,0,17281,0,0,17129,0,0,14913,0,,0,217341,0,1
BT-HQ,920,0,0,,0,0,,0,0,,0,0,,0,0,,0,0,,0,0,,0,0,,0,0,,0,0,,0,0,,0,0,,,0,0,,0
BT-HQ,921,0,0,,0,0,,0,0,,0,0,,0,0,,0,0,,0,0,,0,0,,0,0,,0,0,,0,0,,0,0,,,0,0,,0
BT-HQ,922,0,0,,0,0,,0,0,,0,0,,0,0,,0,0,,0,0,,0,0,,0,0,,0,0,,0,0,,0,0,,,0,0,,0
BT-HQ,923,0,0,,0,0,,0,0,,0,0,,0,0,,0,0,,0,0,,0,0,,0,0,,0,0,,0,0,,0,0,,,0,0,,0
BT-HQ,924,0,0,,0,0,,0,0,,0,0,,0,0,,0,0,,0,0,,0,0,,0,0,,0,0,,0,0,,0,0,,,0,0,,0
BT-HQ,925,0,17994,0,0,19835,0,0,22093,0,0,26167,0,0,23161,0,0,23424,0,0,20129,0,0,21813,0,0,21452,0,0,20986,0,0,21178,0,0,18336,0,,0,256568,0,1
BT-HQ,926,15265,15270,0,16543,16560,0,18218,18210,0.00043912613898344777,20953,20970,0,18119,18120,0,18182,18180,0.00010999890001095469,16488,16500,0,17127,17110,0.0009925848076136612,16714,16705,0.0005384707430896585,19937,19926,0.0005517379746200479,19078,19068,0.0005241639584862012,14845,14830,0.0010104412260020235,,211469,211449,9.457651003219603e-05,1
BT-HQ,927,0,0,,0,0,,0,0,,0,0,,0,0,,0,0,,0,0,,0,0,,0,0,,0,0,,0,0,,0,0,,,0,0,,0
BT-HQ,928,0,5760,0,0,6333,0,0,7238,0,0,9308,0,0,7547,0,0,7464,0,0,6804,0,0,7445,0,0,7113,0,0,7047,0,0,7315,0,0,6272,0,,0,85646,0,1
BT-HQ,929,6990,6937,0.00758226037195997,7275,7215,0.008247422680412342,8500,8432,0.008000000000000007,10545,10450,0.009009009009009028,8493,8424,0.008124337689862204,7857,7795,0.007891052564592105,6793,6734,0.008685411452966307,6965,6904,0.008758076094759537,6892,6829,0.009141033081834005,6885,6823,0.00900508351488749,7272,7213,0.008113311331133133,6115,6064,0.008340147179067836,,90582,89820,0.008412267337881696,1
BT-HQ,930,27054,26872,0.006727286168403901,29427,29231,0.006660549835185381,31115,30914,0.006459906797364634,38211,37978,0.006097720551673569,32033,31836,0.006149907907470387,31766,31567,0.006264559592016661,28140,27960,0.006396588486140775,29060,28872,0.006469373709566462,28908,28720,0.006503390065033865,33502,33281,0.006596621097247901,30957,30752,0.006622088703685747,25307,25122,0.007310230371043613,,365480,363105,0.006498303600744215,1
BT-HQ,932,9590,9508,0.008550573514077175,10835,10751,0.007752653437932633,11868,11769,0.008341759352881728,14787,14744,0.002907959694326112,11877,11789,0.007409278437315869,12182,12106,0.006238712855031969,10178,10072,0.010414619768127298,11220,11110,0.009803921568627416,11258,11153,0.009326701012613237,11213,11115,0.008739855524837248,11403,11310,0.00815574848724021,10320,10237,0.00804263565891472,,136731,135664,0.0078036436506717655,1
BT-HQ,933,0,5135,0,0,5738,0,0,5504,0,0,5808,0,0,5048,0,0,5110,0,0,4452,0,0,5612,0,0,5391,0,0,5278,0,0,5236,0,0,6305,0,,0,64617,0,1
BT-HQ,934,10210,10194,0.0015670910871694588,8295,8263,0.003857745629897491,7692,7673,0.0024700988039521032,7914,7899,0.0018953752843062777,6483,6480,0.00046274872744100914,7126,7119,0.0009823182711198308,7370,7373,0,7261,7262,0,6532,6534,0,6451,6443,0.001240117811192043,9411,9449,0,10391,10668,0,,95136,95357,0,1
BT-HQ,934A,0,0,,0,0,,0,0,,0,0,,0,0,,0,0,,0,0,,0,0,,0,0,,0,0,,0,0,,3503,3503,0,,3503,3503,0,1
BT-HQ,935,0,3407,0,0,3449,0,0,2657,0,0,3515,0,0,2819,0,0,3130,0,0,2803,0,0,3179,0,0,2852,0,0,2633,0,0,3785,0,0,5580,0,,0,39809,0,1
BT-HQ,937,0,18728,0,0,19266,0,0,19891,0,0,23079,0,0,20677,0,0,19960,0,0,18149,0,0,21407,0,0,19889,0,0,20204,0,0,20282,0,0,18411,0,,0,239943,0,1
BT-HQ,938,4109,4105,0.0009734728644439361,4964,4962,0.00040290088638195165,5487,5484,0.0005467468562055933,6144,6141,0.00048828125,5351,5349,0.0003737619136610082,5224,5222,0.0003828483920367276,4595,4594,0.00021762785636558757,5202,5200,0.0003844675124952124,5152,5150,0.00038819875776396895,5189,5187,0.0003854307188282391,5327,5325,0.00037544584193727193,4475,4474,0.00022346368715087106,,61219,61193,0.00042470474852573936,1
BT-HQ,939,6395,6386,0.0014073494917904439,7008,6985,0.0032819634703196154,6816,6783,0.0048415492957746276,7679,7644,0.004557885141294404,6080,6057,0.003782894736842124,6229,6209,0.003210788248515062,5286,5270,0.003026863412788461,5604,5587,0.003033547466095632,5381,5366,0.002787585950566829,5531,5519,0.002169589585970022,5312,5301,0.002070783132530174,5110,5103,0.00136986301369868,,72431,72210,0.0030511797434800147,1
BT-HQ,940,4131,4209,0,4444,4522,0,4628,4696,0,5518,5597,0,5074,5153,0,4811,4892,0,4253,4333,0,4497,4583,0,4583,4670,0,4511,4597,0,4320,4404,0,3967,4051,0,,54737,55707,0,1
BT-HQ,943,0,5810,0,0,6332,0,0,7179,0,0,8894,0,0,7992,0,0,7939,0,0,6856,0,0,8072,0,0,7931,0,0,7949,0,0,7778,0,0,6481,0,,0,89213,0,1
BT-HQ,944,23152,23248,0,25645,25751,0,24705,24812,0,26184,26280,0,27434,27501,0,27258,27327,0,24217,24240,0,24602,24632,0,24547,24563,0,24712,24725,0,24285,24306,0,21111,21213,0,,297852,298598,0,1
BT-HQ,945,10303,10301,0.00019411821799475426,13167,13198,0,13155,13218,0,15629,15664,0,12415,12469,0,12726,12803,0,10575,10607,0,10938,11034,0,11297,11394,0,11515,11554,0,11290,11370,0,10674,10761,0,,143684,144373,0,1
BT-HQ,946,13980,13875,0.007510729613733891,15120,14988,0.0087301587301587,18160,18029,0.007213656387665246,20800,20617,0.00879807692307688,18360,18236,0.00675381263616559,17860,17707,0.008566629339305742,15240,15145,0.00623359580052496,16640,16531,0.006550480769230815,16340,16220,0.007343941248470043,15900,15798,0.006415094339622618,16780,16662,0.007032181168057261,15060,14909,0.010026560424966746,,200240,198717,0.007605872952457071,1
BT-HQ,946A,0,2910,0,0,3656,0,0,3152,0,0,2805,0,0,2060,0,0,2022,0,0,1807,0,0,2355,0,0,2084,0,0,2073,0,0,2065,0,0,3285,0,,0,30274,0,1
BT-HQ,946B,0,3448,0,0,3901,0,0,4746,0,0,5676,0,0,5017,0,0,5283,0,0,4751,0,0,4798,0,0,5207,0,0,5345,0,0,5252,0,0,4453,0,,0,57877,0,1
BT-HQ,946C,0,0,,0,0,,0,0,,0,0,,0,0,,0,0,,0,0,,0,0,,0,0,,0,0,,0,0,,9549,9498,0.00534087338988376,,9549,9498,0.00534087338988376,1
BT-HQ,947,1059,1054,0.0047214353163361755,1038,1025,0.012524084778420042,1105,1105,0,1589,1569,0.012586532410320928,1215,1207,0.006584362139917643,1237,1231,0.004850444624090566,1041,1031,0.009606147934678178,1117,1112,0.004476275738585445,1185,1179,0.005063291139240533,1361,1346,0.01102130786186628,1159,1164,0,1028,1014,0.013618677042801508,,14134,14037,0.006862883826234567,1
BT-HQ,948,0,7770,0,0,8645,0,0,8342,0,0,8396,0,0,7261,0,0,7465,0,0,6522,0,0,7319,0,0,7742,0,0,7639,0,0,7486,0,0,6983,0,,0,91570,0,1
BT-HQ,949,16079,16079,0,18298,18289,0.0004918570335555872,19874,19852,0.0011069739357955077,21675,21649,0.0011995386389850315,19630,19603,0.0013754457463066583,20625,20598,0.0013090909090909264,17608,17590,0.0010222626079054997,19114,19100,0.0007324474207387466,19902,19888,0.0007034468897598734,18947,18939,0.00042223043225841916,18909,18902,0.0003701940874715204,16595,16601,0,,227256,227090,0.0007304537613967987,1
BT-HQ,949A,0,2103,0,0,2477,0,0,4067,0,0,3637,0,0,3639,0,0,2353,0,0,2035,0,0,2155,0,0,2384,0,0,2330,0,0,2329,0,0,2144,0,,0,31653,0,1
BT-HQ,950,10410,10387,0.0022094140249759864,10550,10527,0.0021800947867298692,11903,11876,0.0022683357136856763,14006,13972,0.002427531058117993,12378,12335,0.003473905315882986,11645,11620,0.002146844139115478,10206,10187,0.0018616500097982103,10874,10852,0.002023174544785733,10693,10672,0.0019639016178808477,11235,11212,0.0020471740097908198,10915,10895,0.001832340815391631,9666,9647,0.001965652803641582,,134481,134182,0.0022233624080725267,1
BT-HQ,950A,13397,13397,0,13987,13987,0,14742,14742,0,19168,19169,0,15821,15822,0,13954,13955,0,12212,12212,0,13449,13450,0,14890,14892,0,13108,13106,0.00015257857796768803,14861,14862,0,14210,14209,7.037297677692234e-05,,173799,173803,0,1
BT-HQ,951,11383,11350,0.0028990600017569923,13048,13048,0,14384,14456,0,0,14047,0,0,12399,0,0,11943,0,994,11128,0,11595,11591,0.00034497628288054916,11885,11881,0.00033655868742110684,11701,11696,0.0004273139047944463,11966,11962,0.0003342804613070127,10178,10173,0.00049125564943997,,97134,145674,0,1
BT-HQ,952,0,17263,0,0,17787,0,0,17519,0,0,17968,0,0,14753,0,0,15118,0,0,13196,0,0,13972,0,0,14693,0,0,14121,0,0,14655,0,0,13875,0,,0,184920,0,1
BT-HQ,953,13843,13819,0.0017337282380986974,15501,15451,0.0032255983484936745,16116,16061,0.0034127575080664663,16601,16547,0.0032528160954159446,13969,13936,0.002362373827761499,13891,13865,0.001871715499244142,12669,12640,0.0022890520167337947,13166,13137,0.0022026431718061845,12125,12102,0.0018969072164948253,9594,9586,0.0008338544923910396,8737,8733,0.00045782305139063784,8578,8571,0.0008160410352063829,,154790,154448,0.0022094450545900868,1
BT-HQ,953A,0,0,,0,0,,0,0,,0,0,,0,0,,0,0,,0,0,,0,3532,0,0,5488,0,0,7739,0,0,8637,0,0,8094,0,,0,33490,0,1
BT-HQ,954,13842,13916,0,15730,15909,0,18086,18342,0,21434,21750,0,18343,18571,0,18236,18469,0,16126,16269,0,13145,13157,0,12161,12132,0.002384672313132108,11607,11581,0.002240027569570091,10051,10053,0,9184,9186,0,,177945,179335,0,1
BT-HQ,954A,563,561,0.003552397868561319,1886,1878,0.0042417815482502785,1200,1197,0.0024999999999999467,18539,18515,0.0012945682075624632,28007,27974,0.001178276859356564,25799,25775,0.0009302686150626238,18639,18625,0.0007511132571489387,926,922,0.004319654427645814,10226,10216,0.0009778994719342737,11710,11699,0.0009393680614858679,676,673,0.004437869822485174,8370,8361,0.0010752688172043223,,126541,126396,0.001145873669403552,1
BT-HQ,955,9702,9674,0.0028860028860029363,10074,10045,0.002878697637482608,11364,11333,0.0027279127067934006,12984,12947,0.002849661121380187,11340,11307,0.0029100529100528627,11289,11257,0.002834617769510106,9259,9234,0.002700075602116825,9801,9773,0.002856851341699773,9780,9753,0.0027607361963190025,10176,10149,0.0026533018867924696,9835,9808,0.0027452974072190717,9116,9092,0.002632733655111852,,124720,124372,0.0027902501603591645,1
BT-HQ,956,6172,6173,0,6489,6487,0.00030821390044688535,7430,7427,0.00040376850605650105,8863,8855,0.0009026289066906834,7893,7893,0,7785,7786,0,7136,7140,0,7250,7254,0,7552,7556,0,7855,7857,0,7339,7344,0,6969,6975,0,,88733,88747,0,1
BT-HQ,957,0,5787,0,0,6305,0,0,6668,0,0,7172,0,0,6225,0,0,6278,0,0,5848,0,0,6176,0,0,6079,0,0,5906,0,0,5727,0,0,5246,0,,0,73417,0,1
BT-HQ,958,3262,3210,0.01594114040465977,3630,3558,0.01983471074380161,4095,4025,0.017094017094017144,4620,4503,0.025324675324675305,4310,4209,0.02343387470997682,5114,4976,0.02698474775127102,4920,4788,0.02682926829268295,4364,4252,0.025664527956003713,3909,3825,0.02148887183422865,4114,4027,0.02114730189596503,3759,3685,0.019686086725192897,3230,3176,0.016718266253869962,,49327,48234,0.022158250045614003,1
BT-HQ,959,19733,19611,0.006182536867176847,21062,20922,0.0066470420662805285,22758,22599,0.0069865541787503815,24662,24479,0.007420322763766141,22924,22761,0.0071104519281103284,22296,22131,0.007400430570505878,19296,19179,0.006063432835820892,20292,20159,0.006554307116104829,19935,19805,0.00652119388011041,19471,19342,0.006625237532741024,19949,19808,0.007068023459822492,17896,17787,0.006090746535538649,,250274,248583,0.006756594772129754,1
BT-HQ,960,6784,6754,0.004422169811320709,7288,7253,0.004802414928649856,7533,7494,0.005177220230983659,8469,8429,0.004723107804935678,7204,7172,0.004441976679622428,7092,7058,0.004794134235758585,6219,6197,0.0035375462292973614,6602,6573,0.004392608300515022,6848,6814,0.004964953271028083,6937,6900,0.005333717745423128,6833,6797,0.00526854968535051,5850,5839,0.001880341880341918,,83659,83280,0.00453029560477658,1
BT-HQ,961,3782,3710,0.019037546271813865,4193,4104,0.021225852611495344,4536,4438,0.021604938271604923,5481,5360,0.022076263455573786,4545,4454,0.02002200220021999,4459,4367,0.020632428795694047,4115,4034,0.019684082624544352,4524,4432,0.020335985853227267,4738,4640,0.02068383284086117,4931,4824,0.0216994524437234,4709,4606,0.021873009131450405,3726,3651,0.020128824476650542,,53739,52620,0.02082286607491768,1
BT-HQ,962,0,8061,0,0,8803,0,0,9295,0,0,10593,0,0,8935,0,0,9506,0,0,8973,0,0,9272,0,0,9432,0,0,8801,0,0,9166,0,0,8587,0,,0,109424,0,1
BT-HQ,962A,0,4849,0,0,4815,0,0,5228,0,0,6162,0,0,5192,0,0,5497,0,0,4296,0,0,4847,0,0,5068,0,0,4928,0,0,4658,0,0,4475,0,,0,60015,0,1
BT-HQ,963,0,6967,0,0,8010,0,0,8859,0,0,9959,0,0,8960,0,0,9102,0,0,7985,0,0,8230,0,0,8483,0,0,8022,0,0,7965,0,0,7194,0,,0,99736,0,1
BT-HQ,964,3662,3601,0.01665756417258324,3659,3613,0.012571740912817764,3937,3897,0.010160020320040597,4616,4597,0.004116117850953227,4385,4363,0.005017103762827824,4431,4381,0.01128413450688337,3807,3740,0.017599159443131063,3709,3652,0.015368023726071711,3690,3628,0.01680216802168022,3694,3628,0.017866811044937703,3484,3435,0.01406429391504016,3473,3413,0.017276130146847146,,46547,45948,0.012868713343502258,1
BT-HQ,965,9467,9457,0.0010563008344776081,10959,10935,0.0021899808376676377,11689,11667,0.0018821113867738548,12453,12433,0.0016060387055327752,11876,11856,0.0016840687100033724,12050,12027,0.0019087136929460957,8503,8488,0.0017640832647300986,9554,9536,0.0018840276324052496,9549,9530,0.0019897371452508583,8444,8426,0.002131691141639025,9152,9133,0.002076048951048959,9757,9736,0.002152300912165672,,123453,123224,0.001854956947178299,1
BT-HQ,965A,495,497,0,533,537,0,586,588,0,821,827,0,779,784,0,821,826,0,552,554,0,623,628,0,646,651,0,577,580,0,498,502,0,367,369,0,,7298,7343,0,1
BT-HQ,965B,0,752,0,0,753,0,0,749,0,0,831,0,0,799,0,0,1057,0,0,799,0,0,779,0,0,791,0,0,732,0,0,804,0,0,1062,0,,0,9908,0,1
BT-HQ,965C,0,3153,0,0,3066,0,0,3395,0,0,4230,0,0,3505,0,0,3564,0,0,2464,0,0,2615,0,0,2898,0,0,3074,0,0,3044,0,0,3113,0,,0,38121,0,1
BT-HQ,965D,600,601,0,673,674,0,662,664,0,750,751,0,593,592,0.001686340640809414,674,673,0.0014836795252225476,592,591,0.0016891891891891442,590,589,0.0016949152542372614,643,642,0.0015552099533436836,555,555,0,601,601,0,574,572,0.0034843205574912606,,7507,7505,0.0002664180098574942,1
BT-HQ,966,4433,4420,0.0029325513196480912,4749,4735,0.0029479890503263384,5096,5081,0.0029434850863422346,5872,5856,0.0027247956403270157,5179,5167,0.00231704962347945,5327,5313,0.0026281208935611255,4691,4678,0.002771264122788275,4909,4894,0.0030556121409656134,4829,4815,0.002899150962932251,4456,4443,0.002917414721723466,4479,4466,0.0029024335789238354,4222,4210,0.0028422548555187,,58242,58078,0.002815837368222218,1
BT-HQ,966A,1377,1376,0.000726216412490932,1550,1551,0,1572,1572,0,1682,1681,0.0005945303210463937,1441,1440,0.000693962526023606,1426,1425,0.0007012622720897754,1164,1163,0.0008591065292096189,1331,1331,0,1559,1559,0,1375,1374,0.0007272727272726875,1325,1323,0.0015094339622641062,1258,1253,0.003974562798092163,,17060,17048,0.0007033997655334634,1
BT-HQ,967,0,1626,0,0,1671,0,0,1878,0,0,2344,0,0,2100,0,0,2277,0,0,1943,0,0,1953,0,0,1896,0,0,1745,0,0,1819,0,0,1731,0,,0,22983,0,1
BT-HQ,967A,1208,1224,0,1642,1665,0,1593,1615,0,1674,1697,0,1626,1665,0,1555,1587,0,1371,1397,0,1413,1439,0,1471,1500,0,1404,1430,0,1348,1376,0,1160,1181,0,,17465,17776,0,1
BT-HQ,969,3451,3448,0.000869313242538361,3733,3731,0.0005357621216179886,3835,3832,0.0007822685788787531,4190,4187,0.0007159904534606021,3703,3700,0.0008101539292465487,3682,3680,0.0005431830526887449,3490,3489,0.0002865329512894421,3563,3560,0.0008419870895313153,3534,3532,0.0005659309564233217,3661,3659,0.0005462988254575363,3559,3556,0.0008429334082606932,3422,3418,0.0011689070718877703,,43823,43792,0.0007073910959998209,1
BT-HQ,970,2376,3791,0,3620,4051,0,4302,4254,0.01115760111576014,4655,4605,0.01074113856068748,4292,4247,0.010484622553588063,4316,4273,0.009962928637627377,3964,3930,0.008577194752774964,4056,4022,0.0083826429980276,4083,4048,0.008572128337007157,3830,3799,0.008093994778067937,4150,4114,0.00867469879518068,3966,3935,0.00781643973777102,,47610,49069,0,1
BT-HQ,971,1207,1176,0.025683512841756406,1184,1153,0.026182432432432456,1287,1252,0.0271950271950272,1605,1561,0.027414330218068494,1382,1344,0.02749638205499272,1247,1212,0.028067361668003166,1083,1056,0.024930747922437657,1191,1159,0.026868178001679288,1251,1219,0.025579536370903266,1216,1185,0.025493421052631526,1143,1113,0.026246719160105014,945,922,0.024338624338624326,,14741,14352,0.02638898310833726,1
BT-HQ,972,17319,17230,0.005138864830532941,18057,17965,0.005094977017223279,20283,20182,0.004979539515850728,23834,23718,0.004866996727364237,19700,19602,0.004974619289340065,19038,18942,0.005042546485975463,16614,16529,0.005116167087998114,17691,17600,0.005143858459103479,17825,17732,0.00521739130434784,18179,18089,0.004950767368942177,17520,17435,0.004851598173515992,15985,15901,0.005254926493587719,,222045,220925,0.005044022608029941,1
BT-HQ,972A,0,3133,0,0,3601,0,0,3975,0,0,4570,0,0,3549,0,0,3642,0,0,3095,0,0,3375,0,0,3235,0,0,4674,0,0,5156,0,0,4396,0,,0,46401,0,1
BT-HQ,972B,0,0,,0,0,,0,0,,0,0,,0,0,,0,0,,0,21242,0,0,19272,0,0,34451,0,0,19270,0,0,20330,0,0,38646,0,,0,153211,0,1
BT-HQ,973,9485,9416,0.007274644175013223,10844,10766,0.007192917742530391,12190,12103,0.00713699753896635,13527,13431,0.007096917276558035,12124,12038,0.00709336852523923,12519,12428,0.007268951194184803,10320,10243,0.007461240310077555,11196,11115,0.007234726688102877,10879,10801,0.0071697766338817415,10294,10222,0.006994365649893086,10668,10592,0.007124109486314256,9162,9100,0.006767081423269983,,133208,132255,0.007154224971473222,1
BT-HQ,973A,1618,1605,0.00803461063040789,1620,1606,0.00864197530864197,2013,1996,0.008445106805762492,3634,3601,0.009080902586681372,3252,3222,0.009225092250922495,2813,2788,0.008887308922858161,1834,1819,0.008178844056706658,1927,1912,0.007784120394395466,2018,2002,0.007928642220019877,1789,1775,0.007825600894354356,1980,1964,0.008080808080808133,1869,1856,0.006955591225254132,,26367,26146,0.008381689232753065,1
BT-HQ,974,5545,7451,0,6818,6803,0.002200058668231142,7801,7786,0.0019228304063582113,9263,9241,0.0023750404836445638,7843,7787,0.007140124952186633,8065,8087,0,7095,7080,0.0021141649048626032,7352,7337,0.0020402611534275916,8239,8222,0.002063357203544114,7791,7774,0.002182004877422705,8192,8173,0.0023193359375,6096,6082,0.0022965879265092193,,90100,91823,0,1
BT-HQ,975,0,2382,0,0,1463,0,0,1485,0,0,1443,0,0,1511,0,0,2168,0,0,1966,0,0,2181,0,0,2051,0,0,1642,0,0,1842,0,0,1629,0,,0,21763,0,1
BT-HQ,976,5620,5623,0,6175,6177,0,6791,6792,0,7604,7606,0,7158,7159,0,7474,7479,0,6631,6635,0,6684,6688,0,6982,6985,0,6630,6634,0,6734,6738,0,5998,6003,0,,80481,80519,0,1
BT-HQ,977,7018,7026,0,7716,7594,0.015811301192327654,7651,7569,0.010717553261011648,14627,14525,0.006973405346277439,9129,9093,0.0039434768320736335,8028,8006,0.002740408570005015,7107,7085,0.0030955396088363507,7650,7628,0.0028758169934640643,8031,8007,0.002988419872992143,7774,7751,0.00295857988165682,7861,7835,0.0033074672433532903,6917,6897,0.0028914269191846476,,99509,99016,0.004954325739380372,1
BT-HQ,978,19899,19855,0.002211166390270858,20634,20585,0.002374721333721075,21484,21431,0.0024669521504375735,25066,25003,0.0025133647171466933,21801,21748,0.0024310811430667822,22079,22030,0.0022193034104805998,19505,19462,0.002204562932581422,20867,20821,0.0022044376287918555,22618,22566,0.0022990538509152225,21691,21642,0.0022590014291641314,21087,21039,0.0022762839664247636,19170,19128,0.0021909233176838905,,255901,255310,0.002309486871876265,1
BT-HQ,979,6008,6128,0,6471,6594,0,6441,6559,0,6632,6742,0,6347,6448,0,6433,6531,0,5901,5966,0,6264,6346,0,6233,6317,0,5826,5898,0,5805,5836,0,5434,5520,0,,73795,74885,0,1
BT-HQ,980,0,5845,0,0,6118,0,0,7351,0,0,6977,0,0,6405,0,0,6169,0,0,5197,0,0,8660,0,0,21723,0,0,10956,0,0,12726,0,0,8285,0,,0,106412,0,1
BT-HQ,980A,3181,3178,0.0009430996541968106,3691,3686,0.0013546464372798939,4303,4299,0.0009295840111550602,5511,5506,0.0009072763563781061,5211,5206,0.0009595087315295014,5305,5292,0.002450518378887878,4486,4494,0,4587,4585,0.0004360148245040607,5008,5006,0.0003993610223642641,4729,4728,0.00021146119687032172,5398,5395,0.0005557613931085337,5653,5650,0.0005306916681407925,,57063,57025,0.0006659306380667473,1
BT-HQ,980B,2057,2058,0,2152,2153,0,2352,2353,0,2936,2936,0,2867,2868,0,3034,3034,0,2734,2734,0,2910,2910,0,2998,2999,0,2540,2540,0,2383,2384,0,2245,2245,0,,31208,31214,0,1
BT-HQ,980C,1640,1642,0,1997,1999,0,2148,2149,0,2658,2659,0,2398,2399,0,2371,2372,0,2068,2070,0,2111,2111,0,2358,2361,0,2380,2381,0,2432,2434,0,2100,2102,0,,26661,26679,0,1
BT-HQ,980D,4423,4425,0,4839,4840,0,5552,5554,0,5917,5918,0,5995,5996,0,5274,5275,0,4286,4288,0,5130,5132,0,5087,5088,0,4942,4943,0,5229,5230,0,4520,4522,0,,61194,61211,0,1
BT-HQ,980E,0,0,,0,0,,0,0,,0,363,0,0,850,0,0,1127,0,0,1188,0,0,1097,0,0,1111,0,0,1290,0,0,1421,0,0,1262,0,,0,9709,0,1
BT-HQ,980F,0,0,,0,0,,0,0,,0,36,0,0,145,0,0,411,0,0,497,0,0,624,0,0,691,0,0,782,0,0,828,0,0,786,0,,0,4800,0,1
BT-HQ,980G,0,0,,0,0,,0,0,,0,470,0,0,925,0,0,2426,0,0,2555,0,0,2786,0,0,2898,0,0,2844,0,0,3883,0,0,4056,0,,0,22843,0,1
BT-HQ,981,0,1613,0,0,1841,0,0,1894,0,0,2385,0,0,1892,0,0,1899,0,0,1648,0,0,1790,0,0,1862,0,0,2004,0,0,1977,0,0,1731,0,,0,22536,0,1
BT-HQ,982,0,4427,0,0,4313,0,0,4520,0,0,4057,0,0,3098,0,0,3108,0,0,2637,0,0,2558,0,0,2569,0,0,3148,0,0,2744,0,0,3653,0,,0,40832,0,1
BT-HQ,983,0,5375,0,0,6131,0,0,6832,0,0,7633,0,0,7758,0,0,7811,0,0,6709,0,0,7366,0,0,7851,0,0,6997,0,0,7043,0,0,6364,0,,0,83870,0,1
BT-HQ,998,4852,4853,0,4060,4061,0,1098,1099,0,2105,2106,0,1577,1577,0,586,587,0,495,495,0,1428,1429,0,1116,1116,0,1045,1046,0,2490,2491,0,7767,7766,0.00012874983906274728,,28619,28626,0,1
BT-HQ,F000,0,0,,0,0,,0,0,,0,0,,0,0,,0,0,,0,0,,0,0,,0,0,,0,0,,0,0,,0,0,,,0,0,,0
BT-HQ,MQX,0,0,,0,0,,0,0,,0,0,,0,0,,0,0,,0,0,,0,0,,0,0,,0,0,,0,0,,0,0,,,0,0,,0
BT-HQ,PL01,0,0,,0,0,,0,0,,0,0,,0,0,,0,0,,0,0,,0,0,,0,0,,0,0,,0,0,,0,0,,,0,0,,0
BT-HQ,PM62,0,0,,0,0,,0,0,,0,0,,0,0,,0,0,,0,0,,0,0,,0,0,,0,0,,0,0,,0,0,,,0,0,,0
BT-HQ,T698,0,0,,0,0,,0,0,,0,0,,0,0,,0,0,,0,0,,0,0,,0,0,,0,0,,0,0,,0,0,,,0,0,,0
BT-HQ,WAUX,0,0,,0,0,,0,0,,0,0,,0,0,,0,0,,0,0,,0,0,,0,0,,0,0,,0,0,,0,0,,,0,0,,0
