Unnamed: 0,Unnamed: 1,January,Unnamed: 3,Unnamed: 4,February,Unnamed: 6,Unnamed: 7,March,Unnamed: 9,Unnamed: 10,April,Unnamed: 12,Unnamed: 13,May,Unnamed: 15,Unnamed: 16,June,Unnamed: 18,Unnamed: 19,July,Unnamed: 21,Unnamed: 22,August,Unnamed: 24,Unnamed: 25,September,Unnamed: 27,Unnamed: 28,October,Unnamed: 30,Unnamed: 31,November,Unnamed: 33,Unnamed: 34,December,Unnamed: 36,Unnamed: 37,Unnamed: 38,Accumulate for Year 2024,Unnamed: 40,Unnamed: 41,Unnamed: 42
Region,Cabin,Total kWh,Sales kWh,Losses,Total kWh,Sales kWh,Losses,Total kWh,Sales kWh,Losses,Total kWh,Sales kWh,Losses,Total kWh,Sales kWh,Losses,Total kWh,Sales kWh,Losses,Total kWh,Sales kWh,Losses,Total kWh,Sales kWh,Losses,Total kWh,Sales kWh,Losses,Total kWh,Sales kWh,Losses,Total kWh,Sales kWh,Losses,Total kWh,Sales kWh,Losses,,Total kWh,Sales kWh,Losses,Consumer
KP-HQ,1,0,27446,0,0,25285,0,0,28206,0,0,33582,0,0,29711,0,0,31231,0,0,19887,0,0,17689,0,0,19236,0,0,19592,0,0,19062,0,0,19341,0,,0,290268,0,103
KP-HQ,2,0,132870,0,0,129920,0,0,132489,0,0,156620,0,0,136259,0,0,147010,0,0,114529,0,0,106732,0,0,114682,0,0,100630,0,0,102834,0,0,109226,0,,0,1483801,0,369
KP-HQ,3,0,64659,0,0,60455,0,0,65545,0,0,81021,0,0,66974,0,0,76878,0,0,63316,0,0,55908,0,0,60277,0,0,53810,0,0,55785,0,0,59659,0,,0,764287,0,207
KP-HQ,4,0,87770,0,0,91215,0,0,90898,0,0,96957,0,0,81386,0,0,87515,0,0,78589,0,0,71709,0,0,82530,0,0,72224,0,0,77588,0,0,82346,0,,0,1000727,0,267
KP-HQ,5,0,33707,0,0,32855,0,0,34615,0,0,37078,0,0,51066,0,0,58887,0,0,47572,0,0,50580,0,0,50047,0,0,47494,0,0,51169,0,0,50037,0,,0,545107,0,101
KP-HQ,6,0,24574,0,0,24204,0,0,26783,0,0,17764,0,0,15369,0,0,16651,0,0,13520,0,0,14217,0,0,13904,0,0,13503,0,0,13833,0,0,13633,0,,0,207955,0,63
KP-HQ,7,0,60135,0,0,62590,0,0,64571,0,0,68616,0,0,75098,0,0,69842,0,0,63055,0,0,58677,0,0,63372,0,0,79941,0,0,89514,0,189203,85019,0.5506466599366817,,189203,840430,0,386
KP-HQ,8,0,59220,0,0,63869,0,0,66143,0,0,72795,0,0,74261,0,0,67831,0,0,53048,0,0,51109,0,0,54439,0,0,51605,0,0,54099,0,0,50416,0,,0,718835,0,367
KP-HQ,9,0,22969,0,0,27124,0,0,27101,0,0,38415,0,0,41195,0,0,34893,0,0,31697,0,0,28443,0,0,29332,0,0,30136,0,0,33781,0,0,33251,0,,0,378337,0,127
KP-HQ,10,0,71061,0,0,63236,0,0,65681,0,0,71220,0,0,78549,0,0,85737,0,0,74865,0,0,63673,0,0,72269,0,0,65823,0,0,57415,0,0,68992,0,,0,838521,0,206
KP-HQ,100,0,46688,0,0,42366,0,0,45532,0,0,51517,0,0,56243,0,0,53117,0,0,48930,0,0,39401,0,0,39813,0,0,41755,0,0,43447,0,0,42887,0,,0,551696,0,23
KP-HQ,101,0,21345,0,0,22963,0,0,24853,0,0,25159,0,0,26087,0,0,27102,0,0,18103,0,0,19777,0,0,19508,0,0,18560,0,0,19654,0,0,17735,0,,0,260846,0,118
KP-HQ,102,0,7232,0,0,7413,0,0,7637,0,0,7940,0,0,8082,0,0,8599,0,0,6587,0,0,7970,0,0,8213,0,0,7537,0,0,8019,0,0,7335,0,,0,92564,0,84
KP-HQ,103,0,14531,0,0,15329,0,0,15646,0,0,16354,0,0,17110,0,0,17711,0,0,13794,0,0,15262,0,0,15258,0,0,15349,0,0,15913,0,0,15133,0,,0,187390,0,123
KP-HQ,104,0,18925,0,0,20383,0,0,21362,0,0,22876,0,0,21914,0,0,22144,0,0,17751,0,0,19846,0,0,18865,0,0,19089,0,0,20081,0,0,18522,0,,0,241758,0,175
KP-HQ,105,0,43076,0,0,43775,0,0,46154,0,0,62548,0,0,58822,0,0,60192,0,0,51998,0,0,53425,0,0,43213,0,0,43565,0,0,47909,0,0,43441,0,,0,598118,0,282
KP-HQ,106,0,6253,0,0,6856,0,0,7511,0,0,8344,0,0,7924,0,0,7964,0,0,6951,0,0,6874,0,0,6754,0,0,8082,0,0,8127,0,0,6992,0,,0,88632,0,66
KP-HQ,107,0,39895,0,0,38788,0,0,41986,0,0,41140,0,0,52965,0,0,52927,0,0,40304,0,0,38555,0,0,42965,0,0,40705,0,0,37398,0,0,37112,0,,0,504740,0,166
KP-HQ,108,0,9859,0,0,10231,0,0,10459,0,0,10583,0,0,11666,0,0,11779,0,0,10704,0,0,10167,0,0,10875,0,0,10321,0,0,10448,0,0,9325,0,,0,126417,0,138
KP-HQ,109,0,13555,0,0,13754,0,0,14971,0,0,17042,0,0,17257,0,0,16874,0,0,12751,0,0,12976,0,0,13213,0,0,13462,0,0,13799,0,0,13285,0,,0,172939,0,64
KP-HQ,109C,0,0,,0,0,,0,0,,0,0,,0,0,,0,0,,0,0,,0,0,,0,0,,0,0,,0,0,,0,0,,,0,0,,0
KP-HQ,11,0,117195,0,0,105404,0,0,119432,0,0,128943,0,0,149343,0,0,142695,0,0,129574,0,0,114840,0,0,130196,0,0,117289,0,0,104504,0,0,125839,0,,0,1485254,0,231
KP-HQ,110,49043,48783,0.0053014701384499485,45407,45348,0.0012993591296496243,62074,62003,0.0011437961143151432,66187,66100,0.0013144575218698717,74341,74253,0.0011837344130426475,0,0,,133659,133628,0.00023193350242034505,61932,61913,0.00030678809016337905,45907,45894,0.00028318121419390607,20463,20474,0,26355,26303,0.001973060140390781,26315,26293,0.0008360250807524228,,611683,610992,0.0011296701069017923,1
KP-HQ,111,3199,3200,0,4271,4271,0,2295,2295,0,4101,4102,0,3560,3560,0,2799,2799,0,2282,2283,0,2413,2413,0,2041,2041,0,2331,2331,0,2352,2352,0,2820,2820,0,,34464,34467,0,1
KP-HQ,112,0,14233,0,0,15088,0,0,14664,0,0,16833,0,0,17242,0,0,16951,0,0,14482,0,0,15047,0,0,14658,0,0,16091,0,0,16336,0,0,14630,0,,0,186255,0,105
KP-HQ,113,0,13986,0,0,14633,0,0,15497,0,0,17979,0,0,15017,0,0,16915,0,0,13698,0,0,14499,0,0,14923,0,0,14521,0,0,14654,0,0,13889,0,,0,180211,0,101
KP-HQ,114,0,0,,0,0,,0,0,,0,0,,0,82780,0,0,0,,0,0,,10940,10940,0,0,0,,0,0,,0,0,,0,0,,,10940,93720,0,1
KP-HQ,115,0,2960,0,0,3960,0,0,4000,0,0,3080,0,0,2200,0,0,80,0,0,0,,0,0,,0,0,,0,560,0,0,240,0,0,4080,0,,0,21160,0,1
KP-HQ,116,0,0,,0,0,,0,0,,0,0,,0,0,,0,0,,0,0,,0,0,,0,0,,0,0,,0,0,,0,0,,,0,0,,0
KP-HQ,117,0,0,,0,0,,0,0,,0,0,,0,0,,0,0,,0,0,,0,0,,0,0,,0,0,,0,0,,0,0,,,0,0,,0
KP-HQ,118,0,0,,0,0,,0,0,,0,0,,0,0,,0,0,,0,0,,0,0,,0,0,,0,0,,0,0,,0,0,,,0,0,,0
KP-KT,118,0,0,,0,0,,0,0,,0,0,,0,0,,0,0,,0,0,,0,0,,0,0,,0,0,,0,0,,13158,13993,0,,13158,13993,0,1
KP-HQ,119,0,0,,0,0,,0,0,,0,0,,0,0,,0,0,,0,0,,0,0,,0,0,,0,0,,0,0,,0,0,,,0,0,,0
KP-HQ,12,0,106715,0,0,101779,0,0,117306,0,0,110005,0,0,123230,0,0,117231,0,0,104743,0,0,96659,0,0,101597,0,0,98430,0,0,91021,0,0,108425,0,,0,1277141,0,201
KP-HQ,120,0,0,,0,0,,0,0,,0,0,,0,0,,0,0,,0,0,,0,0,,0,0,,0,0,,0,0,,0,0,,,0,0,,0
KP-HQ,121,0,3540,0,0,3757,0,0,4537,0,0,4032,0,0,3907,0,0,4142,0,0,4047,0,0,4383,0,0,3871,0,0,3864,0,0,4125,0,0,3978,0,,0,48183,0,1
KP-HQ,122,0,4055,0,0,4046,0,0,4741,0,0,4671,0,0,4193,0,0,5635,0,0,3934,0,0,2447,0,0,1537,0,0,2961,0,0,3247,0,0,3863,0,,0,45330,0,1
KP-HQ,123,1325,1326,0,1308,1307,0.000764525993883769,1360,1361,0,1339,1339,0,1309,1309,0,1238,1238,0,1174,1174,0,1210,1209,0.0008264462809917106,1154,1155,0,1197,1196,0.0008354218880535225,1292,1292,0,1072,1073,0,,14978,14979,0,1
KP-HQ,124,0,8333,0,0,8113,0,0,9381,0,0,8992,0,0,8216,0,0,8332,0,0,7230,0,0,7966,0,0,7034,0,0,7079,0,0,7601,0,0,7086,0,,0,95363,0,1
KP-HQ,125,0,9771,0,0,9414,0,0,11236,0,0,12146,0,0,10668,0,0,10802,0,0,9145,0,0,9519,0,0,8767,0,0,9179,0,0,9385,0,0,8756,0,,0,118788,0,1
KP-HQ,126,13684,13688,0,12890,12895,0,15652,15659,0,16331,16213,0.007225522013348806,16087,16225,0,14408,14417,0,12844,12850,0,14006,14013,0,13349,13356,0,13817,13824,0,14017,14018,0,13314,13317,0,,170399,170475,0,1
KP-HQ,127,0,3357,0,0,3108,0,0,3563,0,0,3409,0,0,3545,0,0,3780,0,0,2833,0,0,3011,0,0,2652,0,0,2573,0,0,2650,0,0,2444,0,,0,36925,0,1
KP-HQ,128,0,2684,0,0,2719,0,0,2988,0,0,3626,0,0,3557,0,0,3179,0,0,2763,0,0,3155,0,0,2954,0,0,2999,0,0,3124,0,0,2798,0,,0,36546,0,1
KP-HQ,129,135514,135661,0,137464,137624,0,154635,154819,0,181673,181892,0,167160,167374,0,158155,158361,0,135793,136013,0,149514,149729,0,134765,134970,0,132690,132899,0,144684,144844,0,131452,131631,0,,1763499,1765817,0,1
KP-HQ,13,0,121890,0,0,114517,0,0,122065,0,0,129198,0,0,129157,0,0,134613,0,0,128240,0,0,112789,0,0,123191,0,0,112488,0,0,117625,0,0,118450,0,,0,1464223,0,181
KP-HQ,130,0,1832,0,0,2855,0,0,2684,0,0,3443,0,0,3245,0,0,2698,0,0,2418,0,0,3168,0,0,2941,0,0,3058,0,0,2862,0,0,2324,0,,0,33528,0,1
KP-HQ,131,0,9371,0,0,9834,0,0,9497,0,0,10927,0,0,9752,0,0,10218,0,0,8553,0,0,8929,0,0,9147,0,0,9217,0,0,9539,0,0,8510,0,,0,113494,0,1
KP-HQ,132,0,2017,0,0,2260,0,0,2264,0,0,3285,0,0,2496,0,0,2449,0,0,1862,0,0,2144,0,0,2108,0,0,2286,0,0,2376,0,0,2106,0,,0,27653,0,1
KP-HQ,133,0,2556,0,0,2591,0,0,2588,0,0,3332,0,0,3118,0,0,2892,0,0,2570,0,0,3163,0,0,2767,0,0,2856,0,0,2843,0,0,2456,0,,0,33732,0,1
KP-HQ,134,0,10544,0,0,12838,0,0,12395,0,0,14759,0,0,12534,0,0,10925,0,0,9515,0,0,10006,0,0,9793,0,0,10882,0,0,11161,0,0,10765,0,,0,136117,0,1
KP-HQ,135,4964,4974,0,4803,4813,0,4765,4773,0,5973,5983,0,5583,5594,0,4935,4943,0,4995,5001,0,3976,3986,0,4273,4279,0,4594,4604,0,4406,4412,0,4178,4187,0,,57445,57549,0,1
KP-HQ,136,0,7100,0,0,7114,0,0,6964,0,0,7962,0,0,7696,0,0,6843,0,0,6419,0,0,6570,0,0,6784,0,0,6751,0,0,6859,0,0,6395,0,,0,83457,0,1
KP-HQ,137,0,5222,0,0,5797,0,0,5681,0,0,7655,0,0,6260,0,0,5712,0,0,4787,0,0,5564,0,0,5483,0,0,5888,0,0,6306,0,0,5479,0,,0,69834,0,1
KP-HQ,138,0,7330,0,0,7698,0,0,7137,0,0,9185,0,0,7840,0,0,9850,0,0,10221,0,0,10272,0,0,8590,0,0,7443,0,0,8339,0,0,9082,0,,0,102987,0,1
KP-HQ,139,0,6084,0,0,6157,0,0,6016,0,0,7293,0,0,6836,0,0,6805,0,0,5369,0,0,6588,0,0,6433,0,0,6539,0,0,7143,0,0,6508,0,,0,77771,0,1
KP-HQ,14,0,94170,0,0,84173,0,0,93495,0,0,99964,0,0,105684,0,0,108791,0,0,103262,0,0,84325,0,0,89068,0,0,75298,0,0,90581,0,0,100963,0,,0,1129774,0,114
KP-HQ,140,0,7702,0,0,8178,0,0,7713,0,0,9195,0,0,8025,0,0,7669,0,0,7424,0,0,7937,0,0,7818,0,0,8179,0,0,8522,0,0,7886,0,,0,96248,0,1
KP-HQ,141,0,2891,0,0,2761,0,0,2742,0,0,3233,0,0,2798,0,0,2749,0,0,2403,0,0,2615,0,0,2361,0,0,2587,0,0,2710,0,0,2448,0,,0,32298,0,1
KP-HQ,142,31095,31111,0,31685,31707,0,32910,32938,0,37359,37400,0,33372,33407,0,32888,32921,0,29074,29098,0,31277,31306,0,29798,29823,0,30636,30659,0,30739,30760,0,27862,27879,0,,378695,379009,0,1
KP-HQ,143,6965,6972,0,7419,7429,0,8309,8321,0,10800,10814,0,8706,8718,0,9010,9022,0,6739,6749,0,6889,6897,0,6503,6514,0,6863,6874,0,7277,7287,0,7280,7290,0,,92760,92887,0,1
KP-HQ,144,0,6890,0,0,7671,0,0,8522,0,0,9850,0,0,8000,0,0,7539,0,0,6328,0,0,6660,0,0,6425,0,0,6889,0,0,7431,0,0,6830,0,,0,89035,0,1
KP-HQ,145,0,3574,0,0,3286,0,0,3393,0,0,3917,0,0,3603,0,0,3793,0,0,3375,0,0,3662,0,0,3350,0,0,3342,0,0,3607,0,0,3254,0,,0,42156,0,1
KP-HQ,146,0,22739,0,0,23696,0,0,25256,0,0,28782,0,0,24975,0,0,24889,0,0,19851,0,0,19582,0,0,18917,0,0,19202,0,0,20287,0,0,19750,0,,0,267926,0,1
KP-HQ,147,0,10367,0,0,10494,0,0,11075,0,0,12808,0,0,11702,0,0,10813,0,0,9636,0,0,10534,0,0,9376,0,0,9835,0,0,9757,0,0,7402,0,,0,123799,0,1
KP-HQ,148,0,961,0,0,1057,0,0,1026,0,0,1269,0,0,1134,0,0,911,0,0,684,0,0,703,0,0,733,0,0,995,0,0,1917,0,0,2022,0,,0,13412,0,1
KP-HQ,149,0,8440,0,0,8492,0,0,9186,0,0,9801,0,0,8496,0,0,8884,0,0,7252,0,0,8191,0,0,7456,0,0,7833,0,0,7898,0,0,8076,0,,0,100005,0,1
KP-HQ,15,0,46684,0,0,46776,0,0,38206,0,0,37172,0,0,41856,0,0,37479,0,0,34146,0,0,27658,0,0,32961,0,0,27905,0,0,30157,0,0,38273,0,,0,439273,0,51
KP-HQ,150,0,7288,0,0,4198,0,0,4563,0,0,4989,0,0,4793,0,0,4944,0,0,3875,0,0,4512,0,0,4000,0,0,4167,0,0,4311,0,0,3968,0,,0,55608,0,1
KP-HQ,151,0,17796,0,0,17350,0,0,15524,0,0,11784,0,0,10589,0,0,11032,0,0,10555,0,0,9495,0,0,9689,0,0,10238,0,0,10225,0,0,9271,0,,0,143548,0,1
KP-HQ,152,0,4121,0,0,3891,0,0,4144,0,0,4277,0,0,4154,0,0,4542,0,0,3602,0,0,3918,0,0,3470,0,0,3134,0,0,3808,0,0,3704,0,,0,46765,0,1
KP-HQ,153,0,4597,0,0,4784,0,0,5473,0,0,6096,0,0,5025,0,0,5069,0,0,4521,0,0,4838,0,0,4649,0,0,4488,0,0,4769,0,0,4234,0,,0,58543,0,1
KP-HQ,154,0,9679,0,0,9889,0,0,10454,0,0,12114,0,0,9861,0,0,10121,0,0,8505,0,0,9937,0,0,8796,0,0,9758,0,0,9345,0,0,9051,0,,0,117510,0,1
KP-HQ,155,0,11359,0,0,11740,0,0,9964,0,0,15245,0,0,2139,0,0,2136,0,0,3178,0,0,5517,0,0,5082,0,0,5291,0,0,5380,0,0,4804,0,,0,81835,0,1
KP-HQ,156,0,6585,0,0,6875,0,0,6848,0,0,8442,0,0,6955,0,0,7229,0,0,5316,0,0,6697,0,0,6403,0,0,6664,0,0,6642,0,0,6121,0,,0,80777,0,1
KP-HQ,157,0,2573,0,0,2830,0,0,2837,0,0,3288,0,0,2661,0,0,2537,0,0,3217,0,0,2899,0,0,2330,0,0,2576,0,0,2473,0,0,2220,0,,0,32441,0,1
KP-HQ,158,0,3683,0,0,4226,0,0,3920,0,0,4699,0,0,4294,0,0,3987,0,0,3344,0,0,3557,0,0,3733,0,0,3846,0,0,3878,0,0,3516,0,,0,46683,0,1
KP-HQ,159,0,9286,0,0,9498,0,0,9109,0,0,10971,0,0,10202,0,0,9251,0,0,8880,0,0,9261,0,0,9342,0,0,9558,0,0,9562,0,0,8442,0,,0,113362,0,1
KP-HQ,16,0,77584,0,0,76641,0,0,87057,0,0,81204,0,0,96537,0,0,99520,0,0,80220,0,0,70398,0,0,78655,0,0,72752,0,0,75918,0,0,84276,0,,0,980762,0,207
KP-HQ,160,0,26384,0,0,25595,0,0,20108,0,0,12193,0,0,9138,0,0,12892,0,0,12731,0,0,16959,0,0,20388,0,0,22723,0,0,27530,0,0,25643,0,,0,232284,0,1
KP-HQ,161,0,34555,0,0,36918,0,0,38343,0,0,42422,0,0,43742,0,0,43816,0,0,38319,0,0,41279,0,0,40346,0,0,40756,0,0,40935,0,0,39474,0,,0,480905,0,242
KP-HQ,162,0,19496,0,0,20241,0,0,21634,0,0,21750,0,0,22032,0,0,23653,0,0,18429,0,0,20863,0,0,19727,0,0,20078,0,0,21271,0,0,20060,0,,0,249234,0,179
KP-HQ,162B,0,0,,0,0,,0,0,,0,0,,0,0,,0,0,,0,0,,0,0,,0,0,,0,0,,0,0,,0,0,,,0,0,,0
KP-HQ,163,11077,11085,0,11782,11790,0,12076,12086,0,14212,14224,0,11742,11753,0,11757,11766,0,10524,10533,0,11431,11441,0,11619,11627,0,12230,12241,0,12040,12051,0,11343,11351,0,,141833,141948,0,1
KP-HQ,164,0,25768,0,0,25997,0,0,27485,0,0,30881,0,0,26280,0,0,26506,0,0,23593,0,0,26113,0,0,25985,0,0,26433,0,0,25391,0,0,23787,0,,0,314219,0,1
KP-HQ,165,0,15130,0,0,15194,0,0,7975,0,0,0,,22549,25864,0,10309,10320,0,9170,9183,0,10381,10394,0,10737,10753,0,11145,11159,0,10497,10512,0,9562,9573,0,,94350,136057,0,1
KP-HQ,166,0,9328,0,0,9966,0,0,10154,0,0,11685,0,0,10418,0,0,10209,0,0,7090,0,0,6390,0,0,6099,0,0,6668,0,0,6413,0,0,5616,0,,0,100036,0,1
KP-HQ,167,28953,28952,3.4538735191547154e-05,30083,30087,0,31580,31586,0,35514,35523,0,31492,31500,0,31056,31058,0,25468,25469,0,26875,26879,0,26930,26934,0,28645,28652,0,26813,26814,0,24133,24129,0.00016574814569259022,,347542,347583,0,1
KP-HQ,168,0,22708,0,0,23486,0,0,24855,0,0,28864,0,0,25500,0,0,25542,0,0,15903,0,0,15448,0,0,15334,0,0,16201,0,0,15945,0,0,14869,0,,0,244655,0,1
KP-HQ,169,0,9675,0,0,9884,0,0,10491,0,0,11831,0,0,10839,0,0,10578,0,0,9298,0,0,10066,0,0,9474,0,0,10258,0,0,10213,0,0,9502,0,,0,122109,0,1
KP-HQ,17,0,61996,0,0,60767,0,0,68115,0,0,68782,0,0,76352,0,0,67830,0,0,61719,0,0,57908,0,0,64133,0,0,57583,0,0,60493,0,0,60320,0,,0,765998,0,74
KP-HQ,170,0,10727,0,0,11514,0,0,11282,0,0,13179,0,0,11544,0,0,10815,0,0,9548,0,0,10752,0,0,10895,0,0,11565,0,0,11024,0,0,10448,0,,0,133293,0,1
KP-HQ,171,0,6934,0,0,7058,0,0,7492,0,0,9040,0,0,7581,0,0,7055,0,0,5917,0,0,6334,0,0,5717,0,0,6034,0,0,5727,0,0,5271,0,,0,80160,0,1
KP-HQ,172,6114,6121,0,6428,6435,0,6120,6129,0,8107,8119,0,7214,7227,0,6541,6553,0,6204,6214,0,6437,6450,0,6500,6510,0,7346,7354,0,6088,6089,0,5465,5467,0,,78564,78668,0,1
KP-HQ,173,0,6903,0,0,7089,0,0,7810,0,0,9029,0,0,7542,0,0,7317,0,0,6740,0,0,7410,0,0,7439,0,0,8082,0,0,7109,0,0,6649,0,,0,89119,0,1
KP-HQ,174,0,8040,0,0,9436,0,0,9129,0,0,10440,0,0,8217,0,0,6555,0,0,5825,0,0,6304,0,0,6357,0,0,6824,0,0,6968,0,0,6861,0,,0,90956,0,1
KP-HQ,175,0,16058,0,0,15048,0,0,15795,0,0,17076,0,0,16292,0,0,17444,0,0,14842,0,0,17372,0,0,15829,0,0,16393,0,0,17224,0,0,15181,0,,0,194554,0,1
KP-HQ,176,0,0,,0,0,,0,0,,0,0,,0,0,,0,0,,0,0,,0,0,,0,0,,0,0,,0,0,,0,0,,,0,0,,1
KP-HQ,177,0,0,,0,0,,0,0,,0,0,,0,0,,0,0,,0,0,,0,0,,0,0,,0,0,,0,0,,0,0,,,0,0,,0
KP-HQ,178,0,6290,0,0,6693,0,0,7081,0,0,7681,0,0,6573,0,0,6231,0,0,5731,0,0,6403,0,0,6194,0,0,6646,0,0,6203,0,0,6014,0,,0,77740,0,1
KP-HQ,179,0,11027,0,0,11897,0,0,12443,0,0,14203,0,0,12872,0,0,12763,0,0,11081,0,0,12125,0,0,11876,0,0,12837,0,0,11665,0,0,10462,0,,0,145251,0,1
KP-HQ,18,0,82561,0,0,86108,0,0,86299,0,0,93640,0,0,107008,0,0,103125,0,0,100454,0,0,100497,0,0,94080,0,0,93934,0,0,93391,0,0,100110,0,,0,1141207,0,201
KP-HQ,180,0,6957,0,0,7334,0,0,7265,0,0,10161,0,0,7561,0,0,7336,0,0,6280,0,0,6661,0,0,6414,0,0,6921,0,0,6472,0,0,6019,0,,0,85381,0,1
KP-HQ,181,0,2630,0,0,2831,0,0,3058,0,0,3426,0,0,3181,0,0,2985,0,0,2906,0,0,3249,0,0,3134,0,0,3037,0,0,3035,0,0,2670,0,,0,36142,0,1
KP-HQ,182,0,1432,0,0,1489,0,0,1739,0,0,1961,0,0,1659,0,0,1523,0,0,1499,0,0,1756,0,0,1462,0,0,1531,0,0,1680,0,0,1635,0,,0,19366,0,1
KP-HQ,183,0,9562,0,0,9371,0,0,10493,0,0,11540,0,0,12993,0,0,11193,0,0,7250,0,0,7724,0,0,7210,0,0,7617,0,0,7855,0,0,7981,0,,0,110789,0,1
KP-HQ,184,0,5324,0,0,5211,0,0,5779,0,0,6559,0,0,5586,0,0,5481,0,0,4400,0,0,5271,0,0,4600,0,0,4900,0,0,4821,0,0,4464,0,,0,62396,0,1
KP-HQ,185,0,6732,0,0,6882,0,0,7679,0,0,8322,0,0,6885,0,0,6902,0,0,5902,0,0,6484,0,0,5821,0,0,6065,0,0,6405,0,0,5938,0,,0,80017,0,1
KP-HQ,186,0,3283,0,0,3264,0,0,3811,0,0,4357,0,0,3429,0,0,3398,0,0,2795,0,0,3125,0,0,2764,0,0,3100,0,0,3209,0,0,2871,0,,0,39406,0,1
KP-HQ,187,0,6056,0,0,6111,0,0,7414,0,0,7599,0,0,6781,0,0,6335,0,0,5263,0,0,5816,0,0,5300,0,0,5651,0,0,5751,0,0,5043,0,,0,73120,0,1
KP-HQ,188,0,6452,0,0,6715,0,0,7249,0,0,8297,0,0,7331,0,0,7450,0,0,6086,0,0,6973,0,0,6386,0,0,6546,0,0,6745,0,0,5911,0,,0,82141,0,1
KP-HQ,189,0,444819,0,0,435376,0,0,450372,0,0,558462,0,0,495722,0,0,463885,0,0,395262,0,0,435053,0,310608,398137,0,163595,392889,0,418974,418844,0.00031028178359515657,384912,384800,0.00029097559961754893,,1278089,5273621,0,1
KP-HQ,19,0,191957,0,0,195966,0,0,187367,0,0,195886,0,0,217975,0,0,219733,0,0,196429,0,0,189641,0,0,187228,0,0,171960,0,0,185857,0,0,188330,0,,0,2328329,0,362
KP-HQ,190,0,0,,0,0,,0,0,,0,0,,0,0,,0,0,,0,0,,0,0,,0,0,,0,0,,0,0,,0,0,,,0,0,,0
KP-HQ,191,0,11734,0,0,11488,0,0,11706,0,0,12863,0,0,10944,0,0,11420,0,0,9823,0,0,11340,0,0,10399,0,0,10766,0,0,11107,0,0,10461,0,,0,134051,0,1
KP-HQ,192,0,20,0,0,0,,0,0,,0,0,,0,0,,0,0,,0,60,0,0,0,,0,0,,0,0,,0,0,,0,0,,,0,80,0,1
KP-HQ,193,0,18875,0,0,19763,0,0,20653,0,0,22993,0,0,21683,0,0,21247,0,0,19446,0,0,21053,0,0,21045,0,0,21305,0,0,21223,0,0,19029,0,,0,248315,0,1
KP-HQ,194,0,3594,0,0,3828,0,0,4404,0,0,4806,0,0,4034,0,0,4022,0,0,3630,0,0,3932,0,0,3642,0,0,3790,0,0,3850,0,0,3825,0,,0,47357,0,1
KP-HQ,195,32737,32724,0.0003971041940312725,32580,32568,0.00036832412523024605,30955,30942,0.000419964464545286,33992,33981,0.00032360555424804094,30924,30913,0.00035571077480278657,35368,35352,0.0004523863379325421,30848,30838,0.00032417012448138216,32238,32227,0.0003412122340095136,27345,27334,0.000402267324922323,21703,21696,0.00032253605492327253,24250,24243,0.0002886597938144275,22793,22783,0.00043873118940029876,,355733,355601,0.00037106481546556047,1
KP-HQ,196,0,24639,0,0,28313,0,0,29066,0,0,37883,0,0,41116,0,0,34316,0,0,26040,0,0,24410,0,0,23272,0,0,25655,0,0,26755,0,0,25285,0,,0,346750,0,46
KP-HQ,197,3326,3326,0,4762,4760,0.00041999160016803483,2922,2926,0,2890,2890,0,30594,30599,0,12118,12121,0,17233,17237,0,27852,27859,0,8793,8795,0,7708,7709,0,20603,20606,0,50646,50659,0,,189447,189487,0,1
KP-HQ,198,0,17820,0,0,17580,0,0,19260,0,0,22680,0,0,22200,0,0,21180,0,0,19260,0,0,21660,0,0,20340,0,0,18480,0,0,21420,0,0,20580,0,,0,242460,0,1
KP-HQ,199,0,6220,0,0,6482,0,0,5540,0,0,5325,0,0,5413,0,0,5305,0,0,4457,0,0,4867,0,0,3916,0,0,3472,0,0,4467,0,0,3699,0,,0,59163,0,1
KP-HQ,20,0,176672,0,0,174048,0,0,187751,0,0,184333,0,0,204432,0,0,207271,0,0,185604,0,0,170515,0,0,183840,0,0,175317,0,0,161642,0,0,162484,0,,0,2173909,0,302
KP-HQ,200,0,12558,0,0,12433,0,0,13404,0,0,15569,0,0,13762,0,0,13944,0,0,10891,0,0,12202,0,0,10047,0,0,9603,0,0,9896,0,0,8382,0,,0,142691,0,1
KP-HQ,201,0,1849,0,0,1765,0,0,1767,0,0,2113,0,0,1790,0,0,1704,0,0,1811,0,0,1635,0,0,1314,0,0,1373,0,0,1385,0,0,1699,0,,0,20205,0,1
KP-HQ,202,0,8592,0,0,9192,0,0,9702,0,0,11238,0,0,9255,0,0,9638,0,0,8368,0,0,9478,0,0,8397,0,0,8752,0,0,8433,0,0,7362,0,,0,108407,0,1
KP-HQ,203,0,2142,0,0,1903,0,0,2294,0,0,2126,0,0,1965,0,0,1856,0,0,1171,0,0,1191,0,0,1296,0,0,1483,0,0,1534,0,0,1760,0,,0,20721,0,30
KP-HQ,204,6128,6132,0,5802,5807,0,5872,5877,0,5027,5031,0,5270,5274,0,5285,5289,0,5305,5310,0,5469,5473,0,5552,5555,0,4854,4858,0,5599,5604,0,5590,5593,0,,65753,65803,0,1
KP-HQ,205,0,5478,0,0,5208,0,0,5445,0,0,5686,0,0,6285,0,0,5614,0,0,4747,0,0,4561,0,0,4185,0,0,4439,0,0,4336,0,0,5360,0,,0,61344,0,15
KP-HQ,206,0,19462,0,0,18996,0,0,20985,0,0,18959,0,0,25065,0,0,24671,0,0,19700,0,0,24090,0,0,17990,0,0,18931,0,0,23280,0,947700,22165,0.9766117969821674,,947700,254294,0.7316724701909887,44
KP-HQ,207,0,764,0,0,839,0,0,836,0,0,875,0,0,1112,0,0,838,0,0,784,0,0,643,0,0,665,0,0,732,0,0,792,0,0,2234,0,,0,11114,0,3
KP-HQ,208,0,79110,0,0,83022,0,0,81913,0,0,87322,0,0,89378,0,0,89383,0,0,64942,0,0,61318,0,0,64291,0,0,60388,0,0,59990,0,0,62789,0,,0,883846,0,277
KP-HQ,209,0,13451,0,0,13797,0,0,14580,0,0,16201,0,0,14438,0,0,14579,0,0,12751,0,0,14001,0,0,13754,0,0,14114,0,0,13782,0,0,12420,0,,0,167868,0,1
KP-HQ,21,0,26821,0,0,26585,0,0,29179,0,0,30608,0,0,35719,0,0,27915,0,0,24312,0,0,21775,0,0,22659,0,0,23783,0,0,21547,0,0,25345,0,,0,316248,0,111
KP-HQ,210,0,58540,0,0,59556,0,0,66980,0,0,65690,0,0,78168,0,0,78103,0,0,69605,0,0,56000,0,0,63566,0,0,59392,0,0,56355,0,0,55526,0,,0,767481,0,256
KP-HQ,211,4180,4260,0,4600,4560,0.008695652173912993,4660,4680,0,5780,5760,0.0034602076124568004,4820,4900,0,4420,4440,0,3960,4020,0,4260,4340,0,4620,4520,0.02164502164502169,4620,4600,0.0043290043290042934,4620,4700,0,4080,4080,0,,54620,54860,0,1
KP-HQ,212,0,9227,0,0,9572,0,0,10011,0,0,11362,0,0,10165,0,0,9074,0,0,8047,0,0,8526,0,0,8270,0,0,8978,0,0,9495,0,0,8903,0,,0,111630,0,1
KP-HQ,213,0,12511,0,0,12331,0,0,12319,0,0,14043,0,0,11988,0,0,12683,0,0,10651,0,0,11537,0,0,11352,0,0,11697,0,0,11082,0,0,10171,0,,0,142365,0,1
KP-HQ,214,0,10084,0,0,10410,0,0,10523,0,0,11544,0,0,9955,0,0,9291,0,0,8067,0,0,8812,0,0,8824,0,0,9295,0,0,9178,0,0,8573,0,,0,114556,0,1
KP-HQ,215,0,8890,0,0,9662,0,0,10923,0,0,11034,0,0,10272,0,0,11272,0,0,8109,0,0,9405,0,0,8010,0,0,8226,0,0,8979,0,0,9305,0,,0,114087,0,89
KP-HQ,216,0,0,,0,0,,0,0,,0,0,,0,0,,0,0,,0,0,,0,0,,0,0,,0,0,,0,0,,0,0,,,0,0,,0
KP-HQ,217,0,4483,0,0,4478,0,0,4696,0,0,5060,0,0,4771,0,0,5172,0,0,5078,0,0,5161,0,0,5093,0,0,4693,0,0,5211,0,4561,5111,0,,4561,59007,0,49
KP-HQ,218,0,27622,0,0,27574,0,0,27457,0,0,30692,0,0,34374,0,0,30142,0,0,27219,0,0,28277,0,0,28749,0,0,28889,0,0,28922,0,1338747,27445,0.9794994872070675,,1338747,347362,0.7405320049269952,229
KP-HQ,219,0,17563,0,0,18607,0,0,18746,0,0,21047,0,0,18362,0,0,18238,0,0,16161,0,0,17626,0,0,17296,0,0,17946,0,0,16718,0,0,15358,0,,0,213668,0,1
KP-HQ,22,0,116185,0,0,110800,0,0,115622,0,0,122776,0,0,153906,0,0,128695,0,0,113501,0,0,109885,0,0,113936,0,0,89874,0,0,90230,0,0,92936,0,,0,1358346,0,272
KP-HQ,220,0,7553,0,0,7753,0,0,7849,0,0,8880,0,0,7813,0,0,8095,0,0,7360,0,0,8159,0,0,8133,0,0,8219,0,0,8071,0,0,7455,0,,0,95340,0,1
KP-HQ,221,0,13130,0,0,14346,0,0,14769,0,0,15912,0,0,13509,0,0,13100,0,0,11383,0,0,12466,0,0,12764,0,0,13559,0,0,13145,0,0,12109,0,,0,160192,0,1
KP-HQ,222,0,9971,0,0,9810,0,0,9945,0,0,10052,0,0,11518,0,0,10641,0,0,9895,0,0,9982,0,0,10504,0,0,10554,0,0,9759,0,0,9256,0,,0,121887,0,99
KP-HQ,223,614,613,0.0016286644951140072,632,631,0.0015822784810126667,674,672,0.0029673590504450953,805,805,0,626,625,0.0015974440894568342,575,569,0.01043478260869568,604,609,0,581,581,0,651,650,0.001536098310291889,558,556,0.0035842293906810374,558,561,0,585,580,0.008547008547008517,,7463,7452,0.001473938094600058,1
KP-HQ,224,2848,2850,0,3543,3545,0,3312,3315,0,4142,4145,0,3614,3616,0,2981,2985,0,2091,2094,0,2945,2948,0,2696,2698,0,2348,2351,0,2319,2322,0,2276,2279,0,,35115,35148,0,1
KP-HQ,225,0,-10550,,0,3486,0,0,3393,0,0,3757,0,0,3259,0,0,3225,0,0,2706,0,0,3167,0,0,3064,0,0,3238,0,0,3130,0,0,3018,0,,0,24893,0,1
KP-HQ,226,0,405490,0,0,208140,0,0,225540,0,0,278510,0,0,357210,0,0,371390,0,855970,482250,0.4366040865918198,584280,584090,0.00032518655439173205,243050,244360,0,500610,500280,0.0006591957811470373,403000,403130,0,314880,314350,0.0016831808943089666,,2901790,4374740,0,1
KP-HQ,227,0,1256,0,0,955,0,0,4604,0,0,7385,0,0,5035,0,0,1341,0,0,1336,0,0,1266,0,0,1266,0,0,1626,0,0,1559,0,0,1254,0,,0,28883,0,1
KP-HQ,228,9120,9140,0,8840,8840,0,9320,9340,0,7700,7820,0,4560,4600,0,4540,4560,0,3800,3800,0,3720,3740,0,3220,3260,0,3200,3240,0,3680,3680,0,4280,4240,0.009345794392523366,,65980,66260,0,1
KP-HQ,229,0,205,0,0,10244,0,0,1373,0,0,255,0,0,0,,0,303,0,546,250,0.5421245421245422,1116,575,0.4847670250896058,561,563,0,144,0,1,38,158,0,413,441,0,,2818,14367,0,1
KP-HQ,23,0,48035,0,0,50285,0,0,53208,0,0,53132,0,0,61418,0,0,57672,0,0,51265,0,0,48600,0,0,50480,0,0,49091,0,0,46084,0,0,47330,0,,0,616600,0,331
KP-HQ,230,0,4220,0,0,4180,0,0,4480,0,0,5120,0,0,5040,0,0,4280,0,3360,3540,0,3600,3620,0,3420,3480,0,8480,0,1,2568,7267,0,3425,3432,0,,24853,48659,0,1
KP-HQ,231,44994,45016,0,46601,46619,0,0,0,,131668,131552,0.0008810037366709933,74502,74426,0.0010201068427693194,0,66782,0,0,50076,0,125770,58692,0.5333386340144708,54289,56104,0,54181,55880,0,55493,57280,0,49683,51382,0,,637181,693809,0,1
KP-HQ,232,0,34305,0,0,19944,0,0,42675,0,0,36402,0,0,28311,0,49066,20744,0.57722251661028,18856,18849,0.0003712346202799921,22603,22600,0.0001327257443701768,23921,23914,0.00029262990677647593,26200,26194,0.00022900763358779663,28891,28884,0.00024228998650099864,28838,28832,0.00020805881129071224,,198375,331654,0,1
KP-HQ,233,0,0,,0,0,,0,0,,0,0,,0,0,,0,0,,0,0,,0,0,,0,0,,0,0,,0,0,,0,0,,,0,0,,0
KP-HQ,234,7933,7910,0.00289928148241525,7410,7388,0.0029689608636976894,9593,9564,0.0030230376316063845,11850,11811,0.00329113924050628,6290,6274,0.0025437201907789753,7031,7010,0.0029867728630351698,7266,7272,0,4685,4647,0.008110992529348993,6655,6639,0.002404207362885047,5616,5653,0,8359,8280,0.009450891254934812,6698,6679,0.0028366676619886455,,89386,89127,0.002897545476920338,1
KP-HQ,235,0,6505,0,0,6501,0,0,6607,0,0,7260,0,0,6226,0,0,6082,0,0,5056,0,0,5816,0,0,5689,0,0,6129,0,0,6098,0,0,5776,0,,0,73745,0,1
KP-HQ,236,94011,99030,0,101180,101203,0,102350,102371,0,108593,108615,0,107155,107176,0,116680,116705,0,0,105081,0,116848,130480,0,320642,201956,0.370151134286837,172033,172036,0,200671,212545,0,227924,234049,0,,1668087,1691247,0,1
KP-HQ,237,0,33726,0,0,44106,0,0,38153,0,0,43212,0,0,40051,0,0,46276,0,0,36314,0,0,36292,0,0,37448,0,0,39522,0,0,41141,0,0,43781,0,,0,480022,0,68
KP-HQ,238,0,126183,0,0,126684,0,0,140599,0,0,137672,0,0,167616,0,0,154962,0,0,169254,0,0,131215,0,0,148448,0,0,139857,0,0,132219,0,0,151956,0,,0,1726665,0,115
KP-HQ,239,0,10703,0,0,10798,0,0,10321,0,22119,11752,0.46869207468692076,10360,10337,0.002220077220077221,11094,11072,0.0019830539030106786,9780,9764,0.0016359918200409274,10476,10455,0.002004581901489111,10504,10485,0.0018088347296267848,11290,11267,0.002037201062887517,10506,10485,0.001998857795545428,10187,10172,0.0014724649062530792,,106316,127611,0,1
KP-HQ,24,0,24680,0,0,24525,0,0,26120,0,0,24385,0,0,25779,0,0,28463,0,0,21058,0,0,19502,0,0,21067,0,0,20614,0,0,20493,0,851728,22109,0.974042182480792,,851728,278795,0.6726713223000771,74
KP-HQ,240,3814,3848,0,4309,4348,0,4411,4450,0,5355,5404,0,4029,4064,0,3241,3266,0,2880,2904,0,2997,3020,0,2917,2940,0,2949,2975,0,3097,3123,0,3288,3318,0,,43287,43660,0,1
KP-HQ,241,0,1920,0,0,1740,0,0,2380,0,0,2020,0,0,1880,0,0,1780,0,0,2140,0,0,1640,0,0,1240,0,0,1020,0,0,1380,0,0,1520,0,,0,20660,0,1
KP-HQ,242,3238,3237,0.00030883261272385276,2624,2622,0.0007621951219511924,2258,2256,0.0008857395925597755,4165,4164,0.00024009603841534943,2268,2266,0.0008818342151675207,2407,2406,0.00041545492314087884,2393,2392,0.00041788549937316066,1900,1898,0.001052631578947416,1976,1976,0,2296,2295,0.0004355400696863798,2007,2006,0.0004982561036372957,2261,2259,0.0008845643520566382,,29793,29777,0.0005370389017554933,1
KP-HQ,243,0,45291,0,0,39079,0,0,39047,0,0,42690,0,0,47150,0,0,48622,0,0,38950,0,0,30517,0,0,37605,0,0,33836,0,0,30430,0,0,35220,0,,0,468437,0,75
KP-HQ,244,0,32941,0,0,37488,0,0,39631,0,0,52926,0,0,52451,0,0,51781,0,0,39303,0,0,41257,0,0,44083,0,0,34315,0,0,34197,0,43799,31255,0.28639923285919766,,43799,491628,0,218
KP-HQ,245,0,16150,0,0,15745,0,0,16888,0,0,19349,0,0,23313,0,0,21719,0,0,19661,0,0,18689,0,0,19655,0,0,19018,0,0,18850,0,0,20318,0,,0,229355,0,61
KP-HQ,246,10593,10586,0.0006608137449258811,9895,9889,0.0006063668519453724,11077,11070,0.0006319400559717803,13080,13071,0.0006880733944953921,12195,12187,0.0006560065600655918,11555,11547,0.0006923409779315826,10213,10206,0.0006854009595613775,11677,11670,0.0005994690417059356,10113,10106,0.0006921783842578355,10031,10025,0.0005981457481806229,10722,10716,0.0005595970900951208,9329,9323,0.0006431557508843611,,130480,130396,0.0006437768240343811,1
KP-HQ,247,0,32477,0,0,27478,0,0,29094,0,0,34612,0,0,32506,0,0,32867,0,0,30007,0,0,27546,0,0,29972,0,0,29579,0,0,28687,0,0,29923,0,,0,364748,0,171
KP-HQ,248,0,0,,0,0,,0,0,,0,0,,0,0,,0,0,,0,0,,0,0,,0,0,,0,0,,0,0,,0,0,,,0,0,,0
KP-HQ,249,0,12880,0,0,13760,0,0,13720,0,0,16260,0,0,15420,0,0,13980,0,0,12080,0,0,13380,0,0,13060,0,0,14120,0,0,13240,0,0,11980,0,,0,163880,0,1
KP-HQ,25,0,35868,0,0,36886,0,0,38566,0,0,43227,0,0,43687,0,0,38493,0,0,34268,0,0,36410,0,0,37095,0,0,35378,0,0,36665,0,2094901,36510,0.9825719687947068,,2094901,453053,0.7837353650602105,238
KP-HQ,250,0,17577,0,0,18723,0,0,20161,0,0,21027,0,0,27006,0,0,22374,0,0,20379,0,0,21854,0,0,18284,0,0,15663,0,0,18262,0,0,18937,0,,0,240247,0,97
KP-HQ,251,11696,11699,0,10415,10416,0,9867,9870,0,11724,11726,0,10115,10117,0,9510,9512,0,8057,8058,0,8989,8991,0,10113,10116,0,10031,10032,0,9173,9175,0,6734,6736,0,,116424,116448,0,1
KP-HQ,252,0,11594,0,0,12914,0,0,12891,0,0,13923,0,0,14726,0,0,14321,0,0,4121,0,0,5212,0,0,5226,0,0,6690,0,0,6483,0,0,6892,0,,0,114993,0,8
KP-HQ,253,3703,3771,0,3953,3988,0,3955,3989,0,4981,5029,0,4147,4181,0,3650,3681,0,3351,3378,0,3536,3566,0,3147,3172,0,3363,3392,0,3683,3716,0,3562,3595,0,,45031,45458,0,1
KP-HQ,254,10637,10643,0,9660,9665,0,10876,10882,0,12043,12051,0,9915,9921,0,9844,9849,0,8568,8575,0,9476,9481,0,8046,8051,0,8393,8399,0,10533,10539,0,9745,9750,0,,117736,117806,0,1
KP-HQ,255,0,10764,0,0,10699,0,0,11263,0,0,12551,0,0,11796,0,0,12063,0,0,10698,0,0,11895,0,0,10747,0,0,11394,0,0,11728,0,0,10430,0,,0,136028,0,1
KP-HQ,256,0,8812,0,0,9104,0,0,9666,0,0,11362,0,0,10329,0,0,9786,0,0,8583,0,176664,9709,0.9450425666802518,9832,9858,0,10456,10482,0,9652,9676,0,8166,8185,0,,214770,115552,0.4619732737346929,1
KP-HQ,257,0,0,,0,0,,0,0,,0,0,,0,0,,0,0,,0,0,,0,0,,0,0,,0,0,,0,0,,0,0,,,0,0,,0
KP-HQ,258,0,6360,0,0,6380,0,0,6880,0,0,7020,0,0,6620,0,0,6940,0,0,6260,0,129360,6500,0.9497526283240569,6100,6120,0,6280,6300,0,6660,6680,0,6180,6180,0,,154580,78240,0.49385431491784193,1
KP-HQ,259,0,33579,0,0,33739,0,0,39553,0,0,38207,0,0,46327,0,0,41002,0,0,36157,0,0,33540,0,0,36375,0,0,36685,0,0,34031,0,0,35364,0,,0,444559,0,217
KP-HQ,26,0,10144,0,0,10816,0,0,11819,0,0,11684,0,0,13746,0,0,10871,0,0,7603,0,0,7804,0,0,7294,0,0,7661,0,0,8319,0,0,7937,0,,0,115698,0,27
KP-HQ,260,0,12938,0,0,13568,0,0,14059,0,0,13848,0,0,16438,0,0,13584,0,0,11661,0,0,12867,0,0,14256,0,0,15870,0,0,14467,0,0,15103,0,,0,168659,0,75
KP-HQ,261,0,9097,0,0,10731,0,0,10239,0,0,11529,0,0,11810,0,0,12474,0,0,19744,0,0,24193,0,0,20198,0,0,10577,0,0,11756,0,0,11802,0,,0,164150,0,1
KP-HQ,262,0,17778,0,0,17048,0,0,21426,0,0,24292,0,0,25384,0,0,23061,0,0,19066,0,0,21391,0,0,21130,0,0,20573,0,0,22116,0,0,21526,0,,0,254791,0,120
KP-HQ,263,0,19688,0,0,16034,0,0,14920,0,0,16592,0,0,24047,0,0,21421,0,0,19011,0,0,17366,0,0,15755,0,0,16194,0,0,17057,0,0,15301,0,,0,213386,0,11
KP-HQ,264,0,16798,0,0,17814,0,0,19136,0,0,20676,0,0,21978,0,0,19953,0,0,17463,0,0,17441,0,0,17757,0,0,17888,0,0,18225,0,0,17945,0,,0,223074,0,176
KP-HQ,265,0,5034,0,0,7139,0,0,9114,0,0,9850,0,0,9019,0,0,5625,0,0,4989,0,0,4893,0,0,5277,0,0,4755,0,0,5305,0,0,5727,0,,0,76727,0,22
KP-HQ,266,0,50259,0,0,53537,0,0,55694,0,0,56557,0,0,56251,0,0,55889,0,0,47543,0,0,53201,0,0,49862,0,0,50922,0,0,55862,0,0,46999,0,,0,632576,0,211
KP-HQ,267,30146,30130,0.0005307503483049647,29223,29216,0.00023953735071691185,27488,27475,0.00047293364377187785,41775,41744,0.0007420706163974167,39028,39006,0.0005636978579481866,37874,37803,0.001874636954111053,30752,30792,0,46526,46500,0.000558827322357347,42563,42552,0.00025844042948097723,40892,40865,0.0006602758485767524,43558,43536,0.0005050736948436496,36550,36534,0.000437756497947972,,446375,446153,0.0004973396807617103,1
KP-HQ,268,113660,113906,0,65653,65791,0,27267,27318,0,15720,15740,0,11229,11239,0,26851,26899,0,18458,18489,0,15936,15962,0,11584,11603,0,13590,13615,0,44616,44712,0,82604,82790,0,,447168,448064,0,1
KP-HQ,269,0,80129,0,0,75140,0,0,75414,0,0,81979,0,0,96335,0,0,97531,0,0,91086,0,0,83853,0,0,83307,0,0,79589,0,0,78457,0,0,85964,0,,0,1008784,0,107
KP-HQ,27,0,28635,0,0,27237,0,0,33739,0,0,35175,0,0,34820,0,67204,33969,0.4945390155347896,25104,25855,0,28885,29665,0,27463,28259,0,26675,27400,0,32811,33613,0,26443,27208,0,,234585,365575,0,1
KP-HQ,270,77980,78100,0,64250,64350,0,64010,64100,0,81260,81400,0,72810,72930,0,79940,80050,0,73050,73150,0,72850,72950,0,65570,65620,0,67290,67370,0,79450,79570,0,78000,78100,0,,876460,877690,0,1
KP-HQ,271,36518,36884,0,1576,1602,0,1007,1026,0,3197,3243,0,12533,12684,0,92358,93439,0,60445,60719,0,285235,287713,0,5117,5162,0,26581,26754,0,24457,24678,0,14400,14559,0,,563424,568463,0,1
KP-HQ,272,0,408864,0,0,167954,0,1345123,738044,0.45131857830101785,192834,193038,0,97237,97331,0,294000,294276,0,98456,98555,0,88899,87147,0.01970775824249993,46936,46880,0.001193114027612019,52363,52351,0.0002291694517121412,181876,184039,0,269122,269098,8.917888541259966e-05,,2666846,2637577,0.010975136922041995,2
KP-HQ,273,0,0,,0,0,,0,0,,0,0,,0,0,,0,0,,0,0,,0,0,,0,0,,0,0,,0,0,,0,0,,,0,0,,1
KP-HQ,274,0,29928,0,0,28048,0,0,37565,0,85625,47808,0.44165839416058394,42571,42439,0.003100702356063967,46674,46528,0.00312807987316277,35432,35333,0.0027940844434409806,38937,38824,0.0029021239438066226,39927,39820,0.002679890800711293,39352,39235,0.002973165277495471,46731,46587,0.003081466264364119,45065,44937,0.0028403417286142485,,420314,477052,0,1
KP-HQ,275,0,42918,0,0,39493,0,0,51888,0,111760,59844,0.46453113815318536,55413,55393,0.00036092613646621086,57310,57295,0.000261734426801552,49432,49419,0.00026298753843667644,52354,52342,0.00022920884746147063,54433,54420,0.00023882571234357108,49789,49772,0.0003414408805157976,56056,56039,0.000303268160411041,54849,54836,0.00023701434848399927,,541396,623659,0,1
KP-HQ,276,0,55724,0,0,57459,0,0,61062,0,0,61746,0,0,71423,0,0,74945,0,0,64441,0,0,56517,0,0,64971,0,0,60668,0,0,54014,0,0,60127,0,,0,743097,0,215
KP-HQ,277,0,89563,0,0,86277,0,0,98163,0,0,98374,0,0,115905,0,0,113173,0,0,71742,0,0,63911,0,0,69300,0,0,59461,0,0,55701,0,0,64141,0,,0,985711,0,164
KP-HQ,278,0,38195,0,0,39566,0,0,41357,0,0,43463,0,0,46302,0,0,44522,0,0,38770,0,0,35782,0,0,39594,0,0,38491,0,0,39409,0,2781249,37539,0.9865028266077579,,2781249,482990,0.8263406117179728,171
KP-HQ,279,0,164589,0,0,155723,0,0,164329,0,0,169504,0,0,173324,0,0,168484,0,0,153267,0,0,137537,0,0,159616,0,0,138747,0,0,140175,0,0,149562,0,,0,1874857,0,206
KP-HQ,28,0,67211,0,0,65704,0,0,74083,0,0,92946,0,0,87334,0,0,87292,0,0,70829,0,0,76058,0,0,81643,0,0,75070,0,0,75034,0,0,64519,0,,0,917723,0,1
KP-HQ,280,0,756,0,0,749,0,0,839,0,0,852,0,0,932,0,0,910,0,0,834,0,0,802,0,0,743,0,0,775,0,0,774,0,0,787,0,,0,9753,0,17
KP-HQ,281,849,848,0.0011778563015312216,799,799,0,843,841,0.0023724792408066353,976,972,0.004098360655737654,738,732,0.008130081300813052,776,773,0.0038659793814432852,626,624,0.0031948881789137795,825,823,0.00242424242424244,689,688,0.0014513788098693414,743,741,0.0026917900403768957,859,856,0.0034924330616996624,452,453,0,,9175,9150,0.0027247956403270157,1
KP-HQ,282,0,5241,0,0,5099,0,0,5484,0,0,6117,0,0,5617,0,0,5672,0,0,4606,0,0,4942,0,0,4739,0,0,5034,0,0,5433,0,0,5039,0,,0,63023,0,1
KP-HQ,283,0,47278,0,0,44924,0,0,51243,0,0,61169,0,0,53066,0,0,57818,0,0,48570,0,0,41752,0,0,48797,0,0,46787,0,0,50593,0,0,54312,0,,0,606309,0,164
KP-HQ,284,0,3370,0,0,3144,0,0,2599,0,0,3662,0,0,2939,0,0,2254,0,0,1892,0,0,2141,0,0,1376,0,0,2380,0,0,2616,0,0,2298,0,,0,30671,0,21
KP-HQ,285,0,3011,0,0,3555,0,0,3464,0,0,3714,0,0,4045,0,0,3078,0,0,2574,0,0,2458,0,0,2641,0,0,2634,0,0,3259,0,0,2865,0,,0,37298,0,5
KP-HQ,286,0,17030,0,0,16680,0,0,17186,0,0,23051,0,0,24555,0,0,22127,0,0,17620,0,0,16966,0,0,16255,0,0,16500,0,0,17385,0,0,15547,0,,0,220902,0,124
KP-HQ,287,0,13252,0,0,13835,0,0,13728,0,0,15066,0,0,16181,0,0,15191,0,0,14417,0,0,11894,0,0,11875,0,0,12702,0,0,13605,0,0,10733,0,,0,162479,0,73
KP-HQ,288,0,46902,0,0,51618,0,0,49630,0,0,64866,0,0,51295,0,0,48312,0,0,43402,0,0,43202,0,0,40048,0,0,42244,0,0,41959,0,0,41375,0,,0,564853,0,62
KP-HQ,289,0,8616,0,0,9277,0,0,9614,0,0,10884,0,0,9551,0,0,8912,0,0,8200,0,0,8790,0,0,8685,0,0,9052,0,0,8319,0,0,7762,0,,0,107662,0,1
KP-HQ,29,0,14169,0,0,14636,0,0,14942,0,0,15826,0,0,16639,0,0,14889,0,0,13322,0,0,13655,0,0,14736,0,0,13903,0,0,14139,0,0,13442,0,,0,174298,0,109
KP-HQ,290,0,101918,0,0,103883,0,0,112040,0,0,106470,0,0,126607,0,0,128807,0,0,110431,0,0,100557,0,0,111039,0,0,100968,0,0,102393,0,0,108793,0,,0,1313906,0,255
KP-HQ,291,193592,193838,0,181648,181880,0,197243,197487,0,239952,240228,0,211541,211775,0,201384,201606,0,179376,179594,0,195994,196205,0,170846,171049,0,193140,193375,0,199704,199948,0,177184,177385,0,,2341604,2344370,0,1
KP-HQ,292,0,3941,0,0,4149,0,6099,4403,0.2780783735038531,4749,4751,0,3849,3852,0,3378,3381,0,3080,3086,0,3679,3686,0,3816,3823,0,3979,3986,0,4094,4102,0,3682,3687,0,,40405,46847,0,1
KP-HQ,293,0,33876,0,0,32184,0,0,34573,0,0,35751,0,0,42400,0,0,39529,0,0,34533,0,0,29492,0,0,34632,0,0,32746,0,0,28113,0,0,36278,0,,0,414107,0,69
KP-HQ,294,0,90524,0,0,90913,0,0,100652,0,0,113149,0,0,77790,0,0,87465,0,0,66506,0,0,65092,0,0,70235,0,0,64372,0,0,70109,0,6126774,72046,0.9882407936052481,,6126774,968853,0.8418657192186296,178
KP-HQ,295,0,39467,0,0,36484,0,0,38618,0,0,42944,0,0,37188,0,0,39376,0,0,31141,0,0,28631,0,0,32536,0,0,29416,0,0,32463,0,0,34505,0,,0,422769,0,109
KP-HQ,296,0,0,,0,0,,0,0,,0,0,,0,0,,0,0,,0,0,,0,0,,0,0,,0,0,,0,0,,0,0,,,0,0,,1
KP-HQ,297,0,1071,0,0,1949,0,0,937,0,2360,1423,0.39703389830508473,690,689,0.0014492753623188692,789,788,0.0012674271229404788,334,334,0,433,432,0.002309468822170868,641,640,0.0015600624024960652,750,749,0.0013333333333332975,800,800,0,661,661,0,,7458,10473,0,1
KP-HQ,298,0,2022,0,0,1683,0,0,2108,0,4340,2232,0.48571428571428577,1881,1881,0,1798,1799,0,1442,1441,0.0006934812760055475,1635,1635,0,1517,1518,0,1820,1820,0,2018,2023,0,1531,1526,0.003265839320705455,,17982,21688,0,1
KP-HQ,299,0,48329,0,0,47970,0,0,45572,0,0,52318,0,0,62412,0,0,56030,0,0,54606,0,0,46865,0,0,49572,0,0,50107,0,0,43325,0,0,47824,0,,0,604930,0,275
KP-HQ,30,0,0,,0,0,,0,0,,0,0,,0,0,,0,0,,0,0,,0,0,,0,0,,0,0,,0,0,,0,0,,,0,0,,0
KP-HQ,300,177,178,0,204,204,0,176,176,0,159,160,0,155,155,0,162,163,0,140,140,0,138,138,0,137,138,0,76,76,0,32,32,0,33,34,0,,1589,1594,0,1
KP-HQ,301,0,1466,0,0,1529,0,0,1906,0,0,1820,0,0,2045,0,0,1475,0,0,1124,0,0,1329,0,0,1446,0,0,1716,0,0,1517,0,0,2032,0,,0,19405,0,22
KP-HQ,302,1283,1290,0,1417,1425,0,1730,1741,0,1760,1771,0,1668,1678,0,1754,1764,0,1674,1685,0,1969,1980,0,1826,1837,0,1838,1849,0,2083,2097,0,1820,1832,0,,20822,20949,0,1
KP-HQ,303,0,29770,0,0,31375,0,0,33058,0,0,35614,0,0,33707,0,0,34480,0,0,29623,0,0,29515,0,0,28884,0,0,31857,0,0,37069,0,0,29389,0,,0,384341,0,97
KP-HQ,304,10109,10107,0.0001978435057868877,9676,9674,0.00020669698222408606,10004,10001,0.0002998800479807606,12185,12181,0.0003282724661468617,10595,10593,0.00018876828692782066,10354,10351,0.0002897430944562851,9805,9803,0.00020397756246814946,9448,9447,0.00010584250635059522,8607,8605,0.0002323690019750968,8835,8834,0.00011318619128464213,9414,9412,0.00021244954323351717,10145,10144,9.857072449481752e-05,,119177,119152,0.0002097720197689057,1
KP-HQ,305,0,5851,0,0,6006,0,0,6346,0,0,6376,0,0,6341,0,0,6785,0,0,5377,0,0,6640,0,0,5903,0,0,5969,0,0,6369,0,0,5958,0,,0,73921,0,100
KP-HQ,306,1176,1182,0,1357,1364,0,2031,2042,0,2172,2185,0,1907,1917,0,1931,1941,0,1789,1797,0,2130,2141,0,2067,2080,0,2232,2244,0,2369,2385,0,2056,2070,0,,23217,23348,0,1
KP-HQ,307,0,141228,0,0,139392,0,0,144013,0,0,149713,0,0,170891,0,0,161828,0,0,144025,0,0,134277,0,0,143356,0,0,135346,0,0,134589,0,0,144113,0,,0,1742771,0,205
KP-HQ,308,0,0,,0,0,,0,0,,0,0,,0,0,,0,0,,0,0,,0,0,,0,0,,0,0,,0,0,,0,0,,,0,0,,1
KP-HQ,309,0,1364,0,0,1066,0,0,1215,0,0,1422,0,0,1406,0,0,1219,0,0,1074,0,0,1123,0,0,1165,0,0,1232,0,0,1328,0,0,1142,0,,0,14756,0,1
KP-HQ,31,44863,44877,0,43890,43905,0,49617,50309,0,51390,50734,0.012765129402607545,52725,52745,0,57038,57058,0,58938,58954,0,43481,43494,0,51700,51715,0,44924,44950,0,43064,43066,0,43167,43180,0,,584797,584987,0,1
KP-HQ,310,0,33175,0,0,33258,0,0,38187,0,0,36294,0,0,41443,0,0,39832,0,0,35288,0,0,31862,0,0,33096,0,0,30544,0,0,30667,0,0,32300,0,,0,415946,0,115
KP-HQ,311,1193,1210,0,440,447,0,1918,1940,0,1332,1354,0,1487,1509,0,1426,1447,0,1352,674,0.5014792899408285,1604,2326,0,1364,1386,0,1304,1326,0,1396,1419,0,1395,1418,0,,16211,16456,0,1
KP-HQ,312,0,0,,0,0,,0,0,,0,0,,0,0,,0,0,,0,0,,0,0,,0,0,,0,0,,0,0,,0,0,,,0,0,,0
KP-HQ,313,0,105507,0,0,107072,0,0,95581,0,0,95795,0,0,101583,0,0,92810,0,0,85156,0,0,73076,0,0,76106,0,0,69054,0,0,74254,0,0,79528,0,,0,1055522,0,113
KP-HQ,314,0,164473,0,0,163031,0,0,172224,0,0,186211,0,0,207062,0,0,212022,0,0,181965,0,0,164176,0,0,181363,0,0,177070,0,0,152994,0,0,175996,0,,0,2138587,0,366
KP-HQ,315,0,0,,0,0,,0,0,,0,0,,0,0,,0,0,,0,0,,0,0,,0,0,,0,0,,0,0,,0,0,,,0,0,,0
KP-HQ,316,0,35852,0,0,35822,0,0,41653,0,0,49927,0,0,46326,0,0,50679,0,0,38377,0,0,39786,0,0,39365,0,0,37531,0,0,40275,0,0,42315,0,,0,497908,0,32
KP-HQ,317,0,33364,0,0,33886,0,0,36218,0,0,43183,0,0,36368,0,0,41075,0,0,35602,0,0,35207,0,0,36902,0,0,37192,0,0,37385,0,0,37185,0,,0,443567,0,178
KP-HQ,318,12391,12398,0,12138,12145,0,12452,12459,0,14090,14097,0,13843,13851,0,13360,13366,0,12006,12012,0,13549,13557,0,13283,13289,0,12822,12910,0,14024,13951,0.005205362236166522,13618,13625,0,,157576,157660,0,1
KP-HQ,319,0,8638,0,0,8759,0,0,9521,0,0,10154,0,0,10327,0,0,10494,0,0,7977,0,0,11492,0,0,8812,0,0,9121,0,0,9516,0,0,8703,0,,0,113514,0,103
KP-HQ,32,4361,4266,0.02178399449667512,4127,4045,0.019869154349406393,4247,4168,0.018601365669884573,4856,4778,0.016062602965403627,4076,4020,0.013738959764474923,3835,3774,0.015906127770534573,3714,3722,0,3908,3772,0.03480040941658136,3770,3697,0.019363395225464153,3623,3567,0.015456803753795212,3845,3777,0.01768530559167747,3562,3489,0.020494104435710314,,47924,47075,0.01771554962023203,1
KP-HQ,320,0,0,,0,0,,0,0,,0,0,,0,0,,0,0,,0,0,,0,0,,0,0,,0,0,,0,0,,0,0,,,0,0,,0
KP-HQ,321,0,34332,0,0,36342,0,0,35518,0,0,37111,0,0,43086,0,0,42938,0,0,37572,0,0,35983,0,0,40215,0,0,39788,0,0,37600,0,0,39264,0,,0,459749,0,187
KP-HQ,322,0,0,,0,0,,0,0,,0,0,,0,0,,0,0,,0,0,,0,0,,0,0,,0,0,,0,0,,0,0,,,0,0,,0
KP-HQ,323,0,53213,0,0,55582,0,0,52709,0,0,61013,0,0,63972,0,0,64468,0,0,55447,0,0,57791,0,0,53722,0,0,51192,0,0,53303,0,0,51801,0,,0,674213,0,211
KP-HQ,324,2225,2228,0,2228,2221,0.0031418312387792025,2237,2230,0.003129190880643673,2559,2551,0.003126221180148492,2400,2392,0.0033333333333332993,2585,2576,0.0034816247582205584,2175,2170,0.0022988505747126853,2452,2446,0.002446982055464897,2654,2657,0,3972,3974,0,4043,4056,0,3743,3732,0.002938819129040926,,33273,33233,0.0012021759384486241,1
KP-HQ,325,6768,6778,0,6485,6495,0,6665,6676,0,7386,7399,0,6691,6703,0,6999,7010,0,6740,6754,0,7070,7085,0,5562,5573,0,5910,5824,0.014551607445008496,5795,5903,0,5546,5555,0,,77617,77755,0,1
KP-HQ,326,0,36094,0,0,30742,0,0,30565,0,0,41428,0,0,38183,0,0,36866,0,0,38294,0,0,35625,0,0,31269,0,0,33160,0,0,34110,0,0,36317,0,,0,422653,0,1
KP-HQ,327,2492,2483,0.0036115569823435,2787,2778,0.0032292787944026013,2221,2215,0.0027014858171994227,2747,2737,0.0036403349108118377,2536,2527,0.0035488958990536057,2375,2368,0.0029473684210525875,2515,2505,0.003976143141153132,2176,2170,0.0027573529411765163,2378,2370,0.003364171572750263,2422,2413,0.0037159372419488523,2870,2858,0.004181184668989535,2862,2852,0.0034940600978337066,,30381,30276,0.003456107435568234,1
KP-HQ,328,0,6899,0,0,6706,0,0,6781,0,0,8832,0,0,7889,0,15535,7651,0.5074991953653041,6323,6319,0.0006326111023248204,5814,5821,0,5930,5931,0,6849,6852,0,9312,9315,0,8410,8413,0,,58173,87409,0,1
KP-HQ,329,27441,27448,0,23241,23247,0,29919,29927,0,30103,30112,0,31046,31058,0,24185,24195,0,18581,18589,0,23958,23970,0,20803,20755,0.0023073595154544657,21222,21288,0,22457,22467,0,25408,25418,0,,298364,298474,0,1
KP-HQ,33,13560,13320,0.017699115044247815,12600,12420,0.014285714285714235,14280,14100,0.012605042016806678,17100,16890,0.012280701754386003,15810,15600,0.013282732447817858,15810,15570,0.015180265654648917,14610,14400,0.014373716632443578,14520,14280,0.016528925619834656,14460,14250,0.014522821576763434,14070,13830,0.017057569296375252,14700,14490,0.014285714285714235,13980,13680,0.02145922746781115,,175500,172830,0.015213675213675226,1
KP-HQ,330,0,10169,0,0,9404,0,0,9978,0,0,10636,0,0,12006,0,0,10988,0,0,10323,0,0,9772,0,0,10690,0,0,11010,0,0,8898,0,0,9970,0,,0,123844,0,55
KP-HQ,331,714,712,0.0028011204481792618,565,568,0,654,658,0,714,715,0,592,595,0,681,682,0,426,429,0,561,562,0,670,673,0,492,496,0,566,569,0,700,702,0,,7335,7361,0,1
KP-HQ,332,0,22332,0,0,23314,0,0,23661,0,0,25277,0,0,22198,0,0,29878,0,0,26127,0,0,21670,0,0,23319,0,0,21311,0,0,23457,0,0,28745,0,,0,291289,0,54
KP-HQ,333,229,1097,0,0,805,0,20,824,0,0,824,0,0,797,0,0,836,0,534,1368,0,0,817,0,0,848,0,0,830,0,33,869,0,514,1314,0,,1330,11229,0,1
KP-HQ,334,0,13745,0,0,14075,0,0,14507,0,0,15439,0,0,17266,0,0,15605,0,0,14895,0,0,13933,0,0,15483,0,0,15422,0,0,13100,0,0,12236,0,,0,175706,0,137
KP-HQ,335,502,505,0,585,589,0,581,583,0,696,694,0.002873563218390829,612,624,0,516,520,0,422,428,0,528,530,0,453,463,0,454,464,0,653,661,0,475,482,0,,6477,6543,0,1
KP-HQ,336,5525,7975,0,5320,7477,0,4988,5751,0,6093,6883,0,6141,6907,0,7662,8467,0,5744,6518,0,7644,8440,0,6708,7530,0,6473,7227,0,9124,9945,0,9249,10069,0,,80671,93189,0,1
KP-HQ,337,0,3909,0,0,3739,0,0,3958,0,0,4095,0,0,4636,0,0,4408,0,0,3643,0,0,3497,0,0,3385,0,0,3119,0,0,4113,0,0,4367,0,,0,46869,0,1
KP-HQ,338,0,65101,0,0,66496,0,0,82354,0,0,90896,0,0,103759,0,0,98448,0,0,89285,0,0,79198,0,0,89989,0,0,77888,0,0,84573,0,0,87166,0,,0,1015153,0,334
KP-HQ,339,0,5963,0,0,5589,0,0,5935,0,12731,6827,0.4637499018144686,5588,5598,0,5973,5991,0,5085,5094,0,5467,5478,0,5507,5518,0,6054,5814,0.03964321110009916,5415,5678,0,5435,5446,0,,57255,68931,0,1
KP-HQ,34,27150,27240,0,24600,24480,0.004878048780487809,26700,26670,0.0011235955056180247,31500,31470,0.0009523809523809268,27060,27090,0,26460,26430,0.0011337868480725266,23850,23790,0.002515723270440251,25560,25500,0.0023474178403756207,23970,23940,0.0012515644555695093,25320,25230,0.0035545023696682554,25860,25770,0.0034802784222738303,24600,24570,0.0012195121951219523,,312630,312180,0.0014394012090970243,1
KP-HQ,340,43698,43697,2.288434253283622e-05,42643,42633,0.00023450507703492995,43261,43253,0.0001849240655555917,47637,47633,8.396834393431529e-05,45424,45425,0,52751,52743,0.00015165589277932323,53407,53402,9.362068642682075e-05,51815,51808,0.00013509601466754617,48976,48967,0.00018376347598825227,47455,47448,0.00014750816563058322,43299,43299,0,40343,40335,0.00019829958109218726,,560709,560643,0.00011770811597455744,1
KP-HQ,341,0,30191,0,0,31122,0,0,18423,0,0,19247,0,0,19495,0,0,18101,0,0,15455,0,0,16234,0,0,16178,0,0,16256,0,0,19234,0,0,19465,0,,0,239401,0,117
KP-HQ,342,1535,2393,0,1272,2076,0,1408,2220,0,1561,2400,0,1204,1983,0,1167,1948,0,1173,1958,0,25013,25987,0,46928,48163,0,644,1545,0,1409,2290,0,1248,2105,0,,84562,95068,0,1
KP-HQ,343,0,2378,0,0,2566,0,0,2563,0,0,2740,0,0,3118,0,0,2684,0,0,1849,0,0,2168,0,0,1876,0,0,1938,0,0,2260,0,0,2298,0,,0,28438,0,19
KP-HQ,344,17784,17758,0.0014619883040936088,15662,15641,0.001340824926573836,15898,15876,0.0013838218643854594,21745,21720,0.001149689583812341,16305,16283,0.001349279362158895,19425,19401,0.0012355212355212863,15730,15709,0.001335028607755917,18425,18402,0.0012483039348710756,17718,17695,0.0012981149113895363,15939,15918,0.0013175230566534468,19181,19157,0.0012512382044731485,18544,18518,0.001402070750647133,,212356,212078,0.0013091224170732607,1
KP-HQ,345,0,5484,0,0,6162,0,0,4839,0,0,5299,0,0,4977,0,0,4012,0,0,3932,0,0,3910,0,0,3525,0,0,3533,0,0,3541,0,256795,3818,0.9851321092700404,,256795,53032,0.7934850756439962,38
KP-HQ,346,0,0,,0,0,,0,0,,0,0,,0,0,,0,0,,0,0,,0,0,,0,0,,0,0,,0,0,,0,0,,,0,0,,1
KP-HQ,347,1396,1320,0.054441260744985676,1794,1754,0.022296544035674493,1973,1924,0.024835276229092762,1545,1514,0.020064724919093835,1203,1194,0.007481296758104716,1971,1966,0.0025367833587012223,1970,1976,0,1600,1603,0,2463,2446,0.006902151847340665,2220,2221,0,2808,2772,0.012820512820512775,2498,2540,0,,23441,23230,0.009001322469177953,1
KP-HQ,348,0,0,,0,0,,0,0,,0,0,,0,0,,0,0,,0,0,,0,0,,0,0,,0,0,,0,0,,0,0,,,0,0,,1
KP-HQ,349,0,6547,0,0,6666,0,0,5098,0,0,5116,0,0,7940,0,0,4477,0,0,4670,0,0,5185,0,0,5380,0,0,4604,0,0,15472,0,0,8607,0,,0,79762,0,1
KP-HQ,35,27780,27480,0.010799136069114423,25380,25080,0.011820330969267157,28980,28590,0.01345755693581785,35010,34530,0.013710368466152478,28770,28410,0.012513034410844615,26880,26610,0.010044642857142905,24450,24180,0.011042944785276121,28680,28320,0.012552301255230103,20430,20250,0.008810572687224627,19560,19350,0.010736196319018454,20100,19920,0.008955223880596996,19410,19230,0.009273570324574987,,305430,301950,0.011393772713878758,1
KP-HQ,350,0,5849,0,0,3979,0,0,4492,0,0,6681,0,0,4442,0,0,3286,0,0,3672,0,0,3397,0,0,4139,0,0,4041,0,0,3907,0,0,4488,0,,0,52373,0,1
KP-HQ,351,0,74805,0,0,65086,0,0,60590,0,126306,65651,0.48022263392079556,78937,78899,0.0004813965567478373,91619,91576,0.0004693349632718391,99726,99690,0.00036098911016180235,58511,58478,0.0005639965134760505,50064,50036,0.0005592841163311046,73287,73255,0.0004366395131469858,63335,63305,0.00047367174548040847,64075,64040,0.0005462348809988082,,705860,845411,0,1
KP-HQ,352,0,6039,0,0,5953,0,0,6046,0,12843,6802,0.4703729658179553,6090,6092,0,3566,3569,0,2475,2477,0,2947,2951,0,1775,1778,0,1442,1444,0,1455,1457,0,1582,1585,0,,34175,46193,0,1
KP-HQ,353,2412,2415,0,2439,2442,0,2392,2393,0,3340,3346,0,2871,2876,0,2973,2979,0,2468,2474,0,2726,2731,0,2774,2779,0,3009,3015,0,3043,3048,0,2711,2716,0,,33158,33214,0,1
KP-HQ,354,7380,7440,0,8200,8180,0.0024390243902439046,7780,8880,0,10300,10280,0.001941747572815511,9000,8960,0.004444444444444473,8020,8120,0,6800,6740,0.008823529411764675,7180,7380,0,7140,7100,0.0056022408963585235,7580,7600,0,7300,7320,0,6680,6660,0.0029940119760478723,,93360,94660,0,1
KP-HQ,355,8700,8680,0.0022988505747126853,8480,8500,0,12740,8820,0.3076923076923077,9580,9600,0,8400,8460,0,8320,8520,0,7680,7760,0,8420,8560,0,7880,7840,0.005076142131979711,7920,7960,0,8440,8420,0.0023696682464454666,8200,8180,0.0024390243902439046,,104760,101300,0.03302787323405876,1
KP-HQ,356,11327,11335,0,12166,12143,0.0018905145487424502,12143,12217,0,226,14570,0,26996,12696,0.5297081049044303,12149,12172,0,11170,11194,0,11714,11735,0,11447,11455,0,11831,11844,0,10952,10960,0,9840,9847,0,,141961,142168,0,1
KP-HQ,357,0,4954,0,0,5205,0,0,5444,0,0,5726,0,0,5902,0,0,6062,0,0,4471,0,0,5253,0,0,5011,0,0,4960,0,0,5204,0,0,4763,0,,0,62955,0,85
KP-HQ,358,14849,14832,0.0011448582396120788,14773,14755,0.0012184390442022686,15505,15484,0.0013544018058690988,16642,16614,0.0016824900853262825,15210,15184,0.0017094017094017033,15876,15849,0.00170068027210879,14087,14069,0.0012777738340313816,16288,16263,0.001534872298624701,14309,14291,0.0012579495422461173,14797,14778,0.0012840440629857675,15199,15178,0.0013816698467004063,13837,13822,0.0010840500108405537,,181372,181119,0.001394923141389004,1
KP-HQ,359,7567,7576,0,7327,7336,0,8031,8041,0,8999,9010,0,8153,8164,0,8281,8292,0,7387,7397,0,8832,8843,0,8164,8176,0,8184,8195,0,7795,7804,0,6964,6972,0,,95684,95806,0,1
KP-HQ,36,0,17130,0,0,16680,0,0,17040,0,0,20460,0,0,18510,0,0,17910,0,0,16080,0,0,18900,0,0,17130,0,0,17550,0,0,18630,0,1209570,17880,0.9852178873483965,,1209570,213900,0.8231602966343411,1
KP-HQ,360,7409,8825,0,7729,8382,0,8719,9400,0,9548,9562,0,10645,12017,0,7912,8512,0,10656,10656,0,7736,8956,0,7657,0,1,8976,19629,0,7867,8584,0,7698,8384,0,,102552,112907,0,1
KP-HQ,361,42368,55776,0,56524,56431,0.0016453188026325227,62983,62890,0.0014765889208199212,70130,70093,0.0005275916155710325,75074,74873,0.0026773583397714518,60043,59950,0.0015488899621937113,58526,58450,0.001298568157741875,52140,52041,0.0018987341772152,67160,67088,0.0010720667063728317,59939,59868,0.0011845376132401109,67308,67215,0.001381707969335011,68677,68607,0.001019264091326022,,740872,753282,0,1
KP-HQ,362,0,12371,0,0,10995,0,0,11702,0,0,12370,0,0,14114,0,0,13742,0,0,12453,0,0,11719,0,0,13215,0,0,9838,0,0,9676,0,0,10376,0,,0,142571,0,63
KP-HQ,363,0,312,0,0,295,0,0,216,0,0,302,0,0,352,0,0,270,0,0,148,0,0,100,0,0,181,0,14769,286,0.9806351140903243,85,85,0,168,168,0,,15022,2715,0.8192650778857675,1
KP-HQ,364,0,10507,0,0,10974,0,0,11370,0,0,12222,0,0,10630,0,0,13032,0,0,9818,0,0,10281,0,0,10745,0,0,10431,0,0,11824,0,0,11292,0,,0,133126,0,123
KP-HQ,365,0,2750,0,0,3337,0,0,3187,0,0,4181,0,0,3361,0,0,2800,0,0,2434,0,0,2649,0,0,2574,0,0,2578,0,0,2698,0,0,2807,0,,0,35356,0,30
KP-HQ,366,0,3182,0,0,3753,0,0,3487,0,0,4583,0,0,4289,0,0,3941,0,0,3308,0,0,3510,0,0,3469,0,0,3739,0,0,3641,0,0,3679,0,,0,44581,0,23
KP-HQ,367,0,8253,0,0,8399,0,0,8897,0,0,9045,0,0,9860,0,0,8643,0,0,8390,0,0,7821,0,0,8333,0,0,8688,0,0,7534,0,0,8309,0,,0,102172,0,105
KP-HQ,368,2428,2429,0,2005,2006,0,2149,2150,0,3266,3276,0,3164,3157,0.0022123893805309214,2926,2929,0,2775,2780,0,2458,2456,0.0008136696501220841,2493,2496,0,2893,2892,0.0003456619426200902,3055,3057,0,2693,2695,0,,32305,32323,0,1
KP-HQ,369,0,2929,0,0,3250,0,0,2366,0,0,2534,0,0,2785,0,0,9744,0,0,6032,0,0,5378,0,0,3250,0,0,4228,0,0,7837,0,0,6303,0,,0,56636,0,14
KP-HQ,37,29250,29340,0,29370,29490,0,30600,30720,0,36240,36330,0,33960,34020,0,30000,30180,0,26100,26370,0,29700,29670,0.0010101010101010166,27660,27840,0,29370,29430,0,31530,31590,0,29640,29700,0,,363420,364680,0,1
KP-HQ,370,6930,6929,0.0001443001443001135,6471,6471,0,5996,5995,0.00016677785190122307,8463,8463,0,7197,7197,0,7258,7257,0.00013777900248002073,5630,5630,0,5594,5593,0.0001787629603146046,5651,5650,0.00017695983011856153,6171,6171,0,7499,7499,0,7074,7073,0.00014136273678255762,,79934,79928,7.506192608897067e-05,1
KP-HQ,371,0,11843,0,0,12360,0,0,12853,0,0,14048,0,0,14080,0,0,13766,0,0,12543,0,0,13051,0,0,13566,0,0,13942,0,0,12698,0,0,12340,0,,0,157090,0,166
KP-HQ,372,0,11655,0,0,11846,0,0,11922,0,0,13652,0,0,12314,0,0,12103,0,0,11790,0,0,12455,0,0,12685,0,0,13171,0,0,12997,0,0,12829,0,,0,149419,0,1
KP-HQ,373,0,13988,0,0,14322,0,0,12848,0,0,14120,0,0,12414,0,0,10474,0,0,9695,0,0,10624,0,0,10806,0,0,10936,0,0,9635,0,0,8615,0,,0,138477,0,1
KP-HQ,374,0,8633,0,0,9094,0,0,10664,0,0,11533,0,0,9639,0,0,9125,0,0,7886,0,0,8906,0,0,8386,0,0,7903,0,0,8354,0,0,7202,0,,0,107325,0,1
KP-HQ,375,0,3879,0,0,4196,0,0,4352,0,0,5008,0,0,4465,0,0,4736,0,0,4628,0,0,6006,0,0,5733,0,0,4336,0,0,3958,0,0,3605,0,,0,54902,0,1
KP-HQ,376,25962,25891,0.002734766196749061,26593,26569,0.0009024931372917377,27334,27298,0.0013170410477792993,33606,33554,0.0015473427364161019,28160,28123,0.0013139204545454808,27148,27127,0.0007735376454987009,24083,24068,0.0006228459909479733,26894,26873,0.0007808433107756585,24617,24616,4.062233415935701e-05,23743,23726,0.0007160005054120955,21426,21405,0.0009801176141136514,20006,19994,0.0005998200539838461,,309572,309244,0.0010595273474345301,1
KP-HQ,377,0,13047,0,0,13862,0,0,14448,0,0,15000,0,0,16341,0,0,17497,0,0,14732,0,0,14802,0,0,14544,0,0,13574,0,0,15940,0,0,13039,0,,0,176826,0,77
KP-HQ,378,8799,10353,0,7209,8489,0,8109,9527,0,9367,10851,0,9219,10561,0,9570,10899,0,9929,11309,0,12204,13564,0,8399,9907,0,7157,8612,0,7619,8994,0,9875,11336,0,,107456,124402,0,1
KP-HQ,379,9679,9677,0.00020663291662359473,8846,8902,0,9328,9266,0.006646655231560938,10054,10050,0.00039785160135275,8964,8960,0.00044622936189198104,5755,5753,0.00034752389226755387,6058,6564,0,6605,6603,0.0003028009084027339,5524,5509,0.0027154236060825676,4784,4780,0.0008361204013378476,3455,3453,0.0005788712011577379,1908,1907,0.0005241090146750338,,80960,81424,0,1
KP-HQ,38,30360,30210,0.004940711462450564,27930,27810,0.004296455424274925,28590,28530,0.0020986358866736943,34110,33990,0.0035180299032542273,33390,33360,0.0008984725965858198,31470,31350,0.0038131553860819567,29610,29520,0.003039513677811523,29790,29550,0.00805639476334341,29010,28830,0.006204756980351611,30720,30600,0.00390625,23880,23760,0.005025125628140725,11970,11910,0.005012531328320802,,340830,339420,0.00413695977466777,1
KP-HQ,380,0,0,,0,0,,0,0,,0,0,,0,0,,0,0,,0,0,,0,0,,0,0,,0,0,,0,0,,0,0,,,0,0,,1
KP-HQ,381,11380,11540,0,12480,12700,0,14000,14240,0,14660,14920,0,12920,13140,0,12700,12900,0,11520,11720,0,12420,12620,0,11300,11580,0,11800,11880,0,12440,12660,0,11360,11560,0,,148980,151460,0,1
KP-HQ,382,0,2344,0,0,1221,0,0,1070,0,0,1896,0,0,1815,0,0,1355,0,0,1655,0,0,1571,0,16638,1321,0.9206034379132108,1634,1635,0,2162,2161,0.00046253469010171244,1574,1578,0,,22008,19622,0.10841512177390045,1
KP-HQ,383,0,9972,0,0,10457,0,0,10893,0,0,11181,0,0,12345,0,0,11342,0,0,10221,0,0,9188,0,0,10409,0,0,9596,0,0,9305,0,0,9728,0,,0,124637,0,72
KP-HQ,384,0,24911,0,0,25090,0,0,29504,0,0,36914,0,0,32584,0,0,32631,0,0,29632,0,0,30532,0,0,26796,0,0,30660,0,0,33671,0,0,27212,0,,0,360137,0,50
KP-HQ,385,5756,5783,0,4512,4536,0,4832,4859,0,5299,5336,0,5008,5046,0,3584,3613,0,5446,5475,0,5977,6024,0,4662,4690,0,3649,3681,0,7395,7422,0,6870,6890,0,,62990,63355,0,1
KP-HQ,386,3586,3616,0,219,240,0,518,547,0,751,788,0,152,171,0,6119,6155,0,138,172,0,680,716,0,2682,2725,0,252,268,0,277,295,0,264,298,0,,15638,15991,0,1
KP-HQ,387,116270,24533,0.7889997419798744,18393,18417,0,27584,27619,0,45400,45469,0,47199,47268,0,42120,42180,0,30868,30910,0,27827,27868,0,20730,20758,0,34447,34490,0,43682,43747,0,37766,37814,0,,492286,401073,0.18528457035138113,1
KP-HQ,388,4369,4371,0,13902,13908,0,27277,27290,0,30534,30551,0,4820,4822,0,349,349,0,4606,4609,0,8899,8904,0,10350,10354,0,21162,21172,0,23509,23519,0,13581,13586,0,,163358,163435,0,1
KP-HQ,389,18144,18589,0,18935,19395,0,20096,20565,0,23397,23906,0,22370,22871,0,24277,24810,0,22263,22779,0,23538,24071,0,23226,23772,0,21747,22226,0,23662,24219,0,22465,23004,0,,264120,270207,0,1
KP-HQ,39,711,710,0.0014064697609000865,684,684,0,782,781,0.0012787723785165905,951,951,0,898,898,0,804,791,0.016169154228855676,631,643,0,664,668,0,591,586,0.008460236886632777,652,651,0.0015337423312883347,918,918,0,950,949,0.001052631578947416,,9236,9230,0.0006496318752706731,1
KP-HQ,390,0,4185,0,0,4456,0,0,5081,0,0,5210,0,0,5491,0,0,5617,0,0,4766,0,0,4727,0,0,4969,0,0,5029,0,0,5108,0,19865,4866,0.7550465643090863,,19865,59505,0,72
KP-HQ,391,0,20059,0,0,21200,0,0,21545,0,44805,23350,0.4788528066064055,16762,16797,0,21596,21643,0,20017,20069,0,18857,18902,0,14368,14406,0,14280,14316,0,27085,27143,0,22993,23039,0,,200763,242469,0,1
KP-HQ,392,0,729,0,0,706,0,0,707,0,0,721,0,0,705,0,0,730,0,0,718,0,0,719,0,0,760,0,0,678,0,0,727,0,0,723,0,,0,8623,0,1
KP-HQ,393,0,2194,0,0,2282,0,0,2854,0,0,2796,0,0,2910,0,0,2871,0,0,2263,0,0,2362,0,0,2481,0,0,2516,0,0,2694,0,0,2717,0,,0,30940,0,55
KP-HQ,394,5020,4700,0.06374501992031878,4740,4760,0,5100,5120,0,4820,5480,0,5020,5120,0,4840,4880,0,4220,4220,0,4880,4860,0.004098360655737654,4600,4640,0,4080,4440,0,4540,4560,0,4080,4140,0,,55940,56920,0,1
KP-HQ,395,36900,36959,0,40240,40304,0,40557,40624,0,37910,37971,0,39296,39363,0,37538,37600,0,38997,39061,0,46374,45449,0.019946521757881586,47094,48174,0,48366,48447,0,50472,50555,0,47015,47091,0,,510759,511598,0,1
KP-HQ,396,3340,6020,0,6360,6360,0,6660,6640,0.0030030030030030463,7360,7760,0,6620,6760,0,6900,6880,0.0028985507246376274,5860,5860,0,6300,6340,0,6000,6020,0,6020,6540,0,6240,6240,0,5720,5720,0,,73380,77140,0,1
KP-HQ,397,61573,61748,0,57628,57820,0,62813,63009,0,69707,69915,0,62920,63106,0,60267,60445,0,56059,56220,0,69697,69918,0,62375,62598,0,58997,59196,0,58497,58695,0,60380,60563,0,,740913,743233,0,1
KP-HQ,398,0,29432,0,0,27491,0,0,29620,0,0,30163,0,0,34115,0,0,33843,0,0,30160,0,0,29575,0,0,32821,0,0,26197,0,0,24605,0,0,26177,0,,0,354199,0,109
KP-HQ,399,16874,16897,0,19198,19224,0,17214,17235,0,17568,17589,0,20699,20735,0,20885,20925,0,15726,15757,0,17550,17584,0,17375,17410,0,16293,16319,0,20653,20685,0,17115,17142,0,,217150,217502,0,1
KP-HQ,40,22620,22260,0.01591511936339518,21960,21960,0,22950,22020,0.04052287581699343,25080,25080,0,24150,23640,0.02111801242236022,20370,20340,0.0014727540500736325,19080,19020,0.0031446540880503138,20400,20400,0,18660,18540,0.006430868167202619,19170,19110,0.003129890453834161,21660,21180,0.02216066481994461,19620,19590,0.001529051987767538,,255720,253140,0.010089160018770582,1
KP-HQ,400,0,33320,0,0,34936,0,0,55151,0,0,56648,0,0,60604,0,0,61171,0,0,55134,0,0,52807,0,0,59712,0,0,52211,0,0,56201,0,0,63668,0,,0,641563,0,121
KP-HQ,401,0,5131,0,0,5466,0,0,5885,0,0,5784,0,0,-2136,,0,3210,0,0,7378,0,0,8561,0,71714,6799,0.9051928493739019,6425,6428,0,8195,8198,0,10450,10454,0,,96784,71158,0.26477516944949575,1
KP-HQ,402,0,42219,0,0,42232,0,0,43070,0,0,48224,0,0,52804,0,0,47382,0,0,43211,0,0,40322,0,0,44551,0,0,42196,0,0,41834,0,0,43062,0,,0,531107,0,230
KP-HQ,403,0,7460,0,0,7980,0,0,7920,0,0,9140,0,0,8300,0,0,7980,0,0,7240,0,0,8200,0,0,7900,0,0,8500,0,0,7880,0,0,6900,0,,0,95400,0,1
KP-HQ,404,73067,74243,0,85569,86899,0,70949,72119,0,73170,74351,0,75996,77206,0,89055,90394,0,78848,80077,0,94166,95682,0,69255,70478,0,56774,57797,0,62959,64114,0,69614,70796,0,,899422,914156,0,1
KP-HQ,405,76454,76471,0,71134,71141,0,78541,78552,0,80607,80619,0,65851,65854,0,56411,56427,0,16549,16550,0,18809,18812,0,17418,17420,0,19471,19472,0,28460,28461,0,49020,49021,0,,578725,578800,0,1
KP-HQ,406,3560,3560,0,3800,3780,0.0052631578947368585,3820,3820,0,4320,4300,0.00462962962962965,4580,4560,0.004366812227074246,4520,4500,0.004424778761061954,5020,5000,0.003984063745019917,5740,5720,0.0034843205574912606,3920,3900,0.005102040816326481,3940,3940,0,4280,4260,0.004672897196261627,4060,4040,0.0049261083743842304,,51560,51380,0.003491078355314148,1
KP-HQ,407,3420,3340,0.023391812865497075,3260,3360,0,3240,3260,0,4400,4420,0,5200,5180,0.0038461538461538325,4820,4860,0,5180,5160,0.0038610038610038533,5740,5760,0,5560,5560,0,7060,7060,0,7540,7580,0,6360,6360,0,,61780,61900,0,1
KP-HQ,408,3001,3045,0,4566,4523,0.009417433201927339,3628,3628,0,5527,5526,0.00018092998009766603,4692,4692,0,4831,4787,0.009107845166632211,3328,3373,0,4261,4262,0,0,0,,9257,9308,0,5134,5131,0.0005843396961433545,4285,4319,0,,52510,52594,0,1
KP-HQ,409,0,271,0,0,260,0,0,254,0,0,306,0,0,365,0,0,288,0,0,158,0,0,129,0,0,126,0,0,149,0,0,158,0,0,284,0,,0,2748,0,6
KP-HQ,41,37150,37100,0.0013458950201884479,34850,34850,0,35750,35650,0.002797202797202747,41900,41950,0,40900,41000,0,37350,37250,0.0026773761713521083,36000,35950,0.001388888888888884,37200,37250,0,36200,36050,0.004143646408839796,37250,37250,0,38200,38250,0,35450,35300,0.004231311706629048,,448200,447850,0.0007809013833109946,1
KP-HQ,410,0,1243,0,0,1254,0,0,1755,0,0,2486,0,0,2545,0,0,1906,0,0,1251,0,0,1682,0,0,1442,0,0,1563,0,0,1928,0,0,1431,0,,0,20486,0,15
KP-HQ,411,0,7334,0,0,6022,0,0,7780,0,0,8229,0,0,8500,0,0,7954,0,242370,6818,0.9718694557907331,6956,7642,0,6211,6766,0,5040,5532,0,5863,6387,0,5448,5975,0,,271888,84939,0.6875956276113694,1
KP-HQ,412,0,0,,0,0,,0,0,,0,0,,0,0,,0,0,,0,0,,0,0,,0,0,,0,0,,0,0,,0,0,,,0,0,,0
KP-HQ,413,1817,1811,0.003302146395156802,1691,1686,0.002956830277942024,1560,1555,0.0032051282051281937,1953,1951,0.0010240655401945187,1182,1178,0.0033840947546531774,1485,1484,0.0006734006734007147,571,568,0.005253940455341555,396,393,0.007575757575757569,387,384,0.007751937984496138,419,414,0.011933174224343701,1619,1614,0.0030883261272390827,2213,2207,0.002711251694532346,,15293,15245,0.003138690904335273,1
KP-HQ,414,11160,11240,0,11100,11120,0,11960,11940,0.0016722408026755842,13460,13780,0,13520,13640,0,12260,12260,0,10880,10880,0,11560,11640,0,11400,11440,0,11040,11380,0,10880,10880,0,10900,10940,0,,140120,141140,0,1
KP-HQ,415,0,3718,0,0,3827,0,0,4071,0,0,4857,0,0,5668,0,0,7554,0,0,5582,0,0,5136,0,0,4581,0,0,4307,0,0,4881,0,0,4624,0,,0,58806,0,22
KP-HQ,416,128,180,0,0,1,0,0,0,,0,0,,0,0,,0,0,,0,0,,1432,2453,0,1591,2867,0,1284,2564,0,1066,2396,0,2061,3301,0,,7562,13762,0,1
KP-HQ,417,0,70373,0,0,73894,0,0,65331,0,0,68219,0,0,60964,0,0,62186,0,118169,56243,0.5240460696121656,58092,58223,0,52796,52942,0,52117,52257,0,61358,61507,0,64282,64422,0,,406814,746561,0,2
KP-HQ,418,0,0,,0,0,,0,0,,0,0,,0,0,,0,0,,0,0,,0,0,,0,0,,0,0,,0,0,,0,0,,,0,0,,1
KP-HQ,419,5111,5111,0,4960,4958,0.00040322580645157924,6250,6247,0.00048000000000003595,6580,6576,0.0006079027355623268,5681,5779,0,5714,5612,0.01785089254462724,4787,4801,0,5233,0,1,4845,10374,0,5078,5070,0.0015754233950374674,5258,5250,0.001521491061239999,4923,4916,0.0014218972171440303,,64420,64694,0,1
KP-HQ,42,26400,26160,0.009090909090909038,25860,25650,0.008120649651972123,24870,24600,0.010856453558504175,22860,22620,0.01049868766404205,19800,19620,0.009090909090909038,16140,16050,0.005576208178438624,13470,13290,0.013363028953229383,14730,14580,0.010183299389002087,12900,12750,0.011627906976744207,13590,13500,0.0066225165562914245,14310,14130,0.012578616352201255,13590,13440,0.01103752759381893,,218520,216390,0.00974739154310822,1
KP-HQ,420,0,35707,0,0,32755,0,0,31863,0,0,34363,0,0,34487,0,67294,34193,0.4918863494516599,37102,37767,0,38238,12765,0.666169778754119,37680,64606,0,33895,34564,0,36795,37527,0,35769,36458,0,,286773,427055,0,1
KP-HQ,421,0,1169,0,0,1352,0,0,1510,0,0,2331,0,0,2976,0,0,2263,0,0,834,0,0,853,0,0,742,0,0,708,0,0,1023,0,0,1221,0,,0,16982,0,22
KP-HQ,422,0,11718,0,0,13398,0,0,12245,0,0,12978,0,0,15878,0,0,16204,0,0,18185,0,0,16737,0,0,19317,0,0,17462,0,0,15168,0,0,15828,0,,0,185118,0,43
KP-HQ,423,8450,8456,0,7305,7310,0,7314,7318,0,8793,8798,0,9083,9089,0,9780,9785,0,7423,7432,0,8380,8388,0,7247,7257,0,6265,6273,0,3603,3604,0,3398,3400,0,,87041,87110,0,1
KP-HQ,424,11159,11120,0.0034949368222959576,9707,9674,0.003399608529926823,10604,10566,0.003583553376084514,13175,13126,0.0037191650853889424,10904,10864,0.003668378576669129,10375,10340,0.0033734939759035854,9319,9293,0.0027899989269234426,10386,10351,0.0033699210475640617,9262,9237,0.0026992010364932373,10788,10753,0.003244345569150875,11029,10993,0.0032641218605494737,10464,10433,0.0029625382262996602,,127172,126750,0.0033183405152077405,1
KP-HQ,425,165,570,0,583,1003,0,184,579,0,1502,1931,0,1787,2209,0,1842,2211,0,533,906,0,602,979,0,480,886,0,331,701,0,325,704,0,346,733,0,,8680,13412,0,1
KP-HQ,426,6113,6108,0.0008179290037624298,7000,6994,0.0008571428571428896,6066,6059,0.0011539729640619445,7036,7027,0.0012791358726549351,6115,6108,0.0011447260834014372,6109,6101,0.0013095432967752396,5353,5349,0.0007472445357743496,5690,5684,0.0010544815465729496,5760,5755,0.0008680555555555802,5774,5768,0.0010391409767924742,5728,5723,0.0008729050279329131,5128,5125,0.0005850234009360245,,71872,71801,0.0009878673196794807,1
KP-HQ,427,0,6785,0,229193,6955,0.969654396076669,6937,6993,0,9189,9234,0,10784,10632,0.014094955489614258,8779,9026,0,7722,7767,0,10524,10566,0,8870,8922,0,9229,9286,0,7952,8003,0,5992,6048,0,,315171,100217,0.6820234095142002,1
KP-HQ,428,62293,62364,0,74462,74545,0,94661,94786,0,118341,118506,0,118910,119067,0,115677,115820,0,105693,105795,0,101253,101362,0,101231,101326,0,100613,100703,0,102982,103078,0,95815,95894,0,,1191931,1193246,0,1
KP-HQ,429,0,11536,0,0,10827,0,0,19007,0,0,13799,0,0,13470,0,0,10031,0,0,12039,0,0,9025,0,0,8794,0,0,8989,0,0,8895,0,0,9549,0,,0,135961,0,59
KP-HQ,43,5663,5743,0,4943,5015,0,6946,7023,0,6627,6714,0,5937,6017,0,4555,4636,0,3642,3719,0,3762,3836,0,3785,3858,0,3921,4000,0,4587,4672,0,4141,4229,0,,58509,59462,0,1
KP-HQ,430,8480,8480,0,8220,8240,0,8460,8460,0,9440,9440,0,9600,9620,0,9580,9580,0,8420,8420,0,9060,9080,0,8060,8040,0.002481389578163795,8380,8400,0,8940,8920,0.0022371364653244186,7540,7540,0,,104180,104220,0,1
KP-HQ,431,5076,5071,0.0009850275807722353,4825,4821,0.000829015544041467,5403,5396,0.0012955765315565415,6499,6493,0.000923218956762617,5827,5820,0.001201304273210968,6873,6868,0.0007274843590863167,6216,6212,0.0006435006435006052,5483,5477,0.0010942914462884756,4577,4573,0.000873934891850503,8178,8172,0.0007336757153337814,6606,6602,0.0006055101422949294,4770,4759,0.002306079664570193,,70333,70264,0.00098104730354176,2
KP-HQ,432,474,490,0,266,258,0.03007518796992481,216,217,0,254,251,0.011811023622047223,19,12,0.368421052631579,12,13,0,1,1,0,1,1,0,0,0,,0,0,,0,0,,0,0,,,1243,1243,0,1
KP-HQ,433,97868,97811,0.0005824171332815542,91439,91367,0.0007874101860256832,123175,123104,0.0005764156687639854,119346,119277,0.0005781509225277759,101491,101424,0.0006601570582612792,98150,98079,0.000723382577687226,114068,113989,0.0006925693446014902,121238,121153,0.0007011003150827477,111734,111655,0.0007070363541983316,106690,106619,0.0006654794263755148,112790,112718,0.0006383544640482519,113759,113686,0.0006417074692991465,,1311748,1310882,0.0006601877799699007,1
KP-HQ,434,0,1965,0,0,1980,0,2532,1761,0.3045023696682464,2181,2172,0.004126547455295726,1922,1915,0.0036420395421435936,1793,1786,0.003904071388733943,1668,1661,0.004196642685851293,1956,1947,0.004601226993865004,1955,1948,0.00358056265984652,2044,2036,0.003913894324853229,2058,2049,0.004373177842565634,1786,1778,0.004479283314669624,,19895,22998,0,1
KP-HQ,435,19383,19320,0.00325027085590468,18074,18017,0.003153701449596147,18619,18556,0.0033836403673667137,17025,16967,0.0034067547723934943,16504,16449,0.0033325254483761446,16326,16271,0.0033688594879333067,14264,14221,0.003014582164890589,15629,15580,0.003135197389468325,14412,14370,0.002914238134887559,14521,14477,0.0030300943461194496,14791,14744,0.0031776080048677713,14050,14007,0.003060498220640584,,193598,192979,0.0031973470800318315,1
KP-HQ,436,1416,1417,0,1187,1188,0,1291,1293,0,1522,1524,0,1377,1379,0,1179,1180,0,1041,1043,0,963,964,0,819,820,0,849,851,0,870,871,0,985,986,0,,13499,13516,0,1
KP-HQ,437,0,5660,0,0,5714,0,0,4341,0,0,7209,0,0,6531,0,0,7445,0,101581,5109,0.949705161398293,5641,6216,0,4962,5551,0,6550,7092,0,11351,11969,0,8958,9547,0,,139043,82384,0.40749264615982106,1
KP-HQ,438,667,667,0,611,611,0,711,711,0,747,747,0,656,656,0,596,595,0.001677852348993314,557,557,0,661,661,0,1688,1689,0,8817,8817,0,11417,11419,0,10254,10255,0,,37382,37385,0,1
KP-HQ,439,0,1084,0,0,1068,0,0,1219,0,0,1213,0,0,698,0,0,0,,0,945,0,0,407,0,0,522,0,0,335,0,0,420,0,0,364,0,,0,8275,0,3
KP-HQ,44,5920,5940,0,4020,4040,0,4800,4820,0,5260,5260,0,4740,4780,0,4340,4340,0,3660,3480,0.049180327868852514,3580,3800,0,3120,3140,0,3560,3560,0,4000,4020,0,4440,4460,0,,51440,51640,0,1
KP-HQ,440,339,803,0,791,1150,0,1874,2209,0,2987,3345,0,1950,2258,0,1762,2063,0,1327,1633,0,1452,1755,0,1283,1638,0,2079,2450,0,2073,2428,0,3528,3877,0,,21445,25609,0,1
KP-HQ,441,0,6276,0,0,6199,0,0,7799,0,0,11996,0,0,9898,0,0,8216,0,0,6142,0,0,8825,0,0,5982,0,0,7901,0,0,7886,0,21592,7102,0.6710818821785847,,21592,94222,0,1
KP-HQ,442,0,1507,0,0,1323,0,0,1675,0,0,2016,0,0,2023,0,0,1354,0,0,1131,0,0,958,0,0,1159,0,0,1182,0,0,1233,0,0,1581,0,,0,17142,0,8
KP-HQ,443,0,16404,0,0,18575,0,0,16646,0,0,16467,0,0,14928,0,0,16169,0,0,14281,0,0,14357,0,0,13897,0,0,13781,0,0,14403,0,0,16284,0,,0,186192,0,67
KP-HQ,444,0,229,0,0,27,0,0,29,0,0,0,,0,0,,0,2,0,0,25,0,0,50,0,0,49,0,0,74,0,0,181,0,26,26,0,,26,692,0,6
KP-HQ,445,1934,2253,0,1718,2026,0,1999,2318,0,2044,2392,0,4363,4686,0,11215,11510,0,17952,18261,0,4290,18807,0,41738,42182,0,37782,38159,0,47592,48032,0,54616,55091,0,,227243,245717,0,1
KP-HQ,446,15490,15524,0,1022,1040,0,13479,13504,0,18442,18464,0,20777,20806,0,22457,22420,0.0016475931780736142,21093,21174,0,8915,8914,0.00011217049915868138,14746,14776,0,18481,18507,0,21024,21058,0,24342,24362,0,,200268,200549,0,1
KP-HQ,447,94172,95812,0,83121,84679,0,72051,73462,0,79847,81340,0,72226,73608,0,71447,72848,0,88329,90033,0,99123,101006,0,95324,97112,0,80421,81896,0,99696,99693,3.0091478093408064e-05,42572,45212,0,,978329,996701,0,1
KP-HQ,448,0,6601,0,0,4499,0,0,5054,0,11294,6281,0.4438639985833186,6084,6105,0,5932,5953,0,5281,5301,0,5247,5268,0,4660,4680,0,5247,5267,0,6675,6701,0,6482,6506,0,,56902,68216,0,1
KP-HQ,449,1680,2385,0,856,1539,0,987,1685,0,1794,2497,0,1399,2074,0,2234,2935,0,2913,3603,0,4616,5315,0,4730,5461,0,6636,7298,0,6856,7569,0,3384,4081,0,,38085,46442,0,1
KP-HQ,45,27420,27600,0,25170,25230,0,25620,25830,0,28200,29190,0,18750,16770,0.10560000000000003,15570,14970,0.038535645472061675,15090,13320,0.11729622266401596,15150,14220,0.06138613861386144,14730,13770,0.06517311608961307,14160,13950,0.014830508474576232,15900,15990,0,16530,16200,0.019963702359346636,,232290,227040,0.02260105902105125,1
KP-HQ,450,0,1061,0,0,1014,0,0,1020,0,0,1174,0,0,678,0,0,0,,0,482,0,0,1156,0,0,347,0,0,292,0,0,443,0,300,345,0,,300,8012,0,5
KP-HQ,451,2100,2120,0,2260,2300,0,1800,2200,0,2820,2800,0.007092198581560294,2440,2460,0,2500,2540,0,2180,2220,0,2440,2500,0,2320,2220,0.0431034482758621,2240,2340,0,2320,2360,0,2240,2240,0,,27660,28300,0,1
KP-HQ,452,0,4035,0,0,4314,0,0,4795,0,0,5154,0,0,5427,0,0,4951,0,0,4323,0,0,4923,0,0,4900,0,0,4584,0,0,5111,0,0,5270,0,,0,57787,0,25
KP-HQ,453,62,65,0,8,0,1,38,50,0,230,229,0.004347826086956497,68,69,0,10,13,0,12,16,0,8,11,0,10,15,0,0,6,0,12,6,0.5,0,9,0,,458,489,0,1
KP-HQ,454,676,701,0,557,0,1,797,1388,0,1174,1189,0,1008,1025,0,1020,1037,0,672,688,0,947,964,0,865,885,0,790,812,0,715,735,0,760,779,0,,9981,10203,0,1
KP-HQ,455,0,281,0,0,0,,0,485,0,0,244,0,279,305,0,302,308,0,286,294,0,252,261,0,254,263,0,217,223,0,202,209,0,199,181,0.09045226130653261,,1991,3054,0,1
KP-HQ,456,0,719,0,0,1007,0,0,856,0,0,802,0,0,24350,0,0,34575,0,0,23751,0,0,25150,0,0,21377,0,0,22207,0,0,23490,0,0,23788,0,,0,202072,0,68
KP-HQ,457,0,7514,0,0,7112,0,0,7135,0,0,7718,0,0,8141,0,0,7006,0,0,5921,0,0,6201,0,0,6316,0,0,6414,0,0,6639,0,0,7179,0,,0,83296,0,83
KP-HQ,458,1553,1548,0.00321957501609782,1654,1658,0,1709,1709,0,3485,3489,0,3819,3824,0,3495,3498,0,1570,1571,0,1452,1453,0,1482,1482,0,1527,1530,0,1530,1532,0,1550,1552,0,,24826,24846,0,1
KP-HQ,459,0,1182,0,0,775,0,0,2557,0,3645,3660,0,4109,4095,0.0034071550255536653,5395,5397,0,2634,2635,0,3148,3149,0,3867,3868,0,8765,8766,0,4505,4506,0,3409,3410,0,,39477,44000,0,1
KP-HQ,46,25140,25050,0.0035799522673031214,23160,23010,0.006476683937823857,24540,24420,0.004889975550122272,27210,27090,0.004410143329658167,27270,27090,0.0066006600660065695,23280,23190,0.0038659793814432852,21690,21510,0.008298755186721962,22500,22350,0.00666666666666671,21960,21750,0.0095628415300546,21300,21180,0.005633802816901401,24420,24240,0.0073710073710073765,21840,21720,0.005494505494505475,,284310,282600,0.0060145615701171495,1
KP-HQ,460,0,10300,0,0,10095,0,0,10383,0,22356,11850,0.4699409554482018,10041,9986,0.0054775420774823,10965,10903,0.005654354765161851,9132,9092,0.004380201489268543,9890,9841,0.004954499494438824,10055,10007,0.0047737444057682765,10475,10425,0.004773269689737458,9361,9318,0.00459352633265675,8380,8340,0.004773269689737458,,100655,120540,0,1
KP-HQ,461,10370,10319,0.004918032786885296,10333,10282,0.0049356430852608435,10348,10293,0.0053150367220718975,11827,11762,0.005495899213663669,10112,10057,0.005439082278481,10262,10206,0.00545702592087316,9195,9146,0.005328983143012556,10044,9990,0.005376344086021501,9748,9698,0.0051292572835452965,10525,10472,0.005035629453681745,10157,10107,0.004922713399625911,9229,9184,0.004875934554122829,,122150,121516,0.005190339746213635,1
KP-HQ,462,7332,7344,0,7388,7400,0,7201,7212,0,7538,7550,0,5974,5983,0,6235,6245,0,5593,5600,0,6006,6014,0,5810,5818,0,6246,6253,0,6010,6018,0,5517,5524,0,,76850,76961,0,1
KP-HQ,463,2714,2720,0,2732,2733,0,2817,2816,0.0003549875754348397,3407,3436,0,3115,3124,0,3245,3253,0,2962,2962,0,2838,2845,0,3008,3017,0,3311,3333,0,2711,2717,0,2810,2805,0.001779359430605032,,35670,35761,0,1
KP-HQ,464,0,1863,0,0,1838,0,0,1939,0,0,2333,0,0,2187,0,0,1665,0,0,1738,0,0,1593,0,0,1636,0,0,1114,0,0,1105,0,5229,1494,0.7142857142857143,,5229,20505,0,10
KP-HQ,465,0,2564,0,0,3410,0,0,4240,0,0,3075,0,0,2709,0,0,3042,0,0,2647,0,0,2804,0,0,2872,0,0,2729,0,0,2861,0,0,2955,0,,0,35908,0,11
KP-HQ,466,0,3929,0,0,4306,0,0,4135,0,0,4499,0,0,2653,0,0,2927,0,0,1434,0,0,1773,0,0,933,0,0,866,0,0,2672,0,0,4286,0,,0,34413,0,17
KP-HQ,467,0,725,0,0,856,0,0,885,0,0,797,0,0,827,0,0,915,0,0,783,0,0,782,0,0,895,0,0,757,0,0,1175,0,0,1750,0,,0,11147,0,10
KP-HQ,468,15170,15173,0,16157,16171,0,18267,18283,0,14236,14253,0,17755,17774,0,18578,18597,0,15354,15362,0,13567,13581,0,15534,15544,0,12864,12873,0,18375,18384,0,16417,16422,0,,192274,192417,0,1
KP-HQ,469,711,1523,0,905,1636,0,1305,2043,0,2038,2837,0,1916,2634,0,2420,3192,0,2500,3274,0,3186,3946,0,2598,3376,0,2530,3274,0,2416,3182,0,13122,13981,0,,35647,44898,0,1
KP-HQ,47,0,20316,0,0,20505,0,0,20668,0,0,21758,0,0,21219,0,0,21442,0,0,18970,0,0,19563,0,0,14578,0,0,15597,0,0,14653,0,0,14121,0,,0,223390,0,116
KP-HQ,470,60386,60377,0.0001490411684827997,62051,62042,0.00014504198159581705,51354,51353,1.947267983015699e-05,63889,63890,0,26842,26837,0.00018627524029501963,40750,40743,0.00017177914110433345,11484,11482,0.00017415534656917142,15318,15315,0.00019584802193495232,16109,16105,0.00024830839903156043,17766,17766,0,29378,29363,0.0005105861529035582,63790,63783,0.00010973506819245138,,459117,459056,0.0001328637362589813,1
KP-HQ,471,1400,1380,0.014285714285714235,1400,1420,0,1520,1500,0.013157894736842146,1660,1660,0,1600,1600,0,1800,1800,0,1420,1420,0,1640,1640,0,1580,1580,0,1700,1700,0,1820,1820,0,1640,1640,0,,19180,19160,0.0010427528675703845,1
KP-HQ,472,1100,1080,0.018181818181818188,1100,1100,0,1120,1140,0,1320,1300,0.015151515151515138,1240,1220,0.016129032258064502,1380,1400,0,1320,1300,0.015151515151515138,1400,1400,0,1240,1240,0,1120,1120,0,1160,1160,0,1340,1340,0,,14840,14800,0.0026954177897574594,1
KP-HQ,473,12439,12446,0,5519,5523,0,3388,3391,0,11643,11651,0,8907,8915,0,941,943,0,5392,5395,0,13246,13255,0,2977,2980,0,3348,3350,0,11008,11011,0,6163,6168,0,,84971,85028,0,1
KP-HQ,474,17905,11316,0.3679977659871544,10999,11016,0,10747,10761,0,11164,11180,0,12531,12549,0,12662,12673,0,11682,11690,0,10336,10349,0,8023,8034,0,8485,8495,0,13893,13911,0,12738,12751,0,,141165,134725,0.045620373321999086,1
KP-HQ,475,806,807,0,870,870,0,955,956,0,1391,1391,0,1116,1117,0,966,968,0,713,713,0,661,661,0,489,489,0,767,768,0,1408,1409,0,2229,2230,0,,12371,12379,0,1
KP-HQ,476,20888,20880,0.00038299502106475813,19255,19281,0,19645,19674,0,20902,21166,0,19889,19694,0.009804414500477643,20259,20293,0,16731,16761,0,18604,17988,0.033111158890561154,17212,17892,0,17386,17412,0,20153,20179,0,18885,18904,0,,229809,230124,0,1
KP-HQ,477,0,0,,0,0,,0,0,,0,0,,0,0,,0,0,,0,0,,0,0,,0,0,,0,0,,0,0,,0,0,,,0,0,,1
KP-HQ,478,1100,1120,0,1240,1220,0.016129032258064502,1140,1020,0.10526315789473684,1000,1020,0,940,960,0,760,820,0,780,780,0,880,920,0,780,800,0,760,740,0.02631578947368418,820,860,0,1200,1180,0.01666666666666672,,11400,11440,0,1
KP-HQ,479,7520,7520,0,7400,7400,0,7920,7940,0,8220,8220,0,7920,7920,0,9960,9980,0,9020,9020,0,10200,10200,0,8340,8360,0,8520,8480,0.0046948356807511304,12280,12340,0,11120,11140,0,,108420,108520,0,1
KP-HQ,48,0,11249,0,0,10781,0,0,11461,0,0,12663,0,0,11904,0,0,12031,0,0,11336,0,0,11142,0,0,11011,0,0,11055,0,0,11293,0,0,11427,0,,0,137353,0,119
KP-HQ,480,6680,6700,0,6800,6800,0,7180,7180,0,8140,8160,0,6820,6820,0,6700,6700,0,5760,5780,0,6460,6460,0,5740,5760,0,5720,5680,0.006993006993006978,6140,6160,0,5940,5960,0,,78080,78160,0,1
KP-HQ,481,3560,3560,0,3600,3620,0,4740,4060,0.14345991561181437,4640,4640,0,4000,4040,0,4400,4280,0.027272727272727226,3380,3440,0,3900,3920,0,3760,3740,0.005319148936170248,4940,4260,0.13765182186234814,4320,4220,0.02314814814814814,4220,4120,0.023696682464455,,49460,47900,0.031540638900121265,1
KP-HQ,482,3560,3600,0,4080,3980,0.02450980392156865,3540,3580,0,4180,4800,0,5320,4500,0.15413533834586468,4460,4420,0.008968609865470878,4040,4080,0,4940,4800,0.028340080971659964,4520,4460,0.013274336283185861,4660,4640,0.0042918454935622075,4800,4720,0.01666666666666672,4320,4280,0.0092592592592593,,52420,51860,0.010682945440671499,1
KP-HQ,483,2460,2440,0.008130081300813052,2340,2420,0,2460,2460,0,2520,2500,0.007936507936507908,2240,2360,0,2420,2400,0.008264462809917328,1520,1560,0,1900,1960,0,2040,2080,0,2300,2320,0,2380,2420,0,2180,2180,0,,26760,27100,0,1
KP-HQ,484,940,940,0,940,940,0,940,960,0,1180,1200,0,1700,1660,0.02352941176470591,2180,2180,0,2240,2200,0.017857142857142905,2440,2500,0,2720,2720,0,3120,3120,0,2820,2840,0,2520,2500,0.007936507936507908,,23740,23760,0,1
KP-HQ,485,2240,2300,0,2420,2320,0.04132231404958675,2260,2280,0,2780,2800,0,2720,2600,0.044117647058823484,2360,2320,0.016949152542372836,2280,2300,0,2640,2660,0,2740,2600,0.051094890510948954,2780,2760,0.007194244604316502,2780,2740,0.014388489208633115,2540,2520,0.007874015748031482,,30540,30200,0.01113294040602486,1
KP-HQ,486,2950,2951,0,3233,3236,0,3636,3638,0,4301,4306,0,3555,3558,0,3746,3750,0,2896,2897,0,3154,3157,0,2657,2660,0,2689,2691,0,2916,2919,0,2699,2702,0,,38432,38465,0,1
KP-HQ,487,7147,7072,0.010493913530152499,7193,7117,0.010565827888224688,7351,7274,0.010474765338049252,8428,8338,0.01067869008068345,7182,7106,0.010582010582010581,7397,7320,0.010409625523861044,6477,6410,0.010344295198394304,7135,7061,0.010371408549404326,7303,7228,0.010269752156647938,6028,9220,0,8824,5473,0.37975974614687213,6755,6684,0.010510732790525501,,87220,86303,0.01051364365971108,1
KP-HQ,488,722,724,0,755,757,0,809,810,0,884,885,0,837,839,0,874,875,0,759,762,0,908,909,0,878,880,0,932,934,0,869,871,0,872,873,0,,10099,10119,0,1
KP-HQ,489,421,419,0.004750593824228044,395,392,0.0075949367088608,477,473,0.008385744234800874,415,414,0.002409638554216831,407,404,0.0073710073710073765,502,499,0.005976095617529875,477,475,0.004192872117400381,336,334,0.005952380952380931,325,324,0.003076923076923088,397,394,0.007556675062972307,382,380,0.005235602094240788,394,392,0.005076142131979711,,4928,4900,0.005681818181818232,1
KP-HQ,49,0,28979,0,0,25700,0,0,28104,0,0,31652,0,0,30702,0,0,31896,0,0,31641,0,0,29674,0,0,29776,0,0,30091,0,0,31540,0,0,27849,0,,0,357604,0,198
KP-HQ,490,1097,1097,0,1157,1072,0.07346585998271393,1199,1290,0,1359,1364,0,1351,1355,0,1443,1448,0,1183,1186,0,1326,1329,0,1303,1306,0,1411,1415,0,1471,1475,0,1484,1487,0,,15784,15824,0,1
KP-HQ,491,6119,6121,0,5558,5554,0.0007196833393307012,5661,5659,0.0003532944709415675,8602,8597,0.0005812601720530663,9579,9575,0.00041758012318615645,9149,9144,0.0005465078150617142,10256,10255,9.750390015605959e-05,8843,8838,0.0005654189754608074,6867,6867,0,6961,6961,0,6367,6377,0,6249,6236,0.0020803328532564835,,90211,90184,0.00029929831173580723,1
KP-HQ,492,0,8165,0,0,8774,0,0,9618,0,0,10755,0,0,13541,0,0,13634,0,0,10951,0,0,9807,0,0,11047,0,0,10242,0,0,9723,0,181195,10379,0.9427191699550208,,181195,126636,0.3011065426750186,77
KP-HQ,493,0,15452,0,0,16795,0,0,17260,0,0,19831,0,0,20614,0,0,19041,0,0,16240,0,0,18240,0,0,17596,0,0,17304,0,0,19140,0,0,18005,0,,0,215518,0,126
KP-HQ,494,0,36269,0,0,38449,0,0,39887,0,0,37545,0,0,43107,0,0,42746,0,0,38382,0,0,33794,0,0,37093,0,0,35176,0,0,33205,0,0,34476,0,,0,450129,0,169
KP-HQ,495,953,947,0.006295907660020972,1053,1059,0,1183,1184,0,1385,1386,0,1279,1279,0,1164,1164,0,1134,1131,0.002645502645502673,1180,1180,0,1172,1176,0,1202,1189,0.010815307820299491,1092,1106,0,997,998,0,,13794,13799,0,1
KP-HQ,496,11065,11056,0.0008133755083596927,10288,10279,0.0008748055987558567,10957,10947,0.0009126585744273497,13264,13253,0.0008293124246079309,11768,11758,0.0008497620666213512,11001,10991,0.0009090082719752646,9820,9812,0.0008146639511201759,10908,10898,0.000916758342500934,10644,10640,0.00037579857196545774,10873,10859,0.0012875931205739155,11363,11354,0.0007920443544838784,10576,10568,0.0007564296520423675,,132527,132415,0.000845110807608962,1
KP-HQ,497,16349,16311,0.00232430118050031,14836,14878,0,15810,15811,0,18623,18621,0.00010739408258608751,16845,16844,5.9364796675565046e-05,16699,16701,0,15623,15628,0,15319,15323,0,14444,14451,0,14681,14682,0,15076,15086,0,14493,14497,0,,188798,188833,0,1
KP-HQ,498,3207,3206,0.000311817898347333,2294,2293,0.00043591979075852105,3482,3480,0.0005743825387708457,3395,3393,0.000589101620029453,3053,3052,0.0003275466754012468,2583,2581,0.0007742934572202431,2611,2610,0.00038299502106475813,2061,2060,0.00048520135856378044,2367,2366,0.00042247570764686326,2459,2457,0.0008133387555917526,3275,3273,0.000610687022900791,2970,2968,0.0006734006734007147,,33757,33739,0.0005332227389874822,1
KP-HQ,499,0,5443,0,0,4974,0,0,5748,0,0,6193,0,0,6072,0,0,6896,0,0,5683,0,0,5702,0,0,5833,0,0,5678,0,0,5823,0,0,4871,0,,0,68916,0,60
KP-HQ,50,0,19967,0,0,20647,0,0,20503,0,0,22139,0,0,31651,0,0,32111,0,0,28655,0,0,29919,0,0,29544,0,0,29874,0,0,29818,0,0,27813,0,,0,322641,0,257
KP-HQ,500,780,793,0,518,520,0,468,470,0,476,478,0,691,693,0,564,566,0,522,524,0,554,559,0,634,636,0,704,707,0,634,637,0,1081,1085,0,,7626,7668,0,1
KP-HQ,501,204,204,0,0,0,,0,0,,0,0,,0,0,,0,0,,0,0,,0,0,,0,0,,0,0,,0,0,,0,0,,,204,204,0,1
KP-HQ,502,0,1082,0,0,1457,0,0,1517,0,0,1811,0,0,1934,0,0,1094,0,0,1021,0,0,1207,0,0,1045,0,0,899,0,0,940,0,0,990,0,,0,14997,0,8
KP-HQ,503,0,248,0,0,256,0,0,287,0,0,253,0,0,199,0,0,255,0,0,159,0,0,188,0,0,154,0,0,151,0,0,158,0,0,174,0,,0,2482,0,7
KP-HQ,504,0,1108,0,0,1164,0,0,1466,0,0,1699,0,0,1553,0,0,1818,0,0,1529,0,0,1715,0,0,1719,0,0,1548,0,0,1469,0,1428,1406,0.01540616246498594,,1428,18194,0,26
KP-HQ,505,0,7948,0,0,8521,0,0,9615,0,0,10858,0,0,12420,0,0,8915,0,0,8709,0,0,8410,0,0,8959,0,0,9082,0,0,10017,0,0,10946,0,,0,114400,0,57
KP-HQ,506,0,2515,0,0,2524,0,0,2693,0,0,2694,0,0,3211,0,0,3141,0,0,2881,0,0,2637,0,0,3158,0,0,3264,0,0,2976,0,0,3153,0,,0,34847,0,34
KP-HQ,507,0,4279,0,0,4116,0,0,4490,0,0,4478,0,0,4821,0,0,5154,0,0,4839,0,0,4140,0,0,4437,0,0,4400,0,0,4233,0,0,4625,0,,0,54012,0,54
KP-HQ,508,0,2581,0,0,2853,0,0,3331,0,0,3529,0,0,3329,0,0,3494,0,0,2781,0,0,3073,0,0,2882,0,0,3111,0,0,3318,0,0,3350,0,,0,37632,0,36
KP-HQ,509,0,18213,0,0,20806,0,0,19809,0,0,20908,0,0,25472,0,0,23931,0,0,22487,0,0,21532,0,0,21827,0,0,20358,0,0,20788,0,0,22357,0,,0,258488,0,100
KP-HQ,51,0,14298,0,0,15505,0,0,32664,0,0,33994,0,0,34961,0,0,34335,0,0,29985,0,0,31776,0,0,29771,0,0,29995,0,0,30061,0,0,29818,0,,0,347163,0,113
KP-HQ,510,0,209,0,0,246,0,0,237,0,0,286,0,0,292,0,0,274,0,0,193,0,0,223,0,0,224,0,0,183,0,0,255,0,0,264,0,,0,2886,0,3
KP-HQ,511,540190,540300,0,532820,533610,0,621500,621900,0,595460,595840,0,566460,566800,0,704070,704460,0,677080,677410,0,673160,673520,0,708880,709190,0,593340,593590,0,575470,575630,0,660080,660270,0,,7448510,7452520,0,1
KP-HQ,512,964,929,0.036307053941908696,887,850,0.04171364148816237,1075,1028,0.043720930232558186,2206,2118,0.039891205802357166,1427,1389,0.026629292221443612,981,950,0.031600407747196746,1154,1095,0.051126516464471417,924,886,0.04112554112554112,1061,1016,0.04241281809613573,787,771,0.020330368487928796,1261,1262,0,690,690,0,,13417,12984,0.03227249012446898,1
KP-HQ,513,2595,2596,0,8846,8846,0,20710,20710,0,42693,42694,0,65499,65501,0,29993,29998,0,41512,49125,0,51707,11235,0.7827180072330633,12188,12689,0,1557,1925,0,12060,12555,0,22440,23016,0,,311800,280890,0.09913406029506089,1
KP-HQ,514,5841,5824,0.0029104605375791515,3178,3170,0.0025173064820641633,4600,4590,0.0021739130434782483,5305,5288,0.003204524033930234,4478,4465,0.002903081732916535,5335,5319,0.002999062792877205,5376,5360,0.0029761904761904656,6715,6693,0.0032762472077438876,5923,5904,0.0032078338679722984,5398,5383,0.0027788069655427794,5526,5510,0.002895403546869346,5225,5214,0.002105263157894721,,62900,62720,0.002861685214626375,1
KP-HQ,515,13759,13687,0.0052329384402936,12110,12113,0,14957,14944,0.000869158253660518,17350,17337,0.0007492795389049123,12722,12711,0.0008646439239113901,12799,12790,0.0007031799359324964,11883,11875,0.0006732306656568321,13562,13552,0.000737354372511434,12712,12708,0.0003146633102579788,10302,10359,0,16614,16541,0.004393884675574777,17291,17288,0.00017350066508592388,,166061,165905,0.0009394138298577381,1
KP-HQ,516,1946,1946,0,2362,2363,0,2029,2031,0,3302,3303,0,7969,7976,0,7450,7458,0,5145,5150,0,6180,6186,0,5647,5649,0,4787,4790,0,5274,5278,0,4712,4713,0,,56803,56843,0,1
KP-HQ,517,5605,5594,0.001962533452274706,6135,6121,0.002281988590057016,6149,6132,0.002764677183281883,5789,5773,0.0027638624978407744,6563,6542,0.0031997562090507747,6548,6528,0.0030543677458766405,5632,5614,0.003196022727272707,5911,5891,0.003383522246658721,6092,6076,0.0026263952724885353,5152,5136,0.0031055900621117516,6434,6417,0.0026422132421510813,6086,6071,0.0024646730200460487,,72096,71895,0.0027879494007989614,1
KP-HQ,518,0,449,0,0,497,0,0,522,0,0,503,0,0,401,0,0,344,0,0,235,0,0,304,0,0,292,0,0,240,0,0,363,0,0,398,0,,0,4548,0,9
KP-HQ,519,10900,10894,0.0005504587155963359,11764,11759,0.00042502550153011853,13537,13530,0.0005171012779788819,13011,13004,0.0005380063023595616,13225,13218,0.00052930056710776,13378,13373,0.00037374794438627124,10598,10594,0.0003774297037176799,12758,12753,0.0003919109578304214,12086,12080,0.0004964421644878536,11452,11448,0.00034928396786582105,12346,12341,0.0004049894702737866,10073,10068,0.0004963764519011482,,145128,145062,0.00045477096080703827,1
KP-HQ,52,0,13061,0,0,13287,0,0,13814,0,0,15408,0,0,16509,0,0,15497,0,0,13340,0,0,14189,0,0,13609,0,0,14535,0,0,14666,0,0,14403,0,,0,172318,0,121
KP-HQ,520,1540,1553,0,1936,1950,0,2219,2236,0,2525,2542,0,2161,2177,0,2201,2216,0,1940,1953,0,2058,2071,0,2175,2030,0.06666666666666665,2270,2442,0,2594,2611,0,2435,2451,0,,26054,26232,0,1
KP-HQ,521,872,877,0,981,986,0,1217,1224,0,1752,1765,0,1803,1815,0,2012,2026,0,1687,1697,0,1799,1810,0,1873,1885,0,2360,2377,0,2661,2681,0,2964,2987,0,,21981,22130,0,1
KP-HQ,522,298,296,0.006711409395973145,399,395,0.010025062656641603,550,557,0,641,644,0,650,654,0,721,724,0,688,686,0.0029069767441860517,790,795,0,816,819,0,1017,1021,0,1207,1212,0,972,976,0,,8749,8779,0,1
KP-HQ,523,2135,2151,0,2514,2535,0,2602,2622,0,3147,3173,0,2643,2664,0,2516,2536,0,2199,2216,0,2724,2746,0,2589,2612,0,2648,2671,0,2487,2510,0,2407,2426,0,,30611,30862,0,1
KP-HQ,524,1968,1982,0,1648,1649,0,2175,2200,0,1596,1608,0,1668,1679,0,2069,2092,0,1632,1642,0,1892,1911,0,1514,1529,0,1900,1919,0,2393,2416,0,2551,2575,0,,23006,23202,0,1
KP-HQ,525,0,904,0,0,1144,0,0,1121,0,0,1458,0,0,1481,0,0,1808,0,0,1590,0,0,2068,0,0,2540,0,0,2418,0,0,2579,0,2512,2482,0.011942675159235638,,2512,21593,0,42
KP-HQ,526,0,0,,0,0,,0,0,,0,945,0,0,480,0,0,390,0,0,431,0,0,252,0,0,491,0,0,387,0,0,325,0,0,391,0,,0,4092,0,4
KP-HQ,527,0,0,,0,0,,0,0,,0,0,,0,0,,0,0,,0,0,,0,0,,0,0,,0,0,,0,0,,0,0,,,0,0,,0
KP-HQ,528,0,272,0,0,138,0,0,14,0,0,15,0,0,0,,0,0,,0,826,0,0,954,0,0,888,0,0,890,0,0,949,0,0,725,0,,0,5671,0,1
KP-HQ,529,0,2317,0,0,2597,0,0,3063,0,0,3203,0,0,3551,0,0,2114,0,0,2125,0,0,2971,0,0,3280,0,0,2449,0,0,2748,0,0,2543,0,,0,32961,0,9
KP-HQ,53,0,7589,0,0,7668,0,0,7964,0,0,8434,0,0,9117,0,0,8210,0,0,7712,0,0,7878,0,0,8115,0,0,8152,0,0,8390,0,0,7859,0,,0,97088,0,107
KP-HQ,530,0,0,,0,807,0,0,761,0,0,866,0,0,795,0,0,960,0,0,993,0,0,733,0,0,666,0,0,630,0,0,619,0,0,517,0,,0,8347,0,10
KP-HQ,531,0,3912,0,3612,4272,0,4483,5132,0,4120,4718,0,3945,4564,0,5634,6303,0,4632,5246,0,5611,6255,0,6882,7531,0,6083,6720,0,6979,7632,0,7670,8288,0,,59651,70573,0,1
KP-HQ,532,1482,1489,0,1512,1513,0,1729,1746,0,2024,2035,0,1875,1885,0,1855,1865,0,1720,1722,0,1811,1820,0,1770,1775,0,1841,1866,0,1779,1779,0,1611,1634,0,,21009,21129,0,1
KP-HQ,533,2755,2772,0,2176,2189,0,2131,2141,0,2369,2383,0,2141,2152,0,2575,2590,0,2410,2424,0,2442,2442,0,3056,3087,0,3263,3283,0,3110,3128,0,2341,2356,0,,30769,30947,0,1
KP-HQ,534,1230,1224,0.004878048780487809,1296,1306,0,1319,1323,0,1721,1728,0,1436,1442,0,1380,1384,0,1414,1420,0,1507,1513,0,1481,1485,0,1785,1793,0,1298,1302,0,1598,1605,0,,17465,17525,0,1
KP-HQ,535,255,256,0,341,333,0.02346041055718473,466,464,0.0042918454935622075,648,647,0.0015432098765432167,567,567,0,570,569,0.0017543859649122862,454,455,0,690,687,0.004347826086956497,562,561,0.001779359430605032,934,935,0,1096,1098,0,1302,1307,0,,7885,7879,0.0007609384908052741,1
KP-HQ,536,260,259,0.0038461538461538325,988,989,0,611,602,0.014729950900163713,810,811,0,664,662,0.003012048192771122,609,606,0.0049261083743842304,504,499,0.009920634920634885,755,755,0,597,594,0.005025125628140725,511,508,0.005870841487279899,654,652,0.003058103975535187,668,718,0,,7631,7655,0,1
KP-HQ,537,1380,1387,0,1420,1428,0,1432,1441,0,1878,1889,0,1600,1609,0,1785,1797,0,1603,1612,0,1726,1736,0,1565,1574,0,1854,1866,0,1928,1940,0,1633,1644,0,,19804,19923,0,1
KP-HQ,538,208,210,0,369,384,0,294,293,0.003401360544217691,427,426,0.0023419203747072626,397,397,0,536,536,0,534,540,0,629,623,0.009538950715421324,701,703,0,839,842,0,782,792,0,924,921,0.0032467532467532756,,6640,6667,0,1
KP-HQ,539,582,568,0.02405498281786944,577,602,0,698,661,0.05300859598853869,975,967,0.008205128205128198,2603,2597,0.0023050326546292244,1708,1696,0.007025761124121788,1676,1664,0.007159904534606243,1679,1682,0,1777,1751,0.01463140123804163,1218,1208,0.008210180623973717,1621,1609,0.007402837754472591,1836,1822,0.007625272331154731,,16950,16827,0.007256637168141622,1
KP-HQ,54,231010,231000,4.328816934329183e-05,237450,237449,4.211412929056024e-06,221556,221537,8.575709978519974e-05,254430,254412,7.074637424830943e-05,259510,259366,0.000554891911679678,241259,241376,0,236842,236827,6.333336148145463e-05,237220,237206,5.9016946294621064e-05,216887,216873,6.454974249259227e-05,217552,217539,5.9755828491603324e-05,248829,248811,7.23388351036025e-05,229114,229106,3.491711549707954e-05,,2831659,2831502,5.544452916117493e-05,1
KP-HQ,540,0,11541,0,0,15238,0,0,15170,0,0,20190,0,0,18624,0,0,21201,0,0,22633,0,0,17971,0,0,17678,0,0,16697,0,0,17162,0,0,19548,0,,0,213653,0,21
KP-HQ,541,0,0,,0,0,,0,0,,0,0,,27050,26919,0.004842883548983323,6878,6843,0.005088688572259414,6348,6316,0.00504095778197855,6314,6282,0.005068102629078197,5489,5464,0.00455456367280016,6385,6353,0.005011746280344509,7004,6972,0.00456881781838947,9655,9608,0.004867944070429786,,75123,74757,0.004872009903757801,1
KP-HQ,542,7540,7620,0,8340,8060,0.033573141486810565,7740,7760,0,9180,9180,0,8640,8340,0.03472222222222221,8080,8000,0.00990099009900991,7160,7160,0,8140,7980,0.019656019656019708,8020,7920,0.012468827930174564,8020,8000,0.0024937655860348684,8220,8060,0.019464720194647178,7840,7740,0.012755102040816313,,96920,95820,0.011349566652909648,1
KP-HQ,543,10500,10280,0.020952380952380945,6280,6200,0.01273885350318471,6920,6820,0.014450867052023142,7760,7660,0.012886597938144284,5960,6480,0,7640,6920,0.09424083769633507,6020,6060,0,7020,6940,0.01139601139601143,6120,6120,0,6780,6460,0.0471976401179941,6700,6600,0.014925373134328401,6260,6180,0.012779552715655007,,83960,82720,0.01476893758932829,1
KP-HQ,544,5800,5780,0.0034482758620689724,6120,6140,0,6560,6540,0.0030487804878048808,8540,8480,0.007025761124121788,6920,6940,0,6580,6640,0,5780,5760,0.0034602076124568004,5820,5860,0,5340,5340,0,5620,5540,0.014234875444839812,5440,5520,0,5380,5360,0.0037174721189591198,,73900,73900,0,1
KP-HQ,545,0,1255,0,0,1381,0,0,1476,0,0,1628,0,0,1654,0,0,1773,0,0,1539,0,0,1787,0,0,1785,0,0,1704,0,0,3054,0,0,6088,0,,0,25124,0,37
KP-HQ,546,556,563,0,858,863,0,433,437,0,3421,3424,0,4266,4271,0,4051,4058,0,3537,3546,0,4102,4109,0,3909,3915,0,3829,3838,0,3300,3315,0,3763,3787,0,,36025,36126,0,1
KP-HQ,547,2134,2132,0.0009372071227741197,1285,1283,0.0015564202334630295,1578,1578,0,1142,1140,0.0017513134851138146,6767,6761,0.0008866558297621063,62047,62029,0.0002901026641094484,26597,26590,0.00026318757754628663,1579,1576,0.0018999366687777464,36983,36968,0.000405591758375512,4565,4563,0.0004381161007667167,4131,4130,0.00024207213749694034,42493,42477,0.0003765326053702944,,191301,191227,0.0003868249512548605,1
KP-HQ,548,0,0,,0,6638,0,0,7511,0,0,7639,0,0,7841,0,0,6932,0,0,7070,0,0,6461,0,0,6952,0,0,7217,0,0,6732,0,0,6843,0,,0,77836,0,38
KP-HQ,549,0,0,,1847,925,0.4991878722252301,919,911,0.008705114254624613,1254,1273,0,1073,1078,0,1436,1444,0,1117,1118,0,1320,1332,0,1391,1399,0,1637,1648,0,1757,1768,0,1778,1872,0,,15529,14768,0.04900508725610153,1
KP-HQ,55,1560,1530,0.019230769230769273,1320,1290,0.022727272727272707,1440,1440,0,1500,1500,0,1500,1470,0.020000000000000018,360,1650,0,0,1890,0,0,2070,0,0,2370,0,0,1920,0,0,1830,0,0,1680,0,,7680,20640,0,1
KP-HQ,550,0,0,,7560,7460,0.013227513227513255,6580,6520,0.00911854103343468,7940,7840,0.012594458438287104,6120,6040,0.013071895424836555,6300,6220,0.012698412698412653,4440,4400,0.009009009009009028,4800,4740,0.012499999999999956,4020,3980,0.00995024875621886,4120,4040,0.01941747572815533,4320,4440,0,5060,4840,0.04347826086956519,,61260,60520,0.012079660463597763,1
KP-HQ,551,0,0,,3160,3120,0.012658227848101222,2920,2880,0.013698630136986356,7000,6920,0.011428571428571455,6720,6620,0.014880952380952328,7120,7060,0.008426966292134797,5980,5880,0.01672240802675584,6400,6320,0.012499999999999956,5360,5300,0.011194029850746245,5420,5360,0.011070110701106972,5580,5520,0.010752688172043001,5200,5120,0.01538461538461533,,60860,60100,0.012487676634899803,1
KP-HQ,552,0,0,,0,0,,1506,1509,0,761,762,0,0,0,,0,1694,0,16446,8655,0.47373221452024805,2597,10403,0,14934,31795,0,21002,21035,0,19612,19641,0,5511,5525,0,,82369,101019,0,1
KP-HQ,553,0,0,,0,0,,0,0,,41179,41239,0,7439,7454,0,28384,28430,0,136828,137026,0,148404,148628,0,168317,168556,0,61173,61262,0,0,35194,0,123425,88395,0.2838160826412801,,715149,716184,0,1
KP-HQ,554,0,0,,0,0,,1192,1192,0,1958,1958,0,2118,2119,0,2211,2211,0,1748,1748,0,2852,2853,0,17272,17277,0,19520,19526,0,26176,26185,0,23689,23697,0,,98736,98766,0,1
KP-HQ,555,0,0,,0,0,,0,0,,11200,11180,0.0017857142857142794,5480,5460,0.0036496350364964014,5000,5020,0,4380,4460,0,5060,5080,0,5140,5120,0.0038910505836575737,5660,5500,0.028268551236749095,5120,5120,0,4440,4560,0,,51480,51500,0,1
KP-HQ,556,0,0,,0,0,,0,0,,0,10860,0,17820,6860,0.6150392817059483,7060,7020,0.005665722379603388,5860,5840,0.0034129692832765013,6840,6780,0.00877192982456143,5880,5860,0.003401360544217691,6160,6140,0.0032467532467532756,6300,6260,0.006349206349206327,5800,5760,0.006896551724137945,,61720,61380,0.005508749189889861,1
KP-HQ,557,0,0,,0,0,,0,0,,0,14320,0,22898,8557,0.6262992401083064,8724,8719,0.0005731315910132428,8608,8611,0,7389,7372,0.0023007172824468514,7546,7540,0.0007951232441028022,8139,8130,0.0011057869517139274,8223,8216,0.000851270825732664,8037,8030,0.0008709717556302232,,79564,79495,0.0008672263837916638,1
KP-HQ,558,0,0,,0,0,,0,0,,9867,9889,0,7804,8578,0,7251,7583,0,5479,5488,0,4115,4563,0,4510,4335,0.03880266075388028,4322,4322,0,5616,5286,0.058760683760683774,5382,5232,0.027870680044593144,,54346,55276,0,1
KP-HQ,559,0,0,,0,0,,0,0,,0,0,,0,0,,0,0,,0,7262,0,0,6195,0,0,6451,0,0,7331,0,0,6935,0,0,6469,0,,0,40643,0,6
KP-HQ,56,0,7100,0,0,6550,0,0,7050,0,0,7700,0,0,5900,0,0,6650,0,0,6150,0,0,6650,0,0,6350,0,0,6150,0,0,7150,0,0,6450,0,,0,79850,0,1
KP-HQ,560,0,0,,0,0,,0,0,,0,0,,1814,1814,0,888,888,0,965,966,0,1160,1160,0,1054,1054,0,14261,14259,0.0001402426197321116,15489,15488,6.456194718829078e-05,4993,4994,0,,40624,40623,2.461599054748298e-05,1
KP-HQ,561,0,0,,0,0,,0,0,,0,0,,0,5802,0,0,19884,0,0,15576,0,0,12218,0,0,13089,0,0,13092,0,0,13241,0,0,13420,0,,0,106322,0,71
KP-HQ,561,0,0,,0,0,,0,0,,0,0,,0,0,,0,0,,0,0,,0,0,,0,0,,0,2014,0,0,2060,0,0,2215,0,,0,6289,0,10
KP-HQ,562,0,0,,0,0,,0,0,,0,0,,0,0,,0,1513,0,0,31614,0,0,29291,0,0,31614,0,0,25775,0,0,24446,0,0,32390,0,,0,176643,0,105
KP-HQ,563,0,0,,0,0,,0,0,,0,0,,0,0,,0,0,,0,0,,1138,1141,0,506,507,0,500,502,0,537,538,0,527,529,0,,3208,3217,0,1
KP-HQ,564,0,0,,0,0,,0,0,,0,0,,0,0,,0,0,,0,0,,1259,1253,0.004765687053216894,754,751,0.003978779840848823,936,932,0.004273504273504258,970,966,0.004123711340206171,861,859,0.0023228803716608404,,4780,4761,0.00397489539748952,1
KP-HQ,565,0,0,,0,0,,0,0,,0,0,,0,0,,0,0,,0,0,,1173,1169,0.0034100596760443525,1015,1016,0,1219,1224,0,1281,1287,0,1224,1229,0,,5912,5925,0,1
KP-HQ,566,0,0,,0,0,,0,0,,0,0,,0,0,,0,0,,0,0,,245,246,0,540,540,0,247,247,0,540,540,0,1349,1355,0,,2921,2928,0,1
KP-HQ,567,0,0,,0,0,,0,0,,0,0,,0,0,,0,0,,0,0,,2188,26,0.9881170018281535,855,3019,0,1049,1049,0,1291,1292,0,1395,1395,0,,6778,6781,0,1
KP-HQ,568,0,0,,0,0,,0,0,,0,0,,0,0,,0,0,,0,0,,1037,1036,0.0009643201542912649,613,613,0,756,759,0,856,857,0,1066,1060,0.0056285178236398226,,4328,4325,0.0006931608133087241,1
KP-HQ,569,0,0,,0,0,,0,0,,0,0,,0,0,,0,0,,0,0,,12441,12458,0,7349,7359,0,7847,7782,0.008283420415445386,7240,7329,0,6694,6702,0,,41571,41630,0,1
KP-HQ,57,25759,25786,0,24211,24239,0,25861,25893,0,30085,30106,0,26886,26914,0,26453,26461,0,24914,24947,0,26586,26601,0,25869,25891,0,27101,27132,0,27862,27899,0,25382,25418,0,,316969,317287,0,1
KP-HQ,570,0,0,,0,0,,0,0,,0,0,,0,0,,0,0,,0,0,,1040,3178,0,2971,3474,0,15189,16471,0,18092,19087,0,17357,17348,0.0005185227861957964,,54649,59558,0,1
KP-HQ,571,0,0,,0,0,,0,0,,0,0,,0,0,,0,0,,0,0,,323,2015,0,422,1017,0,412,991,0,435,1013,0,326,952,0,,1918,5988,0,1
KP-HQ,572,0,0,,0,0,,0,0,,0,0,,0,0,,0,0,,0,0,,25465,25461,0.0001570783428235245,8813,8813,0,10538,10546,0,6759,6754,0.0007397544015387281,7057,7058,0,,58632,58632,0,1
KP-HQ,573,0,0,,0,0,,0,0,,0,0,,0,0,,0,0,,0,14885,0,0,15976,0,0,15017,0,0,14592,0,0,15830,0,0,13339,0,,0,89639,0,91
KP-HQ,574,0,0,,0,0,,0,0,,0,0,,0,0,,0,0,,0,7297,0,0,6493,0,0,7239,0,0,6814,0,0,7305,0,0,8599,0,,0,43747,0,27
KP-HQ,575,0,0,,0,0,,0,0,,0,0,,0,0,,0,0,,0,31452,0,0,19155,0,0,24807,0,0,24484,0,0,24036,0,0,26322,0,,0,150256,0,94
KP-HQ,576,0,0,,0,0,,0,0,,0,0,,0,0,,0,0,,0,0,,0,4687,0,0,5065,0,0,4309,0,0,4539,0,0,5873,0,,0,24473,0,16
KP-HQ,577,0,0,,0,0,,0,0,,0,0,,0,0,,0,0,,0,0,,0,0,,0,0,,0,0,,30,58,0,207,865,0,,237,923,0,1
KP-HQ,578,0,0,,0,0,,0,0,,0,0,,0,0,,0,0,,0,0,,0,0,,0,0,,3645,3648,0,1106,1106,0,3202,3204,0,,7953,7958,0,1
KP-HQ,579,0,0,,0,0,,0,0,,0,0,,0,0,,0,0,,0,0,,12525,12531,0,7750,7753,0,8438,8440,0,7859,7862,0,6841,6842,0,,43413,43428,0,1
KP-HQ,58,0,11169,0,0,10865,0,0,11149,0,5777,12150,0,5004,10843,0,35373,9227,0.7391513301105364,7367,7322,0.00610832089045743,6716,6697,0.0028290649195950035,6486,6476,0.0015417823003391895,7378,7359,0.002575223637842239,7254,7235,0.002619244554728395,6679,6659,0.0029944602485402205,,88034,107151,0,1
KP-HQ,580,0,0,,0,0,,0,0,,0,0,,0,0,,0,0,,0,0,,0,115,0,954,839,0.1205450733752621,484,483,0.0020661157024793875,523,523,0,470,470,0,,2431,2430,0.00041135335252984184,1
KP-HQ,581,0,0,,0,0,,0,0,,0,0,,0,0,,0,0,,0,0,,1296,1298,0,1472,1473,0,1782,1783,0,1998,2000,0,1679,1675,0.002382370458606342,,8227,8229,0,1
KP-HQ,582,0,0,,0,0,,0,0,,0,0,,0,0,,0,0,,0,0,,144,144,0,67,65,0.02985074626865669,381,384,0,239,238,0.004184100418409997,230,231,0,,1061,1062,0,1
KP-HQ,583,0,0,,0,0,,0,0,,0,0,,0,0,,0,0,,0,0,,33,31,0.06060606060606055,380,384,0,612,618,0,653,661,0,916,929,0,,2594,2623,0,1
KP-HQ,584,0,0,,0,0,,0,0,,0,0,,0,0,,0,0,,0,0,,26,25,0.038461538461538436,76,75,0.013157894736842146,83,81,0.02409638554216864,160,161,0,610,616,0,,955,958,0,1
KP-HQ,585,0,0,,0,0,,0,0,,0,0,,0,0,,0,0,,0,0,,135,136,0,112,111,0.008928571428571397,311,299,0.03858520900321538,165,165,0,137,142,0,,860,853,0.008139534883720878,1
KP-HQ,586,0,0,,0,0,,0,0,,0,0,,0,0,,0,0,,0,0,,174,173,0.005747126436781658,837,839,0,7553,7537,0.0021183635641467413,2367,2376,0,3528,3509,0.005385487528344668,,14459,14434,0.0017290269036586148,1
KP-HQ,587,0,0,,0,0,,0,0,,0,0,,0,0,,0,0,,0,0,,0,0,,35336,38180,0,54885,57670,0,40261,41560,0,39316,41010,0,,169798,178420,0,1
KP-HQ,588,0,0,,0,0,,0,0,,0,0,,0,0,,0,0,,0,0,,0,0,,3976,5180,0,5609,3930,0.2993403458727045,5870,13820,0,671695,680620,0,,687150,703550,0,1
KP-HQ,589,0,0,,0,0,,0,0,,0,0,,0,0,,0,0,,0,0,,0,0,,4194,4189,0.001192179303767249,5036,5031,0.0009928514694201862,5231,5225,0.0011470082202256204,4969,4964,0.0010062386798148637,,19430,19409,0.0010808028821410742,1
KP-HQ,59,7590,7710,0,7770,7830,0,9150,9210,0,9840,9960,0,9510,9570,0,8760,8850,0,7170,7260,0,7650,7680,0,6810,6930,0,7320,7380,0,7560,7620,0,6960,7020,0,,96090,97020,0,1
KP-HQ,590,0,0,,0,0,,0,0,,0,0,,0,0,,0,0,,0,0,,0,0,,0,9876,0,0,10148,0,0,10780,0,15209,13074,0.14037740811361699,,15209,43878,0,86
KP-HQ,591,0,0,,0,0,,0,0,,0,0,,0,0,,0,0,,0,0,,0,0,,0,0,,0,0,,0,0,,0,0,,,0,0,,0
KP-HQ,592,0,0,,0,0,,0,0,,0,0,,0,0,,0,0,,0,0,,0,0,,0,0,,0,544,0,0,454,0,0,471,0,,0,1469,0,9
KP-HQ,594,0,0,,0,0,,0,0,,0,0,,0,0,,0,0,,0,0,,0,0,,0,0,,0,0,,200,200,0,330,330,0,,530,530,0,1
KP-HQ,595,0,0,,0,0,,0,0,,0,0,,0,0,,0,0,,0,0,,0,0,,0,0,,0,0,,0,0,,248,250,0,,248,250,0,1
KP-HQ,596,0,0,,0,0,,0,0,,0,0,,0,0,,0,0,,0,0,,0,0,,0,0,,0,0,,0,1,0,23,21,0.08695652173913049,,23,22,0.04347826086956519,1
KP-HQ,597,0,0,,0,0,,0,0,,0,0,,0,0,,0,0,,0,0,,0,0,,0,0,,0,0,,0,635,0,1727,1089,0.3694267515923567,,1727,1724,0.0017371163867979655,1
KP-HQ,598,0,0,,0,0,,0,0,,0,0,,0,0,,0,0,,0,0,,0,0,,0,0,,0,0,,905,902,0.0033149171270717703,1161,1158,0.0025839793281653423,,2066,2060,0.0029041626331074433,1
KP-HQ,599,0,0,,0,0,,0,0,,0,0,,0,0,,0,0,,0,0,,0,0,,0,0,,0,0,,1057,1057,0,640,642,0,,1697,1699,0,1
KP-HQ,60,8087,5933,0.2663534067021145,5175,5208,0,5415,5450,0,6593,6654,0,6179,6229,0,5468,5508,0,4794,4835,0,4845,4882,0,4826,4863,0,5254,5296,0,5917,5957,0,6216,5637,0.09314671814671815,,68769,66452,0.03369250679812119,1
KP-HQ,600,0,0,,0,0,,0,0,,0,0,,0,0,,0,0,,0,0,,0,0,,0,0,,0,0,,26,26,0,45,44,0.022222222222222254,,71,70,0.014084507042253502,1
KP-HQ,602,0,0,,0,0,,0,0,,0,0,,0,0,,0,0,,0,0,,0,0,,0,0,,0,0,,0,0,,0,0,,,0,0,,1
KP-HQ,603,0,0,,0,0,,0,0,,0,0,,0,0,,0,0,,0,0,,0,0,,0,0,,0,0,,0,0,,28687,28709,0,,28687,28709,0,1
KP-HQ,604,0,0,,0,0,,0,0,,0,0,,0,0,,0,0,,0,0,,0,0,,0,0,,0,0,,0,0,,10921,10938,0,,10921,10938,0,1
KP-HQ,61,37185,37180,0.0001344628210300236,36758,36753,0.0001360248109255613,37764,37758,0.0001588814744201139,42994,42988,0.0001395543564218782,38668,38661,0.00018102824040555632,36375,36370,0.00013745704467349462,33784,33778,0.0001775988633673231,34937,34931,0.00017173769928724436,33645,33640,0.00014861049190073583,35641,35635,0.00016834544485289094,38956,38949,0.0001796899065612534,38039,38034,0.00013144404427034573,,444746,444677,0.0001551447342977852,1
KP-HQ,62,0,36340,0,0,37473,0,0,39698,0,0,45084,0,0,47280,0,0,49121,0,0,27572,0,0,29323,0,0,28693,0,0,28999,0,0,28727,0,0,23328,0,,0,421638,0,162
KP-HQ,63,0,0,,0,0,,0,0,,0,0,,0,0,,0,0,,0,0,,0,0,,0,0,,0,0,,0,0,,0,0,,,0,0,,0
KP-HQ,64,33702,33613,0.002640792831285932,34970,34872,0.0028024020589075826,34522,34431,0.0026360002317362685,43263,43146,0.0027043894320781803,44093,43976,0.002653482412174224,36357,36260,0.002667986907610609,28262,28185,0.0027245064043591727,32825,32738,0.002650418888042627,28333,28255,0.002752973564394856,24991,24926,0.002600936337081361,32008,31924,0.002624343914021443,28212,28136,0.0026938891251949704,,401538,400462,0.002679696566701084,1
KP-HQ,65,15719,15672,0.0029900120872828895,9211,9183,0.003039843665182951,8368,8343,0.0029875717017208148,16094,16045,0.0030446128992170918,16564,16516,0.0028978507606858273,17567,17513,0.0030739454659304277,15106,15058,0.0031775453462200565,15171,15124,0.003098015951486399,18763,18703,0.0031977828705430644,13537,13494,0.0031764792790131002,13870,13827,0.0031002162941600186,19896,19834,0.0031162042621633024,,179866,179312,0.003080070719313266,1
KP-HQ,66,0,2995,0,0,3150,0,0,3018,0,0,3145,0,0,3447,0,0,3216,0,0,2709,0,0,2684,0,0,2510,0,0,2488,0,0,2768,0,0,3004,0,,0,35134,0,1
KP-HQ,67,0,35921,0,0,31150,0,0,39305,0,0,37516,0,0,51525,0,0,47937,0,0,46438,0,0,39871,0,0,43580,0,0,42033,0,0,36182,0,0,40543,0,,0,492001,0,191
KP-HQ,68,59097,60685,0,34939,36140,0,73183,74989,0,64938,66593,0,76120,78041,0,82218,84243,0,68824,70554,0,73061,74850,0,74352,76269,0,64660,66401,0,79005,81016,0,75565,77444,0,,825962,847225,0,1
KP-HQ,69,28632,28750,0,30527,30655,0,30867,30995,0,31158,31287,0,29392,29514,0,29520,29644,0,27698,27820,0,28525,28648,0,25087,25195,0,22948,23045,0,23864,23964,0,28949,29072,0,,337167,338589,0,1
KP-HQ,70,6784,8083,0,9571,10746,0,7128,8271,0,7609,8838,0,6249,7420,0,6999,8232,0,7628,8845,0,7113,8321,0,6001,7293,0,7085,8372,0,6543,7828,0,7303,8541,0,,86013,100790,0,1
KP-HQ,71,4014,4007,0.0017438963627304238,3240,3234,0.0018518518518518823,3837,3830,0.0018243419338024314,4948,4940,0.0016168148746968924,4765,4757,0.0016789087093389554,5875,5864,0.0018723404255318599,4408,4401,0.0015880217785844142,4423,4414,0.0020348179968346924,4202,4196,0.0014278914802474674,4068,4061,0.0017207472959684944,3926,3919,0.001782985226693845,3766,3760,0.0015932023366967973,,51472,51383,0.0017290954305253514,1
KP-HQ,72,0,0,,0,0,,0,0,,0,0,,0,0,,0,0,,0,0,,0,0,,0,0,,0,0,,0,0,,0,0,,,0,0,,0
KP-HQ,73,0,63198,0,0,66088,0,0,70174,0,0,68316,0,0,78490,0,0,79441,0,0,66658,0,0,63424,0,0,68525,0,0,68074,0,0,59430,0,0,66663,0,,0,818481,0,179
KP-HQ,74,0,9769,0,0,9866,0,0,10207,0,0,10539,0,0,11470,0,0,10171,0,0,9313,0,0,10057,0,0,10034,0,0,9607,0,0,10328,0,0,10355,0,,0,121716,0,54
KP-HQ,75,0,19942,0,0,14862,0,0,16476,0,0,17510,0,0,18882,0,0,16540,0,0,16453,0,0,15554,0,0,15865,0,0,16119,0,0,13988,0,0,18267,0,,0,200458,0,113
KP-HQ,76,0,0,,0,0,,0,0,,0,0,,0,0,,0,0,,0,0,,0,0,,0,0,,0,0,,0,0,,0,0,,,0,0,,1
KP-HQ,77,397340,398850,0,357550,358840,0,366190,367530,0,372550,373890,0,389250,390660,0,402740,404200,0,425950,427510,0,427520,429070,0,416440,418070,0,447220,448930,0,715110,717760,0,923560,926950,0,,5641420,5662260,0,1
KP-HQ,78,0,0,,0,0,,0,0,,0,0,,0,0,,0,0,,0,0,,0,0,,0,0,,0,0,,0,0,,0,0,,,0,0,,0
KP-HQ,79,22006,21960,0.0020903389984550103,16128,16093,0.0021701388888888395,29307,29244,0.002149657078513667,38524,38444,0.0020766275568476766,47336,47239,0.002049180327868827,52896,52781,0.0021740774349667813,49028,48916,0.0022844089091947906,33123,33055,0.002052954140627339,32799,32725,0.0022561663465349158,20057,20014,0.002143889913745811,28907,28846,0.0021102155187324723,24245,24192,0.002186017735615553,,394356,393509,0.0021478055361146,1
KP-HQ,80,0,19994,0,0,33734,0,0,45064,0,0,47112,0,0,61872,0,0,19651,0,0,20085,0,0,8850,0,0,8692,0,0,7689,0,0,8535,0,0,11617,0,,0,292895,0,69
KP-HQ,81,231316,231072,0.0010548340797869038,233028,232775,0.001085706438711198,246164,245897,0.0010846427584861873,284231,284084,0.0005171849657497063,253097,252960,0.0005412944444225243,246107,245943,0.000666376819838499,203596,203476,0.0005894025422896743,228083,227947,0.000596274163352839,211712,211550,0.0007651904474001991,211682,211559,0.0005810602696497691,227490,227355,0.0005934326783595401,209513,209385,0.0006109406098905312,,2786019,2784003,0.0007236131555455882,1
KP-HQ,82,197850,197830,0.00010108668182962077,230280,230230,0.00021712697585551943,210000,209970,0.00014285714285711126,184030,184000,0.00016301689941855546,175310,175280,0.0001711254349437974,205020,205000,9.755145839429602e-05,237520,237480,0.00016840687100028173,144670,144640,0.00020736849381353117,157160,157130,0.00019088826673452353,122170,122140,0.0002455594663174354,249710,249680,0.00012013936165955474,237910,237880,0.00012609810432517854,,2351630,2351260,0.00015733767642023277,1
KP-HQ,83,95030,94788,0.002546564242870697,61036,60878,0.002588636214692963,112098,111787,0.0027743581509036552,112280,111989,0.002591734948343416,114363,114056,0.002684434651067269,130816,130465,0.0026831580234834007,119613,96141,0.19623285094429532,131848,91851,0.3033568958194285,158515,222023,0,110933,110934,0,149095,149165,0,153046,153079,0,,1448673,1447156,0.0010471652332859627,1
KP-HQ,84,0,6462,0,0,6650,0,0,6507,0,0,7270,0,0,6892,0,0,6815,0,0,6049,0,0,6294,0,0,6689,0,0,6312,0,0,6748,0,0,6497,0,,0,79185,0,75
KP-HQ,85,0,25834,0,0,27062,0,0,26966,0,0,30587,0,0,30461,0,0,31150,0,0,26310,0,0,28884,0,0,29451,0,0,26186,0,0,28351,0,0,26986,0,,0,338228,0,258
KP-HQ,86,0,16578,0,0,17185,0,0,16663,0,0,19764,0,0,18609,0,0,19331,0,0,16734,0,0,18229,0,0,18484,0,0,17309,0,0,18205,0,0,17617,0,,0,214708,0,196
KP-HQ,87,0,19668,0,0,20562,0,0,20296,0,0,22941,0,0,21966,0,0,22041,0,0,18609,0,0,20332,0,0,21349,0,0,20464,0,0,21240,0,0,19823,0,,0,249291,0,274
KP-HQ,88,0,17085,0,0,17727,0,0,16800,0,0,20555,0,0,19235,0,0,20037,0,0,18734,0,0,19848,0,0,19831,0,0,18153,0,0,19238,0,0,17706,0,,0,224949,0,193
KP-HQ,89,0,33043,0,0,34396,0,0,36831,0,0,37177,0,0,37145,0,0,39847,0,0,33020,0,0,38327,0,0,36917,0,0,37052,0,0,39421,0,37766,36657,0.029365037335169153,,37766,439833,0,318
KP-HQ,90,0,12916,0,0,13883,0,0,14712,0,0,16022,0,0,15888,0,0,15720,0,0,13597,0,0,14811,0,0,14354,0,0,14588,0,0,16178,0,0,13937,0,,0,176606,0,103
KP-HQ,91,0,8524,0,0,9224,0,0,9894,0,0,10654,0,0,9849,0,0,10089,0,0,9571,0,0,10157,0,0,9279,0,0,9766,0,0,10406,0,0,8603,0,,0,116016,0,54
KP-HQ,92,0,54363,0,0,54922,0,0,52724,0,0,57384,0,0,63058,0,0,53430,0,0,50367,0,0,45974,0,0,48776,0,0,40632,0,0,44684,0,0,44925,0,,0,611239,0,197
KP-HQ,93,0,31862,0,0,31590,0,0,34648,0,0,34077,0,0,40372,0,0,40850,0,0,33946,0,0,32351,0,0,35764,0,0,36775,0,0,31177,0,0,35558,0,,0,418970,0,164
KP-HQ,94,0,17392,0,0,16033,0,0,16565,0,0,21737,0,0,20096,0,0,23050,0,0,21013,0,0,18935,0,0,17623,0,0,20224,0,0,21555,0,0,18694,0,,0,232917,0,145
KP-HQ,95,0,10688,0,0,10444,0,0,10637,0,0,12359,0,0,12969,0,0,11882,0,0,11555,0,0,10792,0,0,14438,0,0,15306,0,0,16590,0,0,15279,0,,0,152939,0,166
KP-HQ,96,0,20747,0,0,19459,0,0,19914,0,0,22931,0,0,22773,0,0,22955,0,0,22624,0,0,21437,0,0,20645,0,0,18863,0,0,18076,0,0,16696,0,,0,247120,0,120
KP-HQ,97,0,0,,0,0,,0,0,,0,0,,0,0,,0,0,,0,0,,0,0,,0,0,,0,0,,0,0,,0,0,,,0,0,,0
KP-HQ,98,2567,2615,0,2439,1780,0.2701927019270193,2248,2239,0.0040035587188611554,1919,1914,0.002605523710265789,2233,2226,0.0031347962382445305,3206,3196,0.003119151590767366,2872,2862,0.0034818941504177747,1927,1929,0,2865,2849,0.005584642233856907,1994,1988,0.0030090270812437314,1565,1563,0.0012779552715654896,1792,1788,0.0022321428571429047,,27627,26949,0.02454120968617657,1
KP-HQ,99,0,7213,0,0,7670,0,0,8420,0,0,8139,0,0,8458,0,0,8413,0,0,7406,0,0,8042,0,0,7777,0,0,7835,0,0,8680,0,0,7035,0,,0,95088,0,101
KP-KT,F01,0,0,,0,0,,0,0,,0,0,,0,0,,0,0,,0,0,,0,0,,0,0,,0,0,,0,0,,0,0,,,0,0,,0
KP-KT,P01,0,97893,0,0,105454,0,0,108322,0,0,129226,0,0,123270,0,0,126563,0,0,110141,0,0,119204,0,0,116174,0,0,122955,0,0,118627,0,0,110518,0,,0,1388347,0,308
KP-KT,P02,0,68070,0,0,79719,0,0,79036,0,0,97596,0,0,90273,0,0,91348,0,0,76902,0,0,84233,0,0,76570,0,0,88440,0,0,84347,0,0,72648,0,,0,989182,0,266
KP-KT,P03,0,24029,0,0,26566,0,0,26750,0,0,28546,0,0,36721,0,0,32905,0,0,29218,0,0,27954,0,0,30116,0,0,32033,0,0,29814,0,0,27909,0,,0,352561,0,159
KP-KT,P04,0,15835,0,0,16941,0,0,17103,0,0,16910,0,0,22033,0,0,19146,0,0,17850,0,0,17615,0,0,16446,0,0,17537,0,0,15552,0,0,15051,0,,0,208019,0,94
KP-KT,P05,0,7407,0,0,8313,0,0,7698,0,0,7756,0,0,9766,0,0,8827,0,0,8721,0,0,7785,0,0,8008,0,0,8939,0,0,7846,0,0,7575,0,,0,98641,0,69
KP-KT,P06,0,34271,0,0,35016,0,0,36319,0,0,44446,0,0,41419,0,0,42997,0,0,36033,0,0,34291,0,0,37204,0,0,37604,0,0,34397,0,0,35361,0,,0,449358,0,289
KP-KT,P07,0,39905,0,0,39844,0,0,40545,0,0,49097,0,0,44538,0,0,49480,0,0,41795,0,0,39210,0,0,43489,0,0,41447,0,0,38062,0,0,38150,0,,0,505562,0,211
KP-KT,P08,0,160510,0,0,165745,0,0,172156,0,0,171833,0,0,208988,0,0,207552,0,0,122931,0,0,109841,0,0,122796,0,0,121899,0,0,117659,0,0,110508,0,,0,1792418,0,420
KP-KT,P09,0,75025,0,0,81619,0,0,80176,0,0,80567,0,0,102645,0,0,101485,0,0,90510,0,0,83876,0,0,88492,0,0,89848,0,0,81678,0,0,81815,0,,0,1037736,0,297
KP-KT,P10,0,29672,0,0,29817,0,0,33865,0,0,32640,0,0,42384,0,0,40713,0,0,34212,0,0,32581,0,0,33293,0,0,32854,0,0,32193,0,0,31017,0,,0,405241,0,192
KP-KT,P100,0,6067,0,0,6544,0,0,6645,0,0,8162,0,0,7261,0,0,7836,0,0,6742,0,0,7246,0,0,6697,0,0,6950,0,0,7110,0,0,6577,0,,0,83837,0,51
KP-KT,P101,4360,4361,0,4634,4599,0.007552870090634434,4947,4981,0,5194,5194,0,4974,4971,0.0006031363088058184,5711,5708,0.0005253020486779558,4671,4662,0.0019267822736031004,5368,5366,0.00037257824143066554,5542,5535,0.0012630819198845566,4878,4894,0,5140,5153,0,3800,3796,0.001052631578947416,,59219,59220,0,1
KP-KT,P102,0,87494,0,0,98928,0,0,102138,0,0,121895,0,0,115594,0,0,119609,0,0,99745,0,0,110952,0,0,104406,0,0,118203,0,0,112066,0,0,100794,0,,0,1291824,0,306
KP-KT,P103,244724,247313,0,259212,262024,0,274433,278214,0,367642,371343,0,380431,383784,0,422708,426586,0,420125,423461,0,528991,535190,0,568938,577340,0,662393,669740,0,622303,631360,0,525698,531700,0,,5277598,5338055,0,1
KP-KT,P104,208396,211642,0,226000,229360,0,203706,208725,0,285951,290555,0,290648,295253,0,288744,292728,0,253313,257382,0,283854,288467,0,295413,300641,0,177909,180515,0,187079,190527,0,180481,183824,0,,2881494,2929619,0,1
KP-KT,P105,0,5336,0,0,5819,0,0,7262,0,0,7704,0,0,7259,0,0,7327,0,0,6245,0,0,6840,0,0,6273,0,0,6619,0,0,6603,0,0,6123,0,,0,79410,0,35
KP-KT,P106,0,865,0,0,989,0,0,1177,0,0,1166,0,0,1451,0,0,1286,0,0,2056,0,0,2611,0,0,2234,0,0,2194,0,0,2107,0,0,2419,0,,0,20555,0,36
KP-KT,P107,0,749,0,0,867,0,0,912,0,0,884,0,0,1207,0,0,1047,0,0,1005,0,0,952,0,0,1007,0,0,1286,0,0,1119,0,0,1250,0,,0,12285,0,25
KP-KT,P108,7537,7548,0,7482,7401,0.010825982357658415,7439,7530,0,8521,8544,0,7543,7514,0.003844624154845544,8321,8356,0,7183,7308,0,7792,7599,0.024768993839835773,7514,7509,0.0006654245408570514,6635,6675,0,7108,7087,0.0029544175576814435,6754,6731,0.003405389398874692,,89829,89802,0.00030057108506165164,1
KP-KT,P109,0,9894,0,0,10009,0,0,10010,0,0,11273,0,0,10322,0,0,11534,0,0,9997,0,0,11283,0,0,10463,0,0,11118,0,0,11461,0,0,14078,0,,0,131442,0,41
KP-KT,P11,0,12823,0,0,12948,0,0,13986,0,0,13199,0,0,17195,0,0,15894,0,0,13423,0,0,12951,0,0,13548,0,0,13925,0,0,13557,0,0,12545,0,,0,165994,0,117
KP-KT,P110,0,10488,0,0,11010,0,0,10776,0,0,10225,0,0,13736,0,0,12909,0,0,11047,0,0,10422,0,0,11744,0,0,11887,0,0,11019,0,0,11654,0,,0,136917,0,97
KP-KT,P111,0,6994,0,0,7169,0,0,7468,0,0,7049,0,0,8504,0,0,7908,0,0,7843,0,0,8296,0,0,9103,0,0,10467,0,0,9508,0,0,8891,0,,0,99200,0,53
KP-KT,P112,0,7226,0,0,7892,0,0,7921,0,0,7659,0,0,9291,0,0,8611,0,0,8009,0,0,7862,0,0,8020,0,0,8557,0,0,7886,0,0,7383,0,,0,96317,0,56
KP-KT,P113,0,0,,0,0,,0,0,,359,360,0,166,164,0.012048192771084376,1413,1420,0,1441,1444,0,15761,15734,0.0017130892709853462,27270,27286,0,29517,29554,0,31600,31684,0,26627,26607,0.000751117286964309,,134154,134253,0,1
KP-KT,P114,0,0,,0,0,,0,0,,0,0,,0,0,,380005,385192,0,253262,256410,0,307175,310728,0,286149,290260,0,285517,289077,0,281132,285150,0,240138,242790,0,,2033378,2059607,0,1
KP-KT,P115,0,0,,0,0,,0,0,,0,0,,0,0,,0,0,,0,53902,0,0,49230,0,0,56543,0,0,54974,0,0,54072,0,0,51470,0,,0,320191,0,252
KP-KT,P116,0,0,,0,0,,0,0,,0,0,,0,0,,0,0,,0,0,,137157,140001,0,126485,128798,0,132355,134847,0,151477,154226,0,148010,150608,0,,695484,708480,0,1
KP-KT,P117,0,0,,0,0,,0,0,,0,0,,0,0,,0,0,,0,0,,0,0,,7820,9714,0,103913,106660,0,113324,116263,0,127153,130267,0,,352210,362904,0,1
KP-KT,P12,0,7655,0,0,8458,0,0,8773,0,0,10359,0,0,9081,0,0,9020,0,0,7906,0,0,8725,0,0,8255,0,0,8700,0,0,8544,0,0,7924,0,,0,103400,0,65
KP-KT,P13,0,22977,0,0,36264,0,0,40232,0,0,41194,0,0,29198,0,0,14128,0,0,20010,0,0,17911,0,0,21665,0,0,20674,0,0,24650,0,0,28733,0,,0,317636,0,41
KP-KT,P14,0,29230,0,0,30774,0,0,31956,0,0,36642,0,0,35135,0,0,38726,0,0,37583,0,0,41035,0,0,37400,0,0,39789,0,0,37491,0,0,31358,0,,0,427119,0,178
KP-KT,P15,0,6753,0,0,6918,0,0,7301,0,0,7946,0,0,7005,0,0,7461,0,0,6252,0,0,7021,0,0,6783,0,0,7678,0,0,7433,0,0,6586,0,,0,85137,0,73
KP-KT,P16,0,7950,0,0,7860,0,0,5400,0,0,9570,0,0,11700,0,0,4830,0,0,0,,0,0,,0,0,,0,0,,0,0,,0,0,,,0,47310,0,1
KP-KT,P17,0,28526,0,0,29919,0,0,26965,0,0,14257,0,0,7640,0,0,9854,0,0,15851,0,0,27181,0,0,26677,0,0,30199,0,0,29029,0,0,31385,0,,0,277483,0,1
KP-KT,P18,0,15515,0,0,15604,0,0,16687,0,0,15496,0,0,19405,0,0,19319,0,0,15820,0,0,14946,0,0,16660,0,0,16900,0,0,17089,0,0,15477,0,,0,198918,0,180
KP-KT,P19,0,16070,0,0,16870,0,0,17077,0,0,16088,0,0,20694,0,0,18089,0,0,16566,0,0,16137,0,0,16462,0,0,17615,0,0,15875,0,0,15850,0,,0,203393,0,164
KP-KT,P20,0,7290,0,0,8010,0,0,7080,0,0,7290,0,0,6600,0,0,4890,0,0,5730,0,0,7080,0,0,6480,0,0,6750,0,0,5250,0,0,4230,0,,0,76680,0,1
KP-KT,P21,0,0,,0,0,,0,0,,0,0,,0,0,,0,0,,0,0,,0,0,,0,0,,0,0,,0,0,,0,0,,,0,0,,1
KP-KT,P22,0,0,,0,0,,193164,198674,0,122063,124451,0,139197,141675,0,166090,169242,0,166289,169385,0,191253,194631,0,196791,200982,0,194804,197864,0,202253,205814,0,191827,194951,0,,1763731,1797669,0,1
KP-KT,P23,0,5500,0,0,5752,0,0,5415,0,0,5410,0,0,6609,0,0,6155,0,0,5763,0,0,5625,0,0,6045,0,0,6037,0,0,5722,0,0,6333,0,,0,70366,0,69
KP-KT,P24,0,60,0,0,120,0,0,60,0,0,60,0,0,60,0,0,240,0,0,180,0,0,120,0,0,180,0,0,120,0,0,240,0,0,60,0,,0,1500,0,1
KP-KT,P25,0,46268,0,0,49394,0,0,50490,0,0,47001,0,0,60571,0,0,56326,0,0,49250,0,0,46436,0,0,46866,0,0,46734,0,0,49209,0,0,48702,0,,0,597247,0,162
KP-KT,P26,0,6086,0,0,6108,0,0,6180,0,0,6074,0,0,7384,0,0,6595,0,0,6217,0,0,6092,0,0,6669,0,0,7035,0,0,6560,0,0,7016,0,,0,78016,0,93
KP-KT,P27,0,12869,0,0,12649,0,0,12650,0,0,12507,0,0,15249,0,0,13052,0,0,12790,0,0,12365,0,0,13675,0,0,14558,0,0,13369,0,0,14496,0,,0,160229,0,177
KP-KT,P28,0,0,,0,0,,0,0,,2375,2310,0.027368421052631597,3,3,0,687,668,0.027656477438136817,0,0,,0,0,,0,0,,0,0,,235,229,0.025531914893617058,0,0,,,3300,3210,0.027272727272727226,1
KP-KT,P29,0,11193,0,0,11699,0,0,12256,0,0,14219,0,0,15017,0,0,14867,0,0,12292,0,0,14259,0,0,12416,0,0,12856,0,0,13121,0,0,10378,0,,0,154573,0,7
KP-KT,P30,0,12783,0,0,13794,0,0,13435,0,0,13034,0,0,16540,0,0,14689,0,0,13497,0,0,14183,0,0,13989,0,0,15297,0,0,13556,0,0,13804,0,,0,168601,0,192
KP-KT,P31,0,11601,0,0,12548,0,0,12063,0,0,11488,0,0,15087,0,0,13562,0,0,11983,0,0,12302,0,0,12504,0,0,13613,0,0,11691,0,0,11865,0,,0,150307,0,142
KP-KT,P32,0,54032,0,0,45051,0,0,34447,0,0,42998,0,0,55461,0,0,53102,0,0,63013,0,0,54055,0,0,63850,0,0,47659,0,0,47026,0,0,49716,0,,0,610410,0,1
KP-KT,P33,0,420,0,0,0,,0,0,,0,11000,0,0,3630,0,0,6140,0,0,6070,0,0,13940,0,0,6210,0,0,213100,0,0,5880,0,0,6140,0,,0,272530,0,1
KP-KT,P34,0,11147,0,0,12624,0,0,12345,0,0,14461,0,0,12758,0,0,13894,0,0,11170,0,0,11868,0,0,11364,0,0,12898,0,0,11628,0,0,11145,0,,0,147302,0,162
KP-KT,P35,0,7646,0,0,8667,0,0,8573,0,0,9857,0,0,8892,0,0,9819,0,0,7887,0,0,8772,0,0,8221,0,0,9543,0,0,8406,0,0,7604,0,,0,103887,0,66
KP-KT,P36,0,2436,0,0,2437,0,0,2345,0,0,2162,0,0,2434,0,0,2341,0,0,2114,0,0,2129,0,0,1679,0,0,1571,0,0,1850,0,0,1629,0,,0,25127,0,1
KP-KT,P37,0,312516,0,0,329841,0,0,340026,0,0,441846,0,0,404829,0,0,350767,0,0,275339,0,0,302982,0,0,263278,0,0,290801,0,0,287872,0,440050,247960,0.4365185774343825,,440050,3848057,0,1
KP-KT,P38,0,24673,0,0,23385,0,0,26781,0,0,23399,0,0,31795,0,0,32676,0,0,29053,0,0,24797,0,0,26709,0,0,25990,0,0,24059,0,0,24357,0,,0,317674,0,107
KP-KT,P39,0,14807,0,0,14818,0,0,16301,0,0,15564,0,0,20635,0,0,18392,0,0,15460,0,0,14757,0,0,15858,0,0,16232,0,0,15142,0,0,14683,0,,0,192649,0,137
KP-KT,P40,0,22212,0,0,23631,0,0,25130,0,0,24263,0,0,30291,0,0,28570,0,0,23819,0,0,22179,0,0,24090,0,0,25308,0,0,23224,0,0,22534,0,,0,295251,0,205
KP-KT,P41,0,18409,0,0,19116,0,0,20424,0,0,23388,0,0,22701,0,0,24062,0,0,19254,0,0,19040,0,0,20744,0,0,21130,0,0,21499,0,0,20314,0,,0,250081,0,134
KP-KT,P42,0,34779,0,0,37318,0,0,39946,0,0,55672,0,0,51120,0,0,53090,0,0,40614,0,0,41049,0,0,42920,0,0,42002,0,0,37369,0,0,33244,0,,0,509123,0,150
KP-KT,P43,0,26093,0,0,28701,0,0,30011,0,0,36025,0,0,30795,0,0,39232,0,0,29674,0,0,31031,0,0,29834,0,0,31995,0,0,31128,0,0,28050,0,,0,372569,0,237
KP-KT,P44,0,33984,0,0,33835,0,0,35170,0,0,32594,0,0,40954,0,0,39321,0,0,34063,0,0,33094,0,0,35400,0,0,35225,0,0,33720,0,0,31988,0,,0,419348,0,336
KP-KT,P45,0,10020,0,0,11001,0,0,11114,0,0,12574,0,0,11122,0,0,12113,0,0,9819,0,0,11140,0,0,10622,0,0,12205,0,0,11173,0,0,10306,0,,0,133209,0,146
KP-KT,P46,0,8077,0,0,9149,0,0,9455,0,0,11076,0,0,9572,0,0,10671,0,0,8823,0,0,9680,0,0,9197,0,0,10504,0,0,9638,0,0,8751,0,,0,114593,0,110
KP-KT,P47,0,9237,0,0,9771,0,0,9977,0,0,9339,0,0,12468,0,0,10952,0,0,9768,0,0,8994,0,0,9716,0,0,10351,0,0,9101,0,0,9145,0,,0,118819,0,104
KP-KT,P48,0,3587,0,0,3959,0,0,3902,0,0,3763,0,0,4822,0,0,4239,0,0,3766,0,0,3623,0,0,3789,0,0,4320,0,0,3780,0,0,3785,0,,0,47335,0,51
KP-KT,P49,0,19914,0,0,21867,0,0,22330,0,0,21841,0,0,28709,0,0,23643,0,0,20619,0,0,17797,0,0,18806,0,0,20755,0,0,18196,0,0,18105,0,,0,252582,0,253
KP-KT,P50,0,6120,0,0,6240,0,0,4440,0,0,4620,0,0,5640,0,0,6720,0,0,5880,0,0,6060,0,0,6900,0,0,4980,0,0,6180,0,0,5460,0,,0,69240,0,1
KP-KT,P51,0,10700,0,0,11833,0,0,11747,0,0,13642,0,0,12023,0,0,12906,0,0,10892,0,0,11699,0,0,10637,0,0,12538,0,0,11443,0,0,10450,0,,0,140510,0,157
KP-KT,P52,0,6366,0,0,6884,0,0,6251,0,0,7236,0,0,6343,0,0,6877,0,0,6204,0,0,6759,0,0,6470,0,0,7657,0,0,7107,0,0,6857,0,,0,81011,0,111
KP-KT,P53,0,11391,0,0,12187,0,0,11799,0,0,14013,0,0,11562,0,0,12398,0,0,11155,0,0,12392,0,0,11395,0,0,13045,0,0,11805,0,0,11000,0,,0,144142,0,262
KP-KT,P54,0,9216,0,0,10101,0,0,9912,0,0,11412,0,0,10234,0,0,10158,0,0,9039,0,0,10625,0,0,9836,0,0,11299,0,0,10672,0,0,10151,0,,0,122655,0,218
KP-KT,P55,0,10078,0,0,10356,0,0,10968,0,0,12887,0,0,10742,0,0,11595,0,0,9834,0,0,10323,0,0,10222,0,0,8243,0,0,9701,0,0,8428,0,,0,123377,0,1
KP-KT,P56,0,41721,0,0,44298,0,0,50000,0,0,62337,0,0,66275,0,0,64715,0,0,51755,0,0,58918,0,0,56983,0,0,57611,0,0,53814,0,0,42591,0,,0,651018,0,1
KP-KT,P57,0,5654,0,0,6132,0,0,5876,0,0,6079,0,0,7646,0,0,7477,0,0,6666,0,0,6571,0,0,6514,0,0,7181,0,0,6686,0,0,6367,0,,0,78849,0,138
KP-KT,P58,0,14178,0,0,12549,0,0,11506,0,0,13053,0,0,15300,0,0,13083,0,0,10766,0,0,11402,0,0,11242,0,0,13342,0,0,10913,0,0,10756,0,,0,148090,0,171
KP-KT,P59,0,4326,0,0,4593,0,0,4471,0,0,4632,0,0,5699,0,0,5019,0,0,4239,0,0,4614,0,0,4768,0,0,5324,0,0,4620,0,0,4745,0,,0,57050,0,114
KP-KT,P60,0,11495,0,0,12968,0,0,12237,0,0,11733,0,0,14424,0,0,15094,0,0,12849,0,0,12779,0,0,12847,0,0,13743,0,0,12539,0,0,11859,0,,0,154567,0,99
KP-KT,P61,0,6722,0,0,7564,0,0,7168,0,0,7188,0,0,9063,0,0,8138,0,0,7285,0,0,7059,0,0,7033,0,0,7608,0,0,6773,0,0,6891,0,,0,88492,0,121
KP-KT,P62,0,12712,0,0,9904,0,0,12213,0,0,21322,0,0,23186,0,0,27673,0,0,21477,0,0,26206,0,0,27199,0,0,28255,0,0,24553,0,0,16302,0,,0,251002,0,1
KP-KT,P63,0,13724,0,0,16476,0,0,13435,0,0,13170,0,0,18375,0,0,16463,0,0,16231,0,0,16919,0,0,20186,0,0,15133,0,0,17954,0,0,14447,0,,0,192513,0,1
KP-KT,P64,0,2875,0,0,3142,0,0,3085,0,0,3100,0,0,3594,0,0,3512,0,0,3225,0,0,3321,0,0,3379,0,0,3568,0,0,3430,0,0,3553,0,,0,39784,0,78
KP-KT,P65,0,4081,0,0,4449,0,0,4752,0,0,4337,0,0,5432,0,0,4518,0,0,3875,0,0,3838,0,0,3999,0,0,4505,0,0,4014,0,0,3687,0,,0,51487,0,59
KP-KT,P66,0,11478,0,0,12068,0,0,11684,0,0,11767,0,0,14933,0,0,13294,0,0,11908,0,0,12178,0,0,12364,0,0,13769,0,0,12356,0,0,11937,0,,0,149736,0,162
KP-KT,P67,0,10182,0,0,11228,0,0,10815,0,0,10524,0,0,12729,0,0,11770,0,0,10712,0,0,10836,0,0,11331,0,0,12409,0,0,11189,0,0,11411,0,,0,135136,0,103
KP-KT,P68,0,1363,0,0,1481,0,0,1752,0,0,2191,0,0,2242,0,0,2074,0,0,1622,0,0,1617,0,0,1878,0,0,1463,0,0,1511,0,0,1030,0,,0,20224,0,1
KP-KT,P69,0,52896,0,0,55275,0,0,64359,0,0,76453,0,0,89527,0,0,91367,0,0,75298,0,0,90729,0,0,84231,0,0,99646,0,0,105447,0,0,82954,0,,0,968182,0,152
KP-KT,P70,0,30711,0,0,37320,0,0,32026,0,0,32335,0,0,36625,0,0,43120,0,0,41178,0,0,39679,0,0,43465,0,0,31168,0,0,43461,0,0,47126,0,,0,458214,0,1
KP-KT,P71,0,7777,0,0,8395,0,0,8510,0,0,8379,0,0,9891,0,0,9872,0,0,8446,0,0,8600,0,0,8770,0,0,9128,0,0,8399,0,0,8292,0,,0,104459,0,81
KP-KT,P72,0,29868,0,0,32706,0,0,33846,0,0,37816,0,0,37973,0,0,41699,0,0,31597,0,0,36048,0,0,33783,0,0,35494,0,0,37338,0,0,31178,0,,0,419346,0,120
KP-KT,P73,0,2983,0,0,3505,0,0,3199,0,0,3004,0,0,4271,0,0,3859,0,0,3345,0,0,2834,0,0,2946,0,0,3595,0,0,3098,0,0,3173,0,,0,39812,0,62
KP-KT,P74,0,5466,0,0,6180,0,0,6366,0,0,6962,0,0,5573,0,0,6142,0,0,5222,0,0,6045,0,0,5131,0,0,5843,0,0,5522,0,0,5119,0,,0,69571,0,69
KP-KT,P75,0,2857,0,0,3005,0,0,3038,0,0,3500,0,0,3021,0,0,3027,0,0,2703,0,0,3215,0,0,2966,0,0,3466,0,0,3389,0,0,2971,0,,0,37158,0,58
KP-KT,P76,0,2959,0,0,3098,0,0,3213,0,0,3571,0,0,2998,0,0,3261,0,0,3026,0,0,3642,0,0,3090,0,0,3680,0,0,3546,0,0,3163,0,,0,39247,0,63
KP-KT,P77,0,3133,0,0,3369,0,0,3562,0,0,4255,0,0,4325,0,0,4308,0,0,3454,0,0,4276,0,0,3671,0,0,4361,0,0,4407,0,0,3520,0,,0,46641,0,56
KP-KT,P78,0,3872,0,0,3948,0,0,3789,0,0,4158,0,0,3440,0,0,3805,0,0,2683,0,0,3738,0,0,2998,0,0,3458,0,0,3383,0,0,3147,0,,0,42419,0,72
KP-KT,P79,0,4183,0,0,4283,0,0,4590,0,0,4931,0,0,3899,0,0,4169,0,0,3822,0,0,4671,0,0,4096,0,0,4649,0,0,4586,0,0,4165,0,,0,52044,0,67
KP-KT,P80,0,2769,0,0,3241,0,0,3181,0,0,3667,0,0,3235,0,0,3462,0,0,2969,0,0,3562,0,0,3229,0,0,3777,0,0,3652,0,0,3379,0,,0,40123,0,44
KP-KT,P81,0,5925,0,0,6751,0,0,7503,0,0,7885,0,0,7363,0,0,6399,0,0,5560,0,0,7021,0,0,6294,0,0,6869,0,0,6310,0,0,5339,0,,0,79219,0,57
KP-KT,P82,0,4554,0,0,4988,0,0,5348,0,0,6256,0,0,5374,0,0,5831,0,0,4457,0,0,4523,0,0,4971,0,0,5204,0,0,4783,0,0,4504,0,,0,60793,0,61
KP-KT,P83,0,2097,0,0,2329,0,0,2485,0,0,2966,0,0,2599,0,0,2588,0,0,2204,0,0,2751,0,0,2195,0,0,2461,0,0,2484,0,0,2380,0,,0,29539,0,28
KP-KT,P84,0,352486,0,0,368481,0,0,385322,0,0,443268,0,0,437005,0,0,364089,0,0,331689,0,0,381023,0,0,350582,0,0,295262,0,0,291830,0,0,262279,0,,0,4263316,0,1
KP-KT,P85,0,153152,0,0,141121,0,0,193682,0,0,251153,0,0,246356,0,0,233480,0,0,201225,0,0,169144,0,0,209650,0,0,219841,0,0,244632,0,0,192076,0,,0,2455512,0,1
KP-KT,P86,0,1345,0,0,1904,0,0,3295,0,0,3434,0,0,3406,0,0,2255,0,0,1443,0,0,1625,0,0,1209,0,0,1203,0,0,1189,0,0,1139,0,,0,23447,0,1
KP-KT,P87,0,52194,0,0,56141,0,0,56321,0,0,54838,0,0,71670,0,0,69114,0,0,58273,0,0,56277,0,0,56988,0,0,58079,0,0,52154,0,0,53325,0,,0,695374,0,293
KP-KT,P88,0,33370,0,0,30590,0,0,8550,0,0,12170,0,0,33200,0,0,31870,0,0,30110,0,0,21580,0,0,20320,0,0,21200,0,0,0,,0,25850,0,,0,268810,0,1
KP-KT,P89,0,0,,0,0,,0,0,,0,0,,0,0,,0,0,,0,0,,0,0,,0,0,,0,0,,0,0,,0,8550,0,,0,8550,0,1
KP-KT,P90,0,343225,0,0,341213,0,0,345545,0,0,414610,0,0,428701,0,0,425606,0,0,367755,0,0,413275,0,0,390920,0,0,402265,0,0,432773,0,0,379969,0,,0,4685857,0,1
KP-KT,P91,0,17964,0,0,18440,0,0,20438,0,0,19875,0,0,26487,0,0,25649,0,0,21495,0,0,20597,0,0,21532,0,0,21388,0,0,21916,0,0,20020,0,,0,255801,0,95
KP-KT,P92,0,11648,0,0,12773,0,0,13147,0,0,12537,0,0,14891,0,0,14922,0,0,11306,0,0,11761,0,0,12015,0,0,12451,0,0,11732,0,0,11530,0,,0,150713,0,110
KP-KT,P93,0,196546,0,0,200679,0,0,220457,0,0,264618,0,0,263464,0,0,228103,0,0,199813,0,0,246652,0,0,228479,0,0,241043,0,0,266424,0,0,227499,0,,0,2783777,0,1
KP-KT,P94,0,683,0,0,752,0,0,770,0,0,911,0,0,727,0,0,765,0,0,684,0,0,710,0,0,755,0,0,832,0,0,874,0,0,765,0,,0,9228,0,15
KP-KT,P95,0,2483,0,0,2823,0,0,2810,0,0,3102,0,0,2792,0,0,3072,0,0,2946,0,0,3508,0,0,3274,0,0,3362,0,0,3229,0,0,3282,0,,0,36683,0,40
KP-KT,P96,0,5121,0,0,5567,0,0,5991,0,0,6369,0,0,6065,0,0,6611,0,0,5196,0,0,5632,0,0,5351,0,0,5751,0,0,5493,0,0,5134,0,,0,68281,0,71
KP-KT,P97,0,5226,0,0,5340,0,0,5470,0,0,6059,0,0,5601,0,0,6106,0,0,4817,0,0,5418,0,0,5576,0,0,6194,0,0,6301,0,0,5243,0,,0,67351,0,89
KP-KT,P98,0,3909,0,0,3802,0,0,3861,0,0,3692,0,0,5072,0,0,4377,0,0,3859,0,0,3996,0,0,4258,0,0,4519,0,0,3876,0,0,4224,0,,0,49445,0,91
KP-KT,P99,0,214269,0,0,156455,0,0,154232,0,0,176061,0,0,223567,0,0,251017,0,0,244290,0,0,275838,0,0,269076,0,0,265666,0,0,285716,0,0,259885,0,,0,2776072,0,1
