Unnamed: 0,Unnamed: 1,January,Unnamed: 3,Unnamed: 4,February,Unnamed: 6,Unnamed: 7,March,Unnamed: 9,Unnamed: 10,April,Unnamed: 12,Unnamed: 13,May,Unnamed: 15,Unnamed: 16,June,Unnamed: 18,Unnamed: 19,July,Unnamed: 21,Unnamed: 22,August,Unnamed: 24,Unnamed: 25,September,Unnamed: 27,Unnamed: 28,October,Unnamed: 30,Unnamed: 31,November,Unnamed: 33,Unnamed: 34,December,Unnamed: 36,Unnamed: 37,Unnamed: 38,Accumulate for Year 2024,Unnamed: 40,Unnamed: 41,Unnamed: 42
Region,Cabin,Total kWh,Sales kWh,Losses,Total kWh,Sales kWh,Losses,Total kWh,Sales kWh,Losses,Total kWh,Sales kWh,Losses,Total kWh,Sales kWh,Losses,Total kWh,Sales kWh,Losses,Total kWh,Sales kWh,Losses,Total kWh,Sales kWh,Losses,Total kWh,Sales kWh,Losses,Total kWh,Sales kWh,Losses,Total kWh,Sales kWh,Losses,Total kWh,Sales kWh,Losses,,Total kWh,Sales kWh,Losses,Consumer
KT-HQ,P001,0,40777,0,42322,39999,0.05488871036340437,43037,40670,0.05499918674628812,50615,47614,0.059290724093648106,58154,54431,0.06401967190562985,48377,45284,0.06393534117452504,45418,42244,0.06988418688625653,40641,37149,0.08592308260131398,45629,41534,0.089745556553946,46558,45098,0.031358735340865196,39511,38199,0.03320594264888255,40184,38798,0.0344913398367509,,500446,511797,0,197
KT-SN,P001,36433,36163,0.007410863777344678,32529,32257,0.008361769497986393,38180,37831,0.009140911471974822,39929,39546,0.009592025845876484,47895,47415,0.01002192295646731,39740,39394,0.008706592853548023,40703,40334,0.009065670835073592,34737,34438,0.008607536632409207,37258,36946,0.008374040474528943,37908,37580,0.008652527171045699,35228,34921,0.008714658794141017,32488,32194,0.009049495198227064,,453028,449019,0.008849342645487646,114
KT-HQ,P002,0,23559,0,25707,24221,0.0578052670478858,23766,23261,0.02124884288479345,27090,26219,0.032152085640457684,25529,24788,0.029025813780406584,25436,24914,0.020522094668973145,26716,26109,0.022720467135798783,24021,23694,0.013613088547520968,24023,23307,0.02980477042833951,23295,23054,0.010345567718394455,21343,21093,0.011713442346436787,22531,22284,0.010962673649638321,,269457,286503,0,99
KT-SN,P002,3188,3078,0.03450439146800499,4041,3905,0.03365503588220742,4815,4677,0.0286604361370717,5093,4909,0.03612801884940109,6013,5800,0.03542324962581078,5465,5277,0.034400731930466555,5391,5196,0.036171396772398445,4631,4499,0.028503562945368155,4746,4610,0.02865571007163925,5147,4930,0.042160481834078056,5097,4925,0.03374534039631161,4536,4435,0.02226631393298062,,58163,56241,0.033045063012568154,24
KT-HQ,P003,0,11992,0,15960,16185,0,13905,14093,0,17957,18196,0,18636,18879,0,15427,15623,0,14652,14834,0,12641,12766,0,12120,12216,0,12247,12337,0,12025,12116,0,13459,13550,0,,159029,172787,0,44
KT-SN,P003,869,836,0.03797468354430378,1414,1370,0.03111739745403108,1590,1542,0.030188679245283012,1808,1757,0.028207964601769886,1442,1402,0.0277392510402219,1369,1273,0.07012417823228634,1345,1288,0.04237918215613379,887,830,0.06426155580608794,1708,731,0.5720140515222483,1723,479,0.7219965177016832,1563,431,0.7242482405630198,452,442,0.02212389380530977,,16170,12381,0.2343228200371058,4
KT-HQ,P004,0,2134,0,2542,2521,0.008261211644374544,2810,2874,0,3569,3442,0.035584197254132865,2704,2781,0,2815,2695,0.04262877442273538,2579,2561,0.006979449398991866,2932,2913,0.0064802182810368425,2314,2297,0.0073465859982714266,2611,2600,0.004212945231712006,2523,2511,0.0047562425683710385,2997,2969,0.009342676009342687,,30396,32298,0,8
KT-SN,P004,641,623,0.02808112324492984,659,650,0.01365705614567525,799,776,0.028785982478097605,759,732,0.035573122529644285,901,884,0.018867924528301883,930,905,0.026881720430107503,868,843,0.02880184331797231,816,794,0.026960784313725505,1080,1049,0.028703703703703676,948,919,0.030590717299578074,1151,1115,0.0312771503040834,1294,1246,0.037094281298299836,,10846,10536,0.028581965701641177,20
KT-HQ,P005,0,1439,0,1411,1420,0,1850,1813,0.020000000000000018,1869,1833,0.019261637239165297,1475,1446,0.019661016949152565,1354,1325,0.021418020679468297,1092,1071,0.019230769230769273,1221,1195,0.021294021294021248,1098,1081,0.015482695810564717,1291,1268,0.017815646785437678,1253,1229,0.019154030327214633,1052,1033,0.018060836501901156,,14966,16153,0,20
KT-SN,P005,16356,15843,0.03136463683052093,17400,16995,0.02327586206896548,18548,18088,0.024800517576018977,19409,18889,0.02679169457468189,19544,18986,0.028550961932050756,19142,18751,0.02042628774422739,16238,15888,0.021554378618056425,14606,14313,0.02006024921265237,17605,17223,0.021698381141721068,14914,14625,0.01937776585758344,16394,16068,0.01988532389898745,14378,14078,0.02086521073862846,,204534,199747,0.023404421758729588,40
KT-HQ,P006,0,28587,0,26675,27255,0,26685,27337,0,36148,35809,0.009378112205377875,37671,36722,0.025191792094714782,32073,31619,0.014155208430767341,30412,30893,0,27929,28473,0,31251,30183,0.03417490640299514,31360,31186,0.005548469387755106,28292,28005,0.010144210377491913,28072,28572,0,,336568,364641,0,77
KT-SN,P006,14181,13785,0.027924687962767036,14754,14295,0.031110207401382706,14451,14021,0.02975572624731848,17703,17178,0.029655990510083052,20665,20075,0.028550689571739674,20561,19991,0.027722387043431773,17794,17308,0.027312577273238214,17022,16570,0.026553871460462952,20892,20355,0.02570361860999426,19783,19297,0.02456654703533334,22860,22265,0.02602799650043741,19209,18738,0.024519756364204226,,219875,213878,0.02727458783399661,41
KT-HQ,P007,0,124087,0,136507,133904,0.019068619191689784,149033,147285,0.011728945938147883,163942,158796,0.03138914982127827,182403,177735,0.025591684347296972,168608,164519,0.02425151831467076,147383,145306,0.014092534417130875,140996,138235,0.019582115804703704,159177,156008,0.019908655144901588,140540,137834,0.01925430482424928,138620,136721,0.013699321887173599,132692,130293,0.018079462213245745,,1659901,1750723,0,272
KT-SN,P007,3806,4399,0,1354,1811,0,1807,2320,0,2443,2981,0,1711,2267,0,1263,1730,0,1144,1742,0,1494,2118,0,1361,1992,0,2661,3287,0,18846,19770,0,81707,83693,0,,119597,128110,0,1
KT-HQ,P008,0,53913,0,52570,51819,0.014285714285714235,57920,56347,0.027158149171270685,67993,66497,0.022002264939037897,80732,78643,0.025875737006391564,68594,67215,0.020103799166107827,65047,63639,0.02164588682029922,61106,59832,0.020849016463195147,68332,66819,0.0221418954516186,51220,30090,0.41253416634127293,26662,26246,0.01560273047783367,27257,26904,0.012950801628939357,,627433,647964,0,190
KT-SN,P008,54016,43161,0.20095897511848337,39906,39206,0.01754122187139784,45106,44249,0.0189996896200062,50253,49186,0.021232563230055956,50660,49593,0.02106198183971575,38077,47267,0,58556,47674,0.185839196666439,41577,40943,0.015248815450850217,47105,45990,0.02367052329901287,40609,39790,0.020167943066807803,42156,41563,0.014066799506594507,42012,41417,0.014162620203751364,,550033,530039,0.03635054623995293,201
KT-HQ,P009,0,63133,0,66655,64826,0.027439801965343902,64627,63588,0.016076871895647327,74702,73329,0.01837969532274908,84264,82614,0.01958131586442613,75399,73835,0.020742980676136336,70073,68584,0.021249268619867867,70470,68853,0.022945934440187332,72603,71233,0.01886974367450378,66985,65516,0.02193028289915655,60203,59167,0.017208444761888986,56506,55016,0.02636888118075953,,762487,809694,0,208
KT-SN,P009,16316,15986,0.02022554547683253,14628,14323,0.020850423844681387,15862,15519,0.021624007060900285,17254,16845,0.023704648197519385,18647,18151,0.0265994529951199,15200,14793,0.026776315789473704,15426,15090,0.021781408012446546,13886,13648,0.017139565029526183,15279,15020,0.016951371163034246,13204,13005,0.015071190548318736,13443,13236,0.015398348582905563,15049,14805,0.016213701907103473,,184194,180421,0.020483837692867324,27
KT-HQ,P010,0,76257,0,81764,79926,0.0224793307568123,81188,78810,0.02929004286347736,105330,102093,0.030731985189404676,108429,104660,0.03476007341209453,97707,94781,0.029946677310735192,99586,96639,0.02959251300383592,86520,84177,0.027080443828016665,95311,91396,0.04107605627891853,87039,84651,0.02743597697583844,86552,84126,0.028029392735003267,79253,76958,0.028957894338384693,,1008679,1054474,0,116
KT-SN,P010,0,0,,0,0,,7,7,0,118,116,0.016949152542372836,552,536,0.02898550724637683,821,795,0.03166869671132766,682,662,0.029325513196480912,886,863,0.025959367945823875,1006,982,0.02385685884691846,838,823,0.017899761336515496,1069,1049,0.018709073900841866,975,954,0.021538461538461506,,6954,6787,0.024014955421340245,1
KT-HQ,P011,0,134690,0,151696,146958,0.031233519670920806,164719,159094,0.03414906598510192,178704,171937,0.03786708747425915,207744,199685,0.03879293746149104,179692,174285,0.030090376867083712,172401,168902,0.02029570594138086,150992,146497,0.029769789127900848,0,158857,0,139836,156241,0,148745,143644,0.03429358970049412,144868,140670,0.028978104205207522,,1639397,1901460,0,488
KT-SN,P011,362,368,0,1838,1852,0,1843,1854,0,1833,1845,0,2562,2576,0,1571,1580,0,1273,1282,0,1922,1932,0,2362,2376,0,2490,2503,0,2701,2715,0,2211,2223,0,,22968,23106,0,1
KT-HQ,P012,0,2590,0,2343,2298,0.01920614596670933,2637,2590,0.017823284034888087,2620,2569,0.019465648854961826,2576,2536,0.01552795031055898,2851,2800,0.017888460189407263,2930,2853,0.026279863481228682,2927,2849,0.026648445507345353,3127,3046,0.02590342181004157,2207,2136,0.032170367014046186,2380,2302,0.032773109243697474,2760,2673,0.03152173913043477,,29358,31242,0,24
KT-SN,P012,111966,112230,0,21120,21172,0,19595,19618,0,24578,24638,0,24205,24258,0,61559,61683,0,50048,50152,0,81165,81344,0,63074,63511,0,66605,66446,0.0023872081675549994,110293,110544,0,112170,112428,0,,746378,748024,0,1
KT-HQ,P013,0,14669,0,12542,12270,0.021687131239036872,12740,12473,0.020957613814756693,15464,15145,0.020628556647697915,17071,16699,0.02179134204205968,15051,14701,0.023254268819347557,18425,18459,0,13255,12403,0.06427763108261031,14354,13880,0.033022154103385826,13102,13036,0.005037398870401444,12006,11768,0.01982342162252204,12877,12620,0.019958064766638195,,156887,168123,0,60
KT-SN,P013,57111,58553,0,32419,33568,0,33236,34354,0,30200,31338,0,33779,34947,0,27363,28507,0,23595,24692,0,30065,31219,0,30901,32044,0,18097,19101,0,21764,22847,0,11103,11967,0,,349633,363137,0,1
KT-HQ,P014,0,5288,0,0,5571,0,0,8183,0,0,6783,0,5697,5687,0.00175530981218186,4293,4287,0.0013976240391334604,4714,4707,0.0014849384811200794,3926,3920,0.0015282730514518672,4002,3995,0.0017491254372813403,4163,4157,0.0014412683161182382,5328,5319,0.0016891891891891442,6175,6162,0.002105263157894721,,38298,64059,0,1
KT-SN,P014,7653,7666,0,7864,7877,0,7852,7867,0,8094,8109,0,7835,7850,0,8143,8159,0,8091,8107,0,8755,8772,0,8503,8520,0,8269,8285,0,8406,8423,0,7553,7567,0,,97018,97202,0,1
KT-HQ,P015,0,56907,0,52930,51771,0.02189684488947663,57516,56191,0.023037067946310552,69635,67952,0.02416888059165645,82268,79972,0.02790878591919088,70877,69049,0.025791159332364533,64652,62941,0.02646476520447938,60991,59513,0.024233083569706992,67710,66027,0.024856003544528105,67741,65939,0.026601319732510564,62289,60685,0.02575093515709037,55344,53978,0.02468198901416596,,711953,750925,0,402
KT-SN,P015,982,1349,0,1642,2013,0,2927,3266,0,3805,4167,0,2507,2861,0,1599,1967,0,2249,2602,0,2515,2849,0,2933,3238,0,2763,3059,0,3061,3382,0,2993,3318,0,,29976,34071,0,1
KT-HQ,P016,0,51848,0,54990,54587,0.0073286052009455815,53478,52624,0.01596918358951349,70167,68726,0.020536719540524717,73152,71381,0.024209864391951053,64113,62083,0.031662845288786934,63772,59969,0.05963432227309795,58341,56241,0.03599526919319174,63359,61213,0.03387048406698334,61609,59515,0.03398854063529677,57664,55830,0.03180493895671477,57048,55188,0.03260412284392089,,677693,709205,0,214
KT-SN,P016,1703,2175,0,2054,2540,0,2009,2442,0,1809,2263,0,1605,2029,0,511,798,0,0,0,,0,0,,0,0,,0,0,,0,0,,7,94,0,,9698,12341,0,1
KT-HQ,P017,0,6869,0,0,8353,0,0,11246,0,0,13088,0,11594,11553,0.003536311885457999,9874,9842,0.0032408345148875473,7171,7146,0.0034862641193696975,6693,6670,0.0034364261168384758,7362,7337,0.0033958163542515685,9625,9593,0.003324675324675286,8620,8591,0.0033642691415313175,6726,6702,0.003568242640499597,,67665,106990,0,1
KT-SN,P017,319545,319468,0.0002409676258430249,336062,335964,0.00029161285715140206,368995,368866,0.0003495982330383729,415177,415002,0.00042150697172527174,400333,400186,0.00036719431073628517,366782,366656,0.00034352830836847925,330922,330838,0.0002538362514429293,348780,348679,0.0002895808245885201,313333,313246,0.0002776598698509547,347553,347468,0.0002445670156782098,327892,327811,0.00024703255950131453,308881,308822,0.0001910120726105191,,4184255,4183006,0.00029849997191855326,1
KT-HQ,P018,0,9271,0,0,9199,0,0,10356,0,0,12371,0,9825,10206,0,9295,9701,0,8237,8647,0,7264,7688,0,6903,7333,0,8088,8495,0,8014,8467,0,8760,9162,0,,66386,110896,0,1
KT-SN,P018,25611,25618,0,24684,24691,0,31318,31326,0,33388,33395,0,34116,34124,0,32323,32332,0,24492,24499,0,27218,27224,0,24592,24599,0,24857,24863,0,23827,23833,0,20544,20470,0.003602024922118363,,326970,326974,0,1
KT-HQ,P019,0,59156,0,0,60606,0,0,60034,0,0,69024,0,57858,59283,0,49525,50933,0,48503,49913,0,49278,50741,0,52839,54346,0,50900,52345,0,54455,56032,0,55539,56963,0,,418897,679376,0,1
KT-SN,P019,37910,38508,0,41921,42507,0,54607,55229,0,63011,63579,0,56960,57608,0,48003,48573,0,37004,37554,0,36374,36912,0,29176,29696,0,30396,30911,0,29764,30248,0,25267,25696,0,,490393,497021,0,1
KT-HQ,P020,0,64938,0,0,69181,0,0,72962,0,0,83451,0,71684,72989,0,62881,64112,0,51249,52285,0,45539,46535,0,45889,46891,0,43330,44272,0,51258,52343,0,54329,55366,0,,426159,725325,0,1
KT-SN,P020,16462,16495,0,6512,6547,0,3058,3089,0,4976,5009,0,5813,5845,0,6614,6646,0,6159,6191,0,7046,7080,0,8135,8169,0,7067,7102,0,6979,7012,0,6665,6699,0,,85486,85884,0,1
KT-HQ,P021,0,16439,0,15553,15169,0.02468977046229026,17488,17029,0.02624656907593781,21244,20656,0.02767840331387683,24397,23700,0.028569086363077423,20056,19535,0.02597726366174713,18744,18278,0.02486128894579598,16964,16559,0.023874086300400887,19493,19080,0.021187092802544494,18519,17967,0.02980722501214972,17440,17035,0.023222477064220204,16181,15742,0.027130585254310557,,206079,217189,0,132
KT-SN,P021,2874,2913,0,3095,3136,0,3580,3628,0,4182,4237,0,3997,4049,0,3268,3311,0,2134,2164,0,2698,2735,0,2488,2524,0,2329,2361,0,2334,2367,0,2135,2165,0,,35114,35590,0,1
KT-HQ,P022,0,7458,0,0,7903,0,0,8171,0,0,9952,0,2568,2573,0,4220,4232,0,8553,8576,0,11848,11880,0,12509,12543,0,11584,11615,0,12648,12681,0,10080,10107,0,,74010,107691,0,1
KT-SN,P022,16042,17179,0,5150,6162,0,26371,27529,0,42720,44123,0,38473,39849,0,32788,34150,0,14312,15202,0,23578,24437,0,42057,43584,0,48080,49638,0,48566,50169,0,43274,44784,0,,381411,396806,0,1
KT-HQ,P023,0,5856,0,0,5987,0,0,6639,0,0,6416,0,6312,6298,0.002217997465145727,6815,6797,0.0026412325752017685,6745,6729,0.0023721275018532273,6661,6645,0.002402041735475202,7102,7087,0.002112081103914365,5438,5426,0.0022066936373666968,6974,6957,0.0024376254660166685,6154,6141,0.00211244718882031,,52201,76978,0,1
KT-SN,P023,11289,10463,0.07316857117548059,11461,10672,0.06884216036995028,15398,14300,0.0713079620729965,17575,16363,0.06896159317211947,13570,12650,0.06779661016949157,4075,3943,0.03239263803680981,3292,3175,0.03554070473876059,3478,3363,0.03306497987349055,2952,2846,0.03590785907859073,3165,3054,0.035071090047393394,4168,4028,0.03358925143953939,4454,4280,0.039066008082622394,,94877,89137,0.0604993834122074,44
KT-HQ,P024,0,5208,0,0,5941,0,0,6339,0,0,6691,0,5542,6043,0,5917,6439,0,4842,5401,0,4567,5102,0,4676,5225,0,4660,5187,0,4500,5069,0,3938,4444,0,,38642,67089,0,1
KT-SN,P024,36243,35743,0.013795767458543717,37552,36920,0.0168299957392416,42777,42046,0.01708862239053699,43871,43088,0.01784778099427864,51027,50086,0.018441217394712606,45524,44717,0.017726913276513434,42899,42138,0.01773934124338561,39823,39192,0.015845114632247692,40923,40196,0.01776507098697555,37436,36822,0.016401324927876937,37941,37302,0.016841938799715295,35403,34804,0.016919470101403822,,491419,483054,0.017022133861328115,66
KT-HQ,P025,0,1524280,0,0,1615150,0,0,1816890,0,0,2130980,0,1970189,1970460,0,1808310,1808770,0,1552518,1552960,0,1911402,1912010,0,1729130,1729920,0,1780681,1781210,0,1641299,1641570,0,1457079,1457320,0,,13850608,20941520,0,1
KT-SN,P025,18315,17798,0.028228228228228236,18233,17722,0.028026106510173898,23609,22974,0.026896522512601106,21998,21357,0.029139012637512507,22903,22240,0.028948172728463506,21081,20511,0.02703856553294437,18497,18006,0.026544845110017867,17568,17127,0.025102459016393408,19716,19226,0.024852911341042838,18055,17579,0.026363888119634415,18051,18113,0,17666,18395,0,,235692,231048,0.019703681075301627,141
KT-HQ,P026,0,7328,0,0,8086,0,0,7860,0,0,9218,0,8608,8607,0.00011617100371752453,8066,8065,0.00012397718819734393,7689,7687,0.0002601118480947129,7925,7923,0.0002523659305994075,8549,8547,0.00023394549070065995,7385,7384,0.00013540961408264884,7994,7993,0.00012509382036529626,7698,7696,0.00025980774227074566,,63914,96394,0,1
KT-SN,P026,166,159,0.04216867469879515,158,151,0.044303797468354444,205,194,0.0536585365853659,248,237,0.04435483870967738,251,241,0.03984063745019917,304,289,0.049342105263157854,288,276,0.04166666666666663,294,282,0.04081632653061229,0,304,0,379,375,0.01055408970976257,341,332,0.02639296187683282,211,192,0.09004739336492895,,2845,3032,0,9
KT-HQ,P027,0,6067,0,0,9629,0,0,9163,0,0,9814,0,7007,7687,0,10855,11573,0,11154,11816,0,8118,8734,0,7242,7887,0,3661,4236,0,7842,8508,0,8918,9517,0,,64797,104631,0,1
KT-SN,P027,346394,352690,0,163462,166845,0,265428,270412,0,242595,247025,0,279859,284856,0,291204,296373,0,330605,336638,0,349271,355522,0,369428,376043,0,305122,310851,0,350774,357197,0,330040,336082,0,,3624182,3690534,0,1
KT-HQ,P028,0,14742,0,15869,15318,0.034721784611506656,16912,16301,0.0361281929990539,20227,19484,0.03673307954714,18546,17901,0.034778388870915555,16805,16164,0.038143409699494146,14853,14276,0.038847370901501366,15729,15136,0.0377010617331045,15663,15074,0.03760454574474881,15995,15369,0.039137230384495125,16458,15950,0.03086644792805926,14320,13808,0.03575418994413404,,181377,189523,0,114
KT-SN,P028,7866,7648,0.027714213068904092,8402,8182,0.026184241847179268,9898,9643,0.025762780359668613,8544,8317,0.026568352059925138,8765,8544,0.02521391899600689,6287,6116,0.027198982026403695,6012,5848,0.02727877578176985,6500,6312,0.02892307692307694,6651,6468,0.02751465944970677,6997,6792,0.02929827068743751,7643,7418,0.029438702080334944,10437,10086,0.03363035354987065,,94002,91374,0.0279568519818727,90
KT-HQ,P029,0,3649,0,4242,4122,0.028288543140028266,4514,4388,0.02791315906070002,5817,5655,0.02784940691077875,5485,5325,0.029170464904284432,4848,4712,0.028052805280528004,4141,4019,0.029461482733639244,4683,4541,0.030322442878496725,4401,4267,0.03044762553965008,4677,4541,0.029078469104126592,4693,4554,0.02961858086511826,3663,3542,0.033033033033033066,,51164,53315,0,49
KT-SN,P029,29644,28659,0.033227634597220335,28662,27687,0.034017165585095266,35523,34222,0.03662415899558036,34251,32940,0.038276254707891755,36858,35431,0.03871615388789407,36164,34842,0.036555690742174574,32798,31548,0.03811208000487831,29136,28104,0.03542009884678743,32836,31601,0.03761115848459007,29011,27954,0.03643445589603944,30911,29214,0.054899550321891866,32026,29540,0.07762443015050269,,387820,371742,0.041457377133721884,176
KT-HQ,P030,0,9461,0,0,10012,0,0,10456,0,0,12646,0,11450,11338,0.00978165938864628,10768,10660,0.010029717682020767,9599,9502,0.01010521929367647,11273,11163,0.009757828439634575,9246,9156,0.009733939000648895,10361,10252,0.01052022005597919,9889,9791,0.009910001011224634,8351,8268,0.009938929469524571,,80937,122705,0,1
KT-SN,P030,120175,115366,0.04001664239650504,122284,116959,0.043546171208007634,133250,127320,0.04450281425891178,150178,142224,0.05296381627135793,142505,135769,0.04726851689414402,136026,130376,0.04153617690735589,120213,115092,0.04259938608969083,124761,119907,0.03890638901579824,126118,120799,0.042174788689957055,120287,115212,0.042190760431301766,122704,117455,0.04277774155691749,111399,106956,0.039883661433226525,,1529900,1463435,0.0434440159487548,537
KT-HQ,P031,0,35509,0,0,36925,0,0,35127,0,0,34872,0,30290,30278,0.0003961703532519012,29677,29671,0.00020217676988909528,26857,26855,7.446848121528404e-05,31030,31028,6.445375443120405e-05,26945,26948,0,27741,27739,7.209545438158216e-05,30195,30192,9.935419771489595e-05,29933,29929,0.0001336317776367002,,232668,375073,0,1
KT-SN,P031,3094,3095,0,3956,3955,0.00025278058645095136,2898,2896,0.0006901311249137843,2898,2894,0.0013802622498274575,1834,1829,0.0027262813522355156,1276,1272,0.0031347962382445305,1115,1110,0.004484304932735439,842,839,0.0035629453681710332,824,821,0.00364077669902918,962,961,0.0010395010395010118,1180,1178,0.0016949152542372614,3518,3515,0.0008527572484365864,,24397,24365,0.0013116366766405818,1
KT-HQ,P032,0,4681,0,0,5259,0,0,5518,0,0,6497,0,6390,6351,0.006103286384976481,6157,6119,0.006171836933571595,5795,5756,0.006729939603106083,7995,7943,0.006504065040650375,6915,6867,0.00694143167028205,7156,7109,0.0065679150363331384,6745,6701,0.006523350630096347,5736,5595,0.024581589958158956,,52889,74396,0,1
KT-SN,P032,9412,9420,0,8072,8081,0,10955,10963,0,14765,14778,0,12263,14921,0,0,12196,0,8561,11558,0,8993,9015,0,550,712,0,14550,15041,0,13628,14134,0,10880,11366,0,,112629,132185,0,1
KT-HQ,P033,0,11824,0,0,13553,0,0,13011,0,0,16812,0,15799,15671,0.008101778593581854,15052,14928,0.008238107892638902,12259,12153,0.008646708540663961,14154,14035,0.008407517309594437,11659,11558,0.00866283557766534,795,12326,0,7244,13236,0,11734,11809,0,,88696,160916,0,1
KT-SN,P033,5080,5080,0,5480,5480,0,6080,6080,0,6000,6000,0,6640,6640,0,5600,5600,0,6800,6800,0,6080,6080,0,7240,7240,0,5840,5840,0,6560,6560,0,4560,4560,0,,71960,71960,0,1
KT-HQ,P034,0,5280,0,0,5580,0,0,5725,0,0,6604,0,6104,6036,0.011140235910878094,6147,6081,0.010736944851146846,5423,5365,0.010695187165775444,6299,6232,0.010636608985553297,5265,5225,0.007597340930674212,5330,5257,0.013696060037523439,5938,5874,0.010778039744021584,5205,5146,0.011335254562920283,,45711,68405,0,1
KT-SN,P034,6907,6879,0.004053858404517108,8395,8355,0.004764740917212573,9069,9034,0.003859300915205699,8843,8786,0.006445776320253338,6755,6698,0.008438193930421889,6932,6895,0.005337564916330084,6048,6023,0.004133597883597906,7535,7511,0.003185136031851332,9759,9754,0.0005123475765960173,7066,7034,0.004528729125389153,6625,6592,0.004981132075471684,6259,6236,0.003674708419875383,,90193,89797,0.00439058463517128,1
KT-HQ,P035,0,31603,0,0,35008,0,0,37210,0,0,43932,0,40129,40124,0.0001245981708988264,39034,39027,0.0001793308397807225,34447,34460,0,41437,41411,0.0006274585515361197,35146,35143,8.535821999655635e-05,34289,34286,8.74916153869032e-05,36641,36636,0.00013645915777404927,33010,33003,0.00021205695243864398,,294133,441843,0,1
KT-SN,P035,7809,7776,0.004225893200153652,8061,8031,0.0037216226274655595,9537,9498,0.004089336269267108,9822,9785,0.003767053553247801,11204,11160,0.003927168868261388,9514,9467,0.004940088290939615,8574,8532,0.004898530440867743,8987,8945,0.00467341715811731,10092,10044,0.0047562425683710385,9241,9200,0.0044367492695596145,10180,10132,0.004715127701375277,8443,8405,0.004500769868530097,,111464,110975,0.004387066676236229,1
KT-HQ,P036,0,20582,0,0,23793,0,0,24429,0,0,29506,0,22114,22111,0.0001356606674505212,20920,20924,0,18763,18767,0,22255,22261,0,17826,17836,0,21091,21096,0,20995,21000,0,18486,18490,0,,162450,260795,0,1
KT-SN,P036,93,94,0,271,271,0,1001,1003,0,528,527,0.0018939393939394478,89,90,0,103,104,0,94,93,0.010638297872340385,114,114,0,91,91,0,95,93,0.021052631578947323,85,86,0,98,97,0.010204081632653073,,2662,2663,0,1
KT-HQ,P037,0,3107,0,0,3567,0,0,3457,0,0,4300,0,3996,3988,0.002002002002001957,4099,4090,0.0021956574774335547,3445,3436,0.002612481857764859,4024,4012,0.0029821073558647937,3596,3585,0.0030589543937709074,3517,3506,0.0031276656241114864,3964,3953,0.0027749747729566288,3474,3465,0.002590673575129543,,30115,44466,0,1
KT-SN,P037,125312,127122,0,140762,142710,0,168030,170404,0,229265,232704,0,198512,201457,0,156481,158780,0,124703,126537,0,137656,139581,0,116269,117943,0,127074,128920,0,141959,144030,0,126892,128699,0,,1792915,1818887,0,1
KT-HQ,P038,0,15652,0,0,16508,0,0,16009,0,0,18464,0,16956,16814,0.00837461665487138,17113,16973,0.008180915093788377,15683,15543,0.008926863482752068,18160,18003,0.008645374449339216,16016,15873,0.008928571428571397,16623,16476,0.008843169103049942,17117,16969,0.008646374948881208,15304,15169,0.008821223209618423,,132972,198453,0,1
KT-SN,P038,14136,13638,0.03522920203735147,14670,14062,0.04144512610770279,14505,14489,0.0011030679076180494,17000,16314,0.04035294117647059,15982,15206,0.048554623951945985,15328,14582,0.04866910229645094,13367,12867,0.03740555098376597,14356,13734,0.04332683198662579,13189,13147,0.003184471908408537,12402,12412,0,12492,12500,0,10294,10302,0,,167721,163253,0.02663947865800942,1
KT-HQ,P039,0,3431,0,0,3418,0,0,3419,0,0,3849,0,3587,3551,0.010036241984945682,3649,3613,0.009865716634694488,3315,3285,0.009049773755656076,3663,3635,0.007644007644007633,3295,3266,0.008801213960546228,3379,3345,0.010062148564664142,3640,3605,0.009615384615384581,3192,3172,0.006265664160400974,,27720,41589,0,1
KT-SN,P039,21371,21363,0.00037433905760142494,22634,22624,0.00044181320137848257,25855,25845,0.0003867723844517279,31860,31848,0.00037664783427493465,26758,26752,0.00022423200538157495,24721,24717,0.00016180575219448823,22539,22534,0.00022183770353612076,24265,24262,0.00012363486503197407,20856,20854,9.589566551593265e-05,22610,22606,0.00017691287041132764,21520,21518,9.293680297395301e-05,18459,18455,0.00021669646243027696,,283448,283378,0.0002469588778188925,1
KT-HQ,P040,0,14718,0,0,15483,0,0,15869,0,0,18654,0,16235,16219,0.0009855251000924214,15901,15882,0.0011948934029306635,13851,13835,0.0011551512526171148,15381,15362,0.0012352902932188936,13868,13855,0.0009374098644361339,14361,14346,0.001044495508669363,14732,14721,0.0007466739071408934,13481,13471,0.0007417847340701611,,117810,182415,0,1
KT-SN,P040,6205,6204,0.00016116035455282507,6921,6919,0.00028897558156337766,5756,5754,0.00034746351633074823,6512,6511,0.00015356265356269994,3645,3644,0.0002743484224965176,3020,3021,0,2065,2064,0.0004842615012106144,2308,2308,0,2142,2141,0.00046685340802987696,2332,2332,0,2432,2431,0.0004111842105263275,3798,3797,0.0002632964718273234,,47136,47126,0.00021215207060421015,1
KT-HQ,P041,0,21475,0,0,23314,0,0,23425,0,0,26731,0,24718,24740,0,24385,24411,0,21588,21612,0,23997,24024,0,21608,21633,0,21763,21787,0,22881,22905,0,20185,20205,0,,181125,276262,0,1
KT-SN,P041,4393,4398,0,4326,4332,0,4170,4175,0,5312,5318,0,4642,4647,0,4344,4349,0,4037,4042,0,4286,4292,0,3882,3887,0,3920,3924,0,3951,3956,0,3631,3636,0,,50894,50956,0,1
KT-HQ,P042,0,13421,0,0,14264,0,0,13660,0,0,15407,0,14713,14571,0.009651328756881683,14582,14438,0.00987518858867098,13500,13366,0.009925925925925894,15024,14875,0.00991746538871141,13222,13089,0.010058992588110716,13431,13300,0.009753555208100617,14592,14447,0.009936951754385914,12807,12679,0.009994534239088027,,111871,167517,0,1
KT-SN,P042,9978,9997,0,8833,8848,0,9556,9572,0,8431,8445,0,9908,9929,0,11127,11148,0,11239,11259,0,10299,10318,0,8095,8111,0,5416,5425,0,6766,6777,0,7052,7002,0.007090187180941565,,106700,106831,0,1
KT-HQ,P043,0,4933,0,0,5404,0,0,5392,0,0,6453,0,5624,5590,0.006045519203413896,5375,5344,0.005767441860465072,4893,4863,0.006131207847946074,5598,5565,0.005894962486602373,4710,4682,0.005944798301486198,4828,4799,0.006006628003313974,5109,5078,0.006067723624975541,4470,4445,0.005592841163310935,,40607,62548,0,1
KT-SN,P043,18272,18016,0.014010507880910628,18752,18495,0.013705204778156954,20821,20562,0.012439364103549289,24647,24304,0.013916500994035741,29265,28850,0.014180762002391933,28186,27846,0.012062726176115812,22718,22401,0.013953693106787624,19431,19207,0.011527970768359874,26140,25835,0.011667941851568497,19132,18920,0.01108091156178126,19644,19426,0.011097536143351627,18882,18679,0.010750979769092228,,265890,262541,0.01259543420211362,27
KT-HQ,P044,0,6156,0,0,6586,0,0,6545,0,0,6886,0,6082,6034,0.007892140743176568,6100,6052,0.007868852459016362,5695,5656,0.006848112379280069,6359,6304,0.008649158672747292,5617,5574,0.007655332027772799,5909,5865,0.007446268404129319,6117,6072,0.007356547327121099,5351,5310,0.007662119230050446,,47230,73040,0,1
KT-SN,P044,1506,1469,0.024568393094289487,1620,1576,0.02716049382716046,1952,1901,0.02612704918032782,1861,1817,0.02364320257925845,2028,1981,0.02317554240631159,1781,1736,0.025266704098820925,1616,1574,0.025990099009901013,1644,1603,0.024939172749391725,1610,1572,0.023602484472049712,1584,1542,0.02651515151515149,1619,1570,0.030265596046942567,1631,1584,0.028816676885346393,,20452,19925,0.025767651085468413,38
KT-HQ,P045,0,28378,0,0,31302,0,0,31575,0,0,35615,0,33446,33467,0,32631,32650,0,28529,28546,0,31827,31846,0,27479,27493,0,27192,27204,0,29063,29079,0,28889,28910,0,,239056,366065,0,1
KT-SN,P045,1173,1173,0,1210,1210,0,1273,1273,0,1327,1331,0,1270,1274,0,1347,1351,0,1188,1191,0,1190,1194,0,1442,1440,0.001386962552011095,1542,1553,0,1471,1476,0,1414,1418,0,,15847,15884,0,1
KT-HQ,P046,0,21996,0,0,23341,0,0,24196,0,0,27371,0,24486,24500,0,23952,23963,0,21127,21141,0,23677,23693,0,19848,19864,0,20200,20213,0,21323,21338,0,18484,18495,0,,173097,270111,0,1
KT-SN,P046,12697,12384,0.02465149247853826,12286,11996,0.023604102230180724,13567,13231,0.02476597626593946,13696,13368,0.02394859813084116,16186,15789,0.02452736933152111,11424,11181,0.02127100840336138,11744,11496,0.02111716621253401,10338,10116,0.021474172954149773,11343,11095,0.02186370448734898,11371,11129,0.021282209128484775,10766,10534,0.021549321939438926,11223,10937,0.025483382339837823,,146641,143256,0.023083585081934754,43
KT-HQ,P047,0,2742,0,0,3155,0,0,3807,0,0,4222,0,3342,3335,0.002094554159186135,3115,3106,0.002889245585874778,2703,2694,0.0033296337402886067,3309,3299,0.003022061045633073,2907,2897,0.0034399724802202103,2982,2971,0.0036887994634473564,2984,2973,0.003686327077747964,2461,2452,0.00365704997968308,,23803,37653,0,1
KT-SN,P047,28929,28260,0.0231255833246915,26846,26214,0.02354168218729047,31519,30709,0.025698784859925716,31244,30437,0.025828959160158704,32555,31677,0.02696974351098147,31859,30835,0.03214162403088605,26702,26330,0.013931540708561174,23920,23410,0.02132107023411367,26580,26020,0.02106847253574118,23522,23027,0.021044128900603698,25190,24648,0.021516474791583917,24803,24261,0.021852195298955768,,333669,325828,0.023499336168478324,58
KT-HQ,P048,0,10845,0,0,11440,0,0,11385,0,0,12804,0,11284,11336,0,12134,12189,0,10758,10802,0,11233,11282,0,10035,10076,0,10562,10607,0,11344,11388,0,9761,9801,0,,87111,133955,0,1
KT-SN,P048,15557,15203,0.0227550298900816,15340,14981,0.02340286831812255,17937,17483,0.025310810057423194,17599,17131,0.02659242002386497,19336,18804,0.027513446421183252,18320,17853,0.025491266375545885,16054,15685,0.022984925875171314,15528,15179,0.022475528078310103,17214,16825,0.022597885442082077,14314,13983,0.023124214056168824,15054,14713,0.022651786900491522,14483,14147,0.023199613339777714,,196736,191987,0.024138947625243934,46
KT-HQ,P049,0,17765,0,0,19273,0,0,19689,0,0,22289,0,20553,20553,0,20006,20000,0.00029991002699192304,17599,17592,0.000397749872151798,19789,19781,0.0004042649957046729,16964,16961,0.00017684508370663377,17496,17496,0,18172,18175,0,16040,16044,0,,146619,225618,0,1
KT-SN,P049,10118,10676,0,10691,11252,0,13135,13677,0,15709,16307,0,14029,14600,0,5236,5561,0,2514,2872,0,2772,3269,0,3552,4084,0,3289,3809,0,2279,2809,0,2035,2536,0,,85359,91452,0,1
KT-HQ,P050,0,57103,0,58074,56543,0.02636291627922993,59344,57656,0.028444324615799377,81260,78558,0.03325129214865863,79624,77047,0.03236461368431631,70587,68203,0.03377392437700988,66911,64955,0.029232861562373924,54521,53101,0.026045010179563843,61033,59314,0.028165091016335464,62637,61022,0.025783482606127395,58013,56414,0.027562787651043696,57362,55876,0.025905651825250176,,709366,745792,0,132
KT-SN,P050,15225,14783,0.02903119868637105,15443,14921,0.03380172246325197,18650,18102,0.029383378016085815,18410,17878,0.028897338403041872,19380,18664,0.0369453044375645,17742,17135,0.03421260286326233,15680,15233,0.02850765306122449,15492,15097,0.025497030725535774,15490,15126,0.023499031633311795,14807,14460,0.02343486188964683,15085,14726,0.023798475306595956,16224,15724,0.030818540433925068,,197628,191849,0.029241807840994172,155
KT-HQ,P051,0,14162,0,14639,14295,0.023498872873830234,12885,12546,0.026309662398137368,17062,16471,0.034638377681397214,20021,19354,0.03331501922980873,16890,16370,0.030787448194197764,15868,15387,0.030312578774892907,15479,15031,0.028942438141998816,17624,17074,0.031207444394008133,17472,16954,0.029647435897435903,16330,15834,0.030373545621555365,14590,14152,0.03002056202878689,,178860,187630,0,112
KT-SN,P051,10813,10541,0.025154906131508392,10754,10465,0.026873721405988427,12992,12672,0.024630541871921152,12537,12245,0.02329105846693791,13274,13158,0.008738888051830651,12166,11869,0.0244122965641953,10962,10693,0.024539317642765957,12108,11850,0.021308225966303218,12040,11806,0.01943521594684383,11300,11083,0.01920353982300882,11591,11364,0.019584160124234362,11593,11462,0.011299922366945547,,142130,139208,0.020558643495391493,93
KT-HQ,P052,0,15669,0,16674,16064,0.03658390308264359,14592,14038,0.03796600877192979,19014,18271,0.03907646996949621,22898,21887,0.04415232771421085,19030,18262,0.040357330530740976,17020,16347,0.03954171562867215,16558,15927,0.03810846720618433,18310,17578,0.03997815401419991,18256,17549,0.038726993865030646,16548,15921,0.03788977519941983,14879,14298,0.039048323139995955,,193779,201811,0,131
KT-SN,P052,12263,11697,0.04615510070945117,12192,11658,0.04379921259842523,14784,14151,0.042816558441558406,13009,12437,0.043969559535706026,15415,14287,0.07317547843010053,15104,14462,0.04250529661016944,13049,12462,0.0449842899839068,14170,13490,0.04798870853916726,13843,13280,0.04067037491873149,13861,13298,0.04061756006060169,13570,13036,0.03935151068533527,13715,13116,0.04367480860371853,,164975,157374,0.04607364752235188,119
KT-HQ,P053,0,0,,0,0,,0,0,,0,0,,0,0,,0,0,,0,0,,0,0,,0,0,,0,0,,0,0,,0,0,,,0,0,,1
KT-SN,P053,514,502,0.023346303501945553,513,502,0.021442495126705707,532,521,0.020676691729323293,507,497,0.01972386587771202,517,506,0.021276595744680882,567,555,0.021164021164021163,718,707,0.01532033426183843,890,877,0.014606741573033655,747,734,0.01740294511378848,610,598,0.01967213114754096,614,602,0.019543973941368087,556,543,0.023381294964028743,,7285,7144,0.01935483870967747,1
KT-HQ,P054,0,4349,0,0,4281,0,0,5757,0,0,6717,0,6494,6492,0.0003079765937789025,5961,5960,0.00016775708773697495,5266,5263,0.0005696923661222542,5618,5616,0.0003559985760056561,5601,5600,0.00017853954650959292,4009,4006,0.0007483162883512584,4508,4506,0.0004436557231588534,3996,3994,0.0005005005005005447,,41453,62541,0,1
KT-SN,P054,3027,3013,0.004625041295011512,3509,3493,0.004559703619264721,4246,4216,0.007065473386716925,4570,4540,0.006564551422319487,4203,4170,0.00785153461812993,3979,3951,0.007036943955767816,3797,3760,0.009744535159336265,3665,3630,0.009549795361528002,3619,3584,0.009671179883945835,3488,3458,0.008600917431192623,3948,3913,0.00886524822695034,3674,3641,0.008982035928143728,,45725,45369,0.007785675232367395,7
KT-HQ,P055,0,24316,0,0,26363,0,0,29486,0,0,33180,0,24623,25254,0,24029,24675,0,21824,22464,0,22236,22885,0,21232,21886,0,23200,23861,0,24789,25518,0,22054,22697,0,,183987,302585,0,1
KT-SN,P055,10675,10171,0.047213114754098395,10154,9643,0.05032499507583221,12912,12179,0.05676889714993805,14938,14077,0.05763823805060919,12770,12030,0.0579483163664839,10773,10208,0.05244592963891215,10911,10352,0.05123270094400145,9496,8997,0.05254844144903115,9752,9241,0.05239950779327318,9312,8830,0.05176116838487976,9313,8825,0.052399871147857824,11370,10753,0.05426561125769569,,132376,125306,0.05340847283495498,121
KT-HQ,P056,0,1664,0,0,1240,0,0,1146,0,0,1662,0,1591,1590,0.0006285355122563896,1596,1594,0.0012531328320801727,1534,1532,0.0013037809647978849,1585,1583,0.0012618296529968154,1618,1616,0.0012360939431397266,1512,1510,0.001322751322751281,1655,1653,0.0012084592145015227,1457,1455,0.0013726835964310569,,12548,18245,0,1
KT-SN,P056,4791,4624,0.03485702358589016,4089,3957,0.03228173147468816,4748,4601,0.03096040438079195,5198,5039,0.030588687956906502,4397,4258,0.03161246304298382,3722,3623,0.026598602901665824,3773,3666,0.0283593957063345,4756,4613,0.03006728343145504,4286,4164,0.02846476901539896,3322,3227,0.028597230583985556,3433,3336,0.02825517040489367,4157,4025,0.03175366851094541,,50672,49133,0.030371802968108597,55
KT-HQ,P057,0,42286,0,45437,44930,0.011158307106543086,44162,43580,0.01317875096236587,53524,52774,0.014012405649801996,64200,63247,0.014844236760124585,52347,51683,0.012684585554091021,49646,48932,0.01438182330902793,49990,49346,0.012882576515303112,50195,49489,0.014065145930869605,51792,51093,0.013496292863762749,46708,46064,0.013787787959236075,42580,41968,0.014372945044621943,,550581,585392,0,286
KT-SN,P057,8624,8391,0.02701762523191098,8063,7849,0.026540989706064777,9129,8896,0.025523058385365283,10857,10569,0.02652666482453714,9316,9070,0.026406182911120624,9107,8845,0.028769078730646713,9306,9061,0.026327100795185854,8780,8532,0.028246013667425962,8961,8714,0.027563887958933164,9092,8855,0.02606687197536295,8484,8261,0.026284771334276313,9078,8825,0.02786957479621066,,108797,105868,0.02692169820859036,64
KT-HQ,P058,0,12700,0,0,12488,0,0,14797,0,0,15122,0,14921,15639,0,14437,15187,0,13739,14542,0,14625,15440,0,16475,17353,0,12717,13512,0,15284,16171,0,13309,14076,0,,115507,177027,0,1
KT-SN,P058,8511,8279,0.027258841499236297,9060,8780,0.030905077262693204,9991,9702,0.02892603343008704,11052,10705,0.03139703221136447,13847,13373,0.03423124142413514,8665,8413,0.029082515868436243,7800,7592,0.026666666666666616,7319,7100,0.029922120508266148,7249,7045,0.028141812663815657,7448,7242,0.027658431793770144,7161,6948,0.029744449099287862,8296,8051,0.029532304725168768,,106399,103230,0.02978411451235441,102
KT-HQ,P059,0,2265,0,0,2269,0,0,2746,0,0,3152,0,3030,3326,0,2979,3289,0,2887,3191,0,2754,3070,0,2554,2879,0,2019,2320,0,2374,2705,0,1787,2073,0,,20384,33285,0,1
KT-SN,P059,4451,3914,0.12064704560772865,4783,4226,0.11645410830022995,4993,4440,0.11075505707991185,5441,4764,0.12442565704833675,5657,4866,0.13982676330210364,5141,4428,0.1386889710173118,3930,3793,0.03486005089058519,4581,4461,0.026195153896529155,4090,3965,0.030562347188264005,4391,4261,0.029606012297882067,4330,4205,0.02886836027713624,3751,3636,0.030658491069048277,,55539,50959,0.08246457444318411,41
KT-HQ,P060,0,10854,0,12494,12276,0.017448375220105672,12940,12699,0.018624420401854747,13692,13452,0.01752848378615246,16054,15749,0.0189983804659275,14680,14374,0.020844686648501365,11886,8306,0.3011946828201245,8019,7858,0.020077316373612653,9643,9445,0.020533029140309078,9335,9140,0.020889126941617597,8700,8518,0.02091954022988507,8220,8033,0.022749391727493906,,125663,130704,0,109
KT-SN,P060,22339,21366,0.043556112628139076,24286,23224,0.04372889730709051,24371,23205,0.04784374871773833,27641,26296,0.04865959986975865,24670,23546,0.04556141062018648,22537,21536,0.044415849491946546,21070,20179,0.04228761271950643,22993,22011,0.04270865045883532,21789,20902,0.040708614438478175,22526,21360,0.051762407884222705,21499,20615,0.041118191543792704,21512,20610,0.041930085533655626,,277233,264850,0.04466639974317632,148
KT-HQ,P061,0,12955,0,15032,14698,0.02221926556679088,14927,14581,0.023179473437395348,15296,14932,0.02379707112970708,15983,15623,0.022523931677407294,16777,16377,0.023842164868570048,14770,14397,0.025253893026404906,14357,14023,0.023263913073761966,16077,15690,0.02407165515954468,14580,14419,0.011042524005486998,15775,15556,0.013882725832012666,13702,13520,0.013282732447817858,,167276,176771,0,86
KT-SN,P061,11709,11437,0.02322999402169268,11963,11681,0.023572682437515646,14181,13845,0.0236936746350751,12947,12653,0.022707963234726236,13232,12933,0.022596735187424444,11838,11574,0.02230106436898127,10660,10431,0.02148217636022509,10256,10026,0.02242589703588138,11952,11588,0.0304551539491299,10678,10022,0.061434725604045726,11006,10783,0.020261675449754657,11726,11459,0.02276991301381548,,142148,138432,0.026141767735036736,52
KT-HQ,P062,0,13254,0,15473,15257,0.013959800943579181,16408,16181,0.013834714773281354,17102,16857,0.01432580984680154,19944,19647,0.014891696750902517,17812,17565,0.013867055917359039,15241,15021,0.014434748376090822,14513,14268,0.016881416660924686,16861,16660,0.011921001126860786,15376,15159,0.014112903225806495,14664,14472,0.013093289689034338,14708,14498,0.014277943976067409,,178102,188839,0,117
KT-SN,P062,9328,8787,0.057997427101200705,9130,8583,0.05991237677984662,11123,10414,0.0637417962779826,5072,10311,0,17698,10926,0.38264210645270647,12465,11554,0.07308463698355394,10098,9431,0.06605268369974249,10307,9664,0.062384787037935374,9647,9104,0.05628692857883277,9537,9011,0.05515361224703785,9200,8704,0.05391304347826087,9358,8805,0.059093823466552675,,122963,115294,0.06236835470832691,56
KT-HQ,P063,0,11384,0,13115,12927,0.014334731223789587,13340,13099,0.01806596701649177,13289,13093,0.014749040559861593,15913,15658,0.016024633947087308,14381,14180,0.013976774911341305,12468,12236,0.01860763554700029,11970,11705,0.022138680033416902,13209,12979,0.017412370353546813,11959,11720,0.019984948574295558,11644,11428,0.018550326348333868,12251,12015,0.01926373357276956,,143539,152424,0,110
KT-SN,P063,5304,5194,0.020739064856711953,5684,5569,0.020232230823363784,6688,6549,0.020783492822966543,8805,8639,0.018852924474730304,10069,9872,0.019565001489720957,6489,6347,0.021883186931730636,6324,6199,0.019765970904490837,6506,6370,0.02090378112511526,6069,5938,0.021585104630087337,5631,5522,0.019357130172260706,6385,6253,0.02067345340642135,5782,5660,0.021099965409892785,,79736,78112,0.020367211798936524,71
KT-HQ,P064,0,13629,0,14222,13800,0.029672338630291062,14969,14468,0.033469169617208916,16104,15649,0.02825384997516145,19612,18991,0.03166428717111969,16247,15764,0.029728565273589025,14191,13719,0.03326051722922985,14805,14397,0.027558257345491333,15052,14554,0.033085304278501204,14458,13971,0.03368377368930697,13648,13198,0.03297186400937868,13239,12812,0.03225319132865023,,166547,174952,0,200
KT-SN,P064,3093,2997,0.03103782735208538,3319,3218,0.030430852666465835,3497,3393,0.029739776951672847,3529,3425,0.029470104845565337,4021,3911,0.027356379010196497,3793,3680,0.02979172159240706,3577,3467,0.030752026838132496,3874,3752,0.031491997934950944,3802,3693,0.028669121514992124,3685,3567,0.03202170963364992,4118,3991,0.0308402136959689,3814,3696,0.030938647089669646,,44122,42790,0.03018902134989343,49
KT-HQ,P065,0,8345,0,8272,8044,0.02756286266924568,8604,8414,0.02208275220827527,9896,9611,0.028799514955537564,11294,10945,0.030901363555870365,9727,9532,0.02004729104554337,8283,8222,0.007364481468067119,8108,7983,0.015416872224963019,8199,8085,0.013904134650567168,8200,8077,0.015000000000000013,8786,8498,0.03277942180742088,8630,8556,0.008574739281575927,,97999,104312,0,98
KT-SN,P065,9138,9144,0,7851,7858,0,5514,5520,0,6548,6555,0,5225,5231,0,5911,5917,0,8498,8506,0,7795,7804,0,5841,5848,0,5868,5875,0,5768,5775,0,4427,4434,0,,78384,78467,0,1
KT-HQ,P066,0,17581,0,17494,17124,0.02115010860866584,17981,17561,0.0233579889883766,18644,18262,0.020489165415147004,20703,20255,0.021639375935854743,19556,19150,0.02076089179791374,16820,16427,0.023365041617122495,17237,16765,0.02738295527063872,17553,17178,0.021363869424030124,16538,16045,0.029810134236304298,17381,16933,0.025775271848570314,16536,16103,0.026185292694726692,,196443,209384,0,198
KT-SN,P066,9354,9302,0.005559119093435982,8408,9562,0,6155,10496,0,9005,11197,0,10940,10677,0.02404021937842782,11806,11443,0.03074707775707264,9892,9590,0.03052972098665585,10169,9864,0.029993116333956182,9732,9437,0.030312371557747686,9776,9457,0.03263093289689034,10917,10858,0.005404415132362339,10036,9730,0.03049023515344762,,116190,121613,0,73
KT-HQ,P067,0,19356,0,19833,18835,0.050320173448293204,20549,19452,0.05338459292422992,21144,20062,0.05117290957245557,23340,22103,0.05299914310197085,20858,20109,0.03590948317192444,19523,18729,0.040669978999129275,21352,20434,0.042993630573248454,21440,20505,0.043610074626865725,20413,19395,0.04987018076715821,19457,18783,0.03464048928406227,18764,17974,0.04210189725005331,,226673,235737,0,189
KT-SN,P067,4980,4874,0.02128514056224895,5020,4908,0.0223107569721116,5735,5614,0.021098517872711442,6750,6615,0.020000000000000018,6263,6117,0.023311512054925765,6102,5953,0.024418223533267835,5224,5092,0.025267993874425687,5634,5495,0.02467163649272275,5097,4968,0.025309005297233678,4858,4732,0.025936599423631135,5125,5003,0.02380487804878051,4638,4517,0.026088831392841794,,65426,63888,0.02350747409286824,40
KT-HQ,P068,0,13641,0,14360,13847,0.035724233983286946,15376,14867,0.033103537981269526,15840,15349,0.030997474747474718,17643,17073,0.032307430709063056,15457,14923,0.03454745422785788,13785,13378,0.029524845846935044,14593,14180,0.028301240320701693,14670,14210,0.0313565098841172,14583,14099,0.03318933004182956,13595,13181,0.030452372195660216,13157,12741,0.03161815003420232,,163059,171489,0,177
KT-SN,P068,10319,9889,0.041670704525632374,10534,10081,0.04300360736662234,12186,11679,0.04160512063023136,13287,12732,0.041770151275682954,12333,11807,0.042649801345982286,12572,12144,0.03404390709513205,10642,10226,0.039090396542003414,11406,10954,0.03962826582500434,11025,10591,0.03936507936507938,11421,10955,0.04080203134576654,12264,11761,0.041014350945857814,10876,10394,0.044317763883780836,,138865,133213,0.04070140064091021,134
KT-HQ,P069,0,12509,0,13751,13197,0.040287979056068624,16284,15668,0.03782854335544095,17556,16793,0.04346092503987242,21760,20963,0.03662683823529411,17937,17261,0.037687461671405464,16135,15460,0.04183452122714593,15996,15450,0.03413353338334579,16532,15911,0.03756351318654727,17051,16383,0.03917658788340861,15577,14956,0.03986646979521091,16589,15946,0.03876062451021767,,185168,190497,0,164
KT-SN,P069,19536,18862,0.034500409500409446,20927,20177,0.035838868447460204,21661,20862,0.03688657033377962,23693,22830,0.0364242603300553,22624,21835,0.034874469589816104,18601,17979,0.03343906241599914,16536,16015,0.03150701499758102,17587,17042,0.030988798544379415,16453,15931,0.031726736765331554,16399,15877,0.03183120922007443,18695,17990,0.03771061781224927,19011,18392,0.03256009678607119,,231723,223792,0.03422620974180379,117
KT-HQ,P070,0,12518,0,12697,12328,0.029061983145624914,12806,12517,0.022567546462595622,13099,12770,0.02511642110084744,14011,13718,0.020912140461066264,12309,11993,0.025672272321065837,11260,11020,0.02131438721136769,11609,11269,0.029287621672840047,11687,11448,0.02045007273038424,11463,11189,0.02390299223588943,10870,10608,0.024103035878564882,11554,11248,0.026484334429634715,,133365,142626,0,157
KT-SN,P070,4472,4306,0.0371198568872988,4589,4420,0.03682719546742208,4359,4208,0.03464097270016053,5207,5037,0.03264835797964283,4848,4703,0.029909240924092417,4262,4149,0.026513374002815615,3942,3838,0.026382546930492135,4199,4088,0.02643486544415341,3751,3646,0.02799253532391366,3813,3702,0.029110936270652976,4005,3884,0.030212234706616714,4118,3990,0.031083050024283687,,51565,49971,0.03091244060894016,66
KT-HQ,P071,0,12059,0,12515,12062,0.03619656412305239,13523,13124,0.02950528728832358,14835,14300,0.03606336366700369,16415,15917,0.03033810539141024,13774,13286,0.03542906926092637,12017,11709,0.025630356994258086,12434,12028,0.03265240469679909,12836,12444,0.030539108756622024,12501,12139,0.028957683385329225,11324,10968,0.031437654539032134,11694,11305,0.03326492218231569,,143868,151341,0,138
KT-SN,P071,12413,11868,0.04390558285668256,13415,13153,0.019530376444278796,14192,13265,0.06531848928974071,14904,14290,0.04119699409554478,12403,11896,0.04087720712730791,9150,8778,0.04065573770491804,8140,7799,0.04189189189189191,9142,8761,0.041675782104572345,8402,8039,0.043203999047845776,8734,8359,0.042935653766888016,10568,10113,0.04305450416351253,12430,11909,0.04191472244569594,,133893,128230,0.04229496687653578,153
KT-HQ,P072,0,11647,0,13028,12681,0.026634940128953066,14295,13955,0.023784540048968128,15030,14686,0.022887558216899584,13932,13636,0.02124605225380416,14283,13961,0.02254428341384862,13214,12888,0.024670803693052856,13739,13446,0.021326151830555307,15067,14721,0.02296409371474084,13289,12980,0.0232523139438634,14519,14186,0.022935463874922513,10651,10400,0.02356586236034175,,151047,159187,0,123
KT-SN,P072,11526,11128,0.034530626409855936,13033,12577,0.03498810711271383,12487,12059,0.03427564667253946,14841,14365,0.032073310423825885,13214,12804,0.03102769789617077,11040,10693,0.031431159420289845,10331,10012,0.03087794018004064,11621,11256,0.0314086567421048,10807,10459,0.03220135097621912,11318,10950,0.03251457854744655,11778,11393,0.03268806248938694,11618,11209,0.03520399380271988,,143614,138905,0.032789282381940454,158
KT-HQ,P073,0,41221,0,45525,43329,0.04823723228995058,50198,47795,0.04787043308498351,55493,52894,0.04683473591263765,54341,51512,0.05206013875342741,53706,51269,0.045376680445387896,22790,44210,0,72460,46673,0.3558791057134971,51431,49052,0.04625614901518538,46042,44179,0.040463055471091636,50797,48426,0.0466759848022521,44149,41968,0.04940089243244472,,546932,562528,0,344
KT-SN,P073,2718,2636,0.030169242089771897,2883,2787,0.03329864724245579,3381,3271,0.032534753031647434,3787,3659,0.03379984156324267,3281,3175,0.0323072234074977,3305,3199,0.03207261724659605,2734,2648,0.03145574250182881,2800,2705,0.03392857142857142,2690,2605,0.03159851301115246,3069,2963,0.03453893776474426,3049,2947,0.03345359134142345,2742,2649,0.03391684901531733,,36439,35244,0.0327945333296743,48
KT-HQ,P074,0,32658,0,38968,38184,0.020119072059125442,40198,39307,0.022165281854818697,51974,50767,0.023223150036556728,53456,52153,0.024375187069739623,43460,42514,0.021767142199723866,35748,34960,0.022043191227481218,42639,41745,0.020966720607894174,39821,38993,0.020793048893799737,38651,37737,0.02364751235414353,42382,41547,0.01970176018120895,34255,33189,0.031119544592030368,,461552,483754,0,247
KT-SN,P074,9277,9080,0.021235313140023693,9459,9253,0.021778200655460433,11245,11013,0.020631391729657667,12277,12025,0.020526187179278343,10741,10495,0.022902895447351246,11199,10986,0.01901955531743904,9025,8826,0.02204986149584487,9468,9245,0.023553020701309713,9116,8918,0.02172005265467314,9464,9256,0.02197802197802201,10017,9791,0.022561645203154623,9553,9325,0.023866848110541183,,120841,118213,0.02174758567042645,122
KT-HQ,P075,0,52782,0,0,50658,0,0,51357,0,0,52963,0,40700,41667,0,46331,47393,0,29219,30029,0,25723,26472,0,37017,37936,0,23403,24104,0,22826,23573,0,28401,29151,0,,253620,468085,0,1
KT-SN,P075,23985,23146,0.034980195955805704,23824,22989,0.035048690396239035,25655,24739,0.03570454102514131,29831,28601,0.04123227515001171,28163,26985,0.04182793026311116,27528,26333,0.043410345829700714,23860,22752,0.04643755238893543,25433,24238,0.046986199032752696,25666,24525,0.04445570014805578,24654,23558,0.044455260809604935,24289,23288,0.04121207130799953,22529,21722,0.035820498024768055,,305417,292876,0.04106189242903968,141
KT-HQ,P076,0,21364,0,24467,23760,0.028896064086320394,25325,24577,0.029536031589338596,29472,28542,0.03155537459283386,28716,27840,0.030505641454241506,26449,25664,0.029679761049567044,22822,22146,0.029620541582683346,28299,27430,0.03070779886215058,24943,24169,0.03103075011025136,25019,24309,0.028378432391382602,26567,25792,0.029171528588098017,21754,21122,0.029052128344212558,,283833,296715,0,209
KT-SN,P076,34634,35665,0,30254,31213,0,30207,31096,0,26449,27377,0,19639,20533,0,14026,14934,0,13665,14568,0,8944,9543,0,0,0,,747,705,0.05622489959839361,716,683,0.0460893854748603,868,823,0.0518433179723502,,180149,187140,0,19
KT-HQ,P077,0,9425,0,4164,11032,0,18832,11345,0.3975679694137638,13351,12976,0.028087783686615242,12608,12264,0.027284263959390875,10775,10507,0.024872389791183336,8688,8478,0.024171270718231996,10655,10380,0.025809479117785084,10863,10574,0.026604068857590035,10377,10117,0.025055411005107442,11500,11203,0.025826086956521777,10110,9817,0.028981206726013897,,121923,128118,0,95
KT-SN,P077,8261,8272,0,4882,4887,0,0,0,,0,0,,0,0,,0,0,,0,0,,964,968,0,1826,1829,0,2079,2288,0,1630,1537,0.057055214723926384,1593,1498,0.05963590709353417,,21235,21279,0,1
KT-HQ,P078,0,8465,0,9692,9458,0.024143623607098652,9762,9536,0.023150993648842433,11492,11244,0.021580229725026157,10996,10756,0.021826118588577637,10357,10129,0.02201409674616206,8742,8539,0.023221230839624796,10105,9874,0.022859970311726818,9764,9538,0.023146251536255602,9814,9591,0.022722641124923615,10233,9996,0.0231603635297567,8948,8717,0.025815824765310635,,109905,115843,0,145
KT-SN,P078,3177,3065,0.03525338369531006,3259,3146,0.0346732126419147,3903,3777,0.032282859338970016,4483,4342,0.03145215257639977,4060,3751,0.07610837438423645,3676,3446,0.06256800870511425,3598,3335,0.07309616453585321,3461,3237,0.06472117885004336,3373,3081,0.08656981915209017,3623,3289,0.09218879381727851,3258,3071,0.05739717618170659,3359,3242,0.03483179517713608,,43230,40782,0.05662734212352538,59
KT-HQ,P079,0,22374,0,26004,25172,0.03199507768035692,26908,26098,0.030102571725880822,32216,31225,0.030761112490687803,29654,28751,0.030451203884804712,27086,26273,0.030015506165546824,22991,22237,0.032795441694576155,27246,26389,0.031454158408573685,25733,24943,0.03069987953211828,26671,25820,0.03190731506130251,27218,26381,0.03075170842824604,22918,22115,0.03503796142769877,,294645,307778,0,362
KT-SN,P079,5376,5197,0.03329613095238093,5479,5306,0.031575104946158006,5850,5656,0.03316239316239311,6775,6573,0.029815498154981523,5686,5342,0.060499472388322206,5791,5503,0.04973234329131415,5398,5122,0.05113004816598743,5692,5416,0.048489107519325336,5419,5093,0.06015870086731867,6145,5763,0.062164361269324675,5632,5387,0.043501420454545414,5499,5246,0.046008365157301334,,68742,65604,0.045648948241249876,84
KT-HQ,P080,0,6805,0,0,7814,0,0,8019,0,0,8032,0,6488,6977,0,5890,6387,0,4536,5039,0,5202,5708,0,6650,7183,0,4760,5244,0,3782,4278,0,6091,6570,0,,43399,78056,0,1
KT-SN,P080,6927,6691,0.034069582791973474,6912,6685,0.03284143518518523,6992,6766,0.032322654462242584,8705,8438,0.030672027570361915,7173,6827,0.04823644221385748,7015,6736,0.039771917320028494,6520,6206,0.04815950920245404,6882,6591,0.042284219703574544,6491,6140,0.05407487290093971,7307,6913,0.053920897769262344,6329,6059,0.042660767893822116,6471,6245,0.03492505022407666,,83724,80297,0.040932110267068,107
KT-HQ,P081,0,414,0,0,481,0,0,442,0,0,576,0,470,469,0.0021276595744680327,480,479,0.002083333333333326,410,409,0.0024390243902439046,447,447,0,497,496,0.002012072434607659,438,437,0.0022831050228310223,512,511,0.001953125,416,416,0,,3670,5577,0,1
KT-SN,P081,6638,6453,0.027869840313347383,7076,6879,0.027840587902769887,7438,7227,0.02836784081742405,8496,8268,0.026836158192090398,6121,5790,0.054076131351086465,5723,5475,0.043333915778437926,5241,4932,0.05895821408128221,5451,5203,0.04549623922216106,5258,4920,0.06428299733739062,5926,5550,0.06344920688491396,5847,5597,0.042756969386009924,6920,6700,0.03179190751445082,,76135,72994,0.04125566428055427,76
KT-HQ,P082,0,68835,0,78659,74803,0.049021726693703194,82881,79817,0.03696866591860615,91577,87142,0.048429190735665095,105836,100652,0.04898144298726337,93541,89383,0.04445109631070865,83627,79823,0.045487701340476194,77051,74375,0.03473024360488508,90869,88102,0.030450428639029803,84064,80406,0.04351446516939472,80467,77048,0.04248946773211382,80856,77502,0.04148115167705546,,949428,977888,0,209
KT-SN,P082,4976,4818,0.031752411575562745,4985,4826,0.03189568706118351,4877,4712,0.03383227393889687,5831,5651,0.030869490653404164,4693,4481,0.04517366290219471,4470,4263,0.04630872483221482,3914,3739,0.04471129279509456,4373,4186,0.04276240567116396,4393,4166,0.051673116321420465,4456,4237,0.049147217235188556,4458,4289,0.037909376401974004,4638,4469,0.03643811987925827,,56064,53837,0.039722460045662156,49
KT-HQ,P083,0,7898,0,8772,8515,0.029297765617875005,9423,9154,0.02854717181364741,12478,12113,0.029251482609392476,10792,10491,0.027891030392883653,10723,10426,0.027697472722185923,0,8806,0,7985,9466,0,9793,9486,0.03134892269988765,10552,10255,0.028146322971948412,10463,10171,0.02790786581286442,9036,8749,0.03176184152279771,,100017,115530,0,109
KT-SN,P083,5032,5054,0,5330,5490,0,5353,5725,0,5848,6659,0,4677,5365,0,4362,5347,0,4192,4840,0,4294,5320,0,4904,5364,0,5193,5119,0.014249951858270715,5100,5110,0,5332,5311,0.003938484621155314,,59617,64704,0,59
KT-HQ,P084,0,15929,0,17249,16570,0.0393646008464259,17721,17055,0.037582529202640935,25112,24039,0.04272857597961133,21107,20242,0.04098166485052357,18727,18010,0.038286965344155544,14105,13610,0.03509393831974472,14828,14349,0.03230374966280014,14763,14270,0.03339429655219128,16493,15938,0.033650639665312565,15594,15071,0.033538540464281175,13825,13347,0.03457504520795662,,189524,198430,0,147
KT-SN,P084,3024,2885,0.04596560846560849,3419,3276,0.041825095057034245,3612,3453,0.04401993355481726,4106,3920,0.045299561617145656,3464,3162,0.08718244803695152,3214,2985,0.07125077784691969,2841,2616,0.0791974656810982,3099,2900,0.06421426266537589,3140,2852,0.09171974522292992,3133,2836,0.0947973188637089,3034,2853,0.05965721819380354,3215,3064,0.046967340590979734,,39301,36802,0.06358616829088315,50
KT-HQ,P085,0,5741,0,5805,5633,0.029629629629629672,5970,5795,0.029313232830820768,6744,6530,0.031731909845788886,6163,5965,0.032127210773973736,5788,5595,0.033344851416724275,4948,4777,0.03455941794664508,5219,5050,0.032381682314619686,5275,5106,0.03203791469194317,5902,5706,0.033209081667231466,5573,5401,0.03086308989772113,5177,5021,0.030133281823449876,,62564,66320,0,53
KT-SN,P085,5060,4874,0.03675889328063242,5100,4921,0.03509803921568633,5658,5474,0.03252032520325199,6839,6601,0.03480040941658136,5497,5208,0.05257413134436961,5248,5010,0.045350609756097615,4506,4268,0.052818464269862364,4752,4532,0.04629629629629628,4716,4431,0.060432569974554706,4455,4188,0.05993265993265995,4398,4198,0.045475216007276,4459,4282,0.03969499887867234,,60688,57987,0.044506327445293925,74
KT-HQ,P086,0,217320,0,0,90110,0,0,54080,0,0,25870,0,16500,16510,0,16410,16420,0,16360,16380,0,15000,15000,0,17020,17030,0,15260,15270,0,14780,14780,0,122150,122190,0,,233480,620960,0,1
KT-SN,P086,2649,3009,0,2787,3124,0,3462,3778,0,3746,4089,0,2815,3075,0,18081,18531,0,3798,4043,0,10655,10942,0,0,0,,72,39,0.45833333333333337,717,719,0,761,728,0.04336399474375818,,49543,52077,0,19
KT-HQ,P087,0,96409,0,108762,105565,0.029394457623066916,111059,107591,0.031226645296644095,117797,113704,0.034746215947774606,131141,126654,0.03421508147718866,126535,122653,0.0306792587031256,111331,107495,0.03445581194815461,102577,100016,0.02496661044873605,118400,114785,0.030532094594594605,107210,103885,0.031013897957280157,104403,101300,0.02972136815991877,111910,108392,0.03143597533732467,,1251125,1308449,0,629
KT-SN,P087,47914,47915,0,43254,43211,0.000994127710731929,6040,6021,0.0031456953642383656,8622,8603,0.002203665042913472,11101,11066,0.0031528691108909657,35556,35547,0.00025312183597703264,29593,29582,0.00037170952590137585,33212,33215,0,34859,34843,0.00045899193895404533,49166,49155,0.00022373184721147243,41907,41886,0.0005011095998281867,81488,81453,0.0004295110936579638,,422712,422497,0.0005086205265050214,1
KT-HQ,P088,0,15100,0,17335,16620,0.041246034035188894,17802,17098,0.0395461184136614,21656,20809,0.039111562615441464,20038,19257,0.03897594570316398,17197,16532,0.03866953538407858,14819,14195,0.04210810446048996,16420,15755,0.04049939098660171,18335,17605,0.03981456231251701,18043,17220,0.045613257218866,19028,18360,0.03510615934412442,16526,15849,0.04096575093791599,,197199,204400,0,235
KT-SN,P088,2359,2289,0.029673590504451064,2323,2256,0.02884201463624625,2911,2832,0.02713844039848845,2954,2871,0.02809749492213942,2586,2515,0.027455529775715415,2215,2154,0.027539503386004527,1936,1877,0.030475206611570216,1971,1912,0.029934043632673824,1912,1857,0.028765690376569064,1995,1936,0.029573934837092697,2376,2306,0.02946127946127941,3164,3067,0.030657395701643497,,28702,27872,0.028917845446310375,32
KT-HQ,P089,0,9277,0,10366,10100,0.02566081420027011,10758,10484,0.025469418107454955,11926,11659,0.02238805970149249,11587,11269,0.027444549926641915,10605,10340,0.024988213107025037,9291,9049,0.02604671187170382,10103,9848,0.02524002771454026,10378,10116,0.02524571208325299,10242,9987,0.02489748096074984,11105,10819,0.02575416479063486,9609,9352,0.026745759184098272,,115970,122300,0,131
KT-SN,P089,3220,3155,0.02018633540372672,3326,3215,0.033373421527360225,4368,4234,0.03067765567765568,5213,5058,0.029733358910416285,4279,4141,0.03225052582379062,4074,3949,0.030682376043200787,3282,3186,0.029250457038391242,3389,3290,0.02921215697845969,3339,3224,0.034441449535789204,3409,3312,0.028454092109122864,3636,3514,0.03355335533553361,3508,3389,0.0339224629418472,,45043,43667,0.0305485869058455,62
KT-HQ,P090,0,4467,0,4454,4876,0,2877,5066,0,4343,5830,0,5605,5425,0.03211418376449604,4990,4831,0.03186372745490984,4411,4255,0.035366130129222406,4751,4593,0.03325615659861081,4986,4820,0.03329322101885279,5225,5058,0.0319617224880383,5688,5498,0.03340365682137836,4866,4695,0.03514180024660918,,52196,59414,0,89
KT-SN,P090,2719,2634,0.031261493196028,2682,2601,0.030201342281879207,3088,2996,0.029792746113989632,3300,3220,0.024242424242424288,2730,2642,0.03223443223443223,2999,2912,0.02900966988996334,2729,2648,0.029681201905459864,2673,2595,0.029180695847362492,2629,2543,0.03271205781666031,2583,2505,0.030197444831591147,2758,2676,0.029731689630166813,2738,2647,0.033235938641344,,33628,32619,0.030004757939812055,48
KT-HQ,P091,0,13808,0,16015,15241,0.048329690914767354,15876,15130,0.046989166036785046,18630,17770,0.04616210413311861,17320,16536,0.04526558891454968,15436,14722,0.04625550660792954,13115,12508,0.046282882195958774,14339,13669,0.046725713090173704,14435,13780,0.045375822653273334,14483,13829,0.04515639025063867,14948,14251,0.046628311479796625,13521,12877,0.04762961319429038,,168118,174121,0,217
KT-SN,P091,6994,6704,0.04146411209608236,7634,7336,0.03903589206182867,9509,9114,0.04153959406877694,9290,8922,0.03961248654467164,9068,8723,0.0380458756065285,9693,9338,0.03662436810069125,8590,8327,0.030616996507566885,8077,7790,0.035532994923857864,8234,7941,0.03558416322564972,7585,7318,0.03520105471324986,8583,8272,0.03623441687055806,7941,7643,0.03752675985392273,,101198,97428,0.03725370066602107,72
KT-HQ,P092,0,3691,0,4202,4058,0.034269395525939994,4194,4045,0.03552694325226513,4796,4648,0.030859049207673017,0,4331,0,2102,3904,0,3436,3333,0.029976717112922047,4050,3924,0.03111111111111109,4218,4088,0.03082029397818875,4335,4202,0.030680507497116483,4330,4188,0.03279445727482677,3809,3692,0.030716723549488067,,39472,48104,0,65
KT-SN,P092,9178,8723,0.04957507082152979,9111,8650,0.0505981780265613,10898,10381,0.04743989722884934,11248,10669,0.05147581792318634,10110,9569,0.05351137487636004,10865,10359,0.04657156005522323,9987,9542,0.04455792530289371,10136,9684,0.04459352801894234,10038,9590,0.04463040446304045,9600,9172,0.04458333333333331,10304,9829,0.04609860248447206,9672,9200,0.04880066170388753,,121147,115368,0.04770237810263567,99
KT-HQ,P093,0,8001,0,9203,8781,0.045854612626317515,9791,9294,0.05076090286998258,11202,10624,0.051597928941260474,10683,10178,0.047271365721239356,9078,8648,0.04736726151134607,7697,7335,0.04703131090035073,8750,8336,0.04731428571428575,10044,9607,0.04350856232576661,8739,8292,0.051150017164435235,9735,9212,0.05372367745249096,8518,8043,0.055764263911716405,,103440,106351,0,54
KT-SN,P093,4813,4708,0.02181591522958659,4339,4244,0.021894445724821354,4443,4348,0.02138194913346836,4465,4369,0.02150055991041433,4626,4556,0.015131863380890564,5559,5430,0.02320561252023745,5123,5011,0.021862190122974856,5254,5140,0.02169775409212027,5801,5668,0.022927081537665872,5166,5048,0.02284165698799845,5825,5688,0.023519313304721012,5164,5040,0.024012393493415995,,60578,59250,0.021922149955429404,15
KT-HQ,P094,0,6622,0,0,7434,0,0,7455,0,0,9545,0,7549,7630,0,7807,7895,0,6664,6747,0,7801,7879,0,6961,7039,0,7411,7505,0,6412,6475,0,5754,5821,0,,56359,88047,0,1
KT-SN,P094,2843,2781,0.021807949349278877,2963,2897,0.022274721565980427,3884,3804,0.02059732234809475,4138,4051,0.021024649589173494,3834,4360,0,4805,4835,0,4808,4668,0.02911813643926786,4919,4796,0.025005082333807716,5938,5777,0.02711350623105424,5754,5583,0.029718456725756015,5616,5453,0.029024216524216495,5100,4937,0.03196078431372551,,54602,53942,0.012087469323468047,39
KT-HQ,P095,0,13937,0,0,15773,0,0,15824,0,0,18443,0,15341,15343,0,14802,14803,0,12653,12653,0,15238,15240,0,13438,13439,0,14675,14676,0,14200,14201,0,15037,15038,0,,115384,179370,0,1
KT-SN,P095,3296,3247,0.014866504854368912,3229,3178,0.015794363580055704,3667,3615,0.014180529042814305,3879,3824,0.014178912090745066,3500,3448,0.014857142857142902,3788,3735,0.013991552270327334,3429,3385,0.012831729367162481,3279,3236,0.01311375419335159,3326,3278,0.014431749849669218,3171,3134,0.011668243456322891,3488,3440,0.013761467889908285,3596,3537,0.016407119021134564,,41648,41057,0.01419035728006146,19
KT-HQ,P096,0,7988,0,0,8710,0,0,8779,0,0,10476,0,8867,8930,0,8365,8424,0,7277,7335,0,8626,8691,0,8183,8247,0,8338,8402,0,7670,7727,0,7748,7810,0,,65074,101519,0,1
KT-SN,P096,50496,51660,0,30026,30729,0,40662,41450,0,37870,38731,0,38348,39219,0,39555,40449,0,34395,35261,0,24193,24786,0,0,0,,87,43,0.5057471264367817,827,855,0,1049,1023,0.024785510009532885,,297508,304206,0,32
KT-HQ,P097,0,8558,0,0,9576,0,0,9379,0,0,11070,0,9272,9337,0,9179,9247,0,8134,8191,0,10245,10319,0,8890,8958,0,9564,9636,0,8810,8880,0,8173,8237,0,,72267,111388,0,1
KT-SN,P097,1158630,1158540,7.767794723079202e-05,1375640,1375590,3.6346718618296414e-05,1300020,1300730,0,1347670,1348430,0,878300,878590,0,423550,423880,0,387070,387070,0,444700,470500,0,406920,406930,0,716190,718310,0,745150,1168000,0,1644880,1436100,0.12692719225718596,,10828720,11072670,0,1
KT-HQ,P098,0,18563,0,0,20451,0,0,20529,0,0,24103,0,21098,21346,0,13677,20046,0,24220,17992,0.2571428571428571,21193,21174,0.0008965224366536129,18902,18885,0.0008993757274362579,19971,19951,0.0010014521055530246,18533,18509,0.0012949873199158413,17955,17930,0.0013923698134225004,,155549,239479,0,1
KT-SN,P098,5683,6468,0,6295,7108,0,89568,91415,0,160122,163199,0,235827,240546,0,251520,256319,0,198003,201533,0,214499,218396,0,62225,63736,0,21032,21980,0,195954,200055,0,158453,161777,0,,1599181,1632532,0,1
KT-HQ,P099,0,5896,0,0,6526,0,0,6418,0,0,7383,0,6781,6827,0,6928,6976,0,5894,5937,0,7003,7053,0,6089,6133,0,6341,6387,0,5741,5782,0,5419,5459,0,,50196,76777,0,1
KT-SN,P099,25234,25222,0.0004755488626456694,27096,27079,0.000627398878063179,27799,27781,0.000647505305946261,30742,30723,0.0006180469715698633,27700,27684,0.0005776173285199082,26392,26382,0.00037890269778717567,22776,22768,0.00035124692658938805,25501,25490,0.0004313556331124735,23066,23060,0.00026012312494583245,23736,23726,0.00042130097741821526,24167,24158,0.00037240865643228815,22230,22224,0.00026990553306338594,,306439,306297,0.0004633874931062598,1
KT-HQ,P100,0,5187,0,0,5705,0,0,5747,0,0,6587,0,5296,5466,0,5409,5588,0,4637,4786,0,5396,5573,0,4938,5095,0,5431,5610,0,5171,5345,0,5000,5171,0,,41278,65860,0,1
KT-SN,P100,0,0,,0,0,,0,0,,0,0,,0,0,,0,0,,0,0,,0,0,,0,0,,0,0,,0,0,,0,0,,,0,0,,1
KT-HQ,P101,0,23103,0,0,26348,0,0,26427,0,0,32113,0,29045,28948,0.0033396453778619106,27825,27739,0.0030907457322552068,23446,23376,0.00298558389490744,27449,27364,0.0030966519727494424,24099,24024,0.003112162330387136,25087,25014,0.0029098736397337177,23926,23856,0.0029256875365710755,22490,22421,0.0030680302356602684,,203367,310733,0,1
KT-SN,P101,2882,2813,0.023941707147814073,2702,2633,0.025536639526276828,3379,3307,0.02130807931340628,4116,4038,0.01895043731778423,3880,3806,0.01907216494845365,3740,3649,0.024331550802139,3633,3552,0.02229562345169278,3497,3412,0.024306548470117262,3511,3426,0.02420962688692685,3461,3386,0.021670037561398403,3202,3125,0.024047470331043153,3626,3535,0.025096525096525046,,41629,40682,0.022748564702491092,64
KT-HQ,P102,0,8644,0,0,9829,0,0,10029,0,0,11646,0,9671,9779,0,9545,9650,0,8209,8301,0,9740,9858,0,8131,8232,0,8864,8975,0,8982,9095,0,8644,8755,0,,71786,112793,0,1
KT-SN,P102,4995,4798,0.039439439439439394,4811,4609,0.04198711286634793,5519,5309,0.03805037144410217,6237,5967,0.04329004329004327,5496,5282,0.038937409024745295,4948,4750,0.04001616814874698,5056,4843,0.042128164556962,4624,4423,0.04346885813148793,4985,4781,0.0409227683049147,5210,4993,0.04165067178502879,5121,4900,0.04315563366529973,5602,5361,0.04302034987504466,,62604,60016,0.041339211551977506,94
KT-HQ,P103,0,0,,0,0,,0,0,,0,0,,0,0,,0,0,,0,0,,0,0,,0,0,,0,0,,0,0,,0,0,,,0,0,,0
KT-SN,P103,3745,3601,0.03845126835781043,3510,3375,0.038461538461538436,4431,4270,0.0363349131121643,5014,4828,0.0370961308336657,3681,3549,0.03585982070089655,3466,3344,0.035199076745528024,3458,3329,0.03730480046269524,3155,3036,0.037717908082408824,3529,3394,0.03825446302068569,3450,3315,0.03913043478260869,3607,3462,0.04019961186581644,4349,4179,0.0390894458496206,,45395,43682,0.0377354334177773,47
KT-HQ,P104,0,2314,0,0,2653,0,0,2702,0,0,3430,0,2663,2665,0,2520,2521,0,2115,2117,0,2588,2589,0,2065,2066,0,2219,2221,0,2496,2497,0,415,2288,0,,17081,30063,0,1
KT-SN,P104,3394,3347,0.013847967000589323,4490,3418,0.23875278396436528,2688,3615,0,3903,3823,0.020497053548552358,4018,3930,0.021901443504230955,3886,3808,0.02007205352547603,3356,3289,0.019964243146603056,3923,3849,0.018863114963038496,3392,3331,0.017983490566037763,3897,3820,0.019758788811906625,3733,3658,0.020091079560675018,3627,3555,0.01985111662531014,,44307,43443,0.019500304692260828,15
KT-HQ,P105,0,8107,0,8938,8734,0.022823897963750284,9575,9377,0.02067885117493473,10679,10440,0.022380372694072448,9629,9419,0.021809118288503515,9528,9309,0.02298488664987408,8618,8420,0.022975168252494793,8522,8334,0.022060549166862287,8524,8248,0.03237916471140312,8448,8197,0.0297111742424242,7940,7848,0.011586901763224189,6788,6602,0.027401296405421327,,97189,103035,0,129
KT-SN,P105,44672,42910,0.0394430515759312,38721,37106,0.04170863355801757,44920,43134,0.039759572573463964,45542,43367,0.04775811338983793,54290,51588,0.049769755019340556,46385,44340,0.04408752829578533,46734,44648,0.044635597209740197,40546,38818,0.042618260740886926,42787,40873,0.04473321335919789,42067,40147,0.04564147669194385,39974,38240,0.04337819582728775,39896,38039,0.04654601965109284,,526534,503210,0.04429723436663158,218
KT-HQ,P106,0,0,,0,0,,0,0,,0,0,,0,0,,0,0,,0,0,,0,0,,0,0,,0,0,,0,0,,0,0,,,0,0,,0
KT-SN,P106,56552,54435,0.03743457348988544,58229,55883,0.04028920297446292,61058,58413,0.04331946673654563,61928,59128,0.04521379666709724,73360,69397,0.0540212649945474,65655,61155,0.0685400959561343,62266,58159,0.06595895030996046,63124,59266,0.061117799885938795,61428,57329,0.06672852770723448,61673,58041,0.058891249006858715,57668,54159,0.06084830408545472,54653,51378,0.05992351746473201,,737594,696743,0.05538412731123088,143
KT-HQ,P107,0,0,,0,0,,0,0,,0,0,,853,1302,0,1233,1177,0.04541768045417682,984,940,0.04471544715447151,1302,1243,0.04531490015360984,1369,1310,0.043097151205259365,1317,1257,0.04555808656036442,1436,1370,0.04596100278551529,1275,1219,0.043921568627451,,9769,9818,0,20
KT-SN,P107,3741,3662,0.02111734830259293,3906,3832,0.018945212493599595,3851,3770,0.021033497792781075,3907,3841,0.016892756590734526,4261,4182,0.01854024876789484,3287,3222,0.01977487070276851,3085,3024,0.01977309562398699,3310,3240,0.02114803625377648,3219,3150,0.02143522833178002,3324,3256,0.020457280385078214,3034,2972,0.020435069215557045,4071,3986,0.020879390813068,,42996,42137,0.019978602660712608,59
KT-HQ,P108,0,9827,0,0,10180,0,0,11308,0,0,11717,0,10166,10172,0,9589,9587,0.00020857232245286017,7452,7459,0,9161,9159,0.0002183167776443895,7667,7668,0,6882,6887,0,7188,7189,0,6761,6764,0,,64866,107917,0,1
KT-SN,P108,20062,18992,0.05333466254610708,21077,19880,0.05679176353370974,22678,21429,0.055075403474733275,22762,21582,0.05184078727704067,24744,23519,0.04950695118008408,20380,19454,0.04543670264965649,19670,18722,0.0481952211489578,19226,18358,0.0451471965047332,18486,17668,0.044249702477550557,18786,17945,0.04476737996380287,17650,16862,0.04464589235127481,20813,19753,0.050929707394416934,,246334,234164,0.04940446710563706,248
KT-HQ,P109,0,11529,0,13193,12493,0.05305844008186156,14216,13464,0.05289814293753514,17284,16598,0.03968988660032402,13021,12535,0.03732432224867521,10028,9685,0.034204228161148764,8823,8504,0.0361555026634931,11121,10659,0.041543026706231445,10296,9868,0.041569541569541624,11312,10818,0.04367043847241869,10980,10461,0.04726775956284157,11272,10647,0.05544712562100784,,131546,137261,0,165
KT-SN,P109,3233,3031,0.062480668110114435,3582,3356,0.06309324399776661,3910,3673,0.060613810741688035,4010,3768,0.06034912718204488,4257,3999,0.06060606060606055,3465,3258,0.05974025974025976,3464,3252,0.06120092378752884,3620,3392,0.06298342541436464,3406,3196,0.06165590135055787,3535,3317,0.061669024045261644,3401,3193,0.06115848279917668,3481,3259,0.06377477736282677,,43364,40694,0.06157181071856843,62
KT-HQ,P110,0,17368,0,18841,18954,0,20904,20091,0.038892078071182556,25641,23489,0.08392808392808393,17650,16394,0.07116147308781873,12674,12034,0.05049708063752567,11303,10404,0.07953640626382374,14482,13402,0.07457533489849466,12147,11348,0.06577755824483411,13004,12177,0.06359581667179326,16530,15156,0.08312159709618872,16814,16430,0.022838111097894576,,179990,187247,0,169
KT-SN,P110,5331,5155,0.03301444381917085,5530,5351,0.03236889692585898,5880,5684,0.033333333333333326,5951,5750,0.03377583599395062,6262,6051,0.033695305014372456,5095,5242,0,5426,5251,0.03225211942499073,5463,5283,0.0329489291598023,5139,4961,0.034637088927806925,5202,5033,0.03248750480584395,5053,4876,0.03502869582426282,5045,4862,0.036273538156590734,,65377,63499,0.028725698640194586,71
KT-HQ,P111,0,6862,0,7640,7321,0.04175392670157063,8526,8156,0.043396669012432554,10328,9852,0.04608830364058869,8282,7894,0.04684858729775421,6456,6157,0.0463135068153655,5556,5303,0.045536357091432667,6107,5843,0.04322908138202064,5579,5325,0.045527872378562484,6287,6021,0.04230952759662798,6543,6236,0.046920372917621855,6776,6461,0.04648760330578516,,78080,81431,0,92
KT-SN,P111,4224,4078,0.03456439393939392,4522,4360,0.03582485625829279,4670,4502,0.035974304068522533,4735,4580,0.032734952481520585,5259,5089,0.0323255371743677,4375,4215,0.03657142857142859,4437,4279,0.035609646157313546,4698,4530,0.03575989782886335,4426,4282,0.03253502033438771,4439,4273,0.037395809867087126,4115,3964,0.03669501822600241,4634,4467,0.03603798014674142,,54534,52619,0.035115707631936055,76
KT-HQ,P112,0,4275,0,0,4484,0,0,4709,0,0,5291,0,4610,4791,0,4430,4604,0,4140,4299,0,4636,4815,0,4028,4182,0,4026,4183,0,3591,3731,0,3491,3629,0,,32952,52993,0,1
KT-SN,P112,4390,4206,0.04191343963553529,4977,4765,0.04259594133011857,5209,4995,0.04108274140909962,5346,5120,0.042274597830153415,6098,5839,0.04247294194817974,5022,4791,0.04599761051373952,4903,4681,0.045278400978992495,5019,4785,0.04662283323371186,4776,4571,0.042922948073701894,5189,4957,0.04470996338408173,4722,4515,0.04383735705209657,4882,4675,0.042400655469070014,,60533,57900,0.04349693555581258,47
KT-HQ,P113,0,10009,0,0,11107,0,0,11397,0,0,13054,0,11688,12145,0,11376,11824,0,9604,9985,0,11279,11725,0,9898,10291,0,10502,10918,0,9623,10002,0,8884,9234,0,,82854,131691,0,1
KT-SN,P113,75231,76198,0,80722,81727,0,100936,102118,0,130338,131938,0,113911,115343,0,84353,85422,0,56911,57726,0,63638,64536,0,62871,63757,0,62461,63384,0,64076,64977,0,58066,58915,0,,953514,966041,0,1
KT-HQ,P114,0,3876,0,0,4511,0,0,4408,0,0,4477,0,4391,4434,0,4212,4254,0,3480,3515,0,3696,3731,0,3458,3491,0,3395,3427,0,3354,3385,0,3334,3363,0,,29320,46872,0,1
KT-SN,P114,6033,5960,0.01210011602850991,5842,5782,0.010270455323519334,7036,6964,0.01023308698123937,8639,8552,0.010070610024308424,8328,8237,0.010926993275696462,8335,8233,0.01223755248950209,8060,7977,0.010297766749379655,7710,7628,0.010635538261997368,8543,8454,0.010417885988528663,8019,7932,0.010849233071455244,8258,8172,0.010414143860498881,7382,7288,0.01273367651043078,,92185,91179,0.010912838314259377,1
KT-HQ,P115,0,2884,0,0,3336,0,0,3424,0,0,3806,0,3577,3709,0,3163,3281,0,2191,2272,0,2722,2824,0,2667,2767,0,2869,2976,0,2453,2546,0,2516,2610,0,,22158,36435,0,1
KT-SN,P115,3294,3254,0.012143290831815423,4539,4481,0.012778144965851501,7594,7492,0.013431656570977113,7237,7141,0.013265165123670042,5033,4956,0.015299026425591111,4228,4173,0.013008514664143767,4328,4270,0.013401109057301297,4576,4520,0.012237762237762184,4453,4397,0.01257579160116773,3656,3612,0.012035010940919078,3625,3581,0.012137931034482796,4262,4209,0.01243547630220554,,56825,56086,0.013004839419269665,1
KT-HQ,P116,0,3252,0,0,3643,0,0,4380,0,0,4803,0,4045,4087,0,3795,3836,0,2871,2902,0,3349,3383,0,2996,3027,0,3254,3285,0,3102,3133,0,3084,3117,0,,26496,42848,0,1
KT-SN,P116,794,1745,0,500,1388,0,439,1258,0,328,1208,0,277,1161,0,240,1165,0,335,1250,0,405,1042,0,0,0,,77,76,0.012987012987012991,446,447,0,657,647,0.015220700152207,,4498,11387,0,20
KT-HQ,P117,0,6034,0,0,6560,0,0,7064,0,0,8399,0,7169,7455,0,6658,6927,0,5742,5973,0,6214,6465,0,5528,5749,0,5746,5977,0,5717,5943,0,5753,5982,0,,48527,78528,0,1
KT-SN,P117,0,0,,0,0,,0,0,,0,0,,0,0,,0,0,,0,0,,0,0,,0,0,,0,0,,0,0,,231,265,0,,231,265,0,17
KT-HQ,P118,0,5555,0,0,6043,0,0,6263,0,0,7001,0,6718,6977,0,6407,6659,0,5362,5567,0,5957,6192,0,5443,5655,0,5787,6011,0,5430,5639,0,5086,5279,0,,46190,72841,0,1
KT-SN,P118,13507,12926,0.04301473310135484,14901,14294,0.04073552110596601,14978,14375,0.04025904660168245,13618,13136,0.03539433103245704,12454,11954,0.040147743696804294,8343,8000,0.041112309720723994,6773,6495,0.0410453270338107,7753,7431,0.041532310073519874,6929,6632,0.04286332804156445,6421,6185,0.0367543996262264,9559,9227,0.034731666492310964,11428,11077,0.030714035701785103,,126664,121732,0.038937661845512506,38
KT-HQ,P119,0,4601,0,0,5662,0,0,6148,0,0,6791,0,5915,6138,0,4828,5009,0,3773,3914,0,4751,4927,0,4253,4411,0,4586,4757,0,3988,4133,0,3957,4104,0,,36051,60595,0,1
KT-SN,P119,5687,6377,0,5598,7124,0,5402,7044,0,7878,7684,0.024625539477024616,6686,6513,0.02587496260843558,6434,6252,0.028287224121852694,5342,5194,0.027704979408461283,6252,6089,0.026071657069737686,5587,5440,0.026311079291211792,5869,5718,0.025728403475890227,6003,5845,0.026320173246709988,5086,5544,0,,71824,74824,0,1
KT-HQ,P120,0,4513,0,0,4910,0,0,3951,0,0,5383,0,4427,4592,0,4027,4177,0,3819,3962,0,4409,4574,0,3685,3824,0,3824,3966,0,3066,3180,0,2850,2955,0,,30107,49987,0,1
KT-SN,P120,2713,2703,0.0036859565057132393,2890,2881,0.0031141868512111204,2656,2647,0.0033885542168674565,2839,2826,0.0045790771398379615,2587,2580,0.0027058368766911256,3023,3012,0.0036387694343367194,2742,2732,0.00364697301239969,3512,3500,0.003416856492027387,2805,2794,0.0039215686274509665,3133,3122,0.003511011809766984,3022,3012,0.0033090668431502435,2781,2770,0.003955411722401991,,34703,34579,0.003573178111402453,1
KT-HQ,P121,0,90425,0,0,99778,0,0,104567,0,0,128009,0,112563,112662,0,108404,108503,0,88733,88812,0,104763,104863,0,96465,96552,0,98613,98706,0,92324,92411,0,87301,87380,0,,789166,1212668,0,1
KT-SN,P121,4335,4185,0.03460207612456745,4663,4502,0.03452712845807415,4840,4671,0.03491735537190077,5232,5048,0.03516819571865448,4450,4295,0.03483146067415732,4312,4160,0.03525046382189234,3609,3483,0.034912718204488824,3969,3831,0.034769463340891926,3744,3615,0.034455128205128194,3909,3774,0.03453568687643904,4072,3931,0.03462671905697445,3865,3732,0.03441138421733503,,51000,49227,0.03476470588235292,1
KT-HQ,P122,0,4138,0,0,5136,0,0,5503,0,0,6109,0,6261,6320,0,5549,5597,0,4958,5008,0,2089,5571,0,4964,5037,0,4584,4651,0,4449,4513,0,4015,4071,0,,36869,61654,0,1
KT-SN,P122,1298,1254,0.03389830508474578,1622,1566,0.03452527743526512,1797,1731,0.036727879799666074,1805,1742,0.03490304709141279,1674,1611,0.037634408602150504,1743,1677,0.03786574870912218,1316,1268,0.03647416413373861,1407,1355,0.036958066808813084,1254,1209,0.03588516746411485,1253,1207,0.036711891460494805,1264,1218,0.03639240506329111,1232,1189,0.03490259740259738,,17665,17027,0.03611661477497874,1
KT-HQ,P123,0,7340,0,7980,7714,0.033333333333333326,9243,8919,0.03505355404089583,10612,10240,0.03505465510742556,8576,8312,0.03078358208955223,7146,6929,0.03036663867898126,6526,6314,0.03248544284400856,6435,6241,0.03014763014763011,6499,6288,0.03246653331281735,7627,7367,0.03408941916874264,7102,6874,0.03210363277949868,7507,7212,0.039296656453976286,,85253,89750,0,23
KT-SN,P123,2528,2439,0.03520569620253167,2737,2639,0.03580562659846542,2680,2584,0.035820895522388096,2890,2787,0.03564013840830449,2509,2418,0.03626943005181349,2509,2418,0.03626943005181349,2399,2312,0.03626511046269276,2886,2783,0.0356895356895357,2504,2415,0.035543130990415284,2389,2303,0.035998325659271635,2347,2265,0.03493821900298255,2246,2166,0.0356188780053428,,30624,29529,0.035756269592476464,1
KT-HQ,P124,0,1769,0,0,1994,0,0,2068,0,0,2347,0,2168,2190,0,1983,2003,0,1615,1632,0,1944,1963,0,1652,1668,0,1732,1749,0,1778,1796,0,1883,1904,0,,14755,23083,0,1
KT-SN,P124,1854,1797,0.03074433656957931,1935,1874,0.031524547803617575,1850,1792,0.031351351351351364,2038,1974,0.03140333660451422,1846,1788,0.031419284940411685,1819,1762,0.03133589884551946,1590,1540,0.03144654088050314,1627,1576,0.031346035648432746,1524,1478,0.030183727034120755,1501,1455,0.030646235842771485,1578,1528,0.03168567807351075,1432,1388,0.030726256983240274,,20594,19952,0.031174128386908806,1
KT-HQ,P125,0,2225,0,0,2230,0,0,2686,0,0,2990,0,2004,2073,0,2075,2144,0,1677,1733,0,2001,2068,0,1698,1755,0,1805,1865,0,2155,2203,0,2271,2372,0,,15686,26344,0,1
KT-SN,P125,4300,4148,0.035348837209302375,4790,4620,0.035490605427975,4762,4593,0.03548929021419567,5868,5658,0.03578732106339466,4389,4233,0.035543403964456544,4010,3868,0.03541147132169575,3579,3452,0.03548477228276059,4162,4012,0.036040365209034086,4190,4042,0.03532219570405726,4314,4161,0.03546592489568845,4259,4107,0.03568912890349851,4177,4028,0.035671534594206356,,52800,50922,0.03556818181818178,1
KT-HQ,P126,0,27975,0,0,31326,0,0,29219,0,0,41569,0,34100,34416,0,31148,31432,0,26382,26628,0,31242,31551,0,28849,29131,0,30246,30549,0,27537,27817,0,25830,26106,0,,235334,367719,0,1
KT-SN,P126,4998,4691,0.06142456982793121,5471,5121,0.06397367940047527,5747,5418,0.057247259439707654,6710,6291,0.062444113263785406,5525,5151,0.06769230769230772,5881,5344,0.09131100153035199,5349,5323,0.004860721630211229,5254,4932,0.06128663875142748,5069,4757,0.061550601696587104,5544,5206,0.060966810966811,5262,4934,0.06233371341695171,5302,4975,0.06167483968313847,,66112,62143,0.060034486931268116,107
KT-HQ,P127,0,14461,0,14396,13768,0.043623228674631864,15195,14557,0.04198749588680484,17147,16441,0.04117338309908436,18859,18063,0.04220796436714569,17099,16388,0.04158137902801329,14942,14370,0.0382813545710079,16417,15788,0.03831394286410428,16098,15450,0.04025344763324634,15647,15054,0.03789863871668686,15634,15034,0.038377894332864315,14722,14136,0.03980437440565143,,176156,183510,0,135
KT-SN,P127,2418,2281,0.05665839536807282,2584,2441,0.05534055727554177,2844,2689,0.05450070323488043,3166,2993,0.054643082754264105,2397,2264,0.05548602419691284,1898,1797,0.053213909378292956,1696,1603,0.05483490566037741,1757,1660,0.055207740466704625,1730,1640,0.052023121387283267,1774,1678,0.054114994363021474,1596,1510,0.053884711779448646,1943,1839,0.05352547606793623,,25803,24395,0.05456729837615781,27
KT-HQ,P128,0,6169,0,6450,6239,0.03271317829457365,7002,6763,0.03413310482719223,8006,7705,0.0375968023982014,8061,7790,0.03361865773477235,6791,6568,0.03283757914887353,5992,5793,0.03321094793057411,6292,6110,0.02892561983471076,6353,6140,0.03352746733826539,5818,5622,0.033688552767274005,5835,5646,0.0323907455012854,6132,5933,0.0324527071102414,,72732,76478,0,81
KT-SN,P128,3785,3530,0.06737120211360637,4029,3754,0.06825515016133032,4284,3992,0.06816059757236226,5360,4976,0.07164179104477608,4300,4006,0.06837209302325586,4065,3787,0.06838868388683883,3632,3385,0.0680066079295154,3831,3554,0.07230488123205425,3731,3470,0.06995443580809435,4229,3922,0.07259399385197451,3818,3532,0.07490832896804611,3668,3399,0.07333696837513637,,48732,45307,0.07028236066650251,85
KT-HQ,P129,0,4467,0,4425,4284,0.03186440677966107,4257,4123,0.03147756636128729,4341,4198,0.03294171849804195,4533,4389,0.03176704169424227,3909,3784,0.03197748784855459,3455,3331,0.035890014471779974,3433,3321,0.03262452665307314,3818,3699,0.031168150864326893,3677,3555,0.03317922219200431,3707,3592,0.031022390072835138,3823,3649,0.04551399424535707,,43378,46392,0,51
KT-SN,P129,7392,7430,0,8548,8557,0,7657,7665,0,7709,7719,0,7295,7303,0,7320,7330,0,5277,5284,0,4930,4938,0,4060,4067,0,4327,4335,0,3850,3856,0,3595,3602,0,,71960,72086,0,1
KT-HQ,P130,0,2992,0,3580,3405,0.0488826815642458,3802,3614,0.0494476591267754,2889,2776,0.03911388023537554,3201,3090,0.03467666354264287,2888,2787,0.03497229916897504,2747,2629,0.042955951947579174,2623,2512,0.04231795653831494,2881,2747,0.046511627906976716,2644,2547,0.03668683812405449,2959,2838,0.040892193308550207,3990,3765,0.05639097744360899,,34204,35702,0,38
KT-SN,P130,260023,260164,0,266470,266495,0,256534,256617,0,275927,275987,0,255259,255317,0,251753,251804,0,254144,254192,0,270905,270967,0,265392,265436,0,260268,260320,0,268808,268878,0,223771,223825,0,,3109254,3110002,0,1
KT-HQ,P131,0,4782,0,4962,4842,0.024183796856106388,5318,5185,0.02500940203083868,6253,6109,0.02302894610586914,5752,5611,0.02451321279554941,5001,4880,0.024195160967806384,3970,3869,0.025440806045340048,4514,4402,0.024811696942844463,4026,3929,0.024093392945852,0,4243,0,3846,4579,0,5143,5063,0.015555123468792509,,48785,57494,0,73
KT-SN,P131,161058,161066,0,171074,171096,0,188489,188515,0,218334,218367,0,86518,86535,0,62256,62263,0,68003,68012,0,57051,57055,0,40831,40843,0,107967,107971,0,140969,140977,0,169801,169813,0,,1472351,1472513,0,1
KT-HQ,P132,0,8981,0,9756,9445,0.03187781877818774,9612,9324,0.029962546816479363,12177,11791,0.031699104869836625,11475,11080,0.03442265795206967,9584,9574,0.0010434056761269295,9590,8030,0.1626694473409802,7726,8533,0,8718,8441,0.03177334250974995,9349,9062,0.030698470424644353,9453,9163,0.030678091611128777,9277,8978,0.03223024684704112,,106717,112402,0,71
KT-SN,P132,5936,5853,0.01398247978436662,6269,6184,0.013558781304833345,6482,6395,0.013421783400185183,6979,6864,0.016478005444906185,7662,7552,0.014356564865570354,6314,6218,0.015204307887234703,6111,6011,0.01636393388970714,6472,6362,0.01699629171817063,6332,6224,0.017056222362602624,6715,6603,0.01667907669396873,6461,6351,0.017025228292833927,6359,6248,0.0174555747759082,,78092,76865,0.01571223684884493,49
KT-HQ,P133,0,4015,0,0,4306,0,0,4199,0,0,4756,0,4193,4195,0,4224,4227,0,3742,3744,0,4513,4516,0,4036,4037,0,4389,4392,0,4203,4206,0,4135,4137,0,,33435,50730,0,1
KT-SN,P133,1340,1343,0,1396,1397,0,1398,1399,0,1374,1376,0,1261,1263,0,1357,1357,0,1196,1197,0,1318,1319,0,1276,1275,0.0007836990595611049,1329,1329,0,1240,1240,0,929,941,0,,15414,15436,0,1
KT-HQ,P134,0,2727,0,0,3137,0,0,3312,0,0,3835,0,3792,3796,0,3368,3372,0,2752,2755,0,3261,3263,0,2840,2845,0,3073,3077,0,3453,3457,0,3451,3455,0,,25990,39031,0,1
KT-SN,P134,3910,3861,0.012531969309462876,3447,3406,0.011894400928343485,2895,2859,0.012435233160621784,3340,3299,0.012275449101796454,3525,3480,0.012765957446808529,3438,3397,0.011925538103548572,3100,3062,0.012258064516128986,3500,3453,0.013428571428571456,3207,3167,0.012472715933894651,3542,3496,0.012987012987012991,3612,3567,0.012458471760797396,3395,3350,0.013254786450662692,,40911,40397,0.012563858131064976,21
KT-HQ,P135,0,207606,0,0,221006,0,0,242378,0,0,288909,0,243829,243680,0.000611083997391626,236329,236185,0.0006093200580546965,199344,199218,0.0006320732000962836,240162,240011,0.0006287422656373609,218820,218677,0.0006535051640618184,249347,249188,0.0006376655825014454,206912,206784,0.0006186204763377612,206437,206320,0.0005667588659009626,,1801180,2759962,0,1
KT-SN,P135,3354,3130,0.06678592725104349,2897,2697,0.06903693476009665,3748,3484,0.07043756670224122,3239,3020,0.06761346094473608,3596,3347,0.0692436040044494,3130,2920,0.06709265175718848,3120,2901,0.07019230769230766,2802,2617,0.06602426837972875,3014,2808,0.06834771068347711,3405,3160,0.07195301027900147,2762,2576,0.06734250543084719,2816,2615,0.07137784090909094,,37883,35275,0.0688435445978407,45
KT-HQ,P136,0,15896,0,0,17530,0,0,17577,0,0,21732,0,18534,18573,0,18227,18264,0,15206,15234,0,18081,18100,0,15987,16020,0,17045,17105,0,15960,16020,0,15069,15122,0,,134109,207173,0,1
KT-SN,P136,833,795,0.04561824729891961,761,722,0.05124835742444156,886,841,0.050790067720090315,886,845,0.04627539503386002,961,912,0.05098855359001042,774,736,0.04909560723514217,840,794,0.05476190476190479,885,844,0.04632768361581918,906,863,0.047461368653421654,938,890,0.05117270788912576,842,800,0.049881235154394354,839,802,0.04410011918951129,,10351,9844,0.04898077480436669,16
KT-HQ,P137,0,7290,0,0,7767,0,0,7507,0,0,8856,0,7263,7332,0,7367,7439,0,6570,6633,0,7938,8014,0,7516,7589,0,7677,7751,0,7078,7147,0,6679,6743,0,,58088,90068,0,1
KT-SN,P137,2479,2316,0.06575231948366278,2421,2268,0.06319702602230481,2851,2672,0.06278498772360575,2973,2778,0.065590312815338,3229,3017,0.06565500154846704,2625,2456,0.06438095238095243,2770,2593,0.06389891696750905,2612,2444,0.06431852986217457,2635,2460,0.06641366223908918,2831,2632,0.07029318262098194,2639,2468,0.06479727169382343,2886,2689,0.06826056826056826,,32951,30793,0.06549118387909325,52
KT-HQ,P138,0,7761,0,0,8379,0,0,8368,0,0,8735,0,7734,7792,0,7810,7868,0,6755,6804,0,8507,8570,0,7660,7717,0,7692,7750,0,7189,7243,0,7039,7093,0,,60386,94080,0,1
KT-SN,P138,1122,1054,0.06060606060606055,1194,1121,0.06113902847571184,3045,2778,0.08768472906403946,2768,2191,0.20845375722543358,2243,2477,0,1261,1184,0.061062648691514676,1294,1212,0.06336939721792889,1231,1153,0.06336311941510964,1308,1224,0.06422018348623848,1319,1237,0.06216830932524642,1280,1194,0.06718749999999996,1323,1236,0.06575963718820865,,19388,18061,0.0684443985970703,29
KT-HQ,P139,0,70780,0,66668,53280,0.20081598368032638,54792,52145,0.04830997225872391,66838,63110,0.05577665399922205,78410,73464,0.06307868894273694,66245,62994,0.04907540191712578,59837,57213,0.04385246586560154,57761,55650,0.03654715119198071,61183,58385,0.04573165748655672,59609,57287,0.03895384925095202,55261,53059,0.03984727022674217,51412,49306,0.040963199253092664,,678016,706673,0,296
KT-SN,P139,6422,6182,0.0373715353472438,6628,6360,0.04043452021726013,8285,7945,0.04103802051901029,8334,7973,0.04331653467722585,8974,8576,0.04435034544238914,5441,5267,0.03197941554861239,5512,5322,0.03447024673439769,4921,4747,0.03535866693761436,4851,4679,0.035456606885178266,4993,4807,0.03725215301421991,4821,4656,0.03422526446795271,5789,5553,0.04076697184315081,,74971,72067,0.03873497752464283,105
KT-HQ,P140,0,2765,0,3012,3086,0,3151,3101,0.015867978419549345,4222,4154,0.016106110847939337,3481,3425,0.016087331226658952,3182,3136,0.014456316781898182,2593,2542,0.019668337832626337,2728,2679,0.01796187683284456,2552,2501,0.01998432601880873,3046,2989,0.01871306631648062,2780,2726,0.01942446043165469,2363,2314,0.02073635209479474,,33110,35418,0,45
KT-SN,P140,5761,5266,0.08592258288491583,6310,5731,0.09175911251980984,6760,6239,0.07707100591715976,6630,6126,0.07601809954751126,6895,6373,0.07570703408266855,4727,4430,0.06283054791622589,5205,4855,0.06724303554274735,4740,4455,0.060126582278481,5136,4802,0.0650311526479751,5222,4862,0.06893910379165069,5234,4862,0.0710737485670615,6446,5885,0.08703071672354945,,69066,63886,0.07500072394521184,71
KT-HQ,P141,0,7175,0,7239,7157,0.01132753142699272,7466,7587,0,9312,9246,0.007087628865979356,8444,8436,0.000947418285172863,7989,7982,0.0008762047815746854,6907,6905,0.0002895613146083331,7285,7281,0.0005490734385723561,6845,6839,0.0008765522279036153,7472,7462,0.001338329764453916,7543,7529,0.0018560254540633814,7191,7190,0.00013906271728547637,,83693,90789,0,85
KT-SN,P141,15065,14454,0.04055758380351804,14616,13997,0.0423508483853311,16104,15402,0.043591654247391975,16486,15735,0.04555380322698044,18006,17189,0.045373764300788655,14476,13832,0.044487427466150864,14597,13946,0.044598205110639166,13496,12900,0.04416123295791341,14029,13414,0.04383776463040845,15009,14366,0.042840962089413015,14188,13561,0.044192275162108774,14620,13952,0.04569083447332423,,180692,172748,0.043964314966905005,154
KT-HQ,P142,0,3364,0,3402,3267,0.03968253968253965,3538,3410,0.03617863199547766,3659,3510,0.04072150860890955,3686,3550,0.03689636462289747,3329,3202,0.03814959447281463,2995,2919,0.025375626043405708,3618,3540,0.021558872305140975,3196,3129,0.02096370463078845,3045,2984,0.020032840722495893,3646,3566,0.021941854086670376,3508,3416,0.026225769669327215,,37622,39857,0,26
KT-SN,P142,6486,6279,0.03191489361702127,6875,6657,0.03170909090909091,6936,6715,0.031862745098039214,7866,7614,0.03203661327231122,6749,6533,0.032004741443176776,6716,6501,0.03201310303752236,6492,6284,0.03203943314849045,7117,6888,0.03217647885344954,6475,6270,0.031660231660231686,6552,6343,0.031898656898656896,6535,6328,0.031675592960979326,5991,5801,0.03171423802370221,,80790,78213,0.03189751206832525,1
KT-HQ,P143,0,8034,0,9124,8811,0.03430512932924157,9663,9318,0.03570319776466935,12211,11810,0.03283924330521659,9661,8861,0.08280716281958389,7858,7619,0.030414863833036376,6990,6761,0.032761087267525024,8273,8004,0.03251541157983806,7401,7157,0.03296851776786924,8334,8060,0.032877369810415114,8951,8655,0.033068930845715605,7560,7312,0.032804232804232836,,96026,100402,0,118
KT-SN,P143,37935,37204,0.019269803611440595,35921,35174,0.020795634865399037,42030,41131,0.021389483702117573,46659,45573,0.023275252362888188,47135,45956,0.025013259785721886,44464,43378,0.024424253328535483,42893,41934,0.022357960506376284,38574,37733,0.021802250220355646,43257,42276,0.02267841043068175,38384,37551,0.02170175072947056,38435,37614,0.0213607389098478,38735,37926,0.020885504066090133,,494422,483450,0.022191569145385892,65
KT-HQ,P144,0,23572,0,26343,25199,0.04342709638234066,28526,27132,0.04886769964243143,33109,31492,0.0488386843456462,29497,28131,0.046309794216360944,26417,24728,0.06393610175265929,23918,23475,0.018521615519692336,28471,27217,0.044044817533630765,23852,22801,0.04406339091061551,25119,23886,0.04908634897886066,27091,25830,0.046546823668376924,23677,22722,0.04033450183722598,,296020,306185,0,273
KT-SN,P144,0,0,,0,0,,0,0,,0,0,,0,0,,0,0,,0,0,,0,0,,0,0,,0,0,,0,0,,0,0,,,0,0,,1
KT-HQ,P145,0,9859,0,11313,10937,0.03323610006187572,12251,11799,0.03689494735123666,14441,13953,0.03379267363755978,11990,10875,0.09299416180150122,9970,9599,0.03721163490471413,8597,8285,0.03629172967314176,10598,10185,0.0389696169088507,9234,8907,0.035412605588044155,9680,9327,0.03646694214876034,10365,9998,0.03540762180414858,8633,8311,0.0372987374029885,,117072,122035,0,101
KT-SN,P145,7401,8486,0,12124,13265,0,8099,9070,0,10813,11865,0,24670,25948,0,17022,18172,0,14629,15755,0,10557,11688,0,37140,38659,0,6204,6709,0,0,0,,0,0,,,148659,159617,0,1
KT-HQ,P146,0,17316,0,20096,19161,0.046526671974522316,21523,20474,0.048738558751103445,24888,23693,0.048015107682417235,22618,20953,0.07361393580334252,19080,18515,0.02961215932914041,15762,15415,0.022014972719198056,18662,18157,0.027060336512699568,15646,15205,0.02818611785759939,16792,16289,0.02995474035254886,17920,17343,0.032198660714285676,14902,15144,0,,207889,217665,0,164
KT-SN,P146,10856,10487,0.03399042004421515,11777,11372,0.03438906342871695,11637,11237,0.03437312021998795,13210,12757,0.03429220287660861,10820,10448,0.03438077634011094,10638,10272,0.03440496333897347,10338,9972,0.03540336622170637,10401,10037,0.03499663493894822,7613,7368,0.032181794299224964,9510,9187,0.03396424815983179,10565,10206,0.03398012304779929,9476,9154,0.03398058252427183,,126841,122497,0.03424760132764637,1
KT-HQ,P147,0,2383,0,3101,3021,0.025798129635601463,3211,3138,0.0227343506695733,3808,3708,0.02626050420168069,3594,3515,0.02198107957707285,2454,2387,0.0273023634881826,2096,2036,0.028625954198473247,2586,2521,0.025135344160866158,2099,2037,0.02953787517865647,2337,2276,0.026101839965768092,2553,2478,0.029377203290246734,2308,2240,0.029462738301559765,,30147,31740,0,44
KT-SN,P147,5334,5247,0.01631046119235091,5393,5294,0.01835712961246061,4779,4691,0.018413894120108854,6307,6206,0.016013952750911664,5087,5007,0.015726361313151194,4368,4298,0.01602564102564108,2993,2943,0.01670564650851991,4799,4731,0.014169618670556328,4468,4399,0.015443151298120017,3876,3802,0.01909184726522184,3012,2949,0.020916334661354563,5994,5866,0.02135468802135465,,56410,55433,0.017319624180109905,19
KT-HQ,P148,0,3903,0,4214,4073,0.033459895586141486,4261,4125,0.03191739028397089,4833,4678,0.03207117732257392,4527,4389,0.03048376408217357,4173,4036,0.03283009825065897,3770,3646,0.03289124668435017,4529,4385,0.031795098255685605,3683,3564,0.03231061634537058,4111,3970,0.03429822427633178,4491,4329,0.03607214428857719,3940,3808,0.03350253807106596,,46532,48906,0,38
KT-SN,P148,845,804,0.04852071005917158,945,910,0.03703703703703709,1050,1006,0.04190476190476189,1102,1052,0.04537205081669693,1009,960,0.04856293359762143,862,820,0.04872389791183296,779,736,0.05519897304236199,842,794,0.05700712589073631,776,731,0.0579896907216495,918,862,0.061002178649237515,874,827,0.053775743707093815,836,791,0.053827751196172224,,10838,10293,0.05028603063295811,19
KT-HQ,P149,0,5248,0,6400,6206,0.030312499999999964,6687,6440,0.03693734110961566,7746,7471,0.0355021946811257,7023,6767,0.036451658835255585,6015,5787,0.03790523690773062,5072,4882,0.03746056782334384,6030,5800,0.03814262023217252,4977,4785,0.03857745629897524,5852,5633,0.037423103212576914,6528,6269,0.039675245098039214,5503,5287,0.039251317463201874,,67833,70575,0,100
KT-SN,P149,0,0,,0,0,,0,0,,0,0,,0,0,,0,0,,0,0,,0,0,,0,0,,0,0,,0,0,,0,0,,,0,0,,1
KT-HQ,P150,0,6805,0,0,7697,0,0,7966,0,0,9128,0,6682,6679,0.00044896737503741235,5460,5458,0.000366300366300365,4082,4082,0,5169,5166,0.0005803830528148257,4270,4267,0.000702576112412201,4533,4530,0.0006618133686300265,4844,4843,0.00020644095788602268,5539,5538,0.00018053800324968616,,40579,72159,0,1
KT-SN,P150,6498,6499,0,6389,6387,0.0003130380341211936,6602,6598,0.0006058770069675701,7652,7647,0.0006534239414531795,6086,6080,0.0009858692080183529,5543,5538,0.0009020386072523534,5309,5304,0.0009417969485778777,5998,5993,0.0008336112037345966,5993,5988,0.0008343066911397079,6757,6753,0.0005919786887672585,6757,6755,0.0002959893443835737,6194,6193,0.00016144656118821654,,75778,75735,0.000567447016284417,1
KT-HQ,P151,0,233800,0,0,206070,0,0,150750,0,0,65700,0,63060,63180,0,71390,71500,0,201560,201590,0,283230,283110,0.0004236839317869334,260510,260540,0,255120,255110,3.9197240514265985e-05,249660,249660,0,257630,257600,0.00011644606606375785,,1642160,2298610,0,1
KT-SN,P151,6585,6236,0.052999240698557326,6249,5896,0.056489038246119394,6826,6460,0.053618517433343116,7777,7345,0.05554841198405558,8428,7973,0.0539867109634552,6502,6183,0.049061827130113866,5724,5463,0.045597484276729605,4921,4702,0.04450314976630765,5714,5454,0.04550227511375571,4838,4622,0.044646548160396815,4880,4664,0.04426229508196722,5841,5549,0.049991439821948314,,74285,70547,0.05031971461264051,86
KT-HQ,P152,0,4838,0,0,5357,0,0,4999,0,0,5817,0,4834,4877,0,4675,4718,0,4031,4069,0,4809,4854,0,4731,4774,0,4917,4963,0,4608,4651,0,4749,4794,0,,37354,58711,0,1
KT-SN,P152,34524,34156,0.010659251535163894,32090,31727,0.011311935182299782,36157,35776,0.010537378654202456,40495,40073,0.010421039634522788,39269,38849,0.010695459522778727,34038,33695,0.010076972795111327,33172,32824,0.010490775352707149,27944,27649,0.010556827941597513,31859,31535,0.010169810728522521,27758,27448,0.011167951581526059,28162,27871,0.010333072935160836,29887,29563,0.010840833807341022,,395355,391166,0.010595540716571206,85
KT-HQ,P153,0,1113,0,0,1219,0,0,1209,0,0,1350,0,1100,1112,0,1076,1090,0,819,827,0,1057,1065,0,1081,1099,0,1122,1136,0,1068,1078,0,910,925,0,,8233,13223,0,1
KT-SN,P153,36377,36458,0,27371,27479,0,20055,20162,0,23355,23461,0,18389,18490,0,25271,25379,0,23642,23765,0,27869,27968,0,23519,23628,0,28653,28764,0,30335,30433,0,29935,30039,0,,314771,316026,0,1
KT-HQ,P154,0,1000,0,0,926,0,0,959,0,0,980,0,829,829,0,847,848,0,681,680,0.001468428781204123,869,866,0.0034522439585730202,750,749,0.0013333333333332975,948,950,0,663,661,0.003016591251885359,607,606,0.0016474464579900872,,6194,10054,0,1
KT-SN,P154,72174,72600,0,72464,74482,0,89950,91096,0,103089,104414,0,108464,109788,0,83912,84788,0,66865,67697,0,70198,71152,0,62297,63240,0,68821,69837,0,56009,54896,0.019871806316841933,64096,66899,0,,918339,930889,0,1
KT-HQ,P155,0,10564,0,8678,8299,0.043673657524775256,8191,7856,0.040898547185935774,10907,10459,0.041074539286696576,8976,8622,0.03943850267379678,7753,7432,0.04140332774409905,6282,6010,0.04329831263928685,8450,8092,0.0423668639053254,8416,8052,0.04325095057034223,9519,9120,0.041916167664670656,8997,8612,0.04279204179170837,11860,11297,0.04747048903878581,,98029,104415,0,159
KT-SN,P155,30575,30169,0.01327882256745705,32031,31489,0.016921107676937996,37254,36735,0.013931389917861137,39485,38758,0.01841205521083955,47894,46928,0.020169541069862573,38871,38147,0.018625710684057495,35570,35020,0.015462468372223759,35600,35128,0.013258426966292092,39426,38729,0.017678689189874697,40531,39825,0.017418765882904474,39008,38290,0.018406480721903207,37251,36655,0.015999570481329384,,453496,445873,0.016809409564803257,102
KT-HQ,P156,0,16753,0,8198,7722,0.058062942181019706,5136,4835,0.05860591900311529,6933,6523,0.05913745853166019,5787,5471,0.05460514947295658,5300,5026,0.051698113207547136,4059,3825,0.05764966740576494,5333,5035,0.05587849240577536,4984,4711,0.0547752808988764,5678,5382,0.05213103205353997,5850,5489,0.06170940170940176,17163,15979,0.0689856085765892,,74421,86751,0,98
KT-SN,P156,10519,10261,0.024527046297176502,10287,9991,0.028774181005152166,11182,10819,0.03246288678232878,12897,12462,0.03372877413351938,13206,12790,0.031500832954717506,12793,12428,0.02853122801532093,11203,10901,0.0269570650718558,10784,10497,0.02661350148367958,11933,11613,0.02681639151931614,10219,9943,0.02700851355318523,10279,10027,0.02451600350228622,10315,10066,0.0241396025206011,,135617,131798,0.028160186407308774,58
KT-HQ,P157,0,4103,0,4761,4595,0.034866624658685175,4498,4342,0.034682080924855474,5431,5253,0.03277481126864301,4761,4602,0.03339634530560809,4494,4345,0.0331553182020472,3792,3660,0.034810126582278444,5140,4962,0.03463035019455252,4669,4505,0.035125294495609305,4642,4474,0.036191296854803934,4720,4550,0.03601694915254239,4839,4655,0.038024385203554445,,51747,54046,0,71
KT-SN,P157,31797,30813,0.030946315690159487,29137,28212,0.03174657651782953,29859,28912,0.031715730600488934,34318,33214,0.032169706859374037,35955,34766,0.033069114170490854,32245,31197,0.03250116297100325,28049,27187,0.030731933402260325,26106,25330,0.02972496744043518,30929,29966,0.031135827217174783,28095,27201,0.03182060864922587,28125,27282,0.029973333333333296,31145,30159,0.03165837213035805,,365760,354239,0.03149879702537184,201
KT-HQ,P158,0,4956,0,0,5564,0,0,4864,0,0,6775,0,5754,5815,0,5404,5452,0,4535,4575,0,5677,5728,0,4778,4818,0,5382,5371,0.0020438498699367758,5621,5728,0,5339,5384,0,,42490,65030,0,1
KT-SN,P158,2260,2271,0,2772,2770,0.0007215007215006786,2841,2846,0,3098,3102,0,2268,2273,0,2200,2205,0,1780,1784,0,1862,1866,0,1752,1756,0,1704,1708,0,1794,1799,0,1848,1851,0,,26179,26231,0,1
KT-HQ,P159,0,6904,0,0,7647,0,0,7365,0,0,8741,0,7650,7778,0,7601,7740,0,6946,7081,0,7925,8094,0,6764,6909,0,6955,7127,0,7345,7467,0,6747,6833,0,,57933,89686,0,1
KT-SN,P159,1114,1103,0.009874326750448859,1072,1060,0.011194029850746245,1019,1009,0.00981354268891066,1179,1169,0.008481764206955011,1122,1109,0.01158645276292336,1034,1026,0.007736943907156624,967,960,0.007238883143743546,1058,1050,0.007561436672967825,990,987,0.00303030303030305,1024,1019,0.0048828125,959,954,0.005213764337851923,924,919,0.005411255411255422,,12462,12365,0.007783662333493813,8
KT-HQ,P160,0,2080,0,0,2145,0,0,2091,0,0,2340,0,1953,1979,0,2019,2075,0,1780,1825,0,2215,2270,0,1835,1883,0,1857,1898,0,1775,1818,0,1693,1717,0,,15127,24121,0,1
KT-SN,P160,4548,4412,0.029903254177660488,4806,4656,0.031210986267166008,5133,4978,0.03019676602376775,5933,5740,0.03252991741109046,5119,4976,0.02793514358273097,4498,4383,0.025566918630502422,3946,3844,0.02584896097313738,4403,4282,0.027481262775380433,4415,4267,0.03352208380520949,4778,4636,0.029719547928003354,4954,4804,0.030278562777553475,4376,4237,0.03176416819012795,,56909,55215,0.029766820713771125,67
KT-HQ,P161,0,10880,0,0,11430,0,0,11323,0,0,13319,0,11520,11624,0,11472,11575,0,10256,10347,0,11554,11658,0,9990,10078,0,10704,10801,0,10941,11038,0,10105,10193,0,,86542,134266,0,1
KT-SN,P161,3767,3523,0.06477302893549242,4005,3740,0.06616729088639206,3944,3691,0.0641480730223124,4423,4139,0.06420981234456247,4199,3923,0.0657299356989759,3846,3598,0.06448257930317214,3521,3298,0.06333428003408126,3961,3700,0.06589245140116129,3776,3535,0.06382415254237284,4144,3875,0.06491312741312738,4042,3787,0.0630875804057397,3968,3712,0.06451612903225812,,47596,44521,0.06460626943440628,67
KT-HQ,P162,0,1309,0,1488,1456,0.021505376344086002,1441,1410,0.021512838306731452,1627,1597,0.018438844499078066,1462,1429,0.022571819425444617,1233,1204,0.023519870235198748,1090,1067,0.02110091743119269,1357,1329,0.020633750921149607,1154,1125,0.02512998266897748,1202,1178,0.019966722129783676,1166,1139,0.023156089193825058,1077,1046,0.028783658310120752,,14297,15289,0,22
KT-SN,P162,2710,2558,0.056088560885608874,2968,2804,0.055256064690026974,3225,3035,0.058914728682170514,3516,3321,0.05546075085324231,3000,2830,0.05666666666666664,2894,2732,0.05597788527988945,2574,2426,0.057498057498057475,2873,2708,0.05743125652627912,2662,2505,0.0589782118707739,2825,2660,0.05840707964601766,2672,2513,0.05950598802395213,2880,2710,0.05902777777777779,,34799,32802,0.05738670651455502,44
KT-HQ,P163,0,5957,0,7064,6785,0.03949603624009057,6840,6592,0.03625730994152043,8212,7923,0.03519240136385782,7481,7202,0.03729447934768082,6334,6105,0.036154089043258564,5675,5467,0.036651982378854586,6846,6608,0.03476482617586907,5886,5673,0.03618756371049947,6533,6306,0.03474667074850757,6727,6472,0.03790694217333135,5879,5656,0.03793162102398362,,73477,76746,0,87
KT-SN,P163,3441,3401,0.011624527753560043,3925,3810,0.029299363057324834,3838,3843,0,4291,4232,0.013749708692612495,2985,2886,0.03316582914572863,2517,2430,0.03456495828367101,2175,2112,0.0289655172413793,2200,2156,0.020000000000000018,1828,1817,0.006017505470459539,1870,1845,0.013368983957219305,2212,2177,0.015822784810126556,2005,1967,0.01895261845386531,,33287,32676,0.018355514164688946,21
KT-HQ,P164,0,50782,0,0,34744,0,0,38778,0,0,38434,0,30720,30669,0.0016601562500000444,29198,29162,0.0012329611617234448,14525,14511,0.0009638554216867545,2299,2283,0.006959547629404095,2123,2121,0.0009420631182289751,3618,1922,0.46876727473742397,3464,1628,0.5300230946882217,2752,2677,0.027252906976744207,,88699,247711,0,1
KT-SN,P164,7339,6939,0.05450333832947263,8165,7738,0.05229638701775874,8919,8432,0.05460253391635839,8862,8439,0.0477318889641164,6404,6070,0.05215490318550908,5733,5591,0.024768881911739093,5016,4860,0.031100478468899517,5482,5330,0.027727106895293674,4989,4881,0.021647624774503882,5568,5417,0.027119252873563204,6515,6300,0.03300076745970837,7219,6960,0.0358775453663942,,80211,76957,0.04056800189500198,67
KT-HQ,P165,0,13158,0,12431,12160,0.021800337865014896,13136,12848,0.02192448233861144,15954,15617,0.02112322928419208,17915,17553,0.020206530840078174,15209,14888,0.02110592412387402,14944,14625,0.021346359743040666,14040,13730,0.022079772079772075,15761,15427,0.0211915487595965,15094,14768,0.021597985954683985,13217,12909,0.02330332147991221,13471,13163,0.022863929923539472,,161172,170846,0,120
KT-SN,P165,4531,4430,0.02229088501434562,5282,5168,0.021582733812949617,5731,5602,0.022509160704938025,6370,6278,0.0144427001569859,4842,4725,0.024163568773234223,4310,4196,0.02645011600928071,3922,3792,0.0331463539010709,4227,4143,0.019872249822569188,3676,3600,0.020674646354733373,3998,3916,0.02051025512756377,4186,4103,0.019827998088867704,4649,4537,0.024091202409120216,,55724,54490,0.022144856794199974,70
KT-HQ,P166,0,8547,0,0,9394,0,0,9978,0,0,11666,0,9698,10041,0,9923,10272,0,8227,8515,0,10194,10548,0,8943,9252,0,9605,9938,0,9281,9605,0,8594,8897,0,,74465,116653,0,1
KT-SN,P166,3236,3149,0.026885043263288,3478,3415,0.018113858539390404,4346,4223,0.028301886792452824,4436,4350,0.01938683498647431,3736,3632,0.027837259100642386,3554,3535,0.005346088913899871,3125,3077,0.01536000000000004,3258,3184,0.022713321055862545,3190,3113,0.024137931034482807,3490,3421,0.01977077363896851,3504,3416,0.02511415525114158,3534,3436,0.02773061686474254,,42887,41951,0.021824795392543228,57
KT-HQ,P167,0,9452,0,0,10615,0,0,11791,0,0,14331,0,11413,11836,0,11087,11496,0,9381,9723,0,11647,12071,0,10833,11223,0,11280,11691,0,10609,10996,0,10232,10604,0,,86482,135829,0,1
KT-SN,P167,9059,8820,0.026382602936306454,10066,9789,0.027518378700576163,629,10351,0,8241,10735,0,9731,9421,0.03185695200904326,9537,9312,0.023592324630386963,8450,8225,0.026627218934911268,8700,8496,0.02344827586206899,8113,7887,0.027856526562307415,8713,8487,0.025938253184896176,9120,8846,0.030043859649122817,9282,8976,0.03296703296703296,,99641,109345,0,88
KT-HQ,P168,0,28056,0,0,74538,0,0,67738,0,0,40135,0,3175,4451,0,4783,4453,0.06899435500731754,4138,3774,0.08796520057999035,4793,4330,0.09659920717713333,3853,3450,0.10459382299506881,4256,4103,0.03594924812030076,4729,4322,0.08606470712624237,3865,3662,0.052522639068564025,,33592,243012,0,49
KT-SN,P168,1002,993,0.008982035928143728,1080,1069,0.010185185185185186,1324,1303,0.015861027190332333,1410,1386,0.017021276595744705,1478,1454,0.016238159675236785,1421,1405,0.011259676284306797,1297,1270,0.020817270624518103,1212,1195,0.014026402640264002,982,969,0.013238289205702691,1092,1077,0.013736263736263687,1088,1078,0.009191176470588203,1080,1066,0.012962962962962954,,14466,14265,0.013894649523019442,11
KT-HQ,P169,0,0,,0,0,,0,0,,0,0,,0,0,,0,0,,0,0,,0,0,,0,0,,0,0,,0,0,,0,0,,,0,0,,0
KT-SN,P169,3725,3512,0.05718120805369131,3450,3260,0.05507246376811592,3443,3254,0.05489398780133603,3930,3705,0.057251908396946605,3244,3140,0.03205918618988901,3072,2902,0.05533854166666663,2859,2713,0.05106680657572582,3197,2982,0.06725054738817637,2995,2817,0.05943238731218703,3250,3109,0.043384615384615355,3134,2967,0.05328653477983403,3627,3360,0.07361455748552526,,39926,37721,0.055227170264990244,41
KT-HQ,P170,0,246615,0,0,259327,0,0,282136,0,0,345327,0,290536,290694,0,276436,276590,0,243161,243298,0,289026,289187,0,290732,290901,0,308240,308411,0,306819,306986,0,278452,278610,0,,2283402,3418082,0,1
KT-SN,P170,2328,2179,0.06400343642611683,2473,2312,0.06510311362717347,2895,2842,0.018307426597582,3345,3192,0.045739910313901344,2995,2801,0.06477462437395665,2628,2505,0.04680365296803657,2585,2458,0.049129593810444905,2593,2469,0.04782105669109138,2383,2264,0.04993705413344529,2440,2322,0.04836065573770487,2386,2265,0.050712489522212856,2537,2395,0.05597162002364997,,31588,30004,0.05014562492085606,42
KT-HQ,P171,0,27855,0,0,29180,0,0,32675,0,0,41918,0,33457,33390,0.0020025704635801,30720,30658,0.0020182291666667185,27205,27150,0.0020216871898548483,30132,29352,0.025886101154918406,30100,29300,0.02657807308970095,26438,0,1,29872,57066,0,28371,28299,0.0025378026858411395,,236295,366843,0,1
KT-SN,P171,1717,1621,0.05591147350029124,1775,1676,0.05577464788732389,1756,1648,0.06150341685649208,2111,1990,0.05731880625296071,2038,1912,0.06182531894013743,2167,2032,0.062298107983387196,1978,1854,0.06268958543983827,2130,1995,0.06338028169014087,1940,1811,0.06649484536082473,2365,2207,0.0668076109936575,7259,6259,0.13776002204160354,2345,2165,0.07675906183368875,,29581,27170,0.08150502011426253,27
KT-HQ,P172,0,29459,0,0,32169,0,0,36240,0,0,37951,0,27540,27361,0.006499636891793781,26693,26520,0.006481099913835053,22826,18475,0.19061596425129235,26711,4856,0.8182022387780316,26700,52843,0,25356,24736,0.02445180627859289,25265,25152,0.004472590540273158,22782,22594,0.008252128873672215,,203873,338356,0,1
KT-SN,P172,15309,15303,0.0003919263178522314,3018,3016,0.000662690523525522,3641,3639,0.0005492996429552477,4669,4665,0.0008567144998928855,29795,29774,0.0007048162443362704,23831,23818,0.0005455079518275063,10867,10861,0.0005521303027514746,11357,11350,0.0006163599542132747,0,0,,0,0,,0,0,,313,300,0.04153354632587858,,102800,102726,0.0007198443579766733,29
KT-HQ,P173,0,14457,0,0,15192,0,0,16417,0,0,27455,0,27908,27848,0.002149921169557145,27889,27994,0,25739,25597,0.005516919849255952,27384,27559,0,27300,27460,0,25652,25534,0.004600031186652087,25609,25309,0.011714631574836987,22956,22943,0.0005663007492594518,,210437,283765,0,1
KT-SN,P173,9964,9797,0.0167603372139703,11187,10961,0.02020202020202022,13355,13128,0.016997379258704592,14035,13803,0.01653010331314575,16280,15976,0.018673218673218694,10618,10474,0.013561876059521527,10331,10168,0.015777756267544296,9684,9540,0.014869888475836479,8844,8687,0.017752148349163277,8625,8413,0.024579710144927547,8392,8259,0.01584842707340328,8905,8722,0.020550252667041025,,130220,127928,0.01760098295192747,48
KT-HQ,P174,0,9771,0,0,10615,0,0,12302,0,0,12399,0,17224,17222,0.00011611704598235573,12310,12304,0.0004874086108854758,10337,10331,0.0005804391989938651,11902,11894,0.0006721559401781096,11812,11800,0.0010159160176091975,11796,11790,0.0005086469989826758,11322,11317,0.00044161808867693164,9803,9797,0.0006120575334080947,,96506,141542,0,1
KT-SN,P174,0,0,,0,0,,1385,1346,0.028158844765342916,2099,2002,0.0462124821343497,2806,2840,0,2752,2724,0.01017441860465118,2797,2770,0.009653199856989647,2948,2911,0.012550881953866999,3264,3234,0.009191176470588203,3427,3397,0.008754012255617116,3156,3109,0.01489226869455007,3436,3400,0.010477299185098987,,28070,27733,0.012005700035625178,59
KT-HQ,P175,0,11147,0,0,11356,0,0,14681,0,0,16156,0,13620,13622,0,13338,13341,0,12631,12637,0,14194,14198,0,14096,14100,0,13451,13453,0,14422,14420,0.00013867702121761472,12726,12727,0,,108478,161838,0,1
KT-SN,P175,6412,6441,0,3786,3808,0,3479,3494,0,4678,4698,0,4198,4219,0,4359,4381,0,3810,3830,0,4266,4287,0,3921,3943,0,3534,3552,0,3605,3625,0,3491,3508,0,,49539,49786,0,1
KT-HQ,P176,0,271595,0,0,302433,0,0,371559,0,0,494370,0,389401,389420,0,338191,338235,0,290889,290912,0,322922,322958,0,282666,282683,0,312043,312065,0,296111,296135,0,257560,257579,0,,2489783,3929944,0,1
KT-SN,P176,0,0,,0,0,,409,397,0.02933985330073352,1162,1122,0.03442340791738385,1514,1490,0.015852047556142668,1344,1300,0.03273809523809523,1323,1380,0,1294,1308,0,1481,1443,0.025658338960162008,1358,1318,0.02945508100147276,1311,1270,0.03127383676582762,1326,1289,0.02790346907993968,,12522,12317,0.01637118671138793,33
KT-HQ,P177,0,0,,0,0,,0,0,,0,0,,0,0,,0,0,,0,0,,0,0,,0,0,,0,0,,0,0,,0,0,,,0,0,,0
KT-SN,P177,3903,3955,0,3922,3963,0,4237,4279,0,4040,4082,0,3202,3255,0,2628,2676,0,2360,2406,0,2861,2912,0,2549,2597,0,3146,3208,0,3526,3598,0,4111,4163,0,,40485,41094,0,1
KT-HQ,P178,0,40190,0,0,7520,0,0,84030,0,0,97750,0,68080,68070,0.00014688601645118649,76580,76580,0,59080,59080,0,71710,71710,0,60640,60640,0,67890,67890,0,115970,115960,8.622919720613353e-05,104490,104500,0,,624440,853920,0,1
KT-SN,P178,8498,8503,0,8492,8498,0,8271,8276,0,6922,6929,0,7804,7810,0,5304,5304,0,3495,3492,0.0008583690987123971,3767,3769,0,3831,3835,0,4919,4920,0,4524,4526,0,4668,4671,0,,70495,70533,0,1
KT-HQ,P179,0,6666,0,0,6749,0,0,7661,0,0,9866,0,8208,7980,0.02777777777777779,6847,7759,0,6757,6336,0.06230575699274821,7481,7571,0,6468,6548,0,7098,7185,0,6588,6670,0,6144,6221,0,,55591,87212,0,1
KT-SN,P179,480,472,0.01666666666666672,308,303,0.016233766233766267,317,318,0,244,244,0,279,280,0,253,256,0,239,241,0,199,239,0,299,265,0.11371237458193983,297,297,0,329,335,0,296,301,0,,3540,3551,0,6
KT-HQ,P180,0,7462,0,0,7626,0,0,8513,0,0,10770,0,8748,8848,0,8162,8258,0,6498,6574,0,7209,7293,0,6700,6774,0,6839,6925,0,6587,6664,0,5753,5821,0,,56496,91528,0,1
KT-SN,P180,2971,3014,0,3084,3019,0.02107652399481197,2899,3741,0,2737,3716,0,3652,4068,0,2747,3597,0,2266,3200,0,1916,2867,0,2525,3335,0,3256,3168,0.027027027027026973,3621,3518,0.02844518088925707,3720,3610,0.029569892473118253,,35394,40853,0,56
KT-HQ,P181,0,5194,0,0,5942,0,0,6459,0,0,7526,0,6017,6156,0,5988,5996,0,4984,5044,0,5797,5867,0,5212,5276,0,5784,5853,0,5609,5678,0,5320,5386,0,,44711,70377,0,1
KT-SN,P181,1291,1284,0.005422153369481042,1708,1702,0.003512880562060894,1203,1195,0.006650041562759723,1038,1032,0.005780346820809301,534,531,0.005617977528089901,214,211,0.014018691588784993,169,169,0,191,189,0.010471204188481686,99,98,0.010101010101010055,0,0,,0,0,,0,0,,,6447,6411,0.0055839925546765645,1
KT-HQ,P182,0,10305,0,0,11442,0,0,12584,0,0,14132,0,12694,12833,0,12474,12618,0,9813,9926,0,6155,6230,0,5701,5772,0,5662,5703,0,5611,5705,0,4823,4879,0,,62933,112129,0,1
KT-SN,P182,12069,11755,0.02601706852266139,12319,12056,0.021349135481776083,12609,12295,0.024902847172654452,14183,13776,0.028696326588168897,15030,14572,0.03047238855622092,14621,14218,0.027563094179604675,13254,12872,0.02882148785272376,12446,12063,0.0307729390968986,13843,13470,0.02694502636711693,11954,11655,0.025012548101054022,11765,11495,0.022949426264343376,12857,12514,0.026678074200824464,,156950,152741,0.026817457789104826,41
KT-HQ,P183,0,5109,0,0,4961,0,0,5376,0,0,6705,0,5612,5832,0,5453,5672,0,4690,4875,0,5881,6113,0,5863,6188,0,7520,409,0.9456117021276595,6574,13677,0,5519,5505,0.0025366914296067744,,47112,70422,0,1
KT-SN,P183,3944,3831,0.028651115618661294,3757,3655,0.02714932126696834,4333,4208,0.028848372951765566,3963,3857,0.026747413575574086,4401,4273,0.02908429902294929,4400,4280,0.027272727272727226,3925,3818,0.027261146496815325,3585,3494,0.025383542538354287,4434,4307,0.028642309427153845,3438,3347,0.026468877254217538,3695,3591,0.02814614343707711,3005,2931,0.02462562396006651,,46880,45592,0.02747440273037538,17
KT-HQ,P184,0,13737,0,0,14241,0,0,15221,0,0,15445,0,18623,19235,0,15465,16055,0,14159,14702,0,15370,15957,0,15356,15940,0,14060,14606,0,14567,15133,0,13389,13911,0,,120989,184183,0,1
KT-SN,P184,18887,17389,0.07931381373431456,18827,17517,0.06958092101768731,21389,19924,0.06849315068493156,21393,19973,0.06637685224138734,22353,20961,0.06227352033284128,22062,20358,0.07723687788958389,21398,19414,0.09271894569585948,20780,18356,0.11665062560153994,21812,20753,0.0485512561892536,18948,18085,0.0455457040320878,19955,19059,0.044901027311450736,17679,16883,0.045025171106963024,,245483,228672,0.06848132049877176,167
KT-HQ,P185,0,16920,0,0,18320,0,0,20150,0,0,24078,0,18955,19708,0,18340,19070,0,16637,17305,0,19235,20001,0,19247,20020,0,16572,17232,0,17789,18502,0,15653,16283,0,,142428,227589,0,1
KT-SN,P185,5756,5673,0.014419735927727606,6032,5938,0.015583554376657816,6517,6412,0.01611170784103111,7653,7530,0.016072128577028666,7786,7654,0.01695350629334702,7260,7152,0.014876033057851235,7182,7073,0.015176830966304622,6946,6855,0.013101065361359021,5378,5302,0.01413164745258455,5761,5691,0.012150668286755817,9182,8992,0.020692659551296066,8364,8196,0.020086083213773365,,83817,82468,0.016094587016953654,30
KT-HQ,P186,0,7134,0,0,7355,0,0,7713,0,0,9002,0,7199,7485,0,7188,7475,0,6628,6890,0,7286,7577,0,7473,7560,0,6473,6950,0,7361,7658,0,6424,6687,0,,56032,89486,0,1
KT-SN,P186,0,0,,2056,2044,0.005836575875486361,3405,3390,0.004405286343612369,3207,3181,0.008107265357031546,3689,3661,0.007590132827324458,3620,3595,0.006906077348066253,3498,3470,0.00800457404230992,3097,3069,0.009041007426541792,3896,3864,0.008213552361396315,3293,3262,0.009413908290312745,3440,3410,0.008720930232558155,3821,3786,0.009159905783826194,,37022,36732,0.007833180271190066,39
KT-HQ,P187,0,3270,0,0,3439,0,0,3481,0,0,4098,0,3179,3303,0,2991,3110,0,2681,2787,0,3162,3285,0,3156,3280,0,2596,2697,0,3067,3187,0,2875,2987,0,,23707,38924,0,1
KT-SN,P187,11947,11283,0.05557880639491086,12123,11402,0.05947372762517533,13743,12898,0.06148584734046425,13289,12410,0.06614493189856274,14925,13785,0.07638190954773871,14431,13509,0.06389023629686097,12391,11651,0.059720765071422766,11762,11114,0.05509267131440232,13813,12897,0.06631434156229643,12857,12353,0.0392004355603951,13311,12657,0.04913229659679963,11911,11298,0.051465032323062765,,156503,147257,0.05907873970467015,64
KT-HQ,P188,0,4718,0,0,4637,0,0,4469,0,0,5315,0,4532,4699,0,4718,4894,0,3977,4126,0,5018,5206,0,4276,4435,0,4601,4773,0,4170,4327,0,3778,3920,0,,35070,55519,0,1
KT-SN,P188,9983,9786,0.019733547029950893,9610,9412,0.02060353798126946,12368,12106,0.021183699870633843,13340,13058,0.02113943028485754,15241,14898,0.022505084968177935,14408,14094,0.021793448084397538,15955,15632,0.020244437480413713,12272,12048,0.018252933507170832,12857,12624,0.01812242358248428,12571,12335,0.018773367273884345,13413,13144,0.020055170357116237,13490,13221,0.019940696812453695,,155508,152358,0.02025619260745426,47
KT-HQ,P189,0,2691,0,0,2849,0,0,2707,0,0,3022,0,2587,2679,0,2758,2858,0,2539,2630,0,3173,3287,0,2704,2800,0,3029,3138,0,2739,2837,0,2412,2496,0,,21941,33994,0,1
KT-SN,P189,74,436,0,2162,2506,0,4361,4676,0,5767,6117,0,5819,6161,0,5969,6333,0,6674,7043,0,5708,6083,0,5535,7361,0,7199,7590,0,8813,9244,0,12158,12637,0,,70239,76187,0,1
KT-HQ,P190,0,4204,0,0,4656,0,0,4792,0,0,5666,0,4663,4837,0,4958,5143,0,4104,4261,0,5019,5206,0,4514,4681,0,4873,5054,0,4436,4602,0,3923,4068,0,,36490,57170,0,1
KT-SN,P190,4156,4086,0.01684311838306063,3978,3921,0.014328808446455454,4377,4301,0.017363490975554008,4699,4627,0.01532240902319637,4464,4395,0.01545698924731187,3774,3716,0.015368309485956577,4114,4049,0.01579970831307731,3935,3868,0.01702668360864046,3799,3738,0.016056857067649366,3867,3810,0.014740108611326574,3501,3442,0.016852327906312525,3622,3560,0.01711761457758143,,48286,47513,0.01600878101313008,24
KT-HQ,P191,0,4350,0,0,4595,0,0,4738,0,0,5244,0,4398,4560,0,4721,4907,0,3956,4104,0,5124,5314,0,4537,4706,0,4792,4970,0,4336,4497,0,3860,4003,0,,35724,55988,0,1
KT-SN,P191,319,314,0.01567398119122254,282,280,0.007092198581560294,269,266,0.01115241635687736,277,273,0.014440433212996373,234,231,0.012820512820512775,215,215,0,183,182,0.005464480874316946,239,235,0.01673640167364021,222,219,0.013513513513513487,260,255,0.019230769230769273,288,285,0.01041666666666663,276,273,0.010869565217391353,,3064,3028,0.011749347258485643,4
KT-HQ,P192,0,15065,0,0,13590,0,0,12428,0,0,13066,0,11911,12708,0,12458,13295,0,12918,13741,0,8376,9173,0,13575,14463,0,6590,7354,0,14075,14985,0,16336,17162,0,,96239,157030,0,1
KT-SN,P192,1046,1020,0.0248565965583174,995,969,0.026130653266331683,1162,1136,0.022375215146299476,1301,1269,0.024596464258262896,1170,1137,0.028205128205128216,1198,1173,0.02086811352253759,1243,1209,0.027353177795655714,1082,1055,0.024953789279112737,1127,1095,0.028393966282165062,1116,1086,0.026881720430107503,1141,1111,0.0262927256792288,1229,1196,0.026851098454027666,,13810,13456,0.025633598841419247,23
KT-HQ,P193,0,7770,0,0,8517,0,0,8333,0,0,9446,0,8292,8594,0,8134,8435,0,7360,7629,0,8433,8739,0,7796,8080,0,8420,8735,0,7312,7578,0,7284,7552,0,,63031,99408,0,1
KT-SN,P193,1074,1040,0.03165735567970207,1097,1080,0.015496809480401108,1330,1300,0.022556390977443663,1498,1458,0.026702269692923886,1681,1635,0.027364663890541374,1527,1487,0.026195153896529155,1429,1388,0.028691392582225306,1344,1302,0.03125,1751,1709,0.0239862935465448,1284,1248,0.028037383177570097,1392,1355,0.026580459770114917,3221,3119,0.03166718410431546,,18628,18121,0.027217092548851185,21
KT-HQ,P194,0,2184,0,0,2603,0,0,2921,0,0,3206,0,2911,2914,0,2709,2713,0,2324,2327,0,2587,2591,0,2138,2141,0,2222,2226,0,2280,2283,0,2400,2404,0,,19571,30513,0,1
KT-SN,P194,3634,3529,0.028893780957622406,3558,3471,0.024451939291736946,3485,3382,0.029555236728837864,3926,3824,0.02598064187468163,3539,3437,0.028821701045493087,3551,3408,0.040270346381301,3301,3172,0.039079066949409325,3587,3484,0.028714803456927784,3376,3275,0.029917061611374418,3814,3710,0.02726796014682753,3920,3811,0.02780612244897962,4161,4048,0.027156933429464125,,43852,42551,0.029667974094682137,14
KT-HQ,P195,0,9207,0,0,9751,0,0,8645,0,0,10332,0,7604,7599,0.0006575486586006818,7283,7200,0.011396402581353882,6123,6091,0.005226196308998898,6462,6427,0.005416279789538847,6455,6420,0.005422153369481042,5973,5941,0.0053574418215301955,5919,5885,0.005744213549586097,6776,6737,0.005755608028335302,,52595,90235,0,1
KT-SN,P195,1273,1254,0.014925373134328401,1377,1363,0.010167029774872938,1271,1257,0.011014948859165985,1122,1151,0,963,994,0,848,886,0,774,799,0,741,755,0,689,695,0,726,730,0,978,972,0.006134969325153339,1105,1089,0.014479638009049722,,11867,11945,0,7
KT-HQ,P196,0,5360,0,0,5070,0,0,5512,0,0,6758,0,5497,5501,0,5625,5629,0,5607,5600,0.0012484394506866447,4425,4445,0,4420,4440,0,5726,5720,0.0010478519035975742,4457,4462,0,4299,4299,0,,40056,62796,0,1
KT-SN,P196,2146,2086,0.027958993476234872,2223,2154,0.031039136302294157,2525,2484,0.016237623762376252,2992,2904,0.02941176470588236,2689,2615,0.02751952398661217,3329,3264,0.0195253829978973,2722,2651,0.02608376193975015,3066,2987,0.025766470971950395,2569,2511,0.022576878162709257,2502,2449,0.02118305355715433,2650,2580,0.026415094339622636,2739,2660,0.02884264330047459,,32152,31345,0.02509952724558351,17
KT-HQ,P197,0,67490,0,0,90300,0,0,87760,0,0,104150,0,79280,79300,0,67420,67430,0,70020,70050,0,98610,98620,0,87640,87670,0,96340,96360,0,95760,95780,0,110300,110330,0,,705370,1055240,0,1
KT-SN,P197,23462,24713,0,6247,7271,0,4188,5115,0,3173,4198,0,2950,4020,0,2823,4025,0,1529,2196,0,0,0,,0,0,,98,316,0,237,783,0,389,943,0,,45096,53580,0,1
KT-HQ,P198,0,2954560,0,0,2683968,0,0,2584410,0,0,1181712,0,768589,745680,0.029806567619364843,591731,615891,0,623968,624387,0,573699,574023,0,651952,652339,0,680250,680640,0,1076250,1076758,0,1297529,1297962,0,,6263968,15672330,0,1
KT-SN,P198,1106,1068,0.03435804701627487,1121,1082,0.0347903657448706,1267,1232,0.027624309392265234,1524,1476,0.03149606299212604,1125,1089,0.03200000000000003,1275,1232,0.0337254901960784,1158,1117,0.03540587219343694,1279,1239,0.03127443315089917,1170,1128,0.03589743589743588,1315,1272,0.03269961977186309,1174,1131,0.03662691652470185,1163,1128,0.03009458297506451,,14677,14194,0.032908632554336736,37
KT-HQ,P199,0,25215,0,0,27743,0,0,31994,0,0,45411,0,43023,43006,0.0003951374846012934,34500,34487,0.000376811594202886,30732,30719,0.0004230118443316888,30419,30410,0.0002958677142574917,32509,32503,0.00018456427450863622,31408,31398,0.0003183902190524446,32615,32603,0.0003679288670856984,26880,26873,0.00026041666666665186,,262086,392362,0,1
KT-SN,P199,1382736,1384770,0,1240214,1242110,0,300666,301240,0,122197,122520,0,114327,114600,0,90896,91160,0,32716,32860,0,18359,18380,0,0,0,,0,0,,0,0,,0,0,,,3302111,3307640,0,0
KT-HQ,P200,0,6292,0,0,6280,0,0,6950,0,0,8349,0,6998,7023,0,6816,6839,0,6778,6800,0,5417,5439,0,5405,5430,0,7980,8003,0,5992,6014,0,6069,6091,0,,51455,79510,0,1
KT-SN,P200,29775,30398,0,32318,32927,0,24538,25054,0,16459,16950,0,15391,15869,0,12937,13419,0,8804,9253,0,4052,4345,0,0,0,,0,0,,0,0,,0,0,,,144274,148215,0,0
KT-HQ,P201,0,5550,0,0,6691,0,0,6604,0,0,7939,0,6607,6483,0.0187679733615862,6647,6603,0.006619527606439024,5825,5710,0.019742489270386243,7130,6995,0.018934081346423604,7099,6075,0.14424566840400055,6973,7685,0,6170,6033,0.022204213938411654,6325,6094,0.03652173913043477,,52776,78462,0,1
KT-SN,P201,3484890,3485890,0,73300,73010,0.003956343792632988,69590,69320,0.0038798677970972584,83900,83650,0.0029797377830751426,3802490,3804120,0,2052760,2053720,0,36200,36050,0.004143646408839796,21460,21380,0.0037278657968312645,0,0,,0,0,,0,0,,0,0,,,9624590,9627140,0,0
KT-HQ,P202,0,9722,0,0,9793,0,0,11249,0,0,13169,0,9759,10080,0,9569,9889,0,7780,8039,0,9317,9639,0,9303,9630,0,10376,10311,0.006264456437933719,7804,8472,0,8443,8734,0,,72351,118727,0,1
KT-SN,P202,63214,63230,0,62180,62190,0,74551,74580,0,97495,97524,0,92472,92499,0,56599,56612,0,33390,33396,0,27426,27433,0,0,0,,0,0,,0,0,,0,0,,,507327,507464,0,0
KT-HQ,P203,0,2176,0,0,2219,0,0,2535,0,0,2715,0,2357,2362,0,2296,2302,0,1945,1952,0,2171,2278,0,2166,2270,0,2632,2439,0.07332826747720367,2020,2026,0,2114,2120,0,,17701,27394,0,1
KT-SN,P203,743,699,0.05921938088829071,941,936,0.005313496280552554,1014,1009,0.004930966469428033,1061,1054,0.006597549481621057,534,614,0,476,401,0.15756302521008403,434,502,0,626,566,0.09584664536741216,485,490,0,700,705,0,654,658,0,651,655,0,,8319,8289,0.0036062026685900195,1
KT-HQ,P204,0,2446,0,0,2456,0,0,3052,0,0,3362,0,2801,2800,0.000357015351660106,2851,2848,0.0010522623640827344,2380,2382,0,2870,2870,0,2860,2860,0,2696,2699,0,2523,2522,0.00039635354736422546,2713,2715,0,,21694,33012,0,1
KT-SN,P204,2904,2885,0.006542699724517931,1627,1605,0.013521819299323945,1375,1373,0.0014545454545454861,1510,1500,0.0066225165562914245,1464,1454,0.006830601092896127,1748,1737,0.0062929061784896545,1349,1337,0.008895478131949575,1752,1735,0.009703196347031984,1437,1421,0.011134307585247027,752,743,0.01196808510638303,1003,997,0.005982053838484491,668,661,0.010479041916167664,,17589,17448,0.0080163738700324,1
KT-HQ,P205,0,6992,0,0,6590,0,0,7285,0,0,7742,0,6186,6437,0,6289,6548,0,4909,5114,0,5661,5893,0,5657,5890,0,5262,5483,0,5173,5388,0,5046,5255,0,,44183,74617,0,1
KT-SN,P205,0,0,,0,0,,950,949,0.001052631578947416,2593,2567,0.01002699575780952,3607,3503,0.02883282506237872,3474,3362,0.032239493379389805,3333,3247,0.025802580258025842,3180,3090,0.028301886792452824,3554,3481,0.02054023635340463,3228,3156,0.022304832713754608,3053,2985,0.022273173927284673,3380,3310,0.020710059171597628,,30352,29650,0.023128624143384346,71
KT-HQ,P206,0,2080,0,0,2381,0,0,2612,0,0,3166,0,2641,2571,0.026505111700113604,2361,2297,0.027107157983905172,1997,1940,0.02854281422133198,2356,2291,0.027589134125636683,2112,2055,0.026988636363636354,2374,2311,0.026537489469250164,2136,2078,0.027153558052434468,1852,1809,0.02321814254859611,,17829,27591,0,1
KT-SN,P206,0,0,,0,0,,604,602,0.0033112582781457123,1382,1353,0.02098408104196814,1693,1646,0.027761370348493797,1561,1506,0.03523382447149259,0,1548,0,1465,1444,0.014334470989761039,1852,1764,0.04751619870410362,1717,1636,0.0471753057658707,1582,1511,0.044879898862199785,1885,1787,0.051989389920424456,,13741,14797,0,50
KT-HQ,P207,0,1201,0,0,1424,0,0,1454,0,0,1683,0,1309,1308,0.0007639419404125158,1274,1274,0,1036,1036,0,1170,1170,0,1111,1111,0,1329,1329,0,1220,1220,0,1118,1117,0.0008944543828264262,,9567,15327,0,1
KT-SN,P207,310,310,0,24470,24470,0,30830,30830,0,35110,35110,0,21330,21320,0.00046882325363339916,25130,25140,0,14850,14860,0,38160,38150,0.0002620545073375169,51850,51860,0,67250,67250,0,57190,57200,0,50110,50110,0,,416590,416610,0,1
KT-HQ,P208,0,3141,0,0,3421,0,0,3795,0,0,4128,0,3022,2934,0.029119788219722054,3446,3349,0.0281485780615206,2730,2650,0.02930402930402931,2986,2900,0.028801071667783007,2501,2428,0.029188324670131993,2521,2449,0.028560095200317326,2913,2827,0.029522828698935855,3102,3009,0.029980657640232056,,23221,37031,0,1
KT-SN,P208,7290,7290,0,107650,107650,0,244420,244200,0.0009000900090009312,413980,413570,0.0009903860089859329,650120,649580,0.0008306158862979585,1239930,1239230,0.0005645479986773339,1540750,1539990,0.0004932662664286491,1103570,1102870,0.0006343050282265894,0,0,,0,0,,0,0,,0,0,,,5307710,5304380,0.0006273892130504999,0
KT-HQ,P209,0,10047,0,0,10517,0,0,12365,0,0,14280,0,10593,10998,0,11317,11751,0,9800,10175,0,10622,11028,0,9895,10274,0,10116,10505,0,10862,11280,0,10197,10588,0,,83402,133808,0,1
KT-SN,P209,0,0,,0,0,,0,0,,0,0,,0,0,,3940,4761,0,2628,3407,0,2995,3816,0,2323,3212,0,2932,3783,0,2605,3469,0,2292,3117,0,,19715,25565,0,1
KT-SN,P209,0,0,,0,0,,825,1309,0,597,1587,0,1169,2095,0,0,0,,0,0,,0,0,,0,0,,0,0,,0,0,,0,0,,,2591,4991,0,1
KT-HQ,P210,0,5052,0,0,5212,0,0,6136,0,0,7091,0,5469,5659,0,5390,5577,0,4582,4742,0,5547,5739,0,4606,4765,0,5074,5249,0,5350,5536,0,5094,5271,0,,41112,66029,0,1
KT-SN,P210,0,0,,0,0,,9315,9313,0.00021470746108431804,29335,29329,0.0002045338333048763,30094,30088,0.00019937529075564342,36460,36454,0.0001645639056500059,67035,67017,0.00026851644663239416,47207,47195,0.00025419958904404627,0,0,,0,0,,0,0,,0,0,,,219446,219396,0.00022784648615148395,0
KT-HQ,P211,0,21758,0,0,24523,0,0,29691,0,0,33646,0,29670,29659,0.0003707448601281138,28451,28437,0.0004920740922990108,25843,25839,0.0001547807917037236,29805,29803,6.710283509481219e-05,27703,27702,3.60971735913207e-05,28243,28239,0.00014162801402117786,28204,28191,0.000460927528010191,25661,25650,0.00042866606913216643,,223580,333138,0,1
KT-SN,P211,0,0,,0,0,,0,0,,1120,1412,0,7196,7848,0,7126,7819,0,4647,5344,0,4291,4784,0,0,0,,0,0,,0,0,,0,0,,,24380,27207,0,0
KT-HQ,P212,0,6010,0,0,6549,0,0,7551,0,0,8990,0,7623,7801,0,7326,7588,0,6602,6841,0,7442,7713,0,6820,7071,0,7259,7526,0,6994,7255,0,6227,6459,0,,56293,87354,0,1
KT-SN,P212,0,0,,0,0,,0,0,,0,0,,0,0,,1326,1277,0.036953242835595757,2349,2319,0.012771392081736943,1355,1309,0.03394833948339482,389,341,0.12339331619537275,914,847,0.07330415754923414,978,906,0.07361963190184051,2315,2256,0.02548596112311019,,9626,9255,0.03854145023893618,1
KT-HQ,P213,0,5496,0,0,2686,0,0,9763,0,0,7103,0,6277,6523,0,6670,6935,0,5947,6185,0,6598,6857,0,5028,5221,0,5316,5521,0,5233,5434,0,5521,5734,0,,46590,73458,0,1
KT-SN,P213,0,0,,0,0,,0,0,,0,0,,0,0,,3718,3714,0.0010758472296933386,6294,6290,0.0006355258976803446,4537,4538,0,0,0,,0,0,,0,0,,0,0,,,14549,14542,0.00048113272389860295,0
KT-HQ,P214,0,5297,0,0,5727,0,0,6699,0,0,7289,0,6085,6314,0,5768,5987,0,5198,5393,0,5658,5872,0,5358,5559,0,5703,5918,0,5420,5624,0,5127,5318,0,,44317,70997,0,1
KT-SN,P214,0,0,,0,0,,0,0,,0,0,,0,0,,0,0,,0,0,,0,0,,0,0,,1960,1959,0.0005102040816326037,1720,1720,0,1415,1414,0.0007067137809186885,,5095,5093,0.00039254170755642637,1
KT-HQ,P215,0,5174,0,0,6442,0,0,7836,0,0,7981,0,6128,6371,0,5489,5707,0,5251,5458,0,5644,5867,0,5169,5372,0,5005,5202,0,5342,5550,0,5002,5195,0,,43030,72155,0,1
KT-HQ,P216,0,4683,0,0,4598,0,0,4775,0,0,5847,0,5568,5572,0,4793,4792,0.00020863759649492053,3832,3832,0,4304,4302,0.0004646840148698761,4012,4011,0.0002492522432702149,4095,4095,0,4099,4097,0.00048792388387408625,3577,3577,0,,34280,54181,0,1
KT-HQ,P217,0,6734,0,0,7205,0,0,7642,0,0,8976,0,7429,7445,0,6934,6961,0,5907,5931,0,7000,7022,0,6997,7020,0,6669,6691,0,6310,6338,0,6417,6440,0,,53663,84405,0,1
KT-HQ,P218,0,10367,0,0,10384,0,0,11120,0,0,12921,0,10718,10727,0,10759,10768,0,9486,9499,0,11567,11578,0,11560,11570,0,10456,0,1,9442,19863,0,9620,9558,0.006444906444906473,,83608,128355,0,1
KT-HQ,P219,0,5220,0,0,5413,0,0,5824,0,0,6778,0,5528,5542,0,5213,5222,0,3743,3764,0,4729,4745,0,4723,4740,0,4255,4268,0,4168,4183,0,4551,4565,0,,36910,60264,0,1
KT-HQ,P220,0,3698,0,0,3564,0,0,3662,0,0,4457,0,3708,3673,0.009439050701186669,3797,3775,0.005794047932578317,3058,3045,0.0042511445389142866,3642,3630,0.0032948929159802853,3629,3616,0.003582254064480539,3805,3784,0.00551905387647833,3268,3237,0.00948592411260707,3550,3511,0.010985915492957798,,28457,43652,0,1
KT-HQ,P221,0,1199,0,0,1326,0,0,1568,0,0,1662,0,1387,1392,0,1357,1405,0,1112,1077,0.03147482014388492,1407,1413,0,1403,1410,0,1206,1212,0,1106,1113,0,1100,1104,0,,10078,15881,0,1
KT-HQ,P222,0,4179,0,0,4158,0,0,4559,0,0,5317,0,4258,4272,0,4124,4136,0,3337,3347,0,4005,4015,0,3998,4010,0,4087,4097,0,3531,3542,0,3538,3547,0,,30878,49179,0,1
KT-HQ,P223,0,3937,0,0,4272,0,0,4676,0,0,5314,0,4204,4183,0.004995242626070429,4156,4126,0.007218479307026016,3195,3200,0,3862,3868,0,3855,3860,0,3953,3959,0,3527,3533,0,3916,3922,0,,30668,48850,0,1
KT-HQ,P224,0,3349,0,0,3462,0,0,3793,0,0,3816,0,3223,3231,0,3035,3042,0,2547,2554,0,3071,3079,0,3067,3070,0,2893,2903,0,2755,2761,0,3032,3039,0,,23623,38099,0,1
KT-HQ,P225,0,3627,0,0,3714,0,0,4041,0,0,4824,0,4039,4039,0,4224,4224,0,3275,3276,0,3640,3640,0,3630,3630,0,3516,3517,0,3287,3288,0,3148,3149,0,,28759,44969,0,1
KT-HQ,P226,0,14469,0,0,15280,0,0,14239,0,0,16924,0,14795,14795,0,14985,14986,0,12681,12685,0,15338,15341,0,15222,15235,0,16054,16063,0,14769,14772,0,14221,14230,0,,118065,179019,0,1
KT-HQ,P227,0,8062,0,0,8705,0,0,8525,0,0,9867,0,8578,8586,0,8078,8087,0,6595,6604,0,7994,8001,0,7494,7505,0,7943,7959,0,7929,7941,0,7949,7963,0,,62560,97805,0,1
KT-HQ,P228,0,18701,0,0,18982,0,0,14582,0,0,16974,0,11432,11439,0,10861,10866,0,9095,9097,0,8029,8031,0,8750,8753,0,8000,8001,0,9203,9204,0,8731,8733,0,,74101,143363,0,1
KT-HQ,P229,0,5158,0,6513,6307,0.031629049593121406,7379,7128,0.03401544924786559,8756,8446,0.035404294198264075,8104,7793,0.038376110562685084,6171,5981,0.030789175174201877,4394,4277,0.026627218934911268,4401,4287,0.025903203817314258,4144,4031,0.027268339768339755,4408,4295,0.025635208711433766,5066,4932,0.02645084879589421,5939,5748,0.03216029634618622,,65275,68383,0,42
KT-HQ,P230,0,2477,0,2685,2655,0.011173184357541888,2694,2657,0.013734224201930267,3415,3356,0.01727672035139094,0,2642,0,1272,2456,0,2196,2153,0.01958105646630237,3226,3119,0.03316800991940483,2728,2639,0.032624633431085015,2986,2901,0.028466175485599488,2035,2006,0.014250614250614246,2271,2241,0.013210039630118908,,25508,31302,0,23
KT-HQ,P231,0,2908,0,0,2911,0,0,1244,0,0,0,,2393,2396,0,2972,2975,0,893,893,0,2681,2684,0,2234,2236,0,3058,3061,0,3472,3475,0,4658,4665,0,,22361,29448,0,1
KT-HQ,P232,0,1126,0,0,1256,0,0,1479,0,0,1999,0,1705,1707,0,1556,1559,0,1202,1204,0,1835,1837,0,1833,1835,0,1090,1093,0,1292,1294,0,1332,1334,0,,11845,17723,0,1
KT-HQ,P233,0,2266,0,0,2694,0,0,2892,0,0,3619,0,2842,2841,0.0003518648838846117,3778,3779,0,1776,1776,0,2237,2238,0,2235,2236,0,2000,2001,0,2572,2572,0,2018,2018,0,,19458,30932,0,1
KT-HQ,P234,0,13909,0,15473,15228,0.01583403347767076,16309,15881,0.02624317861303571,19376,18971,0.020902146985962045,18694,18261,0.023162512035947325,17707,17261,0.025187778844524722,15459,15095,0.02354615434374796,17536,17105,0.024578010948905105,16798,16400,0.023693296821050147,17583,17141,0.025137917306489177,18565,18111,0.024454618906544545,15106,14433,0.044551833708460165,,188606,197796,0,191
KT-HQ,P235,0,946,0,0,1225,0,0,1259,0,0,1580,0,1491,1496,0,1527,1533,0,1286,1208,0.06065318818040433,1441,1514,0,1217,1216,0.0008216926869351049,1277,1278,0,1349,1348,0.000741289844329085,1096,1097,0,,10684,15700,0,1
KT-HQ,P236,0,5369,0,0,5911,0,0,6279,0,0,7940,0,6603,6590,0.001968802059669872,6489,6484,0.0007705347511173244,5651,5646,0.0008847991505928077,6557,6548,0.0013725789232881258,5399,5390,0.0016669753658085096,5822,5811,0.0018893850910339793,6094,6087,0.0011486708237610221,5173,5164,0.0017398028223467588,,47788,73219,0,1
KT-HQ,P237,0,9694,0,0,10329,0,0,10863,0,0,12939,0,11483,11488,0,11138,11136,0.00017956545160713322,9565,9570,0,11551,11555,0,9672,9610,0.0064102564102563875,10419,10479,0,10781,10785,0,9592,9591,0.00010425354462051395,,84201,128039,0,1
KT-HQ,P238,0,3251,0,0,3446,0,0,3528,0,0,3993,0,3164,3170,0,3113,3126,0,2677,2684,0,3254,3261,0,2662,2669,0,2820,2825,0,3071,3078,0,2926,2933,0,,23687,37964,0,1
KT-HQ,P239,0,6206,0,0,6372,0,0,6750,0,0,7700,0,8205,8206,0,7652,7655,0,7145,7146,0,7491,7493,0,7962,7964,0,6561,6563,0,6819,6820,0,6075,6077,0,,57910,84952,0,1
KT-HQ,P240,0,6992,0,7392,7187,0.027732683982684025,8096,7878,0.026926877470355715,9122,8883,0.026200394650296,8019,7803,0.026936026936026924,7411,7204,0.027931453245176097,6233,6035,0.0317664046205679,8017,7810,0.025820132219034564,7360,7137,0.030298913043478315,7498,7286,0.02827420645505463,7382,7160,0.03007315090761309,7365,7151,0.029056347589952458,,83895,88526,0,106
KT-HQ,P241,0,7356,0,7897,7638,0.03279726478409528,8980,8703,0.03084632516703789,10343,10036,0.029681910470849893,7755,7519,0.030431979368149564,7331,7110,0.03014595553130539,6317,6107,0.033243628304574946,7019,6817,0.028779028351617053,6152,5945,0.033647594278283455,6847,6644,0.02964802103110853,7207,6973,0.0324684334674622,7574,7333,0.031819382096646476,,83422,88181,0,113
KT-HQ,P242,0,6706,0,6872,6571,0.04380093131548313,8347,7976,0.04444710674493835,9798,9377,0.04296795264339659,7581,7222,0.04735523018071497,6457,6086,0.057457023385473094,6427,5734,0.10782635755406877,6211,6408,0,6083,5810,0.04487917146144993,6673,6359,0.047055297467406,7525,7184,0.0453156146179402,8184,7923,0.03189149560117299,,80158,83356,0,83
KT-HQ,P243,0,2755,0,3084,2951,0.04312581063553822,3216,3087,0.04011194029850751,3432,3299,0.03875291375291379,2769,2653,0.04189237992054895,2601,2479,0.04690503652441369,2267,2174,0.041023378914865516,2779,2663,0.041741633681180335,2571,2458,0.04395176973940096,2582,2468,0.0441518202943455,2926,2800,0.0430622009569378,2784,2658,0.04525862068965514,,31011,32445,0,42
KT-HQ,P244,0,2921,0,3313,3159,0.046483549652882594,3850,3686,0.042597402597402634,4306,4133,0.040176497909893194,2991,2867,0.04145770645269142,2971,2779,0.06462470548636823,2630,2591,0.014828897338403091,2935,2812,0.04190800681431006,2781,2657,0.04458827759798634,2724,2601,0.045154185022026394,3016,2880,0.04509283819628651,3072,2951,0.03938802083333337,,34589,36037,0,45
KT-HQ,P245,0,5180,0,5444,5128,0.0580455547391624,5919,5590,0.05558371346511237,7969,7410,0.07014681892332786,5875,5525,0.05957446808510636,4781,4476,0.0637941853168793,4134,3996,0.03338171262699563,4641,4453,0.04050851109674636,3900,3741,0.04076923076923078,4178,4003,0.04188606988989951,4765,4529,0.04952780692549841,4959,4708,0.050615043355515255,,56565,58739,0,48
KT-HQ,P246,0,3745,0,4232,4074,0.037334593572778796,4485,4320,0.03678929765886285,4967,4802,0.03321924703040069,3935,3786,0.03786531130876747,3558,3400,0.04440697020798201,3188,3091,0.030426599749058925,4009,3861,0.036916936891993046,3615,3474,0.03900414937759333,3536,3401,0.038178733031674184,3627,3483,0.03970223325062039,3710,3563,0.03962264150943395,,42862,45000,0,73
KT-HQ,P247,0,251380,0,0,241640,0,0,255680,0,0,220150,0,324890,326320,0,348720,348050,0.0019213122275750782,322860,323190,0,379610,380140,0,379595,380000,0,139495,139400,0.0006810279938349595,211070,211210,0,297240,297700,0,,2403480,3374860,0,1
KT-HQ,P248,0,7345,0,0,7877,0,0,8260,0,0,10662,0,5993,9687,0,8875,8925,0,7610,7652,0,9447,9502,0,8571,8616,0,9817,9868,0,9251,9297,0,8499,8538,0,,68063,106229,0,1
KT-HQ,P249,0,5951,0,0,6124,0,0,6455,0,0,7846,0,7548,7383,0.021860095389507173,7395,7406,0,6214,6225,0,7594,7600,0,7020,7027,0,7584,7589,0,6726,6732,0,6390,6396,0,,56471,82734,0,1
KT-HQ,P250,0,11288,0,0,12196,0,0,12490,0,0,16192,0,13838,13872,0,13459,13498,0,11657,11692,0,14714,14747,0,13408,13442,0,14699,14735,0,13357,13390,0,12275,12309,0,,107407,159851,0,1
KT-HQ,P251,0,1205,0,1578,1552,0.016476552598225558,1596,1576,0.01253132832080206,2020,1992,0.013861386138613874,1613,1587,0.016119032858028515,1094,1076,0.01645338208409508,942,919,0.02441613588110403,1168,1149,0.016267123287671215,982,962,0.020366598778004064,1079,1056,0.02131603336422616,1268,1238,0.023659305993690816,1561,1537,0.015374759769378632,,14901,15849,0,21
KT-HQ,P252,0,801,0,967,952,0.015511892450879028,868,835,0.03801843317972353,1154,1162,0,986,970,0.016227180527383367,770,759,0.014285714285714235,639,625,0.021909233176838794,833,820,0.015606242496998823,684,670,0.020467836257309968,711,703,0.011251758087201136,711,697,0.019690576652601988,646,636,0.015479876160990669,,8969,9630,0,13
KT-HQ,P253,0,5035,0,0,5382,0,0,5360,0,0,6200,0,5938,5953,0,6034,6054,0,5215,5229,0,6286,6301,0,5477,5492,0,5829,5845,0,5472,5486,0,4447,4460,0,,44698,66797,0,1
KT-HQ,P254,0,6461,0,0,7154,0,0,7360,0,0,8204,0,8005,8027,0,8578,8604,0,7902,7923,0,8975,9000,0,7984,7996,0,8354,8365,0,7816,7811,0.0006397134083930833,7335,7323,0.0016359918200409274,,64949,94228,0,1
KT-HQ,P255,0,10943,0,0,11910,0,0,12282,0,0,14643,0,13102,13134,0,14084,14123,0,12314,12347,0,14398,14430,0,12681,12714,0,13432,13465,0,12237,12267,0,11394,11425,0,,103642,153683,0,1
KT-HQ,P256,0,3196,0,0,3342,0,0,3724,0,0,4480,0,3560,3568,0,3608,3617,0,3028,3038,0,3861,3868,0,3440,3447,0,3641,3647,0,3526,3532,0,3277,3286,0,,27941,42745,0,1
KT-HQ,P257,0,4666,0,0,4984,0,0,5222,0,0,6002,0,5586,5595,0,5859,5869,0,4952,4959,0,6069,6075,0,5268,5276,0,5406,5411,0,5260,5266,0,4699,4708,0,,43099,64033,0,1
KT-HQ,P258,0,1358,0,0,1532,0,0,1482,0,0,2001,0,1852,1879,0,1855,1881,0,1443,1469,0,1573,1585,0,1389,1408,0,1640,1661,0,1459,1478,0,1234,1251,0,,12445,18985,0,1
KT-HQ,P259,0,4510,0,0,4633,0,0,4648,0,0,5212,0,5040,5043,0,4902,4907,0,4212,4215,0,6315,6319,0,6022,6026,0,6097,6101,0,5245,5248,0,5073,5076,0,,42906,61938,0,1
KT-HQ,P260,0,723,0,0,826,0,0,908,0,0,1058,0,739,740,0,709,715,0,611,606,0.008183306055646433,797,799,0,690,690,0,1212,1211,0.0008250825082508628,755,753,0.0026490066225165476,673,671,0.002971768202080227,,6186,9700,0,1
KT-HQ,P261,0,1811,0,0,1839,0,0,2068,0,0,3251,0,2994,3071,0,3014,3091,0,2661,2731,0,3282,3366,0,2931,3007,0,3142,3222,0,2970,3047,0,2712,2783,0,,23706,33287,0,1
KT-HQ,P262,0,786,0,917,893,0.026172300981461283,969,947,0.02270381836945301,1072,1043,0.027052238805970186,1040,1012,0.02692307692307694,869,844,0.028768699654775576,682,659,0.03372434017595305,965,940,0.025906735751295318,888,862,0.029279279279279313,999,973,0.026026026026025995,1123,1094,0.02582368655387357,904,875,0.03207964601769908,,10428,10928,0,19
KT-HQ,P263,0,1915,0,2154,2110,0.02042711234911787,2262,2220,0.018567639257294433,2382,2340,0.017632241813602012,2377,2334,0.01809002944888516,1916,1875,0.02139874739039671,1552,1517,0.022551546391752608,1903,1863,0.021019442984760883,1642,1608,0.020706455542021884,1841,1805,0.01955458989679526,1998,1954,0.02202202202202197,1653,1615,0.02298850574712641,,21680,23156,0,31
KT-HQ,P264,0,1620,0,0,1905,0,0,2072,0,0,2437,0,1581,1572,0.005692599620493399,1343,1333,0.007446016381235987,1023,1024,0,1357,1355,0.0014738393515106862,1160,1154,0.005172413793103403,1239,1231,0.006456820016142006,711,1337,0,1425,1435,0,,9839,18475,0,1
KT-HQ,P265,0,7920,0,0,8523,0,0,8646,0,0,9765,0,9271,9247,0.002588717506202154,9799,9766,0.003367690580671545,8759,8750,0.0010275145564562216,9939,9912,0.0027165710836100088,9424,9400,0.002546689303904892,9569,9540,0.003030619709478488,10127,10119,0.0007899674138441837,9302,9297,0.0005375188131584441,,76190,110885,0,1
KT-HQ,P266,0,2123,0,0,2160,0,0,2086,0,0,2388,0,2240,2237,0.001339285714285765,2105,2102,0.001425178147268391,1678,1679,0,1858,1855,0.0016146393972013007,1679,1672,0.004169148302561099,1857,1852,0.002692514808831481,1941,1938,0.0015455950540957941,1724,1723,0.0005800464037123421,,15082,23815,0,1
KT-HQ,P267,0,527,0,0,600,0,0,657,0,0,856,0,813,822,0,824,833,0,721,728,0,887,895,0,800,805,0,920,927,0,1080,1088,0,962,968,0,,7007,9706,0,1
KT-HQ,P268,0,31225,0,0,34025,0,0,38620,0,0,47752,0,45127,44821,0.0067808628980432495,45410,45101,0.006804668575203676,42166,41881,0.006759000142294691,45638,45327,0.0068144966913537,49189,48855,0.006790136006017633,47882,47556,0.0068084039931498586,52578,52216,0.006885008939100046,45655,45339,0.006921476289563078,,373645,522718,0,1
KT-HQ,P269,0,0,,0,0,,0,0,,0,0,,0,0,,0,0,,0,0,,0,0,,0,0,,0,0,,0,0,,0,0,,,0,0,,1
KT-HQ,P270,0,4601,0,0,4516,0,0,4652,0,0,5924,0,5067,5254,0,0,0,,9422,9764,0,5170,5355,0,4556,4717,0,4859,5032,0,4762,4931,0,4430,4587,0,,38266,59333,0,1
KT-HQ,P271,0,15984,0,0,17386,0,0,18399,0,0,21097,0,18438,18998,0,18326,18881,0,16087,16571,0,18427,18976,0,17880,18416,0,18476,19027,0,18090,18630,0,17328,17846,0,,143052,220211,0,1
KT-HQ,P272,0,10040,0,0,0,,0,0,,0,0,,2180,2180,0,0,0,,0,0,,4520,4510,0.0022123893805309214,0,0,,0,0,,0,0,,2940,2940,0,,9640,19670,0,1
KT-HQ,P273,0,20357,0,0,21716,0,0,22600,0,0,27964,0,25329,25328,3.9480437443284444e-05,24683,24685,0,20616,20621,0,24782,24788,0,22248,22257,0,22649,22662,0,22469,22484,0,21136,21148,0,,183912,276610,0,1
KT-HQ,P274,0,16153,0,0,17364,0,0,18168,0,0,20299,0,17735,18403,0,17990,18665,0,15277,15847,0,17367,18012,0,15139,15696,0,15312,15875,0,15877,16462,0,14581,15121,0,,129278,206065,0,1
KT-HQ,P275,0,723,0,713,816,0,719,862,0,907,1049,0,842,920,0,676,670,0.00887573964497046,709,706,0.004231311706629048,892,883,0.010089686098654682,758,752,0.0079155672823219,770,766,0.0051948051948051965,879,873,0.0068259385665528916,816,824,0,,8681,9844,0,9
KT-HQ,P276,0,1832,0,2017,1966,0.025285076846802146,1949,1897,0.02668034889687021,2081,2030,0.024507448342143245,2553,2487,0.025851938895417148,2091,2025,0.031563845050215256,1882,1831,0.027098831030818227,2409,2349,0.02490660024906599,2076,2021,0.026493256262042353,2135,2081,0.025292740046838458,2252,2199,0.023534635879218446,1986,1940,0.023162134944612278,,23431,24658,0,18
KT-HQ,P277,0,2078,0,2450,2399,0.020816326530612272,2552,2499,0.020768025078369945,3138,3060,0.0248565965583174,2900,2853,0.016206896551724137,2474,2410,0.025869037995149502,2285,2229,0.024507658643326047,2916,2855,0.020919067215363518,2549,2497,0.020400156924283985,2667,2606,0.02287214098237722,2975,2902,0.024537815126050466,2433,2365,0.027949034114262195,,29339,30753,0,48
KT-HQ,P278,0,1006,0,1007,991,0.01588877855014892,1006,993,0.012922465208747513,1340,1314,0.0194029850746269,1089,1078,0.010101010101010055,800,794,0.007499999999999951,712,706,0.008426966292134797,747,740,0.009370816599732268,657,656,0.0015220700152207556,822,815,0.008515815085158196,911,902,0.009879253567508184,1773,1734,0.021996615905245376,,10864,11729,0,15
KT-HQ,P279,0,132605,0,0,151413,0,0,183763,0,0,237963,0,205348,205324,0.00011687476868538216,166722,166763,0,142010,142598,0,124755,124868,0,135990,136111,0,134189,133836,0.002630618008927721,141863,142022,0,120663,120840,0,,1171540,1878106,0,1
KT-HQ,P280,0,13073,0,15227,14758,0.030800551651671393,15484,14965,0.03351847067941105,22705,22013,0.030477868310944678,26580,25664,0.03446200150489087,24718,23796,0.037300752488065414,24496,23512,0.040169823644676694,20510,19746,0.037250121891760135,21270,20526,0.034978843441466845,19203,18663,0.02812060615528822,17644,17119,0.02975515756064384,16772,16258,0.030646315287383707,,224609,230093,0,98
KT-HQ,P281,0,1679,0,1952,1893,0.030225409836065587,1942,1889,0.027291452111225523,2431,2361,0.028794734677087597,2240,2118,0.05446428571428574,1737,1751,0,1525,1485,0.02622950819672132,1838,1782,0.030467899891186034,1716,1660,0.03263403263403264,1773,1725,0.027072758037225086,1998,1941,0.028528528528528496,1744,1683,0.03497706422018354,,20896,21967,0,31
KT-HQ,P282,0,4562,0,0,4667,0,0,4509,0,0,4989,0,5144,4971,0.033631415241057505,4486,4311,0.0390102541239411,4021,3884,0.03407112658542655,4660,4501,0.034120171673819755,4068,3935,0.03269419862340217,4315,4159,0.03615295480880654,4124,3986,0.03346265761396705,3705,3579,0.03400809716599196,,34523,52053,0,1
KT-HQ,P283,0,3390,0,0,3441,0,0,3260,0,0,3840,0,3598,3463,0.037520844913841,3500,3363,0.039142857142857146,3072,2968,0.03385416666666663,3913,3776,0.035011500127779205,3209,3096,0.03521346213773757,3665,3533,0.036016371077762566,3766,3631,0.03584705257567711,3589,3459,0.03622178879910842,,28312,41220,0,1
KT-HQ,P284,0,4500,0,0,4636,0,0,4957,0,0,5295,0,5078,4907,0.03367467506892474,5311,5133,0.03351534550932023,4970,4803,0.03360160965794767,5670,5479,0.033686067019400356,4815,4653,0.03364485981308407,4859,4696,0.03354599711874873,5131,4959,0.03352173065679209,4466,4315,0.03381101656963725,,40300,58333,0,1
KT-HQ,P285,0,4069,0,0,4171,0,0,4125,0,0,4319,0,3895,3754,0.03620025673940952,4659,4504,0.03326894183301132,4144,3994,0.03619691119691115,0,4552,0,2506,4122,0,4673,4670,0.0006419858763107023,4881,4905,0,3726,3745,0,,28484,50930,0,1
KT-HQ,P286,0,2919,0,0,3026,0,0,2874,0,0,3123,0,2750,2669,0.0294545454545454,3138,3046,0.029318036966220484,2097,2037,0.028612303290414864,2506,2434,0.02873104549082206,1811,1761,0.0276090557702926,2149,2086,0.02931596091205213,3012,2923,0.029548472775564383,2822,2737,0.030120481927710885,,20285,31635,0,1
KT-HQ,P287,0,3127,0,0,3341,0,0,3298,0,0,3955,0,3798,3681,0.03080568720379151,3833,3715,0.03078528567701544,3183,3087,0.03016022620169656,3716,3603,0.03040904198062433,3223,3128,0.029475643810114804,3614,3504,0.030437188710569996,3471,3365,0.03053874963987324,3253,3154,0.03043344604980014,,28091,40958,0,1
KT-HQ,P288,0,3674,0,0,4049,0,0,4401,0,0,5416,0,4750,4598,0.03200000000000003,4506,4363,0.03173546382600978,3652,3537,0.03148959474260682,4623,4478,0.03136491455764656,4197,4065,0.03145103645461045,4383,4246,0.031257129819758145,4313,4177,0.031532575933225115,3905,3783,0.031241997439180547,,34329,50787,0,1
KT-HQ,P289,0,3193,0,0,3631,0,0,3594,0,0,4335,0,4001,3877,0.030992251937015713,3692,3578,0.030877573131094294,3334,3231,0.030893821235752794,4086,3961,0.03059226627508571,3508,3401,0.030501710376282798,3551,3441,0.030977189524077686,3517,3409,0.030707989764003463,3184,3087,0.03046482412060303,,28873,42738,0,1
KT-HQ,P290,0,459,0,0,518,0,0,443,0,0,647,0,583,577,0.010291595197255532,528,524,0.007575757575757569,475,470,0.010526315789473717,577,570,0.012131715771230511,493,490,0.006085192697768749,526,523,0.005703422053231932,524,519,0.009541984732824416,592,585,0.011824324324324342,,4298,6325,0,1
KT-HQ,P291,0,9559,0,0,9769,0,0,9999,0,0,12103,0,11815,11428,0.03275497249259418,11235,10865,0.03293279928793946,9609,9295,0.03267769799146636,11683,11311,0.03184113669434219,10734,10390,0.03204769890068937,11526,11154,0.032274856845392996,10857,10505,0.032421479229989836,9758,9440,0.032588645214183254,,87217,125818,0,1
KT-HQ,P292,0,2580,0,0,3044,0,0,3089,0,0,3865,0,3117,3016,0.03240295155598327,3059,2958,0.03301732592350437,2523,2441,0.032500990883868375,3259,3152,0.03283215710340592,3126,3025,0.032309660908509286,3274,3168,0.032376298106291945,3321,3213,0.03252032520325199,3272,3166,0.032396088019559954,,24951,36717,0,1
KT-HQ,P293,0,0,,0,0,,0,0,,0,0,,0,0,,0,0,,0,0,,0,0,,0,0,,0,0,,0,0,,0,0,,,0,0,,0
KT-HQ,P294,0,3508,0,3522,3274,0.07041453719477575,3935,3660,0.06988564167725542,3513,3267,0.07002561912894967,3739,3487,0.06739769991976463,2955,2765,0.06429780033840948,2859,2663,0.06855543896467298,2751,2573,0.06470374409305713,2790,2598,0.0688172043010753,2532,2364,0.06635071090047395,2952,2752,0.0677506775067751,3106,2894,0.06825499034127491,,34654,35805,0,44
KT-HQ,P295,0,2444,0,2106,1966,0.06647673314339986,2019,1893,0.06240713224368499,2272,2128,0.06338028169014087,1958,1844,0.05822267620020427,1552,1464,0.05670103092783507,1318,1241,0.05842185128983313,1314,1232,0.06240487062404876,1404,1317,0.06196581196581197,1429,1346,0.058082575227431765,1480,1386,0.06351351351351353,1551,1456,0.06125080593165699,,18403,19717,0,19
KT-HQ,P296,0,922,0,1166,1087,0.06775300171526588,1127,1054,0.06477373558118904,1265,1187,0.061660079051383376,1208,1134,0.0612582781456954,972,910,0.06378600823045266,876,816,0.06849315068493156,1113,1040,0.06558849955076373,977,909,0.06960081883316271,1026,960,0.06432748538011701,1204,1125,0.0656146179401993,1102,1027,0.06805807622504534,,12036,12171,0,9
KT-HQ,P297,0,922,0,1036,979,0.055019305019304965,1240,1165,0.06048387096774188,1298,1225,0.056240369799691825,1079,1015,0.059314179796107536,697,660,0.05308464849354377,556,522,0.0611510791366906,747,703,0.058902275769745605,590,558,0.05423728813559325,639,601,0.05946791862284817,761,722,0.05124835742444156,715,675,0.05594405594405594,,9358,9747,0,11
KT-HQ,P298,0,29324,0,30437,29859,0.018990045011006318,30304,29783,0.017192449841605062,37157,36540,0.016605215706327225,45483,44645,0.0184244662841061,37645,37012,0.016814982069331963,34413,33835,0.016795978264028122,32982,32435,0.01658480383239347,37545,36975,0.015181781861765886,38315,37643,0.017538822915307284,34554,33964,0.017074723620999044,31380,30846,0.017017208413001916,,390215,412861,0,233
KT-HQ,P299,0,8860,0,0,13061,0,0,14388,0,0,15087,0,11293,11301,0,14346,14361,0,14285,14299,0,10453,10466,0,11487,11503,0,9457,9475,0,16121,16129,0,12519,12531,0,,99961,151461,0,1
KT-HQ,P300,0,69699,0,73272,71825,0.01974833497106676,71847,69653,0.03053711358859801,87458,85076,0.027235930389444052,102917,99653,0.03171487703683551,88721,86509,0.02493209048590528,80776,78838,0.023992274933148483,84418,82442,0.02340733019024377,85159,83263,0.022264235136626787,85270,83143,0.024944294593643668,76005,74150,0.024406289059930253,72116,70352,0.02446059126962119,,907959,954603,0,301
KT-HQ,P301,0,1116,0,0,1543,0,0,1318,0,0,1483,0,723,702,0.02904564315352698,519,506,0.025048169556840083,471,461,0.02123142250530785,608,592,0.02631578947368418,493,491,0.0040567951318458695,521,501,0.03838771593090207,634,618,0.025236593059936863,963,932,0.03219106957424711,,4932,10263,0,1
KT-HQ,P302,0,1435,0,0,1541,0,0,1366,0,0,1598,0,1339,1293,0.034353995519044056,1346,1299,0.03491827637444278,1111,1074,0.03330333033303334,1204,1164,0.03322259136212624,994,960,0.03420523138832998,1317,1272,0.034168564920273314,1341,1297,0.03281133482475762,1165,1127,0.032618025751072977,,9817,15426,0,1
KT-HQ,P303,0,1827,0,0,1864,0,0,2027,0,0,1851,0,1198,1163,0.029215358931552582,1369,1328,0.02994886778670558,1336,1296,0.029940119760479056,1400,1358,0.030000000000000027,1326,1287,0.02941176470588236,1306,1267,0.02986217457886675,1605,1556,0.030529595015576283,1783,1730,0.029725182277061113,,11323,18554,0,1
KT-HQ,P304,0,1820,0,0,1877,0,0,1804,0,0,2147,0,2139,2073,0.030855539971949564,2213,2145,0.030727519204699516,1934,1877,0.029472595656670153,2078,2016,0.029836381135707413,1908,1851,0.029874213836478036,1936,1879,0.029442148760330578,2134,2071,0.029522024367385158,1775,1724,0.028732394366197234,,16117,23284,0,1
KT-HQ,P305,0,898,0,0,950,0,0,995,0,0,1030,0,869,845,0.027617951668584606,807,788,0.023543990086741018,720,704,0.022222222222222254,807,788,0.023543990086741018,637,624,0.020408163265306145,740,721,0.025675675675675635,804,782,0.027363184079602032,725,707,0.024827586206896513,,6109,9832,0,1
KT-HQ,P306,0,526,0,0,593,0,0,800,0,0,1035,0,992,995,0,862,865,0,808,809,0,691,694,0,925,928,0,799,801,0,785,787,0,633,635,0,,6495,9468,0,1
KT-HQ,P307,0,2901,0,0,3253,0,0,3857,0,0,4346,0,3584,3675,0,3328,3283,0.013521634615384581,3177,3200,0,3640,3665,0,3229,3252,0,3417,3441,0,3502,3528,0,2915,2935,0,,26792,41336,0,1
KT-HQ,P308,0,3404,0,0,3410,0,0,3439,0,0,4211,0,3496,3492,0.0011441647597254523,3657,3644,0.003554826360404717,3373,3371,0.0005929439667951009,4050,4047,0.0007407407407407085,3575,3572,0.0008391608391608019,3696,3686,0.0027056277056276556,3546,3542,0.0011280315848843925,3171,3168,0.0009460737937558861,,28564,42986,0,1
KT-HQ,P309,0,1285,0,0,1400,0,0,1338,0,0,1664,0,1333,1333,0,1365,1359,0.00439560439560438,1218,1218,0,1436,1436,0,1216,1215,0.000822368421052655,1238,1236,0.001615508885298822,1324,1323,0.0007552870090634656,1291,1291,0,,10421,16098,0,1
KT-HQ,P310,0,81397,0,79891,73321,0.08223704797786979,71165,69014,0.030225532213869144,88969,83849,0.05754813474356235,105214,99043,0.05865189043283214,87367,83035,0.049583939015875544,80886,77012,0.04789456766313083,82893,78711,0.05045058086931342,83136,81308,0.02198806774441875,84711,81412,0.03894417490054425,78200,76111,0.026713554987212285,71416,69610,0.025288450767335102,,913848,953823,0,412
KT-HQ,P311,0,50640,0,55567,54834,0.01319128259578528,52342,51673,0.01278132283825606,62548,61626,0.014740679158406378,70849,69823,0.014481502914649447,62598,61779,0.013083485095370495,58322,57635,0.011779431432392573,57549,56803,0.012962866426871056,57972,57411,0.00967708548954671,58247,57399,0.0145586897179254,54615,53934,0.012469101895083767,49012,48419,0.012099077776871026,,639621,681976,0,191
KT-HQ,P312,0,21850,0,24232,23885,0.014319907560250922,23009,22658,0.0152549002564214,26490,26082,0.01540203850509625,31230,30710,0.016650656420108878,27414,26950,0.01692565842270377,24507,24152,0.014485657159179044,23525,23213,0.013262486716259292,27365,26937,0.01564041659053539,28133,27838,0.010485906231116449,23443,23135,0.013138250223947434,20026,19764,0.013082992110256653,,279374,297174,0,94
KT-HQ,P313,0,1671,0,1598,1594,0.0025031289111389077,1624,1619,0.0030788177339901024,2023,2014,0.004448838358872997,1941,1932,0.004636785162287493,1292,1293,0,1105,1106,0,951,951,0,1161,1158,0.0025839793281653423,1349,1346,0.002223869532987366,1338,1334,0.002989536621823663,1354,1351,0.0022156573116691725,,15736,17369,0,4
KT-HQ,P314,0,0,,0,0,,0,0,,0,0,,0,0,,89,90,0,454,449,0.011013215859030812,720,707,0.018055555555555602,821,808,0.015834348355663774,965,1046,0,1212,1085,0.1047854785478548,1151,1124,0.023457862728062606,,5412,5309,0.01903178122690319,1
KT-HQ,P315,0,1393,0,1443,1411,0.022176022176022214,1631,1592,0.0239117106069896,1836,1799,0.02015250544662306,1488,1457,0.02083333333333337,1503,1468,0.02328675981370587,1289,1263,0.020170674941815347,1470,1436,0.023129251700680253,1676,1639,0.022076372315035786,1862,1818,0.023630504833512367,1804,1755,0.02716186252771624,1947,1899,0.024653312788906034,,17949,18930,0,24
KT-HQ,P316,0,7875,0,0,7703,0,0,2606,0,0,18130,0,2244,2249,0,13123,13127,0,7998,8018,0,7201,7211,0,11892,11900,0,6748,6759,0,11964,11971,0,2629,2634,0,,63799,100183,0,1
KT-HQ,P317,0,4000,0,0,4210,0,0,4010,0,0,5620,0,5230,5130,0.019120458891013437,4620,4520,0.02164502164502169,4850,4760,0.01855670103092788,5570,5500,0.012567324955116699,3990,3940,0.01253132832080206,1050,980,0.06666666666666665,1300,1240,0.0461538461538461,1270,1210,0.047244094488189003,,27880,45120,0,1
KT-HQ,P318,0,51135,0,55177,54160,0.01843159287384233,53269,52283,0.018509827479397,64556,63188,0.02119090402131485,75840,74173,0.021980485232067526,63098,61763,0.021157564423595066,58420,57303,0.01912016432728514,58215,57078,0.019531048698788966,59993,58800,0.019885653326221386,59074,57891,0.020025730439787393,53970,52970,0.018528812303131414,51634,50580,0.020412906224580696,,653246,691324,0,338
KT-HQ,P319,0,30097,0,32825,32016,0.02464584920030466,32362,31530,0.02570916507014398,36995,36067,0.025084470874442544,42129,41022,0.026276436658833613,37226,36313,0.024525869016278956,35347,34495,0.024103884346620696,35030,34172,0.024493291464459,35431,34547,0.024949902627642406,34317,33585,0.021330535886003976,32187,31376,0.025196507906918963,28606,27927,0.023736279102286262,,382455,403147,0,204
KT-HQ,P320,0,1055,0,1619,1546,0.04508956145768994,1479,1416,0.04259634888438135,1373,1316,0.0415149308084487,1607,1536,0.04418170504044805,1269,1216,0.04176516942474384,812,777,0.0431034482758621,1480,1416,0.043243243243243246,1171,1120,0.04355251921434666,911,872,0.04281009879253572,1210,1162,0.03966942148760333,1499,1435,0.04269513008672443,,14430,14867,0,15
KT-HQ,P321,0,1488,0,1775,1684,0.05126760563380284,1804,1708,0.053215077605321515,2018,1903,0.0569871159563925,1791,1709,0.045784477945281954,1542,1459,0.05382619974059666,1385,1314,0.051263537906137135,1624,1529,0.058497536945812834,1416,1338,0.05508474576271183,1569,1485,0.053537284894837445,1731,1643,0.050837666088965894,1614,1518,0.059479553903345694,,18269,18778,0,34
KT-HQ,P322,0,516,0,587,574,0.022146507666098825,434,426,0.018433179723502335,416,412,0.009615384615384581,367,361,0.016348773841961872,198,206,0,179,182,0,145,151,0,146,152,0,190,191,0,240,243,0,224,226,0,,3126,3640,0,5
KT-HQ,P323,0,232,0,314,295,0.060509554140127375,342,326,0.04678362573099415,386,367,0.04922279792746109,288,272,0.05555555555555558,272,256,0.05882352941176472,249,234,0.06024096385542166,318,301,0.053459119496855334,260,247,0.050000000000000044,317,299,0.056782334384858024,449,426,0.05122494432071267,354,335,0.053672316384180796,,3549,3590,0,15
KT-HQ,P324,0,1944,0,2350,2194,0.06638297872340426,2209,2095,0.051607062019013106,2739,2583,0.056955093099671394,2405,2254,0.06278586278586273,1898,1790,0.05690200210748153,1691,1579,0.06623299822590178,2171,2039,0.060801473975126696,1974,1850,0.0628166160081054,2179,2051,0.05874254245066546,2284,2136,0.06479859894921192,1875,1753,0.06506666666666672,,23775,24268,0,48
KT-HQ,P325,0,887,0,966,905,0.06314699792960665,964,902,0.06431535269709543,1274,1200,0.058084772370486704,1276,1199,0.06034482758620685,1004,945,0.05876494023904377,877,825,0.05929304446978334,1013,953,0.059230009871668265,982,922,0.06109979633401219,1124,1054,0.06227758007117434,1216,1139,0.06332236842105265,970,909,0.06288659793814433,,11666,11840,0,17
KT-HQ,P326,0,830,0,892,867,0.028026905829596438,930,899,0.033333333333333326,1225,1175,0.04081632653061229,1074,1034,0.03724394785847296,927,877,0.053937432578209266,780,752,0.03589743589743588,1010,967,0.04257425742574261,951,915,0.03785488958990535,1025,991,0.0331707317073171,1072,1031,0.03824626865671643,838,799,0.04653937947494036,,10724,11137,0,17
KT-HQ,P327,0,3295,0,3852,3619,0.060488058151609514,3711,3469,0.06521153327943952,3731,3520,0.056553202894666255,3709,3475,0.0630897816122944,3025,2854,0.05652892561983469,2707,2522,0.06834133727373481,3336,3166,0.05095923261390889,2810,2636,0.06192170818505338,3182,2978,0.06411062225015718,3670,3425,0.06675749318801094,3083,2885,0.06422315926046063,,36816,37844,0,50
KT-HQ,P328,0,1225,0,0,1277,0,0,1377,0,0,1409,0,1185,1204,0,1211,1230,0,1190,1200,0,1178,1190,0,1167,1180,0,1250,1288,0,1473,1493,0,1378,1399,0,,10032,15472,0,1
KT-HQ,P329,0,1310,0,0,1284,0,0,1424,0,0,1577,0,1274,1267,0.005494505494505475,1374,1368,0.004366812227074246,1155,1149,0.0051948051948051965,1495,1489,0.004013377926421424,1488,1480,0.005376344086021501,1064,1058,0.005639097744360888,1300,1294,0.004615384615384577,1340,1333,0.0052238805970149516,,10490,16033,0,1
KT-HQ,P330,0,4627,0,0,4660,0,0,4853,0,0,4559,0,4337,4336,0.0002305741295826058,4522,4522,0,3697,3697,0,4276,4275,0.0002338634237605275,4271,4270,0.00023413720440179642,3988,3987,0.00025075225677029245,4135,4130,0.0012091898428052694,4235,4233,0.00047225501770953304,,33461,52149,0,1
KT-HQ,P331,0,1250,0,0,1329,0,0,2444,0,0,2519,0,1793,1790,0.001673173452314547,1761,1759,0.0011357183418512218,1303,1291,0.009209516500383708,2139,2145,0,2131,2140,0,1682,1665,0.01010701545778836,1570,1568,0.001273885350318471,1316,1314,0.001519756838905817,,13695,21214,0,1
KT-HQ,P332,0,46944,0,0,53899,0,0,65550,0,0,94501,0,80497,81672,0,68815,69891,0,59956,60916,0,54907,55797,0,58144,59110,0,59752,60703,0,57264,58225,0,48541,49365,0,,487876,756573,0,1
KT-HQ,P333,0,6471,0,0,7048,0,0,7356,0,0,7681,0,7132,7529,0,7142,7524,0,6581,6956,0,7140,7550,0,7125,7533,0,4994,5349,0,5949,6411,0,4500,4906,0,,50563,82314,0,1
KT-HQ,P334,0,3012,0,0,3351,0,0,3171,0,0,3813,0,3040,2957,0.02730263157894741,3029,2944,0.02806206668867617,2639,2566,0.027661993179234567,3066,2980,0.028049575994781528,2487,2419,0.027342179332529137,2896,2816,0.027624309392265234,3089,3002,0.028164454516024562,2952,2872,0.027100271002710064,,23198,35903,0,1
KT-HQ,P335,0,641,0,0,560,0,0,623,0,0,618,0,485,480,0.010309278350515427,378,379,0,324,327,0,489,488,0.002044989775051076,388,389,0,438,437,0.0022831050228310223,387,388,0,364,365,0,,3253,5695,0,1
KT-HQ,P336,0,1645,0,0,1969,0,0,1933,0,0,2150,0,1727,1677,0.02895193977996524,1686,1639,0.02787663107947802,1534,1493,0.02672750977835725,2161,2097,0.02961591855622392,1838,1785,0.02883569096844396,2058,1999,0.02866861030126333,2102,2040,0.02949571836346332,1884,1830,0.0286624203821656,,14990,22257,0,1
KT-HQ,P337,0,0,,0,0,,0,0,,0,0,,0,0,,0,0,,0,0,,0,0,,0,0,,0,0,,0,0,,0,0,,,0,0,,1
KT-HQ,P338,0,12222,0,13224,12607,0.046657592256503344,12627,12083,0.04308228399461467,16790,15987,0.047826086956521685,16247,15325,0.05674893826552596,13942,13221,0.05171424472815955,13230,12551,0.051322751322751325,11904,11261,0.05401545698924726,13308,12554,0.056657649534114785,13477,12815,0.04912072419677971,12379,11850,0.04273366184667582,12806,12092,0.05575511478994222,,149934,154568,0,61
KT-HQ,P339,0,15750,0,17846,17564,0.015801860360865172,18572,18279,0.01577643764807235,21253,20931,0.015150802239683792,22179,21820,0.0161864827088688,19679,19364,0.01600691092027029,16315,16055,0.015936254980079667,18960,18649,0.016402953586497904,18250,17957,0.01605479452054792,18414,18119,0.01602041924622566,19530,19206,0.01658986175115207,15543,15278,0.017049475648201806,,206541,218972,0,103
KT-HQ,P340,0,11386,0,13256,13021,0.017727821363910712,12903,12680,0.0172828024490429,13849,13621,0.01646328254747631,15506,15235,0.017477105636527823,14484,14231,0.0174675504004419,12611,12387,0.01776227103322492,12117,11903,0.017661137245192693,13799,13550,0.01804478585404734,12733,12406,0.0256813005576062,12946,12566,0.029352695813378626,12161,11817,0.028287147438533,,146365,154803,0,116
KT-HQ,P341,0,12722,0,13357,12881,0.035636744778019036,14637,14095,0.03702944592471136,15228,14553,0.04432624113475181,17675,17119,0.03145685997171144,15748,15199,0.034861569723139474,12933,12393,0.04175365344467641,12484,12966,0,14967,13337,0.1089062604396338,14293,13863,0.030084656825019263,13547,13057,0.03617036982357713,13499,12991,0.03763241721609012,,158368,165176,0,174
KT-HQ,P342,0,16486,0,18459,18104,0.01923181104068472,18383,18008,0.020399281945275516,19319,18909,0.021222630570940537,22378,21926,0.020198409151845564,21416,20962,0.021199103474038083,18582,18197,0.020718975352491675,18004,17672,0.018440346589646772,20520,20095,0.020711500974658903,19551,19131,0.02148227712137485,18821,18427,0.020934063014717563,18179,17792,0.021288299686451406,,213612,225709,0,144
KT-HQ,P343,0,1885,0,0,1948,0,0,2186,0,0,2250,0,2097,2119,0,2104,2128,0,1599,1619,0,1950,1975,0,1747,1780,0,926,1465,0,1562,1592,0,1533,1557,0,,13518,22504,0,1
KT-HQ,P344,0,9732,0,10953,10570,0.034967588788459736,11763,11364,0.033919918388166326,13791,13355,0.031614821260242176,12788,12394,0.03081013450109482,11739,11465,0.023341000085186137,10925,10612,0.028649885583523993,11803,11497,0.025925612132508657,11740,11402,0.02879045996592844,11804,11463,0.028888512368688612,13163,12661,0.03813720276532706,11069,10685,0.03469148071189809,,131538,137200,0,87
KT-HQ,P345,0,9116,0,10542,10219,0.030639347372415138,11149,10831,0.028522737465243475,12281,12408,0,11321,11130,0.016871301121809013,9628,9753,0,8231,8366,0,9570,9707,0,8583,8681,0,9297,9410,0,10636,10694,0,9485,9422,0.006642066420664228,,110723,119737,0,81
KT-HQ,P346,0,686,0,0,780,0,0,756,0,0,738,0,747,724,0.030789825970548912,685,664,0.03065693430656935,654,634,0.030581039755351647,768,743,0.03255208333333337,760,735,0.03289473684210531,724,701,0.03176795580110492,794,768,0.032745591939546626,661,641,0.030257186081694365,,5793,8570,0,1
KT-HQ,P347,0,1812,0,0,1993,0,0,2056,0,0,2411,0,2198,2130,0.030937215650591487,2292,2221,0.030977312390924938,1794,1741,0.029542920847268728,2197,2131,0.03004096495220754,1839,1785,0.029363784665579096,2051,1990,0.029741589468551877,2129,2065,0.030061061531235334,1972,1913,0.029918864097363107,,16472,24248,0,1
KT-HQ,P348,0,1643,0,0,1624,0,0,1704,0,0,2086,0,2578,2500,0.03025601241272302,2435,2361,0.03039014373716631,2011,1951,0.029835902536051728,2628,2548,0.030441400304414,2059,1997,0.030111704711024756,2107,2045,0.029425723777883217,2016,1956,0.029761904761904767,1695,1645,0.029498525073746285,,17529,24060,0,1
KT-HQ,P349,0,1865,0,0,2003,0,0,2164,0,0,2532,0,2051,1992,0.028766455387615797,2072,2013,0.028474903474903446,1634,1590,0.02692778457772338,2107,2048,0.028001898433792083,2023,1965,0.028670291646070156,2590,2515,0.02895752895752901,2560,2484,0.029687499999999978,2309,2242,0.029016890428756992,,17346,25413,0,1
KT-HQ,P350,0,2108,0,0,2360,0,0,2458,0,0,2972,0,2535,2456,0.031163708086785036,1014,2308,0,3438,2010,0.4153577661431065,3257,3157,0.030703101013202283,3366,3260,0.03149138443256094,3079,2984,0.03085417343293273,2451,2379,0.02937576499388006,2822,2737,0.030120481927710885,,21962,31189,0,1
KT-HQ,P351,0,2243,0,0,2573,0,0,2589,0,0,3201,0,2733,2673,0.021953896816684915,2526,2472,0.02137767220902609,2129,2083,0.021606387975575347,2532,2478,0.021327014218009532,1978,1935,0.021739130434782594,2158,2111,0.021779425393883223,2248,2199,0.02179715302491103,2148,2100,0.022346368715083775,,18452,28657,0,1
KT-HQ,P352,0,2849,0,0,3260,0,0,3418,0,0,3997,0,3680,3580,0.02717391304347827,3937,3830,0.02717805435610876,3690,3593,0.026287262872628725,4281,4165,0.027096472786732106,3905,3799,0.02714468629961586,4160,4050,0.02644230769230771,3858,3755,0.02669777086573355,3421,3330,0.026600409237065192,,30932,43626,0,1
KT-HQ,P353,0,4154,0,4375,4110,0.06057142857142861,4481,4216,0.059138585137246125,5879,5536,0.058343255655723736,5024,4729,0.058718152866242046,4592,4323,0.05858013937282225,3922,3687,0.05991840897501277,3910,3680,0.05882352941176472,3731,3496,0.06298579469311172,3868,3647,0.05713547052740431,3889,3652,0.060941115968115245,3913,3673,0.06133401482238687,,47584,48903,0,56
KT-HQ,P354,0,2923,0,0,3128,0,0,3268,0,0,3621,0,3310,3212,0.02960725075528703,3181,3086,0.029864822382898448,2657,2581,0.02860368837034244,3265,3171,0.02879019908116387,2909,2826,0.028532141629425967,3199,3107,0.02875898718349479,3138,3047,0.028999362651370264,3051,2961,0.029498525073746285,,24710,36931,0,1
KT-HQ,P355,0,942,0,0,1133,0,0,1089,0,0,1351,0,1164,1128,0.030927835051546393,1101,1068,0.02997275204359673,932,906,0.027896995708154515,1165,1131,0.029184549356223166,999,972,0.027027027027026973,1129,1096,0.029229406554473036,1122,1088,0.030303030303030276,1101,1068,0.02997275204359673,,8713,12972,0,1
KT-HQ,P356,0,1021,0,0,1170,0,0,1369,0,0,1570,0,1298,1258,0.03081664098613246,1286,1247,0.03032659409020222,1063,1033,0.02822201317027284,1258,1222,0.02861685214626386,1053,1023,0.028490028490028463,1111,1080,0.027902790279027867,1103,1071,0.02901178603807797,977,949,0.028659160696008157,,9149,14013,0,1
KT-HQ,P357,0,736,0,0,783,0,0,873,0,0,1113,0,911,917,0,968,975,0,875,881,0,1006,1014,0,904,910,0,949,955,0,1094,1102,0,1047,1054,0,,7754,11313,0,1
KT-HQ,P358,0,1629,0,0,1890,0,0,1952,0,0,1970,0,1938,1950,0,1889,1900,0,1864,1880,0,5561,5606,0,1928,1940,0,2154,2173,0,2109,2125,0,1192,2007,0,,18635,27022,0,1
KT-HQ,P359,0,1023,0,0,1155,0,0,1326,0,0,1399,0,1152,1161,0,1112,1120,0,874,883,0,1004,1013,0,1141,1150,0,778,784,0,1079,1087,0,1050,1058,0,,8190,13159,0,1
KT-HQ,P360,0,965,0,1088,1017,0.06525735294117652,1169,1095,0.0633019674935843,1290,1201,0.06899224806201554,0,1224,0,618,1022,0,984,941,0.04369918699186992,871,835,0.04133180252583235,934,891,0.04603854389721629,879,843,0.04095563139931746,913,874,0.042716319824753546,952,910,0.044117647058823484,,9698,11818,0,18
KT-HQ,P361,0,146,0,0,214,0,0,303,0,0,333,0,348,356,0,276,283,0,196,198,0,237,243,0,185,189,0,233,240,0,207,209,0,188,195,0,,1870,2909,0,1
KT-HQ,P362,0,5974,0,0,6435,0,0,7299,0,0,9045,0,8365,8368,0,8013,8022,0,7010,7024,0,8232,8243,0,7307,7339,0,7787,7798,0,7812,7825,0,6677,6692,0,,61203,90064,0,1
KT-HQ,P363,0,4761,0,0,5453,0,0,6970,0,0,7668,0,6607,6611,0,5200,5204,0,4226,4230,0,5508,5512,0,4737,4747,0,4830,4836,0,5249,5256,0,5212,5217,0,,41569,66465,0,1
KT-HQ,P364,0,1896,0,0,2010,0,0,2089,0,0,1826,0,1969,2317,0,1652,2010,0,1891,2250,0,1528,1894,0,1492,1878,0,1352,1714,0,1336,1738,0,1206,1552,0,,12426,23174,0,1
KT-HQ,P365,0,476,0,0,485,0,0,595,0,0,724,0,795,828,0,869,902,0,637,667,0,717,746,0,710,740,0,728,756,0,920,959,0,835,869,0,,6211,8747,0,1
KT-HQ,P366,0,880,0,0,899,0,0,1028,0,0,1020,0,904,920,0,991,1025,0,701,724,0,884,914,0,878,912,0,1161,1200,0,1062,1098,0,1076,1111,0,,7657,11731,0,1
KT-HQ,P367,0,1197,0,0,1678,0,0,1967,0,0,2084,0,1497,1556,0,1654,1718,0,1362,1416,0,1346,1400,0,1346,1401,0,1849,1921,0,1419,1476,0,1287,1338,0,,11760,19152,0,1
KT-HQ,P368,0,2014,0,0,2440,0,0,2596,0,0,2640,0,2690,2788,0,2762,2865,0,2060,2136,0,2041,2116,0,2036,2110,0,2720,2827,0,2002,2077,0,1998,2073,0,,18309,28682,0,1
KT-HQ,P369,0,6524,0,0,8850,0,0,10063,0,0,11396,0,10868,10869,0,10041,10067,0,5951,5962,0,4277,4285,0,3920,3928,0,4164,4174,0,4904,4913,0,5438,5489,0,,49563,86520,0,1
KT-HQ,P370,0,2179,0,0,2343,0,0,2925,0,0,3702,0,2953,2954,0,2850,2855,0,2169,2168,0.0004610419548178868,2565,2566,0,2463,2463,0,2467,2473,0,2746,2749,0,2541,2542,0,,20754,31919,0,1
KT-HQ,P371,0,2789,0,0,2636,0,0,2819,0,0,3128,0,4699,4887,0,3313,3447,0,2886,3002,0,3338,3472,0,3286,3418,0,3692,3844,0,2973,3095,0,3095,3224,0,,27282,39761,0,1
KT-HQ,P372,0,2063,0,0,2417,0,0,2561,0,0,2526,0,2330,2412,0,2278,2358,0,1800,1862,0,2118,2192,0,1950,2017,0,2111,2181,0,1722,1784,0,2147,2222,0,,16456,26595,0,1
KT-HQ,P373,0,4071,0,0,4046,0,0,4741,0,0,4706,0,4363,4554,0,4167,4349,0,3644,3803,0,4378,4569,0,3766,3929,0,3785,3952,0,3317,3464,0,3198,3338,0,,30618,49522,0,1
KT-HQ,P374,0,5548,0,0,5587,0,0,6318,0,0,6900,0,6144,6366,0,6157,6380,0,5490,5692,0,5651,5821,0,4809,4985,0,4793,4957,0,4125,4266,0,4542,4701,0,,41711,67521,0,1
KT-HQ,P375,0,6305,0,0,7211,0,0,10146,0,0,11899,0,11151,11187,0,10233,10261,0,7954,7978,0,8977,9005,0,7871,7895,0,8109,8134,0,7289,7313,0,7809,7834,0,,69393,105168,0,1
KT-HQ,P376,0,6111,0,0,6484,0,0,7285,0,0,7859,0,7165,7169,0,7134,7136,0,6190,6193,0,7117,7119,0,6579,6581,0,4792,7115,0,5794,5787,0.0012081463583016872,6122,6112,0.0016334531198954894,,50893,80951,0,1
KT-HQ,P377,0,6607,0,0,7391,0,0,8153,0,0,10705,0,7989,7986,0.00037551633496057946,5492,5494,0,3383,3384,0,4424,4420,0.000904159132007254,2937,2936,0.0003404834865509132,5252,5244,0.0015232292460015673,6570,6557,0.0019786910197868712,6716,6704,0.0017867778439547566,,42763,75581,0,1
KT-HQ,P378,0,1854,0,0,1941,0,0,2305,0,0,2570,0,2260,2340,0,2224,2303,0,1938,2005,0,2332,2414,0,2097,2171,0,2453,2542,0,2078,2149,0,2227,2305,0,,17609,26899,0,1
KT-HQ,P379,0,2369,0,0,2390,0,0,2445,0,0,3326,0,2035,2118,0,1391,1445,0,967,1001,0,1150,1191,0,854,880,0,1022,1056,0,1288,1338,0,1608,1671,0,,10315,21230,0,1
KT-HQ,P380,0,157,0,0,146,0,0,150,0,0,162,0,154,145,0.058441558441558406,146,135,0.07534246575342463,133,122,0.08270676691729328,349,345,0.011461318051575908,354,350,0.011299435028248594,159,151,0.05031446540880502,165,160,0.030303030303030276,156,146,0.0641025641025641,,1616,2169,0,1
KT-HQ,P381,0,1117,0,0,923,0,0,959,0,0,1056,0,1034,1068,0,962,990,0,818,846,0,1381,1429,0,1383,1435,0,488,499,0,872,903,0,1323,1378,0,,8261,12603,0,1
KT-HQ,P382,0,659,0,0,750,0,0,858,0,0,855,0,830,861,0,937,973,0,865,897,0,890,922,0,832,860,0,929,964,0,847,881,0,934,970,0,,7064,10450,0,1
KT-HQ,P383,0,937,0,0,929,0,0,1918,0,0,1844,0,0,1682,0,510,1027,0,1250,1296,0,1040,1080,0,665,694,0,951,985,0,894,927,0,853,885,0,,6163,14204,0,1
KT-HQ,P384,0,842,0,0,1009,0,0,1254,0,0,1401,0,1146,1193,0,968,1007,0,803,835,0,913,948,0,897,930,0,913,947,0,971,1009,0,1021,1061,0,,7632,12436,0,1
KT-HQ,P385,0,1386,0,0,1570,0,0,4108,0,0,4895,0,3072,3196,0,1602,1666,0,1177,1224,0,1260,1308,0,1092,1135,0,1297,1347,0,1094,1138,0,1276,1328,0,,11870,24301,0,1
KT-HQ,P386,0,2095,0,0,2275,0,0,2930,0,0,3133,0,2749,2820,0,2609,2678,0,2219,2280,0,2200,2252,0,2208,2260,0,2254,2333,0,2119,2173,0,2028,2081,0,,18386,29310,0,1
KT-HQ,P387,0,2111,0,0,2406,0,0,2709,0,0,2659,0,2286,2352,0,2235,2300,0,2164,2223,0,2325,2392,0,2318,2390,0,1877,1924,0,2076,2135,0,1944,1998,0,,17225,27599,0,1
KT-HQ,P388,0,275,0,0,1110,0,0,825,0,0,1051,0,1019,1048,0,969,1000,0,803,826,0,994,1024,0,988,1020,0,928,953,0,987,1017,0,798,823,0,,7486,10972,0,1
KT-HQ,P389,0,1136,0,0,1285,0,0,1564,0,0,1826,0,1505,1526,0,1584,1605,0,1384,1401,0,1755,1779,0,1605,1625,0,1457,1475,0,1390,1408,0,1497,1516,0,,12177,18146,0,1
KT-HQ,P390,0,1168,0,0,1219,0,0,1376,0,0,1711,0,1383,1419,0,1366,1410,0,1190,1228,0,1281,1322,0,1164,1199,0,1305,1342,0,1056,1084,0,1143,1170,0,,9888,15648,0,1
KT-HQ,P391,0,3401,0,0,4107,0,0,4454,0,0,4328,0,3883,3886,0,4048,4050,0,3334,3326,0.002399520095980767,3714,3725,0,3406,3407,0,3679,3680,0,3080,3082,0,3317,3318,0,,28461,44764,0,1
KT-HQ,P392,0,2391,0,0,2384,0,0,2964,0,0,3045,0,2620,2730,0,2756,2876,0,2275,2365,0,2599,2703,0,2424,2520,0,2693,2796,0,2430,2519,0,2465,2553,0,,20262,31846,0,1
KT-HQ,P393,0,1886,0,0,2150,0,0,2242,0,0,2613,0,2263,2296,0,2204,2230,0,1913,1925,0,2507,2529,0,2241,2262,0,1872,1442,0.22970085470085466,1644,2104,0,1790,1806,0,,16434,25485,0,1
KT-HQ,P394,0,58140,0,0,60952,0,0,73683,0,0,111635,0,111870,114105,0,79448,81285,0,73517,75268,0,64529,66238,0,64540,66269,0,60741,62396,0,62647,64474,0,54175,55726,0,,571467,890171,0,1
KT-HQ,P395,0,1201,0,0,1409,0,0,1522,0,0,1600,0,1493,1542,0,1476,1514,0,1271,1367,0,1738,1721,0.009781357882623687,1636,1680,0,1719,1767,0,1684,1732,0,1543,1586,0,,12560,18641,0,1
KT-HQ,P396,0,1887,0,0,2151,0,0,2107,0,0,2776,0,2707,2708,0,2716,2719,0,2080,2083,0,2621,2621,0,2222,2228,0,2710,2710,0,2595,2595,0,2326,2328,0,,19977,28913,0,1
KT-HQ,P397,0,735,0,0,778,0,0,775,0,0,781,0,719,725,0,677,681,0,601,607,0,688,700,0,695,703,0,774,779,0,708,713,0,563,640,0,,5425,8617,0,1
KT-HQ,P398,0,657,0,0,665,0,0,655,0,0,791,0,669,670,0,610,612,0,558,560,0,693,693,0,716,719,0,774,773,0.0012919896640827266,826,827,0,946,948,0,,5792,8570,0,1
KT-HQ,P399,0,1028,0,0,1168,0,0,1024,0,0,1020,0,938,938,0,983,987,0,839,834,0.005959475566150174,900,911,0,704,704,0,902,904,0,1122,1122,0,1331,1333,0,,7719,11973,0,1
KT-HQ,P400,0,3089,0,0,3165,0,0,2684,0,0,2729,0,3408,3411,0,3175,3179,0,2284,2288,0,2455,2457,0,2155,2168,0,2627,2631,0,2667,2670,0,3069,3074,0,,21840,33545,0,1
KT-HQ,P401,0,26877,0,0,18034,0,0,24919,0,0,21556,0,20555,21636,0,23457,24576,0,23422,24621,0,21078,22239,0,24171,25441,0,17997,19112,0,25587,26826,0,25438,26544,0,,181705,282381,0,1
KT-HQ,P402,0,404,0,0,418,0,0,483,0,0,579,0,592,594,0,532,513,0.0357142857142857,451,472,0,579,579,0,434,435,0,433,434,0,557,563,0,502,496,0.01195219123505975,,4080,5970,0,1
KT-HQ,P403,0,135,0,0,98,0,0,33,0,0,176,0,33,26,0.21212121212121215,121,91,0.2479338842975206,152,116,0.23684210526315785,141,125,0.11347517730496459,124,108,0.12903225806451613,132,122,0.0757575757575758,217,208,0.04147465437788023,256,244,0.046875,,1176,1482,0,1
KT-HQ,P404,0,2204,0,0,2323,0,0,2229,0,0,2432,0,2412,2411,0.0004145936981757581,2496,2495,0.00040064102564107973,2330,2330,0,2623,2621,0.000762485703393101,2460,2459,0.00040650406504061376,2447,2447,0,2648,2647,0.0003776435045317328,3598,3598,0,,21014,30196,0,1
KT-HQ,P405,0,4282,0,0,4662,0,0,4852,0,0,5617,0,4822,4824,0,4700,4702,0,4286,4287,0,4648,4631,0.0036574870912220447,4314,4335,0,4093,4096,0,4597,4599,0,4149,4151,0,,35609,55038,0,1
KT-HQ,P406,0,1044,0,0,1095,0,0,1051,0,0,1235,0,1146,1149,0,1145,1152,0,980,983,0,1193,1198,0,1016,1022,0,1239,1244,0,1256,1260,0,1258,1264,0,,9233,13697,0,1
KT-HQ,P407,0,1118,0,1226,1178,0.039151712887438794,1214,1163,0.04200988467874789,1356,1296,0.04424778761061943,1471,1404,0.04554724677090416,1126,1079,0.04174067495559508,1080,1033,0.04351851851851851,1535,1467,0.04429967426710102,949,911,0.04004214963119068,1044,1000,0.04214559386973182,1343,1283,0.044676098287416255,1879,1053,0.4395955295369878,,14223,13985,0.016733459888912283,9
KT-HQ,P408,0,1215,0,0,1298,0,0,1236,0,0,1471,0,1500,1508,0,1546,1553,0,1375,1374,0.0007272727272726875,1535,1535,0,1319,1322,0,1494,1494,0,1616,1618,0,1422,1424,0,,11807,17048,0,1
KT-HQ,P409,0,5730,0,0,6456,0,0,6212,0,0,7176,0,6235,6268,0,6330,6360,0,5424,5428,0,6022,6028,0,5275,5284,0,5578,5588,0,5738,5736,0.0003485535029627007,5340,5359,0,,45942,71625,0,1
KT-HQ,P410,0,380,0,0,346,0,0,388,0,0,543,0,490,490,0,484,484,0,476,476,0,573,574,0,488,489,0,546,544,0.00366300366300365,604,606,0,690,691,0,,4351,6011,0,1
KT-HQ,P411,0,1442,0,1606,1557,0.030510585305105864,1453,1413,0.027529249827942137,1701,1651,0.029394473838918245,1652,1609,0.026029055690072633,1758,1710,0.027303754266211566,1327,1284,0.03240391861341374,1563,1517,0.02943058221369166,1540,1495,0.02922077922077926,1461,1419,0.028747433264887046,1563,1517,0.02943058221369166,1245,1196,0.03935742971887546,,16869,17810,0,36
KT-HQ,P412,0,510,0,459,468,0,508,517,0,557,564,0,613,619,0,626,631,0,463,469,0,438,446,0,459,470,0,463,473,0,504,512,0,394,406,0,,5484,6085,0,5
KT-HQ,P413,0,22540,0,24489,23806,0.027890073094042234,23144,22545,0.025881437953681252,28735,27977,0.02637898033756747,33427,32453,0.02913812187752418,29515,28720,0.026935456547518166,27374,26646,0.026594578797399016,26658,25978,0.02550829019431311,30124,29390,0.024365954056566164,29597,28874,0.02442815150184141,28293,27577,0.025306612943130857,25612,24975,0.02487115414649388,,306968,321481,0,237
KT-HQ,P414,0,36202,0,0,42051,0,0,45619,0,0,77554,0,60405,61121,0,44324,44984,0,41514,42158,0,39155,39796,0,43541,44170,0,40022,40602,0,42304,42927,0,36125,36642,0,,347390,553826,0,1
KT-HQ,P415,0,946,0,0,1810,0,0,1300,0,0,1438,0,1216,1220,0,1253,1258,0,1089,1094,0,1582,1588,0,1437,1442,0,1361,1368,0,1255,1259,0,1302,1308,0,,10495,16031,0,1
KT-HQ,P416,0,1889,0,0,2230,0,0,2256,0,0,2443,0,2225,2228,0,2292,2289,0.0013089005235602524,2112,2119,0,2313,2314,0,2135,2139,0,2135,2137,0,2164,2166,0,1968,1968,0,,17344,26178,0,1
KT-HQ,P417,0,1278,0,0,1155,0,0,1096,0,0,1480,0,1394,1396,0,1307,1310,0,1122,1125,0,1331,1334,0,1207,1210,0,1315,1317,0,1409,1413,0,1210,1212,0,,10295,15326,0,1
KT-HQ,P418,0,440,0,0,474,0,0,438,0,0,531,0,477,479,0,608,608,0,554,554,0,473,475,0,401,402,0,461,462,0,456,456,0,326,328,0,,3756,5647,0,1
KT-HQ,P419,0,743,0,0,804,0,0,883,0,0,1203,0,1178,1180,0,1009,1012,0,793,794,0,884,884,0,817,819,0,800,803,0,859,858,0.0011641443538998875,710,711,0,,7050,10694,0,1
KT-HQ,P420,0,771,0,0,735,0,0,814,0,0,898,0,846,848,0,840,845,0,787,788,0,891,894,0,735,737,0,858,861,0,896,898,0,839,839,0,,6692,9928,0,1
KT-HQ,P421,0,1481,0,0,1519,0,0,2022,0,0,2235,0,2100,2111,0,1755,1765,0,1626,1636,0,1822,1832,0,1739,1749,0,2149,2162,0,2100,2112,0,1914,1924,0,,15205,22548,0,1
KT-HQ,P422,0,1192,0,0,1190,0,0,1237,0,0,1516,0,205,204,0.004878048780487809,1387,2422,0,745,737,0.010738255033557076,898,899,0,758,755,0.00395778364116095,894,890,0.004474272930648726,1008,1004,0.003968253968253954,1696,1690,0.003537735849056589,,7591,13736,0,1
KT-HQ,P423,0,3149,0,0,3469,0,0,3690,0,0,4030,0,3551,3561,0,3816,3832,0,3225,3228,0,3849,3854,0,2956,2975,0,2984,2992,0,3866,3871,0,3680,3686,0,,27927,42337,0,1
KT-HQ,P424,0,180,0,0,209,0,0,209,0,0,234,0,272,270,0.007352941176470562,364,366,0,441,440,0.0022675736961451642,571,570,0.0017513134851138146,595,595,0,631,638,0,773,765,0.010349288486416586,667,668,0,,4314,5144,0,1
KT-HQ,P425,0,1135,0,0,1015,0,0,1462,0,0,1520,0,1476,1505,0,1674,1709,0,1987,2030,0,2194,2242,0,1811,1849,0,1975,2018,0,1773,1811,0,1742,1778,0,,14632,20074,0,1
KT-HQ,P426,0,1581,0,0,1957,0,0,2167,0,0,2582,0,2115,2168,0,2103,2155,0,1866,1914,0,2250,2304,0,2106,2159,0,2418,2477,0,2097,2149,0,2378,2437,0,,17333,26050,0,1
KT-HQ,P427,0,5857,0,0,6244,0,0,6255,0,0,7636,0,6546,6604,0,6065,6119,0,5090,5134,0,5993,6046,0,5492,5538,0,5804,5854,0,5341,5384,0,5566,5614,0,,45897,72285,0,1
KT-HQ,P428,0,8406,0,0,9278,0,0,14880,0,0,13061,0,15175,15781,0,12588,13183,0,11168,11746,0,11486,12069,0,11128,11732,0,9828,10392,0,14030,14679,0,10282,10858,0,,95685,146065,0,1
KT-HQ,P429,0,911,0,0,1078,0,0,1243,0,0,1374,0,1361,1378,0,1477,1498,0,1276,1291,0,1282,1297,0,1096,1111,0,1289,1305,0,1554,1569,0,1359,1373,0,,10694,15428,0,1
KT-HQ,P430,0,33412,0,0,36200,0,0,35179,0,0,16483,0,25483,25508,0,29907,29932,0,38512,38556,0,41972,42016,0,35330,35358,0,10745,10879,0,24409,24520,0,28246,28337,0,,234604,356380,0,1
KT-HQ,P431,0,102510,0,0,52850,0,0,84280,0,0,92220,0,84440,84470,0,76780,76820,0,87110,87090,0.000229594765239316,81660,81620,0.0004898359049718692,74890,74820,0.0009347042328748945,68330,68230,0.0014634860237084935,59310,59300,0.00016860563142806484,68240,68250,0,,600760,932460,0,1
KT-HQ,P432,0,1695,0,0,1807,0,0,1882,0,0,2269,0,1965,1976,0,1771,1780,0,1528,1537,0,1804,1815,0,1578,1587,0,1735,1744,0,1629,1640,0,1749,1759,0,,13759,21491,0,1
KT-HQ,P433,0,4629,0,0,4874,0,0,5294,0,0,6175,0,5787,5828,0,5701,5741,0,5066,5102,0,5778,5820,0,5451,5493,0,5635,5671,0,5421,5459,0,5127,5161,0,,43966,65247,0,1
KT-HQ,P434,0,3130,0,0,3514,0,0,4005,0,0,4656,0,4349,0,1,4654,9009,0,4138,4146,0,4839,4847,0,4425,4433,0,4767,4775,0,4446,4451,0,4042,4049,0,,35660,51015,0,1
KT-HQ,P435,0,1063,0,0,1215,0,0,1248,0,0,1438,0,1284,1293,0,1340,1350,0,1194,1203,0,1437,1447,0,1316,1318,0,1386,1404,0,1368,1378,0,1221,1230,0,,10546,15587,0,1
KT-HQ,P436,0,2317,0,0,2532,0,0,3208,0,0,3215,0,2880,2898,0,3206,3225,0,2629,2645,0,3008,3029,0,2499,2516,0,2631,2649,0,2461,2478,0,2223,2238,0,,21537,32950,0,1
KT-HQ,P437,0,2195,0,0,2505,0,0,2635,0,0,3222,0,2689,2660,0.0107846783190777,2157,2137,0.009272137227630983,1864,1848,0.008583690987124415,2801,2776,0.008925383791502983,2837,2811,0.009164610504053594,2814,2790,0.008528784648187626,2697,2673,0.008898776418242438,2100,2078,0.010476190476190528,,19959,30330,0,1
KT-HQ,P438,0,12772,0,0,17157,0,0,18691,0,0,24579,0,23025,23467,0,4260,4607,0,11427,11793,0,12026,12401,0,15565,15975,0,14902,15290,0,14404,14828,0,562,878,0,,96171,172438,0,1
KT-HQ,P439,0,23982,0,21814,22470,0,22722,23276,0,25608,26498,0,31502,32425,0,27178,28073,0,25186,26359,0,27353,32354,0,35204,37172,0,35662,35122,0.01514216813414837,29979,29306,0.022449047666699973,27905,27316,0.02110732843576424,,310113,344353,0,193
KT-HQ,P440,0,923,0,0,1013,0,0,1204,0,0,1310,0,1391,1421,0,1484,1516,0,1121,1145,0,1423,1454,0,1053,1073,0,848,865,0,1079,1102,0,1008,1031,0,,9407,14057,0,1
KT-HQ,P441,0,2501,0,0,3081,0,0,3439,0,0,4312,0,3920,3967,0,4170,4221,0,3702,3749,0,4306,4365,0,4225,4280,0,4351,4409,0,4120,4175,0,3746,3794,0,,32540,46293,0,1
KT-HQ,P442,0,452,0,0,531,0,0,541,0,0,611,0,583,595,0,569,581,0,534,545,0,610,622,0,579,591,0,628,640,0,682,695,0,674,687,0,,4859,7091,0,1
KT-HQ,P443,0,660,0,0,694,0,0,750,0,0,857,0,872,879,0,957,964,0,791,797,0,904,910,0,817,825,0,836,842,0,799,805,0,724,730,0,,6700,9713,0,1
KT-HQ,P444,0,1393,0,0,1378,0,0,1475,0,0,1791,0,1983,2037,0,2064,2123,0,1637,1683,0,1941,1997,0,1602,1647,0,1727,1775,0,1855,1907,0,1939,1995,0,,14748,21201,0,1
KT-HQ,P445,0,11364,0,0,13249,0,0,15405,0,0,19053,0,17852,17861,0,15891,15901,0,11647,11653,0,5880,5885,0,3661,3664,0,3039,3043,0,4110,4116,0,8150,8159,0,,70230,129353,0,1
KT-HQ,P446,0,5654,0,0,6231,0,0,6091,0,0,8556,0,6750,6763,0,6490,6502,0,5946,5957,0,7164,7178,0,6072,6083,0,6973,6984,0,6637,6647,0,6495,6504,0,,52527,79150,0,1
KT-HQ,P447,0,10032,0,0,11484,0,0,11619,0,0,15335,0,12290,12627,0,8733,9079,0,7893,8253,0,7693,8052,0,7255,7627,0,6783,7133,0,7846,8235,0,8552,8900,0,,67045,118376,0,1
KT-HQ,P448,0,20095,0,0,18714,0,40121,20346,0.49288402582188884,23769,23310,0.019310867095797102,26318,25706,0.023254046660080574,23291,22709,0.024988192864196512,21727,21209,0.023841303447323603,21697,21155,0.02498041203853063,22831,22310,0.0228198502036705,23443,22868,0.024527577528473343,20947,20565,0.018236501647013847,19347,18783,0.029151806481625075,,243491,257770,0,121
KT-HQ,P449,0,8659,0,0,8944,0,0,9713,0,0,12094,0,11703,11680,0.001965308040673297,11171,11150,0.0018798675140989651,11772,11748,0.0020387359836900876,10522,10503,0.0018057403535449712,9226,9209,0.0018426186863212957,9227,9213,0.001517286225208636,11537,11520,0.001473519979197313,9213,9199,0.001519591881037674,,84371,123632,0,1
KT-HQ,P450,0,52761,0,0,86407,0,0,66093,0,0,89902,0,75126,75276,0,94493,94719,0,105599,105847,0,80186,80366,0,96923,97115,0,110942,111175,0,108380,108610,0,105095,105318,0,,776744,1073589,0,1
KT-HQ,P451,0,0,,10823,26283,0,27915,26292,0.05814078452444926,35496,36022,0,39736,38718,0.025619085967384714,31955,31569,0.012079486778281967,28658,28277,0.013294717007467427,24314,24031,0.01163938471662418,26376,26092,0.010767364270549029,26584,26235,0.013128197411977127,30534,30185,0.011429881443636547,28478,28121,0.012535992696116272,,310869,321825,0,19
KT-HQ,P452,0,0,,0,0,,0,0,,0,0,,0,0,,204,203,0.004901960784313708,683,676,0.010248901903367469,984,970,0.014227642276422814,935,923,0.012834224598930466,1056,1040,0.015151515151515138,1240,1218,0.01774193548387093,1297,1270,0.020817270624518103,,6399,6300,0.015471167369901506,1
KT-HQ,P453,0,0,,0,0,,0,0,,0,0,,0,0,,357,218,0.3893557422969187,369,504,0,632,627,0.007911392405063333,638,633,0.00783699059561127,717,710,0.009762900976290068,716,709,0.009776536312849138,770,760,0.012987012987012991,,4199,4161,0.009049773755656076,1
KT-HQ,P454,0,0,,0,0,,0,0,,0,0,,0,0,,357,352,0.014005602240896309,875,862,0.014857142857142902,1212,1189,0.018976897689768957,1086,1071,0.013812154696132617,1235,1213,0.017813765182186247,1279,1255,0.018764659890539437,1241,1216,0.02014504431909747,,7285,7158,0.017433081674673945,1
KT-HQ,P455,0,0,,0,0,,0,0,,0,0,,0,0,,136,137,0,270,274,0,333,338,0,309,313,0,354,358,0,367,366,0.0027247956403270157,437,439,0,,2206,2225,0,1
KT-HQ,P456,0,0,,0,0,,0,0,,0,0,,0,0,,38,40,0,142,146,0,191,197,0,182,188,0,197,199,0,225,227,0,280,280,0,,1255,1277,0,1
KT-HQ,P457,0,0,,0,0,,0,0,,0,0,,0,0,,324,319,0.015432098765432056,1380,1353,0.019565217391304346,1738,1704,0.019562715765247374,1619,1587,0.019765287214329796,1625,1593,0.019692307692307676,1729,1693,0.020821283979178706,1922,1882,0.020811654526534884,,10337,10131,0.019928412498790737,1
KT-HQ,P458,0,0,,0,0,,0,0,,0,0,,0,0,,69,70,0,341,344,0,557,555,0.0035906642728904536,646,642,0.006191950464396245,776,767,0.011597938144329856,761,753,0.010512483574244391,875,863,0.013714285714285679,,4025,3994,0.0077018633540372194,1
KT-HQ,P459,0,0,,0,0,,0,0,,0,0,,0,0,,0,0,,0,0,,0,0,,750,1019,0,712,1025,0,620,964,0,571,877,0,,2653,3885,0,1
KT-HQ,P460,0,0,,0,0,,0,0,,0,0,,0,0,,0,0,,0,0,,0,0,,0,0,,332,336,0,268,259,0.03358208955223885,273,270,0.01098901098901095,,873,865,0.009163802978235935,1
KT-HQ,P461,0,0,,0,0,,0,0,,0,0,,0,0,,0,0,,0,0,,0,0,,0,0,,225,219,0.026666666666666616,313,312,0.0031948881789137795,422,426,0,,960,957,0.0031250000000000444,1
KT-HQ,P462,0,0,,0,0,,0,0,,0,0,,0,0,,0,0,,0,0,,0,0,,0,0,,14250,34278,0,29097,28707,0.013403443653984937,31171,30744,0.013698630136986356,,74518,93729,0,131
KT-HQ,P463,0,0,,0,0,,0,0,,0,0,,0,0,,0,0,,0,0,,0,0,,0,0,,0,0,,2648,2674,0,2725,2743,0,,5373,5417,0,1
KT-HQ,P464,0,0,,0,0,,0,0,,0,0,,0,0,,0,0,,0,0,,0,0,,0,0,,0,0,,0,0,,77,76,0.012987012987012991,,77,76,0.012987012987012991,1
KT-HQ,P465,0,0,,0,0,,0,0,,0,0,,0,0,,0,0,,0,0,,0,0,,0,0,,0,0,,0,0,,52,52,0,,52,52,0,1
KT-HQ,P466,0,0,,0,0,,0,0,,0,0,,0,0,,0,0,,0,0,,0,0,,0,0,,0,0,,0,0,,335,339,0,,335,339,0,1
KT-HQ,P467,0,0,,0,0,,0,0,,0,0,,0,0,,0,0,,0,0,,0,0,,0,0,,0,0,,0,0,,424,427,0,,424,427,0,1
KT-HQ,P468,0,0,,0,0,,0,0,,0,0,,0,0,,0,0,,0,0,,0,0,,0,0,,0,0,,0,0,,34,33,0.02941176470588236,,34,33,0.02941176470588236,1
