Unnamed: 0,Unnamed: 1,January,Unnamed: 3,Unnamed: 4,February,Unnamed: 6,Unnamed: 7,March,Unnamed: 9,Unnamed: 10,April,Unnamed: 12,Unnamed: 13,May,Unnamed: 15,Unnamed: 16,June,Unnamed: 18,Unnamed: 19,July,Unnamed: 21,Unnamed: 22,August,Unnamed: 24,Unnamed: 25,September,Unnamed: 27,Unnamed: 28,October,Unnamed: 30,Unnamed: 31,November,Unnamed: 33,Unnamed: 34,December,Unnamed: 36,Unnamed: 37,Unnamed: 38,Accumulate for Year 2024,Unnamed: 40,Unnamed: 41,Unnamed: 42
Region,Cabin,Total kWh,Sales kWh,Losses,Total kWh,Sales kWh,Losses,Total kWh,Sales kWh,Losses,Total kWh,Sales kWh,Losses,Total kWh,Sales kWh,Losses,Total kWh,Sales kWh,Losses,Total kWh,Sales kWh,Losses,Total kWh,Sales kWh,Losses,Total kWh,Sales kWh,Losses,Total kWh,Sales kWh,Losses,Total kWh,Sales kWh,Losses,Total kWh,Sales kWh,Losses,,Total kWh,Sales kWh,Losses,Consumer
SHV-HQ,04L,0,0,,0,0,,0,0,,0,0,,0,0,,0,0,,0,0,,0,0,,0,0,,0,0,,0,0,,0,0,,,0,0,,0
SHV-HQ,192,0,0,,0,0,,0,0,,0,0,,0,0,,0,0,,0,0,,0,0,,0,0,,0,0,,0,0,,0,0,,,0,0,,0
SHV-HQ,92,0,0,,0,0,,0,0,,0,0,,0,0,,0,0,,0,0,,0,0,,0,0,,0,0,,0,0,,0,0,,,0,0,,0
SHV-HQ,ASL01,0,0,,0,0,,0,0,,0,0,,0,0,,0,0,,0,0,,0,0,,0,0,,0,0,,0,0,,0,0,,,0,0,,0
SHV-HQ,BAC-908,0,0,,0,0,,0,0,,0,0,,0,0,,0,0,,0,0,,0,0,,0,0,,0,0,,0,0,,0,0,,,0,0,,0
SHV-HQ,C-001,0,52020,0,0,52610,0,0,50880,0,0,55680,0,0,48350,0,0,52450,0,0,52080,0,0,55270,0,0,52650,0,0,49180,0,0,53250,0,0,47720,0,,0,622140,0,2
SHV-HQ,CPK14,0,0,,0,0,,0,0,,0,0,,0,0,,0,0,,0,0,,0,0,,0,0,,0,0,,0,0,,0,0,,,0,0,,0
SHV-HQ,EDC CHECK PMT-166,0,0,,0,0,,0,0,,0,0,,0,0,,0,0,,0,0,,0,0,,0,0,,0,0,,0,0,,0,0,,,0,0,,0
SHV-HQ,MLY01,0,0,,0,0,,0,0,,0,0,,0,0,,0,0,,0,0,,0,0,,0,0,,0,0,,0,0,,0,0,,,0,0,,0
SHV-HQ,MSL05,0,0,,0,0,,0,0,,0,0,,0,0,,0,0,,0,0,,0,0,,0,0,,0,0,,0,0,,0,0,,,0,0,,0
SHV-HQ,OPS-1487,10917,10922,0,9534,9538,0,9396,9400,0,10935,10943,0,14231,14241,0,12263,12271,0,10210,10216,0,5040,5039,0.0001984126984126977,3625,3624,0.0002758620689655711,4295,4285,0.002328288707799775,3658,3657,0.0002733734281027411,5958,5963,0,,100062,100099,0,1
SHV-HQ,OPS-1652,19753,19759,0,18801,18808,0,17971,17977,0,17978,17983,0,652,0,1,13527,13532,0,13082,13086,0,13476,13479,0,13669,13675,0,13633,13637,0,15625,15630,0,18127,18132,0,,176294,175698,0.003380716303447606,1
SHV-HQ,OPS-1765,89,594,0,85,590,0,78,548,0,80,583,0,77,588,0,72,521,0,115,608,0,143,648,0,149,654,0,122,612,0,91,600,0,59,554,0,,1160,7100,0,1
SHV-HQ,OPS-1888,0,0,,0,0,,0,0,,0,0,,0,0,,0,0,,0,0,,151436,111683,0.2625069336221242,109591,105024,0.041673130092799604,110487,105818,0.04225836523753923,110178,105360,0.04372923814191576,104368,99719,0.04454430476774496,,586060,527604,0.09974405350987958,266
SHV-HQ,PBT02,0,0,,0,0,,0,0,,0,0,,0,0,,0,0,,0,0,,0,0,,0,0,,0,0,,0,0,,0,0,,,0,0,,0
SHV-HQ,PCBT,0,0,,0,0,,0,0,,0,0,,0,0,,0,0,,0,0,,0,0,,0,0,,0,0,,0,0,,0,0,,,0,0,,0
SHV-HQ,PCTR,0,0,,0,0,,0,0,,0,0,,0,0,,0,0,,0,0,,0,0,,0,0,,0,0,,0,0,,0,0,,,0,0,,0
SHV-HQ,PHK01,0,0,,0,0,,0,0,,0,0,,0,0,,0,0,,0,0,,0,0,,0,0,,0,0,,0,0,,0,0,,,0,0,,0
SHV-HQ,PKC01,0,0,,0,0,,0,0,,0,0,,0,0,,0,0,,0,0,,0,0,,0,0,,0,0,,0,0,,0,0,,,0,0,,0
SHV-HQ,PKC02,0,0,,0,0,,0,0,,0,0,,0,0,,0,0,,0,0,,0,0,,0,0,,0,0,,0,0,,0,0,,,0,0,,0
SHV-HQ,PKC03,0,0,,0,0,,0,0,,0,0,,0,0,,0,0,,0,0,,0,0,,0,0,,0,0,,0,0,,0,0,,,0,0,,0
SHV-HQ,PKC04,0,0,,0,0,,0,0,,0,0,,0,0,,0,0,,0,0,,0,0,,0,0,,0,0,,0,0,,0,0,,,0,0,,0
SHV-HQ,PKC05,0,0,,0,0,,0,0,,0,0,,0,0,,0,0,,0,0,,0,0,,0,0,,0,0,,0,0,,0,0,,,0,0,,0
SHV-HQ,PKC06,0,0,,0,0,,0,0,,0,0,,0,0,,0,0,,0,0,,0,0,,0,0,,0,0,,0,0,,0,0,,,0,0,,0
SHV-HQ,PKC07,0,0,,0,0,,0,0,,0,0,,0,0,,0,0,,0,0,,0,0,,0,0,,0,0,,0,0,,0,0,,,0,0,,0
SHV-HQ,PKC08,0,0,,0,0,,0,0,,0,0,,0,0,,0,0,,0,0,,0,0,,0,0,,0,0,,0,0,,0,0,,,0,0,,0
SHV-HQ,PKC09,0,0,,0,0,,0,0,,0,0,,0,0,,0,0,,0,0,,0,0,,0,0,,0,0,,0,0,,0,0,,,0,0,,0
SHV-HQ,PKC10,0,0,,0,0,,0,0,,0,0,,0,0,,0,0,,0,0,,0,0,,0,0,,0,0,,0,0,,0,0,,,0,0,,0
SHV-HQ,PKC11,0,0,,0,0,,0,0,,0,0,,0,0,,0,0,,0,0,,0,0,,0,0,,0,0,,0,0,,0,0,,,0,0,,0
SHV-HQ,PKP,0,0,,0,0,,0,0,,0,0,,0,0,,0,0,,0,0,,0,0,,0,0,,0,0,,0,0,,0,0,,,0,0,,0
SHV-HQ,PLYP03,0,0,,0,0,,0,0,,0,0,,0,0,,0,0,,0,0,,0,0,,0,0,,0,0,,0,0,,0,0,,,0,0,,0
SHV-HQ,PM100,0,0,,0,0,,0,0,,0,0,,0,0,,0,0,,0,0,,0,0,,0,0,,0,0,,0,0,,0,0,,,0,0,,0
SHV-HQ,PM1009,0,0,,0,0,,0,0,,0,0,,0,0,,0,0,,0,0,,0,0,,0,0,,0,0,,0,0,,0,0,,,0,0,,0
SHV-HQ,PM1017,0,0,,0,0,,0,0,,0,0,,0,0,,0,0,,0,0,,0,0,,0,0,,0,0,,0,0,,0,0,,,0,0,,0
SHV-HQ,PM102,0,0,,0,0,,0,0,,0,0,,0,0,,0,0,,0,0,,0,0,,0,0,,0,0,,0,0,,0,0,,,0,0,,0
SHV-HQ,PM1020,0,0,,0,0,,0,0,,0,0,,0,0,,0,0,,0,0,,0,0,,0,0,,0,0,,0,0,,0,0,,,0,0,,0
SHV-HQ,PM1021,0,0,,0,0,,0,0,,0,0,,0,0,,0,0,,0,0,,0,0,,0,0,,0,0,,0,0,,0,0,,,0,0,,0
SHV-HQ,PM1031,0,0,,0,0,,0,0,,0,0,,0,0,,0,0,,0,0,,0,0,,0,0,,0,0,,0,0,,0,0,,,0,0,,0
SHV-HQ,PM1032,0,0,,0,0,,0,0,,0,0,,0,0,,0,0,,0,0,,0,0,,0,0,,0,0,,0,0,,0,0,,,0,0,,0
SHV-HQ,PM104,0,0,,0,0,,0,0,,0,0,,0,0,,0,0,,0,0,,0,0,,0,0,,0,0,,0,0,,0,0,,,0,0,,0
SHV-HQ,PM1044,0,0,,0,0,,0,0,,0,0,,0,0,,0,0,,0,0,,0,0,,0,0,,0,0,,0,0,,0,0,,,0,0,,0
SHV-HQ,PM1048,0,0,,0,0,,0,0,,0,0,,0,0,,0,0,,0,0,,0,0,,0,0,,0,0,,0,0,,0,0,,,0,0,,0
SHV-HQ,PM105,0,0,,0,0,,0,0,,0,0,,0,0,,0,0,,0,0,,0,0,,0,0,,0,0,,0,0,,0,0,,,0,0,,0
SHV-HQ,PM106,0,0,,0,0,,0,0,,0,0,,0,0,,0,0,,0,0,,0,0,,0,0,,0,0,,0,0,,0,0,,,0,0,,0
SHV-HQ,PM1068,0,0,,0,0,,0,0,,0,0,,0,0,,0,0,,0,0,,0,0,,0,0,,0,0,,0,0,,0,0,,,0,0,,0
SHV-HQ,PM107,0,0,,0,0,,0,0,,0,0,,0,0,,0,0,,0,0,,0,0,,0,0,,0,0,,0,0,,0,0,,,0,0,,0
SHV-HQ,PM1073,0,0,,0,0,,0,0,,0,0,,0,0,,0,0,,0,0,,0,0,,0,0,,0,0,,0,0,,0,0,,,0,0,,0
SHV-HQ,PM108,0,0,,0,0,,0,0,,0,0,,0,0,,0,0,,0,0,,0,0,,0,0,,0,0,,0,0,,0,0,,,0,0,,0
SHV-HQ,PM1081,0,0,,0,0,,0,0,,0,0,,0,0,,0,0,,0,0,,0,0,,0,0,,0,0,,0,0,,0,0,,,0,0,,0
SHV-HQ,PM109,0,0,,0,0,,0,0,,0,0,,0,0,,0,0,,0,0,,0,0,,0,0,,0,0,,0,0,,0,0,,,0,0,,0
SHV-HQ,PM1100,0,0,,0,0,,0,0,,0,0,,0,0,,0,0,,0,0,,0,0,,0,0,,0,0,,0,0,,0,0,,,0,0,,0
SHV-HQ,PM111,0,0,,0,0,,0,0,,0,0,,0,0,,0,0,,0,0,,0,0,,0,0,,0,0,,0,0,,0,0,,,0,0,,0
SHV-HQ,PM1114,0,0,,0,0,,0,0,,0,0,,0,0,,0,0,,0,0,,0,0,,0,0,,0,0,,0,0,,0,0,,,0,0,,0
SHV-HQ,PM112,0,0,,0,0,,0,0,,0,0,,0,0,,0,0,,0,0,,0,0,,0,0,,0,0,,0,0,,0,0,,,0,0,,0
SHV-HQ,PM1122,0,0,,0,0,,0,0,,0,0,,0,0,,0,0,,0,0,,0,0,,0,0,,0,0,,0,0,,0,0,,,0,0,,0
SHV-HQ,PM1138,0,0,,0,0,,0,0,,0,0,,0,0,,0,0,,0,0,,0,0,,0,0,,0,0,,0,0,,0,0,,,0,0,,0
SHV-HQ,PM114,0,0,,0,0,,0,0,,0,0,,0,0,,0,0,,0,0,,0,0,,0,0,,0,0,,0,0,,0,0,,,0,0,,0
SHV-HQ,PM1143,0,0,,0,0,,0,0,,0,0,,0,0,,0,0,,0,0,,0,0,,0,0,,0,0,,0,0,,0,0,,,0,0,,0
SHV-HQ,PM1146,0,0,,0,0,,0,0,,0,0,,0,0,,0,0,,0,0,,0,0,,0,0,,0,0,,0,0,,0,0,,,0,0,,0
SHV-HQ,PM115,0,0,,0,0,,0,0,,0,0,,0,0,,0,0,,0,0,,0,0,,0,0,,0,0,,0,0,,0,0,,,0,0,,0
SHV-HQ,PM1174,0,0,,0,0,,0,0,,0,0,,0,0,,0,0,,0,0,,0,0,,0,0,,0,0,,0,0,,0,0,,,0,0,,0
SHV-HQ,PM1177,0,0,,0,0,,0,0,,0,0,,0,0,,0,0,,0,0,,0,0,,0,0,,0,0,,0,0,,0,0,,,0,0,,0
SHV-HQ,PM119,0,0,,0,0,,0,0,,0,0,,0,0,,0,0,,0,0,,0,0,,0,0,,0,0,,0,0,,0,0,,,0,0,,0
SHV-HQ,PM120,0,0,,0,0,,0,0,,0,0,,0,0,,0,0,,0,0,,0,0,,0,0,,0,0,,0,0,,0,0,,,0,0,,0
SHV-HQ,PM121,0,0,,0,0,,0,0,,0,0,,0,0,,0,0,,0,0,,0,0,,0,0,,0,0,,0,0,,0,0,,,0,0,,0
SHV-HQ,PM1217,0,0,,0,0,,0,0,,0,0,,0,0,,0,0,,0,0,,0,0,,0,0,,0,0,,0,0,,0,0,,,0,0,,0
SHV-HQ,PM1219,0,0,,0,0,,0,0,,0,0,,0,0,,0,0,,0,0,,0,0,,0,0,,0,0,,0,0,,0,0,,,0,0,,0
SHV-HQ,PM122,0,0,,0,0,,0,0,,0,0,,0,0,,0,0,,0,0,,0,0,,0,0,,0,0,,0,0,,0,0,,,0,0,,0
SHV-HQ,PM123,0,0,,0,0,,0,0,,0,0,,0,0,,0,0,,0,0,,0,0,,0,0,,0,0,,0,0,,0,0,,,0,0,,0
SHV-HQ,PM124,0,0,,0,0,,0,0,,0,0,,0,0,,0,0,,0,0,,0,0,,0,0,,0,0,,0,0,,0,0,,,0,0,,0
SHV-HQ,PM1247,0,0,,0,0,,0,0,,0,0,,0,0,,0,0,,0,0,,0,0,,0,0,,0,0,,0,0,,0,0,,,0,0,,0
SHV-HQ,PM1264,0,0,,0,0,,0,0,,0,0,,0,0,,0,0,,0,0,,0,0,,0,0,,0,0,,0,0,,0,0,,,0,0,,0
SHV-HQ,PM1265,0,0,,0,0,,0,0,,0,0,,0,0,,0,0,,0,0,,0,0,,0,0,,0,0,,0,0,,0,0,,,0,0,,0
SHV-HQ,PM127,0,0,,0,0,,0,0,,0,0,,0,0,,0,0,,0,0,,0,0,,0,0,,0,0,,0,0,,0,0,,,0,0,,0
SHV-HQ,PM1272,0,0,,0,0,,0,0,,0,0,,0,0,,0,0,,0,0,,0,0,,0,0,,0,0,,0,0,,0,0,,,0,0,,0
SHV-HQ,PM1291,0,0,,0,0,,0,0,,0,0,,0,0,,0,0,,0,0,,0,0,,0,0,,0,0,,0,0,,0,0,,,0,0,,0
SHV-HQ,PM130,0,0,,0,0,,0,0,,0,0,,0,0,,0,0,,0,0,,0,0,,0,0,,0,0,,0,0,,0,0,,,0,0,,0
SHV-HQ,PM1312,0,0,,0,0,,0,0,,0,0,,0,0,,0,0,,0,0,,0,0,,0,0,,0,0,,0,0,,0,0,,,0,0,,0
SHV-HQ,PM132,0,0,,0,0,,0,0,,0,0,,0,0,,0,0,,0,0,,0,0,,0,0,,0,0,,0,0,,0,0,,,0,0,,0
SHV-HQ,PM133,0,0,,0,0,,0,0,,0,0,,0,0,,0,0,,0,0,,0,0,,0,0,,0,0,,0,0,,0,0,,,0,0,,0
SHV-HQ,PM1331,0,0,,0,0,,0,0,,0,0,,0,0,,0,0,,0,0,,0,0,,0,0,,0,0,,0,0,,0,0,,,0,0,,0
SHV-HQ,PM1336,0,0,,0,0,,0,0,,0,0,,0,0,,0,0,,0,0,,0,0,,0,0,,0,0,,0,0,,0,0,,,0,0,,0
SHV-HQ,PM1338,0,0,,0,0,,0,0,,0,0,,0,0,,0,0,,0,0,,0,0,,0,0,,0,0,,0,0,,0,0,,,0,0,,0
SHV-HQ,PM134,0,0,,0,0,,0,0,,0,0,,0,0,,0,0,,0,0,,0,0,,0,0,,0,0,,0,0,,0,0,,,0,0,,0
SHV-HQ,PM135,0,0,,0,0,,0,0,,0,0,,0,0,,0,0,,0,0,,0,0,,0,0,,0,0,,0,0,,0,0,,,0,0,,0
SHV-HQ,PM1357,0,0,,0,0,,0,0,,0,0,,0,0,,0,0,,0,0,,0,0,,0,0,,0,0,,0,0,,0,0,,,0,0,,0
SHV-HQ,PM1369,0,0,,0,0,,0,0,,0,0,,0,0,,0,0,,0,0,,0,0,,0,0,,0,0,,0,0,,0,0,,,0,0,,0
SHV-HQ,PM137,0,0,,0,0,,0,0,,0,0,,0,0,,0,0,,0,0,,0,0,,0,0,,0,0,,0,0,,0,0,,,0,0,,0
SHV-HQ,PM138,0,0,,0,0,,0,0,,0,0,,0,0,,0,0,,0,0,,0,0,,0,0,,0,0,,0,0,,0,0,,,0,0,,0
SHV-HQ,PM1383,0,0,,0,0,,0,0,,0,0,,0,0,,0,0,,0,0,,0,0,,0,0,,0,0,,0,0,,0,0,,,0,0,,0
SHV-HQ,PM1387,0,0,,0,0,,0,0,,0,0,,0,0,,0,0,,0,0,,0,0,,0,0,,0,0,,0,0,,0,0,,,0,0,,0
SHV-HQ,PM139,0,0,,0,0,,0,0,,0,0,,0,0,,0,0,,0,0,,0,0,,0,0,,0,0,,0,0,,0,0,,,0,0,,0
SHV-HQ,PM141,0,0,,0,0,,0,0,,0,0,,0,0,,0,0,,0,0,,0,0,,0,0,,0,0,,0,0,,0,0,,,0,0,,0
SHV-HQ,PM142,0,0,,0,0,,0,0,,0,0,,0,0,,0,0,,0,0,,0,0,,0,0,,0,0,,0,0,,0,0,,,0,0,,0
SHV-HQ,PM143,0,0,,0,0,,0,0,,0,0,,0,0,,0,0,,0,0,,0,0,,0,0,,0,0,,0,0,,0,0,,,0,0,,0
SHV-HQ,PM1436,0,0,,0,0,,0,0,,0,0,,0,0,,0,0,,0,0,,0,0,,0,0,,0,0,,0,0,,0,0,,,0,0,,0
SHV-HQ,PM145,0,0,,0,0,,0,0,,0,0,,0,0,,0,0,,0,0,,0,0,,0,0,,0,0,,0,0,,0,0,,,0,0,,0
SHV-HQ,PM1456,0,0,,0,0,,0,0,,0,0,,0,0,,0,0,,0,0,,0,0,,0,0,,0,0,,0,0,,0,0,,,0,0,,0
SHV-HQ,PM1465,0,0,,0,0,,0,0,,0,0,,0,0,,0,0,,0,0,,0,0,,0,0,,0,0,,0,0,,0,0,,,0,0,,0
SHV-HQ,PM147,0,0,,0,0,,0,0,,0,0,,0,0,,0,0,,0,0,,0,0,,0,0,,0,0,,0,0,,0,0,,,0,0,,0
SHV-HQ,PM1479,0,0,,0,0,,0,0,,0,0,,0,0,,0,0,,0,0,,0,0,,0,0,,0,0,,0,0,,0,0,,,0,0,,0
SHV-HQ,PM148,0,0,,0,0,,0,0,,0,0,,0,0,,0,0,,0,0,,0,0,,0,0,,0,0,,0,0,,0,0,,,0,0,,0
SHV-HQ,PM149,0,0,,0,0,,0,0,,0,0,,0,0,,0,0,,0,0,,0,0,,0,0,,0,0,,0,0,,0,0,,,0,0,,0
SHV-HQ,PM1492,0,0,,0,0,,0,0,,0,0,,0,0,,0,0,,0,0,,0,0,,0,0,,0,0,,0,0,,0,0,,,0,0,,0
SHV-HQ,PM1493,0,0,,0,0,,0,0,,0,0,,0,0,,0,0,,0,0,,0,0,,0,0,,0,0,,0,0,,0,0,,,0,0,,0
SHV-HQ,PM150,0,0,,0,0,,0,0,,0,0,,0,0,,0,0,,0,0,,0,0,,0,0,,0,0,,0,0,,0,0,,,0,0,,0
SHV-HQ,PM152,0,0,,0,0,,0,0,,0,0,,0,0,,0,0,,0,0,,0,0,,0,0,,0,0,,0,0,,0,0,,,0,0,,0
SHV-HQ,PM1523,0,0,,0,0,,0,0,,0,0,,0,0,,0,0,,0,0,,0,0,,0,0,,0,0,,0,0,,0,0,,,0,0,,0
SHV-HQ,PM1526,0,0,,0,0,,0,0,,0,0,,0,0,,0,0,,0,0,,0,0,,0,0,,0,0,,0,0,,0,0,,,0,0,,0
SHV-HQ,PM153,0,0,,0,0,,0,0,,0,0,,0,0,,0,0,,0,0,,0,0,,0,0,,0,0,,0,0,,0,0,,,0,0,,0
SHV-HQ,PM154,0,0,,0,0,,0,0,,0,0,,0,0,,0,0,,0,0,,0,0,,0,0,,0,0,,0,0,,0,0,,,0,0,,0
SHV-HQ,PM155,0,0,,0,0,,0,0,,0,0,,0,0,,0,0,,0,0,,0,0,,0,0,,0,0,,0,0,,0,0,,,0,0,,0
SHV-HQ,PM157,0,0,,0,0,,0,0,,0,0,,0,0,,0,0,,0,0,,0,0,,0,0,,0,0,,0,0,,0,0,,,0,0,,0
SHV-HQ,PM158,0,0,,0,0,,0,0,,0,0,,0,0,,0,0,,0,0,,0,0,,0,0,,0,0,,0,0,,0,0,,,0,0,,0
SHV-HQ,PM1592,0,0,,0,0,,0,0,,0,0,,0,0,,0,0,,0,0,,0,0,,0,0,,0,0,,0,0,,0,0,,,0,0,,0
SHV-HQ,PM160,0,0,,0,0,,0,0,,0,0,,0,0,,0,0,,0,0,,0,0,,0,0,,0,0,,0,0,,0,0,,,0,0,,0
SHV-HQ,PM161,0,0,,0,0,,0,0,,0,0,,0,0,,0,0,,0,0,,0,0,,0,0,,0,0,,0,0,,0,0,,,0,0,,0
SHV-HQ,PM162,0,0,,0,0,,0,0,,0,0,,0,0,,0,0,,0,0,,0,0,,0,0,,0,0,,0,0,,0,0,,,0,0,,0
SHV-HQ,PM163,0,0,,0,0,,0,0,,0,0,,0,0,,0,0,,0,0,,0,0,,0,0,,0,0,,0,0,,0,0,,,0,0,,0
SHV-HQ,PM164,0,0,,0,0,,0,0,,0,0,,0,0,,0,0,,0,0,,0,0,,0,0,,0,0,,0,0,,0,0,,,0,0,,0
SHV-HQ,PM1648,0,0,,0,0,,0,0,,0,0,,0,0,,0,0,,0,0,,0,0,,0,0,,0,0,,0,0,,0,0,,,0,0,,0
SHV-HQ,PM165,0,0,,0,0,,0,0,,0,0,,0,0,,0,0,,0,0,,0,0,,0,0,,0,0,,0,0,,0,0,,,0,0,,0
SHV-HQ,PM166,0,0,,0,0,,0,0,,0,0,,0,0,,0,0,,0,0,,0,0,,0,0,,0,0,,0,0,,0,0,,,0,0,,0
SHV-HQ,PM167,0,0,,0,0,,0,0,,0,0,,0,0,,0,0,,0,0,,0,0,,0,0,,0,0,,0,0,,0,0,,,0,0,,0
SHV-HQ,PM168,0,0,,0,0,,0,0,,0,0,,0,0,,0,0,,0,0,,0,0,,0,0,,0,0,,0,0,,0,0,,,0,0,,0
SHV-HQ,PM169,0,0,,0,0,,0,0,,0,0,,0,0,,0,0,,0,0,,0,0,,0,0,,0,0,,0,0,,0,0,,,0,0,,0
SHV-HQ,PM170,0,0,,0,0,,0,0,,0,0,,0,0,,0,0,,0,0,,0,0,,0,0,,0,0,,0,0,,0,0,,,0,0,,0
SHV-HQ,PM171,0,0,,0,0,,0,0,,0,0,,0,0,,0,0,,0,0,,0,0,,0,0,,0,0,,0,0,,0,0,,,0,0,,0
SHV-HQ,PM172,0,0,,0,0,,0,0,,0,0,,0,0,,0,0,,0,0,,0,0,,0,0,,0,0,,0,0,,0,0,,,0,0,,0
SHV-HQ,PM173,0,0,,0,0,,0,0,,0,0,,0,0,,0,0,,0,0,,0,0,,0,0,,0,0,,0,0,,0,0,,,0,0,,0
SHV-HQ,PM174,0,0,,0,0,,0,0,,0,0,,0,0,,0,0,,0,0,,0,0,,0,3083,0,0,0,,0,0,,0,0,,,0,3083,0,0
SHV-HQ,PM175,0,0,,0,0,,0,0,,0,0,,0,0,,0,0,,0,0,,0,0,,0,0,,0,0,,0,0,,0,0,,,0,0,,1
SHV-HQ,PM-176,0,0,,0,0,,0,0,,0,0,,0,0,,0,0,,0,0,,0,0,,0,0,,0,0,,0,0,,0,0,,,0,0,,0
SHV-HQ,PM177,0,0,,0,0,,0,0,,0,0,,0,0,,0,0,,0,0,,0,0,,0,0,,0,0,,0,0,,0,0,,,0,0,,0
SHV-HQ,PM181,0,0,,0,0,,0,0,,0,0,,0,0,,0,0,,0,0,,0,0,,0,0,,0,0,,0,0,,0,0,,,0,0,,0
SHV-HQ,PM185,0,0,,0,0,,0,0,,0,0,,0,0,,0,0,,0,0,,0,0,,0,0,,0,0,,0,0,,0,0,,,0,0,,0
SHV-HQ,PM186,0,0,,0,0,,0,0,,0,0,,0,0,,0,0,,0,0,,0,0,,0,0,,0,0,,0,0,,0,0,,,0,0,,0
SHV-HQ,PM196,0,0,,0,0,,0,0,,0,0,,0,0,,0,0,,0,0,,0,0,,0,0,,0,0,,0,0,,0,0,,,0,0,,0
SHV-HQ,PM198,0,0,,0,0,,0,0,,0,0,,0,0,,0,0,,0,0,,0,0,,0,0,,0,0,,0,0,,0,0,,,0,0,,0
SHV-HQ,PM199,0,0,,0,0,,0,0,,0,0,,0,0,,0,0,,0,0,,0,0,,0,0,,0,0,,0,0,,0,0,,,0,0,,0
SHV-HQ,PM201,0,0,,0,0,,0,0,,0,0,,0,0,,0,0,,0,0,,0,0,,0,0,,0,0,,0,0,,0,0,,,0,0,,0
SHV-HQ,PM208,0,0,,0,0,,0,0,,0,0,,0,0,,0,0,,0,0,,0,0,,0,0,,0,0,,0,0,,0,0,,,0,0,,0
SHV-HQ,PM209,0,0,,0,0,,0,0,,0,0,,0,0,,0,0,,0,0,,0,0,,0,0,,0,0,,0,0,,0,0,,,0,0,,0
SHV-HQ,PM210,0,0,,0,0,,0,0,,0,0,,0,0,,0,0,,0,0,,0,0,,0,0,,0,0,,0,0,,0,0,,,0,0,,0
SHV-HQ,PM211,0,0,,0,0,,0,0,,0,0,,0,0,,0,0,,0,0,,0,0,,0,0,,0,0,,0,0,,0,0,,,0,0,,0
SHV-HQ,PM214,0,0,,0,0,,0,0,,0,0,,0,0,,0,0,,0,0,,0,0,,0,0,,0,0,,0,0,,0,0,,,0,0,,0
SHV-HQ,PM217,0,0,,0,0,,0,0,,0,0,,0,0,,0,0,,0,0,,0,0,,0,0,,0,0,,0,0,,0,0,,,0,0,,0
SHV-HQ,PM221,0,0,,0,0,,0,0,,0,0,,0,0,,0,0,,0,0,,0,0,,0,0,,0,0,,0,0,,0,0,,,0,0,,0
SHV-HQ,PM222,0,0,,0,0,,0,0,,0,0,,0,0,,0,0,,0,0,,0,0,,0,0,,0,0,,0,0,,0,0,,,0,0,,0
SHV-HQ,PM223,0,0,,0,0,,0,0,,0,0,,0,0,,0,0,,0,0,,0,0,,0,0,,0,0,,0,0,,0,0,,,0,0,,0
SHV-HQ,PM41,0,0,,0,0,,0,0,,0,0,,0,0,,0,0,,0,0,,0,0,,0,0,,0,0,,0,0,,0,0,,,0,0,,0
SHV-HQ,PM42,0,0,,0,0,,0,0,,0,0,,0,0,,0,0,,0,0,,0,0,,0,0,,0,0,,0,0,,0,0,,,0,0,,0
SHV-HQ,PMC01,0,0,,0,0,,0,0,,0,0,,0,0,,0,0,,0,0,,0,0,,0,0,,0,0,,0,0,,0,0,,,0,0,,0
SHV-HQ,PMP01,0,0,,0,0,,0,0,,0,0,,0,0,,0,0,,0,0,,0,0,,0,0,,0,0,,0,0,,0,0,,,0,0,,0
SHV-HQ,PMR01,0,0,,0,0,,0,0,,0,0,,0,0,,0,0,,0,0,,0,0,,0,0,,0,0,,0,0,,0,0,,,0,0,,0
SHV-HQ,PMT,0,0,,0,0,,0,0,,0,0,,0,0,,0,0,,0,0,,0,0,,0,0,,0,0,,0,0,,0,0,,,0,0,,0
SHV-HQ,PMT ASL-01,401796,401815,0,410638,410690,0,391096,391129,0,428709,428766,0,447091,447138,0,365332,365373,0,307327,307361,0,329491,329534,0,287512,287537,0,299713,299762,0,369994,370012,0,336659,336675,0,,4375358,4375792,0,1
SHV-HQ,PMT AW-01,3015,2965,0.016583747927031545,2630,2576,0.020532319391635023,2550,2497,0.020784313725490167,2876,2818,0.02016689847009734,2976,2921,0.01848118279569888,2869,2813,0.019518996165911462,2883,2836,0.01630246271245228,2685,2654,0.011545623836126673,2679,2648,0.011571481896229918,2555,2507,0.018786692759295454,2811,2739,0.025613660618996836,2522,2442,0.0317208564631245,,33051,32416,0.019212731838673558,1
SHV-HQ,PMT BH-01,231739,231872,0,229151,229299,0,213834,213950,0,201817,201928,0,187900,188019,0,193945,194072,0,186861,186991,0,185416,185545,0,185632,185777,0,198178,198368,0,204880,205083,0,194055,194220,0,,2413408,2415124,0,1
SHV-HQ,PMT CAT-01,6120,6142,0,6065,6088,0,6102,6123,0,6878,6904,0,7482,7509,0,7659,7691,0,7478,7510,0,5989,6011,0,0,6573,0,4852,6120,0,6198,6204,0,5875,5880,0,,70698,78755,0,1
SHV-HQ,PMT CBT-01,369600,369474,0.0003409090909091139,369049,368930,0.00032245040631462274,319464,319355,0.0003411965041444365,291182,291086,0.0003296907089037626,329253,329150,0.0003128293439998986,288209,288133,0.00026369752505994715,276263,276197,0.000238902784665318,287744,287667,0.000267598976868344,285944,285869,0.00026228911954784273,273490,273413,0.0002815459431788625,314590,314483,0.00034012524237891917,387470,387330,0.0003613182956100358,,3792258,3791087,0.0003087870076350363,1
SHV-HQ,PMT CK-01,4062,4064,0,4098,4099,0,4388,4389,0,4982,4983,0,3336,3337,0,0,0,,0,0,,0,0,,0,0,,0,0,,0,0,,0,0,,,20866,20872,0,0
SHV-HQ,PMT CK-02,88671,88639,0.0003608846184208758,88384,88348,0.0004073135409123907,88287,88248,0.0004417411396920867,100415,100367,0.0004780162326345483,102077,102029,0.000470233255287722,93088,93052,0.0003867308353385779,83191,83163,0.0003365748698777038,88313,88280,0.00037367092047602135,87853,87824,0.00033009686635632196,89250,89217,0.000369747899159667,99767,99729,0.00038088746779996185,96624,96589,0.0003622288458353662,,1105920,1105485,0.00039333767361116045,1
SHV-HQ,PMT CK-03,18861,18898,0,19595,19635,0,19863,19903,0,23842,23888,0,23372,23418,0,20223,20268,0,17410,17450,0,20088,20130,0,12157,12184,0,0,0,,0,0,,0,0,,,175411,175774,0,0
SHV-HQ,PMT CK-04,11233,11222,0.0009792575447342688,11801,11778,0.0019489873739513275,12023,12000,0.0019130000831739657,14449,14413,0.0024915219046300896,13214,13185,0.0021946420463144767,11938,11908,0.0025129837493717,10603,10580,0.002169197396963085,8994,8980,0.0015565932844118224,0,0,,0,1,0,0,0,,0,0,,,94255,94067,0.0019945891464643317,0
SHV-HQ,PMT CK-05,7891,7919,0,10258,10289,0,9230,9252,0,9563,9564,0,9100,9119,0,8123,8136,0,7134,7144,0,7833,7833,0,6205,6208,0,7368,7385,0,9205,9215,0,9977,9993,0,,101887,102057,0,1
SHV-HQ,PMT CK-06,4990,5028,0,4987,5026,0,4455,4490,0,4800,4835,0,4543,4363,0.03962139555359889,4578,4241,0.0736129314110966,4411,5217,0,4266,4778,0,4729,4812,0,4962,4957,0.0010076582023377245,5219,5214,0.0009580379383024029,5707,5704,0.0005256702295426408,,57647,58665,0,1
SHV-HQ,PMT CK-07,2205,2212,0,2310,2322,0,2277,2292,0,2241,2249,0,2201,1673,0.23989095865515675,2070,2646,0,1779,1934,0,1976,2042,0,1950,1976,0,1920,1949,0,1971,1998,0,1985,2013,0,,24885,25306,0,1
SHV-HQ,PMT CK-08,103,106,0,129,131,0,130,133,0,135,138,0,126,128,0,117,119,0,97,100,0,107,109,0,103,106,0,107,110,0,109,111,0,112,114,0,,1375,1405,0,1
SHV-HQ,PMT CK-09,10299,10306,0,10634,10639,0,11127,11134,0,12674,12683,0,10826,10833,0,9441,9446,0,7906,7911,0,8561,8566,0,8355,8360,0,2514,2516,0,0,0,,0,0,,,92337,92394,0,0
SHV-HQ,PMT CK-10,31631,32698,0,26580,26585,0,35384,35393,0,38164,38174,0,39295,39305,0,35069,35076,0,32245,32252,0,35904,35911,0,37840,37848,0,35513,35521,0,37149,37158,0,26472,26477,0,,411246,412398,0,1
SHV-HQ,PMT CK-11,2308,2308,0,2492,2495,0,2373,2375,0,2636,2637,0,2699,2701,0,2809,2811,0,2745,2748,0,3219,3223,0,2685,2686,0,2261,2258,0.0013268465280849018,2407,2408,0,2458,2458,0,,31092,31108,0,1
SHV-HQ,PMT CK-12,692,690,0.0028901734104046506,717,715,0.002789400278940035,696,695,0.001436781609195359,626,624,0.0031948881789137795,677,675,0.002954209748892156,739,737,0.0027063599458727605,285,284,0.0035087719298245723,328,326,0.0060975609756097615,245,244,0.004081632653061273,202,201,0.004950495049504955,239,237,0.008368200836820106,213,212,0.0046948356807511304,,5659,5640,0.0033574836543558417,1
SHV-HQ,PMT CK-13,1452,1454,0,2246,2249,0,2457,2461,0,3323,3330,0,2169,2173,0,1165,1166,0,1033,1033,0,1257,1259,0,973,973,0,946,947,0,891,895,0,829,830,0,,18741,18770,0,1
SHV-HQ,PMT CK-14,1298,1297,0.0007704160246533309,293,293,0,291,291,0,181,180,0.0055248618784530246,204,203,0.004901960784313708,156,156,0,155,154,0.006451612903225823,173,173,0,143,143,0,188,187,0.005319148936170248,199,198,0.005025125628140725,276,275,0.0036231884057971175,,3557,3550,0.001967950520101236,1
SHV-HQ,PMT CK-15,18366,18365,5.444843732982374e-05,20802,20803,0,33866,33865,2.95281403177583e-05,28469,28471,0,18474,18472,0.00010826025765942049,7,8,0,938,937,0.0010660980810234255,1362,28364,0,1052,1052,0,0,0,,0,0,,0,0,,,123336,150337,0,1
SHV-HQ,PMT CK-16,0,0,,0,0,,0,0,,0,0,,0,0,,0,0,,0,0,,0,0,,0,0,,0,0,,0,0,,0,0,,,0,0,,0
SHV-HQ,PMT CK-17,26,27,0,28,28,0,29,30,0,30,30,0,26,27,0,25,25,0,24,24,0,25,26,0,23,23,0,19,20,0,22,21,0.045454545454545414,19,20,0,,296,301,0,1
SHV-HQ,PMT CK-18,14401,14397,0.00027775848899380673,15407,15410,0,14975,14963,0.0008013355592654259,16122,16117,0.00031013521895550955,15941,15938,0.00018819396524683007,14782,14778,0.0002705993776214166,12846,12843,0.00023353573096684954,14988,14984,0.0002668801708033408,33111,33104,0.00021141010540304261,51376,51362,0.00027250077857365884,58420,58406,0.0002396439575488296,54376,54363,0.0002390760629689126,,316745,316665,0.00025256910132753774,1
SHV-HQ,PMT CK-19,20962,20962,0,22246,22245,4.495190146547312e-05,22571,22570,4.4304638695646936e-05,27247,27247,0,27331,27330,3.658848926124669e-05,23154,23153,4.3189081800121265e-05,21623,21623,0,23853,23852,4.19234477843089e-05,21824,21824,0,20977,20977,0,22780,22779,4.389815627747762e-05,25518,25518,0,,280086,280080,2.14219918167613e-05,1
SHV-HQ,PMT CK-20,1914,1915,0,1370,1371,0,1759,1759,0,1452,1452,0,1089,1090,0,0,0,,736,736,0,1479,1480,0,1232,1232,0,1275,1275,0,1352,1353,0,1495,1495,0,,15153,15158,0,1
SHV-HQ,PMT CKT-01,1619,1656,0,1315,1353,0,1664,1707,0,2029,2078,0,2328,2379,0,1798,1846,0,1387,1433,0,1492,1521,0,1419,6457,0,1384,-3581,3.58742774566474,1499,1537,0,1468,1504,0,,19402,19890,0,1
SHV-HQ,PMT CKT-02,6346,6442,0,6083,6178,0,5749,5832,0,5997,6075,0,5938,6016,0,6257,6325,0,6015,6077,0,6579,6642,0,6408,6476,0,6392,6445,0,6664,6721,0,6092,6149,0,,74520,75378,0,1
SHV-HQ,PMT CKT-03,2080,2080,0,2181,2181,0,2288,2291,0,2791,2789,0.0007165890361877647,2453,2453,0,2577,2578,0,2363,2361,0.0008463817181548761,2302,2304,0,2363,2363,0,2713,2712,0.00036859565057134613,2910,2909,0.0003436426116838476,2508,2509,0,,29529,29530,0,1
SHV-HQ,PMT CKT-04,15737,15763,0,16449,16474,0,16552,16779,0,18760,18590,0.009061833688699394,18934,18968,0,18516,18549,0,15982,16010,0,16521,16551,0,15062,15089,0,14782,14806,0,17282,17311,0,16056,16082,0,,200633,200972,0,1
SHV-HQ,PMT CKT-05,65900,66019,0,66131,67059,0,66472,65799,0.010124563726080171,76646,76799,0,71661,71806,0,67747,67897,0,60219,60354,0,66084,66230,0,68164,68316,0,64863,65001,0,64639,64773,0,58796,58915,0,,797322,798968,0,1
SHV-HQ,PMT CKT-06,9854,9864,0,10451,10459,0,9842,9849,0,11471,11480,0,11768,11778,0,10839,10850,0,9155,9162,0,10447,10450,0,9172,9186,0,9956,9936,0.002008838891120912,11137,11176,0,10585,10593,0,,124677,124783,0,1
SHV-HQ,PMT CKT-07,10920,11000,0,11560,11520,0.0034602076124568004,11160,11120,0.0035842293906810374,13080,13120,0,12400,12360,0.003225806451612856,11520,11720,0,10040,10160,0,10880,11000,0,10480,10640,0,10560,10560,0,11200,11400,0,10400,10480,0,,134200,135080,0,1
SHV-HQ,PMT CKT-08,45489,45553,0,46066,46135,0,46417,46495,0,54675,54774,0,52499,52594,0,50129,50223,0,44085,44168,0,46600,46685,0,45218,45305,0,46505,46591,0,50537,50626,0,46472,46553,0,,574692,575702,0,1
SHV-HQ,PMT CKT-09,42103,42212,0,42292,42404,0,42524,42636,0,49248,49377,0,48596,48724,0,44505,44623,0,39711,39812,0,41667,41772,0,40122,40224,0,38900,38998,0,42622,42730,0,39910,40013,0,,512200,513525,0,1
SHV-HQ,PMT CKT-10,43891,43914,0,43933,43978,0,44633,44680,0,47923,47977,0,48533,48589,0,47537,47600,0,42969,43025,0,46339,46391,0,45079,45128,0,45808,45848,0,49359,49406,0,45269,45319,0,,551273,551855,0,1
SHV-HQ,PMT CKT-11,34374,34391,0,35851,35865,0,35380,35389,0,40751,40763,0,38964,38977,0,36039,36051,0,33164,33183,0,34646,34664,0,33391,33406,0,34155,34164,0,37004,37018,0,33951,33967,0,,427670,427838,0,1
SHV-HQ,PMT CKT-12,24457,24470,0,23954,23966,0,23744,23757,0,27345,27360,0,26638,26651,0,25593,25601,0,22493,22499,0,24095,24098,0,23860,23861,0,24600,24603,0,26423,26426,0,24548,24553,0,,297750,297845,0,1
SHV-HQ,PMT CKT-13,15959,15966,0,16021,16018,0.000187254228824707,15232,15229,0.0001969537815126321,16697,16694,0.0001796729951488718,16818,16813,0.0002973005113569016,17072,17067,0.00029287722586690546,14555,14552,0.00020611473720366646,15136,15132,0.00026427061310785316,15859,15855,0.00025222271265523677,15363,15361,0.00013018290698429968,16821,16817,0.00023779799060696938,14926,14924,0.000133994372236379,,190459,190428,0.00016276468951326173,1
SHV-HQ,PMT CKT-14,1941,1945,0,2164,2168,0,1977,1980,0,2109,2114,0,2103,2108,0,2243,2248,0,2587,2592,0,2622,2627,0,2327,2332,0,1854,1858,0,1922,1926,0,2536,2541,0,,26385,26439,0,1
SHV-HQ,PMT CKT-15,8441,8451,0,8131,8139,0,8002,8012,0,9690,9701,0,8655,8667,0,8472,8482,0,7835,7845,0,8238,8251,0,7985,7994,0,8353,8364,0,8049,8059,0,7696,7706,0,,99547,99671,0,1
SHV-HQ,PMT CKT-16,7084,7079,0.0007058159232071759,6881,6880,0.00014532771399511368,6307,6304,0.00047566196289838825,6876,6872,0.0005817335660267542,6445,6444,0.00015515903801399666,6692,6690,0.0002988643156006665,6250,6249,0.000160000000000049,6269,6267,0.0003190301483489977,6489,6486,0.000462320850670328,6199,6196,0.0004839490240361455,6427,6427,0,5806,5801,0.0008611780916293332,,77725,77695,0.00038597619813440787,1
SHV-HQ,PMT CKT-17,4672,4675,0,4910,4913,0,5150,5153,0,6130,6132,0,6404,6407,0,6645,6648,0,5256,5259,0,5725,5728,0,5295,5298,0,5728,5732,0,7877,7880,0,7599,7603,0,,71391,71428,0,1
SHV-HQ,PMT CKT-18,89964,89933,0.0003445822773553431,95259,95241,0.00018895852360412135,96013,95989,0.0002499661504171691,97567,97539,0.0002869822788442722,106899,106888,0.00010290086904463092,100453,100423,0.00029864712850791175,84854,84842,0.00014141937916889447,89016,88986,0.000337018064168193,92502,92484,0.0001945903872349053,88838,88819,0.00021387244197301758,91217,91199,0.00019733163774293683,85922,85901,0.0002444077186285476,,1118504,1118244,0.00023245334840105158,1
SHV-HQ,PMT CKT-19,0,0,,0,0,,0,0,,0,0,,0,0,,0,0,,0,0,,0,0,,0,0,,0,0,,0,0,,0,0,,,0,0,,0
SHV-HQ,PMT CKT-20,6589,6612,0,7425,7450,0,7059,7080,0,6078,6096,0,8253,8277,0,6912,6932,0,6255,6273,0,7044,7066,0,6198,6216,0,4769,4784,0,6735,6756,0,7005,7026,0,,80322,80568,0,1
SHV-HQ,PMT CKT-21,29071,28946,0.004299817687730023,28945,28822,0.0042494385904301435,28933,28806,0.004389451491376595,32795,32651,0.004390913248970896,33251,33107,0.004330696821148283,31808,31670,0.004338531187122685,26002,25889,0.004345819552342145,24497,24392,0.0042862391313222,31446,31456,0,28710,28714,0,33674,33681,0,29725,29729,0,,358857,357863,0.0027699055612681045,1
SHV-HQ,PMT CKT-22,9816,9808,0.0008149959250203231,10394,10386,0.0007696748123917629,10775,10766,0.0008352668213457148,12098,12087,0.0009092411968920633,10802,10793,0.000833179040918397,9320,9312,0.0008583690987123971,8287,8281,0.0007240255822372754,9398,9389,0.0009576505639498079,8959,8951,0.0008929568032146618,9753,9745,0.0008202604326873475,10919,10909,0.0009158347834050673,11031,11022,0.0008158825129180869,,121552,121449,0.0008473739634066169,1
SHV-HQ,PMT CKT-23,1764,1768,0,1164,1167,0,1595,1597,0,1434,1437,0,1305,1308,0,1186,1189,0,1391,1393,0,1648,1651,0,1294,1297,0,1355,1358,0,1225,1226,0,1237,1240,0,,16598,16631,0,1
SHV-HQ,PMT CKT-24,32065,32080,0,26801,26816,0,7327,7332,0,31808,31824,0,35683,35701,0,31109,31125,0,23761,23770,0,24388,24400,0,4783,4786,0,13489,13498,0,0,0,,0,0,,,231214,231332,0,1
SHV-HQ,PMT CKT-25,17347,17355,0,28570,28580,0,29176,29182,0,23750,23758,0,28808,28816,0,27228,27240,0,31654,31656,0,36806,36810,0,32800,32802,0,43039,43044,0,48780,48789,0,40815,40822,0,,388773,388854,0,1
SHV-HQ,PMT CKT-26,15227,15233,0,18743,18748,0,14771,14778,0,18268,18275,0,21508,21516,0,24306,24315,0,23001,23006,0,24122,24131,0,24994,25002,0,20390,20404,0,20616,20616,0,14783,14793,0,,240729,240817,0,1
SHV-HQ,PMT CKT-27,3847,3856,0,4109,4117,0,4151,4160,0,4613,4624,0,4415,4427,0,4455,4468,0,3840,3848,0,4173,4179,0,4457,4465,0,4163,4169,0,4380,4389,0,4090,4097,0,,50693,50799,0,1
SHV-HQ,PMT CKT-28,4231,4247,0,4010,4028,0,4314,4329,0,5443,5465,0,4509,4528,0,3847,3873,0,3369,3449,0,3766,3744,0.005841741901221442,4014,4046,0,3652,3679,0,4015,4039,0,3910,3932,0,,49080,49359,0,1
SHV-HQ,PMT CKT-29,197360,197207,0.0007752330766113147,159464,159345,0.000746249937289889,239744,239546,0.0008258809396689548,259851,259645,0.0007927620059188234,296348,296105,0.0008199819131561314,275651,275447,0.0007400662431843452,237262,237086,0.0007417959892439541,194761,194617,0.000739367737894181,212879,212709,0.0007985757167217056,214208,214049,0.0007422691962951644,254127,253887,0.0009444096849212658,326859,326614,0.0007495586782068075,,2868514,2866257,0.0007868185408891337,1
SHV-HQ,PMT CKT-30,24535,24429,0.004320358671285884,12539,12483,0.004466065874471625,14466,14403,0.004355039402737404,17564,17486,0.004440901844682266,18714,18627,0.00464892593780053,23079,22985,0.004072966766324404,14405,14344,0.004234640749739671,12499,12445,0.004320345627650157,9494,9455,0.004107857594270015,13536,13479,0.00421099290780147,26063,25941,0.004680965353182631,30901,30755,0.00472476618879647,,217795,216832,0.004421589109024571,1
SHV-HQ,PMT CKT-31,42802,42598,0.004766132423718483,42906,42708,0.004614739197315032,42780,42583,0.004604955586722803,48442,48225,0.004479583832211698,45809,45604,0.004475103145670012,44533,44346,0.0041991332270451265,39337,39098,0.006075704807179005,40109,40031,0.0019447006906180286,41879,41713,0.003963800472790657,41595,41427,0.004038946988820791,45153,44941,0.004695147609239725,41356,41162,0.004690975916432971,,516701,514436,0.004383579671802473,1
SHV-HQ,PMT CKT-32,7551,7554,0,6856,6858,0,6390,6393,0,6981,6985,0,7999,8002,0,9031,9036,0,8596,8601,0,9869,9874,0,9508,9515,0,8080,8085,0,9767,9772,0,8284,8288,0,,98912,98963,0,1
SHV-HQ,PMT CKT-33,728,731,0,1483,1484,0,1825,1828,0,1859,1863,0,1684,1679,0.002969121140142472,1556,1559,0,1313,1312,0.0007616146230007281,1260,1259,0.0007936507936507908,1060,1173,0,1075,1077,0,1111,1114,0,1033,1034,0,,15987,16113,0,1
SHV-HQ,PMT CKT-34,17871,17900,0,18328,18345,0,17494,17557,0,21221,21271,0,19970,19929,0.0020530796194291323,18526,18546,0,16575,16575,0,17588,17591,0,16932,16934,0,17558,17564,0,19142,19157,0,17340,17351,0,,218545,218720,0,1
SHV-HQ,PMT CKT-35,0,0,,0,0,,0,0,,0,0,,0,0,,0,0,,0,0,,0,0,,0,0,,0,0,,0,0,,0,0,,,0,0,,0
SHV-HQ,PMT CKT-36,26639,26625,0.0005255452532001437,28405,28389,0.0005632811124801629,28429,28418,0.00038692884026869656,31364,31415,0,31000,31024,0,11776,28466,0,24794,24903,0,26613,26725,0,27011,27125,0,25413,25515,0,28460,28573,0,26491,26598,0,,316395,333776,0,1
SHV-HQ,PMT CKT-37,40132,40111,0.00052327319844514,39786,39764,0.0005529583270497129,38759,38739,0.0005160091849635284,42497,42475,0.0005176836011954178,41197,41275,0,40516,40392,0.0030605193010169174,36673,36653,0.0005453603468491552,38744,38723,0.000542019409456973,36610,36589,0.0005736137667303742,35871,35853,0.000501798109893814,38905,38883,0.0005654800154222261,36182,36164,0.0004974849372616497,,465872,465621,0.0005387745990315107,1
SHV-HQ,PMT CKT-38,94207,94130,0.0008173490292653351,101930,101847,0.0008142843127636468,85669,85592,0.0008988082036676115,83811,83729,0.0009783918578706308,94266,94174,0.0009759616404642069,99497,99404,0.0009347015487903843,92147,92060,0.00094414359664452,78292,78214,0.0009962703724518684,26081,26058,0.0008818680265326728,25863,25840,0.0008893013184858578,21769,21749,0.0009187376544628201,7921,7915,0.000757480116146958,,811453,810712,0.0009131767335878171,1
SHV-HQ,PMT CKT-39,8106,8108,0,7714,7715,0,9927,9929,0,10085,10087,0,9512,9514,0,7262,7262,0,6587,6589,0,6908,6909,0,6273,6273,0,5544,5545,0,6342,6343,0,7014,7016,0,,91274,91290,0,1
SHV-HQ,PMT CKT-40,52905,52937,0,52480,52510,0,49946,49975,0,55984,56026,0,56230,56249,0,55747,55780,0,50654,50682,0,51591,51621,0,52709,52739,0,49487,49516,0,54014,54045,0,55231,55260,0,,636978,637340,0,1
SHV-HQ,PMT CKT-41,26712,26698,0.0005241090146750338,27540,27510,0.0010893246187363426,27461,27426,0.0012745347947998864,30462,30420,0.00137876698837891,29693,29654,0.0013134408783215257,29228,29179,0.0016764746133843822,26718,26670,0.0017965416573096915,29454,29404,0.0016975623005364149,28055,28001,0.0019247905899126838,27241,27200,0.001505084248008548,29174,29140,0.0011654212655103358,26473,26445,0.0010576814112491784,,338211,337747,0.001371924626934029,1
SHV-HQ,PMT CKT-42,0,0,,0,0,,0,0,,0,0,,0,0,,0,0,,0,0,,0,0,,0,0,,0,0,,0,0,,0,0,,,0,0,,0
SHV-HQ,PMT CKT-43,570,572,0,524,525,0,567,568,0,588,590,0,604,605,0,568,570,0,544,545,0,554,555,0,519,521,0,488,490,0,585,585,0,624,626,0,,6735,6752,0,1
SHV-HQ,PMT CKT-44,40931,40935,0,42383,42387,0,42422,42425,0,47878,47883,0,45345,45353,0,43643,43647,0,40359,40364,0,42820,42826,0,41073,41079,0,41643,41650,0,44911,44917,0,42214,42222,0,,515622,515688,0,1
SHV-HQ,PMT CKT-45,0,0,,0,0,,0,0,,0,0,,0,0,,0,0,,0,0,,0,0,,0,0,,0,0,,0,0,,0,0,,,0,0,,1
SHV-HQ,PMT CKT-46,11406,11403,0.0002630194634403171,11479,11478,8.71156024043751e-05,11360,11358,0.00017605633802819654,12289,12286,0.00024412075840185565,12344,12340,0.0003240440699935343,12109,12105,0.0003303328103063663,10297,10293,0.00038846265902692245,11864,11861,0.0002528658125421357,12485,12483,0.00016019223067675892,10041,10039,0.00019918334827206952,10523,10521,0.00019005986885867188,9177,9175,0.0002179361447095518,,135374,135342,0.00023638217087473823,1
SHV-HQ,PMT CKT-47,29104,29126,0,29930,29951,0,30219,30182,0.0012243952480227582,33367,33451,0,33271,33298,0,31693,31716,0,28283,28306,0,30612,30638,0,30717,30682,0.00113943418953677,31320,31404,0,34371,34402,0,30582,30606,0,,373469,373762,0,1
SHV-HQ,PMT CKT-48,5529,5532,0,5715,5717,0,5723,5726,0,6302,6305,0,6365,6369,0,5635,5638,0,4771,4774,0,4925,4928,0,5138,5141,0,5029,5032,0,5449,5452,0,5122,5125,0,,65703,65739,0,1
SHV-HQ,PMT CKT-49,14689,14687,0.00013615630744090446,15075,15072,0.00019900497512437276,14698,14696,0.00013607293509321217,15525,15527,0,14082,14082,0,13846,13845,7.222302470022424e-05,12274,12273,8.147303242622694e-05,13447,13449,0,12869,12868,7.77061154713099e-05,12479,12478,8.01346261719571e-05,13928,13926,0.00014359563469268366,12813,12811,0.0001560914696011606,,165725,165714,6.637501885653485e-05,1
SHV-HQ,PMT CKT-50,44315,44339,0,42685,42807,0,42728,42650,0.001825500842538852,45493,45515,0,45221,45239,0,43717,43735,0,41047,41066,0,44183,44143,0.000905325577710836,41918,41999,0,45183,45205,0,63693,63727,0,64431,64466,0,,564614,564891,0,1
SHV-HQ,PMT CKT-51,33732,33739,0,34506,34514,0,34017,34026,0,39023,39034,0,38420,38439,0,34397,35684,0,30992,31927,0,32465,32467,0,30797,34439,0,32787,33011,0,35870,35887,0,34376,34398,0,,411382,417565,0,1
SHV-HQ,PMT CKT-52,3339,3343,0,3318,3321,0,3309,3312,0,4149,4153,0,4171,4175,0,3940,3943,0,3680,3682,0,3885,3888,0,4221,4225,0,4092,4095,0,4131,4136,0,2815,2817,0,,45050,45090,0,1
SHV-HQ,PMT CKT-53,378,380,0,397,398,0,386,388,0,295,297,0,228,157,0.3114035087719298,182,252,0,76,78,0,0,0,,0,0,,76,77,0,9,9,0,57,57,0,,2084,2093,0,1
SHV-HQ,PMT CKT-54,3089,3109,0,3305,3324,0,3459,3478,0,4240,4258,0,3476,3491,0,3133,3145,0,3338,3350,0,3108,3118,0,2886,2896,0,3395,3407,0,3453,3464,0,2887,2901,0,,39769,39941,0,1
SHV-HQ,PMT CKT-55,39162,39172,0,40199,40209,0,40498,40503,0,47363,47368,0,45082,45088,0,42905,42914,0,36818,36828,0,39409,39420,0,38453,38467,0,38504,38516,0,41551,41562,0,40352,40063,0.007161974623314804,,490296,490110,0.0003793626707132569,1
SHV-HQ,PMT CKT-56,703,711,0,401,410,0,365,375,0,422,432,0,1670,1677,0,2823,2829,0,5123,5126,0,10166,10172,0,8891,8895,0,7361,7365,0,5738,5741,0,3414,3415,0,,47077,47148,0,1
SHV-HQ,PMT CKT-57,5723,5723,0,5453,5453,0,4800,4800,0,2732,2731,0.00036603221083453263,2238,2238,0,677,677,0,775,775,0,615,615,0,435,435,0,411,411,0,753,753,0,3902,3902,0,,28514,28513,3.507049168827159e-05,1
SHV-HQ,PMT CKT-58,2568,2562,0.002336448598130869,2523,2516,0.002774474831549689,2533,2526,0.0027635215159889093,2858,2849,0.0031490552834150254,2944,2936,0.0027173913043477826,3024,3016,0.002645502645502673,2293,2288,0.002180549498473572,2223,2217,0.0026990553306343035,2102,2098,0.0019029495718363432,2549,2543,0.0023538642604943316,2833,2826,0.0024708789269325404,2557,2551,0.002346499804458335,,31007,30928,0.0025478117844357495,1
SHV-HQ,PMT CKT-59,0,0,,0,0,,621,621,0,257,257,0,430,430,0,210,210,0,55,55,0,32,32,0,20,19,0.050000000000000044,400,401,0,190,190,0,151,151,0,,2366,2366,0,1
SHV-HQ,PMT CT-01,10061,10078,0,9641,9656,0,8251,8270,0,8838,8856,0,7542,7558,0,7096,7111,0,6204,6214,0,5764,5782,0,5906,5919,0,5385,1988,0.6308263695450325,6267,9674,0,7533,7550,0,,88488,88656,0,1
SHV-HQ,PMT CT-02,11440,11486,0,9177,9215,0,7059,7091,0,11062,11113,0,9407,9449,0,8638,8676,0,6574,6602,0,5171,5190,0,4974,4991,0,4329,4344,0,6431,6454,0,8069,8097,0,,92331,92708,0,1
SHV-HQ,PMT CT-03,21835,21919,0,19196,19303,0,18520,18606,0,21519,21615,0,20521,20611,0,20592,20684,0,20180,20273,0,18877,18962,0,17863,17945,0,17864,17945,0,22543,22645,0,23182,23288,0,,242692,243796,0,1
SHV-HQ,PMT CT-04,30310,30257,0.001748597822500808,30393,30352,0.001348994834336814,30745,30699,0.0014961782403642987,33860,33805,0.0016243354991140047,32529,32476,0.0016293153801223426,34935,34878,0.0016316015457278343,32378,32325,0.0016369139539192945,34975,34919,0.0016011436740528406,30304,30252,0.0017159450897571427,28885,28836,0.0016963822052968869,32098,32045,0.00165119322076146,34399,34350,0.001424460013372486,,385811,385194,0.0015992286378563314,1
SHV-HQ,PMT CT-05,30020,29961,0.0019653564290472714,24563,24515,0.0019541586939706423,19574,19537,0.0018902625932358808,21520,21476,0.0020446096654275214,19121,19082,0.002039642278123477,14526,14494,0.002202946440864606,12993,12963,0.0023089355806973355,13695,13664,0.0022635998539612956,13007,12977,0.0023064503728761343,12730,12700,0.00235663786331497,13247,13215,0.0024156412772703417,16617,16584,0.001985918035746548,,211613,211168,0.002102895379773484,1
SHV-HQ,PMT CT-06,57191,57180,0.00019233795527273667,56937,57032,0,58703,58575,0.0021804677784781346,68775,68754,0.0003053435114503955,60717,60713,6.587940774416268e-05,56636,56597,0.0006886079525389999,49141,49133,0.000162796849880964,53800,53788,0.00022304832713759826,49448,49430,0.00036401876718972215,50012,49990,0.00043989442533787226,55758,55748,0.00017934646149431188,56349,56331,0.0003194377894905065,,673467,673271,0.00029103133486863,1
SHV-HQ,PMT CT-07,944,951,0,926,932,0,860,866,0,930,935,0,896,893,0.0033482142857143016,917,932,0,913,919,0,915,923,0,883,892,0,830,836,0,856,863,0,740,746,0,,10610,10688,0,1
SHV-HQ,PMT CT-08,28007,28032,0,28717,28741,0,24796,24817,0,26363,26389,0,24155,24172,0,24252,24278,0,22961,22983,0,18888,18907,0,17362,17379,0,15558,15574,0,20365,20385,0,24348,24370,0,,275772,276027,0,1
SHV-HQ,PMT CT-09,491,492,0,483,483,0,442,443,0,499,499,0,476,475,0.0021008403361344463,576,577,0,530,530,0,522,523,0,636,635,0.0015723270440252124,549,550,0,562,562,0,504,505,0,,6270,6274,0,1
SHV-HQ,PMT CT-10,3192,3196,0,2890,2893,0,2608,2612,0,2346,2348,0,1850,1853,0,1813,1815,0,2225,2227,0,2402,2406,0,2060,2062,0,1747,1750,0,2122,2124,0,1991,1994,0,,27246,27280,0,1
SHV-HQ,PMT CT-11,0,0,,0,0,,0,0,,0,0,,65,81,0,0,519,0,477,493,0,448,451,0,434,439,0,444,452,0,664,666,0,1129,1135,0,,3661,4236,0,1
SHV-HQ,PMT CT-12,34,34,0,0,0,,0,0,,0,0,,0,0,,0,0,,0,0,,0,0,,0,0,,0,0,,0,0,,0,0,,,34,34,0,1
SHV-HQ,PMT CT-13,0,0,,3581,3688,0,2783,2866,0,3212,3308,0,2766,2847,0,2534,2609,0,2250,2316,0,2638,2718,0,2471,2544,0,2612,2688,0,2750,2832,0,3622,3730,0,,31219,32146,0,1
SHV-HQ,PMT CT-14,0,0,,0,0,,1061,1059,0.0018850141376060003,1860,1867,0,2136,2138,0,2034,2034,0,1766,1767,0,1464,1465,0,1673,1674,0,1762,1763,0,2108,2109,0,2013,2013,0,,17877,17889,0,1
SHV-HQ,PMT CT-15,0,0,,0,0,,6,7,0,490,480,0.020408163265306145,705,687,0.025531914893617058,771,750,0.027237354085603127,743,727,0.021534320323014833,683,668,0.02196193265007318,820,804,0.019512195121951237,799,784,0.018773466833541974,949,926,0.02423603793466811,789,770,0.02408111533586821,,6755,6603,0.022501850481125074,1
SHV-HQ,PMT CT-16,0,0,,0,0,,217,215,0.009216589861751112,1018,995,0.02259332023575633,1038,1013,0.024084778420038533,1058,1034,0.022684310018903586,1020,996,0.02352941176470591,1088,1064,0.022058823529411797,1215,1186,0.023868312757201693,1240,1209,0.025000000000000022,1441,1406,0.024288688410825765,1314,1282,0.0243531202435312,,10649,10400,0.02338247722790876,1
SHV-HQ,PMT CT-17,0,0,,0,0,,38,41,0,376,373,0.007978723404255317,330,326,0.012121212121212088,371,368,0.008086253369272267,289,288,0.0034602076124568004,276,273,0.010869565217391353,354,349,0.01412429378531077,302,300,0.0066225165562914245,499,489,0.02004008016032066,442,435,0.015837104072398245,,3277,3242,0.01068050045773572,1
SHV-HQ,PMT CT-18,0,0,,0,0,,134,133,0.007462686567164201,418,407,0.02631578947368418,509,498,0.0216110019646365,669,653,0.02391629297458897,575,562,0.022608695652173938,542,530,0.022140221402214055,595,583,0.020168067226890796,665,652,0.019548872180451093,800,784,0.020000000000000018,749,732,0.022696929238985364,,5656,5534,0.02157001414427162,1
SHV-HQ,PMT CT-19,0,0,,0,0,,23,27,0,353,351,0.005665722379603388,266,311,0,0,222,0,271,233,0.14022140221402213,259,261,0,280,284,0,0,0,,321,677,0,583,573,0.01715265866209259,,2356,2939,0,1
SHV-HQ,PMT CT-20,0,0,,0,0,,0,0,,31628,35112,0,43840,43769,0.0016195255474452663,17838,17803,0.0019621033748178363,1555,1546,0.005787781350482302,1764,1754,0.005668934240362855,1764,1755,0.005102040816326481,1831,1830,0.0005461496450027692,2437,2419,0.007386130488305276,14687,14655,0.002178797576087743,,117344,120643,0,1
SHV-HQ,PMT CT-21,0,0,,0,0,,0,0,,0,0,,0,0,,3168,3167,0.00031565656565657463,2979,2978,0.00033568311513931803,3336,3335,0.0002997601918465209,3211,3212,0,2366,2366,0,4993,4993,0,6054,6054,0,,26107,26105,7.660780633544917e-05,1
SHV-HQ,PMT CTR-01,0,0,,0,0,,0,0,,0,0,,0,0,,0,0,,0,0,,0,0,,954,943,0.011530398322851187,2873,2876,0,4550,4551,0,5651,5652,0,,14028,14022,0.00042771599657831505,1
SHV-HQ,PMT HEH-01,0,0,,0,0,,0,0,,0,0,,0,0,,0,0,,0,0,,0,0,,0,0,,58060,57980,0.0013778849466069554,0,0,,0,0,,,58060,57980,0.0013778849466069554,1
SHV-HQ,PMT HEH-02,0,0,,0,0,,0,0,,0,0,,0,0,,0,0,,0,0,,0,0,,0,0,,0,0,,0,0,,0,0,,,0,0,,1
SHV-HQ,PMT HEH-03,674470,616990,0.0852224709772117,680420,623088,0.08425972193645104,691970,633075,0.08511207133257226,796630,727496,0.08678307369795257,747230,686167,0.08171914939175351,692460,635593,0.0821231551280941,551820,502477,0.08941865100938717,556170,502182,0.09707103943038997,545800,496230,0.09082081348479298,493460,443300,0.10164957646009809,606520,550552,0.09227725384158803,662300,557329,0.15849463989128798,,7699250,6974479,0.09413527291619317,1
SHV-HQ,PMT HEH-100,0,0,,0,0,,0,0,,0,0,,0,0,,153,154,0,200,200,0,1083,1083,0,638,638,0,654,656,0,752,752,0,680,680,0,,4160,4163,0,1
SHV-HQ,PMT HEH-101,0,0,,0,0,,0,0,,0,0,,0,0,,0,0,,0,0,,57887,57870,0.00029367560937687553,45964,45957,0.0001522930989470428,44431,44427,9.002723323803252e-05,49229,49214,0.00030469845010050456,47647,47630,0.0003567905639390023,,245158,245098,0.0002447401267753335,1
SHV-HQ,PMT HEH-19,8075,8083,0,9879,9894,0,9445,9467,0,9519,9531,0,8905,8916,0,9401,9420,0,8674,8697,0,8748,8766,0,8417,8440,0,8294,8311,0,9110,9124,0,9122,9142,0,,107589,107791,0,1
SHV-HQ,PMT HEH-20,392,384,0.020408163265306145,427,420,0.016393442622950838,390,383,0.017948717948717996,416,407,0.02163461538461542,403,396,0.017369727047146455,423,415,0.01891252955082745,410,403,0.017073170731707332,423,416,0.01654846335697402,427,419,0.0187353629976581,473,464,0.019027484143763207,496,487,0.01814516129032262,476,467,0.018907563025210128,,5156,5061,0.018425135764158274,1
SHV-HQ,PMT HEH-21,2802,2727,0.02676659528907921,3896,3794,0.026180698151950677,3807,3709,0.0257420541108484,3711,3613,0.026407976286715207,4392,4278,0.025956284153005438,4204,4096,0.025689819219790633,2971,2894,0.02591719959609562,2015,1960,0.027295285359801524,1989,1935,0.02714932126696834,2025,1969,0.0276543209876543,3598,3504,0.02612562534741525,3624,3530,0.02593818984547458,,39034,38009,0.026259158682174544,1
SHV-HQ,PMT HEH-22,5720,5708,0.00209790209790206,5840,5816,0.004109589041095929,6480,6448,0.004938271604938316,7180,7161,0.002646239554317531,6520,6483,0.005674846625766894,5980,5985,0,5020,4999,0.00418326693227089,5640,5640,0,5160,5144,0.0031007751937984773,4940,4916,0.004858299595141724,5320,5314,0.0011278195488721998,5660,5668,0,,69460,69282,0.002562625971782362,1
SHV-HQ,PMT HEH-23,13891,13568,0.023252465625224983,14180,13852,0.023131170662905487,13697,13380,0.023143754106738745,16200,15825,0.02314814814814814,15211,14854,0.02346985734008289,14311,13974,0.023548319474530066,12724,12424,0.02357749135491982,13340,13025,0.02361319340329837,11979,11695,0.023708155939560882,12972,12667,0.02351218008017264,13362,13052,0.023200119742553538,12336,12047,0.023427367055771753,,164203,160363,0.02338568722861334,1
SHV-HQ,PMT HEH-24,6620,6649,0,6440,6510,0,7080,7130,0,7060,7100,0,8020,7982,0.004738154613466383,6700,6823,0,5840,5928,0,5460,5536,0,5780,5813,0,6060,6131,0,6960,7014,0,7100,7169,0,,79120,79785,0,1
SHV-HQ,PMT HEH-25,1740,1931,0,1440,1594,0,1470,1673,0,2040,2202,0,1860,2077,0,1530,1747,0,1050,1255,0,1043,1182,0,1629,1635,0,1695,1703,0,2514,2523,0,2281,2289,0,,20292,21811,0,1
SHV-HQ,PMT HEH-27,11970,11912,0.004845446950710097,12240,12176,0.005228758169934622,11280,11239,0.003634751773049616,12300,12248,0.004227642276422805,12240,12174,0.005392156862745079,11040,11032,0.0007246376811593791,9690,9650,0.0041279669762641635,10320,10280,0.003875968992248069,8940,8928,0.0013422818791946067,9180,9174,0.0006535947712418277,11040,11014,0.002355072463768093,11490,11460,0.0026109660574412663,,131730,131287,0.003362939345631255,1
SHV-HQ,PMT HEH-28,1041,1048,0,1056,1063,0,1021,1028,0,1108,1116,0,1085,1093,0,1093,1102,0,1036,1047,0,1124,1139,0,1061,1074,0,1098,1112,0,1140,1155,0,931,942,0,,12794,12919,0,1
SHV-HQ,PMT HEH-29,3260,3252,0.0024539877300613355,3480,3446,0.009770114942528774,3440,3476,0,3780,3801,0,3840,3847,0,3340,3336,0.0011976047904191933,2960,2964,0,3080,3117,0,3000,3024,0,3080,3092,0,3260,3288,0,3320,3323,0,,39840,39966,0,1
SHV-HQ,PMT HEH-30,2600,2617,0,2860,2883,0,2440,2479,0,3000,3011,0,2620,2635,0,1900,1925,0,1500,1552,0,1680,1707,0,1760,1775,0,1840,1887,0,2060,2071,0,2440,2460,0,,26700,27002,0,1
SHV-HQ,PMT HEH-31,4350,4338,0.0027586206896551557,4560,4545,0.003289473684210509,4500,4457,0.00955555555555554,5070,5039,0.006114398422090717,5190,5140,0.009633911368015391,4320,4290,0.00694444444444442,3630,3584,0.012672176308539895,3930,3929,0.0002544529262086259,3600,3575,0.00694444444444442,4290,4286,0.0009324009324008786,4020,4018,0.0004975124378109319,4230,4187,0.010165484633569699,,51690,51388,0.005842522731669519,1
SHV-HQ,PMT HEH-32,17190,17302,0,18570,0,1,18720,37396,0,21600,21667,0,20790,20861,0,23880,23935,0,19560,19666,0,20130,20224,0,18780,18880,0,20250,20352,0,20460,20560,0,20340,20503,0,,240270,241346,0,1
SHV-HQ,PMT HEH-33,39460,39537,0,41103,41166,0,39869,39934,0,46176,46254,0,44581,44660,0,42164,42240,0,38393,38470,0,40750,40828,0,42012,42093,0,49715,49812,0,51362,51453,0,47112,47192,0,,522697,523639,0,1
SHV-HQ,PMT HEH-34,12420,12396,0.0019323671497584183,12240,12235,0.00040849673202614234,12330,12262,0.005515004055150041,14850,14822,0.0018855218855219347,14100,14046,0.003829787234042592,13470,13433,0.002746844840386009,11670,11674,0,12900,12853,0.003643410852713136,13050,13039,0.0008429118773946032,12240,12221,0.0015522875816993409,13560,13524,0.0026548672566372167,12390,12387,0.0002421307506053072,,155220,154892,0.0021131297513207192,1
SHV-HQ,PMT HEH-35,8340,8234,0.012709832134292554,9540,9482,0.00607966457023057,9720,9655,0.006687242798353865,9940,9869,0.0071428571428571175,10600,10506,0.008867924528301874,9820,9725,0.009674134419551894,8920,6294,0.2943946188340807,9820,12373,0,9040,8945,0.01050884955752207,8400,8308,0.010952380952380936,9180,9085,0.010348583877995643,8820,8698,0.013832199546485291,,112140,111174,0.008614232209737782,1
SHV-HQ,PMT HEH-36,8980,9018,0,9300,9313,0,8760,8778,0,9400,9428,0,8480,8519,0,8200,8223,0,7520,7549,0,8120,8114,0.000738916256157629,8020,8077,0,7980,8009,0,9000,9031,0,8620,8645,0,,102380,102704,0,1
SHV-HQ,PMT HEH-37,2980,3053,0,2500,2612,0,2380,2472,0,3260,3340,0,2740,2808,0,2180,2278,0,1980,2082,0,2080,2168,0,2340,2429,0,1120,2196,0,2127,2569,0,2481,2503,0,,28168,30510,0,1
SHV-HQ,PMT HEH-38,5512,5535,0,5686,5711,0,5426,5453,0,6084,6111,0,5689,5715,0,0,5610,0,5189,5569,0,5900,5940,0,5375,5410,0,4776,4805,0,5585,5619,0,4974,5005,0,,60196,66483,0,1
SHV-HQ,PMT HEH-39,10980,10910,0.006375227686703067,10680,10614,0.006179775280898858,9870,9873,0,11610,11499,0.009560723514211888,10410,10365,0.004322766570605152,9960,9875,0.008534136546184734,9900,9872,0.0028282828282828465,10500,10427,0.006952380952380932,9810,9744,0.006727828746177389,9570,9509,0.006374085684430542,10530,10469,0.005792972459639167,9150,9091,0.006448087431694005,,122970,122248,0.005871350735951908,1
SHV-HQ,PMT HEH-40,6600,6637,0,6330,6384,0,6450,6448,0.00031007751937983663,6990,6996,0,6420,6451,0,5970,5987,0,5760,5790,0,5820,5844,0,5370,5374,0,5070,5121,0,5340,5381,0,5580,5588,0,,71700,72001,0,1
SHV-HQ,PMT HEH-41,51690,51471,0.004236796285548516,52260,52007,0.004841178721775696,53640,53391,0.00464205816554808,59430,59044,0.006495036177014968,61500,61070,0.006991869918699156,57570,57246,0.005627931214174042,41340,41113,0.005491049830672501,7920,7936,0,8340,8365,0,7890,7944,0,9150,9212,0,9000,9045,0,,419730,417844,0.0044933647821218115,1
SHV-HQ,PMT HEH-42,38521,38600,0,41514,41600,0,42386,42560,0,47165,47360,0,48667,48760,0,43260,43280,0,37723,37720,7.952707897040945e-05,41612,41640,0,36202,36160,0.0011601568974090037,34849,34800,0.0014060661711957634,40870,40880,0,33419,33400,0.0005685388551422976,,486188,486760,0,1
SHV-HQ,PMT HEH-43,5300,5302,0,5820,5791,0.00498281786941579,6080,6028,0.008552631578947367,6340,6324,0.0025236593059937418,6540,6497,0.006574923547400635,6240,6227,0.002083333333333326,5780,5768,0.0020761245674740803,5980,5970,0.0016722408026755842,5960,5958,0.0003355704697987072,6120,6094,0.00424836601307188,6740,6746,0,7200,7195,0.000694444444444442,,74100,73900,0.0026990553306343035,1
SHV-HQ,PMT HEH-44,6200,6378,0,6420,6604,0,6220,6358,0,7280,7431,0,6420,6546,0,6240,6413,0,5740,5846,0,6060,6234,0,5620,5746,0,5620,5756,0,6520,6665,0,5600,5750,0,,73940,75727,0,1
SHV-HQ,PMT HEH-45,1140,1155,0,1160,1182,0,1060,1083,0,1380,1395,0,1260,1270,0,1140,1149,0,1080,1109,0,1180,1186,0,980,997,0,1000,1003,0,1260,1259,0.0007936507936507908,1340,1315,0.018656716417910446,,13980,14103,0,1
SHV-HQ,PMT HEH-46,4200,4266,0,4200,4259,0,4300,4314,0,4760,4807,0,5080,5137,0,4860,4870,0,3920,3951,0,3880,3932,0,3760,3824,0,3920,3954,0,4240,4293,0,4160,4199,0,,51280,51806,0,1
SHV-HQ,PMT HEH-47,7180,7157,0.003203342618384397,8120,8096,0.002955665024630516,7680,7612,0.008854166666666718,7160,7126,0.004748603351955261,5260,5238,0.0041825095057034245,6180,6175,0.0008090614886731018,5920,5889,0.005236486486486447,6520,6489,0.004754601226993893,6780,6766,0.0020648967551621933,7160,7120,0.005586592178770999,6500,6483,0.002615384615384575,6540,6519,0.0032110091743119407,,81000,80670,0.004074074074074119,1
SHV-HQ,PMT HEH-48,384,384,0,375,374,0.002666666666666706,316,317,0,496,496,0,663,662,0.0015082956259426794,581,579,0.0034423407917383297,414,415,0,99,99,0,97,98,0,111,110,0.009009009009009028,257,258,0,347,347,0,,4140,4139,0.00024154589371983004,1
SHV-HQ,PMT HEH-49,5640,5625,0.0026595744680850686,6280,6276,0.0006369426751592355,5780,5766,0.0024221453287197603,5820,5818,0.0003436426116838476,4980,4963,0.0034136546184738714,4840,4830,0.0020661157024793875,4280,4270,0.002336448598130869,4660,4663,0,5060,5039,0.004150197628458474,4660,4684,0,5220,5219,0.00019157088122601085,5480,5472,0.0014598540145985828,,62700,62625,0.0011961722488038617,1
SHV-HQ,PMT HEH-50,4620,4660,0,4820,4857,0,4520,4553,0,5240,5265,0,4680,4741,0,4220,4270,0,3680,3729,0,4060,4100,0,4280,4355,0,4000,4048,0,4100,4151,0,4100,4158,0,,52320,52887,0,1
SHV-HQ,PMT HEH-51,11860,11785,0.006323777403035358,13080,12947,0.01016819571865446,13000,12870,0.010000000000000009,13460,13296,0.012184249628528931,13440,13282,0.011755952380952395,13100,12910,0.01450381679389312,12920,12750,0.013157894736842146,15020,14787,0.015512649800266343,14960,14762,0.013235294117647012,14780,14579,0.013599458728010827,15720,15510,0.013358778625954248,14480,14290,0.013121546961325947,,165820,163768,0.012374864310698341,1
SHV-HQ,PMT HEH-52,3282,3308,0,3243,3266,0,3223,3245,0,4110,4141,0,4218,4249,0,3122,603,0.8068545803971813,2847,5382,0,3164,3184,0,3001,3020,0,3039,3058,0,3447,3469,0,3183,3204,0,,39879,40129,0,1
SHV-HQ,PMT HEH-53,5202,5073,0.024798154555940033,5835,5689,0.02502142245072836,5912,5765,0.024864682002706306,6717,6551,0.02471341372636593,6072,5922,0.024703557312252933,5369,5237,0.02458558390761778,4259,4155,0.024418877670814743,4218,4117,0.02394499762920821,4052,3956,0.02369200394866733,4228,4127,0.02388836329233679,0,4276,0,4232,4291,0,,56096,59159,0,1
SHV-HQ,PMT HEH-54,3963,3969,0,4378,4383,0,4313,4320,0,4796,4802,0,4107,4114,0,3841,3847,0,3281,3287,0,3582,3589,0,3511,3517,0,3205,3211,0,3230,3237,0,3280,3284,0,,45487,45560,0,1
SHV-HQ,PMT HEH-55,173,174,0,118,120,0,94,96,0,34,138,0,0,93,0,174,127,0.2701149425287356,135,136,0,164,163,0.0060975609756097615,138,138,0,141,140,0.007092198581560294,99,101,0,140,141,0,,1410,1567,0,1
SHV-HQ,PMT HEH-56,2195,2182,0.005922551252847352,2276,2263,0.005711775043936718,2082,2069,0.006243996157540788,2570,2555,0.005836575875486361,2420,2407,0.00537190082644623,2120,2105,0.007075471698113178,1916,1906,0.005219206680584509,2050,2033,0.008292682926829276,1904,1892,0.006302521008403339,1951,1939,0.006150691952844678,2069,2059,0.004833252779120389,1918,1909,0.004692387904066786,,25471,25319,0.005967570963056001,1
SHV-HQ,PMT HEH-57,1718,1669,0.028521536670547132,1579,1537,0.026599113362887894,1486,1449,0.024899057873485897,1885,1834,0.02705570291777193,1475,0,1,1627,3081,0,1535,1494,0.026710097719869652,1460,1424,0.024657534246575352,1410,1376,0.024113475177305,1494,1455,0.026104417670682722,1512,1475,0.02447089947089942,1582,1538,0.027812895069532217,,18763,18332,0.022970740286734515,1
SHV-HQ,PMT HEH-58,3936,3814,0.030995934959349603,4380,4241,0.031735159817351644,3817,3698,0.03117631647891017,4430,4292,0.031151241534988716,4102,3974,0.031204290589956107,3802,3685,0.03077327722251444,3461,3355,0.030626986420109747,3459,3356,0.029777392309916162,3187,3093,0.029494822717288982,3653,3540,0.030933479332055813,3823,3703,0.03138896154852211,3687,3570,0.03173311635475995,,45737,44321,0.03095961694033278,1
SHV-HQ,PMT HEH-59,2275,2278,0,2646,2648,0,2474,2475,0,2586,0,1,2415,5001,0,2060,2062,0,2206,2207,0,2365,2368,0,2064,2067,0,1803,1804,0,1700,1703,0,2141,2144,0,,26735,26757,0,1
SHV-HQ,PMT HEH-60,4639,4641,0,3015,3013,0.0006633499170812795,2668,2670,0,2386,2386,0,1735,1735,0,93,93,0,69,59,0.14492753623188404,0,0,,0,0,,0,0,,0,10,0,0,0,,,14605,14607,0,0
SHV-HQ,PMT HEH-61,18396,18387,0.0004892367906066397,19592,19583,0.00045937117190686383,18943,18939,0.00021115979517505323,22365,22356,0.0004024144869215762,22011,22003,0.0003634546363181501,21052,21043,0.0004275128253847793,19774,19768,0.00030342874481648074,20992,20983,0.00042873475609761513,21491,21483,0.0003722488483550723,24062,24054,0.0003324744410273528,24664,24657,0.00028381446642877783,22767,22762,0.00021961611103793466,,256109,256018,0.0003553174624866262,1
SHV-HQ,PMT HEH-62,4785,4766,0.003970741901776376,4998,4989,0.0018007202881152873,4980,4970,0.002008032128514081,5990,5979,0.0018363939899832538,4503,4495,0.0017765933821896063,3724,3716,0.002148227712137518,3166,3159,0.002210991787744754,3658,3651,0.001913613996719521,3374,3367,0.0020746887966804906,3573,3565,0.0022390148334732185,3910,3901,0.0023017902813299296,3653,3646,0.001916233232959197,,50314,50204,0.0021862702229995534,1
SHV-HQ,PMT HEH-63,2354,2344,0.004248088360237934,2288,2293,0,2370,2369,0.00042194092827008145,2885,2884,0.00034662045060662727,2488,2487,0.000401929260450129,2039,2039,0,1773,1772,0.0005640157924421407,2001,2000,0.0004997501249375258,1740,1739,0.0005747126436781436,1829,1829,0,2035,2034,0.0004914004914005066,1950,1949,0.0005128205128205332,,25752,25739,0.0005048151599875705,1
SHV-HQ,PMT HEH-64,7110,7102,0.0011251758087200692,7615,7604,0.0014445173998687277,7057,7047,0.0014170327334561694,10173,10158,0.0014744913005013682,9472,9458,0.0014780405405405705,6674,6661,0.0019478573569073898,5741,5731,0.0017418568193694473,6539,6528,0.001682214405872462,6290,6278,0.001907790143084287,6277,6267,0.001593117731400362,7128,7117,0.0015432098765432167,7189,7179,0.001391014049241912,,87265,87130,0.0015470119750186084,1
SHV-HQ,PMT HEH-65,870,874,0,714,716,0,598,601,0,714,716,0,658,660,0,581,583,0,425,427,0,471,473,0,943,0,1,2321,3265,0,1377,1378,0,2023,2027,0,,11695,11720,0,1
SHV-HQ,PMT HEH-66,2856,2860,0,2742,2745,0,2782,2519,0.09453630481667863,3122,3393,0,3069,3073,0,2686,2689,0,2575,2580,0,3303,3306,0,3074,3078,0,2834,2822,0.004234297812279464,3398,1202,0.646262507357269,3071,0,1,,35512,30267,0.1476965532777652,1
SHV-HQ,PMT HEH-67,2032,2033,0,2302,2304,0,2483,2484,0,2695,2541,0.05714285714285716,0,2552,0,3016,2428,0.19496021220159154,2233,2237,0,2409,2411,0,2432,2435,0,2448,2450,0,2420,2422,0,2214,2217,0,,26684,28514,0,1
SHV-HQ,PMT HEH-68,3411,3417,0,3384,3389,0,3434,3439,0,3853,3859,0,3460,3464,0,3281,3287,0,3059,3067,0,3383,3390,0,3358,0,1,3365,6725,0,3734,3739,0,3907,3914,0,,41629,41690,0,1
SHV-HQ,PMT HEH-69,10386,10389,0,10494,10498,0,11008,11013,0,11958,11962,0,11544,11549,0,11118,11122,0,10463,10467,0,10901,10904,0,11039,11045,0,10908,10913,0,11894,11899,0,11415,11419,0,,133128,133180,0,1
SHV-HQ,PMT HEH-70,31505,31504,3.1740993493123426e-05,30250,30248,6.61157024793857e-05,30543,30541,6.548145237861291e-05,31470,31469,3.1776294884044987e-05,31605,31611,0,30884,30584,0.009713767646677862,27254,0,1,27855,496,0.9821935020642614,27293,81906,0,26320,26320,0,29677,29677,0,26439,26446,0,,351095,350802,0.0008345319642831805,1
SHV-HQ,PMT HEH-71,65352,65338,0.0002142245072835891,65378,65357,0.00032120896937803955,63690,63663,0.00042392840320304437,79678,79649,0.00036396495895985037,82524,82480,0.0005331782269399898,68208,68175,0.00048381421534127167,60488,60458,0.0004959661420447237,69685,69650,0.0005022601707684871,67376,0,1,63882,131252,0,71901,71896,6.954006202974927e-05,64910,64907,4.621784008629337e-05,,823072,822825,0.0003000952529061962,1
SHV-HQ,PMT HEH-72,1227,1229,0,1148,1149,0,1028,1030,0,1315,1316,0,1090,1092,0,1468,1469,0,1402,1404,0,1303,1305,0,1202,1203,0,1043,1045,0,1079,1080,0,1341,1344,0,,14646,14666,0,1
SHV-HQ,PMT HEH-73,2762,2771,0,3097,3108,0,2896,2905,0,2920,2930,0,2594,2582,0.004626060138781751,2383,2411,0,2174,2182,0,2213,2220,0,2002,2009,0,2123,2131,0,2361,2368,0,2576,2586,0,,30101,30203,0,1
SHV-HQ,PMT HEH-74,911,915,0,991,995,0,1039,1041,0,1257,1260,0,0,1175,0,1315,1013,0.22965779467680614,924,924,0,946,945,0.0010570824524313016,920,922,0,913,913,0,926,927,0,949,950,0,,11091,11980,0,1
SHV-HQ,PMT HEH-75,530,532,0,551,552,0,615,615,0,743,748,0,668,666,0.0029940119760478723,562,588,0,0,470,0,209,475,0,487,491,0,524,529,0,571,574,0,600,602,0,,6060,6842,0,1
SHV-HQ,PMT HEH-76,143160,143109,0.0003562447611064057,151780,151720,0.0003953089998682824,152131,152062,0.0004535564743542997,175212,175131,0.0004622971029381029,180801,184194,0,178790,175229,0.019917221321102963,152513,152442,0.00046553408561889054,173127,173040,0.0005025212705124238,167134,167064,0.0004188256129812329,167224,167150,0.00044252021240964723,187209,187124,0.0004540380003098532,176980,176895,0.0004802802576562293,,2006061,2005160,0.0004491388846101785,1
SHV-HQ,PMT HEH-77,10993,11037,0,10921,10963,0,10522,10565,0,13100,13160,0,12366,12420,0,11989,12035,0,11109,11147,0,11757,11800,0,10962,11000,0,10704,10743,0,10620,10662,0,9501,9537,0,,134544,135069,0,1
SHV-HQ,PMT HEH-78,20,17,0.15000000000000002,16,15,0.0625,20,18,0.09999999999999998,29,26,0.10344827586206895,36,34,0.05555555555555558,36,34,0.05555555555555558,33,30,0.09090909090909094,68,66,0.02941176470588236,38,35,0.07894736842105265,28,25,0.1071428571428571,23,21,0.08695652173913049,17,15,0.11764705882352944,,364,336,0.07692307692307687,1
SHV-HQ,PMT HEH-79,82648,84141,0,86360,87882,0,84827,86299,0,93718,95308,0,91232,92764,0,81859,83340,0,74110,75483,0,78699,80130,0,69745,71082,0,59671,60868,0,65047,66340,0,62833,64088,0,,930749,947725,0,1
SHV-HQ,PMT HEH-80,4670,4672,0,4614,4615,0,4706,4708,0,4906,4908,0,4842,4843,0,4701,4704,0,4623,4625,0,4831,4832,0,4956,4959,0,4939,4941,0,5130,5132,0,4867,4870,0,,57785,57809,0,1
SHV-HQ,PMT HEH-81,749,750,0,524,525,0,556,557,0,503,505,0,445,446,0,313,314,0,309,312,0,301,301,0,317,320,0,335,336,0,367,369,0,324,326,0,,5043,5061,0,1
SHV-HQ,PMT HEH-82,861,862,0,1113,1112,0.0008984725965858198,895,895,0,1094,1093,0.000914076782449702,1039,1039,0,949,949,0,945,945,0,590,589,0.0016949152542372614,821,820,0.0012180267965895553,772,772,0,845,844,0.0011834319526626835,973,973,0,,10897,10893,0.00036707350646969505,1
SHV-HQ,PMT HEH-83,779,780,0,831,833,0,806,809,0,948,950,0,884,885,0,785,788,0,785,788,0,1139,1139,0,981,984,0,1081,1083,0,999,1002,0,984,985,0,,11002,11026,0,1
SHV-HQ,PMT HEH-84,1289,1294,0,1086,1092,0,1195,1200,0,1220,1227,0,1490,1494,0,1473,1477,0,1348,1353,0,1602,1606,0,1353,1358,0,1230,1236,0,1349,1354,0,1220,1226,0,,15855,15917,0,1
SHV-HQ,PMT HEH-85,1306,1312,0,1473,1480,0,1674,1681,0,2556,2565,0,1921,1927,0,1268,1275,0,1019,1025,0,970,974,0,902,906,0,992,996,0,1231,1235,0,1207,1212,0,,16519,16588,0,1
SHV-HQ,PMT HEH-86,850,850,0,859,860,0,723,724,0,778,779,0,770,771,0,843,844,0,751,752,0,778,778,0,724,725,0,775,777,0,784,785,0,808,809,0,,9443,9454,0,1
SHV-HQ,PMT HEH-87,1627,1629,0,1741,1742,0,1673,1675,0,1854,1855,0,1914,1915,0,1888,1890,0,1757,1759,0,1801,1803,0,1665,1666,0,1875,1876,0,1708,1710,0,1709,1711,0,,21212,21231,0,1
SHV-HQ,PMT HEH-88,1075,1067,0.007441860465116301,1029,1021,0.007774538386783325,1093,1085,0.007319304666056681,1292,1282,0.007739938080495334,1349,1336,0.00963676797627877,1316,1305,0.008358662613981771,1163,1153,0.008598452278589908,1238,1229,0.007269789983844865,1172,1162,0.008532423208191142,1195,1186,0.007531380753138084,1318,1307,0.00834597875569043,1269,1260,0.007092198581560294,,14509,14393,0.007995037562891993,1
SHV-HQ,PMT HEH-89,1525,1551,0,1813,1832,0,1823,1843,0,1786,1803,0,1485,1501,0,1238,1255,0,1264,1282,0,1132,1152,0,1046,1059,0,1432,1451,0,1594,1618,0,1241,1262,0,,17379,17609,0,1
SHV-HQ,PMT HEH-90,1096,1097,0,619,619,0,1055,1056,0,952,951,0.0010504201680672232,700,701,0,798,798,0,790,790,0,0,0,,47,46,0.021276595744680882,606,606,0,596,597,0,635,636,0,,7894,7897,0,1
SHV-HQ,PMT HEH-91,180,182,0,254,256,0,235,237,0,352,355,0,319,320,0,307,229,0.254071661237785,227,309,0,242,244,0,214,217,0,279,280,0,320,326,0,320,322,0,,3249,3277,0,1
SHV-HQ,PMT HEH-92,214,214,0,212,214,0,276,275,0.0036231884057971175,286,288,0,281,282,0,245,245,0,196,197,0,172,172,0,170,171,0,167,168,0,152,152,0,165,165,0,,2536,2543,0,1
SHV-HQ,PMT HEH-93,933,932,0.001071811361200381,1034,1033,0.0009671179883945502,975,974,0.0010256410256410664,1060,1058,0.0018867924528301883,896,894,0.0022321428571429047,813,811,0.002460024600245969,736,734,0.0027173913043477826,842,840,0.002375296912114022,819,817,0.0024420024420024333,814,813,0.0012285012285012664,869,867,0.0023014959723820505,888,886,0.0022522522522522292,,10679,10659,0.0018728345350688125,1
SHV-HQ,PMT HEH-94,9313,9312,0.00010737678513905724,9370,9369,0.00010672358591246045,9243,9245,0,11542,11545,0,10524,10523,9.502090459900803e-05,9560,9559,0.00010460251046029434,8548,8544,0.00046794571829666953,9069,9065,0.00044106296173773707,8824,8822,0.0002266545784225249,8259,8261,0,10201,10193,0.0007842368395255539,9389,9387,0.00021301523058903093,,113842,113825,0.00014932977284309867,1
SHV-HQ,PMT HEH-95,3210,3218,0,3982,3979,0.0007533902561527306,2495,2497,0,2787,2784,0.0010764262648008671,1908,1905,0.0015723270440252124,3032,3025,0.002308707124010545,2173,2170,0.0013805798435342354,1829,1828,0.0005467468562055933,2210,2211,0,1711,1708,0.001753360607831711,2202,2203,0,1784,1786,0,,29323,29314,0.0003069263035841985,1
SHV-HQ,PMT HEH-96,11428,11426,0.00017500875043752195,12115,12117,0,11542,11542,0,13753,13753,0,13103,13104,0,12546,12546,0,10882,10883,0,12003,12005,0,11273,11275,0,11599,11601,0,12332,12337,0,10824,10828,0,,143400,143417,0,1
SHV-HQ,PMT HEH-97,116,116,0,135,136,0,147,147,0,150,151,0,132,132,0,107,108,0,108,108,0,145,145,0,165,166,0,209,209,0,236,237,0,232,232,0,,1882,1887,0,1
SHV-HQ,PMT HEH-98,0,0,,0,0,,0,0,,1150,1128,0.019130434782608674,461,447,0.030368763557483747,488,480,0.016393442622950838,356,348,0.022471910112359605,493,489,0.008113590263691739,248,239,0.03629032258064513,326,321,0.015337423312883458,498,487,0.02208835341365467,336,327,0.0267857142857143,,4356,4266,0.02066115702479343,1
SHV-HQ,PMT HEH-99,0,0,,0,0,,0,0,,0,0,,712,711,0.001404494382022503,653,651,0.003062787136294043,457,457,0,525,524,0.0019047619047618536,538,537,0.0018587360594795044,514,514,0,558,556,0.0035842293906810374,601,601,0,,4558,4551,0.0015357612988152747,1
SHV-HQ,PMT HH-01,48767,48722,0.0009227551417967383,50929,50878,0.00100139409766542,51521,51462,0.0011451641078394914,57275,57198,0.0013443910955914795,53010,52938,0.0013582342954159277,50748,50687,0.0012020178135099258,45344,45293,0.0011247353563866858,49602,49545,0.0011491472118059232,47842,47797,0.0009405961289243869,48654,48606,0.0009865581452707106,47485,47436,0.0010319048120459584,15920,15906,0.0008793969849246741,,567097,566468,0.0011091576925993385,1
SHV-HQ,PMT HH-02,57895,57874,0.00036272562397443586,60383,60360,0.00038090190947781544,58751,58733,0.0003063777637827281,65631,65613,0.0002742606390272462,67023,67013,0.00014920251257033446,64803,64799,6.172553739791642e-05,58511,58510,1.709080343870184e-05,62976,62973,4.7637195121907894e-05,60369,60362,0.00011595355231985849,61952,61943,0.0001452737603305776,49047,49035,0.00024466328215788646,8940,8936,0.0004474272930649059,,676281,676151,0.000192227786970256,1
SHV-HQ,PMT HH-03,11826,11847,0,12363,12383,0,11806,11825,0,13711,13728,0,13240,13256,0,14685,14706,0,10543,10560,0,11463,11479,0,11395,11412,0,11462,11479,0,8450,8464,0,2067,2055,0.005805515239477477,,133011,133194,0,0
SHV-HQ,PMT HH-04,33990,34200,0,35340,35580,0,36480,36780,0,38910,39150,0,35340,35610,0,32070,32160,0,28590,28770,0,32220,32370,0,30030,30150,0,31680,31890,0,34950,35220,0,18390,18480,0,,387990,390360,0,0
SHV-HQ,PMT HH-05,56347,56307,0.0007098869505031136,57725,57657,0.0011779991338242146,56640,56578,0.0010946327683616364,60263,60207,0.0009292600766639403,59623,59586,0.0006205658890026111,13967,56587,0,36983,51862,0,57026,56948,0.0013677971451618864,56236,12890,0.7707873959741092,58620,0,1,61479,163303,0,59188,59105,0.0014023112793133397,,634097,691030,0,1
SHV-HQ,PMT HH-06,21744,21758,0,22874,22906,0,22509,22523,0,29163,29189,0,26982,26978,0.00014824697946780319,22845,22860,0,20998,21012,0,22734,22754,0,21540,21584,0,23181,23224,0,23964,24009,0,14544,14566,0,,273078,273363,0,0
SHV-HQ,PMT HH-07,10091,10080,0.0010900802695471556,10327,10323,0.0003873341725573187,10095,10089,0.0005943536404160454,11600,11602,0,10581,10593,0,10569,10571,0,9324,9310,0.0015015015015015232,10081,10075,0.0005951790496974141,10242,10240,0.00019527436047650504,10339,10342,0,8426,8429,0,1923,1920,0.0015600624024960652,,113598,113574,0.0002112713251993803,0
SHV-HQ,PMT HH-08,337264,17489,0.9481444802884387,17529,17555,0,17287,17312,0,19836,19866,0,19038,19056,0,16499,16506,0,15476,15481,0,16648,16652,0,15374,15380,0,16255,16260,0,16990,16993,0,17852,17858,0,,526048,206408,0.6076251596812459,1
SHV-HQ,PMT HH-09,3557,3627,0,4329,4428,0,3873,3962,0,3967,4049,0,4342,4417,0,4629,4680,0,4406,4460,0,4884,4937,0,4774,4831,0,4031,4097,0,3897,3960,0,4157,4232,0,,50846,51680,0,1
SHV-HQ,PMT HH-10,3991,3992,0,4268,4269,0,3761,3763,0,4888,4889,0,3940,3942,0,2505,2504,0.0003992015968063978,2346,2347,0,2748,2749,0,2741,2741,0,3444,3446,0,2300,2300,0,0,1,0,,36932,36943,0,0
SHV-HQ,PMT HH-11,8125,8126,0,8284,8285,0,8133,8135,0,9302,9303,0,9444,9445,0,6488,6489,0,8283,8285,0,9098,9100,0,8694,8694,0,9291,9293,0,5128,5129,0,0,0,,,90270,90284,0,0
SHV-HQ,PMT HH-12,4590,4591,0,5310,5312,0,5931,5932,0,7075,7077,0,7445,7447,0,6898,6901,0,7089,7091,0,7797,7800,0,7735,7738,0,7400,7402,0,8773,8776,0,4696,4697,0,,80739,80764,0,0
SHV-HQ,PMT HH-13,24991,25032,0,24789,24830,0,24130,24171,0,28054,28109,0,26374,26423,0,24665,24715,0,21656,21699,0,23421,23467,0,22872,22910,0,22009,22046,0,16931,16956,0,3891,3895,0,,263783,264253,0,0
SHV-HQ,PMT HH-14,14574,14597,0,15479,15501,0,15306,15331,0,17658,17685,0,16159,16185,0,15849,15876,0,13595,13617,0,14995,15019,0,15282,15310,0,16177,16202,0,17434,17465,0,7231,7242,0,,179739,180030,0,0
SHV-HQ,PMT HH-15,30980,30997,0,32135,32158,0,30844,30864,0,38805,38837,0,38185,38216,0,34897,34917,0,32063,32081,0,34998,35019,0,33072,33092,0,34204,34227,0,36639,36663,0,18675,18687,0,,395497,395758,0,0
SHV-HQ,PMT HH-16,52789,52786,5.68300214059958e-05,55169,55163,0.00010875672932264546,53089,53083,0.00011301776262506724,60073,60064,0.00014981772177180552,57191,57182,0.00015736741795036036,55202,55193,0.00016303757110247563,49491,49483,0.00016164555171649386,53633,53624,0.00016780713366770783,51767,51758,0.00017385593138485866,52165,52158,0.00013418959072175607,28657,28654,0.00010468646404016013,0,0,,,569226,569148,0.00013702817510097276,0
SHV-HQ,PMT HH-17,0,0,,0,0,,0,0,,0,0,,0,0,,0,0,,0,0,,0,0,,0,0,,0,0,,70420,70300,0.0017040613462084853,248610,248150,0.001850287599050704,,319030,318450,0.0018180108453750288,1
SHV-HQ,PMT KCR-01,79968,79933,0.00043767507002800965,103992,103945,0.0004519578429109661,126406,126350,0.00044301694539816694,153742,153670,0.00046831705064331874,179476,179393,0.00046245737591654734,186053,185977,0.00040848575405927345,121779,121728,0.00041879141723943913,95847,95803,0.00045906496812631037,87659,87621,0.0004334979865159294,69349,69316,0.0004758540137564937,97110,97063,0.00048398723097520246,129850,129791,0.0004543704274162508,,1431231,1430590,0.0004478662074814954,1
SHV-HQ,PMT KCR-02,500833,500442,0.000780699354874792,770605,770270,0.0004347233667053585,671559,671627,0,561715,561538,0.0003151064151749594,614770,614684,0.0001398897148526812,515003,514964,7.572771420749635e-05,463172,463052,0.000259083018835371,476615,476508,0.00022449985837624808,363264,363225,0.00010735993657506882,483565,483561,8.27189726304578e-06,701641,701586,7.838766548706744e-05,567756,567557,0.0003505026807290035,,6690498,6689014,0.00022180710613772803,1
SHV-HQ,PMT KCR-03,10542,10555,0,10429,10442,0,10705,10720,0,11791,11807,0,11309,11326,0,11065,11080,0,8661,8673,0,9401,9413,0,8948,8960,0,9115,9126,0,9910,9924,0,8853,8864,0,,120729,120890,0,1
SHV-HQ,PMT KCR-04,6999,7013,0,7102,7116,0,6912,6926,0,7909,7919,0,7457,7470,0,6722,6738,0,5909,5926,0,6288,6307,0,6212,6238,0,6179,6191,0,6220,6240,0,5962,5979,0,,79871,80063,0,1
SHV-HQ,PMT KCR-05,10931,10948,0,11049,11059,0,12812,12827,0,11159,0,1,6131,17296,0,1245,1251,0,550,829,0,702,976,0,1094,1097,0,1347,1349,0,2590,2586,0.001544401544401497,6299,6316,0,,65909,66534,0,1
SHV-HQ,PMT KCR-06,1475,1476,0,1673,1676,0,1773,1776,0,1906,1908,0,1900,1900,0,1924,1921,0.0015592515592515177,1799,1796,0.0016675931072818173,2009,2016,0,2066,2073,0,1857,1864,0,2107,2113,0,2091,2098,0,,22580,22617,0,1
SHV-HQ,PMT KCR-07,2110,2120,0,2345,2356,0,2331,2342,0,2602,2614,0,2544,2557,0,2455,2469,0,2323,2337,0,2633,2650,0,2461,2477,0,2213,2224,0,2331,2340,0,2259,2271,0,,28607,28757,0,1
SHV-HQ,PMT KCR-08,3312,3364,0,3866,3933,0,6005,6095,0,5851,7897,0,4995,6635,0,6016,6167,0,4696,4805,0,3820,3901,0,3237,3297,0,2981,3042,0,3325,3394,0,3306,3373,0,,51410,55903,0,1
SHV-HQ,PMT KCR-09,1171,1205,0,1247,1285,0,1246,1283,0,1360,1403,0,1389,1435,0,1169,1205,0,1004,1033,0,1143,1178,0,992,1022,0,971,997,0,1051,1080,0,1058,1085,0,,13801,14211,0,1
SHV-HQ,PMT KCR-10,1393,1390,0.002153625269203152,1603,1597,0.0037429819089207506,1296,1291,0.0038580246913579863,1699,1694,0.002942907592701549,1427,1420,0.004905395935529078,1409,1405,0.002838892831795614,1413,1410,0.002123142250530785,1524,1527,0,1432,1431,0.0006983240223463749,1484,1480,0.0026954177897574594,1637,1633,0.0024434941967013124,1469,1465,0.002722940776038074,,17786,17743,0.0024176318452715506,1
SHV-HQ,PMT KCR-11,1760,1762,0,1727,1728,0,1960,1960,0,1818,1819,0,1819,1819,0,1641,1643,0,1293,1292,0.0007733952049496784,1399,1401,0,1197,1198,0,1161,1161,0,2334,2333,0.00042844901456728923,1406,1406,0,,19515,19522,0,1
SHV-HQ,PMT KCR-12,14904,14902,0.00013419216317767102,14413,14413,0,349292,349200,0.0002633899430848352,607934,607888,7.566610849207844e-05,832143,832186,0,842331,843166,0,798237,797465,0.0009671313156368599,704498,704380,0.00016749515257674652,334089,334293,0,235547,235733,0,297108,297193,0,526022,525975,8.934987510023085e-05,,5556518,5556794,0,1
SHV-HQ,PMT KCR-13,1138,1145,0,1183,1189,0,1334,1339,0,1080,1082,0,1869,1873,0,990,994,0,776,781,0,1301,1309,0,1128,1133,0,1110,1116,0,1199,1203,0,1252,1259,0,,14360,14423,0,1
SHV-HQ,PMT KCR-14,277,716,0,337,791,0,303,717,0,429,855,0,299,707,0,316,751,0,1127,1554,0,2155,2604,0,2012,2578,0,2001,2348,0,2086,2543,0,1785,2219,0,,13127,18383,0,1
SHV-HQ,PMT KCR-18,0,0,,0,0,,0,0,,0,0,,0,0,,0,0,,0,0,,0,0,,0,0,,2,2,0,8,8,0,83,83,0,,93,93,0,1
SHV-HQ,PMT KKSEZ-01,74590,74390,0.002681324574339672,81820,81630,0.0023221706184306523,54590,54480,0.0020150210661292745,56470,56310,0.0028333628475296635,39870,39680,0.004765487835465265,38630,38440,0.004918457157649492,32390,32240,0.004631058968817547,45210,45020,0.004202610042026156,39510,39310,0.0050620096178182195,35040,34870,0.004851598173515992,65860,65650,0.0031885818402672683,118010,117740,0.002287941699855911,,681990,679760,0.003269842666314804,1
SHV-HQ,PMT KSP-01,14531,14537,0,15159,15167,0,14375,14385,0,15873,15883,0,15757,15767,0,14634,14640,0,12353,12361,0,13630,13638,0,11395,11400,0,11303,11309,0,13440,13443,0,12284,12287,0,,164734,164817,0,1
SHV-HQ,PMT KSP-02,17463,17268,0.01116646624291362,16792,16627,0.009826107670319217,16746,16575,0.01021139376567537,19190,19043,0.0076602397081813045,18013,17908,0.005829123410869941,18119,18016,0.0056846404326950095,14670,14573,0.00661213360599866,15174,15080,0.0061948069065507205,15022,14932,0.005991212887764608,14728,14648,0.00543183052688756,15521,15432,0.005734166612975988,14448,14321,0.008790143964562569,,195886,194423,0.007468629713200503,1
SHV-HQ,PMT KSP-03,11568,11574,0,12047,12052,0,10510,10515,0,12480,12483,0,10940,10945,0,7865,7867,0,6370,6371,0,6837,6839,0,6657,6657,0,6821,6822,0,7275,7278,0,6944,6945,0,,106314,106348,0,1
SHV-HQ,PMT KSP-04,15127,15134,0,15542,15549,0,15201,15207,0,16983,16989,0,15628,15635,0,15520,15527,0,13910,13917,0,15357,15367,0,15260,15267,0,10477,10486,0,4145,4149,0,3993,3999,0,,157143,157226,0,1
SHV-HQ,PMT KSP-05,14935,14942,0,15488,15499,0,15011,15020,0,17905,17918,0,16346,16339,0.00042823932460545056,15251,15244,0.00045898629598062346,13379,13374,0.0003737200089692916,14695,14686,0.0006124532153793938,14180,14172,0.0005641748942172287,14500,14491,0.0006206896551723684,15037,15024,0.0008645341490989278,14048,14040,0.0005694760820045275,,180775,180749,0.0001438251970681259,1
SHV-HQ,PMT KSP-06,12259,12271,0,12513,12525,0,11763,11774,0,13519,13531,0,12271,12288,0,12715,12730,0,11480,11493,0,12331,12348,0,12373,12389,0,12230,12247,0,12620,12637,0,11791,11811,0,,147865,148044,0,1
SHV-HQ,PMT KSP-07,18714,18727,0,19546,19560,0,19651,19663,0,23504,23515,0,21177,21183,0,19507,19512,0,16488,16462,0.0015769044153323142,18376,18409,0,17554,17558,0,17833,17838,0,19972,19975,0,19353,19362,0,,231675,231764,0,1
SHV-HQ,PMT KSP-08,17248,17228,0.001159554730983281,17607,17587,0.0011359118532401347,16977,16957,0.0011780644401249152,20051,20026,0.0012468206074509602,18169,18148,0.0011558148494689169,17937,17913,0.001338016390700747,15613,15596,0.00108883622622169,17032,17009,0.0013503992484734662,16821,16798,0.0013673384459901294,16771,16751,0.0011925347325740798,17476,17454,0.0012588693064774503,16434,16418,0.0009735913350371606,,208136,207885,0.0012059422685167798,1
SHV-HQ,PMT KSP-09,21853,21857,0,22024,22030,0,21580,21588,0,23368,23374,0,19776,19783,0,18020,18027,0,17007,17008,0,18112,18112,0,17551,17553,0,17331,17333,0,18576,18575,5.383290267013674e-05,18015,18018,0,,233213,233258,0,1
SHV-HQ,PMT KSP-10,12866,12884,0,12836,12851,0,12932,12946,0,14714,14733,0,14145,14182,0,14236,14275,0,12416,12450,0,13085,13122,0,13284,12237,0.07881662149954838,12247,13365,0,13721,13761,0,12996,13034,0,,159478,159840,0,1
SHV-HQ,PMT KSP-11,4710,4719,0,4974,4982,0,4936,4947,0,5488,5501,0,5087,5096,0,5040,5051,0,4551,4561,0,4984,4994,0,4526,4537,0,4298,4307,0,4696,4707,0,4322,4331,0,,57612,57733,0,1
SHV-HQ,PMT KSP-12,19376,19401,0,19765,19791,0,20251,20282,0,22128,22158,0,18353,18379,0,13330,13340,0,11256,11265,0,12258,12266,0,11273,11283,0,11226,11234,0,12933,12944,0,12154,12165,0,,184303,184508,0,1
SHV-HQ,PMT KSP-13,12567,12540,0.0021484841250895004,13011,12997,0.0010760126047191232,12556,12548,0.0006371455877668408,15337,15341,0,14910,14909,6.706908115361454e-05,14410,14404,0.0004163775156141858,12994,12986,0.0006156687702015828,14266,14263,0.00021029020047669267,13640,13634,0.0004398826979472581,13796,13802,0,14549,14570,0,13841,13860,0,,165877,165854,0.00013865695666070987,1
SHV-HQ,PMT KSP-14,0,0,,0,0,,0,0,,0,0,,0,0,,0,0,,0,0,,0,0,,0,0,,0,0,,0,0,,0,0,,,0,0,,1
SHV-HQ,PMT KSP-15,6277,6360,0,6315,6360,0,6022,6060,0,6671,6720,0,5931,6000,0,5914,5970,0,5296,5370,0,5792,5850,0,5574,5640,0,5767,5820,0,6325,6420,0,5644,5670,0,,71528,72240,0,1
SHV-HQ,PMT KSP-16,11623,11611,0.001032435687860267,11575,11564,0.0009503239740821234,11565,11553,0.001037613488975353,13217,13206,0.0008322614814254559,11742,11731,0.0009368080395162348,11959,11948,0.0009198093486076919,11033,11022,0.0009970089730807485,11865,11854,0.0009270965023177036,6011,6007,0.0006654466810847026,4485,4484,0.00022296544035671495,4598,4598,0,2956,2952,0.0013531799729363803,,112629,112530,0.0008789920890711622,1
SHV-HQ,PMT KSP-17,508,504,0.007874015748031482,380,376,0.010526315789473717,574,571,0.005226480836236891,406,401,0.012315270935960632,288,286,0.00694444444444442,249,246,0.012048192771084376,192,189,0.015625,264,261,0.011363636363636354,281,278,0.010676156583629859,279,277,0.007168458781361964,220,217,0.013636363636363669,196,193,0.015306122448979553,,3837,3799,0.009903570497784675,1
SHV-HQ,PMT KSP-18,1833,1802,0.016912165848336103,1880,1853,0.014361702127659526,1860,1815,0.024193548387096753,2050,2007,0.02097560975609758,1887,1855,0.016958134605193464,1904,1882,0.011554621848739455,1733,1691,0.024235429890363536,1866,1824,0.022508038585209,1778,1741,0.02080989876265471,1905,1849,0.029396325459317585,2051,2002,0.023890784982935176,2039,1989,0.02452182442373707,,22786,22310,0.02089002018783459,1
SHV-HQ,PMT KSP-19,5248,5309,0,5476,5544,0,5084,5144,0,5479,5548,0,5188,5254,0,5196,5262,0,4803,4855,0,5141,5202,0,5027,5086,0,4899,4959,0,5094,5162,0,5146,5210,0,,61781,62535,0,1
SHV-HQ,PMT KSP-20,6840,6851,0,7199,7217,0,6901,6925,0,7432,7469,0,6813,6845,0,6533,6560,0,5737,5762,0,6066,6115,0,6291,6315,0,6202,6258,0,6704,6751,0,6598,6657,0,,79316,79725,0,1
SHV-HQ,PMT KSP-21,1844,1843,0.0005422993492407713,0,0,,3017,3016,0.0003314550878356082,18785,18797,0,28281,28302,0,29138,29157,0,1860,1863,0,1554,1553,0.0006435006435006052,3797,3796,0.00026336581511721135,4278,4279,0,1787,1785,0.0011191941801902416,1788,1787,0.0005592841163311046,,96129,96178,0,1
SHV-HQ,PMT KSP-22,1070,1071,0,1188,1188,0,1194,1195,0,1196,1197,0,1260,1261,0,1262,1263,0,1206,1207,0,24829,24849,0,68733,68780,0,53285,53320,0,75739,75790,0,96285,96362,0,,327247,327483,0,1
SHV-HQ,PMT KSP-23,0,0,,0,0,,0,0,,0,0,,0,0,,0,0,,0,0,,0,0,,0,0,,0,0,,0,0,,0,0,,,0,0,,1
SHV-HQ,PMT KSP-24,0,0,,0,0,,0,0,,0,0,,0,0,,0,0,,0,0,,0,0,,0,0,,0,0,,0,0,,831,831,0,,831,831,0,1
SHV-HQ,PMT KSP-25,343110,343080,8.743551630674418e-05,249630,249630,0,30610,30610,0,34720,34730,0,31500,31490,0.0003174603174602719,522850,522730,0.00022951133212201213,0,841230,0,357030,762940,0,795150,796400,0,769550,770740,0,896440,897660,0,874060,875060,0,,4904650,6156300,0,1
SHV-HQ,PMT KSP-26,0,0,,0,0,,0,0,,0,0,,0,0,,0,0,,0,0,,0,0,,0,0,,0,0,,0,0,,0,0,,,0,0,,1
SHV-HQ,PMT KSP-27,41402,41409,0,21808,21812,0,33036,33038,0,47048,47052,0,23439,23440,0,43371,43373,0,33052,33052,0,36652,36651,2.7283640729014458e-05,35974,35977,0,23981,23983,0,18637,18639,0,18303,18304,0,,376703,376730,0,1
SHV-HQ,PMT KSP-28,36175,108688,0,25127,25181,0,14892,14924,0,18906,18947,0,19420,19464,0,13547,13576,0,0,0,,0,0,,19482,56880,0,22360,22389,0,26620,26656,0,35856,35893,0,,232385,342598,0,1
SHV-HQ,PMT KSP-29,0,0,,0,0,,0,0,,0,0,,0,0,,0,0,,0,0,,0,0,,0,0,,0,0,,0,0,,0,0,,,0,0,,1
SHV-HQ,PMT KSP-30,70624,70723,0,48050,48104,0,55340,55377,0,58550,58589,0,57870,57887,0,60860,60911,0,75970,76011,0,114140,114184,0,142300,142270,0.00021082220660573192,116530,116488,0.0003604222088732234,115850,115799,0.00044022442813984597,193050,192935,0.0005957005957005768,,1109134,1109278,0,1
SHV-HQ,PMT KSP-31,3083,3083,0,5535,5535,0,3856,3857,0,5535,5539,0,7783,7789,0,5389,5393,0,4305,4309,0,3371,3374,0,2800,2805,0,2582,2586,0,3153,3157,0,2668,2671,0,,50060,50098,0,1
SHV-HQ,PMT KSP-32,13822,13822,0,21847,21848,0,21834,21830,0.00018320051296139006,20305,20306,0,14532,14533,0,19414,19411,0.00015452766045120914,17834,17833,5.607267018059581e-05,10364,10363,9.648784253180054e-05,11711,0,1,13708,0,1,13846,39260,0,19556,19551,0.00025567600736342566,,198773,198757,8.049382964492313e-05,1
SHV-HQ,PMT KSP-33,10877,10877,0,10789,10787,0.00018537399202889215,10867,10865,0.00018404343425049152,12364,12366,0,12038,12038,0,12228,12226,0.0001635590448151314,12018,12019,0,10307,10307,0,9954,9952,0.0002009242515571552,9869,9870,0,10438,10438,0,9512,9503,0.0009461732548360358,,131261,131248,9.90393186094396e-05,1
SHV-HQ,PMT KSP-34,0,0,,0,0,,0,0,,0,0,,0,0,,0,0,,0,0,,0,0,,0,0,,0,0,,0,0,,0,0,,,0,0,,1
SHV-HQ,PMT KSP-35,2214,2215,0,1166,1166,0,5342,5339,0.000561587420441767,8202,8196,0.000731528895391409,9580,9567,0.0013569937369519725,12628,12620,0.0006335128286347746,12556,12548,0.0006371455877668408,12970,12957,0.0010023130300693683,11118,11115,0.0002698327037237158,4889,4895,0,5477,5486,0,4998,5005,0,,91140,91109,0.0003401360544217358,1
SHV-HQ,PMT KSP-36,909470,910670,0,920880,921720,0,890560,891660,0,767090,768080,0,969310,970540,0,1073010,1074400,0,1003590,1004910,0,991510,992830,0,992480,993560,0,771370,772200,0,881290,882390,0,945480,946530,0,,11116040,11129490,0,1
SHV-HQ,PMT KSP-37,2481,2485,0,3765,3770,0,3770,3772,0,2618,2620,0,1361,1360,0.0007347538574578039,1198,1197,0.0008347245409014992,1126,1126,0,1261,1258,0.0023790642347343294,1182,1183,0,1201,793,0.33971690258118237,1221,1629,0,1069,1070,0,,22253,22263,0,1
SHV-HQ,PMT KSP-38,96,97,0,163,164,0,433,434,0,344,345,0,375,376,0,416,418,0,273,274,0,84,84,0,116,117,0,56,56,0,82,83,0,124,124,0,,2562,2572,0,1
SHV-HQ,PMT KSP-39,15233,15224,0.0005908225562922809,16298,16289,0.0005522149957050138,15892,15884,0.0005033979360684615,17387,17379,0.0004601138781848979,16423,16415,0.00048712171953968486,15363,15357,0.00039054872095289905,15310,15305,0.0003265839320705233,17284,17281,0.00017357093265446544,16654,16650,0.00024018253872948314,16310,16306,0.0002452483139178119,18507,18502,0.0002701680445237331,17026,17020,0.0003524022083871703,,197687,197612,0.0003793876177998756,1
SHV-HQ,PMT KSP-40,7741,7748,0,7859,7865,0,7286,7293,0,8416,8422,0,7681,7686,0,7714,7720,0,6689,6694,0,7241,7248,0,7309,7314,0,7344,7350,0,7664,7670,0,6960,6967,0,,89904,89977,0,1
SHV-HQ,PMT KSP-41,4944,4946,0,5042,5042,0,5087,5089,0,5599,5599,0,5076,5076,0,4934,4934,0,4675,4676,0,4930,4928,0.00040567951318459805,4696,4696,0,4608,4608,0,4904,4905,0,4746,4747,0,,59241,59246,0,1
SHV-HQ,PMT KSP-42,13050,8526,0.3466666666666667,13234,13226,0.0006045035514583574,12130,12124,0.0004946413849958864,13625,13615,0.0007339449541284848,12753,12744,0.0007057163020465218,12278,12270,0.0006515719172504042,11014,11008,0.0005447612130016211,12284,12275,0.0007326603712145552,11723,11718,0.0004265119849867771,12070,12062,0.000662800331400204,13331,13318,0.0009751706548646322,12741,12730,0.0008633545247626051,,150233,145616,0.030732262552168987,1
SHV-HQ,PMT KSP-43,17610,17624,0,13333,13345,0,12019,12029,0,10608,10615,0,17607,17622,0,20047,20060,0,20230,20243,0,20807,20819,0,17577,17590,0,13892,13903,0,20614,20628,0,23470,23481,0,,207814,207959,0,1
SHV-HQ,PMT KSP-44,16093,16080,0.0008078046355558532,11823,11812,0.0009303899179565756,11407,11395,0.0010519856228631275,13710,13696,0.0010211524434718955,13979,13964,0.001073038128621473,13851,13837,0.0010107573460399477,11511,11501,0.0008687342541916498,12266,12254,0.0009783140388064382,11310,11302,0.0007073386383731339,12244,12230,0.0011434171839268537,13410,13396,0.0010439970171514101,12028,12015,0.001080811439973406,,153632,153482,0.000976359091855894,1
SHV-HQ,PMT KSP-45,0,0,,0,0,,0,0,,0,0,,0,0,,0,0,,0,0,,0,0,,0,0,,4405,4406,0,10886,10888,0,10296,10298,0,,25587,25592,0,1
SHV-HQ,PMT KSP-46,0,0,,0,0,,0,0,,0,0,,0,0,,0,0,,0,0,,0,0,,5832,5843,0,6769,6782,0,6863,6876,0,7846,7859,0,,27310,27360,0,1
SHV-HQ,PMT KSP-47,0,0,,0,0,,0,0,,0,0,,0,0,,0,0,,0,0,,0,0,,143,144,0,167,167,0,166,166,0,160,161,0,,636,638,0,1
SHV-HQ,PMT KSP-48,0,0,,0,0,,0,0,,0,0,,0,0,,0,0,,0,0,,0,0,,0,0,,8398,8399,0,5759,5760,0,7560,7559,0.0001322751322750948,,21717,21718,0,1
SHV-HQ,PMT KSP-49,0,0,,0,0,,0,0,,0,0,,0,0,,0,0,,0,0,,0,0,,0,0,,0,0,,0,0,,784,785,0,,784,785,0,1
SHV-HQ,PMT LBT-01,0,0,,0,0,,0,0,,0,0,,0,0,,0,0,,0,0,,0,0,,0,0,,0,0,,0,0,,0,0,,,0,0,,0
SHV-HQ,PMT LBT-03,0,0,,0,0,,0,0,,0,0,,0,0,,0,0,,0,0,,0,0,,0,0,,0,0,,0,0,,0,0,,,0,0,,0
SHV-HQ,PMT LBT-04,0,0,,0,0,,0,0,,0,0,,0,0,,0,0,,0,0,,0,0,,0,0,,0,0,,0,0,,0,0,,,0,0,,0
SHV-HQ,PMT LBT-05,0,0,,0,0,,0,0,,0,0,,0,0,,0,0,,0,0,,0,0,,0,0,,0,0,,0,0,,0,0,,,0,0,,0
SHV-HQ,PMT LBT-06,0,0,,0,0,,0,0,,0,0,,0,0,,0,0,,0,0,,0,0,,0,0,,0,0,,0,0,,0,0,,,0,0,,0
SHV-HQ,PMT LBT-07,62068,62051,0.00027389314944903376,61931,61914,0.00027449903925336194,57781,57767,0.00024229417974763745,65770,65752,0.0002736810095788078,66495,66478,0.00025565832017448997,60693,60678,0.0002471454698235176,56333,56317,0.00028402534926241785,56176,56162,0.00024921674736544386,57247,57232,0.0002620224640592639,56578,56562,0.0002827954328538107,55325,55311,0.0002530501581563538,49530,49519,0.00022208762366238144,,705927,705743,0.00026065018054277633,1
SHV-HQ,PMT LBT-08,0,0,,0,0,,0,0,,0,0,,0,0,,0,0,,0,0,,0,0,,0,0,,0,0,,0,0,,0,0,,,0,0,,0
SHV-HQ,PMT LBT-09,0,0,,0,0,,0,0,,0,0,,0,0,,0,0,,0,0,,0,0,,0,0,,0,0,,0,0,,0,0,,,0,0,,0
SHV-HQ,PMT LBT-10,357620,356980,0.0017896090822661082,376910,376240,0.001777612692685282,368690,367950,0.0020071062410155216,418130,417140,0.002367684691363947,404180,403420,0.0018803503389578369,384430,383620,0.0021070155815102742,339670,339010,0.0019430623840787087,370090,369350,0.001999513631819272,351690,351140,0.0015638772782848864,351390,350540,0.002418964683115643,372010,371140,0.002338646810569611,339450,338580,0.0025629695095006344,,4434260,4425110,0.0020634784608931644,1
SHV-HQ,PMT LYP-01,22550,22540,0.00044345898004438666,59260,59260,0,55240,55230,0.00018102824040555632,30410,30400,0.0003288391976323801,43180,43170,0.00023158869847150765,0,0,,0,0,,0,0,,26090,26080,0.0003832886163280813,0,0,,0,0,,0,0,,,236730,236680,0.00021121108435773195,1
SHV-HQ,PMT MKPR-01,0,0,,0,0,,54,56,0,1063,1043,0.01881467544684856,1432,1402,0.020949720670391025,2273,2224,0.021557413110426804,2536,2482,0.021293375394321745,2617,2557,0.022927015666794004,2931,2867,0.02183555100648238,3226,3153,0.022628642281463107,3405,3327,0.022907488986784186,3468,3389,0.02277970011534025,,23005,22500,0.021951749619647853,1
SHV-HQ,PMT MKPR-02,0,0,,0,0,,207,208,0,2553,2500,0.02075989032510772,2727,2669,0.021268793546021292,3472,3398,0.02131336405529949,3829,3747,0.021415513188822177,3533,3455,0.022077554486272244,4085,3995,0.022031823745410017,3916,3828,0.022471910112359605,4016,3929,0.021663346613545853,3836,3752,0.021897810218978075,,32174,31481,0.021539130975321674,1
SHV-HQ,PMT MOG-01,214002,213441,0.002621470827375405,265720,264900,0.0030859551407496078,222450,221760,0.0031018206338503385,219940,219290,0.0029553514594889974,217260,216600,0.0030378348522507315,226250,225650,0.002651933701657505,284340,283550,0.0027783639305056784,262760,262020,0.0028162581823717447,274300,273550,0.0027342325920525212,212710,212090,0.00291476658361145,228230,227490,0.0032423432502299843,297160,296160,0.0033651904697805657,,2925122,2916501,0.0029472275002546677,1
SHV-HQ,PMT MRT-01,986290,1020040,0,1047480,1013100,0.032821629052583345,1008710,1008400,0.0003073232147990934,998660,997480,0.0011815833216509697,1129590,1127650,0.0017174373002594168,1200300,1196240,0.0033824877114054797,1117470,1123280,0,1302760,1300790,0.0015121741533360433,1152330,1150460,0.0016227990245849533,1375800,1373830,0.0014318941706643606,1393640,1391750,0.0013561608449814688,1400510,1398440,0.001478033002263457,,14113540,14101460,0.0008559156667994339,1
SHV-HQ,PMT MRT-02,528760,528890,0,485540,485640,0,411100,411210,0,382960,383060,0,377260,377310,0,389120,389240,0,329310,329350,0,460060,460150,0,537510,537600,0,490680,490800,0,577350,577460,0,702870,703030,0,,5672520,5673740,0,1
SHV-HQ,PMT MRT-03,143,143,0,236,231,0.021186440677966156,241,240,0.004149377593360981,284,282,0.007042253521126751,246,244,0.008130081300813052,226,225,0.004424778761061954,122,122,0,163,161,0.012269938650306789,82,82,0,62,62,0,380,378,0.0052631578947368585,3840,3809,0.008072916666666652,,6025,5979,0.007634854771784272,1
SHV-HQ,PMT MRT-05,84,84,0,210,208,0.00952380952380949,652,644,0.012269938650306789,713,705,0.011220196353436185,1032,1018,0.013565891472868241,961,950,0.01144640998959412,850,840,0.0117647058823529,754,746,0.010610079575596787,785,773,0.015286624203821653,182,182,0,228,227,0.004385964912280715,336,333,0.008928571428571397,,6787,6710,0.011345218800648316,1
SHV-HQ,PMT MRT-06,76984,77000,0,72542,72570,0,72037,72050,0,92107,92120,0,81360,81400,0,99660,99720,0,294449,294720,0,206315,206480,0,219620,219800,0,172734,172870,0,193080,193180,0,192113,192210,0,,1773001,1774120,0,1
SHV-HQ,PMT ONG-01,288981,288805,0.0006090365802595699,291559,291397,0.0005556336796326278,299481,299328,0.0005108838290242002,352059,351886,0.000491394908239795,334805,334699,0.0003166022012813796,295972,295812,0.000540591677591129,258524,258434,0.0003481301542603843,268976,268885,0.00033832014752244177,253827,253762,0.00025607992845522176,271753,271674,0.00029070516240847777,279148,279070,0.0002794216687921347,251860,251705,0.000615421265782623,,3446945,3445457,0.00043168660944692405,1
SHV-HQ,PMT ONG-02,78047,78110,0,77771,77839,0,77598,77666,0,87431,87515,0,85113,85208,0,79539,79628,0,67867,67953,0,76366,76465,0,70018,70108,0,68323,68406,0,74777,74858,0,68582,68645,0,,911432,912401,0,1
SHV-HQ,PMT ONG-03,1660,1657,0.0018072289156626509,1652,1649,0.001815980629539915,1620,1616,0.0024691358024691024,1951,1945,0.003075345976422339,42370,42361,0.00021241444418218514,6163,6151,0.001947103683271112,42454,42421,0.00077731191407171,70170,70170,0,114427,114366,0.0005330909662929484,81876,81865,0.0001343495041281617,129780,129700,0.0006164278008937707,127182,127118,0.0005032158638801354,,621305,621019,0.0004603214202364425,1
SHV-HQ,PMT ONG-04,69529,69521,0.0001150599030620425,83534,83523,0.00013168290755860568,93390,93379,0.00011778563015307775,115735,115720,0.00012960642847881232,117416,117404,0.00010220072221844845,51915,51906,0.00017336030049119877,50566,50560,0.00011865680496780939,52476,52471,9.528165256500465e-05,47914,47908,0.00012522436031225936,50415,50410,9.91768322919917e-05,57411,57406,8.709132396234054e-05,55922,55836,0.001537856299846263,,846223,846044,0.00021152816692526777,1
SHV-HQ,PMT ONG-05,7409,7400,0.0012147388311513074,7573,7563,0.001320480654958378,7478,7466,0.0016047071409467373,8325,8310,0.0018018018018017834,7884,7864,0.0025367833587012223,8154,8098,0.006867794947265193,7673,7638,0.00456144923758639,7915,7891,0.003032217308907126,8136,8117,0.0023352999016715836,8263,8248,0.0018153213118722311,8729,8714,0.0017184098980410623,8421,8406,0.0017812611328821282,,95960,95715,0.0025531471446436083,1
SHV-HQ,PMT ONG-06,96673,96743,0,87103,87195,0,88041,88095,0,80796,80853,0,88552,88607,0,91266,91301,0,87675,87724,0,94674,94730,0,82657,82699,0,65264,65360,0,82974,83010,0,81258,89713,0,,1026933,1036030,0,1
SHV-HQ,PMT ONG-07,0,0,,0,0,,0,0,,0,0,,0,0,,0,0,,0,0,,0,0,,0,0,,0,0,,0,0,,0,0,,,0,0,,0
SHV-HQ,PMT ONG-09,0,0,,0,0,,0,0,,0,0,,31110,31050,0.0019286403085824189,73680,73570,0.0014929424538544511,103490,103210,0.0027055754179148295,115080,114690,0.0033889468196037775,126500,125970,0.004189723320158101,115830,115470,0.0031080031080030768,170770,170520,0.0014639573695613972,191330,191070,0.001358908691789007,,927790,925550,0.0024143394518155725,1
SHV-HQ,PMT PS-33,0,0,,0,0,,0,0,,0,0,,0,0,,0,0,,0,0,,0,0,,0,0,,0,0,,0,0,,0,0,,,0,0,,0
SHV-HQ,PMT PS-34,0,0,,0,0,,0,0,,0,0,,0,0,,0,0,,0,0,,0,0,,0,0,,0,0,,0,0,,0,0,,,0,0,,0
SHV-HQ,PMT PST-01,30120,30120,0,33090,33090,0,32070,32100,0,38040,38040,0,35610,35670,0,32430,32400,0.0009250693802035359,28290,28350,0,30780,30720,0.0019493177387914784,30090,30120,0,28590,28590,0,30540,30540,0,29850,29910,0,,379500,379650,0,1
SHV-HQ,PMT PST-02,5232,5217,0.0028669724770642446,5227,5217,0.0019131432944327065,5500,5487,0.0023636363636363455,5827,5810,0.002917453234940748,5756,5733,0.003995830437804049,6167,6148,0.0030809145451596853,5932,5919,0.0021915037086985834,5568,5557,0.0019755747126436463,5658,5651,0.001237186284906322,5664,5657,0.0012358757062146397,5823,5812,0.0018890606216727113,5835,5829,0.0010282776349614942,,68189,68037,0.0022290985349543435,1
SHV-HQ,PMT PST-03,10353,10386,0,10875,10881,0,11111,11109,0.0001800018000179815,13259,13259,0,12268,12269,0,10968,10966,0.00018234865061994565,9147,9149,0,9468,9470,0,9209,9216,0,9340,9338,0.00021413276231263545,10569,10568,9.461633077867404e-05,9261,9259,0.00021595939963281463,,125828,125870,0,1
SHV-HQ,PMT PST-04,8709,8773,0,8380,8442,0,8955,9024,0,7660,7713,0,7598,7650,0,8346,8405,0,7017,7067,0,7588,7642,0,7351,7403,0,6481,6528,0,6957,7008,0,6205,6252,0,,91247,91907,0,1
SHV-HQ,PMT PST-05,5451,5456,0,5476,5479,0,6030,6033,0,7288,7291,0,6009,6013,0,5061,5065,0,4538,4541,0,4609,4614,0,4367,4371,0,4387,4390,0,4645,4651,0,5193,5195,0,,63054,63099,0,1
SHV-HQ,PMT PST-06,14296,14144,0.010632344711807518,14999,14833,0.01106740449363286,15371,15191,0.011710363671849633,16506,16294,0.012843814370531947,14961,14744,0.01450437804959559,14591,14386,0.01404975669933517,13176,13018,0.011991499696417773,14740,14560,0.012211668928086894,12999,12858,0.010846988229863852,12759,12626,0.010424014421192895,14783,14618,0.011161469255225542,14019,13872,0.0104857693130751,,173200,171144,0.011870669745958407,1
SHV-HQ,PMT PST-07,820,822,0,295,289,0.02033898305084747,806,809,0,333,321,0.036036036036036,1154,1158,0,660,660,0,437,433,0.009153318077803174,310,302,0.02580645161290318,344,337,0.02034883720930236,304,293,0.03618421052631582,511,507,0.007827788649706457,505,499,0.011881188118811892,,6479,6430,0.0075628955085661476,1
SHV-HQ,PMT PST-08,26974,27073,0,30229,30345,0,29471,29576,0,30930,31040,0,31621,31734,0,28907,29018,0,26277,26381,0,27586,27691,0,26727,26838,0,23760,23855,0,28040,28143,0,27125,27226,0,,337647,338920,0,1
SHV-HQ,PMT PST-09,8549,8472,0.009006901391975686,11095,10993,0.009193330328977067,11315,11208,0.009456473707467938,12221,12100,0.00990099009900991,11826,11710,0.009808895653644512,11337,11232,0.0092617094469436,8949,8862,0.009721756620851507,9115,9024,0.009983543609434986,8627,8542,0.00985278775936016,7779,7704,0.009641342074816817,7832,7755,0.0098314606741573,7129,7061,0.009538504699116324,,115774,114663,0.00959628241228605,1
SHV-HQ,PMT PST-10,9724,9563,0.016556972439325413,10510,10342,0.015984776403425327,10703,10548,0.014481920956741057,12403,12233,0.013706361364186126,11086,10919,0.01506404474111489,10261,10095,0.016177760452197654,9889,9726,0.016482960865608298,10254,10092,0.015798712697483897,10088,9926,0.016058683584456834,9128,8980,0.016213847502191014,10111,9950,0.01592325190386712,9397,9238,0.01692029371075876,,123554,121612,0.01571782378555131,1
SHV-HQ,PMT PST-11,848,840,0.009433962264150941,1064,1052,0.011278195488721776,1046,1035,0.010516252390057379,1011,1000,0.010880316518298683,994,980,0.014084507042253502,1040,1028,0.011538461538461497,979,959,0.020429009193054126,1043,1020,0.02205177372962608,1016,999,0.0167322834645669,967,949,0.018614270941054833,1110,1088,0.01981981981981984,1192,1168,0.020134228187919434,,12310,12118,0.015597075548334671,1
SHV-HQ,PMT PST-12,491,488,0.006109979633401208,538,535,0.005576208178438624,503,498,0.00994035785288272,529,525,0.007561436672967825,511,505,0.011741682974559686,528,522,0.011363636363636354,505,500,0.00990099009900991,520,513,0.013461538461538414,519,512,0.013487475915221592,486,479,0.014403292181069949,477,471,0.012578616352201255,459,452,0.015250544662309351,,6066,6000,0.010880316518298683,1
SHV-HQ,PMT PST-13,611,605,0.009819967266775809,635,627,0.012598425196850394,582,576,0.010309278350515427,886,877,0.010158013544018019,1083,1070,0.012003693444136654,720,713,0.009722222222222188,606,601,0.008250825082508295,615,608,0.011382113821138184,607,601,0.009884678747940745,576,569,0.01215277777777779,624,617,0.011217948717948678,627,619,0.012759170653907526,,8172,8083,0.010890846793930486,1
SHV-HQ,PMT PST-14,578,579,0,669,669,0,656,658,0,762,762,0,915,915,0,949,950,0,898,899,0,894,895,0,958,959,0,913,913,0,931,932,0,895,896,0,,10018,10027,0,1
SHV-HQ,PMT PST-15,592,1189,0,1170,1171,0,1097,1096,0.0009115770282588365,1166,1167,0,1150,1149,0.0008695652173913437,1184,1184,0,1133,1132,0.0008826125330979595,1109,1109,0,1183,1183,0,1138,416,0.6344463971880492,1196,1919,0,1158,1157,0.0008635578583765513,,13276,13872,0,1
SHV-HQ,PMT PST-16,1574,1578,0,1949,1948,0.0005130836326321386,2004,2011,0,2320,2325,0,2053,2055,0,1561,1565,0,1496,1500,0,1813,1816,0,1814,1817,0,1863,1867,0,1365,1369,0,1700,1703,0,,21512,21554,0,1
SHV-HQ,PMT PST-17,5179,5175,0.0007723498744931501,6085,6079,0.0009860312243220593,5761,5756,0.0008679048776254472,5918,5914,0.0006759040216289813,2367,2367,0,1765,1765,0,1122,1121,0.0008912655971479166,908,908,0,854,854,0,1185,1184,0.0008438818565400519,2582,2581,0.0003872966692486379,4934,4930,0.0008107012565869987,,38660,38634,0.0006725297465079993,1
SHV-HQ,PMT PST-18,2294,2279,0.006538796861377483,2174,2160,0.0064397424103035394,2314,2299,0.006482281763180664,2600,2585,0.005769230769230749,2279,2264,0.006581834137779685,2359,2344,0.006358626536668077,2166,2149,0.007848568790397081,2230,2214,0.007174887892376636,2114,2099,0.007095553453169368,2112,2096,0.007575757575757569,2701,2685,0.005923731951129163,2972,2951,0.0070659488559892125,,28315,28125,0.0067102242627582465,1
SHV-HQ,PMT PST-19,2865,2834,0.010820244328097695,2933,2904,0.009887487214456203,2976,2948,0.009408602150537626,3892,3861,0.007965056526207603,3021,2993,0.009268454154253591,2567,2538,0.01129723412543826,2569,2539,0.011677695601401306,2414,2387,0.011184755592377749,2288,2262,0.011363636363636354,2399,2370,0.01208837015423092,2520,2491,0.011507936507936467,3064,3030,0.011096605744125299,,33508,33157,0.010475110421391931,1
SHV-HQ,PMT PST-20,12471,12481,0,11921,11928,0,11662,11673,0,14369,14381,0,12677,12689,0,11308,11318,0,10392,10402,0,11190,11200,0,9842,9851,0,11572,11584,0,11572,11581,0,11796,11800,0,,140772,140888,0,1
SHV-HQ,PMT PST-21,5519,5525,0,5767,5766,0.00017340038148083714,5543,5540,0.0005412231643514565,6372,6364,0.0012554927809165228,5575,5570,0.0008968609865470656,4421,4428,0,3907,3917,0,4527,4534,0,3826,3840,0,4056,4069,0,4117,4130,0,3672,3685,0,,57302,57368,0,1
SHV-HQ,PMT PST-22,3617,3573,0.012164777439867325,3629,3584,0.012400110223201977,3371,3330,0.012162563037674268,3711,3663,0.012934518997574806,3819,2015,0.4723749672689186,3695,0,1,3385,8898,0,3390,3404,0,3418,3428,0,3332,3341,0,3063,3071,0,3045,3055,0,,41475,41362,0.00272453285111518,1
SHV-HQ,PMT PST-23,568,579,0,591,600,0,535,543,0,549,548,0.0018214936247723523,522,539,0,539,547,0,510,517,0,514,521,0,535,543,0,510,518,0,529,536,0,516,524,0,,6418,6515,0,1
SHV-HQ,PMT PST-24,3254,3256,0,3303,3307,0,3106,3108,0,3487,3490,0,3631,3634,0,3499,3502,0,3195,3198,0,3225,3227,0,3038,3040,0,2787,2789,0,2628,2631,0,2633,2634,0,,37786,37816,0,1
SHV-HQ,PMT PST-25,523,523,0,525,524,0.0019047619047618536,490,490,0,548,547,0.0018248175182481452,533,533,0,555,554,0.0018018018018017834,525,525,0,525,526,0,548,546,0.0036496350364964014,521,520,0.0019193857965451588,518,513,0.009652509652509633,501,498,0.005988023952095856,,6312,6299,0.0020595690747782225,1
SHV-HQ,PMT PST-26,6641,6637,0.0006023189278723251,6619,6616,0.00045324067079621777,5723,5719,0.0006989341254586279,6669,6667,0.0002998950367371078,5613,5609,0.0007126313914127547,5185,5182,0.0005785920925747146,4404,4401,0.0006811989100817817,4813,4810,0.0006233118637024582,5290,5286,0.0007561436672968158,4912,4908,0.0008143322475570036,5499,5495,0.0007274049827241669,5781,5777,0.0006919218128351723,,67149,67107,0.000625474690613359,1
SHV-HQ,PMT PST-27,1201,1200,0.0008326394671107629,1182,1180,0.0016920473773265332,1086,1085,0.0009208103130755596,1564,1562,0.0012787723785165905,1231,1230,0.0008123476848090894,1203,1201,0.0016625103906899863,1154,1153,0.0008665511265164572,1035,1034,0.0009661835748792091,1080,1078,0.0018518518518518823,856,720,0.15887850467289721,830,965,0,959,958,0.0010427528675703845,,13381,13366,0.0011209924519841596,1
SHV-HQ,PMT PST-28,5757,5755,0.00034740316136872007,6420,6416,0.0006230529595016021,5837,5834,0.000513962652047284,6799,6795,0.0005883218120311673,6269,6265,0.0006380602966979954,5826,5824,0.000343288705801581,5473,5470,0.0005481454412570308,6008,6005,0.0004993342210386498,5570,5567,0.0005385996409336125,5563,5559,0.0007190364911019431,5895,5892,0.0005089058524172518,5410,5409,0.0001848428835490301,,70827,70791,0.0005082807403956613,1
SHV-HQ,PMT PST-29,531,531,0,472,473,0,495,495,0,488,488,0,477,478,0,592,592,0,303,302,0.0033003300330033403,429,430,0,485,486,0,328,327,0.0030487804878048808,318,319,0,580,580,0,,5498,5501,0,1
SHV-HQ,PMT PST-30,31504,31943,0,37476,37991,0,35037,35527,0,41058,41616,0,37999,38521,0,34786,35260,0,30383,30804,0,33440,33897,0,31881,32328,0,31874,32308,0,36110,36606,0,33451,33929,0,,414999,420730,0,1
SHV-HQ,PMT PST-31,17307,18158,0,21533,22428,0,22249,23100,0,22992,23927,0,23913,24829,0,20841,21760,0,19540,20432,0,21993,22933,0,18672,19604,0,15856,16749,0,20627,21551,0,17171,18036,0,,242694,253507,0,1
SHV-HQ,PMT PST-33,5629,5598,0.005507194883638267,5148,5127,0.004079254079254024,5629,5628,0.0001776514478593061,6148,6106,0.006831489915419597,7776,7710,0.008487654320987637,960,6365,0,0,5726,0,10406,7317,0.29684797232365945,6538,6473,0.009941878250229408,6570,6504,0.010045662100456654,7003,6927,0.010852491789233198,7159,7079,0.011174745076127923,,68966,76560,0,1
SHV-HQ,PMT PST-34,1071,1070,0.0009337068160597539,1002,1003,0,812,812,0,1051,1049,0.0019029495718363432,796,796,0,694,695,0,499,500,0,614,615,0,500,502,0,524,526,0,721,722,0,554,553,0.0018050541516245744,,8838,8843,0,1
SHV-HQ,PMT PST-35,1355,1357,0,1595,1599,0,1576,1578,0,1971,1976,0,1730,1733,0,1618,1621,0,1471,1474,0,1563,1566,0,1487,1491,0,1530,1532,0,1607,1611,0,1473,1475,0,,18976,19013,0,1
SHV-HQ,PMT PST-36,2578,2581,0,2777,2780,0,2743,2747,0,3130,3133,0,3033,3038,0,3142,3143,0,2704,2707,0,2868,2871,0,2979,2981,0,2847,2851,0,2931,2933,0,2779,2782,0,,34511,34547,0,1
SHV-HQ,PMT PST-37,12714,12710,0.00031461381154629375,12602,12598,0.0003174099349310122,11496,11493,0.00026096033402922547,13768,13763,0.00036316095293431605,15506,15502,0.00025796465884175834,15080,15075,0.0003315649867373649,13248,13244,0.0003019323671497043,13499,13495,0.0002963182457960123,13796,13792,0.00028993911278629714,11975,11971,0.0003340292275574308,11892,11889,0.00025227043390518844,12363,12359,0.00032354606487094983,,157939,157891,0.0003039148025503202,1
SHV-HQ,PMT PST-38,1090,1090,0,1175,1174,0.0008510638297872797,1078,1078,0,1164,1165,0,1131,1131,0,1108,1108,0,929,929,0,935,935,0,925,925,0,903,903,0,933,933,0,902,903,0,,12273,12274,0,1
SHV-HQ,PMT PST-39,5138,5146,0,5727,5738,0,5425,5434,0,6364,6375,0,5697,5706,0,5056,5064,0,4644,4651,0,4896,4904,0,4799,4806,0,4957,4965,0,4848,4856,0,5143,5150,0,,62694,62795,0,1
SHV-HQ,PMT PST-40,0,0,,0,0,,0,0,,0,0,,0,0,,0,0,,0,0,,188,190,0,70,71,0,8,6,0.25,249,250,0,219,221,0,,734,738,0,1
SHV-HQ,PMT PST-41,0,0,,0,0,,0,0,,0,0,,0,0,,0,0,,0,0,,0,0,,389,395,0,1004,996,0.007968127490039834,1506,1495,0.007304116865869847,1442,1432,0.006934812760055475,,4341,4318,0.005298318359824972,1
SHV-HQ,PMT RGKRU-01,585790,584260,0.0026118574915925397,745930,744400,0.0020511308031584408,854900,854900,0,918450,918450,0,880650,880650,0,684810,683600,0.001766913450446106,665389,665130,0.0003892459899397238,803791,803600,0.000237623959462141,668880,668610,0.0004036598493003529,725810,725600,0.0002893319188217447,961531,961530,1.040008070440912e-06,964820,964820,0,,9460751,9455550,0.0005497449409671562,1
SHV-HQ,PMT RTS-01,42724,42775,0,49145,49182,0,30604,30605,0,33150,33180,0,32564,32606,0,30977,31036,0,23317,23384,0,25704,25774,0,25501,25551,0,23614,23649,0,28300,28364,0,30390,30513,0,,375990,376619,0,1
SHV-HQ,PMT SK-01,50430,50445,0,52469,52484,0,53012,53028,0,60193,60212,0,62504,62524,0,58273,58290,0,52678,52691,0,56862,56876,0,52342,52353,0,54295,54308,0,57471,57487,0,52532,52547,0,,663061,663245,0,1
SHV-HQ,PMT SK-02,116666,116654,0.00010285773061557979,93651,93640,0.00011745736831425546,44502,44493,0.00020223810165831413,49381,49375,0.00012150422227175106,52529,52524,9.518551657183849e-05,49375,49367,0.00016202531645570506,41345,41339,0.00014512032893942983,44484,44479,0.00011239996403200614,41527,41521,0.00014448431141189655,43052,43043,0.00020904952150890832,47466,47463,6.320313487551132e-05,42957,42950,0.00016295365132579231,,666935,666848,0.00013044749488333451,1
SHV-HQ,PMT SK-03,34857,34892,0,36055,36090,0,35359,35394,0,38853,38892,0,21150,21173,0,0,0,,16996,89947,0,36632,26546,0.27533304214894083,35427,45510,0,35264,35258,0.00017014519056257615,37888,37881,0.00018475506756754356,36379,36377,5.497677231369735e-05,,364860,437960,0,1
SHV-HQ,PMT SK-04,1210,1207,0.0024793388429752428,1562,1565,0,1630,1633,0,1802,1806,0,1436,1438,0,1850,1855,0,1291,1296,0,1589,1592,0,1541,1539,0.0012978585334199044,1484,1491,0,1415,1426,0,1142,1141,0.0008756567425569628,,17952,17989,0,1
SHV-HQ,PMT SK-05,7128,7182,0,6748,6797,0,6990,7042,0,8204,8282,0,9125,9215,0,8024,8090,0,6596,6648,0,6805,6852,0,5490,5509,0,5928,5960,0,5674,5697,0,5657,5683,0,,82369,82957,0,1
SHV-HQ,PMT SK-06,0,0,,0,0,,0,0,,0,0,,0,0,,0,0,,0,0,,0,0,,0,0,,0,0,,0,0,,0,0,,,0,0,,1
SHV-HQ,PMT SK-07,32622,32561,0.0018699037459383172,33010,32948,0.001878218721599545,44561,44474,0.0019523798837548512,44648,44559,0.0019933703637341482,37566,37489,0.002049725815897352,37063,36990,0.001969619296872893,33742,33673,0.002044929168395493,35532,35458,0.0020826297422041895,32857,32792,0.001978269470736871,32987,32924,0.0019098432715918268,36845,36773,0.0019541321753290264,33717,33654,0.0018684936382240558,,435150,434295,0.001964839710444699,1
SHV-HQ,PMT SK-08,5761,5763,0,5954,5957,0,5634,5635,0,4026,4025,0.00024838549428718437,4823,4821,0.000414679659962669,5008,5007,0.00019968051118213204,3472,3472,0,4220,4218,0.0004739336492890489,4838,4837,0.00020669698222408606,5417,5415,0.00036920804873541435,5482,5481,0.00018241517694272957,4985,4983,0.0004012036108325123,,59620,59614,0.00010063737001009265,1
SHV-HQ,PMT SK-09,0,0,,0,0,,0,0,,0,0,,0,0,,0,0,,0,0,,0,0,,0,0,,0,0,,0,0,,0,0,,,0,0,,1
SHV-HQ,PMT SK-10,5195,5178,0.003272377285851835,6028,6007,0.0034837425348374085,5545,5525,0.0036068530207393756,7025,6997,0.003985765124555174,7323,7292,0.004233237744093898,5786,5767,0.003283788454891079,5845,5824,0.003592814371257469,5748,5729,0.0033054975643702633,4373,4360,0.00297278756002739,3994,3984,0.0025037556334501776,5174,5158,0.0030923850019327626,4357,4343,0.0032132201055772303,,66393,66164,0.0034491587968611404,1
SHV-HQ,PMT SK-11,18304,18199,0.005736451048951041,19175,19066,0.005684485006518858,20299,20151,0.007290999556628375,24066,23875,0.007936507936507908,25249,25030,0.008673610836072765,24645,24458,0.00758774599310208,21229,21081,0.006971595459041913,23497,23309,0.008001021406988107,20700,20541,0.007681159420289907,20183,20016,0.008274290244264959,23016,22825,0.008298574904414324,22567,22398,0.007488811095847869,,262930,260949,0.007534324725211983,1
SHV-HQ,PMT SK-12,7239,7271,0,7734,7762,0,7247,7218,0.004001655857596265,8355,8307,0.0057450628366247924,8332,8291,0.00492078732597212,8041,8002,0.004850143017037678,6858,6828,0.004374453193350836,7719,7670,0.006347972535302504,7245,7203,0.005797101449275366,7687,7641,0.005984129049043885,7774,7728,0.00591715976331364,6675,6636,0.00584269662921344,,90906,90557,0.0038391305304380507,1
SHV-HQ,PMT SK-13,0,0,,0,0,,0,0,,0,0,,0,0,,0,0,,0,0,,0,0,,0,0,,0,0,,0,0,,0,0,,,0,0,,1
SHV-HQ,PMT SK-14,46656,46643,0.0002786351165980916,78920,78898,0.00027876330461229504,131109,131070,0.00029746241676775753,149433,149393,0.00026767849136399846,149530,149495,0.00023406674245973758,140354,140308,0.0003277427077247319,128321,128281,0.00031171826902842703,139576,139536,0.0002865822204390911,127721,127679,0.00032884177230052547,130333,130299,0.00026087023240473073,140229,140179,0.0003565596274665017,130480,130441,0.00029889638258739915,,1492662,1492222,0.00029477537446520596,1
SHV-HQ,PMT SK-15,56977,57032,0,60833,60896,0,61029,61098,0,70209,70294,0,74783,74873,0,65966,66036,0,55282,55416,0,59282,59262,0.00033737053405757944,55693,55749,0,52726,52774,0,60768,60832,0,57428,57486,0,,730976,731748,0,1
SHV-HQ,PMT SK-16,0,0,,0,0,,0,0,,0,0,,0,0,,0,0,,0,0,,0,0,,0,0,,0,0,,0,0,,0,0,,,0,0,,0
SHV-HQ,PMT SK-17,1395,1398,0,1364,1367,0,1320,1323,0,1642,1645,0,1674,1678,0,1316,1319,0,1088,1090,0,1135,1139,0,1003,1005,0,1053,1056,0,1185,1189,0,1296,1298,0,,15471,15507,0,1
SHV-HQ,PMT SK-18,6363,6373,0,6699,6710,0,6421,6433,0,7747,7760,0,6890,6901,0,6483,6493,0,6433,6420,0.002020830094823567,7307,7210,0.013274941836595056,5905,5846,0.009991532599491926,6150,6123,0.004390243902439028,7402,7384,0.0024317751958929934,7218,7216,0.0002770850651150347,,81018,80869,0.0018390974845096109,1
SHV-HQ,PMT SK-19,4658,9222,0,5656,5653,0.0005304101838755626,6221,6219,0.00032149172158812966,5656,5660,0,6785,6773,0.0017686072218128235,5530,5525,0.000904159132007254,4316,4312,0.000926784059314234,4988,4983,0.00100240577385724,4925,4920,0.0010152284263958977,5565,5558,0.0012578616352201255,6239,6236,0.00048084628946942765,6122,6118,0.000653381247958218,,66661,71179,0,1
SHV-HQ,PMT SK-20,29544,29523,0.0007108042242079948,30727,30703,0.0007810720213492495,31680,31656,0.0007575757575757347,35381,35369,0.0003391650886068742,38614,38561,0.001372559175428556,34647,34620,0.0007792882500649023,28014,27993,0.0007496251874062887,30278,30252,0.0008587092938767693,26680,26661,0.0007121439280359798,27078,27058,0.0007386069872220569,29243,29222,0.0007181205758642895,26667,26648,0.0007124910938612894,,368553,368266,0.0007787211065979349,1
SHV-HQ,PMT SK-21,702,701,0.0014245014245014564,647,648,0,633,634,0,559,553,0.01073345259391767,829,829,0,819,829,0,616,617,0,703,701,0.002844950213371278,887,891,0,868,876,0,715,708,0.009790209790209836,724,725,0,,8702,8712,0,1
SHV-HQ,PMT SK-22,0,0,,0,0,,0,0,,0,0,,0,0,,0,0,,0,0,,0,0,,0,0,,0,0,,0,0,,0,0,,,0,0,,0
SHV-HQ,PMT SK-23,911,913,0,922,924,0,797,799,0,998,1000,0,1118,1121,0,1404,1408,0,1382,1384,0,1357,1360,0,1584,1587,0,2027,2030,0,1287,1291,0,884,885,0,,14671,14702,0,1
SHV-HQ,PMT SK-24,2042,2042,0,2328,2327,0.00042955326460480947,2203,2202,0.00045392646391284597,2219,2218,0.00045065344749883884,2271,2270,0.00044033465433734875,2304,2304,0,2242,2258,0,2441,2423,0.007374027038099085,1900,1899,0.000526315789473708,1604,1604,0,1606,1605,0.0006226650062266526,1532,1531,0.0006527415143603443,,24692,24683,0.00036449052324638576,1
SHV-HQ,PMT SK-25,793,795,0,414,414,0,393,393,0,404,404,0,52,52,0,0,0,,0,0,,0,0,,0,0,,0,0,,0,0,,0,0,,,2056,2058,0,1
SHV-HQ,PMT SK-26,32489,32504,0,33553,33580,0,22081,22264,0,28025,28774,0,37301,38093,0,35981,36797,0,31989,32760,0,34047,34854,0,31774,32570,0,32027,32816,0,37559,38410,0,35253,36063,0,,392079,399485,0,1
SHV-HQ,PMT SK-27,9665,9669,0,17065,17070,0,14829,14835,0,16265,16271,0,12986,12989,0,17855,17860,0,17531,17532,0,22744,22748,0,14157,14158,0,12483,12487,0,18008,18014,0,19391,19397,0,,192979,193030,0,1
SHV-HQ,PMT SK-28,34052,34064,0,8211,8216,0,32031,32045,0,33202,33217,0,39697,39712,0,31897,31905,0,30474,30487,0,18964,18974,0,27815,27824,0,32899,32912,0,42696,42715,0,41193,41207,0,,373131,373278,0,1
SHV-HQ,PMT SK-31,794,797,0,993,995,0,924,1012,0,1695,1612,0.04896755162241884,1811,1813,0,2638,2641,0,2599,2602,0,2965,2968,0,5148,5153,0,4563,4569,0,6678,6692,0,9298,9301,0,,40106,40155,0,1
SHV-HQ,PMT SK-32,2925,2933,0,3213,3220,0,3134,3142,0,3079,3091,0,4035,4047,0,3848,3860,0,3383,3392,0,3595,3603,0,3286,3292,0,3680,3682,0,5587,5580,0.001252908537676789,5228,5221,0.0013389441469012775,,44993,45063,0,1
SHV-HQ,PMT SK-33,0,0,,0,0,,0,0,,0,0,,0,0,,0,0,,0,0,,0,0,,0,0,,0,0,,0,0,,0,0,,,0,0,,1
SHV-HQ,PMT SK-34,173478,173540,0,174419,174481,0,208299,208376,0,187364,187440,0,228200,228299,0,189123,189201,0,163118,163188,0,179324,179398,0,148299,148361,0,154502,154566,0,184384,184462,0,189785,162854,0.14190267934768286,,2180295,2154166,0.011984158107045118,1
SHV-HQ,PMT SK-35,97,99,0,289,294,0,164,166,0,1,1,0,2,2,0,0,0,,0,0,,1,1,0,30,29,0.033333333333333326,2,3,0,0,0,,0,0,,,586,595,0,1
SHV-HQ,PMT SK-36,0,0,,0,0,,0,0,,0,0,,0,0,,0,0,,0,0,,0,0,,0,0,,0,0,,0,0,,0,0,,,0,0,,1
SHV-HQ,PMT SK-37,0,0,,0,0,,0,0,,0,0,,0,0,,0,0,,0,0,,0,0,,0,0,,0,0,,0,0,,0,0,,,0,0,,0
SHV-HQ,PMT SK-38,30035,30066,0,37654,37693,0,46131,46174,0,53881,53932,0,47938,47981,0,35124,35154,0,33370,33401,0,36021,36053,0,30358,30388,0,35823,35859,0,41525,41569,0,36479,36515,0,,464339,464785,0,1
SHV-HQ,PMT SK-39,1614,1609,0.0030978934324659146,1286,1283,0.002332814930015581,1188,1185,0.002525252525252486,1654,1650,0.00241837968561065,1704,1700,0.0023474178403756207,1495,1492,0.0020066889632106566,1320,1318,0.0015151515151514694,1678,1674,0.0023837902264600697,1005,1001,0.003980099502487566,939,936,0.0031948881789137795,1076,1072,0.0037174721189591198,1101,1094,0.006357856494096259,,16060,16014,0.002864259028642624,1
SHV-HQ,PMT SR-01,0,0,,0,0,,0,0,,0,0,,0,0,,0,0,,0,0,,0,0,,0,0,,0,0,,0,0,,0,0,,,0,0,,1
SHV-HQ,PMT SSEZTP-01,744270,744080,0.00025528370080751817,1179700,1177780,0.0016275324234974464,757960,757650,0.00040899255897408615,1579080,1576160,0.0018491780023811577,734429,734210,0.00029819083941406976,348591,349850,0,900609,900060,0.0006095875124498829,1237261,1235850,0.0011404222714528345,1754219,1751630,0.0014758704585915439,388981,389110,0,93990,95560,0,169079,170700,0,,9888169,9882640,0.0005591530646371634,1
SHV-HQ,PMT SST-01,797560,797410,0.0001880736245548631,838270,838110,0.0001908692903240805,837050,836850,0.00023893435278654618,991540,991310,0.0002319624019202493,892750,892550,0.00022402688322598063,807210,807060,0.00018582524993493443,712640,712530,0.00015435563538390706,779370,779210,0.00020529401952862347,731250,731150,0.00013675213675212738,741470,741320,0.00020230083482808414,816750,816650,0.00012243648607279667,768240,768130,0.0001431844215349365,,9714100,9712280,0.00018735652299239902,1
SHV-HQ,PMT SST-02,13556,13540,0.0011802891708468932,14119,14101,0.0012748778242085423,14211,14190,0.0014777285201604817,16792,16767,0.0014888041924726592,15472,15448,0.0015511892450879028,14505,14485,0.0013788348845226173,12774,12757,0.0013308282448724063,13792,13773,0.0013776102088166597,13151,13133,0.0013687172078169496,13972,13954,0.0012882908674491933,14428,14409,0.0013168838369836955,12920,12904,0.0012383900928792935,,169692,169461,0.0013612898663460937,1
SHV-HQ,PMT SST-03,19621,19645,0,20316,20344,0,21260,21291,0,24068,24105,0,21302,21336,0,18867,18898,0,17039,17067,0,18266,18298,0,17147,17178,0,17455,17484,0,19021,19050,0,17742,17768,0,,232104,232464,0,1
SHV-HQ,PMT SST-04,0,0,,0,0,,0,0,,0,0,,0,0,,0,0,,0,0,,0,0,,0,0,,0,0,,0,0,,0,0,,,0,0,,0
SHV-HQ,PMT SST-05,147,147,0,0,0,,0,0,,0,0,,0,0,,0,0,,0,0,,0,0,,0,0,,0,0,,0,0,,0,0,,,147,147,0,1
SHV-HQ,PMT ST-01,184481,184461,0.00010841224841584562,194520,194500,0.00010281719103433229,192098,192092,3.1234057616402744e-05,212933,212932,4.696312924767909e-06,194213,194204,4.634087316501834e-05,181422,181404,9.921619208252963e-05,159204,159189,9.421873822268445e-05,172193,172206,0,157578,157588,0,173340,173339,5.76900888427101e-06,184085,184079,3.25936388081427e-05,173964,173958,3.448989446097617e-05,,2180031,2179952,3.623801679886185e-05,1
SHV-HQ,PMT ST-02,84338,84060,0.0032962602859920587,89088,88795,0.0032888829022988952,88401,88092,0.0034954355719958308,104307,103940,0.003518459930781259,106501,106155,0.00324879578595505,102373,102087,0.0027937053715335614,86091,85883,0.0024160481351128693,98029,97767,0.0026726784930989345,87313,87122,0.0021875322116980955,92896,92666,0.0024758870134343747,98637,98375,0.0026562040613562488,82228,81993,0.00285790728219093,,1120202,1116935,0.002916438285237799,1
SHV-HQ,PMT ST-03,59875,60385,0,61551,62074,0,60622,61138,0,68053,68630,0,65348,65921,0,60966,61522,0,55218,55744,0,59574,60130,0,55926,56477,0,57988,58541,0,62610,63178,0,57752,58272,0,,725483,732012,0,1
SHV-HQ,PMT ST-04,59440,59464,0,61356,61381,0,61582,61612,0,68141,68175,0,68821,68860,0,60964,60993,0,55376,55404,0,60873,60907,0,55959,55996,0,66756,66797,0,69416,69455,0,63344,63381,0,,752028,752425,0,1
SHV-HQ,PMT ST-05,31610,31576,0.001075608984498544,33142,33215,0,32782,32875,0,37101,37205,0,35316,35481,0,33766,34302,0,30605,31251,0,33202,33901,0,31048,31681,0,33381,33962,0,34036,34952,0,30536,31687,0,,396525,402088,0,1
SHV-HQ,PMT ST-06,23119,23135,0,24415,24432,0,25055,25070,0,28695,28712,0,26509,26512,0,25468,25469,0,23336,23334,8.570449091527266e-05,25028,25028,0,23986,23990,0,26187,26184,0.00011456065986936714,26543,26550,0,25233,25236,0,,303574,303652,0,1
SHV-HQ,PMT ST-07,34393,34421,0,36060,36091,0,35663,35696,0,40164,40201,0,37883,37919,0,36090,36122,0,32578,32606,0,34851,34881,0,32648,32676,0,35963,35993,0,37694,37727,0,35194,35222,0,,429181,429555,0,1
SHV-HQ,PMT ST-08,4395,4392,0.0006825938566552558,4710,4705,0.0010615711252653925,4582,4574,0.0017459624618070269,5665,5662,0.0005295675198587757,4955,4953,0.0004036326942482571,4809,4805,0.0008317737575379569,4423,4420,0.0006782726656116012,4722,4715,0.0014824227022448566,4088,4081,0.001712328767123239,4365,4256,0.024971363115693035,4444,2987,0.3278577857785778,3902,2958,0.24192721681189133,,55060,52508,0.04634943697784233,1
SHV-HQ,PMT ST-09,12671,12663,0.0006313629547786137,14267,14259,0.0005607345622765658,14216,14211,0.00035171637591446814,14595,14590,0.00034258307639600805,13578,13574,0.0002945941964943577,12876,12871,0.0003883193538365415,11684,11679,0.0004279356384799815,12262,12256,0.0004893165878323558,11686,11681,0.00042786239945236115,12271,12262,0.0007334365577377211,13106,13095,0.000839310239584945,11841,11832,0.0007600709399544492,,155053,154973,0.00051595260975279,1
SHV-HQ,PMT ST-10,8809,8810,0,8877,8877,0,10191,10190,9.812579727208615e-05,11113,11122,0,10656,10660,0,10283,10288,0,9728,9733,0,10292,10296,0,9332,9338,0,10092,10097,0,9852,9853,0,9938,9941,0,,119163,119205,0,1
SHV-HQ,PMT ST-11,8452,8446,0.0007098911500236227,9112,9105,0.0007682177348551367,8140,8135,0.0006142506142505777,10592,10586,0.0005664652567975992,11370,11363,0.0006156552330695009,10723,10717,0.0005595449034785371,9587,9580,0.0007301554187962855,10316,10305,0.0010663047692903715,11259,11251,0.0007105426769695722,11884,11875,0.0007573207674184124,14177,14165,0.0008464414192000946,14381,14372,0.0006258257422988578,,129993,129900,0.0007154231381689691,1
SHV-HQ,PMT ST-12,2201,2198,0.0013630168105406293,2556,2555,0.0003912363067292146,2727,2726,0.0003667033370003958,2994,3006,0,2460,2470,0,2421,2430,0,1881,1891,0,2289,2298,0,2678,2684,0,3863,2795,0.2764690654931401,4027,5125,0,3456,3482,0,,33553,33660,0,1
SHV-HQ,PMT ST-13,1478,1480,0,1551,1553,0,1535,1538,0,1606,1608,0,466,1368,0,1060,1282,0,1188,1190,0,994,996,0,878,880,0,994,996,0,1112,1112,0,1610,1613,0,,14472,15616,0,1
SHV-HQ,PMT ST-14,10066,10077,0,10436,10448,0,10654,10667,0,11803,11815,0,10681,10696,0,9781,9791,0,9106,9115,0,9380,9393,0,8566,8574,0,9375,9387,0,9971,9981,0,10175,10186,0,,119994,120130,0,1
SHV-HQ,PMT ST-15,92321,92618,0,90196,90477,0,91409,91702,0,98094,98412,0,101229,101562,0,95835,96153,0,85303,85590,0,89346,89649,0,74836,75091,0,86570,86870,0,89018,89326,0,86845,87136,0,,1081002,1084586,0,1
SHV-HQ,PMT ST-16,42613,42599,0.00032853823950440564,43938,43923,0.0003413901406527087,43445,43428,0.0003912993439981749,48835,48819,0.0003276338691512448,44815,44802,0.0002900814459444456,41944,41936,0.00019073049780660156,37770,37764,0.000158856235107252,41168,41158,0.0002429071123202231,38158,38153,0.00013103412128523395,41496,41488,0.0001927896664738471,43577,43565,0.0002753746242283306,41131,41120,0.0002674381853103869,,508890,508755,0.00026528326357366794,1
SHV-HQ,PMT ST-17,52765,52757,0.00015161565431631718,53683,53674,0.00016765083918557355,55664,55657,0.00012575452716301339,62857,62847,0.0001590912706619374,60046,60035,0.0001831928854544307,57157,57142,0.00026243504732581524,51418,51402,0.0003111750748765463,55837,55818,0.0003402761609685445,52618,52595,0.00043711277509594915,59845,59822,0.0003843261759545191,61136,61121,0.00024535461920960344,57929,57913,0.0002762001760776567,,680955,680783,0.0002525864411011547,1
SHV-HQ,PMT ST-18,28610,28521,0.00311080041943379,29239,29150,0.0030438797496494807,29248,29169,0.0027010393873084793,32681,32604,0.0023561090541904806,33657,33584,0.0021689395965177605,33623,33542,0.0024090652232102716,27012,26947,0.002406337923885671,24375,24324,0.0020923076923077266,22469,22416,0.002358805465307756,23981,23962,0.0007922938993369932,26893,26884,0.0003346595768415339,25046,25037,0.00035933881657745914,,336834,336140,0.0020603620774625186,1
SHV-HQ,PMT ST-21,570,580,0,530,530,0,670,670,0,470,470,0,340,330,0.02941176470588236,270,270,0,200,200,0,190,200,0,140,140,0,20,20,0,20,10,0.5,10,10,0,,3430,3430,0,1
SHV-HQ,PMT ST-22,529610,531400,0,880390,883170,0,1763400,1768660,0,1646330,1651420,0,1612690,1617560,0,2141620,2148040,0,2700620,2707960,0,2530520,2537630,0,2252259,2258430,0,2431830,2437470,0,2971511,2978700,0,3538150,3545520,0,,24998930,25065960,0,1
SHV-HQ,PMT ST-24,44728,44731,0,45629,45634,0,46291,46294,0,48575,48580,0,57133,57140,0,59806,69812,0,35258,25263,0.28348176300414085,15902,15905,0,22987,22989,0,23283,23287,0,24979,24981,0,24208,24211,0,,448779,448827,0,1
SHV-HQ,PMT ST-25,1674,1671,0.0017921146953404632,1905,1901,0.0020997375328084544,1961,1957,0.0020397756246812726,2707,2702,0.0018470631695604034,3975,3967,0.0020125786163521786,4622,4613,0.0019472090004326592,4512,4504,0.0017730496453900457,2819,2813,0.0021284143313231585,2085,2080,0.0023980815347721673,2170,2164,0.0027649769585254003,1686,1681,0.0029655990510083496,1507,1501,0.003981420039814165,,31623,31554,0.0021819561711412527,1
SHV-HQ,PMT ST-26,2444,2443,0.00040916530278234386,3711,3711,0,3076,3075,0.00032509752925879987,3890,3889,0.00025706940874037354,3631,3631,0,3945,3945,0,3210,3223,0,2885,2885,0,2561,2562,0,2870,2869,0.00034843205574908165,2927,2927,0,2720,2720,0,,37870,37880,0,1
SHV-HQ,PMT ST-27,7977,7982,0,5652,5656,0,5675,5679,0,5516,5519,0,5420,5424,0,5315,5317,0,4454,4457,0,3921,3922,0,4257,4259,0,5569,5573,0,4066,4068,0,4385,4387,0,,62207,62243,0,1
SHV-HQ,PMT ST-28,2562,2561,0.0003903200624512104,1818,1818,0,839,839,0,2649,2648,0.0003775009437523291,2388,2386,0.0008375209380234727,3059,3059,0,2330,2329,0.00042918454935625405,2120,2120,0,833,833,0,846,845,0.0011820330969266601,858,858,0,2673,2672,0.00037411148522259463,,22975,22968,0.0003046789989118448,1
SHV-HQ,PMT ST-29,9298,9302,0,9277,9282,0,8127,8132,0,8882,8888,0,9741,9746,0,10699,10705,0,6839,6843,0,7064,7068,0,6739,6742,0,7028,7032,0,7356,7360,0,7102,7106,0,,98152,98206,0,1
SHV-HQ,PMT ST-31,172010,172059,0,169750,169790,0,161039,161076,0,146157,146185,0,188219,188265,0,219422,219470,0,200530,200573,0,158041,158078,0,163824,163862,0,190019,190080,0,255225,255300,0,212013,212064,0,,2236249,2236802,0,1
SHV-HQ,PMT ST-32,5779,5776,0.0005191209551825837,5983,5979,0.0006685609226140254,6474,6471,0.0004633920296570615,7488,7483,0.0006677350427350959,6333,6330,0.000473709142586487,5443,5440,0.000551166636046263,4502,4499,0.0006663705019991362,4314,4311,0.0006954102920723182,3893,3890,0.0007706139224248343,3996,3993,0.0007507507507507061,3950,3945,0.0012658227848101333,4153,4153,0,,62308,62270,0.0006098735314887804,1
SHV-HQ,PMT ST-33,91115,91023,0.0010097130000549237,276774,276485,0.0010441732243635649,385131,384706,0.0011035206202565373,68925,68847,0.001131664853101233,106,107,0,0,0,,0,0,,0,0,,0,0,,0,0,,0,0,,0,0,,,822051,821168,0.001074142601858008,1
SHV-HQ,PMT ST-34,237,238,0,221,221,0,422,479,0,461,338,0.26681127982646424,144,202,0,140,138,0.014285714285714235,154,154,0,181,180,0.0055248618784530246,127,126,0.007874015748031482,105,104,0.00952380952380949,149,146,0.020134228187919434,273,270,0.01098901098901095,,2614,2596,0.00688599846977811,1
SHV-HQ,PMT ST-35,3223,3224,0,2760,2762,0,2614,2615,0,3196,3197,0,3161,3162,0,2374,2375,0,1924,1926,0,2633,2634,0,1994,1996,0,2456,2457,0,2483,2485,0,2600,2601,0,,31418,31434,0,1
SHV-HQ,PMT ST-36,3169,3169,0,2651,2652,0,2566,2566,0,2530,2531,0,2008,2008,0,2016,2016,0,1735,1736,0,1818,1818,0,1675,1676,0,1759,1759,0,1699,1699,0,1659,1659,0,,25285,25289,0,1
SHV-HQ,PMT ST-37,1499,1530,0,1272,1299,0,1018,1044,0,933,960,0,796,819,0,629,658,0,572,589,0,276,299,0,286,330,0,262,301,0,252,289,0,285,314,0,,8080,8432,0,1
SHV-HQ,PMT ST-38,85930,84980,0.011055510299080695,22440,22350,0.004010695187165791,205030,204620,0.001999707359898517,258500,258030,0.0018181818181818299,395990,395430,0.0014141771256850344,492820,491770,0.00213059534921467,0,0,,54860,54690,0.003098796937659465,7600,7600,0,178440,178070,0.002073526115220825,99280,98870,0.004129734085414949,0,0,,,1800890,1796410,0.002487658879776089,1
SHV-HQ,PMT ST-39,64435,64419,0.00024831225265775636,66371,66356,0.00022600232029046374,64863,64850,0.00020042242881146421,72476,72462,0.0001931673933439626,70564,70550,0.00019840145116489794,66664,66649,0.00022500900036004357,61118,61105,0.0002127032952649044,65045,65032,0.0001998616342532289,61771,61764,0.00011332178530376602,63110,63092,0.000285216289019119,59858,59847,0.00018376825152865983,54977,54967,0.00018189424668502152,,771252,771093,0.00020615829845493927,1
SHV-HQ,PMT ST-40,46216,46244,0,46530,46557,0,46060,46088,0,52214,52250,0,49357,49391,0,45197,45226,0,41961,41994,0,48739,48778,0,44522,44562,0,47242,47286,0,48048,48094,0,45253,45297,0,,561339,561767,0,1
SHV-HQ,PMT ST-41,5,17,0,5,18,0,5,16,0,3,13,0,0,0,,0,0,,0,0,,0,0,,0,0,,0,0,,0,0,,0,0,,,18,64,0,1
SHV-HQ,PMT ST-42,538,544,0,1143,1153,0,3052,3070,0,2340,2356,0,2832,2850,0,3084,3098,0,1941,1945,0,1609,1613,0,965,967,0,1022,1025,0,611,611,0,968,973,0,,20105,20205,0,1
SHV-HQ,PMT ST-43,0,0,,0,0,,0,0,,0,0,,0,0,,0,0,,24325,24320,0.00020554984583764924,53365,53345,0.0003747774758736666,44229,44216,0.0002939248004703021,46242,46228,0.0003027550711474092,49855,49835,0.0004011633737839304,48123,48101,0.00045716185607713733,,266139,266045,0.0003531988923081153,1
SHV-HQ,PMT TSL-01,19256,19498,0,19620,19871,0,19624,19877,0,21087,21352,0,20627,20871,0,20710,20933,0,19385,19586,0,20494,20707,0,20087,20298,0,19123,19317,0,20994,21211,0,20020,20222,0,,241027,243743,0,1
SHV-HQ,PMT TSL-02,38250,38220,0.0007843137254901489,39780,39810,0,41250,41250,0,40320,40380,0,36960,36990,0,34860,34860,0,31350,31380,0,32820,32820,0,31620,31650,0,31740,31800,0,36690,36690,0,35040,35070,0,,430680,430920,0,1
SHV-HQ,PMT TSL-03,21529,21537,0,22268,22274,0,22073,22086,0,24937,24948,0,24029,24042,0,24093,24102,0,21581,21589,0,22680,22689,0,22680,22691,0,22762,22771,0,24302,24310,0,22770,22781,0,,275704,275820,0,1
SHV-HQ,PMT TSL-04,35340,35190,0.004244482173174857,36570,36450,0.003281378178835115,36300,36180,0.0033057851239669533,40500,40350,0.0037037037037036535,38790,38670,0.0030935808197989356,38220,38100,0.0031397174254317317,34800,34620,0.005172413793103403,37110,36990,0.003233629749393674,36150,36000,0.004149377593360981,34950,34890,0.0017167381974249052,37770,37650,0.003177124702144596,33810,33660,0.004436557231588312,,440310,438750,0.003542958370239102,1
SHV-HQ,PMT TSL-05,2407,2407,0,2069,2066,0.0014499758337360724,2915,2911,0.0013722126929673895,6709,6716,0,3198,3195,0.0009380863039399889,1342,1340,0.0014903129657227732,1121,1122,0,1211,1209,0.0016515276630884035,1344,1340,0.0029761904761904656,1268,1264,0.003154574132492094,1333,1332,0.0007501875468867159,3358,3354,0.001191185229303171,,28275,28256,0.0006719717064544994,1
SHV-HQ,PMT TSL-06,25586,25838,0,26528,26793,0,25824,26072,0,29411,29658,0,27980,28217,0,26859,27097,0,24357,24575,0,26551,26797,0,25818,26059,0,25678,25916,0,27533,27787,0,24858,25041,0,,316983,319850,0,1
SHV-HQ,PMT TSL-07,8544,8544,0,8708,8721,0,8203,8221,0,8142,8157,0,7931,7944,0,7587,7604,0,7270,7288,0,7970,7977,0,7916,7930,0,7506,7511,0,8337,8353,0,7930,7946,0,,96044,96196,0,1
SHV-HQ,PMT TSL-08,10742,10722,0.0018618506795754497,10390,10366,0.002309913378248263,10246,10216,0.0029279718914698716,11767,11733,0.0028894365598708394,10579,10559,0.0018905378580206245,10262,10231,0.003020853634769005,9297,9277,0.002151231580079571,9846,9833,0.0013203331302051868,10020,9999,0.002095808383233533,9884,9855,0.002934034803723229,10087,10051,0.0035689501338356244,9731,9700,0.0031856952009042816,,122851,122542,0.002515242041171817,1
SHV-HQ,PMT TSL-09,1207,1205,0.001657000828500399,1097,1090,0.006381039197812188,989,983,0.006066734074823055,890,890,0,1316,1300,0.012158054711246202,597,596,0.0016750418760469454,705,705,0,557,558,0,876,877,0,433,434,0,886,887,0,986,987,0,,10539,10512,0.002561912894961549,1
SHV-HQ,PMT TSL-10,1059710,1060200,0,983260,983770,0,867680,868060,0,475030,475300,0,1581410,1580770,0.0004047021329066647,1119250,1119050,0.00017869108778201248,1095420,1095190,0.00020996512753101992,1163010,1162750,0.00022355783699190557,815930,815840,0.00011030357996399953,0,0,,0,0,,0,0,,,9160700,9160930,0,1
SHV-HQ,PMT TSL-11,7603,7591,0.0015783243456530816,7854,7844,0.00127323656735423,7288,7277,0.0015093304061470914,8525,8503,0.002580645161290307,8290,8279,0.0013268998793727338,7948,7934,0.001761449421238015,7393,7370,0.0031110509941837394,7743,7722,0.0027121270825261057,7559,7542,0.0022489747321073894,7720,7698,0.0028497409326424528,7886,7860,0.0032969819934060007,7433,7421,0.0016144221713978446,,93242,93041,0.002155680916325231,1
SHV-HQ,PMT TSL-12,3005,2994,0.003660565723793696,3043,3039,0.0013144922773579149,2589,2586,0.0011587485515642815,2833,2829,0.001411930815390039,2518,2515,0.0011914217633042234,2514,2512,0.0007955449482895949,2161,2160,0.00046274872744100914,2288,2284,0.0017482517482517723,2237,2235,0.0008940545373268272,2362,2356,0.002540220152413175,2369,2365,0.0016884761502743428,2583,2577,0.0023228803716608404,,30502,30452,0.0016392367713592426,1
SHV-HQ,PMT TSL-13,4663,4696,0,4761,4788,0,4631,4653,0,5117,5148,0,5778,5804,0,5819,5849,0,5192,5229,0,4903,4950,0,4935,4973,0,5004,5043,0,5482,5526,0,4692,4707,0,,60977,61366,0,1
SHV-HQ,PMT TSL-14,4589,4589,0,4955,4958,0,4825,4832,0,3651,3643,0.002191180498493539,4237,4227,0.0023601604909133655,4231,4216,0.0035452611675726997,3496,3492,0.0011441647597254523,3948,3923,0.0063323201621073855,3769,3770,0,3346,3340,0.0017931858936043321,3466,3463,0.0008655510675129596,2973,2972,0.00033636057854014023,,47486,47425,0.0012845891420629751,1
SHV-HQ,PMT TSL-15,3661,3666,0,3702,3709,0,3395,3399,0,3934,3940,0,3566,3572,0,4160,4166,0,3394,3399,0,3536,3542,0,3353,3358,0,3466,3472,0,3580,3586,0,3265,3270,0,,43012,43079,0,1
SHV-HQ,PMT TSL-16,8704,8725,0,8789,8811,0,8957,8980,0,11022,11051,0,9403,9428,0,8885,8907,0,7860,7881,0,8427,8448,0,8365,8388,0,8433,8456,0,8651,8675,0,8202,8221,0,,105698,105971,0,1
SHV-HQ,PMT TSL-18,20622,20636,0,21128,21139,0,20148,20162,0,22211,22230,0,21366,21381,0,22435,22463,0,19759,19783,0,19556,19565,0,9847,9854,0,9878,9879,0,10510,10511,0,9061,9067,0,,206521,206670,0,1
SHV-HQ,PMT TSL-19,5125,5122,0.0005853658536585371,3944,3945,0,3966,3967,0,5571,5571,0,5649,0,1,0,9512,0,6565,3034,0.5378522467631379,3366,3366,0,3026,3022,0.0013218770654329637,3181,3176,0.0015718327569946844,3672,3666,0.0016339869281045694,4740,4734,0.0012658227848101333,,48805,49115,0,1
SHV-HQ,PMT TSL-20,2921,2922,0,2764,2765,0,2803,2804,0,3100,3102,0,2890,2892,0,2694,2695,0,2646,2647,0,2838,2842,0,2775,2778,0,2785,2788,0,3022,3024,0,2979,2982,0,,34217,34241,0,1
SHV-HQ,PMT TSL-21,20739,20732,0.0003375283282703867,44188,44170,0.0004073504118765614,54647,54630,0.000311087525390219,26286,26278,0.00030434451799432605,61872,61850,0.0003555727954486221,79433,79407,0.00032731987964695897,35672,35659,0.00036443148688047877,37640,37624,0.0004250797024442088,33386,33375,0.0003294794225123798,4573,4572,0.0002186748305269548,25058,25047,0.0004389815627743321,62310,62278,0.0005135612261274458,,485804,485622,0.0003746366847535709,1
SHV-HQ,PMT TSL-22,0,0,,0,0,,0,0,,0,0,,0,0,,0,0,,0,0,,0,0,,0,0,,0,0,,0,0,,0,0,,,0,0,,1
SHV-HQ,PMT TSL-24,25095,25083,0.00047818290496115523,25248,25233,0.0005941064638783633,18467,18461,0.0003249038826014239,16340,16342,0,17329,17325,0.00023082693750364758,15972,15974,0,17695,17709,0,19802,19788,0.0007069992930006652,24204,24199,0.00020657742521901223,26838,26830,0.0002980848051270524,20467,20461,0.00029315483461178626,19001,18999,0.00010525761802004929,,246458,246404,0.00021910426928728466,1
SHV-HQ,PMT TSL-25,61852,61862,0,63507,63529,0,63146,63160,0,61962,61970,0,61371,61384,0,59786,59802,0,54842,54863,0,56890,56913,0,55042,55061,0,53216,53232,0,59510,59525,0,57131,57143,0,,708255,708444,0,1
SHV-HQ,PMT TSL-26,1430,1414,0.01118881118881121,1479,1463,0.010818120351588911,1522,1504,0.01182654402102501,1528,1510,0.011780104712041939,1566,1547,0.012132822477650018,1458,1438,0.013717421124828544,1339,1323,0.011949215832711024,1485,1466,0.012794612794612803,1306,1290,0.01225114854517606,1326,1310,0.012066365007541435,1482,1463,0.012820512820512775,1264,1351,0,,17185,17079,0.006168169915624078,1
SHV-HQ,PMT TSL-27,4177,4117,0.014364376346660324,4414,4392,0.004984141368373329,4368,4660,0,4260,4936,0,4024,4583,0,4405,4366,0.008853575482406395,3640,3596,0.012087912087912045,3772,3726,0.012195121951219523,3902,3856,0.0117888262429523,4257,4206,0.011980267794221233,4521,4465,0.012386640123866366,4761,4701,0.012602394454946486,,50501,51604,0,1
SHV-HQ,PMT TSL-28,0,0,,0,0,,0,0,,0,0,,30908,30954,0,21207,21234,0,19360,19386,0,20908,20936,0,20925,20955,0,19562,19589,0,22002,22035,0,21099,21124,0,,175971,176213,0,1
SHV-HQ,PMT UCK-01,98729,99229,0,80549,82338,0,80741,82487,0,85351,87262,0,99102,101037,0,92629,94557,0,85085,86857,0,95816,97771,0,91075,92987,0,77917,79653,0,90436,92244,0,71145,72756,0,,1048575,1069178,0,1
SHV-HQ,PMT UDP-02,2687,3187,0,2407,2917,0,20927,21615,0,3840,4357,0,0,474,0,0,492,0,0,466,0,0,482,0,0,486,0,0,461,0,0,478,0,0,468,0,,29861,35883,0,1
SHV-HQ,PMT UDP-03,1484650,1484490,0.00010776950796487217,1530120,1529400,0.0004705513293075114,1756240,1755590,0.0003701088689472831,2117390,2116360,0.0004864479382635789,2190610,2188980,0.0007440849808957317,2230570,2229720,0.00038106851611918735,2008850,2007890,0.0004778853572939834,2262930,2261390,0.0006805336444344334,2206140,2204660,0.0006708549774719907,2153170,2151790,0.0006409154873976419,2108080,2106790,0.0006119312360062246,1853070,1851920,0.0006205917747306167,,23901820,23888980,0.0005371975857905165,1
SHV-HQ,PMT VRTN-01,1069570,1071940,0,1063710,1066010,0,1097620,1099970,0,1264180,1266890,0,1347700,1350570,0,1329600,1332400,0,1168640,1171170,0,1259130,1261860,0,1130820,1133240,0,871330,873250,0,692480,693950,0,495280,496460,0,,12790060,12817710,0,1
SHV-HQ,PMT VRTN-02,0,0,,0,0,,0,0,,0,0,,16100,16100,0,0,0,,0,0,,0,0,,5930,5920,0.001686340640809414,6690,6690,0,172850,172870,0,347550,347580,0,,549120,549160,0,1
SHV-HQ,PMT VRTN-03,0,0,,0,0,,0,0,,0,0,,0,0,,0,0,,0,0,,0,0,,0,0,,0,0,,0,0,,0,0,,,0,0,,1
SHV-HQ,PMT VRTN-04,0,0,,0,0,,0,0,,214040,213860,0.0008409643057372129,120570,120420,0.0012440905697934657,106490,106300,0.0017842050896798023,96940,96760,0.0018568186507117446,106050,105800,0.0023573785950024018,102380,102130,0.0024418831803086904,100430,100280,0.0014935776162501302,118590,118480,0.0009275655620204493,105770,105630,0.001323626737260053,,1071260,1069660,0.0014935683214158946,1
SHV-HQ,PMT-01,168973,156869,0.07163274606002146,180554,166958,0.0753015718289265,178153,163930,0.07983587141389703,199051,183262,0.0793213799478526,213087,194384,0.08777166134020375,202860,186400,0.08113970225771472,128811,154055,0,72491,68896,0.049592363189913224,71005,67288,0.05234842616717128,67472,63932,0.05246620820488501,69302,67091,0.03190384115898526,70494,68052,0.034641246063494724,,1622253,1541117,0.05001439356253312,129
SHV-HQ,PMT-08,31711,30054,0.052253161363564726,29887,29060,0.02767089369960185,32627,32258,0.011309651515615915,40775,39843,0.02285714285714291,38631,37793,0.021692423183453657,35190,34465,0.020602443876101217,31680,31074,0.019128787878787912,33259,32652,0.01825069905890131,29364,28809,0.01890069472823863,28526,27967,0.01959615789104674,33553,32887,0.019849193812773835,31754,31147,0.019115701958808295,,396957,388009,0.022541484342132767,69
SHV-HQ,PMT-1000,127412,123633,0.029659686685712505,134951,130507,0.03293047105986613,134542,143857,0,126893,102371,0.19324943062265054,110017,106166,0.035003681249261454,109081,105445,0.03333302775002067,88405,85750,0.030032237995588518,87157,84726,0.027892194545475424,101770,97632,0.04066031246929347,93707,89484,0.04506600360698776,105054,104737,0.003017495764083278,112146,108686,0.03085263852478015,,1331135,1282994,0.03616537766642747,55
SHV-HQ,PMT-1001,84817,84153,0.007828619262647774,80343,79572,0.009596355625256736,79224,78312,0.011511663132384164,91210,89360,0.020282863721083233,99193,98535,0.006633532608147807,93997,93148,0.00903220315541986,82478,81554,0.0112029874633236,76172,75530,0.008428293861261316,90340,89583,0.008379455390746027,72901,72348,0.007585629826751372,85098,84454,0.007567745422924155,97493,96434,0.01086231832028961,,1033266,1022983,0.009951938803754334,71
SHV-HQ,PMT-1002,43531,42986,0.012519813466265406,41406,40903,0.012147997874704108,40785,40272,0.012578153732990094,48295,47701,0.012299409876798895,51483,49625,0.03608958296913545,49310,49936,0,44335,43768,0.012788992895003903,40275,39735,0.013407821229050265,44868,44328,0.012035303557100807,32863,32495,0.01119800383409919,33300,32956,0.010330330330330373,36360,35985,0.010313531353135286,,506811,500690,0.012077480559814169,28
SHV-HQ,PMT-1003,3666,3665,0.0002727768685215626,3782,3782,0,4183,4181,0.0004781257470715117,4312,4311,0.0002319109461966784,6646,6644,0.0003009328919650889,5556,5555,0.00017998560115195517,4878,4876,0.00041000410004099486,4471,4470,0.0002236636099306466,4843,4842,0.00020648358455499505,4675,4673,0.00042780748663107104,4322,4321,0.00023137436372044906,4365,4365,0,,55699,55685,0.00025135101168782814,1
SHV-HQ,PMT-1004,21278,21251,0.0012689162515273633,20225,20204,0.0010383189122373793,22213,22185,0.0012605231170935705,27158,27123,0.0012887546947492057,30354,30306,0.0015813401858074672,27220,27181,0.001432770022042562,25858,25820,0.001469564544821722,28519,28496,0.0008064798905992321,27741,27720,0.0007570022710068347,25742,25727,0.0005827053065029508,28597,28575,0.0007693114662377099,25275,25259,0.0006330365974283048,,310180,309847,0.0010735701850538293,1
SHV-HQ,PMT-1006,0,0,,0,0,,0,0,,0,0,,0,0,,0,0,,0,0,,0,0,,0,0,,0,0,,0,0,,0,0,,,0,0,,1
SHV-HQ,PMT-1007,576,579,0,291,292,0,331,332,0,389,392,0,548,487,0.11131386861313863,585,640,0,570,585,0,698,695,0.004297994269340966,837,839,0,854,856,0,895,895,0,846,855,0,,7420,7447,0,1
SHV-HQ,PMT-1008,0,0,,0,0,,0,0,,0,0,,0,0,,0,0,,0,0,,0,0,,0,0,,0,0,,0,0,,0,0,,,0,0,,1
SHV-HQ,PMT-101,18693,18517,0.00941528914566947,18058,17890,0.009303355853361395,17308,17136,0.009937601109313632,19616,19434,0.009278140293637827,18515,18349,0.00896570348366188,18717,18556,0.008601805844953736,16666,16519,0.008820352814112531,15351,15216,0.008794215360562796,17181,17047,0.0077993131948081995,17433,17295,0.007916021338840173,18727,18570,0.008383617237144203,17085,16945,0.00819432250512142,,213350,211474,0.008793063041949822,49
SHV-HQ,PMT-1010,756,757,0,906,907,0,1022,1022,0,1004,1006,0,499,499,0,0,0,,0,0,,0,0,,0,0,,0,0,,161,148,0.08074534161490687,1384,1377,0.005057803468208055,,5732,5716,0.002791346824842944,1
SHV-HQ,PMT-1011,0,0,,0,0,,0,0,,0,0,,0,0,,0,0,,0,0,,0,0,,0,0,,0,0,,0,0,,0,0,,,0,0,,0
SHV-HQ,PMT-1012,26338,26326,0.0004556154605512841,25463,25451,0.00047127204178609716,25094,25084,0.0003985016338566849,23415,23402,0.0005551996583387231,32975,32957,0.0005458680818801742,29979,29965,0.0004669935621601784,31509,31497,0.00038084356850420775,31041,31029,0.00038658548371506285,39788,39773,0.00037699808987634587,39639,39623,0.0004036428769645939,45912,45893,0.0004138351629203729,47926,47904,0.0004590410215749019,,399079,398904,0.0004385096685117773,1
SHV-HQ,PMT-1013,0,0,,2420,3387,0,4011,5032,0,8336,9460,0,10815,11864,0,12049,13164,0,17322,18465,0,13935,15015,0,13532,14637,0,18901,20029,0,21834,23027,0,20416,21504,0,,143571,155584,0,1
SHV-HQ,PMT-1014,142,142,0,1377,1380,0,2092,2094,0,2453,2455,0,2565,2567,0,2466,2468,0,2104,2107,0,2899,2903,0,1426,1428,0,784,786,0,1086,1089,0,1229,1231,0,,20623,20650,0,1
SHV-HQ,PMT-1015,0,0,,0,0,,0,0,,0,0,,0,0,,0,0,,0,0,,0,0,,0,0,,0,0,,0,0,,0,0,,,0,0,,1
SHV-HQ,PMT-1016,0,0,,0,0,,0,0,,0,0,,0,0,,0,0,,0,0,,0,0,,0,0,,0,0,,0,0,,0,0,,,0,0,,1
SHV-HQ,PMT-1018,0,0,,0,0,,0,0,,0,0,,0,0,,0,0,,0,0,,272,272,0,775,775,0,1223,1223,0,2478,2478,0,1577,1576,0.0006341154090044876,,6325,6324,0.00015810276679839586,1
SHV-HQ,PMT-1019,1947,1947,0,898,898,0,0,0,,0,0,,0,0,,0,0,,0,0,,0,0,,0,0,,0,0,,0,0,,0,0,,,2845,2845,0,1
SHV-HQ,PMT-102,0,0,,0,0,,0,0,,0,0,,0,0,,0,0,,0,0,,0,0,,0,0,,860,858,0.0023255813953488857,809,808,0.0012360939431397266,756,756,0,,2425,2422,0.0012371134020618957,1
SHV-HQ,PMT-1022,2337,2345,0,2282,2285,0,2200,2200,0,2532,2542,0,2597,2602,0,2388,2393,0,2064,2068,0,2011,2017,0,2116,2118,0,1915,1920,0,3064,3071,0,3831,3829,0.0005220569042025947,,29337,29390,0,1
SHV-HQ,PMT-1024,0,0,,0,0,,0,0,,0,0,,0,0,,0,0,,0,0,,0,0,,0,0,,0,0,,0,0,,0,0,,,0,0,,0
SHV-HQ,PMT-1025,30988,30559,0.013844068671743925,29208,28801,0.013934538482607506,28769,28416,0.012270151899614223,61488,81338,0,87548,86398,0.013135651299858386,86794,85637,0.01333041454478423,68307,67538,0.01125799698420371,64535,63791,0.01152862787634612,71230,70362,0.012185876737329737,65420,64704,0.010944665239987716,69948,69216,0.010464916795333679,87556,86140,0.016172506738544423,,751791,762900,0,57
SHV-HQ,PMT-1026,22789,22800,0,18619,18625,0,19148,19157,0,21885,21895,0,25767,25781,0,25570,25584,0,23690,23701,0,18775,18783,0,21179,21188,0,18160,18168,0,16304,16311,0,19778,19787,0,,251664,251780,0,1
SHV-HQ,PMT-1027,0,0,,0,0,,0,0,,0,0,,0,0,,0,0,,0,0,,0,0,,0,0,,0,0,,0,0,,0,0,,,0,0,,1
SHV-HQ,PMT-1028,0,0,,0,0,,0,0,,0,0,,0,0,,0,0,,0,0,,0,0,,0,0,,0,0,,0,0,,0,0,,,0,0,,1
SHV-HQ,PMT-1029,0,0,,0,0,,0,0,,0,0,,0,0,,0,0,,0,0,,0,0,,0,0,,0,0,,0,0,,0,0,,,0,0,,1
SHV-HQ,PMT-1030,9217,9218,0,9606,9609,0,9003,9005,0,11401,11404,0,11158,11161,0,11979,11981,0,11056,11058,0,10206,10210,0,11070,11073,0,10554,10556,0,10790,10793,0,11086,11090,0,,127126,127158,0,1
SHV-HQ,PMT-1033,0,0,,0,0,,0,0,,0,0,,0,0,,0,0,,0,0,,0,0,,0,0,,0,0,,0,0,,0,0,,,0,0,,0
SHV-HQ,PMT-1034,0,0,,0,0,,0,0,,0,0,,0,0,,0,0,,0,0,,0,0,,0,0,,0,0,,0,0,,0,0,,,0,0,,1
SHV-HQ,PMT-1035,0,0,,0,0,,0,0,,0,0,,0,0,,0,0,,0,0,,0,0,,0,0,,0,0,,0,0,,0,0,,,0,0,,1
SHV-HQ,PMT-1036,160835,155563,0.03277893493331674,169144,163862,0.03122782954169223,150525,177338,0,248136,209239,0.15675677854080017,247131,240459,0.026997827063379387,267104,260436,0.02496405894333298,231293,225792,0.02378368562818589,215342,211201,0.019229876196933282,248373,242652,0.023033904651471815,225204,220875,0.01922257153514151,178410,174789,0.020295947536573045,194430,191323,0.01598004423185717,,2535927,2473529,0.02460559787407135,166
SHV-HQ,PMT-1037,0,0,,0,0,,0,0,,0,0,,0,0,,0,0,,0,0,,0,0,,0,0,,0,0,,0,0,,0,0,,,0,0,,1
SHV-HQ,PMT-1038,6092,6096,0,4961,4961,0,5717,5714,0.0005247507433968623,5559,5566,0,7014,7015,0,5128,5131,0,5925,5927,0,5622,5624,0,4384,4385,0,4341,4345,0,3434,3437,0,5090,5092,0,,63267,63293,0,1
SHV-HQ,PMT-1039,0,0,,0,0,,0,0,,0,0,,0,0,,0,0,,0,0,,0,0,,0,0,,0,0,,0,0,,0,0,,,0,0,,1
SHV-HQ,PMT-1040,68372,66847,0.02230445211490084,75486,73667,0.024097183583710935,76441,74498,0.02541829646393956,90283,87850,0.02694859497358304,91126,88568,0.028071022540219093,87449,85016,0.027821930496632286,68171,66360,0.026565548400346195,77430,75370,0.026604675190494587,74547,72569,0.026533596254711744,74748,72789,0.026208059078503765,74911,72937,0.02635127017393979,71588,69695,0.02644297927026873,,930552,906166,0.026205950876469042,275
SHV-HQ,PMT-1041,2697,2696,0.0003707823507601571,2838,2839,0,2615,2614,0.0003824091778202865,3011,3011,0,3157,3156,0.0003167564143173873,3234,3234,0,3012,3013,0,2945,2945,0,3081,3080,0.0003245699448231054,3034,3033,0.0003295978905735186,2903,2903,0,3103,3103,0,,35630,35627,8.419870895315373e-05,1
SHV-HQ,PMT-1042,8466,8470,0,8357,8359,0,9052,9053,0,9845,9847,0,10796,10797,0,8671,8670,0.00011532695190863418,7062,7066,0,6180,6182,0,4704,4706,0,4764,4766,0,6434,6437,0,6695,6697,0,,91026,91050,0,1
SHV-HQ,PMT-1043,15421,15426,0,15037,15043,0,11946,11951,0,10256,10260,0,13267,13273,0,8470,8475,0,7228,7232,0,3694,3484,0.05684894423389275,13147,13369,0,16010,16015,0,18663,18667,0,18354,18360,0,,151493,151555,0,1
SHV-HQ,PMT-1045,10023,10023,0,10038,10039,0,9243,9242,0.0001081899816076648,10013,10014,0,11031,11032,0,10364,10364,0,9515,9514,0.00010509721492379942,10653,10653,0,10289,10288,9.719117504125574e-05,9700,9700,0,9202,9201,0.00010867202782005592,8207,8207,0,,118278,118277,8.454657670964316e-06,1
SHV-HQ,PMT-1046,21313,21315,0,21930,21932,0,20066,20068,0,20366,20368,0,21866,21866,0,23800,23801,0,20141,20142,0,20396,20396,0,20768,20769,0,19024,19023,5.256518082419337e-05,21992,21993,0,22581,22583,0,,254243,254256,0,1
SHV-HQ,PMT-1047,92276,90577,0.018412154839828387,96292,94559,0.01799734141984799,86561,85010,0.017918000023105063,100134,98286,0.018455269938282726,105719,103583,0.02020450439372301,107277,104975,0.021458467332233333,96874,95133,0.017971798418564333,98529,96784,0.017710521775314847,93371,91683,0.018078418352593384,86236,84680,0.018043508511526474,94881,93143,0.018317682149218473,95394,93532,0.019519047319537908,,1153544,1131945,0.01872403653436716,103
SHV-HQ,PMT-1049,43680,43697,0,44917,44936,0,43354,43371,0,49117,49135,0,50122,50140,0,49748,49769,0,41091,41108,0,40024,40037,0,44086,44104,0,43250,43267,0,36157,36170,0,39471,39490,0,,525017,525224,0,1
SHV-HQ,PMT-1050,9073,9067,0.0006613027664499338,8747,8743,0.00045729964559282354,7894,7892,0.0002533569799848534,8799,8797,0.0002272985566541541,13153,13149,0.00030411313008438245,10231,10229,0.00019548431238392006,7615,7614,0.00013131976362446007,7121,7122,0,9185,9185,0,7631,7632,0,8883,8884,0,8614,8615,0,,106946,106929,0.00015895872683413526,1
SHV-HQ,PMT-1051,4373,4375,0,4611,4612,0,4661,4664,0,5470,5471,0,7682,7685,0,6196,6199,0,5065,5006,0.011648568608094823,5166,5229,0,5970,5972,0,5088,5090,0,5472,5475,0,5165,5166,0,,64919,64944,0,1
SHV-HQ,PMT-1052,192747,187437,0.027549066911547238,188195,183676,0.024012327638885167,199126,193394,0.028785793919427927,223289,216816,0.028989336689223433,235456,227578,0.03345848056537104,234703,227069,0.032526213981073915,181424,176422,0.027570773436811025,176540,172237,0.02437407952871873,197972,194002,0.02005334087648758,173416,170083,0.01921967984499695,187215,181650,0.029725182277061113,217701,216224,0.006784534751792637,,2407784,2346588,0.025415901094118065,193
SHV-HQ,PMT-1053,1901,1905,0,1373,1376,0,1356,1359,0,1370,1373,0,1861,1865,0,1633,1636,0,1610,1614,0,1686,1689,0,1813,1817,0,1406,1410,0,1609,1612,0,1806,1810,0,,19424,19466,0,1
SHV-HQ,PMT-1054,12946,12969,0,16293,16318,0,16841,16868,0,18219,18241,0,19458,19493,0,19968,19998,0,13604,13626,0,15396,15448,0,17328,17286,0.002423822714681445,20901,20889,0.0005741352088416418,24256,24247,0.00037104221635886336,24213,24208,0.00020650064015192982,,219423,219591,0,1
SHV-HQ,PMT-1055,70,70,0,69,69,0,67,67,0,66,67,0,83,83,0,83,83,0,86,86,0,46,46,0,36,36,0,126,127,0,216,217,0,252,253,0,,1200,1204,0,1
SHV-HQ,PMT-1056,90455,88131,0.02569233320435571,81998,79550,0.029854386692358403,93002,89923,0.03310681490720635,93634,92908,0.007753593780037149,134870,130980,0.028842589159931764,120960,117684,0.027083333333333348,98484,96396,0.021201413427561877,92786,90850,0.0208652167352833,103899,101584,0.022281253910047205,103159,100830,0.022576798922052332,108163,105758,0.022234960198958986,111665,108776,0.025872027940715525,,1233075,1203370,0.024090181051436454,168
SHV-HQ,PMT-1057,90119,87738,0.026420621622521345,85257,83075,0.025593206422933057,90841,88377,0.027124316112768443,92043,89238,0.030474886737720364,129409,125117,0.033166163095302514,107668,104550,0.02895939369171896,92455,90032,0.02620734411335246,82249,80208,0.024814891366460423,84672,82570,0.024825207860922127,81601,79464,0.02618840455386573,88311,86015,0.02599902616888039,98949,96319,0.02657934895754377,,1123574,1092703,0.027475715885202034,103
SHV-HQ,PMT-1059,1488,1488,0,2914,2914,0,4473,4473,0,6971,6975,0,8263,8258,0.0006051071039574474,8787,8804,0,8155,8155,0,7063,7063,0,7290,7297,0,7199,7207,0,7269,7255,0.0019259870683725477,7923,7923,0,,77795,77812,0,1
SHV-HQ,PMT-1060,0,0,,0,0,,0,0,,0,0,,0,0,,0,0,,0,0,,0,0,,0,0,,0,0,,0,0,,0,0,,,0,0,,1
SHV-HQ,PMT-1061,22852,22911,0,27478,27481,0,27868,27872,0,29731,29738,0,30932,30942,0,36507,36518,0,4162,29496,0,11573,32934,0,30300,30392,0,28459,28533,0,30562,30627,0,31036,31082,0,,311460,358526,0,1
SHV-HQ,PMT-1062,4697,4701,0,4655,4659,0,5560,5564,0,4203,4205,0,6712,6715,0,6518,6519,0,5794,5797,0,5115,5117,0,6031,6033,0,5412,5415,0,5899,5900,0,5611,5614,0,,66207,66239,0,1
SHV-HQ,PMT-1063,16333,16332,6.122573930078534e-05,26891,26874,0.0006321817708526689,26770,26753,0.0006350392230107804,34526,33704,0.02380814458668834,36374,37149,0,36881,36854,0.0007320842710338837,39007,38977,0.0007690927269464742,39898,39867,0.000776981302320956,39193,39163,0.0007654428086648624,37437,37408,0.000774634719662326,39616,39586,0.0007572697899838055,41578,41547,0.0007455866083024842,,414504,414214,0.0006996313666454146,1
SHV-HQ,PMT-1064,94424,91397,0.03205752774718296,93819,90759,0.03261599462795384,92843,89806,0.032711136003791386,103189,99127,0.03936466096192426,108165,102475,0.05260481671520367,111232,108963,0.020398806098964273,89703,87791,0.02131478322910052,99351,96988,0.02378436049964272,105547,103019,0.0239514150094271,94112,91965,0.02281324379462768,109208,106144,0.028056552633506704,103449,100948,0.02417616410018464,,1205042,1169382,0.02959232956195723,294
SHV-HQ,PMT-1065,6200,6202,0,5271,5272,0,5625,5543,0.0145777777777778,6458,6543,0,8599,8600,0,7730,7732,0,6056,6058,0,5465,5467,0,6687,6691,0,6083,6084,0,7549,7551,0,6876,6879,0,,78599,78622,0,1
SHV-HQ,PMT-1066,10770,10770,0,8161,8161,0,7816,7816,0,4174,4174,0,0,0,,3044,3045,0,11770,11909,0,12854,12719,0.010502567294227494,14999,15000,0,14716,14717,0,13483,13484,0,11248,11249,0,,113035,113044,0,1
SHV-HQ,PMT-1067,1141,1142,0,1439,1437,0.001389854065323104,1642,1642,0,3085,3085,0,4124,4122,0.0004849660523763566,11059,11056,0.0002712722669319101,12840,12838,0.00015576323987542828,13414,13411,0.00022364693603693642,13461,13458,0.00022286605749943789,12463,12460,0.00024071250902668595,12174,12172,0.00016428454082473287,13251,13248,0.00022639800769752583,,100093,100071,0.00021979559010121275,1
SHV-HQ,PMT-1069,3994,3980,0.0035052578868302042,4049,4034,0.003704618424302253,3947,3935,0.0030402837598175747,4197,4183,0.003335715987610177,4201,4186,0.0035705784337062285,4273,4259,0.0032763866136203967,3661,3648,0.0035509423654739303,4015,4000,0.0037359900373599153,3939,3926,0.0033003300330033403,3393,3381,0.0035366931918655586,3779,3765,0.003704683778777418,3474,3461,0.0037420840529648336,,46922,46758,0.0034951621840501046,1
SHV-HQ,PMT-1072,102823,102824,0,89544,89546,0,89719,89716,3.3437733367502886e-05,100460,100461,0,108607,108609,0,118464,118469,0,96183,96188,0,90362,90370,0,99371,99375,0,99307,99313,0,89360,89364,0,92727,92729,0,,1176927,1176964,0,1
SHV-HQ,PMT-1074,114268,111975,0.020066860363356365,112299,110060,0.01993784450440339,100551,98618,0.019224075344849822,106679,104505,0.02037889369041701,109480,107106,0.021684325904274715,105688,103516,0.020551055938233254,102483,100464,0.01970082843008114,99150,97216,0.019505799293998982,108242,106097,0.019816707008370127,95284,93640,0.0172536837244448,108563,106563,0.018422482798006734,110721,108764,0.017675057125567828,,1273408,1248524,0.019541262501884704,58
SHV-HQ,PMT-1075,122618,118743,0.0316022117470518,128589,124395,0.032615542542519194,121584,117202,0.03604092643768919,142251,136843,0.03801730743544862,148193,142308,0.03971172727456762,144590,138936,0.03910367245314339,133427,128627,0.03597472775375299,133937,129500,0.033127515175044975,130117,127197,0.02244134125440944,121038,117351,0.03046150795617908,129767,125559,0.03242735055907897,132421,127735,0.035387136481373815,,1588532,1534396,0.03407926311840115,109
SHV-HQ,PMT-1076,71474,69475,0.027968212217029942,76906,74508,0.03118092216472057,68310,71149,0,78620,71687,0.0881836682777919,100656,97795,0.02842354156731841,89523,87226,0.025658210739139653,84784,82555,0.026290337799584784,85580,83399,0.02548492638466926,92831,90230,0.02801865756051314,78941,76749,0.02776757325090895,87043,84332,0.031145525774617155,89573,86768,0.03131524008350728,,1004241,975873,0.028248199386402217,65
SHV-HQ,PMT-1077,64824,64107,0.011060718252499102,63566,62858,0.011138029764339419,62234,61555,0.01091043481055376,66778,65855,0.013821917397945471,77375,76604,0.009964458804523457,71032,70221,0.011417389345647067,64723,63948,0.011974105032214188,66810,66090,0.010776829815895783,70798,69898,0.012712223509138698,63890,63164,0.011363280638597595,74295,73264,0.013877111514906781,76021,75144,0.01153628602622958,,822346,812708,0.011720127537557135,54
SHV-HQ,PMT-1078,0,0,,0,0,,0,0,,0,0,,0,0,,0,0,,0,0,,0,0,,0,0,,0,0,,0,0,,0,0,,,0,0,,1
SHV-HQ,PMT-1079,64072,64064,0.00012485953302532327,57466,57459,0.0001218111579021075,52612,52606,0.0001140424237816573,54283,54276,0.0001289538161118875,62017,62010,0.00011287227695633284,60630,60624,9.896091044037103e-05,26156,26153,0.00011469643676398356,9701,9701,0,9553,9552,0.00010467915837952813,48010,48012,0,39268,39260,0.00020372822654579625,42721,42718,7.022307530257788e-05,,526489,526435,0.00010256624544857651,1
SHV-HQ,PMT-108,328,330,0,408,410,0,270,270,0,312,314,0,298,298,0,455,458,0,436,437,0,289,288,0.0034602076124568004,328,326,0.0060975609756097615,282,283,0,271,273,0,272,273,0,,3949,3960,0,1
SHV-HQ,PMT-1080,0,0,,0,0,,0,0,,0,0,,0,0,,0,0,,0,0,,0,0,,0,0,,0,0,,0,0,,0,0,,,0,0,,0
SHV-HQ,PMT-1082,31289,31265,0.000767042730672074,32603,32583,0.0006134404809373661,32302,32282,0.0006191567085629401,40699,40672,0.0006634069633160156,42991,42964,0.0006280384266474925,41593,41567,0.0006251051859688106,36061,36038,0.000637808158398312,38830,38804,0.0006695853721349065,40881,40852,0.0007093759937378818,40328,40303,0.0006199166831978298,47510,47478,0.0006735424121238065,43451,43423,0.0006444040413339236,,468538,468231,0.0006552296718729256,1
SHV-HQ,PMT-1083,56250,54981,0.022560000000000024,64570,62921,0.025538175623354475,62668,61401,0.020217654943511798,62914,61560,0.021521441968401334,60785,59252,0.025220037838282416,49804,48769,0.020781463336278172,33077,32453,0.018865072406808348,35607,35042,0.01586766647007609,34056,33505,0.01617923420249001,35059,34490,0.016229784078268028,41556,40824,0.01761478486861101,40955,40284,0.01638383591747039,,577301,565482,0.02047285558140377,70
SHV-HQ,PMT-1084,73450,71702,0.023798502382573195,77288,75470,0.023522409688437995,74016,72109,0.02576469952442717,89282,87030,0.025223449295490696,99579,96273,0.033199771036061865,95001,91209,0.03991536931190198,75800,73732,0.027282321899736117,75085,73170,0.025504428314576777,76145,74027,0.027815352288397155,72563,70708,0.025563992668439783,75992,73916,0.02731866512264447,77303,75005,0.029727177470473376,,961504,934351,0.02824013212633536,80
SHV-HQ,PMT-1085,63856,62817,0.01627098471561017,63115,62131,0.015590588608096367,65809,64865,0.014344542539774241,73293,72222,0.014612582374851635,70819,69887,0.013160310086276272,76719,75412,0.017036197030722455,70815,69575,0.017510414460213286,76418,74896,0.019916773535030963,69881,68069,0.025929794937107342,57625,57114,0.008867678958785263,53136,52200,0.017615176151761558,52535,51639,0.017055296469020598,,794021,780827,0.01661668897925872,53
SHV-HQ,PMT-1086,80248,79453,0.009906788954241796,79284,78471,0.010254275768124765,79432,78652,0.009819720012085864,96296,95292,0.01042618592672595,103634,102345,0.012438002971997597,91130,90264,0.009502907933721105,74740,74149,0.007907412362857857,81766,81250,0.006310691485458486,85655,85054,0.00701651975950035,79748,77692,0.02578121081406426,94016,93081,0.009945115724983022,92061,91159,0.00979785142459888,,1038010,1026862,0.010739780926966036,56
SHV-HQ,PMT-1087,78057,78045,0.0001537338099081298,83135,83122,0.00015637216575448143,85906,85892,0.00016296882639166288,110938,110921,0.0001532387459661777,133664,133645,0.00014214747426377627,122240,122224,0.00013089005235600304,106427,106415,0.00011275334266680481,115675,115661,0.00012102874432673438,109397,109382,0.00013711527738424767,96122,96107,0.00015605168431787053,96993,96979,0.00014434031321852725,98526,98513,0.00013194486734469102,,1237080,1236906,0.0001406537976524902,1
SHV-HQ,PMT-1088,0,0,,0,0,,0,0,,0,0,,0,0,,0,0,,0,0,,0,0,,0,0,,0,0,,0,0,,0,0,,,0,0,,1
SHV-HQ,PMT-1089,731,732,0,785,785,0,886,884,0.0022573363431150906,828,835,0,1260,1251,0.0071428571428571175,946,945,0.0010570824524313016,783,781,0.0025542784163473664,857,857,0,804,812,0,829,810,0.022919179734619988,769,775,0,783,783,0,,10261,10250,0.0010720202709287863,1
SHV-HQ,PMT-109,488,481,0.014344262295082011,591,582,0.015228426395939132,820,817,0.003658536585365857,569,566,0.005272407732864637,596,593,0.005033557046979831,615,611,0.006504065040650375,614,610,0.006514657980456029,680,674,0.008823529411764675,560,552,0.014285714285714235,644,640,0.006211180124223614,601,597,0.006655574043261225,500,496,0.008000000000000007,,7278,7219,0.008106622698543564,1
SHV-HQ,PMT-1090,12083,12087,0,15943,15948,0,12880,12885,0,14732,14740,0,16317,16330,0,15954,15965,0,15780,15789,0,11388,11397,0,8805,8815,0,8466,8475,0,5427,5437,0,10567,10573,0,,148342,148441,0,1
SHV-HQ,PMT-1091,2782,2782,0,2200,2201,0,3129,3130,0,5334,5334,0,4939,4940,0,4641,4642,0,3637,3638,0,3361,3362,0,3133,3134,0,2406,2407,0,3567,3567,0,2740,2741,0,,41869,41878,0,1
SHV-HQ,PMT-1092,15184,15172,0.0007903055848261786,15206,15193,0.0008549256872287803,12698,12688,0.0007875255945818393,13577,13571,0.00044192384179131405,15195,15189,0.00039486673247779436,14589,14582,0.00047981355816029136,12452,12448,0.00032123353678126243,11771,11764,0.00059468184521283,14264,14256,0.000560852495793629,12014,12011,0.0002497086732146103,12322,12316,0.00048693393929555295,12043,12039,0.000332143153699227,,161315,161229,0.0005331184328797312,1
SHV-HQ,PMT-1093,612,612,0,708,707,0.0014124293785310327,2396,2397,0,4509,4510,0,8006,8007,0,6436,6439,0,8331,8333,0,7796,7799,0,8033,8036,0,5881,5882,0,10214,10217,0,8961,8964,0,,71883,71903,0,1
SHV-HQ,PMT-1094,1078,1077,0.0009276437847866026,633,643,0,1230,1233,0,695,699,0,827,825,0.00241837968561065,741,751,0,2533,2539,0,1190,1194,0,615,619,0,645,650,0,612,616,0,1040,1043,0,,11839,11889,0,1
SHV-HQ,PMT-1096,0,0,,0,0,,0,0,,0,0,,0,0,,0,0,,0,0,,0,0,,0,0,,0,0,,0,0,,1,1,0,,1,1,0,0
SHV-HQ,PMT-1097,4691,4693,0,5065,5077,0,4681,4676,0.0010681478316598714,4725,4727,0,5494,5505,0,4946,4941,0.0010109179134654145,3769,3770,0,3894,3896,0,2691,2692,0,3430,3430,0,3704,3707,0,2976,2977,0,,50066,50091,0,1
SHV-HQ,PMT-1098,52506,52515,0,47040,47049,0,43145,43153,0,43846,43855,0,47849,47859,0,50010,50020,0,48447,48459,0,49799,49809,0,53892,53903,0,52895,52906,0,46515,46524,0,43676,43684,0,,579620,579736,0,1
SHV-HQ,PMT-1099,11417,11410,0.0006131207847945852,9760,9754,0.0006147540983606481,11591,11584,0.0006039168320248756,13044,13036,0.0006133088009813159,15381,15372,0.0005851375073142595,14313,14305,0.0005589324390414818,11008,11001,0.0006359011627906641,10684,10678,0.000561587420441767,9576,9570,0.0006265664160400863,7872,7867,0.0006351626016259937,8083,8077,0.0007422986514907803,8136,8131,0.0006145526057030892,,130865,130785,0.000611317006074974,1
SHV-HQ,PMT-11,92880,86878,0.06462101636520245,89307,86172,0.03510363129429939,89644,86216,0.03824014992637548,92005,88321,0.0400413021031466,134129,127275,0.05110006038962489,118066,112750,0.0450256636118781,99461,95150,0.043343622123244274,97213,93067,0.04264861695452249,104198,100663,0.033925795120827607,97833,93538,0.04390134208293728,118324,113284,0.04259490889422268,124648,119581,0.040650471728387094,,1257708,1202895,0.043581658063715945,201
SHV-HQ,PMT-110,38009,36970,0.027335631034754893,40281,39285,0.024726297758248306,39089,38338,0.01921256619509326,42715,41846,0.02034414140231766,45937,44896,0.022661471145264178,47193,46216,0.020702222787277735,43134,40684,0.056799740344044114,40638,41089,0,40268,39610,0.01634051852587659,35936,35276,0.018365983971504907,40162,39425,0.018350679747024534,41409,40491,0.022169093675287965,,494771,484126,0.02151500391090022,53
SHV-HQ,PMT-1102,0,0,,0,0,,0,0,,0,0,,0,0,,0,0,,0,0,,0,0,,0,0,,0,0,,0,0,,0,0,,,0,0,,1
SHV-HQ,PMT-1103,115,115,0,93,85,0.08602150537634412,133,141,0,169,170,0,175,175,0,150,144,0.040000000000000036,158,160,0,149,150,0,166,170,0,169,170,0,169,169,0,152,153,0,,1798,1802,0,1
SHV-HQ,PMT-1104,7091,7088,0.0004230714990833828,7562,7559,0.00039672044432692566,2077,2077,0,2532,2532,0,11937,11936,8.377314233054545e-05,11672,11767,0,11116,11018,0.008816120906801062,12044,12032,0.0009963467286615568,12930,12935,0,11550,11543,0.00060606060606061,9685,9683,0.00020650490449147796,8535,8535,0,,108731,108705,0.0002391222374483748,1
SHV-HQ,PMT-1105,0,0,,0,0,,0,0,,0,0,,0,0,,0,0,,0,0,,0,0,,0,0,,0,0,,0,0,,0,0,,,0,0,,1
SHV-HQ,PMT-1106,1065,1065,0,962,961,0.0010395010395010118,983,983,0,1767,1768,0,9240,9239,0.00010822510822505738,17731,17728,0.00016919519485647516,17394,17392,0.0001149821777624016,17101,17100,5.847611250808793e-05,24421,24418,0.00012284509233850827,24613,24611,8.125787185631062e-05,1195,1195,0,1361,1360,0.0007347538574578039,,117833,117820,0.00011032563034119036,1
SHV-HQ,PMT-1107,49546,48704,0.016994308319541407,51007,50153,0.016742800007842007,48295,47452,0.0174552231079822,53968,52980,0.018307144974799905,50426,49427,0.019811208503549782,37705,37168,0.014242142951863102,20938,20666,0.01299073454962274,17891,17594,0.016600525403834276,29695,29216,0.01613066172756361,35369,34775,0.0167943679493342,42486,41945,0.012733606364449424,48876,48146,0.014935755790162819,,486202,478226,0.01640470421758855,25
SHV-HQ,PMT-1108,96637,93512,0.03233751047735345,101210,97635,0.035322596581365495,111442,107254,0.03758008650239586,119189,114444,0.03981072078799219,131586,125569,0.04572674904625107,121668,116856,0.03955025150409308,99310,95906,0.03427650790454129,98098,94588,0.035780545984627654,107544,103841,0.03443241835899724,97718,94472,0.033218035571747295,113250,109395,0.034039735099337776,104116,100590,0.03386607245764339,,1301768,1254062,0.03664708304398323,152
SHV-HQ,PMT-1109,29589,29610,0,27587,27602,0,26059,26084,0,20959,20975,0,17689,17701,0,21008,21025,0,17073,17086,0,17170,17183,0,22265,22284,0,23198,23216,0,24189,24207,0,30637,30661,0,,277423,277634,0,1
SHV-HQ,PMT-111,5731,5737,0,5045,5052,0,5410,5418,0,5467,5475,0,5590,5599,0,5654,5662,0,4671,4676,0,4938,4944,0,4599,4603,0,3906,3912,0,4682,4686,0,4160,4165,0,,59853,59929,0,1
SHV-HQ,PMT-1110,81695,81651,0.0005385886529163386,73312,73270,0.0005728939327804827,65982,65946,0.0005456033463672183,84305,84255,0.0005930846331771988,91759,91706,0.0005776000174370077,96024,95966,0.000604015662751034,85978,85930,0.0005582823512991775,84321,84272,0.0005811126528385557,76535,76492,0.0005618344548246057,73131,73089,0.0005743118513352741,78945,78901,0.0005573500538349485,79858,79814,0.0005509779859250719,,971845,971292,0.0005690207800627123,1
SHV-HQ,PMT-1111,0,0,,0,0,,0,0,,0,0,,0,0,,0,0,,0,0,,0,0,,0,0,,0,0,,0,0,,0,0,,,0,0,,1
SHV-HQ,PMT-1112,23954,23919,0.0014611338398596851,22022,22061,0,20337,20339,0,22210,22212,0,29170,29175,0,37112,37117,0,30714,30717,0,32222,32232,0,34347,34345,5.822924855158895e-05,34987,34991,0,32079,32082,0,36176,36189,0,,355330,355379,0,1
SHV-HQ,PMT-1113,0,0,,0,0,,0,0,,0,0,,0,0,,0,0,,0,0,,0,0,,0,0,,0,0,,0,0,,0,0,,,0,0,,1
SHV-HQ,PMT-1115,3228,3227,0.00030978934324654706,3131,3129,0.0006387735547748186,2942,2940,0.0006798096532970588,5166,5160,0.0011614401858304202,8087,8077,0.00123655249165322,7536,7525,0.0014596602972398731,13488,13465,0.001705219454329776,12855,12840,0.001166861143523934,15319,15297,0.0014361250734382658,13354,13334,0.0014976785981728469,15683,15662,0.0013390295224128268,18581,18558,0.0012378235832302131,,119370,119214,0.0013068610203568198,1
SHV-HQ,PMT-1116,16890,16893,0,17141,17145,0,11750,11752,0,5833,5828,0.0008571918395336997,7209,7198,0.001525870439728072,6288,6296,0,7498,7494,0.0005334755934915947,10094,10090,0.00039627501486028116,8504,8504,0,7669,7668,0.00013039509714429798,7978,7976,0.0002506893958386103,5469,5466,0.0005485463521667233,,112323,112310,0.00011573764945738141,1
SHV-HQ,PMT-1117,11931,11916,0.0012572290671359898,11611,11598,0.0011196279390233155,12039,12026,0.0010798239056399872,13606,13591,0.0011024547993532252,14463,14447,0.001106271174721729,13560,13545,0.0011061946902655162,11635,11621,0.0012032660077352375,11423,11409,0.0012255974787709345,11910,11894,0.0013434089000839977,10840,10827,0.0011992619926198822,11299,11286,0.0011505442959554024,11441,11427,0.0012236692596800935,,145758,145587,0.001173177458527186,1
SHV-HQ,PMT-1118,0,0,,0,0,,0,0,,0,0,,0,0,,0,0,,0,0,,0,0,,0,0,,0,0,,0,0,,0,0,,,0,0,,1
SHV-HQ,PMT-1119,0,0,,0,0,,0,0,,0,0,,0,0,,0,0,,0,0,,0,0,,0,0,,0,0,,0,0,,0,0,,,0,0,,1
SHV-HQ,PMT-112,0,0,,0,0,,0,0,,0,0,,0,0,,0,0,,0,0,,0,0,,0,0,,0,0,,0,0,,0,0,,,0,0,,1
SHV-HQ,PMT-1120,0,0,,0,0,,0,0,,0,0,,0,0,,0,0,,0,0,,0,0,,0,0,,0,0,,0,0,,0,1,0,,0,1,0,0
SHV-HQ,PMT-1121,3642,3609,0.00906095551894559,3410,3378,0.009384164222873914,3618,3586,0.008844665561083431,3146,3115,0.009853782581055293,2540,2514,0.010236220472440993,2868,2840,0.009762900976290068,2374,2350,0.010109519797809607,2324,2300,0.0103270223752151,2237,2215,0.009834599910594544,2166,2142,0.011080332409972304,2001,1979,0.010994502748625679,4420,4413,0.0015837104072398134,,34746,34441,0.008777988833246986,6
SHV-HQ,PMT-1123,94127,92772,0.014395444452707462,93188,91847,0.014390264840966616,91071,89693,0.015131051597105594,105122,103419,0.01620022450105596,111360,109493,0.01676544540229885,119097,117155,0.016306036256160894,96004,94375,0.01696804299820842,89220,87815,0.015747590226406594,97742,96066,0.01714718340119903,94980,93490,0.01568751316066541,87642,86240,0.01599689646516511,95985,94543,0.015023180705318495,,1175538,1156908,0.015848062759349357,60
SHV-HQ,PMT-1124,53734,53986,0,51830,51804,0.0005016399768473789,48402,48420,0,53274,53295,0,60296,37025,0.3859459997346424,65002,88608,0,52419,52324,0.0018123199603197193,52221,52089,0.002527718733842721,58902,58836,0.0011205052460018239,62864,62718,0.002322473911936851,53959,53875,0.0015567375229340596,62103,61898,0.003300967747129735,,675006,674878,0.00018962794404786543,12
SHV-HQ,PMT-1125,99788,96924,0.028700845793081298,106038,103469,0.024227163846922806,103379,101661,0.016618462163495495,116452,113747,0.02322845464225609,120222,117568,0.022075826387849107,125568,122355,0.025587729357798183,108426,106133,0.021148064117462617,109204,106589,0.02394600930368851,116211,113522,0.023138945538718314,104704,102383,0.02216725244498774,102473,101341,0.01104681233105309,93902,91132,0.029498839215352124,,1306367,1276824,0.022614625139796063,117
SHV-HQ,PMT-1126,39541,39534,0.00017703143572489477,37020,37012,0.0002160994057266441,33532,33525,0.00020875581534052223,35916,35904,0.0003341129301703827,36297,36298,0,41552,41544,0.0001925298421254773,36624,36619,0.00013652249890783175,26525,26522,0.00011310084825633115,28389,28383,0.000211349466342603,25605,25600,0.00019527436047650504,23023,23019,0.0001737393041740809,23331,23326,0.00021430714500025871,,387355,387286,0.00017813117166420867,1
SHV-HQ,PMT-1127,0,0,,0,0,,0,0,,0,0,,0,0,,0,0,,0,0,,0,0,,0,0,,0,0,,0,0,,0,1,0,,0,1,0,0
SHV-HQ,PMT-1128,0,0,,0,0,,0,0,,0,0,,0,0,,0,0,,0,0,,0,0,,0,0,,0,0,,0,0,,0,0,,,0,0,,1
SHV-HQ,PMT-1129,87389,86621,0.008788291432560214,101562,100637,0.009107737145782835,96820,95876,0.009750051642222646,109476,108476,0.009134422156454436,113700,112780,0.008091468777484567,111808,109651,0.019292000572409873,101303,100807,0.004896202481663892,103189,102579,0.005911482813090507,107841,106719,0.010404206192449972,98104,97997,0.0010906792791323117,104603,104038,0.005401374721566321,102964,102210,0.0073229478264247305,,1238759,1228391,0.00836966673905093,157
SHV-HQ,PMT-113,25824,25570,0.00983581164807934,26900,26613,0.010669144981412693,33463,33165,0.008905358156770182,43919,43530,0.008857214417450354,49379,48942,0.00884991595617568,47192,46764,0.009069333785387323,37295,36992,0.008124413460249391,39887,39563,0.00812294732619645,38341,37536,0.02099580083983199,38601,37118,0.03841869381622243,39415,37863,0.03937587212989979,41204,39291,0.04642753130763999,,461420,452947,0.018362879805816856,80
SHV-HQ,PMT-1130,44737,44022,0.01598229653307104,50656,49726,0.018359128237523725,54297,53136,0.021382396817503757,68541,66944,0.023299922674019924,73531,71954,0.02144673675048614,76048,74538,0.019855880496528533,53227,52063,0.021868600522291337,57565,56365,0.020846000173716628,51603,50695,0.017595876208747585,57981,56481,0.025870543798830692,65171,63700,0.022571389114790286,57648,56358,0.02237718567860114,,711005,695982,0.02112924662977056,125
SHV-HQ,PMT-1131,42897,41763,0.026435415063990497,43319,42196,0.02592395946351489,44161,42867,0.02930187269310025,44401,43019,0.031125425103038173,61123,59399,0.028205421854293755,54939,53495,0.02628369646335027,47663,46472,0.02498793613494743,47042,45844,0.025466604311041197,50435,49178,0.024923168434618836,42787,41960,0.019328300652067254,49088,47860,0.025016297262060005,50192,48933,0.025083678673892273,,578047,562986,0.026054974768487726,133
SHV-HQ,PMT-1132,24558,24368,0.0077367863832559225,23166,22971,0.008417508417508435,21920,21780,0.006386861313868564,26960,26813,0.005452522255192882,26204,25954,0.00954052816363915,23045,22779,0.011542633977001504,17622,17412,0.01191692202928163,18406,18205,0.010920352059111127,22876,22657,0.009573351984612732,21971,21809,0.0073733557871740185,24028,23829,0.008282004328283632,23219,22994,0.009690339807915893,,273975,271571,0.008774523222921826,24
SHV-HQ,PMT-1133,0,0,,0,0,,0,0,,0,0,,0,0,,0,0,,0,0,,0,0,,0,0,,0,0,,0,0,,0,0,,,0,0,,1
SHV-HQ,PMT-1134,1571,1571,0,3650,3648,0.0005479452054794054,4796,4794,0.0004170141784820558,6209,6207,0.0003221130616846146,5214,5213,0.0001917913310318653,8136,8133,0.00036873156342187574,9865,9863,0.00020273694880890147,12696,12694,0.0001575299306868505,12857,12852,0.0003888932099245235,12041,12038,0.0002491487417988214,12366,12361,0.00040433446546983554,12998,12993,0.00038467456531776634,,102399,102367,0.00031250305178764926,1
SHV-HQ,PMT-1135,0,0,,0,0,,0,0,,0,0,,0,0,,0,0,,0,0,,0,0,,0,0,,0,0,,0,0,,0,0,,,0,0,,0
SHV-HQ,PMT-1136,114465,114491,0,107420,107447,0,107343,107366,0,118578,118605,0,128741,128772,0,140688,140720,0,119908,119937,0,115415,115444,0,124833,124864,0,129556,129589,0,110628,110654,0,122817,122845,0,,1440392,1440734,0,1
SHV-HQ,PMT-1137,4425,4434,0,5538,5548,0,7173,7182,0,6598,6606,0,11990,12002,0,11991,12006,0,8953,8969,0,11499,11520,0,14433,14456,0,13255,13278,0,16805,16830,0,20006,20030,0,,132666,132861,0,1
SHV-HQ,PMT-1139,60284,59614,0.011114060115453572,57927,57210,0.012377647729038266,58881,58109,0.013111190367011472,61638,60749,0.014422920925403204,85307,83946,0.015954142098538182,76494,75393,0.014393285747901774,63526,62672,0.013443314548373886,64227,63633,0.00924844691484894,75648,74781,0.011460977157360386,70684,69874,0.01145945334163323,68308,67509,0.011697019382795548,69030,68195,0.01209619006229179,,811954,801685,0.012647268194996286,64
SHV-HQ,PMT-114,14935,14919,0.001071309005691301,11720,11705,0.0012798634812286602,11605,11590,0.0012925463162429818,11437,11422,0.0013115327446008296,12810,12793,0.001327088212334071,15230,15210,0.0013131976362442677,11587,11575,0.0010356433934581855,10900,10887,0.0011926605504587462,15839,15819,0.0012627059789127593,17710,17691,0.0010728402032750273,16778,16759,0.0011324353319823732,15594,15575,0.0012184173400026088,,166145,165945,0.001203767793192645,1
SHV-HQ,PMT-1140,24013,23792,0.009203348186399007,24976,24737,0.009569186418962206,24638,24414,0.009091647049273455,26992,26765,0.008409899229401274,29256,28999,0.008784522832923192,21662,21481,0.008355645831409797,19271,19110,0.008354522339266257,14298,14159,0.009721639390124492,13714,13570,0.010500218754557422,11131,10452,0.06100080855269063,12667,13089,0,17362,17201,0.009273125215988887,,239980,237769,0.009213267772314349,18
SHV-HQ,PMT-1141,41774,40602,0.028055728443529437,42107,40896,0.0287600636473746,44107,42688,0.032171764119074076,44098,42773,0.030046714136695574,63884,61185,0.04224845031619806,56153,54316,0.03271419158370881,44928,43540,0.030893874643874608,48480,46941,0.031745049504950495,51808,50201,0.031018375540457055,46530,45370,0.024930152589727084,56119,54177,0.03460503572765017,52561,50764,0.034188847244154386,,592549,573453,0.03222687068917507,77
SHV-HQ,PMT-1142,139406,137525,0.013492963000157787,121950,120246,0.013972939729397282,123694,121743,0.015772794153313785,156580,153585,0.01912760250351253,155439,152301,0.02018798371065178,162483,158260,0.02599041130456725,144946,142286,0.018351661998261437,127210,125101,0.01657888530775886,139562,137175,0.01710350955131057,122014,120161,0.015186781844706343,128196,126202,0.01555430746669162,134708,132443,0.016814146153160903,,1656188,1627028,0.017606696824273627,72
SHV-HQ,PMT-1144,51179,51181,0,49549,49550,0,45361,45362,0,50996,50997,0,55372,55371,1.8059669146808233e-05,54450,54451,0,45512,45514,0,43517,43520,0,45057,45059,0,46947,46950,0,51389,51390,0,49062,49064,0,,588391,588409,0,1
SHV-HQ,PMT-1145,28469,28469,0,25236,25236,0,23862,23862,0,21696,21695,4.60914454277761e-05,22965,22964,4.354452427601796e-05,25895,25894,3.861749372469081e-05,20401,20400,4.9017205038914824e-05,23564,23563,4.2437616703416836e-05,33917,33916,2.9483739717561797e-05,35054,35054,0,34704,34702,5.763024435223585e-05,34906,34907,0,,330669,330662,2.1169205459248275e-05,1
SHV-HQ,PMT-1147,0,0,,0,0,,0,0,,0,0,,0,0,,0,0,,0,0,,0,0,,0,0,,0,0,,0,0,,0,0,,,0,0,,1
SHV-HQ,PMT-1148,2666,2669,0,2663,2667,0,1882,1885,0,15336,15344,0,21105,21114,0,20472,20482,0,16045,16053,0,17268,17277,0,17710,17718,0,17178,17187,0,18357,18366,0,20789,20798,0,,171471,171560,0,1
SHV-HQ,PMT-1149,0,0,,0,0,,0,0,,0,0,,0,0,,0,0,,0,0,,0,0,,0,0,,0,0,,0,0,,0,0,,,0,0,,1
SHV-HQ,PMT-115,5603,5603,0,6051,6051,0,5612,5611,0.0001781895937277289,5987,5987,0,6236,6235,0.0001603592046183211,4865,4866,0,3389,3387,0.0005901445854233911,4166,4165,0.00024003840614494898,3445,3444,0.0002902757619738239,3491,3490,0.0002864508736751814,3435,3436,0,3128,3127,0.00031969309462920315,,55408,55402,0.00010828761189718428,1
SHV-HQ,PMT-1150,0,0,,0,0,,0,0,,0,0,,0,0,,0,0,,0,0,,0,0,,0,0,,0,0,,0,0,,0,0,,,0,0,,0
SHV-HQ,PMT-1153,17120,17119,5.841121495331336e-05,19061,19062,0,18007,18008,0,17999,17998,5.555864214679129e-05,22917,22917,0,24461,24462,0,25284,25286,0,27529,27531,0,35472,35475,0,34068,34068,0,35312,35315,0,33557,33558,0,,310787,310799,0,1
SHV-HQ,PMT-1154,58202,58214,0,53129,53141,0,46831,46842,0,37603,37615,0,38335,38347,0,23836,23845,0,34553,34563,0,34407,34419,0,34223,34234,0,31890,31900,0,28782,28791,0,13401,13404,0,,435192,435315,0,1
SHV-HQ,PMT-1155,0,0,,0,0,,0,0,,0,0,,0,0,,0,0,,0,0,,0,0,,0,0,,0,0,,0,0,,0,0,,,0,0,,1
SHV-HQ,PMT-1156,0,0,,0,0,,0,0,,0,0,,0,0,,0,0,,0,0,,0,0,,0,0,,0,0,,0,0,,0,0,,,0,0,,1
SHV-HQ,PMT-1157,0,0,,0,0,,0,0,,0,0,,0,0,,0,0,,0,0,,0,0,,0,0,,0,0,,0,0,,0,0,,,0,0,,1
SHV-HQ,PMT-1158,0,0,,0,0,,0,0,,0,0,,0,0,,0,0,,0,0,,0,0,,0,0,,0,0,,0,0,,0,0,,,0,0,,1
SHV-HQ,PMT-1159,17141,17152,0,12166,12172,0,12471,12476,0,16641,16647,0,15108,15118,0,13570,13581,0,11729,11736,0,7591,7594,0,10464,10469,0,8660,8663,0,9871,9872,0,9672,9675,0,,145084,145155,0,1
SHV-HQ,PMT-116,87791,86862,0.010581950313813482,90311,89341,0.01074066282069741,87992,87092,0.01022820256386947,100428,99146,0.01276536424104835,103989,102662,0.012760965102078137,104864,103780,0.010337198657308533,86200,85037,0.013491879350348013,95838,94747,0.011383793484838978,92902,91760,0.01229252330412689,92379,91088,0.013975037616774322,91590,90637,0.01040506605524616,90931,89721,0.013306793062871858,,1125215,1111873,0.01185728949578524,299
SHV-HQ,PMT-1160,12145,12144,8.233841086868754e-05,12016,12014,0.0001664447403462166,10341,10338,0.0002901073397156839,11753,11749,0.0003403386369437156,11971,11961,0.0008353521009105691,13164,13159,0.0003798237617745892,11952,11951,8.366800535475338e-05,13628,13633,0,15208,15210,0,12755,12761,0,12970,12974,0,15687,15686,6.37470516988703e-05,,153590,153580,6.510840549511787e-05,1
SHV-HQ,PMT-1161,941,935,0.006376195536663132,917,922,0,756,755,0.001322751322751281,812,812,0,715,715,0,703,702,0.0014224751066855834,836,835,0.0011961722488038617,767,768,0,753,752,0.0013280212483399723,730,729,0.00136986301369868,748,756,0,705,696,0.012765957446808529,,9383,9377,0.0006394543323030577,1
SHV-HQ,PMT-1162,25836,25842,0,25017,25024,0,21856,21862,0,24516,24532,0,26167,26166,3.8216073680596985e-05,26854,26863,0,24631,24640,0,17298,17304,0,13844,13828,0.0011557353366079548,12585,12589,0,11876,11879,0,13479,13484,0,,243959,244013,0,1
SHV-HQ,PMT-1163,0,0,,0,0,,0,0,,0,0,,0,0,,0,0,,0,0,,0,0,,0,0,,0,0,,0,0,,0,0,,,0,0,,1
SHV-HQ,PMT-1164,48700,48721,0,47906,47925,0,46457,46477,0,46635,46654,0,48295,48316,0,51523,51545,0,45728,45747,0,45033,45052,0,49872,49894,0,52643,52666,0,45257,45276,0,52669,52691,0,,580718,580964,0,1
SHV-HQ,PMT-1165,64507,64369,0.0021393027113336682,60320,60192,0.002122015915119402,59478,59352,0.0021184303439927277,65272,65135,0.0020989091800466264,62076,61946,0.002094207100972967,62808,62677,0.0020857215641320037,54258,54143,0.002119503114748067,49085,48981,0.002118773556076148,54590,54473,0.0021432496794284717,52464,52352,0.002134797194266569,52038,51924,0.002190706791191044,53470,53352,0.0022068449597905104,,690366,688896,0.0021293053250015515,1
SHV-HQ,PMT-1167,0,0,,0,0,,0,0,,0,0,,0,0,,0,0,,0,0,,0,0,,0,0,,0,0,,0,0,,0,0,,,0,0,,1
SHV-HQ,PMT-1168,4305,4308,0,5004,5005,0,3681,3682,0,3856,3860,0,5806,5808,0,5380,5384,0,3709,3715,0,3720,3727,0,3554,3560,0,3444,3453,0,3575,3574,0.0002797202797202303,2766,2765,0.0003615328994938105,,48800,48841,0,1
SHV-HQ,PMT-1169,0,0,,0,0,,0,0,,0,0,,0,0,,0,0,,0,0,,0,0,,0,0,,0,0,,0,0,,0,0,,,0,0,,1
SHV-HQ,PMT-1170,0,0,,0,0,,0,0,,0,0,,0,0,,0,0,,0,0,,0,0,,0,0,,0,0,,0,0,,0,0,,,0,0,,1
SHV-HQ,PMT-1171,0,0,,0,0,,0,0,,0,0,,0,0,,0,0,,0,0,,0,0,,0,0,,0,0,,0,0,,0,0,,,0,0,,1
SHV-HQ,PMT-1172,0,0,,0,0,,0,0,,0,0,,0,0,,0,0,,0,0,,0,0,,0,0,,0,0,,0,0,,0,0,,,0,0,,1
SHV-HQ,PMT-1173,0,0,,0,0,,0,0,,0,0,,0,0,,0,0,,0,0,,0,0,,0,0,,0,0,,0,0,,0,0,,,0,0,,1
SHV-HQ,PMT-1175,0,0,,0,0,,0,0,,0,0,,0,0,,0,0,,0,0,,0,0,,0,0,,0,0,,0,0,,0,0,,,0,0,,1
SHV-HQ,PMT-1176,0,0,,0,0,,0,0,,0,0,,0,0,,0,0,,0,0,,0,0,,0,0,,0,0,,0,0,,0,0,,,0,0,,1
SHV-HQ,PMT-1178,223795,224194,0,177964,178322,0,200644,201048,0,213027,213456,0,217277,217718,0,213268,213718,0,179813,180216,0,170588,170990,0,214660,215137,0,183688,184108,0,207076,207529,0,192456,192852,0,,2394256,2399288,0,1
SHV-HQ,PMT-1179,0,0,,0,0,,0,0,,0,0,,0,0,,0,0,,0,0,,0,0,,0,0,,0,0,,56170,56201,0,77367,77406,0,,133537,133607,0,1
SHV-HQ,PMT-118,71553,68828,0.038083658267298315,68889,67144,0.025330604305476956,71571,69618,0.027287588548434383,72506,70422,0.028742448900780593,108415,104748,0.03382373287829177,92428,89648,0.030077465703033712,73100,71469,0.022311901504788012,68117,66625,0.021903489584097935,72423,70838,0.021885312676912072,56588,55396,0.02106453665088004,66397,64957,0.021687726855128986,68710,67210,0.02183088342308248,,890697,866903,0.02671391056666861,59
SHV-HQ,PMT-1180,73677,73646,0.0004207554596413754,84351,84318,0.00039122239214706145,76544,76512,0.0004180602006689238,88070,88031,0.0004428295673896132,88920,88878,0.00047233468286100866,103616,103571,0.00043429586164300815,89740,89703,0.0004123022063740045,96875,96835,0.0004129032258064491,110173,110128,0.00040844853094679223,99162,99120,0.00042354934349853046,113470,113421,0.0004318322023442178,101949,101907,0.000411970691228003,,1126547,1126070,0.0004234177535424877,1
SHV-HQ,PMT-1181,0,0,,0,0,,0,0,,0,0,,0,0,,0,0,,0,0,,0,0,,0,0,,0,0,,0,0,,0,0,,,0,0,,1
SHV-HQ,PMT-1183,35725,35234,0.013743876836948887,36915,36383,0.01441148584586216,40344,39691,0.01618580210192344,39726,39112,0.015455872728188047,44363,43647,0.016139575772603276,35335,34831,0.014263478137823693,28968,28473,0.01708782104391049,29643,29343,0.010120433154539032,32665,32196,0.01435787540180622,32021,31575,0.0139283595140689,30674,30232,0.014409597704896693,36223,35729,0.013637743974822647,,422602,416446,0.014566897459075023,18
SHV-HQ,PMT-1184,58708,57805,0.015381208693874715,61013,60603,0.006719879369970316,65950,64664,0.019499620924943173,68389,67150,0.018116948632089902,68049,66860,0.017472703493071173,70079,68853,0.017494541874170544,54075,53231,0.015607951918631513,51107,50361,0.014596826266460527,57679,56764,0.015863659217392856,61859,60853,0.016262791186407832,53357,52475,0.016530164739396946,59941,58896,0.01743380991308119,,730206,718515,0.016010550447407956,51
SHV-HQ,PMT-1185,12710,12620,0.007081038552321006,12938,12853,0.0065697944040810086,13370,13281,0.006656694091249027,14320,13654,0.04650837988826817,13749,13651,0.007127791112080839,13973,13898,0.005367494453589083,12640,12560,0.006329113924050667,12799,12720,0.006172357215407431,13138,13042,0.007307048256964488,12575,12493,0.006520874751491101,13736,13640,0.006988934187536433,12011,11928,0.006910332195487423,,157959,156340,0.010249495122151897,10
SHV-HQ,PMT-1186,12037,11900,0.011381573481764606,12499,12365,0.010720857668613526,12627,12487,0.011087352498614034,15166,14994,0.01134115785309242,16356,16173,0.011188554658840832,14733,14579,0.010452725174777688,12586,12449,0.010885110440171597,14575,14401,0.011938250428816466,14389,14225,0.011397595385363779,13629,13469,0.01173967275662191,13915,13768,0.010564139417894358,13214,13243,0,,165726,164053,0.01009497604479681,90
SHV-HQ,PMT-1187,0,0,,0,0,,0,0,,0,0,,0,0,,0,0,,0,0,,0,0,,0,0,,0,0,,0,0,,0,0,,,0,0,,1
SHV-HQ,PMT-1189,0,0,,0,0,,0,0,,0,0,,0,0,,0,0,,0,0,,0,0,,0,0,,0,0,,0,0,,0,0,,,0,0,,1
SHV-HQ,PMT-119,237580,237030,0.0023150096809495535,250060,249400,0.0026393665520275666,227170,226590,0.0025531540256196195,221580,221000,0.002617564762162683,311740,310870,0.002790787194456912,304640,303850,0.002593224789915971,319720,318950,0.002408357312648546,336490,335720,0.0022883295194507935,337540,336760,0.002310837234105634,261870,261230,0.0024439607438805355,284620,283900,0.0025296887077507213,268880,268210,0.002491817911335903,,3361890,3353510,0.0024926455059505193,1
SHV-HQ,PMT-1190,7539,7544,0,7498,7502,0,7502,7507,0,7349,7354,0,8291,8296,0,5901,5905,0,4671,4674,0,4950,4953,0,5132,5136,0,6168,6172,0,5002,5006,0,6212,6215,0,,76215,76264,0,1
SHV-HQ,PMT-1191,896,805,0.1015625,829,910,0,759,759,0,773,773,0,893,892,0.0011198208286674616,906,906,0,818,818,0,907,907,0,902,902,0,910,850,0.06593406593406592,755,815,0,780,780,0,,10128,10117,0.0010860979462875564,1
SHV-HQ,PMT-1193,0,0,,0,0,,0,0,,0,0,,0,0,,0,0,,0,0,,0,0,,0,0,,0,0,,0,0,,0,0,,,0,0,,0
SHV-HQ,PMT-1194,17363,17371,0,18422,18429,0,17996,17902,0.005223382973994273,21706,21814,0,20904,20912,0,21920,21927,0,18709,18715,0,18379,18385,0,19488,19496,0,17904,17910,0,18490,18496,0,17677,17685,0,,228958,229042,0,1
SHV-HQ,PMT-1195,0,0,,0,0,,0,0,,0,0,,0,0,,0,0,,0,0,,0,0,,0,0,,0,0,,0,0,,0,0,,,0,0,,1
SHV-HQ,PMT-1196,0,0,,0,0,,0,0,,0,0,,0,0,,0,0,,0,0,,0,0,,0,0,,0,0,,0,0,,0,0,,,0,0,,0
SHV-HQ,PMT-1197,36689,36690,0,39049,39041,0.0002048708033496327,37645,37640,0.00013281976358081593,41421,41417,9.656937302338076e-05,42812,42806,0.00014014762216196797,38506,38502,0.00010387991481841663,35962,35958,0.00011122851899225683,36758,36756,5.4409924370224516e-05,39300,39295,0.00012722646310436847,36396,36393,8.242664029012303e-05,37129,37126,8.079937515148572e-05,34922,34919,8.590573277589275e-05,,456589,456543,0.0001007470613615391,1
SHV-HQ,PMT-1198,0,0,,0,0,,0,0,,0,0,,0,0,,1101,1099,0.0018165304268846771,1074,1071,0.0027932960893854997,3159,3158,0.00031655587211143477,8689,8690,0,17506,17511,0,30021,30030,0,31951,31963,0,,93501,93522,0,1
SHV-HQ,PMT-1199,0,0,,0,0,,0,0,,0,0,,0,0,,0,0,,0,0,,0,0,,0,0,,0,0,,0,0,,0,0,,,0,0,,1
SHV-HQ,PMT-120,0,0,,0,0,,0,0,,0,0,,0,0,,0,0,,0,0,,0,0,,0,0,,0,0,,0,0,,0,0,,,0,0,,0
SHV-HQ,PMT-1201,17424,17425,0,17540,17540,0,12328,12328,0,0,0,,0,0,,0,0,,0,0,,489,489,0,1235,1235,0,18992,18992,0,21618,21616,9.251549634559098e-05,25002,25002,0,,114628,114627,8.723872003346678e-06,1
SHV-HQ,PMT-1203,0,0,,0,0,,0,0,,0,0,,0,0,,0,0,,0,0,,0,0,,0,0,,0,0,,0,0,,0,0,,,0,0,,1
SHV-HQ,PMT-1204,0,0,,0,0,,0,0,,0,0,,0,0,,0,0,,0,0,,0,0,,0,0,,0,0,,0,0,,0,0,,,0,0,,1
SHV-HQ,PMT-1205,0,0,,0,0,,0,0,,0,0,,0,0,,0,0,,0,0,,0,0,,0,0,,0,0,,0,0,,0,0,,,0,0,,1
SHV-HQ,PMT-1206,0,0,,0,0,,0,0,,0,0,,0,0,,0,0,,655,655,0,1436,1436,0,1752,1752,0,2295,2296,0,2632,2632,0,2865,2865,0,,11635,11636,0,1
SHV-HQ,PMT-1207,0,0,,0,0,,0,0,,0,0,,0,0,,1,1,0,0,0,,0,0,,0,0,,0,0,,0,0,,0,0,,,1,1,0,0
SHV-HQ,PMT-1209,35954,35938,0.0004450130722589707,34324,34310,0.0004078778697121921,36645,36627,0.0004911993450675833,41860,41843,0.00040611562350689745,45505,45486,0.00041753653444676075,47037,47017,0.0004251971851946257,37921,37908,0.0003428179636613127,37587,37573,0.0003724692047782918,41442,41426,0.00038608175281118484,39112,39095,0.00043464921251790134,40445,40427,0.000445048831746786,42835,42815,0.0004669079024162137,,480667,480465,0.0004202493618242764,1
SHV-HQ,PMT-121,82244,82333,0,84508,84596,0,69028,69099,0,52135,52270,0,79463,79468,0,72023,72100,0,50357,50410,0,35816,35855,0,1019,1020,0,639,641,0,320,320,0,0,0,,,527552,528112,0,0
SHV-HQ,PMT-1210,0,0,,0,0,,0,0,,0,0,,0,0,,0,0,,0,0,,0,0,,0,0,,0,0,,0,0,,0,0,,,0,0,,1
SHV-HQ,PMT-1211,0,0,,0,0,,0,0,,0,0,,0,0,,0,0,,0,0,,0,0,,0,0,,0,0,,0,0,,0,0,,,0,0,,0
SHV-HQ,PMT-1213,1210,1211,0,1360,1362,0,1458,1460,0,1513,1514,0,1671,1672,0,1590,1592,0,1236,1237,0,1142,1144,0,1477,1479,0,1511,1512,0,1260,1262,0,1405,1407,0,,16833,16852,0,1
SHV-HQ,PMT-1214,0,0,,0,0,,0,0,,0,0,,0,0,,0,0,,0,0,,0,0,,0,0,,0,0,,0,0,,0,0,,,0,0,,1
SHV-HQ,PMT-1215,7831,7838,0,7923,7933,0,9115,9124,0,8802,8810,0,11666,11677,0,11791,11801,0,9846,9857,0,9764,9773,0,9901,9910,0,7819,7828,0,9717,9726,0,9600,9609,0,,113775,113886,0,1
SHV-HQ,PMT-1216,0,0,,0,0,,0,0,,0,0,,0,0,,0,0,,0,0,,0,0,,0,0,,0,0,,0,0,,0,0,,,0,0,,1
SHV-HQ,PMT-1218,36987,36994,0,39356,39366,0,35721,35729,0,41106,41116,0,38619,38628,0,39252,39262,0,33201,33207,0,32851,32857,0,30539,30545,0,26133,26138,0,26772,26777,0,29198,29206,0,,409735,409825,0,1
SHV-HQ,PMT-122,295829,295623,0.0006963482281994171,262510,262331,0.0006818787855700226,242395,242231,0.0006765816126570456,248127,247955,0.0006931934049901889,0,0,,0,0,,0,0,,0,0,,0,0,,0,0,,0,0,,0,0,,,1048861,1048140,0.0006874123453918246,1
SHV-HQ,PMT-1220,0,0,,0,0,,0,0,,0,0,,0,0,,0,0,,0,0,,0,0,,0,0,,0,0,,0,0,,0,0,,,0,0,,0
SHV-HQ,PMT-1221,5182,5182,0,5994,5994,0,5807,5807,0,6455,6455,0,5440,5440,0,1784,1784,0,4735,4736,0,5759,5759,0,7157,7157,0,7463,7464,0,7813,7813,0,6998,6998,0,,70587,70589,0,1
SHV-HQ,PMT-1222,0,0,,0,0,,0,0,,0,0,,0,0,,0,0,,0,0,,0,0,,0,0,,0,0,,0,0,,0,0,,,0,0,,0
SHV-HQ,PMT-1223,0,0,,0,0,,0,0,,0,0,,0,0,,0,0,,0,0,,0,0,,0,0,,0,0,,0,0,,0,0,,,0,0,,1
SHV-HQ,PMT-1224,42111,41585,0.012490798128754976,41706,41781,0,48074,48156,0,47390,47470,0,63486,63579,0,55485,55576,0,48074,48156,0,43637,43712,0,48675,48757,0,45416,45494,0,49762,49852,0,50664,50742,0,,584480,584860,0,1
SHV-HQ,PMT-1225,0,0,,0,0,,0,0,,0,0,,0,0,,0,0,,0,0,,0,0,,0,0,,0,0,,0,0,,0,0,,,0,0,,1
SHV-HQ,PMT-1226,0,0,,0,0,,0,0,,0,0,,0,0,,0,0,,0,0,,0,0,,0,0,,0,0,,0,0,,0,0,,,0,0,,1
SHV-HQ,PMT-1227,7,8,0,8,11,0,10,11,0,9,10,0,8,10,0,3,4,0,1,2,0,7,8,0,6,9,0,0,3,0,0,2,0,0,0,,,59,78,0,1
SHV-HQ,PMT-1228,9045,9051,0,8753,8759,0,7817,7822,0,104,104,0,0,0,,0,0,,0,0,,0,0,,39,39,0,63,63,0,58,57,0.017241379310344862,85,84,0.0117647058823529,,25964,25979,0,1
SHV-HQ,PMT-1229,0,0,,0,0,,0,0,,0,0,,0,0,,0,0,,0,0,,0,0,,0,0,,0,0,,0,0,,0,0,,,0,0,,1
SHV-HQ,PMT-1230,35,16,0.5428571428571429,49,49,0,63,64,0,2174,2171,0.001379944802207933,5329,5325,0.0007506098705197806,6501,6497,0.000615289955391507,7784,7788,0,7479,7477,0.0002674154298702991,9186,9185,0.00010886131069021143,7619,7616,0.00039375246095285643,6740,6738,0.00029673590504453173,867,866,0.0011534025374856371,,53826,53792,0.0006316649946123132,1
SHV-HQ,PMT-1231,5756,5755,0.00017373175816537412,3348,3348,0,2593,2593,0,2378,2378,0,3668,3668,0,3388,3387,0.0002951593860684998,3020,3020,0,3535,3535,0,3466,3465,0.0002885170225043199,3268,3268,0,3723,3723,0,3056,3056,0,,41199,41196,7.281730139085951e-05,1
SHV-HQ,PMT-1232,0,0,,0,0,,0,0,,0,0,,0,0,,0,0,,0,0,,0,0,,0,0,,0,0,,0,0,,0,0,,,0,0,,1
SHV-HQ,PMT-1233,16204,16190,0.0008639842014317445,17753,17740,0.0007322706021517522,17054,17041,0.0007622845080332841,18358,18344,0.0007626103061335598,19610,19594,0.0008159102498724868,17421,17408,0.0007462258194133042,16118,16105,0.0008065516813500206,19126,19112,0.0007319878699153515,18111,18096,0.0008282259400363978,16153,16142,0.0006809880517550937,18760,18745,0.0007995735607675414,16208,16197,0.000678677196446209,,210876,210714,0.0007682239799692292,1
SHV-HQ,PMT-1234,9901,9910,0,12596,12606,0,9761,9770,0,9306,9315,0,17017,17032,0,31440,31463,0,31348,31371,0,35958,35984,0,35771,35796,0,30239,30261,0,35323,35349,0,27811,27832,0,,286471,286689,0,1
SHV-HQ,PMT-1235,0,0,,0,0,,0,0,,0,0,,0,0,,0,0,,0,0,,0,0,,0,0,,0,0,,0,0,,0,0,,,0,0,,1
SHV-HQ,PMT-1236,783,784,0,825,825,0,785,785,0,835,835,0,917,918,0,946,946,0,717,718,0,703,704,0,793,794,0,973,972,0.0010277492291880241,805,806,0,701,701,0,,9783,9788,0,1
SHV-HQ,PMT-1237,38086,38095,0,36532,36541,0,41125,41139,0,40915,40930,0,42105,42118,0,45161,45173,0,37308,37316,0,36819,36823,0,37913,37921,0,39281,39289,0,36190,36207,0,37300,37312,0,,468735,468864,0,1
SHV-HQ,PMT-1238,89541,89502,0.00043555466211009364,84461,84425,0.0004262322255241813,80936,80900,0.0004447958881090841,94003,93953,0.0005318979181515582,103057,103008,0.00047546503391326933,105692,105630,0.0005866101502478571,82048,82000,0.0005850234009360245,83587,83542,0.0005383612284206585,87639,87581,0.0006618058170448915,86778,86737,0.00047246998087069336,77512,77472,0.0005160491278769497,83831,83790,0.000489079218904731,,1059085,1058540,0.0005145951458098708,1
SHV-HQ,PMT-1239,34556,33893,0.01918624840838057,35357,34604,0.02129705574567975,38562,37596,0.025050567916601874,38913,38080,0.021406727828746197,40570,39790,0.01922602908553117,39049,38312,0.018873722758585343,34637,34026,0.017640095851257365,40046,39247,0.019952055136592928,36930,36243,0.018602761982128402,40993,40097,0.021857390286146416,50765,49495,0.02501723628484187,46918,45829,0.023210708043821082,,477296,467212,0.02112735074251615,105
SHV-HQ,PMT-124,1827,1824,0.0016420361247947435,1549,1545,0.002582311168495832,1704,1701,0.0017605633802817433,1445,1443,0.0013840830449827202,1572,1570,0.0012722646310432406,1224,1222,0.0016339869281045694,1174,1173,0.0008517887563883608,1221,1219,0.0016380016380016515,1416,1413,0.0021186440677966045,903,902,0.001107419712070845,1008,1004,0.003968253968253954,1090,1087,0.0027522935779816793,,16133,16103,0.0018595425525320675,1
SHV-HQ,PMT-1240,25508,25086,0.016543829386859055,28396,27945,0.015882518664600664,30820,30273,0.017748215444516546,36200,35536,0.018342541436464077,37506,36803,0.018743667679837928,32729,32148,0.017751840875064873,27347,26917,0.01572384539437599,30846,30349,0.016112299811969155,29649,29202,0.015076393807548327,30239,29776,0.015311352888653706,34124,33601,0.015326456452936399,30611,30132,0.015647969684100538,,373975,367768,0.0165973661340999,110
SHV-HQ,PMT-1241,2148,2149,0,1965,1966,0,2003,2004,0,2195,2195,0,2329,2330,0,2226,2227,0,1894,1895,0,1887,1888,0,1689,1689,0,1674,1675,0,1885,1885,0,1860,1861,0,,23755,23764,0,1
SHV-HQ,PMT-1242,1130,1130,0,1179,1180,0,983,982,0.0010172939979654627,1060,1060,0,991,994,0,801,799,0.0024968789013732895,701,701,0,945,945,0,1056,1056,0,915,915,0,914,914,0,1096,1096,0,,11771,11772,0,1
SHV-HQ,PMT-1243,10910,10917,0,10933,10941,0,8895,8902,0,3479,3482,0,127,131,0,5052,5057,0,10161,10169,0,10938,10947,0,10858,10866,0,11291,11300,0,11628,11636,0,12188,12197,0,,106460,106545,0,1
SHV-HQ,PMT-1244,518,528,0,343,359,0,522,523,0,668,670,0,99,155,0,0,3,0,38,42,0,114,116,0,78,80,0,143,144,0,188,190,0,198,203,0,,2909,3013,0,1
SHV-HQ,PMT-1245,0,0,,0,0,,0,0,,0,0,,0,0,,0,0,,0,0,,0,0,,0,0,,0,0,,0,0,,0,0,,,0,0,,1
SHV-HQ,PMT-1246,9493,9493,0,8962,8962,0,8765,8766,0,9775,9774,0.00010230179028136721,10142,10143,0,10607,10608,0,8662,8663,0,8631,8632,0,9485,9486,0,8371,8375,0,8572,8566,0.0006999533364442367,9754,9757,0,,111219,111225,0,1
SHV-HQ,PMT-1248,106,104,0.018867924528301883,143,142,0.006993006993006978,138,137,0.007246376811594235,140,139,0.0071428571428571175,157,156,0.006369426751592355,189,186,0.015873015873015928,230,228,0.008695652173912993,233,233,0,196,193,0.015306122448979553,179,180,0,203,201,0.009852216748768461,217,215,0.009216589861751112,,2131,2114,0.007977475363678987,1
SHV-HQ,PMT-1249,12680,12560,0.009463722397476393,12003,11840,0.013579938348746157,9949,9864,0.008543572218313367,17487,17263,0.012809515640189839,21504,21263,0.011207217261904767,21319,21233,0.004033960317088026,19137,18911,0.011809583529288847,16132,15925,0.012831638978427984,17068,16791,0.016229200843684066,18650,18418,0.012439678284182354,19107,18909,0.010362694300518172,19141,18952,0.00987409226268221,,204177,201929,0.011010055001297925,27
SHV-HQ,PMT-125,3203,3146,0.01779581642210426,3239,3195,0.013584439641864732,3242,3212,0.009253547193090683,4376,4339,0.008455210237659938,4109,4088,0.005110732538330498,4226,4193,0.007808802650260294,3871,3842,0.007491604236631311,3856,3830,0.006742738589211594,3818,3785,0.00864326872708221,2943,2895,0.016309887869520923,0,3132,0,2165,2981,0,,39048,42638,0,18
SHV-HQ,PMT-1250,49591,48523,0.021536165836542942,50566,49628,0.01855001384329391,47106,49651,0,45370,47747,0,60822,59556,0.020814836736707143,57749,56550,0.020762264281632636,52656,51574,0.0205484655120024,51296,50272,0.019962570180910744,55429,54225,0.021721481534936582,51972,50899,0.020645732317401633,55065,53887,0.02139289930082633,54503,53475,0.018861347081811974,,632125,625987,0.009710104805220499,98
SHV-HQ,PMT-1251,47032,47019,0.00027640755230484704,46539,46527,0.00025784825630115193,44905,44893,0.0002672308206213003,50508,50498,0.000197988437475205,56669,56630,0.0006882069561842119,53132,53146,0,43177,43167,0.00023160478958705877,41930,41920,0.00023849272597187277,47952,47939,0.00027110443777111914,39848,39839,0.0002258582613933191,43799,43787,0.00027397885796476285,48152,48139,0.0002699784017278217,,563643,563504,0.000246609999591918,1
SHV-HQ,PMT-1252,1775,1774,0.0005633802816901179,1832,1832,0,1871,1869,0.001068947087119243,1878,1877,0.0005324813631523151,2089,2088,0.00047869794159882684,3107,3104,0.0009655616350177088,5424,5421,0.0005530973451327581,0,4748,0,2905,5256,0,5771,5778,0,7053,7061,0,7421,7429,0,,41126,48237,0,1
SHV-HQ,PMT-1253,1609,1608,0.0006215040397762328,1552,1552,0,1554,1554,0,1976,1975,0.0005060728744938903,1977,1978,0,1879,1878,0.000532197977647697,1796,1796,0,1979,1978,0.000505305709954551,1977,1976,0.0005058168942843055,1928,1928,0,2120,2126,0,1947,1941,0.0030816640986132127,,22294,22290,0.0001794204718758019,1
SHV-HQ,PMT-1254,15524,15523,6.441638752896495e-05,14578,14577,6.859651529700361e-05,13535,13534,7.388252678242058e-05,15849,15848,6.309546343619132e-05,16454,16453,6.077549532024218e-05,17812,17811,5.614192679093133e-05,13403,13402,7.46101619040207e-05,11300,11300,0,13457,13457,0,11666,11715,0,10278,10228,0.004864759680871744,11848,11848,0,,165704,165696,4.827885868774473e-05,1
SHV-HQ,PMT-1255,0,0,,0,0,,0,0,,0,0,,63,0,1,1287,1347,0,1718,1716,0.0011641443538998875,2394,2391,0.0012531328320801727,2465,2462,0.0012170385395537942,1652,1650,0.001210653753026647,1741,1739,0.0011487650775416913,1183,1181,0.0016906170752324368,,12503,12486,0.0013596736783172414,1
SHV-HQ,PMT-1257,9505,9499,0.0006312467122566723,9007,9001,0.0006661485511268994,9460,9453,0.0007399577167018778,10961,10953,0.0007298604141957599,12024,12015,0.0007485029940119681,9729,9723,0.0006167129201356536,9434,9427,0.0007419970320118319,9437,9432,0.0005298293949348443,8435,8429,0.0007113218731475968,9102,9094,0.0008789277081959757,10207,10200,0.0006858038600959793,10628,10621,0.0006586375611592477,,117929,117847,0.0006953336329486026,1
SHV-HQ,PMT-1258,0,0,,0,0,,0,0,,0,0,,0,0,,0,0,,0,0,,0,0,,0,0,,0,0,,0,0,,0,0,,,0,0,,1
SHV-HQ,PMT-1259,31184,31163,0.0006734222678296264,34034,34012,0.0006464124111182912,34665,34640,0.0007211885186787503,36379,36353,0.0007146980400780656,37937,37910,0.0007117062498352977,34101,34078,0.0006744670244274165,19166,19153,0.0006782844620681905,18401,18387,0.0007608282158578783,18620,18607,0.000698174006444674,18503,18490,0.0007025887693887789,20181,20165,0.0007928249343441829,19584,19571,0.0006638071895425091,,322755,322529,0.0007002215302629455,1
SHV-HQ,PMT-126,12105,12016,0.007352333746385775,11728,11638,0.007673942701227787,11573,11488,0.007344681586451185,13441,13346,0.007067926493564469,13809,13647,0.011731479469910933,13755,13714,0.0029807342784442525,12974,12899,0.005780792353938691,12295,12207,0.0071573810492070455,13458,13383,0.005572893446277316,14800,14718,0.0055405405405405395,14769,14670,0.006703229737964667,14075,14047,0.0019893428063942897,,158782,157773,0.0063546245796123335,79
SHV-HQ,PMT-1260,33707,33687,0.0005933485626130608,33336,33317,0.00056995440364771,31726,31707,0.0005988778919497895,40100,40076,0.000598503740648404,47146,47112,0.0007211640436092237,44631,44598,0.0007393963836794804,30717,30701,0.0005208842009311043,30450,30436,0.00045977011494258146,35569,35549,0.0005622873850824606,32538,32523,0.0004609994468006695,23160,23156,0.00017271157167531026,20879,20879,0,,403959,403741,0.0005396587277421983,1
SHV-HQ,PMT-1262,2449,2449,0,2144,2144,0,1427,1428,0,1530,1530,0,895,896,0,1102,1101,0.0009074410163338875,1710,1711,0,2178,2179,0,1808,1807,0.0005530973451327581,3290,3291,0,4213,4214,0,6364,6365,0,,29110,29115,0,1
SHV-HQ,PMT-1263,871,863,0.009184845005740572,833,833,0,785,785,0,846,845,0.0011820330969266601,819,820,0,872,872,0,787,787,0,837,837,0,838,839,0,913,913,0,735,735,0,823,825,0,,9959,9954,0.0005020584396023819,1
SHV-HQ,PMT-1267,6826,6825,0.00014649868151184187,7425,7424,0.00013468013468009854,8604,8603,0.00011622501162245058,9366,9364,0.00021353833013026957,9078,9077,0.00011015642211942289,8811,8809,0.00022698899103390513,7290,7289,0.0001371742112482588,6321,6320,0.000158202816010089,7831,7830,0.0001276976120546669,7245,7243,0.0002760524499655359,6903,6903,0,7069,7067,0.00028292544914410023,,92769,92754,0.00016169194450732505,1
SHV-HQ,PMT-1268,16337,16349,0,17186,17199,0,17463,17476,0,18623,18637,0,20123,20138,0,20024,20040,0,17357,17369,0,15476,15487,0,16984,16997,0,13966,13977,0,14349,14360,0,2813,2816,0,,190701,190845,0,1
SHV-HQ,PMT-127,1666,1652,0.008403361344537785,1569,1560,0.005736137667303964,1726,1714,0.006952491309385911,1529,1518,0.007194244604316502,1561,1551,0.006406149903907754,1205,1202,0.0024896265560165887,1270,1253,0.013385826771653564,1638,1632,0.00366300366300365,1243,1232,0.008849557522123908,1075,1066,0.008372093023255811,1268,1259,0.007097791798107211,1299,1290,0.006928406466512715,,17049,16929,0.007038535984515204,7
SHV-HQ,PMT-1270,17497,17500,0,15561,15562,0,12620,12621,0,19645,19644,5.090353779590995e-05,18772,18773,0,19933,19934,0,17536,17538,0,17729,17729,0,16602,16603,0,17653,17654,0,18681,18681,0,17810,17812,0,,210039,210051,0,1
SHV-HQ,PMT-1271,1343,1344,0,1237,1238,0,1142,1144,0,1169,1170,0,1333,1334,0,1175,1176,0,1005,1007,0,1145,1145,0,1129,1131,0,1441,1442,0,1180,1180,0,1362,1364,0,,14661,14675,0,1
SHV-HQ,PMT-1273,20082,20052,0.001493875112040688,19076,19051,0.0013105472845460486,18504,18482,0.0011889321227842586,21061,21036,0.00118702815630789,31149,31112,0.0011878390959580987,25617,25585,0.0012491704727329855,17983,17964,0.0010565534115553055,17458,17440,0.0010310459388246374,19107,19088,0.000994399958130554,15548,15532,0.0010290712631849663,18113,18092,0.0011593882846574477,16034,16014,0.0012473493825621018,,239732,239448,0.0011846561994226512,1
SHV-HQ,PMT-1274,68857,68906,0,61414,61457,0,57764,57805,0,59506,59551,0,70618,70678,0,79312,79378,0,67580,67632,0,68092,68144,0,73957,74013,0,70251,70306,0,58897,58941,0,62804,62852,0,,799052,799663,0,1
SHV-HQ,PMT-1275,788,787,0.0012690355329949554,841,842,0,798,799,0,822,822,0,691,691,0,725,726,0,698,698,0,744,745,0,700,700,0,724,730,0,783,778,0.0063856960408684715,662,662,0,,8976,8980,0,1
SHV-HQ,PMT-1276,0,0,,0,0,,0,0,,0,0,,0,0,,0,0,,0,0,,0,0,,0,0,,0,0,,0,0,,0,0,,,0,0,,1
SHV-HQ,PMT-1277,14586,14581,0.00034279446044149786,16455,16447,0.00048617441507137205,24099,24088,0.0004564504751234377,23204,23193,0.00047405619720741754,22720,22709,0.00048415492957742945,22004,21996,0.00036357025995270575,16607,16600,0.00042150900222792664,14236,14228,0.0005619556055072028,17879,17873,0.0003355892387717496,16890,16883,0.000414446417998815,19448,19440,0.00041135335252984184,18713,18705,0.0004275102869663039,,226841,226743,0.0004320206664579773,1
SHV-HQ,PMT-1279,536,536,0,0,0,,0,0,,0,0,,0,0,,0,0,,0,0,,0,0,,0,0,,0,0,,0,0,,0,0,,,536,536,0,0
SHV-HQ,PMT-128,26129,25665,0.017758046614872347,23479,23066,0.017590186975595223,25336,24842,0.01949794758446477,28565,28015,0.019254332224750592,25041,24554,0.019448105107623515,25439,24958,0.018907975942450528,0,23235,0,6444,22055,0,21948,221640,0,20710,-179520,9.668276195074844,21478,21170,0.014340255144799308,20882,20564,0.015228426395939132,,245451,280244,0,88
SHV-HQ,PMT-1280,0,0,,0,0,,0,0,,0,0,,0,0,,0,0,,0,0,,0,0,,0,0,,0,0,,0,0,,1,1,0,,1,1,0,0
SHV-HQ,PMT-1281,15237,15263,0,15973,16002,0,15921,15948,0,15324,15354,0,20906,20947,0,16904,16934,0,15268,15296,0,14322,14350,0,16421,16461,0,13926,13945,0,7473,7487,0,338,338,0,,168013,168325,0,1
SHV-HQ,PMT-1282,35472,33752,0.04848894903022105,37961,37651,0.008166275914754606,40407,40133,0.00678100329150888,47420,47285,0.002846900042176248,51653,51530,0.0023812750469478505,47088,46727,0.007666496772001374,38590,38394,0.005079036019694172,38219,38102,0.003061304586723934,34061,33907,0.0045213000205514,35782,35668,0.0031859594209379116,31621,31479,0.00449068656905216,36239,34506,0.04782140787549327,,474513,469134,0.011335832737986107,34
SHV-HQ,PMT-1283,58504,55049,0.059055791057021745,55757,52896,0.05131194289506247,56987,53829,0.05541614754242197,54413,51545,0.052707992575303675,80979,75790,0.06407834129836132,70088,65898,0.05978198835749349,54743,51801,0.05374203094459562,56744,53717,0.05334484703228537,31145,27130,0.1289131481778777,23384,22863,0.022280191583989084,26680,25871,0.03032233883058466,26802,26172,0.023505708529214187,,596226,562561,0.05646348867711237,45
SHV-HQ,PMT-1284,0,0,,0,0,,0,0,,0,0,,0,0,,0,0,,0,0,,0,0,,0,0,,0,0,,0,0,,0,0,,,0,0,,0
SHV-HQ,PMT-1285,46336,46310,0.0005611187845303567,45847,45821,0.0005671036272820729,47058,47032,0.0005525096689191766,48663,48633,0.0006164848036496196,47277,47244,0.0006980138333650965,10883,10876,0.0006432049986216937,967,967,0,1034,1033,0.0009671179883945502,2031,2030,0.000492368291482026,2125,2124,0.00047058823529411153,1656,1656,0,15545,15537,0.0005146349308459142,,269422,269263,0.0005901522518576563,1
SHV-HQ,PMT-1286,28624,28669,0,28577,28620,0,26012,26054,0,26629,26663,0,30505,30556,0,34726,34786,0,39214,39285,0,36474,36534,0,34376,34427,0,31500,31528,0,31834,31873,0,33200,33249,0,,381671,382244,0,1
SHV-HQ,PMT-1287,0,0,,0,0,,0,0,,0,0,,0,0,,0,0,,0,0,,0,0,,0,0,,0,0,,0,0,,0,0,,,0,0,,1
SHV-HQ,PMT-1288,183,184,0,146,147,0,160,160,0,219,219,0,254,254,0,226,227,0,189,190,0,139,138,0.007194244604316502,123,124,0,530,530,0,1687,1687,0,2043,2043,0,,5899,5903,0,1
SHV-HQ,PMT-1289,0,0,,0,0,,0,0,,0,0,,0,0,,0,0,,0,0,,0,0,,0,0,,0,0,,0,0,,0,0,,,0,0,,1
SHV-HQ,PMT-129,12208,12069,0.011385976408912146,12720,12584,0.010691823899371067,12840,12695,0.011292834890965775,14383,14232,0.010498505179726059,14346,15228,0,14706,15844,0,14887,14768,0.007993551420702572,15085,14972,0.007490884985084545,16246,16126,0.0073864335836513195,14062,13953,0.007751386715972086,14864,14751,0.00760226049515611,13440,13341,0.007366071428571375,,169787,170563,0,67
SHV-HQ,PMT-1293,136587,136604,0,130635,130648,0,116004,116017,0,131305,131320,0,134491,134507,0,150361,150382,0,140068,140086,0,132688,132705,0,141392,141413,0,129145,129163,0,123964,123981,0,96652,96664,0,,1563292,1563490,0,1
SHV-HQ,PMT-1294,0,0,,0,0,,0,0,,0,0,,0,0,,0,0,,0,0,,0,0,,0,0,,0,0,,0,0,,0,0,,,0,0,,1
SHV-HQ,PMT-1295,15,15,0,6,6,0,12,12,0,67,67,0,32,32,0,6,6,0,8,8,0,2,2,0,3,4,0,16,15,0.0625,5,5,0,51,51,0,,223,223,0,1
SHV-HQ,PMT-1296,0,0,,0,0,,0,0,,0,0,,0,0,,0,0,,0,0,,0,0,,0,0,,0,0,,0,0,,0,0,,,0,0,,1
SHV-HQ,PMT-1297,38882,38199,0.017565968828763934,39344,38629,0.018173037820252147,48150,47082,0.02218068535825546,53299,52246,0.019756468226420743,56061,54760,0.023206863951766854,67860,66295,0.023062186855290268,58311,57074,0.021213836154413412,54923,53849,0.019554649236203425,58801,57539,0.02146222003027154,64291,62778,0.023533620568975455,57225,56144,0.018890345128877217,64115,62768,0.021009124229899423,,661262,647363,0.0210189002241169,85
SHV-HQ,PMT-1298,0,0,,0,0,,0,0,,0,0,,0,0,,0,0,,0,0,,0,0,,0,0,,0,0,,0,0,,0,0,,,0,0,,0
SHV-HQ,PMT-1299,83672,78912,0.05688880390094653,82200,77876,0.05260340632603411,83130,78692,0.05338626248045231,96690,93401,0.03401592718998858,113114,108973,0.03660908464027446,101551,98013,0.034839637226615205,91434,88516,0.03191373012227394,82291,79919,0.0288245373127074,80052,77561,0.031117273772048204,72276,70260,0.02789307653993023,82017,79622,0.02920126315276106,89100,86204,0.03250280583613918,,1057527,1017949,0.03742504919496148,85
SHV-HQ,PMT-130,3114,3106,0.0025690430314707635,2843,2836,0.0024621878297572675,2751,2744,0.0025445292620864812,2923,2916,0.0023947998631542733,2565,2428,0.05341130604288502,2839,1618,0.4300810144417049,2751,4352,0,2637,2630,0.0026545316647705874,2764,2757,0.0025325615050650896,2592,2585,0.002700617283950657,2756,2750,0.002177068214804012,2789,2784,0.0017927572606668551,,33324,33506,0,2
SHV-HQ,PMT-1300,0,1,0,19,44,0,47,72,0,18,114,0,0,102,0,43,107,0,56,93,0,80,132,0,73,112,0,68,117,0,91,126,0,103,135,0,,598,1155,0,2
SHV-HQ,PMT-1301,43370,43373,0,36679,36683,0,36713,36721,0,35707,35717,0,37820,37831,0,33742,33750,0,29683,29691,0,36362,36372,0,32926,32933,0,39037,39044,0,36900,36905,0,37008,37012,0,,435947,436032,0,1
SHV-HQ,PMT-1303,22765,22756,0.00039534372940919216,27538,27526,0.0004357614932093412,30289,30276,0.0004291987190069291,119177,119124,0.0004447166819101511,127489,127435,0.00042356595470982583,112137,112089,0.00042804783434546856,95652,95614,0.00039727344958806476,92606,92570,0.0003887437099108215,110027,109986,0.0003726358075745173,99402,99364,0.0003822860707027864,74555,74525,0.0004023874991616605,84738,84704,0.0004012367532866268,,996375,995969,0.00040747710450383945,1
SHV-HQ,PMT-1304,0,0,,0,0,,0,0,,0,0,,0,0,,0,0,,0,0,,0,0,,0,0,,0,0,,0,0,,0,0,,,0,0,,1
SHV-HQ,PMT-1305,0,0,,0,0,,0,0,,0,0,,0,0,,0,0,,0,0,,0,0,,0,0,,0,0,,0,0,,0,0,,,0,0,,1
SHV-HQ,PMT-1306,0,0,,0,0,,0,0,,0,0,,0,0,,0,0,,0,0,,0,0,,0,0,,0,0,,0,0,,0,0,,,0,0,,0
SHV-HQ,PMT-1307,1577,1579,0,3142,3145,0,2641,2644,0,2576,2579,0,3954,3957,0,3810,3814,0,3291,3295,0,3267,3270,0,2929,2932,0,1065,1068,0,1570,1573,0,1315,1318,0,,31137,31174,0,1
SHV-HQ,PMT-1308,0,0,,0,0,,0,0,,0,0,,0,0,,0,0,,0,0,,0,0,,0,0,,0,0,,0,0,,0,0,,,0,0,,1
SHV-HQ,PMT-1309,42822,42008,0.01900892064826487,43656,42867,0.01807311709730619,44754,43865,0.019864146221566736,43959,43055,0.02056461702950474,61102,59773,0.0217505155314065,53874,52709,0.02162453131380626,47116,45705,0.0299473639527974,46404,45783,0.013382467028704381,52229,51112,0.021386585996285623,49240,48223,0.02065393988627129,52185,50982,0.02305260132221898,56468,54884,0.02805128568392723,,593809,580966,0.02162816663270517,192
SHV-HQ,PMT-1310,32681,32205,0.014565037789541324,28192,30337,0,23325,31204,0,26278,34546,0,32144,36314,0,40896,40113,0.019146126760563376,39433,38649,0.01988182486749679,39530,38806,0.018315203642802924,38460,37733,0.01890275611024439,39294,38551,0.018908739247722295,42490,41687,0.018898564368086568,42933,42101,0.01937903244590411,,425656,442246,0,115
SHV-HQ,PMT-1311,6476,6450,0.004014823965410752,6385,6364,0.0032889584964761465,7102,7067,0.004928189242466963,6991,6967,0.0034329852667716043,9875,9849,0.0026329113924050684,8560,8530,0.003504672897196248,6512,6469,0.006603194103194099,6628,6588,0.0060350030175014835,7186,7143,0.005983857500695744,6773,6735,0.005610512328362627,7336,7289,0.006406761177753517,7076,7034,0.005935556811758058,,86900,86485,0.004775604142692735,16
SHV-HQ,PMT-1314,0,0,,0,0,,0,0,,0,0,,0,0,,0,0,,0,0,,0,0,,0,0,,0,0,,0,0,,0,0,,,0,0,,1
SHV-HQ,PMT-1315,0,0,,0,0,,0,0,,0,0,,0,0,,0,0,,0,0,,0,0,,0,0,,0,0,,0,0,,0,0,,,0,0,,0
SHV-HQ,PMT-1316,947,948,0,911,911,0,882,882,0,969,970,0,872,872,0,967,968,0,942,942,0,905,906,0,952,953,0,871,871,0,894,895,0,838,839,0,,10950,10957,0,1
SHV-HQ,PMT-1317,0,0,,0,0,,0,0,,0,0,,0,0,,0,0,,0,0,,0,0,,0,0,,0,0,,0,0,,0,0,,,0,0,,1
SHV-HQ,PMT-1318,0,0,,0,0,,0,0,,0,0,,0,0,,0,0,,0,0,,0,0,,0,0,,0,0,,0,0,,0,0,,,0,0,,1
SHV-HQ,PMT-132,6489,6434,0.008475882262290013,7728,7659,0.008928571428571397,8826,8741,0.009630636755041944,9818,9717,0.010287227541250776,10446,10168,0.026613057629714776,10388,10444,0,8773,8686,0.009916790151601518,8827,8744,0.00940296816585473,9895,9791,0.010510358767054084,9053,8973,0.008836849663095059,10183,10087,0.009427477167828768,12990,12884,0.008160123171670475,,113416,112328,0.009593002750934665,7
SHV-HQ,PMT-1320,0,0,,0,0,,0,0,,0,0,,0,0,,0,0,,0,0,,0,0,,0,0,,0,0,,0,0,,0,0,,,0,0,,0
SHV-HQ,PMT-1321,0,0,,0,0,,0,0,,0,0,,0,0,,0,0,,0,0,,0,0,,0,0,,0,0,,0,0,,0,0,,,0,0,,1
SHV-HQ,PMT-1322,0,0,,0,0,,0,0,,0,0,,0,0,,0,0,,0,0,,0,0,,0,0,,0,0,,0,0,,0,1,0,,0,1,0,0
SHV-HQ,PMT-1323,2,587,0,4,988,0,2,126,0,0,0,,0,0,,0,0,,0,0,,0,0,,2,0,1,0,0,,0,0,,0,0,,,10,1701,0,0
SHV-HQ,PMT-1324,9723,9719,0.00041139565977577064,8777,8773,0.0004557365842543515,6476,6474,0.00030883261272385276,1633,1632,0.0006123698714023407,2215,2214,0.0004514672686229959,1576,1576,0,1319,1318,0.0007581501137224889,1337,1336,0.0007479431563200967,2075,2075,0,1285,1284,0.0007782101167315147,1601,1601,0,2123,2122,0.00047103155911443206,,40140,40124,0.0003986048829097699,1
SHV-HQ,PMT-1325,19737,19718,0.0009626589653949358,17573,17556,0.000967393159961305,16460,16483,0,19368,19311,0.0029429987608425856,18362,18349,0.0007079838797516835,17891,17876,0.0008384103739310644,16319,16305,0.0008578957043936519,18780,18769,0.0005857294994675577,19954,19930,0.0012027663626340557,22440,22417,0.0010249554367200986,35869,35832,0.0010315314059494707,37206,37167,0.0010482180293500676,,259959,259713,0.000946303070868848,1
SHV-HQ,PMT-1326,16999,17013,0,17067,17080,0,16118,16132,0,15585,15598,0,17379,17394,0,17351,17366,0,14787,14799,0,15725,15738,0,13813,13823,0,12784,12792,0,13204,13215,0,12200,12210,0,,183012,183160,0,1
SHV-HQ,PMT-1328,27730,27726,0.00014424810674362742,27929,27924,0.00017902538579972482,30435,30431,0.00013142763265971968,34507,34502,0.0001448981366100055,36367,36362,0.00013748728242635178,27568,27565,0.0001088218224027937,26522,26519,0.00011311364150512482,29324,29322,6.820351930159063e-05,31091,31087,0.0001286545945772266,29599,29595,0.00013513970066558745,29907,29904,0.00010031096398832595,33715,33710,0.00014830194275550213,,364694,364647,0.0001288751665780019,1
SHV-HQ,PMT-1329,7410,7411,0,9134,9133,0.00010948105977670597,9059,9058,0.00011038745998459554,11227,11227,0,20974,20971,0.00014303423285977335,23511,23509,8.506656458684425e-05,24199,24196,0.00012397206496139734,27763,27760,0.00010805748658282432,27180,27185,0,22831,22823,0.00035040077088166477,26961,26960,3.7090612366008635e-05,22796,22795,4.386734514827406e-05,,233045,233028,7.294728485918167e-05,1
SHV-HQ,PMT-133,16496,16153,0.02079291949563533,14159,14041,0.008333921887138884,15854,15809,0.0028384004036836608,19911,19843,0.0034151976294510833,27214,27080,0.004923936209303981,22155,22065,0.004062288422478022,17049,17002,0.0027567599272684262,15898,15851,0.0029563467102780017,14427,14386,0.002841893671588047,15876,15827,0.0030864197530864335,14807,14757,0.0033767812521104945,15735,15836,0,,209581,208650,0.004442196573162693,3
SHV-HQ,PMT-1330,41164,40179,0.0239286755417355,34949,35962,0,34056,34069,0,34108,34121,0,40681,40697,0,45477,45495,0,40678,40692,0,38655,38670,0,42503,42518,0,41959,41975,0,40336,40351,0,46721,46740,0,,481287,481469,0,1
SHV-HQ,PMT-1332,11343,11342,8.816009873935382e-05,11303,11302,8.847208705653475e-05,10683,10682,9.360666479452107e-05,12287,12287,0,13668,13666,0.00014632718759144403,13911,13910,7.188555819137576e-05,11346,11344,0.0001762735765908907,9432,9432,0,12303,12301,0.00016256197675368345,10581,10579,0.00018901805122384374,10865,10864,9.20386562356379e-05,10298,10296,0.0001942124684404245,,138020,138005,0.00010867990146357087,1
SHV-HQ,PMT-1333,0,0,,0,0,,0,0,,0,0,,0,0,,0,0,,0,0,,0,0,,0,0,,0,0,,0,0,,0,0,,,0,0,,1
SHV-HQ,PMT-1335,46691,46723,0,49917,49953,0,48930,48969,0,53927,53973,0,58065,58116,0,50541,50586,0,44557,44596,0,41512,41544,0,45990,46024,0,43653,43684,0,44561,44592,0,45629,45660,0,,573973,574420,0,1
SHV-HQ,PMT-1337,892,879,0.014573991031390121,1173,1171,0.0017050298380221207,2709,2714,0,5301,5310,0,8755,8769,0,8752,8767,0,7493,7505,0,8778,8792,0,11720,11738,0,10046,10061,0,9443,9459,0,10228,10243,0,,85290,85408,0,1
SHV-HQ,PMT-134,101175,101194,0,97645,97661,0,96674,96692,0,101980,101999,0,114793,114812,0,120628,120649,0,99679,99697,0,96103,96120,0,101862,101886,0,110846,110861,0,88484,88501,0,104318,104340,0,,1234187,1234412,0,1
SHV-HQ,PMT-1341,0,0,,0,0,,0,0,,0,0,,0,0,,0,0,,0,0,,0,0,,0,0,,0,0,,0,0,,0,0,,,0,0,,1
SHV-HQ,PMT-1343,6714,6715,0,7195,7196,0,4335,4334,0.00023068050749708302,2831,2832,0,2692,2692,0,3644,3645,0,4401,4402,0,5170,5171,0,4762,4764,0,2001,2001,0,2949,2950,0,3810,3809,0.0002624671916010568,,50504,50511,0,1
SHV-HQ,PMT-1344,10121,10137,0,9517,9532,0,9800,9815,0,6321,0,1,7329,13651,0,7451,7450,0.00013421017313108852,6125,6125,0,6797,6797,0,8082,8083,0,5820,5820,0,5611,5612,0,7607,7609,0,,90581,90631,0,1
SHV-HQ,PMT-1345,2565,2594,0,2361,2386,0,2572,2595,0,2733,2756,0,2748,2766,0,3104,3144,0,2664,2699,0,2765,2785,0,2513,2532,0,2255,2276,0,1966,1998,0,2107,2126,0,,30353,30657,0,1
SHV-HQ,PMT-1346,17819,17826,0,18959,18966,0,18026,18032,0,21303,21310,0,21286,21292,0,28282,28290,0,18293,18298,0,18300,18306,0,11619,11623,0,15103,15108,0,16703,16709,0,15458,15465,0,,221151,221225,0,1
SHV-HQ,PMT-1347,0,0,,0,0,,0,0,,0,0,,0,0,,0,0,,0,0,,0,0,,0,0,,0,0,,0,0,,0,0,,,0,0,,0
SHV-HQ,PMT-1348,0,0,,0,0,,0,0,,0,0,,0,0,,0,0,,0,0,,0,0,,0,0,,0,0,,0,0,,1,0,1,,1,0,1,0
SHV-HQ,PMT-1349,17295,17292,0.00017346053772770986,16140,16136,0.00024783147459728205,14468,14465,0.00020735416090678083,18243,18239,0.00021926218275503118,26120,26110,0.0003828483920367276,29618,29608,0.0003376325207643527,20036,20031,0.00024955080854460743,18819,18815,0.00021255114511931072,18722,18716,0.0003204785813480937,19079,19074,0.0002620682425703569,19260,19255,0.00025960539979230646,22609,22606,0.00013269052147379945,,240409,240347,0.00025789383924890164,1
SHV-HQ,PMT-135,2300,2303,0,74375,74405,0,234185,234276,0,174629,174694,0,238961,239044,0,160112,160170,0,114911,114955,0,2230,2231,0,2198,2200,0,2362,2364,0,1991,1992,0,2125,2128,0,,1010379,1010762,0,1
SHV-HQ,PMT-1350,0,0,,0,0,,0,0,,0,0,,0,0,,0,0,,0,0,,0,0,,0,0,,0,0,,0,0,,0,0,,,0,0,,1
SHV-HQ,PMT-1351,0,0,,0,0,,0,0,,0,0,,0,0,,0,0,,0,0,,0,0,,0,0,,0,0,,0,0,,0,0,,,0,0,,1
SHV-HQ,PMT-1352,29378,29396,0,29385,29403,0,27047,27064,0,32809,32832,0,35982,36007,0,38287,38314,0,38632,38660,0,36224,36248,0,35850,35875,0,35543,35567,0,35496,35522,0,35076,35097,0,,409709,409985,0,1
SHV-HQ,PMT-1353,0,0,,0,0,,1324,1320,0.0030211480362537513,4794,4787,0.001460158531497724,6037,6029,0.0013251615040582587,5393,5385,0.0014834044131281088,6632,6623,0.001357056694813008,7400,7392,0.00108108108108107,6351,6342,0.0014170996693434468,3985,3980,0.0012547051442910462,5869,5863,0.0010223206679161878,5017,5011,0.0011959338249950546,,52802,52732,0.0013257073595697166,1
SHV-HQ,PMT-1354,1999,2000,0,2008,2009,0,2097,2097,0,2571,2573,0,2645,2646,0,2165,2166,0,1919,1920,0,2388,2388,0,2353,2354,0,2069,2071,0,2494,2494,0,2154,2158,0,,26862,26876,0,1
SHV-HQ,PMT-1355,12301,12300,8.129420372327001e-05,13975,13974,7.155635062616739e-05,12334,12333,8.107669855683675e-05,12256,12254,0.00016318537859005833,14771,14770,6.770022341073823e-05,13184,13182,0.0001516990291262621,11042,11041,9.056330374934696e-05,10159,10157,0.00019686977064670153,10984,10984,0,9506,9504,0.0002103934357248205,7236,7235,0.00013819789939195637,9025,9025,0,,136773,136759,0.00010235938379654641,1
SHV-HQ,PMT-1356,23453,23466,0,15067,15075,0,10891,10898,0,16777,16787,0,14035,14044,0,18788,18798,0,17026,17034,0,9645,9651,0,12243,12255,0,45862,45815,0.0010248135711482531,70650,70738,0,114360,114406,0,,368797,368967,0,1
SHV-HQ,PMT-1359,28642,28636,0.00020948257803221626,22810,22805,0.00021920210434023257,21212,21210,9.428625306429073e-05,24453,24449,0.00016357911094755373,19303,19302,5.180541884686196e-05,17270,17269,5.790387955995069e-05,13764,13765,0,12305,12304,8.126777732631041e-05,15852,15852,0,16107,16105,0.0001241696156950578,14857,14855,0.000134616679006494,14935,14934,6.695681285573407e-05,,221510,221486,0.00010834725294572856,1
SHV-HQ,PMT-136,127560,125257,0.018054248980871712,133560,131139,0.01812668463611855,134280,130466,0.028403336312183503,149880,144741,0.03428742994395517,162960,157695,0.03230854197349042,185400,178206,0.03880258899676381,163320,156713,0.04045432280186134,174240,166955,0.041810146923783265,177360,170335,0.03960870545782591,169080,162311,0.0400343032883842,177240,169832,0.04179643421349577,168240,161054,0.04271279125059435,,1923120,1854704,0.03557552310828238,140
SHV-HQ,PMT-1360,0,0,,10313,10313,0,16490,16488,0.00012128562765312267,15002,15000,0.00013331555792561733,24646,24644,8.114907084311174e-05,17785,17781,0.00022490863086865875,14902,14898,0.00026842034626228806,15397,15391,0.00038968630252644854,18056,18051,0.00027691626052284146,17294,17286,0.00046258818087197007,16555,16550,0.000302023557837483,17034,17030,0.0002348244687095935,,183474,183432,0.00022891526864843303,1
SHV-HQ,PMT-1361,0,0,,0,0,,0,0,,0,0,,0,0,,0,0,,0,0,,0,0,,0,0,,0,0,,0,0,,0,0,,,0,0,,1
SHV-HQ,PMT-1363,0,0,,0,0,,0,0,,0,0,,0,0,,0,0,,0,0,,0,0,,0,0,,0,0,,0,0,,0,0,,,0,0,,1
SHV-HQ,PMT-1364,4926,4890,0.0073081607795371095,5469,5413,0.010239531907112798,5952,5888,0.010752688172043001,7190,7114,0.010570236439499281,6862,6790,0.010492567764500138,6912,6825,0.01258680555555558,5928,5844,0.014170040485829927,6463,6414,0.007581618443447291,6654,6580,0.011121130147279779,5442,5343,0.018191841234840078,6773,6759,0.0020670308578177865,6393,6337,0.00875958079149064,,74964,74197,0.010231577824022176,21
SHV-HQ,PMT-1365,31396,30758,0.02032106000764433,36112,35135,0.02705471865307929,39085,38629,0.011666879877190728,47347,46404,0.019916784590364722,45622,44702,0.020165709526105857,42852,41964,0.02072248669840382,35142,34572,0.016219907802629385,41430,40624,0.019454501568911375,41480,40697,0.018876567020250756,39349,38473,0.022262319245724194,46931,46135,0.01696107050776674,39700,38914,0.019798488664987457,,486446,477007,0.019404003733199615,70
SHV-HQ,PMT-1366,15413,15044,0.023940829170181033,15515,15084,0.02777956815984528,16239,15875,0.022415173348112605,17925,17502,0.02359832635983261,17214,16802,0.02393400720343908,16230,15861,0.02273567467652493,14556,14238,0.02184666117065126,15839,15484,0.022413031125702365,16300,15928,0.022822085889570576,15618,15273,0.02208989627353053,15791,15444,0.021974542460895474,14970,14646,0.021643286573146292,,191610,187181,0.023114659986430808,10
SHV-HQ,PMT-1367,7255,7249,0.0008270158511370918,10190,10181,0.0008832188420019316,9228,9217,0.0011920242739488218,10277,10263,0.0013622652525056012,15036,15013,0.0015296621441872604,15635,15621,0.0008954269267669179,13537,13530,0.0005171012779788819,11402,11388,0.0012278547623223446,12762,12740,0.001723867732330353,10595,10563,0.0030202925908446865,9832,9797,0.0035598047192839655,11409,11397,0.0010518012095713791,,137158,136959,0.001450881465171583,10
SHV-HQ,PMT-1368,17057,17032,0.0014656739168670274,13654,13614,0.002929544455837152,12348,12309,0.003158406219630705,11181,11139,0.003756372417493936,16008,15815,0.012056471764117949,13891,13986,0,12969,12913,0.004317989050813487,10064,10013,0.0050675675675675436,12708,12665,0.0033836953100409017,8812,8765,0.005333635950975912,10690,10673,0.0015902712815715203,11073,10997,0.006863541948884722,,150455,149921,0.003549233990229661,8
SHV-HQ,PMT-137,340343,340247,0.0002820683839538374,268065,267993,0.0002685915729393473,241317,241242,0.0003107945150984115,285247,285160,0.00030499882557921687,290915,290810,0.00036093016860594407,333647,333526,0.00036265873812746374,286658,286558,0.0003488477558624137,263509,263424,0.00032256962760279784,237733,237651,0.0003449247685428647,223350,223274,0.00034027311394668747,270758,270675,0.0003065468056345777,252449,252358,0.0003604688471731121,,3293991,3292918,0.0003257446665761998,1
SHV-HQ,PMT-1370,60376,60329,0.0007784550152378777,53276,53234,0.0007883474735340679,52152,52110,0.0008053382420616373,53677,53633,0.0008197179425080137,71327,71268,0.0008271762446198094,59056,59005,0.0008635871037658838,55171,55123,0.0008700222943213154,55078,55031,0.0008533352699807706,61527,61473,0.0008776634648203219,47773,47732,0.0008582253574194176,55754,55708,0.0008250529110018778,57391,57345,0.0008015194019967975,,682558,681991,0.0008306986365993474,1
SHV-HQ,PMT-1372,0,0,,0,0,,0,0,,0,0,,0,0,,0,0,,0,0,,0,0,,0,0,,0,0,,0,0,,0,0,,,0,0,,1
SHV-HQ,PMT-1373,2928,2927,0.0003415300546447675,3163,3162,0.00031615554852992833,2574,2573,0.00038850038850035684,2394,2394,0,2964,2963,0.0003373819163292602,2923,2922,0.0003421142661649279,2990,2990,0,7545,7543,0.0002650762094101866,5210,5209,0.00019193857965449368,4810,4808,0.0004158004158003603,5455,5454,0.00018331805682858526,4829,4828,0.00020708221163801,,47785,47773,0.0002511248299675861,1
SHV-HQ,PMT-1375,27761,27747,0.0005043045999784113,24633,24618,0.0006089392278650907,27316,27300,0.0005857372968224306,31185,31170,0.0004810004810005264,32806,32790,0.0004877156617691947,34291,34275,0.00046659473331189805,31189,31171,0.0005771265510275958,26450,26435,0.0005671077504726396,28869,28855,0.0004849492535244915,23324,23309,0.0006431143886126423,24349,24327,0.0009035278656207568,24760,24743,0.0006865912762520354,,336933,336740,0.0005728141796736974,1
SHV-HQ,PMT-1376,0,0,,0,0,,0,0,,0,0,,0,0,,0,0,,0,0,,0,0,,0,0,,0,0,,0,0,,0,0,,,0,0,,0
SHV-HQ,PMT-1377,2060,2058,0.000970873786407811,2054,2053,0.0004868549172346581,2272,2269,0.001320422535211252,2639,2635,0.0015157256536566521,2622,2619,0.0011441647597254523,2425,2421,0.0016494845360824906,940,2093,0,1997,2001,0,1894,1905,0,1584,1651,0,1601,1768,0,2333,2360,0,,24421,25833,0,1
SHV-HQ,PMT-1379,16735,16729,0.00035853002688979174,15730,15723,0.000445009535918639,14249,14249,0,14514,14504,0.0006889899407468425,18271,18263,0.0004378523343002705,18211,18204,0.00038438306518040477,12103,12093,0.0008262414277452335,11709,11710,0,14838,14832,0.0004043671653861658,11755,11749,0.0005104210974054002,11406,11402,0.00035069261792042283,15828,15822,0.00037907505686129994,,175349,175280,0.00039350096094070697,1
SHV-HQ,PMT-138,0,0,,0,0,,0,0,,0,0,,0,0,,0,0,,0,0,,0,0,,0,0,,0,0,,0,0,,0,0,,,0,0,,1
SHV-HQ,PMT-1380,35425,35428,0,35493,35495,0,29137,29139,0,30010,30012,0,43500,43503,0,60454,60459,0,53637,53642,0,60260,60266,0,62398,62404,0,56622,56625,0,57172,57175,0,52712,52715,0,,576820,576863,0,1
SHV-HQ,PMT-1381,0,0,,0,0,,0,0,,0,0,,0,0,,0,0,,0,0,,0,0,,0,0,,0,0,,0,0,,0,0,,,0,0,,1
SHV-HQ,PMT-1384,16320,16311,0.0005514705882353477,14176,14169,0.0004937923250564191,15005,14998,0.00046651116294571526,16299,16298,6.135345726732133e-05,15075,15060,0.0009950248756218638,18956,18947,0.00047478370964337824,14780,14772,0.0005412719891745299,14521,14513,0.0005509262447489505,22439,22427,0.0005347831899816802,18109,18100,0.0004969904467392317,17504,17495,0.0005141681901279505,26724,26692,0.0011974255350994945,,209908,209782,0.0006002629723498298,1
SHV-HQ,PMT-1385,574,576,0,429,431,0,5504,5509,0,26967,26988,0,25963,25981,0,25654,25672,0,23293,23310,0,20396,20411,0,22128,22144,0,22471,22489,0,19069,19085,0,22540,22559,0,,214988,215155,0,1
SHV-HQ,PMT-1386,0,0,,0,0,,0,0,,0,0,,0,0,,0,0,,0,0,,0,0,,0,0,,0,0,,0,0,,0,0,,,0,0,,1
SHV-HQ,PMT-1388,1341,1341,0,1263,1262,0.0007917656373713777,1483,1484,0,1698,1698,0,11863,11864,0,13327,13329,0,11579,11581,0,11853,11855,0,13159,13161,0,14726,14728,0,11575,11576,0,12939,12941,0,,106806,106820,0,1
SHV-HQ,PMT-1389,87482,86675,0.00922475480670304,81316,80539,0.009555315067145465,76970,76328,0.008340912043653392,86660,85855,0.009289176090468532,97107,96261,0.008712039296858154,99784,98964,0.008217750340736019,86968,86345,0.00716355441081773,83826,83168,0.00784959320497225,95918,95158,0.007923434600387802,80995,80342,0.008062226063337286,87748,87105,0.007327802343073397,88585,87862,0.008161652649997131,,1053359,1044602,0.008313405021459941,38
SHV-HQ,PMT-139,247436,247217,0.0008850773533357614,248329,248087,0.0009745136492315121,262535,262192,0.0013064924676710055,287242,286828,0.001441293404167876,284435,284071,0.0012797299910348725,258455,258117,0.001307771178735151,225340,225040,0.0013313215585337712,270224,269888,0.001243412872283689,269871,269460,0.0015229498538190667,280568,280095,0.0016858658150609163,273240,272801,0.0016066461718635683,250050,249663,0.0015476904619076137,,3157725,3153459,0.0013509726147780121,1
SHV-HQ,PMT-1390,100310,98754,0.015511913069484629,103052,101319,0.01681675270737104,115340,112545,0.024232703311947268,137317,135559,0.012802493500440604,156647,153604,0.01942584281856663,152288,149949,0.015359056524479886,130735,131838,0,148101,143704,0.02968919858745045,168027,165568,0.014634552780207977,159070,156690,0.014961966429873685,170772,168562,0.012941231583632029,153082,150908,0.014201539044433664,,1694741,1669000,0.015188751555547442,115
SHV-HQ,PMT-1391,0,0,,0,0,,0,0,,0,0,,0,0,,0,0,,0,0,,0,0,,0,0,,0,0,,0,0,,0,0,,,0,0,,0
SHV-HQ,PMT-1392,1483,1486,0,1254,1255,0,0,0,,0,0,,0,0,,0,0,,0,0,,0,0,,0,0,,0,0,,0,0,,0,0,,,2737,2741,0,1
SHV-HQ,PMT-1393,0,0,,0,0,,0,0,,0,0,,0,0,,0,0,,0,0,,0,0,,108,107,0.0092592592592593,562,563,0,884,884,0,1575,1576,0,,3129,3130,0,1
SHV-HQ,PMT-1395,19909,19900,0.0004520568587070839,19976,19967,0.0004505406487785857,21958,21948,0.0004554148829584159,21195,21185,0.00047180938900681646,27529,27516,0.00047222928548074083,23974,23962,0.0005005422541086713,19932,19922,0.0005017057997190877,18063,18054,0.0004982561036372957,19418,19408,0.0005149860953754803,17506,17498,0.0004569861761681837,18744,18734,0.0005335040546308178,18546,18537,0.00048527984471047336,,246750,246631,0.00048226950354612885,1
SHV-HQ,PMT-1396,0,0,,0,0,,0,0,,0,0,,0,0,,0,0,,0,0,,0,0,,0,0,,0,0,,1196,1432,0,682,1602,0,,1878,3034,0,1
SHV-HQ,PMT-1397,4960,4961,0,3491,3494,0,6763,6763,0,10955,10955,0,12157,12156,8.225713580656269e-05,12418,12418,0,9931,9931,0,1910,1911,0,140,142,0,9381,9381,0,14253,14252,7.01606679295308e-05,13873,13872,7.208246233691984e-05,,100232,100236,0,1
SHV-HQ,PMT-1398,0,0,,0,0,,0,0,,0,0,,0,0,,0,0,,0,0,,0,0,,0,0,,0,0,,0,0,,0,0,,,0,0,,1
SHV-HQ,PMT-1399,46330,46319,0.00023742715303254336,50765,50757,0.00015758888998329557,55626,55567,0.0010606550893467181,58787,58759,0.00047629577967922554,62616,64360,0,64555,65332,0,58340,36937,0.36686664381213574,70716,92049,0,52234,52129,0.0020101849370142144,49632,49594,0.0007656350741457318,56157,56125,0.0005698310094912618,45987,45981,0.00013047165503299318,,671745,673909,0,1
SHV-HQ,PMT-140,167599,164795,0.016730410085979086,180117,177008,0.01726100257055141,170101,166119,0.02340962134261404,195131,190803,0.022179971403826104,216486,210852,0.026024777583769865,172751,156601,0.093487157816742,141121,139738,0.009800100622869734,147226,145643,0.010752176925271306,147617,145908,0.011577257361956916,138896,137304,0.011461813155166478,140927,139475,0.010303206624706407,139908,138544,0.009749263801926977,,1957880,1912790,0.023030012053854132,44
SHV-HQ,PMT-1400,191098,187490,0.01888036504829982,192473,188819,0.01898448094018379,200008,195853,0.0207741690332387,209428,204922,0.02151574765551889,235708,230219,0.023287287661004297,238830,233546,0.02212452371980067,201809,197772,0.020004063247922588,191922,188248,0.019143193589062246,209850,205070,0.022778174886823876,210424,206383,0.019204083184427678,181775,177784,0.02195571448218947,196918,193034,0.019723946007982995,,2460243,2409140,0.02077152541435945,145
SHV-HQ,PMT-1404,0,0,,0,0,,0,0,,0,0,,0,0,,0,0,,0,0,,0,0,,0,0,,0,0,,0,0,,0,0,,,0,0,,0
SHV-HQ,PMT-1405,0,0,,0,0,,0,0,,0,0,,0,0,,0,0,,0,0,,0,0,,0,0,,0,0,,0,0,,0,0,,,0,0,,1
SHV-HQ,PMT-1406,2796,2795,0.0003576537911301747,2583,2583,0,2363,2362,0.00042319085907749354,2545,2545,0,2442,2442,0,2514,2513,0.00039777247414474193,2408,2407,0.00041528239202659467,2410,2409,0.0004149377593360981,2175,2175,0,1512,1512,0,1612,1611,0.0006203473945409765,1510,1510,0,,26870,26864,0.00022329735764792247,1
SHV-HQ,PMT-1407,155129,152372,0.017772305629508378,166138,164289,0.011129302146408393,175594,172483,0.01771700627584083,190508,186525,0.02090725848783248,214247,208992,0.024527764682819364,210506,205761,0.022540925199281747,177616,173891,0.02097220971083691,174016,170357,0.021026802133137235,202326,197829,0.022226505738264013,181743,177590,0.022850948867356613,204540,199728,0.023525960692285075,192570,187762,0.024967544269616226,,2244933,2197579,0.021093725291578824,214
SHV-HQ,PMT-1408,58812,58832,0,58106,58393,0,64274,64337,0,66249,66439,0,71673,71900,0,67419,67584,0,52687,52850,0,50547,50777,0,53509,53683,0,46516,46614,0,53393,53483,0,60809,61069,0,,703994,705961,0,69
SHV-HQ,PMT-1409,3534,3560,0,2920,2937,0,3387,3421,0,3408,3443,0,2497,2511,0,2341,2352,0,2078,2078,0,2222,2227,0,2232,2242,0,1838,1847,0,2219,2224,0,2139,2145,0,,30815,30987,0,2
SHV-HQ,PMT-141,19314,19309,0.000258879569224435,16014,16010,0.00024978144123888324,17002,16996,0.00035289965886364794,15352,15349,0.0001954142782699675,18719,18713,0.00032052994283882086,17538,17534,0.00022807617744324826,14006,14003,0.00021419391689281309,17225,17220,0.0002902757619738239,17047,17043,0.00023464539215112268,15410,15406,0.0002595717066840031,13467,13463,0.0002970223509318748,22592,22586,0.00026558073654392444,,203686,203632,0.00026511394990325066,1
SHV-HQ,PMT-1410,49680,48320,0.027375201288244777,48519,47128,0.02866918114553063,49539,49404,0.0027251256585720807,53998,52894,0.020445201674136104,55480,54485,0.017934390771449205,57198,55373,0.031906710024826035,50623,49938,0.013531398771309489,49108,48384,0.014743015394640402,49031,48283,0.01525565458587419,47629,46896,0.01538978353524112,49596,48790,0.01625131058956364,48514,47776,0.015212103722636816,,608915,597671,0.018465631492080137,128
SHV-HQ,PMT-1411,889,883,0.006749156355455588,922,911,0.01193058568329719,1167,1156,0.009425878320479808,1030,1025,0.004854368932038833,1168,1161,0.0059931506849315586,1073,1068,0.004659832246039164,931,925,0.0064446831364124435,1249,1242,0.005604483586869491,1476,1462,0.009485094850948506,1157,1150,0.006050129645635227,1899,1884,0.00789889415481837,3570,3534,0.010084033613445342,,16531,16401,0.007864013066360198,26
SHV-HQ,PMT-1412,6972,6970,0.0002868617326449163,7006,7004,0.00028546959748787515,6053,6050,0.0004956220056170357,6926,6924,0.0002887669650591951,9023,9020,0.00033248365288707227,7175,7173,0.0002787456445992875,6584,6583,0.0001518833535844033,6503,6503,0,6938,6936,0.00028826751225141667,4541,4540,0.00022021581149522795,5530,5529,0.0001808318264014952,6394,6392,0.0003127932436659542,,79645,79624,0.00026367003578375847,1
SHV-HQ,PMT-1414,208,210,0,275,275,0,200,210,0,313,319,0,302,306,0,332,343,0,301,310,0,229,231,0,1570,1572,0,2197,2201,0,2598,2600,0,3052,3054,0,,11577,11631,0,1
SHV-HQ,PMT-1415,0,0,,0,0,,0,0,,0,0,,0,0,,0,0,,0,0,,0,0,,0,0,,0,0,,0,0,,0,0,,,0,0,,1
SHV-HQ,PMT-1417,58215,58195,0.0003435540668212944,51713,51695,0.00034807495213973194,47494,47477,0.0003579399503095271,54889,54870,0.00034615314543895437,63526,63502,0.000377798066933277,59234,59210,0.00040517270486539747,50131,50112,0.00037900700165560686,54365,54343,0.0004046721236089512,50873,50855,0.00035382226328306565,50535,50514,0.0004155535767289553,53540,53521,0.00035487485991780865,58898,58876,0.0003735271146728669,,653413,653170,0.0003718934272810559,1
SHV-HQ,PMT-1418,744,745,0,703,704,0,598,599,0,773,772,0.001293661060802087,1326,1328,0,919,920,0,690,691,0,564,564,0,400,402,0,402,402,0,331,332,0,202,203,0,,7652,7662,0,1
SHV-HQ,PMT-1419,10681,10688,0,10135,10142,0,9209,9215,0,10064,10070,0,4460,9419,0,3118,11083,0,4950,4976,0,2331,2377,0,2139,2208,0,1347,1386,0,13836,13863,0,13154,13179,0,,85424,98606,0,1
SHV-HQ,PMT-142,37178,37179,0,36339,36338,2.7518643881174754e-05,34215,34215,0,35386,35386,0,39393,39394,0,41985,41986,0,31191,31191,0,30070,30069,3.325573661461245e-05,34632,34632,0,36036,36032,0.00011100011100007023,28275,28276,0,45525,45528,0,,430225,430226,0,1
SHV-HQ,PMT-1420,0,0,,0,0,,0,0,,0,0,,0,0,,0,0,,0,0,,0,0,,0,0,,0,0,,0,0,,0,0,,,0,0,,1
SHV-HQ,PMT-1421,0,0,,0,0,,0,0,,0,0,,0,0,,0,0,,0,0,,0,0,,0,0,,0,0,,0,0,,0,0,,,0,0,,1
SHV-HQ,PMT-1422,1094,1107,0,435,441,0,259,259,0,263,265,0,431,432,0,758,758,0,616,617,0,475,476,0,581,583,0,474,474,0,501,502,0,553,554,0,,6440,6468,0,1
SHV-HQ,PMT-1423,193701,190482,0.016618396394442958,202678,199599,0.015191584681119807,183560,181057,0.01363586838091091,207872,204528,0.016086822660098532,215416,212186,0.014994243695918619,229454,225507,0.01720170491688966,201904,198570,0.01651279816150253,201859,198947,0.014425911155806825,201450,198312,0.015577066269545803,188050,185115,0.015607551183196011,202933,199417,0.017325915449926788,185762,201176,0,,2414639,2394896,0.008176377504049315,66
SHV-HQ,PMT-1424,24223,23709,0.021219502126078482,26915,26897,0.0006687720601894487,25641,25624,0.0006630006630006235,30793,30770,0.0007469230019809814,32625,32598,0.0008275862068966022,33765,33725,0.0011846586702206618,23296,23246,0.0021462912087911734,22774,22733,0.0018002985861069742,22470,22438,0.0014241210502893287,22710,22679,0.0013650374284456257,25261,25242,0.0007521475792724441,23815,23805,0.000419903422212875,,314288,313466,0.0026154355241052585,1
SHV-HQ,PMT-1426,33825,33814,0.0003252032520325576,35437,35424,0.00036684820949850483,33905,33890,0.0004424126235068604,9011,9008,0.00033292642326043786,19947,19939,0.000401062816463682,23131,23121,0.0004323202628506717,26027,26016,0.0004226380297382981,34277,34264,0.0003792630626950899,34222,33608,0.017941674945941233,33996,34584,0,37887,37872,0.00039591416580886385,32960,32950,0.00030339805825241317,,354625,354490,0.00038068382093758846,1
SHV-HQ,PMT-1427,3316,3319,0,5510,5506,0.0007259528130671988,2058,2066,0,4218,4216,0.00047415836889519447,8862,8873,0,9928,9934,0,10053,10051,0.00019894558838162713,9056,9070,0,9770,9776,0,9861,9868,0,7877,7882,0,9430,9446,0,,89939,90007,0,1
SHV-HQ,PMT-1428,48446,48472,0,53587,53616,0,48263,48289,0,51786,51814,0,54633,54664,0,31020,31037,0,12442,12449,0,21721,21738,0,28383,28396,0,27882,27898,0,41059,41082,0,36837,36856,0,,456059,456311,0,1
SHV-HQ,PMT-143,16051,16579,0,14762,15244,0,14016,14473,0,16964,17514,0,14740,15218,0,14440,14907,0,14546,15017,0,14079,14535,0,14191,14650,0,13817,14268,0,14061,14523,0,13966,14422,0,,175633,181350,0,2
SHV-HQ,PMT-1431,0,0,,0,0,,0,0,,0,0,,8977,9709,0,33073,34337,0,55169,56574,0,52134,53471,0,56261,57645,0,49993,51315,0,47382,48717,0,49262,50593,0,,352251,362361,0,1
SHV-HQ,PMT-1432,33914,33915,0,32031,32032,0,10480,10477,0.0002862595419846903,1375,1372,0.0021818181818181737,1917,1915,0.0010432968179446833,27713,27710,0.00010825244470102913,27850,27846,0.00014362657091560038,31375,31377,0,32929,32928,3.0368368307609472e-05,31347,31350,0,33587,33589,0,34587,34585,5.782519443719991e-05,,299105,299096,3.0089767807273127e-05,1
SHV-HQ,PMT-1433,98515,98616,0,90470,90567,0,83187,83275,0,95548,95653,0,72412,72494,0,84721,84815,0,90125,90219,0,88488,88584,0,88753,88848,0,84640,84730,0,67560,67632,0,56368,56429,0,,1000787,1001862,0,1
SHV-HQ,PMT-1437,490,531,0,418,454,0,240,276,0,211,244,0,285,324,0,243,277,0,1439,1472,0,416,451,0,201,233,0,182,218,0,254,296,0,220,257,0,,4599,5033,0,1
SHV-HQ,PMT-1439,21233,22208,0,21342,19824,0.0711273545122294,21830,21870,0,25371,25270,0.00398092310117848,27607,27385,0.008041438765530429,26873,26618,0.009489078256986527,19799,19619,0.009091368250921716,22220,22031,0.008505850585058483,21946,21759,0.0085209149731158,22521,22332,0.008392167310510179,23915,23696,0.009157432573698499,23552,23338,0.009086277173913082,,278209,275950,0.008119794830505178,43
SHV-HQ,PMT-144,104136,100358,0.03627948067911191,98961,95668,0.03327573488545987,104780,101020,0.03588471082267608,120114,115774,0.03613234094277107,138659,132192,0.04663959786238181,120678,115334,0.04428313362833325,107192,103085,0.03831442644973504,100561,96843,0.0369725838048548,118736,114072,0.03928042042851365,98850,95424,0.034658573596358155,110867,106797,0.03671065330531176,108377,104380,0.036880518929293116,,1331911,1280947,0.038263817927774446,171
SHV-HQ,PMT-1440,0,0,,0,0,,0,0,,0,0,,0,0,,0,0,,0,0,,0,0,,0,0,,0,0,,0,0,,0,0,,,0,0,,1
SHV-HQ,PMT-1441,0,0,,0,0,,0,0,,0,0,,0,0,,0,0,,0,0,,0,0,,0,0,,0,0,,0,0,,0,0,,,0,0,,0
SHV-HQ,PMT-1442,52256,54632,0,61393,63445,0,76511,78261,0,83298,85289,0,97963,100085,0,100518,102957,0,91550,93868,0,95092,97325,0,87134,89558,0,76230,78661,0,92204,94840,0,67152,69323,0,,981301,1008244,0,1
SHV-HQ,PMT-1444,151551,151443,0.0007126313914127547,156545,156433,0.0007154492318502959,156256,156140,0.000742371492934657,175357,175224,0.0007584527563769816,203272,203104,0.0008264788067220419,195640,195486,0.0007871600899611586,162364,162235,0.0007945110985193571,160807,160681,0.0007835479798764533,173118,172984,0.0007740385170807995,176960,176818,0.0008024412296564476,150020,149903,0.0007798960138648559,160856,160726,0.0008081762570248952,,2022746,2021177,0.0007756782116983274,1
SHV-HQ,PMT-1445,1588,1588,0,1910,1911,0,1814,1814,0,2021,2021,0,1733,1734,0,1963,1963,0,1747,1747,0,1889,1890,0,2152,2153,0,2056,2057,0,4253,4254,0,4940,4941,0,,28066,28073,0,1
SHV-HQ,PMT-1447,6494,6496,0,7346,7347,0,5992,5993,0,8332,8333,0,9411,9413,0,8111,8144,0,6188,6158,0.004848093083387184,7327,7329,0,8331,8333,0,8989,8990,0,10298,10300,0,13342,13343,0,,100161,100179,0,1
SHV-HQ,PMT-1448,1051,1051,0,1021,1022,0,994,994,0,1064,1065,0,1138,1138,0,1732,1732,0,1627,1628,0,1831,1832,0,1937,1937,0,1535,1537,0,1914,1914,0,1990,1990,0,,17834,17840,0,1
SHV-HQ,PMT145,0,0,,0,0,,0,0,,0,0,,0,0,,0,0,,0,0,,0,0,,0,0,,0,0,,0,0,,0,0,,,0,0,,0
SHV-HQ,PMT-1450,13032,13034,0,12895,12894,7.754943776661083e-05,12491,12508,0,12600,12600,0,13240,13245,0,13640,13636,0.0002932551319647647,11200,11206,0,10790,10793,0,12480,12489,0,12364,12359,0.00040439987059204263,11595,11598,0,13817,13820,0,,150144,150182,0,1
SHV-HQ,PMT-1451,25824,25574,0.009680916976456011,32266,31882,0.011901072336205298,32700,32262,0.013394495412843987,39440,38866,0.014553752535496955,41419,40812,0.014655109973683578,38339,37877,0.012050392550666422,36137,35599,0.014887788139579916,36732,36174,0.015191114015027818,36273,35801,0.013012433490474984,34733,34199,0.015374427777617883,45581,44766,0.01788025712467911,48633,47683,0.019534061234141475,,448077,441495,0.014689439538293603,48
SHV-HQ,PMT-1452,792,792,0,741,742,0,711,711,0,784,784,0,711,712,0,757,758,0,760,760,0,735,736,0,751,751,0,735,735,0,755,756,0,734,735,0,,8966,8972,0,1
SHV-HQ,PMT-1453,6107,6105,0.0003274930407728416,3901,3900,0.00025634452704437205,6766,6763,0.0004433934377771065,6226,6224,0.00032123353678126243,5767,5765,0.0003468007629616743,4190,4188,0.0004773269689737347,3098,3097,0.00032278889606196515,4826,4824,0.0004144218814753353,4091,4090,0.000244439012466402,3588,3586,0.0005574136008918984,3716,3715,0.00026910656620016127,3736,3735,0.0002676659528907388,,56012,55992,0.0003570663429265375,1
SHV-HQ,PMT-1454,23309,23305,0.00017160753357070568,20521,20518,0.00014619170605723042,20965,20962,0.00014309563558312366,21100,21096,0.00018957345971559736,25264,25259,0.0001979100696642977,25971,25967,0.00015401794309033434,21083,21080,0.00014229473983773389,19466,19463,0.00015411486694749676,21827,21824,0.0001374444495350069,21896,21893,0.00013701132626964263,5357,5357,0,317,317,0,,227076,227041,0.00015413341788650392,1
SHV-HQ,PMT-1460,45524,45511,0.00028556365872944856,43952,43939,0.00029577721150342295,41401,41389,0.0002898480713026119,46578,46566,0.00025763235862419354,49814,49799,0.00030112016702132927,55033,54817,0.003924917776606751,41240,41428,0,42596,42586,0.00023476382758946812,45151,45118,0.0007308808221301311,40603,40623,0,31639,31680,0,39579,39659,0,,523110,523115,0,1
SHV-HQ,PMT-1461,320,321,0,810,814,0,2002,2006,0,2373,2373,0,2525,2529,0,2133,2136,0,1981,1984,0,4103,4106,0,5363,5367,0,5991,5997,0,6662,6666,0,10601,10606,0,,44864,44905,0,1
SHV-HQ,PMT-1462,86259,85231,0.011917597004370561,83124,82081,0.012547519368654059,80870,79952,0.011351551873376997,83027,79134,0.04688836161730525,95908,94866,0.010864578554448001,107035,106078,0.008941000607277982,85566,84996,0.0066615244372765225,82392,81975,0.005061170987474495,88319,87946,0.004223326803971972,90397,90009,0.004292177837760147,76876,76475,0.0052161923096935014,78418,77902,0.00658012191078583,,1038191,1026645,0.011121267666546863,21
SHV-HQ,PMT-1463,0,0,,0,0,,0,0,,0,0,,0,0,,0,0,,0,0,,0,0,,0,0,,0,0,,0,0,,0,0,,,0,0,,1
SHV-HQ,PMT-1464,190,190,0,139,140,0,97,97,0,137,137,0,187,188,0,199,200,0,114,114,0,127,127,0,384,385,0,219,219,0,293,293,0,115,116,0,,2201,2206,0,1
SHV-HQ,PMT-1466,20482,20466,0.0007811737135045016,20303,20275,0.001379106535979946,18540,18521,0.0010248112189860104,27150,27119,0.001141804788213574,25643,25610,0.0012869009086300398,22462,22441,0.0009349122963226986,18387,18365,0.0011964975254256105,16087,16065,0.0013675638714489846,19982,19958,0.0012010809728756344,18736,18712,0.00128095644748083,17962,17939,0.001280481015477064,18909,18886,0.0012163520016923446,,244643,244357,0.0011690504122333634,1
SHV-HQ,PMT-1467,32008,32001,0.0002186953261684721,2272,2271,0.0004401408450703803,57772,57771,1.7309423250067013e-05,77190,77188,2.591009198082972e-05,81864,81862,2.443076321700932e-05,74378,74379,0,67056,67058,0,66592,66593,0,57959,57960,0,44199,44197,4.524989253151812e-05,44679,44674,0.00011190939815131085,42345,42340,0.0001180776951233975,,648314,648294,3.084924897500674e-05,1
SHV-HQ,PMT-1468,30238,30271,0,28081,28113,0,25283,25313,0,30894,30931,0,33986,34025,0,36655,36705,0,27694,27729,0,27723,27758,0,30233,30271,0,25795,25830,0,22060,22087,0,25927,25961,0,,344569,344994,0,1
SHV-HQ,PMT-147,25579,24332,0.04875092849603191,27735,26188,0.05577789796286281,22829,21806,0.04481142406588112,19201,18372,0.04317483464402894,35421,33366,0.058016430930803775,26137,24855,0.0490492405402303,20109,19277,0.041374508926351417,18214,17587,0.03442406939716702,21822,20931,0.040830354687929615,20768,19902,0.04169876733436051,22270,21255,0.04557700942972609,20266,19431,0.041202013224119205,,280351,267302,0.046545223666047186,19
SHV-HQ,PMT-1470,0,0,,0,0,,0,0,,0,0,,0,0,,0,0,,0,0,,0,0,,0,0,,0,0,,0,0,,0,0,,,0,0,,0
SHV-HQ,PMT-1471,7766,7767,0,6162,6166,0,6659,6664,0,8229,8236,0,10512,10521,0,10281,10288,0,8810,8816,0,8422,8427,0,8461,8465,0,7061,6970,0.01288769296133696,7670,7770,0,7750,7755,0,,97783,97845,0,1
SHV-HQ,PMT-1473,8319,8316,0.00036062026685901305,8255,8252,0.0003634161114476342,8214,8211,0.00036523009495981196,8220,8217,0.00036496350364967345,9648,9643,0.0005182421227197809,10325,10320,0.0004842615012106144,8126,8123,0.00036918533103613704,8398,8398,0,8473,8470,0.0003540658562493082,7716,7714,0.00025920165889059543,6823,6820,0.0004396892862377211,7483,7480,0.0004009087264466027,,100000,99964,0.00036000000000002697,1
SHV-HQ,PMT-1475,18761,18775,0,19804,19821,0,17759,17775,0,17064,17078,0,18171,18189,0,18993,19014,0,13190,13203,0,10914,10924,0,17307,17324,0,22108,22126,0,23696,23716,0,22898,22918,0,,220665,220863,0,1
SHV-HQ,PMT-1476,0,0,,0,0,,0,0,,0,0,,2379,2378,0.00042034468263973945,5620,5616,0.000711743772242035,4658,4652,0.0012881064834693312,5141,5135,0.001167088115152648,9170,9163,0.0007633587786259888,15370,15357,0.0008458035133376285,26421,26407,0.0005298815336285401,41111,41113,0,,109870,109821,0.00044598161463549335,1
SHV-HQ,PMT-1477,60620,60651,0,59450,59481,0,58176,58209,0,68005,68040,0,65620,65658,0,65297,65332,0,51077,51106,0,54450,54479,0,60760,60793,0,59631,59663,0,98442,98497,0,102686,102735,0,,804214,804644,0,1
SHV-HQ,PMT-1478,1290,1290,0,1219,1220,0,1260,1259,0.0007936507936507908,1186,1187,0,1517,1517,0,1226,1227,0,1586,1587,0,1239,1239,0,1214,1215,0,1182,1181,0.0008460236886632666,1248,1249,0,1317,1318,0,,15484,15489,0,1
SHV-HQ,PMT-148,1157,1158,0,1464,1464,0,1127,1128,0,1670,1670,0,2709,2710,0,1220,1221,0,1362,1362,0,1322,1322,0,1063,1064,0,1123,1123,0,1056,1057,0,1109,1110,0,,16382,16389,0,1
SHV-HQ,PMT-1480,16082,16077,0.0003109066036562913,18552,18546,0.0003234152652005218,18643,18637,0.0003218366142788698,20315,20316,0,24099,24083,0.0006639279638159801,27544,27532,0.0004356665698518336,27364,27349,0.0005481654728840546,32949,32934,0.00045524902121463207,38705,38687,0.00046505619429015876,37211,37195,0.0004299803821450343,41112,41097,0.00036485697606536416,35944,35933,0.0003060316047184264,,338520,338386,0.0003958407184213586,1
SHV-HQ,PMT-1481,11887,11890,0,11781,11783,0,14060,14061,0,16014,16015,0,19668,19670,0,15966,15968,0,13385,13386,0,13008,13011,0,15114,15117,0,16905,16909,0,18883,18888,0,18088,18092,0,,184759,184790,0,1
SHV-HQ,PMT-1482,19907,19928,0,19752,19776,0,18634,18650,0,21456,21480,0,20841,20863,0,21921,21946,0,18845,18860,0,1783,1786,0,11550,11568,0,9804,9818,0,11977,11991,0,12162,12180,0,,188632,188846,0,1
SHV-HQ,PMT-1483,0,0,,0,0,,0,0,,0,0,,0,1,0,0,0,,0,0,,0,0,,0,0,,0,0,,0,0,,0,0,,,0,1,0,0
SHV-HQ,PMT-1484,24828,24623,0.008256806830997276,27764,27503,0.009400662728713427,33725,33395,0.009785025945144521,33273,32970,0.009106482733748034,47211,46743,0.009912944017284153,41756,41354,0.009627358942427389,31382,31118,0.008412465744694453,26727,26514,0.007969469076215097,34098,33796,0.00885682444718161,34968,34660,0.008808053077099087,40869,40443,0.010423548410775862,43357,42914,0.010217496598011855,,419958,416033,0.00934617271250937,43
SHV-HQ,PMT-1485,0,0,,0,0,,0,0,,0,0,,0,0,,0,0,,0,0,,0,0,,0,0,,0,0,,0,0,,0,0,,,0,0,,1
SHV-HQ,PMT-1486,48939,48950,0,46186,46196,0,46708,46718,0,44767,44776,0,59357,59370,0,43460,43469,0,43160,43169,0,43107,43114,0,51836,51845,0,46965,46974,0,44608,44616,0,42092,42100,0,,561185,561297,0,1
SHV-HQ,PMT-1489,74597,73584,0.013579634569754861,72794,71886,0.012473555512817036,76587,75668,0.011999425489965687,78094,77225,0.011127615437805716,109998,108604,0.012672957690139874,106242,104686,0.014645808625590617,87077,85869,0.013872779264329282,82754,81700,0.012736544457065513,119941,120698,0,112765,110341,0.0214960315700794,121698,119824,0.015398774014363403,126496,124044,0.019384012142676488,,1169043,1154129,0.012757443481548614,207
SHV-HQ,PMT-149,183261,183252,4.911028533072237e-05,193356,193343,6.723349676240886e-05,189470,189455,7.916820604847441e-05,220269,220245,0.00010895768355967395,215663,215652,5.1005503957535225e-05,219481,219470,5.011823346900979e-05,182210,182149,0.000334778552219972,197311,197190,0.0006132450801019651,176720,176573,0.0008318243549116922,177992,177743,0.0013989392781698085,192462,192117,0.001792561648533253,190988,190849,0.000727794416403138,,2339183,2338038,0.0004894871414506952,1
SHV-HQ,PMT-1490,143282,140725,0.017845926215435348,137428,134494,0.02134936112000463,144257,141168,0.021413172324393326,161327,157878,0.021378938429401195,183199,179131,0.022205361382977018,206063,202133,0.019071837253655466,183841,180684,0.01717244793054873,166877,164344,0.015178844298495253,192136,189236,0.015093475454886152,187235,184112,0.016679573797633962,187589,184174,0.018204692172781978,232248,227381,0.020956046984258236,,2125482,2085460,0.01882961135403638,60
SHV-HQ,PMT-1491,5392,5386,0.001112759643916883,5587,5582,0.0008949346697690874,5772,5762,0.0017325017325017233,6036,6032,0.000662690523525522,6425,6426,0,6749,6749,0,5811,5813,0,4910,4917,0,6782,6794,0,6107,6112,0,7580,7586,0,7282,7287,0,,74433,74446,0,1
SHV-HQ,PMT-1494,15733,15760,0,17022,17051,0,15531,15558,0,18450,18481,0,17303,17332,0,13840,13862,0,8693,8709,0,10542,10560,0,10038,10057,0,8635,8651,0,10531,10550,0,8918,8932,0,,155236,155503,0,1
SHV-HQ,PMT-1495,36570,36563,0.0001914137270987437,32507,32501,0.000184575629864292,38041,38033,0.0002102994137903602,34761,34752,0.0002589108483646019,45731,45720,0.00024053705363979994,42282,42270,0.0002838087129274358,34325,34316,0.0002621995630007756,31248,31239,0.0002880184331797153,36262,36252,0.0002757707793282771,33023,33014,0.0002725373224722327,37007,36996,0.00029724106250172966,39382,39373,0.0002285308008734832,,441139,441029,0.0002493545118431584,1
SHV-HQ,PMT-1496,149498,147395,0.014067077820439033,158016,155760,0.014277035236938018,171972,169458,0.01461865885144098,174520,171928,0.014852165940866358,194180,191056,0.016088165619528305,182499,179831,0.014619258187716144,148382,146342,0.013748298311115903,147224,145437,0.01213796663587463,161716,159212,0.015483934799277788,139684,137905,0.012735889579336246,171272,168680,0.015133822224298155,151205,148962,0.014834165536853905,,1950168,1921966,0.014461318204380347,173
SHV-HQ,PMT-1497,37573,37157,0.011071780267745468,39137,38385,0.019214554002606188,41057,38408,0.06452005748106293,40375,38730,0.040743034055727545,57228,56460,0.013420004193751334,50609,49872,0.014562627200695566,44192,43637,0.01255883417813175,43389,42804,0.013482679941920761,45940,45356,0.012712233347844992,43657,43072,0.013399912957830384,44822,44234,0.013118557851055312,46509,45620,0.01911457997376853,,534488,523735,0.020118318839712046,253
SHV-HQ,PMT-1498,4637,4638,0,4373,4374,0,5932,5932,0,8421,8422,0,9814,9815,0,11191,11192,0,9751,9752,0,8935,8936,0,8309,8311,0,6595,6627,0,7629,7599,0.003932363350373613,11325,11333,0,,96912,96931,0,1
SHV-HQ,PMT-1499,42593,42271,0.007559927687648238,42514,42145,0.008679493813802508,37081,36680,0.01081416358782128,43757,43314,0.010124094430605357,45211,44875,0.007431819689898478,47056,46461,0.01264450867052025,43341,43024,0.007314090583973587,50020,49806,0.004278288684526177,52005,51740,0.005095663878473267,43562,43428,0.003076075478628204,47098,46917,0.003843050660325309,49217,48960,0.005221772964626004,,543455,539621,0.007054861948091351,28
SHV-HQ,PMT150,0,0,,0,0,,0,0,,0,0,,0,0,,0,0,,0,0,,0,0,,0,0,,0,0,,0,0,,0,0,,,0,0,,0
SHV-HQ,PMT-1500,17652,17158,0.027985497394062975,18070,17421,0.035915882678472566,16587,16215,0.022427202025682713,20360,20094,0.013064833005893894,18465,18068,0.021500135391280817,20397,20003,0.01931656616169042,16733,16359,0.022351042849459102,18813,18480,0.017700526231860914,15873,15580,0.018459018459018428,15969,15628,0.021353873129187795,20047,19636,0.02050182072130491,19812,19436,0.018978396931152886,,218778,214078,0.021482964466262633,7
SHV-HQ,PMT-1501,25106,25117,0,24723,24727,0,25266,25274,0,28118,28126,0,28363,28372,0,30255,30266,0,28099,28108,0,29446,29454,0,31783,31795,0,26777,26785,0,30955,30966,0,29699,29709,0,,338590,338699,0,1
SHV-HQ,PMT-1502,80316,77373,0.03664276109367992,84097,80930,0.037658893896334034,141007,173934,0,186779,181930,0.02596116265747217,272990,262889,0.03700135536100224,232996,225595,0.03176449381105251,206502,200254,0.030256365555781595,202648,196883,0.028448343926414266,228789,221589,0.03147004445143775,198377,192349,0.030386587154760836,220813,214140,0.03022014102430559,235877,229921,0.02525044832688228,,2291191,2257787,0.014579317045152473,135
SHV-HQ,PMT-1503,40298,39519,0.01933098416794876,40318,39462,0.0212312118656679,40240,39486,0.018737574552683878,45976,45016,0.020880459370106186,48273,47310,0.019949039835933102,45136,44306,0.01838886919532079,39156,38420,0.01879660843804265,45240,44407,0.01841290893015035,39272,38531,0.018868404970462382,39973,39223,0.018762664798739115,44333,43226,0.024970112557237245,38175,37743,0.01131630648330062,,506390,496649,0.019236161851537315,179
SHV-HQ,PMT-1504,0,0,,0,0,,0,0,,0,0,,0,0,,0,0,,0,0,,0,0,,0,0,,0,0,,0,0,,0,0,,,0,0,,1
SHV-HQ,PMT-1505,52979,52139,0.015855338907869165,61037,60142,0.014663237052935152,59010,57108,0.03223182511438738,64046,64985,0,83250,82513,0.008852852852852866,77748,77023,0.009324998713793331,67798,66509,0.0190123602466149,72528,71923,0.008341606000441204,81558,80424,0.013904215404987874,80540,79825,0.00887757635957287,93948,92847,0.011719248946225558,82526,81660,0.010493662603300757,,876968,867098,0.01125468660201967,59
SHV-HQ,PMT-1506,1312,1310,0.0015243902439023849,1203,1202,0.0008312551953449931,967,965,0.0020682523267838704,1049,1048,0.0009532888465204614,1030,1030,0,1018,1016,0.0019646365422396617,1044,1043,0.0009578544061302763,1324,1324,0,1436,1435,0.0006963788300835549,1277,1276,0.000783085356303892,1358,1357,0.0007363770250368162,1396,1395,0.0007163323782235498,,14414,14401,0.0009019009296517,1
SHV-HQ,PMT-1507,1383,1382,0.000723065798987732,1486,1485,0.0006729475100941684,1531,1530,0.0006531678641410466,1527,1526,0.0006548788474132206,1643,1642,0.000608642726719455,1712,1710,0.001168224299065379,1578,1577,0.0006337135614702394,1552,1551,0.0006443298969072142,1286,1285,0.0007776049766718973,493,492,0.0020283975659228792,862,862,0,1454,1453,0.0006877579092159358,,16507,16495,0.0007269643181680996,1
SHV-HQ,PMT-1508,124,124,0,98,99,0,99,99,0,128,129,0,125,125,0,115,115,0,89,89,0,93,94,0,124,124,0,77,78,0,108,108,0,1740,1741,0,,2920,2925,0,1
SHV-HQ,PMT-151,0,0,,0,0,,0,0,,0,0,,0,0,,0,0,,0,0,,0,0,,0,0,,0,0,,0,0,,0,0,,,0,0,,0
SHV-HQ,PMT-1510,18121,18131,0,7566,7572,0,5890,5896,0,6288,6297,0,5684,5689,0,5710,5716,0,5308,5310,0,5638,5642,0,2426,2428,0,2499,2502,0,2881,2884,0,2648,2651,0,,70659,70718,0,1
SHV-HQ,PMT-1511,15564,15559,0.000321254176304242,13435,13431,0.00029772981019726696,19349,19342,0.0003617758023670703,26130,26121,0.000344431687715252,26836,26827,0.00033537039797282286,26536,26522,0.0005275851673198773,23864,23860,0.00016761649346297425,22871,22870,4.3723492632596894e-05,29972,29955,0.0005671960496463901,27390,27382,0.0002920774005111815,32374,32364,0.0003088898498795345,26784,26773,0.00041069295101547887,,291105,291006,0.0003400834750347803,1
SHV-HQ,PMT-1512,33224,33220,0.00012039489525639269,37102,37093,0.0002425745242844446,42911,42883,0.0006525133415674622,49158,49168,0,56326,56314,0.00021304548521106081,49911,49910,2.0035663480966193e-05,43304,43286,0.0004156659892851078,43160,43151,0.00020852641334567767,45949,45939,0.0002176325926570577,42905,42897,0.00018645845472553546,37914,37905,0.0002373793321728268,42693,42683,0.0002342304359028713,,524557,524449,0.00020588801598298012,1
SHV-HQ,PMT-1513,40252,39617,0.01577561363410518,39508,38924,0.01478181634099418,44370,43702,0.015055217489294614,39921,39355,0.014178001553067254,53460,52743,0.013411896745230134,45218,44618,0.013269052147374949,35139,34693,0.012692449984347931,32415,31994,0.012987814283510701,38751,38281,0.012128719258857834,41598,40816,0.0187989807202269,45093,44403,0.01530170979974721,44086,43420,0.015106836637481247,,499811,492566,0.014495479291172009,67
SHV-HQ,PMT-1515,16343,16347,0,15140,15144,0,15389,15392,0,17765,17770,0,23238,23245,0,20888,20895,0,19392,19396,0,17083,17090,0,19070,19075,0,17902,17907,0,17657,17662,0,16886,16891,0,,216753,216814,0,1
SHV-HQ,PMT-1517,236645,228303,0.035251114538654926,241141,233032,0.03362762864879887,249181,240048,0.03665207218848954,241976,234151,0.0323379178100307,358282,345545,0.03555020905320394,307637,295884,0.03820411719006489,229757,225531,0.018393346013396816,235300,226646,0.03677858053548666,263631,256542,0.026889857414340468,266239,256676,0.03591885486348734,284799,274289,0.03690321946355146,302066,290398,0.038627319857249764,,3216654,3107045,0.034075470970766464,238
SHV-HQ,PMT-1519,2299,2308,0,2512,2520,0,2376,2384,0,2607,2615,0,2959,2968,0,3065,3076,0,2221,2226,0,2526,2529,0,2494,2496,0,2272,2277,0,2862,2884,0,3407,3450,0,,31600,31733,0,12
SHV-HQ,PMT-152,33560,33557,8.939213349223873e-05,36880,36878,5.422993492409933e-05,34481,34478,8.700443722631235e-05,38714,38713,2.583044893322839e-05,43256,43347,0,13741,13798,0,2233,2214,0.00850873264666363,1304,1288,0.012269938650306789,1394,1385,0.0064562410329985775,1402,1395,0.004992867332382356,29834,29845,0,34917,34913,0.00011455737892718254,,271716,271811,0,1
SHV-HQ,PMT-1520,10819,10819,0,10946,10996,0,10224,10236,0,9502,9533,0,10484,10540,0,7894,7962,0,6614,6641,0,6527,6582,0,5862,5890,0,6467,6468,0,7707,7762,0,7190,7168,0.003059805285118178,,100236,100597,0,4
SHV-HQ,PMT-1522,80069,77694,0.02966191659693518,85462,82831,0.030785612318925404,82941,80720,0.026778071159016648,95732,93375,0.02462081644591152,110734,108039,0.02433760182057909,102133,109985,0,83512,72020,0.13760896637608966,89201,87706,0.016759901794822896,74562,73310,0.01679139508060401,78568,77211,0.017271662763466034,78479,77040,0.01833611539392699,67206,65963,0.018495372436984847,,1028599,1005894,0.02207371385739243,48
SHV-HQ,PMT-1524,63600,63121,0.007531446540880449,66400,66346,0.000813253012048154,68600,68397,0.0029591836734693677,74600,74299,0.004034852546916934,80800,80592,0.0025742574257425765,68600,68566,0.0004956268221574245,61600,61465,0.0021915584415584943,72600,72162,0.006033057851239643,75600,75676,0,73600,73370,0.0031250000000000444,77800,77511,0.0037146529562982478,74600,74070,0.007104557640750686,,858400,855575,0.0032910065237651276,30
SHV-HQ,PMT-1529,128788,128755,0.00025623505295524485,132650,132618,0.00024123633622319396,139408,139377,0.00022236887409621264,143192,143156,0.00025141069333478594,147554,147523,0.00021009257627713218,147565,147539,0.00017619354182907276,133003,132982,0.0001578911753870038,131867,133227,0,131500,133394,0,128139,129984,0,125836,127599,0,128891,130708,0,,1618393,1626862,0,1
SHV-HQ,PMT153,0,0,,0,0,,0,0,,0,0,,0,0,,0,0,,0,0,,0,0,,0,0,,0,0,,0,0,,0,0,,,0,0,,0
SHV-HQ,PMT-1530,91906,89729,0.023687245664048007,105887,103532,0.022240690547470465,108144,105414,0.025244118952507777,121274,110792,0.08643237627191314,137603,140851,0,113635,110829,0.02469309631715577,96273,94393,0.01952780114881636,88205,99009,0,67488,66804,0.010135135135135087,63072,62899,0.0027428970065956904,76618,76020,0.0078049544493461465,76112,75418,0.009118141685936498,,1146217,1135690,0.009184124821041695,33
SHV-HQ,PMT-1531,703,704,0,722,722,0,625,625,0,706,707,0,790,789,0.0012658227848101333,693,694,0,624,618,0.009615384615384581,631,638,0,652,653,0,680,680,0,1452,1453,0,8659,8662,0,,16937,16945,0,1
SHV-HQ,PMT-1532,10006,10002,0.00039976014391363,10272,10265,0.0006814641744548044,9244,9238,0.0006490696668108864,10367,10363,0.0003858396836114997,11385,11378,0.0006148440931049715,11094,11089,0.00045069406886610874,9290,9285,0.0005382131324004336,9548,9543,0.0005236698785086036,9428,9423,0.0005303351718285443,8757,8751,0.0006851661527920161,9754,9748,0.0006151322534344583,9318,9313,0.0005365958360162848,,118463,118398,0.000548694529093452,1
SHV-HQ,PMT-1533,11253,11253,0,10937,10938,0,8816,8816,0,10172,10173,0,11758,11758,0,11666,11667,0,10822,10823,0,9534,9534,0,11087,11088,0,10261,10263,0,23669,23672,0,26865,26869,0,,156840,156854,0,1
SHV-HQ,PMT-1534,75996,73518,0.0326069793147008,80623,77999,0.032546543790233584,87474,84422,0.034890367423462965,108118,103630,0.041510201816533754,116744,111239,0.04715445761666548,96610,93721,0.029903736673222214,64619,62983,0.025317631037310995,59090,57637,0.02458960907090879,58281,57022,0.021602237435871086,58000,56531,0.02532758620689657,66689,65023,0.024981631153563555,67214,65487,0.02569405183443929,,939458,909212,0.03219515933655359,124
SHV-HQ,PMT-1535,7993,7814,0.02239459527086196,7992,7834,0.01976976976976974,8850,8622,0.025762711864406818,10400,10145,0.024519230769230793,10065,9814,0.024937903626428226,9415,9191,0.0237918215613383,8020,8053,0,7858,7463,0.05026724357342838,7770,7630,0.018018018018018056,7564,7375,0.02498677948175565,8895,8766,0.014502529510961204,8118,7951,0.020571569352057173,,102940,100658,0.022168253351466882,17
SHV-HQ,PMT-1537,42584,42090,0.011600601164756696,40915,40407,0.012415984357814991,45544,45035,0.011176005620938012,52060,51347,0.013695735689588928,54720,54071,0.011860380116959113,53821,53429,0.0072834023894019495,45706,45577,0.0028223865575635054,49442,49346,0.0019416690263338587,48509,48433,0.0015667195778102938,32717,32458,0.007916373750649464,39655,39121,0.013466145504980487,38946,38619,0.008396240949006262,,544619,539933,0.008604180169990427,145
SHV-HQ,PMT-1538,43724,43500,0.005123044552191036,43225,43025,0.0046269519953729965,45674,45461,0.004663484695888287,46295,46132,0.003520898585160359,58773,58601,0.002926513875418979,54195,54041,0.002841590552633999,46734,46407,0.006997047117730082,44896,44968,0,47035,46896,0.0029552460933347513,46502,46365,0.0029461098447378653,43164,43030,0.0031044388842553783,48005,47863,0.0029580252057077594,,568222,566289,0.0034018394219160752,21
SHV-HQ,PMT-1539,33602,33407,0.00580322599845251,30148,30014,0.00444473928618816,30358,30231,0.004183411291916461,35665,35527,0.0038693396887704568,35503,35348,0.004365828239867087,39719,39520,0.005010196631335173,33537,33345,0.0057250201270239165,27733,27591,0.005120253849204892,31795,31643,0.004780625884573064,24933,24743,0.007620422732924292,30804,30559,0.007953512530840201,34431,34210,0.006418634370189635,,388228,386138,0.005383434476647797,27
SHV-HQ,PMT154,0,0,,0,0,,0,0,,0,0,,0,0,,0,0,,0,0,,0,0,,0,0,,0,0,,0,0,,0,0,,,0,0,,0
SHV-HQ,PMT-1540,164113,159575,0.027651679026036935,162545,157895,0.02860746254883262,169547,164605,0.029148259774575802,186728,180573,0.032962383788183836,205502,196961,0.04156163930278056,217598,209729,0.036163016204193044,181717,174801,0.03805917993363306,187924,180305,0.040542985462208136,207095,198532,0.04134817354354281,189855,183783,0.03198230228332144,197340,190618,0.034063038410864444,215553,207073,0.03934067259560292,,2285517,2204450,0.0354698739934991,93
SHV-HQ,PMT-1541,1955,1956,0,2837,2838,0,3960,3965,0,5968,5973,0,8467,8470,0,16681,16688,0,17650,17657,0,13919,13923,0,17653,17663,0,15639,15644,0,20469,20478,0,22310,22322,0,,147508,147577,0,1
SHV-HQ,PMT-1543,22606,22676,0,26308,26384,0,25876,25967,0,24874,24957,0,26224,26301,0,26097,26178,0,21053,21114,0,25266,25359,0,24094,24148,0,18074,18137,0,24093,24170,0,24271,24341,0,,288836,289732,0,2
SHV-HQ,PMT-1544,11651,11436,0.018453351643635707,11756,11575,0.015396393331065017,12227,11963,0.021591559663040827,14993,14757,0.015740678983525602,16727,16293,0.025946075207747943,18098,18048,0.002762736213946293,15239,14902,0.022114311962727173,15405,15373,0.002077247646867897,16237,1013491,0,14118,-983655,70.67382065448363,16541,16385,0.00943111057372592,16561,16315,0.014854175472495568,,179553,176883,0.01487026114851886,76
SHV-HQ,PMT-1546,105342,103052,0.021738717700442334,107841,105968,0.017368162387218167,102526,100610,0.018687942570664973,121735,119404,0.019148149669363734,122701,120709,0.016234586515187277,119997,117360,0.021975549388734694,106499,104789,0.016056488793322,105073,103095,0.018825007375824376,111462,109135,0.0208770702122697,102318,100426,0.018491370042416744,110691,109616,0.009711720013370506,110092,106872,0.02924826508738143,,1326277,1301036,0.019031469293367853,116
SHV-HQ,PMT-1547,12949,12929,0.00154452081241796,12227,12210,0.0013903655843624518,11358,11342,0.0014086987145623953,12877,12859,0.0013978411120603162,12834,12816,0.0014025245441795509,15728,15705,0.0014623601220752347,14279,14257,0.001540724140346006,12912,12891,0.0016263940520445663,15606,15581,0.001601947968729922,13554,13530,0.0017706949977865927,11254,11235,0.0016882886084947923,14043,14020,0.0016378266752118398,,159621,159375,0.0015411506004848752,1
SHV-HQ,PMT-1548,1073,1071,0.0018639328984156878,956,955,0.0010460251046024993,851,850,0.001175088131609825,1421,1419,0.0014074595355383357,1275,1274,0.0007843137254901489,630,630,0,978,977,0.0010224948875255935,899,898,0.0011123470522803602,1017,1017,0,810,809,0.0012345679012345512,979,977,0.002042900919305368,961,960,0.0010405827263267886,,11850,11837,0.0010970464135020563,1
SHV-HQ,PMT-1549,0,0,,0,0,,0,0,,0,0,,0,0,,0,0,,0,0,,0,0,,0,0,,0,0,,0,0,,0,0,,,0,0,,1
SHV-HQ,PMT-155,16664,16668,0,14952,14954,0,16542,16544,0,16057,16061,0,31495,31501,0,38319,38326,0,29549,29554,0,20150,20154,0,23046,23049,0,17455,17458,0,19071,19074,0,18511,18515,0,,261811,261858,0,1
SHV-HQ,PMT-1550,22387,21967,0.018760888015366017,24860,24281,0.023290426387771568,25171,24453,0.028524889754082072,29484,27966,0.05148555148555145,33366,31372,0.05976143379488097,41260,38660,0.06301502666020353,36180,34379,0.049778883360972914,33581,32060,0.04529346952145563,38301,36631,0.04360199472598625,39322,37664,0.04216469152128577,36569,35014,0.04252235500013668,43076,41095,0.04598848546754575,,403557,385542,0.04464053405095192,48
SHV-HQ,PMT-1551,0,0,,0,0,,0,0,,0,0,,0,0,,0,0,,0,0,,0,0,,0,0,,0,0,,0,0,,0,0,,,0,0,,1
SHV-HQ,PMT-1552,79417,78272,0.014417568026996785,85019,83747,0.01496136157800021,91510,89997,0.01653371216260513,86551,85104,0.016718466568843793,149958,124219,0.1716413929233519,167391,163413,0.02376471853325446,129006,127122,0.01460397190828333,135812,133887,0.014174005242541199,149519,147247,0.015195393227616538,136533,133463,0.022485406458511825,150193,148225,0.01310314062572826,154339,152470,0.012109706555050948,,1515248,1467166,0.031732099299916605,225
SHV-HQ,PMT-1553,8390,8375,0.0017878426698451078,7152,7141,0.0015380313199104823,6581,6569,0.001823431089500116,8875,8859,0.0018028169014084883,7630,7617,0.0017038007863695581,0,0,,0,0,,0,0,,3033,3028,0.0016485328058027937,4567,4559,0.0017516969564265183,5091,5082,0.001767825574543358,5810,5799,0.0018932874354561369,,57129,57029,0.0017504244779359412,1
SHV-HQ,PMT-1555,136,139,0,152,155,0,161,162,0,147,150,0,134,137,0,206,208,0,136,139,0,239,242,0,334,337,0,279,282,0,304,307,0,333,336,0,,2561,2594,0,1
SHV-HQ,PMT-1556,33802,33808,0,32105,32109,0,32477,32480,0,33390,33391,0,34453,34454,0,31776,31778,0,22933,22934,0,27053,27055,0,22689,22691,0,22138,22141,0,32380,32381,0,34979,34989,0,,360175,360211,0,1
SHV-HQ,PMT-1557,79665,79386,0.003502165317266104,80399,80072,0.004067214766352856,87730,87396,0.003807135529465433,104222,103712,0.0048934006255877405,98068,97446,0.0063425378308928915,79543,79018,0.006600203663427284,73095,72679,0.005691223749914487,98768,98315,0.004586505750850511,118099,117488,0.005173625517574276,107858,107375,0.0044781101077342456,111003,110522,0.0043332162193814305,119103,118465,0.005356708059410797,,1157553,1151874,0.004906038859559758,24
SHV-HQ,PMT-1558,1406,1407,0,1927,1928,0,1671,1672,0,1858,1858,0,6974,6978,0,36857,36874,0,31776,31791,0,30320,30334,0,31715,31730,0,29420,29433,0,31451,31464,0,28720,28731,0,,234095,234200,0,1
SHV-HQ,PMT-156,12,12,0,23,23,0,22,23,0,47,47,0,91,95,0,54,61,0,23,26,0,9,10,0,0,0,,0,0,,0,0,,0,1,0,,281,298,0,1
SHV-HQ,PMT-1560,3302,3281,0.006359781950333154,3029,3008,0.0069329811819082154,3484,3463,0.006027554535017243,3686,3667,0.005154639175257714,2674,2657,0.006357516828720988,2370,2349,0.008860759493670933,0,1992,0,569,1862,0,2118,2185,0,0,2650,0,2682,2821,0,4666,4633,0.007072438919845658,,28580,34568,0,24
SHV-HQ,PMT-1561,52260,52250,0.00019135093761957211,54183,54172,0.00020301570603320496,52806,52796,0.00018937241980077069,59435,59422,0.00021872633969888255,70819,70801,0.00025416907891950835,63308,63306,3.15915840020109e-05,50578,50571,0.00013840009490295735,53918,53911,0.0001298267739900938,51333,51327,0.00011688387586927806,53562,53557,9.334976289154806e-05,60491,60484,0.00011571969383872283,63405,63396,0.00014194464158978626,,686098,685993,0.00015303936172383903,1
SHV-HQ,PMT-1562,804330,804970,0,808950,809540,0,540980,541580,0,594320,594980,0,630820,631370,0,983180,984010,0,659900,660490,0,598530,599010,0,638960,639460,0,856139,856630,0,676751,676930,0,495720,495850,0,,8288580,8294820,0,1
SHV-HQ,PMT-1563,12829,12829,0,10557,10557,0,5656,5655,0.00017680339462522454,9567,9567,0,7085,7084,0.00014114326040925995,12388,12388,0,8569,8570,0,11847,11849,0,10384,10386,0,8532,8532,0,12926,12927,0,13175,13176,0,,123515,123520,0,1
SHV-HQ,PMT-1564,0,0,,0,0,,0,0,,0,0,,0,0,,0,0,,0,0,,0,0,,0,0,,0,0,,0,0,,571,570,0.0017513134851138146,,571,570,0.0017513134851138146,1
SHV-HQ,PMT-1565,5369,5352,0.00316632520022353,3559,3551,0.0022478224220287,1548,1540,0.0051679586563307955,2987,2978,0.003013056578506812,4701,4689,0.00255264837268665,4508,4497,0.0024401064773735825,3823,3814,0.002354172116139197,4155,4143,0.002888086642599319,5785,5768,0.002938634399308526,6172,6154,0.0029163966299416977,6256,6237,0.003037084398976986,6203,6182,0.003385458649040829,,55066,54905,0.0029237642102204475,4
SHV-HQ,PMT-1566,13576,13579,0,16008,16014,0,15619,15623,0,14108,14112,0,16346,16352,0,16795,16800,0,16165,16169,0,16193,16197,0,17560,17565,0,14269,14273,0,17247,17253,0,15603,15608,0,,189489,189545,0,1
SHV-HQ,PMT-1567,37365,37399,0,36804,36838,0,34889,34923,0,37657,37694,0,37864,37903,0,37997,38035,0,34800,34835,0,36365,36400,0,33111,33142,0,33069,33102,0,33524,33555,0,33724,33754,0,,427169,427580,0,1
SHV-HQ,PMT-1568,773,785,0,805,815,0,1588,1598,0,6099,6109,0,6523,6540,0,771,779,0,624,631,0,762,769,0,742,750,0,4693,4702,0,12232,12245,0,16019,16034,0,,51631,51757,0,1
SHV-HQ,PMT-1569,80314,82111,0,80724,82534,0,84759,86613,0,86982,88812,0,81861,83647,0,79104,80921,0,67644,69299,0,69457,71142,0,68174,69854,0,66056,67702,0,71161,72844,0,69277,70969,0,,905513,926448,0,1
SHV-HQ,PMT-157,189,190,0,166,168,0,151,154,0,103,105,0,176,177,0,220,221,0,337,339,0,458,459,0,407,408,0,369,371,0,335,336,0,285,287,0,,3196,3215,0,1
SHV-HQ,PMT-1570,13809,13736,0.00528640741545372,12617,12533,0.006657684077038928,12121,12036,0.007012622720897643,13233,13148,0.0064233356003929876,11896,11818,0.006556825823806345,11008,10943,0.005904796511627897,9329,9259,0.007503483760317287,11866,11780,0.0072475981796730204,12375,12276,0.008000000000000007,12592,12497,0.0075444726810673934,12560,12472,0.007006369426751591,12906,12820,0.0066635673330234235,,146312,145318,0.006793701131827867,9
SHV-HQ,PMT-1571,3567,3598,0,3685,3724,0,3488,3497,0,3366,3377,0,3544,3558,0,3201,3214,0,2848,2868,0,2997,3017,0,3224,3244,0,3819,3845,0,3608,3636,0,3748,3777,0,,41095,41355,0,2
SHV-HQ,PMT-1572,10929,10942,0,9807,9822,0,9074,9090,0,8348,8375,0,6652,6693,0,6644,6661,0,6795,6793,0.00029433406916845595,6658,6650,0.0012015620306398134,7552,7503,0.006488347457627164,8936,8823,0.01264547896150403,7904,7758,0.018471659919028327,8860,8655,0.023137697516930067,,98159,97765,0.004013895822084557,9
SHV-HQ,PMT-1573,5528,5508,0.00361794500723589,6378,6352,0.0040765130134838845,9869,9986,0,9409,9514,0,8546,8571,0,6739,6751,0,6690,6727,0,7456,7538,0,8725,8833,0,8828,8921,0,8462,8550,0,9460,9567,0,,96090,96818,0,5
SHV-HQ,PMT-1574,6286,6475,0,5798,5579,0.037771645394963804,5635,5611,0.004259094942324793,6080,6056,0.003947368421052588,5158,5141,0.0032958511050794614,5346,5334,0.002244668911335568,4211,4181,0.007124198527665659,2127,2120,0.0032910202162670377,3971,3953,0.004532863258625008,5830,5801,0.00497427101200687,5940,5924,0.002693602693602748,6165,6147,0.0029197080291970545,,62547,62322,0.0035972948342846145,2
SHV-HQ,PMT-1576,2291,2217,0.032300305543430774,2020,1956,0.03168316831683171,2223,2150,0.032838506522717026,2623,2536,0.03316812809759817,2713,2624,0.03280501290084781,2582,2514,0.026336173508907823,2584,2484,0.03869969040247678,2330,2268,0.026609442060085864,2393,2349,0.018386961972419513,2473,2414,0.023857662757784115,1958,1909,0.025025536261491288,2619,2545,0.028255059182894282,,28809,27966,0.029261689055503526,3
SHV-HQ,PMT-1577,83326,83195,0.001572138348174601,86915,86756,0.0018293735258585464,96908,96240,0.006893135757625735,102224,101261,0.009420488339333177,144946,142965,0.013667158803968404,118666,117605,0.008941061466637423,99783,99248,0.005361634747401811,106711,105666,0.009792804865477733,108289,106887,0.012946836705482578,97854,97102,0.007684918347742542,109115,107339,0.01627640562709065,98774,97699,0.010883430862372645,,1253511,1241963,0.009212523862973665,52
SHV-HQ,PMT-1578,52396,53012,0,48949,48171,0.015894093852785507,52259,51414,0.01616946363305838,56479,55580,0.015917420634218082,80436,79261,0.014607887015764098,62165,61453,0.0114533901713183,57874,57255,0.010695649168884103,51696,51209,0.009420458062519343,55586,54935,0.011711582053034908,49558,48996,0.011340247790467717,50512,50029,0.009562084257206172,56626,56015,0.01079009642213824,,674536,667330,0.010682899059501594,49
SHV-HQ,PMT-1579,7308,7291,0.0023262178434592107,6760,6745,0.002218934911242587,7401,7384,0.002296986893662978,9128,9111,0.0018624014022786683,11498,11479,0.0016524612976169806,9222,9202,0.0021687269572761014,6717,6702,0.0022331397945510867,4981,4966,0.0030114434852439587,6992,6978,0.0020022883295194305,7651,7635,0.002091229904587655,9547,9528,0.001990153975070741,11346,11326,0.001762735765908685,,98551,98347,0.0020699942161925833,1
SHV-HQ,PMT158,0,0,,0,0,,0,0,,0,0,,0,0,,0,0,,0,0,,0,0,,0,0,,0,0,,0,0,,0,0,,,0,0,,0
SHV-HQ,PMT-1580,4861,4870,0,5643,5652,0,10204,10218,0,16251,16274,0,12260,12274,0,10317,10331,0,8030,8042,0,9303,9316,0,8971,8984,0,9180,9194,0,11404,11419,0,11274,11286,0,,117698,117860,0,1
SHV-HQ,PMT-1581,127589,130120,0,140565,143283,0,142692,145549,0,168905,172821,0,190668,195222,0,157010,160597,0,139235,142492,0,141728,144959,0,140518,143607,0,130384,133239,0,146242,149626,0,140564,143771,0,,1766100,1805286,0,1
SHV-HQ,PMT-1582,18675,18674,5.354752342701108e-05,16750,16748,0.00011940298507462366,20982,20981,4.765989896104994e-05,21749,21749,0,21893,21890,0.00013703010094545665,21083,21082,4.7431579945911295e-05,18549,18546,0.0001617337861878898,20110,20109,4.972650422674363e-05,18797,18795,0.00010639995743999542,17918,17915,0.0001674294006027699,18737,18743,0,17919,17903,0.0008929069702550141,,233162,233135,0.0001157993154974335,1
SHV-HQ,PMT-1583,110312,108752,0.014141707157879435,102511,101056,0.014193598735745439,108702,107099,0.014746738790454628,115234,113414,0.015793949702344823,162640,159803,0.01744343334972942,142125,139469,0.01868777484608619,116195,114279,0.01648952192435127,103708,102169,0.014839742353531027,116423,114646,0.015263307078498212,105265,103714,0.014734242150762356,116892,115090,0.015415939499709097,115384,113647,0.015054080288428251,,1415391,1393138,0.015722157340268494,217
SHV-HQ,PMT-1584,29054,29058,0,28944,28946,0,26932,26941,0,31404,31411,0,31779,31787,0,31835,31841,0,27806,27811,0,26416,26421,0,29685,29690,0,26676,26682,0,28991,28996,0,30418,30425,0,,349940,350009,0,1
SHV-HQ,PMT-1585,78117,78114,3.8403932562713905e-05,67998,67994,5.8825259566464005e-05,67107,67105,2.980315019296409e-05,77210,77204,7.77101411734149e-05,84412,84408,4.738662749370626e-05,78200,78197,3.836317135552658e-05,76847,76843,5.205147891262918e-05,81816,81812,4.8890192627326634e-05,78996,78992,5.0635475213889336e-05,62708,62706,3.189385724311489e-05,51319,51315,7.794384146220246e-05,66078,66076,3.0267259904959154e-05,,870808,870766,4.823106815743383e-05,1
SHV-HQ,PMT-1586,2462,2464,0,2637,2560,0.02919984831247635,2852,2935,0,3150,3152,0,3502,3499,0.0008566533409479771,3474,3472,0.0005757052389177009,4045,4046,0,4342,4346,0,4255,4258,0,3134,3135,0,4286,4290,0,4273,4274,0,,42412,42431,0,1
SHV-HQ,PMT-1587,13391,13394,0,10874,10877,0,9043,9044,0,10151,10154,0,11334,11336,0,10202,10205,0,11290,11292,0,9342,9344,0,7067,7067,0,6647,6648,0,8650,8652,0,8906,8907,0,,116897,116920,0,1
SHV-HQ,PMT-1588,53616,53598,0.0003357206803938917,45950,45934,0.00034820457018502893,48621,48604,0.00034964315830610104,42512,42497,0.0003528415506209859,56186,56166,0.00035596055956998995,48430,48413,0.0003510220937436026,45670,45654,0.00035033939128525926,40792,40777,0.0003677191606197283,46490,46474,0.00034416003441595233,43948,43933,0.0003413124601802098,49583,49566,0.00034285944779455235,49291,49273,0.00036517822726256366,,571089,570889,0.00035020811117003614,1
SHV-HQ,PMT-1589,21826,21822,0.0001832676624209384,22173,22168,0.00022549948135119902,20997,20988,0.0004286326618088143,19496,19487,0.0004616331555190589,26858,26846,0.00044679425124727334,23117,23107,0.000432582082450117,19427,19417,0.0005147475163432835,20197,20187,0.0004951230380749738,21395,21388,0.00032717924748770777,20040,20031,0.00044910179640722525,23802,23791,0.0004621460381480924,22837,22827,0.0004378858869378277,,262165,262059,0.0004043255201876539,1
SHV-HQ,PMT-1590,16633,16632,6.012144531952757e-05,18352,18349,0.00016346992153448703,18314,18312,0.00010920607185760378,21620,21619,4.625346901021565e-05,22661,22660,4.4128679228649936e-05,22011,22011,0,21576,21574,9.269558768998376e-05,21201,21199,9.433517286916437e-05,20876,20895,0,17918,17895,0.0012836254046210138,18764,18761,0.0001598806224685223,17935,17932,0.00016727069974908915,,237861,237839,9.249099263852756e-05,1
SHV-HQ,PMT-1591,30155,30161,0,31705,31710,0,30185,30189,0,28965,28970,0,27465,27470,0,27488,27493,0,25504,25509,0,26777,26782,0,31330,31337,0,26133,26138,0,30041,30047,0,27325,27330,0,,343073,343136,0,1
SHV-HQ,PMT-1593,878,877,0.001138952164009166,862,862,0,852,853,0,882,882,0,850,850,0,1497,1498,0,777,776,0.0012870012870013214,7157,7160,0,18214,18218,0,17181,17185,0,18304,18308,0,17256,17259,0,,84710,84728,0,1
SHV-HQ,PMT-1595,1977,1975,0.0010116337885685,1540,1533,0.004545454545454519,1669,1663,0.0035949670461353778,2029,2023,0.0029571217348447476,2341,2333,0.0034173430158052076,2554,2548,0.002349256068911565,2731,2341,0.142804833394361,2248,2232,0.007117437722419906,2254,2250,0.0017746228926353025,2419,2417,0.0008267879288962332,2267,2261,0.0026466696074106677,2058,2054,0.0019436345966957758,,26087,25630,0.017518304136159735,16
SHV-HQ,PMT-1596,23580,23595,0,25633,25639,0,24150,24159,0,26416,26423,0,20908,20920,0,26130,26134,0,23760,23769,0,23030,23039,0,20711,20717,0,19783,19790,0,26312,26253,0.0022423228944967732,24590,24669,0,,285003,285107,0,1
SHV-HQ,PMT-1597,15098,14823,0.01821433302424158,14597,14329,0.0183599369733507,15414,15145,0.017451667315427577,17444,17151,0.016796606282962645,18525,18139,0.020836707152496636,19285,18989,0.015348716619134062,17042,16750,0.01713413918554163,16612,16341,0.01631350830724776,16302,15983,0.019568151147098534,16628,16381,0.014854462352658193,18005,17691,0.017439600111080256,17179,16880,0.017404971185750018,,202131,198602,0.01745897462536672,249
SHV-HQ,PMT-1599,12078,12061,0.0014075178009603784,10922,10906,0.0014649331624244644,9249,9235,0.0015136771542869631,14137,14118,0.0013439909457452215,14439,14418,0.001454394348639143,14870,14848,0.0014794889038332038,13234,13216,0.0013601329907813042,14023,14003,0.0014262283391570652,17157,17133,0.0013988459520895002,16624,16601,0.0013835418671799271,17394,17372,0.0012648039553868617,17442,17418,0.0013759889920880175,,171569,171329,0.0013988541053453485,1
SHV-HQ,PMT-160,3658,3657,0.0002733734281027411,3699,3695,0.0010813733441470408,3728,3725,0.0008047210300429208,3446,3445,0.00029019152640741286,4175,4172,0.0007185628742515382,3585,3583,0.0005578800557880514,3391,3388,0.0008846947803008431,3567,3565,0.0005606952621249883,3607,3605,0.0005544774050457724,3548,3545,0.0008455467869221689,3376,3374,0.0005924170616113944,3625,3623,0.0005517241379310311,,43405,43377,0.0006450869715470819,1
SHV-HQ,PMT-1600,2514,2514,0,1767,1742,0.014148273910582931,2780,2775,0.0017985611510791255,1906,1904,0.0010493179433368471,2431,2426,0.002056766762649098,1899,1895,0.002106371774618254,1750,1751,0,2074,2069,0.0024108003857280513,1950,2230,0,2701,2411,0.10736764161421697,3040,3031,0.002960526315789469,2129,2128,0.0004697040864255486,,26941,26876,0.002412679559036457,1
SHV-HQ,PMT-1601,2120,2117,0.0014150943396226134,3434,3426,0.002329644729178848,4797,4792,0.0010423181154888272,5508,5504,0.000726216412490932,5702,5697,0.0008768853034023527,7714,7713,0.00012963443090485693,8609,8605,0.00046463003833197014,8626,8626,0,9435,9434,0.00010598834128250356,8521,8519,0.00023471423541843173,9855,9854,0.00010147133434801336,19425,19429,0,,93746,93716,0.0003200136539158738,1
SHV-HQ,PMT-1602,205690,201741,0.019198794302105138,212100,207976,0.019443658651579487,223341,215849,0.033545117107920186,240229,234600,0.023431808815755018,260509,253697,0.026148808678394975,252112,246329,0.02293821793488604,211952,207063,0.023066543368309822,204683,200662,0.019645012043012833,228595,223068,0.02417813163017568,199474,194948,0.022689673842204994,223728,218280,0.02435099763999138,216233,211478,0.021990168013207967,,2678646,2615691,0.023502545689128018,411
SHV-HQ,PMT-1603,74361,74389,0,74900,74928,0,66095,66119,0,69997,70024,0,74715,74742,0,77326,77355,0,68286,68313,0,72439,72471,0,74509,74546,0,89746,89776,0,69522,69550,0,75952,75993,0,,887848,888206,0,1
SHV-HQ,PMT-1604,11937,11936,8.377314233054545e-05,12268,12267,8.151287903490623e-05,11034,11032,0.00018125793003442858,12619,12620,0,14323,14325,0,13605,13605,0,12157,12160,0,12931,12933,0,12244,12247,0,12039,12041,0,12363,12365,0,12222,12225,0,,149742,149756,0,1
SHV-HQ,PMT-1605,4039,4039,0,3994,3994,0,5590,5591,0,4760,4861,0,6752,6653,0.014662322274881512,6716,6716,0,4370,4369,0.00022883295194509046,5273,5274,0,6350,6349,0.0001574803149606563,5693,5693,0,4815,4816,0,4047,4048,0,,62399,62403,0,1
SHV-HQ,PMT-1606,21129,21155,0,21354,21379,0,21712,21740,0,26327,26360,0,28253,28290,0,30940,30981,0,25858,25891,0,25781,25813,0,25980,26013,0,23142,23171,0,25560,25594,0,28465,28640,0,,304501,305027,0,1
SHV-HQ,PMT-1607,2032,2032,0,1103,1102,0.0009066183136899886,1881,1881,0,4432,4430,0.0004512635379061436,7456,7459,0,6256,6248,0.0012787723785165905,6622,6620,0.000302023557837483,5839,5836,0.0005137866072957298,5792,5790,0.00034530386740327934,1181,1180,0.0008467400508044287,1221,1221,0,5540,5537,0.0005415162454873723,,49355,49336,0.0003849660622023965,1
SHV-HQ,PMT-1608,12575,12573,0.00015904572564617858,11087,11086,9.019572472268589e-05,10277,10275,0.0001946093217864986,12952,12952,0,15932,15929,0.00018830027617378065,13585,13583,0.00014722119985277615,11036,11036,0,9599,9597,0.00020835503698302116,11196,11194,0.00017863522686678568,9390,9389,0.00010649627263048522,10490,10487,0.00028598665395618283,11603,11601,0.00017236921485819234,,139722,139702,0.00014314138074178473,1
SHV-HQ,PMT-1609,12382,12376,0.00048457438216764626,11092,11086,0.0005409304002884641,8549,8544,0.0005848637267517054,17149,17141,0.00046649950434429766,10162,10156,0.0005904349537492193,12157,12151,0.0004935428148391541,10289,10283,0.0005831470502478675,11076,11070,0.0005417118093173912,11353,11348,0.00044041222584334516,10171,10165,0.0005899124963130165,14493,14485,0.0005519906161595145,19864,19855,0.0004530809504631472,,148737,148660,0.0005176923025205227,1
SHV-HQ,PMT-161,58409,56739,0.02859148418908042,58931,57328,0.027201303219018813,58609,56897,0.0292105308058489,66540,64447,0.031454764051698225,73472,71097,0.032325239547038365,69108,66811,0.033237830641893895,57381,55783,0.02784893954444856,65379,63186,0.03354288074152256,65583,63847,0.02647027430889104,64238,62541,0.026417385348236233,65917,64165,0.02657887949997728,64520,62538,0.030719156850589013,,768087,745379,0.029564359245762506,227
SHV-HQ,PMT-1610,7079,7309,0,6921,7149,0,9091,9395,0,8883,9176,0,8862,9149,0,8591,8874,0,6503,6724,0,7379,7631,0,6793,7025,0,5726,5925,0,7625,7893,0,8238,8528,0,,91691,94778,0,1
SHV-HQ,PMT-1611,1531,1533,0,2136,2138,0,2246,2247,0,2530,2531,0,1982,1984,0,2106,2107,0,1912,1913,0,2079,2081,0,1800,1801,0,1999,1999,0,1984,1985,0,1930,1931,0,,24235,24250,0,1
SHV-HQ,PMT-1612,2966,2970,0,3296,3301,0,2745,2749,0,3479,3484,0,4262,4267,0,3597,3601,0,3369,3374,0,2872,2877,0,2923,2929,0,2849,2855,0,3478,3483,0,3122,3127,0,,38958,39017,0,1
SHV-HQ,PMT-1613,1614,1615,0,1624,1626,0,2288,2290,0,2244,2246,0,2317,2320,0,2036,2038,0,1663,1665,0,1535,1538,0,1642,1644,0,1376,1377,0,1606,1608,0,1664,1666,0,,21609,21633,0,1
SHV-HQ,PMT-1614,3521,3519,0.0005680204487361618,4895,4893,0.00040858018386102923,4032,4030,0.0004960317460317443,2721,2720,0.0003675119441381991,3886,3884,0.0005146680391148184,4041,4040,0.0002474634991338487,1839,1838,0.0005437737901032857,2170,2170,0,5682,5790,0,2648,2536,0.04229607250755285,3644,3642,0.0005488474204171645,2473,2472,0.0004043671653861658,,41552,41534,0.00043319214478243495,1
SHV-HQ,PMT-1615,56058,54325,0.030914410075279175,62037,60437,0.02579106017376731,56189,54786,0.02496930004093323,52526,51438,0.02071355138407649,80707,78020,0.03329327072001187,63912,62132,0.027850794842908977,45485,44185,0.028580850829943882,40470,39395,0.02656288608846058,46755,45359,0.029857769222543018,48144,47106,0.021560319042871368,64156,61800,0.03672298771743876,60729,58962,0.029096477794793296,,677168,657945,0.028387342579684782,73
SHV-HQ,PMT-1616,40371,40157,0.005300834757622996,40200,40287,0,44157,43708,0.010168263242520958,53087,52401,0.012922184338915343,67745,57075,0.15750239870101113,46076,55336,0,47646,47269,0.007912521512823734,55534,53849,0.030341772607771822,58271,58748,0,59561,58906,0.010997128993804672,72200,71401,0.01106648199445981,74856,73728,0.015068932350112196,,659704,652865,0.010366770551641369,221
SHV-HQ,PMT-1617,2804,2805,0,3185,3186,0,4472,4474,0,7976,7978,0,9422,9424,0,11622,11626,0,14654,14658,0,24258,24265,0,37187,37200,0,32867,32877,0,45516,45531,0,49045,48982,0.001284534611071475,,243008,243006,8.230181722357344e-06,1
SHV-HQ,PMT-1618,993,993,0,1047,1048,0,880,880,0,1065,1065,0,1118,1119,0,1114,1115,0,1488,1488,0,2250,2251,0,1820,1822,0,1349,1349,0,1156,1157,0,1185,1184,0.0008438818565400519,,15465,15471,0,1
SHV-HQ,PMT-1619,5348,5357,0,4738,4745,0,5010,5016,0,5144,5154,0,5467,5475,0,4647,4657,0,707,730,0,189,203,0,218,233,0,252,260,0,213,224,0,179,194,0,,32112,32248,0,1
SHV-HQ,PMT-162,2365,2335,0.012684989429175508,2468,2432,0.014586709886547866,2306,2268,0.01647875108412833,2665,2620,0.016885553470919357,2619,2577,0.016036655211912998,2501,2471,0.011995201919232312,2075,2045,0.014457831325301207,2236,2210,0.011627906976744207,2250,2220,0.013333333333333308,2223,2186,0.016644174538911427,2215,2170,0.020316027088036148,2112,2077,0.016571969696969724,,28035,27611,0.015123952202603874,2
SHV-HQ,PMT-1621,25217,25222,0,25204,25209,0,29403,29410,0,31288,31294,0,33641,33647,0,31917,31919,0,23167,23170,0,30568,30573,0,24653,24658,0,29925,29929,0,38019,38027,0,25887,25891,0,,348889,348949,0,1
SHV-HQ,PMT-1622,6433,6437,0,2785,2785,0,1153,1148,0.004336513443191636,1381,1377,0.002896451846488013,1875,1872,0.0016000000000000458,1565,1555,0.006389776357827448,1375,1380,0,1154,1148,0.005199306759098743,1439,1436,0.0020847810979847115,1372,1365,0.005102040816326481,1262,1261,0.0007923930269413404,1438,1436,0.0013908205841446364,,23232,23200,0.0013774104683195176,1
SHV-HQ,PMT-1623,19452,20008,0,19333,19881,0,18548,19065,0,21039,21604,0,20294,20835,0,19515,20069,0,17621,18151,0,18102,0,1,16235,35371,0,18248,18788,0,18836,19355,0,17416,17916,0,,224639,231043,0,1
SHV-HQ,PMT-1624,634,636,0,761,764,0,592,594,0,690,691,0,511,513,0,662,664,0,585,587,0,540,541,0,626,629,0,595,596,0,709,711,0,598,599,0,,7503,7525,0,1
SHV-HQ,PMT-1625,3768,3760,0.002123142250530785,3506,3499,0.0019965772960638395,3333,3327,0.0018001800180017513,3608,3601,0.0019401330376940251,3218,3212,0.0018645121193288094,1813,1810,0.001654715940430207,3401,3396,0.0014701558365186607,3206,3199,0.0021834061135370675,3438,3430,0.0023269342641070168,3506,3500,0.0017113519680547196,3587,3580,0.0019514914970727437,3529,3522,0.0019835647492207897,,39913,39836,0.001929196001302813,1
SHV-HQ,PMT-1626,9413,9344,0.007330287899713128,8160,8097,0.00772058823529409,8526,8437,0.01043865822190948,7557,7497,0.007939658594680377,10954,10859,0.008672631002373588,10007,9932,0.007494753672429244,8066,8009,0.007066699727250159,8926,8863,0.007058032713421425,8739,8663,0.008696647213640052,6962,6913,0.007038207411663278,9426,9341,0.009017610863568892,8100,8044,0.006913580246913575,,104836,103999,0.007983898660765432,11
SHV-HQ,PMT-1628,4992,5484,0,5997,6498,0,5617,6083,0,6587,7087,0,7397,7890,0,7596,8110,0,6273,6744,0,7347,7864,0,6892,7406,0,6633,7138,0,7370,7858,0,7149,7638,0,,79850,85800,0,1
SHV-HQ,PMT-163,4564,4504,0.013146362839614345,4936,4875,0.012358184764991842,5003,4943,0.011992804317409567,5325,5265,0.011267605633802802,5425,5357,0.01253456221198157,5473,5412,0.011145623972227292,4014,3963,0.012705530642750373,3759,3706,0.014099494546421898,3619,3570,0.013539651837524147,3597,3551,0.012788434806783378,3906,3858,0.01228878648233489,3729,3508,0.059265218557253974,,53350,52512,0.015707591377694508,16
SHV-HQ,PMT-1630,14418,14425,0,15026,15033,0,14006,14011,0,13683,13687,0,14292,14295,0,15576,15576,0,12850,12845,0.00038910505836575737,15071,15064,0.0004644681839294229,13990,13985,0.00035739814152968563,13516,13512,0.00029594554601952705,15144,15147,0,15233,15240,0,,172805,172820,0,1
SHV-HQ,PMT-1632,1352,1422,0,1567,1622,0,1484,1544,0,1668,1729,0,1586,1637,0,1306,1363,0,1246,1304,0,1226,1291,0,928,1027,0,1102,1166,0,1216,1275,0,1437,1479,0,,16118,16859,0,1
SHV-HQ,PMT-1633,59,54,0.0847457627118644,57,54,0.052631578947368474,62,58,0.06451612903225812,84,81,0.0357142857142857,85,82,0.03529411764705881,62,59,0.048387096774193505,67,63,0.05970149253731338,81,80,0.012345679012345734,72,68,0.05555555555555558,72,69,0.04166666666666663,62,60,0.032258064516129004,66,63,0.045454545454545414,,829,791,0.045838359469240086,1
SHV-HQ,PMT-1634,16981,17010,0,17030,17058,0,15743,15768,0,20265,20298,0,23220,23263,0,20510,20546,0,18721,18755,0,17224,17256,0,19843,19880,0,24516,24566,0,20312,20339,0,18308,18330,0,,232673,233069,0,1
SHV-HQ,PMT-1635,3753,3717,0.00959232613908878,3992,3953,0.009769539078156364,3795,3760,0.00922266139657446,3928,3891,0.009419551934826909,3707,3671,0.009711356892365797,3749,3715,0.00906908508935711,2860,2832,0.009790209790209836,2143,2122,0.009799346710219314,2868,2839,0.010111576011157641,3364,3332,0.009512485136741966,3404,3371,0.009694477085781417,4007,3969,0.009483404042924914,,41570,41172,0.009574212172239638,5
SHV-HQ,PMT-1636,115998,116236,0,117872,118104,0,120556,120776,0,135717,135959,0,155663,155914,0,168913,169179,0,139426,139655,0,128885,129112,0,145660,145883,0,140472,140707,0,126318,126518,0,140852,141065,0,,1636332,1639108,0,1
SHV-HQ,PMT-1638,9885,10625,0,10180,10879,0,12932,13624,0,14973,15747,0,15287,15986,0,15815,16565,0,8583,14744,0,11585,12862,0,13987,14739,0,11976,12703,0,12818,13564,0,13370,14079,0,,151391,166117,0,1
SHV-HQ,PMT-164,3066,3039,0.008806262230919737,3856,3811,0.01167012448132776,3514,3482,0.009106431417188365,3736,3692,0.011777301927194839,3744,3712,0.008547008547008517,3202,3156,0.014366021236727033,2762,2729,0.011947863866763164,3167,3126,0.01294600568361226,2423,2397,0.010730499380932734,2693,2664,0.01076865948756034,3234,3188,0.014223871366728535,2770,2738,0.011552346570397165,,38167,37734,0.011344879084025483,18
SHV-HQ,PMT-1640,31320,32395,0,25820,26824,0,30100,31113,0,31223,32297,0,34148,35236,0,39122,40316,0,31729,32766,0,28564,29608,0,30168,31226,0,30709,31827,0,27186,28142,0,33794,34879,0,,373883,386629,0,1
SHV-HQ,PMT-1641,43408,44235,0,44133,44954,0,46491,47324,0,62242,63217,0,45898,56808,0,64059,54976,0.14179116127320124,43290,44093,0,43201,44011,0,44546,45382,0,42952,43754,0,45683,46523,0,47067,47917,0,,572970,583194,0,1
SHV-HQ,PMT-1643,30829,30832,0,30373,30375,0,31032,31034,0,32698,32699,0,34006,34008,0,36759,36759,0,32184,32189,0,31067,31069,0,33277,33279,0,30483,30487,0,28161,28164,0,31818,31821,0,,382687,382716,0,1
SHV-HQ,PMT-1644,41927,41925,4.770195816539147e-05,43489,43493,0,42197,42206,0,55657,55675,0,49330,49339,0,45603,45609,0,46581,46590,0,46829,46843,0,45913,45919,0,45547,45555,0,43230,43235,0,47263,47270,0,,553566,553659,0,1
SHV-HQ,PMT-1646,84,86,0,81,81,0,73,75,0,82,83,0,73,75,0,207,209,0,2730,2746,0,12702,12700,0.0001574555188159632,11619,11619,0,11557,11554,0.000259582936748326,12730,12728,0.00015710919088762765,13399,13399,0,,65337,65355,0,1
SHV-HQ,PMT-1649,16665,16656,0.0005400540054005809,18731,18722,0.00048048689338531236,18534,18520,0.0007553685119240372,18062,18052,0.0005536485439043837,22851,22839,0.0005251411316791188,22465,22452,0.0005786779434676648,17929,17916,0.0007250822689497394,19562,19552,0.0005111951743175247,21181,21168,0.0006137576129550126,20492,20480,0.0005855943782939743,20751,20737,0.0006746662811430992,20515,20502,0.000633682671216218,,237738,237596,0.0005972961831932633,1
SHV-HQ,PMT-165,83400,81830,0.018824940047961647,84800,83632,0.013773584905660385,86200,84709,0.0172969837587007,95800,94191,0.016795407098121107,111600,109559,0.018288530465949804,108000,105996,0.018555555555555547,96800,95124,0.017314049586776847,101000,99239,0.01743564356435645,106800,104673,0.019915730337078608,102200,100695,0.014726027397260255,97400,95867,0.015739219712525676,110600,108426,0.01965641952983721,,1184600,1163941,0.017439642073273642,37
SHV-HQ,PMT-1650,9358,9361,0,9798,9802,0,9273,9274,0,9077,9076,0.00011016855789358626,13067,13063,0.0003061146399326864,11270,11273,0,8934,8939,0,9194,9200,0,8970,8976,0,8799,8805,0,10224,10231,0,10653,10659,0,,118617,118659,0,1
SHV-HQ,PMT-1651,11150,11157,0,10081,10088,0,10181,10188,0,12351,12359,0,13259,13268,0,12975,12984,0,10525,10532,0,9348,9349,0,11193,11206,0,9302,9309,0,9700,9767,0,10411,10358,0.005090769378541915,,130476,130565,0,1
SHV-HQ,PMT-1653,5548,5553,0,8399,8403,0,5680,5685,0,5490,5495,0,7110,7114,0,5834,5839,0,3845,3850,0,4893,4898,0,3813,3820,0,3224,3229,0,4235,4240,0,5167,5172,0,,63238,63298,0,1
SHV-HQ,PMT-1654,7342,7217,0.017025333696540468,10218,10057,0.015756508122920287,9354,9161,0.020632884327560386,10871,10663,0.019133474381381688,13345,12959,0.028924690895466454,14829,14267,0.03789871198327599,11905,11981,0,13659,13423,0.01727798521121604,12040,11819,0.01835548172757473,11400,11177,0.01956140350877189,13802,13565,0.017171424431241866,13182,12948,0.017751479289940808,,141947,139237,0.01909163279252113,26
SHV-HQ,PMT-1656,2423,2409,0.005777961205117643,2350,2335,0.006382978723404209,1982,1978,0.0020181634712411745,2518,2500,0.00714853057982523,2560,2542,0.007031250000000044,3495,3462,0.009442060085836923,2600,2584,0.006153846153846176,2550,2532,0.007058823529411784,2351,2347,0.0017014036580178526,2885,2895,0,2132,2109,0.010787992495309595,2857,2846,0.003850192509625483,,30703,30539,0.0053414975735269765,5
SHV-HQ,PMT-1658,428,428,0,272,273,0,238,240,0,274,274,0,187,188,0,167,167,0,144,144,0,128,129,0,122,122,0,108,109,0,155,155,0,205,206,0,,2428,2435,0,1
SHV-HQ,PMT-1659,858,1315,0,1423,1921,0,2100,2565,0,2549,3026,0,2563,3022,0,1875,2354,0,1327,2045,0,1151,1669,0,751,1297,0,513,1065,0,539,1089,0,360,879,0,,16009,22247,0,1
SHV-HQ,PMT-166,13068,13060,0.0006121824303642054,20964,20952,0.0005724098454493731,35040,35018,0.0006278538812785062,19399,19387,0.0006185885870405583,17274,17263,0.0006367951835127839,17347,17339,0.00046117484291230415,27612,27605,0.0002535129653773449,16134,16128,0.00037188545927857586,39162,39145,0.0004340942750625798,19180,19175,0.0002606882168926239,13808,13805,0.00021726535341826114,18697,18685,0.0006418141947905909,,257685,257562,0.0004773269689737347,1
SHV-HQ,PMT-1661,1543,1543,0,1642,1642,0,1694,1694,0,2519,2517,0.0007939658594680044,1740,1740,0,1785,1785,0,1703,1702,0.0005871990604815469,1648,1647,0.0006067961165048263,1741,1740,0.0005743825387708457,1386,1387,0,1580,1579,0.0006329113924050667,1733,1733,0,,20714,20709,0.00024138263976059005,1
SHV-HQ,PMT-1662,0,0,,1,2,0,1,0,1,0,1,0,0,0,,3,3,0,0,0,,2,2,0,594,596,0,2,3,0,0,0,,0,0,,,603,607,0,1
SHV-HQ,PMT-1663,9824,9694,0.013232899022801337,10306,10322,0,9961,9897,0.006425057725128025,12065,11985,0.006630750103605476,12905,12818,0.006741573033707815,12838,12748,0.007010437762891453,9595,9533,0.0064616988014590815,9737,9676,0.006264763274109075,9830,9768,0.006307222787385602,7604,7564,0.005260389268805898,11811,11741,0.005926678520023709,13844,13760,0.006067610517191513,,130320,129506,0.0062461632903622055,1
SHV-HQ,PMT-1664,41,40,0.024390243902439046,100,99,0.010000000000000009,77,77,0,58,58,0,4,4,0,0,0,,0,0,,0,0,,0,0,,0,0,,0,0,,0,0,,,280,278,0.0071428571428571175,1
SHV-HQ,PMT-1665,2686,2663,0.008562918838421418,2707,2684,0.008496490579977811,3050,3025,0.008196721311475419,3439,3408,0.00901424832800235,3793,3765,0.007382019509623028,3331,3300,0.009306514560192158,2623,2597,0.009912314144109757,2867,2836,0.010812696198116534,3531,3504,0.007646559048428259,2925,2895,0.01025641025641022,3931,3897,0.008649198677181391,3466,3432,0.009809578765147098,,38349,38006,0.00894417064330233,19
SHV-HQ,PMT-1666,53088,53712,0,48752,49333,0,45960,46611,0,52459,53190,0,55535,56277,0,56330,57300,0,53657,54068,0,53453,54137,0,59801,60578,0,58293,59031,0,50707,51320,0,56249,56938,0,,644284,652495,0,4
SHV-HQ,PMT-1668,181776,181146,0.0034658040665433987,134959,134446,0.0038011544246771,111509,111064,0.003990709270103809,124239,123726,0.004129138193320947,112519,112064,0.004043761498058074,99060,98638,0.0042600444175247,85401,85035,0.004285664102293918,97161,96734,0.004394767447844283,75718,75371,0.004582794051612549,69543,69232,0.0044720532620105,61886,61623,0.004249749539475767,54108,53880,0.004213794632956347,,1207879,1202959,0.004073255682067511,1
SHV-HQ,PMT-1669,10474,10365,0.010406721405384789,10049,9947,0.010150263707831675,9993,9903,0.009006304413089139,10152,10078,0.007289204097714719,11115,10775,0.03058929374718844,12639,12539,0.007912018355882622,12001,12106,0,12222,12091,0.010718376697758103,12866,12734,0.010259598942950365,12131,11993,0.011375814030170628,13211,12973,0.01801529028839599,14431,14381,0.0034647633566627922,,141284,139885,0.009902041278559537,33
SHV-HQ,PMT-167,13123,13132,0,4814,4818,0,3918,3920,0,6128,6133,0,7857,7863,0,5002,5006,0,2964,2966,0,4188,4191,0,2467,2470,0,2286,2287,0,3811,3814,0,3332,3335,0,,59890,59935,0,1
SHV-HQ,PMT-1670,19710,20191,0,18786,19247,0,17705,18148,0,16985,17400,0,21798,22323,0,17897,18358,0,16998,17451,0,15405,15834,0,16982,17436,0,15895,16326,0,16749,17201,0,17986,18435,0,,212896,218350,0,1
SHV-HQ,PMT-1671,36815,37696,0,35833,36681,0,38352,39190,0,34845,35633,0,47307,48335,0,45110,46060,0,40446,41354,0,38643,39501,0,44294,45224,0,39928,40791,0,46300,47232,0,45808,46730,0,,493681,504427,0,1
SHV-HQ,PMT-1673,12639,12222,0.032993116544030365,14293,13840,0.0316938361435668,13730,13395,0.02439912600145666,13954,13577,0.027017342697434388,16139,15780,0.02224425305161415,16610,16233,0.022697170379289533,11306,11063,0.021493012559702818,12864,12557,0.023865049751243816,13107,13354,0,10622,13194,0,11101,13799,0,8586,11244,0,,154951,160258,0,19
SHV-HQ,PMT-1674,697,688,0.012912482065997155,677,669,0.011816838995568735,485,477,0.016494845360824795,932,921,0.011802575107296098,954,941,0.013626834381551323,582,575,0.012027491408934665,369,365,0.010840108401083959,692,685,0.010115606936416222,1162,1148,0.012048192771084376,923,913,0.010834236186348822,997,987,0.010030090270812475,1372,1357,0.01093294460641403,,9842,9726,0.01178622231253812,8
SHV-HQ,PMT-1675,54582,54804,0,54712,54937,0,46120,46293,0,44223,44360,0,52801,52952,0,42356,42474,0,30186,30262,0,31704,31785,0,31774,31857,0,27227,27291,0,33841,33926,0,28867,28940,0,,478393,479881,0,1
SHV-HQ,PMT-1676,3155,4063,0,3357,4263,0,4153,4982,0,4290,5190,0,4947,5806,0,4312,5222,0,3281,4108,0,4327,5256,0,3759,4670,0,3347,4269,0,3257,4149,0,3422,4312,0,,45607,56290,0,1
SHV-HQ,PMT-1677,1379,1369,0.007251631617113841,1156,1144,0.01038062283737029,989,983,0.006066734074823055,995,992,0.0030150753768843908,1107,1101,0.005420054200542035,1194,1192,0.0016750418760469454,1127,1126,0.0008873114463177068,1048,1044,0.003816793893129722,918,915,0.0032679738562091387,890,888,0.0022471910112359383,1100,1093,0.006363636363636349,1294,1283,0.008500772797527034,,13197,13130,0.00507691141926192,8
SHV-HQ,PMT-168,54810,54845,0,51592,51622,0,53191,53226,0,59412,59454,0,61399,61442,0,65748,65791,0,57886,57924,0,58542,58586,0,65120,65169,0,60859,60899,0,53499,53536,0,61306,61349,0,,703364,703843,0,1
SHV-HQ,PMT-1681,4493,4436,0.012686401068328523,4271,4212,0.01381409505970499,4429,4374,0.012418153081959815,5336,5260,0.014242878560719596,5410,5343,0.012384473197781909,5577,5496,0.014523937600860681,4763,4664,0.020785219399538146,5142,5106,0.007001166861143493,5257,5179,0.014837359710861753,5185,5102,0.016007714561234287,5386,5315,0.013182324545116919,4902,4827,0.015299877600979173,,60151,59314,0.013914980632075968,16
SHV-HQ,PMT-1682,12942,12940,0.0001545356204605275,13830,13828,0.0001446131597975242,13012,13013,0,14401,14399,0.00013887924449695888,14320,14321,0,14067,14065,0.00014217672566996242,13586,13583,0.00022081554541442117,14009,14006,0.0002141480476836044,14025,14023,0.00014260249554365334,13510,13507,0.00022205773501104975,14179,14175,0.00028210734184352937,12397,12395,0.0001613293538759164,,164278,164255,0.00014000657422175156,1
SHV-HQ,PMT-1683,5053,5005,0.009499307342172969,5295,5244,0.00963172804532575,6100,6045,0.00901639344262295,7717,7641,0.0098483866787612,9574,9487,0.009087110925423025,10189,10094,0.009323780547649374,8963,8875,0.009818141247350254,8962,8875,0.009707654541396993,9925,9810,0.011586901763224189,13371,13188,0.013686336100516061,11943,11816,0.010633844092774014,13752,13595,0.01141652123327519,,110844,109675,0.01054635343365451,54
SHV-HQ,PMT-1684,1205,1900,0,1313,1995,0,749,1398,0,0,721,0,0,633,0,0,721,0,0,650,0,0,722,0,0,738,0,0,667,0,0,718,0,0,168,0,,3267,11031,0,0
SHV-HQ,PMT-1685,17014,17621,0,17818,18451,0,17418,17980,0,19998,20622,0,12838,13393,0,10912,11476,0,1058,1530,0,931,1476,0,1320,1819,0,700,1202,0,894,1416,0,10362,10902,0,,111263,117888,0,1
SHV-HQ,PMT-1686,6055,6031,0.003963666391412102,3712,3700,0.003232758620689613,4978,4957,0.0042185616713539265,6179,6151,0.004531477585369759,6133,6104,0.004728517854231229,6372,6355,0.0026679221594475555,7638,7618,0.0026184865147944603,5986,5972,0.00233879051119279,8491,8467,0.002826522199976478,6556,6542,0.002135448444173238,5412,5401,0.002032520325203291,6949,6920,0.004173262339905004,,74461,74218,0.0032634533514188657,1
SHV-HQ,PMT-1687,8229,8218,0.0013367359338923857,8418,8390,0.003326205749584199,8242,8219,0.00279058480951222,8941,8909,0.003579018006934387,9006,8979,0.0029980013324449883,9385,9355,0.003196590303676028,8181,8152,0.0035447989243369005,4659,8900,0,8816,8863,0,9160,9137,0.0025109170305677164,9124,9088,0.003945637878123631,9112,9092,0.0021949078138717715,,101273,105302,0,37
SHV-HQ,PMT-1688,1688,1687,0.0005924170616113944,1740,1741,0,1699,1698,0.0005885815185403542,2238,2238,0,2489,2485,0.0016070711128967075,2307,2308,0,1638,1640,0,1071,1073,0,1089,1094,0,1289,1291,0,1826,1826,0,1721,1721,0,,20795,20802,0,4
SHV-HQ,PMT-1689,1073,1073,0,1027,1028,0,816,816,0,943,943,0,853,851,0.0023446658851113966,666,665,0.0015015015015015232,1073,1071,0.0018639328984156878,509,508,0.0019646365422396617,812,813,0,1313,1313,0,751,751,0,713,713,0,,10549,10545,0.0003791828609346348,1
SHV-HQ,PMT-169,0,0,,0,0,,0,0,,0,0,,0,0,,0,0,,0,0,,0,0,,0,0,,0,0,,0,0,,0,0,,,0,0,,1
SHV-HQ,PMT-1692,0,0,,0,0,,0,0,,0,0,,0,0,,0,0,,0,0,,0,0,,0,0,,0,0,,0,0,,0,0,,,0,0,,1
SHV-HQ,PMT-1693,21039,21663,0,18411,18997,0,17968,18538,0,25541,26178,0,22569,23184,0,21353,21951,0,20715,21331,0,17669,18269,0,19638,20249,0,21972,22621,0,18953,19501,0,20915,21504,0,,246743,253986,0,1
SHV-HQ,PMT-1694,77019,78227,0,79746,80968,0,85691,86934,0,111786,113353,0,123383,125089,0,109974,111502,0,88223,89524,0,93865,95240,0,93694,95080,0,95696,97097,0,103299,104782,0,92275,93653,0,,1154651,1171449,0,1
SHV-HQ,PMT-1695,1334,1808,0,1513,2011,0,587,1039,0,513,1006,0,635,1084,0,618,1113,0,479,969,0,531,959,0,659,1156,0,452,932,0,517,1008,0,484,956,0,,8322,14041,0,1
SHV-HQ,PMT-1697,792,794,0,770,771,0,722,723,0,1185,1185,0,963,964,0,736,737,0,653,655,0,380,382,0,589,590,0,526,529,0,402,403,0,461,464,0,,8179,8197,0,1
SHV-HQ,PMT-1698,1484,1990,0,2225,1700,0.2359550561797753,2001,2004,0,1771,1776,0,1509,1513,0,2139,2140,0,1278,1280,0,1460,1463,0,2471,2472,0,2122,2120,0.0009425070688030557,2347,2345,0.000852151682999569,1978,1976,0.0010111223458038054,,22785,22779,0.00026333113890719684,3
SHV-HQ,PMT-1699,34191,34203,0,33210,33223,0,34430,34442,0,36783,36800,0,35218,35238,0,32930,32942,0,28873,28887,0,30823,30836,0,28925,28936,0,28077,28090,0,31369,31379,0,28797,28810,0,,383626,383786,0,1
SHV-HQ,PMT-17,87057,85893,0.013370550329094733,89327,87920,0.015751116683645483,83325,82002,0.015877587758775902,92600,91057,0.01666306695464359,106415,104625,0.016820936897993688,112329,110336,0.017742524192327913,88017,86635,0.015701512207868973,88675,87445,0.013870876797293485,96462,95017,0.014979992121249786,86440,85010,0.016543267006015716,84950,83984,0.011371394938198942,96666,94939,0.017865640452692788,,1112263,1094863,0.015643782091106173,60
SHV-HQ,PMT-170,10590,10425,0.015580736543909346,10104,9948,0.015439429928741144,10387,10219,0.016174063733513044,11568,11387,0.015646611341632144,11568,11385,0.01581950207468885,10710,10543,0.01559290382819789,8545,8413,0.015447630193095363,8119,7990,0.015888656238453036,7827,7707,0.015331544653123808,7869,7752,0.014868471216164747,9290,9147,0.015392895586652355,9225,9070,0.01680216802168022,,115802,113986,0.015681939862869365,21
SHV-HQ,PMT-1700,2791,2771,0.007165890361877425,2655,2635,0.007532956685499026,2478,2459,0.007667473769168653,2817,2795,0.007809726659566918,3125,3101,0.00768000000000002,2317,2296,0.009063444108761365,1956,1937,0.00971370143149286,2556,2534,0.008607198748043832,2231,2209,0.009861048857014776,2355,2335,0.00849256900212314,2681,2660,0.007832898172323799,2378,2359,0.007989907485281722,,30340,30091,0.008206987475280147,1
SHV-HQ,PMT-1701,10249,10778,0,10310,10862,0,9502,10031,0,13243,13794,0,14198,14750,0,14445,15024,0,12959,13512,0,11672,12231,0,11681,12237,0,12042,12650,0,9457,9956,0,11248,11773,0,,141006,147598,0,1
SHV-HQ,PMT-1702,0,0,,0,0,,0,0,,0,0,,0,0,,0,0,,0,0,,0,0,,0,0,,0,0,,0,0,,0,0,,,0,0,,1
SHV-HQ,PMT-1703,0,753,0,0,750,0,0,350,0,0,0,,0,0,,0,0,,0,0,,0,0,,0,0,,0,0,,0,0,,0,0,,,0,1853,0,1
SHV-HQ,PMT-1705,0,270,0,0,272,0,0,258,0,0,288,0,0,270,0,0,300,0,0,248,0,0,271,0,0,284,0,0,256,0,0,283,0,0,239,0,,0,3239,0,1
SHV-HQ,PMT-1706,7751,7721,0.0038704683266674866,5053,5034,0.0037601424896100966,9145,9113,0.003499179879715708,9982,9944,0.003806852334201527,12279,12215,0.0052121508266145256,22460,22285,0.007791629563668745,19586,19429,0.008015929745736727,19555,19399,0.007977499360777296,22527,22345,0.008079193856261324,21532,21358,0.008080995727289597,19349,19197,0.007855703137113035,20996,20537,0.02186130691560295,,190215,188577,0.008611308256446626,14
SHV-HQ,PMT-1707,14830,15449,0,15184,15866,0,18249,18801,0,23446,24164,0,27533,28259,0,31401,32178,0,24608,25290,0,21829,22521,0,26016,26750,0,25149,25875,0,20977,21605,0,26666,27373,0,,275888,284131,0,1
SHV-HQ,PMT-1709,26937,26818,0.004417715410030776,28893,28975,0,27907,27892,0.0005374995520837089,30985,30966,0.000613199935452613,33743,33721,0.0006519870788015414,33347,33318,0.0008696434461871183,29771,29741,0.0010076920493097274,28539,28512,0.0009460737937558861,35790,35762,0.0007823414361552983,34544,34515,0.0008395090319592846,33112,33089,0.0006946122251751952,36082,36057,0.0006928662490992554,,379650,379366,0.0007480574213091229,1
SHV-HQ,PMT-171,113900,113268,0.005548726953467975,117437,116182,0.010686580890179376,113324,112715,0.005373971974162561,124203,123508,0.005595678043203489,127980,127256,0.00565713392717615,143070,142251,0.00572447053889702,108929,108330,0.005498994758053377,96863,96287,0.005946543055655895,104365,103814,0.005279547741100954,103163,102597,0.005486463169934952,97090,96554,0.005520650942424599,112939,112324,0.005445417437731859,,1363263,1355086,0.005998108948896852,47
SHV-HQ,PMT-1712,11352,11997,0,18917,19602,0,20941,21599,0,18456,19119,0,21943,22639,0,19293,19973,0,15984,16626,0,18516,19195,0,22834,23538,0,28337,29106,0,27734,28447,0,31864,32637,0,,256171,264478,0,1
SHV-HQ,PMT-1713,90743,90718,0.0002755033446105726,92860,92834,0.0002799913848804403,87293,87272,0.0002405691177986835,91226,91224,2.1923574419546732e-05,94421,94392,0.0003071350652926741,92816,92799,0.0001831580761937346,94047,94032,0.0001594947207247399,97531,97524,7.177205196295944e-05,100326,100309,0.00016944760082127086,91673,91653,0.00021816674484309573,101383,101364,0.00018740814534978778,95794,95768,0.0002714157462888611,,1130113,1129889,0.00019821026746880133,1
SHV-HQ,PMT-1714,37189,37898,0,44089,44878,0,45218,45981,0,51913,52778,0,50749,51591,0,51306,52179,0,40524,41269,0,47624,48460,0,43496,44267,0,37423,38128,0,35246,35941,0,23774,24352,0,,508551,517722,0,1
SHV-HQ,PMT-1715,212080,243037,0,231702,235732,0,220787,224670,0,244086,248370,0,249006,253363,0,250643,255080,0,206171,209958,0,203488,207331,0,230228,234231,0,255005,259389,0,204812,208311,0,240070,244106,0,,2748078,2823578,0,1
SHV-HQ,PMT-1716,10942,12300,0,10226,11591,0,12202,13480,0,14552,15886,0,18390,19785,0,9557,10894,0,8468,9722,0,10846,12229,0,12233,13612,0,11243,12649,0,10451,11715,0,15123,16473,0,,144233,160336,0,1
SHV-HQ,PMT-1717,33140,33130,0.0003017501508750797,32498,32490,0.0002461689950150614,30963,30954,0.00029066950876854847,32688,32679,0.0002753303964757592,32928,8415,0.7444424198250729,33620,58119,0,30287,30246,0.001353716115825243,31257,31208,0.001567648846658387,34640,34588,0.0015011547344110365,37250,37185,0.0017449664429529665,31671,31616,0.0017366044646521805,35096,35042,0.001538636881695865,,396038,395672,0.0009241537428226199,1
SHV-HQ,PMT-1718,3747,3747,0,3439,3440,0,3235,3235,0,3006,3006,0,3571,3572,0,3148,3154,0,3083,3079,0.0012974375608173494,3133,3133,0,3165,3166,0,3020,3020,0,2800,2801,0,2819,2819,0,,38166,38172,0,1
SHV-HQ,PMT-1719,12789,12744,0.0035186488388458947,12749,12705,0.00345125107851596,14372,14319,0.0036877261341496936,17391,17327,0.0036800644011270034,15159,15101,0.0038261099017085076,15012,14955,0.0037969624300560056,14034,13979,0.00391905372666379,9239,9204,0.003788288775841586,13721,13668,0.003862692223598918,9855,9818,0.0037544393708777157,13287,13239,0.003612553623842829,11547,11504,0.0037239109725469843,,159155,158563,0.003719644371838804,1
SHV-HQ,PMT-172,64920,62719,0.03390326555760936,62820,60691,0.03389048073861822,66120,63611,0.03794615849969751,74040,71310,0.036871961102107,75600,72508,0.04089947089947088,79200,76198,0.037904040404040384,73440,70780,0.036220043572984695,73560,70882,0.036405655247417124,73320,70754,0.03499727223131477,67740,65473,0.03346619427221731,77160,74238,0.037869362363919135,74220,71383,0.03822419832929125,,862140,830547,0.0366448604634978,174
SHV-HQ,PMT-1720,9180,9136,0.004793028322440107,8537,8496,0.004802623872554812,7742,7705,0.00477912684060966,8479,8438,0.004835475881589835,7904,7866,0.004807692307692291,7799,7761,0.004872419540966844,7809,7769,0.005122294788065029,7365,7330,0.004752206381534285,7416,7379,0.004989212513484387,5452,5422,0.0055025678650036935,6418,6384,0.005297600498597732,6695,6659,0.005377147124719928,,90796,90345,0.004967179170888625,1
SHV-HQ,PMT-1721,3005,3000,0.0016638935108153063,3248,3242,0.001847290640394128,3408,3404,0.0011737089201877549,4284,4278,0.0014005602240896309,4826,4816,0.0020721094073766766,4452,4449,0.0006738544474393926,3915,3908,0.001787994891443212,5754,5734,0.003475842891901282,5712,5695,0.0029761904761904656,5518,5467,0.00924247915911558,6820,6816,0.0005865102639296405,8407,8351,0.006661115736885881,,59349,59160,0.0031845523934691533,18
SHV-HQ,PMT-1722,926,931,0,1071,1072,0,1044,1045,0,999,1000,0,1557,1556,0.0006422607578676631,1733,1734,0,1443,1445,0,1058,1061,0,1124,1126,0,710,712,0,968,969,0,859,860,0,,13492,13511,0,1
SHV-HQ,PMT-1724,0,0,,0,0,,0,0,,0,0,,0,0,,0,0,,0,0,,0,0,,0,0,,0,0,,0,0,,0,0,,,0,0,,0
SHV-HQ,PMT-1725,36916,37772,0,37648,38516,0,37461,38300,0,35455,36242,0,53538,54633,0,46705,47664,0,43241,44158,0,44852,45793,0,47306,48273,0,45844,46797,0,43107,44011,0,45119,46049,0,,517192,528208,0,1
SHV-HQ,PMT-1728,4268,4270,0,3752,3754,0,3677,3678,0,3853,3854,0,3733,3735,0,3618,3620,0,2311,2312,0,2411,2413,0,2508,2509,0,2028,2030,0,2152,2154,0,2756,2758,0,,37067,37087,0,1
SHV-HQ,PMT-1729,21818,21870,0,19469,19518,0,19123,19169,0,18802,18848,0,24273,24321,0,19021,19035,0,17022,17029,0,14970,14967,0.00020040080160321772,17341,17337,0.0002306672048901781,16253,16270,0,17065,17015,0.0029299736302372814,16501,16574,0,,221658,221953,0,1
SHV-HQ,PMT-173,108190,100549,0.07062575099362234,102310,97497,0.04704329977519306,102961,97834,0.04979555365623878,107523,102441,0.04726430624145528,113143,107326,0.051412813872709795,117786,113216,0.03879917817058054,106252,102260,0.03757105748597678,105128,101064,0.03865763640514419,106391,102287,0.03857469146826331,101234,97508,0.03680581622774959,108428,104274,0.038311137344597346,103977,100460,0.033824788174307785,,1283323,1226716,0.04410970581841045,153
SHV-HQ,PMT-1730,18722,19398,0,20674,21364,0,21228,21895,0,28115,28884,0,32054,32872,0,23477,24191,0,17360,18004,0,15884,16556,0,16372,17031,0,16820,17468,0,17484,18150,0,20211,20869,0,,248401,256682,0,1
SHV-HQ,PMT-1731,75210,73100,0.028054779949474806,72282,70207,0.028707008660524114,73667,71491,0.029538327880869297,77896,75469,0.031156927184964545,80620,77210,0.04229719672537835,85750,82068,0.042938775510204086,79520,79671,0,78351,76622,0.022067363530778206,77604,75898,0.02198340291737544,76349,74676,0.02191253323553677,78937,77078,0.02355042628931936,73796,72453,0.018198818364138947,,929982,905943,0.025848887397820652,124
SHV-HQ,PMT-1732,17655,18283,0,15481,16104,0,14607,15196,0,15275,15900,0,14852,15441,0,13559,14145,0,13787,14376,0,13384,13986,0,14467,15082,0,13999,14601,0,16842,17482,0,16970,17580,0,,180878,188176,0,1
SHV-HQ,PMT-1733,38875,39996,0,40169,41311,0,37481,38539,0,38601,39718,0,44705,45887,0,47108,48374,0,39396,40528,0,39335,40506,0,41115,42297,0,43103,44354,0,36542,37596,0,40326,41468,0,,486756,500574,0,1
SHV-HQ,PMT-1734,5940,5946,0,6135,6142,0,6042,6049,0,6033,6041,0,6502,6513,0,6164,6171,0,5227,5234,0,5299,5307,0,5347,5354,0,5628,5636,0,12780,12795,0,15639,15657,0,,86736,86845,0,1
SHV-HQ,PMT-1735,1291,2596,0,1327,2571,0,1261,2520,0,1630,3063,0,1449,2756,0,1574,2951,0,1607,2844,0,1445,2778,0,1380,2704,0,1382,2646,0,1335,2642,0,1482,2807,0,,17163,32878,0,1
SHV-HQ,PMT-1736,41169,41242,0,34844,34901,0,30801,30846,0,39901,39956,0,48945,49010,0,49702,49763,0,34141,34181,0,25880,25903,0,26944,26971,0,28859,28880,0,31287,31314,0,28242,28275,0,,420715,421242,0,1
SHV-HQ,PMT-1737,5018,5723,0,5599,6300,0,4713,5366,0,5131,5838,0,4944,5606,0,5039,5754,0,4509,5159,0,4601,5289,0,4738,5431,0,4397,5068,0,4844,5541,0,4421,5099,0,,57954,66174,0,1
SHV-HQ,PMT-1738,98058,99391,0,90754,92008,0,90308,91542,0,117920,119457,0,104829,106275,0,131752,47374,0.6404305057987735,157863,245521,0,138422,141616,0,144868,147167,0,128231,130365,0,124410,126433,0,150775,153231,0,,1478190,1500380,0,1
SHV-HQ,PMT-174,39195,38720,0.012118892715907603,37742,37288,0.012029039266599595,37101,36691,0.011050915069674705,37104,36675,0.011562095730918487,49093,48565,0.010755097468070796,44311,43746,0.012750784229649481,39280,38791,0.012449083503054958,39412,38862,0.013955140566324964,45166,41318,0.08519682947349771,45258,44350,0.02006275133678026,43972,43022,0.021604657509324166,44067,43054,0.0229877232396124,,501701,491082,0.02116599329082458,126
SHV-HQ,PMT-1740,55789,56778,0,65828,66936,0,66008,67086,0,63262,64321,0,68610,69720,0,57163,58187,0,49815,50767,0,61650,62681,0,77042,78282,0,52728,53681,0,73077,74304,0,90490,91898,0,,781462,794641,0,1
SHV-HQ,PMT-1741,833,829,0.004801920768307322,969,962,0.007223942208462342,1137,1127,0.008795074758135457,1210,1201,0.007438016528925617,1368,1357,0.008040935672514626,1875,1860,0.008000000000000007,1449,1437,0.008281573498964856,1669,1672,0,1787,1794,0,1720,1724,0,1627,1633,0,1627,1626,0.0006146281499692652,,17271,17222,0.002837125817844899,9
SHV-HQ,PMT-1742,12750,13856,0,13446,14588,0,13599,14601,0,13911,15027,0,14751,15836,0,14088,15194,0,11100,12157,0,12966,14092,0,12153,13222,0,12818,13886,0,12189,13232,0,13211,14280,0,,156982,169971,0,1
SHV-HQ,PMT-1743,13773,13782,0,15730,15739,0,14193,14200,0,14444,14452,0,15183,15191,0,14594,14602,0,12736,12743,0,12661,12668,0,11987,11993,0,11723,11730,0,12985,12992,0,12550,12555,0,,162559,162647,0,1
SHV-HQ,PMT-1745,10433,10462,0,9985,10012,0,8767,8789,0,9299,9321,0,9666,9692,0,63111,74297,0,67416,64680,0.04058383766464935,79337,75365,0.05006491296620741,84570,80003,0.05400260139529389,80094,76046,0.05054061477763627,85963,81764,0.04884659679164294,104625,80415,0.23139784946236563,,613266,580846,0.052864499254809516,47
SHV-HQ,PMT-1746,92450,88864,0.03878853434288809,102433,98307,0.04027998789452614,99197,94792,0.0444065848765588,116725,110844,0.050383379738702105,83990,64609,0.23075366115013696,60377,59276,0.018235420772810818,50494,49537,0.018952746861013225,57220,56101,0.01955609926599089,53756,52679,0.02003497284024114,43954,43135,0.0186331164399145,47826,46867,0.02005185463973569,47240,46039,0.02542337002540218,,855662,811050,0.052137409397636,52
SHV-HQ,PMT-1747,56719,56689,0.0005289232884924111,64212,64177,0.0005450694574222759,57524,57492,0.0005562895487101205,65670,65636,0.0005177402162326317,68784,68750,0.000494301000232622,67845,67813,0.000471663350283702,60718,60684,0.0005599657432722172,70761,70725,0.0005087548225717331,68281,68244,0.0005418784142001698,63824,63788,0.0005640511406367343,73448,73410,0.0005173728352031448,62757,62725,0.0005099032777220458,,780543,780133,0.0005252753531835852,1
SHV-HQ,PMT-1748,15105,14825,0.018536908308507072,15879,15740,0.008753699855154617,14986,14781,0.013679434138529345,15321,15118,0.013249787872854246,17742,17855,0,12368,11905,0.037435316946959896,8366,8279,0.010399234998804685,7130,7062,0.009537166900420724,8084,8003,0.010019792182088039,9522,9433,0.009346775887418612,9703,9608,0.009790786354735626,10447,10349,0.009380683449794147,,144653,142958,0.011717696833110969,6
SHV-HQ,PMT-1749,0,0,,0,0,,0,0,,0,0,,3669,3670,0,3508,3509,0,3852,3853,0,4484,4484,0,5634,5634,0,5227,5227,0,5826,5828,0,6639,6640,0,,38839,38845,0,1
SHV-HQ,PMT-175,188896,183998,0.025929612061663554,185768,180943,0.02597325696567765,183281,178347,0.026920411826648727,179977,174785,0.028848130594464894,251306,243348,0.03166657381837279,225457,215709,0.04323662605286149,192016,189263,0.014337346887759339,198388,193704,0.023610299010020763,202002,194901,0.03515311729586834,188051,184679,0.01793130586915248,196419,191274,0.02619400363508617,202835,196826,0.02962506470776738,,2394396,2327777,0.027822883098702178,452
SHV-HQ,PMT-1750,16274,16527,0,16184,16517,0,15115,15422,0,20299,20539,0,21468,21762,0,18411,18627,0,18318,18475,0,15345,15768,0,14837,14760,0.00518972838174836,15080,15329,0,13857,14019,0,16844,17040,0,,202032,204785,0,13
SHV-HQ,PMT-1751,11835,11747,0.0074355724545838164,12984,12895,0.006854590264941507,12541,12454,0.006937245833665617,14863,14750,0.007602771984121626,16355,16222,0.008132069703454592,16074,15971,0.0064078636307079995,13315,13220,0.007134810364250899,14678,14569,0.007426079847390632,13670,13568,0.007461594732991905,11998,11915,0.006917819636606093,7966,7918,0.006025608837559648,6662,6625,0.005553887721404971,,152941,151854,0.007107315893056798,7
SHV-HQ,PMT-1752,7521,7523,0,10393,10396,0,11790,11794,0,15105,15108,0,21509,21509,0,16468,16469,0,15487,15487,0,13560,13560,0,12920,12922,0,13405,13406,0,15420,15422,0,15912,15916,0,,169490,169512,0,1
SHV-HQ,PMT-1754,19675,19589,0.004371029224904732,20773,20689,0.004043710585856619,21377,21292,0.003976236141647549,24509,24417,0.003753723122118413,23799,23711,0.003697634354384638,21449,21354,0.004429110914261791,17299,17052,0.014278281981617402,18348,18441,0,18649,18564,0.004557885141294404,18871,18670,0.010651263843993397,22358,22355,0.00013418015922717075,19614,19523,0.004639543183440398,,246721,245657,0.004312563583967366,15
SHV-HQ,PMT-1755,25726,25714,0.0004664541708777614,25447,25428,0.0007466498997916737,26485,26488,0,23989,23824,0.0068781524865563215,33924,33940,0,31170,31176,0,27453,27462,0,25274,25236,0.0015035214053968904,26854,26668,0.006926342444328548,24062,23981,0.0033663037154019193,22166,21950,0.009744653974555595,23679,23441,0.0100511001309177,,316229,315308,0.002912446360074483,71
SHV-HQ,PMT-1757,86071,83697,0.027581880075751464,85604,83282,0.027124900705574495,93274,90349,0.03135922121920365,88591,85918,0.030172365138670942,121539,117691,0.03166061922510466,101215,97992,0.0318431062589537,94566,91586,0.031512382886026646,85109,82638,0.029033357224265366,102122,98854,0.03200094005209453,90788,87938,0.031391813896109566,96276,93291,0.031004611741243915,94884,92003,0.030363391088065406,,1140039,1105239,0.030525271503869633,65
SHV-HQ,PMT-1758,11105,11106,0,10382,10382,0,9744,9743,0.00010262725779963677,10928,10928,0,11651,11649,0.0001716590850571187,11213,11210,0.0002675465976991198,10333,10332,9.67773153972562e-05,9782,9781,0.0001022285831118186,10588,10587,9.444654325652113e-05,9676,9675,0.00010334849111204303,10100,10099,9.90099009900991e-05,10629,10629,0,,126131,126121,7.928265057755013e-05,1
SHV-HQ,PMT-1759,11814,13148,0,47622,49363,0,82798,84748,0,98653,100942,0,93888,95997,0,90207,92372,0,72606,74468,0,74026,75982,0,99816,102057,0,92831,95022,0,79255,81260,0,88015,90194,0,,931531,955553,0,1
SHV-HQ,PMT-176,5502,5435,0.012177390039985414,6558,6480,0.011893870082342217,6195,6120,0.01210653753026636,6944,6865,0.011376728110599088,7449,7364,0.011410927641294144,6748,6666,0.012151748666271445,5381,5209,0.031964318899832755,7068,6787,0.03975664968873793,5866,5620,0.041936583702693486,6169,6509,0,6786,6718,0.010020630710285916,5819,5767,0.008936243340780248,,76485,75540,0.012355363796822894,31
SHV-HQ,PMT-1760,11654,11645,0.0007722670327784398,10764,10753,0.0010219249349684434,9941,9933,0.0008047480132783447,11244,11232,0.0010672358591248265,11225,11213,0.0010690423162583729,11540,11528,0.0010398613518197708,10853,10842,0.001013544642034514,10400,10389,0.0010576923076922595,9073,9064,0.0009919541496749007,9424,9416,0.000848896434634927,9224,9215,0.0009757155247180904,12917,12905,0.0009290082836571623,,128259,128135,0.0009667937532649162,1
SHV-HQ,PMT-1762,57790,57240,0.00951721751168022,55140,54575,0.010246644903881053,56361,55788,0.010166604566987814,54125,53553,0.010568129330254084,70500,69744,0.010723404255319147,62837,62199,0.010153253656285277,62652,62094,0.008906339781651007,59686,58175,0.025315819455148603,66190,62282,0.059042151382384,57828,54638,0.055163588573009625,62851,66821,0,62314,60940,0.022049619668132348,,728274,718049,0.014040045367540221,64
SHV-HQ,PMT-1763,1635331,1635670,0,1564850,1565259,0,916299,916541,0,2611401,2610600,0.0003067319036792471,1707300,1706700,0.00035143208574939244,1974200,1973400,0.00040522743389725946,1872200,1871600,0.0003204785813480937,1704800,1704200,0.00035194744251521026,1358400,1357800,0.0004416961130742081,1334700,1334100,0.00044953922229717946,1368299,1367600,0.0005108532564885859,1028501,1027800,0.0006815744466946994,,19076281,19071270,0.0002626822282603136,1
SHV-HQ,PMT-1764,991,991,0,355,356,0,900,900,0,834,835,0,844,846,0,661,663,0,315,317,0,398,400,0,479,481,0,416,418,0,559,562,0,732,735,0,,7484,7504,0,1
SHV-HQ,PMT-1767,31993,32796,0,29215,29979,0,14865,15412,0,1685,2092,0,3518,3923,0,8005,8491,0,11836,12337,0,35616,36499,0,38687,39609,0,12335,12903,0,3975,4375,0,1641,2042,0,,193371,200458,0,1
SHV-HQ,PMT-1768,201198,197271,0.019518086660901157,209721,205400,0.020603563782358503,190365,186743,0.019026606781708866,233325,228139,0.022226508089574604,251275,245400,0.02338075813351903,260314,254368,0.02284164509016029,232655,227907,0.02040790010960436,234977,230415,0.019414666116258195,232420,227723,0.020209104207899453,215667,211658,0.01858884298478669,211899,230509,0,209879,206234,0.017367149643365942,,2683695,2651767,0.011897030027629762,52
SHV-HQ,PMT-1769,29952,29958,0,28635,28628,0.0002444560852103983,27699,27690,0.0003249214773096698,35305,35303,5.6649199830061114e-05,43453,43462,0,41220,41210,0.00024260067928194573,36032,36031,2.7753108348127498e-05,34637,34634,8.661258192110832e-05,38615,38654,0,38899,38857,0.0010797192729889993,28983,28942,0.0014146223648345835,34317,34349,0,,417747,417718,6.942000780374435e-05,1
SHV-HQ,PMT-177,3935,3913,0.005590851334180469,2860,2774,0.030069930069930084,2418,2401,0.007030603804797364,2767,2751,0.005782435851102274,2684,2666,0.006706408345752646,2566,2551,0.005845674201091167,2224,2212,0.0053956834532373765,2992,2973,0.006350267379679142,2754,2743,0.003994190268700071,2900,2878,0.0075862068965517615,3314,3294,0.0060350030175014835,2843,2828,0.0052761167780513984,,34257,33984,0.007969174183378613,21
SHV-HQ,PMT-1771,1432,1433,0,2156,2152,0.0018552875695733162,3252,3248,0.0012300123001229846,12160,12141,0.0015625000000000222,17662,17629,0.0018684180726984412,22258,22225,0.0014826129930811671,20255,20221,0.001678597877067367,23065,23024,0.001777585085627531,22693,22645,0.0021151897060767144,22076,22032,0.0019931146946911005,25397,25357,0.0015749891719494258,24635,24568,0.0027197077329003116,,197041,196675,0.0018574814378733429,1
SHV-HQ,PMT-1772,3623,4341,0,2623,3311,0,1682,2325,0,2502,3208,0,2953,3572,0,3079,3786,0,2484,3155,0,2099,2783,0,4339,5055,0,2197,2845,0,2445,3137,0,3427,4119,0,,33453,41637,0,1
SHV-HQ,PMT-1774,5866,6561,0,6387,7106,0,5713,6342,0,6693,7395,0,6821,7500,0,6768,7470,0,6121,6805,0,6330,7060,0,6326,7010,0,5647,6320,0,5682,6373,0,5428,6103,0,,73782,82045,0,1
SHV-HQ,PMT-1775,85642,84315,0.01549473389224909,88189,86576,0.01829026295796532,95248,92964,0.02397950613136235,117155,114247,0.0248218172506508,134173,130628,0.026421113040626665,110551,107833,0.024585937712006234,93697,91681,0.021516163804604194,90181,88223,0.021711890531264877,106822,104478,0.021943045440077857,102003,99869,0.020920953305294976,119690,117175,0.021012615924471567,120044,117495,0.021233880910332847,,1263395,1235484,0.022092061469294988,122
SHV-HQ,PMT-1776,34820,34322,0.014302125215393424,41383,40782,0.014522871710605845,48442,47610,0.017175178564056037,68954,67523,0.020752965745279517,81339,79573,0.021711602060512147,70993,69383,0.022678292225994157,53611,52638,0.018149260412974932,43890,43299,0.013465481886534514,55678,54731,0.01700851323682606,57503,56566,0.016294802010329845,54041,53115,0.017135138135859762,65360,64053,0.019996940024479826,,676014,663595,0.018370921312280464,92
SHV-HQ,PMT-1778,10624,10625,0,11624,11628,0,11321,11324,0,10059,10061,0,10962,10965,0,9713,9715,0,10057,10059,0,9257,9260,0,11580,11583,0,7528,7530,0,9208,9210,0,7487,7490,0,,119420,119450,0,1
SHV-HQ,PMT-1779,25177,25189,0,26371,26382,0,26281,26292,0,29986,30000,0,31199,31213,0,27528,27538,0,24409,24420,0,24058,24063,0,25832,25844,0,24105,24112,0,26260,26272,0,26137,26149,0,,317343,317474,0,1
SHV-HQ,PMT-1781,33666,33651,0.0004455533772945719,35327,35316,0.00031137656749791187,34770,34752,0.0005176876617773996,40513,40495,0.0004443018290425371,42744,42727,0.0003977166385925601,41373,41356,0.000410895994972571,35669,35653,0.0004485687852197051,37472,37455,0.0004536720751494583,38324,38305,0.0004957728838326236,37658,37644,0.00037176695522866954,25501,25488,0.0005097839300419738,29156,29143,0.00044587734943069,,432173,431985,0.00043501097939946387,1
SHV-HQ,PMT-1782,146027,148210,0,123811,125649,0,125657,127534,0,136332,138448,0,195233,198384,0,162594,165168,0,142644,144810,0,120135,121899,0,104874,106429,0,65909,66961,0,68740,69829,0,68860,69939,0,,1460816,1483260,0,1
SHV-HQ,PMT-1785,12154,12144,0.0008227743952607947,12265,12253,0.0009783938035059503,10467,10457,0.0009553835865100391,11027,11015,0.0010882379613675885,11366,11354,0.0010557803976772862,11181,11171,0.0008943743851176356,11958,11946,0.0010035122930256435,10625,10616,0.000847058823529423,12260,12253,0.0005709624796085278,9767,9762,0.0005119279205487715,7688,7685,0.00039021852237253185,11809,11803,0.0005080870522482517,,132567,132459,0.0008146823870194275,1
SHV-HQ,PMT-1788,341,869,0,340,872,0,352,848,0,449,973,0,3847,4369,0,10651,11262,0,39814,40580,0,52905,53824,0,60894,61893,0,50135,51002,0,45614,46462,0,15313,15910,0,,280655,288864,0,1
SHV-HQ,PMT-1790,17083,17080,0.0001756131826962104,15553,15551,0.00012859255449104712,17581,17577,0.00022751834366641077,19559,19555,0.0002045094329975461,21771,21766,0.00022966331358231784,20924,20918,0.0002867520550563496,16900,16898,0.00011834319526626835,17712,17709,0.00016937669376693165,21661,21657,0.0001846636812704583,20513,20509,0.00019499829376490307,22379,22376,0.00013405424728540893,21645,21640,0.00023100023100020017,,233281,233236,0.00019290040766284378,1
SHV-HQ,PMT-1791,43,53,0,36,42,0,3,4,0,0,0,,0,0,,0,0,,0,0,,0,0,,1,1,0,0,0,,0,0,,0,0,,,83,100,0,1
SHV-HQ,PMT-1792,8377,8234,0.017070550316342414,9862,9765,0.0098357331170148,12640,12524,0.009177215189873467,18359,18145,0.011656408301105703,18947,18895,0.002744497809679669,17893,17763,0.007265411054602322,12328,12227,0.00819273199221282,11403,11314,0.007804963606068527,14391,14279,0.007782641928983369,12337,12234,0.008348869255086377,11888,11782,0.008916554508748287,13741,13623,0.008587439051015222,,162166,160785,0.008515965122158797,57
SHV-HQ,PMT-1793,31453,32346,0,32009,32943,0,29381,30208,0,44644,45662,0,39032,39967,0,38204,39213,0,20256,21092,0,21156,22035,0,20103,20935,0,17890,18710,0,19135,19980,0,19998,20808,0,,333261,343899,0,1
SHV-HQ,PMT-1794,29076,30040,0,31340,32260,0,30320,31208,0,32670,33616,0,34097,35034,0,50117,51233,0,43344,44370,0,42184,43235,0,52854,54013,0,46767,47912,0,38152,39122,0,42276,43325,0,,473197,485368,0,1
SHV-HQ,PMT-1795,1858,2321,0,2759,3236,0,848,1281,0,554,1005,0,763,1219,0,623,1093,0,556,1021,0,484,942,0,639,1125,0,531,974,0,637,1140,0,440,892,0,,10692,16249,0,1
SHV-HQ,PMT-1796,13733,13802,0,8566,8611,0,8914,8961,0,7937,7979,0,6252,6287,0,21782,21894,0,27461,27596,0,29661,29812,0,34958,35131,0,32965,33134,0,26668,26810,0,29978,30136,0,,248875,250153,0,1
SHV-HQ,PMT-1797,0,0,,0,0,,0,0,,0,0,,0,0,,0,0,,125,754,0,738,1764,0,946,2002,0,822,1787,0,946,1980,0,948,1956,0,,4525,10243,0,1
SHV-HQ,PMT-1798,54776,54347,0.007831897181247216,47422,47037,0.008118594745055052,52723,52239,0.00918005424577506,53942,53378,0.010455674613473742,84212,82712,0.017812188286704944,70426,70146,0.003975804390423998,56080,55644,0.007774607703280978,48505,47854,0.013421296773528546,62449,62199,0.004003266665599137,49263,48887,0.0076325030956295725,49204,48823,0.00774327290464194,61003,60469,0.008753667852400726,,690005,683735,0.00908689067470525,40
SHV-HQ,PMT-1799,14000,14025,0,13624,13645,0,10995,11011,0,3107,3109,0,3202,3202,0,2347,2347,0,4232,4236,0,13058,13063,0,4580,4598,0,1214,1215,0,1441,1442,0,1513,1513,0,,73313,73406,0,1
SHV-HQ,PMT-18,104792,102964,0.017444079700740467,114181,112262,0.01680664909223073,103780,101984,0.0173058392753902,118072,115771,0.019488108950470928,133478,130712,0.020722516070064034,131040,128496,0.019413919413919456,113106,111035,0.018310257634431393,109025,107302,0.015803714744324737,110954,108863,0.018845647745912686,104045,102225,0.017492431159594424,107391,104967,0.022571723887476636,108335,106886,0.013375178843402447,,1358199,1333467,0.018209408194233667,109
SHV-HQ,PMT-1800,47127,47996,0,57142,58107,0,55920,56839,0,30533,31256,0,27103,27775,0,26249,26948,0,27320,27978,0,39782,40573,0,39636,40423,0,33261,34032,0,35392,36101,0,43878,44695,0,,463343,472723,0,1
SHV-HQ,PMT-1801,591,1478,0,679,1517,0,833,1651,0,8942,9723,0,18601,19371,0,49374,50437,0,70908,72198,0,62649,63840,0,61875,63082,0,66869,68158,0,56866,57954,0,71185,72470,0,,469372,481879,0,1
SHV-HQ,PMT-1802,3076,3465,0,2782,3159,0,4345,4716,0,11668,12087,0,15955,16379,0,16432,16864,0,14455,14868,0,15354,15777,0,12570,12989,0,11205,11601,0,16604,17042,0,16153,16571,0,,140599,145518,0,1
SHV-HQ,PMT-1804,60,59,0.01666666666666672,34,34,0,0,0,,0,0,,379,371,0.02110817941952503,4103,4028,0.0182793078235437,3869,3801,0.017575600930472945,4115,4037,0.01895504252733904,4198,4117,0.019294902334444974,4716,4625,0.01929601357082278,7671,7542,0.016816581931951458,12348,12155,0.015630061548428942,,41493,40769,0.01744872629118166,1
SHV-HQ,PMT-1805,2336,2336,0,2293,2293,0,2746,2747,0,3578,3577,0.00027948574622693734,3976,3977,0,4519,4519,0,3789,3788,0.0002639218791238296,3201,3202,0,4088,4088,0,4070,4071,0,4908,4909,0,4453,4453,0,,43957,43960,0,1
SHV-HQ,PMT-1806,39471,40485,0,34439,35343,0,34767,35646,0,36640,37570,0,36498,37404,0,39076,40018,0,34884,35759,0,35226,36112,0,37438,38358,0,37117,38029,0,33175,33980,0,36619,37517,0,,435350,446221,0,1
SHV-HQ,PMT-1807,502,1371,0,1609,2534,0,2359,3211,0,3532,4401,0,1355,2218,0,1155,2046,0,1394,2323,0,1109,2018,0,1032,1856,0,973,1787,0,977,1829,0,1130,1941,0,,17127,27535,0,1
SHV-HQ,PMT-1808,1712,2218,0,1990,2488,0,2243,2685,0,1832,2310,0,8910,9382,0,9051,9539,0,7466,7932,0,8350,8823,0,8771,9285,0,7685,8141,0,8710,9208,0,7257,7700,0,,73977,79711,0,1
SHV-HQ,PMT-1809,0,5504,0,2849,6248,0,5226,5739,0,5531,6069,0,4419,4926,0,5697,6254,0,7735,8267,0,9886,10482,0,11426,11991,0,13886,14510,0,19949,20576,0,21765,22393,0,,108369,122959,0,1
SHV-HQ,PMT181,0,0,,0,0,,0,0,,0,0,,0,0,,0,0,,0,0,,0,0,,0,0,,0,0,,0,0,,0,0,,,0,0,,0
SHV-HQ,PMT-1810,59604,58102,0.02519965103013222,55998,54940,0.018893531911853945,53355,52301,0.019754474744634987,61446,60162,0.020896396836246445,55554,54534,0.018360514094394653,38977,38129,0.021756420453087677,34363,33866,0.014463230800570326,44506,43752,0.01694153597267789,45797,45027,0.016813328383955328,44049,43301,0.016981089241526526,50445,50184,0.005173951828724377,44569,43121,0.032488949718414095,,588663,577419,0.01910091172708328,63
SHV-HQ,PMT-1813,7607,7617,0,9114,9129,0,10405,10419,0,11973,11990,0,16372,16393,0,17830,17852,0,16691,16710,0,16093,16115,0,17316,17336,0,15672,15692,0,18496,18518,0,16867,16889,0,,174436,174660,0,1
SHV-HQ,PMT-1814,1095,1097,0,855,856,0,738,738,0,811,813,0,725,725,0,762,763,0,437,437,0,429,429,0,264,264,0,491,493,0,542,542,0,669,671,0,,7818,7828,0,1
SHV-HQ,PMT-1815,62385,63589,0,129648,131477,0,196109,198868,0,204501,208005,0,6137,6825,0,13045,13821,0,32261,33121,0,8657,8586,0.008201455469562191,80273,82101,0,75845,77085,0,136092,137974,0,217827,220750,0,,1162780,1182202,0,1
SHV-HQ,PMT-1816,18074,18718,0,23817,24463,0,20990,21600,0,19105,19750,0,17681,18296,0,18226,18849,0,16119,16756,0,13509,14104,0,12836,13453,0,11317,11972,0,12551,13112,0,7070,7689,0,,191295,198762,0,1
SHV-HQ,PMT-1817,86934,85673,0.01450525686152715,95961,94745,0.012671814591344366,101772,100425,0.013235467515623212,109009,107518,0.013677769725435551,121428,119685,0.014354185196165603,122975,121338,0.013311648709087187,94080,93062,0.010820578231292566,91323,90334,0.010829692410455172,88049,87283,0.008699701302683716,79244,78437,0.010183736308111646,93579,92645,0.009980871776787525,85282,84501,0.009157852770807384,,1169636,1155646,0.011960986152957043,108
SHV-HQ,PMT-1819,3290,3254,0.010942249240121549,2719,2687,0.011769032732622309,2511,2482,0.011549183592194368,2489,2460,0.011651265568501379,3302,3265,0.01120533010296787,2785,2754,0.011131059245960473,2299,2273,0.011309264897781612,2442,2414,0.01146601146601145,2662,2630,0.012021036814425234,2325,2299,0.011182795698924775,2492,2462,0.012038523274478297,2692,2662,0.011144130757800852,,32008,31642,0.011434641339665097,1
SHV-HQ,PMT-182,166800,185661,0,201373,175644,0.12776787354809238,184812,181372,0.01861350994524169,218152,213986,0.01909677655946318,222578,217596,0.022383164553549717,223801,219187,0.0206165298635842,188074,184674,0.018077990578176717,161825,159188,0.016295380812606175,190951,187405,0.018570209111237967,164341,161470,0.017469773215448403,180463,177079,0.018751766290042826,196695,192516,0.021246091664760214,,2299865,2255778,0.019169386029179947,187
SHV-HQ,PMT-1820,2572,2574,0,2228,2230,0,2334,2336,0,2621,2622,0,2557,2560,0,2684,2686,0,2365,2367,0,3224,3227,0,2370,2372,0,3036,3040,0,2715,2717,0,2403,2405,0,,31109,31136,0,1
SHV-HQ,PMT-1823,584,580,0.006849315068493178,736,741,0,633,633,0,731,727,0.005471956224350261,709,707,0.0028208744710860323,749,749,0,683,681,0.002928257686676372,729,728,0.00137174211248281,883,876,0.007927519818799578,1316,1301,0.011398176291793294,1336,1321,0.011227544910179632,1161,1148,0.011197243755383335,,10250,10192,0.005658536585365859,9
SHV-HQ,PMT-1824,42157,44015,0,43907,43087,0.018675837565763964,44522,43630,0.020035038857194154,48960,48009,0.019424019607843124,53793,52642,0.021396836019556442,58111,56864,0.02145893204384708,53444,52309,0.021237182845595393,53333,52117,0.022800142500890686,53793,52628,0.02165709293030693,52779,51632,0.0217321283086076,56718,55830,0.015656405373955407,54482,53253,0.022557909034176427,,615999,606016,0.01620619513992716,77
SHV-HQ,PMT-1825,4972,5736,0,5349,6105,0,4554,5191,0,8407,9126,0,8431,9127,0,6700,7408,0,8815,9545,0,10812,11583,0,7486,8196,0,5601,6282,0,6471,7175,0,6814,7520,0,,84412,92994,0,1
SHV-HQ,PMT-1826,1364,1781,0,1345,1775,0,921,1350,0,556,1003,0,945,1387,0,1326,1764,0,1152,1550,0,3667,4061,0,7497,7894,0,10680,11099,0,9133,9481,0,14718,15096,0,,53304,58241,0,1
SHV-HQ,PMT-1827,94873,94882,0,86821,86830,0,78504,78505,0,92738,92746,0,110204,110207,0,117969,117987,0,86323,86330,0,102277,102292,0,103944,103957,0,94420,94426,0,82468,82481,0,86787,86806,0,,1137328,1137449,0,1
SHV-HQ,PMT-1829,127,128,0,112,114,0,126,126,0,399,401,0,1004,1006,0,1764,1766,0,1870,1871,0,2576,2577,0,3061,3062,0,3109,3110,0,2312,2312,0,1833,1832,0.0005455537370431252,,18293,18305,0,1
SHV-HQ,PMT-183,14031,13774,0.018316584705295402,14421,14201,0.015255530129671957,14335,14092,0.0169515172654342,15235,14978,0.016869051526091194,17024,16736,0.016917293233082664,17488,17173,0.018012351326623932,14002,13742,0.01856877588915873,15041,14789,0.016754205172528458,15370,15107,0.017111255692908278,14308,14052,0.01789208834218614,16511,16225,0.017321785476349105,15852,15587,0.016717133484733804,,183618,180456,0.01722053393458156,43
SHV-HQ,PMT-1830,10124,10126,0,7730,7731,0,10261,10264,0,13127,13129,0,11703,11702,8.544817568145735e-05,11233,11233,0,9484,9483,0.000105440742302787,10127,10126,9.874592673053684e-05,12865,12864,7.773027594248916e-05,10332,10331,9.678668215251651e-05,10349,10350,0,9272,9271,0.00010785159620363416,,126607,126610,0,1
SHV-HQ,PMT-1832,0,693,0,0,665,0,0,665,0,1840,2482,0,38525,39380,0,59743,60754,0,50451,51354,0,69873,70896,0,83218,84341,0,76457,77525,0,85560,86765,0,76629,77668,0,,542296,553188,0,1
SHV-HQ,PMT-1833,1589,1587,0.0012586532410321372,754,754,0,1321,1319,0.0015140045420136694,1432,1432,0,1746,1744,0.001145475372279492,2023,2022,0.0004943153732080985,3127,3126,0.0003197953309881374,4678,4677,0.00021376656690896834,6806,6804,0.0002938583602704048,6539,6539,0,5077,5075,0.0003939334252511806,5728,5726,0.00034916201117318746,,40820,40805,0.0003674669279765119,1
SHV-HQ,PMT-1834,19493,19479,0.0007182065356794443,52529,52501,0.0005330388928020957,52591,52573,0.00034226388545566255,59229,59213,0.0002701379391851777,57916,57902,0.00024172940120170683,56384,56371,0.0002305618615210392,54502,54496,0.0001100877032035319,48580,48572,0.00016467682173737508,49428,49415,0.0002630088209112369,50040,50033,0.00013988808952836163,40802,40812,0,46444,46419,0.0005382826629919402,,587938,587786,0.00025853066139625014,1
SHV-HQ,PMT-1835,0,0,,0,0,,0,0,,0,0,,0,0,,0,0,,0,0,,0,0,,0,0,,0,0,,0,0,,0,0,,,0,0,,1
SHV-HQ,PMT-184,10480,10239,0.022996183206106857,12560,12306,0.0202229299363057,14560,14456,0.0071428571428571175,18000,17945,0.003055555555555589,20880,20739,0.006752873563218409,16400,16211,0.011524390243902394,13200,12978,0.016818181818181843,15840,15760,0.005050505050505083,14480,14355,0.008632596685082872,13120,12863,0.01958841463414629,14880,14723,0.010551075268817156,13040,12915,0.009585889570552175,,177440,175490,0.01098963029756539,53
SHV-HQ,PMT-1840,12716,13669,0,5848,6478,0,4051,4621,0,5496,6122,0,11151,11813,0,13066,13765,0,15235,15901,0,12167,12850,0,11875,12546,0,8299,8918,0,14235,14932,0,14135,14813,0,,128274,136428,0,1
SHV-HQ,PMT-1841,1122,1122,0,1391,1392,0,181,182,0,218,217,0.004587155963302725,3277,3277,0,5701,5699,0.00035081564637784446,4894,4892,0.000408663669799747,14353,14342,0.0007663903016791318,17826,17810,0.0008975653539773365,16945,16928,0.0010032457952198204,18547,18523,0.001294009812907726,19169,19141,0.0014606917418749088,,103624,103525,0.0009553771327105443,1
SHV-HQ,PMT-1842,19,0,1,1767,1841,0,1791,1786,0.0027917364600781314,1860,1849,0.005913978494623606,2434,2428,0.0024650780608052036,2350,2345,0.0021276595744680327,2119,2109,0.00471920717319485,2367,2360,0.0029573299535277098,2018,2010,0.003964321110009883,2137,2127,0.004679457182966806,2582,2575,0.0027110766847404655,1970,1960,0.005076142131979711,,23414,23390,0.0010250277611685288,19
SHV-HQ,PMT-1843,0,0,,0,0,,0,0,,0,0,,0,0,,0,0,,0,0,,0,0,,0,0,,0,0,,0,0,,0,0,,,0,0,,0
SHV-HQ,PMT-1847,133,134,0,108,108,0,556,563,0,3186,3193,0,8690,8698,0,8174,8184,0,7549,7556,0,8279,8278,0.00012078753472644088,5924,5933,0,4675,4686,0,3717,3729,0,3934,3944,0,,54925,55006,0,1
SHV-HQ,PMT-1849,0,0,,510,1049,0,2540,3027,0,3886,4396,0,4160,4689,0,2743,3270,0,2202,2704,0,2483,3014,0,2792,3314,0,2880,3420,0,3374,3869,0,4414,4916,0,,31984,37668,0,1
SHV-HQ,PMT-185,0,0,,0,0,,0,0,,0,0,,0,0,,0,0,,0,0,,0,0,,0,0,,0,0,,0,0,,0,0,,,0,0,,1
SHV-HQ,PMT-1850,0,0,,0,1075,0,2306,3405,0,5978,7104,0,29626,30766,0,34052,35269,0,25476,26551,0,24608,25748,0,33291,34483,0,33296,34554,0,30134,31216,0,35116,36281,0,,253883,266452,0,1
SHV-HQ,PMT-1851,0,0,,1454,2128,0,2053,2725,0,2011,2650,0,2345,3178,0,2727,3483,0,2659,3420,0,2048,2793,0,1805,2590,0,1191,1940,0,2117,2853,0,1593,2305,0,,22003,30065,0,1
SHV-HQ,PMT-1852,0,0,,0,0,,599,1687,0,2500,3251,0,3513,4192,0,7186,7931,0,14874,15685,0,21422,22272,0,30119,31065,0,37131,38153,0,39641,40706,0,44891,45998,0,,201876,210940,0,1
SHV-HQ,PMT-1855,0,0,,0,0,,71973,0,1,75544,78336,0,84251,87686,0,88419,91610,0,77560,79872,0,78158,80127,0,82423,84051,0,102229,104041,0,110153,108485,0.015142574419216959,105729,103278,0.023181908464092182,,876439,817486,0.06726423630167078,128
SHV-HQ,PMT-1856,0,0,,0,0,,15980,16058,0,27352,27481,0,27743,27877,0,28518,28647,0,31587,31726,0,27638,27759,0,31802,31944,0,32378,32527,0,25637,25753,0,31824,31972,0,,280459,281744,0,1
SHV-HQ,PMT-1857,0,0,,0,0,,0,0,,0,0,,0,0,,57,69,0,316,327,0,88,104,0,5,7,0,52,55,0,37,37,0,25,25,0,,580,624,0,25
SHV-HQ,PMT-1858,0,0,,0,0,,2380,3348,0,3241,3946,0,4005,4707,0,55281,56374,0,95392,96669,0,92302,93407,0,80078,81409,0,69997,71107,0,77898,79098,0,74385,75318,0,,554959,565383,0,1
SHV-HQ,PMT-1859,0,0,,0,0,,178,180,0,238,238,0,1511,1516,0,1069,1071,0,2453,2459,0,5142,5145,0,16169,16185,0,30523,30548,0,30642,30673,0,30905,30938,0,,118830,118953,0,1
SHV-HQ,PMT-186,121054,119783,0.010499446527995726,128053,126623,0.011167251060107963,137116,135381,0.012653519647597644,147288,145321,0.013354787898538945,154731,152748,0.012815789983907533,146459,144780,0.011463959196771789,121914,120745,0.009588726479321519,131723,130200,0.011562141767193279,135661,134142,0.011197027885685662,124535,123074,0.011731641707150575,137374,135657,0.012498726105376612,128082,126545,0.012000124919973154,,1613990,1594999,0.011766491737867035,85
SHV-HQ,PMT-1860,0,0,,0,0,,9790,10200,0,11365,11769,0,16362,16878,0,14451,14906,0,13262,13743,0,12193,12662,0,16115,16618,0,12393,12833,0,12972,13443,0,12958,13442,0,,131861,136494,0,1
SHV-HQ,PMT-1862,0,0,,0,0,,0,0,,1198,2238,0,1792,2552,0,2749,3447,0,3402,4103,0,6130,6859,0,6119,6810,0,10769,11563,0,26259,26999,0,64195,65331,0,,122613,129902,0,1
SHV-HQ,PMT-1863,0,0,,0,0,,31,0,1,26078,271,0.9896080987805813,55640,53509,0.03829978432782166,48263,45024,0.06711145183681078,74207,73272,0.01259988949829527,84235,76924,0.08679290081320112,83832,76856,0.08321404714190284,75067,73150,0.025537186779809984,91324,88455,0.03141561911436208,87851,85622,0.02537250571991212,,626528,573083,0.08530345012513407,158
SHV-HQ,PMT-1864,0,0,,0,0,,0,0,,24,1216,0,0,621,0,1,954,0,0,975,0,0,1054,0,490,1513,0,1816,2814,0,1450,2340,0,1861,2764,0,,5642,14251,0,1
SHV-HQ,PMT-1865,0,0,,0,0,,0,0,,0,0,,0,1307,0,12,557,0,83,765,0,21,729,0,17,727,0,5,735,0,1,658,0,3,680,0,,142,6158,0,1
SHV-HQ,PMT-1867,0,0,,0,0,,0,0,,0,0,,30710,32897,0,31151,32475,0,34248,35532,0,39199,40596,0,43978,45407,0,40607,42002,0,41715,34873,0.16401773942227016,45209,53700,0,,306817,317482,0,3
SHV-HQ,PMT-1868,0,0,,0,0,,0,0,,0,0,,28148,29048,0,27326,27871,0,26737,27281,0,28356,28921,0,28708,29257,0,27877,28399,0,29818,30394,0,28250,28789,0,,225220,229960,0,1
SHV-HQ,PMT-1869,0,0,,0,0,,0,0,,0,0,,17225,17234,0,23928,23939,0,21743,21752,0,21028,21036,0,23890,23900,0,20665,20673,0,22706,22716,0,20528,20534,0,,171713,171784,0,1
SHV-HQ,PMT-187,73840,72908,0.01262188515709639,82800,82230,0.0068840579710145455,93760,93709,0.0005439419795222333,109440,109046,0.003600146198830423,90240,88453,0.019802748226950384,88080,87073,0.01143278837420525,70960,70274,0.009667418263810568,72800,72059,0.010178571428571481,73280,72629,0.00888373362445416,68480,67737,0.010849883177570074,80320,79339,0.012213645418326702,76400,75645,0.009882198952879562,,980400,971102,0.009483884128926978,158
SHV-HQ,PMT-1870,0,0,,0,0,,0,0,,15303,15297,0.00039207998431678437,19548,19541,0.00035809289952937196,18558,18551,0.00037719581851491935,17039,17032,0.0004108222313515819,18062,18054,0.00044291883512348473,17294,17288,0.00034694113565403306,18323,18318,0.00027288107842604603,20047,20045,9.97655509552553e-05,18331,18329,0.00010910479515580107,,162505,162455,0.00030768284052795636,1
SHV-HQ,PMT-1871,0,0,,0,0,,0,0,,0,0,,21875,21828,0.0021485714285713886,44055,43986,0.001566224038134112,38192,38144,0.0012568077084206264,39220,39174,0.0011728709841917206,38124,38072,0.0013639702024971223,38017,37969,0.0012625930504773786,39165,39106,0.001506447082854634,39987,39913,0.0018506014454697794,,298635,298192,0.0014834162104241377,1
SHV-HQ,PMT-1872,0,0,,0,0,,0,0,,0,0,,0,0,,1452,1453,0,1124,1125,0,995,995,0,768,769,0,998,1001,0,3369,3370,0,13228,13227,7.559721802241626e-05,,21934,21940,0,1
SHV-HQ,PMT-1873,0,0,,0,0,,0,0,,0,0,,464,465,0,555,557,0,1236,1238,0,1160,1166,0,4843,4849,0,9843,9851,0,14111,14115,0,22821,22815,0.0002629157355067413,,55033,55056,0,1
SHV-HQ,PMT-1874,0,0,,0,0,,0,0,,0,0,,0,0,,34665,34681,0,25958,25972,0,27774,27789,0,28318,28334,0,28692,28704,0,26367,26377,0,27789,27799,0,,199563,199656,0,1
SHV-HQ,PMT-1875,0,0,,0,0,,0,0,,0,0,,6909,8323,0,5064,5979,0,5053,5937,0,5397,6291,0,5592,6467,0,3909,4801,0,3483,4358,0,2930,3730,0,,38337,45886,0,1
SHV-HQ,PMT-1876,0,0,,0,0,,0,0,,0,0,,495,2095,0,442,1540,0,372,1518,0,777,1870,0,1003,2034,0,9810,10576,0,23998,24817,0,24453,25264,0,,61350,69714,0,1
SHV-HQ,PMT-1877,0,0,,0,0,,0,0,,0,0,,0,0,,0,0,,266,267,0,3612,3613,0,13643,13649,0,26513,26522,0,24588,24597,0,25115,25119,0,,93737,93767,0,1
SHV-HQ,PMT-1878,0,0,,0,0,,0,0,,0,0,,6774,6770,0.000590493061706554,21588,21583,0.0002316101537891413,9865,9865,0,26974,26968,0.0002224364202565443,29339,29336,0.00010225297385735299,27279,27279,0,27575,27573,7.252946509517244e-05,28902,28902,0,,178296,178276,0.00011217301565935589,1
SHV-HQ,PMT-1879,0,0,,0,0,,0,0,,0,0,,0,0,,5413,5419,0,1286,1290,0,1024,1028,0,1981,1985,0,550,644,0,298,1026,0,1412,1427,0,,11964,12819,0,1
SHV-HQ,PMT-188,252749,247003,0.022734016751797204,263771,255779,0.030299009367974472,261208,254676,0.025006891059998204,292499,283981,0.029121467081938746,329193,318146,0.03355782170337762,336909,325686,0.03331166576137767,283563,275918,0.026960499077806288,259868,253992,0.02261147967429622,294954,287609,0.02490218813781131,297319,290573,0.02268943458036654,258667,252240,0.02484661746569916,289384,281926,0.025771984629419764,,3420084,3327529,0.02706220081144206,290
SHV-HQ,PMT-1880,0,0,,0,0,,0,0,,0,0,,0,0,,4399,4402,0,26369,26388,0,33435,33461,0,39053,39079,0,39251,39280,0,42125,42162,0,45470,45521,0,,230102,230293,0,1
SHV-HQ,PMT-1881,0,0,,0,0,,0,0,,0,0,,0,0,,1074,1076,0,1200,1202,0,1266,1269,0,2183,2186,0,1923,1926,0,2890,2891,0,3959,3959,0,,14495,14509,0,1
SHV-HQ,PMT-1882,0,0,,0,0,,0,0,,0,0,,0,0,,0,0,,387,1864,0,1969,5582,0,3202,8649,0,3374,10144,0,4317,12384,0,5702,17169,0,,18951,55792,0,1
SHV-HQ,PMT-1883,0,0,,0,0,,0,0,,0,0,,0,0,,0,0,,0,1456,0,289,1649,0,2166,3529,0,4421,5811,0,11852,13129,0,12916,14245,0,,31644,39819,0,1
SHV-HQ,PMT-1884,0,0,,0,0,,0,0,,0,0,,0,0,,0,0,,6484,7626,0,5038,5809,0,5494,6289,0,4073,4809,0,5656,6429,0,5062,5849,0,,31807,36811,0,1
SHV-HQ,PMT-1885,0,0,,0,0,,0,0,,0,0,,0,0,,0,0,,2479,3199,0,3439,2896,0.1578947368421053,2712,2701,0.004056047197640078,3146,3129,0.0054036872218690135,3111,3096,0.004821600771456103,3264,3245,0.005821078431372584,,18151,18266,0,8
SHV-HQ,PMT-1886,0,0,,0,0,,0,0,,0,0,,0,0,,0,0,,0,0,,35696,35695,2.801434334376296e-05,1843,1845,0,0,0,,0,0,,0,0,,,37539,37540,0,1
SHV-HQ,PMT-1887,0,0,,0,0,,0,0,,0,0,,0,0,,0,0,,2586,2589,0,5797,5803,0,6694,6700,0,10972,10981,0,15153,15166,0,5913,5919,0,,47115,47158,0,1
SHV-HQ,PMT-1889,0,0,,0,0,,0,0,,0,0,,0,0,,0,0,,0,0,,0,0,,6176,6758,0,12899,13366,0,11791,12194,0,11863,12281,0,,42729,44599,0,1
SHV-HQ,PMT-189,30538,30318,0.007204139105376872,30111,29903,0.006907774567433855,30442,30224,0.00716115892516922,35330,35032,0.008434757996037323,40191,39845,0.008608892538130464,35792,35463,0.009191998211890873,31619,31352,0.008444289825737639,30487,30225,0.008593826877029587,31311,31044,0.008527354603813375,31548,31262,0.009065550906555142,29053,28781,0.009362200117027486,34481,34142,0.009831501406571741,,390903,387591,0.008472690155869822,24
SHV-HQ,PMT-1890,0,0,,0,0,,0,0,,0,0,,0,0,,0,0,,0,0,,0,0,,38912,27233,0.30013877467105265,24100,24234,0,27308,27699,0,66522,76029,0,,156842,155195,0.010501013759069644,35
SHV-HQ,PMT-1891,0,0,,0,0,,0,0,,0,0,,0,0,,0,0,,0,0,,0,0,,1483,1482,0.0006743088334457692,706,706,0,2066,2067,0,6733,6732,0.0001485222040694678,,10988,10987,9.100837277031815e-05,1
SHV-HQ,PMT-1892,0,0,,0,0,,0,0,,0,0,,0,0,,0,0,,0,0,,0,0,,21408,21433,0,17641,17663,0,17058,17082,0,16496,16520,0,,72603,72698,0,1
SHV-HQ,PMT-1893,0,0,,0,0,,0,0,,0,0,,0,0,,0,0,,0,0,,0,0,,1168,1169,0,1982,1986,0,1644,1646,0,2225,2226,0,,7019,7027,0,1
SHV-HQ,PMT-1894,0,0,,0,0,,0,0,,0,0,,0,0,,0,0,,0,0,,0,0,,1508,2215,0,3522,4243,0,3398,4124,0,5107,5800,0,,13535,16382,0,1
SHV-HQ,PMT-1896,0,0,,0,0,,0,0,,0,0,,0,0,,0,0,,0,0,,0,0,,596,597,0,198,198,0,17,17,0,0,0,,,811,812,0,1
SHV-HQ,PMT-1898,0,0,,0,0,,0,0,,0,0,,0,0,,0,0,,0,0,,0,0,,0,0,,542,1628,0,2540,3372,0,3650,4592,0,,6732,9592,0,1
SHV-HQ,PMT-1899,0,0,,0,0,,0,0,,0,0,,0,0,,0,0,,0,0,,0,0,,19181,19844,0,19478,20196,0,22143,22940,0,19861,20607,0,,80663,83587,0,1
SHV-HQ,PMT-19,158498,164633,0,158667,154229,0.02797052947367762,155337,151591,0.024115310582797367,184671,180298,0.02367994974847165,188496,183416,0.026950174008997574,187097,182691,0.02354928192328043,170788,166329,0.026108391690282673,158558,154848,0.023398377880649357,177888,173514,0.024588505126821425,150988,147762,0.02136593636580386,166092,161550,0.027346290007947416,170496,167758,0.01605902777777779,,2027576,1988619,0.019213583115996635,90
SHV-HQ,PMT-1901,0,0,,0,0,,0,0,,0,0,,0,0,,0,0,,0,0,,0,0,,0,0,,47220,48469,0,40553,41641,0,37076,38202,0,,124849,128312,0,1
SHV-HQ,PMT-1902,0,0,,0,0,,0,0,,0,0,,0,0,,0,0,,0,0,,0,0,,164,756,0,251,987,0,376,1226,0,152,752,0,,943,3721,0,1
SHV-HQ,PMT-1903,0,0,,0,0,,0,0,,0,0,,0,0,,0,0,,0,0,,0,0,,0,0,,0,0,,65435,44145,0.32536104531214183,47915,46432,0.03095064176145257,,113350,90577,0.20090868989854438,91
SHV-HQ,PMT-1906,0,0,,0,0,,0,0,,0,0,,0,0,,0,0,,0,0,,0,0,,0,0,,0,0,,0,0,,15047,15869,0,,15047,15869,0,1
SHV-HQ,PMT-1907,0,0,,0,0,,0,0,,0,0,,0,0,,0,0,,0,0,,0,0,,0,0,,0,0,,0,0,,19385,21587,0,,19385,21587,0,1
SHV-HQ,PMT-1908,0,0,,0,0,,0,0,,0,0,,0,0,,0,0,,0,0,,0,0,,0,0,,0,0,,0,0,,743,1300,0,,743,1300,0,1
SHV-HQ,PMT-1909,0,0,,0,0,,0,0,,0,0,,0,0,,0,0,,0,0,,0,0,,0,0,,0,0,,0,0,,0,0,,,0,0,,1
SHV-HQ,PMT-1910,0,0,,0,0,,0,0,,0,0,,0,0,,0,0,,0,0,,0,0,,0,0,,0,0,,0,0,,0,0,,,0,0,,0
SHV-HQ,PMT-1911,0,0,,0,0,,0,0,,0,0,,0,0,,0,0,,0,0,,0,0,,0,0,,0,0,,0,0,,0,0,,,0,0,,1
SHV-HQ,PMT-1912,0,0,,0,0,,0,0,,0,0,,0,0,,0,0,,0,0,,0,0,,0,0,,0,0,,0,0,,0,0,,,0,0,,1
SHV-HQ,PMT-192,97609,96246,0.013963876281900212,96611,95260,0.013983914875117742,90018,88751,0.01407496278522069,99367,97824,0.015528294101663564,88209,86790,0.01608679386457168,91651,90166,0.0162027692005543,78309,77154,0.014749262536873142,88006,86912,0.012430970615639803,84601,84595,7.09211475041771e-05,84191,83183,0.011972776187478495,91159,89935,0.013427088932524534,86322,85003,0.015279998146474849,,1076053,1061819,0.013227972971591506,152
SHV-HQ,PMT-193,22074,21632,0.020023557126030656,22382,21924,0.020462871950674644,22803,22337,0.020435907556023314,26302,25776,0.01999847920310238,26616,26064,0.020739404869251632,26988,26506,0.01785978953609013,22827,22274,0.024225697638761146,25174,24836,0.013426551203622794,26298,25813,0.01844246710776487,23435,22910,0.022402389588222715,26743,26407,0.012564035448528577,24725,24313,0.016663296258847327,,296367,290792,0.018811136192626088,103
SHV-HQ,PMT-194,27562,27554,0.0002902546984979715,26297,26291,0.00022816290831650932,25907,25899,0.00030879685027207504,28752,28744,0.00027824151363387006,26122,26112,0.00038281907970294515,26712,26700,0.0004492362982928544,23318,23306,0.0005146238957028926,22003,21996,0.0003181384356678585,23533,23523,0.0004249351973824034,22673,23028,0,0,24794,0,50571,26437,0.4772300330228787,,303450,304384,0,1
SHV-HQ,PMT-195,0,0,,0,0,,0,0,,0,0,,0,0,,0,0,,0,0,,0,0,,0,0,,0,0,,0,0,,0,0,,,0,0,,1
SHV-HQ,PMT196,0,0,,0,0,,0,0,,0,0,,0,0,,0,0,,0,0,,0,0,,0,0,,0,0,,0,0,,0,0,,,0,0,,0
SHV-HQ,PMT-197,93907,93314,0.0063147582182372375,89513,89021,0.00549640834292231,94777,94226,0.005813646770841063,112114,111536,0.005155466757050808,113180,112724,0.004028980385227032,101138,100949,0.0018687338092506778,86808,86687,0.0013938807483181437,103072,102789,0.0027456535237503354,104294,104265,0.0002780600993346205,111233,111208,0.00022475344547034926,74881,75342,0,39068,39711,0,,1123985,1121772,0.0019688874851532256,4
SHV-HQ,PMT-199,0,0,,0,0,,0,0,,0,0,,0,0,,0,0,,0,0,,0,0,,0,0,,0,0,,0,0,,0,0,,,0,0,,1
SHV-HQ,PMT-200,179379,171442,0.044247096928848983,182959,175085,0.043036964565831726,174469,166302,0.046810608188274094,193269,183360,0.05127050897971219,203693,192536,0.05477360537671894,199303,189615,0.048609403772145954,156030,148756,0.046619239889764796,183660,175727,0.04319394533376897,185204,176548,0.04673765145461217,182474,173700,0.04808356258973878,182094,173497,0.04721187957867912,180221,171881,0.04627651605528771,,2202755,2098449,0.04735251991256406,361
SHV-HQ,PMT-201,0,0,,0,0,,0,0,,0,0,,0,0,,0,0,,0,0,,0,0,,0,0,,0,0,,0,0,,0,0,,,0,0,,3
SHV-HQ,PMT-202,11927,11834,0.0077974343925547585,9838,9812,0.0026428135799959618,9699,9704,0,10521,10526,0,11163,11156,0.000627071575741267,19635,19573,0.0031576266870384506,18633,18589,0.0023614018139859194,16288,16241,0.0028855599214145933,17636,17572,0.0036289408029031023,16580,16527,0.0031966224366707374,18751,18693,0.0030931683643539154,18676,18650,0.0013921610623259806,,179347,178877,0.0026206181313319643,14
SHV-HQ,PMT-203,62005,60576,0.023046528505765718,60601,59244,0.022392369762875175,59283,58183,0.018555066376532925,67885,65995,0.027841202032849677,80572,78719,0.02299806384351888,76478,74682,0.023483877716467427,66105,64735,0.02072460479540128,69289,67731,0.022485531613964715,71892,70180,0.023813498024815027,65560,64040,0.023184868822452742,69724,68179,0.02215879754460448,67683,66331,0.019975473900388563,,817077,798595,0.02261965518549658,67
SHV-HQ,PMT-204,35400,35254,0.004124293785310762,33780,33615,0.004884547069271772,35280,35234,0.0013038548752833945,43860,43689,0.0038987688098495177,44040,43811,0.005199818346957263,49260,49049,0.004283394234673166,46440,46321,0.002562446167097332,40440,40231,0.005168150346191891,44220,44075,0.0032790592492084603,38580,38450,0.0033696215655780737,41400,41253,0.0035507246376811352,43860,43741,0.002713178294573626,,496560,494723,0.0036994522313517075,33
SHV-HQ,PMT-205,38546,38510,0.0009339490478907919,35681,35653,0.0007847313696365266,33434,33414,0.0005981934557636182,36697,36764,0,43888,43757,0.0029848705796573505,40496,40452,0.001086527064401377,36903,36863,0.0010839227163103038,36532,36483,0.001341289828095893,40484,40426,0.0014326647564469885,38608,38714,0,42729,42665,0.0014978117905871668,43181,43107,0.0017137166809476634,,467179,466808,0.0007941281607264372,17
SHV-HQ,PMT-206,62861,61503,0.021603219802421192,65855,64421,0.021775111988459495,68380,66788,0.023281661304474954,71683,69903,0.02483155001883297,76610,74497,0.02758125571074277,76885,74883,0.02603888925017883,63201,61700,0.023749624214806753,58927,57690,0.020992074940180183,67648,66093,0.02298663670766321,58773,57247,0.025964303336566075,66802,65161,0.02456513278045569,65182,63520,0.025497836826117615,,802807,783406,0.02416645594769351,78
SHV-HQ,PMT-207,33252,32856,0.011909058101768344,29653,29324,0.011094998819681012,29523,29163,0.012193882735494377,30382,29979,0.01326443288789414,29682,29316,0.012330705478067472,29739,29447,0.00981875651501396,25910,25426,0.018680046314164422,23968,23708,0.010847797062750297,22989,22822,0.007264343816607899,20546,20358,0.009150199552224292,20926,20715,0.010083150148141096,24529,24278,0.010232785682253609,,321099,317392,0.011544726081364365,12
SHV-HQ,PMT-208,5881,5880,0.00017003910899504593,10610,10610,0,12609,12608,7.93084304862024e-05,13311,13310,7.512583577495846e-05,15256,15255,6.554798112212712e-05,17980,17977,0.0001668520578420596,17528,17527,5.7051574623434576e-05,15307,15304,0.00019598876331095028,17375,17374,5.7553956834488496e-05,16145,16144,6.193868070614172e-05,13404,13402,0.00014920919128613708,17819,17818,5.611987204667823e-05,,173225,173209,9.236542069557263e-05,1
SHV-HQ,PMT-209,166317,166313,2.4050457860580465e-05,153113,153104,5.878011664584015e-05,152671,152663,5.2400259381246705e-05,125878,125876,1.5888399879204762e-05,200481,200477,1.9952015402946444e-05,204336,204332,1.9575600970989093e-05,171310,171308,1.1674741696388047e-05,198890,198888,1.0055809744113908e-05,175608,175604,2.2778005557833048e-05,159978,159975,1.8752578479497295e-05,173028,173026,1.1558822849533357e-05,166749,166746,1.799111239042528e-05,,2048359,2048312,2.2945196618384678e-05,1
SHV-HQ,PMT-21,15814,15834,0,16699,16718,0,16422,16440,0,18116,18138,0,16122,16145,0,14914,14934,0,13390,13411,0,10263,10279,0,4955,4961,0,6640,6651,0,5970,5978,0,4687,4693,0,,143992,144182,0,1
SHV-HQ,PMT-210,0,994,0,0,715,0,0,0,,0,0,,0,0,,0,0,,0,0,,0,0,,0,0,,0,0,,0,0,,0,0,,,0,1709,0,1
SHV-HQ,PMT-211,16965,16837,0.007544945475979947,16830,16686,0.00855614973262031,19319,19127,0.009938402608830721,20950,20711,0.01140811455847257,20776,20473,0.014584135541008902,19328,19104,0.011589403973509937,16931,16776,0.009154804795936444,19883,19659,0.011265905547452548,18280,18077,0.0111050328227571,16836,16674,0.00962223806129725,18326,18101,0.012277638328058504,17081,16873,0.012177272993384447,,221505,219098,0.010866571860680296,14
SHV-HQ,PMT-212,1172,1210,0,1046,1112,0,991,1071,0,1135,1232,0,1142,1212,0,1193,1252,0,1107,1215,0,1146,1186,0,1167,1230,0,1127,1195,0,1148,1217,0,1105,1166,0,,13479,14298,0,1
SHV-HQ,PMT-213,25459,25128,0.013001296201736179,24649,24455,0.007870501845916644,24968,24678,0.011614867029798193,26578,26239,0.012754910076002712,26068,25777,0.011163111861285824,26990,26720,0.01000370507595405,24963,24735,0.009133517606056962,24650,24493,0.006369168356997967,24082,23775,0.012748110622041398,24101,23816,0.01182523546740799,24867,24632,0.009450275465476388,24192,23942,0.010333994708994654,,301567,298390,0.010534972327874037,63
SHV-HQ,PMT-214,23800,23277,0.021974789915966353,24400,24353,0.001926229508196764,24600,24101,0.020284552845528436,24800,24432,0.014838709677419404,27000,26416,0.021629629629629665,25400,24976,0.01669291338582679,22200,21463,0.03319819819819825,22400,21803,0.026651785714285725,19800,19395,0.020454545454545503,19200,18411,0.04109375000000004,20000,20327,0,22600,21566,0.04575221238938054,,276200,270520,0.020564808110065225,42
SHV-HQ,PMT-215,86572,86027,0.006295337984567717,88142,87525,0.00700006807197473,86376,85889,0.005638140224136334,78860,78437,0.005363936089272103,112747,111888,0.0076188279954233495,100077,99278,0.007983852433626093,78446,77864,0.007419116334803522,89000,88046,0.010719101123595531,96050,95045,0.01046330036439358,87560,86698,0.00984467793513022,98227,97182,0.010638622781923512,92366,91472,0.009678886170235823,,1094423,1085351,0.008289299475614076,68
SHV-HQ,PMT-216,22218,22146,0.003240615716986195,19560,19497,0.0032208588957055584,25343,21505,0.1514422128398374,36818,21977,0.4030908794611331,36937,21267,0.424235861060725,20933,54922,0,20137,20070,0.003327208620946487,20270,20228,0.002072027627035067,20915,20847,0.0032512550800860573,22605,22552,0.002344614023446101,38219,38142,0.0020147047280149044,34765,34672,0.0026751042715374984,,318720,317825,0.00280810742971882,21
SHV-HQ,PMT-218,102996,102595,0.0038933550817507045,103991,103548,0.004259984037080167,99494,99047,0.004492733230144541,101994,101504,0.004804204168872728,99288,98978,0.0031222302795906876,99782,99527,0.0025555711450963026,94433,94028,0.0042887549903105615,87281,87146,0.001546728383038709,105857,105549,0.0029095855729899256,87014,86770,0.002804146459190471,95528,95630,0,102385,102074,0.0030375543292474605,,1180043,1176396,0.0030905653438052516,42
SHV-HQ,PMT-219,202643,202621,0.00010856530943581522,160367,189890,0,208833,182193,0.12756604559624196,208633,211677,0,191878,194793,0,246626,250208,0,154728,156994,0,120302,122203,0,49517,50888,0,99361,100809,0,159719,161890,0,171680,173791,0,,1974287,1997957,0,1
SHV-HQ,PMT-220,2940,2783,0.053401360544217735,1800,1713,0.04833333333333334,3240,3085,0.0478395061728395,5640,5530,0.019503546099290725,6360,6132,0.03584905660377358,6120,5949,0.027941176470588247,6840,6623,0.03172514619883038,8460,8179,0.03321513002364063,9660,9289,0.03840579710144931,8100,7902,0.02444444444444449,4620,4469,0.03268398268398265,4800,4695,0.021874999999999978,,68580,66349,0.03253135024788567,12
SHV-HQ,PMT-221,16106,16108,0,16030,16093,0,14924,14866,0.0038863575448940813,15322,15324,0,16096,16099,0,15986,15988,0,15147,15149,0,15684,15687,0,15471,15473,0,15901,15903,0,14263,14266,0,14406,14404,0.00013883104262113477,,185336,185360,0,1
SHV-HQ,PMT-222,24986,24985,4.00224125510773e-05,23028,23027,4.3425395171103887e-05,25260,25259,3.9588281868563335e-05,25011,25011,0,23738,23737,4.2126548150611676e-05,21962,21961,4.553319369815512e-05,20459,20458,4.887824429344878e-05,19896,19895,5.026135906716078e-05,20375,20373,9.815950920244454e-05,18225,18224,5.486968449930352e-05,19931,19931,0,17800,17797,0.00016853932584270925,,260671,260658,4.987129369971033e-05,1
SHV-HQ,PMT-223,5556,5559,0,6132,6135,0,5942,5945,0,6730,6733,0,7061,7065,0,7008,7011,0,5854,5857,0,6094,6097,0,6670,6674,0,5499,5501,0,6332,6333,0,6586,6591,0,,75464,75501,0,1
SHV-HQ,PMT224,0,0,,0,0,,0,0,,0,0,,0,0,,0,0,,0,0,,0,0,,0,0,,0,0,,0,0,,0,0,,,0,0,,0
SHV-HQ,PMT225,0,0,,0,0,,0,0,,0,0,,0,0,,0,0,,0,0,,0,0,,0,0,,0,0,,0,0,,0,0,,,0,0,,0
SHV-HQ,PMT226,0,0,,0,0,,0,0,,0,0,,0,0,,0,0,,0,0,,0,0,,0,0,,0,0,,0,0,,0,0,,,0,0,,0
SHV-HQ,PMT228,0,0,,0,0,,0,0,,0,0,,0,0,,0,0,,0,0,,0,0,,0,0,,0,0,,0,0,,0,0,,,0,0,,0
SHV-HQ,PMT-230,9433,9429,0.00042404325241174323,14565,14561,0.0002746309646413092,18641,18636,0.0002682259535432552,23660,23653,0.0002958579881656709,17948,17944,0.00022286605749943789,19714,19708,0.0003043522369889917,15547,15544,0.00019296327265705404,18761,18757,0.00021320825115933584,19379,19374,0.0002580112492904796,18575,18572,0.00016150740242260042,20087,20082,0.0002489172101358683,21775,21769,0.0002755453501722682,,218085,218029,0.0002567806130636674,1
SHV-HQ,PMT-234,20620,20452,0.008147429679922435,20924,20754,0.0081246415599312,20294,20149,0.007144968956341757,24890,24504,0.015508236239453632,34968,34526,0.012640128117135663,33588,33188,0.011909015124449196,24600,24358,0.009837398373983786,24516,24275,0.009830314896394188,26032,25739,0.011255377996312266,24161,23948,0.00881586027068415,25364,25097,0.01052673079955846,24993,24775,0.008722442283839449,,304950,301765,0.010444335136907679,18
SHV-HQ,PMT-235,83520,82833,0.008225574712643624,89400,88678,0.00807606263982108,76200,75536,0.008713910761154908,92880,92430,0.004844961240310086,92160,91953,0.0022460937499999556,91320,89504,0.019886114761278995,75840,75167,0.008873945147679363,83400,82798,0.007218225419664215,81840,80989,0.010398338220918846,82440,81856,0.0070839398350315275,105720,105198,0.004937570942111225,103560,102491,0.01032251834685205,,1058280,1049433,0.00835979135956455,55
SHV-HQ,PMT-236,58142,57617,0.009029617144233115,64502,64051,0.006992031254844822,56034,55396,0.011385944248135105,62173,61608,0.009087546040885908,66930,66479,0.006738383385626823,67717,67303,0.006113678987551108,55571,55235,0.006046319123283683,61443,61120,0.0052569047735299135,58015,57550,0.008015168490907554,55363,54895,0.008453299134801195,57563,57288,0.004777374355054431,56417,56064,0.0062569792792952494,,719870,714606,0.0073124314112270605,35
SHV-HQ,PMT-237,60094,60110,0,46543,46555,0,43147,43152,0,52775,52783,0,55095,55099,0,53010,53021,0,44082,44091,0,37067,37073,0,29822,29829,0,23524,23527,0,18442,18446,0,24325,24328,0,,487926,488014,0,1
SHV-HQ,PMT-239,0,0,,0,0,,0,0,,0,0,,0,0,,0,0,,0,0,,0,0,,0,0,,0,0,,0,0,,0,0,,,0,0,,1
SHV-HQ,PMT-240,9416,9418,0,10106,10109,0,12310,12313,0,14766,14771,0,19006,19012,0,27450,27458,0,37016,37026,0,41602,41614,0,37332,37342,0,33474,33484,0,36526,36537,0,36761,36772,0,,315765,315856,0,1
SHV-HQ,PMT-241,564,565,0,526,528,0,549,551,0,616,620,0,855,860,0,1127,1141,0,908,917,0,1012,943,0.06818181818181823,1426,1504,0,1436,1439,0,1762,1769,0,1700,1693,0.004117647058823559,,12481,12530,0,7
SHV-HQ,PMT-242,31520,31154,0.011611675126903531,29840,29478,0.012131367292225193,31680,31334,0.010921717171717193,37280,36734,0.014645922746781115,35440,34874,0.01597065462753955,30960,30602,0.011563307493540065,26320,26014,0.011626139817629166,26560,26238,0.012123493975903621,24640,24382,0.010470779220779214,27920,27502,0.014971346704871102,33200,32577,0.018765060240963805,33120,32616,0.01521739130434785,,368480,363505,0.013501411202779035,88
SHV-HQ,PMT-243,107655,107683,0,114419,114448,0,114471,114496,0,103612,103639,0,102828,102871,0,106278,106357,0,100963,101044,0,124082,124151,0,137258,137357,0,127564,127608,0,136277,136320,0,137144,137182,0,,1412551,1413156,0,1
SHV-HQ,PMT-244,327398,327648,0,328938,329224,0,357805,358111,0,389915,390247,0,418509,418867,0,416425,416775,0,382211,382527,0,382412,382724,0,340134,340391,0,317904,318132,0,323360,323596,0,313279,313479,0,,4298290,4301721,0,1
SHV-HQ,PMT245,0,0,,0,0,,0,0,,0,0,,0,0,,0,0,,0,0,,0,0,,0,0,,0,0,,0,0,,0,0,,,0,0,,0
SHV-HQ,PMT246,0,0,,0,0,,0,0,,0,0,,0,0,,0,0,,0,0,,0,0,,0,0,,0,0,,0,0,,0,0,,,0,0,,0
SHV-HQ,PMT-247,214555,212008,0.011871082006944644,209351,206583,0.013221814082569505,218576,215608,0.0135788009662543,248746,245456,0.013226343338184288,273203,268761,0.016258972266043892,253613,250455,0.012452043073501784,225013,222379,0.0117059903205593,211084,208948,0.010119194254420094,234237,231228,0.012845963703428609,204368,201994,0.011616300007828984,225725,223618,0.00933436703953927,227139,224162,0.013106511871585291,,2745610,2711200,0.01253273407366673,120
SHV-HQ,PMT-248,17965,17970,0,10696,10701,0,8026,8029,0,12299,12303,0,12894,12898,0,20062,20069,0,33489,33502,0,45841,45855,0,55443,55462,0,85529,85556,0,101212,101247,0,127577,127623,0,,531033,531215,0,1
SHV-HQ,PMT249,0,0,,0,0,,0,0,,0,0,,0,0,,0,0,,0,0,,0,0,,0,0,,0,0,,0,0,,0,0,,,0,0,,0
SHV-HQ,PMT-250,0,0,,0,0,,0,0,,0,0,,0,0,,0,0,,0,0,,0,0,,0,0,,0,0,,0,0,,0,0,,,0,0,,1
SHV-HQ,PMT251,0,0,,0,0,,0,0,,0,0,,0,0,,0,0,,0,0,,0,0,,0,0,,0,0,,0,0,,0,0,,,0,0,,0
SHV-HQ,PMT-252,26427,26427,0,26507,26509,0,26389,26390,0,26069,26069,0,34351,34351,0,30484,30486,0,25835,25836,0,26187,26193,0,27937,27941,0,23141,23145,0,23090,23093,0,25522,25527,0,,321939,321967,0,1
SHV-HQ,PMT-253,65443,65439,6.112189233375975e-05,59826,59823,5.01454217229913e-05,61896,61893,4.846839860406238e-05,71370,71371,0,79444,79447,0,75781,75784,0,65875,65876,0,64057,64056,1.561109636727398e-05,71493,71492,1.398738338020955e-05,62196,62194,3.2156408772299194e-05,51619,51617,3.874542319692864e-05,55792,55791,1.7923716661871758e-05,,784792,784783,1.1468006809400855e-05,1
SHV-HQ,PMT-254,32633,32208,0.013023626390463616,33867,33435,0.012755779962795644,32303,31905,0.012320837073955926,36506,36030,0.013038952500958767,43160,42586,0.013299351251158442,40726,40167,0.01372587536217651,32859,32430,0.013055783803524124,33250,32813,0.013142857142857123,40150,39590,0.013947696139476995,39704,39068,0.016018537175095715,37292,36940,0.009439021774107048,42977,42328,0.015101100588686966,,445427,439500,0.013306333024266648,21
SHV-HQ,PMT-255,175190,169223,0.0340601632513271,180456,173811,0.03682338076871927,180948,173966,0.038585671021508894,195453,188912,0.03346584600901492,231487,222006,0.040956943586464845,238668,230261,0.0352246635493656,196024,190110,0.03016977512957597,182576,177746,0.02645473665761111,200781,194922,0.02918104800753063,187397,203995,0,137591,135996,0.01159232798656884,150704,148812,0.01255441129631596,,2257275,2209760,0.021049717026060177,142
SHV-HQ,PMT-256,49254,49011,0.004933609453039334,48463,47981,0.009945731795390267,33830,33761,0.002039609813774712,35368,35378,0,37385,37490,0,37387,37487,0,35968,35985,0,36400,36414,0,43480,43433,0.001080956761729479,34077,34159,0,31378,31386,0,35680,35808,0,,458670,458293,0.0008219417010050245,11
SHV-HQ,PMT-257,51936,51409,0.01014710412815778,46419,46068,0.007561558844438654,48988,48540,0.009145096758389815,47852,47401,0.00942489342138264,58896,58177,0.012207959793534395,47535,47022,0.010792047964657603,42812,42402,0.009576754181070735,41587,41248,0.008151585832110952,41572,41259,0.007529106129125385,40104,39883,0.005510672252144411,29823,29731,0.003084867384233636,50587,50089,0.009844426433668674,,548111,543229,0.008906954978097459,3
SHV-HQ,PMT-258,165628,160854,0.02882362885502454,177585,172035,0.03125263958104574,165269,160273,0.03022950462579188,174009,169001,0.02878012056847634,193029,186961,0.031435691010159084,194216,187103,0.03662417102607407,174016,168400,0.03227289444648773,185141,179496,0.0304902749796101,152293,146300,0.039351775853125215,131049,125163,0.044914497630657246,128755,123497,0.040837249038872314,114695,112283,0.021029687431884603,,1955685,1891366,0.032888220751296826,71
SHV-HQ,PMT259,0,0,,0,0,,0,0,,0,0,,0,0,,0,0,,0,0,,0,0,,0,0,,0,0,,0,0,,0,0,,,0,0,,0
SHV-HQ,PMT-260,0,0,,0,0,,0,0,,0,0,,0,0,,0,0,,0,0,,0,0,,2,0,1,0,0,,0,0,,0,0,,,2,0,1,0
SHV-HQ,PMT-261,3614,3614,0,2982,2982,0,3474,3475,0,4985,4986,0,5632,5632,0,6482,6483,0,8424,8424,0,9561,9560,0.0001045915699194877,7748,7748,0,5847,5846,0.00017102787754408322,7911,7911,0,7024,7023,0.00014236902050113187,,73684,73684,0,1
SHV-HQ,PMT-262,51402,51399,5.8363487802082226e-05,56928,56922,0.00010539629005057449,60797,60798,0,55878,55873,8.948065428249219e-05,56929,56923,0.00010539443868673448,58785,58779,0.00010206685378921776,57878,57871,0.00012094405473583869,64786,64781,7.71771679066724e-05,70890,70882,0.00011285089575396867,64100,64097,4.680187207484199e-05,64219,64216,4.671514660770093e-05,69651,69649,2.8714591319589644e-05,,732243,732190,7.238034368373114e-05,1
SHV-HQ,PMT-263,0,0,,0,0,,0,0,,0,0,,0,0,,0,0,,0,0,,0,0,,0,0,,0,0,,0,0,,0,0,,,0,0,,1
SHV-HQ,PMT-264,221910,221817,0.0004190888197918019,199503,199421,0.00041102138814952394,197579,197493,0.00043526893040257697,221838,221744,0.00042373263372375014,245693,245582,0.0004517833230901491,255081,254972,0.0004273152449614237,233789,233711,0.00033363417440512855,228796,228738,0.00025350093533105245,240891,240796,0.000394369237538994,229117,229043,0.0003229790892862461,204373,204268,0.0005137664955742194,242342,242217,0.0005157999851449491,,2720912,2719802,0.00040795145157213053,1
SHV-HQ,PMT-265,27315,27309,0.00021965952773206343,22852,22845,0.00030631892175736475,31369,31365,0.00012751442506930832,43744,43739,0.00011430138990486949,52398,52395,5.725409366774681e-05,42699,42693,0.00014051851331409182,31557,31558,0,22849,22848,4.376559149199544e-05,22997,22996,4.348393268682749e-05,17796,17792,0.00022476961114858973,19669,19671,0,22746,22742,0.00017585509540141153,,357991,357953,0.00010614791991980788,1
SHV-HQ,PMT-266,41222,41237,0,40742,40757,0,37508,37522,0,42951,42967,0,46020,46038,0,37766,37781,0,39200,39213,0,34901,34913,0,37613,37627,0,35136,35157,0,39855,39870,0,40181,40188,0,,473095,473270,0,1
SHV-HQ,PMT-267,7795,7793,0.00025657472738938036,7588,7585,0.00039536109646809425,10051,10046,0.0004974629390110952,10115,10110,0.0004943153732080985,11291,11286,0.00044283057302274553,9759,9756,0.00030740854595756595,7576,7573,0.00039598732840551154,5130,5129,0.00019493177387919225,2735,2734,0.000365630712979903,2431,2431,0,3241,3241,0,3702,3701,0.0002701242571583329,,81414,81385,0.00035620409266223785,1
SHV-HQ,PMT268,0,0,,0,0,,0,0,,0,0,,0,0,,0,0,,0,0,,0,0,,0,0,,0,0,,0,0,,0,0,,,0,0,,0
SHV-HQ,PMT-27,5495,5478,0.00309372156505916,4724,4714,0.0021168501270110163,5084,5064,0.003933910306844979,5854,5812,0.007174581482746856,6381,6336,0.007052186177715081,7768,7731,0.00476313079299695,5674,5637,0.006520972858653495,5428,5397,0.005711127487103895,6326,6290,0.005690799873537822,7703,7666,0.004803323380501157,6260,6225,0.005591054313099031,7579,7537,0.005541628183137637,,74276,73887,0.005237223329204621,6
SHV-HQ,PMT-270,57038,57045,0,65105,65115,0,64749,64758,0,83028,83040,0,86487,86499,0,87251,87266,0,72437,72456,0,70488,70518,0,74072,74093,0,74657,74685,0,63142,63161,0,71740,71756,0,,870194,870392,0,1
SHV-HQ,PMT-271,22467,22463,0.00017803890150003276,22084,22079,0.00022640825937325637,20493,20489,0.00019518860098566293,26628,26622,0.00022532672374941942,28340,28335,0.00017642907551163045,26048,26042,0.00023034398034393888,20680,20677,0.00014506769825917143,22153,22149,0.00018056245203812438,21404,21401,0.00014016071762290583,20612,20608,0.00019406171162428265,20370,20366,0.00019636720667648433,23225,23219,0.0002583423035522614,,274504,274450,0.0001967184449042092,1
SHV-HQ,PMT-272,55183,55166,0.000308065889857434,57070,57051,0.00033292447871036135,47800,47784,0.00033472803347278646,53972,53953,0.0003520343882013055,58575,58551,0.00040973111395647965,55007,54987,0.0003635900885341492,51476,51459,0.00033025099075301156,54251,54233,0.00033179111905767833,55945,55924,0.0003753686656537969,52225,52207,0.00034466251795117753,56144,56123,0.00037403818751780005,56091,56071,0.00035656344155032826,,653739,653509,0.0003518223633590667,1
SHV-HQ,PMT-273,1057,1057,0,1079,1078,0.000926784059314234,984,983,0.00101626016260159,1079,1079,0,1070,1070,0,1121,1120,0.000892060660124927,950,949,0.001052631578947416,968,968,0,1303,1303,0,4404,4402,0.0004541326067211138,6899,6897,0.00028989708653426316,10878,10875,0.00027578599007171967,,31792,31781,0.00034599899345744145,1
SHV-HQ,PMT-274,26862,26862,0,28601,28601,0,27913,27910,0.00010747680292333417,31560,31568,0,33913,33902,0.0003243593902043651,37291,37286,0.00013408060926234366,32023,32017,0.00018736533116825438,34169,34164,0.00014633147004594615,35060,35057,8.556759840272488e-05,34265,34264,2.9184298847240164e-05,35313,35310,8.495454931611857e-05,35755,35752,8.390434904204103e-05,,392725,392693,8.148195302060124e-05,1
SHV-HQ,PMT-275,3294,3295,0,3402,3402,0,4242,4242,0,3901,3901,0,5354,5354,0,6004,6004,0,4722,4723,0,4846,4846,0,5949,5948,0.0001680954782316002,6865,6866,0,7001,7001,0,5693,5692,0.00017565431231336692,,61273,61274,0,1
SHV-HQ,PMT-276,27714,27712,7.21656924298486e-05,26979,26978,3.706586604390605e-05,30591,30589,6.537870615541674e-05,35194,35193,2.8413934193283197e-05,36432,36430,5.489679402725933e-05,36646,36642,0.00010915243137044062,31286,31282,0.00012785271367388162,32260,32258,6.19962802231866e-05,31214,32011,0,33880,33077,0.023701298701298668,36145,36152,0,35643,35642,2.805599977551143e-05,,393984,393966,4.5687134502925275e-05,1
SHV-HQ,PMT-277,76050,75976,0.00097304404996712,73373,73360,0.0001771768906818627,77987,77967,0.0002564529985766839,114874,114860,0.0001218726604801379,133361,133334,0.00020245798996709752,137361,137384,0,128371,128297,0.000576454183577324,139895,139867,0.0002001501125844518,129724,129697,0.00020813419259346766,122728,122700,0.00022814679616711686,131496,131469,0.0002053294396787697,94698,94679,0.00020063781706058936,,1359918,1359590,0.00024119101298758494,1
SHV-HQ,PMT-278,140494,140501,0,125852,125857,0,122767,122772,0,23803,23803,0,0,0,,0,0,,0,0,,0,0,,0,0,,0,0,,0,0,,0,0,,,412916,412933,0,1
SHV-HQ,PMT-279,8130,8132,0,8070,8071,0,8626,8628,0,9116,9116,0,9036,9039,0,14822,14824,0,12601,12604,0,14014,14016,0,14481,14485,0,14882,14884,0,15946,15949,0,2056,2056,0,,131780,131804,0,1
SHV-HQ,PMT-280,11933,11808,0.01047515293723289,11743,11649,0.008004768798433148,12133,12033,0.008241984669908553,13424,13320,0.007747318235995282,14612,14490,0.008349301943607945,15803,15653,0.009491868632538147,11871,11758,0.009518995872293878,10206,10101,0.010288065843621408,10939,10826,0.010330011884084445,9445,9359,0.009105346744309184,8815,8742,0.008281338627339707,11157,11054,0.00923187236712375,,142081,140793,0.009065251511461758,11
SHV-HQ,PMT-281,82833,82830,3.6217449567166327e-05,76524,76522,2.6135591448483986e-05,76878,76878,0,83401,83397,4.7961055622880444e-05,84652,84645,8.26914898643949e-05,85187,85503,0,74740,76624,0,73192,75084,0,81837,83907,0,76680,78706,0,68572,70386,0,79105,81172,0,,943601,955654,0,1
SHV-HQ,PMT-282,39907,39944,0,25409,25433,0,16941,16957,0,17334,17351,0,7014,7022,0,0,0,,0,0,,0,0,,15,15,0,1616,1618,0,46,46,0,1,1,0,,108283,108387,0,1
SHV-HQ,PMT-283,1894,1873,0.011087645195353768,1778,1760,0.010123734533183382,2008,1988,0.009960159362549792,2238,2219,0.008489722966934732,1876,1861,0.007995735607675858,1383,1369,0.010122921185827916,1173,1158,0.012787723785166238,1414,1404,0.007072135785007094,1244,1231,0.010450160771704131,1313,1300,0.00990099009900991,1111,1099,0.010801080108010841,1035,1024,0.010628019323671523,,18467,18286,0.009801267125142177,1
SHV-HQ,PMT-284,0,0,,0,0,,0,0,,0,0,,0,0,,0,0,,0,0,,0,0,,0,0,,0,0,,0,0,,0,0,,,0,0,,1
SHV-HQ,PMT-285,0,0,,0,0,,0,0,,0,0,,0,0,,0,0,,0,0,,0,0,,0,0,,0,0,,0,0,,0,0,,,0,0,,1
SHV-HQ,PMT-286,169483,169411,0.0004248213685148494,177592,177512,0.0004504707419252796,183466,183381,0.0004633011021115685,181500,181413,0.000479338842975241,198917,198817,0.0005027222409346166,190102,190011,0.00047869038726577884,158427,158355,0.00045446798841108915,164192,164118,0.00045069187292923196,163680,163607,0.00044599217986318607,162770,162698,0.0004423419549056673,189269,189184,0.00044909625982070267,154317,154254,0.00040825054919424453,,2093715,2092761,0.0004556494078706841,1
SHV-HQ,PMT-287,11740,11735,0.0004258943781941804,12476,12471,0.00040076947739664526,26751,26736,0.000560726701805514,33656,33636,0.0005942476824339904,37858,37835,0.0006075334143378353,39087,39065,0.0005628469823726334,33847,33828,0.0005613496026235509,32171,32151,0.0006216779086755109,35861,35840,0.0005855943782939743,33586,33565,0.0006252605252188292,24398,24383,0.0006148044921714391,27739,27716,0.0008291575038753551,,349170,348961,0.0005985623048944122,1
SHV-HQ,PMT-288,6272,6271,0.00015943877551016783,6274,6273,0.00015938795027092834,6425,6424,0.00015564202334628074,6284,6284,0,6747,6745,0.00029642804209273343,5857,5857,0,6207,6205,0.0003222168519413371,5143,5143,0,4951,4949,0.00040395879620280795,5117,5117,0,5297,5296,0.00018878610534267537,4298,4297,0.0002326663564448106,,68872,68861,0.00015971657567659392,1
SHV-HQ,PMT-289,106651,106049,0.00564457904754756,87366,86924,0.005059176338621407,91043,90514,0.005810441220082785,103732,103099,0.006102263525238127,109276,108404,0.007979794282367614,113826,113238,0.005165779347425015,92278,91839,0.004757363618630661,79387,78830,0.007016262108405669,89515,88878,0.007116125788973915,86171,85565,0.007032528344802724,94917,94216,0.007385399875680876,106776,105913,0.008082340600884086,,1160938,1153469,0.0064335907688438665,67
SHV-HQ,PMT-290,253661,253635,0.00010249900457692807,254912,254885,0.00010591890534772386,265847,265820,0.00010156217674073265,293014,292988,8.873296156497457e-05,279593,279566,9.656894128251547e-05,284524,284503,7.380748196983422e-05,276506,276487,6.87146029381136e-05,293951,293928,7.824433323921909e-05,272171,272154,6.246073240723238e-05,260622,260598,9.208739093402585e-05,275378,275352,9.441567590728894e-05,258981,258955,0.00010039346515766656,,3269160,3268871,8.8401913641456e-05,1
SHV-HQ,PMT-291,3977,3977,0,4225,4226,0,4693,4693,0,5345,5345,0,6411,6412,0,7219,7219,0,6520,6521,0,5940,5940,0,6717,6717,0,5780,5781,0,5777,5777,0,5137,5138,0,,67741,67746,0,1
SHV-HQ,PMT-292,20810,20878,0,20883,20952,0,20410,20476,0,23171,23246,0,19789,19851,0,17997,18056,0,14953,15001,0,14983,15030,0,15002,15050,0,16279,16331,0,18652,18712,0,18101,18160,0,,221030,221743,0,1
SHV-HQ,PMT293,0,0,,0,0,,0,0,,0,0,,0,0,,0,0,,0,0,,0,0,,0,0,,0,0,,0,0,,0,0,,,0,0,,0
SHV-HQ,PMT-294,2897,2897,0,2983,2982,0.0003352329869259485,3227,3227,0,3802,3801,0.0002630194634403171,3824,3824,0,4750,4750,0,3805,3805,0,3669,3668,0.0002725538293812946,4173,4174,0,3094,3093,0.0003232062055591456,3864,3864,0,3321,3320,0.0003011141222523106,,43409,43405,9.21467898361561e-05,1
SHV-HQ,PMT-295,4009,4009,0,3635,3635,0,3665,3661,0.0010914051841746097,3498,3502,0,4870,4871,0,4902,4903,0,4155,4155,0,4070,4071,0,4334,4334,0,3912,3912,0,4742,4742,0,5351,5352,0,,51143,51147,0,1
SHV-HQ,PMT-296,51563,51569,0,31574,31584,0,26642,26635,0.00026274303730955406,27249,27249,0,24680,24680,0,19781,19781,0,24909,24912,0,38241,38239,5.229988755528492e-05,29753,29749,0.00013444022451514215,32070,32077,0,30141,30139,6.635479911087927e-05,36835,36836,0,,373438,373450,0,1
SHV-HQ,PMT-297,0,0,,0,0,,0,0,,0,0,,0,0,,0,0,,0,0,,0,0,,0,0,,0,0,,0,0,,0,0,,,0,0,,1
SHV-HQ,PMT-298,24776,24785,0,26429,26436,0,24955,24959,0,29117,29123,0,30911,30910,3.2350943030001744e-05,28968,28966,6.904170118748887e-05,23585,23585,0,26201,26204,0,24468,24468,0,23745,23747,0,25826,25827,0,25738,25735,0.00011655917320696485,,314719,314745,0,1
SHV-HQ,PMT299,0,0,,0,0,,0,0,,0,0,,0,0,,0,0,,0,0,,0,0,,0,0,,0,0,,0,0,,0,0,,,0,0,,0
SHV-HQ,PMT-300,0,0,,0,0,,0,0,,0,0,,0,0,,0,0,,0,0,,0,0,,0,0,,0,0,,0,0,,0,0,,,0,0,,0
SHV-HQ,PMT-301,67658,67617,0.0006059889443967847,76143,76094,0.0006435259971370177,66722,66675,0.0007044153352717686,75016,74960,0.0007465074117521953,75899,75841,0.0007641734410203105,75004,74942,0.0008266225801291105,52026,51987,0.0007496251874062887,62735,62686,0.0007810632023591557,66679,66630,0.0007348640501507742,63956,63908,0.0007505159797360772,60600,60556,0.0007260726072607637,56983,56944,0.000684414649983367,,799421,798840,0.0007267760041329563,1
SHV-HQ,PMT-302,0,0,,0,0,,0,0,,0,0,,0,0,,0,0,,0,0,,0,0,,0,0,,0,0,,0,0,,0,0,,,0,0,,1
SHV-HQ,PMT-303,105615,105622,0,95986,95995,0,100083,100083,0,109672,109678,0,121127,121135,0,128780,128787,0,108712,108723,0,102232,102235,0,117413,117422,0,107798,107803,0,88333,88337,0,108802,108807,0,,1294553,1294627,0,1
SHV-HQ,PMT-304,0,0,,0,0,,0,0,,0,0,,0,0,,0,0,,0,0,,0,0,,0,0,,0,0,,0,0,,0,0,,,0,0,,1
SHV-HQ,PMT306,0,0,,0,0,,0,0,,0,0,,0,0,,0,0,,0,0,,0,0,,0,0,,0,0,,0,0,,0,0,,,0,0,,0
SHV-HQ,PMT-307,0,0,,0,0,,0,0,,0,0,,0,0,,0,0,,0,0,,0,0,,0,0,,0,0,,0,0,,0,0,,,0,0,,0
SHV-HQ,PMT-308,3,2,0.33333333333333337,9,9,0,1,2,0,10,84628,0,10,10,0,20,10,0.5,10,10,0,0,10,0,10,10,0,10,0,1,0,10,0,20,20,0,,103,84721,0,1
SHV-HQ,PMT-309,15695,15692,0.00019114367632999674,17595,17592,0.00017050298380216766,17729,17726,0.00016921428168537034,18543,18540,0.00016178611875106164,17444,17441,0.00017197890392106618,16754,16751,0.00017906171660497794,15141,15138,0.00019813750743014058,15547,15545,0.00012864218177144338,15015,15011,0.0002664002664002352,15110,15107,0.00019854401058905236,16571,16568,0.00018103916480594062,12683,12681,0.00015769139793420095,,193827,193792,0.00018057339792698635,1
SHV-HQ,PMT-310,192185,192175,5.20331971798349e-05,172831,172819,6.943198847431109e-05,147307,147296,7.467398019100902e-05,183553,183539,7.627224834239055e-05,210916,210895,9.956570388214292e-05,231250,231252,0,188293,188290,1.5932615657465732e-05,181134,181134,0,197083,197079,2.0296017413934386e-05,234631,234629,8.524022827360866e-06,213454,213450,1.8739400526546213e-05,215064,215052,5.5797344046371045e-05,,2367701,2367610,3.8433906983992294e-05,1
SHV-HQ,PMT311,0,0,,0,0,,0,0,,0,0,,0,0,,0,0,,0,0,,0,0,,0,0,,0,0,,0,0,,0,0,,,0,0,,0
SHV-HQ,PMT-312,0,0,,0,0,,0,0,,0,0,,0,0,,0,0,,0,0,,0,0,,0,0,,0,0,,0,0,,0,0,,,0,0,,0
SHV-HQ,PMT-313,1238,1237,0.0008077544426494665,1086,1086,0,959,958,0.0010427528675703845,967,968,0,811,811,0,901,900,0.0011098779134295356,913,913,0,879,879,0,843,843,0,757,757,0,823,823,0,820,820,0,,10997,10995,0.0001818677821223691,1
SHV-HQ,PMT314,0,0,,0,0,,0,0,,0,0,,0,0,,0,0,,0,0,,0,0,,0,0,,0,0,,0,0,,0,0,,,0,0,,0
SHV-HQ,PMT315,0,0,,0,0,,0,0,,0,0,,0,0,,0,0,,0,0,,0,0,,0,0,,0,0,,0,0,,0,0,,,0,0,,0
SHV-HQ,PMT316,0,0,,0,0,,0,0,,0,0,,0,0,,0,0,,0,0,,0,0,,0,0,,0,0,,0,0,,0,0,,,0,0,,0
SHV-HQ,PMT317,0,0,,0,0,,0,0,,0,0,,0,0,,0,0,,0,0,,0,0,,0,0,,0,0,,0,0,,0,0,,,0,0,,0
SHV-HQ,PMT-319,0,0,,0,0,,0,0,,0,0,,0,0,,0,0,,0,0,,0,0,,0,0,,0,0,,0,0,,0,0,,,0,0,,1
SHV-HQ,PMT-320,0,0,,0,0,,0,0,,318,318,0,696,695,0.001436781609195359,913,913,0,3876,3874,0.0005159958720329927,11467,11465,0.00017441353449032526,14995,14990,0.00033344448149386086,19309,19303,0.00031073592625197044,20870,20862,0.0003833253473886078,32224,32213,0.0003413604766633327,,104668,104633,0.00033439064470519586,1
SHV-HQ,PMT-321,54264,54278,0,54581,54597,0,55237,55254,0,60761,60781,0,72250,72275,0,73705,73730,0,62332,62352,0,63469,63486,0,70127,70148,0,76814,76837,0,61201,61226,0,70543,70558,0,,775284,775522,0,1
SHV-HQ,PMT322,0,0,,0,0,,0,0,,0,0,,0,0,,0,0,,0,0,,0,0,,0,0,,0,0,,0,0,,0,0,,,0,0,,0
SHV-HQ,PMT-324,0,0,,0,0,,0,0,,0,0,,0,0,,0,0,,68863,70179,0,77970,76414,0.019956393484673596,86346,84463,0.021807611238505498,85131,83772,0.01596363251929378,71870,70799,0.01490190621956311,82548,81182,0.016547947860638623,,472728,466809,0.012520942275473401,60
SHV-HQ,PMT-325,0,0,,0,0,,0,0,,0,0,,0,0,,0,0,,0,0,,0,0,,0,0,,0,0,,0,0,,0,0,,,0,0,,0
SHV-HQ,PMT-328,59078,59052,0.00044009614408069275,59186,59160,0.00043929307606527246,53641,53620,0.0003914915829309473,64943,64915,0.00043114731379823024,69153,69123,0.00043382065853980745,79705,79673,0.0004014804591933041,68396,68302,0.0013743493771565252,66938,66959,0,70084,70057,0.00038525198333427824,74690,74656,0.00045521488820454703,62506,62481,0.0003999616036860498,70535,70508,0.00038278868646768327,,798855,798506,0.00043687527774127766,1
SHV-HQ,PMT-330,181271,176050,0.028802180161195068,166989,163693,0.019737827042499823,176600,172162,0.025130237825594537,177984,173298,0.026328209277238446,239763,233238,0.02721437419451711,197669,192569,0.025800707242916165,179193,174959,0.02362815511766647,164134,160206,0.023931665590310347,185421,180647,0.025746814007043484,171735,167374,0.025393775293329868,194633,189506,0.026341884469745613,188838,184841,0.02116629068301934,,2224230,2168543,0.025036529495600757,146
SHV-HQ,PMT-331,407,408,0,469,465,0.008528784648187626,408,407,0.002450980392156854,519,522,0,501,502,0,516,514,0.003875968992248069,497,498,0,482,482,0,474,478,0,523,523,0,445,448,0,469,471,0,,5710,5718,0,1
SHV-HQ,PMT-332,60329,60375,0,47067,47107,0,51856,51901,0,54940,54985,0,59854,59908,0,60033,60085,0,48361,48404,0,44023,44063,0,48108,48150,0,43545,43585,0,26043,26067,0,25518,25542,0,,569677,570172,0,1
SHV-HQ,PMT-333,98044,96778,0.012912569866590506,103575,102207,0.013207820419985472,113621,111957,0.01464518002833981,110483,109139,0.012164767430283385,111374,110066,0.011744213191588693,99231,96536,0.027158851568562237,85188,85648,0,95759,414884,0,93146,-228399,3.4520537650570073,94281,93301,0.010394459116895294,110907,109439,0.013236315110858654,92190,91009,0.012810500054235785,,1207799,1192565,0.012613025842876158,68
SHV-HQ,PMT-334,189532,182746,0.03580398033049825,194729,187454,0.03735961258980425,201052,192605,0.042014006326721476,194323,185106,0.04743133854458814,260975,270273,0,183667,181114,0.013900156261059449,150595,146391,0.0279159334639264,155062,150941,0.026576466187718473,165654,147805,0.10774868098566892,154509,164664,0,160841,153582,0.04513152740905613,154584,150041,0.029388552502199405,,2165523,2112722,0.024382562549554954,207
SHV-HQ,PMT-335,16114,15646,0.029043068139505968,16406,15809,0.036389125929538024,15905,15457,0.028167243005344234,17410,16787,0.03578403216542214,19286,18556,0.03785129109198382,22340,21585,0.03379588182632054,18914,18339,0.030400761340805715,19973,19373,0.030040554748910986,19613,19045,0.02896038341916074,21030,20400,0.029957203994293913,20357,19768,0.028933536375693847,22726,22125,0.026445480946932998,,230074,222890,0.03122473638916179,75
SHV-HQ,PMT-336,587,586,0.0017035775127768327,287,286,0.0034843205574912606,211,209,0.009478672985781977,165,166,0,132,132,0,111,117,0,88,81,0.07954545454545459,98,97,0.010204081632653073,114,114,0,106,101,0.047169811320754707,102,106,0,758,759,0,,2759,2754,0.0018122508155128392,1
SHV-HQ,PMT-337,8877,8903,0,9320,9348,0,8184,8206,0,9185,9209,0,7881,7903,0,7289,7307,0,5527,5541,0,5658,5670,0,2703,2709,0,5458,5470,0,7265,7283,0,7282,7302,0,,84629,84851,0,1
SHV-HQ,PMT338,0,0,,0,0,,0,0,,0,0,,0,0,,0,0,,0,0,,0,0,,0,0,,0,0,,0,0,,0,0,,,0,0,,0
SHV-HQ,PMT339,0,0,,0,0,,0,0,,0,0,,0,0,,0,0,,0,0,,0,0,,0,0,,0,0,,0,0,,0,0,,,0,0,,0
SHV-HQ,PMT-340,108342,108300,0.00038766129478873257,43545,43530,0.0003444712366517111,40590,40575,0.0003695491500369519,104635,104585,0.00047785157929947086,106935,106902,0.0003085986814419517,88319,88289,0.00033967775903265274,113153,113111,0.00037117884634074727,113281,113247,0.0003001385934092715,119966,119928,0.0003167564143173873,121951,121907,0.0003608006494412175,125090,125047,0.0003437524982012885,109803,109763,0.0003642887717093535,,1195610,1195184,0.0003563034768863105,1
SHV-HQ,PMT-341,30504,30526,0,25448,25463,0,25023,25041,0,19909,19923,0,14908,14919,0,20080,20094,0,14957,14967,0,15469,15479,0,17689,17702,0,16267,16278,0,14713,14724,0,20131,20144,0,,235098,235260,0,1
SHV-HQ,PMT-342,26166,26170,0,26006,26010,0,26719,26722,0,34665,34670,0,34818,34823,0,39197,39204,0,34678,34686,0,31352,31358,0,25196,25202,0,24471,24476,0,25807,25812,0,33280,33285,0,,362355,362418,0,1
SHV-HQ,PMT-343,57973,57953,0.00034498818415473753,57218,57198,0.0003495403544339082,50050,50034,0.0003196803196803266,56973,56955,0.00031593912906113797,73532,73510,0.0002991894685306917,70800,70777,0.00032485875706211864,50477,88226,0,1737,1785,0,56652,57674,0,53807,54847,0,38767,39553,0,53148,54123,0,,621134,662635,0,1
SHV-HQ,PMT-345,9564,9561,0.00031367628607281706,8521,8516,0.0005867855885459683,4539,4542,0,567,569,0,346,346,0,383,384,0,224,225,0,1138,1139,0,7154,7153,0.00013978194017327805,6520,6520,0,6694,6693,0.0001493875112040799,1519,1520,0,,47169,47168,2.120036464625663e-05,1
SHV-HQ,PMT-347,15844,15830,0.0008836152486745297,13233,13220,0.0009823925035895575,10870,10860,0.0009199632014719183,12707,12700,0.0005508774691115326,13675,13660,0.001096892138939709,10244,10230,0.001366653650917593,8931,8920,0.0012316649871234597,7215,7210,0.0006930006930007115,7125,7120,0.00070175438596487,5612,5610,0.0003563791874554578,4349,4340,0.0020694412508622806,5726,5720,0.0010478519035975742,,115531,115420,0.0009607810890583934,1
SHV-HQ,PMT-348,48725,48755,0,44944,44970,0,35497,35517,0,37031,37054,0,40159,40185,0,37276,37300,0,18860,18871,0,10980,10986,0,12379,12387,0,14297,14306,0,10879,10886,0,13799,13808,0,,324826,325025,0,1
SHV-HQ,PMT-349,188688,188522,0.0008797591791740444,252998,252762,0.000932813698132029,267290,267020,0.0010101388005536727,260920,260671,0.0009543154990034886,303775,303481,0.0009678215784708621,287665,287412,0.000879495246206563,222531,222363,0.0007549509955916411,232437,232289,0.0006367316735287343,178220,178114,0.0005947705083604315,222343,222004,0.0015246713411261048,250799,250777,8.771964800502463e-05,275198,274941,0.0009338730659379513,,2942864,2940356,0.0008522310239277298,1
SHV-HQ,PMT-350,101931,97957,0.03898715797941743,110157,105986,0.03786413936472488,111716,107177,0.04062981130724341,105665,101270,0.04159371598921113,148972,142405,0.04408210938968393,127701,123800,0.030547920533120387,106664,103104,0.033375834395859894,102519,99300,0.031399057735639224,106761,103246,0.03292400783057481,107212,103980,0.030145879192627678,126291,121615,0.037025599607256265,122913,119550,0.0273608161870591,,1378502,1329390,0.03562707924979436,126
SHV-HQ,PMT-352,3664,3689,0,4096,4125,0,4295,4325,0,4581,4614,0,5157,5193,0,5335,5367,0,3762,3786,0,3477,3501,0,3814,3840,0,3383,3404,0,4404,4429,0,4212,4225,0,,50180,50498,0,1
SHV-HQ,PMT-353,33197,33195,6.0246407807884594e-05,26100,26099,3.8314176245224374e-05,21641,21640,4.620858555515195e-05,23715,23714,4.2167404596282765e-05,26382,26380,7.580926389205711e-05,29701,29699,6.73378000740632e-05,27355,27353,7.311277645771774e-05,21187,21185,9.439750790574131e-05,24957,24956,4.006891853991501e-05,25664,25662,7.793017456358964e-05,26516,26514,7.542615779154715e-05,31718,31715,9.458351724578318e-05,,318133,318112,6.601012783957749e-05,1
SHV-HQ,PMT-354,68225,68211,0.00020520337119822596,68128,68120,0.0001174260216063594,60394,60384,0.00016557936218830616,71393,71379,0.0001960976566329764,70280,70271,0.00012805919180425285,60405,60395,0.0001655492095025135,53535,53526,0.00016811431773611218,55196,55190,0.0001087035292411942,57547,57539,0.00013901680365613345,52644,52637,0.0001329686194058155,61398,61388,0.00016287175478024718,75958,75940,0.00023697306406167407,,755103,754980,0.00016289168497540807,1
SHV-HQ,PMT-355,58203,58201,3.436248990607016e-05,55947,55945,3.5748118755285496e-05,51129,51127,3.911674392220732e-05,56906,56904,3.514567883877717e-05,61409,61406,4.8852774023333545e-05,65157,65156,1.5347545160193654e-05,56124,56124,0,53762,53760,3.7200996986674895e-05,58084,58083,1.7216445148404702e-05,62242,62240,3.2132643552618134e-05,53893,53892,1.8555285473120797e-05,59570,59569,1.678697330875778e-05,,692426,692407,2.7439755295177726e-05,1
SHV-HQ,PMT-356,2685,2687,0,20442,20458,0,47405,47441,0,77666,77730,0,80516,80581,0,71573,71632,0,58129,58175,0,74362,74424,0,71604,71662,0,68872,68930,0,77930,77993,0,75380,75439,0,,726564,727152,0,1
SHV-HQ,PMT-357,17967,17987,0,16916,16933,0,14630,14644,0,18656,18677,0,19317,19337,0,18380,18399,0,14639,14655,0,12686,12699,0,12215,12228,0,10621,10632,0,11060,11072,0,11854,11867,0,,178941,179130,0,1
SHV-HQ,PMT-358,19893,19896,0,21270,21271,0,17282,17286,0,19909,19911,0,38401,38407,0,40470,40477,0,34156,34160,0,32830,32833,0,40347,40352,0,36629,36636,0,33339,33342,0,35682,35688,0,,370208,370259,0,1
SHV-HQ,PMT-359,16537,16533,0.00024188184072082564,15719,15716,0.00019085183535849648,15740,15736,0.0002541296060991627,16216,16212,0.0002466699555994101,17390,17385,0.0002875215641172657,17125,17121,0.00023357664233580877,13727,13724,0.00021854738835869192,13889,13881,0.0005759953920368988,14588,14591,0,14932,14930,0.00013394053040449716,13141,13138,0.00022829312837679971,14031,14028,0.00021381227282446513,,183035,182995,0.0002185374381948879,1
SHV-HQ,PMT-360,196,200,0,130,134,0,132,135,0,158,163,0,198,201,0,404,408,0,258,264,0,230,235,0,316,321,0,492,497,0,385,389,0,6810,6823,0,,9709,9770,0,1
SHV-HQ,PMT-361,19098,19102,0,19828,19830,0,19213,19216,0,20631,20634,0,20361,20365,0,19713,19716,0,19813,19817,0,20630,20633,0,20099,20102,0,19779,19783,0,20589,20592,0,18037,18040,0,,237791,237830,0,1
SHV-HQ,PMT-362,552150,552090,0.00010866612333604309,558160,558100,0.0001074960584778184,583300,583230,0.00012000685753477125,0,0,,0,0,,0,0,,0,0,,0,0,,0,0,,0,0,,0,0,,0,0,,,1693610,1693420,0.00011218639474264158,1
SHV-HQ,PMT-363,48087,47533,0.011520785243412934,49131,48537,0.01209012639677598,50076,47107,0.059289879383337296,48183,45333,0.059149492559616434,65943,64971,0.014740002729630164,61575,61182,0.006382460414129154,54694,55488,0,54502,55169,0,57394,58139,0,53981,54669,0,56588,57456,0,59836,60434,0,,659990,656018,0.006018273004136376,204
SHV-HQ,PMT-364,33300,32575,0.02177177177177181,35460,34775,0.019317540891144902,36150,36385,0,34650,33851,0.023059163059163112,47550,46466,0.0227970557308097,40950,39508,0.035213675213675244,37050,34611,0.06582995951417003,36180,33831,0.06492537313432833,39120,36628,0.06370143149284258,35670,33433,0.0627137650686852,36540,34289,0.06160372194854957,37890,35505,0.06294536817102137,,450510,431857,0.04140418636656229,207
SHV-HQ,PMT-365,7125,7132,0,7771,7779,0,7354,7363,0,8733,8743,0,10340,10354,0,11243,11257,0,10819,10833,0,9956,9970,0,10861,10875,0,10449,10462,0,9412,9424,0,7605,7615,0,,111668,111807,0,1
SHV-HQ,PMT-367,93602,93495,0.0011431379671374975,91510,91437,0.0007977270243688661,88306,88245,0.0006907797884628808,90823,90722,0.001112053114299294,114582,114375,0.0018065664764098655,102063,101964,0.0009699891243644121,91902,91935,0,89994,90006,0,86814,87063,0,86680,86860,0,75222,75388,0,92986,93081,0,,1104484,1104571,0,23
SHV-HQ,PMT-368,228523,221316,0.03153730696691359,241479,233538,0.032884847129564077,257032,247532,0.03696037847427558,268751,260187,0.031865927940733285,306799,291166,0.05095518564271717,282721,273983,0.030906795038217916,224960,219500,0.024270981507823586,226587,224062,0.01114362253792145,262479,252535,0.03788493555674932,234827,231059,0.016045855033705703,275811,265038,0.03905935586325415,244033,236944,0.02904934988300767,,3054002,2956860,0.031808099667256284,308
SHV-HQ,PMT-369,47054,47036,0.000382539210269095,46074,46056,0.00039067586925378706,38915,38899,0.00041115251188483803,42931,42912,0.0004425706366029125,51799,51775,0.0004633294079036121,49989,49964,0.000500110024205358,44932,44911,0.00046737291907772427,41345,41325,0.0004837344297979884,44797,44773,0.0005357501618411531,43442,43421,0.00048340315823391933,36669,36651,0.0004908778532275448,47855,47834,0.0004388256190576145,,535802,535557,0.0004572584648806499,1
SHV-HQ,PMT-37,0,0,,0,0,,0,0,,0,0,,0,0,,0,0,,0,0,,0,0,,0,0,,0,0,,0,0,,0,0,,,0,0,,0
SHV-HQ,PMT-370,1393680,1396840,0,1498130,1501600,0,1402750,1405920,0,1533800,1537320,0,1686150,1690050,0,1564510,1568310,0,1445180,1448880,0,1411920,1415300,0,1535430,1539160,0,1548970,1552780,0,1504660,1508410,0,1624020,1628310,0,,18149200,18192880,0,1
SHV-HQ,PMT-371,264,264,0,409,411,0,638,639,0,686,687,0,1150,1152,0,1100,1102,0,887,888,0,962,963,0,896,898,0,634,635,0,746,748,0,819,820,0,,9191,9207,0,1
SHV-HQ,PMT-372,3620,3634,0,2794,2807,0,3219,3233,0,4199,4216,0,5790,5812,0,7461,7489,0,5831,5849,0,6149,6170,0,6423,6430,0,6490,6478,0.001848998459167972,6209,6214,0,6587,6609,0,,64772,64941,0,1
SHV-HQ,PMT-373,24152,24068,0.003477972838688337,32168,32069,0.003077592638647153,28344,28252,0.003245836861416884,27556,27459,0.0035201045144432896,27054,26980,0.002735270200340034,27910,27821,0.0031888212110354752,22689,22599,0.003966679888932956,20167,20113,0.0026776416918729007,21266,21194,0.003385686071663674,20535,20460,0.0036523009495982306,16063,16006,0.0035485276722903025,15547,15492,0.0035376599987135826,,283451,282513,0.003309213938211597,1
SHV-HQ,PMT-374,19163,19168,0,18671,18677,0,20475,20480,0,26196,26204,0,27882,27892,0,27555,27563,0,20149,20156,0,21608,21616,0,24509,24516,0,22452,22460,0,17321,17326,0,19876,19882,0,,265857,265940,0,1
SHV-HQ,PMT-375,3106,3109,0,3333,3336,0,3121,3124,0,3494,3498,0,3458,3461,0,3301,3304,0,2478,2480,0,2227,2230,0,0,0,,0,0,,0,0,,0,0,,,24518,24542,0,0
SHV-HQ,PMT-376,48103,47003,0.022867596615595676,51379,50170,0.023531014616866797,51770,50515,0.024241838902839485,57355,55887,0.025594978641792387,61366,59702,0.027115992569175074,61202,59632,0.02565275644586773,44210,42832,0.031169418683555716,51128,49934,0.02335315287122519,48243,47139,0.02288414899570923,46363,45353,0.02178461272997867,50687,49555,0.022333142620395763,47653,46592,0.022265124965899274,,619459,604314,0.02444875286338566,256
SHV-HQ,PMT-377,72125,70547,0.021878682842287667,75311,73617,0.02249339405930073,74959,73307,0.02203871449725847,84194,82482,0.020333990545644554,91054,89007,0.022481165022953387,89562,87550,0.02246488466090535,76367,75160,0.015805256197048423,86254,83201,0.03539545992069937,91254,86295,0.05434282332829243,84407,82657,0.020732877604938027,94139,90026,0.04369071266956315,88551,85133,0.03859922530519133,,1008177,978982,0.028958208727237422,337
SHV-HQ,PMT-378,54930,52961,0.03584562170034589,59139,57072,0.03495155481154566,59565,57492,0.03480231679677659,68125,65695,0.03566972477064223,71824,69014,0.039123412786812195,71025,68523,0.035227032734952535,56492,54614,0.033243645117892795,60275,58344,0.03203649937785147,61785,59514,0.03675649429473171,59827,58017,0.030253898741370966,66947,64371,0.03847819917247974,62427,60265,0.03463245070242038,,752361,725882,0.03519454091852181,266
SHV-HQ,PMT-379,13810,13818,0,15025,15032,0,17081,17090,0,10006,10010,0,3843,3845,0,918,919,0,834,835,0,714,713,0.0014005602240896309,0,0,,0,0,,0,0,,0,0,,,62231,62262,0,1
SHV-HQ,PMT-38,23802,23892,0,29407,29504,0,30889,30980,0,38663,38763,0,43474,43603,0,48151,48313,0,42174,42314,0,45851,46014,0,41859,42009,0,44388,44548,0,49031,49207,0,39052,39184,0,,476741,478331,0,1
SHV-HQ,PMT-380,125734,125778,0,114909,114946,0,112617,112650,0,125162,125203,0,130246,130292,0,132463,132506,0,116649,116683,0,112778,112809,0,124546,124583,0,119813,119847,0,104654,104687,0,123748,123790,0,,1443319,1443774,0,1
SHV-HQ,PMT-381,5567,5567,0,4735,4735,0,6124,6123,0.00016329196603526164,6685,6684,0.00014958863126401933,7104,7104,0,6294,6294,0,5702,5702,0,5713,5712,0.00017503938386131956,4971,4971,0,4978,4977,0.0002008838891121023,5327,5327,0,5199,5198,0.00019234468166950958,,68399,68394,7.310048392517032e-05,1
SHV-HQ,PMT-383,1451200,1451520,0,1443360,1443700,0,1439660,1439570,6.251476042951065e-05,1566760,1565630,0.0007212336286348542,1528320,1527200,0.0007328308207704692,1524550,1523510,0.0006821685087402551,1431210,1430220,0.0006917223887479285,1518660,1517530,0.0007440770152634668,1464950,1463890,0.0007235741834192844,1448350,1447230,0.0007732937480581237,1517940,1516780,0.0007641935781388387,1393500,1392490,0.0007247936849659187,,17728460,17719270,0.0005183755385408384,1
SHV-HQ,PMT-384,25194,25195,0,26403,26408,0,23165,23170,0,27702,27703,0,27998,28003,0,27587,27590,0,31565,31572,0,33544,33550,0,28118,28123,0,23759,23763,0,29459,29465,0,34153,34158,0,,338647,338700,0,1
SHV-HQ,PMT-385,160353,160468,0,153849,153954,0,180777,180898,0,226246,226401,0,247611,247794,0,264449,264659,0,230617,230789,0,244226,244383,0,250207,250383,0,255990,255909,0.00031641861010200945,204022,204047,0,233918,233901,7.267503997132607e-05,,2652265,2653586,0,1
SHV-HQ,PMT-386,2742,2744,0,2656,2658,0,2596,2598,0,2920,2921,0,3388,3389,0,3206,3207,0,2802,2804,0,2796,2796,0,2978,2980,0,2128,2129,0,2761,2763,0,2548,2550,0,,33521,33539,0,1
SHV-HQ,PMT-387,5981,5981,0,6825,6825,0,8184,8186,0,8713,8714,0,8984,8983,0.0001113089937666567,8956,8955,0.00011165698972759319,8481,8483,0,9378,9382,0,10282,10285,0,8762,8764,0,8626,8628,0,9333,9335,0,,102505,102521,0,1
SHV-HQ,PMT-388,7977,7977,0,12403,12404,0,12551,12553,0,10222,10981,0,9963,11355,0,13002,14416,0,14006,15389,0,15443,16836,0,17274,18691,0,16551,18007,0,14244,15468,0,18040,19090,0,,161676,173167,0,1
SHV-HQ,PMT-389,674,675,0,77,77,0,0,0,,0,0,,0,0,,0,0,,0,0,,0,0,,0,0,,0,0,,0,0,,0,0,,,751,752,0,1
SHV-HQ,PMT-39,9265,9261,0.0004317323259579453,9236,9231,0.0005413598960588573,8868,8865,0.0003382949932341228,9240,9235,0.0005411255411255089,2057,2057,0,2157,2156,0.00046360686138158247,1821,1820,0.000549148819329992,3110,3109,0.0003215434083601032,3235,3234,0.00030911901081920323,5098,5099,0,3275,3271,0.001221374045801582,3502,3501,0.0002855511136493627,,60864,60839,0.0004107518401682553,1
SHV-HQ,PMT-391,243296,238165,0.021089537024858607,253236,248869,0.017244783522090024,263057,257342,0.021725329491326995,275993,272940,0.011061874757693158,335646,329553,0.01815305411058077,359778,353279,0.018063917193380408,311149,306537,0.014822480547904693,295499,291391,0.013901908297490051,330181,324268,0.017908359354414705,338919,333574,0.01577072987941075,291877,286688,0.01777803663872113,328722,322316,0.019487591338577914,,3627353,3564922,0.017211172995845736,218
SHV-HQ,PMT-392,107947,107020,0.008587547592800115,98960,98654,0.003092158447857707,105543,105230,0.0029656159101030255,100436,100124,0.0031064558524831476,111698,111348,0.0031334491217389626,124354,124020,0.0026858806311015337,105058,104767,0.002769898532239301,106612,106309,0.0028420815668029897,110164,109863,0.002732290040303509,107035,106725,0.0028962488905498462,86701,86435,0.003068015363144605,100160,99853,0.0030650958466453826,,1264668,1260348,0.0034159162720966973,1
SHV-HQ,PMT-394,30315,30320,0,35819,35824,0,30215,30220,0,34784,34789,0,35067,35074,0,38049,38055,0,31056,31062,0,34749,34756,0,32679,32685,0,33446,33452,0,34213,34220,0,30849,30854,0,,401241,401311,0,1
SHV-HQ,PMT-395,28706,28738,0,37055,37096,0,39852,39896,0,42077,42122,0,46883,46929,0,47812,47863,0,39694,39737,0,38677,38720,0,41342,41386,0,31661,31694,0,25584,25614,0,32904,32943,0,,452247,452738,0,1
SHV-HQ,PMT-397,57772,56712,0.0183479886450183,58787,57764,0.017401806521850083,53674,52776,0.016730633081193824,62130,61079,0.016916143569933983,62068,61229,0.013517432493394321,62794,61591,0.01915788132624141,43000,42434,0.013162790697674454,47574,46860,0.015008197755076336,46081,45457,0.013541372800069396,59175,58712,0.007824250105618935,68470,67082,0.020271651818314584,65842,64899,0.014322165183317637,,687367,676595,0.015671395339025618,19
SHV-HQ,PMT-398,430,433,0,146,153,0,74,85,0,33,43,0,98,105,0,69,78,0,45,54,0,57,68,0,59,67,0,45,54,0,521,526,0,821,825,0,,2398,2491,0,1
SHV-HQ,PMT4,0,0,,0,0,,0,0,,0,0,,0,0,,0,0,,0,0,,0,0,,0,0,,0,0,,0,0,,0,0,,,0,0,,0
SHV-HQ,PMT-40,200800,194739,0.030184262948207197,187800,186776,0.0054526091586794,196800,190711,0.030940040650406453,233200,227481,0.02452401372212698,252200,244676,0.02983346550356858,258400,250024,0.03241486068111454,220000,213016,0.03174545454545452,240600,235544,0.021014131338320863,236200,220137,0.06800592718035559,220600,222570,0,250800,246711,0.01630382775119621,228400,224593,0.016668126094570912,,2725800,2656978,0.025248367451757292,82
SHV-HQ,PMT-400,34392,34389,8.722958827633853e-05,30396,30394,6.579813133311685e-05,32729,32727,6.110788597268879e-05,27676,27673,0.00010839716722066406,24414,24409,0.00020480052428939466,4209,4212,0,2410,2410,0,1418,1418,0,1140,1140,0,1351,1351,0,1105,1105,0,1194,1194,0,,162434,162422,7.38761589322845e-05,1
SHV-HQ,PMT-401,16878,16835,0.0025476952245526707,14908,14871,0.0024818889187013804,16249,16209,0.002461689950150725,18831,18784,0.0024958844458605745,17165,17128,0.002155549082435204,17134,17086,0.0028014474144975043,15257,15216,0.0026872910795044946,14832,14794,0.0025620280474649704,15263,15223,0.00262071676603548,12372,12340,0.002586485612673828,13578,13544,0.002504050670201763,15002,14963,0.0025996533795493715,,187469,186993,0.0025390864622950593,1
SHV-HQ,PMT-402,19222,19238,0,16332,16346,0,14780,14794,0,1870,2139,0,0,0,,0,0,,0,0,,0,0,,0,0,,0,0,,0,0,,0,0,,,52204,52517,0,1
SHV-HQ,PMT-405,46374,44133,0.04832449217233792,53131,50509,0.049349720502155026,57501,54484,0.052468652719083186,56392,53801,0.04594623350829907,102525,96218,0.061516703243111426,98795,92232,0.06643048737284274,75071,70883,0.05578718812857164,76194,71945,0.05576554584350468,81953,76561,0.06579380864641926,82012,77659,0.05307759840023407,92832,78431,0.15512969665632537,96065,91291,0.049695518659241156,,918845,858147,0.06605901974761796,121
SHV-HQ,PMT-406,172710,169662,0.017648080597533422,158711,155980,0.017207376930395535,153703,150921,0.0180998419028906,180791,177125,0.020277558064284218,176173,171998,0.02369829656076694,186487,182340,0.022237474998257234,152533,149908,0.017209390754787446,151612,149273,0.015427538717251887,182218,178923,0.01808273606339661,175946,172828,0.017721346322167042,184328,181028,0.017902868799097305,184498,181033,0.018780691389608584,,2059710,2021019,0.018784683280655967,82
SHV-HQ,PMT408,0,0,,0,0,,0,0,,0,0,,0,0,,0,0,,0,0,,0,0,,0,0,,0,0,,0,0,,0,0,,,0,0,,0
SHV-HQ,PMT-409,146914,142918,0.02719958615244289,154234,150456,0.024495247481100102,158300,154033,0.026955148452305733,167186,162324,0.02908138241240299,181926,176221,0.03135890416982734,185308,179424,0.03175254171433506,158693,155123,0.022496266375958585,150970,147903,0.020315294429356867,170327,166323,0.023507723379147194,155047,151738,0.0213419156771818,173891,171119,0.015941020524351424,166120,160983,0.030923428846616918,,1968916,1918565,0.02557295486450417,216
SHV-HQ,PMT-41,3294,3306,0,1757,1762,0,1344,1358,0,1153,1154,0,1197,1199,0,2044,2050,0,1128,1129,0,1608,1613,0,2072,2080,0,1194,1196,0,937,936,0.0010672358591248265,1309,1312,0,,19037,19095,0,3
SHV-HQ,PMT-410,59940,58796,0.019085752419085722,58437,57326,0.019011927374779636,53668,52572,0.020421852873220514,85231,84097,0.013305018127207191,94101,93016,0.011530164397827836,80439,79628,0.01008217406979206,68814,68036,0.01130583892812509,73052,72218,0.01141652521491543,71300,70471,0.011626928471248243,69995,69198,0.01138652760911496,78727,77731,0.0126513140345752,77010,76104,0.0117647058823529,,870714,859193,0.01323166964123701,56
SHV-HQ,PMT-411,29002,29023,0,27709,27730,0,26881,26901,0,32594,32619,0,32619,32646,0,31831,31852,0,26992,27009,0,26934,27752,0,29202,28418,0.02684747620026029,30186,30204,0,29071,29090,0,27918,27939,0,,350939,351183,0,1
SHV-HQ,PMT-412,126901,124171,0.021512832838196716,132048,129121,0.022166181994426215,136696,133530,0.023160882542283656,146168,143201,0.020298560560450984,155077,151684,0.021879453432810836,161231,157736,0.02167697279059233,140111,137443,0.019042045235563188,120628,118386,0.018586066253274525,135257,132502,0.02036863156805191,154734,151044,0.02384737678855331,140852,137438,0.02423820748019201,157846,154224,0.022946416127111235,,1707549,1670480,0.021708893858975675,153
SHV-HQ,PMT-413,0,0,,0,0,,0,0,,0,0,,0,0,,0,0,,0,0,,0,0,,0,0,,0,0,,0,0,,0,0,,,0,0,,1
SHV-HQ,PMT-414,18611,18611,0,21580,21579,4.633920296570615e-05,27834,27836,0,18933,18933,0,27120,27121,0,41979,41981,0,40475,40476,0,35704,35706,0,26295,26295,0,25069,25068,3.98899038653866e-05,23538,23539,0,26699,26700,0,,333837,333845,0,1
SHV-HQ,PMT-415,101794,97454,0.0426351258423876,100115,95970,0.04140238725465717,101957,97386,0.04483262551860101,99152,97006,0.021643537195417117,132322,125554,0.05114795725578514,110875,106120,0.04288613303269451,94065,90414,0.038813586349864426,94395,90862,0.037427829863869944,103236,98656,0.044364369018559446,81801,78242,0.04350802557425948,90784,85985,0.052861737751145554,102276,98444,0.03746724549258873,,1212772,1162093,0.04178773916284351,205
SHV-HQ,PMT-416,0,0,,0,0,,0,0,,0,0,,0,0,,0,0,,0,0,,0,0,,0,0,,0,0,,0,0,,0,0,,,0,0,,1
SHV-HQ,PMT-417,5991,5974,0.0028375897179101495,4984,4969,0.003009630818619602,5226,5210,0.003061615001913487,6238,6218,0.003206155819172829,6959,6939,0.0028739761459979363,9612,9589,0.0023928422804827543,11954,11932,0.0018403881545926426,12670,12639,0.0024467245461720077,12332,12308,0.0019461563412260796,11517,11490,0.002344360510549648,14766,14725,0.002776649058648273,12715,12683,0.0025167125442391303,,114964,114676,0.0025051320413346234,1
SHV-HQ,PMT-419,24618,24648,0,22907,22932,0,21775,21797,0,24749,24777,0,27822,27855,0,26273,26307,0,22661,22695,0,22880,22899,0,25889,25919,0,27052,27084,0,22555,22581,0,26609,26642,0,,295790,296136,0,1
SHV-HQ,PMT-42,15530,15143,0.02491951062459752,14160,13772,0.027401129943502855,13867,13450,0.030071392514603,16253,15720,0.032793945733095464,16741,16127,0.03667642315273878,15544,15057,0.03133041688111171,11884,11552,0.02793672164254457,13637,13265,0.027278726992740365,13650,13297,0.025860805860805858,14091,13693,0.028244979064651177,13461,13095,0.027189659014931977,14188,13800,0.027347053848322478,,173006,167971,0.02910303688889404,63
SHV-HQ,PMT-420,263260,258613,0.017651751120565273,267227,262348,0.01825788561784547,240153,235763,0.01828001315827832,276080,271191,0.017708635178209198,298560,292752,0.019453376205787798,289254,283905,0.018492397685079598,259594,255072,0.017419508925475946,256509,252676,0.014942945471698832,256879,252050,0.01879873403431187,246210,241873,0.017615044068072017,263520,259001,0.01714860352155434,266608,261920,0.017583868451059192,,3183854,3127164,0.017805464697815965,70
SHV-HQ,PMT-421,41682,41696,0,39717,39734,0,42497,42512,0,47284,47301,0,52140,52153,0,54750,54776,0,46541,46566,0,45296,45324,0,54021,54048,0,47243,47268,0,39937,39951,0,46572,46585,0,,557680,557914,0,1
SHV-HQ,PMT-422,4385,4385,0,4772,4774,0,4656,4657,0,4492,4492,0,4793,4794,0,5071,5072,0,3042,3043,0,3500,3501,0,3541,3545,0,3188,3185,0.0009410288582183401,3811,3812,0,4666,4666,0,,49917,49926,0,1
SHV-HQ,PMT-423,1507,1507,0,1102,1102,0,947,947,0,972,971,0.0010288065843621075,1146,1146,0,1525,1525,0,1063,1063,0,902,901,0.0011086474501108556,1301,1302,0,890,889,0.0011235955056180247,783,783,0,825,824,0.00121212121212122,,12963,12960,0.0002314279102059169,1
SHV-HQ,PMT424,0,0,,0,0,,0,0,,0,0,,0,0,,0,0,,0,0,,0,0,,0,0,,0,0,,0,0,,0,0,,,0,0,,0
SHV-HQ,PMT-425,81685,81563,0.001493542266021941,75869,75746,0.0016212155162187436,79409,79297,0.0014104194738631115,95029,94905,0.0013048648307358857,110365,110221,0.00130476147329317,93098,92974,0.0013319297944102138,75612,75489,0.0016267259165211323,78000,77873,0.0016282051282051624,87168,87039,0.0014799008810573167,81884,81759,0.0015265497533095695,83130,83002,0.0015397570070972977,75342,75218,0.001645828356029888,,1016591,1015086,0.001480438052274713,1
SHV-HQ,PMT-426,143194,139917,0.02288503708255929,140202,136670,0.025192222650176177,137225,133825,0.024776826380032757,163387,158698,0.028698733681382205,160189,154983,0.03249911042580955,162203,157795,0.02717582288860254,146174,143088,0.021111825632465386,137008,133504,0.025575148896414768,152455,148392,0.026650487028959335,135160,131856,0.024445102101213423,139325,135645,0.02641306298223578,145005,140855,0.028619702768870048,,1761527,1715228,0.026283446123732457,60
SHV-HQ,PMT-427,161616,161868,0,162896,163150,0,148816,149058,0,173268,173544,0,176624,176908,0,179302,179585,0,166219,166485,0,181555,181845,0,162853,163189,0,158219,158392,0,172151,172417,0,161100,161341,0,,2004619,2007782,0,1
SHV-HQ,PMT-428,52519,52464,0.0010472400464593967,50064,50010,0.0010786193672099875,50325,50272,0.0010531544957774752,56009,55951,0.0010355478583798927,58031,57976,0.000947769295721268,57001,56942,0.0010350695601831772,41997,41949,0.0011429387813415293,35664,35631,0.0009253028263795926,37451,37411,0.0010680622680302454,43199,43153,0.0010648394638764769,35122,35083,0.0011104151244234473,37963,37924,0.0010273160709111107,,555345,554766,0.0010425951435594216,1
SHV-HQ,PMT-43,8480,8444,0.004245283018867951,8720,8725,0,9680,9685,0,12880,12865,0.0011645962732919068,14400,14299,0.007013888888888875,13920,13919,7.183908045982346e-05,17040,17145,0,25360,25387,0,24320,24329,0,20560,20572,0,29280,29405,0,24960,24985,0,,209600,209760,0,6
SHV-HQ,PMT-430,71710,71324,0.005382791800306763,74563,72958,0.021525421455681815,74564,73065,0.020103535218067736,87992,86198,0.020388217110646423,102383,100079,0.022503735971792227,109470,107145,0.02123869553302271,79329,77782,0.01950106518423278,75745,74389,0.01790217176051223,85533,83923,0.018823144283492965,83952,82393,0.01857013531541829,81181,79647,0.01889604710461812,93135,91294,0.019767004885381412,,1019557,1000197,0.018988639183488476,71
SHV-HQ,PMT-431,0,0,,0,0,,0,0,,0,0,,0,0,,0,0,,0,0,,0,0,,0,0,,0,0,,0,0,,0,0,,,0,0,,1
SHV-HQ,PMT-432,24903,24899,0.00016062321808618663,24087,24083,0.00016606468219371173,24091,24084,0.0002905649412643374,25203,25200,0.00011903344839903074,25142,25138,0.0001590963328295114,22304,22298,0.00026901004304158427,19992,19991,5.0020008003248684e-05,23853,23848,0.00020961723892176654,26177,26173,0.0001528058983076841,24326,24321,0.0002055413960371233,27420,27416,0.00014587892049600093,23510,23506,0.00017014036580176306,,291008,290957,0.00017525291400921628,1
SHV-HQ,PMT-434,0,0,,0,0,,0,0,,0,0,,0,0,,0,0,,0,0,,0,0,,0,0,,0,0,,0,0,,0,0,,,0,0,,1
SHV-HQ,PMT-435,13332,13341,0,11664,11673,0,10684,10691,0,13017,13026,0,15266,15273,0,15294,15302,0,13775,13782,0,14977,14986,0,16013,16024,0,13892,13903,0,15526,15536,0,18096,18105,0,,171536,171642,0,1
SHV-HQ,PMT-438,0,0,,0,0,,0,0,,0,0,,0,0,,0,0,,0,0,,0,0,,0,0,,0,0,,0,0,,0,0,,,0,0,,1
SHV-HQ,PMT-439,23043,22724,0.013843683548149133,27956,27510,0.015953641436543098,40163,39309,0.021263351841246947,46955,45942,0.021573847300606963,58790,57515,0.02168736179622388,52045,51158,0.017042943606494387,43680,43000,0.015567765567765512,41674,41095,0.013893554734366709,45904,45204,0.01524921575461835,44244,43591,0.014759063375824999,39773,39250,0.013149624116863157,43773,43109,0.015169168208713169,,508000,499407,0.016915354330708676,16
SHV-HQ,PMT-44,62927,61069,0.029526276479094782,67038,65102,0.028879143172529043,67099,65221,0.027988494612438353,72405,70277,0.02939023548097508,80101,77449,0.033108200896368345,79062,76454,0.0329867698768056,69210,67159,0.029634445889322403,75810,73406,0.03171085608758739,75347,73096,0.0298751111524016,70796,68755,0.028829312390530548,80825,78280,0.031487782245592344,78840,76580,0.028665651953323157,,879460,852848,0.030259477406590407,203
SHV-HQ,PMT-441,4985,4975,0.0020060180541624506,4797,4788,0.0018761726078799779,5088,5078,0.0019654088050314877,5595,5583,0.00214477211796249,5994,5981,0.002168835502168842,6739,6728,0.001632289657219177,6846,6838,0.0011685655857435195,6402,6392,0.0015620118712902364,8446,8441,0.0005919962112242994,8549,8540,0.0010527547081530253,8914,8902,0.0013461969934933649,8663,8652,0.0012697679787602167,,81018,80898,0.0014811523365177992,1
SHV-HQ,PMT-442,3841,3830,0.0028638375423066798,3347,3337,0.0029877502240812648,3973,3963,0.0025169896803423075,4212,4201,0.0026115859449192813,4832,4821,0.002276490066225212,4592,4580,0.002613240418118501,4190,4178,0.0028639618138425194,4755,4744,0.0023133543638275134,4332,4321,0.0025392428439520165,3903,3894,0.002305918524212136,3698,3688,0.0027041644131963194,3183,3174,0.002827521206409056,,48858,48731,0.0025993696017029277,1
SHV-HQ,PMT-443,638,620,0.028213166144200663,1079,1078,0.000926784059314234,664,642,0.033132530120481896,422,400,0.05213270142180093,404,391,0.03217821782178221,442,427,0.0339366515837104,417,404,0.031175059952038398,446,420,0.058295964125560484,413,386,0.06537530266343827,413,396,0.041162227602905554,430,423,0.016279069767441867,411,401,0.024330900243308973,,6179,5988,0.03091115067162975,1
SHV-HQ,PMT-444,19648,19662,0,7493,7497,0,0,0,,0,0,,0,0,,0,0,,0,0,,0,0,,0,0,,0,0,,0,0,,0,0,,,27141,27159,0,0
SHV-HQ,PMT-445,103274,99682,0.034781261498537885,102032,98628,0.03336208248392658,99671,96320,0.033620611812864354,115094,111035,0.03526682537751746,128079,123090,0.038952521490642544,139744,134030,0.04088905427066636,107883,104632,0.030134497557539164,105499,101333,0.039488525957592,120262,116152,0.03417538374548901,118676,115157,0.02965216218949074,107482,104276,0.029828250311680127,123478,119890,0.02905780786860812,,1371174,1324225,0.03424000163363661,87
SHV-HQ,PMT-446,244629,239066,0.02274055815132303,251367,252290,0,162406,224534,0,195411,187899,0.038442052903879476,217368,207843,0.043819697471569,209520,199995,0.04546105383734245,183601,176610,0.038077134656129275,176636,170171,0.03660069295047441,177204,170543,0.0375894449335229,162835,157626,0.03198943716031566,173719,169022,0.027037917556513635,175149,171159,0.02278060394292858,,2329845,2326758,0.0013249808463653423,156
SHV-HQ,PMT447,0,0,,0,0,,0,0,,0,0,,0,0,,0,0,,0,0,,0,0,,0,0,,0,0,,0,0,,0,0,,,0,0,,0
SHV-HQ,PMT-448,20226,20236,0,18479,18487,0,18199,18209,0,19808,19814,0,19142,19153,0,20020,20032,0,17551,17564,0,18417,18430,0,16517,16530,0,15439,15450,0,18732,18746,0,17785,17796,0,,220315,220447,0,1
SHV-HQ,PMT-449,107332,105088,0.02090709201356533,124753,121841,0.023342124037097345,118278,115639,0.022311841593533832,142453,138711,0.026268313057640102,148196,158484,0,0,154260,0,314366,136096,0.5670778646545747,143728,139562,0.02898530557720136,155540,151258,0.027529895846727492,154344,149992,0.028196755299849663,148664,144263,0.02960367002098696,169795,164486,0.031267116228393066,,1727449,1679680,0.027652914789380145,130
SHV-HQ,PMT45,0,0,,0,0,,0,0,,0,0,,0,0,,0,0,,0,0,,0,0,,0,0,,0,0,,0,0,,0,0,,,0,0,,0
SHV-HQ,PMT-451,151252,151189,0.00041652341787212777,128829,128774,0.00042692250968334733,114359,114309,0.000437219632910435,154976,154910,0.0004258723931447328,153140,153076,0.0004179182447433538,173171,173096,0.000433097920552572,156954,156878,0.00048421830600053894,179626,179541,0.0004732054379655848,192883,192790,0.00048215757739145104,167070,166986,0.0005027832644999286,146319,146248,0.00048524115118342426,165527,165452,0.0004530982860802002,,1884106,1883249,0.00045485763539843127,1
SHV-HQ,PMT-452,81555,81515,0.0004904665563116861,81742,81703,0.00047711090993618477,77916,77876,0.0005133733764567383,81188,81146,0.0005173178302212422,97387,97335,0.0005339521702075745,74843,74802,0.0005478134227649978,74019,73977,0.0005674218781663853,76682,76634,0.0006259617641689585,76645,76599,0.0006001696131515688,58849,58816,0.0005607571921357746,55603,55568,0.000629462439077022,43176,43153,0.000532703353715025,,879605,879124,0.0005468363640497298,1
SHV-HQ,PMT-453,112421,112269,0.001352060558080792,122663,122479,0.001500044838296799,120300,120115,0.0015378221113881985,138901,138672,0.0016486562371761382,155876,155568,0.00197592958505477,167660,167353,0.0018310867231301486,130067,129868,0.0015299807022534084,123975,123808,0.0013470457753579357,136906,136687,0.0015996377076241686,134292,134100,0.001429720310964222,110422,110265,0.001421818115955209,121258,121064,0.0015998944399544524,,1574741,1572248,0.0015831174777312107,1
SHV-HQ,PMT-455,1484,1481,0.0020215633423180668,1465,1463,0.0013651877133106227,1377,1374,0.002178649237472796,1502,1499,0.001997336884154488,1472,1470,0.0013586956521739468,1624,1622,0.0012315270935960854,1426,1423,0.0021037868162693263,1264,1263,0.0007911392405063333,1322,1320,0.001512859304084735,1182,1181,0.0008460236886632666,1082,1081,0.0009242144177449285,1230,1228,0.001626016260162566,,16430,16405,0.001521606816798582,1
SHV-HQ,PMT-457,0,0,,0,0,,0,0,,0,0,,0,0,,0,0,,0,0,,0,0,,0,0,,0,0,,0,0,,0,0,,,0,0,,1
SHV-HQ,PMT458,0,0,,0,0,,0,0,,0,0,,0,0,,0,0,,0,0,,0,0,,0,0,,0,0,,0,0,,0,0,,,0,0,,0
SHV-HQ,PMT-459,805,803,0.00248447204968949,787,786,0.0012706480304955914,775,773,0.002580645161290307,7625,7610,0.0019672131147541183,16391,16358,0.002013299981697303,16909,16873,0.0021290437045360378,13493,13464,0.002149262580597333,13766,13737,0.00210663954670931,12781,12754,0.0021125107581566605,15599,15566,0.0021155202256555317,17885,17849,0.002012859938495981,19594,19555,0.00199040522608962,,136410,136128,0.002067297118979572,1
SHV-HQ,PMT-46,126145,123914,0.017685996274128923,138987,136269,0.019555785792915836,131030,128391,0.020140425856674082,154617,151128,0.02256543588350568,162402,157867,0.027924532949101577,163669,158822,0.029614649078322675,145874,141914,0.027146715658719178,134649,131924,0.020237803474218108,119921,117975,0.01622734967186734,109382,107639,0.015934980161269707,123663,121392,0.018364425899420223,128538,125169,0.026210147971805986,,1638877,1602404,0.022254873306538525,53
SHV-HQ,PMT-460,0,0,,0,0,,0,0,,0,0,,0,0,,0,0,,0,0,,0,0,,0,0,,0,0,,0,0,,0,0,,,0,0,,0
SHV-HQ,PMT-461,0,2,0,0,2,0,0,2,0,0,2,0,0,2,0,0,2,0,0,2,0,0,3,0,0,2,0,0,2,0,0,3,0,0,2,0,,0,26,0,1
SHV-HQ,PMT-462,0,0,,0,0,,0,0,,0,0,,0,0,,0,0,,0,0,,0,0,,0,0,,0,0,,0,0,,0,0,,,0,0,,1
SHV-HQ,PMT-463,0,0,,0,0,,0,0,,0,0,,0,0,,0,0,,0,0,,0,0,,0,0,,0,0,,0,0,,0,0,,,0,0,,1
SHV-HQ,PMT-464,1568,1526,0.0267857142857143,2377,2377,0,2993,2992,0.0003341129301703827,5556,5553,0.0005399568034557545,5137,5136,0.00019466614755692113,5471,5470,0.00018278194114418334,5024,5023,0.0001990445859872958,5605,5602,0.0005352363960748896,5049,5048,0.00019805902158842592,4477,4476,0.00022336385972754336,4899,4897,0.0004082465809348568,4866,4865,0.0002055076037813519,,53022,52965,0.0010750254611293641,1
SHV-HQ,PMT-465,3112,3064,0.015424164524421635,3992,0,1,3646,7636,0,4006,4002,0.0009985022466300064,4876,4872,0.0008203445447088065,4551,4547,0.0008789277081959757,3708,3706,0.0005393743257821049,3998,3994,0.0010005002501251026,3499,3497,0.0005715918833952838,3404,3402,0.000587544065804968,4058,4055,0.0007392804337111869,3578,3576,0.0005589714924538747,,46428,46351,0.001658481950547075,1
SHV-HQ,PMT-467,52876,52869,0.00013238520311675828,45164,45159,0.00011070764325571414,46802,46796,0.00012819964958765695,58999,58992,0.00011864607874711997,65369,65365,6.119108445901134e-05,71063,71060,4.2216061804323246e-05,50726,50719,0.0001379962938138357,46330,46327,6.475285991802693e-05,55448,55443,9.017457798299322e-05,56471,56464,0.0001239574294771284,43593,43587,0.00013763677654665685,52722,52716,0.00011380448389664011,,645563,645497,0.00010223634254136194,1
SHV-HQ,PMT-468,0,0,,0,0,,0,0,,0,0,,0,0,,0,0,,0,0,,0,0,,0,0,,0,0,,0,0,,0,0,,,0,0,,0
SHV-HQ,PMT-469,32053,31997,0.001747106355099337,33483,33425,0.0017322223217752786,34288,34232,0.001633224451703219,36819,36759,0.0016295934164426429,40529,40463,0.0016284635692960236,39911,39843,0.001703790934829974,36835,36771,0.0017374779421746034,38045,37978,0.0017610724142462786,38190,38124,0.0017282010997643482,36836,36771,0.001764578130090122,40528,40461,0.001653178049743409,36463,36402,0.0016729287222664313,,443980,443226,0.0016982746970584106,1
SHV-HQ,PMT-470,0,0,,0,0,,0,0,,0,0,,0,0,,0,0,,0,0,,0,0,,0,0,,0,0,,0,0,,0,0,,,0,0,,0
SHV-HQ,PMT471,0,0,,0,0,,0,0,,0,0,,0,0,,0,0,,0,0,,0,0,,0,0,,0,0,,0,0,,0,0,,,0,0,,0
SHV-HQ,PMT-474,0,0,,0,0,,0,0,,0,0,,0,0,,0,0,,0,0,,0,0,,9648,9648,0,42596,42623,0,57525,57554,0,77104,77144,0,,186873,186969,0,1
SHV-HQ,PMT-475,730,732,0,600,602,0,928,930,0,971,973,0,1578,1581,0,1193,1194,0,1442,1445,0,1911,1912,0,1927,1930,0,2456,2458,0,3481,3483,0,6355,6357,0,,23572,23597,0,1
SHV-HQ,PMT-476,1200,1203,0,923,927,0,757,758,0,916,920,0,1060,1062,0,1285,1288,0,895,898,0,381,383,0,468,469,0,805,808,0,951,953,0,845,847,0,,10486,10516,0,1
SHV-HQ,PMT-477,207751,207745,2.888072740925285e-05,201478,201463,7.44498158607998e-05,198824,198808,8.047318231196865e-05,219549,219530,8.654104550687158e-05,234891,234872,8.08885823637695e-05,237902,237872,0.00012610234466292614,189469,189457,6.33348991128102e-05,186088,186082,3.2242809853366694e-05,203127,203118,4.430725605164554e-05,219896,219886,4.5476043220471496e-05,178248,178235,7.293209460979e-05,198038,198023,7.574303921464853e-05,,2475261,2475091,6.867962610812572e-05,1
SHV-HQ,PMT-478,158559,158526,0.0002081244205627275,158732,158700,0.00020159766146710112,145860,145820,0.0002742355683532649,174949,174884,0.00037153684788138186,200557,200459,0.000488639139995084,175367,175286,0.00046188849669548393,149297,148741,0.003724120377502582,149750,149720,0.00020033388981632871,146812,146777,0.0002384001307794703,126473,126448,0.00019767064907139087,142542,142490,0.0003648047592990089,143196,143137,0.00041202268219786564,,1872094,1870988,0.0005907823004613899,1
SHV-HQ,PMT-48,12749,12692,0.0044709388971684305,14986,14913,0.004871213132256802,20057,19901,0.00777783317545,20755,20749,0.00028908696699592173,24265,24254,0.00045332783845042357,21159,21077,0.003875419443262862,17000,16967,0.001941176470588224,19334,19324,0.0005172235440157325,18738,18594,0.007684918347742542,16618,16484,0.008063545553014806,18714,18574,0.007481030244736564,16707,16565,0.0084994313760699,,221082,220094,0.00446893008024174,11
SHV-HQ,PMT-480,102296,103297,0,89843,90715,0,92655,93568,0,104009,105047,0,106244,107313,0,101226,102248,0,93740,94681,0,86422,87285,0,92942,93866,0,95695,96639,0,82570,83376,0,93591,94498,0,,1141233,1152533,0,1
SHV-HQ,PMT-482,3491,3482,0.0025780578630765216,3442,3434,0.0023242300987798004,3612,3605,0.0019379844961240345,4371,4364,0.0016014641958361775,5228,5221,0.0013389441469012775,4765,4758,0.001469045120671586,3415,3408,0.0020497803806734938,2618,2611,0.002673796791443861,3178,3168,0.003146633102580232,3245,3235,0.0030816640986132127,2634,2625,0.003416856492027387,2876,2867,0.0031293463143254874,,42875,42778,0.002262390670553893,1
SHV-HQ,PMT-484,24173,24167,0.0002482108137177308,24786,24777,0.0003631082062454105,18776,18778,0,22117,22111,0.00027128453226021865,27308,27303,0.00018309652848980118,22061,22056,0.00022664430442864703,21207,21210,0,30908,30894,0.00045295716319404544,34587,34571,0.0004626015554977103,32777,32771,0.0001830551911401468,33562,33555,0.0002085692151838625,31126,31116,0.00032127481847976647,,323388,323309,0.0002442885945056483,1
SHV-HQ,PMT-485,72915,74854,0,83075,85080,0,82168,84145,0,90763,92858,0,89743,91843,0,89044,91170,0,81965,83981,0,90027,92177,0,87364,89476,0,84086,86116,0,93145,95341,0,89021,91115,0,,1033316,1058156,0,1
SHV-HQ,PMT-486,1587718,1586134,0.0009976582743282947,1614714,1604648,0.006233921301233569,1659981,1649624,0.006239228039357059,1937145,1924960,0.006290184782243968,1946611,1934489,0.006227232867789145,1995949,1983488,0.006243145491192426,1852231,1840583,0.006288632465389021,1982124,1969606,0.006315447469482205,1983847,1971322,0.0063134909093292,1927782,1915558,0.006340965939094723,2054899,2041914,0.006319045364273412,1938791,1926796,0.006186845307204369,,22481792,22349122,0.005901219973923788,1
SHV-HQ,PMT-487,0,0,,0,0,,0,0,,0,0,,0,0,,0,0,,0,0,,0,0,,0,0,,0,0,,898,1073,0,957,2097,0,,1855,3170,0,1
SHV-HQ,PMT-488,21492,21477,0.0006979341150195051,21625,21614,0.0005086705202311803,22055,22041,0.0006347766946270816,25241,25215,0.0010300701240045784,23511,23487,0.0010207987750414649,23055,23033,0.0009542398612014669,18621,18607,0.0007518393211964902,20074,20056,0.0008966822755803738,19179,19167,0.0006256843422492997,17553,17541,0.0006836438215689356,19645,19631,0.0007126495291422952,19303,19293,0.0005180541884680645,,251354,251162,0.0007638629184337775,1
SHV-HQ,PMT-489,413073,413087,0,386871,386882,0,383664,383677,0,439523,439539,0,429786,429809,0,0,0,,0,0,,0,0,,0,0,,0,0,,0,0,,0,0,,,2052917,2052994,0,1
SHV-HQ,PMT-49,14038,13832,0.014674455050576962,16441,16163,0.01690894714433433,18044,17686,0.01984039015739303,18696,18285,0.021983311938382544,20866,20378,0.023387328668647567,21703,21184,0.023913744643597634,21580,21056,0.024281742354031466,21885,21329,0.025405528901073837,22744,22157,0.025809004572634575,20426,19902,0.02565357877215313,22264,21671,0.026634926338483633,19558,19051,0.02592289600163611,,238245,232694,0.023299544586455112,4
SHV-HQ,PMT-491,110307,107004,0.029943702575539133,105732,102345,0.03203382135966404,108510,105019,0.03217215003225504,120219,115851,0.036333691013899605,121613,116583,0.041360709792538586,115812,111670,0.03576486029081616,97401,94384,0.030975041324011077,105645,102318,0.031492261820247,107079,103561,0.03285424779835444,101768,96117,0.05552826035689018,131310,130394,0.006975858655090983,128696,123468,0.04062286318145081,,1354092,1308714,0.033511755478948246,169
SHV-HQ,PMT-493,48582,48564,0.0003705075954056891,45150,45133,0.00037652270210408734,45274,45258,0.0003534037195741524,50136,50118,0.00035902345619909237,51573,51555,0.0003490198359606955,51022,51003,0.000372388381482458,42366,42351,0.0003540574989377987,40895,40881,0.00034234013938139185,46290,46274,0.00034564700799311066,43496,43481,0.00034485929740668553,39628,39614,0.000353285555667715,46181,46164,0.0003681167579741018,,550593,550396,0.0003577960489872245,1
SHV-HQ,PMT-494,17307,17144,0.009418154503957887,18801,18628,0.009201638210733498,18826,18707,0.006321045362796096,12591,20351,0,32768,24611,0.248931884765625,22780,21867,0.04007901668129943,15948,15746,0.012666165036368193,15330,15153,0.011545988258316986,16217,988496,0,14680,-958022,66.26035422343324,17177,17047,0.007568259882400841,16604,16407,0.011864610937123543,,219029,216135,0.013212862223723754,69
SHV-HQ,PMT-495,0,0,,0,0,,0,0,,0,0,,0,0,,0,0,,0,0,,0,0,,0,0,,0,0,,0,0,,0,0,,,0,0,,0
SHV-HQ,PMT-496,0,0,,0,0,,0,0,,0,0,,0,0,,0,0,,0,0,,0,0,,0,0,,0,0,,0,0,,0,0,,,0,0,,0
SHV-HQ,PMT-498,61111,61082,0.00047454631735699415,61423,61399,0.0003907331130033054,59547,59523,0.0004030429744571462,64211,64183,0.0004360623569170663,77283,77252,0.00040112314480544864,73714,73680,0.00046124209783759973,56016,55993,0.0004105969722936198,50959,50934,0.0004905904746953516,55005,54984,0.00038178347422956893,65181,65151,0.00046025682330741446,74119,74091,0.00037777088196011555,87061,87424,0,,785630,785696,0,1
SHV-HQ,PMT-499,460706,460525,0.00039287528271825245,425100,424920,0.0004234297812280019,426772,426592,0.0004217708753151417,420381,420197,0.0004376981833146276,457117,456907,0.0004594009848681857,0,0,,0,0,,0,0,,0,0,,0,0,,0,0,,0,0,,,2190076,2189141,0.00042692582357872766,1
SHV-HQ,PMT-50,5845,6080,0,7546,7680,0,6145,6400,0,5067,5280,0,5916,6160,0,6955,7200,0,5520,5680,0,6193,6400,0,5685,5840,0,4965,5280,0,4994,5200,0,5122,5360,0,,69953,72560,0,1
SHV-HQ,PMT-500,843,843,0,762,761,0.001312335958005284,770,769,0.0012987012987012436,826,827,0,752,751,0.0013297872340425343,807,806,0.0012391573729864103,812,812,0,783,782,0.0012771392081737387,799,800,0,816,815,0.001225490196078427,831,831,0,781,780,0.001280409731113985,,9582,9577,0.0005218117303277259,1
SHV-HQ,PMT-501,610100,609830,0.0004425504015734827,573770,572640,0.001969430259511684,587250,587910,0,629610,629370,0.00038118835469580503,649920,649680,0.00036927621861149174,659660,659500,0.0002425491920080569,623610,623380,0.0003688202562498466,542830,542670,0.00029475157968428256,593570,593340,0.00038748589045944914,606270,606010,0.00042885183169216745,519870,519630,0.00046165387500718413,565690,565440,0.00044193816401205677,,7162150,7159400,0.00038396291616349387,1
SHV-HQ,PMT-503,0,0,,0,0,,0,0,,0,0,,0,0,,0,0,,0,0,,0,0,,0,0,,0,0,,0,0,,0,0,,,0,0,,0
SHV-HQ,PMT-504,2413,2409,0.0016576875259013413,3600,3595,0.001388888888888884,3980,3974,0.0015075376884422509,4147,4140,0.0016879672052085848,2895,2890,0.0017271157167529916,3381,3375,0.0017746228926353025,3051,3045,0.001966568338249708,2841,2836,0.0017599436818022118,3006,2999,0.0023286759813705427,2688,2682,0.0022321428571429047,2495,2490,0.002004008016032066,2998,2993,0.0016677785190126748,,37495,37428,0.0017869049206561405,1
SHV-HQ,PMT505,0,0,,0,0,,0,0,,0,0,,0,0,,0,0,,0,0,,0,0,,0,0,,0,0,,0,0,,0,0,,,0,0,,0
SHV-HQ,PMT-506,57405,57425,0,58364,58385,0,54351,54372,0,63030,63053,0,69089,69116,0,73373,73398,0,64170,64192,0,63112,63130,0,61654,61675,0,55965,55982,0,60335,60354,0,60155,60176,0,,741003,741258,0,1
SHV-HQ,PMT507,0,0,,0,0,,0,0,,0,0,,0,0,,0,0,,0,0,,0,0,,0,0,,0,0,,0,0,,0,0,,,0,0,,0
SHV-HQ,PMT-508,50826,50868,0,71469,71510,0,67169,67209,0,66015,66054,0,65746,65788,0,71078,71118,0,61600,61628,0,78229,78250,0,81924,81953,0,88584,88610,0,71799,71824,0,81516,81554,0,,855955,856366,0,1
SHV-HQ,PMT509,0,0,,0,0,,0,0,,0,0,,0,0,,0,0,,0,0,,0,0,,0,0,,0,0,,0,0,,0,0,,,0,0,,0
SHV-HQ,PMT51,0,0,,0,0,,0,0,,0,0,,0,0,,0,0,,0,0,,0,0,,0,0,,0,0,,0,0,,0,0,,,0,0,,0
SHV-HQ,PMT-510,113413,110566,0.025102942343470325,118889,116402,0.020918672038624297,129073,125208,0.02994429508882568,123789,120190,0.029073665673040372,160469,155473,0.03113373922689122,140258,136421,0.027356728314962386,128819,125630,0.02475566492520509,119276,116478,0.02345819779335323,132753,129538,0.024217908446513503,86816,84575,0.025813214154073005,99366,96833,0.025491616850834342,99675,97011,0.026726862302483112,,1452596,1414325,0.026346623562229277,91
SHV-HQ,PMT-511,56,56,0,75,75,0,60,59,0.01666666666666672,52,52,0,57,58,0,57,56,0.01754385964912286,70,68,0.02857142857142858,67,65,0.02985074626865669,76,74,0.02631578947368418,75,73,0.026666666666666616,68,66,0.02941176470588236,55,53,0.036363636363636376,,768,755,0.01692708333333337,1
SHV-HQ,PMT-512,52807,51393,0.0267767530819778,53195,51743,0.02729579847730046,54722,53239,0.02710061766748295,63639,61687,0.030673014975093893,67408,65485,0.028527771184429174,61374,59679,0.027617557923550695,51847,50720,0.021737033965321007,56997,55486,0.026510167201782564,49500,48234,0.025575757575757585,51229,49381,0.03607331784731305,56713,54776,0.03415442667466018,52653,51040,0.030634531745579507,,672084,652863,0.028599103683468186,170
SHV-HQ,PMT-513,37881,37360,0.013753596789947475,35666,35240,0.0119441484887568,38734,38114,0.016006609180564846,42107,41498,0.014463153394922434,41904,41204,0.016704849179075998,40209,39638,0.014200800815737824,36845,36329,0.014004613923191744,37393,36871,0.013959832054127763,42027,41427,0.014276536512242144,35848,35278,0.01590046864539163,38028,37484,0.014305248764068579,36681,36364,0.008642076279272604,,463323,456807,0.014063623001664083,19
SHV-HQ,PMT-514,34780,34788,0,32999,33007,0,28092,28097,0,33642,33646,0,41613,41620,0,41913,41921,0,36863,36869,0,35749,35754,0,33923,33928,0,26697,26702,0,23187,23191,0,23563,23569,0,,393021,393092,0,1
SHV-HQ,PMT-515,15720,15735,0,17355,17369,0,19263,19278,0,21614,21633,0,21477,21496,0,20494,20513,0,17919,17937,0,16097,16112,0,18734,18752,0,17447,17463,0,18171,18187,0,18931,18948,0,,223222,223423,0,1
SHV-HQ,PMT-516,25970,25973,0,23097,23099,0,24658,24661,0,22800,22803,0,25494,25496,0,23929,23931,0,20246,20247,0,21141,21144,0,23917,23920,0,23803,23806,0,24011,24015,0,26713,26717,0,,285779,285812,0,1
SHV-HQ,PMT-517,3039,3036,0.000987166831194486,3072,3071,0.00032552083333337034,3239,3236,0.0009262117937635095,3047,3046,0.0003281916639317206,4459,4457,0.0004485310607759141,3639,3637,0.0005496015388842812,3127,3125,0.0006395906619763858,3199,3196,0.0009377930603313711,3728,3726,0.0005364806866953176,3211,3209,0.0006228589224540615,3536,3534,0.0005656108597285048,3551,3550,0.00028161081385524867,,40847,40823,0.0005875584498249431,1
SHV-HQ,PMT-518,271030,271022,2.9517027635317383e-05,251080,251062,7.16902979129852e-05,235889,243876,0,314041,296054,0.05727596078219088,365919,375932,0,397197,397201,0,309371,309338,0.0001066680458090552,297302,297255,0.00015808840841968763,344064,344027,0.00010753813244046562,328581,328531,0.00015216948028040633,289369,289333,0.0001244086270471012,342682,342654,8.170840604404539e-05,,3746525,3746285,6.405936167519499e-05,1
SHV-HQ,PMT-519,2176,2175,0.0004595588235294379,11950,11948,0.00016736401673644874,11850,11848,0.00016877637130796597,15553,15551,0.00012859255449104712,17738,17739,0,17182,17185,0,15838,15840,0,18264,18266,0,19734,19732,0.00010134792743488052,20030,20038,0,20295,20297,0,20136,20137,0,,190746,190756,0,1
SHV-HQ,PMT52,0,0,,0,0,,0,0,,0,0,,0,0,,0,0,,0,0,,0,0,,0,0,,0,0,,0,0,,0,0,,,0,0,,0
SHV-HQ,PMT-520,25744,25741,0.00011653200745809222,25492,25490,7.845598619171668e-05,24707,24708,0,27572,27580,0,27554,27561,0,27813,27824,0,22330,22341,0,21575,21586,0,24079,24090,0,22313,22323,0,23759,23768,0,25853,25859,0,,298791,298871,0,1
SHV-HQ,PMT-521,87078,86171,0.010415948919359708,91889,90529,0.014800465779364225,97687,96204,0.015181139762711515,108713,106959,0.016134224977693568,119786,117537,0.01877514901574473,123398,121152,0.018201267443556657,103996,102334,0.015981383899380752,99993,98465,0.01528106967487719,104729,103047,0.016060499002186646,100008,98539,0.014688824894008468,87824,86554,0.014460739661140476,99155,97720,0.014472290857747927,,1224256,1205211,0.01555638689947203,85
SHV-HQ,PMT-522,4056,4056,0,4238,4237,0.00023596035865969256,2972,2971,0.0003364737550470842,2996,2995,0.00033377837116155273,7697,7694,0.0003897622450305116,17023,17020,0.00017623215649420487,17838,17834,0.00022424038569346383,18121,18118,0.00016555377738536325,16277,17529,0,0,19386,0,19677,24329,0,22645,22686,0,,133540,158855,0,1
SHV-HQ,PMT-523,11966,11972,0,11363,11370,0,10381,10386,0,12824,12831,0,17952,17960,0,15995,16002,0,11645,11652,0,11950,11957,0,14828,14836,0,14694,14702,0,12956,12965,0,13807,13814,0,,160361,160447,0,1
SHV-HQ,PMT-524,123431,121506,0.015595757953836609,130810,129486,0.010121550340188024,142714,141058,0.011603626834087777,148666,146851,0.012208574926344973,167646,165346,0.013719384894360753,153319,151461,0.012118524122907148,120476,120742,0,128530,125681,0.02216603127674477,133603,130746,0.02138425035365976,119289,119637,0,139576,137811,0.012645440476872771,131463,129850,0.012269611982078654,,1639523,1620175,0.011800993337696353,118
SHV-HQ,PMT-525,0,0,,0,0,,0,0,,0,0,,0,0,,0,0,,0,0,,0,0,,0,0,,0,0,,0,0,,0,0,,,0,0,,0
SHV-HQ,PMT-526,126440,120697,0.04542075292628911,121144,114885,0.0516657861718286,121197,115359,0.04816950914626594,130443,124519,0.045414472221583346,157264,150061,0.04580196357716959,136280,130590,0.04175227472850018,113828,109630,0.03688020522191382,118297,114292,0.03385546548095053,125166,120222,0.0394995446047649,116470,112341,0.03545118914741996,129064,123740,0.04125085229033654,132893,127351,0.04170272324351165,,1528486,1463687,0.0423942384817394,214
SHV-HQ,PMT-527,56512,56507,8.847678369194867e-05,62882,62877,7.951401036865313e-05,60993,60990,4.918597216074794e-05,67297,67302,0,70935,70923,0.00016916895749630179,58901,58901,0,52034,52034,0,58414,58414,0,58426,58424,3.4231335364398596e-05,28444,28443,3.515679932497573e-05,24809,24808,4.030795275911103e-05,26100,26098,7.662835249044875e-05,,625747,625721,4.155033903474603e-05,1
SHV-HQ,PMT-528,0,0,,0,0,,0,0,,0,0,,0,0,,0,0,,0,0,,0,0,,0,0,,0,0,,0,0,,0,0,,,0,0,,1
SHV-HQ,PMT-529,121970,120520,0.011888169221939804,119170,117798,0.011512964672316883,119342,117964,0.011546647450185188,136101,134349,0.012872792999316651,141051,139158,0.013420677627241195,127111,125132,0.015569069553382442,105617,104157,0.013823532196521437,121102,119372,0.014285478357087378,117037,115222,0.015507916299973501,117497,115830,0.014187596279053971,123236,120434,0.022736862605082897,120165,117642,0.020996130320808937,,1469399,1447578,0.014850289131815075,58
SHV-HQ,PMT-530,0,0,,0,0,,0,0,,4918,5580,0,43331,44740,0,63175,64830,0,69566,71270,0,58402,60000,0,41943,43420,0,18849,20270,0,15023,16270,0,18766,20120,0,,333973,346500,0,1
SHV-HQ,PMT-533,36376,36377,0,43147,43150,0,45792,45797,0,47876,47883,0,50307,50313,0,46936,46938,0,37782,37785,0,40963,40965,0,41746,41748,0,43731,43733,0,45544,45545,0,45276,45278,0,,525476,525512,0,1
SHV-HQ,PMT-535,82894,82893,1.2063599295508709e-05,78184,78182,2.5580681469405953e-05,80354,80353,1.2444931179578234e-05,78444,78445,0,92299,92296,3.250306070490261e-05,87362,87361,1.1446624390454296e-05,90563,90562,1.1042037034947327e-05,85837,85838,0,92808,92809,0,98192,98193,0,76569,76570,0,83403,83401,2.397995275948972e-05,,1026909,1026903,5.842776721221021e-06,1
SHV-HQ,PMT-536,55995,55975,0.00035717474774532576,54708,54688,0.0003655772464721263,52946,52927,0.0003588561931023859,60725,60703,0.00036228900782220297,66027,66006,0.0003180517061202037,66323,66304,0.0002864767878413277,61938,61920,0.00029061319383905104,56690,56673,0.000299876521432374,71090,71069,0.00029540019693341524,64487,64467,0.00031014002822271625,57971,57950,0.00036225009056256585,68837,68812,0.0003631767799293639,,737737,737494,0.00032938567538298713,1
SHV-HQ,PMT-537,0,0,,0,0,,0,0,,0,0,,0,0,,0,0,,0,0,,0,0,,0,0,,0,0,,0,0,,0,0,,,0,0,,1
SHV-HQ,PMT538,0,0,,0,0,,0,0,,0,0,,0,0,,0,0,,0,0,,0,0,,0,0,,0,0,,0,0,,0,0,,,0,0,,0
SHV-HQ,PMT-539,31110,31106,0.00012857602057214645,27866,27862,0.00014354410392591888,26298,26295,0.00011407711613053984,32207,32204,9.314745241717493e-05,31524,31523,3.172186270772315e-05,32309,32306,9.285338450581992e-05,28348,28344,0.00014110342881334947,23041,23038,0.0001302026821752289,26302,26298,0.0001520796897573895,26828,26821,0.00026092142537648133,28353,28346,0.0002468874545903388,25117,25115,7.962734402988669e-05,,339303,339258,0.0001326248220616666,1
SHV-HQ,PMT54,0,0,,0,0,,0,0,,0,0,,0,0,,0,0,,0,0,,0,0,,0,0,,0,0,,0,0,,0,0,,,0,0,,0
SHV-HQ,PMT-540,8343,8345,0,7361,7363,0,6971,6973,0,3889,3905,0,4669,4689,0,7221,7230,0,6914,6922,0,6443,6449,0,7317,7327,0,7829,7836,0,9316,9320,0,8362,8364,0,,84635,84723,0,1
SHV-HQ,PMT-541,13676,13609,0.004899093302135116,14694,14627,0.004559684224853644,17858,17742,0.00649568820696611,28912,28692,0.007609297177642471,31335,31135,0.006382639221317987,35788,35566,0.006203196602213024,26462,26274,0.007104527246617809,26516,26331,0.00697691959571578,29735,29533,0.0067933411804270705,29143,28893,0.008578389321621027,29070,28904,0.005710354317165489,37893,37768,0.003298762304383418,,321082,319074,0.006253854155636285,8
SHV-HQ,PMT542,0,0,,0,0,,0,0,,0,0,,0,0,,0,0,,0,0,,0,0,,0,0,,0,0,,0,0,,0,0,,,0,0,,0
SHV-HQ,PMT543,0,0,,0,0,,0,0,,0,0,,0,0,,0,0,,0,0,,0,0,,0,0,,0,0,,0,0,,0,0,,,0,0,,0
SHV-HQ,PMT544,0,0,,0,0,,0,0,,0,0,,0,0,,0,0,,0,0,,0,0,,0,0,,0,0,,0,0,,0,0,,,0,0,,0
SHV-HQ,PMT545,0,0,,0,0,,0,0,,0,0,,0,0,,0,0,,0,0,,0,0,,0,0,,0,0,,0,0,,0,0,,,0,0,,0
SHV-HQ,PMT-546,655,651,0.006106870229007688,632,628,0.006329113924050667,623,620,0.0048154093097912964,622,619,0.004823151125401881,640,636,0.006249999999999978,587,584,0.005110732538330498,530,527,0.005660377358490565,555,552,0.00540540540540535,591,583,0.013536379018612488,575,568,0.012173913043478257,579,572,0.012089810017271163,385,379,0.01558441558441559,,6974,6919,0.007886435331230235,1
SHV-HQ,PMT547,0,0,,0,0,,0,0,,0,0,,0,0,,0,0,,0,0,,0,0,,0,0,,0,0,,0,0,,0,0,,,0,0,,0
SHV-HQ,PMT-548,229,228,0.004366812227074246,249,249,0,233,232,0.0042918454935622075,246,245,0.004065040650406471,230,230,0,171,170,0.005847953216374324,167,167,0,162,162,0,164,163,0.0060975609756097615,135,135,0,150,149,0.00666666666666671,138,137,0.007246376811594235,,2274,2267,0.0030782761653473933,1
SHV-HQ,PMT-549,6831,6813,0.0026350461133070047,12455,12430,0.0020072260136491105,46915,46814,0.0021528295854204016,41601,41509,0.0022114853008341484,45860,45758,0.0022241604884430943,69560,69433,0.0018257619321448981,68987,68860,0.0018409265513792405,83307,83166,0.0016925348410097296,99310,99159,0.001520491390595069,92751,92604,0.00158488857262995,108047,107859,0.0017399835256879381,104636,104439,0.001882717229251929,,780260,778844,0.0018147796888217105,1
SHV-HQ,PMT-55,0,0,,0,0,,0,0,,0,36,0,0,30,0,0,39,0,0,28,0,0,27,0,0,33,0,0,49,0,0,53,0,0,47,0,,0,342,0,2
SHV-HQ,PMT-550,16683,16680,0.0001798237727027585,16461,16459,0.00012149930137905773,16724,16720,0.00023917723032762517,16075,16074,6.220839813375623e-05,20685,20683,9.668842156151936e-05,19930,19929,5.017561465125997e-05,16003,16003,0,17056,17053,0.0001758911819887965,16037,16037,0,14293,14291,0.00013992863639544773,16324,16322,0.00012251899044346537,16195,16193,0.0001234949058351864,,202466,202444,0.00010866021949362814,1
SHV-HQ,PMT-551,487130,487089,8.416644427566844e-05,481049,480991,0.0001205698379999065,458531,458590,0,423153,423250,0,489556,489840,0,0,0,,0,0,,0,0,,0,0,,0,0,,0,0,,0,0,,,2339419,2339760,0,1
SHV-HQ,PMT-552,1195,1172,0.019246861924686165,911,892,0.020856201975850697,929,913,0.017222820236813763,881,863,0.020431328036322416,1239,1224,0.01210653753026636,1089,1079,0.009182736455463747,1013,998,0.014807502467917066,1066,1012,0.05065666041275796,1148,677,0.4102787456445993,814,1287,0,976,979,0,1279,1281,0,,12540,12377,0.012998405103668231,1
SHV-HQ,PMT-553,4592,4599,0,4617,4626,0,4519,4526,0,4822,4830,0,4946,4954,0,4540,4548,0,4307,4316,0,3953,3960,0,4640,4648,0,3721,3724,0,4562,4577,0,4428,4436,0,,53647,53744,0,1
SHV-HQ,PMT-554,17641,17650,0,16401,16408,0,14088,14094,0,16996,17002,0,16988,16995,0,17535,17543,0,17495,17502,0,18980,18988,0,16934,16942,0,13004,13011,0,4547,4551,0,888,889,0,,171497,171575,0,1
SHV-HQ,PMT-555,49638,49653,0,50721,50734,0,47801,47815,0,47914,47928,0,66072,66095,0,75551,75575,0,59077,59094,0,53207,53222,0,57466,57483,0,51615,51630,0,42686,42697,0,56268,56281,0,,658016,658207,0,1
SHV-HQ,PMT-556,0,0,,0,0,,0,0,,0,0,,0,0,,0,0,,0,0,,0,0,,0,0,,0,0,,0,0,,0,0,,,0,0,,1
SHV-HQ,PMT-558,25058,25055,0.00011972224439305013,23518,23517,4.252062250187372e-05,27105,27102,0.00011068068622022142,27155,27152,0.00011047689191678867,36730,36727,8.167710318540689e-05,33575,33571,0.00011913626209980599,26552,26549,0.00011298583910812621,25829,25824,0.00019358085872467345,29599,29596,0.00010135477549921834,28678,28675,0.00010460980542581488,31160,31158,6.418485237480454e-05,30499,30495,0.00013115184104395272,,345458,345421,0.0001071041921160143,1
SHV-HQ,PMT-559,6337,6335,0.0003156067539845653,6785,6783,0.00029476787030213725,6452,6450,0.000309981401115933,8393,8392,0.00011914690813774609,8764,8762,0.00022820629849384932,8101,8100,0.00012344155042587346,6019,6016,0.0004984216647283546,6700,6700,0,6807,6805,0.00029381519024529457,6701,6700,0.00014923145799139448,6687,6685,0.0002990877822640625,6637,6636,0.00015067048365224878,,84383,84364,0.0002251638363177655,1
SHV-HQ,PMT-560,233520,233972,0,209080,209419,0,201426,201772,0,234482,234949,0,243851,244416,0,236237,236724,0,186811,187098,0,177335,177610,0,196661,196976,0,194852,195156,0,286848,143647,0.4992225847835787,269588,273955,0,,2670691,2535694,0.050547592364672655,1
SHV-HQ,PMT-561,157609,153193,0.028018704515605064,156066,151676,0.02812912485743213,153981,149642,0.028178801280677512,171019,166210,0.02811968260836517,197929,191540,0.03227925165084444,187673,181704,0.03180532095719679,159134,155102,0.02533713725539477,159078,154810,0.026829605602283202,171956,166787,0.030060015352764702,149284,145407,0.025970633155596,160152,155793,0.027217893001648452,166068,161517,0.02740443673675841,,1989949,1933381,0.028426859180813224,96
SHV-HQ,PMT-562,26459,26529,0,28856,28925,0,23999,24050,0,29698,29768,0,30249,30326,0,28919,28988,0,25120,25178,0,22862,22910,0,26046,26101,0,22192,22230,0,23109,23144,0,25189,25234,0,,312698,313383,0,1
SHV-HQ,PMT-563,30973,30944,0.0009362993575049439,29294,29266,0.0009558271318358402,26940,26914,0.0009651076466221653,35005,34968,0.001056991858305989,37987,37949,0.0010003422223392455,37644,37607,0.0009828923600042616,28338,28310,0.0009880725527560141,27159,27133,0.0009573253801686832,30540,30508,0.0010478061558611973,32264,32231,0.0010228118026283095,27683,27655,0.0010114510710544922,30334,30305,0.0009560229445506607,,374161,373790,0.0009915517651492012,1
SHV-HQ,PMT-564,0,0,,0,0,,0,0,,0,0,,0,0,,0,0,,0,0,,0,0,,0,0,,0,0,,0,0,,0,0,,,0,0,,1
SHV-HQ,PMT-565,366365,365337,0.002805944891023926,367397,366349,0.002852500156506399,355166,354149,0.0028634497671511383,373102,372061,0.002790121736147233,374355,373308,0.0027968105140842026,0,0,,0,0,,0,0,,0,0,,0,0,,0,0,,0,0,,,1836385,1831204,0.002821303811564535,1
SHV-HQ,PMT566,0,0,,0,0,,0,0,,0,0,,0,0,,0,0,,0,0,,0,0,,0,0,,0,0,,0,0,,0,0,,,0,0,,0
SHV-HQ,PMT567,0,0,,0,0,,0,0,,0,0,,0,0,,0,0,,0,0,,0,0,,0,0,,0,0,,0,0,,0,0,,,0,0,,0
SHV-HQ,PMT-569,79640,79741,0,89346,89448,0,88019,88117,0,103269,103361,0,113661,113753,0,116800,116900,0,98018,98109,0,102170,102254,0,104195,104287,0,101244,101322,0,113066,113142,0,99300,99363,0,,1208728,1209797,0,1
SHV-HQ,PMT-570,56572,55725,0.014972070989181963,63622,62498,0.017666844802112447,72773,71275,0.020584557459497388,82232,80452,0.021646074520867753,91457,89359,0.02293974217391781,83758,81934,0.021777024284247437,72452,71049,0.019364544802075834,74706,73136,0.021015714935881946,66358,65099,0.018972844268965283,59215,58132,0.018289284809592132,61687,60572,0.018075121176260756,63791,62500,0.020237964603157188,,848623,831731,0.01990518758035076,57
SHV-HQ,PMT-571,15289,15284,0.00032703250703114417,19511,19506,0.00025626569627390516,17844,17839,0.000280206231786595,18496,18491,0.0002703287197232118,28342,28386,0,34720,34709,0.00031682027649770905,0,36405,0,16432,33719,0,35635,35704,0,34928,34995,0,36786,36857,0,43553,43644,0,,301536,355539,0,1
SHV-HQ,PMT-572,0,0,,0,0,,0,0,,0,0,,0,0,,0,0,,3863,4532,0,3608,3646,0,3360,3324,0.010714285714285676,2471,2473,0,2020,2022,0,1812,1814,0,,17134,17811,0,1
SHV-HQ,PMT-573,137106,135337,0.01290242586028334,138912,137210,0.012252361207095164,123543,121868,0.01355803242595699,138307,137090,0.008799265402329559,159705,156845,0.01790801790801788,137148,135110,0.014859859421938348,117395,114085,0.028195408663060584,117272,117528,0,134394,131188,0.023855231632364582,124156,122985,0.009431682721737222,134151,132855,0.009660755417402744,147040,145629,0.009596028291621317,,1609129,1587730,0.013298498753052113,104
SHV-HQ,PMT-574,4377,4378,0,4254,4256,0,4015,4016,0,4304,4305,0,4096,4098,0,4079,4080,0,3631,3626,0.0013770311209033714,3962,3964,0,4154,4161,0,4135,4129,0.0014510278113664121,4285,4292,0,4150,4152,0,,49442,49457,0,1
SHV-HQ,PMT-575,0,0,,0,0,,0,0,,0,0,,0,0,,0,0,,0,0,,0,1,0,0,0,,0,0,,0,0,,0,0,,,0,1,0,0
SHV-HQ,PMT-576,1789,1785,0.0022358859698154987,1630,1624,0.0036809815950920033,1492,1486,0.004021447721179627,1364,1359,0.003665689149560114,817,813,0.004895960832313362,0,0,,0,0,,0,0,,0,0,,0,0,,0,0,,0,0,,,7092,7067,0.0035250987027636294,0
SHV-HQ,PMT-577,5293,5293,0,5078,5078,0,4154,4154,0,4476,4475,0.00022341376228773857,4053,4053,0,3747,3747,0,3449,3448,0.00028993911278629714,4603,4603,0,4703,4701,0.0004252604720391684,4377,4376,0.00022846698652045916,3277,3275,0.0006103143118706411,3823,3822,0.0002615746795709972,,51033,51025,0.00015676131130837323,1
SHV-HQ,PMT-578,0,0,,0,0,,0,0,,0,0,,0,0,,0,0,,0,0,,0,0,,0,0,,0,0,,0,0,,0,0,,,0,0,,1
SHV-HQ,PMT-579,73200,72383,0.011161202185792307,76800,76179,0.008085937499999973,75360,74381,0.012990976645435248,71400,70334,0.014929971988795532,83880,82666,0.014473056747734914,94680,93348,0.014068441064638781,84960,83829,0.013312146892655363,77640,76866,0.009969088098918055,82440,81649,0.009594856865599244,93120,92354,0.008225945017182101,82440,81291,0.013937409024745273,96840,95205,0.016883519206939313,,992760,980485,0.012364519118417294,94
SHV-HQ,PMT-58,22622,22618,0.00017681902572719288,24739,24733,0.00024253203443957982,22210,22204,0.00027014858171992007,22629,22623,0.0002651464934376735,26017,26011,0.00023061844178806634,27676,27667,0.0003251915016621032,22168,22177,0,21923,21925,0,24410,24414,0,25642,25637,0.0001949925902815508,22397,22387,0.00044648836897798194,20603,20598,0.0002426831044022304,,283036,282994,0.00014839101739705374,1
SHV-HQ,PMT-580,87755,85550,0.02512677340322489,91080,88777,0.02528546332894155,99555,96843,0.027241223444327223,102597,96155,0.06278936031267968,161760,156777,0.030804896142433202,143723,138588,0.03572844986536605,132169,128825,0.025300940462589572,129728,126154,0.02754995066600885,145942,141112,0.03309533924435737,123644,120252,0.027433599689430932,128822,124707,0.031943301609973496,141642,137579,0.02868499456375939,,1488417,1441319,0.03164301402093639,116
SHV-HQ,PMT-581,37509,37464,0.001199712069103409,40476,40427,0.0012105939322067938,36236,36193,0.0011866651948339024,18754,18748,0.00031993174789379797,16341,16337,0.00024478306101216596,26757,26741,0.0005979743618492739,41354,41313,0.000991439763988966,43484,43437,0.0010808573268328292,42613,42566,0.001102949804050457,41284,41237,0.0011384555760101112,41162,41117,0.0010932413390991602,20548,20531,0.0008273311271169703,,406518,406111,0.0010011856793549212,1
SHV-HQ,PMT-583,6186,6190,0,6420,6424,0,6368,6374,0,6352,6368,0,6358,6364,0,6813,6824,0,6346,6353,0,6251,6262,0,6061,6068,0,5864,5867,0,6079,6079,0,5749,5758,0,,74847,74931,0,3
SHV-HQ,PMT-586,0,0,,0,0,,0,0,,0,0,,0,0,,0,0,,0,0,,0,0,,0,0,,0,0,,0,0,,0,0,,,0,0,,1
SHV-HQ,PMT-587,156758,156737,0.0001339644547646568,150137,150121,0.00010656933334218799,124878,124864,0.0001121094187926941,71226,71207,0.00026675652149499296,70256,70237,0.0002704395354133915,65436,65416,0.00030564215416595264,52295,52276,0.0003633234534849983,54825,54807,0.00032831737346106227,65846,65830,0.00024299122194215705,63874,63844,0.0004696746720105338,61381,61359,0.0003584170997540381,69089,69069,0.0002894816830465441,,1006001,1005767,0.00023260414254056005,1
SHV-HQ,PMT-588,51491,51448,0.0008350973956613439,50426,50383,0.000852734700352964,57932,57883,0.0008458192363460793,72554,72486,0.000937232957521239,66517,66452,0.0009771938000812108,74184,74115,0.0009301197023616758,60724,60676,0.0007904617614122866,67394,67336,0.000860610736860834,67659,67604,0.0008128999837420103,66191,66137,0.0008158208819930568,66936,66879,0.000851559698816784,57031,56982,0.0008591818484683378,,759039,758381,0.0008668856277477266,1
SHV-HQ,PMT-589,42563,42561,4.698916899659178e-05,40779,40777,4.904485151668858e-05,43572,43569,6.885155604519078e-05,47373,47365,0.00016887256454101163,47212,47197,0.0003177158349572107,48165,48156,0.00018685767673620735,42298,42295,7.092533925956435e-05,40706,40705,2.456640298731383e-05,45027,45020,0.0001554622781886339,41293,41287,0.0001453030780035336,42781,42776,0.00011687431336337983,40342,40336,0.00014872837241586279,,522111,522044,0.00012832520287830995,1
SHV-HQ,PMT-590,3107,3090,0.005471515931766979,3019,3003,0.005299768135144101,2250,2234,0.007111111111111068,1530,1512,0.0117647058823529,1259,1244,0.011914217633042123,1914,1883,0.016196447230929945,3445,3462,0,5915,5913,0.00033812341504646515,6050,6047,0.0004958677685950041,5272,5266,0.0011380880121396597,6181,6177,0.0006471444750040245,7259,5767,0.20553795288607246,,47201,45598,0.03396114489099811,5
SHV-HQ,PMT-591,0,0,,0,0,,0,0,,0,0,,0,0,,0,0,,0,0,,0,0,,0,0,,0,0,,0,0,,0,0,,,0,0,,0
SHV-HQ,PMT-592,0,0,,0,0,,0,0,,0,0,,0,0,,2660,2660,0,6337,6336,0.00015780337699222713,6208,6208,0,6138,6138,0,7387,7388,0,5778,5778,0,7096,7098,0,,41604,41606,0,1
SHV-HQ,PMT-593,0,0,,0,0,,0,0,,0,0,,0,0,,0,0,,0,0,,0,0,,0,0,,1162,1164,0,1779,1784,0,1209,1212,0,,4150,4160,0,1
SHV-HQ,PMT-594,0,0,,0,0,,0,0,,0,0,,0,0,,0,0,,0,0,,1910,5629,0,22883,24065,0,28312,29601,0,25085,26133,0,29576,30854,0,,107766,116282,0,1
SHV-HQ,PMT-595,0,0,,0,0,,0,0,,0,0,,0,0,,0,0,,0,0,,0,0,,0,0,,0,0,,0,0,,0,0,,,0,0,,1
SHV-HQ,PMT-596,83690,83651,0.00046600549647513034,86808,86765,0.0004953460510551677,79449,79407,0.0005286410149907272,96102,96050,0.0005410917566751605,96205,96151,0.0005613013876617501,89158,89109,0.0005495861279974923,76778,76736,0.000547031701789602,87319,87271,0.000549708539951177,88178,88129,0.0005556941640771917,88798,88748,0.0005630757449491819,99580,99528,0.0005221932114882755,90805,90761,0.00048455481526343824,,1062870,1062306,0.0005306387422733261,1
SHV-HQ,PMT-597,38619,38310,0.008001242911520268,40646,40478,0.004133248044087989,35394,35242,0.004294513194326721,37183,36971,0.005701530269209054,47991,47404,0.012231460065428967,50397,49742,0.012996805365398711,41993,41598,0.009406329626366339,40497,40067,0.010618070474356145,36022,35261,0.021125978568652504,38718,38915,0,41385,40958,0.010317747976319902,41393,41053,0.008213949218466854,,490238,485999,0.00864682052390875,34
SHV-HQ,PMT-598,108600,106663,0.017836095764272586,114000,111641,0.020692982456140374,114600,111933,0.023272251308900538,130400,127470,0.022469325153374187,135868,132312,0.02617246150675656,131063,127645,0.026079061214835608,107803,106307,0.013877164828437039,115917,113282,0.022731782223487484,115286,113021,0.019646791457765933,103089,100744,0.02274733482718816,121504,118538,0.024410718988675306,119469,116988,0.020766893503754158,,1417599,1386544,0.021906759245738705,308
SHV-HQ,PMT-60,92337,89512,0.030594452927862115,90658,87941,0.029969776522755898,83502,81267,0.026765825968240287,96368,93667,0.028027976091648643,102733,99626,0.030243446604304336,95494,92765,0.028577711688692498,81859,79749,0.025776029514164578,86866,84759,0.024255750235995688,77631,75721,0.024603573314784022,79573,77115,0.030889874706244602,90565,88141,0.02676530668580579,85222,82723,0.029323414141888215,,1062808,1032986,0.02805963071410833,217
SHV-HQ,PMT-600,0,0,,0,0,,0,0,,0,0,,0,0,,0,0,,0,0,,0,0,,0,0,,0,0,,0,0,,0,0,,,0,0,,1
SHV-HQ,PMT-601,0,0,,0,0,,0,0,,0,0,,0,0,,0,0,,0,0,,0,0,,0,0,,0,0,,0,0,,0,0,,,0,0,,1
SHV-HQ,PMT-602,18293,18289,0.00021866287651017835,16908,16904,0.00023657440264968077,17900,17896,0.00022346368715087106,23587,23582,0.00021198117607157396,22682,22677,0.00022043911471647526,27010,27004,0.0002221399481673325,21823,21817,0.00027493928424138225,23222,23216,0.0002583756782361668,26312,26307,0.00019002736394035935,28215,28208,0.00024809498493705284,24832,24826,0.00024162371134017757,25873,25868,0.00019325165230166252,,276657,276594,0.0002277187998135366,1
SHV-HQ,PMT-603,27722,27747,0,27738,27763,0,27728,27754,0,30207,30235,0,33421,33449,0,36231,36257,0,28588,28609,0,28203,28224,0,24831,24849,0,23244,23262,0,20046,19963,0.004140476903122803,22249,22266,0,,330208,330378,0,1
SHV-HQ,PMT-604,66858,66857,1.4957073199872717e-05,60039,60039,0,39368,39367,2.5401341190778304e-05,55364,55365,0,73383,73388,0,77635,77639,0,67205,67206,0,58779,58777,3.402575749844594e-05,67126,67127,0,45611,45611,0,59876,59875,1.670118244367913e-05,65651,65652,0,,736895,736903,0,1
SHV-HQ,PMT-605,0,0,,0,0,,0,0,,0,0,,0,0,,0,0,,0,0,,0,0,,0,0,,0,0,,0,0,,0,0,,,0,0,,0
SHV-HQ,PMT-606,4184,4181,0.0007170172084129955,4412,4411,0.0002266545784225249,4249,4246,0.0007060484819957358,3966,3963,0.0007564296520423675,7011,7007,0.000570532021109682,5175,5171,0.0007729468599033673,2927,2925,0.0006832934745473196,2937,2935,0.0006809669731018264,3433,3430,0.0008738712496358936,3130,3128,0.0006389776357828003,3511,3510,0.0002848191398462374,3162,3159,0.000948766603415585,,48097,48066,0.0006445308439195774,1
SHV-HQ,PMT-608,266,268,0,735,737,0,3518,4321,0,9248,8453,0.08596453287197237,15881,15889,0,4419,4423,0,5448,5454,0,4121,4125,0,7835,7841,0,5320,5324,0,21846,21855,0,21788,21793,0,,100425,100483,0,1
SHV-HQ,PMT-61,45262,45109,0.0033803190314171117,53169,52974,0.0036675506404107994,52335,52141,0.003706888315658685,44752,44591,0.0035976045763317366,40196,40071,0.003109762165389607,37813,37716,0.0025652553354665875,31498,31407,0.0028890723220521553,28125,28041,0.002986666666666693,29630,29534,0.003239959500506262,32289,32177,0.003468673542073142,26436,26346,0.0034044484793464003,30974,30861,0.003648221088655035,,452479,450968,0.003339381496157867,2
SHV-HQ,PMT-610,0,0,,0,0,,0,0,,0,0,,0,0,,0,0,,0,0,,0,0,,0,0,,0,0,,0,0,,0,0,,,0,0,,1
SHV-HQ,PMT-611,8823,8823,0,11094,11096,0,11687,11686,8.556515786772856e-05,13332,13334,0,12303,12305,0,14130,14132,0,11693,11694,0,11804,11805,0,13160,13161,0,10084,10086,0,10307,10307,0,11376,11378,0,,139793,139807,0,1
SHV-HQ,PMT612,0,0,,0,0,,0,0,,0,0,,0,0,,0,0,,0,0,,0,0,,0,0,,0,0,,0,0,,0,0,,,0,0,,0
SHV-HQ,PMT-613,0,0,,0,0,,0,0,,0,0,,0,0,,0,0,,0,0,,0,0,,0,0,,0,0,,0,0,,0,0,,,0,0,,0
SHV-HQ,PMT614,0,0,,0,0,,0,0,,0,0,,0,0,,0,0,,0,0,,0,0,,0,0,,0,0,,0,0,,0,0,,,0,0,,0
SHV-HQ,PMT-615,180646,177958,0.014879930914606487,174501,171430,0.017598753015741986,163021,160758,0.013881647149753706,192058,188745,0.01724999739661981,212716,208611,0.019298031177720554,234779,225424,0.039845982817884096,203501,192306,0.055012014682974564,191141,190604,0.002809444336903111,210893,206311,0.02172665759413539,205668,201278,0.021345080420872464,189178,185287,0.020567930731903328,213835,207088,0.031552365141347294,,2371937,2315800,0.02366715473471681,160
SHV-HQ,PMT-616,25604,25610,0,24351,24357,0,24645,24651,0,28962,28968,0,30974,30981,0,31119,31127,0,28016,28022,0,31157,31163,0,33989,33997,0,32289,32296,0,37510,37618,0,36413,36401,0.0003295526323016107,,365029,365191,0,1
SHV-HQ,PMT-617,65319,64140,0.018049878289624788,59498,58367,0.01900904232075029,54142,53184,0.017694211517860436,61514,60451,0.01728061904607081,63105,62079,0.01625861659139527,64008,62955,0.01645106861642298,55687,54760,0.016646614111013314,50087,49210,0.017509533411863343,56673,55625,0.01849205088843009,59816,58655,0.019409522535776436,58269,57226,0.017899740857059476,73089,72031,0.014475502469591839,,721207,708683,0.017365333392493465,66
SHV-HQ,PMT-618,39540,39487,0.0013404147698533597,33018,32971,0.0014234659882488288,30130,30086,0.0014603385330235197,38831,38750,0.002085962246658579,44918,44838,0.0017810231978271363,27707,27654,0.0019128740029595859,21832,21787,0.0020611945767680107,26168,26111,0.0021782329562825,8038,8021,0.002114953968648914,45768,45678,0.001966439433665479,59510,59398,0.0018820366324987514,66820,66730,0.001346902125112237,,442280,441511,0.0017387175544903988,1
SHV-HQ,PMT-619,1311,1312,0,1408,1409,0,1579,1580,0,1362,1363,0,1594,1594,0,1749,1750,0,1723,1725,0,1784,1785,0,1766,1767,0,1569,1570,0,1399,1400,0,1058,1059,0,,18302,18314,0,1
SHV-HQ,PMT-620,22933,22927,0.0002616317097632326,24543,24538,0.00020372407611135568,21213,21209,0.00018856361665020582,18002,17997,0.00027774691700921394,22803,22795,0.0003508310310046392,26658,26651,0.0002625853402355993,21990,21985,0.0002273760800364233,23272,23267,0.0002148504640769877,28135,28129,0.00021325750844147784,22278,22194,0.0037705359547535178,25700,25776,0,26992,26989,0.000111144042679312,,284519,284457,0.0002179116333179687,1
SHV-HQ,PMT-621,4222,4206,0.003789673140691563,5499,5496,0.0005455537370431252,4601,4588,0.0028254727233210097,5303,5301,0.0003771450122571629,5246,5235,0.0020968356843309444,6569,6570,0,5483,5471,0.0021885828925770623,5012,4996,0.0031923383878691425,5697,5681,0.0028084956994909316,4407,4392,0.003403675970047648,5600,5581,0.0033928571428571974,4768,4756,0.002516778523489971,,62407,62273,0.002147195026198978,1
SHV-HQ,PMT-622,1378,1380,0,1494,1496,0,1763,1765,0,1528,1530,0,2572,2574,0,2123,2124,0,1577,1579,0,1702,1703,0,1792,1794,0,1677,1679,0,1790,1803,0,1537,1540,0,,20933,20967,0,1
SHV-HQ,PMT-623,22629,22633,0,24576,24586,0,23361,23371,0,24474,24486,0,19743,19754,0,18569,18578,0,18601,18611,0,20026,20035,0,21371,30634,0,20169,10867,0.46120283603550005,16674,16611,0.0037783375314861534,23859,23794,0.0027243388239238664,,254052,253960,0.00036213058743883586,1
SHV-HQ,PMT-624,45938,45928,0.00021768470547256502,42416,42407,0.0002121840814787168,48246,48238,0.00016581685528338497,57895,57883,0.00020727178512824906,73014,72998,0.00021913605609880094,86786,86767,0.00021892932039735413,74809,74792,0.00022724538491358803,89803,89784,0.00021157422357831468,100901,100882,0.000188303386487787,115451,0,1,102111,217579,0,114005,114010,0,,951375,951268,0.0001124687951649106,1
SHV-HQ,PMT-625,1290,1292,0,1235,1235,0,1165,1165,0,1235,1235,0,1180,1181,0,1324,1324,0,1172,1172,0,1294,1295,0,1532,1533,0,1342,1342,0,1454,1454,0,1408,1408,0,,15631,15636,0,1
SHV-HQ,PMT-626,0,0,,0,0,,0,0,,0,0,,0,0,,0,0,,0,0,,0,0,,0,0,,0,0,,0,0,,0,0,,,0,0,,1
SHV-HQ,PMT-627,6769,6771,0,7079,7082,0,7114,7117,0,7113,7115,0,13754,13760,0,11558,11562,0,9833,9837,0,9533,9537,0,13378,13384,0,12143,12148,0,10377,10381,0,11106,11110,0,,119757,119804,0,1
SHV-HQ,PMT-628,11811,11812,0,12042,12042,0,12086,12087,0,13081,13082,0,13275,13276,0,13291,13291,0,11847,11846,8.440955516164639e-05,11719,11719,0,12101,12100,8.26377985290172e-05,12484,12484,0,11737,11735,0.00017040129504986012,12411,12411,0,,147885,147885,0,1
SHV-HQ,PMT-629,18446,18455,0,20510,20520,0,23198,23208,0,33003,33020,0,33439,33457,0,32916,32933,0,25792,25805,0,28968,28981,0,29184,29198,0,28878,28893,0,24324,24335,0,19789,19800,0,,318447,318605,0,1
SHV-HQ,PMT-63,13814,14338,0,11724,12222,0,11836,12318,0,15260,15811,0,0,15547,0,10031,15008,0,12092,12600,0,13422,13996,0,13953,14516,0,14763,15358,0,15734,16319,0,17181,17777,0,,149810,175810,0,1
SHV-HQ,PMT-630,10358,10355,0.0002896312029349035,9297,9295,0.00021512315800797932,11371,11370,8.794301292758266e-05,11425,11423,0.00017505470459522332,11530,11528,0.00017346053772770986,10374,10373,9.639483323697906e-05,7435,7435,0,6912,6913,0,6994,6994,0,6140,6140,0,6635,6635,0,5752,5751,0.0001738525730180518,,104223,104212,0.00010554292238762475,1
SHV-HQ,PMT-631,3080,3080,0,3410,3409,0.0002932551319647647,3059,3058,0.0003269042170643832,2453,2452,0.00040766408479409044,2311,2311,0,2731,2730,0.00036616623947272053,2411,2410,0.00041476565740361515,2472,2471,0.0004045307443365509,2239,2238,0.00044662795891026175,1789,1788,0.0005589714924538747,1611,1612,0,1608,1607,0.0006218905472636926,,29174,29166,0.0002742167683553731,1
SHV-HQ,PMT-633,0,0,,0,0,,0,0,,0,0,,0,0,,0,0,,0,0,,0,0,,0,0,,0,0,,0,0,,0,0,,,0,0,,1
SHV-HQ,PMT-634,22497,22496,4.445037116063144e-05,19783,19783,0,21082,21083,0,22746,22748,0,26186,26189,0,23304,23303,4.291108822518375e-05,20239,20243,0,21781,21775,0.0002754694458473317,21235,21221,0.0006592889098187005,20927,20928,0,24225,24213,0.000495356037151673,23226,23225,4.3055196762287196e-05,,267231,267207,8.980993971507978e-05,1
SHV-HQ,PMT-635,29654,29661,0,28517,28527,0,31947,31960,0,32631,32647,0,44554,44574,0,37527,37545,0,34088,34107,0,20921,20926,0,9942,9942,0,0,0,,0,0,,0,0,,,269781,269889,0,1
SHV-HQ,PMT636,0,0,,0,0,,0,0,,0,0,,0,0,,0,0,,0,0,,0,0,,0,0,,0,0,,0,0,,0,0,,,0,0,,0
SHV-HQ,PMT-637,37955,37957,0,43537,43540,0,54543,54547,0,70427,70432,0,79904,79910,0,90794,90801,0,79327,79337,0,81201,81210,0,86349,86358,0,79005,79015,0,68951,68959,0,84494,84501,0,,856487,856567,0,1
SHV-HQ,PMT-638,25860,25858,7.733952049493453e-05,24376,24376,0,23812,23809,0.000125986897362651,29417,29412,0.00016996974538530107,35044,35036,0.0002282844424152941,35529,35521,0.00022516817247886234,27148,27144,0.00014734050390452502,26157,26150,0.0002676147876286006,25898,25893,0.00019306510155225887,27741,27734,0.0002523340903356486,30111,30109,6.642090930220057e-05,32042,32035,0.00021846326696206564,,343135,343077,0.0001690296821950099,1
SHV-HQ,PMT-639,2168,2168,0,2228,2228,0,3233,3233,0,4605,4605,0,6386,6386,0,3734,3734,0,2918,2938,0,3123,3103,0.006404098623118748,5029,5028,0.00019884668920266968,4863,4864,0,4870,4869,0.0002053388090349495,3598,3599,0,,46755,46755,0,1
SHV-HQ,PMT64,0,0,,0,0,,0,0,,0,0,,0,0,,0,0,,0,0,,0,0,,0,0,,0,0,,0,0,,0,0,,,0,0,,0
SHV-HQ,PMT-640,0,0,,0,0,,0,0,,0,0,,0,0,,0,0,,0,0,,0,0,,0,0,,0,0,,0,0,,0,0,,,0,0,,1
SHV-HQ,PMT-641,0,0,,0,0,,0,0,,0,0,,0,0,,0,0,,0,0,,0,0,,0,0,,0,0,,0,0,,0,0,,,0,0,,1
SHV-HQ,PMT-642,47772,47754,0.00037678975131871795,41006,40989,0.0004145734770520937,37087,37073,0.0003774907649580772,42388,42372,0.0003774653203736378,51785,51765,0.00038621222361689966,44965,44947,0.00040031135327478484,36018,36003,0.00041645843744797517,31768,31756,0.00037773860488543587,36263,36250,0.0003584921269613739,38355,38340,0.00039108330074311137,43665,43649,0.0003664261994732465,46133,46115,0.0003901762295970279,,497205,497013,0.0003861586267234207,1
SHV-HQ,PMT-643,9371,9369,0.0002134243944083014,9640,9638,0.00020746887966804906,10169,10167,0.000196676172681709,10214,10213,9.79048364989632e-05,10364,10362,0.0001929756850637121,10346,10349,0,8489,8503,0,8130,8151,0,9054,9060,0,8488,8504,0,9262,9266,0,8528,8525,0.00035178236397748197,,112055,112107,0,1
SHV-HQ,PMT-644,73294,73279,0.00020465522416568405,71705,71691,0.00019524440415596978,72960,72944,0.00021929824561406353,75940,75921,0.0002501975243612842,78583,78564,0.00024178257383911106,83286,83266,0.00024013639747377802,68182,68165,0.0002493326684461783,65689,65674,0.0002283487341868673,0,70275,0,34597,70701,0,63352,55411,0.12534726606894808,75052,83115,0,,762640,869006,0,1
SHV-HQ,PMT-645,48701,48699,4.106691854377509e-05,46355,46353,4.3145291770074756e-05,52489,52485,7.620644325478931e-05,56177,56178,0,62425,62438,0,62132,62147,0,50703,50844,0,51526,51570,0,46616,46636,0,44484,44483,2.247999280635682e-05,52462,52460,3.8122831763964804e-05,40101,40097,9.974813595670096e-05,,614171,614390,0,1
SHV-HQ,PMT-646,74710,74725,0,66049,66060,0,67717,67736,0,64813,64826,0,75906,75923,0,87637,87659,0,83627,83647,0,78163,78182,0,83063,83084,0,77658,77677,0,73287,73305,0,87460,87480,0,,920090,920304,0,1
SHV-HQ,PMT-647,19703,19474,0.011622595543825831,16759,16646,0.006742645742586095,18499,18258,0.013027731228715034,25815,25296,0.020104590354445118,27402,26839,0.020545945551419642,31333,30451,0.028149235630166247,30425,30175,0.008216926869350827,26080,25740,0.0130368098159509,25965,25576,0.014981706142884632,26937,26687,0.00928091472695547,26867,26442,0.01581866229947515,30129,29635,0.016396163165056876,,305914,301219,0.015347450590688871,35
SHV-HQ,PMT-648,15682,15671,0.0007014411427114231,4432,4427,0.001128158844765359,3941,3937,0.0010149708195889007,4078,4073,0.0012260912211868868,4217,4212,0.0011856770215793455,4415,4411,0.0009060022650057009,4492,4488,0.0008904719501335867,4469,4464,0.0011188185276348461,4620,4616,0.0008658008658009031,4456,4454,0.0004488330341113622,3452,3451,0.0002896871378911259,2690,2688,0.0007434944237918462,,60944,60892,0.0008532423208190698,1
SHV-HQ,PMT-649,140712,136281,0.031489851611802844,131833,127075,0.036091115274627716,143309,137803,0.03842047603430354,138190,137241,0.006867356538099667,188546,182990,0.029467610026200464,166160,161535,0.027834617236398684,138836,135343,0.02515918061597855,132187,129307,0.021787316453206418,147044,143338,0.025203340496722015,127316,124467,0.02237739168682651,143877,139983,0.027064784503429973,141078,137215,0.02738201562256337,,1739088,1692578,0.026743902551222276,182
SHV-HQ,PMT-65,97142,96945,0.0020279590702271255,84963,84098,0.01018090227510804,89305,88278,0.011499916018140044,106153,104610,0.014535623110039309,130055,128086,0.015139748567913558,112478,110770,0.015185191770835216,95128,93827,0.013676309814145138,87910,86703,0.013729951086338343,103207,101667,0.014921468505043278,111605,109879,0.015465256932933102,104076,102368,0.016411084207694326,117934,116067,0.015830888463038595,,1239956,1223298,0.013434347670401192,85
SHV-HQ,PMT-650,0,0,,0,0,,0,0,,0,0,,925,925,0,4560,4565,0,4093,4098,0,3899,3902,0,10945,10958,0,9146,9155,0,3818,3822,0,3464,3468,0,,40850,40893,0,1
SHV-HQ,PMT-651,37891,37891,0,38980,38979,2.5654181631584727e-05,41682,41682,0,43723,43727,0,44835,44840,0,49571,49574,0,40535,40536,0,40779,40778,2.452242575834429e-05,43223,43223,0,38761,38761,0,38639,38638,2.5880586971727126e-05,41006,41005,2.4386675120724455e-05,,499625,499634,0,1
SHV-HQ,PMT-653,12790,12799,0,12811,12820,0,10164,10171,0,10868,10876,0,11970,11978,0,12015,12024,0,10816,10824,0,10634,10640,0,10022,10028,0,9873,9879,0,9616,9623,0,9836,9843,0,,131415,131505,0,1
SHV-HQ,PMT-654,3106,3108,0,3205,3207,0,2924,2925,0,2402,2403,0,1544,1544,0,1116,1119,0,878,879,0,365,370,0,986,982,0.0040567951318458695,977,978,0,1194,1195,0,2339,2341,0,,21036,21051,0,1
SHV-HQ,PMT-655,124333,125207,0,118412,119333,0,130767,131456,0,127468,128069,0,155926,180929,0,180162,153074,0.1503535706752811,134966,132795,0.0160855326526681,129418,127329,0.016141495000695394,146825,144458,0.01612123276008859,126480,124487,0.01575743200506008,137729,135490,0.016256561798894897,153221,150484,0.017863086652612936,,1665707,1653111,0.007561954173212926,109
SHV-HQ,PMT-656,65640,65309,0.005042656916514288,67200,67380,0,69240,69116,0.0017908723281340189,70560,70115,0.006306689342403637,103200,102435,0.007412790697674421,91680,91091,0.006424520069807982,73080,73024,0.0007662835249042654,86400,85996,0.004675925925925917,96360,95989,0.003850145288501472,93120,92486,0.00680841924398623,95760,95168,0.006182121971595622,99120,98290,0.008373688458434225,,1011360,1006399,0.004905276063913888,93
SHV-HQ,PMT-657,0,0,,0,0,,0,0,,0,0,,0,0,,0,0,,0,0,,0,0,,0,0,,0,0,,0,0,,0,0,,,0,0,,1
SHV-HQ,PMT-658,2844,2851,0,2573,2577,0,1702,1718,0,1771,1778,0,17774,17777,0,28360,28375,0,47788,47844,0,65565,65646,0,77574,75453,0.027341635083919846,67359,69684,0,72975,73065,0,50012,50064,0,,436297,436832,0,1
SHV-HQ,PMT-659,48093,48092,2.0793046805134274e-05,46679,46676,6.42687289788002e-05,43037,43035,4.647164068127818e-05,42961,42962,0,64379,64382,0,58120,58126,0,42943,42948,0,48058,48063,0,48943,48947,0,44656,44660,0,51789,51789,0,54558,54559,0,,594216,594239,0,1
SHV-HQ,PMT-66,197,205,0,238,246,0,208,216,0,243,250,0,208,216,0,185,194,0,160,168,0,253,264,0,233,242,0,166,173,0,201,209,0,232,243,0,,2524,2626,0,1
SHV-HQ,PMT-661,9582,9582,0,12973,12970,0.00023124951823016993,12189,12187,0.00016408236934939424,12456,12454,0.00016056518946694354,14466,14461,0.00034563804783627194,19668,19665,0.00015253203172671537,18327,18327,0,19230,19236,0,21422,21422,0,16688,16690,0,18835,18836,0,16492,16491,6.063545961676464e-05,,192328,192321,3.639615656592099e-05,1
SHV-HQ,PMT-662,69958,69221,0.010534892363989856,65548,64802,0.011380972722279892,65094,64197,0.013780071896027257,75180,74067,0.014804469273743015,93307,91601,0.018283730052407687,96353,94845,0.01565078409598042,92522,91091,0.015466591729534573,98203,96915,0.013115688930073421,102340,100792,0.015126050420168013,101427,99648,0.01753970836167884,95097,93706,0.014627170152581082,113882,111387,0.021908642278850032,,1068911,1052272,0.015566310010842854,85
SHV-HQ,PMT-663,17938,17971,0,14685,14707,0,19221,19251,0,23464,23499,0,22702,22732,0,24569,28102,0,20593,17124,0.1684553003447774,18058,18085,0,17423,17453,0,14386,14410,0,17408,17437,0,26583,26617,0,,237030,237388,0,1
SHV-HQ,PMT-664,10319,10310,0.0008721775365829743,7071,7066,0.0007071135624381331,7033,7027,0.0008531210009953272,8244,8238,0.0007278020378457262,7534,7526,0.00106185293336869,8217,8210,0.0008518924181575294,6443,6439,0.0006208288064566414,4808,4805,0.0006239600665557399,7519,7513,0.0007979784545817381,11772,11762,0.0008494733265375087,12902,12831,0.005503022787164746,11995,12043,0,,103857,103770,0.0008376902856812585,1
SHV-HQ,PMT-665,26455,26446,0.0003402003402003251,22968,22960,0.0003483106931382318,24676,24667,0.00036472686010702304,27314,27303,0.0004027238778648856,27835,27824,0.00039518591701093175,26599,26590,0.0003383585849091597,24867,24858,0.0003619254433586683,21985,21977,0.0003638844666817853,20349,20343,0.0002948547840189164,19621,19612,0.0004586922175220387,30352,30339,0.00042830785450709286,26563,26554,0.0003388171516771621,,299584,299473,0.0003705137791070179,1
SHV-HQ,PMT-666,50429,50416,0.0002577881774376012,52998,52984,0.0002641609117325361,51021,51004,0.00033319613492488465,56744,56726,0.00031721415480046034,61976,61956,0.00032270556344393686,61817,61800,0.0002750052574534978,47899,47885,0.0002922816760266844,46410,46396,0.0003016591251885359,52821,52803,0.0003407735559720626,51567,51550,0.0003296681986542094,43155,43138,0.00039392886108213787,49017,48999,0.0003672195360793218,,625854,625657,0.00031476989841083824,1
SHV-HQ,PMT-667,50014,50017,0,42493,42495,0,50951,50954,0,9303,9303,0,0,0,,0,0,,0,0,,0,0,,12049,12050,0,57229,57238,0,49958,49965,0,58417,58424,0,,330414,330446,0,1
SHV-HQ,PMT-668,15331,15331,0,14100,14099,7.092198581559739e-05,13328,13327,7.503001200481751e-05,14481,14481,0,14115,14114,7.08466170740163e-05,15112,15111,6.617257808361199e-05,13748,13747,7.273785277861489e-05,12681,12682,0,12806,12805,7.808839606437967e-05,12958,12958,0,13680,13679,7.309941520472485e-05,13488,13486,0.00014827995255040083,,165828,165820,4.8242757555994054e-05,1
SHV-HQ,PMT-669,0,0,,0,0,,0,0,,0,0,,0,0,,0,0,,0,0,,0,0,,0,0,,0,0,,0,0,,0,0,,,0,0,,0
SHV-HQ,PMT-67,510410,510420,0,539210,539250,0,744640,744660,0,861810,861820,0,851620,851630,0,654990,654910,0.00012213926930182417,407790,407850,0,570020,570030,0,559350,558720,0.0011263073209976104,203010,203070,0,486990,487580,0,736630,736650,0,,7126470,7126590,0,1
SHV-HQ,PMT-670,14290,14309,0,16356,16376,0,15082,15101,0,15454,15475,0,14673,14692,0,18882,18903,0,17254,17273,0,15858,15875,0,17125,17144,0,16521,16541,0,13543,13560,0,12294,12310,0,,187332,187559,0,1
SHV-HQ,PMT-671,5700,5705,0,6485,6489,0,6371,6376,0,6798,6803,0,8749,8754,0,6429,6433,0,5103,5108,0,4743,4747,0,4354,4359,0,3977,3981,0,4875,4879,0,4611,4616,0,,68195,68250,0,1
SHV-HQ,PMT-672,48001,48003,0,49844,49848,0,49136,49140,0,55197,55202,0,54617,54621,0,48810,48815,0,42584,42588,0,42378,42381,0,40922,40925,0,39087,39091,0,40693,40696,0,37285,37290,0,,548554,548600,0,1
SHV-HQ,PMT-675,21352,21345,0.00032783814162606895,22964,22958,0.0002612785229054726,25068,25059,0.00035902345619909237,32110,32098,0.0003737153534724147,34298,34286,0.0003498746282581955,34872,34860,0.00034411562284930586,27295,27287,0.0002930939732551652,26263,26255,0.0003046110497658683,32774,32764,0.0003051199121254511,28569,28561,0.0002800238020231882,36370,36359,0.0003024470717624128,33235,33224,0.00033097638032197896,,355170,355056,0.0003209730551566592,1
SHV-HQ,PMT-676,926,928,0,0,0,,5,5,0,129,131,0,7014,7021,0,14460,14470,0,14744,14755,0,15788,15801,0,16426,16439,0,17101,17113,0,19194,19208,0,18193,18207,0,,123980,124078,0,1
SHV-HQ,PMT-677,1253,1253,0,1255,1255,0,1179,1178,0.0008481764206954567,1243,1243,0,1313,1313,0,1328,1327,0.0007530120481927804,1236,1237,0,1263,1262,0.0007917656373713777,1247,1247,0,1217,1217,0,1284,1284,0,1204,1203,0.0008305647840531893,,15022,15019,0.00019970709625882765,1
SHV-HQ,PMT-679,2684,2697,0,2652,2656,0,3204,3210,0,2760,2764,0,2629,2633,0,3858,3864,0,2565,2568,0,3261,3267,0,478,480,0,323,325,0,347,349,0,458,461,0,,25219,25274,0,1
SHV-HQ,PMT-68,160,159,0.006249999999999978,186,185,0.005376344086021501,239,239,0,116,115,0.008620689655172376,125,124,0.008000000000000007,83,83,0,55,54,0.018181818181818188,51,50,0.019607843137254943,79,79,0,131,130,0.007633587786259555,166,166,0,154,153,0.00649350649350644,,1545,1537,0.00517799352750814,1
SHV-HQ,PMT-680,0,0,,0,0,,0,0,,0,0,,0,0,,0,0,,0,0,,0,0,,0,0,,0,0,,0,0,,0,0,,,0,0,,1
SHV-HQ,PMT-681,32873,32909,0,35928,35969,0,40889,40931,0,45756,45801,0,53088,53135,0,55581,55636,0,43660,43708,0,44821,44872,0,47635,47687,0,46995,47045,0,51202,51261,0,43316,43356,0,,541744,542310,0,1
SHV-HQ,PMT-682,0,0,,0,0,,0,0,,0,0,,0,0,,0,0,,0,0,,0,0,,0,0,,0,0,,0,0,,0,0,,,0,0,,1
SHV-HQ,PMT-683,20,19,0.050000000000000044,69,69,0,33,33,0,38,38,0,1,1,0,4,4,0,0,0,,0,0,,2,2,0,1,1,0,0,0,,0,0,,,168,167,0.005952380952380931,1
SHV-HQ,PMT-685,45185,44596,0.013035299324997252,43998,43341,0.014932496931678751,45877,45252,0.013623384266626015,49903,49223,0.013626435284451843,52924,51929,0.01880054417655508,54661,54784,0,46928,46080,0.018070235254006084,49789,49067,0.014501195043081783,45412,44802,0.013432572888223415,51005,50291,0.013998627585530832,55925,55125,0.014304872597228457,51815,51113,0.013548200328090343,,593422,585603,0.013176120871824737,67
SHV-HQ,PMT-686,17299,17297,0.00011561361928436042,18595,18593,0.000107555794568448,16331,16330,6.123323740125919e-05,14675,14674,6.814310051106443e-05,24075,24073,8.307372793359136e-05,18569,18567,0.00010770639237434043,16642,16641,6.0088931618795804e-05,15559,15557,0.00012854296548625577,13705,13704,7.296607077711403e-05,15522,15521,6.442468754030983e-05,10279,10278,9.728572818368253e-05,19889,19888,5.02790487203475e-05,,201140,201123,8.451824599786661e-05,1
SHV-HQ,PMT-687,3724,3724,0,2703,2702,0.00036995930447647485,1213,1213,0,1228,1227,0.0008143322475570036,2670,2668,0.0007490636704119424,1336,1339,0,1142,1142,0,701,700,0.0014265335235378318,1982,1982,0,660,660,0,420,420,0,378,378,0,,18157,18155,0.0001101503552348726,1
SHV-HQ,PMT-688,0,0,,0,0,,0,0,,0,0,,0,0,,0,0,,0,0,,0,0,,0,0,,0,0,,0,0,,0,0,,,0,0,,1
SHV-HQ,PMT-689,1793,1795,0,1772,1774,0,2075,1996,0.038072289156626526,2484,2566,0,5193,5196,0,3330,3331,0,1920,1922,0,2378,2307,0.029857022708158154,1975,2048,0,1630,1631,0,1712,1713,0,1522,1523,0,,27784,27802,0,1
SHV-HQ,PMT69,0,0,,0,0,,0,0,,0,0,,0,0,,0,0,,0,0,,0,0,,0,0,,0,0,,0,0,,0,0,,,0,0,,0
SHV-HQ,PMT-690,42591,42580,0.0002582705266370722,43528,43519,0.0002067634625987358,45223,45211,0.0002653517015678286,44896,44885,0.0002450106913756134,49314,49301,0.00026361682280895415,46435,46421,0.00030149671583934445,40552,40541,0.00027125665811800204,37742,37731,0.00029145249324358247,39664,39652,0.0003025413473174421,46212,46198,0.00030295161429927386,35636,35627,0.00025255359748566075,40076,40065,0.0002744784908673692,,511869,511731,0.00026960022974631404,1
SHV-HQ,PMT-693,0,0,,1657,1662,0,6380,6391,0,14024,14046,0,26604,26639,0,23288,23321,0,16720,16745,0,17444,17471,0,16100,16124,0,12534,12553,0,21742,21767,0,20682,20699,0,,177175,177418,0,1
SHV-HQ,PMT-694,24267,24274,0,26496,26504,0,30232,30241,0,30741,30749,0,39461,39473,0,30563,30572,0,27464,27473,0,25864,25871,0,28302,28311,0,23016,23023,0,23837,23845,0,24445,24453,0,,334688,334789,0,1
SHV-HQ,PMT-698,0,0,,0,0,,0,0,,0,0,,0,0,,0,0,,0,0,,0,0,,0,0,,0,0,,0,0,,0,0,,,0,0,,0
SHV-HQ,PMT-699,0,0,,0,0,,0,0,,0,0,,0,0,,0,0,,0,0,,0,0,,0,0,,0,0,,0,0,,0,0,,,0,0,,1
SHV-HQ,PMT70,0,0,,0,0,,0,0,,0,0,,0,0,,0,0,,0,0,,0,0,,0,0,,0,0,,0,0,,0,0,,,0,0,,0
SHV-HQ,PMT-701,50811,50511,0.005904233335301434,52294,52002,0.005583814586759495,52613,52284,0.006253207382205916,51904,51625,0.0053753082614056424,55732,55429,0.0054367329361946215,56981,56725,0.004492725645390605,45422,45134,0.006340539826515834,47127,46892,0.004986525770789618,47985,47728,0.005355840366781273,46230,45899,0.00715985290936616,54395,54043,0.0064711830131446435,50247,49922,0.0064680478436524025,,611741,608194,0.0057982054496918956,77
SHV-HQ,PMT-702,0,0,,0,0,,0,0,,0,0,,0,0,,0,0,,0,0,,0,0,,0,0,,0,0,,0,0,,0,0,,,0,0,,1
SHV-HQ,PMT-705,19567,19559,0.0004088516379618934,17860,17858,0.00011198208286677946,19265,19263,0.00010381520892810414,18903,18901,0.00010580331164367074,25636,25635,3.90076454984678e-05,20457,20458,0,18353,18352,5.448700484933511e-05,17401,17400,5.746796161143486e-05,19777,19781,0,20519,20520,0,19542,19544,0,14009,14011,0,,231289,231282,3.0265166090948092e-05,1
SHV-HQ,PMT-706,20924,20918,0.0002867520550563496,25313,25305,0.0003160431398886443,23575,23567,0.00033934252386003116,25480,29035,0,0,38838,0,41862,37186,0.11170034876498969,30390,30427,0,32805,32844,0,31362,31401,0,27881,27916,0,29667,29701,0,27201,27230,0,,316460,354368,0,1
SHV-HQ,PMT-707,0,0,,0,0,,0,0,,0,0,,0,0,,0,0,,0,0,,0,0,,0,0,,0,0,,0,0,,0,0,,,0,0,,1
SHV-HQ,PMT-708,0,50,0,2145,3015,0,23538,24448,0,39969,41134,0,42699,43854,0,46349,47634,0,38070,39225,0,38353,39549,0,37462,38598,0,34735,35851,0,36588,37752,0,42785,44020,0,,382693,395130,0,1
SHV-HQ,PMT-709,0,0,,0,0,,0,0,,0,0,,0,0,,0,0,,0,0,,0,0,,0,0,,0,0,,0,0,,0,0,,,0,0,,0
SHV-HQ,PMT-71,96208,93023,0.0331053550640279,96340,93730,0.027091550757733063,98700,94840,0.03910840932117532,115307,112289,0.02617360611237829,133944,131521,0.018089649405721775,129555,126593,0.022862876770483598,105865,104394,0.013895055022906555,103968,102610,0.013061711295783263,110046,108510,0.013957799465677989,104447,102959,0.01424645992704432,94494,92287,0.02335598027387986,106693,104936,0.01646780950952731,,1295567,1267692,0.02151567614797223,112
SHV-HQ,PMT-710,16144,16169,0,16483,16513,0,15291,15317,0,18042,18077,0,20223,20263,0,20010,20051,0,16920,16953,0,15263,15291,0,15366,15394,0,15882,15912,0,12726,12757,0,14795,14815,0,,197145,197512,0,1
SHV-HQ,PMT711,0,0,,0,0,,0,0,,0,0,,0,0,,0,0,,0,0,,0,0,,0,0,,0,0,,0,0,,0,0,,,0,0,,0
SHV-HQ,PMT-712,45032,43244,0.03970509859655358,46701,46469,0.004967773709342427,50702,50230,0.009309297463610866,52654,52256,0.007558779959737194,74858,74150,0.009457906970530838,60129,59827,0.005022534883334151,55447,54917,0.009558677656140047,53170,52820,0.006582659394395285,59464,59139,0.005465491726086347,47447,47191,0.005395493919531313,51871,51572,0.005764299897823455,54299,53873,0.007845448350798367,,651774,645688,0.009337592478374401,51
SHV-HQ,PMT-714,31043,31003,0.0012885352575460196,30110,30075,0.0011624045167718533,30878,30844,0.0011011075846881768,41429,41388,0.0009896449347075453,37315,37277,0.0010183572289963472,38393,38355,0.0009897637590186026,31257,31222,0.0011197491761845146,24802,24773,0.0011692605435045245,30925,30885,0.0012934518997574918,27020,26985,0.0012953367875647714,28831,28801,0.0010405466338316849,32539,32499,0.0012292940778757533,,384542,384107,0.001131215835981525,1
SHV-HQ,PMT-715,42407,42385,0.0005187822765109207,42077,42055,0.0005228509637094092,40184,40165,0.00047282500497713986,45037,45015,0.000488487243821778,53203,53178,0.0004698983140049018,50098,50074,0.00047906104036088415,43220,43200,0.00046274872744100914,34669,34654,0.00043266318613166543,38877,38859,0.0004629986881703463,33966,33948,0.0005299417064122958,33732,33715,0.0005039724890312236,30733,30715,0.0005856896495624042,,488203,487963,0.0004915987816543899,1
SHV-HQ,PMT-716,441480,441170,0.0007021835643743479,332610,332370,0.000721565797781154,301560,301350,0.0006963788300835549,388330,388060,0.0006952849380681414,433730,433440,0.0006686187259354881,497060,496720,0.0006840220496519001,429730,429450,0.0006515719172504042,412350,412080,0.0006547835576573569,444340,444040,0.0006751586622856243,424840,424550,0.0006826099237360328,371220,370960,0.0007003932977749372,442290,441980,0.000700897601121464,,4919540,4916170,0.0006850233964964536,1
SHV-HQ,PMT-717,0,0,,0,0,,0,0,,0,0,,0,0,,0,0,,0,0,,0,0,,0,0,,0,0,,0,0,,0,0,,,0,0,,0
SHV-HQ,PMT-718,5408,5413,0,5197,5206,0,5062,5060,0.0003951007506913795,8848,8852,0,8830,8837,0,7955,7955,0,7690,7695,0,8933,8937,0,9125,9130,0,8969,8973,0,8726,8728,0,9336,9338,0,,94079,94124,0,1
SHV-HQ,PMT-719,16616,16594,0.0013240250361097328,76165,76046,0.0015623974266395502,73342,73221,0.001649805023042683,85507,85356,0.001765937291683728,86605,86433,0.0019860285202932815,88289,88063,0.002559775283444199,76381,75868,0.006716329977350388,85539,84988,0.006441506213540005,83418,83037,0.004567359562684281,78763,78388,0.0047611187994363036,82906,82620,0.0034496900103732075,79197,79057,0.0017677437276664154,,912728,909671,0.0033493001200796124,1
SHV-HQ,PMT-720,0,0,,0,0,,0,0,,0,0,,0,0,,0,0,,0,0,,0,0,,0,0,,0,0,,0,0,,0,0,,,0,0,,1
SHV-HQ,PMT-721,20272,20237,0.0017265193370166187,20646,20611,0.0016952436307274832,16098,16069,0.0018014660206236988,16039,16009,0.0018704408005486561,18506,18473,0.0017832054468820413,16612,16583,0.00174572598121836,10547,10523,0.0022755285863278463,22451,22413,0.0016925749409826274,31842,31792,0.0015702531248037443,33367,33314,0.001588395720322433,29540,29486,0.0018280297901150933,36266,36213,0.0014614239232338955,,272186,271723,0.001701042669351116,1
SHV-HQ,PMT-722,0,0,,0,0,,0,0,,0,0,,0,0,,0,0,,0,0,,0,0,,0,0,,0,0,,0,0,,0,0,,,0,0,,0
SHV-HQ,PMT-723,11171,11170,8.951750067143216e-05,11604,11603,8.617718028269827e-05,9757,9756,0.0001024905196269632,11196,11195,8.931761343333733e-05,12357,12356,8.092579104956865e-05,13199,13197,0.00015152663080530981,8910,8910,0,8331,8331,0,10862,10861,9.206407659734239e-05,10324,10324,0,9266,9266,0,8340,8339,0.00011990407673856396,,125317,125308,7.18178698819738e-05,1
SHV-HQ,PMT-724,0,0,,0,0,,0,0,,0,0,,0,0,,0,0,,0,0,,0,0,,0,0,,0,0,,0,0,,0,0,,,0,0,,1
SHV-HQ,PMT-725,7672,7678,0,5716,5684,0.005598320503848897,7884,7934,0,9862,9858,0.0004055972419387821,8608,8619,0,8356,8362,0,7297,7314,0,7527,7521,0.0007971303308090816,9178,9184,0,8749,8753,0,10596,10606,0,9597,9607,0,,101042,101120,0,1
SHV-HQ,PMT-726,0,0,,0,0,,0,0,,0,0,,0,0,,0,0,,0,0,,0,0,,0,0,,0,0,,0,0,,0,0,,,0,0,,1
SHV-HQ,PMT-727,840,841,0,771,773,0,788,790,0,543,544,0,1363,1366,0,929,932,0,945,947,0,911,913,0,1101,1104,0,983,985,0,1095,1098,0,1011,1013,0,,11280,11306,0,1
SHV-HQ,PMT-728,43350,43410,0,33002,33050,0,27822,27863,0,31453,31499,0,30146,30190,0,36893,36949,0,40499,40565,0,42329,42397,0,49228,49311,0,43831,43904,0,49485,49563,0,49525,49617,0,,477563,478318,0,1
SHV-HQ,PMT-729,10837,10833,0.00036910584109994815,10265,10261,0.000389673648319544,10381,10377,0.0003853193333975824,10573,10570,0.0002837416059774389,12310,12305,0.0004061738424046002,13646,13641,0.00036640773853147124,11533,11528,0.0004335385415763504,11992,11987,0.0004169446297531687,13937,13932,0.00035875726483458603,11343,11339,0.00035264039495719324,11460,11455,0.00043630017452012115,11421,11416,0.0004377900358988329,,139698,139644,0.00038654812524163695,1
SHV-HQ,PMT-730,67058,66998,0.0008947478302364642,53435,53391,0.0008234303359221373,42225,42201,0.0005683836589698288,55666,55654,0.00021557144396944228,60915,60910,8.208158909961405e-05,79177,79164,0.00016418909531812353,65226,65212,0.00021463833440649172,34514,34492,0.0006374224952193641,30340,30322,0.0005932762030322891,25555,25533,0.0008608882801800499,37572,37548,0.0006387735547748186,31981,31941,0.0012507426284356082,,583664,583366,0.000510567723895905,1
SHV-HQ,PMT-731,45130,45117,0.0002880567250166388,41546,41536,0.0002406970586819046,42211,42200,0.0002605955793513193,41661,41651,0.00024003264443961392,45063,45048,0.00033286731908666045,45578,45565,0.00028522532800911993,39250,39240,0.0002547770700637164,38259,38250,0.0002352387673488776,40207,40197,0.0002487129106871766,32407,32400,0.00021600271546273753,38053,38045,0.00021023309594514483,44270,44259,0.0002484752654167144,,493635,493508,0.00025727511217799037,1
SHV-HQ,PMT-732,0,0,,0,0,,0,0,,0,0,,0,0,,0,0,,0,0,,0,0,,0,0,,0,0,,0,0,,0,0,,,0,0,,1
SHV-HQ,PMT-733,9263,9272,0,19713,19733,0,12818,12832,0,10337,10348,0,2425,2427,0,20762,20788,0,26618,26654,0,16382,16406,0,1799,1802,0,3627,3633,0,6851,6860,0,4700,4725,0,,135295,135480,0,1
SHV-HQ,PMT-734,10642,10641,9.396729937982684e-05,9407,9406,0.00010630381630705177,12632,12635,0,19658,19649,0.00045782887374101744,23124,23112,0.0005189413596263792,22514,22504,0.00044416807319891394,19356,19351,0.000258317834263333,20251,20245,0.00029628166510298204,22765,22755,0.00043927081045469496,23221,23209,0.0005167736100942788,21469,21460,0.0004192090921794067,24929,24916,0.0005214810060572006,,229968,229883,0.0003696166423154956,1
SHV-HQ,PMT735,0,0,,0,0,,0,0,,0,0,,0,0,,0,0,,0,0,,0,0,,0,0,,0,0,,0,0,,0,0,,,0,0,,0
SHV-HQ,PMT-736,14993,14936,0.003801774161275251,15228,15118,0.0072235355923299105,17978,17899,0.004394259650684185,19831,19720,0.005597297161010539,20805,20724,0.0038932948810381784,20081,19914,0.008316318908420883,18403,18279,0.006738031842634329,19889,19568,0.016139574639247867,17596,17359,0.013468970220504639,15993,15817,0.011004814606390245,22200,21888,0.014054054054054022,19775,19588,0.009456384323640932,,222772,220810,0.008807210960084744,46
SHV-HQ,PMT-737,1659,1664,0,2442,2446,0,3614,3619,0,3915,3924,0,3696,3702,0,3295,3302,0,1968,1977,0,1164,1173,0,1598,1607,0,1057,1065,0,544,549,0,628,632,0,,25580,25660,0,1
SHV-HQ,PMT-738,31124,31179,0,28521,28572,0,28979,29030,0,36516,36582,0,35102,35172,0,40085,40166,0,29121,29173,0,26282,26327,0,28078,28128,0,25239,25283,0,23104,23143,0,28954,29004,0,,361105,361759,0,1
SHV-HQ,PMT-739,0,0,,0,0,,0,0,,0,0,,0,0,,0,0,,0,0,,0,0,,0,0,,0,0,,0,0,,0,0,,,0,0,,1
SHV-HQ,PMT-74,82914,81785,0.013616518320187176,76092,75141,0.012498028702097486,93298,92075,0.01310853394499345,84071,82892,0.014023860784337039,112021,109786,0.019951616214816892,89304,87849,0.016292663262563845,77838,76751,0.013964901462010793,77050,75862,0.015418559377027852,78135,76846,0.016497088372688262,70871,69907,0.013602178606199944,58811,58066,0.012667698219720802,77315,76167,0.014848347668628303,,977720,963127,0.014925541054698677,21
SHV-HQ,PMT-741,30214,30208,0.00019858343814127544,29543,29536,0.00023694276139862858,31371,31362,0.00028688916515251517,31804,31794,0.0003144258583825943,43996,43981,0.0003409400854622602,42947,42932,0.00034926770205134794,37748,37735,0.0003443891067076432,33532,33520,0.00035786711201235555,34952,34941,0.0003147173266193626,31815,31804,0.0003457488606003478,30970,30961,0.0002906038101387898,28330,28323,0.00024708789269323184,,407222,407097,0.00030695787555679033,1
SHV-HQ,PMT-742,370,375,0,404,410,0,328,333,0,461,466,0,409,413,0,123,129,0,101,104,0,196,200,0,185,190,0,157,162,0,201,206,0,242,246,0,,3177,3234,0,1
SHV-HQ,PMT-743,22944,22937,0.0003050906555090993,25258,25248,0.00039591416580886385,23287,23278,0.00038648172800270775,27527,27517,0.0003632796890326029,31672,31661,0.00034730992674913974,28369,28360,0.0003172476999542262,23234,23226,0.0003443229749504617,21341,21334,0.0003280071224404102,22478,22470,0.00035590355013792596,19752,19746,0.0003037667071689176,21920,21911,0.00041058394160586875,21998,21991,0.00031821074643145764,,289780,289679,0.0003485402719304309,1
SHV-HQ,PMT-744,0,0,,0,0,,0,0,,0,0,,0,0,,0,0,,0,0,,0,0,,0,0,,0,0,,0,0,,0,0,,,0,0,,1
SHV-HQ,PMT-745,0,0,,0,0,,0,0,,0,0,,0,0,,0,0,,0,0,,0,0,,0,0,,0,0,,0,0,,0,0,,,0,0,,1
SHV-HQ,PMT-746,3642,3629,0.003569467325645226,4486,4469,0.003789567543468597,2356,2346,0.004244482173174857,3871,3855,0.004133298889175907,3002,2990,0.003997335109926725,2326,2316,0.004299226139294898,1261,1256,0.003965107057890549,1052,1047,0.004752851711026573,1432,1426,0.0041899441340782495,1683,1676,0.004159239453357055,1769,1762,0.003957037874505409,3427,3412,0.004377006127808558,,30307,30184,0.004058468340647381,1
SHV-HQ,PMT747,0,0,,0,0,,0,0,,0,0,,0,0,,0,0,,0,0,,0,0,,0,0,,0,0,,0,0,,0,0,,,0,0,,0
SHV-HQ,PMT748,0,0,,0,0,,0,0,,0,0,,0,0,,0,0,,0,0,,0,0,,0,0,,0,0,,0,0,,0,0,,,0,0,,0
SHV-HQ,PMT-75,10960,10931,0.0026459854014598827,14080,14077,0.00021306818181821008,11185,11703,0,12447,12973,0,14365,14200,0.011486251305255823,15864,15676,0.011850731215330312,15277,15110,0.010931465601885182,14054,13919,0.009605806176177567,15052,14882,0.011294180175391966,17875,17691,0.010293706293706295,16482,16300,0.011042349229462456,23103,22772,0.014327143660996411,,180744,180234,0.0028216704288939187,11
SHV-HQ,PMT-750,0,0,,0,0,,0,0,,0,0,,0,0,,0,0,,0,0,,0,0,,0,0,,0,0,,0,0,,0,0,,,0,0,,0
SHV-HQ,PMT751,0,0,,0,0,,0,0,,0,0,,0,0,,0,0,,0,0,,0,0,,0,0,,0,0,,0,0,,0,0,,,0,0,,0
SHV-HQ,PMT-752,62537,62515,0.00035179173929034135,59644,59619,0.0004191536449601463,57200,57172,0.000489510489510514,66928,66891,0.0005528328950513695,72158,72115,0.000595914520912455,74013,73968,0.0006080012970693938,61796,61765,0.0005016505922713632,64940,64908,0.0004927625500461552,61150,61114,0.0005887162714636185,59459,59430,0.00048773104155808156,66722,66683,0.0005845148526723021,67474,67455,0.0002815899457568882,,774021,773635,0.0004986944798655024,1
SHV-HQ,PMT-753,4139,4137,0.000483208504469701,3927,3924,0.0007639419404125158,4901,4897,0.0008161599673536246,5399,5394,0.000926097425449135,8485,8477,0.0009428403064231095,8243,8235,0.0009705204415868529,5552,5549,0.0005403458213256718,5006,5003,0.0005992808629644575,3212,3210,0.0006226650062266526,0,0,,0,0,,0,0,,,48864,48826,0.000777668631303241,1
SHV-HQ,PMT-754,0,0,,0,0,,0,0,,0,0,,0,0,,0,0,,0,0,,0,0,,0,0,,0,0,,0,0,,0,0,,,0,0,,0
SHV-HQ,PMT-755,23262,23124,0.005932421975754498,23360,24785,0,31007,29114,0.061050730480214144,33700,33370,0.009792284866468881,39498,39107,0.009899235404324247,31258,30992,0.008509821485699676,26823,26741,0.0030570778809231314,28011,27627,0.013708900074970498,28945,28717,0.007877008118846063,30123,29877,0.008166517279155516,34765,34466,0.008600604055803207,30166,29921,0.008121726446993272,,360918,357841,0.008525482242503823,43
SHV-HQ,PMT-756,0,0,,0,0,,0,0,,0,0,,0,0,,0,0,,0,0,,0,0,,0,0,,0,0,,0,0,,0,0,,,0,0,,0
SHV-HQ,PMT-758,0,0,,0,0,,0,0,,0,0,,0,0,,0,0,,0,0,,0,0,,0,0,,0,0,,0,0,,0,0,,,0,0,,0
SHV-HQ,PMT-759,1915,1918,0,8127,8139,0,13649,13668,0,18884,18908,0,19832,19873,0,34758,34805,0,35444,35439,0.00014106759959375825,26819,26911,0,30177,30221,0,28796,28833,0,29788,29829,0,28365,28402,0,,276554,276946,0,1
SHV-HQ,PMT-76,51601,51330,0.005251836204724691,53865,53616,0.004622667780562528,48610,48353,0.00528697798806832,46749,46451,0.006374467903056735,61176,59835,0.021920360925853255,59344,55315,0.06789228902669187,59298,56742,0.04310432055044011,63131,62771,0.005702428284044325,74946,78449,0,75620,75243,0.004985453583708055,68860,68500,0.005227998838222447,78457,78741,0,,741657,735346,0.00850932439119434,25
SHV-HQ,PMT-761,151627,148468,0.02083402032619519,149272,146117,0.021135912964253212,138441,135270,0.022905064251197316,158855,154848,0.025224261118630187,168024,163660,0.025972480121887354,170738,166370,0.02558305708161046,148015,144451,0.02407864067830967,145745,142533,0.022038491886514078,148068,144646,0.023111003052651458,146006,138781,0.049484267769817625,167347,146252,0.12605544168703353,169333,165939,0.02004334654202078,,1861471,1797335,0.0344544717591625,99
SHV-HQ,PMT-762,30771,30875,0,31376,32039,0,33793,34888,0,33277,39743,0,33115,42213,0,42283,42448,0,33220,33339,0,32817,32925,0,36166,36294,0,31982,32081,0,33661,33769,0,36251,36373,0,,408712,426987,0,4
SHV-HQ,PMT-763,0,0,,0,0,,0,0,,0,0,,0,0,,0,0,,0,0,,0,0,,0,0,,0,0,,0,0,,0,0,,,0,0,,1
SHV-HQ,PMT-764,14409,14420,0,11500,11517,0,12742,12808,0,18478,18435,0.0023270916765883998,28610,28620,0,31690,31730,0,24900,24850,0.002008032128514081,27000,27110,0,26236,26210,0.0009910047263301802,27674,27702,0,33293,33314,0,30088,30108,0,,286620,286824,0,1
SHV-HQ,PMT-765,281,283,0,243,245,0,209,210,0,254,257,0,239,241,0,328,329,0,513,505,0.015594541910331383,400,411,0,518,521,0,203,203,0,273,275,0,202,203,0,,3663,3683,0,1
SHV-HQ,PMT-766,34137,34179,0,38418,38466,0,38313,38363,0,41834,41884,0,39765,39811,0,39228,39275,0,30206,30240,0,33169,33209,0,35104,35144,0,35680,35719,0,35087,35121,0,31010,31043,0,,431951,432454,0,1
SHV-HQ,PMT-767,191741,187966,0.019688016647456674,213161,209020,0.019426630575011372,196779,192776,0.02034261786064573,233403,228380,0.021520717385809074,272599,264647,0.029171053452140328,266202,259367,0.025675990413295158,208182,203023,0.02478120106445325,230076,224866,0.022644691319390065,215100,209998,0.02371920037191999,212979,208018,0.023293376342268468,248774,240183,0.03453335155603077,227796,222090,0.025048727809092397,,2716792,2650334,0.024461938933860283,155
SHV-HQ,PMT-768,23232,23220,0.0005165289256198191,23700,23688,0.0005063291139240089,22886,22873,0.0005680328585161432,31732,31715,0.000535736795663655,34448,34436,0.0003483511379470672,26997,26985,0.0004444938326481074,23913,23899,0.0005854556099192942,15508,15498,0.0006448284756255251,17146,17137,0.0005249037676425816,14994,14983,0.0007336267840469812,16784,16771,0.0007745471877979027,17384,17370,0.0008053382420616373,,268724,268575,0.0005544722466173102,1
SHV-HQ,PMT-77,39987,39621,0.009152974716783002,42901,42468,0.010093004825062368,43271,42821,0.010399574772942621,50925,50425,0.009818360333824216,58160,57547,0.01053988995873456,57027,56421,0.01062654532063756,47533,47052,0.010119285548987,48495,47990,0.010413444685019035,54709,54103,0.011076788097022394,54844,54180,0.01210706731821165,50755,50181,0.011309230617673083,55773,55102,0.012030911014290102,,604380,597911,0.010703530891161162,47
SHV-HQ,PMT-770,21628,21648,0,23601,23624,0,27320,27346,0,27650,27676,0,36105,36139,0,35732,35766,0,27274,27301,0,23889,23907,0,29156,29183,0,27962,27982,0,26269,26295,0,28340,28372,0,,334926,335239,0,1
SHV-HQ,PMT-771,20692,20690,9.665571235262238e-05,22147,22144,0.00013545852711427386,18332,18329,0.00016364826532844212,22240,22237,0.00013489208633088445,25886,25882,0.00015452368075408174,27400,27397,0.00010948905109486873,23022,23019,0.00013031013812869752,18881,18878,0.00015888988930667924,20695,20691,0.0001932834017879248,20432,20429,0.0001468285043069173,23536,23532,0.00016995241332429245,27225,27221,0.0001469237832874004,,270488,270449,0.00014418384549408358,1
SHV-HQ,PMT-772,10297,10298,0,9591,9593,0,8484,8486,0,7660,7661,0,9982,9983,0,9741,9743,0,7782,7783,0,7440,7441,0,8678,8679,0,9276,9277,0,7163,7165,0,7376,7377,0,,103470,103486,0,1
SHV-HQ,PMT-773,67221,67154,0.0009967123369185593,55714,55652,0.0011128262196216099,54737,54677,0.0010961506841806745,54980,54918,0.001127682793743201,70334,70263,0.001009469104558236,52138,52080,0.0011124323909624811,41899,41846,0.0012649466574381485,55037,54976,0.0011083452949833816,41951,41898,0.001263378703725726,35761,35712,0.0013702077682391511,42585,42530,0.0012915345779029863,40078,40027,0.0012725185887518808,,612435,611733,0.0011462440912096694,1
SHV-HQ,PMT-774,108795,108800,0,120087,120094,0,126659,126669,0,134851,134858,0,154153,154172,0,155317,155325,0,131663,131670,0,128137,128141,0,136945,136953,0,133847,133853,0,116862,116868,0,132667,132667,0,,1579983,1580070,0,1
SHV-HQ,PMT-775,2600,2597,0.001153846153846172,2773,2770,0.0010818608005770392,2915,2911,0.0013722126929673895,3059,3049,0.0032690421706440542,2480,2490,0,2555,2545,0.003913894324853229,2133,2127,0.002812939521800284,5467,5466,0.00018291567587347402,9049,9041,0.0008840755884628182,10613,10606,0.0006595684537831215,22839,22823,0.0007005560663776444,61500,61436,0.001040650406504029,,127983,127861,0.000953251603728611,1
SHV-HQ,PMT-776,0,0,,0,0,,0,0,,0,0,,0,0,,0,0,,0,0,,0,0,,0,0,,0,0,,0,0,,0,0,,,0,0,,1
SHV-HQ,PMT-777,82300,82353,0,80102,80151,0,83708,83759,0,95450,95512,0,112945,113005,0,109850,109912,0,90342,90399,0,84755,84805,0,91133,91188,0,89161,89215,0,81999,82050,0,84330,84384,0,,1086075,1086733,0,1
SHV-HQ,PMT-778,0,0,,0,0,,158,158,0,12413,12411,0.00016112140497870353,17315,17314,5.7753393011839016e-05,0,0,,0,0,,0,0,,0,0,,0,0,,0,0,,0,0,,,29886,29883,0.00010038144950808014,1
SHV-HQ,PMT-779,22682,22672,0.00044087822943306154,22206,22197,0.00040529586598214706,20116,20107,0.00044740505070595127,20623,20613,0.0004848955050186232,22487,22477,0.00044470138302132867,24001,23989,0.0004999791675346366,21264,21255,0.0004232505643341211,15900,15891,0.0005660377358490676,23236,23223,0.000559476674126369,21629,21618,0.000508576448287057,23254,23242,0.0005160402511396045,21875,21866,0.0004114285714286181,,259273,259150,0.00047440342804683233,1
SHV-HQ,PMT-78,142460,138569,0.02731292994524781,143959,139752,0.029223598385651472,146794,143093,0.025212202133602202,169249,165677,0.021104999143274128,124193,121461,0.021998019212032927,131076,128100,0.022704385242149572,114222,111958,0.019821050235506288,102255,100277,0.01934379736932179,114799,112518,0.01986951105845869,104896,102991,0.01816084502745574,114875,112793,0.01812404787812838,119682,117012,0.02230911916578937,,1528460,1494201,0.022414063828952058,78
SHV-HQ,PMT-780,14978,14986,0,14533,14542,0,13398,13407,0,14499,14508,0,14642,14651,0,14467,14476,0,11549,11556,0,11419,11428,0,13244,13252,0,12861,12868,0,11623,11629,0,13829,13837,0,,161042,161140,0,1
SHV-HQ,PMT-781,4670,4666,0.0008565310492505418,4722,4718,0.0008470986869970609,3793,3789,0.0010545742156604643,5408,5403,0.0009245562130177909,4641,4637,0.0008618832148243882,4716,4711,0.0010602205258694042,4086,4082,0.0009789525208027117,4701,4698,0.0006381620931716903,4323,4318,0.0011566042100392693,4271,4267,0.0009365488176070746,4565,4562,0.000657174151150075,5892,5887,0.0008486082824168406,,55788,55738,0.000896250089625017,1
SHV-HQ,PMT-782,6062,6066,0,6578,6582,0,5998,6002,0,6985,6990,0,6817,6820,0,9295,9300,0,7696,7700,0,7803,7808,0,7325,7328,0,6769,6773,0,7186,7190,0,7176,7180,0,,85690,85739,0,1
SHV-HQ,PMT-783,1020,1017,0.002941176470588225,1553,1550,0.0019317450096587585,1232,1228,0.0032467532467532756,924,923,0.0010822510822511289,708,707,0.0014124293785310327,1313,1311,0.0015232292460015673,1026,1023,0.0029239766081871066,1137,1134,0.0026385224274406704,827,827,0,590,590,0,553,553,0,619,619,0,,11502,11482,0.0017388280299078795,1
SHV-HQ,PMT-784,4718,4721,0,4441,4443,0,4740,4746,0,4884,4893,0,6950,6958,0,5819,5826,0,4774,4781,0,5076,5082,0,5011,5019,0,4797,4804,0,5544,5554,0,6557,6566,0,,63311,63393,0,1
SHV-HQ,PMT-785,125960,124960,0.007939028262940573,108471,107372,0.010131740280812429,104051,103087,0.009264687509009994,122002,120778,0.010032622416025982,126020,124611,0.011180764957943179,124138,122763,0.011076382735342949,103722,102724,0.009621873855112706,99577,98625,0.00956044066400874,114155,112943,0.010617143357715353,101452,100321,0.011148129164531007,108761,107583,0.01083108834968416,122788,121326,0.011906700980551799,,1361097,1347093,0.010288759728366181,91
SHV-HQ,PMT-786,108974,104285,0.04302861232954647,110093,105387,0.042745678653501984,123763,117312,0.05212381729596083,117987,137435,0,80839,79751,0.013458850307401127,75908,75968,0,43199,41047,0.04981596796222132,41125,45863,0,39700,43401,0,37382,36867,0.013776683965544878,43478,42817,0.015203091218547349,42987,42509,0.01111964082164374,,865435,872642,0,105
SHV-HQ,PMT-788,0,0,,0,0,,0,0,,0,0,,0,0,,0,0,,0,0,,0,0,,0,0,,0,0,,0,0,,0,0,,,0,0,,1
SHV-HQ,PMT-789,10455,10443,0.0011477761836441447,8083,8071,0.0014845973029815607,10664,10652,0.0011252813203300738,12226,12213,0.0010633077048912698,9681,9670,0.001136246255552087,10646,10634,0.0011271839188428112,9986,9976,0.0010014019627478943,11263,11250,0.0011542217881559402,12209,12197,0.0009828814808747754,10641,10629,0.0011277135607555833,11261,11247,0.001243228842909172,12763,12750,0.0010185693018882613,,129878,129732,0.001124131877608181,1
SHV-HQ,PMT-79,84457,82551,0.02256769717134166,93628,91123,0.02675481693510484,93146,90640,0.0269040001717733,104627,101424,0.030613512764391615,122113,117405,0.03855445366177235,107709,103641,0.03776843160738652,92705,89699,0.03242543552127719,104340,100809,0.03384128809660725,104878,101244,0.03464978355803883,103426,99880,0.03428538278575988,110342,106379,0.03591560783745085,110423,106429,0.03617000081504762,,1231794,1191224,0.032935701911196213,59
SHV-HQ,PMT-790,0,0,,0,0,,0,0,,0,0,,0,0,,0,0,,0,0,,0,0,,0,0,,0,0,,0,0,,0,0,,,0,0,,1
SHV-HQ,PMT-791,1324,1328,0,787,788,0,742,744,0,986,988,0,1166,1168,0,1241,1243,0,878,881,0,977,979,0,1093,1096,0,914,914,0,936,940,0,980,982,0,,12024,12051,0,1
SHV-HQ,PMT-792,14498,14498,0,13724,13726,0,14553,14553,0,15745,15745,0,15845,15847,0,17543,17544,0,16281,16282,0,14812,14814,0,18069,18069,0,16281,16283,0,16595,16596,0,16712,16713,0,,190658,190670,0,1
SHV-HQ,PMT-793,0,0,,0,0,,0,0,,0,0,,0,0,,0,0,,0,0,,0,0,,0,0,,0,0,,0,0,,0,0,,,0,0,,1
SHV-HQ,PMT-794,32652,32653,0,33053,33055,0,34803,34805,0,36904,36907,0,41892,41894,0,42609,42611,0,32314,32316,0,32712,32713,0,35987,35990,0,33057,33061,0,33458,33460,0,36910,36911,0,,426351,426376,0,1
SHV-HQ,PMT-795,818,818,0,823,829,0,838,832,0.007159904534606243,11463,11468,0,24331,24345,0,23931,23941,0,20676,20684,0,22331,22341,0,21658,21667,0,20631,20640,0,20749,20756,0,21722,21731,0,,189971,190052,0,1
SHV-HQ,PMT-796,0,0,,0,0,,0,0,,0,0,,0,0,,0,0,,22,515,0,1262,2014,0,2085,2827,0,1197,1919,0,1828,2571,0,4432,5140,0,,10826,14986,0,1
SHV-HQ,PMT-797,10287,10296,0,20980,20994,0,32813,32835,0,50520,50563,0,77202,77263,0,88436,88499,0,71893,71952,0,84030,84089,0,88037,88095,0,79912,79961,0,89675,89730,0,75151,75203,0,,768936,769480,0,1
SHV-HQ,PMT-798,0,0,,0,0,,0,0,,0,0,,0,0,,0,0,,0,0,,0,0,,0,0,,0,0,,0,0,,0,0,,,0,0,,1
SHV-HQ,PMT-799,5954,5956,0,5208,5210,0,5555,5557,0,6530,6533,0,6203,6206,0,6292,6296,0,5811,5815,0,5423,5425,0,6112,6115,0,5782,5786,0,5945,5948,0,5957,5956,0.0001678697330871337,,70772,70803,0,1
SHV-HQ,PMT-80,106406,104703,0.01600473657500512,110159,108273,0.017120707341206853,106511,104489,0.01898395470890335,120126,117143,0.024832259460899397,131747,128039,0.028144853393246128,115112,112277,0.02462818819931889,99649,97181,0.02476693193107804,97488,94419,0.03148079763663225,94561,91516,0.03220143611002424,96906,93497,0.035178420324850856,112500,108571,0.034924444444444425,71061,59920,0.15678079396574773,,1262226,1220028,0.03343141402569749,32
SHV-HQ,PMT-800,13443,13446,0,14769,14792,0,14226,14236,0,15235,15242,0,19034,19038,0,15692,15697,0,15099,15103,0,15601,15602,0,18666,18683,0,15668,15685,0,19914,19932,0,15587,15605,0,,192934,193061,0,1
SHV-HQ,PMT-801,0,0,,0,0,,0,0,,0,0,,0,0,,0,0,,0,0,,0,0,,0,0,,0,0,,0,0,,67,67,0,,67,67,0,1
SHV-HQ,PMT-802,17286,17343,0,16945,16998,0,18643,18702,0,20394,20457,0,21688,21676,0.0005533013648100216,19492,19634,0,17321,17374,0,16645,16695,0,18790,18847,0,15546,15595,0,16677,16729,0,14993,15042,0,,214420,215092,0,1
SHV-HQ,PMT803,0,0,,0,0,,0,0,,0,0,,0,0,,0,0,,0,0,,0,0,,0,0,,0,0,,0,0,,0,0,,,0,0,,0
SHV-HQ,PMT806,0,0,,0,0,,0,0,,0,0,,0,0,,0,0,,0,0,,0,0,,0,0,,0,0,,0,0,,0,0,,,0,0,,0
SHV-HQ,PMT-807,0,0,,0,0,,0,0,,0,0,,0,0,,0,0,,0,0,,3054,3054,0,14720,14718,0.00013586956521738358,14926,14925,6.699718611813399e-05,14892,14891,6.715014773028827e-05,10996,10995,9.094216078575634e-05,,58588,58583,8.534170819962661e-05,1
SHV-HQ,PMT-809,109099,109260,0,101061,101216,0,108362,108524,0,123834,124025,0,125396,125592,0,117559,117738,0,100781,100947,0,90316,90457,0,102600,102756,0,91955,92092,0,93701,93844,0,105282,105427,0,,1269946,1271878,0,1
SHV-HQ,PMT-81,18968,18889,0.004164909320961585,22022,21943,0.003587321769140006,19830,19745,0.004286434694906749,24246,24137,0.0044955869009321026,22091,21992,0.004481463039246791,26772,26524,0.009263409532347278,24809,25370,0,23295,22603,0.029705945481863005,22370,22269,0.004514975413500211,20473,20301,0.008401309041176197,26837,26762,0.002794649178373132,27199,27009,0.006985550939372809,,278912,277544,0.004904772831574089,9
SHV-HQ,PMT-810,91,93,0,98,99,0,90,91,0,1267,1271,0,10402,10410,0,20268,20282,0,19336,19349,0,19974,19989,0,22613,22629,0,21070,21086,0,17781,17795,0,20296,20309,0,,153286,153403,0,1
SHV-HQ,PMT-811,0,0,,0,0,,0,0,,22,21,0.045454545454545414,105,106,0,156,155,0.0064102564102563875,1927,1931,0,13500,13507,0,22201,22210,0,28159,28167,0,23917,23924,0,25491,25498,0,,115478,115519,0,1
SHV-HQ,PMT-812,15543,15600,0,16838,16899,0,18950,19017,0,23092,23174,0,24339,24419,0,21524,21598,0,18165,18231,0,20034,20108,0,15071,9194,0.3899542167075841,1477,7356,0,1078,1081,0,5354,5365,0,,181465,182042,0,1
SHV-HQ,PMT-814,1997,1996,0.0005007511266900133,2157,2156,0.00046360686138158247,1654,1652,0.0012091898428052694,1056,1057,0,5,4,0.19999999999999996,47,47,0,1,1,0,0,0,,5,5,0,379,378,0.0026385224274406704,1732,1731,0.0005773672055426893,4543,4541,0.0004402377283733161,,13576,13568,0.0005892751915144157,1
SHV-HQ,PMT-815,595,595,0,591,590,0.0016920473773265332,411,411,0,329,329,0,329,329,0,380,380,0,413,413,0,403,403,0,416,416,0,466,465,0.0021459227467811592,350,350,0,392,391,0.0025510204081632404,,5075,5072,0.000591133004926081,1
SHV-HQ,PMT-816,0,0,,0,0,,0,0,,0,0,,0,0,,0,0,,0,0,,0,0,,0,0,,0,0,,0,0,,0,0,,,0,0,,1
SHV-HQ,PMT818,0,0,,0,0,,0,0,,0,0,,0,0,,0,0,,0,0,,0,0,,0,0,,0,0,,0,0,,0,0,,,0,0,,0
SHV-HQ,PMT-819,49597,49574,0.00046373772607211095,40376,40236,0.0034674063800277377,42281,42359,0,64007,63976,0.0004843220272782167,49211,49182,0.0005892991404360393,44490,44460,0.0006743088334457692,36055,36028,0.000748855914574964,37324,37298,0.0006966027221091409,31866,31842,0.0007531538316700725,31370,31345,0.0007969397513547527,34672,34647,0.0007210429164743459,37928,37903,0.0006591436405821716,,499177,498850,0.0006550782588140569,1
SHV-HQ,PMT-82,3960,3857,0.02601010101010104,3900,3925,0,3960,3961,0,4260,4295,0,4320,4212,0.025000000000000022,4560,4566,0,3720,3796,0,3960,3781,0.04520202020202024,4260,4214,0.010798122065727722,3720,3613,0.028763440860215095,3960,3988,0,4440,4421,0.004279279279279291,,49020,48629,0.007976336189310484,22
SHV-HQ,PMT-820,0,0,,0,0,,0,0,,0,0,,0,0,,0,0,,0,0,,0,0,,0,0,,0,0,,0,0,,0,0,,,0,0,,0
SHV-HQ,PMT-821,133826,131361,0.018419440168577106,136380,133714,0.019548320868162494,135792,133076,0.020001178272652242,150307,147194,0.020710944932704423,170441,166238,0.024659559613003923,158253,154797,0.021838448560216883,138759,135839,0.021043680049582347,132842,130258,0.019451679438731717,147769,144378,0.02294797961683437,133970,131017,0.022042248264536823,145865,142717,0.021581599424125075,149816,146423,0.022647781278368084,,1734020,1697012,0.021342314390837447,95
SHV-HQ,PMT-822,7318,7332,0,5845,5857,0,5781,5791,0,6260,6271,0,6775,6784,0,9867,9881,0,13647,13667,0,23362,23394,0,17784,17807,0,25417,25476,0,12751,12752,0,10177,10195,0,,144984,145207,0,1
SHV-HQ,PMT-823,13823,13829,0,14017,14020,0,14591,14596,0,20677,20684,0,23453,23467,0,16595,16610,0,15079,15089,0,17837,17852,0,6744,6748,0,15075,15086,0,23262,23272,0,27527,27536,0,,208680,208789,0,1
SHV-HQ,PMT824,0,0,,0,0,,0,0,,0,0,,0,0,,0,0,,0,0,,0,0,,0,0,,0,0,,0,0,,0,0,,,0,0,,0
SHV-HQ,PMT-825,74104,73261,0.011375904134729553,79822,78907,0.011463005186540087,77550,76622,0.011966473243068987,91568,90339,0.013421719377948671,86502,84876,0.01879725324269954,73462,72391,0.01457896599602515,51316,50414,0.01757736378517416,56547,55800,0.013210249880630243,68626,67846,0.011365954594468541,66305,65516,0.011899555086343439,63497,62599,0.014142400428366675,61738,60389,0.021850400077747856,,851037,838960,0.014190922368827685,55
SHV-HQ,PMT-826,9862,9858,0.0004055972419387821,9298,9297,0.0001075500107550198,7326,7324,0.00027300027300025675,9021,9016,0.0005542622769094674,15750,15757,0,16052,16068,0,13981,13996,0,14513,14530,0,14576,14593,0,13803,13818,0,14201,14214,0,15654,15668,0,,154037,154139,0,1
SHV-HQ,PMT-827,18273,18278,0,20567,20574,0,20856,20861,0,19210,19216,0,27472,27482,0,24010,24017,0,19340,19346,0,20572,20576,0,19235,19240,0,13694,13697,0,13929,13933,0,14485,14488,0,,231643,231708,0,1
SHV-HQ,PMT-828,107721,104075,0.03384669655870254,109280,105350,0.03596266471449483,111214,106932,0.038502346826838396,108140,103717,0.040900684298132095,155789,148650,0.04582480149432888,137186,131334,0.04265741402183898,118115,113805,0.036489861575583094,114747,110595,0.03618395252163453,125144,120536,0.03682158153806814,114032,109991,0.03543742107478598,119372,114829,0.038057500921489074,119644,114972,0.0390491792317208,,1440384,1384786,0.03859942904114455,425
SHV-HQ,PMT-83,12221,12079,0.011619343752557021,12231,12062,0.013817349358188236,11461,11291,0.01483291161329725,13099,12762,0.02572715474463705,14432,14321,0.007691241685144123,15901,15678,0.01402427520281746,14920,14737,0.012265415549597813,15292,15096,0.012817159298979863,15509,15291,0.014056354374879065,14948,14735,0.01424939791276425,14303,14041,0.01831783541914289,15126,15000,0.008330027766759174,,169443,167093,0.013868970686307436,33
SHV-HQ,PMT830,0,0,,0,0,,0,0,,0,0,,0,0,,0,0,,0,0,,0,0,,0,0,,0,0,,0,0,,0,0,,,0,0,,0
SHV-HQ,PMT-831,6556,6555,0.00015253203172671537,7143,7382,0,5954,5798,0.026200873362445365,8743,8718,0.0028594304014640803,7812,7788,0.003072196620583667,5463,5450,0.002379644883763521,4689,4686,0.000639795265515053,4774,4774,0,4938,4939,0,4509,4510,0,4472,4471,0.00022361359570666206,4902,4898,0.00081599347205219,,69955,69969,0,9
SHV-HQ,PMT-832,0,0,,0,0,,0,0,,0,0,,0,0,,0,0,,0,0,,0,0,,0,0,,0,0,,0,0,,0,0,,,0,0,,1
SHV-HQ,PMT-833,132320,129010,0.025015114873035094,136160,132479,0.027034371327849582,147440,144229,0.02177835051546395,155040,150899,0.026709236326109442,176400,170983,0.030708616780045328,187600,168290,0.10293176972281448,57120,70004,0,61840,61276,0.00912031047865458,63280,62731,0.008675726927939276,59760,58747,0.01695113788487279,49920,49453,0.00935496794871793,57200,56792,0.007132867132867093,,1284080,1254893,0.02272989221855337,107
SHV-HQ,PMT-834,0,0,,0,0,,0,0,,0,0,,0,0,,0,0,,0,0,,0,0,,0,0,,0,0,,0,0,,203,203,0,,203,203,0,1
SHV-HQ,PMT-835,0,0,,0,0,,0,0,,0,0,,0,0,,0,0,,0,0,,0,0,,0,0,,0,0,,0,0,,0,0,,,0,0,,1
SHV-HQ,PMT-836,4710,4617,0.0197452229299363,4954,4882,0.014533710133225686,5232,5181,0.009747706422018387,4683,4629,0.011531069827034002,6314,6288,0.004117833386126035,5203,5143,0.011531808571977664,4525,4448,0.017016574585635325,4760,4671,0.018697478991596683,6826,6772,0.007910928801640793,11033,11035,0,14762,14789,0,15691,15723,0,,88693,88178,0.00580654617613563,19
SHV-HQ,PMT-837,4905,4908,0,5358,5363,0,5941,5946,0,4461,4465,0,7004,7010,0,6088,6094,0,4297,4302,0,6682,6688,0,8347,8353,0,8091,8097,0,8823,8828,0,7215,7223,0,,77212,77277,0,1
SHV-HQ,PMT-838,42126,42151,0,39814,39837,0,39812,39835,0,44939,44962,0,49355,49383,0,45987,46009,0,38732,38748,0,35058,35072,0,41396,41414,0,36477,36492,0,37269,37287,0,39408,39429,0,,490373,490619,0,1
SHV-HQ,PMT-839,93192,91401,0.01921838784445018,93874,92259,0.017203911626222368,94162,92609,0.016492852743144826,114125,112211,0.016771084337349418,122415,120204,0.018061512069599273,121797,119760,0.01672454986576022,100885,99528,0.013450959012737296,95410,94144,0.01326904936589457,104490,103038,0.013896066609244917,87050,86058,0.011395749569213076,96011,95164,0.00882190582329112,102057,100475,0.015501141518955097,,1225468,1206851,0.015191747152924484,96
SHV-HQ,PMT-84,33775,33260,0.015247964470762376,34130,33639,0.014386170524465225,33157,32693,0.013994028410290404,37068,36523,0.014702708535664133,37830,37275,0.014670896114195031,35782,35287,0.013833771169861953,29896,29517,0.012677281241637695,36194,35665,0.01461568215726361,33874,33383,0.014494892838164963,31752,31320,0.013605442176870763,30785,30300,0.015754425856748466,31037,30716,0.010342494442117434,,405280,399578,0.014069285432293688,71
SHV-HQ,PMT841,0,0,,0,0,,0,0,,0,0,,0,0,,0,0,,0,0,,0,0,,0,0,,0,0,,0,0,,0,0,,,0,0,,0
SHV-HQ,PMT-842,0,0,,0,0,,0,0,,0,0,,0,0,,0,0,,0,0,,0,0,,0,0,,0,0,,0,0,,0,0,,,0,0,,1
SHV-HQ,PMT-843,87498,87176,0.0036800841162083486,80475,80279,0.0024355389872631195,79867,79641,0.002829704383537579,92052,91757,0.0032047103810889377,90003,89787,0.0023999200026665335,100205,100095,0.0010977496132927866,88343,88112,0.0026148081908017318,78470,78106,0.004638715432649376,86704,86212,0.005674478686104489,81213,80565,0.007979018137490357,88739,88186,0.006231758302437496,87336,86973,0.004156361637812633,,1040905,1036889,0.0038581811020218515,41
SHV-HQ,PMT-844,5800,5784,0.0027586206896551557,4691,4677,0.002984438286079749,4049,4039,0.002469745616201502,5375,5359,0.0029767441860465427,5817,5802,0.002578648788035043,7833,7814,0.002425635133409987,18237,18196,0.00224817678346223,32845,32760,0.0025879129243415733,43761,43662,0.0022622883389319393,34578,34498,0.00231360980970563,38954,38862,0.002361760024644499,44293,44190,0.0023254238818775086,,246233,245643,0.002396104502645824,1
SHV-HQ,PMT-845,9361,9354,0.0007477833564789593,8798,8793,0.0005683109797681718,7354,7348,0.0008158825129180869,8524,8518,0.0007038948850305315,11355,11347,0.0007045354469397136,7613,7608,0.0006567713122290764,6614,6610,0.000604777744178997,6229,6225,0.0006421576497029902,6245,6241,0.0006405124099279069,6138,6134,0.0006516780710329462,5744,5740,0.0006963788300835549,6634,6630,0.0006029544769370343,,90609,90548,0.0006732223068348642,1
SHV-HQ,PMT-846,6025,6024,0.00016597510373439484,17871,17869,0.00011191315539138547,27837,27836,3.592341128710874e-05,29657,29654,0.00010115655663078815,40999,40995,9.756335520383352e-05,52574,52570,7.608323505914338e-05,38023,38020,7.889961339191398e-05,46459,46456,6.457306442242405e-05,44383,44379,9.012459725565858e-05,47965,47963,4.1697070780832846e-05,53026,53023,5.657601931130518e-05,42841,42839,4.6684251067907745e-05,,447660,447628,7.148282178437437e-05,1
SHV-HQ,PMT-847,16618,16592,0.0015645685401372011,16026,15991,0.0021839510794958716,16448,16445,0.00018239299610900428,21170,21144,0.0012281530467642687,21607,21585,0.0010181885500069043,22135,22108,0.0012197876665913654,18400,18374,0.001413043478260878,16450,16422,0.0017021276595744483,19768,19738,0.0015176042088222985,17526,17502,0.001369394043135963,17924,17882,0.002343226958268274,19108,19090,0.0009420138162026248,,223180,222873,0.0013755712877497883,1
SHV-HQ,PMT-848,1020,1017,0.002941176470588225,954,950,0.004192872117400381,908,905,0.0033039647577092213,994,991,0.003018108651911433,979,976,0.003064351378958108,950,947,0.0031578947368421373,993,989,0.004028197381671705,984,981,0.0030487804878048808,1055,1051,0.0037914691943128354,1041,1037,0.003842459173871271,869,866,0.0034522439585730202,994,994,0,,11741,11704,0.003151349970189954,1
SHV-HQ,PMT-849,98,116,0,33,53,0,11,31,0,25,50,0,69,98,0,41,59,0,71,88,0,172,198,0,49,78,0,11,31,0,20,56,0,31,68,0,,631,926,0,1
SHV-HQ,PMT-85,26140,26269,0,24749,24873,0,26286,26356,0,27668,27704,0,28467,28605,0,27422,27555,0,26197,26317,0,24782,24909,0,21726,21835,0,20707,20814,0,23038,23154,0,23829,23949,0,,301011,302340,0,2
SHV-HQ,PMT-850,948,947,0.0010548523206751481,793,793,0,806,806,0,916,915,0.0010917030567685337,1009,1009,0,1204,1203,0.0008305647840531893,1124,1123,0.000889679715302516,1119,1118,0.0008936550491510653,1108,1107,0.0009025270758122872,1137,1137,0,1020,1020,0,1109,1108,0.0009017132551848439,,12293,12286,0.0005694297567720996,1
SHV-HQ,PMT-852,165037,157405,0.046244175548513344,165245,158795,0.0390329510726497,172077,167040,0.029271779494063677,172678,165783,0.039929811556770445,186821,177198,0.051509198644691945,193406,186731,0.03451288998273061,171203,165019,0.036120862368066,168230,162311,0.03518397432087028,184393,176781,0.04128139354530813,159519,154941,0.028698775694431355,177674,170916,0.038035953487848495,167720,161361,0.03791438111137613,,2084003,2004281,0.03825426354952466,270
SHV-HQ,PMT-853,21809,21858,0,25269,25325,0,28143,28208,0,31927,32004,0,38951,39047,0,33007,33087,0,25613,25671,0,25004,25063,0,24590,24646,0,22919,22972,0,21934,21985,0,21231,21275,0,,320397,321141,0,1
SHV-HQ,PMT-854,6048,6046,0.0003306878306877925,6195,6197,0,6657,6661,0,6977,6980,0,10175,10180,0,8734,8738,0,6103,6105,0,5564,5566,0,6303,6305,0,5707,5709,0,7167,7168,0,7432,7435,0,,83062,83090,0,1
SHV-HQ,PMT-855,70838,70902,0,55452,55485,0,51110,51154,0,1360,0,1,0,1367,0,0,0,,0,0,,0,0,,0,0,,0,0,,2246,2239,0.003116651825467498,3031,3032,0,,184037,184179,0,1
SHV-HQ,PMT-856,1439,1441,0,608,605,0.004934210526315819,465,462,0.006451612903225823,416,413,0.007211538461538436,1099,1095,0.0036396724294813776,765,765,0,904,905,0,7974,7979,0,13592,13602,0,6613,6619,0,281,280,0.003558718861209953,182,182,0,,34338,34348,0,1
SHV-HQ,PMT-857,171,178,0,187,191,0,248,250,0,252,255,0,504,508,0,199,201,0,88,88,0,95,98,0,125,127,0,151,153,0,157,158,0,164,165,0,,2341,2372,0,1
SHV-HQ,PMT-858,0,0,,0,0,,0,0,,0,0,,0,0,,0,0,,0,0,,0,0,,0,0,,0,0,,0,0,,0,0,,,0,0,,0
SHV-HQ,PMT-86,5213,5203,0.0019182812200269073,4852,4842,0.002061005770816138,5338,5322,0.002997377294867043,5427,5412,0.0027639579878385723,4522,4511,0.0024325519681557273,4218,4207,0.0026078710289236806,4098,4084,0.00341630063445586,4748,4735,0.0027379949452400743,4882,4871,0.0022531749283081215,4847,4835,0.0024757582009490298,5262,5249,0.0024705435195743197,5077,5063,0.002757533976757931,,58484,58334,0.002564804048970637,4
SHV-HQ,PMT-860,25423,25489,0,23396,23458,0,23451,23512,0,28034,28108,0,27575,27643,0,29086,29160,0,26232,26300,0,23384,23443,0,25898,25965,0,21405,21462,0,22115,22174,0,23214,23277,0,,299213,299991,0,1
SHV-HQ,PMT-862,5596,5596,0,5437,5436,0.00018392495861685454,5091,5091,0,7775,7774,0.00012861736334401908,7627,7626,0.0001311131506490648,6014,6014,0,5362,5361,0.0001864975755314635,8149,8149,0,6288,6287,0.00015903307888043283,6129,6129,0,6602,6602,0,5710,5710,0,,75780,75775,6.598046978090188e-05,1
SHV-HQ,PMT-863,0,0,,0,0,,0,0,,0,0,,0,0,,0,0,,0,0,,0,0,,0,0,,0,0,,0,0,,0,0,,,0,0,,1
SHV-HQ,PMT-864,3146,3146,0,2539,2540,0,2450,2450,0,2661,2661,0,4005,4006,0,4577,4577,0,5131,5132,0,6691,6690,0.00014945449110748132,3216,3217,0,3358,3358,0,2450,2450,0,3713,3712,0.000269323996768156,,43937,43939,0,1
SHV-HQ,PMT-865,1126,1131,0,1070,1075,0,1107,1112,0,1365,1370,0,1259,1265,0,1721,1727,0,7044,7053,0,9351,9362,0,9487,9496,0,9411,9421,0,11658,11666,0,11860,11869,0,,66459,66547,0,1
SHV-HQ,PMT-866,83202,83356,0,85144,83233,0.02244432960631404,80673,82528,0,99437,97531,0.01916791536349649,113518,110241,0.02886766856357581,97183,94825,0.024263502876017418,96133,94138,0.020752499141813985,95848,94442,0.014669059343961233,105372,103440,0.018335041567019705,92823,91165,0.01786195231785226,101600,99668,0.019015748031496083,108556,106893,0.01531928221378831,,1159489,1141460,0.015549091021993311,73
SHV-HQ,PMT-867,453,363,0.19867549668874174,213,195,0.08450704225352113,471,112,0.7622080679405521,2511,2507,0.0015929908403026216,7213,7630,0,17487,17458,0.0016583747927031434,13492,13457,0.002594129854728733,15588,15556,0.0020528611752630432,16930,16894,0.0021264028352038222,16808,16775,0.0019633507853402676,18744,18713,0.0016538625693555131,18636,18608,0.001502468340845664,,128546,128268,0.002162649946322759,1
SHV-HQ,PMT-868,778,784,0,971,972,0,930,931,0,696,696,0,1580,1582,0,1210,1211,0,1197,1200,0,926,927,0,860,862,0,539,535,0.007421150278293154,529,537,0,556,558,0,,10772,10795,0,1
SHV-HQ,PMT-869,10647,10646,9.392317084622182e-05,9770,9771,0,8816,8817,0,9784,9785,0,9341,9343,0,8157,8158,0,8131,8132,0,9705,9706,0,7651,7652,0,6984,6985,0,9224,9225,0,9328,9329,0,,107538,107549,0,1
SHV-HQ,PMT-87,1030,1015,0.014563106796116498,1213,1200,0.010717230008243983,1086,1076,0.009208103130755041,1113,1098,0.013477088948787075,1127,1112,0.013309671694764824,1002,986,0.015968063872255467,873,855,0.020618556701030966,1074,1057,0.01582867783985098,943,929,0.014846235418875975,959,941,0.018769551616266922,1105,1089,0.014479638009049722,1125,1114,0.009777777777777774,,12650,12472,0.01407114624505934,10
SHV-HQ,PMT-870,8571,8574,0,8010,8013,0,8434,8436,0,8702,8801,0,11056,11061,0,9060,9063,0,6870,6873,0,6267,6268,0,5937,5938,0,4582,4581,0.0002182453077258506,4834,4834,0,5334,5336,0,,87657,87778,0,1
SHV-HQ,PMT-871,3859,3862,0,3477,3479,0,2420,2421,0,27,28,0,15,15,0,164,164,0,3049,3050,0,5437,5439,0,6286,6286,0,5618,5621,0,6312,6314,0,7064,7065,0,,43728,43744,0,1
SHV-HQ,PMT-872,36325,36320,0.00013764624913970014,34870,34866,0.00011471178663602366,36441,36438,8.23248538733834e-05,40817,40812,0.00012249797878338686,46165,46161,8.664572728256381e-05,43652,43646,0.0001374507468157038,29156,29152,0.00013719303059400723,27400,27397,0.00010948905109486873,27014,27011,0.00011105352780038658,24190,24187,0.00012401818933438502,26412,26408,0.00015144631228225514,25947,25944,0.0001156203029252234,,398389,398342,0.00011797514489608751,1
SHV-HQ,PMT-873,11319,11320,0,11923,11923,0,10918,10918,0,12612,12613,0,13289,13289,0,14253,14253,0,13940,13940,0,13915,13915,0,12082,12081,8.276775368321054e-05,11509,11509,0,12437,12437,0,12235,12235,0,,150432,150433,0,1
SHV-HQ,PMT874,0,0,,0,0,,0,0,,0,0,,0,0,,0,0,,0,0,,0,0,,0,0,,0,0,,0,0,,0,0,,,0,0,,0
SHV-HQ,PMT-875,36775,36781,0,36859,36866,0,38268,38274,0,44600,44608,0,50038,50041,0,44791,44793,0,42634,42636,0,38980,38980,0,37183,37184,0,29895,29896,0,22812,22811,4.3836577240052854e-05,14910,14908,0.00013413816230722908,,437745,437778,0,1
SHV-HQ,PMT-876,0,0,,0,46,0,0,519,0,624,661,0,789,756,0.041825095057034245,1025,1019,0.005853658536585371,1206,1204,0.0016583747927031434,1049,1048,0.0009532888465204614,1270,1269,0.0007874015748031704,952,951,0.0010504201680672232,1563,1561,0.001279590531030106,1550,1548,0.001290322580645209,,10028,10582,0,1
SHV-HQ,PMT-877,0,0,,0,0,,0,0,,0,0,,0,0,,0,0,,0,0,,0,0,,0,0,,0,0,,0,0,,0,0,,,0,0,,1
SHV-HQ,PMT-878,0,0,,0,0,,0,0,,0,0,,0,0,,0,0,,0,0,,0,0,,0,0,,0,0,,0,0,,0,0,,,0,0,,1
SHV-HQ,PMT-879,5021,5023,0,6703,6704,0,6570,6571,0,6906,6908,0,7698,7699,0,8055,8056,0,6343,6344,0,5676,5677,0,6388,6389,0,5537,5538,0,6462,6465,0,6346,6347,0,,77705,77721,0,1
SHV-HQ,PMT88,0,0,,0,0,,0,0,,0,0,,0,0,,0,0,,0,0,,0,0,,0,0,,0,0,,0,0,,0,0,,,0,0,,0
SHV-HQ,PMT-880,67715,67675,0.0005907110684486572,70066,70029,0.0005280735306710804,66524,66492,0.0004810294029222728,74555,74520,0.0004694520823552706,72450,72418,0.00044168391994481304,73345,73310,0.0004771968095984569,63322,63288,0.0005369381889390734,67671,67637,0.0005024308788107446,67470,67434,0.0005335704757669646,65509,65475,0.0005190126547497398,70450,70406,0.0006245564229950817,65754,65716,0.0005779116099400294,,824831,824400,0.000522531282165728,1
SHV-HQ,PMT-881,0,0,,0,0,,0,0,,0,0,,0,0,,0,0,,0,0,,0,0,,0,0,,0,0,,0,0,,0,0,,,0,0,,1
SHV-HQ,PMT-883,9262,9265,0,9577,9578,0,8546,8546,0,9721,9725,0,10831,10833,0,11363,11366,0,10936,10939,0,8704,8705,0,10830,10832,0,9957,9959,0,6777,6778,0,8469,8470,0,,114973,114996,0,1
SHV-HQ,PMT-884,0,0,,0,0,,0,0,,0,0,,0,0,,0,0,,0,0,,0,0,,0,0,,0,0,,0,0,,0,0,,,0,0,,1
SHV-HQ,PMT-885,15580,15577,0.00019255455712452463,17373,17371,0.00011512116502621073,18438,18434,0.00021694326933507924,18590,18587,0.00016137708445396193,21889,21885,0.00018274018913611023,20962,20958,0.000190821486499404,18043,18038,0.00027711577897249207,11900,11899,8.403361344533344e-05,4773,4774,0,7924,7922,0.00025239777889951576,11130,11130,0,14775,14772,0.00020304568527917954,,181377,181347,0.0001654013463670001,1
SHV-HQ,PMT-887,137588,136051,0.011171032357473076,152161,150190,0.01295338490151876,134429,132653,0.013211435032619456,158488,157335,0.0072749987380748005,185742,181415,0.023295754325892926,162678,160686,0.012245048500719169,151778,149783,0.013144197446270156,147695,146407,0.00872067436270696,154807,152797,0.012983908996363258,142658,140929,0.012119895133816505,145577,143802,0.012192860135873063,137614,135890,0.012527795137122655,,1811215,1787938,0.012851594095676155,124
SHV-HQ,PMT-888,23107,23103,0.00017310771627643273,28378,28376,7.047713017127588e-05,23947,23943,0.0001670355368104115,25297,25291,0.00023718227457802943,25155,25146,0.0003577817531306149,25020,25017,0.00011990407673856396,19323,19333,0,23107,23115,0,30104,30118,0,21819,21834,0,27618,27631,0,27601,27606,0,,300476,300513,0,1
SHV-HQ,PMT-889,50775,50370,0.007976366322008821,53910,53440,0.008718234093860189,56559,56018,0.00956523276578436,67258,66557,0.010422551964078597,75402,74671,0.009694703058274357,65839,65174,0.010100396421573787,56264,55717,0.009722024740508983,59706,59077,0.010534954610926905,59870,59243,0.010472690830131914,60129,59571,0.009280047897021415,64585,64023,0.008701710923589068,64236,63682,0.00862444735039547,,734533,727543,0.009516250461177322,64
SHV-HQ,PMT89,0,0,,0,0,,0,0,,0,0,,0,0,,0,0,,0,271,0,0,0,,0,0,,0,0,,0,0,,0,0,,,0,271,0,0
SHV-HQ,PMT-89,72222,70441,0.024660075877156573,65285,63863,0.021781419928007972,69763,68172,0.022805785301664216,79740,77831,0.023940305994482047,76598,74952,0.02148881171832162,76646,74804,0.02403256530021136,67961,66450,0.022233339709539335,66591,65212,0.020708504152212814,64685,63386,0.02008193553374038,60685,59479,0.01987311526736424,66230,64866,0.020594896572550203,63588,62290,0.020412656476064717,,829994,811746,0.021985701101453703,152
SHV-HQ,PMT-890,38213,38249,0,45912,45956,0,44028,44066,0,48250,48294,0,42202,42236,0,39812,39843,0,35137,35164,0,36456,36481,0,39005,39032,0,35167,35201,0,15965,35887,0,34122,34169,0,,454269,474578,0,1
SHV-HQ,PMT-891,1998,2003,0,1955,1953,0.001023017902813339,1859,1860,0,1839,1864,0,2257,2298,0,1722,1753,0,1511,1511,0,2146,2146,0,1917,1917,0,2378,2374,0.001682085786375076,2258,2253,0.0022143489813994943,2086,2082,0.0019175455417066445,,23926,24014,0,1
SHV-HQ,PMT-892,81207,81287,0,69690,69745,0,62166,62205,0,62603,62629,0,65675,65697,0,77697,77729,0,69019,69034,0,61032,61040,0,70359,70376,0,52297,52299,0,49925,49933,0,56378,56402,0,,778048,778376,0,1
SHV-HQ,PMT-893,90,91,0,115,115,0,87,88,0,58,57,0.017241379310344862,75,76,0,68,68,0,510,511,0,301,302,0,226,226,0,555,556,0,226,226,0,47,47,0,,2358,2363,0,1
SHV-HQ,PMT-895,922,921,0.0010845986984815426,836,835,0.0011961722488038617,800,799,0.0012499999999999734,874,873,0.0011441647597254523,831,830,0.001203369434416346,871,870,0.0011481056257175437,830,829,0.001204819277108471,874,874,0,908,907,0.0011013215859030367,913,912,0.0010952902519167917,787,786,0.0012706480304955914,892,891,0.0011210762331838042,,10338,10327,0.0010640355968272175,1
SHV-HQ,PMT-896,67384,67401,0,58697,58715,0,63125,63142,0,72208,72229,0,83200,83224,0,82509,82532,0,71727,71748,0,65117,65140,0,83191,83217,0,87357,87386,0,77069,77096,0,83054,83079,0,,894638,894909,0,1
SHV-HQ,PMT-897,1115,1116,0,1044,1044,0,1006,1007,0,1007,1027,0,0,1011,0,0,0,,0,602,0,0,0,,0,0,,0,0,,0,0,,0,0,,,4172,5807,0,0
SHV-HQ,PMT-898,0,0,,0,0,,0,0,,0,0,,0,0,,0,0,,0,0,,0,0,,0,0,,0,0,,0,0,,0,0,,,0,0,,1
SHV-HQ,PMT-899,48343,48295,0.0009929048673024132,46177,46141,0.0007796088962037651,43999,43949,0.0011363894633968918,52784,52737,0.000890421339799885,60090,60048,0.0006989515726409934,61497,61442,0.0008943525700441102,40547,40508,0.0009618467457518376,32273,32240,0.001022526570197968,33821,33785,0.001064427426746728,36079,36043,0.0009978103605975397,34930,34900,0.0008588605782994252,50490,50436,0.0010695187165775666,,541030,540524,0.000935253128292346,1
SHV-HQ,PMT-90,27758,27534,0.008069745658909167,25094,24873,0.008806886108232992,24801,24597,0.008225474779242736,28997,28798,0.006862778908162892,28883,28693,0.006578264030744685,29651,29432,0.007385922903106135,26229,26017,0.008082656601471672,26930,26713,0.008057927961381384,27084,26874,0.007753655294638895,26966,26761,0.007602165690128282,27584,27327,0.009316995359628821,27962,27718,0.008726128317001591,,327939,325337,0.007934402434599086,62
SHV-HQ,PMT-900,151864,151860,2.6339356266169567e-05,131946,131941,3.789429008838052e-05,128539,128539,0,131282,131279,2.285157142634109e-05,147775,147770,3.383522246658277e-05,148117,148111,4.05085169157271e-05,121962,121956,4.91956511043945e-05,119287,119286,8.38314317574973e-06,130516,130513,2.2985687578525038e-05,125843,125841,1.5892818829854605e-05,116446,116441,4.2938357693644846e-05,130812,130809,2.2933675809522214e-05,,1584389,1584346,2.713979963253621e-05,1
SHV-HQ,PMT-901,0,0,,0,0,,0,0,,0,0,,0,0,,0,0,,0,0,,0,0,,0,0,,0,0,,0,0,,0,0,,,0,0,,1
SHV-HQ,PMT-902,76058,74466,0.020931394462121,76245,74410,0.024067151944389797,75577,73585,0.026357225081704794,85632,83400,0.026065022421524642,98482,95467,0.03061473162608397,85011,82576,0.028643352036795244,73128,71420,0.023356306749808597,74057,71976,0.02809997704470879,80616,78600,0.025007442691277193,80879,79013,0.023071501873168532,81523,79759,0.02163806533125623,85805,84362,0.0168172017947672,,973013,949034,0.024644069503696242,57
SHV-HQ,PMT-903,1140,1140,0,924,925,0,890,890,0,967,967,0,939,938,0.0010649627263046302,1011,1012,0,928,928,0,978,978,0,1134,1134,0,1241,1242,0,925,924,0.00108108108108107,977,977,0,,12054,12055,0,1
SHV-HQ,PMT-904,11769,11790,0,11120,11131,0,11096,11105,0,12840,12855,0,13621,13634,0,13608,13623,0,11181,11195,0,10671,10688,0,12084,12098,0,10709,10725,0,10783,10883,0,12925,12853,0.00557059961315276,,142407,142580,0,1
SHV-HQ,PMT-907,2983,2982,0.0003352329869259485,3363,3361,0.0005947071067499143,3132,3130,0.0006385696040868138,3444,3443,0.00029036004645766056,2763,2761,0.0007238508867173366,4672,4670,0.00042808219178080975,11884,11879,0.0004207337596768834,10865,10861,0.00036815462494244056,13256,13249,0.0005280627640313895,18502,18494,0.0004323856880337207,36117,36101,0.00044300467923696907,36595,36578,0.00046454433665799044,,147576,147509,0.0004540033609801153,1
SHV-HQ,PMT908,0,0,,0,0,,0,0,,0,0,,0,0,,0,0,,0,0,,0,0,,0,0,,0,0,,0,0,,0,0,,,0,0,,0
SHV-HQ,PMT-909,1587,1589,0,1215,1215,0,1412,1412,0,1154,1154,0,1285,1286,0,1095,1095,0,854,854,0,911,912,0,1110,1110,0,929,928,0.0010764262648008671,954,954,0,779,779,0,,13285,13288,0,1
SHV-HQ,PMT-91,8178,8142,0.00440205429200291,7599,7559,0.005263850506645573,7371,7338,0.004477004477004498,8516,8476,0.004697040864255486,7430,7388,0.005652759084791348,7040,6998,0.005965909090909105,6738,6645,0.013802315227070316,7345,7295,0.006807351940095296,7719,7665,0.006995724834823136,7730,7680,0.0064683053040103244,8347,8300,0.005630765544507033,8046,8001,0.005592841163310935,,92059,91487,0.0062134066196678495,25
SHV-HQ,PMT-910,75746,75795,0,88207,88290,0,98395,98521,0,106238,106399,0,108693,108861,0,98771,98918,0,82680,82789,0,100026,100164,0,84447,84471,0,90541,90714,0,94719,94796,0,101620,101707,0,,1130083,1131425,0,1
SHV-HQ,PMT-911,40812,40828,0,39210,39224,0,38728,38742,0,42721,42734,0,46974,46984,0,30343,30353,0,23197,23204,0,21636,21643,0,28621,28629,0,22925,22933,0,22734,22743,0,25812,25822,0,,383713,383839,0,1
SHV-HQ,PMT-912,3409,3421,0,4140,4149,0,3091,3099,0,5534,5542,0,8173,8179,0,9309,9315,0,7323,7329,0,6949,6954,0,7865,7870,0,7470,7475,0,7830,7838,0,9984,9989,0,,81077,81160,0,1
SHV-HQ,PMT913,0,0,,0,0,,0,0,,0,0,,0,0,,0,0,,0,0,,0,0,,0,0,,0,0,,0,0,,0,0,,,0,0,,0
SHV-HQ,PMT-914,0,0,,0,0,,0,0,,0,0,,0,0,,0,0,,0,0,,0,0,,0,0,,0,0,,0,0,,0,0,,,0,0,,1
SHV-HQ,PMT915,0,0,,0,0,,0,0,,0,0,,0,0,,0,0,,0,0,,0,0,,0,0,,0,0,,0,0,,0,0,,,0,0,,0
SHV-HQ,PMT-916,275508,275387,0.00043918869869474797,263550,263440,0.0004173781066211246,248260,248160,0.0004028035124465923,239230,239165,0.0002717050537139887,254456,254356,0.00039299525261737855,281052,280952,0.0003558060430098875,275171,275076,0.0003452398690269032,299972,299883,0.0002966943581400594,332980,332881,0.00029731515406328235,316404,316308,0.00030340956498653426,339174,339073,0.0002977822592533652,307319,307201,0.00038396584656330557,,3433076,3431882,0.00034779305788745773,1
SHV-HQ,PMT-917,155872,153628,0.014396427838226256,141326,139462,0.013189363599054649,143214,141262,0.013629952378957366,172714,170111,0.01507115809951709,175184,172654,0.014441958169695845,177127,174661,0.013922214004640776,150672,148913,0.011674365509185547,134655,133105,0.011510898221380517,155084,153099,0.012799515101493353,140944,139324,0.01149392666590987,150204,148432,0.011797289020265778,161781,159749,0.012560189391832122,,1858777,1834400,0.013114537139204963,137
SHV-HQ,PMT918,0,0,,0,0,,0,0,,0,0,,0,0,,0,0,,0,0,,0,0,,0,0,,0,0,,0,0,,0,0,,,0,0,,0
SHV-HQ,PMT-919,96382,95309,0.011132784129816775,100095,98962,0.011319246715620124,108166,106377,0.016539393154965554,130795,129690,0.008448335181008404,135073,141952,0,159350,148354,0.06900533417006594,122864,121328,0.012501627816121852,118516,117133,0.011669310472847583,117543,116107,0.012216805764698857,121578,120182,0.01148234055503461,105679,104330,0.012765071584704635,118026,116542,0.012573500754071154,,1434067,1416266,0.012412948627923193,53
SHV-HQ,PMT-92,5011,4978,0.006585511873877459,5305,5264,0.007728557964184701,5696,5653,0.0075491573033708015,5131,5096,0.006821282401091366,4556,4532,0.005267778753292318,4830,4810,0.0041407867494823725,4425,4407,0.004067796610169538,4114,4093,0.005104521147301866,4688,4676,0.0025597269624573205,4220,4204,0.0037914691943128354,5351,5324,0.0050457858344235,5013,4983,0.005984440454817497,,58340,58020,0.005485087418580781,20
SHV-HQ,PMT-921,38601,38589,0.0003108727753167173,35307,35293,0.0003965219361600214,34485,34471,0.00040597361171523794,38651,38634,0.00043983338076636347,38551,38533,0.00046691395813336367,36347,36330,0.00046771397914546764,33708,33693,0.0004449982200070979,39193,39176,0.00043375092491004796,37754,37739,0.0003973088944217995,36387,36372,0.0004122351389231893,31503,31490,0.00041265911183063775,23582,23575,0.0002968365702654685,,424069,423895,0.0004103105862489631,1
SHV-HQ,PMT-922,188603,149588,0.20686309337603326,159830,156095,0.023368579115309984,168819,164884,0.023308987732423514,164245,159285,0.030198788395384923,215450,210654,0.022260385240194913,181948,177619,0.023792512146327494,157428,154417,0.01912620372487739,135040,132719,0.017187500000000022,139826,136957,0.02051835853131745,122155,119978,0.017821620072858257,137962,135541,0.01754831040431426,141344,140264,0.007640932759791719,,1912650,1838001,0.03902909575719549,134
SHV-HQ,PMT-924,0,0,,0,0,,0,0,,0,0,,0,0,,0,0,,0,0,,0,0,,0,0,,0,0,,0,0,,0,0,,,0,0,,1
SHV-HQ,PMT-925,1465,1464,0.0006825938566552558,1489,1490,0,1639,1639,0,1729,1729,0,1661,1662,0,1856,1855,0.0005387931034482873,1411,1412,0,1586,1585,0.0006305170239596647,1649,1649,0,465,465,0,261,263,0,316,310,0.01898734177215189,,15527,15523,0.00025761576608485104,1
SHV-HQ,PMT-926,4211,4212,0,4815,4814,0.00020768431983386737,4527,4527,0,4104,4104,0,104,105,0,0,0,,0,0,,114,114,0,992,992,0,1502,1509,0,1777,1772,0.002813731007315745,1562,1563,0,,23708,23712,0,1
SHV-HQ,PMT-927,26672,26668,0.00014997000599881183,27218,27230,0,29737,29747,0,29177,29187,0,30438,30454,0,29659,29663,0,25830,25840,0,23599,23608,0,27897,27908,0,23273,23282,0,27146,27156,0,25896,25905,0,,326542,326648,0,1
SHV-HQ,PMT-928,0,0,,0,0,,0,0,,0,0,,0,0,,0,0,,0,0,,0,0,,0,0,,0,0,,0,0,,205,205,0,,205,205,0,1
SHV-HQ,PMT-929,6865,6868,0,6603,6606,0,5775,5778,0,6515,6519,0,6581,6584,0,6568,6571,0,5881,5892,0,6363,6360,0.00047147571900052476,5566,5568,0,6175,6178,0,6308,6312,0,6556,6559,0,,75756,75795,0,1
SHV-HQ,PMT-93,87120,84749,0.027215335169880617,86000,83912,0.024279069767441874,88160,85823,0.026508620689655205,104880,101788,0.029481311975591118,108720,104314,0.04052612214863871,98560,96796,0.017897727272727315,76400,74860,0.020157068062827244,75280,73691,0.021107863974495267,83360,81624,0.02082533589251434,64880,71159,0,52000,79374,0,57876,74198,0,,983236,1012288,0,175
SHV-HQ,PMT-930,26221,26157,0.002440791731817993,27725,27657,0.0024526600541028287,26092,26027,0.002491185037559407,35280,35193,0.002465986394557862,51804,51692,0.0021619952127248654,57868,57743,0.0021600884772240425,46490,46390,0.002151000215100063,50945,50833,0.0021984493080773326,50184,50072,0.002231787023752596,47505,47398,0.002252394484791087,54901,54776,0.0022768255587329866,47216,47104,0.0023720772619451047,,522231,521042,0.0022767702415215085,1
SHV-HQ,PMT-931,0,0,,0,0,,0,0,,0,0,,0,0,,0,0,,0,0,,0,0,,0,0,,0,0,,0,0,,0,0,,,0,0,,1
SHV-HQ,PMT-932,45172,44259,0.020211635526432348,46579,45634,0.020288112668799263,47024,46004,0.021691051378019743,49643,48428,0.024474749712950494,69275,67289,0.028668350775893137,58992,57384,0.027257933279088653,51097,49868,0.024052292698201416,46595,45461,0.024337375254855687,49045,47829,0.0247935569375064,43273,42424,0.01961962424606567,44884,43996,0.01978433294715265,48119,47137,0.0204077391466988,,599698,585713,0.02332007110245493,89
SHV-HQ,PMT-933,12671,12678,0,12890,12899,0,16824,16836,0,27592,27606,0,32543,32565,0,32075,32096,0,26800,26816,0,28450,28469,0,28650,28668,0,27190,27210,0,28793,28814,0,25057,25072,0,,299535,299729,0,1
SHV-HQ,PMT-934,0,0,,0,0,,0,0,,0,0,,0,0,,0,0,,0,0,,0,0,,0,0,,0,0,,0,0,,0,0,,,0,0,,1
SHV-HQ,PMT-935,15770,15763,0.0004438807863030858,15465,15458,0.0004526349822179254,14936,14930,0.0004017139796465008,16843,16835,0.0004749747669654525,19079,19071,0.0004193091881126154,21277,21265,0.0005639892842036476,18847,18838,0.0004775295803045587,16410,16403,0.0004265691651431647,18725,18716,0.00048064085447263594,17840,17832,0.0004484304932735883,16217,16208,0.0005549731762964916,19361,19353,0.00041320179742776464,,210770,210672,0.0004649618067087413,1
SHV-HQ,PMT-936,73037,73033,5.476676205207198e-05,71709,71700,0.0001255072585031325,68829,68823,8.717255807866309e-05,87253,87243,0.0001146092397968923,97878,97868,0.00010216800506757107,96072,96061,0.00011449746023817209,73025,73015,0.0001369394043135852,72572,72563,0.00012401477153722862,74603,74596,9.383000683615972e-05,76853,76843,0.0001301185379880554,64945,64937,0.00012318115328358026,74754,74753,1.3377210584031296e-05,,931530,931435,0.00010198275954609315,1
SHV-HQ,PMT-937,26264,26253,0.00041882424611638935,28164,28151,0.00046158216162472954,32366,32351,0.00046344929864672313,32629,32615,0.0004290661681326524,37686,37670,0.00042456084487607626,39165,39148,0.00043406102387333334,30006,29995,0.00036659334799704624,27534,27525,0.0003268685988232489,27716,27707,0.0003247221821330859,29552,29542,0.00033838657282081464,29966,29954,0.0004004538476940489,29046,29035,0.00037870963299591054,,370094,369946,0.00039989840418919176,1
SHV-HQ,PMT-939,0,0,,0,0,,0,0,,0,0,,0,0,,0,0,,0,0,,0,0,,0,0,,0,0,,0,0,,0,0,,,0,0,,1
SHV-HQ,PMT-94,14330,14113,0.015143056524773213,15546,15300,0.01582400617522195,17811,17565,0.013811689405423655,18738,18444,0.015690041626641005,21512,21093,0.019477500929713676,20727,20356,0.017899358324890202,16407,16186,0.013469860425428193,14638,14514,0.00847110260964612,12605,12539,0.005236017453391528,12098,12042,0.004628864275086797,14551,14409,0.009758779465328882,16062,15875,0.011642385755198603,,195025,192436,0.013275221125496728,33
SHV-HQ,PMT-940,13626,13629,0,16141,16143,0,8741,8743,0,8256,8258,0,13429,13432,0,13780,11967,0.13156748911465888,9260,11077,0,11457,11460,0,12902,12906,0,10240,10242,0,11009,11012,0,12409,12412,0,,141250,141281,0,1
SHV-HQ,PMT-941,7538,7543,0,7288,7294,0,6763,6769,0,7143,7147,0,5824,5829,0,8662,8669,0,7304,7309,0,6170,6175,0,6073,6077,0,5731,5736,0,1873,1875,0,1768,1771,0,,72137,72194,0,1
SHV-HQ,PMT-942,36689,36698,0,33155,33165,0,36070,36077,0,37836,37849,0,38317,38331,0,40378,40391,0,32966,32975,0,28960,28966,0,32572,32580,0,30008,30014,0,26642,26649,0,29999,30005,0,,403592,403700,0,1
SHV-HQ,PMT-943,248,245,0.012096774193548376,261,267,0,267,267,0,348,349,0,384,385,0,358,358,0,241,242,0,279,279,0,8584,8578,0.0006989748369058413,10347,10351,0,11516,11515,8.68357068426473e-05,11262,11262,0,,44095,44098,0,1
SHV-HQ,PMT-945,0,0,,0,0,,0,0,,0,0,,0,0,,0,0,,0,0,,0,0,,0,0,,0,0,,0,0,,0,0,,,0,0,,1
SHV-HQ,PMT-946,1840,1843,0,2153,2158,0,2238,2242,0,2757,2763,0,3458,3465,0,3340,3347,0,2856,2860,0,3133,3138,0,3117,3122,0,3089,3096,0,3344,3351,0,2430,2436,0,,33755,33821,0,1
SHV-HQ,PMT-947,0,0,,0,0,,0,0,,0,0,,0,0,,0,0,,0,0,,0,0,,0,0,,0,0,,0,0,,0,0,,,0,0,,0
SHV-HQ,PMT-948,0,0,,0,0,,0,0,,0,0,,0,0,,0,0,,0,0,,0,0,,0,0,,0,0,,0,0,,0,0,,,0,0,,0
SHV-HQ,PMT-949,0,0,,0,0,,0,0,,0,0,,0,0,,0,0,,0,0,,0,0,,0,0,,0,0,,0,0,,0,0,,,0,0,,1
SHV-HQ,PMT-95,153131,150993,0.013961901900986784,164077,161782,0.013987335214563856,171823,169306,0.014648795562875794,186548,183635,0.015615284001972651,216847,212218,0.021346848238619875,226685,220626,0.02672872047113839,192466,188355,0.021359616763480305,179444,176341,0.01729230289115269,197671,194093,0.018100783625316863,200155,196771,0.01690689715470506,166411,163595,0.016921958284007665,182132,179184,0.016186062855511385,,2237390,2196899,0.01809742601870934,203
SHV-HQ,PMT-950,39588,39581,0.00017682125896734124,41130,41124,0.00014587892049600093,40673,40665,0.00019669067932048812,44665,44657,0.0001791111608642204,45668,45658,0.000218971708855209,51057,51048,0.0001762735765908907,41054,41047,0.00017050713694155561,37532,37325,0.005515293616114247,32544,32738,0,32588,32587,3.0686142138192096e-05,40464,40444,0.0004942665085013731,40803,40810,0,,487766,487684,0.00016811339863787023,1
SHV-HQ,PMT-951,0,0,,0,0,,0,0,,0,0,,0,0,,0,0,,0,0,,0,0,,0,0,,0,0,,0,0,,0,0,,,0,0,,1
SHV-HQ,PMT-952,10203,10202,9.801038910128845e-05,10385,10384,9.62927298988614e-05,9264,9264,0,7188,7187,0.00013912075681687952,10374,10373,9.639483323697906e-05,8963,8962,0.00011156978690174402,7876,7875,0.00012696800406297726,6744,6742,0.00029655990510080166,7917,7917,0,11369,11367,0.00017591696719143624,15071,15070,6.635259770415569e-05,19898,19898,0,,125252,125241,8.78229489349458e-05,1
SHV-HQ,PMT-954,17966,18001,0,24292,24336,0,35201,35248,0,47046,47105,0,41294,41346,0,53692,53745,0,57339,57406,0,45816,45861,0,0,0,,0,0,,0,0,,0,0,,,322646,323048,0,1
SHV-HQ,PMT-956,50218,50264,0,43253,43292,0,38614,38652,0,39100,39138,0,57777,57823,0,41469,41518,0,36278,36326,0,31238,31282,0,41229,41279,0,42302,42352,0,44243,44292,0,47335,47383,0,,513056,513601,0,1
SHV-HQ,PMT-957,33,33,0,563,561,0.003552397868561319,526,526,0,587,586,0.0017035775127768327,500,494,0.01200000000000001,257,263,0,144,144,0,0,0,,192,192,0,224,224,0,395,394,0.0025316455696202667,123,123,0,,3544,3540,0.0011286681715575453,1
SHV-HQ,PMT-958,4449,4454,0,3941,3948,0,4263,4268,0,3927,3932,0,5721,5728,0,3774,3778,0,3506,3511,0,2756,2758,0,2806,2808,0,4858,4862,0,4529,4533,0,1870,1872,0,,46400,46452,0,1
SHV-HQ,PMT-959,196190,158753,0.1908201233498139,184198,228342,0,199518,202912,0,214253,218018,0,277707,282674,0,247735,252105,0,216895,220582,0,175776,178670,0,185265,188268,0,163074,165758,0,171533,174385,0,157263,159930,0,,2389407,2430397,0,1
SHV-HQ,PMT-96,86000,83343,0.030895348837209347,84960,82016,0.03465160075329565,88240,85033,0.036344061650045334,103600,99624,0.03837837837837843,115120,109912,0.045239749826268216,125440,119062,0.05084502551020409,106880,102795,0.03822043413173648,106960,103215,0.03501308900523559,108720,104952,0.034657836644591655,75840,72586,0.042906118143459904,75120,74082,0.01381789137380196,75920,74624,0.017070600632244415,,1152800,1111244,0.036047883414295656,54
SHV-HQ,PMT-960,57517,57498,0.0003303371177216796,52820,52812,0.00015145778114356023,56774,56745,0.0005107971958995261,60186,60166,0.00033230319343369175,75280,75250,0.00039851222104148043,76777,76749,0.00036469255115467725,66098,66073,0.0003782262700837702,57148,57126,0.00038496535311827174,62258,62235,0.0003694304346429922,55229,55208,0.0003802350214561212,44700,44685,0.0003355704697987072,54288,54266,0.00040524609490122376,,719075,718813,0.00036435698640613357,1
SHV-HQ,PMT-961,300725,301025,0,294151,294428,0,286003,286263,0,301453,301755,0,285168,285430,0,303932,304198,0,269906,270129,0,235197,235445,0,236985,237254,0,227408,227666,0,228848,229112,0,216996,217256,0,,3186772,3189961,0,1
SHV-HQ,PMT-962,29063,29080,0,31680,31699,0,25790,25806,0,29663,29683,0,30452,30472,0,29423,29438,0,26490,26505,0,28558,28575,0,24733,24746,0,24756,24771,0,25652,25668,0,24421,24434,0,,330681,330877,0,1
SHV-HQ,PMT-963,0,0,,0,0,,0,0,,0,0,,0,0,,0,0,,0,0,,0,0,,0,0,,0,0,,0,0,,0,0,,,0,0,,1
SHV-HQ,PMT-964,41279,41284,0,47297,47259,0.0008034336215827498,42632,42679,0,50748,50754,0,50824,50832,0,43760,43768,0,37877,37883,0,37875,37880,0,38050,38056,0,37280,37285,0,39054,39057,0,37072,37080,0,,503748,503817,0,1
SHV-HQ,PMT-965,82702,82656,0.0005562138763270941,69194,69155,0.0005636326849148832,74962,74912,0.0006670046156719289,92766,92721,0.00048509152060016714,107248,107184,0.0005967477248992603,109305,109242,0.0005763688760807018,87173,87121,0.0005965149759673549,75024,74984,0.0005331627212625811,90371,90320,0.0005643403304157468,80783,80737,0.0005694267358231642,74029,73987,0.000567345229572247,83940,83893,0.0005599237550630853,,1027497,1026912,0.0005693447280138431,1
SHV-HQ,PMT-966,10196,10124,0.007061592781482884,8691,8784,0,9884,9709,0.01770538243626063,6931,7127,0,7845,7856,0,7053,7063,0,6595,6603,0,6673,6680,0,7222,7232,0,6412,6419,0,7475,7484,0,8727,8814,0,,93704,93895,0,1
SHV-HQ,PMT-967,12851,12856,0,12459,12464,0,12876,12880,0,13187,13192,0,10321,10324,0,8844,8848,0,8255,8259,0,9631,9635,0,11076,11081,0,10870,10875,0,10141,10145,0,7730,7733,0,,128241,128292,0,1
SHV-HQ,PMT-968,14745,14745,0,14632,14633,0,11235,11185,0.0044503782821539994,13701,13750,0,19334,19335,0,19068,19067,5.244388504299646e-05,19353,19352,5.167157546637213e-05,21506,21505,4.649865153905086e-05,21400,21398,9.345794392523477e-05,21058,21058,0,23257,23256,4.299780711181089e-05,19837,19835,0.00010082169682912312,,219126,219119,3.194509095227893e-05,1
SHV-HQ,PMT-969,146,177,0,209,215,0,165,170,0,233,238,0,228,233,0,215,213,0.009302325581395321,170,181,0,223,231,0,207,209,0,210,215,0,185,194,0,206,210,0,,2397,2486,0,1
SHV-HQ,PMT-97,13233,13172,0.004609687901458437,13672,13292,0.02779403159742544,14378,14153,0.015648908053971344,14555,14347,0.01429062177945728,17244,16980,0.015309672929714635,17753,17391,0.02039091984453334,15724,15535,0.012019842279318294,14935,14764,0.011449614998326085,15622,15443,0.011458199974395122,18241,18039,0.011073954278822407,16709,16508,0.01202944520916871,18276,18049,0.012420660976143583,,190342,187673,0.014022128589591398,24
SHV-HQ,PMT-970,0,0,,0,0,,0,0,,0,0,,0,0,,0,0,,0,0,,0,0,,0,0,,0,0,,0,0,,0,0,,,0,0,,1
SHV-HQ,PMT-971,31439,31442,0,29060,29064,0,28988,28991,0,29775,29778,0,15390,15392,0,27650,27653,0,31287,31290,0,27538,27541,0,33151,33153,0,28889,28891,0,28755,28757,0,18565,18568,0,,330487,330520,0,1
SHV-HQ,PMT-972,0,0,,0,0,,0,0,,0,0,,0,0,,0,0,,0,0,,0,0,,0,0,,0,0,,0,0,,0,0,,,0,0,,1
SHV-HQ,PMT-973,3827,3827,0,4835,4834,0.00020682523267834263,8134,8131,0.0003688222276863051,11971,11968,0.0002506056302731263,12204,12200,0.00032776138970824764,6228,6227,0.00016056518946694354,10848,10843,0.0004609144542773169,7151,7151,0,8254,8252,0.00024230676035863485,6926,6924,0.0002887669650591951,7299,7297,0.0002740101383751359,9243,9241,0.00021637996321544062,,96920,96895,0.0002579446966570753,1
SHV-HQ,PMT-974,39375,38862,0.01302857142857139,43542,43022,0.011942492306278973,46539,46091,0.009626334901910227,57596,56640,0.016598374887144995,66960,65631,0.019847670250896066,55507,54388,0.02015961950744949,44179,43105,0.02431019262545553,49716,50620,0,52961,52400,0.01059270028889181,50809,50275,0.010509949024779086,49071,48596,0.009679851643536908,49456,48226,0.02487059204141051,,605711,597856,0.012968230723893082,22
SHV-HQ,PMT-975,0,0,,0,0,,0,0,,0,0,,0,0,,0,0,,0,0,,0,0,,0,0,,0,0,,0,0,,0,0,,,0,0,,0
SHV-HQ,PMT-976,33633,33644,0,39561,39570,0,37543,37553,0,44355,44367,0,45185,45196,0,42364,42378,0,34773,34782,0,41270,41282,0,39316,39328,0,35374,35384,0,42841,42853,0,35942,35953,0,,472157,472290,0,1
SHV-HQ,PMT-977,2152,2157,0,2722,2727,0,3488,3494,0,4672,4678,0,6130,6138,0,5499,5507,0,4513,4519,0,5381,5389,0,2629,2635,0,2215,2221,0,1422,1428,0,2363,2369,0,,43186,43262,0,1
SHV-HQ,PMT-978,14668,14664,0.0002727024815926127,13152,13148,0.00030413625304137604,12614,12613,7.927699381637954e-05,13321,13317,0.00030027775692520464,13220,13217,0.00022692889561271024,13261,13259,0.00015081818867357377,11687,11943,0,12313,12052,0.021197108746852877,12907,12903,0.0003099093515146478,12691,12689,0.0001575919943266335,10830,10827,0.00027700831024934924,8442,8440,0.00023691068467190934,,149106,149072,0.00022802569983770837,1
SHV-HQ,PMT-979,73710,73615,0.0012888346221680003,75546,75449,0.0012839859158658706,77969,77865,0.0013338634585540188,83465,83350,0.0013778230395974367,94785,94680,0.001107770216806414,91698,91592,0.001155968505310967,81868,81764,0.0012703376166511848,85161,85049,0.0013151559986378514,92674,92562,0.0012085374538705063,96065,95946,0.0012387446000103886,87266,87157,0.0012490546146265435,91991,91886,0.0011414160080877034,,1032198,1030915,0.0012429785758159007,1
SHV-HQ,PMT-98,7938,7955,0,6905,6923,0,5264,5294,0,5731,5746,0,6576,6592,0,8551,8573,0,8202,8238,0,12588,12682,0,11518,11613,0,9200,9264,0,8122,8186,0,9039,9112,0,,99634,100178,0,7
SHV-HQ,PMT-980,28793,28924,0,30858,30924,0,32706,32775,0,42039,42112,0,38790,38862,0,37642,37711,0,35925,35981,0,29215,29273,0,36964,37046,0,37294,37374,0,37322,37394,0,28584,28651,0,,416132,417027,0,1
SHV-HQ,PMT981,0,0,,0,0,,0,0,,0,0,,0,0,,0,0,,0,0,,0,0,,0,0,,0,0,,0,0,,0,0,,,0,0,,0
SHV-HQ,PMT-982,23711,23747,0,24693,24730,0,20282,20314,0,26689,26734,0,32335,32393,0,32549,32607,0,26860,26908,0,24120,24159,0,26090,26134,0,23126,23161,0,14416,14435,0,16845,16866,0,,291716,292188,0,1
SHV-HQ,PMT-983,21486,21488,0,23451,23454,0,23526,23529,0,26249,26252,0,23116,23119,0,18969,18971,0,16834,16835,0,15004,15006,0,15005,15006,0,25133,25135,0,21920,21923,0,27121,27124,0,,257814,257842,0,1
SHV-HQ,PMT984,0,0,,0,0,,0,0,,0,0,,0,0,,0,0,,0,0,,0,0,,0,0,,0,0,,0,0,,0,0,,,0,0,,0
SHV-HQ,PMT-985,101720,101718,1.966181675183698e-05,88569,88566,3.3871896487513986e-05,141056,141052,2.8357531760447863e-05,156623,156615,5.10780664397803e-05,159758,159751,4.381627211158534e-05,133660,133656,2.992667963486184e-05,125489,125483,4.7812955717208006e-05,144481,144475,4.1527951772257765e-05,101938,101937,9.809884439548888e-06,87122,87120,2.2956314134181532e-05,95440,95437,3.1433361274091354e-05,91146,91144,2.194281701883849e-05,,1427002,1426954,3.3636953557181215e-05,1
SHV-HQ,PMT-986,0,0,,0,0,,0,0,,0,0,,0,0,,0,0,,0,0,,0,0,,0,0,,0,0,,0,0,,0,0,,,0,0,,1
SHV-HQ,PMT-988,202092,196760,0.026384023118183775,202482,196292,0.0305706186228899,205295,199613,0.027677244940207957,210184,203575,0.03144387774521373,326454,315570,0.03334007241449022,310264,299491,0.03472204316324168,244296,236303,0.03271850541965482,257393,249041,0.03244843488362159,270770,261381,0.034675185581859114,260713,251528,0.03523031072481997,282969,273537,0.033332273146528424,276035,267021,0.03265527922183786,,3048947,2950112,0.03241610956176022,141
SHV-HQ,PMT-989,0,0,,0,0,,0,0,,0,0,,0,0,,0,0,,0,0,,0,0,,0,0,,0,0,,0,0,,0,0,,,0,0,,1
SHV-HQ,PMT99,0,0,,0,0,,0,0,,0,0,,0,0,,0,0,,0,0,,0,0,,0,0,,0,0,,0,0,,0,0,,,0,0,,0
SHV-HQ,PMT-990,0,0,,0,0,,0,0,,0,0,,0,0,,0,0,,0,0,,0,0,,0,0,,0,0,,0,0,,0,0,,,0,0,,1
SHV-HQ,PMT-991,79924,79894,0.00037535658875931244,20159,20152,0.00034723944640113746,1190,1192,0,1931,1934,0,1058,1062,0,1851,1854,0,1808,1811,0,1798,1801,0,3155,3157,0,1358,1360,0,3435,3434,0.00029112081513826826,8878,8873,0.0005631899076368185,,126545,126524,0.00016594887194276708,1
SHV-HQ,PMT-992,0,0,,0,0,,0,0,,0,0,,0,0,,0,0,,0,0,,0,0,,0,0,,0,0,,0,0,,0,0,,,0,0,,1
SHV-HQ,PMT-993,4771,4780,0,4206,4214,0,4903,4913,0,5642,5652,0,6870,6880,0,7873,7877,0,6965,6971,0,5729,5733,0,7427,7436,0,6619,6626,0,6806,6813,0,8954,8964,0,,76765,76859,0,1
SHV-HQ,PMT-994,0,0,,0,0,,0,0,,0,0,,0,0,,0,0,,0,0,,0,0,,0,0,,0,0,,0,0,,0,0,,,0,0,,1
SHV-HQ,PMT-995,0,0,,0,0,,0,0,,0,0,,0,0,,0,0,,0,0,,0,0,,0,0,,0,0,,0,0,,0,0,,,0,0,,0
SHV-HQ,PMT-996,0,0,,0,0,,0,0,,0,0,,0,0,,0,0,,0,0,,1,0,1,801,801,0,799,800,0,637,638,0,0,0,,,2238,2239,0,1
SHV-HQ,PMT-997,40512,40498,0.0003455766192732579,38771,38758,0.000335302158830042,39686,39671,0.0003779670412740188,33966,33949,0.0005005005005005447,39222,39208,0.000356942532252269,48304,48290,0.000289831069890667,40193,40181,0.00029855945065060396,43287,43273,0.00032342273661833953,43893,43880,0.00029617478869070624,36641,36628,0.0003547938102126391,37930,37918,0.0003163722646981615,43897,43886,0.00025058660045107484,,486302,486140,0.0003331263289066966,1
SHV-HQ,PMT-998,0,0,,0,0,,0,0,,0,0,,0,0,,0,0,,0,0,,0,0,,0,0,,0,0,,0,0,,0,0,,,0,0,,0
SHV-HQ,PMT-999,0,0,,0,0,,0,0,,0,0,,0,0,,0,0,,0,0,,0,0,,0,0,,0,0,,0,0,,0,0,,,0,0,,1
SHV-HQ,PMTL01,0,0,,0,0,,0,0,,0,0,,0,0,,0,0,,0,0,,0,0,,0,0,,0,0,,0,0,,0,0,,,0,0,,0
SHV-HQ,PMTL02,0,0,,0,0,,0,0,,0,0,,0,0,,0,0,,0,0,,0,0,,0,0,,0,0,,0,0,,0,0,,,0,0,,0
SHV-HQ,PMTL03,0,0,,0,0,,0,0,,0,0,,0,0,,0,0,,0,0,,0,0,,0,0,,0,0,,0,0,,0,0,,,0,0,,0
SHV-HQ,PMT-PST10,0,0,,0,0,,0,0,,0,0,,0,0,,0,0,,0,0,,0,0,,0,0,,0,0,,0,0,,0,0,,,0,0,,0
SHV-HQ,PMTVRTN 01,0,0,,0,0,,0,0,,0,0,,0,0,,0,0,,0,0,,0,0,,0,0,,0,0,,0,0,,0,0,,,0,0,,0
SHV-HQ,PMT-VRTN 03,0,0,,0,0,,0,0,,0,0,,0,0,,0,0,,0,0,,0,0,,0,0,,0,0,,0,0,,0,0,,,0,0,,0
SHV-HQ,PMT-VRTN 04,0,0,,0,0,,0,0,,0,0,,0,0,,0,0,,0,0,,0,0,,0,0,,0,0,,0,0,,0,0,,,0,0,,0
SHV-HQ,PMT-VRTN 05,0,0,,0,0,,0,0,,0,0,,0,0,,0,0,,0,0,,0,0,,0,0,,0,0,,0,0,,0,0,,,0,0,,0
SHV-HQ,PMY01,0,0,,0,0,,0,0,,0,0,,0,0,,0,0,,0,0,,0,0,,0,0,,0,0,,0,0,,0,0,,,0,0,,0
SHV-HQ,PPC01,0,0,,0,0,,0,0,,0,0,,0,0,,0,0,,0,0,,0,0,,0,0,,0,0,,0,0,,0,0,,,0,0,,0
SHV-HQ,PPCT,0,0,,0,0,,0,0,,0,0,,0,0,,0,0,,0,0,,0,0,,0,0,,0,0,,0,0,,0,0,,,0,0,,0
SHV-HQ,PPST16,0,0,,0,0,,0,0,,0,0,,0,0,,0,0,,0,0,,0,0,,0,0,,0,0,,0,0,,0,0,,,0,0,,0
SHV-HQ,PPST17,0,0,,0,0,,0,0,,0,0,,0,0,,0,0,,0,0,,0,0,,0,0,,0,0,,0,0,,0,0,,,0,0,,0
SHV-HQ,PPST29,0,0,,0,0,,0,0,,0,0,,0,0,,0,0,,0,0,,0,0,,0,0,,0,0,,0,0,,0,0,,,0,0,,0
SHV-HQ,PSEZ01,0,0,,0,0,,0,0,,0,0,,0,0,,0,0,,0,0,,0,0,,0,0,,0,0,,0,0,,0,0,,,0,0,,0
SHV-HQ,PSEZ02,0,0,,0,0,,0,0,,0,0,,0,0,,0,0,,0,0,,0,0,,0,0,,0,0,,0,0,,0,0,,,0,0,,0
SHV-HQ,PSEZ03,0,0,,0,0,,0,0,,0,0,,0,0,,0,0,,0,0,,0,0,,0,0,,0,0,,0,0,,0,0,,,0,0,,0
SHV-HQ,P-SEZ04,0,0,,0,0,,0,0,,0,0,,0,0,,0,0,,0,0,,0,0,,0,0,,0,0,,0,0,,0,0,,,0,0,,0
SHV-HQ,PSK29,0,0,,0,0,,0,0,,0,0,,0,0,,0,0,,0,0,,0,0,,0,0,,0,0,,0,0,,0,0,,,0,0,,0
SHV-HQ,PSK30,0,0,,0,0,,0,0,,0,0,,0,0,,0,0,,0,0,,0,0,,0,0,,0,0,,0,0,,0,0,,,0,0,,0
SHV-HQ,PSL10,0,0,,0,0,,0,0,,0,0,,0,0,,0,0,,0,0,,0,0,,0,0,,0,0,,0,0,,0,0,,,0,0,,0
SHV-HQ,PSL17,0,0,,0,0,,0,0,,0,0,,0,0,,0,0,,0,0,,0,0,,0,0,,0,0,,0,0,,0,0,,,0,0,,0
SHV-HQ,PSS01,0,0,,0,0,,0,0,,0,0,,0,0,,0,0,,0,0,,0,0,,0,0,,0,0,,0,0,,0,0,,,0,0,,0
SHV-HQ,PSS02,0,0,,0,0,,0,0,,0,0,,0,0,,0,0,,0,0,,0,0,,0,0,,0,0,,0,0,,0,0,,,0,0,,0
SHV-HQ,PSS03,0,0,,0,0,,0,0,,0,0,,0,0,,0,0,,0,0,,0,0,,0,0,,0,0,,0,0,,0,0,,,0,0,,0
SHV-HQ,PST19,0,0,,0,0,,0,0,,0,0,,0,0,,0,0,,0,0,,0,0,,0,0,,0,0,,0,0,,0,0,,,0,0,,0
SHV-HQ,PST20,0,0,,0,0,,0,0,,0,0,,0,0,,0,0,,0,0,,0,0,,0,0,,0,0,,0,0,,0,0,,,0,0,,0
SHV-HQ,PST23,0,0,,0,0,,0,0,,0,0,,0,0,,0,0,,0,0,,0,0,,0,0,,0,0,,0,0,,0,0,,,0,0,,0
SHV-HQ,PST30,0,0,,0,0,,0,0,,0,0,,0,0,,0,0,,0,0,,0,0,,0,0,,0,0,,0,0,,0,0,,,0,0,,0
SHV-HQ,PT1152,0,0,,0,0,,0,0,,0,0,,0,0,,0,0,,0,0,,0,0,,0,0,,0,0,,0,0,,0,0,,,0,0,,0
SHV-HQ,PT1342,0,0,,0,0,,0,0,,0,0,,0,0,,0,0,,0,0,,0,0,,0,0,,0,0,,0,0,,0,0,,,0,0,,0
SHV-HQ,PT1401,0,0,,0,0,,0,0,,0,0,,0,0,,0,0,,0,0,,0,0,,0,0,,0,0,,0,0,,0,0,,,0,0,,0
SHV-HQ,PT1402,0,0,,0,0,,0,0,,0,0,,0,0,,0,0,,0,0,,0,0,,0,0,,0,0,,0,0,,0,0,,,0,0,,0
SHV-HQ,PT1403,0,0,,0,0,,0,0,,0,0,,0,0,,0,0,,0,0,,0,0,,0,0,,0,0,,0,0,,0,0,,,0,0,,0
SHV-HQ,PT146,0,0,,0,0,,0,0,,0,0,,0,0,,0,0,,0,0,,0,0,,0,0,,0,0,,0,0,,0,0,,,0,0,,0
SHV-HQ,PT159,0,0,,0,0,,0,0,,0,0,,0,0,,0,0,,0,0,,0,0,,0,0,,0,0,,0,0,,0,0,,,0,0,,0
SHV-HQ,PT180,0,0,,0,0,,0,0,,0,0,,0,0,,0,0,,0,0,,0,0,,0,0,,0,0,,0,0,,0,0,,,0,0,,0
SHV-HQ,PT193,0,0,,0,0,,0,0,,0,0,,0,0,,0,0,,0,0,,0,0,,0,0,,0,0,,0,0,,0,0,,,0,0,,0
SHV-HQ,PT217,0,0,,0,0,,0,0,,0,0,,0,0,,0,0,,0,0,,0,0,,0,0,,0,0,,0,0,,0,0,,,0,0,,0
SHV-HQ,PTSL23,0,0,,0,0,,0,0,,0,0,,0,0,,0,0,,0,0,,0,0,,0,0,,0,0,,0,0,,0,0,,,0,0,,0
SHV-HQ,PTT,0,0,,0,0,,0,0,,0,0,,0,0,,0,0,,0,0,,0,0,,0,0,,0,0,,0,0,,0,0,,,0,0,,0
SHV-HQ,PTT-1021,103466,103495,0,95670,95694,0,95462,95487,0,141655,141691,0,167331,167378,0,163323,163367,0,148001,148033,0,129899,129926,0,145613,145648,0,148211,148242,0,112277,112308,0,119809,119842,0,,1570717,1571111,0,1
SHV-HQ,PTT-1023,0,0,,0,0,,0,0,,0,0,,0,0,,0,0,,0,0,,0,0,,0,0,,0,0,,0,0,,0,0,,,0,0,,1
SHV-HQ,PTT-1031,14442,14446,0,15542,15546,0,16134,16138,0,18101,18108,0,20058,20066,0,20039,20044,0,17283,17288,0,18613,18618,0,17758,17845,0,16703,16629,0.004430341854756659,17590,17593,0,19424,19427,0,,211687,211748,0,1
SHV-HQ,PTT-1032,0,0,,0,0,,0,0,,0,0,,0,0,,0,0,,0,0,,0,0,,0,0,,0,0,,0,0,,0,0,,,0,0,,1
SHV-HQ,PTT-1100,1920,1919,0.0005208333333333037,1810,1806,0.0022099447513812542,1638,1644,0,1827,1828,0,1770,1769,0.0005649717514124575,2168,2168,0,2002,2003,0,5330,5330,0,5988,5990,0,4846,4847,0,4999,5000,0,5731,5732,0,,40029,40036,0,1
SHV-HQ,PTT-1101,0,0,,0,0,,0,0,,0,0,,0,0,,0,0,,0,0,,0,0,,0,0,,0,0,,0,0,,0,0,,,0,0,,1
SHV-HQ,PTT-1138,73639,73305,0.004535640082021786,75514,75072,0.005853219270598786,71614,71142,0.006590890049431697,80178,79590,0.007333682556312171,83257,82575,0.008191503417130042,85348,84687,0.007744762618924872,74790,74293,0.006645273432277055,69391,68950,0.006355291031978183,74312,73774,0.007239745936053366,74323,73748,0.007736501486753755,67697,67187,0.0075335686958063475,78647,77847,0.01017203453405724,,908710,902170,0.00719701554951524,32
SHV-HQ,PTT-1151,43968,43973,0,43048,43054,0,45568,45577,0,53429,53499,0,54240,54186,0.0009955752212389424,51556,51565,0,47026,47033,0,44448,44466,0,42200,42220,0,41106,41118,0,47222,47190,0.000677650247765893,46669,46679,0,,560480,560560,0,1
SHV-HQ,PTT-1166,3202,3202,0,2913,2913,0,2334,2336,0,2356,2355,0.0004244482173174635,6995,6995,0,12744,12743,7.846829880731043e-05,11196,21195,0,13192,3192,0.7580351728320194,10286,10285,9.721952167995873e-05,9948,9948,0,12719,12719,0,13719,13722,0,,101604,101605,0,1
SHV-HQ,PTT-117,107088,102586,0.04204019124458391,109351,104788,0.041728013461239444,112218,106919,0.04722058849738897,125925,119545,0.050665078419694254,135062,127254,0.05781048703558367,0,116879,0,119375,104703,0.12290680628272255,122409,113527,0.07256002418122853,114935,112922,0.0175142471831905,111255,106007,0.047170913666801484,122714,116660,0.049334224293886564,112274,106973,0.0472148493863227,,1292606,1338763,0,151
SHV-HQ,PTT-1182,0,0,,0,0,,0,0,,0,0,,0,0,,0,0,,0,485,0,2633,2180,0.17204709456893275,3290,3319,0,2585,2585,0,2710,2687,0.008487084870848705,3312,3330,0,,14530,14586,0,1
SHV-HQ,PTT-1192,0,0,,0,0,,0,0,,0,0,,0,0,,0,0,,0,0,,0,0,,0,0,,0,0,,0,0,,0,0,,,0,0,,0
SHV-HQ,PTT-1208,96211,96220,0,94549,98465,0,92933,90924,0.0216177245972905,113315,115408,0,121018,123136,0,115302,117388,0,101176,103091,0,107358,109357,0,100696,102644,0,93487,95321,0,105108,107081,0,101030,102922,0,,1242183,1261957,0,1
SHV-HQ,PTT-122,0,0,,0,0,,0,0,,0,0,,248620,248444,0.0007079076502292114,268256,268070,0.0006933675295240915,266719,266532,0.0007011124066902408,269588,269404,0.000682522960962606,280089,279892,0.0007033478644288271,275536,275344,0.0006968236455490162,234462,234293,0.0007207991060385055,254984,254799,0.000725535719888315,,2098254,2096778,0.0007034420046381218,1
SHV-HQ,PTT-1256,0,0,,0,0,,0,0,,0,0,,0,0,,0,0,,0,0,,0,0,,0,0,,0,0,,0,0,,0,0,,,0,0,,1
SHV-HQ,PTT-1269,156747,156766,0,159969,159988,0,157254,157905,0,176884,179782,0,199509,202870,0,192028,195278,0,165352,168233,0,174747,177762,0,175498,178551,0,175362,178338,0,184936,188093,0,174343,177350,0,,2092629,2120916,0,1
SHV-HQ,PTT-1278,18730,18666,0.0034169781099839813,17791,17729,0.003484908099600892,14311,14261,0.0034938159457760243,20532,20464,0.003311903370348701,16154,16097,0.003528537823449307,12381,12335,0.0037153703254987347,19093,19029,0.0033520138270570765,16239,16186,0.003263747767719649,16295,16241,0.003313899969315748,21061,20998,0.0029913109538958205,13319,13276,0.003228470605901368,16529,16478,0.0030854861153124524,,202435,201760,0.003334403635734895,1
SHV-HQ,PTT-1290,15888,16909,0,13270,14263,0,14157,15058,0,13985,14819,0,18889,20229,0,21614,23024,0,17778,19047,0,19001,20346,0,18012,19351,0,11285,12576,0,8840,10173,0,8229,9503,0,,180948,195298,0,1
SHV-HQ,PTT-1312,1848,1848,0,1797,1796,0.0005564830272676291,1754,1753,0.0005701254275940482,1851,1851,0,1797,1797,0,582,582,0,0,0,,0,0,,0,0,,0,0,,0,0,,0,0,,,9629,9627,0.00020770588846197313,0
SHV-HQ,PTT-1313,0,0,,0,0,,0,0,,0,0,,0,0,,0,0,,0,0,,0,0,,0,0,,0,0,,0,0,,0,0,,,0,0,,1
SHV-HQ,PTT-1327,0,0,,0,0,,0,0,,0,0,,0,0,,0,0,,0,0,,0,0,,0,0,,0,0,,0,0,,0,0,,,0,0,,1
SHV-HQ,PTT-1334,0,0,,0,0,,0,0,,0,0,,0,0,,0,0,,0,0,,0,0,,0,0,,0,0,,0,0,,0,0,,,0,0,,0
SHV-HQ,PTT-1358,0,0,,0,0,,0,0,,0,0,,0,0,,0,0,,0,0,,0,0,,0,0,,0,0,,0,0,,0,0,,,0,0,,0
SHV-HQ,PTT-1362,36299,36310,0,37143,37154,0,37007,37018,0,40645,40661,0,45207,45227,0,47137,47151,0,41274,41286,0,38657,38671,0,42012,42027,0,43427,43443,0,38021,38036,0,40373,40387,0,,487202,487371,0,1
SHV-HQ,PTT-1371,189088,189228,0,192282,192422,0,205617,205778,0,206713,206866,0,209334,209496,0,184498,184637,0,138076,138175,0,139771,139875,0,134426,134523,0,174693,174821,0,205847,206003,0,74346,74400,0,,2054691,2056224,0,1
SHV-HQ,PTT-1374,4975,4980,0,4547,4543,0.0008797009016934254,5203,5204,0,6935,6936,0,9314,9317,0,10538,10552,0,9367,9360,0.0007473043663926981,8961,8964,0,24492,24495,0,35659,35680,0,16621,16626,0,18128,18133,0,,154740,154790,0,1
SHV-HQ,PTT-1394,68051,68059,0,59421,59431,0,65929,65936,0,71573,72730,0,93201,95996,0,70562,72963,0,63794,66069,0,101475,104308,0,102141,104907,0,98823,101559,0,115552,118511,0,121401,124373,0,,1031923,1054842,0,1
SHV-HQ,PTT-1429,2445,2446,0,2630,2629,0.0003802281368820992,1479,1480,0,2211,2211,0,3408,3408,0,8921,8921,0,3481,3481,0,2071,2070,0.0004828585224528892,1405,1406,0,1231,1231,0,382,382,0,927,927,0,,30591,30592,0,1
SHV-HQ,PTT-1434,72851,72868,0,73392,73409,0,65964,65982,0,77846,77866,0,83856,83881,0,75747,75767,0,59516,59530,0,67404,67421,0,66853,66869,0,63304,63318,0,66102,66118,0,70977,70994,0,,843812,844023,0,1
SHV-HQ,PTT-1435,60648,59369,0.021088906476718128,64764,63389,0.02123093076400473,67011,65635,0.020533942188595944,84131,82410,0.02045619331756432,90930,89267,0.018288793577477147,82117,80381,0.021140567726536497,63702,62561,0.017911525540799333,72082,70353,0.02398657084986544,69293,67693,0.023090355447159205,68319,66735,0.023185351073639837,85992,84075,0.022292771420597268,81479,79775,0.020913364179727334,,890468,871643,0.02114056877956305,158
SHV-HQ,PTT-1455,25071,25078,0,20757,20763,0,20090,20096,0,25845,25853,0,31659,31669,0,30793,30802,0,23546,23555,0,22548,22555,0,25069,25079,0,23959,23977,0,17731,17726,0.0002819919914274216,19546,19552,0,,286614,286705,0,1
SHV-HQ,PTT-1458,0,0,,0,0,,0,0,,0,0,,0,0,,0,0,,0,0,,0,0,,0,0,,0,0,,0,0,,1317,1082,0.17843583902809412,,1317,1082,0.17843583902809412,1
SHV-HQ,PTT-146,0,0,,0,0,,0,0,,0,0,,0,0,,0,0,,0,0,,0,0,,0,0,,0,0,,0,0,,0,0,,,0,0,,0
SHV-HQ,PTT-1488,14341,14348,0,4771,4773,0,6718,6723,0,8831,8834,0,5036,5039,0,6192,6195,0,4203,4206,0,4578,4579,0,3904,3907,0,4272,4274,0,8973,8982,0,30248,30259,0,,102067,102119,0,1
SHV-HQ,PTT-1509,24567,24542,0.0010176252696706412,29242,29213,0.000991724232268676,32798,32764,0.001036648576132726,34858,34820,0.0010901371277755034,33609,33573,0.0010711416584843203,30316,30285,0.0010225623433171016,24806,24778,0.001128759171168281,29257,29225,0.0010937553406022982,28400,28369,0.0010915492957745965,27656,27626,0.0010847555684119214,35862,35823,0.0010875020913502231,30998,30966,0.0010323246661074759,,362369,361984,0.00106245291401863,1
SHV-HQ,PTT-1514,9413,9407,0.0006374163391055232,27964,27947,0.0006079244743241174,25698,25682,0.0006226165460346822,42026,42000,0.0006186646361776571,55475,55444,0.000558810274898569,56422,56391,0.0005494310729856622,60086,60054,0.0005325699830243114,64433,64400,0.0005121599180544223,69726,69694,0.0004589392765970146,75446,75400,0.0006097076054396577,75516,75481,0.00046347793845014085,77325,77284,0.0005302295505981158,,639530,639184,0.0005410223132612524,1
SHV-HQ,PTT-1521,41616,40862,0.018118031526336065,42442,41647,0.018731445266481295,50065,49032,0.020633176870068937,55015,53877,0.02068526765427614,56427,55177,0.022152515639676018,53986,52822,0.021561145482162036,47525,46497,0.02163072067332983,52423,51266,0.022070465253800853,51200,50079,0.02189453124999996,52341,51232,0.021187978831126664,60044,58764,0.021317700353074454,42917,42078,0.019549362723396357,,606001,593333,0.020904255933571037,50
SHV-HQ,PTT-1542,29666,29464,0.006809141778466921,30156,29914,0.008024936994296294,32755,32508,0.007540833460540353,34544,34297,0.007150301065308007,48730,48354,0.007715986045557122,40984,40677,0.007490728089010301,31269,31084,0.005916402827081169,30548,30249,0.009787874819955467,32116,31824,0.009092041350105884,29514,29233,0.009520905333062268,32510,32237,0.008397416179637074,35905,35595,0.008633895000696334,,408697,405436,0.00797901623941455,97
SHV-HQ,PTT-1559,197717,197585,0.0006676208924877303,203032,202899,0.0006550691516608032,211172,211037,0.0006392892997177935,216251,216121,0.0006011532894645288,211595,211460,0.0006380112951629435,206231,206097,0.0006497568260833697,184946,184818,0.0006920939084922306,206204,206064,0.0006789393028263646,212975,212824,0.0007090034041554727,207789,207639,0.0007218861441173896,224252,224091,0.0007179423148957476,219164,219013,0.0006889817670785447,,2501328,2499648,0.0006716432231198555,1
SHV-HQ,PTT-159,8375,8370,0.0005970149253731183,12628,12620,0.0006335128286347746,15992,15984,0.0005002501250624958,15929,15916,0.0008161215393307497,16280,16269,0.0006756756756757243,13714,13705,0.0006562636721598736,19655,19642,0.0006614093106079855,16231,16222,0.0005544944858604239,16044,16032,0.0007479431563200967,13641,13633,0.000586467267795654,13416,13405,0.0008199165175909462,13211,13203,0.0006055559760805851,,175116,175001,0.0006567075538500555,1
SHV-HQ,PTT-1598,180985,180812,0.0009558803215735656,198273,198085,0.0009481875999253209,123976,123860,0.0009356649674130413,8841,8832,0.001017984390906057,11935,11924,0.0009216589861751334,12110,12099,0.0009083402146985442,11025,11014,0.0009977324263038545,10267,10257,0.0009739943508327853,10815,10804,0.0010171058714748549,9754,9744,0.0010252204223908379,8744,8735,0.001029277218664193,23992,23968,0.0010003334444814715,,610717,610134,0.0009546156403047457,1
SHV-HQ,PTT-16,190600,186002,0.024123819517313794,203600,197448,0.030216110019646414,198800,192567,0.03135311871227364,225200,217586,0.033809946714031924,239400,230259,0.03818295739348376,226200,218780,0.032802829354553475,183200,178312,0.02668122270742357,193200,188060,0.026604554865424457,187000,182256,0.025368983957219204,179200,174778,0.024676339285714333,206400,201251,0.024946705426356575,207200,200984,0.030000000000000027,,2440000,2368283,0.02939221311475415,218
SHV-HQ,PTT-1637,107861,109527,0,104516,106142,0,104750,106324,0,99136,100606,0,136581,138612,0,122942,124783,0,102497,104065,0,103582,105200,0,106843,108516,0,100140,101720,0,101624,103242,0,95800,97339,0,,1286272,1306076,0,1
SHV-HQ,PTT-1647,322023,326913,0,338166,343233,0,322316,327086,0,309249,313828,0,302352,306851,0,326721,331566,0,248752,252357,0,214743,218124,0,221349,224697,0,204135,207292,0,178703,181642,0,110233,112346,0,,3098742,3145935,0,1
SHV-HQ,PTT-1655,113061,114517,0,109670,111103,0,110385,111789,0,116757,118260,0,139815,141565,0,132271,133927,0,106195,107536,0,102395,103734,0,117141,118640,0,120123,121667,0,102605,103942,0,113808,115262,0,,1384226,1401942,0,1
SHV-HQ,PTT-1657,1205250,1201460,0.0031445758141463998,1136960,1136350,0.000536518435125255,1170500,1170990,0,1349510,1347800,0.0012671265866870396,1331410,1332260,0,1310360,1309480,0.0006715711712811379,1210450,1209440,0.0008344004295922636,1313440,1311820,0.0012334023632598612,1313100,1316510,0,1287200,1289010,0,1391060,1385080,0.0042988799907983655,1308180,1308660,0,,15327420,15318860,0.0005584762471440019,1
SHV-HQ,PTT-1679,0,0,,0,0,,0,0,,0,13438,0,13355,0,1,0,0,,0,0,,0,0,,0,0,,0,0,,0,0,,0,0,,,13355,13438,0,1
SHV-HQ,PTT-1680,7125,7017,0.015157894736842148,7255,7140,0.015851137146795313,7025,6884,0.020071174377224166,7692,7551,0.01833073322932921,7557,7410,0.019452163556967106,8020,7845,0.021820448877805432,7194,7033,0.022379760911870994,8799,8663,0.015456301852483256,8608,8470,0.01603159851301117,8162,8030,0.016172506738544423,8983,8772,0.023488812200823772,8790,8572,0.024800910125142184,,95210,93387,0.019147148408780623,13
SHV-HQ,PTT-1690,287282,291883,0,294154,298908,0,374331,380888,0,417536,425352,0,399614,406914,0,408996,416424,0,360376,366636,0,381763,388437,0,381261,387963,0,372192,378724,0,429570,437497,0,293057,297844,0,,4400132,4477470,0,1
SHV-HQ,PTT-1723,321528,326047,0,288218,292120,0,277958,281782,0,304494,308739,0,308476,312789,0,327970,332531,0,315747,319671,0,296791,301228,0,318878,323182,0,343193,347878,0,300082,304205,0,341807,346516,0,,3745142,3796688,0,1
SHV-HQ,PTT-1753,62744,64641,0,63502,65465,0,62381,64140,0,103228,105434,0,103661,105797,0,113538,115921,0,100893,103052,0,105408,107650,0,98351,100438,0,98492,100583,0,99799,101955,0,103279,105461,0,,1115276,1140537,0,1
SHV-HQ,PTT-1756,58192,59627,0,52847,54246,0,54090,55417,0,62545,64003,0,71569,73069,0,66242,67768,0,53753,55082,0,49822,51211,0,57691,59135,0,53630,55030,0,55515,56900,0,62484,63810,0,,698380,715298,0,1
SHV-HQ,PTT-1770,431921,440791,0,500120,510656,0,447508,457048,0,519339,527136,0,517904,532973,0,558253,570496,0,518403,529822,0,548996,561065,0,543090,555361,0,538286,550351,0,581715,594966,0,612119,626728,0,,6317654,6457393,0,1
SHV-HQ,PTT-1773,115177,117324,0,118065,120196,0,146563,149087,0,144526,147059,0,120098,122259,0,102102,104082,0,67572,69094,0,41810,42994,0,28547,29630,0,23482,24513,0,18841,19926,0,19934,20944,0,,946717,967108,0,1
SHV-HQ,PTT-1777,2148,2149,0,2299,2298,0.00043497172683770735,2352,2350,0.0008503401360544505,2604,2601,0.0011520737327188613,3130,3123,0.0022364217252396346,4497,4488,0.002001334222815232,3317,3306,0.0033162496231534666,4116,4101,0.0036443148688046767,3790,3780,0.0026385224274406704,2622,3578,0,1063,3825,0,1067,3887,0,,33005,39486,0,1
SHV-HQ,PTT-178,147614,144987,0.01779641497418949,151747,149058,0.01772028442077933,167213,163590,0.02166697565380682,188148,182507,0.02998171652103665,189513,185152,0.02301161397898821,197338,192560,0.024212265250483922,170932,167493,0.02011911169353897,161187,157288,0.02418929566280159,168662,163668,0.029609514887763644,159979,155203,0.029853918326780415,178275,180096,0,200703,194412,0.03134482294734009,,2081311,2036014,0.021763686445706587,81
SHV-HQ,PTT-1783,5161,5934,0,4643,5408,0,3513,4205,0,3696,4415,0,4875,5613,0,7208,7965,0,7813,8545,0,6357,7123,0,5173,5910,0,3973,4729,0,3636,4326,0,3523,4238,0,,59571,68411,0,1
SHV-HQ,PTT-1789,2319,3577,0,3815,5078,0,4471,5621,0,2554,3718,0,653,1947,0,1139,2439,0,1022,2311,0,685,2044,0,1830,3196,0,1468,2848,0,646,1890,0,670,1941,0,,21272,36610,0,1
SHV-HQ,PTT-179,49954,49360,0.011890939664491285,51622,50878,0.014412459803959554,45701,44960,0.016214087219098006,53262,52486,0.01456948668844582,94787,108212,0,104461,101573,0.027646681536650064,76176,74581,0.020938353287124567,77557,76135,0.018334902072024484,77365,75883,0.019155949072578005,60698,59884,0.013410656034795188,73852,72567,0.01739966419325134,76191,75014,0.015448018794870788,,841626,841533,0.00011050038853366306,57
SHV-HQ,PTT18,0,0,,0,0,,0,0,,0,0,,0,0,,0,0,,0,0,,0,0,,0,0,,0,0,,0,0,,0,0,,,0,0,,0
SHV-HQ,PTT-1821,12613,12615,0,6684,6696,0,10938,10948,0,14365,14376,0,20062,20073,0,16334,16339,0,15587,15597,0,13876,13883,0,14438,14449,0,12903,12910,0,11968,11975,0,12047,12059,0,,161815,161920,0,1
SHV-HQ,PTT-1828,16708,16639,0.004129758199664879,20824,20714,0.005282366500192093,16786,16731,0.003276539973787629,16951,16909,0.0024777299274378883,19633,19559,0.0037691641623797123,14607,14331,0.01889505031834049,12927,13139,0,9127,9095,0.0035060808589898462,8587,8566,0.0024455572376849144,9301,9267,0.003655520911729937,15096,15050,0.0030471648118707284,12409,12384,0.0020146667741155477,,172956,172384,0.0033071995189527525,47
SHV-HQ,PTT-1837,13073,14820,0,28914,30770,0,79614,81870,0,297867,302760,0,471090,478340,0,573247,581800,0,547791,556050,0,561790,570180,0,606555,615680,0,671045,681080,0,625221,634750,0,678259,688540,0,,5154466,5236640,0,1
SHV-HQ,PTT-1838,46795,48900,0,185694,187970,0,204629,207510,0,297206,301290,0,481589,488310,0,527571,535760,0,490352,497910,0,497714,505510,0,562634,571390,0,583668,592570,0,513734,521690,0,511484,519340,0,,4903070,4978150,0,1
SHV-HQ,PTT-1839,80620,82557,0,184047,187199,0,259292,260178,0,379660,388221,0,415048,421381,0,418120,424329,0,383482,389233,0,361043,366503,0,355801,361164,0,358956,364399,0,318219,323073,0,250938,254947,0,,3765226,3823184,0,1
SHV-HQ,PTT-1848,0,0,,71717,74848,0,20753,21669,0,0,0,,0,0,,0,0,,0,0,,0,0,,0,0,,0,0,,0,0,,0,0,,,92470,96517,0,0
SHV-HQ,PTT-1853,0,0,,0,0,,1020,1020,0,2483,2481,0.000805477245267805,2129,2129,0,1894,1893,0.000527983104540608,3959,3958,0.00025258903763580864,5375,5376,0,4198,4198,0,4571,4571,0,5617,5618,0,4113,4112,0.00024313153416000155,,35359,35356,8.48440283944818e-05,1
SHV-HQ,PTT-1854,0,0,,0,0,,0,0,,2,1340,0,0,1000,0,3186,4470,0,29370,32530,0,45945,48630,0,36698,39460,0,40471,43390,0,110935,113460,0,170130,173290,0,,436737,457570,0,1
SHV-HQ,PTT-1861,0,0,,0,0,,280,1003,0,536,1562,0,700,1738,0,826,1832,0,845,1872,0,1754,2903,0,1942,3281,0,1129,2409,0,2585,3887,0,3132,4380,0,,13729,24867,0,1
SHV-HQ,PTT19,0,0,,0,0,,0,0,,0,0,,0,0,,0,0,,0,0,,0,0,,0,0,,0,0,,0,0,,0,0,,,0,0,,0
SHV-HQ,PTT-1900,0,0,,0,0,,0,0,,0,0,,0,0,,0,0,,0,0,,0,0,,965030,965050,0,903730,903970,0,1186010,1186470,0,1129400,1129860,0,,4184170,4185350,0,1
SHV-HQ,PTT-1905,0,0,,0,0,,0,0,,0,0,,0,0,,0,0,,0,0,,0,0,,0,0,,0,0,,0,0,,9887,11954,0,,9887,11954,0,1
SHV-HQ,PTT-191,33508,33111,0.011847916915363466,38467,37891,0.014973873709933194,32118,31766,0.010959586524690201,46467,45860,0.013063033981104866,48175,47362,0.016875973015049284,49787,49232,0.011147488300158659,43698,43129,0.013021190901185364,42895,42384,0.011912810350856784,45783,45249,0.011663717973920407,38338,37906,0.011268193437320662,32953,32545,0.012381270294055224,37045,36593,0.01220137670400867,,489234,483028,0.012685136356017757,11
SHV-HQ,PTT-20,63657,62743,0.014358200983395353,62041,61264,0.012523976080333954,56929,55854,0.018883170264715643,62066,61308,0.012212805722940145,64000,63643,0.005578124999999989,69549,69227,0.004629829328962276,65648,64942,0.010754326102851541,60281,59783,0.00826130953368387,67007,66420,0.008760278776844155,57880,57385,0.00855217691776089,65408,64792,0.009417808219178037,66319,65846,0.007132194393763447,,760785,753207,0.009960764210650841,34
SHV-HQ,PTT217,0,0,,0,0,,0,0,,0,0,,0,0,,0,0,,0,0,,0,0,,0,0,,0,0,,0,0,,0,0,,,0,0,,0
SHV-HQ,PTT-227,6710,6712,0,6358,6358,0,7687,7689,0,8478,8480,0,6443,6443,0,3939,3940,0,4154,4155,0,6425,6426,0,5399,5400,0,4869,4871,0,3938,3938,0,6265,6266,0,,70665,70678,0,1
SHV-HQ,PTT-229,0,0,,0,0,,0,0,,0,0,,0,0,,0,0,,0,0,,0,0,,0,0,,0,0,,0,0,,0,0,,,0,0,,0
SHV-HQ,PTT-231,518900,519110,0,448700,448880,0,426930,427120,0,372910,373070,0,400060,400240,0,511730,511980,0,508280,508540,0,491120,491350,0,526290,526540,0,530360,530620,0,473640,473860,0,537470,537720,0,,5746390,5749030,0,1
SHV-HQ,PTT-232,46961,46954,0.000149059858180145,44852,44846,0.0001337732988495599,46420,46413,0.00015079707022835898,48733,48725,0.00016415980957462661,46578,46570,0.00017175490574949936,50643,50633,0.00019746065596426554,45002,44996,0.00013332740767080242,46005,45999,0.00013042060645584996,47603,47596,0.00014704955570021827,45265,45260,0.00011046062078867713,39884,39879,0.00012536355430747825,45055,45049,0.00013317056930417515,,553001,552920,0.00014647351451446688,1
SHV-HQ,PTT-233,235045,227576,0.03177689378629622,239499,232461,0.029386343993085595,233170,225165,0.034331174679418486,285367,274178,0.03920915873243924,291968,279245,0.04357669333625602,281211,271448,0.03471770307704891,247825,242025,0.023403611419348325,286084,266724,0.06767243187315619,287681,278386,0.03231009347158831,285114,272765,0.0433124995615789,303030,300159,0.009474309474309495,253544,247165,0.025159341179440298,,3229538,3117297,0.03475450668176072,233
SHV-HQ,PTT-238,85857,81471,0.05108494356895765,89779,85080,0.05233963399013131,87127,83068,0.04658716586132883,96473,91595,0.050563370062089885,110679,104439,0.05637925893800988,105398,99878,0.052372910301903275,95977,91363,0.04807401773341535,103094,96921,0.059877393446757354,106347,101964,0.041214138621681884,96969,92055,0.05067598923367267,119261,112489,0.056783022111167925,108749,102880,0.05396831235229749,,1205710,1143203,0.05184248285242721,279
SHV-HQ,PTT-28,191727,189534,0.011438138603326653,198124,195880,0.011326240132442322,209367,206308,0.014610707513600496,233657,229490,0.01783383335401889,244606,241232,0.013793610949854096,226268,222543,0.016462778651864185,206757,203262,0.01690390168168432,188228,185840,0.012686741611237395,212361,209367,0.014098633929958915,196536,194009,0.012857695282289194,217804,214891,0.013374410020018046,224840,222107,0.012155310442981682,,2550275,2514463,0.014042407191381279,121
SHV-HQ,PTT-29,321000,316520,0.01395638629283491,316200,312236,0.012536369386464297,308100,303023,0.01647841609866929,339300,332926,0.01878573533745953,367200,357564,0.026241830065359517,365700,356637,0.024782608695652186,316200,312943,0.010300442757748218,303300,300460,0.009363666336960064,336000,330496,0.016380952380952385,277800,275562,0.008056155507559448,298800,296907,0.006335341365461877,346800,341504,0.015271049596309094,,3896400,3836778,0.015301817061903256,322
SHV-HQ,PTT-299,9962,9957,0.0005019072475406228,27996,27983,0.0004643520502929377,48417,48392,0.0005163475638721993,53439,53414,0.0004678231254326981,54646,54621,0.0004574900267174664,13490,13483,0.0005189028910304039,12010,12005,0.00041631973355538143,12493,12487,0.0004802689506123725,12477,12471,0.00048088482808372746,12384,12378,0.0004844961240310086,55930,55903,0.0004827462900053314,77250,77212,0.0004919093851132317,,390494,390306,0.00048144145620676593,1
SHV-HQ,PTT-30,151800,148367,0.02261528326745721,145400,141217,0.02876891334250342,147800,145572,0.015074424898511518,139400,170429,0,351359,172355,0.5094618324847235,183365,177303,0.033059744225997334,166158,161514,0.027949301267468307,146144,142365,0.02585805780599959,166653,161870,0.02870035342898114,152278,147956,0.02838230079197257,156222,151879,0.02780018179257726,153788,149406,0.028493770645303895,,2060367,1870233,0.0922816177894521,98
SHV-HQ,PTT-305,216103,216989,0,221477,224264,0,206344,209038,0,226524,229820,0,277160,280828,0,301364,305858,0,236359,239945,0,236879,240460,0,225508,228979,0,225472,228923,0,261924,265881,0,235062,238598,0,,2870176,2909583,0,1
SHV-HQ,PTT-31,148500,146102,0.016148148148148134,137100,134379,0.019846827133479183,130500,128657,0.014122605363984686,150300,146825,0.023120425815036594,171300,167162,0.02415645067133687,177900,173782,0.0231478358628443,145200,142173,0.020847107438016543,138000,134717,0.023789855072463784,155100,151994,0.02002578981302383,140400,138218,0.015541310541310582,123600,121401,0.017791262135922303,149100,146175,0.019617706237424537,,1767000,1731585,0.020042444821731786,128
SHV-HQ,PTT318,0,0,,0,0,,0,0,,0,0,,0,0,,0,0,,0,0,,0,0,,0,0,,0,0,,0,0,,0,0,,,0,0,,0
SHV-HQ,PTT-323,122835,122846,0,116918,116927,0,116491,116500,0,124455,124465,0,132043,132054,0,140250,140261,0,112608,112615,0,120215,120222,0,127282,127292,0,119165,119175,0,120700,120710,0,111631,111643,0,,1464593,1464710,0,1
SHV-HQ,PTT-329,164950,164868,0.0004971203394967816,169573,169487,0.0005071562100098514,172498,172410,0.0005101508423286383,232310,232197,0.00048641900908263924,251740,251613,0.000504488758242605,241432,241314,0.0004887504556148059,195099,194995,0.0005330627015002198,222906,222789,0.0005248849290732105,217242,217133,0.0005017445981900792,231984,231861,0.0005302089799296139,263960,263813,0.0005569025609940548,238657,238536,0.0005070037752925582,,2602351,2601016,0.0005129976701836458,1
SHV-HQ,PTT344,0,0,,0,0,,0,0,,0,0,,0,0,,0,0,,0,0,,0,0,,0,0,,0,0,,0,0,,0,0,,,0,0,,0
SHV-HQ,PTT-346,79828,78206,0.020318685173122186,87173,85381,0.02055682378718182,81955,80220,0.021170154352998627,90127,88296,0.02031577662631623,92632,90682,0.02105104067708785,95686,93855,0.01913550571661471,82698,80957,0.02105250429272776,90069,88248,0.020217832994704033,88822,85944,0.032401882416518424,83301,81640,0.01993973661780768,92119,90333,0.01938796556627842,86097,83235,0.03324157636154568,,1050507,1026997,0.022379670006958507,71
SHV-HQ,PTT-351,308566,308512,0.0001750030787578405,294873,294828,0.00015260807194961146,307189,307142,0.00015300027019193863,329321,329260,0.0001852296088011851,328613,328577,0.00010955135676316008,362482,362397,0.00023449440248068942,347092,347041,0.00014693510654240072,372133,372076,0.00015317104368595125,372126,372072,0.00014511213943668722,372758,372699,0.00015827963450820715,405766,405710,0.0001380105775249385,351187,351129,0.0001651541771192644,,4152106,4151443,0.00015967800436689217,1
SHV-HQ,PTT-366,0,0,,0,0,,0,0,,0,0,,0,0,,0,0,,1,0,1,0,0,,0,0,,0,0,,0,0,,0,0,,,1,0,1,0
SHV-HQ,PTT382,0,0,,0,0,,0,0,,0,0,,0,0,,0,0,,0,0,,0,0,,0,0,,0,0,,0,0,,0,0,,,0,0,,0
SHV-HQ,PTT-390,58354,59444,0,46283,47579,0,34964,36046,0,51233,52537,0,54940,56252,0,36827,37971,0,47257,48465,0,40802,42006,0,36533,37652,0,36412,37605,0,43363,44527,0,55166,56497,0,,542134,556581,0,1
SHV-HQ,PTT-393,178784,179444,0,156226,154760,0.009383841358032607,183154,185874,0,201902,202721,0,235290,235893,0,240145,237578,0.01068937516916868,240470,224092,0.06810828793612511,249614,240289,0.03735768025831887,233586,233453,0.0005693834390759767,261235,261082,0.0005856795605488907,285909,285734,0.0006120828655271637,252070,251876,0.0007696274844288808,,2718385,2692796,0.009413309740893938,1
SHV-HQ,PTT-396,1310,1300,0.007633587786259555,1363,1370,0,1195,1194,0.0008368200836820217,1335,1333,0.001498127340823996,1319,1318,0.0007581501137224889,1440,1444,0,1371,1364,0.0051057622173595885,1448,1446,0.0013812154696132284,1782,1780,0.001122334455667784,1305,1303,0.0015325670498084198,0,0,,0,0,,,13868,13852,0.0011537352177675153,0
SHV-HQ,PTT-399,255528,255816,0,232667,239799,0,229392,226038,0.014621259677756848,259294,263324,0,274572,278915,0,277086,281480,0,213262,216663,0,153491,156042,0,139741,141997,0,182837,185790,0,159126,161681,0,185152,188093,0,,2562148,2595638,0,1
SHV-HQ,PTT-403,11050,11049,9.049773755653856e-05,8525,8529,0,9131,9136,0,11321,11327,0,11673,11680,0,13571,13579,0,12567,12976,0,14410,14017,0.027272727272727226,16702,16712,0,22988,23002,0,28084,28099,0,27659,27673,0,,187681,187779,0,1
SHV-HQ,PTT-408,298006,298059,0,313554,316786,0,292372,297318,0,364890,371090,0,351940,357757,0,341869,347582,0,310632,315966,0,328723,334319,0,290193,295136,0,205121,208770,0,254461,247732,0.026444130927725684,278140,252249,0.09308621557489039,,3629901,3642764,0,1
SHV-HQ,PTT424,0,0,,0,0,,0,0,,0,0,,0,0,,0,0,,0,0,,0,0,,0,0,,0,0,,0,0,,0,0,,,0,0,,0
SHV-HQ,PTT-429,0,0,,0,0,,0,0,,0,0,,0,0,,0,0,,0,0,,0,0,,0,0,,0,0,,0,0,,0,0,,,0,0,,1
SHV-HQ,PTT433,0,0,,0,0,,0,0,,0,0,,0,0,,0,0,,0,0,,0,0,,0,0,,0,0,,0,0,,0,0,,,0,0,,0
SHV-HQ,PTT-436,5650,5550,0.017699115044247815,6340,6210,0.02050473186119872,16240,16140,0.006157635467980316,28600,28520,0.002797202797202747,13100,13000,0.007633587786259555,18290,18250,0.002186987424822262,22000,21960,0.0018181818181818299,26050,26050,0,27070,27080,0,26350,26370,0,25860,25860,0,28340,28370,0,,243890,243360,0.002173110828652236,1
SHV-HQ,PTT-437,316280,317448,0,288048,291571,0,303630,308479,0,193053,196383,0,36083,37133,0,33133,34173,0,24496,25462,0,21984,22889,0,26480,27464,0,25324,26282,0,32178,33161,0,38274,39289,0,,1338963,1359734,0,1
SHV-HQ,PTT440,0,0,,0,0,,0,0,,0,0,,0,0,,0,0,,0,0,,0,0,,0,0,,0,0,,0,0,,0,0,,,0,0,,0
SHV-HQ,PTT-447,93187,93100,0.0009336066189490344,92839,92730,0.0011740755501459255,95127,95030,0.0010196894677640955,103694,103640,0.0005207630142535224,108283,108090,0.0017823665764709062,122619,122492,0.001035728557564508,105869,105748,0.0011429219129300838,103978,103865,0.0010867683548443363,113737,113609,0.0011254033427996468,115518,115392,0.0010907391055939852,103178,102461,0.006949155827792763,114507,114975,0,,1272536,1271132,0.0011033086686742521,1
SHV-HQ,PTT-450,68649,68762,0,80725,80875,0,79905,80045,0,89645,89796,0,94733,94885,0,100663,100833,0,77510,77634,0,75014,75132,0,80667,80799,0,76641,76765,0,65899,66012,0,79183,79315,0,,969234,970853,0,1
SHV-HQ,PTT-454,469401,469346,0.00011717060679461433,464862,464810,0.00011186115449313139,430481,435003,0,433397,440923,0,474526,482821,0,484070,492482,0,397097,403905,0,374877,381303,0,396175,402968,0,420871,428033,0,281955,286830,0,311876,317256,0,,4939588,5005680,0,1
SHV-HQ,PTT-456,98780,99013,0,121265,121553,0,99496,100620,0,119670,121946,0,137264,139628,0,143216,145589,0,136217,138438,0,136338,138664,0,149118,151534,0,142644,145023,0,151348,153633,0,199390,202136,0,,1634746,1657777,0,1
SHV-HQ,PTT459,0,0,,0,0,,0,0,,0,0,,0,0,,0,0,,0,0,,0,0,,0,0,,0,0,,0,0,,0,0,,,0,0,,0
SHV-HQ,PTT-466,2212,2211,0.00045207956600357146,1989,1989,0,1407,1407,0,2095,2095,0,1837,1836,0.0005443658138268859,1766,1768,0,1487,1487,0,1441,1438,0.002081887578070818,1357,1356,0.0007369196757552876,1442,1445,0,1216,1213,0.002467105263157854,1192,1191,0.000838926174496657,,19441,19436,0.00025718841623367794,1
SHV-HQ,PTT-472,205170,205280,0,194430,194540,0,182840,182950,0,206100,206220,0,215100,215230,0,211850,211970,0,194150,194260,0,197540,197650,0,209990,210110,0,206520,206640,0,231720,231850,0,231900,232030,0,,2487310,2488730,0,1
SHV-HQ,PTT473,0,0,,0,0,,0,0,,0,0,,0,0,,0,0,,0,0,,0,0,,0,0,,0,0,,0,0,,0,0,,,0,0,,0
SHV-HQ,PTT-479,1174,1175,0,1290,1290,0,1161,1162,0,1209,1210,0,1205,1206,0,1245,1245,0,1119,1120,0,1201,1201,0,1230,1230,0,1073,1074,0,1195,1196,0,1078,1078,0,,14180,14187,0,1
SHV-HQ,PTT-490,1247,1246,0.000801924619085792,1203,1203,0,1140,1140,0,1234,1235,0,1179,1179,0,1291,1291,0,1192,1191,0.000838926174496657,1241,1241,0,1316,1318,0,0,0,,0,0,,0,0,,,11043,11044,0,0
SHV-HQ,PTT-492,71390,71401,0,71574,71576,0,75964,75958,7.898478226531225e-05,80301,80278,0.00028642233596098965,87959,87923,0.0004092815971077357,87515,87497,0.00020567902645263203,71978,71978,0,75214,75207,9.306777993456361e-05,70634,70635,0,30816,30831,0,48490,48496,0,57045,57047,0,,828880,828827,6.394170446866188e-05,1
SHV-HQ,PTT-499,0,0,,0,0,,0,0,,0,0,,0,0,,473603,473386,0.00045818966518373916,436578,436374,0.0004672704533897898,399338,399152,0.0004657708507580516,423194,422999,0.00046078158007911707,423968,423763,0.00048352705864596057,351800,351634,0.00047185901080160075,389809,389631,0.0004566338899306688,,2898290,2896939,0.0004661369290167583,1
SHV-HQ,PTT-502,99707,97351,0.023629233654608006,107831,105220,0.02421381606402606,119434,115786,0.030544066178810003,129824,125775,0.031188378111905335,134698,129881,0.035761481239513615,126921,122504,0.03480117553438755,110876,107646,0.029131642555647708,121216,117149,0.03355167634635692,113846,110570,0.02877571456177641,102262,99648,0.02556179225909916,112065,108946,0.02783206174987729,105034,102199,0.026991259972961146,,1383714,1342675,0.029658585516949332,85
SHV-HQ,PTT-52,6263,6478,0,7916,8135,0,8432,8590,0,6771,6924,0,8839,9084,0,7710,7889,0,5198,5314,0,6123,6267,0,5382,5501,0,4842,4943,0,4092,4170,0,4584,4688,0,,76152,77983,0,2
SHV-HQ,PTT-531,53493,53491,3.7388069467070295e-05,55698,55693,8.97698301555172e-05,51957,51953,7.698673903422382e-05,65086,0,1,65373,130385,0,71152,71023,0.0018130200134922614,60594,60482,0.0018483678251972613,60277,60165,0.0018580884914644047,62874,62753,0.00192448388841171,59613,59497,0.0019458842869843895,59315,59189,0.0021242518755795192,57938,57852,0.0014843453346681246,,723370,722483,0.001226205123242563,1
SHV-HQ,PTT-532,0,0,,0,0,,0,0,,0,0,,0,0,,0,0,,0,0,,0,0,,0,0,,0,0,,0,0,,0,0,,,0,0,,1
SHV-HQ,PTT-534,1586,1585,0.0006305170239596647,1481,1482,0,1434,1433,0.0006973500697350365,1834,1833,0.0005452562704471031,1231,1231,0,0,0,,0,0,,0,1,0,0,0,,0,0,,0,0,,0,0,,,7566,7565,0.0001321702352630183,0
SHV-HQ,PTT-538,124353,124318,0.0002814568205029566,128193,128158,0.0002730258282434006,133520,133482,0.00028460155781906415,158396,158349,0.0002967246647642696,171643,171529,0.000664169234981915,174462,174205,0.001473100159346985,149708,149694,9.351537659973985e-05,114858,164157,0,73749,171742,0,175933,178449,0,223263,226130,0,190440,193040,0,,1818518,1973253,0,1
SHV-HQ,PTT-542,22635,22630,0.00022089684117521102,20650,20645,0.0002421307506053072,22853,22848,0.00021878965562505126,19306,19306,0,19288,19279,0.0004666113645790393,16472,16468,0.00024283632831467727,11086,11082,0.000360815442901008,11343,11340,0.00026448029621795044,0,10923,0,0,11208,0,11667,13010,0,16569,16550,0.0011467197778984861,,171869,195289,0,1
SHV-HQ,PTT-543,0,0,,0,0,,0,0,,0,0,,0,0,,0,0,,0,0,,0,0,,0,0,,0,0,,0,0,,0,0,,,0,0,,1
SHV-HQ,PTT-544,20748,20747,4.819741661843402e-05,29738,29725,0.0004371511197793776,22414,22406,0.0003569197822789194,24226,24218,0.0003302237265747632,29432,29425,0.00023783636857843682,40520,40512,0.00019743336623889718,39712,39705,0.00017626913779211772,43540,43532,0.00018373909049151926,55007,54988,0.00034541058410753056,53245,53230,0.00028171659310738395,60688,60265,0.006970076456630614,64902,65267,0,,484172,484020,0.0003139380220252841,1
SHV-HQ,PTT547,0,0,,0,0,,0,0,,0,0,,0,0,,0,0,,0,0,,0,0,,0,0,,0,0,,0,0,,0,0,,,0,0,,0
SHV-HQ,PTT-551,0,0,,0,0,,0,0,,0,0,,0,0,,516040,516200,0,466591,466550,8.787139057542248e-05,468888,468697,0.00040734674378528624,504412,504322,0.00017842557274605486,493149,492960,0.0003832513094419454,432970,432800,0.0003926369032496435,389104,389071,8.481023068385163e-05,,3271154,3270600,0.00016935919250515852,1
SHV-HQ,PTT-557,63620,63630,0,41260,41280,0,27440,27440,0,38960,38980,0,44190,44210,0,25630,25640,0,23340,23350,0,40050,40060,0,81870,81890,0,112750,112770,0,132820,132870,0,139510,139550,0,,771440,771670,0,1
SHV-HQ,PTT-565,0,0,,0,0,,0,0,,0,0,,0,0,,391131,389928,0.0030756958666022793,374955,373952,0.002674987665186479,376140,375071,0.002842026904875894,381803,380697,0.002896781848230612,377691,376622,0.0028303560317826104,376519,375469,0.002788703890109101,356265,355239,0.002879878741947728,,2634504,2626978,0.0028567047155745318,1
SHV-HQ,PTT-567,325690,325451,0.0007338266449691266,311739,311480,0.0008308232207070443,265669,265440,0.0008619748634579594,302251,302040,0.0006980952916615379,319200,319000,0.0006265664160400863,313999,313810,0.0006019127449450323,300332,300130,0.0006725890015050195,326760,326560,0.000612070020810429,356000,355849,0.0004241573033707535,324103,323931,0.0005306954887798199,304757,304530,0.0007448557375220322,288369,288139,0.0007975891999486562,,3738869,3736360,0.0006710585473842512,1
SHV-HQ,PTT-584,3881,3879,0.0005153311002319416,8495,8492,0.0003531489111241459,7425,7421,0.0005387205387205052,10448,10444,0.0003828483920367276,10908,10904,0.0003667033370003958,12754,12748,0.00047044064607182356,10321,10317,0.0003875593450246573,11200,11196,0.00035714285714283367,12930,12925,0.0003866976024748947,12562,12557,0.000398025792071377,13552,13546,0.0004427390791027497,19181,19175,0.00031280955111834263,,133657,133604,0.00039653740544831617,1
SHV-HQ,PTT-585,0,0,,0,0,,0,0,,0,0,,0,0,,0,0,,0,0,,0,0,,0,0,,0,0,,0,0,,0,0,,,0,0,,1
SHV-HQ,PTT-609,0,0,,0,0,,0,0,,0,0,,0,0,,0,0,,0,0,,0,0,,0,0,,0,0,,0,0,,0,0,,,0,0,,1
SHV-HQ,PTT632,0,0,,0,0,,0,0,,0,0,,0,0,,0,0,,0,0,,0,0,,0,0,,0,0,,0,0,,0,0,,,0,0,,0
SHV-HQ,PTT-652,0,0,,0,0,,0,0,,0,0,,0,0,,0,0,,0,0,,0,0,,0,0,,0,0,,0,0,,0,0,,,0,0,,1
SHV-HQ,PTT-660,38051,38051,0,38445,38446,0,45879,45880,0,55791,55793,0,53030,53032,0,54942,54941,1.8201011976248793e-05,51408,51407,1.9452225334615214e-05,58546,58547,0,48505,48504,2.061643129569468e-05,58720,58720,0,76101,76097,5.256172717837959e-05,52368,52371,0,,631786,631789,0,1
SHV-HQ,PTT662,0,0,,0,0,,0,0,,0,0,,0,0,,0,0,,0,0,,0,0,,0,0,,0,0,,0,0,,0,0,,,0,0,,0
SHV-HQ,PTT-673,1293,1292,0.0007733952049496784,1363,1363,0,1363,1361,0.0014673514306676738,1341,1340,0.0007457121551081025,1192,1192,0,1206,1205,0.0008291873963516272,1347,1346,0.0007423904974016571,1433,1432,0.0006978367062107083,1239,1239,0,1195,1194,0.0008368200836820217,1349,1349,0,1228,1227,0.0008143322475570036,,15549,15540,0.0005788153579008304,1
SHV-HQ,PTT-684,176270,168280,0.045328189708969235,175080,175090,0,163060,163070,0,158780,158800,0,179580,179580,0,191400,191410,0,154970,154980,0,148460,148460,0,165640,165660,0,188170,188180,0,148030,148020,6.75538742146431e-05,165190,165200,0,,2014630,2006730,0.003921315576557505,1
SHV-HQ,PTT-691,0,0,,0,0,,0,0,,0,0,,0,0,,0,0,,0,0,,0,0,,0,0,,0,0,,0,0,,0,0,,,0,0,,1
SHV-HQ,PTT-692,55419,53969,0.02616431187859758,61911,60035,0.030301561919529596,60725,58991,0.0285549608892548,65332,63240,0.032021061654319505,79974,77217,0.03447370395378502,73124,70993,0.029142278868770854,66387,64240,0.032340669106903475,69256,66952,0.03326787570751988,65735,63657,0.03161177454932684,56642,54845,0.031725574661911615,68053,65932,0.031166884634035275,64941,63308,0.025145901664587855,,787499,763379,0.03062861032204489,144
SHV-HQ,PTT-696,2417,2418,0,5488,5490,0,7142,7498,0,24975,26098,0,78238,79864,0,93063,94904,0,75878,77462,0,70309,71861,0,81373,83055,0,81591,83333,0,59516,60859,0,64593,66076,0,,644583,658918,0,1
SHV-HQ,PTT-697,1128,1129,0,1955,1963,0,1075,998,0.07162790697674415,0,0,,0,0,,1831,1920,0,1142,1146,0,0,0,,1148,1151,0,1494,1500,0,1225,1229,0,37,37,0,,11035,11073,0,1
SHV-HQ,PTT-700,0,0,,0,0,,0,0,,0,0,,0,0,,0,0,,0,0,,0,0,,0,0,,0,0,,0,0,,0,0,,,0,0,,1
SHV-HQ,PTT-703,441474,441609,0,463776,463922,0,185368,185425,0,75785,75813,0,87737,87771,0,90951,90985,0,80818,80850,0,77962,77993,0,82203,82233,0,84911,84942,0,83549,83580,0,37441,42023,0,,1791975,1797146,0,1
SHV-HQ,PTT-713,120301,120291,8.312482855499237e-05,108535,108529,5.528170636204255e-05,115144,115138,5.210866393390301e-05,129970,129964,4.616449949990109e-05,137676,137666,7.263430082227185e-05,139404,139392,8.608074373761543e-05,119182,119180,1.6781057542214484e-05,122200,122200,0,129872,129864,6.159911297276555e-05,123618,123612,4.853662088044608e-05,126432,126428,3.1637560111374974e-05,139807,139800,5.00690237256185e-05,,1512141,1512064,5.092117732408141e-05,1
SHV-HQ,PTT-740,43186,43135,0.0011809382670310287,39531,39486,0.0011383471199818418,44069,44015,0.001225351153872345,43146,43094,0.0012052102164743506,36832,36788,0.0011946133796698621,36180,36138,0.0011608623548922115,33838,33803,0.0010343400910218792,36554,36513,0.0011216282759752838,32327,32292,0.0010826862993782438,35877,35838,0.001087047411990949,40348,40301,0.0011648656686824577,37996,37950,0.001210653753026647,,459884,459353,0.0011546389959207204,1
SHV-HQ,PTT-747,2670,2670,0,2610,2620,0,2880,2870,0.00347222222222221,5440,5440,0,5210,5210,0,4670,4670,0,2720,2730,0,2010,2010,0,2290,2280,0.004366812227074246,2250,2260,0,2300,2300,0,2330,2330,0,,37380,37390,0,1
SHV-HQ,PTT-749,14223,14232,0,22563,22576,0,24520,24536,0,28925,28943,0,34444,34465,0,40045,40069,0,36327,36350,0,49612,49643,0,44821,44847,0,50660,50691,0,62463,62501,0,59051,59085,0,,467654,467938,0,1
SHV-HQ,PTT-757,256436,256361,0.00029247063594817213,245949,245875,0.0003008753847342227,228948,228877,0.00031011408704162413,253494,254038,0,284289,287744,0,305707,309600,0,272143,275069,0,273649,277322,0,296412,299904,0,326866,330883,0,291509,294936,0,330363,334160,0,,3365765,3394769,0,1
SHV-HQ,PTT-760,226210,226151,0.0002608195924140855,231485,231428,0.0002462362572088761,222633,224829,0,241064,244832,0,249810,253742,0,247786,251663,0,212405,215735,0,224671,228221,0,249303,253147,0,227523,231084,0,235990,239675,0,251858,255769,0,,2820738,2856276,0,1
SHV-HQ,PTT-769,0,0,,0,0,,0,0,,0,0,,0,0,,0,0,,0,0,,0,0,,0,0,,0,0,,0,0,,0,0,,,0,0,,0
SHV-HQ,PTT-805,3489,3488,0.0002866150759529562,3416,3415,0.0002927400468384356,3313,3312,0.0003018412315122232,2950,2950,0,4193,4191,0.00047698545194374553,3748,3747,0.00026680896478126215,3259,3258,0.00030684258975144374,3434,3432,0.0005824111822947398,3556,3556,0,3219,0,1,3582,6742,0,3684,3570,0.030944625407166138,,41843,41661,0.004349592524436563,1
SHV-HQ,PTT-813,180090,173032,0.03919151535343435,185423,177992,0.040075934484934406,135294,91204,0.3258828920720801,88719,87825,0.01007675920603257,139360,136117,0.02327066590126292,136142,131943,0.03084279649189814,131155,127512,0.027776295223209235,135339,130022,0.03928653233731594,142855,140336,0.017633264498967516,122405,119364,0.024843756382500692,129265,125955,0.025606312613623228,135014,131502,0.026012117261913548,,1661061,1572804,0.05313290722014419,61
SHV-HQ,PTT-817,0,0,,0,0,,0,0,,0,0,,0,0,,0,0,,0,0,,0,0,,0,0,,0,0,,0,0,,0,0,,,0,0,,0
SHV-HQ,PTT-818,141817,141766,0.00035961838143527824,154280,154224,0.0003629764065335994,177619,177559,0.0003378016991425481,192751,192677,0.00038391499914391947,170032,169971,0.0003587559988708078,157121,157059,0.0003946003398654918,114134,114089,0.00039427339793574046,135284,135230,0.0003991602850300646,157929,157864,0.0004115773543807988,169286,169217,0.00040759424878611394,193773,193694,0.00040769353831549004,197211,197136,0.0003803033299359937,,1961237,1960486,0.00038292159489139443,1
SHV-HQ,PTT-829,215713,215784,0,224863,215360,0.04226128798423934,202095,215633,0,224419,228189,0,228375,232126,0,221034,224805,0,201101,204663,0,204557,208119,0,183087,186485,0,105176,107372,0,110605,112832,0,94505,96423,0,,2215530,2247791,0,1
SHV-HQ,PTT-840,127623,127630,0,127097,127100,0,178587,178592,0,227638,227652,0,241743,241768,0,235339,235382,0,216632,216631,4.6161231951336035e-06,278177,278211,0,318381,318427,0,343359,343391,0,419023,419060,0,369587,369620,0,,3083186,3083464,0,1
SHV-HQ,PTT-841,0,0,,0,0,,0,0,,750,750,0,1358,1358,0,974,975,0,2817,2819,0,11591,11595,0,13909,13916,0,10492,10497,0,9076,9080,0,4256,4257,0,,55223,55247,0,1
SHV-HQ,PTT-851,226341,226618,0,199824,200082,0,276591,276932,0,318233,318614,0,358520,358896,0,342350,342705,0,298259,298588,0,331459,331429,9.050893172313224e-05,339972,339118,0.0025119715741296345,346529,345767,0.002198950160015478,396733,395875,0.002162663554582056,159566,159196,0.002318789717107639,,3594377,3593820,0.00015496426779937345,1
SHV-HQ,PTT-861,87468,87486,0,78682,78697,0,89961,89978,0,104677,178109,0,90883,17489,0.8075657713763851,55100,55111,0,46696,46705,0,35403,35410,0,38378,38385,0,32116,32124,0,32904,32912,0,37079,37086,0,,729347,729492,0,1
SHV-HQ,PTT-894,1877,1879,0,5548,5549,0,9170,9173,0,10971,10974,0,16814,16821,0,24297,24308,0,19657,19667,0,17196,17203,0,17515,17522,0,13628,13634,0,15527,15534,0,14291,14296,0,,166491,166560,0,1
SHV-HQ,PTT906,0,0,,0,0,,0,0,,0,0,,0,0,,0,0,,0,0,,0,0,,0,0,,0,0,,0,0,,0,0,,,0,0,,0
SHV-HQ,PTT-938,99902,99845,0.0005705591479649996,117711,117652,0.0005012275828087942,132671,132600,0.0005351583993488118,171181,171097,0.0004907086650971504,193279,193188,0.00047082197238190737,188544,188457,0.00046143075356419594,146331,146263,0.00046469989270903067,153118,153045,0.00047675648845990626,173947,173862,0.0004886545901913175,176508,176418,0.0005098919029166149,153171,153085,0.0005614639846968084,176902,176808,0.0005313676498852615,,1883265,1882320,0.0005017881179759653,1
SHV-HQ,PTT-954,0,0,,0,0,,0,0,,0,0,,0,0,,0,0,,0,0,,0,0,,0,0,,144940,144780,0.0011039050641644677,64030,63970,0.000937060752772112,70260,70210,0.000711642470822671,,279230,278960,0.0009669448125201319,1
SHV-HQ,PTT-955,6770,6767,0.0004431314623338789,5936,5935,0.00016846361185984815,4994,4932,0.01241489787745298,10590,10610,0,8768,8800,0,9943,9946,0,8659,8657,0.0002309735535280799,11441,11436,0.0004370247356000334,14719,14722,0,11900,11829,0.005966386554621894,12052,12106,0,14218,14221,0,,119990,119961,0.00024168680723390956,1
SHV-HQ,PTT-987,1978,1978,0,1946,1946,0,2590,2590,0,3591,3591,0,3279,3278,0.0003049710277523987,3293,3292,0.0003036744609777875,2647,2647,0,3176,3176,0,3075,3074,0.0003252032520325576,3040,3040,0,2979,2979,0,2658,2657,0.0003762227238525151,,34252,34248,0.00011678150181015923,1
SHV-HQ,S KCR-15,30036,30980,0,32473,33454,0,33051,33974,0,38607,39613,0,37255,38202,0,33403,34370,0,30413,31346,0,32975,33940,0,31668,32672,0,34130,35103,0,36888,37898,0,32991,33939,0,,403890,415491,0,1
SHV-HQ,S KCR-16,23406,24097,0,24500,25212,0,23833,24495,0,25149,25849,0,25965,26638,0,27101,27825,0,27195,27900,0,29170,29908,0,27513,28250,0,27889,28610,0,30356,31096,0,27706,28414,0,,319783,328294,0,1
SHV-HQ,S KCR-17,48079,48143,0,50954,51017,0,47721,47784,0,65749,65823,0,71455,71527,0,72042,72126,0,63017,63089,0,66695,66771,0,63712,63785,0,63351,63423,0,69635,69713,0,62912,62983,0,,745322,746184,0,1
SHV-HQ,S LS-01,167609,167681,0,172220,172304,0,147412,147478,0,153142,153212,0,162989,163060,0,165460,155530,0.06001450501631811,173525,183589,0,175647,175724,0,162594,162659,0,152031,152095,0,160933,161009,0,142127,142190,0,,1935689,1936531,0,1
SHV-HQ,S MRT-04,9010,9863,0,10938,11782,0,25611,26445,0,33043,34009,0,30729,31631,0,29792,30729,0,27133,28030,0,30630,31588,0,28526,29420,0,32184,33132,0,36276,37282,0,32538,33486,0,,326410,337397,0,1
SHV-HQ,S MRT-07,3430,3441,0,3482,3493,0,2850,2859,0,3307,3318,0,3161,3166,0,2904,2909,0,2759,2764,0,2309,2319,0,2220,2230,0,3229,3239,0,3308,3317,0,3076,3085,0,,36035,36140,0,1
SHV-HQ,S ONG-08,13156,13175,0,13526,13540,0,13809,13817,0,15490,15498,0,15266,15274,0,14920,14927,0,12951,12961,0,14017,14038,0,13909,13927,0,13242,13260,0,14237,14253,0,13533,13547,0,,168056,168217,0,1
SHV-HQ,S PCT-01,133490,133540,0,124630,124660,0,163700,163740,0,171110,171150,0,166110,166170,0,183960,184010,0,210960,211000,0,262480,262540,0,184990,185020,0,159550,159580,0,160780,160820,0,165360,165410,0,,2087120,2087640,0,1
SHV-HQ,S PST-32,182670,182630,0.00021897410631188663,186630,186600,0.00016074586079406483,180950,180900,0.00027631942525563336,225190,225090,0.00044406945246233676,216870,216810,0.00027666343892651657,181180,181070,0.0006071310299150534,170040,169900,0.0008233356857210161,193170,193010,0.0008282859657297026,168880,168750,0.0007697773567030275,190870,190670,0.001047833604023718,190970,190810,0.0008378279310886638,171080,170970,0.0006429740472293499,,2258500,2257210,0.0005711755589993261,1
SHV-HQ,S01,0,0,,0,0,,0,0,,0,0,,0,0,,0,0,,0,0,,0,0,,0,0,,0,0,,0,0,,0,0,,,0,0,,0
SHV-HQ,S-02,183343,174011,0.050899134409276625,194433,184121,0.05303626442013443,194869,183663,0.05750529843125385,224275,210598,0.06098316798573178,232033,216684,0.06615007348092727,225436,211134,0.06344150889831257,172907,164309,0.04972615336568209,188492,179095,0.04985357468751994,187439,178205,0.04926402723019219,191072,182198,0.04644322559035341,199732,190474,0.046352111829851994,194324,185263,0.046628311479796625,,2388355,2259755,0.05384459177969769,495
SHV-HQ,S-03,75986,74030,0.025741583975995574,80287,78688,0.01991605116644035,74176,72504,0.02254098360655743,85733,83736,0.02329324764093177,86877,84839,0.023458452755044434,92912,90291,0.02820948854830374,81379,79490,0.02321237665736864,81186,79268,0.023624762890153472,79902,78081,0.02279041826237138,75275,73454,0.024191298571903053,81936,79815,0.025886057410661967,79220,76970,0.028401918707397167,,974869,951166,0.02431403603971405,105
SHV-HQ,S-04,34928,34796,0.0037792029317452736,37475,37263,0.005657104736490948,34078,33879,0.005839544574212097,41112,40482,0.015323992994746072,39320,39397,0,41168,40888,0.006801399144966913,37094,36817,0.007467514961988497,38622,38286,0.008699704831443222,37774,37439,0.00886853391221476,37584,37249,0.008913367390378846,41047,40595,0.011011766998806238,40176,39750,0.010603345280764676,,460378,456841,0.007682817163287559,22
SHV-HQ,S-05,73900,71013,0.039066305818673874,74200,71009,0.04300539083557953,75900,72678,0.04245059288537545,75400,71990,0.04522546419098139,98600,99551,0,60900,86536,0,60816,75643,0,81797,77343,0.05445187476313307,91184,85414,0.06327864537638184,85530,80458,0.05930083011808718,69171,64344,0.0697835798239147,71223,67975,0.04560324614239786,,918621,923954,0,75
SHV-HQ,S-06,44577,44681,0,46274,46353,0,47876,47976,0,47316,47407,0,47616,47620,0,42235,42245,0,39809,39855,0,43320,43001,0.007363804247460748,42997,43339,0,36625,36613,0.00032764505119453613,43130,43003,0.002944586134940863,39789,39507,0.007087385960943937,,521564,521600,0,13
SHV-HQ,S-07,129209,125408,0.029417455440410523,141166,134913,0.04429536857316918,148785,144569,0.028336189804079703,167351,160958,0.038201146094137495,182269,174585,0.042157470551766885,160429,155523,0.030580506018238585,139945,136214,0.026660473757547654,162985,157324,0.03473325766174806,160031,154946,0.031775093575619695,148779,144105,0.0314157239933055,190520,184572,0.031219819441528407,174174,168910,0.030222650912306137,,1905643,1842027,0.03338295787825951,315
SHV-HQ,S08,0,0,,0,0,,0,0,,0,0,,0,0,,0,0,,0,0,,0,0,,0,0,,0,0,,0,0,,0,0,,,0,0,,0
SHV-HQ,S-09,147335,143011,0.02934808429768898,137756,133561,0.030452394088097745,149876,144552,0.0355226987643118,145861,141234,0.031721981886864925,211338,203204,0.038488109095382805,186027,178976,0.037903100087621655,171095,165683,0.03163154972383764,146106,141841,0.029191135203208596,157124,152211,0.03126829765026351,133835,129764,0.03041805207905257,149488,145073,0.02953414320881942,153783,149352,0.028813327871091032,,1889624,1828462,0.03236728576690384,111
SHV-HQ,S-10,110979,109041,0.01746276322547513,112329,110438,0.01683447729437637,114694,112211,0.021648909271627104,117140,114987,0.018379716578453165,159236,155046,0.0263131452686578,140000,136649,0.023935714285714282,115269,112657,0.02266003869210287,120567,117506,0.02538837326963428,131067,127545,0.026871752615074684,119256,117313,0.016292681290668853,142021,138197,0.026925595510523093,140965,137693,0.023211435462703545,,1523523,1489283,0.022474225856780605,94
SHV-HQ,S-1005,43731,44873,0,38987,40168,0,41501,42630,0,50149,51373,0,46145,47318,0,53584,54844,0,47002,48135,0,51073,52310,0,52668,53958,0,49601,50770,0,64855,66257,0,56776,58027,0,,596072,610663,0,1
SHV-HQ,S-1020,1240450,1240200,0.00020153976379544414,1249240,1248980,0.00020812654093693705,1386700,1386340,0.0002596091440109083,1577600,1577150,0.00028524340770785805,1455820,1455350,0.0003228421096014289,1218170,1217800,0.0003037342899595563,1043670,1043360,0.00029702875429971076,1136220,1135890,0.0002904367112003259,1081820,1081500,0.00029579782218858153,1047430,1047140,0.0002768681439332399,1122960,1122700,0.00023153095390748835,1046350,1046130,0.00021025469489177606,,14606430,14602540,0.0002663210654485493,1
SHV-HQ,S-103,37612,37621,0,39091,39099,0,33494,33503,0,29927,29935,0,41861,41871,0,44559,44562,0,38181,38171,0.0002619103742699247,43624,43620,9.169264624975249e-05,41136,41136,0,33983,33990,0,42528,42531,0,42344,42347,0,,468340,468386,0,1
SHV-HQ,S-1058,1065790,1065920,0,1061990,1062160,0,956280,956410,0,1068610,1068830,0,1006670,1006940,0,877820,878050,0,681780,681970,0,685420,685630,0,800200,800400,0,949830,949590,0.0002526767947949038,1064830,1064980,0,1218370,1217930,0.0003611382420775078,,11437590,11438810,0,1
SHV-HQ,S-1070,58690,58690,0,64320,64320,0,66490,66480,0.00015039855617382525,81690,81700,0,80290,80290,0,80880,80880,0,70460,70470,0,72420,72430,0,76020,76030,0,66630,66650,0,74810,74780,0.000401015906964286,72350,72390,0,,865050,865110,0,1
SHV-HQ,S-1071,222310,222290,8.99644640367514e-05,217730,217700,0.0001377853304551646,206000,205990,4.854368932039055e-05,250110,250080,0.00011994722322172802,252870,252820,0.0001977300589235398,64520,64520,0,13550,13540,0.0007380073800737907,8880,8880,0,8650,8650,0,8050,8050,0,9200,9210,0,8070,8060,0.0012391573729864103,,1269940,1269790,0.0001181158164952345,1
SHV-HQ,S-1095,103150,103150,0,224130,224160,0,394860,394880,0,562230,562320,0,602790,602890,0,603880,603950,0,465640,465720,0,416920,416950,0,409320,409370,0,370940,370970,0,385550,385560,0,347270,347300,0,,4886680,4887220,0,1
SHV-HQ,S-10A,0,0,,0,0,,0,0,,0,0,,0,0,,0,0,,0,0,,0,0,,0,0,,0,0,,0,0,,0,0,,,0,0,,0
SHV-HQ,S11,0,0,,0,0,,0,0,,0,0,,0,0,,0,0,,0,0,,0,0,,0,0,,0,0,,0,0,,0,0,,,0,0,,0
SHV-HQ,S-1188,428572,428666,0,420476,420570,0,463268,463367,0,564447,564549,0,581174,581271,0,587328,587431,0,514403,514497,0,537749,537850,0,553560,553661,0,525715,525815,0,566335,566433,0,489942,490034,0,,6232969,6234144,0,1
SHV-HQ,S-12,49742,48847,0.017992843070242404,54685,53639,0.019127731553442495,55603,54173,0.025718036796575694,57282,56299,0.017160713662232485,81967,80082,0.022997059792355445,75124,73286,0.0244662158564507,60909,59604,0.021425405112544982,60920,59660,0.020682862770846966,69041,67499,0.022334554829738895,59416,58122,0.021778645482698256,69347,67760,0.02288491210867094,69624,68032,0.022865678501666098,,763660,747003,0.02181206295995597,147
SHV-HQ,S-1200,0,0,,0,0,,0,0,,0,0,,0,0,,0,0,,0,0,,0,0,,0,0,,0,0,,0,0,,62,63,0,,62,63,0,1
SHV-HQ,S-1202,0,0,,0,0,,0,0,,0,0,,0,0,,0,0,,0,0,,0,0,,0,0,,0,0,,0,0,,0,0,,,0,0,,0
SHV-HQ,S-1212,17487,17482,0.000285926688397109,24325,24316,0.0003699897225076798,25495,25485,0.000392233771327688,28689,28677,0.0004182787828087564,36469,36452,0.00046614933230959554,39594,39576,0.0004546143355054211,33244,33230,0.00042112862471421764,32844,32832,0.00036536353671901,38441,38424,0.00044223615410632355,39731,39714,0.0004278774760262394,40676,40657,0.0004671059101190034,45986,45966,0.00043491497412251334,,402981,402811,0.00042185611728595696,1
SHV-HQ,S-1261,143740,143690,0.0003478502852372056,140190,140140,0.0003566588201726617,142600,142550,0.0003506311360448322,146730,146680,0.000340761943706136,145240,145190,0.00034425778022584286,144210,144170,0.0002773732750849245,133380,133340,0.0002998950367371078,139040,139010,0.00021576524741084846,130030,129980,0.00038452664769672573,131790,131760,0.0002276348736626188,152230,152180,0.00032845037114892506,129960,129910,0.0003847337642352011,,1679140,1678600,0.0003215931965172558,1
SHV-HQ,S-1266,34864,34863,2.8682882056041414e-05,31158,31158,0,23815,23815,0,14805,14807,0,8175,8176,0,0,0,,10096,10097,0,8890,8891,0,9847,9849,0,6222,6229,0,7822,7817,0.0006392227051904564,10708,10704,0.0003735524841240734,,166402,166406,0,1
SHV-HQ,S-1292,0,0,,2006,4090,0,2557,4920,0,6664,8990,0,8695,10870,0,66212,68850,0,70812,73450,0,73561,76250,0,73178,75880,0,69286,71910,0,127697,130850,0,131951,134760,0,,632619,660820,0,1
SHV-HQ,S-13,108075,104652,0.031672449687716875,116829,113466,0.028785661094420045,121110,117189,0.03237552638097596,116324,112738,0.030827688181286783,145732,141171,0.031297175637471475,138159,133602,0.03298373613011096,121901,117425,0.036718320604424926,110475,112888,0,109493,105691,0.0347236809659065,94985,92379,0.02743591093330522,112667,105075,0.06738441602243783,175258,166371,0.05070809891702521,,1471008,1422647,0.032876095847201414,116
SHV-HQ,S-1302,81380,81400,0,76660,76680,0,79040,79060,0,86270,86290,0,135230,135260,0,142540,142580,0,146310,146340,0,142260,142300,0,159900,159940,0,139460,139500,0,154890,154930,0,195820,195870,0,,1539760,1540150,0,1
SHV-HQ,S-131,147692,168535,0,185414,168731,0.0899770243886654,182868,186925,0,182406,186352,0,224226,229059,0,192690,196910,0,174003,178012,0,153666,157270,0,170643,174577,0,126174,129319,0,149588,153137,0,155190,158814,0,,2044560,2087641,0,1
SHV-HQ,S-1319,110571,113900,0,106255,109390,0,118129,121390,0,122128,125440,0,96046,99060,0,102206,105440,0,108175,111400,0,109900,113080,0,112898,116310,0,99307,102430,0,106725,110010,0,92228,95230,0,,1284568,1323080,0,1
SHV-HQ,S-1339,895480,895270,0.00023451110019212518,926770,926530,0.0002589639284827916,993210,992940,0.0002718458332074958,1050400,1050070,0.0003141660319878614,1168180,1167730,0.0003852146073378693,1199520,1199270,0.00020841670001336965,1090870,1090460,0.00037584680117708213,1144670,1144300,0.0003232372648885873,1145050,1144690,0.0003143967512335699,1102570,1102240,0.00029930072467054814,1172970,1172540,0.0003665907908982913,1116820,1116600,0.00019698787629163217,,13006510,13002640,0.0002975433071592537,1
SHV-HQ,S-1340,262865,262778,0.0003309683677933384,189757,189693,0.0003372734602675731,14704,14700,0.0002720348204570122,16819,16813,0.00035673940186697894,14838,14834,0.00026957811025740686,110784,110744,0.00036106296938187565,125909,125861,0.00038122771207782513,219729,219641,0.0004004933349717188,201068,200990,0.00038792846201285425,149775,149715,0.00040060090135207727,90823,90789,0.00037435451372447304,84498,84467,0.0003668725887002733,,1481569,1481025,0.000367178308941396,1
SHV-HQ,S-1378,2710,2720,0,2770,2770,0,2600,2600,0,2870,2870,0,2620,2620,0,3320,3320,0,2980,2980,0,3220,3220,0,3330,3330,0,3120,3120,0,2530,2530,0,0,0,,,32070,32080,0,1
SHV-HQ,S-1382,178740,178760,0,217830,217860,0,183560,183570,0,287840,287860,0,394760,394780,0,400270,400330,0,356490,356430,0.00016830766641418027,207260,207320,0,249250,249270,0,264010,264020,0,273870,273890,0,265160,265190,0,,3279040,3279280,0,1
SHV-HQ,S-14,67422,66977,0.00660021951291867,69245,68495,0.010831106939129143,63285,62603,0.010776645334597434,72242,71665,0.007987043548074557,73178,72404,0.010576949356363885,73470,73063,0.005539676058255116,70170,69452,0.01023229300270767,69651,69369,0.0040487573760606965,65796,65586,0.0031916833850081927,64735,64609,0.0019463968486908012,64761,64766,0,66365,66018,0.00522865968507491,,820320,815007,0.006476740784084223,77
SHV-HQ,S-1413,37105,37087,0.00048510982347393927,39956,39937,0.00047552307538289984,37703,37686,0.00045089250192287267,53480,53458,0.0004113687359760254,46345,46328,0.000366814111554592,53955,53930,0.0004633490872022472,56768,56745,0.0004051578354001828,58478,58455,0.00039331030472999906,56586,56558,0.0004948220407874349,48412,48390,0.00045443278525980624,49314,49293,0.0004258425599221738,51170,51147,0.00044948211842876784,,589272,589014,0.0004378283712784814,1
SHV-HQ,S-1416,0,0,,0,0,,0,0,,0,0,,0,0,,0,0,,0,0,,0,0,,0,0,,0,0,,0,0,,0,0,,,0,0,,1
SHV-HQ,S-1425,0,0,,350,350,0,31710,31710,0,311510,315780,0,470569,478000,0,513462,521370,0,449782,456620,0,452205,459130,0,451840,458760,0,438753,445440,0,374337,380000,0,418244,424610,0,,3912762,3971770,0,1
SHV-HQ,S-1430,914120,912890,0.0013455563820942151,863490,862320,0.0013549664732654954,833150,834020,0,891240,888050,0.003579282797001926,878390,877180,0.0013775202358861094,855880,854660,0.001425433471982096,832260,831080,0.0014178261600942266,782840,781830,0.0012901742373920833,864700,863570,0.0013068116109633543,799830,798810,0.0012752709950865082,809760,808700,0.0013090298360007857,940680,939430,0.0013288259556916149,,10266340,10252540,0.0013441986141117246,1
SHV-HQ,S-1438,3386,3387,0,3697,3697,0,2695,2695,0,2689,2689,0,2582,2582,0,2630,2631,0,2594,2594,0,2371,2371,0,2537,2538,0,2574,2574,0,2633,2633,0,4459,4459,0,,34847,34850,0,1
SHV-HQ,S-1443,0,0,,0,0,,0,0,,0,0,,0,0,,0,0,,0,0,,0,0,,0,0,,0,0,,0,0,,0,0,,,0,0,,0
SHV-HQ,S-1446,522850,522820,5.7377833030503034e-05,528850,528790,0.00011345372033655376,495960,495980,0,556630,556600,5.389576558934017e-05,537830,537810,3.718647156170096e-05,576360,576360,0,518150,518140,1.929943066680817e-05,533000,533010,0,502640,502630,1.9894954639498863e-05,462020,462020,0,472620,472620,0,472580,472570,2.1160438444245422e-05,,6179490,6179350,2.265559131897632e-05,1
SHV-HQ,S-1449,116588,116576,0.00010292654475585472,108824,108817,6.43240461662975e-05,107644,107635,8.360893314995899e-05,116451,116438,0.00011163493658272738,119757,119740,0.0001419541237672739,119723,119708,0.00012528920925802822,116572,116558,0.0001200974505026764,93308,93296,0.00012860633600553228,105552,105532,0.0001894800666969454,114172,114160,0.0001051045790562144,99977,99969,8.001840423299544e-05,119908,119897,9.173699836539928e-05,,1338476,1338326,0.00011206775467020869,1
SHV-HQ,S-1457,26805,26807,0,26444,26444,0,28990,28989,3.449465332872048e-05,28423,28426,0,38457,38446,0.0002860337519827727,37405,37401,0.00010693757519053548,33465,33465,0,37432,37440,0,37013,37006,0.00018912274065874257,35639,35640,0,41140,41143,0,41935,41935,0,,413148,413142,1.4522640797043351e-05,1
SHV-HQ,S-1459,1078440,1078000,0.000407996736026095,1061180,1060750,0.0004052092953127362,1036290,1035840,0.0004342413803085643,1146370,1145860,0.0004448825422856961,1132070,1131580,0.000432835425371203,1124220,1123640,0.00051591325541267,1006000,1005720,0.000278330019880757,1078920,1078510,0.00038000963926887454,1042920,1042560,0.00034518467380051376,944780,944450,0.00034928766485320395,1024450,1024060,0.0003806920786764145,945900,945570,0.00034887408816997034,,12621540,12616540,0.0003961481720931026,1
SHV-HQ,S-1469,178345,178359,0,179677,179692,0,190887,190899,0,215863,215874,0,209223,209233,0,207838,207846,0,166814,166825,0,197097,197108,0,189007,189018,0,6179433,179445,0.970960927968634,-5804120,195897,0,178355,178369,0,,2288419,2288565,0,1
SHV-HQ,S-1472,216138,221297,0,248091,253136,0,271289,276512,0,387163,394016,0,471349,479579,0,495818,504416,0,478874,487174,0,491424,500048,0,556885,566158,0,543051,551988,0,451691,459235,0,528832,537427,0,,5140605,5230986,0,1
SHV-HQ,S-1474,0,0,,0,0,,0,0,,0,0,,0,0,,0,0,,0,0,,0,0,,0,0,,0,0,,0,0,,0,0,,,0,0,,1
SHV-HQ,S15,0,0,,0,0,,0,0,,0,0,,0,0,,0,0,,0,0,,0,0,,0,0,,0,0,,0,0,,0,0,,,0,0,,0
SHV-HQ,S-1516,69544,69587,0,63688,63729,0,55367,55403,0,51077,51110,0,38049,38074,0,33364,33468,0,31014,30956,0.0018701231701812038,41662,41693,0,40579,40610,0,39034,39063,0,39448,39477,0,42420,42449,0,,545246,545619,0,1
SHV-HQ,S-1518,67165,67188,0,78822,78846,0,107957,107986,0,15767,15772,0,971,972,0,3743,3745,0,3545,3546,0,3168,3169,0,633,634,0,1978,1979,0,1153,1154,0,1484,1484,0,,286386,286475,0,1
SHV-HQ,S-1523,3449,3459,0,3768,3783,0,4161,4169,0,4867,4862,0.001027326895418068,5005,4981,0.004795204795204788,3330,3271,0.017717717717717685,2958,2974,0,3324,3294,0.009025270758122761,3097,3088,0.002906038101388453,3325,3299,0.007819548872180504,3387,3382,0.0014762326542663295,3901,3881,0.005126890540886997,,44572,44443,0.002894193664183753,5
SHV-HQ,S-1525,229399,229314,0.00037053343737325495,236560,236445,0.00048613459587421026,278572,278439,0.00047743491808216465,265879,265746,0.0005002275471173157,275229,275086,0.0005195673421042324,273171,273035,0.0004978566538907936,250395,250283,0.00044729327662296203,225662,225568,0.0004165521886715373,141748,141686,0.0004373959420944651,120153,120097,0.00046607242432561424,124075,124018,0.00045939955671969734,120573,120517,0.0004644489230590798,,2541416,2540234,0.00046509504937408686,1
SHV-HQ,S-1526,12148,12072,0.006256173855778702,12639,12560,0.00625049450114723,15706,15840,0,19043,22060,0,28479,28354,0.0043891990589557395,24354,24215,0.005707481317237417,20729,20611,0.0056925080804669514,22494,22373,0.005379212234373654,23444,23343,0.004308138542910789,27885,27765,0.004303388918773576,43031,42870,0.0037414886941972147,44612,44496,0.0026001972563436393,,294564,296559,0,20
SHV-HQ,S-1527,117305,117257,0.00040918971910830493,124621,124570,0.00040924081816062774,128310,128255,0.0004286493648195666,131661,131598,0.000478501606398285,134100,134036,0.00047725577926915896,129938,129880,0.00044636672874753813,114796,114747,0.00042684414091087586,118723,118671,0.0004379943229196881,117522,117471,0.00043396130086281737,115749,115702,0.0004060510241988835,127950,127893,0.00044548651817111207,135055,134997,0.0004294546666172572,,1495730,1495077,0.0004365761200216811,1
SHV-HQ,S-1528,96424,96489,0,100586,100652,0,110922,110993,0,120046,120120,0,126170,126246,0,125444,125528,0,107826,107903,0,107270,107348,0,103680,103758,0,97548,97618,0,108569,108643,0,109004,109077,0,,1313489,1314375,0,1
SHV-HQ,S-1536,65698,65689,0.00013699047155169009,65749,65739,0.00015209356796297424,67919,67909,0.00014723420545059707,74765,74754,0.00014712766668900645,78657,78644,0.0001652745464485461,69269,69260,0.00012992825073265823,65774,65765,0.0001368321829293695,63110,63101,0.000142608144509615,66845,66835,0.00014959982048023956,57091,57084,0.00012261126972723524,58686,58677,0.0001533585522952574,55662,55653,0.0001616902015737498,,789225,789110,0.00014571256612494476,1
SHV-HQ,S-1545,70289,70311,0,74922,74948,0,73282,73307,0,72691,72717,0,80810,80834,0,67013,67046,0,60290,67969,0,60955,54980,0.09802313181855471,63910,62009,0.02974495384133935,63187,63082,0.001661734217481392,53845,53759,0.0015971770823660636,61480,61387,0.0015126870527000236,,802674,802349,0.00040489663300413703,1
SHV-HQ,S-1554,1038960,1039210,0,1133590,1133860,0,943530,943760,0,950380,950620,0,971600,971880,0,1055040,1055330,0,882980,883230,0,965680,966090,0,984870,985020,0,971740,972010,0,1069830,1070130,0,851860,852100,0,,11820060,11823240,0,1
SHV-HQ,S-1575,86813,86803,0.00011519012129523887,116163,116147,0.0001377374895620287,136507,136490,0.00012453573809401153,172389,172369,0.00011601668319904945,187435,187416,0.00010136847440445074,179405,179384,0.0001170535938240791,180971,180936,0.0001934011526708579,181797,181776,0.00011551345731775076,230816,230783,0.0001429710245389737,207536,207499,0.00017828232210315154,181098,181068,0.0001656561640658305,181360,181332,0.00015438906043230283,,2042290,2042003,0.0001405285243525345,1
SHV-HQ,S-1594,188310,188360,0,273740,273810,0,314840,314910,0,335620,335710,0,337380,337460,0,150470,344720,0,162980,290200,0,291250,291580,0,286440,286740,0,275560,275920,0,306940,307290,0,310490,310790,0,,3234020,3557490,0,1
SHV-HQ,S16,0,0,,0,0,,0,0,,0,0,,0,0,,0,0,,0,0,,0,0,,0,0,,0,0,,0,0,,0,0,,,0,0,,0
SHV-HQ,S-1629,797150,797800,0,749750,750350,0,821640,822280,0,1070130,1070980,0,1118710,1119590,0,885730,886290,0,786980,787570,0,803400,804000,0,954440,955170,0,1004140,1005500,0,1118260,1118520,0,1311760,1312770,0,,11422090,11430820,0,1
SHV-HQ,S-1631,324400,324410,0,348100,348100,0,411320,411340,0,451550,451570,0,482800,482800,0,480200,480210,0,427960,427980,0,459390,459410,0,472530,472540,0,453050,453070,0,467300,467300,0,433980,433990,0,,5212580,5212720,0,1
SHV-HQ,S-1639,175596,179310,0,183052,186860,0,170029,173550,0,215028,219050,0,206132,210140,0,184132,187930,0,138481,141720,0,120530,123950,0,121018,124320,0,152528,156170,0,141435,144680,0,179007,182820,0,,1986968,2030500,0,1
SHV-HQ,S-1645,4456,4504,0,3711,3811,0,2829,2917,0,2959,3051,0,3102,3166,0,3010,3094,0,2868,2951,0,3047,3149,0,3067,3209,0,3326,3459,0,3049,3135,0,3261,3357,0,,38685,39803,0,4
SHV-HQ,S-1660,98816,98564,0.0025501943005181715,98462,98101,0.003666389063801234,105227,104764,0.0044000114039172145,140194,139708,0.003466624819892461,149921,148898,0.006823593759379909,139682,139140,0.0038802422645723977,115901,115474,0.0036841787387511538,133979,133517,0.0034483015995043775,134690,134286,0.0029994802880688454,141293,140467,0.005846007940945364,167903,167480,0.0025193117454720415,166527,165898,0.0037771652644916776,,1592595,1586297,0.003954552161723468,183
SHV-HQ,S-1667,432370,432170,0.0004625667830793212,417289,417130,0.0003810308922592709,432960,432830,0.00030025868440497483,515831,515700,0.0002539591455340551,537660,537510,0.00027898672023207727,525100,524960,0.00026661588268905856,474590,474460,0.00027392064729558907,534360,534160,0.0003742795119394682,531280,531110,0.00031998193043214496,553640,553440,0.0003612455747417087,606979,606700,0.0004596534641231331,561231,561020,0.00037595927523603745,,6123290,6121190,0.0003429528897047618,1
SHV-HQ,S-1672,37225,37224,2.686366689053088e-05,28704,28712,0,32194,32202,0,38511,38510,2.596660694342834e-05,33199,33199,0,29623,29634,0,24166,24177,0,25737,25749,0,39250,39256,0,74168,74170,0,88804,88785,0.00021395432638171563,77574,77565,0.00011601825353857453,,529155,529183,0,1
SHV-HQ,S-1678,34715,35947,0,28822,30090,0,29169,30368,0,28583,29825,0,36959,38224,0,29673,30910,0,29552,30784,0,29823,31006,0,29766,31016,0,30673,31966,0,26298,27450,0,39136,40430,0,,373169,388016,0,1
SHV-HQ,S-1691,84616,66201,0.21763023541646975,55959,76791,0,76787,69729,0.09191660046622474,93183,92051,0.01214813860897379,76896,61847,0.1957058884727424,79027,93421,0,65882,61460,0.0671200024285844,61047,49398,0.1908201877242125,53856,53306,0.010212418300653558,64642,69434,0,71555,81484,0,83853,73292,0.1259465970209772,,867303,848414,0.021779009181335685,36
SHV-HQ,S-1696,14675,16015,0,14486,15842,0,11105,12295,0,12784,14093,0,13094,14325,0,14932,16315,0,12871,14151,0,12953,14316,0,12371,13652,0,12983,14263,0,13778,15111,0,12814,14213,0,,158846,174591,0,1
SHV-HQ,S17,0,0,,0,0,,0,0,,0,0,,0,0,,0,0,,0,0,,0,0,,0,0,,0,0,,0,0,,0,0,,,0,0,,0
SHV-HQ,S-1704,99219,101095,0,100210,102122,0,98265,100236,0,103341,105218,0,119735,121754,0,119448,121730,0,100067,101907,0,99186,101125,0,108534,110703,0,112015,114460,0,91147,93145,0,106347,108546,0,,1257514,1282041,0,1
SHV-HQ,S-1708,191301,187706,0.01879237432109604,176191,199313,0,230088,200023,0.1306673968220855,233688,229577,0.017591831844168238,235785,229854,0.025154271900248104,220836,218243,0.011741745005343307,176106,173798,0.013105743131977321,185070,182252,0.015226670989355373,172863,171827,0.0059931853548763625,172322,170671,0.009580900871623999,162238,160572,0.010268864261147148,101688,100005,0.016550625442530054,,2258176,2223841,0.015204749319804978,41
SHV-HQ,S-1710,367240,367870,0,356450,356960,0,385720,386320,0,476150,477050,0,505840,506850,0,451200,452170,0,371700,372760,0,411790,413110,0,383060,384270,0,393600,394800,0,458800,459830,0,408990,409730,0,,4970540,4981720,0,1
SHV-HQ,S-1711,9999,10067,0,9544,9609,0,7010,7061,0,8364,8422,0,7258,7313,0,7905,7964,0,5585,5625,0,6297,6333,0,6621,6657,0,7688,7741,0,7379,7429,0,10343,2737,0.7353765831963647,,93993,86958,0.074845999170151,143
SHV-HQ,S-1726,42826,44053,0,45454,46678,0,44739,45900,0,49730,51015,0,44268,45460,0,42068,43275,0,38242,39386,0,40737,41928,0,37637,38807,0,36093,37208,0,37830,39006,0,35521,36663,0,,495145,509379,0,1
SHV-HQ,S-1727,28148,28969,0,29389,30249,0,29330,30148,0,32600,33444,0,30437,31260,0,27080,27905,0,24380,25142,0,25810,26639,0,23394,24174,0,23021,23810,0,24749,25559,0,23960,24749,0,,322298,332048,0,1
SHV-HQ,S-1739,293449,298410,0,268353,273012,0,259998,264414,0,258436,262813,0,257881,262288,0,256312,260684,0,227854,231784,0,202380,206023,0,221678,225617,0,206319,210090,0,176299,179476,0,217510,221344,0,,2846469,2895955,0,1
SHV-HQ,S-1744,16306,16249,0.0034956457745615177,16282,16243,0.0023952831347500148,17221,17164,0.0033099123163579103,17224,17184,0.0023223409196470035,26311,16487,0.37337995515183764,28325,37837,0,24461,23814,0.02645026777318993,20074,20624,0,22121,22081,0.0018082365173364146,17816,17793,0.0012909744050292327,16910,16874,0.0021289178001182574,18642,18596,0.002467546400600762,,241693,240946,0.0030906977032847394,7
SHV-HQ,S-1761,27751,30392,0,38109,40746,0,35270,37707,0,40359,42929,0,50243,52963,0,52283,55008,0,55454,58107,0,59716,62469,0,71912,74786,0,75540,78519,0,75441,78187,0,90257,93170,0,,672335,704983,0,1
SHV-HQ,S-1766,82721,89450,0,52746,60190,0,22142,26290,0,0,0,,0,0,,0,0,,0,0,,0,0,,0,0,,0,0,,0,0,,0,0,,,157609,175930,0,0
SHV-HQ,S-1780,108944,111430,0,109905,112310,0,122745,125240,0,137200,139950,0,140751,143360,0,112160,114570,0,91446,93640,0,71334,73290,0,76775,78830,0,73409,75380,0,82642,84720,0,85424,87550,0,,1212735,1240270,0,1
SHV-HQ,S-1784,60172,61786,0,60138,61857,0,45592,47026,0,63496,65211,0,55314,56883,0,53347,54917,0,48206,49687,0,52504,54065,0,46563,48091,0,45602,47093,0,48610,50152,0,53512,55126,0,,633056,651894,0,1
SHV-HQ,S-1786,114312,116978,0,104653,106960,0,112880,115161,0,130693,133238,0,124844,127231,0,116857,119199,0,101639,103777,0,102731,104819,0,110636,112820,0,113382,115560,0,125763,128080,0,122153,124455,0,,1380543,1408278,0,1
SHV-HQ,S-1787,451818,457650,0,449146,450370,0,424738,434770,0,416204,421630,0,391819,424463,0,313097,317240,0,301060,304930,0,311744,315790,0,345732,350170,0,363712,368430,0,334100,338379,0,395648,400661,0,,4498818,4584483,0,1
SHV-HQ,S18,0,0,,0,0,,0,0,,0,0,,0,0,,0,0,,0,0,,0,0,,0,0,,0,0,,0,0,,0,0,,,0,0,,0
SHV-HQ,S-1803,107823,109418,0,96672,98105,0,93114,94493,0,100521,102015,0,99690,101163,0,106242,107796,0,102163,103657,0,96763,98215,0,111698,113323,0,106071,107631,0,96122,97510,0,101646,103133,0,,1218525,1236459,0,1
SHV-HQ,S-181,584400,584420,0,625830,625850,0,695600,695610,0,769280,769320,0,787200,787230,0,768240,768270,0,661380,661430,0,728040,728080,0,692270,692330,0,631670,631700,0,651770,651800,0,536440,536470,0,,8132120,8132510,0,1
SHV-HQ,S-1811,171567,175970,0,411958,417640,0,483728,490310,0,528920,535550,0,597120,604750,0,625035,632880,0,592719,599970,0,598172,605380,0,685933,694010,0,698833,706830,0,634117,641300,0,747481,758329,0,,6775583,6862919,0,1
SHV-HQ,S-1812,87230,87350,0,76740,76850,0,116950,117100,0,170250,170450,0,190330,190560,0,292260,292590,0,131020,131200,0,161420,161620,0,166950,140860,0.15627433363282417,163510,189780,0,266700,267040,0,387310,387700,0,,2210670,2213100,0,1
SHV-HQ,S-1818,241990,241960,0.00012397206496139734,310960,310940,6.431695394903958e-05,294950,294930,6.780810306827867e-05,402090,402040,0.0001243502698400345,511560,511520,7.81921964188026e-05,613420,613360,9.781226565808154e-05,608630,608590,6.572137423388469e-05,681170,681130,5.872249218252801e-05,972130,972070,6.172014031047279e-05,1026100,1026030,6.821947178636822e-05,1064800,1064810,0,1441700,1441570,9.017132551847329e-05,,8169500,8168950,6.732358161454233e-05,1
SHV-HQ,S-1822,180206,183220,0,175870,178840,0,176462,179390,0,172107,175000,0,252692,256890,0,216334,219930,0,170497,173350,0,176401,179370,0,187846,191020,0,163736,166500,0,193484,196760,0,184184,187240,0,,2249819,2287510,0,1
SHV-HQ,S-1831,90126,91979,0,94224,96156,0,102324,104294,0,113433,115534,0,117389,119505,0,101059,103080,0,89687,91517,0,92305,94220,0,89013,90932,0,85323,87174,0,92375,94354,0,91092,92857,0,,1158350,1181602,0,1
SHV-HQ,S-1836,10437,11236,0,13179,13976,0,15092,15886,0,17396,18232,0,17447,18260,0,15465,16285,0,10620,11382,0,15066,15882,0,9918,10706,0,11726,12479,0,14569,15376,0,16157,16952,0,,167072,176652,0,1
SHV-HQ,S-1844,0,0,,0,0,,0,0,,0,0,,232,487,0,408,870,0,534,973,0,660,1116,0,539,996,0,636,1080,0,1053,1503,0,1763,2230,0,,5825,9255,0,1
SHV-HQ,S-1845,0,0,,15,15,0,93,93,0,101,103,0,189,192,0,79,80,0,41,43,0,154,155,0,3,13,0,0,0,,83,84,0,137,139,0,,895,917,0,1
SHV-HQ,S-1846,0,0,,14470,14530,0,11660,11710,0,62420,62590,0,81220,81430,0,138480,138660,0,147030,147170,0,164690,164830,0,186020,186270,0,218800,219000,0,217540,217760,0,247330,247650,0,,1489660,1491600,0,1
SHV-HQ,S-1866,0,0,,0,0,,0,0,,0,0,,0,0,,924638,939570,0,407351,413720,0,483046,490632,0,509841,517893,0,570877,579870,0,533663,542191,0,662396,673224,0,,4091812,4157100,0,1
SHV-HQ,S-1895,0,0,,0,0,,0,0,,0,0,,0,0,,0,0,,0,0,,0,0,,24475,27091,0,132382,135166,0,245273,249072,0,218176,221659,0,,620306,632988,0,1
SHV-HQ,S-1897,0,0,,0,0,,0,0,,0,0,,0,0,,0,0,,0,0,,0,0,,81264,83047,0,98611,100534,0,120247,122468,0,107493,109516,0,,407615,415565,0,1
SHV-HQ,S19,0,0,,0,0,,0,0,,0,0,,0,0,,0,0,,0,0,,0,0,,0,0,,0,0,,0,0,,0,0,,,0,0,,0
SHV-HQ,S-190,292758,278521,0.048630609581975515,284086,269837,0.050157346718951334,272471,262735,0.03573224306439948,284651,272698,0.04199177238091556,303784,291574,0.04019303189108048,313662,302680,0.035012210596119364,259118,248647,0.040410160621801694,253388,243192,0.04023868533632213,266651,257225,0.03534957678763628,268085,259586,0.031702631628028444,230825,221417,0.040758150113722524,275807,265827,0.03618472337540379,,3305286,3173939,0.03973846741250231,80
SHV-HQ,S-1904,0,0,,0,0,,0,0,,0,0,,0,0,,0,0,,0,0,,0,0,,0,0,,0,0,,0,0,,70090,70310,0,,70090,70310,0,1
SHV-HQ,S20,0,0,,0,0,,0,0,,0,0,,0,0,,0,0,,0,0,,0,0,,0,0,,0,0,,0,0,,0,0,,,0,0,,0
SHV-HQ,S204,0,0,,0,0,,0,0,,0,0,,0,0,,0,0,,0,0,,0,0,,0,0,,0,0,,0,0,,0,0,,,0,0,,0
SHV-HQ,S-22,151405,148036,0.02225157689640367,156691,153199,0.022285900275063608,136708,133621,0.022580975509845835,160190,156305,0.02425245021536926,172461,167844,0.02677127002626678,179748,175003,0.026398068406880748,157678,153730,0.02503836933497383,156178,152416,0.02408789970418368,149555,146102,0.02308849587108419,141833,138604,0.022766210966418288,157151,153258,0.024772352705359824,159197,155143,0.02546530399442204,,1878795,1833261,0.024235746848378925,85
SHV-HQ,S-23,132986,130617,0.01781390522310622,133792,132323,0.010979729729729715,142180,140440,0.012238008158672153,143386,141405,0.013815853709567172,146951,144954,0.013589563868228183,153651,151547,0.01369337003989557,135076,133722,0.010023986496490833,129728,128689,0.008009065120868297,147609,145989,0.010974940552405332,124640,123813,0.006635109114249027,150849,149143,0.011309322567600755,137894,136324,0.011385557022060455,,1678742,1658966,0.011780249734622661,86
SHV-HQ,S-24,203456,200949,0.012322074551745832,199033,196470,0.012877261559640862,194729,192148,0.013254317538733296,234663,231333,0.014190562636632098,238064,235364,0.011341488003225986,259093,256391,0.010428687768484712,227450,225367,0.009158056715761753,227724,227698,0.00011417329750051941,263037,260064,0.01130259241095355,146871,233741,0,169343,204023,0,234718,231451,0.013918830255881476,,2598181,2694999,0,59
SHV-HQ,S-246,1127330,1126630,0.0006209361943707581,1075800,1075280,0.0004833612195574988,1072890,1072220,0.0006244815405120896,1198400,1197840,0.00046728971962617383,1179690,1179080,0.0005170849969059477,1224870,1224240,0.0005143402973376565,1179120,1178540,0.0004918922586335528,1186960,1186380,0.0004886432567230425,1254290,1253690,0.0004783582744022352,1190510,1189900,0.0005123854482532719,999470,998940,0.0005302810489559162,1113220,1112690,0.00047609636909151654,,13802550,13795430,0.0005158467094847907,1
SHV-HQ,S-249,1464700,1464290,0.00027992080289473975,1485880,1485460,0.00028266078014371754,1414600,1414200,0.0002827654460625384,1548710,1548250,0.0002970213919971654,1736850,1736300,0.00031666522727924473,1664650,1664130,0.0003123779773526181,1467210,1466760,0.00030670456171921767,1500070,1499640,0.00028665328951316127,1535620,1535190,0.0002800171917531902,1473220,1472770,0.0003054533606657861,1286210,1285820,0.0003032164265555082,1336790,1336480,0.00023189880235485738,,17914510,17909290,0.0002913839117005823,1
SHV-HQ,S25,0,0,,0,0,,0,0,,0,0,,0,0,,0,0,,0,0,,0,0,,0,0,,0,0,,0,0,,0,0,,,0,0,,0
SHV-HQ,S-251,321350,324090,0,319730,315950,0.011822475213461359,316800,316280,0.0016414141414141659,320470,319930,0.0016850251193559762,333780,333220,0.0016777518125711266,364990,364350,0.0017534726978821746,323070,322530,0.0016714643885226144,310480,309970,0.0016426178819891613,304020,303540,0.001578843497138327,331070,330540,0.0016008699066663024,276950,276500,0.0016248420292471755,297550,297040,0.0017139976474541685,,3820260,3813940,0.0016543376628815887,1
SHV-HQ,S-26,61349,61630,0,55357,56128,0,52801,53315,0,60218,60902,0,65519,66092,0,75073,75498,0,58637,58975,0,56375,56883,0,58845,59164,0,65940,66783,0,52451,51624,0.015767096909496514,59963,60110,0,,722528,727104,0,14
SHV-HQ,S-268,114235,114302,0,139524,139603,0,175998,176098,0,212962,213085,0,231340,231470,0,241211,241348,0,198258,198369,0,200250,200368,0,211575,211699,0,219756,219896,0,250301,250458,0,233029,233172,0,,2428439,2429868,0,1
SHV-HQ,S-269,758880,760241,0,807100,808509,0,886551,888025,0,982729,984225,0,1082820,1084508,0,1129830,1131520,0,1045440,1047002,0,1143440,1145069,0,1110368,1112019,0,967731,969152,0,1122112,1123699,0,902768,904170,0,,11939769,11958139,0,1
SHV-HQ,S28,0,0,,0,0,,0,0,,0,0,,0,0,,0,0,,0,0,,0,0,,0,0,,0,0,,0,0,,0,0,,,0,0,,0
SHV-HQ,S29,0,0,,0,0,,0,0,,0,0,,0,0,,0,0,,0,0,,0,0,,0,0,,0,0,,0,0,,0,0,,,0,0,,0
SHV-HQ,S30,0,0,,0,0,,0,0,,0,0,,0,0,,0,0,,0,0,,0,0,,0,0,,0,0,,0,0,,0,0,,,0,0,,0
SHV-HQ,S31,0,0,,0,0,,0,0,,0,0,,0,0,,0,0,,0,0,,0,0,,0,0,,0,0,,0,0,,0,0,,,0,0,,0
SHV-HQ,S-316,270890,270870,7.383070619071397e-05,262130,262110,7.629802006636766e-05,269160,269130,0.00011145786892552412,290780,290760,6.878052135639301e-05,303320,303280,0.00013187392852431756,282750,282720,0.0001061007957560145,275510,275500,3.6296323182472e-05,274780,274740,0.00014557100225631725,245150,245130,8.158270446667615e-05,244570,244550,8.177617859916886e-05,277180,277160,7.215527815862544e-05,256020,255990,0.00011717834544178185,,3252240,3251940,9.224411482544603e-05,1
SHV-HQ,S-32,379670,379500,0.00044775726288615036,353210,353060,0.0004246765380369055,356770,356610,0.00044846820080168825,382400,382210,0.0004968619246862316,376480,376280,0.0005312367190820622,332550,332380,0.0005112013231093337,309840,309700,0.0004518461141234109,332100,331930,0.0005118940078289169,280400,280200,0.0007132667617688604,266640,266590,0.00018751875187517086,306610,306470,0.0004566061119989362,320720,320600,0.0003741581441756292,,3997390,3995530,0.0004653036106059272,1
SHV-HQ,S-326,272893,272970,0,258894,258969,0,302503,306414,0,388006,394104,0,455790,462690,0,389808,395798,0,351809,357409,0,386996,393136,0,425307,431810,0,385950,392018,0,397587,403861,0,408024,414334,0,,4423567,4483513,0,1
SHV-HQ,S-327,314580,314540,0.00012715366520443805,342910,342850,0.00017497302499203116,373360,373250,0.00029462181272765786,301000,294290,0.022292358803986723,347550,352930,0,412360,411910,0.0010912794645455692,351960,351590,0.0010512558245254766,279420,279090,0.0011810178226325796,264970,264640,0.0012454240102652836,240050,239640,0.001707977504686542,219870,219630,0.0010915541001500495,421950,421560,0.000924280127977295,,3869980,3865920,0.0010491010289458425,1
SHV-HQ,S-33,260892,252379,0.03263036045566747,280103,269899,0.036429456307144115,291379,279752,0.03990335611008344,307714,295116,0.04094061368673507,351095,335139,0.04544638915393273,336391,322104,0.042471409758287226,265251,256721,0.03215821995016044,275260,264647,0.03855627406815376,289646,278148,0.03969673325369594,266797,257050,0.036533394303534195,291537,281132,0.035690152536384745,266288,256763,0.035769542750705985,,3482353,3348850,0.03833700948755048,473
SHV-HQ,S-34,211928,205955,0.028184100260465805,200360,196327,0.020128768217208992,190385,185289,0.02676681461249575,219306,214409,0.022329530427804056,258989,252495,0.025074424010286145,230643,224456,0.026825006611950086,216803,210155,0.030663782327735367,209230,205090,0.019786837451608252,223919,218005,0.026411336242123218,217440,209558,0.0362490802060339,229720,225438,0.018640083580010458,238418,231554,0.028789772584284723,,2647141,2578731,0.025842975496960685,164
SHV-HQ,S-344,430470,430180,0.0006736822542802168,433040,432750,0.0006696840938481552,542320,541940,0.0007006933175984775,693030,692530,0.0007214694890552709,1039630,1038860,0.0007406481151948086,839650,839040,0.0007264931816828302,663450,662990,0.0006933453915141108,614060,613650,0.0006676871966908582,625710,625270,0.0007032011634783286,523140,522760,0.0007263829949917255,684210,683740,0.000686923605325851,833960,833380,0.0006954770012950195,,7922670,7917090,0.0007043080173729788,1
SHV-HQ,S-35,243118,235089,0.033025115376072556,241047,232808,0.03418005617161801,222163,214305,0.035370426218587214,266030,253991,0.04525429462842534,266787,257819,0.03361483130737253,267196,256732,0.03916226290812741,233407,224521,0.03807083763554653,237864,228957,0.037445767329230106,241984,231863,0.041825079344088856,219199,210444,0.039940875642680895,237697,227602,0.04247003538117855,241756,231451,0.042625622528499774,,2918248,2805582,0.03860741102195564,277
SHV-HQ,S-36,349500,339003,0.030034334763948456,354000,343181,0.03056214689265535,351600,340649,0.031146188850966983,369900,358543,0.030702892673695636,346500,407524,0,243000,370465,0,346500,336450,0.029004329004329032,346200,336908,0.02683997689196993,383100,370894,0.03186113286348213,341700,331595,0.029572724612232926,363300,352372,0.030079823837049324,351600,339686,0.03388509670079631,,4146900,4227270,0,318
SHV-HQ,S362,0,0,,0,0,,0,0,,0,0,,0,0,,0,0,,0,0,,0,0,,0,0,,0,0,,0,0,,0,0,,,0,0,,0
SHV-HQ,S-362,0,0,,0,0,,0,0,,636510,636440,0.00010997470581763924,642610,642530,0.00012449230481936802,645670,645580,0.00013939009091334942,587150,587070,0.00013625138380313206,608890,608820,0.00011496329386262438,607720,607650,0.00011518462449811029,601750,601670,0.00013294557540510787,644350,644270,0.00012415612632887818,549350,549290,0.00010921998725765825,,5524000,5523320,0.00012309920347575165,1
SHV-HQ,S37,0,0,,0,0,,0,0,,0,0,,0,0,,0,0,,0,0,,0,0,,0,0,,0,0,,0,0,,0,0,,,0,0,,0
SHV-HQ,S-404,0,0,,0,0,,0,0,,0,0,,0,0,,0,0,,0,0,,0,0,,0,0,,0,0,,0,0,,0,0,,,0,0,,1
SHV-HQ,S-407,440720,440990,0,501140,501450,0,638590,639000,0,725580,726070,0,827800,828380,0,893180,893730,0,786570,787040,0,878300,878830,0,883850,884390,0,874740,875260,0,924050,924640,0,903230,903790,0,,9277750,9283570,0,1
SHV-HQ,S-418,12870,12900,0,14050,14080,0,13860,13890,0,16670,16710,0,12830,12860,0,13170,13210,0,11580,11590,0,8110,8140,0,2060,2060,0,2220,2230,0,270,270,0,0,0,,,107690,107940,0,1
SHV-HQ,S42,0,0,,0,0,,0,0,,0,0,,0,0,,0,0,,0,0,,0,0,,0,0,,0,0,,0,0,,0,0,,,0,0,,0
SHV-HQ,S43,0,0,,0,0,,0,0,,0,0,,0,0,,0,0,,0,0,,0,0,,0,0,,0,0,,0,0,,0,0,,,0,0,,0
SHV-HQ,S433,0,0,,0,0,,0,0,,0,0,,0,0,,0,0,,0,0,,0,0,,0,0,,0,0,,0,0,,0,0,,,0,0,,0
SHV-HQ,S-45,196998,197031,0,190904,190924,0,193140,193158,0,187874,187896,0,171289,171303,0,168072,168093,0,170241,170276,0,194688,194725,0,173748,173785,0,166881,166912,0,216286,216328,0,171783,171812,0,,2201904,2202243,0,1
SHV-HQ,S-47,0,0,,0,0,,0,0,,0,0,,0,0,,0,0,,0,0,,0,0,,0,0,,0,0,,0,0,,0,0,,,0,0,,1
SHV-HQ,S-473,562080,562040,7.11642470823115e-05,553160,553120,7.231180851829944e-05,576920,576880,6.933370311312803e-05,604400,604370,4.9636002647290844e-05,693190,693140,7.213029616703892e-05,853220,853160,7.032183961930283e-05,729370,729340,4.1131387361725835e-05,753970,753940,3.978938154036715e-05,828330,828280,6.036241594531422e-05,767380,767340,5.2125413745440774e-05,743070,743040,4.0373046953812164e-05,784170,784100,8.926635806016936e-05,,8449260,8448750,6.036031557787869e-05,1
SHV-HQ,S-481,205250,205280,0,208510,208540,0,230230,230270,0,286330,286380,0,303090,303160,0,278760,278800,0,221990,222020,0,260280,260330,0,258030,258070,0,268290,268330,0,305150,305200,0,270000,270030,0,,3095910,3096410,0,1
SHV-HQ,S-483,1180,1180,0,1240,1240,0,151280,151160,0.0007932310946588972,199840,199680,0.0008006405124099114,251660,251460,0.0007947230390209503,227160,226980,0.0007923930269413404,255120,254910,0.0008231420507995857,298740,298500,0.0008033741715204323,316070,315810,0.000822602588034349,284380,284140,0.0008439412054294104,349560,349280,0.000801006980203689,300440,300220,0.0007322593529489607,,2636670,2634560,0.0008002518328042996,1
SHV-HQ,S-489,0,0,,0,0,,0,0,,0,0,,0,0,,439241,439258,0,420949,420973,0,399251,399273,0,421445,421467,0,388879,388902,0,351670,351695,0,333676,333699,0,,2755111,2755267,0,1
SHV-HQ,S-497,147730,147690,0.00027076423204497324,137360,137340,0.00014560279557362943,140570,140560,7.113893433874363e-05,179880,179880,0,201370,201350,9.931966032672435e-05,235850,235840,4.239983040066342e-05,231680,231710,0,211860,211820,0.0001888039271217279,235220,235230,0,218120,218120,0,216180,216180,0,204450,204420,0.00014673514306673408,,2360270,2360140,5.5078444415213035e-05,1
SHV-HQ,S498,0,0,,0,0,,0,0,,0,0,,0,0,,0,0,,0,0,,0,0,,0,0,,0,0,,0,0,,0,0,,,0,0,,0
SHV-HQ,S-505,10740,10640,0.009310986964618295,8040,8030,0.0012437810945273853,8930,8930,0,22260,22260,0,32680,32670,0.0003059975520195435,59010,58990,0.0003389256058294876,61520,61500,0.00032509752925879987,98800,98770,0.00030364372469637857,166460,166420,0.00024029796948210613,238620,238560,0.00025144581342717576,259040,258980,0.00023162445954294508,376690,376610,0.0002123762244816696,,1342790,1342360,0.0003202287773963475,1
SHV-HQ,S-507,0,0,,10192,12258,0,16652,18089,0,63279,64537,0,66425,68117,0,62066,63956,0,41769,43295,0,38526,39845,0,36994,38817,0,26450,27923,0,35128,36708,0,38327,39718,0,,435808,453263,0,1
SHV-HQ,S-509,622450,622690,0,604090,604260,0,663790,664090,0,800280,800600,0,786020,786350,0,541850,542050,0,187250,187320,0,167940,168020,0,166040,166110,0,160740,160800,0,181780,181850,0,176170,176230,0,,5058400,5060370,0,1
SHV-HQ,S-53,75536,75686,0,80515,80675,0,98365,98540,0,97935,98074,0,97606,97748,0,102371,102556,0,81022,81221,0,78938,79124,0,36773,36882,0,55944,56101,0,63683,63842,0,64838,64999,0,,933526,935448,0,1
SHV-HQ,S-547,319700,319880,0,323670,323760,0,300850,300990,0,399780,399960,0,382710,382880,0,456190,456410,0,434520,434700,0,497960,498190,0,460030,460290,0,429120,429250,0,417380,417580,0,406490,406670,0,,4828400,4830560,0,1
SHV-HQ,S-56,12800,12900,0,12600,12800,0,11100,11300,0,11500,11800,0,12900,13100,0,11300,11500,0,10800,10900,0,10800,11100,0,11800,12100,0,12800,12900,0,9900,10100,0,10100,10300,0,,138400,140800,0,1
SHV-HQ,S-568,26390,26380,0.00037893141341416303,25720,25720,0,28260,28250,0.00035385704175516786,30120,30120,0,29220,29230,0,22680,22690,0,22840,22860,0,32220,32270,0,31280,31310,0,25290,17790,0.2965599051008304,23710,31150,0,28230,28150,0.002833864682961429,,325960,325920,0.00012271444348999072,1
SHV-HQ,S-57,15394,16451,0,16869,17911,0,16356,17347,0,17167,18439,0,18113,19030,0,18520,19822,0,14917,15952,0,15015,16067,0,16437,17527,0,13747,14956,0,14397,15286,0,17476,18587,0,,194408,207375,0,1
SHV-HQ,S-582,0,0,,0,0,,0,0,,0,0,,0,0,,0,0,,0,0,,0,0,,0,0,,0,0,,0,0,,0,0,,,0,0,,1
SHV-HQ,S-59,201771,201506,0.0013133701076963877,215749,215468,0.0013024394087574054,231314,231049,0.001145628885411143,237969,237696,0.001147208249814069,314563,314231,0.0010554324570912765,257307,256998,0.0012009000921078261,175369,175142,0.0012944134938329688,183206,182964,0.0013209174372018628,192039,191786,0.001317440728185404,178243,178010,0.0013072042099829817,205740,205468,0.0013220569651015701,227941,227665,0.0012108396471016691,,2621211,2617983,0.0012314918562450483,1
SHV-HQ,S-599,784807,784849,0,691359,691406,0,679128,684425,0,758467,768775,0,782818,793689,0,785543,796850,0,795287,806832,0,843303,855359,0,880774,893412,0,931731,945134,0,769737,780690,0,874223,886827,0,,9577177,9688248,0,1
SHV-HQ,S-607,365947,371290,0,310139,314670,0,300859,305290,0,479579,487740,0,568198,577440,0,561596,570600,0,529655,538020,0,515089,523150,0,616143,625850,0,618612,620050,0,521977,538130,0,292577,297710,0,,5680371,5769940,0,1
SHV-HQ,S-614,1520,1520,0,1530,1530,0,1380,1380,0,1550,1550,0,1570,1570,0,1480,1480,0,1460,1460,0,1510,1510,0,1510,1510,0,1590,1580,0.0062893081761006275,1200,1210,0,1410,1400,0.007092198581560294,,17710,17700,0.0005646527385657629,1
SHV-HQ,S-62,7940,7940,0,0,0,,0,61110,0,80780,80730,0.0006189650903688504,246250,246100,0.0006091370558375386,159150,159060,0.0005655042412817668,210120,209970,0.0007138777841233512,191670,191470,0.0010434601137371269,48130,48070,0.0012466237274049163,11420,11410,0.0008756567425569628,0,0,,0,0,,,955460,1015860,0,1
SHV-HQ,S--62,0,0,,0,0,,0,0,,0,0,,0,0,,0,0,,0,0,,0,0,,0,0,,0,0,,0,0,,0,0,,,0,0,,0
SHV-HQ,S-632,848500,849090,0,777340,777880,0,639490,639830,0,699130,699530,0,742280,742700,0,844320,844810,0,660020,660390,0,659290,659650,0,633040,633340,0,710730,711100,0,635609,635930,0,701661,701950,0,,8551410,8556200,0,1
SHV-HQ,S-64,83431,85990,0,86936,89520,0,93913,96440,0,95304,97960,0,98850,101500,0,87675,90340,0,71220,73570,0,57936,74530,0,49981,70470,0,77655,80430,0,72081,74690,0,80915,83550,0,,955897,1018990,0,1
SHV-HQ,S-674,1731930,1731160,0.0004445907167148766,1567390,1567040,0.0002233011566999954,1502600,1495500,0.004725143085318795,1564160,1553070,0.007090067512274922,1722010,1709590,0.007212501669560556,1580760,1569610,0.007053569169260365,1455970,1445600,0.007122399499989718,1412820,1398760,0.00995172775017339,1478350,1471760,0.004457672405046131,1508630,1497890,0.007119041779627855,1463020,1452470,0.007211111263003889,1675760,1663680,0.0072086694992122835,,18663400,18556130,0.005747612975127825,1
SHV-HQ,S-678,906020,906300,0,872170,872400,0,836550,836780,0,983350,983650,0,1044500,1044840,0,1002860,1003180,0,1030910,1031230,0,975910,976190,0,1067110,1067440,0,1150640,1151000,0,955990,956270,0,1016300,1016600,0,,11842310,11845880,0,1
SHV-HQ,S-695,0,0,,0,0,,0,0,,0,0,,0,0,,0,0,,0,0,,0,0,,0,0,,0,0,,0,0,,0,0,,,0,0,,1
SHV-HQ,S-704,846540,846250,0.0003425709358092499,841780,841530,0.00029698971227631876,898560,898330,0.0002559650997151497,1094920,1094710,0.00019179483432574251,1071940,1071780,0.0001492620855645388,1044750,1044690,5.743000717872704e-05,919860,919700,0.00017393951253452666,951320,951180,0.0001471639406298575,1012270,1012140,0.00012842423464098918,1078750,1078600,0.00013904982618773154,1239560,1239150,0.00033076252863917244,1145860,1144540,0.0011519731904421349,,12146110,12142600,0.0002889814105092592,1
SHV-HQ,S-711,283310,283970,0,277140,277790,0,272310,272950,0,316440,317220,0,334660,335450,0,343440,344270,0,315840,316640,0,289280,290010,0,322310,323100,0,308410,309190,0,265800,266500,0,307940,308640,0,,3636880,3645730,0,1
SHV-HQ,S-72,160821,159015,0.011229876695207697,155176,153515,0.010703974841470343,152537,150672,0.012226541757081932,176780,174338,0.013813779839348395,191974,188890,0.01606467542479706,198648,195620,0.015243042970480403,157618,155599,0.012809450697255365,153005,151329,0.010953890395738686,182241,179856,0.013087066027951955,159103,157202,0.011948234791298695,168191,166149,0.012140958790898493,171427,169248,0.012710949850373576,,2027521,2001433,0.01286694441142655,194
SHV-HQ,S-73,59025,58520,0.008555696738670071,61029,60414,0.01007717642432282,64438,63769,0.010382072690027666,71292,70586,0.00990293441059309,91330,90319,0.011069747071061009,93842,92877,0.010283242045139751,73735,73033,0.009520580457042072,74456,73772,0.00918663371655748,79910,79186,0.009060192716806359,78485,77775,0.009046314582404236,89718,88936,0.00871619964778525,97262,96428,0.008574777405358724,,934522,925615,0.009531075779917408,108
SHV-HQ,S-748,2205,2205,0,2233,2232,0.0004478280340349805,2089,2090,0,2510,2450,0.0239043824701195,3233,3292,0,3113,3112,0.00032123353678126243,2081,2081,0,2186,2085,0.04620311070448302,2124,0,1,2064,4128,0,2107,2164,0,2076,2076,0,,28021,27915,0.0037828771278684004,1
SHV-HQ,S-787,237810,237840,0,223290,223320,0,316440,316480,0,364220,364280,0,380170,380220,0,351060,351110,0,309430,309460,0,334870,334900,0,315450,315490,0,323240,323280,0,383570,383640,0,309130,309170,0,,3848680,3849190,0,1
SHV-HQ,S-808,103810,103830,0,77480,77510,0,60030,60040,0,77500,77520,0,82120,82140,0,95080,95120,0,84380,84400,0,82130,82150,0,98910,98960,0,124720,124750,0,186660,186730,0,277190,277270,0,,1350010,1350420,0,1
SHV-HQ,S-830,13513,13510,0.00022200843632058653,12508,12505,0.00023984649824115856,7787,7786,0.00012841916013872634,13686,13682,0.00029226947245364343,16667,16663,0.00023999520009598818,15748,15744,0.0002540005080010621,10569,10566,0.0002838489923360221,7808,7807,0.00012807377049184332,19492,19487,0.0002565154935357805,28178,28170,0.0002839094328909164,30068,30060,0.0002660635891977847,51366,51349,0.00033095822139161957,,227390,227329,0.0002682615770263075,1
SHV-HQ,S-858,0,0,,0,0,,0,0,,0,0,,0,0,,0,0,,0,0,,0,0,,0,0,,0,0,,0,0,,0,0,,,0,0,,0
SHV-HQ,S-859,213900,213793,0.0005002337540906954,233794,233677,0.0005004405587825111,214712,214610,0.000475054957338239,236400,236272,0.0005414551607445528,242099,241969,0.0005369704129302155,233891,233772,0.0005087840062251159,199195,199108,0.00043675795075182045,211150,211035,0.0005446365143263465,214294,214175,0.0005553118612746655,190543,190445,0.000514319602399449,221453,221343,0.0004967193941829429,195791,195697,0.0004801037841372091,,2607222,2605896,0.0005085873009663677,1
SHV-HQ,S-882,71810,71840,0,67200,67230,0,59050,59050,0,66300,66310,0,66750,66750,0,69040,69040,0,69550,69560,0,76010,76020,0,77340,77350,0,79570,79590,0,104050,104080,0,124240,124280,0,,930910,931100,0,1
SHV-HQ,S-886,105776,105915,0,117182,117335,0,112119,112256,0,198391,198560,0,222649,222818,0,200833,201000,0,173764,173908,0,210404,210564,0,216972,217134,0,200103,200254,0,223796,223974,0,186842,186989,0,,2168831,2170707,0,1
SHV-HQ,S-905,53293,53303,0,49796,49804,0,48949,48958,0,60136,60146,0,88111,88126,0,107171,107192,0,97446,97458,0,100601,100626,0,116481,116506,0,117584,117609,0,102279,102301,0,114395,114417,0,,1056242,1056446,0,1
SHV-HQ,S-920,175983,175908,0.00042617752851126234,184310,184235,0.00040692311865875297,179356,179276,0.0004460402774369987,165070,165006,0.00038771430302297905,161500,161431,0.00042724458204335125,194447,194365,0.0004217087432565325,183629,183545,0.00045744408562919947,197554,197466,0.0004454478269232398,222336,222232,0.00046776050662056257,227231,227124,0.00047088645475312774,243558,243448,0.000451637802905247,236809,236718,0.00038427593545853345,,2371783,2370754,0.00043385082024793853,1
SHV-HQ,S-923,808590,808340,0.00030918017784042906,842270,842020,0.00029681693518701646,789070,788840,0.0002914823779892606,896880,896580,0.0003344929087503168,876480,876170,0.00035368747718145244,864480,864170,0.0003585970756987411,782060,781800,0.00033245531033421205,733120,732860,0.0003546486250545211,784660,784370,0.00036958682741572435,782380,782110,0.0003451008461361482,735060,734800,0.0003537126220988229,879350,879100,0.0002843009040768285,,9774400,9771160,0.00033147814699618916,1
SHV-HQ,S-944,136730,137294,0,126929,127437,0,131955,132461,0,123086,123561,0,165384,166039,0,146214,146794,0,128520,129001,0,114758,115183,0,123227,123691,0,116698,117146,0,121440,121919,0,122456,122948,0,,1557397,1563474,0,1
SHV-HQ,S-953,529077,536860,0,509327,516960,0,482376,489370,0,521782,529460,0,604220,612980,0,595022,603680,0,537794,545710,0,504419,511860,0,563906,572100,0,534735,542540,0,487588,494680,0,519502,527060,0,,6389748,6483260,0,1
SHV-HQ,Sx31,0,0,,0,0,,0,0,,0,0,,0,0,,0,0,,0,0,,0,0,,0,0,,0,0,,0,0,,0,0,,,0,0,,0
SHV-HQ,Sx32,0,0,,0,0,,0,0,,0,0,,0,0,,0,0,,0,0,,0,0,,0,0,,0,0,,0,0,,0,0,,,0,0,,0
SHV-HQ,Sx33,0,0,,0,0,,0,0,,0,0,,0,0,,0,0,,0,0,,0,0,,0,0,,0,0,,0,0,,0,0,,,0,0,,0
SHV-HQ,Sx34,0,0,,0,0,,0,0,,0,0,,0,0,,0,0,,0,0,,0,0,,0,0,,0,0,,0,0,,0,0,,,0,0,,0
SHV-HQ,Sx35,0,0,,0,0,,0,0,,0,0,,0,0,,0,0,,0,0,,0,0,,0,0,,0,0,,0,0,,0,0,,,0,0,,0
SHV-HQ,Sx36,0,0,,0,0,,0,0,,0,0,,0,0,,0,0,,0,0,,0,0,,0,0,,0,0,,0,0,,0,0,,,0,0,,0
SHV-HQ,Sx37,0,0,,0,0,,0,0,,0,0,,0,0,,0,0,,0,0,,0,0,,0,0,,0,0,,0,0,,0,0,,,0,0,,0
SHV-HQ,Sx40,0,0,,0,0,,0,0,,0,0,,0,0,,0,0,,0,0,,0,0,,0,0,,0,0,,0,0,,0,0,,,0,0,,0
SHV-HQ,Sx41,0,0,,0,0,,0,0,,0,0,,0,0,,0,0,,0,0,,0,0,,0,0,,0,0,,0,0,,0,0,,,0,0,,0
SHV-HQ,Sx41A,0,0,,0,0,,0,0,,0,0,,0,0,,0,0,,0,0,,0,0,,0,0,,0,0,,0,0,,0,0,,,0,0,,0
SHV-HQ,Sx42,0,0,,0,0,,0,0,,0,0,,0,0,,0,0,,0,0,,0,0,,0,0,,0,0,,0,0,,0,0,,,0,0,,0
SHV-HQ,Sx43,0,0,,0,0,,0,0,,0,0,,0,0,,0,0,,0,0,,0,0,,0,0,,0,0,,0,0,,0,0,,,0,0,,0
SHV-HQ,UDP01,0,0,,0,0,,0,0,,0,0,,0,0,,0,0,,0,0,,0,0,,0,0,,0,0,,0,0,,0,0,,,0,0,,0
SHV-HQ,UDP-01,1708960,1708260,0.0004096058421496629,1799820,1799100,0.0004000400040004015,1876170,1875350,0.00043706060751425024,2242610,2241800,0.0003611862963244228,2190620,2189780,0.00038345308634080144,1979480,1978710,0.0003889910481540415,1820110,1819390,0.0003955804868936985,2220120,2219230,0.00040087923175324836,2130540,2129700,0.0003942662423610521,1005250,1004930,0.0003183287739367824,3500070,3580950,0,2661330,2587980,0.027561407266291638,,25135080,25135180,0,1
