Unnamed: 0,Unnamed: 1,January,Unnamed: 3,Unnamed: 4,February,Unnamed: 6,Unnamed: 7,March,Unnamed: 9,Unnamed: 10,April,Unnamed: 12,Unnamed: 13,May,Unnamed: 15,Unnamed: 16,June,Unnamed: 18,Unnamed: 19,July,Unnamed: 21,Unnamed: 22,August,Unnamed: 24,Unnamed: 25,September,Unnamed: 27,Unnamed: 28,October,Unnamed: 30,Unnamed: 31,November,Unnamed: 33,Unnamed: 34,December,Unnamed: 36,Unnamed: 37,Unnamed: 38,Accumulate for Year 2024,Unnamed: 40,Unnamed: 41,Unnamed: 42
Region,Cabin,Total kWh,Sales kWh,Losses,Total kWh,Sales kWh,Losses,Total kWh,Sales kWh,Losses,Total kWh,Sales kWh,Losses,Total kWh,Sales kWh,Losses,Total kWh,Sales kWh,Losses,Total kWh,Sales kWh,Losses,Total kWh,Sales kWh,Losses,Total kWh,Sales kWh,Losses,Total kWh,Sales kWh,Losses,Total kWh,Sales kWh,Losses,Total kWh,Sales kWh,Losses,,Total kWh,Sales kWh,Losses,Consumer
SVR-KR,,0,0,,0,0,,0,0,,0,0,,0,0,,0,0,,0,0,,0,0,,0,0,,0,0,,0,0,,0,0,,,0,0,,0
SVR-HQ,-,0,0,,0,0,,0,0,,0,0,,0,0,,0,0,,0,0,,0,0,,0,0,,0,0,,0,0,,0,0,,,0,0,,0
SVR-BV,58,0,0,,0,0,,0,0,,0,0,,0,0,,0,0,,0,0,,0,0,,0,0,,0,0,,0,0,,0,0,,,0,0,,0
SVR-KR,8,0,0,,0,0,,0,0,,0,0,,0,0,,0,0,,0,0,,0,0,,0,0,,0,0,,0,0,,0,0,,,0,0,,0
SVR-HQ,100B,0,0,,0,0,,0,0,,0,0,,0,0,,0,0,,0,0,,0,0,,0,0,,0,0,,0,0,,0,0,,,0,0,,0
SVR-BV,101B,0,0,,0,0,,0,0,,0,0,,0,0,,0,0,,0,0,,0,0,,0,0,,0,0,,0,0,,0,0,,,0,0,,0
SVR-BV,102,0,0,,0,0,,0,0,,0,0,,0,0,,0,0,,0,0,,0,0,,0,0,,0,0,,0,0,,0,0,,,0,0,,0
SVR-BV,110,0,0,,0,0,,0,0,,0,0,,0,0,,0,0,,0,0,,0,0,,0,0,,0,0,,0,0,,0,0,,,0,0,,0
SVR-BV,111,0,0,,0,0,,0,0,,0,0,,0,0,,0,0,,0,0,,0,0,,0,0,,0,0,,0,0,,0,0,,,0,0,,0
SVR-BV,111C,0,0,,0,0,,0,0,,0,0,,0,0,,0,0,,0,0,,0,0,,0,0,,0,0,,0,0,,0,0,,,0,0,,0
SVR-BV,111I,0,0,,0,0,,0,0,,0,0,,0,0,,0,0,,0,0,,0,0,,0,0,,0,0,,0,0,,0,0,,,0,0,,0
SVR-BV,113,0,0,,0,0,,0,0,,0,0,,0,0,,0,0,,0,0,,0,0,,0,0,,0,0,,0,0,,0,0,,,0,0,,0
SVR-HQ,113B,0,0,,0,0,,0,0,,0,0,,0,0,,0,0,,0,0,,0,0,,0,0,,0,0,,0,0,,0,0,,,0,0,,0
SVR-HQ,117A,0,13609,0,0,14089,0,0,13299,0,0,15049,0,0,16309,0,19700,16811,0.1466497461928934,17640,14913,0.1545918367346939,16940,14575,0.13961038961038963,18880,15973,0.15397245762711864,19720,16613,0.15755578093306288,16860,14291,0.15237247924080666,17900,15108,0.1559776536312849,,127640,180639,0,216
SVR-HQ,119B,0,3540,0,0,3747,0,0,3623,0,0,4531,0,0,5362,0,4631,4382,0.05376808464694449,4237,4026,0.04979938635827241,3616,3453,0.04507743362831862,4278,4073,0.04791958859280032,4845,4580,0.054695562435500555,3706,3536,0.04587155963302747,3930,3739,0.048600508905852435,,29243,48592,0,62
SVR-HQ,121A,0,10102,0,0,9918,0,0,9778,0,0,11739,0,0,11125,0,11335,10717,0.054521393912659866,10748,10208,0.05024190547078522,12348,11694,0.05296404275996114,11786,11173,0.052010860342779575,12354,11670,0.05536668285575519,11830,11178,0.05511411665257815,10690,10114,0.05388213283442467,,81091,129416,0,137
SVR-BV,124C,0,0,,0,0,,0,0,,0,0,,0,0,,0,0,,0,0,,0,0,,0,0,,0,0,,0,0,,0,0,,,0,0,,0
SVR-BV,129E,0,0,,0,0,,0,0,,0,0,,0,0,,0,0,,0,0,,0,0,,0,0,,0,0,,0,0,,0,0,,,0,0,,0
SVR-BV,139C,0,0,,0,0,,0,0,,0,0,,0,0,,0,0,,0,0,,0,0,,0,0,,0,0,,0,0,,0,0,,,0,0,,0
SVR-HQ,141A,0,6181,0,0,6994,0,0,6877,0,0,8050,0,0,10129,0,8388,8126,0.031235097758702923,7051,6851,0.02836477095447454,7739,7519,0.0284274454063832,7964,7720,0.030637870416875934,7913,7668,0.03096170858081637,7322,7030,0.03987981425839937,7462,7318,0.019297775395336392,,53839,90463,0,96
SVR-HQ,142A,0,8214,0,0,9021,0,0,8413,0,0,8776,0,0,10614,0,10952,9289,0.15184441197954712,9793,8364,0.14592055549882565,10605,9015,0.1499292786421499,10510,8918,0.1514747859181732,10426,8826,0.15346249760214847,10281,8719,0.1519307460363778,10153,8538,0.15906628582684923,,72720,106707,0,111
SVR-HQ,143A,0,12105,0,0,13057,0,0,12737,0,0,13489,0,0,16806,0,0,14263,0,14280,12809,0.10301120448179268,16000,14349,0.10318749999999999,16220,14437,0.10992601726263873,16980,15142,0.10824499411071853,16160,14371,0.11070544554455441,15500,13800,0.10967741935483866,,95140,167365,0,188
SVR-HQ,144A,0,22638,0,0,23156,0,0,23027,0,0,32487,0,0,25585,0,0,25601,0,51097,22763,0.5545139636377869,24360,23078,0.05262725779967159,24811,23491,0.05320220869775505,27122,25561,0.05755475259936582,22117,21179,0.04241081521001944,19089,18382,0.03703703703703709,,168596,286948,0,160
SVR-HQ,145A,0,15751,0,0,15990,0,0,15921,0,0,19867,0,0,16759,0,705670,17131,0.9757237802372214,16463,16087,0.022839093725323445,17216,16824,0.022769516728624484,16784,16393,0.023295996186844636,17918,17473,0.024835361089407315,16968,16522,0.026284771334276313,15973,15574,0.02497965316471551,,806992,200292,0.7518042310208776,123
SVR-HQ,146A,0,14187,0,0,14638,0,0,14344,0,0,17752,0,0,15514,0,16913,15121,0.1059539998817478,15557,14020,0.09879796876004376,16553,14847,0.10306288890231374,16118,14452,0.10336270008685944,18271,16207,0.11296590224946634,16687,14944,0.10445256786720203,15894,14192,0.10708443437775261,,115993,180218,0,219
SVR-HQ,147A,0,30804,0,0,30561,0,0,30744,0,0,41924,0,0,35189,0,35155,33828,0.03774711989759638,33007,32016,0.03002393431696304,35795,34488,0.03651347953624806,16194,35945,0,59695,37178,0.37720077058380097,36184,34819,0.03772385584788862,34552,33359,0.03452766844176891,,250582,410855,0,293
SVR-HQ,147B,0,0,,0,0,,0,0,,0,0,,0,0,,0,0,,0,0,,0,0,,0,0,,0,0,,0,0,,0,0,,,0,0,,0
SVR-HQ,148A,0,31276,0,0,31760,0,0,31965,0,0,41286,0,0,35661,0,38491,36603,0.049050427372632543,34423,32722,0.0494146355634314,36051,34193,0.051538098804471466,36949,35080,0.05058323635281059,39644,37412,0.056301079608515825,31553,29499,0.0650968212214369,28157,26675,0.05263344816564264,,245268,404132,0,347
SVR-HQ,149A,0,10876,0,0,11311,0,0,11274,0,0,14484,0,0,12876,0,12429,11572,0.06895164534556275,12127,11338,0.06506143316566337,12264,11442,0.06702544031311153,12901,12000,0.069839547321913,12622,11688,0.07399778165108539,12830,11927,0.07038191738113797,11217,10456,0.06784345190336094,,86390,141244,0,124
SVR-KR,15,0,0,,0,0,,0,0,,0,0,,0,0,,0,0,,0,0,,0,0,,0,0,,0,0,,0,0,,0,0,,,0,0,,0
SVR-HQ,150A,0,15988,0,0,15511,0,0,15647,0,0,20430,0,0,17893,0,18849,18007,0.044670804817231735,16727,16031,0.0416093740658815,17275,16544,0.04231548480463099,17448,16693,0.04327143512150389,18200,17420,0.042857142857142816,17565,16829,0.041901508682038124,16679,15947,0.04388752323280776,,122743,202940,0,167
SVR-HQ,151A,0,19853,0,0,20152,0,0,20764,0,0,27530,0,0,23456,0,24719,23455,0.05113475464217809,22236,21134,0.04955927325058462,23772,22572,0.05047955577990915,23386,22196,0.050885144958522144,27065,25539,0.05638278219102166,24504,23160,0.0548481880509305,22825,21572,0.05489594742606796,,168507,271383,0,286
SVR-HQ,152A,0,14277,0,0,14813,0,0,14722,0,0,19169,0,0,16428,0,17293,16308,0.05695946336668012,15238,14353,0.05807848799054993,16182,15244,0.05796564083549627,15920,15003,0.05760050251256277,17492,16432,0.060599131031328635,16379,15404,0.05952744367788021,15304,14411,0.05835075797177214,,113808,186564,0,257
SVR-HQ,153A,0,27097,0,0,28122,0,0,27610,0,0,35698,0,0,32379,0,32589,30744,0.05661419497376419,29835,28253,0.05302497067202949,31875,30182,0.053113725490196106,31701,29977,0.05438314248761866,33668,31603,0.06133420458595695,31632,29907,0.054533383915022715,30267,28726,0.050913536194535314,,221567,360298,0,351
SVR-HQ,154A,0,8181,0,0,8813,0,0,8644,0,0,10763,0,0,9562,0,311007,8709,0.9719974148491834,9149,8491,0.07192042846212698,9583,8865,0.07492434519461544,9472,8786,0.07242398648648651,9730,8998,0.0752312435765673,9710,9037,0.06930998970133884,9380,8644,0.07846481876332623,,368031,107493,0.7079240607448829,170
SVR-HQ,155A,0,55727,0,0,56640,0,0,55887,0,0,69417,0,0,65480,0,64399,61512,0.04482988866286741,61199,58500,0.04410202781091199,62991,60252,0.0434824022479402,62635,59855,0.04438413027859822,62568,59740,0.0451988236798363,59408,56744,0.044842445461890645,58253,55678,0.04420373199663541,,431453,715432,0,379
SVR-HQ,156A,0,11169,0,0,11483,0,0,10690,0,0,13856,0,0,12879,0,696,12390,0,617,11188,0,638,11513,0,628,11344,0,658,11655,0,597,10765,0,600,10772,0,,4434,139704,0,208
SVR-HQ,157A,0,12835,0,0,13705,0,0,12740,0,0,15974,0,0,14472,0,779,13800,0,697,12530,0,706,12756,0,696,12520,0,727,12947,0,650,11682,0,651,11689,0,,4906,157650,0,263
SVR-HQ,158A,0,7175,0,0,6957,0,0,6384,0,0,8518,0,0,7261,0,8119,7659,0.056657223796033995,7103,6713,0.05490637758693506,7575,7282,0.03867986798679868,7705,7417,0.03737832576249189,7521,7222,0.03975535168195721,6970,6692,0.03988522238163561,7187,6854,0.046333657993599564,,52180,86134,0,116
SVR-HQ,159A,0,10086,0,0,10639,0,0,9545,0,0,12420,0,0,11033,0,11259,11074,0.016431299404920496,9878,9686,0.019437133022879083,10135,9835,0.029600394671928987,10204,9909,0.02891023128185022,10129,9820,0.030506466581103786,9993,9684,0.030921645151606114,11129,10744,0.03459430317189327,,72727,124475,0,167
SVR-HQ,160A,0,37014,0,0,39182,0,0,37447,0,0,46356,0,0,43484,0,42905,41355,0.0361263256030766,40913,39420,0.03649206853567322,41211,39566,0.03991652714081195,41774,40246,0.036577775649925814,40878,39601,0.031239297421595924,39524,38257,0.032056472017002346,38037,36749,0.03386176617504011,,285242,478677,0,358
SVR-HQ,161A,0,8051,0,0,8094,0,0,7188,0,0,9732,0,0,8436,0,8385,8179,0.024567680381633816,7342,7160,0.02478888586216288,7957,7761,0.024632399145406603,7710,7525,0.02399481193255515,8148,7897,0.03080510554737359,7427,7296,0.017638346573313535,7519,7316,0.026998271046681732,,54488,94635,0,157
SVR-HQ,162A,0,15244,0,0,16248,0,0,14644,0,0,19728,0,0,16823,0,17436,17034,0.023055746730901605,15576,15195,0.024460708782742646,16497,16095,0.02436806692125837,16107,15718,0.02415099025268519,16789,16380,0.024361188873667228,15038,14653,0.02560180875116369,15731,15341,0.024791812345051123,,113174,193103,0,220
SVR-HQ,163A,0,8517,0,0,8183,0,0,7489,0,0,10408,0,0,8174,0,434,7909,0,387,7140,0,407,7497,0,405,7440,0,449,8157,0,386,7102,0,411,7523,0,,2879,95539,0,146
SVR-HQ,164A,0,8347,0,0,9520,0,0,7469,0,0,9758,0,0,8592,0,8876,8622,0.028616493916178487,7349,7158,0.02598993060280308,7730,7538,0.02483829236739976,7495,7286,0.027885256837891892,0,7531,0,0,6838,0,11456,7369,0.35675628491620115,,42906,96028,0,127
SVR-HQ,165A,0,9621,0,0,10121,0,0,9601,0,0,12483,0,0,10635,0,11079,10658,0.03799981947829223,9051,8700,0.038780245276765046,9953,9575,0.03797849894504168,10050,9683,0.0365174129353234,10212,9821,0.03828828828828834,11217,10789,0.03815636979584558,9737,9364,0.038307486905617694,,71299,121051,0,181
SVR-HQ,166A,0,5081,0,0,7181,0,0,5416,0,0,6065,0,0,5467,0,6915,6609,0.044251626898047736,5067,4843,0.04420761791987371,5115,4898,0.042424242424242475,5112,4892,0.04303599374021905,5241,5001,0.045792787635947296,4648,4441,0.04453528399311535,5118,4894,0.043767096522078885,,37216,64788,0,94
SVR-HQ,167A,0,4406,0,0,7102,0,0,4126,0,0,4822,0,0,4320,0,5780,5543,0.041003460207612474,4040,3905,0.033415841584158446,3980,3842,0.03467336683417088,3940,3797,0.036294416243654815,4060,3909,0.037192118226600956,3620,3515,0.029005524861878462,4080,3929,0.03700980392156861,,29500,53216,0,73
SVR-HQ,168A,0,7203,0,0,11435,0,0,7570,0,0,8519,0,0,7514,0,8194,7887,0.037466438857700735,6999,6625,0.053436205172167406,6664,6320,0.05162064825930368,6480,6416,0.00987654320987652,6932,6660,0.03923831506058861,6108,5878,0.037655533726260626,6203,5964,0.03852974367241657,,47580,87991,0,164
SVR-KR,17,0,0,,0,0,,0,0,,0,0,,0,0,,0,0,,0,0,,0,0,,0,0,,0,0,,0,0,,0,0,,,0,0,,0
SVR-HQ,199A,0,15798,0,0,16623,0,0,16520,0,0,19978,0,0,18845,0,19198,18748,0.023439941660589603,17510,17087,0.02415762421473444,19469,19022,0.022959576763059264,18783,18316,0.02486290794867696,18464,18017,0.024209272097053702,19288,18842,0.023123185400248825,17115,16763,0.02056675430908561,,129827,214559,0,186
SVR-HQ,200A,0,18451,0,0,19181,0,0,19325,0,0,23009,0,0,21986,0,21982,21292,0.03138931853334548,19373,18766,0.03133226655654775,21848,21155,0.03171915049432439,20891,20226,0.03183188933033365,19944,19272,0.03369434416365824,21102,20444,0.03118187849492937,18742,18116,0.03340091772489595,,143882,241223,0,233
SVR-HQ,201A,0,13453,0,0,13308,0,0,13124,0,0,16283,0,0,16056,0,17020,15185,0.10781433607520563,15158,13544,0.10647842723314427,16523,14802,0.10415784058584998,15442,13940,0.09726719336873457,15594,13935,0.10638707195075026,16470,14561,0.11590771098967823,15714,13997,0.10926562301132747,,111921,172188,0,208
SVR-HQ,202A,0,15723,0,0,16119,0,0,16214,0,0,20315,0,0,19197,0,19056,18540,0.027078085642317395,16550,16095,0.027492447129909392,19313,18764,0.028426448506187585,18429,17885,0.02951869336372026,18270,17630,0.03503010399562123,18982,18456,0.02771046254346221,16763,16232,0.03167690747479568,,127363,211170,0,229
SVR-HQ,203A,0,19185,0,0,19741,0,0,19651,0,0,24330,0,0,22512,0,22712,21931,0.03438710813666779,19750,19092,0.03331645569620256,22592,21820,0.03417138810198306,21487,20754,0.034113650114022454,22105,21309,0.036009952499434505,22847,22022,0.03610977371208479,20496,19752,0.03629976580796257,,151989,252099,0,268
SVR-BV,203C,0,0,,0,0,,0,0,,0,0,,0,0,,0,0,,0,0,,0,0,,0,0,,0,0,,0,0,,0,0,,,0,0,,0
SVR-HQ,204A,0,14624,0,0,15364,0,0,15003,0,0,18682,0,0,17618,0,16592,16304,0.017357762777241992,14310,14087,0.015583508036338234,16224,15952,0.0167652859960552,15544,15271,0.017563046834791596,16414,16124,0.017667844522968212,16398,16166,0.014148066837419204,14719,14540,0.012161152252191054,,110201,189735,0,247
SVR-HQ,205A,0,6131,0,0,6932,0,0,6569,0,0,8151,0,0,8294,0,7816,7593,0.028531218014329562,6403,6208,0.030454474465094528,7818,7594,0.028651829112304905,6945,6737,0.029949604031677457,7761,7544,0.02796031439247515,7368,7146,0.030130293159609134,6523,6315,0.03188716848076034,,50634,85214,0,142
SVR-KR,205C,0,0,,0,0,,0,0,,0,0,,0,0,,0,0,,0,0,,0,0,,0,0,,0,0,,0,0,,0,0,,,0,0,,0
SVR-HQ,206A,0,5728,0,0,6528,0,0,6263,0,0,7617,0,0,7509,0,6979,6799,0.02579166069637484,5446,5278,0.03084832904884316,6423,6257,0.02584462089366335,5907,5730,0.02996444895886241,6527,6349,0.027271334456871466,6361,6175,0.02924068542681968,5791,5622,0.029183215334139145,,43434,75855,0,126
SVR-HQ,208A,0,6231,0,0,6307,0,0,6090,0,0,8174,0,0,7220,0,6880,6550,0.04796511627906974,6180,5905,0.04449838187702271,7180,6892,0.040111420612813364,6840,6539,0.04400584795321638,7560,7219,0.045105820105820094,7640,7233,0.053272251308900564,6400,6106,0.045937499999999964,,48680,80466,0,142
SVR-HQ,209A,0,13274,0,0,13054,0,0,11326,0,0,14790,0,0,13263,0,13380,12725,0.048953662182361746,12240,11643,0.04877450980392162,13320,12674,0.04849849849849852,12740,12054,0.05384615384615388,13780,12967,0.05899854862119014,11720,13136,0,11800,11169,0.05347457627118646,,88980,152075,0,120
SVR-HQ,210A,0,7716,0,0,7778,0,0,7525,0,0,9606,0,0,8505,0,7580,7232,0.045910290237467066,6981,6607,0.053573986534880436,8127,7735,0.048234280792420314,7799,7422,0.04833953070906527,8110,7720,0.04808877928483357,8413,7920,0.058599786045405944,7534,7140,0.05229625696840989,,54544,92906,0,157
SVR-HQ,211A,0,7572,0,0,8140,0,0,7419,0,0,9386,0,0,9192,0,8520,8163,0.041901408450704225,7095,6860,0.03312191684284704,7955,7631,0.040729101194217465,6647,6376,0.040770272303294774,7258,6978,0.03857812069440614,7460,7133,0.04383378016085793,6719,6479,0.035719601131120715,,51654,91329,0,157
SVR-HQ,212A,0,7554,0,0,8456,0,0,7964,0,0,9683,0,0,9561,0,9700,8975,0.07474226804123707,8032,7526,0.06299800796812749,9191,8601,0.06419323251006415,8654,8085,0.06574994222324937,9623,8930,0.07201496414839448,9711,8961,0.07723200494284832,8924,8239,0.07675930076199011,,63835,102535,0,152
SVR-HQ,213A,0,6608,0,0,7024,0,0,5603,0,0,7893,0,0,6726,0,6253,6072,0.02894610586918278,5217,5052,0.031627372052904,5529,5357,0.031108699584011523,4864,4699,0.03392269736842102,5830,5652,0.030531732418524915,5480,5306,0.03175182481751826,4645,4484,0.034660925726587744,,37818,70476,0,139
SVR-HQ,214A,0,6459,0,0,6522,0,0,5513,0,0,6912,0,0,6412,0,6413,6221,0.02993918602837986,5353,5183,0.03175789277040908,6132,5955,0.02886497064579252,5588,5407,0.03239083750894778,6162,5980,0.029535864978902926,6164,5960,0.0330953926022064,5358,5190,0.03135498320268759,,41170,71714,0,112
SVR-HQ,215A,0,16386,0,0,16960,0,0,14377,0,0,18930,0,0,20068,0,16701,15625,0.06442727980360452,13674,12781,0.06530642094485883,15471,14400,0.06922629435718441,13872,12942,0.06704152249134943,15296,14228,0.0698221757322176,14090,13124,0.06855926188786376,12876,12017,0.06671326498912711,,101980,181838,0,192
SVR-HQ,216A,0,4830,0,0,5547,0,0,5213,0,0,6980,0,0,6213,0,5628,5419,0.03713574982231693,4960,4724,0.04758064516129035,5741,5585,0.027172966382163377,4842,4655,0.03862040479140849,5426,5216,0.0387025433099889,5651,5438,0.03769244381525394,4912,4706,0.04193811074918563,,37160,64526,0,108
SVR-HQ,217A,0,7337,0,0,7920,0,0,7418,0,0,8674,0,0,7300,0,7480,7120,0.048128342245989275,6280,5990,0.04617834394904463,7040,6738,0.042897727272727226,6360,6056,0.04779874213836477,7380,7056,0.04390243902439028,6640,6352,0.04337349397590362,6380,6072,0.0482758620689655,,47560,84033,0,159
SVR-HQ,218A,0,8767,0,0,8836,0,0,7771,0,0,9294,0,0,9135,0,10024,8988,0.1033519553072626,7905,7579,0.04123972169512968,8727,8285,0.05064741606508538,8019,7613,0.050629754333458066,9097,8529,0.06243816642849287,8901,8405,0.055724075946522844,8772,8318,0.05175558595531238,,61445,101520,0,149
SVR-HQ,219A,0,16897,0,0,19914,0,0,13956,0,0,17651,0,0,15511,0,16337,15867,0.028769051845504046,13783,13444,0.024595516215627944,15011,14635,0.025048297914862405,13581,13252,0.02422502024887707,15297,14909,0.025364450545858674,14855,14479,0.025311342982160867,14980,14566,0.027636849132176233,,103844,185081,0,164
SVR-KR,220,0,0,,0,0,,0,0,,0,0,,0,0,,0,0,,0,0,,0,0,,0,0,,0,0,,0,0,,0,0,,,0,0,,0
SVR-HQ,220A,0,10120,0,0,10613,0,0,7807,0,0,10606,0,0,10326,0,8946,8544,0.04493628437290409,7320,7012,0.042076502732240395,8015,7662,0.044042420461634424,7433,7104,0.0442620745324902,8224,7835,0.0473005836575876,8008,7644,0.045454545454545414,8354,7852,0.06009097438352884,,56300,103125,0,134
SVR-BV,220C,0,0,,0,0,,0,0,,0,0,,0,0,,0,0,,0,0,,0,0,,0,0,,0,0,,0,0,,0,0,,,0,0,,0
SVR-BV,224E,0,0,,0,0,,0,0,,0,0,,0,0,,0,0,,0,0,,0,0,,0,0,,0,0,,0,0,,0,0,,,0,0,,0
SVR-HQ,225A,0,43899,0,0,110409,0,0,-30764,,0,44932,0,0,44829,0,42936,40796,0.04984162474380471,37459,36007,0.03876238020235456,39999,38309,0.042251056276406906,36809,35296,0.04110407780705805,40468,38713,0.043367599090639475,38591,37080,0.03915420693944183,37236,35278,0.052583521323450455,,273498,474784,0,311
SVR-HQ,229A,0,8587,0,0,8778,0,0,8719,0,0,9429,0,0,11869,0,11280,10446,0.073936170212766,10000,9240,0.07599999999999996,12140,11286,0.07034596375617796,12840,11943,0.06985981308411215,13800,12800,0.07246376811594202,12740,11866,0.06860282574568288,12800,11878,0.07203124999999999,,85600,126841,0,186
SVR-HQ,233A,0,9460,0,0,9546,0,0,9926,0,0,11374,0,0,14199,0,12471,12106,0.02926790153155323,10470,10268,0.01929321872015277,10769,10478,0.02702200761444884,11095,10800,0.02658855340243349,11729,11416,0.02668599198567656,10325,10055,0.026150121065375287,10623,10341,0.02654617339734533,,77482,129969,0,168
SVR-HQ,234A,0,10705,0,0,11384,0,0,12240,0,0,15436,0,0,16574,0,19707,18931,0.03937687116253108,15035,14469,0.03764549384768867,12982,12417,0.043521799414574014,13529,12972,0.041170818242294294,14055,13414,0.045606545713269275,13096,12519,0.04405925473426997,12229,11691,0.043993785264535124,,100633,162752,0,171
SVR-HQ,235A,0,12151,0,0,12695,0,0,12369,0,0,13262,0,0,15372,0,13611,13272,0.024906325765924664,12685,12375,0.02443831296807253,12740,12425,0.02472527472527475,13007,12696,0.02391020219881601,12941,12613,0.02534580017000232,12275,11930,0.028105906313645623,13023,12696,0.02510942179221376,,90282,153856,0,99
SVR-HQ,236A,0,8136,0,0,8782,0,0,8808,0,0,9845,0,0,12395,0,10289,9886,0.03916804354164638,9501,9095,0.04273234396379333,9235,8836,0.04320519761775854,9597,9160,0.04553506304053345,10065,9629,0.043318430203676095,9552,9146,0.0425041876046901,9477,9069,0.04305159860715413,,67716,112787,0,180
SVR-HQ,237A,0,7618,0,0,7756,0,0,7959,0,0,8974,0,0,11304,0,9097,8705,0.04309112894360778,8349,7978,0.04443645945622232,7947,7594,0.04441927771486098,8510,8146,0.04277320799059925,9170,8784,0.04209378407851694,8372,8012,0.043000477783086466,8754,8374,0.04340872743888513,,60199,101204,0,176
SVR-HQ,239A,0,10693,0,0,11153,0,0,11439,0,0,12095,0,0,14673,0,12433,12117,0.025416230998150047,10946,10647,0.027315914489311144,10512,10232,0.026636225266362223,10944,10656,0.02631578947368418,11231,10937,0.026177544297035005,10399,10107,0.028079623040677015,10519,10235,0.026998764141078047,,76984,134984,0,193
SVR-HQ,240A,0,10142,0,0,10346,0,0,10148,0,0,10991,0,0,12620,0,11999,11625,0.031169264105342154,11233,10872,0.03213745214991548,11106,10719,0.034846029173419724,11580,11192,0.033506044905008636,11832,11436,0.03346855983772823,11593,11219,0.03226084706288279,11175,10806,0.03302013422818795,,80518,132116,0,136
SVR-HQ,241A,0,10229,0,0,10236,0,0,9068,0,0,9470,0,0,12642,0,11694,11260,0.03711304942705662,11014,10592,0.03831487198111494,10117,9726,0.038647820500148256,10427,10044,0.03673156229020813,10666,10287,0.035533470841927595,9969,9617,0.03530945932390406,11140,10715,0.03815080789946135,,75027,123886,0,197
SVR-HQ,242A,0,9131,0,0,9403,0,0,9192,0,0,9727,0,0,11199,0,9840,9421,0.04258130081300815,9380,8973,0.043390191897654584,9320,8907,0.04431330472103001,9460,9061,0.04217758985200848,9760,9339,0.04313524590163931,9380,8981,0.042537313432835844,9580,9192,0.040501043841336126,,66720,112526,0,144
SVR-HQ,243A,0,5784,0,0,6191,0,0,6033,0,0,6853,0,0,8291,0,6956,6789,0.024008050603795295,6342,6163,0.028224534847051452,5884,5702,0.030931339225017007,5997,5833,0.02734700683675173,6623,6438,0.027932960893854775,5972,5774,0.03315472203616876,6086,5941,0.02382517252711136,,43860,75792,0,120
SVR-HQ,244A,0,3135,0,0,3167,0,0,3015,0,0,3545,0,0,4563,0,3780,3638,0.03756613756613758,3120,2995,0.04006410256410253,3040,2957,0.02730263157894741,3200,3091,0.034062499999999996,3400,3291,0.032058823529411806,3060,2919,0.04607843137254897,3260,3141,0.03650306748466259,,22860,39457,0,56
SVR-HQ,245A,0,21743,0,0,21986,0,0,21901,0,0,24401,0,0,29000,0,25509,24565,0.03700654670900472,23366,22503,0.03693400667636737,23248,22317,0.04004645560908471,25108,24153,0.03803568583718342,25421,24766,0.025766098894614675,24428,23621,0.033035860487964586,24869,23950,0.036953637058184885,,171949,284906,0,345
SVR-HQ,246A,0,16726,0,0,15615,0,0,14422,0,0,16006,0,0,16387,0,18180,16733,0.07959295929592958,16620,15395,0.07370637785800238,15240,13983,0.08248031496062991,14760,13565,0.08096205962059622,13740,13127,0.044614264919941804,16260,15150,0.06826568265682653,15540,14584,0.06151866151866148,,110340,181693,0,215
SVR-HQ,247A,0,10313,0,0,9875,0,0,11102,0,0,12742,0,0,13636,0,12745,12353,0.030757159670459,11672,11289,0.03281357093899928,11434,11093,0.029823333916389694,12746,12338,0.032010042366232505,12700,12335,0.028740157480315,11633,11305,0.028195650305166353,11839,11494,0.029140974744488513,,84769,139875,0,158
SVR-BV,252C,0,0,,0,0,,0,0,,0,0,,0,0,,0,0,,0,0,,0,0,,0,0,,0,0,,0,0,,0,0,,,0,0,,0
SVR-BV,264B,0,0,,0,0,,0,0,,0,0,,0,0,,0,0,,0,0,,0,0,,0,0,,0,0,,0,0,,0,0,,,0,0,,0
SVR-HQ,282A,0,7773,0,0,8372,0,0,8849,0,0,9959,0,0,9865,0,9861,9565,0.030017239630869108,8659,8407,0.029102667744543287,9817,9530,0.029235000509320597,9141,8869,0.02975604419647737,8952,8596,0.039767649687220685,9112,8877,0.025790166812993842,7372,7272,0.013564839934888773,,62914,105934,0,98
SVR-KR,289,0,0,,0,0,,0,0,,0,0,,0,0,,0,0,,0,0,,0,0,,0,0,,0,0,,0,0,,0,0,,,0,0,,0
SVR-HQ,305A,0,9284,0,0,8705,0,0,5652,0,0,7425,0,0,6192,0,8267,7706,0.06786016692875285,5174,4895,0.05392346347120214,4980,4724,0.051405622489959835,5112,4850,0.051251956181533664,5544,5220,0.058441558441558406,5176,4897,0.053902627511591916,5753,5415,0.05875195550147749,,40006,74965,0,121
SVR-HQ,306A,0,9643,0,0,11834,0,0,9060,0,0,13660,0,0,9825,0,12745,11931,0.06386818360141233,8647,8188,0.05308199375505951,8241,7804,0.05302754520082509,8367,7904,0.055336440779251816,9527,8983,0.05710087120814522,7794,7378,0.05337439055683857,8526,8076,0.0527797325826882,,63847,114286,0,173
SVR-HQ,307A,0,8048,0,0,8468,0,0,6786,0,0,9462,0,0,8605,0,8811,8418,0.04460333673816819,7445,7129,0.042444593687038235,7972,7626,0.04340190667335675,7614,7230,0.05043341213553976,7685,7418,0.03474300585556278,6767,6478,0.042707255800206845,7443,7082,0.048501948139191176,,53737,92750,0,130
SVR-HQ,308A,0,11124,0,0,11697,0,0,9084,0,0,12598,0,0,10522,0,10917,10483,0.039754511312631635,8722,7863,0.09848658564549417,8003,7662,0.042609021616893616,7660,7322,0.04412532637075717,8549,8306,0.028424377120131017,7797,7504,0.037578555854815954,8558,8240,0.03715821453610657,,60206,112405,0,195
SVR-HQ,309A,0,4159,0,0,4828,0,0,3832,0,0,5400,0,0,4344,0,4720,4531,0.040042372881355925,3280,3141,0.04237804878048779,3480,3409,0.020402298850574763,3800,3616,0.04842105263157892,4480,4351,0.028794642857142838,3720,3619,0.027150537634408556,3920,3843,0.019642857142857184,,27400,49073,0,105
SVR-HQ,310A,0,30560,0,0,32220,0,0,24808,0,0,32563,0,0,28336,0,30916,30014,0.029175831284771636,25479,24886,0.023274068841006357,25877,25271,0.02341847973103528,25165,24557,0.02416054043314131,26012,25337,0.02594956174073504,24141,23564,0.02390124684147299,25626,24986,0.024974635136189804,,183216,327102,0,284
SVR-KR,322,0,0,,0,0,,0,0,,0,0,,0,0,,0,0,,0,0,,0,0,,0,0,,0,0,,0,0,,0,0,,,0,0,,0
SVR-HQ,346A,0,13309,0,0,13961,0,0,10531,0,0,11590,0,0,8393,0,8117,7674,0.054576814093877046,7204,6836,0.05108273181565792,7690,7292,0.05175552665799743,7437,7039,0.053516202769934074,8200,7738,0.056341463414634196,7969,7521,0.05621784414606601,7295,6885,0.05620287868403018,,53912,108769,0,83
SVR-HQ,369J,0,38342,0,0,35509,0,0,32059,0,0,46801,0,0,43627,0,44160,41875,0.0517436594202898,36960,35840,0.030303030303030276,39040,37592,0.03709016393442621,40160,37861,0.057246015936255,43840,42337,0.03428375912408754,41120,39162,0.04761673151750978,37200,36087,0.029919354838709666,,282480,467092,0,218
SVR-HQ,370J,0,3242,0,0,3207,0,0,3383,0,0,3715,0,0,3916,0,3817,3697,0.031438302331674106,612,2939,0,0,3319,0,6022,3276,0.4559946861507804,3479,3401,0.022420235699913804,3101,3073,0.009029345372460473,3393,3335,0.017094017094017144,,20424,40503,0,26
SVR-HQ,371J,0,9792,0,0,11141,0,0,10616,0,0,13589,0,0,16225,0,14674,14431,0.016559901867248206,16407,16179,0.013896507588224583,16225,16008,0.01337442218798146,13519,13353,0.012279014720023684,13427,13247,0.013405824085797269,14874,14650,0.015059835955358314,16555,16315,0.014497130776200517,,105681,165546,0,50
SVR-HQ,372J,0,5626,0,0,5622,0,0,5724,0,0,6927,0,0,7842,0,7973,7848,0.015677912956227225,6990,6882,0.015450643776824036,8216,8050,0.02020447906523859,10311,10049,0.025409756570652697,10842,10566,0.025456557830658588,9807,9614,0.019679820536351533,9166,9010,0.01701941959415232,,63305,93760,0,46
SVR-HQ,379J,0,2096,0,0,3087,0,0,2714,0,0,2895,0,0,3313,0,3546,3525,0.005922165820642977,3102,3062,0.012894906511927817,3655,3571,0.022982216142270917,4316,4214,0.02363299351251158,5424,5259,0.03042035398230092,6266,5957,0.0493137567826365,5915,5864,0.008622147083685583,,32224,45557,0,13
SVR-HQ,380J,0,15951,0,0,16252,0,0,18467,0,0,20980,0,0,20385,0,19898,19615,0.014222534928133523,17769,17553,0.012156002026000312,19703,19428,0.013957265391057239,19765,19498,0.013508727548697141,23629,21692,0.08197553853315842,25279,25690,0,20598,20736,0,,146641,236247,0,73
SVR-HQ,381J,0,23544,0,0,22342,0,0,23275,0,0,27598,0,0,27166,0,27494,26750,0.02706044955262965,23862,23215,0.027114240214567098,26552,24830,0.06485387164808676,26931,27089,0,25640,24836,0.031357254290171555,26584,25879,0.02651971110442375,21591,21013,0.02677041359825849,,178654,297537,0,127
SVR-HQ,382J,0,19417,0,0,0,,0,41426,0,0,23610,0,0,26500,0,23136,22263,0.03773340248962653,21282,20530,0.03533502490367446,25640,24330,0.051092043681747246,22515,21418,0.04872307350655114,23138,22183,0.04127409456305642,23219,22107,0.047891812739566775,20969,20386,0.02780294720778287,,159899,264170,0,77
SVR-HQ,384J,0,21792,0,0,0,,0,47137,0,0,27300,0,0,26070,0,29298,28435,0.029455935558741264,25835,24785,0.0406425391910199,26775,26634,0.005266106442577079,25871,25160,0.027482509373429664,25902,25173,0.028144544822793605,26011,25382,0.024182076813655806,22116,21483,0.028621812262615287,,181808,299351,0,148
SVR-KR,394,0,0,,0,0,,0,0,,0,0,,0,0,,0,0,,0,0,,0,0,,0,0,,0,0,,0,0,,0,0,,,0,0,,0
SVR-KR,414,0,0,,0,0,,0,0,,0,0,,0,0,,0,0,,0,0,,0,0,,0,0,,0,0,,0,0,,0,0,,,0,0,,0
SVR-KR,476,0,0,,0,0,,0,0,,0,0,,0,0,,0,0,,0,0,,0,0,,0,0,,0,0,,0,0,,0,0,,,0,0,,0
SVR-BV,49,0,0,,0,0,,0,0,,0,0,,0,0,,0,0,,0,0,,0,0,,0,0,,0,0,,0,0,,0,0,,,0,0,,0
SVR-KR,50,0,0,,0,0,,0,0,,0,0,,0,0,,0,0,,0,0,,0,0,,0,0,,0,0,,0,0,,0,0,,,0,0,,0
SVR-BV,59,0,0,,0,0,,0,0,,0,0,,0,0,,0,0,,0,0,,0,0,,0,0,,0,0,,0,0,,0,0,,,0,0,,0
SVR-KR,842,0,0,,0,0,,0,0,,0,0,,0,0,,0,0,,0,0,,0,0,,0,0,,0,0,,0,0,,0,0,,,0,0,,0
SVR-BV,97,0,0,,0,0,,0,0,,0,0,,0,0,,0,0,,0,0,,0,0,,0,0,,0,0,,0,0,,0,0,,,0,0,,0
SVR-CP,F01,0,0,,0,0,,0,0,,0,0,,0,0,,0,0,,0,0,,0,0,,0,0,,0,0,,0,0,,0,0,,,0,0,,0
SVR-HQ,Final,0,0,,0,0,,0,0,,0,0,,0,0,,0,0,,0,0,,0,0,,0,0,,0,0,,0,0,,0,0,,,0,0,,0
SVR-HQ,KK01,0,12416,0,0,12789,0,0,13102,0,0,17133,0,0,15050,0,0,14376,0,0,12923,0,14940,14854,0.005756358768406966,14148,14066,0.005795872208085973,14557,14476,0.005564333310434821,14097,14015,0.0058168404625097425,12540,12468,0.005741626794258381,,70282,167668,0,1
SVR-HQ,KK02,0,10699,0,0,11608,0,0,11681,0,0,14788,0,0,13554,0,0,12800,0,0,11185,0,12914,12905,0.0006969180734086589,11834,11826,0.0006760182524928604,12458,12448,0.0008026970621287655,11807,11799,0.0006775641568560475,10241,10235,0.000585880285128404,,59254,145528,0,1
SVR-HQ,KK03,0,35095,0,0,37414,0,0,36876,0,0,47406,0,0,42500,0,0,39500,0,0,35280,0,39631,39431,0.005046554464939068,37628,37413,0.005713830126501507,39277,39095,0.004633755123863881,37363,37216,0.00393437357813875,33751,33623,0.0037924802228082033,,187650,460849,0,1
SVR-HQ,KK04,0,14535,0,0,15847,0,0,15258,0,0,6049,0,0,0,,0,46841,0,0,14454,0,16121,16104,0.0010545251535264422,14703,14685,0.0012242399510303814,16022,16006,0.0009986268880289861,15960,15943,0.0010651629072682134,13707,13693,0.0010213759393010724,,76513,189415,0,1
SVR-HQ,KK05,0,16874,0,0,17644,0,0,17151,0,0,22109,0,0,19583,0,0,18312,0,0,16501,0,18486,18501,0,17131,17146,0,17762,17780,0,17710,17727,0,15999,16015,0,,87088,215343,0,1
SVR-HQ,KK06,0,4454,0,0,4360,0,0,4235,0,0,5675,0,0,4957,0,0,4929,0,0,4479,0,4867,5014,0,4501,4640,0,4857,5005,0,4879,5028,0,4237,4367,0,,23341,57143,0,1
SVR-KR,P,0,0,,0,0,,0,0,,0,0,,0,0,,0,0,,0,0,,0,0,,0,0,,0,0,,0,0,,0,0,,,0,0,,0
SVR-BV,P001,0,78984,0,0,79030,0,0,80315,0,0,99348,0,0,108900,0,0,109597,0,85560,83309,0.026309022907900936,99480,97533,0.01957177322074788,97560,93856,0.03796637966379668,90600,87020,0.03951434878587201,99240,95354,0.03915759774284566,75360,73384,0.02622080679405525,,547800,1086630,0,56
SVR-BV,P002,0,376210,0,0,367290,0,0,296880,0,0,328090,0,0,355340,0,0,511300,0,0,668320,0,0,645070,0,763630,764270,0,959950,961020,0,1123620,1124620,0,1625510,1626790,0,,4472710,8025200,0,1
SVR-BV,P003,0,345871,0,0,352014,0,0,372431,0,0,431867,0,0,362030,0,0,363474,0,359580,330748,0.08018243506312916,406496,418484,0,361104,345702,0.042652532234480955,370254,337205,0.08926034560058771,405501,397024,0.020905003933405886,320707,279132,0.12963546165191275,,2223642,4335982,0,47
SVR-BV,P004,0,188172,0,0,170907,0,0,187751,0,0,232444,0,0,259276,0,0,251773,0,226511,219488,0.031005116749296957,249976,260324,0,282895,272065,0.03828275508580925,242975,252114,0,282321,285481,0,258363,264490,0,,1543041,2844285,0,188
SVR-BV,P005,0,3699,0,0,3743,0,0,3648,0,0,4135,0,0,4705,0,0,4665,0,0,4182,0,0,4696,0,5559,5559,0,4370,4368,0.0004576659038901809,5177,5176,0.00019316206297081973,4764,4762,0.0004198152812762146,,19870,53338,0,1
SVR-BV,P006,0,163793,0,0,158298,0,0,161447,0,0,212220,0,0,210833,0,0,232535,0,203817,192996,0.053091744064528434,231614,221553,0.04343865224036547,252805,238139,0.05801309309546887,232551,217541,0.06454498153093302,261465,249388,0.04618973858833875,248117,233819,0.05762603932822019,,1430369,2492562,0,521
SVR-BV,p007,0,138222,0,0,131824,0,0,137944,0,0,177722,0,0,188967,0,0,177629,0,160009,152829,0.044872475923229294,190132,181366,0.046104811394189316,182796,175305,0.04098010897393811,176806,169004,0.04412746173772386,189311,181740,0.039992393468947895,174185,165954,0.04725435600080374,,1073239,1978506,0,384
SVR-BV,P008,0,718153,0,0,648666,0,0,680021,0,0,626858,0,0,464430,0,0,528023,0,0,733738,0,0,736801,0,768414,766556,0.002417967397782994,808931,807236,0.002095357947711207,830863,829070,0.0021579971668013176,714029,712303,0.002417268766394587,,3122237,8251855,0,1
SVR-BV,P009,0,37895,0,0,61626,0,0,58574,0,0,91450,0,0,102554,0,0,119279,0,123532,117471,0.04906421008321726,118370,112804,0.04702204950578692,145848,359186,0,129480,127553,0.01488260735248692,123132,115796,0.05957833869343465,121050,114593,0.053341594382486535,,761412,1418781,0,73
SVR-CP,P01,0,144497,0,0,132633,0,0,128296,0,155040,145833,0.05938467492260058,169200,159257,0.05876477541371161,174880,163923,0.06265439158279962,164880,155224,0.05856380397865113,156960,148256,0.055453618756371004,173040,163542,0.05488904299583908,164160,155598,0.052156432748537984,153360,145085,0.05395800730307776,161680,154163,0.046493072736269125,,1473200,1796307,0,443
SVR-HQ,P01,0,21719,0,0,23828,0,0,23507,0,0,29058,0,0,25571,0,29276,27084,0.0748736166142916,27239,23781,0.12695032857300192,32035,33965,0,28982,28390,0.02042647160306399,34380,33118,0.03670738801628859,34216,33081,0.03317161561842408,33271,32189,0.03252081392203421,,219399,335291,0,225
SVR-KR,P01,0,40002,0,0,40519,0,0,43665,0,0,52836,0,0,56977,0,0,52186,0,0,41025,0,0,44464,0,46500,45593,0.019505376344086,44515,43636,0.019746152982140885,51168,49393,0.03468964978111322,43728,43313,0.009490486644712748,,185911,553609,0,116
SVR-BV,P010,0,1255360,0,0,939300,0,0,1330950,0,0,1797290,0,0,1890880,0,0,1836280,0,0,1614720,0,0,1705160,0,1671760,1670710,0.0006280805857300509,1677640,1676590,0.000625879211272995,1784860,1783760,0.000616294835449227,1373210,1372300,0.0006626808718258603,,6507470,18873300,0,1
SVR-BV,P013,0,155721,0,0,154692,0,0,129495,0,0,146913,0,0,148497,0,0,142147,0,0,136404,0,0,155404,0,150729,150898,0,150687,150857,0,172878,173085,0,156783,156971,0,,631077,1801084,0,1
SVR-CP,P02,0,82844,0,0,78354,0,0,71573,0,94620,88837,0.0611181568378778,100380,93257,0.07096035066746365,98340,91444,0.07012405938580435,1888860,82724,0.9562042713594443,-1714380,80380,0,90840,84837,0.06608322324966975,86160,80611,0.06440343546889504,81300,76226,0.06241082410824106,87000,81608,0.06197701149425283,,813120,992695,0,257
SVR-HQ,P02,0,86685,0,0,89648,0,0,90160,0,0,98771,0,0,102386,0,106960,106033,0.00866679132385939,98880,93214,0.05730177993527508,102960,101312,0.01600621600621599,103680,96277,0.07140239197530862,97360,92037,0.054673377156943315,93680,88160,0.05892399658411618,80080,79160,0.011488511488511488,,683600,1123843,0,531
SVR-KR,P02,0,24278,0,0,25135,0,0,23568,0,0,29374,0,0,28039,0,0,30606,0,0,25285,0,0,29464,0,28552,28098,0.015900812552535726,27971,27417,0.01980622787887454,28406,27872,0.01879884531437015,26173,25691,0.018415924808008244,,111102,324827,0,173
SVR-CP,P03,0,27479,0,0,27662,0,0,27621,0,0,31482,0,38820,37925,0.023055126223596067,40920,39917,0.02451124144672534,38220,37219,0.02619047619047621,40560,39755,0.019847140039447764,41760,41085,0.016163793103448287,36600,35970,0.01721311475409837,44160,43351,0.018319746376811552,38040,37262,0.020452155625657165,,319080,426728,0,182
SVR-HQ,P03,0,46882,0,0,46918,0,0,49508,0,0,59616,0,0,52174,0,53640,51155,0.046327367636092465,48060,46250,0.03766125676238041,53460,50846,0.04889637111859335,54300,51824,0.045598526703499065,50220,48258,0.0390681003584229,51780,49624,0.04163769795287753,42960,41242,0.039990689013035374,,354420,594297,0,205
SVR-KR,P03,0,19649,0,0,19538,0,0,18329,0,0,20594,0,0,23509,0,0,22780,0,0,21201,0,0,20272,0,0,22289,0,1126,21782,0,19741,19767,0,20497,19813,0.03337073718105088,,41364,249523,0,233
SVR-KR,P035,0,11675,0,0,11225,0,0,12081,0,0,13497,0,0,15866,0,0,13859,0,0,12915,0,0,12697,0,0,13096,0,14476,13335,0.07882011605415862,12901,11926,0.07557553678009454,12887,11940,0.07348490727089318,,40264,154112,0,148
SVR-CP,P04,0,61808,0,0,61997,0,0,61509,0,0,51352,0,0,47244,0,0,56802,0,0,56680,0,68522,68526,0,63217,63218,0,56892,56894,0,82152,82151,1.217255818486418e-05,90135,90139,0,,360918,758320,0,1
SVR-HQ,P04,0,34630,0,0,35748,0,0,32357,0,0,36006,0,0,41261,0,45819,44223,0.03483271132063115,35295,34448,0.023997733389998555,38323,37148,0.030660438900921072,39830,38515,0.033015315089128805,40738,39445,0.03173940792380581,38369,36432,0.0504834632124892,38633,38157,0.012321072658090237,,277007,448370,0,216
SVR-KR,P04,0,10096,0,0,9591,0,0,9584,0,0,12356,0,0,12032,0,0,11492,0,0,10218,0,0,10278,0,182,10734,0,176,10477,0,178,10489,0,10020,9960,0.005988023952095856,,10556,127307,0,119
SVR-CP,P05,0,29891,0,0,28456,0,0,29496,0,0,32061,0,37440,35941,0.04003739316239319,37920,36392,0.04029535864978906,36360,34898,0.04020902090209022,34200,32411,0.05230994152046786,36900,35266,0.044281842818428174,32700,31624,0.03290519877675846,29160,28254,0.031069958847736667,30060,29127,0.031037924151696594,,274740,383817,0,166
SVR-HQ,P05,0,77262,0,0,74135,0,0,71627,0,0,84935,0,0,95270,0,97294,94297,0.03080354389787654,84457,80482,0.04706537054359028,84085,81276,0.03340667182018198,92428,88711,0.040215086337473505,87596,84556,0.034704781040230115,81436,78469,0.03643351834569475,87444,84265,0.03635469557659754,,614740,995285,0,484
SVR-KR,P05,0,23817,0,0,23991,0,0,23924,0,0,26809,0,0,25405,0,0,21881,0,0,21693,0,0,20833,0,22693,22429,0.011633543383422151,21476,21228,0.01154777425963871,21891,21119,0.03526563427892737,21745,20768,0.04492986893538742,,87805,273897,0,69
SVR-CP,P06,0,23341,0,0,22933,0,0,22443,0,0,24961,0,33960,31875,0.06139575971731448,30300,28474,0.06026402640264028,25680,24306,0.05350467289719629,28140,26176,0.06979388770433548,26820,25398,0.053020134228187965,27720,26173,0.05580808080808086,28200,26439,0.06244680851063833,26340,24753,0.06025056947608198,,227160,307272,0,109
SVR-HQ,P06,0,46940,0,0,44428,0,0,45326,0,0,60107,0,0,56591,0,57822,54937,0.04989450382207461,49700,48657,0.020985915492957696,53573,52045,0.02852183002631925,54724,52605,0.0387215846794825,53993,52144,0.03424517993073173,52796,50996,0.03409349193120692,47955,46029,0.04016265248670625,,370563,610805,0,185
SVR-KR,P06,0,46177,0,0,45492,0,0,44448,0,0,49866,0,0,52040,0,0,46354,0,0,40367,0,0,42744,0,0,39506,0,644,41572,0,42086,37717,0.1038112436439671,36291,35354,0.025819073599515074,,79021,521637,0,211
SVR-CP,P07,0,23703,0,0,30047,0,0,38832,0,0,20877,0,0,32882,0,0,33955,0,0,19135,0,30596,30569,0.0008824682965093977,21610,21595,0.0006941230911614582,14280,14267,0.0009103641456582601,25998,25976,0.0008462189399184306,31676,31654,0.0006945321378961644,,124160,323492,0,1
SVR-HQ,P07,0,32110,0,0,27829,0,0,27809,0,0,33318,0,36720,35986,0.019989106753812602,37040,36233,0.0217872570194384,32000,31364,0.019874999999999976,29760,29324,0.0146505376344086,38800,38074,0.01871134020618559,28640,27572,0.03729050279329604,31120,31108,0.0003856041131105048,29360,28785,0.019584468664850085,,263440,379512,0,88
SVR-KR,P07,0,14107,0,0,14200,0,0,13653,0,0,16223,0,0,18235,0,0,16853,0,0,15533,0,0,14914,0,0,16441,0,16421,16061,0.021923147189574332,15336,14993,0.0223656755346896,15357,15018,0.02207462394999027,,47114,186231,0,138
SVR-CP,P08,0,373539,0,0,363971,0,0,448220,0,0,448790,0,0,420470,0,0,395669,0,0,541691,0,573209,572210,0.0017428198091795633,433311,432600,0.0016408537978496174,428649,427890,0.0017706795070092651,575711,574769,0.001636237626170045,370780,370131,0.0017503640973083323,,2381660,5369950,0,1
SVR-HQ,P08,0,30742,0,0,27385,0,0,27238,0,0,30933,0,0,36086,0,35793,34831,0.026876763612996957,30882,30031,0.027556505407680842,29815,29009,0.027033372463525107,34509,33558,0.027558028340432972,34484,33495,0.028679967521169192,28212,27432,0.027647809442790328,31119,30238,0.028310678363700603,,224814,370978,0,220
SVR-KR,P08,0,14758,0,0,14544,0,0,14489,0,0,17075,0,0,18723,0,0,17268,0,0,17268,0,0,16447,0,0,18902,0,306,18018,0,262,15383,0,16320,15997,0.019791666666666652,,16888,198872,0,172
SVR-CP,P09,0,15070,0,0,15251,0,0,15034,0,0,12644,0,0,14126,0,0,13738,0,0,12680,0,14710,14718,0,14414,14422,0,11404,11410,0,13547,13556,0,12681,12689,0,,66756,165338,0,1
SVR-HQ,P09,0,132012,0,0,117686,0,0,115856,0,0,145038,0,0,169155,0,166294,161038,0.03160667251975413,162903,152903,0.06138622370367641,145246,149272,0,168156,164422,0.022205571017388626,126982,124574,0.018963317635570354,156365,152921,0.022025389313465316,146913,143974,0.020005036994683922,,1072859,1728851,0,407
SVR-KR,P09,0,13236,0,0,12998,0,0,12424,0,0,14307,0,0,16165,0,0,14702,0,0,14659,0,0,14107,0,0,15791,0,16906,16503,0.023837690760676655,14016,13692,0.023116438356164393,14803,14474,0.02222522461663179,,45725,173058,0,142
SVR-CP,P10,0,465250,0,0,407850,0,0,464190,0,0,416400,0,0,305660,0,0,531760,0,0,430640,0,480830,480930,0,534500,534620,0,451290,451390,0,453560,453670,0,391490,391550,0,,2311670,5333910,0,1
SVR-HQ,P10,0,57234,0,0,49580,0,0,48484,0,0,57855,0,0,64534,0,65236,63419,0.027852719357410072,61370,60083,0.020971158546521096,58399,57022,0.02357917087621364,65289,63716,0.02409287935180504,62347,60773,0.025245801722616923,53252,51829,0.026722001051603717,61161,59735,0.02331551151877831,,427054,694264,0,143
SVR-KR,P10,0,108839,0,0,99606,0,0,118813,0,0,142576,0,0,139832,0,0,163665,0,0,134542,0,0,151541,0,139736,139695,0.0002934104310986507,133495,133448,0.0003520731113524356,7241,135428,0,235065,106789,0.5457043796396741,,515537,1574774,0,1
SVR-BV,P100,0,31101,0,0,21588,0,0,26648,0,0,35868,0,0,46773,0,0,45790,0,0,50543,0,0,62836,0,64845,64830,0.00023132084200783165,60145,60125,0.000332529719843766,65861,65843,0.00027330286512505797,51184,51167,0.00033213504220064305,,242035,563112,0,1
SVR-CP,P100,0,1100,0,0,3810,0,0,7670,0,0,9220,0,0,7010,0,0,6820,0,0,5110,0,5270,5270,0,4460,4470,0,5740,5730,0.0017421602787456303,6560,6560,0,7510,7500,0.0013315579227696217,,29540,70270,0,1
SVR-HQ,P100,0,0,,0,0,,0,0,,0,0,,0,0,,0,0,,0,0,,0,0,,0,0,,0,0,,0,0,,0,0,,,0,0,,0
SVR-KR,P100,0,0,,0,0,,0,0,,0,0,,0,0,,0,0,,0,0,,0,0,,0,0,,0,0,,26790,26840,0,67140,67220,0,,93930,94060,0,1
SVR-BV,P101,0,0,,0,1,0,0,0,,0,0,,0,0,,0,0,,0,0,,0,0,,0,0,,0,0,,0,0,,0,0,,,0,1,0,0
SVR-CP,P101,0,10864,0,0,10831,0,0,11508,0,0,12921,0,0,14171,0,13799,12979,0.05942459598521632,12561,11782,0.06201735530610619,12414,11686,0.0586434670533269,14103,13251,0.06041267815358431,12952,12186,0.059141445336627574,13073,12295,0.05951197123843033,12760,11993,0.06010971786833852,,91662,146467,0,125
SVR-HQ,P101,0,11491,0,0,11999,0,0,11963,0,0,12959,0,0,14638,0,14751,14052,0.04738661785641651,13887,13224,0.047742492979045204,13816,13168,0.04690214244354374,14915,14208,0.047401944351324166,13434,12874,0.04168527616495454,13482,12907,0.04264945853730906,13797,13149,0.046966731898238745,,98082,156632,0,141
SVR-BV,P102,0,36133,0,0,32867,0,0,31304,0,0,34363,0,0,41270,0,0,40666,0,0,39459,0,0,43340,0,48618,48631,0,42389,42397,0,48209,48222,0,41592,41598,0,,180808,480250,0,1
SVR-HQ,P102,0,10220,0,0,10479,0,0,10450,0,0,12248,0,0,14607,0,12920,11547,0.1062693498452012,11820,10649,0.0990693739424704,11300,10157,0.10115044247787608,12300,11068,0.10016260162601631,13260,11844,0.10678733031674204,11680,10500,0.10102739726027399,12740,11336,0.11020408163265305,,86020,135105,0,210
SVR-BV,P103,0,51402,0,0,41208,0,0,48275,0,0,54122,0,0,43305,0,0,87728,0,0,65521,0,0,66079,0,65421,65412,0.0001375705048837217,65242,65328,0,70414,70450,0,56749,56769,0,,257826,715599,0,1
SVR-CP,P103,0,1523,0,0,15265,0,0,15284,0,0,15847,0,0,15362,0,0,15672,0,0,15024,0,0,9532,0,7900,7915,0,7833,7848,0,8255,8268,0,7923,7937,0,,31911,135477,0,1
SVR-HQ,P103,0,2110,0,0,2311,0,0,2284,0,0,2600,0,0,2975,0,2830,2804,0.009187279151943506,2499,2479,0.00800320128051224,2428,2407,0.008649093904448124,2510,2478,0.012749003984063756,2811,2779,0.011383849163998594,2447,2422,0.010216591744993897,2497,2473,0.009611533840608755,,18022,30122,0,40
SVR-BV,P104,0,19739,0,0,19436,0,0,20367,0,0,20567,0,0,18113,0,0,19432,0,0,18448,0,0,16167,0,15141,15161,0,12518,12533,0,14020,14037,0,10171,10185,0,,51850,204185,0,1
SVR-CP,P104,0,1402,0,0,1,0,0,0,,0,0,,0,0,,0,0,,0,0,,0,5843,0,7777,7785,0,7714,7721,0,8159,8166,0,7902,7910,0,,31552,38828,0,1
SVR-HQ,P104,0,8803,0,0,8704,0,0,8854,0,0,9517,0,0,10884,0,8697,9696,0,9269,8607,0.07142086524975721,9319,8621,0.07490074042279216,9887,9129,0.07666632952361685,10123,9352,0.07616319272942806,9559,8841,0.07511245946228684,9337,8695,0.06875870193852418,,66191,109703,0,155
SVR-BV,P105,0,923320,0,0,785410,0,0,976330,0,0,986070,0,0,861890,0,0,970570,0,0,1008090,0,0,1158750,0,1093610,1092710,0.0008229624820548231,1144710,1144500,0.0001834525775087359,1120640,1120320,0.0002855511136493627,979990,979730,0.0002653088296818984,,4338950,12007690,0,1
SVR-CP,P105,0,6126,0,0,6177,0,0,5831,0,0,6124,0,0,5889,0,0,6001,0,0,5836,0,0,6074,0,6255,6215,0.006394884092725817,6066,6036,0.004945598417408492,6231,6192,0.006259027443427989,6081,6042,0.006413418845584662,,24633,72543,0,1
SVR-HQ,P105,0,10288,0,0,10363,0,0,10481,0,0,12844,0,0,12195,0,10977,10648,0.02997175913273209,10779,10457,0.029872901011225528,12191,11829,0.029694036584365535,11264,10924,0.03018465909090906,10690,10388,0.02825070159027132,11554,11214,0.029427038255149696,9668,9386,0.029168390566818414,,77123,131017,0,109
SVR-BV,P106,0,1400570,0,0,1245940,0,0,1267980,0,0,1223210,0,0,1168290,0,0,1326960,0,0,1429960,0,0,1436350,0,1334070,1333930,0.00010494201953425986,1338980,1338850,9.708882880998804e-05,1417220,1417090,9.172887766195625e-05,1205800,1205750,4.146624647538566e-05,,5296070,15794880,0,1
SVR-CP,P106,0,6743,0,0,6608,0,0,6253,0,0,7518,0,7698,7474,0.029098467134320627,7389,7166,0.030179997293273808,6563,6377,0.02834069785159221,7224,7022,0.02796234772978956,7494,7137,0.04763811048839073,6930,6877,0.007647907647907681,8028,7795,0.029023418036870918,6253,6074,0.028626259395490128,,57579,83044,0,82
SVR-HQ,P106,0,21853,0,0,22027,0,0,22063,0,0,27053,0,0,25438,0,25522,24736,0.03079695948593375,23400,22976,0.0181196581196581,26895,26139,0.0281093139988845,25735,24977,0.02945405090343889,26591,25801,0.029709300139144856,24268,23711,0.022952035602439413,21697,21124,0.026409180992764014,,174108,287898,0,195
SVR-BV,P107,0,3889,0,0,3490,0,0,3565,0,0,4343,0,0,5543,0,0,4777,0,0,4351,0,0,4516,0,5604,5603,0.00017844396859389988,4532,4532,0,3770,3772,0,3791,3792,0,,17697,52173,0,1
SVR-CP,P107,0,9870,0,0,9618,0,0,8846,0,0,11761,0,13838,13089,0.0541263188322012,13301,12561,0.055634914668070024,11757,11075,0.05800799523688016,11135,10519,0.05532105972159851,12519,11916,0.04816678648454353,12690,11985,0.05555555555555558,11404,10808,0.05226236408277796,12213,11545,0.054695815933840986,,98857,133593,0,97
SVR-HQ,P107,0,8179,0,0,8334,0,0,8083,0,0,9810,0,0,9334,0,9340,8942,0.04261241970021412,8929,8572,0.039982080860118674,10098,9685,0.04089918795801151,9917,9510,0.04104063728950291,9520,9136,0.04033613445378148,9087,8687,0.0440189281390998,8318,8011,0.036907910555421974,,65209,106283,0,103
SVR-BV,P108,0,45142,0,0,35377,0,0,40347,0,0,48308,0,0,64522,0,0,66842,0,0,74053,0,0,80275,0,86242,86271,0,78241,78267,0,80592,80617,0,68564,68571,0,,313639,768592,0,1
SVR-CP,P108,0,12679,0,0,12157,0,0,12327,0,14454,13907,0.03784419537844197,15804,15140,0.04201467982789164,14738,14158,0.03935405075315512,13520,13002,0.038313609467455656,13442,12939,0.037420026781728954,14979,14400,0.0386541157620669,14307,13761,0.03816313692598028,14609,14056,0.037853378054623854,13709,13171,0.0392442920709023,,129562,161697,0,122
SVR-HQ,P108,0,20538,0,0,0,,0,40943,0,0,23903,0,0,22465,0,24640,22186,0.09959415584415587,23360,21396,0.08407534246575343,25880,23572,0.0891808346213292,25880,23713,0.08373261205564142,23280,21275,0.08612542955326463,24680,22587,0.08480551053484597,21000,19353,0.0784285714285714,,168720,261931,0,236
SVR-BV,P109,0,19823,0,0,16832,0,0,18857,0,0,23985,0,0,25743,0,0,27759,0,0,31443,0,0,31355,0,32720,32816,0,29254,29341,0,30120,30212,0,31516,31611,0,,123610,319777,0,1
SVR-CP,P109,0,3630,0,0,3311,0,0,3265,0,3983,3863,0.03012804418779813,3808,3691,0.03072478991596639,3537,3431,0.029968900197907877,3427,3333,0.02742923840093381,3607,3501,0.029387302467424492,3511,3403,0.03076046710338931,3466,3351,0.033179457587997674,3604,3488,0.0321864594894562,3357,3248,0.03246946678582063,,32300,41515,0,34
SVR-HQ,P109,0,37784,0,0,36184,0,0,34888,0,0,41322,0,0,42363,0,0,42120,0,37604,37595,0.00023933624082539406,39224,39220,0.00010197838058334519,41678,41671,0.0001679543164259112,38898,38891,0.00017995783844926283,38071,38065,0.00015760027317379688,40308,40301,0.00017366279646724436,,235783,470404,0,1
SVR-BV,P11,0,2523,0,0,3474,0,0,3566,0,0,5054,0,0,4066,0,0,3379,0,0,3509,0,0,3466,0,4262,4283,0,4404,4412,0,6769,6780,0,5053,5058,0,,20488,49570,0,1
SVR-CP,P11,0,19100,0,0,17800,0,0,20620,0,0,20450,0,0,23780,0,0,22480,0,0,19540,0,24110,24110,0,42370,42380,0,21660,21670,0,48690,48710,0,16880,16890,0,,153710,297530,0,1
SVR-HQ,P11,0,192584,0,0,168599,0,0,177043,0,0,201668,0,0,217089,0,218826,206182,0.05778106806321004,205654,195251,0.05058496309335092,193759,185549,0.04237222529018003,224190,212314,0.05297292475132698,177629,171420,0.03495487786341189,207456,197433,0.04831385932438681,194492,185029,0.048654957530386844,,1422006,2310161,0,709
SVR-KR,P11,0,0,,0,0,,0,0,,0,0,,0,0,,0,0,,0,0,,0,0,,0,0,,0,0,,0,0,,0,0,,,0,0,,0
SVR-BV,P1-1,0,63356,0,0,53945,0,0,50545,0,0,57294,0,0,68694,0,0,82120,0,0,105317,0,0,120708,0,136540,136586,0,73330,74354,0,59607,58127,0.024829298572315306,51427,51445,0,,320904,922491,0,1
SVR-BV,P110,0,78733,0,0,75919,0,0,85300,0,0,104430,0,0,100975,0,0,84887,0,0,90211,0,0,106083,0,97491,97472,0.00019488978469806018,107195,107174,0.00019590465973229332,110726,110705,0.00018965735238340997,85512,85475,0.0004326878098980247,,400924,1127364,0,1
SVR-CP,P110,0,7374,0,0,7548,0,0,7436,0,9414,8994,0.04461440407903128,9207,8770,0.04746388617356356,8775,8359,0.047407407407407454,8605,8251,0.04113887274840211,9326,8885,0.047287154192579894,9025,8619,0.044986149584487545,9083,8654,0.04723109104921286,9324,8874,0.04826254826254828,8598,8184,0.048150732728541534,,81357,99948,0,107
SVR-HQ,P110,0,4614,0,0,0,,0,8859,0,0,5396,0,0,4900,0,4820,4689,0.027178423236514537,4782,4642,0.029276453366792188,5325,5165,0.030046948356807546,5068,4918,0.029597474348855513,4724,4588,0.028789161727349688,5040,4889,0.029960317460317465,4163,4044,0.02858515493634395,,33922,56704,0,51
SVR-BV,P111,0,28056,0,0,49350,0,0,98740,0,0,183520,0,0,186340,0,0,187770,0,0,190860,0,0,220350,0,199910,199830,0.00040018008103648306,236980,236930,0.00021098826905219248,294840,294780,0.00020350020350023978,261890,261830,0.00022910382221541514,,993620,2138356,0,1
SVR-CP,P111,0,14795,0,0,15030,0,0,14646,0,0,17715,0,0,18048,0,0,16447,0,0,15484,0,16865,16966,0,15788,15887,0,16161,16257,0,15147,15239,0,13962,14050,0,,77923,190564,0,1
SVR-HQ,P111,0,27278,0,0,27235,0,0,25644,0,0,29211,0,0,32726,0,32026,30581,0.04511959033285451,30885,29516,0.04432572446171279,29520,28276,0.042140921409214105,32823,31359,0.0446028699387625,33191,31730,0.0440179566750023,28478,27237,0.04357749841983283,29745,28404,0.045083207261724656,,216668,349197,0,305
SVR-BV,P112,0,19791,0,0,21013,0,0,22889,0,0,25589,0,0,34764,0,0,37558,0,38460,41943,0,47621,43542,0.08565548812498691,51373,47216,0.08091799194129212,59262,53569,0.09606493199689514,72957,66160,0.0931644667406829,69497,60969,0.12271033282012178,,339170,475003,0,120
SVR-CP,P112,0,57,0,0,109,0,0,573,0,0,203,0,0,154,0,0,88,0,0,309,0,186,186,0,425,425,0,304,304,0,235,235,0,254,255,0,,1404,2898,0,1
SVR-HQ,P112,0,15683,0,0,15819,0,0,15222,0,0,17248,0,0,19976,0,18770,18071,0.037240277037826286,17849,17148,0.03927390890245952,17117,16382,0.04293976748261963,19464,18670,0.04079325935059597,19522,18655,0.04441143325478947,17121,16350,0.04503241633082178,18298,17543,0.04126134003716253,,128141,206767,0,182
SVR-BV,P113,0,553520,0,0,490179,0,0,648560,0,0,843451,0,0,795559,0,0,752441,0,0,725730,0,0,763070,0,740169,739980,0.00025534708965113673,717101,716920,0.00025240517026192677,684669,684519,0.00021908396612080328,637080,636981,0.00015539649651530318,,2779019,8350910,0,1
SVR-CP,P113,0,2107,0,0,1915,0,0,2088,0,0,3531,0,0,3181,0,0,2251,0,0,2146,0,3265,3274,0,1721,1727,0,2462,2468,0,1428,1432,0,1295,1299,0,,10171,27419,0,1
SVR-HQ,P113,0,14113,0,0,14044,0,0,13425,0,0,15200,0,0,16890,0,16865,16021,0.05004447079750962,16009,15243,0.04784808545193331,15111,14438,0.044537092184501303,16897,16097,0.04734568266556194,17449,16619,0.04756719582784119,14982,14301,0.045454545454545414,15626,14901,0.04639703059004219,,112939,181292,0,152
SVR-BV,P114,0,183358,0,0,154643,0,0,190555,0,0,201237,0,0,223792,0,0,255351,0,225953,214329,0.05144432691754475,252792,258100,0,260855,250551,0.039500872132027354,274808,259638,0.055202177520305096,292723,281565,0.03811794768432952,286321,259784,0.09268268831137083,,1593452,2732903,0,194
SVR-CP,P114,0,12525,0,0,12730,0,0,11519,0,13945,13393,0.039584080315525294,15092,14394,0.04624966869864833,13673,13149,0.03832370364952831,12727,12233,0.038815117466802884,12223,11852,0.03035261392456845,13118,12651,0.03559993901509373,13984,13486,0.03561212814645309,12572,12129,0.03523703468024175,12658,12155,0.03973771527887504,,119992,152216,0,106
SVR-HQ,P114,0,19955,0,0,21135,0,0,19781,0,0,22006,0,0,25402,0,23856,22488,0.057344064386317894,22190,20952,0.055790896800360534,21177,20078,0.05189592482410166,23941,22626,0.05492669479136214,24135,22837,0.053780816241972285,20426,19358,0.05228630177225102,21184,20043,0.053861404833836835,,156909,256661,0,245
SVR-BV,P115,0,165938,0,0,134807,0,0,160277,0,0,169105,0,0,227796,0,0,213044,0,209962,199238,0.051075908974004824,234303,219090,0.06492874611080524,226384,224303,0.009192345748816222,228303,220266,0.03520321677770333,238966,231534,0.031100658671108006,229405,205682,0.10341099801660814,,1367323,2371080,0,61
SVR-CP,P115,0,3508,0,0,3453,0,0,3901,0,0,3585,0,4203,4094,0.025933856768974528,4299,4189,0.025587345894394042,3631,3532,0.027265216193886,4051,3956,0.02345099975314735,4062,3961,0.02486459871984248,4305,4200,0.024390243902439046,3815,3725,0.023591087811271283,3978,3874,0.02614379084967322,,32344,45978,0,46
SVR-HQ,P115,0,5243,0,0,5050,0,0,4656,0,0,5229,0,0,6061,0,5598,5420,0.03179707038227941,5289,5100,0.035734543391945595,4729,4574,0.03277648551490797,5451,5218,0.042744450559530356,5583,5451,0.02364320257925845,4761,4605,0.0327662255828608,5267,5090,0.033605468008353956,,36678,61697,0,74
SVR-BV,P116,0,6408,0,0,3957,0,0,4526,0,0,5667,0,0,7282,0,0,6180,0,0,5120,0,0,6388,0,6305,6280,0.003965107057890549,5848,5828,0.0034199726402188713,9187,9163,0.0026123870686840522,7715,7696,0.0024627349319507053,,29055,74495,0,1
SVR-CP,P116,0,4164,0,0,4133,0,0,4425,0,0,4920,0,5529,5377,0.027491408934707917,5362,5211,0.028161133905259206,5182,4999,0.03531455036665376,5009,4909,0.019964064683569593,5958,5794,0.0275260154414233,5671,5515,0.027508375947804642,5571,5418,0.02746365105008075,5545,5387,0.028494138863841334,,43827,60252,0,78
SVR-HQ,P116,0,11414,0,0,11675,0,0,11442,0,0,13050,0,0,14427,0,14893,13614,0.08587927214127444,14336,13049,0.0897739955357143,13462,12411,0.07807160897340659,15419,14098,0.08567351968350734,15660,14320,0.08556832694763727,13710,12534,0.08577680525164111,14324,13037,0.08984920413292374,,101804,155071,0,172
SVR-BV,P117,0,13502,0,0,14273,0,0,14035,0,0,15969,0,0,16276,0,0,16386,0,16049,14095,0.12175213408935137,17192,15357,0.10673569101907865,18612,16373,0.12029873200085961,17099,14914,0.12778525059945023,17584,15345,0.1273316651501365,18014,15665,0.13039857888309092,,104550,182190,0,131
SVR-CP,P117,0,3017,0,0,2952,0,0,2855,0,0,3716,0,3384,3318,0.019503546099290725,3269,3212,0.01743652493117165,3086,3026,0.01944264419961117,3205,3121,0.026209048361934495,3341,3297,0.013169709667764096,3520,3454,0.018750000000000044,3636,3526,0.030253025302530268,3413,3384,0.008496923527688272,,26854,38878,0,52
SVR-BV,P118,0,209574,0,0,206886,0,0,240141,0,0,299003,0,0,225372,0,0,230449,0,223038,205479,0.07872649503672025,253153,234506,0.07365901253392215,229381,208855,0.08948430776742622,235331,223638,0.049687461490411367,231795,216795,0.06471235358829996,194141,180085,0.0724009869115746,,1366839,2680783,0,129
SVR-CP,P118,0,2740,0,0,2763,0,0,2766,0,0,3664,0,3637,3529,0.029694803409403336,3613,3511,0.02823138665928593,3436,3333,0.029976717112922047,3562,3458,0.029197080291970767,3626,3520,0.02923331494760062,3614,3505,0.030160486995019387,3631,3528,0.028366841090608608,3502,3399,0.02941176470588236,,28621,39716,0,52
SVR-HQ,P118,0,9816,0,0,9920,0,0,9830,0,0,11060,0,0,12059,0,12864,11367,0.11637126865671643,10301,10798,0,10742,10279,0.04310184323217281,11991,11450,0.04511717121174219,12085,11547,0.044517997517583785,10269,9808,0.04489239458564609,10715,10228,0.045450303313112506,,78967,128162,0,137
SVR-CP,P119,0,1862,0,0,1749,0,0,1696,0,0,2377,0,2255,2218,0.016407982261640752,2134,2100,0.015932521087160256,1915,1885,0.015665796344647487,2070,2036,0.01642512077294689,2175,2137,0.017471264367816097,1996,1965,0.015531062124248485,2046,2014,0.01564027370478982,2167,2130,0.017074296262113542,,16758,24169,0,32
SVR-HQ,P119,0,4492,0,0,4420,0,0,4152,0,0,4786,0,0,5607,0,5594,5456,0.024669288523417987,5282,5152,0.02461188943581971,5030,4898,0.026242544731610362,5763,5622,0.024466423737636633,5835,5687,0.02536418166238219,4911,4784,0.025860313581755223,5235,5099,0.02597898758357209,,37650,60155,0,86
SVR-BV,P12,0,852170,0,0,785010,0,0,869850,0,0,937260,0,0,766010,0,0,749750,0,0,929740,0,0,885740,0,886750,886480,0.00030448266140403746,857400,857140,0.00030324236062517773,822120,821880,0.000291928185666368,768110,767850,0.0003384931845699102,,3334380,10108880,0,1
SVR-CP,P12,0,0,,0,0,,0,0,,0,0,,0,0,,0,0,,0,0,,0,0,,0,0,,0,0,,0,0,,0,0,,,0,0,,0
SVR-HQ,P12,0,84861,0,0,84185,0,0,84768,0,0,100316,0,0,111395,0,113292,106839,0.05695900857959957,100911,96247,0.046218945407339174,96500,92355,0.04295336787564763,108606,102514,0.05609266523028189,100515,95322,0.05166393075660347,95701,91834,0.0404071012842081,98139,93579,0.04646470821997373,,713664,1144215,0,391
SVR-KR,P12,0,14774,0,0,0,,0,10671,0,0,11620,0,0,0,,0,8060,0,0,0,,0,0,,464,464,0,7226,7217,0.0012455023526155573,0,0,,0,0,,,7690,52806,0,1
SVR-BV,P120,0,203594,0,0,196350,0,0,208330,0,0,240100,0,0,251903,0,0,221771,0,204366,210048,0,235050,228797,0.026602850457349447,214053,210739,0.015482146944915565,216735,206493,0.047255865457817126,247779,246614,0.004701770529383031,202809,199681,0.01542337864690424,,1320792,2624420,0,116
SVR-CP,P120,0,681,0,0,631,0,0,683,0,0,819,0,804,791,0.016169154228855676,848,835,0.015330188679245293,896,881,0.016741071428571397,900,882,0.020000000000000018,963,950,0.01349948078920038,877,862,0.01710376282782211,948,945,0.0031645569620253333,1033,1007,0.02516940948693125,,7269,9967,0,16
SVR-HQ,P120,0,16588,0,0,16390,0,0,17905,0,0,20806,0,0,19676,0,42720,19102,0.5528558052434457,38920,17499,0.5503854059609455,41800,18785,0.550598086124402,42400,19104,0.5494339622641509,41200,18511,0.5507038834951457,41960,18892,0.5497616777883698,36080,16296,0.5483370288248337,,285080,219554,0.22985126981899817,201
SVR-BV,P121,0,138716,0,0,129150,0,0,136626,0,0,163846,0,0,169315,0,0,186418,0,173381,155704,0.10195465477762844,201114,206670,0,218609,208732,0.04518112246064887,218261,209455,0.04034619102817272,240363,225568,0.061552734821915145,214452,205778,0.040447279577714323,,1266180,2135978,0,54
SVR-CP,P121,0,17385,0,0,19386,0,0,19690,0,0,22171,0,26427,25164,0.047792030877511604,26060,24378,0.06454336147352269,24910,23062,0.07418707346447206,23488,21619,0.07957254768392374,26204,23889,0.0883452907952984,25452,23033,0.09504164702184503,27237,24641,0.09531152476410765,24687,22882,0.0731154048689594,,204465,267300,0,136
SVR-BV,P122,0,97815,0,0,99386,0,0,102578,0,0,171633,0,0,163133,0,0,177787,0,171680,165590,0.03547297297297303,193794,182759,0.056941907386193535,202129,187192,0.0738983520425075,207397,199976,0.03578161689899084,215590,202576,0.06036458091748231,165658,156670,0.05425635948761909,,1156248,1907095,0,114
SVR-CP,P122,0,2803,0,0,2725,0,0,2635,0,0,3503,0,3059,2967,0.03007518796992481,3123,3029,0.030099263528658327,2923,2840,0.028395484091686574,3052,2964,0.028833551769331556,3242,3137,0.03238741517581745,3331,3234,0.02912038426898833,3247,3148,0.030489682784108463,3174,3085,0.028040327662255837,,25151,36070,0,55
SVR-HQ,P122,0,16827,0,0,15976,0,0,16456,0,0,19670,0,0,20242,0,21380,20571,0.037839101964452726,18160,17566,0.03270925110132161,19740,19082,0.033333333333333326,20180,19518,0.032804757185332045,18560,18586,0,22080,20593,0.06734601449275357,18620,17995,0.03356605800214818,,138720,223082,0,68
SVR-BV,P123,0,21540,0,0,20975,0,0,27223,0,0,32934,0,0,31677,0,0,26898,0,0,27830,0,0,32615,0,27470,27455,0.0005460502366217979,29098,29081,0.0005842325933054227,27676,27657,0.0006865153923977241,17683,17665,0.0010179268223717841,,101927,323550,0,1
SVR-CP,P123,0,2395,0,0,2309,0,0,2366,0,0,2898,0,2730,2675,0.020146520146520186,2653,2598,0.020731247644176443,2686,2632,0.02010424422933732,2859,2800,0.020636586218957698,2931,2870,0.020812009553053512,3069,3004,0.021179537308569585,3220,3160,0.018633540372670843,3197,3129,0.021269940569283663,,23345,32836,0,53
SVR-HQ,P123,0,24239,0,0,22634,0,0,26354,0,0,31796,0,0,34871,0,38239,38362,0,36791,36525,0.007230029083199696,41989,41415,0.01367024696944441,41627,41165,0.011098565834674612,38003,37584,0.011025445359576835,39327,38880,0.011366236936455887,33762,33393,0.010929447307623907,,269738,407218,0,124
SVR-BV,P124,0,333754,0,0,313323,0,0,279232,0,0,442040,0,0,524783,0,0,592646,0,0,470134,0,0,508386,0,539043,539290,0,553671,553930,0,552276,552556,0,519378,519596,0,,2164368,5629670,0,1
SVR-CP,P124,0,12891,0,0,13419,0,0,13404,0,0,16340,0,15202,14646,0.03657413498223916,14915,14413,0.03365739188736172,14456,13958,0.034449363586054216,14997,14496,0.03340668133626723,15194,14684,0.033565881268921904,15668,15141,0.033635435282103665,14976,14480,0.03311965811965811,14251,13755,0.03480457511753565,,119659,171627,0,199
SVR-HQ,P124,0,13078,0,0,14146,0,0,14784,0,0,16032,0,0,15874,0,16324,15888,0.026709139916687108,15161,14751,0.027043071037530453,17131,16667,0.02708540073550869,16884,16390,0.029258469556976974,16938,16413,0.030995394969890233,17842,17330,0.02869633449164888,14529,14258,0.018652350471470847,,114809,185611,0,141
SVR-BV,P125,0,498840,0,0,411560,0,0,470010,0,0,485870,0,0,491380,0,0,566520,0,0,592370,0,0,689040,0,679570,679580,0,681140,681070,0.00010276888745341939,745760,745700,8.045483801755182e-05,584890,584900,0,,2691360,6896840,0,1
SVR-CP,P125,0,2207,0,0,1943,0,0,1206,0,0,1839,0,0,6468,0,0,5765,0,0,6584,0,7749,7765,0,7478,7496,0,7097,7117,0,6782,6814,0,5817,5834,0,,34923,61038,0,1
SVR-HQ,P125,0,12223,0,0,11488,0,0,12474,0,0,13985,0,0,12992,0,13272,13006,0.020042194092827037,12415,12158,0.020700765203383042,13584,13306,0.020465253239104864,13725,13452,0.019890710382513666,13861,13590,0.019551258927927306,13186,12917,0.02040042469285608,11928,11674,0.021294433266264234,,91971,153265,0,99
SVR-BV,P126,0,29371,0,0,27700,0,0,28832,0,0,35025,0,0,36217,0,0,35121,0,31906,30742,0.03648216636369339,37007,35171,0.049612235523009196,39016,38697,0.008176132868566777,37619,36357,0.033546877907440376,39950,38604,0.03369211514392989,40301,38967,0.033100915610034476,,225799,410804,0,125
SVR-CP,P126,0,7361,0,0,7294,0,0,7662,0,9580,8936,0.06722338204592904,10840,10072,0.07084870848708491,9500,8877,0.06557894736842107,8620,8063,0.06461716937354989,8260,7734,0.06368038740920101,10000,9336,0.06640000000000001,9840,9193,0.06575203252032524,10000,9327,0.06730000000000003,10140,9390,0.07396449704142016,,86780,103245,0,139
SVR-HQ,P126,0,15404,0,0,15756,0,0,15560,0,0,18264,0,0,17686,0,18440,17767,0.03649674620390453,15680,15096,0.03724489795918362,18280,17607,0.0368161925601751,17840,17172,0.03744394618834079,17320,17028,0.016859122401847615,17140,17023,0.006826137689614931,15660,15519,0.009003831417624508,,120360,199882,0,124
SVR-BV,P127,0,39990,0,0,26819,0,0,30460,0,0,35573,0,0,31993,0,0,43290,0,0,37028,0,0,33845,0,37418,37436,0,40444,40465,0,46519,46540,0,37977,37996,0,,162358,441435,0,1
SVR-CP,P127,0,5588,0,0,5152,0,0,5477,0,6920,6448,0.06820809248554915,7820,7269,0.07046035805626594,7620,7132,0.0640419947506562,7120,6627,0.06924157303370782,6640,6223,0.06280120481927709,7920,7379,0.06830808080808082,7780,7264,0.06632390745501282,7780,7275,0.06491002570694082,7720,7199,0.06748704663212435,,67320,79033,0,100
SVR-HQ,P127,0,6863,0,0,6794,0,0,6704,0,0,8272,0,0,8149,0,7980,7750,0.028822055137844638,6360,6219,0.022169811320754684,7600,7388,0.027894736842105305,7280,7083,0.027060439560439575,7520,7326,0.02579787234042552,7520,7303,0.028856382978723394,6440,6283,0.02437888198757765,,50700,86134,0,76
SVR-BV,P128,0,331690,0,0,297030,0,0,416320,0,0,649550,0,0,905180,0,0,1140780,0,0,1321370,0,0,1447320,0,1414090,1412930,0.0008203155386149463,1472510,1471200,0.0008896374218171355,1557590,1556440,0.0007383200970730863,1359600,1358560,0.0007649308620182316,,5803790,12308370,0,1
SVR-CP,P128,0,0,,0,0,,0,2311,0,0,3134,0,4026,4050,0,3547,3476,0.020016915703411353,3361,3259,0.030348110681344798,3671,3632,0.010623808226641218,4042,3953,0.02201880257298372,4241,4160,0.019099269040320666,4125,4038,0.02109090909090905,5288,5428,0,,32301,37441,0,62
SVR-HQ,P128,0,6174,0,0,6315,0,0,6636,0,0,7618,0,0,6947,0,7169,6937,0.032361556702468985,6655,6449,0.030954169797145048,7238,7013,0.031085935341254478,7564,7330,0.030936012691697545,7344,7113,0.03145424836601307,7223,6983,0.03322719091790116,6557,6356,0.030654262620100625,,49750,81871,0,55
SVR-BV,P129,0,353587,0,0,312988,0,0,403077,0,0,517062,0,0,514978,0,0,527276,0,0,479138,0,0,455189,0,462923,462590,0.0007193420936094652,453192,452972,0.00048544546240891773,507886,507599,0.0005650874408823503,396967,396747,0.0005542022384732448,,1820968,5383203,0,1
SVR-CP,P129,0,0,,0,0,,0,1380,0,2347,2224,0.05240732850447383,2685,2607,0.029050279329608908,2782,2698,0.030194104960460155,2724,2633,0.03340675477239352,2737,2647,0.03288271830471323,3293,3183,0.03340419070756151,3155,3055,0.031695721077654504,3181,3066,0.036152153410877075,3504,3394,0.031392694063926974,,26408,26887,0,47
SVR-HQ,P129,0,11769,0,0,11720,0,0,12659,0,0,14649,0,0,13442,0,14220,12818,0.09859353023909989,12520,11406,0.08897763578274764,13820,12528,0.0934876989869754,14100,12769,0.09439716312056734,14100,12736,0.09673758865248228,13780,12475,0.0947024673439768,11860,10755,0.09317032040472173,,94400,149726,0,137
SVR-CP,P13,0,0,,0,0,,0,0,,0,0,,0,0,,0,0,,0,0,,0,0,,0,0,,0,0,,0,0,,0,0,,,0,0,,0
SVR-HQ,P13,0,117679,0,0,107167,0,0,116580,0,0,129235,0,0,140998,0,152286,144761,0.04941360335158851,137976,130792,0.052067026149475226,130893,125963,0.03766435179879746,142198,136123,0.0427221198610388,132384,129183,0.024179659173313994,119470,114999,0.03742362099271779,142449,133708,0.06136231212574328,,957656,1527188,0,509
SVR-KR,P13,0,92698,0,0,93247,0,0,99440,0,0,121346,0,0,124859,0,0,129433,0,0,105913,0,0,125188,0,113705,113819,0,109141,109258,0,111670,111812,0,94346,94432,0,,428862,1321445,0,1
SVR-BV,P130,0,109056,0,0,94155,0,0,103800,0,0,133577,0,0,162660,0,0,142362,0,0,120270,0,0,116238,0,119806,119780,0.00021701751164382443,104196,104187,8.637567660951806e-05,118149,118127,0.00018620555400383765,114211,114181,0.00026267172163807473,,456362,1438393,0,1
SVR-CP,P130,0,303,0,0,90,0,0,114,0,0,557,0,0,1675,0,0,311,0,0,387,0,676,676,0,679,679,0,783,787,0,717,715,0.002789400278940035,1012,1014,0,,3867,7308,0,1
SVR-HQ,P130,0,11767,0,0,11980,0,0,11396,0,0,13182,0,0,14182,0,14085,13701,0.027263045793397223,12712,12050,0.052076777847702926,12761,11987,0.060653553796724435,14236,13305,0.06539758359089631,12695,11882,0.06404096100827095,12468,11711,0.06071543150465186,13213,12339,0.06614697646257472,,92170,149482,0,162
SVR-BV,P131,0,5211,0,0,4660,0,0,4742,0,0,5496,0,0,4587,0,0,0,,0,10684,0,0,5472,0,5669,5655,0.0024695713529723218,5233,5227,0.001146569845213108,5649,5654,0,5459,5454,0.0009159186664223773,,22010,62842,0,1
SVR-CP,P131,0,0,,0,0,,0,0,,0,3205,0,3566,3292,0.07683679192372406,3840,3322,0.13489583333333333,3635,3466,0.04649243466299857,3681,3510,0.04645476772616142,4343,4119,0.05157725074833064,4882,4636,0.05038918476034415,4089,3864,0.05502567865003671,4313,4098,0.049849292835613235,,32349,33512,0,65
SVR-HQ,P131,0,29475,0,0,29224,0,0,28330,0,0,33043,0,0,37435,0,34698,33152,0.04455588218341111,33462,32076,0.041420118343195256,31906,30672,0.038676111076286546,34866,33372,0.042849767681982454,33793,32424,0.040511348504128075,32945,31699,0.03782061010775539,32986,31602,0.041957193961074446,,234656,382504,0,239
SVR-BV,P132,0,43608,0,0,36735,0,0,40326,0,0,47940,0,0,58462,0,0,56340,0,0,51451,0,0,53151,0,57254,57141,0.00197366122890974,56920,56810,0.001932536893886172,62348,62225,0.0019727978443574434,50733,50638,0.001872548439871502,,227255,614827,0,1
SVR-CP,P132,0,0,,0,0,,0,0,,0,4902,0,6236,5136,0.17639512508017963,7476,5003,0.33079186730872123,7269,7608,0,7757,7470,0.03699883975763829,7650,7343,0.04013071895424836,7579,7249,0.04354136429608124,7703,7319,0.04985070751655196,7454,7113,0.045747249798765766,,59124,59143,0,89
SVR-HQ,P132,0,9941,0,0,9929,0,0,10015,0,0,11466,0,0,13665,0,14520,13131,0.09566115702479339,12440,11403,0.0833601286173633,11780,10839,0.07988115449915112,12120,11118,0.08267326732673264,12400,11376,0.08258064516129038,11620,10672,0.08158347676419964,11800,10820,0.08305084745762714,,86680,134375,0,127
SVR-BV,P133,0,1465,0,0,1357,0,0,1943,0,0,3967,0,0,7640,0,0,7654,0,0,6954,0,0,6692,0,0,7618,0,0,8290,0,0,10290,0,0,9416,0,,0,73286,0,1
SVR-CP,P133,0,0,,0,0,,0,0,,0,0,,0,1915,0,2574,2532,0.01631701631701632,2515,2459,0.02226640159045723,2671,2615,0.020965930363159857,3050,3043,0.002295081967213064,2882,2837,0.015614156835530912,2895,2845,0.01727115716753025,3079,3025,0.017538161740824898,,19666,21271,0,55
SVR-HQ,P133,0,4097,0,0,4002,0,0,3976,0,0,4694,0,0,5668,0,5166,4926,0.04645760743321714,4608,4398,0.04557291666666663,4688,4470,0.04650170648464169,5218,4980,0.04561134534304334,4411,4212,0.045114486510995255,4599,4389,0.045662100456621,4724,4511,0.04508890770533447,,33414,54323,0,21
SVR-BV,P134,0,0,,0,0,,0,0,,0,0,,0,0,,0,0,,0,0,,0,0,,1800,1810,0,0,0,,0,0,,0,0,,,1800,1810,0,1
SVR-CP,P134,0,0,,0,0,,0,0,,0,0,,0,0,,0,0,,0,0,,0,0,,1630,2634,0,3359,3287,0.021434950878237546,3314,3246,0.02051901025950509,3176,3207,0,,11479,12374,0,45
SVR-HQ,P134,0,27812,0,0,28144,0,0,27752,0,0,32127,0,0,35545,0,33760,32209,0.04594194312796207,29680,28446,0.04157681940700808,30360,29048,0.043214756258234566,33640,32204,0.042687277051129624,31040,29644,0.04497422680412366,31040,29696,0.043298969072164906,32200,30809,0.04319875776397519,,221720,363436,0,294
SVR-BV,P135,0,13821,0,0,11763,0,0,12750,0,0,17737,0,0,20804,0,0,16376,0,0,15922,0,0,16062,0,17364,17358,0.0003455425017276914,16129,16125,0.000248000496001044,20813,20809,0.0001921875750732216,15587,15585,0.0001283120549175898,,69893,195112,0,1
SVR-CP,P135,0,0,,0,0,,0,0,,0,0,,0,0,,0,0,,0,14245,0,9286,9282,0.0004307559767391389,7232,7230,0.00027654867256632354,4337,4334,0.0006917223887479285,56837,56814,0.0004046659746291814,64141,64115,0.00040535694797394495,,141833,156020,0,1
SVR-HQ,P135,0,8298,0,0,8516,0,0,8103,0,0,9467,0,0,10218,0,9900,8934,0.09757575757575754,8760,7943,0.09326484018264836,8600,7780,0.09534883720930232,10220,9215,0.09833659491193736,9720,8735,0.10133744855967075,9300,8446,0.09182795698924728,9900,8908,0.10020202020202018,,66400,104563,0,132
SVR-BV,P136,0,128945,0,0,121721,0,0,130243,0,0,174800,0,0,213521,0,0,246261,0,0,225681,0,0,216005,0,235620,235620,0,279530,279480,0.0001788716774585586,310950,310920,9.647853352634517e-05,270560,270530,0.00011088113542279121,,1096660,2553727,0,1
SVR-CP,P136,0,0,,0,0,,0,0,,0,0,,0,0,,0,0,,0,0,,0,0,,9090,9091,0,4837,4837,0,5963,5963,0,3992,3990,0.0005010020040080443,,23882,23881,4.187253998833018e-05,1
SVR-HQ,P136,0,8471,0,0,8460,0,0,8654,0,0,10489,0,0,11296,0,9983,9221,0.07632976059300811,8758,8128,0.07193423155971679,8686,8091,0.06850103615012659,9581,8899,0.07118254879448904,8501,7892,0.07163863074932364,8211,7658,0.06734867860187554,9067,8419,0.07146796073673767,,62787,105678,0,118
SVR-BV,P137,0,9219,0,0,1847,0,0,5318,0,0,8191,0,0,25060,0,0,24202,0,0,20209,0,0,14109,0,17984,18015,0,15072,15099,0,12527,12547,0,7915,7929,0,,53498,161745,0,1
SVR-CP,P137,0,0,,0,0,,0,0,,0,0,,0,0,,0,0,,0,0,,0,0,,13075,13077,0,11396,11397,0,23568,23565,0.0001272912423625483,10930,10931,0,,58969,58970,0,1
SVR-HQ,P137,0,1431,0,0,1575,0,0,1441,0,0,1599,0,0,2075,0,9788,1773,0.8188598283612587,8955,8739,0.024120603015075348,9764,9512,0.02580909463334702,9647,9420,0.023530631284337078,9891,9709,0.01840056617126684,8792,8615,0.020131938125568682,9060,8814,0.027152317880794752,,65897,64703,0.018119186002397702,83
SVR-HQ,P137-1,0,10566,0,0,11155,0,0,10672,0,0,11812,0,0,14337,0,5883,13249,0,5578,5172,0.07278594478307632,5587,5174,0.07392160372292822,5862,5431,0.07352439440464009,6807,6216,0.0868223887174967,5627,5181,0.07926070730406964,5512,5157,0.06440493468795361,,40856,104122,0,51
SVR-BV,P138,0,25726,0,0,26561,0,0,31199,0,0,34517,0,0,37730,0,0,40877,0,64906,39896,0.3853264721289249,82949,86989,0,91245,87603,0.03991451586388295,54527,43590,0.2005795294074495,86926,75508,0.13135310493983388,79695,68388,0.14187841144362878,,460248,598584,0,144
SVR-CP,P138,0,0,,0,0,,0,0,,0,0,,0,0,,0,0,,0,0,,1214,1215,0,3989,3994,0,4162,4170,0,8572,8581,0,10028,10040,0,,27965,28000,0,1
SVR-BV,P139,0,21360,0,0,14380,0,0,17325,0,0,21403,0,0,28765,0,0,26556,0,0,24851,0,0,26201,0,26636,26667,0,23748,23778,0,25135,25172,0,21511,21543,0,,97030,278001,0,1
SVR-CP,P139,0,0,,0,0,,0,0,,0,0,,0,0,,0,0,,0,0,,0,0,,0,0,,1130,1150,0,5550,5560,0,8960,8980,0,,15640,15690,0,1
SVR-HQ,P139,0,6807,0,0,7612,0,0,7170,0,0,8052,0,0,10354,0,8819,8591,0.025853271345957607,7720,7520,0.025906735751295318,8109,7892,0.026760389690467346,8341,8135,0.024697278503776565,8261,8052,0.025299600532623145,7302,7095,0.028348397699260452,7603,7410,0.025384716559252896,,56155,94690,0,123
SVR-BV,P14,0,0,,0,0,,0,0,,0,0,,0,15300,0,0,4380,0,0,0,,0,0,,0,0,,0,0,,42250,42230,0.0004733727810650734,0,0,,,42250,61910,0,1
SVR-CP,P14,0,42505,0,0,48011,0,0,43122,0,52960,49322,0.06869335347432026,60240,55153,0.08444555112881802,57400,53535,0.06733449477351916,52640,49807,0.053818389057750715,47840,45584,0.04715719063545154,51960,49377,0.04971131639722859,50360,47694,0.05293884034948371,52840,49914,0.05537471612414835,47040,44533,0.053295068027210846,,473280,578557,0,323
SVR-HQ,P14,0,27762,0,0,25921,0,0,27336,0,0,29517,0,0,32615,0,34740,33510,0.03540587219343694,30840,29802,0.033657587548638124,29100,28071,0.03536082474226809,32640,31257,0.04237132352941175,31140,30133,0.032337829158638365,29160,28100,0.036351165980795574,29940,28859,0.03610554442217773,,217560,352883,0,165
SVR-KR,P14,0,133620,0,0,133433,0,0,135976,0,0,156454,0,0,147884,0,0,157951,0,0,137714,0,0,150664,0,133296,133569,0,129438,129727,0,129190,129439,0,115361,115609,0,,507285,1662040,0,1
SVR-BV,P140,0,78854,0,0,79531,0,0,74863,0,0,98352,0,0,98364,0,0,104831,0,101602,97998,0.035471742682230634,107229,98609,0.08038870081787575,132318,128711,0.027260085551474522,118502,114742,0.03172942228823139,124095,121559,0.020435956323784144,143605,130558,0.09085338254239061,,727351,1226972,0,198
SVR-HQ,P140,0,8571,0,0,8526,0,0,8398,0,0,9788,0,0,11484,0,9980,9647,0.03336673346693386,8720,8487,0.026720183486238502,8360,8127,0.027870813397129157,9380,9072,0.032835820895522394,8740,8467,0.031235697940503404,8420,8173,0.029334916864608096,8720,8466,0.029128440366972486,,62320,107206,0,131
SVR-BV,P141,0,1411,0,0,1210,0,0,2507,0,0,2445,0,0,2656,0,0,2860,0,2217,2226,0,2833,2841,0,2978,2800,0.05977165883143054,3875,3926,0,6570,5990,0.0882800608828006,6590,5584,0.15265553869499238,,25063,36456,0,16
SVR-BV,P142,0,5039,0,0,4911,0,0,4635,0,0,5208,0,0,6186,0,0,4352,0,0,4898,0,0,5237,0,4802,4780,0.004581424406497336,4357,4721,0,4467,4061,0.09088873964629507,4321,4256,0.015042814163388152,,17947,58284,0,1
SVR-CP,P142,0,0,,0,0,,0,0,,0,0,,0,0,,0,0,,0,0,,0,0,,0,0,,0,0,,0,0,,8280,8290,0,,8280,8290,0,1
SVR-BV,P143,0,2293,0,0,2295,0,0,2145,0,0,2153,0,0,2094,0,0,1105,0,869,867,0.0023014959723820505,744,742,0.0026881720430107503,815,814,0.0012269938650306678,1059,1057,0.0018885741265344258,1694,1691,0.0017709563164108877,1563,1560,0.0019193857965451588,,6744,18816,0,1
SVR-CP,P143,0,0,,0,0,,0,0,,0,0,,0,0,,0,0,,0,0,,0,0,,0,0,,0,0,,0,0,,1018,1019,0,,1018,1019,0,1
SVR-BV,P144,0,243928,0,0,207876,0,0,346822,0,0,493930,0,0,512936,0,0,525342,0,0,483201,0,0,491475,0,498434,498599,0,516593,516762,0,567954,568142,0,469994,470133,0,,2052975,5359146,0,1
SVR-BV,P145,0,6913,0,0,6072,0,0,6800,0,0,7823,0,0,9061,0,0,8582,0,8966,8837,0.014387686816863754,15957,15747,0.013160368490317764,32251,30455,0.0556881957148615,36515,24534,0.32811173490346435,40479,49560,0,31765,30400,0.04297182433495983,,165933,204784,0,6
SVR-BV,P146,0,14055,0,0,18670,0,0,22181,0,0,31152,0,0,34387,0,0,24964,0,28619,29418,0,29772,30409,0,31480,30165,0.04177255400254132,29280,29529,0,30530,30969,0,33963,34238,0,,183644,330137,0,45
SVR-BV,P147,0,13798,0,0,13003,0,0,13245,0,0,15899,0,0,19201,0,0,19354,0,16993,16239,0.044371211675395705,16585,16225,0.02170636116973168,17518,17177,0.019465692430642778,15275,14412,0.05649754500818327,17930,17258,0.037479085331846074,16581,15958,0.03757312586695616,,100882,191769,0,68
SVR-BV,P148,0,12747,0,0,11878,0,0,12414,0,0,15787,0,0,16671,0,0,16584,0,15439,14741,0.04521018200660665,17076,16376,0.0409932068400094,20841,19646,0.05733889928506308,19065,18684,0.019984264358772652,22460,21609,0.03788958147818344,24341,23465,0.03598866110677457,,119222,200602,0,53
SVR-BV,P149,0,32533,0,0,32143,0,0,39494,0,0,44940,0,0,32099,0,0,35255,0,19902,33202,0,37563,35774,0.047626653888134585,43187,38925,0.0986871049158311,37781,38199,0,46856,44725,0.04547976779921459,39404,37364,0.05177139376713025,,224693,444653,0,32
SVR-BV,P15,0,60016,0,0,56073,0,0,64093,0,0,58935,0,0,55532,0,0,55547,0,48900,49340,0,59300,55454,0.06485666104553123,65500,60865,0.07076335877862594,56200,51306,0.08708185053380779,63500,56626,0.10825196850393703,48900,45217,0.07531697341513288,,342300,669004,0,12
SVR-CP,P15,0,73347,0,0,77222,0,0,71100,0,0,82178,0,103380,94052,0.09023021861094993,89100,81535,0.08490460157126822,84360,78808,0.06581318160265526,79260,74165,0.06428210951299518,87720,82078,0.06431828545371632,84600,78934,0.06697399527186765,81960,81242,0.008760370912640258,91740,82056,0.10555918901242645,,702120,956717,0,477
SVR-HQ,P15,0,82654,0,0,76317,0,0,75801,0,0,86342,0,0,100148,0,108640,104295,0.03999447717231219,90236,86118,0.045635888115607925,88398,85630,0.03131292563180166,103154,98207,0.047957422882292544,93516,91690,0.019526070405064377,89216,86008,0.03595767575322817,92932,88222,0.050682219257091154,,666092,1061432,0,250
SVR-KR,P15,0,280,0,0,74546,0,0,52911,0,0,66417,0,0,64452,0,0,59350,0,0,45941,0,0,51834,0,48850,48794,0.001146366427840273,59341,59310,0.0005224044084191082,51404,51358,0.000894871994397306,43562,43552,0.00022955787153944307,,203157,618745,0,1
SVR-BV,P150,0,1498,0,0,1334,0,0,1762,0,0,1761,0,0,2177,0,0,2638,0,0,2539,0,0,2868,0,2485,2481,0.0016096579476860828,1686,1686,0,2178,2180,0,2075,2076,0,,8424,25000,0,1
SVR-BV,P151,0,659510,0,0,626910,0,0,639170,0,0,630630,0,0,587130,0,0,635520,0,0,682810,0,0,764300,0,696680,696230,0.0006459206522363425,669210,668760,0.0006724346617653643,744460,743970,0.000658195201891254,631770,631400,0.0005856561723411868,,2742120,7966340,0,1
SVR-HQ,P15-1,0,11840,0,0,11600,0,0,12337,0,0,14464,0,0,14145,0,0,13511,0,12635,12637,0,12558,12558,0,12796,12797,0,11849,11851,0,11544,11544,0,11490,11490,0,,72872,150774,0,1
SVR-BV,P152,0,26917,0,0,24415,0,0,23678,0,0,31522,0,0,37930,0,0,38421,0,39988,36256,0.09332799839951988,47710,44922,0.05843638650178162,54229,65523,0,62315,58527,0.060787932279547485,69535,71300,0,64392,63284,0.017207106472853728,,338169,522695,0,38
SVR-BV,P153,0,153968,0,0,150561,0,0,170116,0,0,197885,0,0,216855,0,0,200344,0,192053,192214,0,214965,189895,0.11662363640592655,208514,204867,0.01749043229711189,211013,211374,0,230371,226170,0.018235802249415123,178413,172062,0.0355971818197105,,1235329,2286311,0,113
SVR-BV,P154,0,9361,0,0,9960,0,0,9453,0,0,8826,0,0,11426,0,0,17234,0,16859,14521,0.13867963698914532,19346,18403,0.048743926393052806,22924,20426,0.10896876635840169,21691,20577,0.051357705960997646,36920,34454,0.06679306608884072,34331,28534,0.16885613585389303,,152071,203175,0,12
SVR-BV,P155,0,571,0,0,483,0,0,443,0,0,422,0,0,471,0,0,436,0,0,475,0,0,409,0,403,402,0.002481389578163795,380,380,0,414,454,0,0,393,0,,1197,5339,0,1
SVR-BV,P156,0,176114,0,0,173263,0,0,176118,0,0,202679,0,0,195531,0,0,196272,0,0,199740,0,0,217367,0,212925,212931,0,203589,203630,0,230635,230659,0,199429,199451,0,,846578,2383755,0,1
SVR-BV,P157,0,42699,0,0,42208,0,0,52203,0,0,64229,0,0,68408,0,0,55242,0,49772,47633,0.042975970425138676,60060,57938,0.03533133533133537,56897,54477,0.04253299822486245,62421,59283,0.050271543230643534,67220,63996,0.04796191609639988,60570,57664,0.047977546640251,,356940,665980,0,81
SVR-BV,P158,0,16330,0,0,14260,0,0,14840,0,0,16350,0,0,20360,0,0,15840,0,0,11960,0,0,12240,0,12200,12210,0,11620,11620,0,11850,11860,0,11130,11130,0,,46800,169000,0,1
SVR-BV,P159,0,384190,0,0,410910,0,0,320780,0,0,515200,0,0,473920,0,0,452049,0,0,247120,0,0,284211,0,437750,439869,0,449259,451520,0,298371,299531,0,410669,412269,0,,1596049,4691569,0,1
SVR-BV,P16,0,142,0,0,91,0,0,111,0,0,97,0,0,17,0,0,1,0,0,23,0,0,135,0,981,984,0,4678,4694,0,4523,4539,0,3369,3383,0,,13551,14217,0,1
SVR-CP,P16,0,18229,0,0,17537,0,0,17225,0,0,20412,0,22260,21077,0.05314465408805036,21900,20699,0.05484018264840185,20320,19272,0.051574803149606274,21140,20076,0.050331125827814516,22220,21041,0.05306030603060308,21180,20038,0.053918791312559056,22920,21700,0.05322862129144856,20880,19719,0.055603448275862055,,172820,237025,0,151
SVR-HQ,P16,0,129317,0,0,117554,0,0,123842,0,0,135892,0,0,145529,0,167280,160641,0.03968794835007172,140880,133920,0.04940374787052815,143160,140379,0.01942581726739312,155520,148474,0.04530606995884778,142920,139901,0.021123705569549345,140640,135468,0.03677474402730374,140880,135849,0.03571124361158429,,1031280,1646766,0,364
SVR-KR,P16,0,7856,0,0,7914,0,0,7519,0,0,9315,0,0,9500,0,0,9745,0,0,8259,0,0,8800,0,9298,8985,0.03366315336631531,8765,8490,0.03137478608100397,9327,9040,0.030770880240162946,8693,8409,0.03266996433912339,,36083,103832,0,93
SVR-BV,P160,0,24509,0,0,22711,0,0,24978,0,0,33943,0,0,26756,0,0,26226,0,0,26783,0,0,27689,0,23279,23256,0.000988014949095728,20948,30016,0,40245,31117,0.22681078394831655,28805,28789,0.0005554591216803129,,113277,326773,0,1
SVR-BV,P161,0,64538,0,0,63276,0,0,72414,0,0,106274,0,0,125031,0,0,123793,0,110769,110560,0.001886809486408625,118763,113103,0.04765794060439699,130668,126055,0.03530321119172253,112458,108972,0.030998239342687972,119977,115163,0.0401243571684573,106921,104216,0.02529905257152476,,699556,1233395,0,104
SVR-BV,P162,0,561700,0,0,543320,0,0,609040,0,0,720160,0,0,771600,0,0,749190,0,0,864060,0,0,986330,0,953440,953840,0,953340,953730,0,1077470,1079860,0,828420,826730,0.002040028005118155,,3812670,9619560,0,1
SVR-BV,P163,0,50839,0,0,46931,0,0,50309,0,0,63200,0,0,69363,0,0,74710,0,69501,66380,0.044905828693112326,68423,65400,0.0441810502316472,74238,68956,0.07114954605458124,70865,69834,0.014548789952727015,76188,73018,0.04160760224707305,71699,68738,0.04129764710804895,,430914,767678,0,71
SVR-BV,P164,0,13814,0,0,12733,0,0,14275,0,0,16827,0,0,19819,0,0,17262,0,0,15620,0,0,16290,0,17920,17908,0.0006696428571428825,15797,15786,0.0006963347471038439,17149,17138,0.0006414368184733954,14869,14876,0,,65735,192348,0,1
SVR-BV,P165,0,99867,0,0,96553,0,0,96405,0,0,105772,0,0,130873,0,0,124449,0,119882,117263,0.02184648237433473,119250,116302,0.024721174004192825,114717,111920,0.024381739410898162,99991,97770,0.022211999079917222,112267,109482,0.02480693347110019,98520,96272,0.022817701989443773,,664627,1302928,0,20
SVR-BV,P166,0,792665,0,0,677764,0,0,743484,0,0,841706,0,0,1144850,0,0,1040652,0,0,952475,0,0,1105131,0,1251639,1252421,0,1361928,1362221,0,1560340,1560600,0,1290580,1290780,0,,5464487,12764749,0,1
SVR-BV,P167,0,96138,0,0,81405,0,0,101605,0,0,125480,0,0,152690,0,0,151306,0,161023,132699,0.17590033721890663,164360,149107,0.0928023850085179,196654,163986,0.16611917377729413,181113,155131,0.143457399524054,219154,182001,0.16952918951969853,196847,165528,0.15910326294025312,,1119151,1657076,0,167
SVR-BV,P168,0,202198,0,0,169208,0,0,225534,0,0,209068,0,0,219000,0,0,274262,0,0,295579,0,0,296049,0,311016,311192,0,339519,339716,0,420124,420464,0,454990,455370,0,,1525649,3417640,0,1
SVR-BV,P169,0,1936,0,0,1775,0,0,1961,0,0,2209,0,0,2082,0,0,2112,0,1900,1795,0.05526315789473679,1900,1870,0.015789473684210575,2050,2014,0.017560975609756113,2200,2180,0.009090909090909038,2400,2370,0.012499999999999956,2150,2137,0.006046511627906925,,12600,24441,0,23
SVR-HQ,P169,0,8874,0,0,10391,0,0,9572,0,0,12027,0,0,10818,0,10107,9609,0.049272781240724206,8794,8415,0.04309756652262908,9796,9353,0.04522253981216828,8612,8232,0.04412447747329307,10071,9580,0.048753847681461626,9489,9064,0.044788702708399186,7884,7533,0.044520547945205435,,64753,113468,0,146
SVR-BV,P17,0,88380,0,0,87080,0,0,88818,0,0,106822,0,0,102072,0,0,122149,0,108255,107128,0.010410604591011952,129147,125133,0.03108086134404975,131449,126763,0.03564880676155768,139744,114501,0.18063745133959241,140541,118714,0.15530699226560218,122758,153120,0,,771894,1340680,0,7
SVR-CP,P17,0,1438,0,0,757,0,0,829,0,0,2395,0,0,2665,0,0,909,0,0,893,0,1377,1377,0,3711,3710,0.0002694691457828524,2542,2542,0,3159,3159,0,2199,2198,0.00045475216007273556,,12988,22872,0,1
SVR-HQ,P17,0,50395,0,0,55722,0,0,51665,0,0,61021,0,0,76507,0,70201,67833,0.03373171322345836,56347,54613,0.030773599304310784,65326,63141,0.03344763187704747,68334,65590,0.040155705797992214,58426,56959,0.025108684489781985,63942,61658,0.03571987113321451,57051,55520,0.026835638288548846,,439627,720624,0,265
SVR-KR,P17,0,6765,0,0,6582,0,0,6282,0,0,7853,0,0,7371,0,0,7214,0,0,6430,0,0,6309,0,0,6630,0,6921,6661,0.03756682560323654,6801,6546,0.037494486104984515,6904,6661,0.035196987253765966,,20626,81304,0,72
SVR-BV,P170,0,5491,0,0,5531,0,0,5944,0,0,6460,0,0,6817,0,0,6129,0,6500,5973,0.08107692307692305,6950,6421,0.07611510791366904,7350,6819,0.07224489795918365,7650,7023,0.08196078431372544,7750,7115,0.08193548387096772,6950,6410,0.07769784172661875,,43150,76133,0,46
SVR-HQ,P170,0,5262,0,0,5923,0,0,6520,0,0,8206,0,0,6853,0,7240,6605,0.08770718232044195,6000,5502,0.08299999999999996,6960,6392,0.08160919540229883,6600,6042,0.08454545454545459,7640,6988,0.08534031413612564,7280,6660,0.0851648351648352,6160,5638,0.08474025974025978,,47880,76591,0,120
SVR-BV,P171,0,14644,0,0,11841,0,0,12938,0,0,16288,0,0,20490,0,0,17021,0,0,15010,0,0,16313,0,17374,17411,0,16128,16153,0,16577,16612,0,11297,11310,0,,61376,186031,0,1
SVR-HQ,P171,0,3408,0,0,3582,0,0,3670,0,0,4420,0,0,3889,0,4147,3957,0.04581625271280443,3485,3322,0.0467718794835007,4136,3955,0.043762088974854896,3954,3765,0.047799696509863376,4295,4085,0.04889406286379516,4225,4029,0.04639053254437875,3808,3634,0.04569327731092432,,28050,45716,0,69
SVR-BV,P172,0,51559,0,0,52462,0,0,52620,0,0,62781,0,0,73160,0,0,62338,0,0,58890,0,0,70038,0,76226,76191,0.0004591609162227783,71938,71904,0.00047262920848512024,74029,73992,0.0004998041308136303,70411,70377,0.0004828790955958562,,292604,776312,0,1
SVR-HQ,P172,0,12873,0,0,12419,0,0,11794,0,0,14761,0,0,13627,0,13611,13125,0.035706413929909586,11570,11160,0.03543647363872082,13283,12824,0.034555446811714186,11580,11175,0.03497409326424872,13318,12827,0.03686739750713319,12646,12204,0.034951763403447744,11456,11038,0.03648743016759781,,87464,149827,0,157
SVR-BV,P173,0,27608,0,0,27436,0,0,27047,0,0,31682,0,0,34479,0,0,36299,0,32153,31406,0.023232668802289025,37698,36704,0.026367446548888562,42197,41431,0.018152949261795892,39878,38403,0.036987812829128885,43063,43063,0,44363,42722,0.03699028469670673,,239352,418280,0,102
SVR-HQ,P173,0,6980,0,0,11689,0,0,6607,0,0,7644,0,0,7815,0,7541,7361,0.02386951332714493,6580,6397,0.027811550151975672,7969,7754,0.026979545739741484,7167,6966,0.02804520719966508,7151,6954,0.02754859460215353,7473,7262,0.028234979258664472,6891,6706,0.02684661152227541,,50772,90135,0,85
SVR-BV,P174,0,3172,0,0,3176,0,0,4745,0,0,6381,0,0,10560,0,0,9805,0,7572,7473,0.01307448494453245,7161,7071,0.012568077084206153,9671,9541,0.013442250025850533,10219,10070,0.014580683041393483,8138,8021,0.014376996805111841,9594,9451,0.01490514905149054,,52355,89466,0,20
SVR-HQ,P174,0,27328,0,0,32142,0,0,28911,0,0,36712,0,0,36897,0,37863,36010,0.048939598024456576,31819,30466,0.042521763726075634,32016,30939,0.03363943028485761,32317,31264,0.03258347000030948,19286,33886,0,4939,37119,0,41599,31757,0.236592225774658,,199839,393431,0,259
SVR-BV,P175,0,28112,0,0,28059,0,0,33953,0,0,52332,0,0,43777,0,0,33763,0,0,31624,0,0,32902,0,26860,26871,0,33925,33942,0,32658,32673,0,28545,28555,0,,121988,406563,0,1
SVR-HQ,P175,0,6883,0,0,8074,0,0,7456,0,0,9066,0,0,9753,0,10171,9761,0.0403106872480582,9201,8843,0.03890881425931969,11037,10606,0.03905046661230405,9900,9520,0.03838383838383841,10019,9612,0.04062281664836809,9804,9410,0.040187678498571966,8849,8492,0.04034354164312348,,68981,107476,0,85
SVR-BV,P176,0,3779,0,0,3475,0,0,2936,0,0,2429,0,0,2277,0,0,2849,0,0,2800,0,0,35544,0,60908,60881,0.0004432915216392441,83080,83041,0.0004694270582571436,192090,192004,0.0004477068041022214,187734,187655,0.0004208081647437689,,523812,579670,0,1
SVR-HQ,P176,0,13642,0,0,15046,0,0,15455,0,0,23696,0,0,33184,0,37352,35668,0.045084600556864474,23947,23218,0.030442226583705656,21143,20594,0.025966040769994758,26718,25870,0.03173890261247103,28703,27752,0.03313242518203674,30742,29631,0.0361394834428469,29603,28596,0.034016822619329146,,198208,292352,0,71
SVR-BV,P177,0,20703,0,0,19251,0,0,18786,0,0,24112,0,0,25854,0,0,30229,0,30286,29109,0.03886284091659509,32695,31419,0.03902737421624103,46296,43471,0.06102039053049935,41571,37751,0.09189098169396936,67242,50446,0.2497843609648731,72973,82847,0,,291063,413978,0,82
SVR-HQ,P177,0,34224,0,0,39762,0,0,84735,0,0,170282,0,0,189510,0,0,184863,0,136396,136398,0,114180,114191,0,162198,162190,4.932243307564921e-05,168815,168831,0,179944,179943,5.557284488477698e-06,159665,159663,1.2526226787379358e-05,,921198,1624592,0,1
SVR-BV,P178,0,0,,0,896,0,0,3256,0,0,7306,0,0,11332,0,0,16882,0,21099,14002,0.33636665244798336,22504,17586,0.21853892641308215,28542,44268,0,31365,30933,0.013773314203730291,30959,37728,0,24656,24173,0.019589552238805985,,159125,208362,0,55
SVR-HQ,P178,0,8349,0,0,9468,0,0,8896,0,0,10653,0,0,10992,0,10120,9242,0.08675889328063247,8207,7707,0.06092360180333867,10073,9465,0.0603593765511764,9280,8719,0.06045258620689653,9746,9114,0.06484711676585264,9423,8835,0.06240050939191344,8628,8083,0.06316643486323592,,65477,109523,0,137
SVR-BV,P179,0,2109,0,0,2287,0,0,2224,0,0,2491,0,0,4767,0,0,4444,0,0,4259,0,0,13958,0,21390,21387,0.00014025245441795509,10249,10258,0,3430,3431,0,3773,3774,0,,38842,75389,0,1
SVR-HQ,P179,0,7850,0,0,8604,0,0,8228,0,0,9457,0,0,10040,0,11100,9659,0.12981981981981983,9100,7996,0.12131868131868129,11040,9670,0.12409420289855078,9980,8770,0.12124248496993983,9980,8760,0.12224448897795592,9900,8719,0.11929292929292934,8940,7869,0.11979865771812082,,70040,105622,0,145
SVR-BV,P18,0,140280,0,0,119770,0,0,85140,0,0,83710,0,0,94410,0,0,127660,0,0,179610,0,0,261380,0,364592,364700,0,370120,370200,0,424627,424690,0,372173,372300,0,,1531512,2623850,0,1
SVR-CP,P18,0,640784,0,0,116977,0,0,86261,0,0,27317,0,0,25563,0,0,17653,0,0,25344,0,15905,15911,0,15341,15346,0,161410,161443,0,489140,489305,0,311044,311124,0,,992840,1933028,0,1
SVR-HQ,P18,0,104345,0,0,99397,0,0,105018,0,0,113172,0,0,109513,0,138371,137115,0.00907704649095542,114753,109186,0.048512892909117866,110705,108200,0.022627704259066905,132654,125009,0.057631130610460324,117141,110388,0.05764847491484626,115624,109704,0.051200442814640534,113330,109920,0.030089120268243175,,842578,1340967,0,206
SVR-KR,P18,0,9271,0,0,9078,0,0,8888,0,0,11686,0,0,10716,0,0,10470,0,0,9297,0,0,9684,0,10258,9922,0.03275492298693705,10629,10288,0.03208203970270018,10283,9943,0.0330642808518915,9941,9606,0.03369882305603056,,41111,118849,0,130
SVR-BV,P180,0,114750,0,0,97304,0,0,102861,0,0,141538,0,0,129485,0,0,127121,0,0,135729,0,0,153912,0,143456,143220,0.001645103725184005,137686,137450,0.0017140450009441865,144562,144291,0.0018746281872138448,140653,140032,0.004415120900371883,,566357,1567693,0,1
SVR-HQ,P180,0,4114,0,0,4684,0,0,4584,0,0,5312,0,0,5241,0,4486,4176,0.06910387873383861,3553,3469,0.02364199268224032,4461,4360,0.02264066352835692,4114,4012,0.024793388429752095,4243,4149,0.02215413622436957,4047,3944,0.02545095132196684,3696,3603,0.025162337662337664,,28600,51648,0,66
SVR-BV,P181,0,46573,0,0,49175,0,0,68838,0,0,103971,0,0,112978,0,0,106338,0,0,107142,0,0,132823,0,125567,125665,0,109486,109559,0,84655,84704,0,0,74414,0,,319708,1122180,0,1
SVR-HQ,P181,0,6476,0,0,8046,0,0,5093,0,0,6018,0,0,6441,0,6280,5961,0.050796178343949006,5260,5045,0.040874524714828886,6000,5752,0.04133333333333333,5460,5234,0.041391941391941356,5600,5348,0.04500000000000004,5480,5169,0.05675182481751828,5200,5051,0.02865384615384614,,39280,69634,0,81
SVR-BV,P182,0,316750,0,0,343080,0,0,457070,0,0,689310,0,0,721830,0,0,869620,0,0,868060,0,0,926040,0,922900,922860,4.334164048114264e-05,939610,938910,0.0007449899426357209,948690,948330,0.0003794706384593338,793650,793370,0.00035280035280038646,,3604850,8795230,0,1
SVR-HQ,P182,0,7053,0,0,8157,0,0,4672,0,0,4619,0,0,4804,0,5120,4688,0.08437499999999998,4320,4095,0.05208333333333337,5060,4725,0.0662055335968379,4520,4252,0.059292035398230136,4580,4274,0.06681222707423584,4500,4209,0.06466666666666665,4320,4012,0.0712962962962963,,32420,59560,0,68
SVR-BV,P183,0,181391,0,0,172432,0,0,183503,0,0,277414,0,0,203928,0,0,209678,0,194412,189219,0.026711314116412588,233452,228242,0.022317221527337505,216227,211014,0.02410892256748698,209529,202771,0.03225329190708681,240345,233354,0.029087353595872556,204306,198334,0.029230663808209267,,1298271,2491280,0,109
SVR-HQ,P183,0,13969,0,0,16509,0,0,12618,0,0,14228,0,0,14053,0,14040,12774,0.09017094017094018,11600,10608,0.08551724137931038,13920,12715,0.08656609195402298,12960,11824,0.08765432098765435,12740,11607,0.08893249607535325,12080,11020,0.08774834437086088,11140,10174,0.08671454219030517,,88480,152099,0,146
SVR-BV,P184,0,135722,0,0,123622,0,0,132813,0,0,153352,0,0,161016,0,0,202782,0,168605,184221,0,202505,188299,0.07015135428754848,179024,217761,0,184083,195046,0,200656,212057,0,154352,169370,0,,1089225,2076061,0,77
SVR-HQ,P184,0,12165,0,0,15574,0,0,9758,0,0,13288,0,0,12243,0,10800,9584,0.11259259259259258,8860,8006,0.09638826185101579,10320,9366,0.09244186046511627,9420,8521,0.09543524416135885,9360,8472,0.09487179487179487,9400,8470,0.0989361702127659,9460,8551,0.0960887949260042,,67620,123998,0,126
SVR-BV,P185,0,2476,0,0,2161,0,0,3017,0,0,3703,0,0,4429,0,0,4291,0,0,3958,0,0,4461,0,5158,5200,0,4546,4566,0,8301,8341,0,7139,7164,0,,25144,53767,0,1
SVR-HQ,P185,0,19007,0,0,26694,0,0,10156,0,0,6524,0,0,7566,0,5160,4701,0.08895348837209305,4140,3775,0.08816425120772942,4940,4559,0.0771255060728745,4320,3910,0.09490740740740744,3700,3420,0.07567567567567568,3700,3437,0.07108108108108113,9740,8794,0.09712525667351124,,35700,102543,0,77
SVR-BV,P186,0,0,,0,0,,0,0,,0,0,,0,0,,0,19320,0,46141,36036,0.2190026223965671,96395,71028,0.2631568027387312,119813,110157,0.08059225626601452,117070,88721,0.24215426667805584,160492,143721,0.10449742043217103,153988,150248,0.024287606826505992,,693899,619231,0.10760643840097761,89
SVR-HQ,P186,0,27849,0,0,23944,0,0,17323,0,0,22841,0,0,18737,0,11607,11157,0.03876970793486689,10226,10146,0.007823195775474301,12830,12500,0.025720966484801266,11298,10960,0.029916799433528096,11737,11418,0.027179006560449914,11695,11313,0.03266353142368539,18288,17595,0.03789370078740162,,87681,195783,0,178
SVR-BV,P187,0,6528,0,0,6043,0,0,6398,0,0,7879,0,0,7968,0,0,8581,0,8634,7663,0.11246235811906413,9599,8729,0.09063444108761332,9724,8620,0.11353352529823113,10168,9678,0.04819040125885132,10954,10147,0.07367171809384698,9227,8926,0.032621653841985454,,58306,97160,0,59
SVR-HQ,P187,0,22133,0,0,20785,0,0,4455,0,0,8446,0,0,9577,0,6080,5487,0.09753289473684212,4600,4222,0.08217391304347821,5620,5150,0.08362989323843417,5040,4639,0.07956349206349211,4300,3936,0.08465116279069762,4320,3964,0.08240740740740737,10000,9009,0.09909999999999997,,39960,101803,0,77
SVR-BV,P188,0,74520,0,0,74244,0,0,105682,0,0,129825,0,0,123100,0,0,127293,0,0,167052,0,0,194399,0,185960,185938,0.00011830501183052178,177394,177377,9.583187706463381e-05,215890,215867,0.00010653573579133546,182361,182340,0.000115156201161426,,761605,1757637,0,1
SVR-HQ,P188,0,15981,0,0,20724,0,0,9174,0,0,12873,0,0,14721,0,280240,11077,0.9604731658578362,10720,9723,0.09300373134328355,13140,11917,0.09307458143074576,11920,10832,0.09127516778523492,12000,10902,0.09150000000000003,11800,10743,0.08957627118644063,10760,9787,0.09042750929368026,,350580,148454,0.5765474356780194,177
SVR-BV,P189,0,21696,0,0,21244,0,0,36080,0,0,68472,0,0,77790,0,0,75848,0,0,76068,0,0,87372,0,98198,98171,0.00027495468339477913,105791,105766,0.00023631499844034565,105542,105522,0.00018949801974565972,104366,104343,0.00022037828411547444,,413897,878372,0,1
SVR-HQ,P189,0,14641,0,0,16540,0,0,15151,0,0,18128,0,0,17717,0,18200,17604,0.032747252747252764,14800,14372,0.028918918918918957,18040,17451,0.032649667405764915,17080,16532,0.032084309133489475,17360,16833,0.03035714285714286,18000,17368,0.03511111111111109,15320,14859,0.030091383812010486,,118800,197196,0,124
SVR-BV,P19,0,159729,0,0,169564,0,0,165919,0,0,187203,0,0,190111,0,0,185294,0,0,212362,0,0,240890,0,214214,214329,0,221006,221127,0,234426,234542,0,223480,223609,0,,893126,2404679,0,1
SVR-CP,P19,0,12393,0,0,11148,0,0,11070,0,0,9665,0,0,11651,0,0,11418,0,0,9429,0,13715,13698,0.001239518775063786,9535,9524,0.0011536444677503477,8325,8316,0.00108108108108107,9814,9803,0.001120847768493971,11942,11926,0.001339809077206544,,53331,130041,0,1
SVR-HQ,P19,0,80142,0,0,78252,0,0,79135,0,0,87264,0,0,104159,0,123918,120413,0.028284833518939956,14052,104277,0,0,99502,0,322151,118476,0.6322345732280825,106755,103264,0.03270104444756683,105509,101349,0.03942791610194396,105582,101601,0.037705290674546754,,777967,1177834,0,231
SVR-KR,P19,0,8350,0,0,8471,0,0,8378,0,0,9212,0,0,10048,0,0,9483,0,0,8875,0,0,8910,0,0,10037,0,9557,9318,0.025007847650936443,9085,8821,0.029058888277380346,10102,9802,0.029697089685210898,,28744,109705,0,97
SVR-BV,P190,0,78721,0,0,70682,0,0,75372,0,0,87452,0,0,107597,0,0,94708,0,0,89284,0,0,93358,0,104877,104937,0,93253,93299,0,99673,99724,0,91695,91748,0,,389498,1086882,0,1
SVR-HQ,P190,0,10612,0,0,11435,0,0,11640,0,0,13977,0,0,12693,0,13329,13034,0.02213219296271285,10905,10680,0.02063273727647863,12400,12141,0.020887096774193536,11616,11384,0.01997245179063356,12284,12011,0.022224031260175803,12367,12086,0.022721759521306728,11122,10903,0.019690703110951224,,84023,142596,0,132
SVR-BV,P191,0,0,,0,14829,0,0,24841,0,0,35653,0,0,42628,0,0,69372,0,89582,79000,0.11812640932330154,103452,96730,0.06497699416154357,122902,117773,0.04173243722640807,120414,114304,0.050741608118657244,140566,129874,0.0760639130372921,147974,143405,0.030877045967534822,,724890,868409,0,142
SVR-HQ,P191,0,16331,0,0,16458,0,0,17132,0,0,21497,0,0,21721,0,21840,20982,0.03928571428571426,19040,18725,0.016544117647058876,20720,20110,0.029440154440154465,18960,18498,0.024367088607594956,18880,18356,0.02775423728813564,18760,18319,0.023507462686567115,18520,18062,0.02473002159827209,,136720,226191,0,113
SVR-BV,P192,0,0,,0,25859,0,0,28613,0,0,5872,0,0,23103,0,0,17971,0,0,19732,0,0,12842,0,34257,34273,0,46308,46332,0,51178,51206,0,49128,49157,0,,180871,314960,0,1
SVR-HQ,P192,0,9299,0,0,9556,0,0,10411,0,0,12160,0,0,11574,0,11320,10825,0.04372791519434627,9940,9527,0.04154929577464783,11460,11006,0.03961605584642236,10600,10159,0.041603773584905634,11220,10758,0.04117647058823526,11340,10861,0.042239858906525596,10360,9926,0.04189189189189191,,76240,126062,0,120
SVR-BV,P193,0,79248,0,0,73146,0,0,97373,0,0,152695,0,0,174663,0,0,200479,0,0,216108,0,0,277989,0,309136,309188,0,349950,349993,0,363227,363257,0,376571,369617,0.01846663710163554,,1398884,2663756,0,1
SVR-HQ,P193,0,15378,0,0,15859,0,0,15566,0,0,18900,0,0,17000,0,18760,18018,0.03955223880597014,16040,15378,0.04127182044887778,18180,17452,0.04004400440044009,18320,17586,0.0400655021834061,19140,18383,0.03955067920585165,17360,16401,0.05524193548387102,14680,14201,0.032629427792915555,,122480,200122,0,167
SVR-BV,P194,0,0,,0,0,,0,0,,0,0,,0,229810,0,0,368670,0,0,365940,0,0,395520,0,380650,380470,0.0004728753448048906,393040,393000,0.00010177081213103012,374980,374880,0.0002666808896474304,369710,369290,0.0011360255335263192,,1518380,2877580,0,1
SVR-HQ,P194,0,7529,0,0,7676,0,0,7328,0,0,8870,0,0,7927,0,9393,8495,0.09560310869796662,7750,7097,0.08425806451612905,8675,7933,0.08553314121037459,8744,7977,0.0877172918572735,8430,7704,0.08612099644128113,8629,7874,0.08749565418936145,7871,7197,0.08563079659509587,,59492,93607,0,109
SVR-BV,P195,0,30037,0,0,30487,0,0,38823,0,0,42391,0,0,40848,0,0,50309,0,0,56850,0,0,59168,0,55773,55640,0.0023846664156491615,58476,58363,0.0019324167179697316,63791,63675,0.0018184383376965707,59602,59497,0.0017616858494681198,,237642,586088,0,1
SVR-HQ,P195,0,20558,0,0,21666,0,0,20425,0,0,24774,0,0,25137,0,26171,24840,0.050857819724122066,23788,22477,0.055111821086262,27314,25890,0.05213443655268357,26440,24984,0.055068078668683795,27042,25711,0.049219732268323324,25813,24526,0.04985859838066087,23138,22010,0.048750972426311656,,179706,282998,0,288
SVR-BV,P196,0,2475,0,0,2265,0,0,2770,0,0,4401,0,0,12075,0,0,14076,0,0,19197,0,0,20225,0,21144,21187,0,18349,18383,0,18440,18473,0,19002,19039,0,,76935,154566,0,1
SVR-HQ,P196,0,6371,0,0,7108,0,0,5842,0,0,7163,0,0,6601,0,6328,5975,0.055783817951959525,5660,5338,0.056890459363957646,6780,6441,0.050000000000000044,6210,5889,0.05169082125603863,6376,6029,0.05442283563362604,6173,5826,0.05621253847399965,5633,5323,0.0550328421800107,,43160,73906,0,116
SVR-BV,P197,0,417290,0,0,442660,0,0,586190,0,0,864980,0,0,1079240,0,0,1334300,0,0,1369080,0,0,1566380,0,1747020,1746430,0.00033771794255355037,1763070,1762560,0.0002892681515764828,1720990,1720560,0.0002498561874270111,1696600,1696060,0.00031828362607566607,,6927680,14585730,0,1
SVR-HQ,P197,0,11518,0,0,12144,0,0,11481,0,0,14042,0,0,12976,0,14020,12502,0.10827389443651925,12600,11299,0.10325396825396826,15020,13432,0.1057256990679094,14080,12652,0.10142045454545456,15000,13418,0.10546666666666671,14060,12545,0.10775248933143666,12300,11006,0.10520325203252034,,97080,149015,0,212
SVR-BV,P198,0,5635,0,0,6080,0,0,4048,0,0,3549,0,0,2714,0,0,3662,0,0,3320,0,0,5440,0,4848,4754,0.019389438943894444,3913,3916,0,4810,4813,0,4814,4820,0,,18385,52751,0,1
SVR-HQ,P198,0,5102,0,0,5542,0,0,5097,0,0,6554,0,0,6000,0,5947,5712,0.039515722212880466,5521,5305,0.03912334721970656,6292,6068,0.03560076287349012,5965,5756,0.035037720033528896,6462,6209,0.039151965335809336,6024,5791,0.03867861885790169,5248,5053,0.03715701219512191,,41459,68189,0,89
SVR-BV,P199,0,17580,0,0,21998,0,0,31475,0,0,43612,0,0,76654,0,0,69343,0,0,60418,0,0,69100,0,83432,83452,0,83489,83501,0,94030,94044,0,79761,79780,0,,340712,730957,0,1
SVR-BV,P20,0,276090,0,0,253920,0,0,255440,0,0,259490,0,0,229690,0,0,253460,0,0,257900,0,0,273190,0,281663,281830,0,299793,299930,0,317157,317290,0,288184,288270,0,,1186797,3246500,0,1
SVR-CP,P20,0,20600,0,0,19640,0,0,22040,0,0,22200,0,0,23520,0,0,920,0,0,38034,0,22696,22700,0,22199,22204,0,21443,21446,0,23007,23011,0,20739,20744,0,,110084,257059,0,1
SVR-HQ,P20,0,29165,0,0,38923,0,0,37692,0,0,41830,0,0,38106,0,0,40442,0,39976,40083,0,40535,40619,0,46381,46474,0,36637,36704,0,26528,26583,0,28057,28125,0,,218114,444746,0,1
SVR-KR,P20,0,14718,0,0,14826,0,0,10796,0,0,12027,0,0,13116,0,0,10859,0,0,10734,0,0,9976,0,0,11455,0,11935,11651,0.023795559279430223,10230,9865,0.03567937438905178,10597,10445,0.014343682174200234,,32762,140468,0,119
SVR-BV,P200,0,0,,0,190,0,0,335,0,0,400,0,0,970,0,0,2874,0,0,4536,0,0,5848,0,10050,10051,0,10296,10295,9.712509712511697e-05,17739,17732,0.00039461074468682966,17103,17100,0.00017540782318892223,,55188,70331,0,1
SVR-BV,P201,0,0,,0,25913,0,0,15575,0,0,16779,0,0,21984,0,0,21715,0,0,23188,0,0,23587,0,25415,25716,0,23724,24005,0,25268,25569,0,24247,24542,0,,98654,248573,0,1
SVR-BV,P202,0,0,,0,160390,0,0,140040,0,0,157640,0,0,190850,0,0,166740,0,0,151580,0,0,168670,0,177670,178080,0,170830,170630,0.0011707545513083284,233380,233550,0,230610,230760,0,,812490,1948930,0,1
SVR-BV,P203,0,0,,0,0,,0,0,,0,7151,0,0,1800,0,0,6259,0,1157,1151,0.0051858254105444646,761,769,0,796,803,0,590,593,0,402,445,0,868,824,0.05069124423963134,,4574,19795,0,2
SVR-BV,P204,0,0,,0,0,,0,76,0,0,886,0,0,1560,0,0,1822,0,0,3645,0,0,10954,0,9124,8748,0.04120999561595795,1249,1244,0.004003202562049668,1657,1655,0.001207000603500319,2795,2789,0.0021466905187835783,,14825,33379,0,1
SVR-BV,P205,0,0,,0,0,,0,6033,0,0,13911,0,0,20607,0,0,18302,0,0,12557,0,0,12739,0,19424,19424,0,16393,16393,0,15565,15565,0,15031,15033,0,,66413,150564,0,1
SVR-BV,P206,0,0,,0,0,,0,0,,0,13716,0,0,11608,0,0,10222,0,0,26327,0,0,78155,0,93392,93445,0,107491,107549,0,127214,127294,0,117695,117760,0,,445792,586076,0,1
SVR-BV,P207,0,0,,0,0,,0,0,,0,0,,0,0,,0,0,,0,69677,0,0,37293,0,41939,42035,0,39288,39374,0,42487,42586,0,35168,35244,0,,158882,266209,0,1
SVR-HQ,P207,0,409,0,0,0,,0,1167,0,0,1222,0,0,520,0,0,888,0,553,553,0,640,641,0,528,528,0,238,238,0,175,175,0,393,393,0,,2527,6734,0,1
SVR-BV,P208,0,0,,0,0,,0,0,,0,0,,0,0,,0,0,,0,0,,0,0,,0,0,,0,0,,0,0,,47,52,0,,47,52,0,1
SVR-BV,P21,0,25132,0,0,25503,0,0,35138,0,0,44198,0,0,45343,0,0,45092,0,26400,29325,0,29040,30956,0,31860,38253,0,31380,38706,0,34020,41866,0,30300,36254,0,,183000,435766,0,128
SVR-CP,P21,0,9059,0,0,9009,0,0,8865,0,0,9806,0,11440,11016,0.03706293706293706,11480,11211,0.023432055749128877,10680,10362,0.029775280898876377,10800,10518,0.026111111111111085,10760,10453,0.028531598513011125,10360,10039,0.03098455598455596,11600,11282,0.02741379310344827,9800,9531,0.027448979591836786,,86920,121151,0,66
SVR-HQ,P21,0,60844,0,0,66066,0,0,62209,0,0,69443,0,0,75307,0,77185,72361,0.06249919025717432,66742,61182,0.08330586437325826,69449,67042,0.03465852640066813,76012,71009,0.06581855496500555,68454,64532,0.057293949221374985,69086,64701,0.06347161508844046,67674,63610,0.060052605136389214,,494602,798306,0,271
SVR-KR,P21,0,12015,0,0,12634,0,0,12165,0,0,13321,0,0,15438,0,0,13692,0,0,12030,0,0,12808,0,0,13397,0,13388,12862,0.03928891544666868,12806,12293,0.0400593471810089,12258,11808,0.03671071953010274,,38452,154463,0,139
SVR-BV,P210,0,0,,0,0,,0,0,,0,0,,0,52700,0,0,59192,0,35855,34602,0.03494631153256167,43244,42109,0.026246415687725455,36042,34876,0.032351145885355925,41650,38408,0.0778391356542617,56475,51970,0.07976980965028779,54030,53939,0.0016842494910235262,,267296,367796,0,40
SVR-BV,P211,0,0,,0,0,,0,4142,0,0,10422,0,0,10773,0,0,10433,0,0,9038,0,0,9872,0,10292,10284,0.0007773027594247806,7687,7684,0.0003902692858072099,9479,9463,0.00168794176600906,8868,8860,0.0009021199819575498,,36326,90971,0,1
SVR-BV,P212,0,0,,0,0,,0,0,,0,508130,0,0,449380,0,0,501490,0,0,574670,0,0,665390,0,657740,657470,0.00041049654878833053,724610,726450,0,863380,865460,0,559530,560990,0,,2805260,5509430,0,1
SVR-BV,P213,0,0,,0,0,,0,0,,0,0,,0,0,,0,12692,0,10809,15438,0,21041,26152,0,32858,30847,0.06120275123257657,30456,28920,0.05043341213553976,37830,32268,0.1470261697065821,40325,43403,0,,173319,189720,0,62
SVR-BV,P215,0,0,,0,0,,0,0,,0,0,,0,0,,0,95218,0,117946,103968,0.11851186136028347,108709,94723,0.1286554011167429,133895,116995,0.12621830538855072,117283,103567,0.11694789526188787,123962,111249,0.10255562188412581,135255,127192,0.05961332298251454,,737050,752912,0,53
SVR-BV,P216,0,0,,0,0,,0,0,,0,0,,0,167568,0,0,198822,0,156249,172922,0,199913,204818,0,170927,176680,0,179721,185215,0,201753,202279,0,160278,162137,0,,1068841,1470441,0,104
SVR-BV,P217,0,0,,0,0,,0,0,,0,0,,0,0,,0,16540,0,0,7574,0,0,4217,0,4412,4411,0.0002266545784225249,3799,3799,0,4693,4691,0.0004261666311528023,4259,4260,0,,17163,45492,0,1
SVR-BV,P218,0,0,,0,0,,0,0,,0,0,,0,0,,0,0,,0,0,,0,0,,8125,8128,0,7724,7727,0,10291,10301,0,16388,16401,0,,42528,42557,0,1
SVR-BV,P219,0,0,,0,0,,0,0,,0,0,,0,0,,0,0,,0,0,,0,21431,0,18412,18424,0,17291,17299,0,18245,18248,0,18112,18165,0,,72060,93567,0,1
SVR-BV,P22,0,205999,0,0,194088,0,0,275014,0,0,279669,0,0,189912,0,0,208931,0,0,132341,0,0,311519,0,240928,240727,0.0008342741399920417,249808,249515,0.0011729007878050757,200359,200168,0.0009532888465204614,114954,114877,0.0006698331506516109,,806049,2602760,0,1
SVR-CP,P22,0,10755,0,0,10442,0,0,10419,0,12080,11656,0.035099337748344395,12560,12311,0.01982484076433122,12440,12119,0.02580385852090028,11520,11183,0.029253472222222188,11920,11643,0.02323825503355703,11960,11615,0.028846153846153855,12240,11940,0.02450980392156865,11720,11351,0.031484641638225286,11000,10710,0.026363636363636367,,107440,136144,0,109
SVR-HQ,P22,0,22177,0,0,23120,0,0,21715,0,0,25588,0,0,27387,0,28425,27248,0.041407211961301704,24308,23504,0.03307553068948499,23784,23012,0.032458795829128806,26816,25824,0.03699284009546544,23014,22257,0.03289302163900232,24742,23925,0.033020774391722574,24026,23070,0.03979022725380832,,175115,288827,0,95
SVR-KR,P22,0,5606,0,0,6071,0,0,5661,0,0,6386,0,0,7329,0,0,6182,0,0,6221,0,0,6206,0,0,6667,0,6525,6428,0.014865900383141728,6206,6114,0.014824363519175043,6293,6195,0.015572858731924377,,19024,75066,0,59
SVR-BV,P220,0,0,,0,0,,0,0,,0,0,,0,0,,0,0,,0,0,,0,15297,0,27669,27678,0,29316,29327,0,34467,34483,0,30529,30542,0,,121981,137327,0,1
SVR-BV,P221,0,0,,0,0,,0,0,,0,0,,0,0,,0,0,,0,0,,0,0,,0,0,,637,637,0,44407,44486,0,63720,63723,0,,108764,108846,0,1
SVR-HQ,P221,0,19588,0,0,21926,0,0,20468,0,0,25244,0,0,23068,0,22763,21864,0.03949391556473225,20212,19361,0.042103700771818686,23237,22270,0.041614666265008426,20748,19831,0.0441970310391363,23252,22209,0.04485635644245656,22033,21093,0.0426632778105569,19028,18181,0.044513348749211645,,151273,255103,0,259
SVR-BV,P222,0,0,,0,0,,0,0,,0,0,,0,0,,0,4492,0,0,13550,0,0,14275,0,15472,15473,0,15614,15614,0,18720,18715,0.00026709401709401615,17376,17373,0.00017265193370163967,,67182,99492,0,1
SVR-HQ,P222,0,18219,0,0,20664,0,0,17584,0,0,21578,0,0,20440,0,20344,19671,0.03308100668501768,18613,18034,0.03110729060334172,19956,18981,0.04885748647023447,17811,17395,0.02335635281567572,19849,19183,0.033553327623557894,19159,18585,0.02995981001096093,16797,16309,0.029052807048877805,,132529,226643,0,169
SVR-HQ,P223,0,21687,0,0,20909,0,0,17509,0,0,20433,0,0,20065,0,19779,18230,0.07831538500429747,19047,18141,0.04756654591274212,20144,18926,0.060464654487688674,19107,17983,0.05882660804940598,18888,17837,0.0556437950021178,19317,18117,0.06212144742972514,14670,13947,0.04928425357873212,,130952,223784,0,104
SVR-BV,P224,0,0,,0,0,,0,0,,0,0,,0,0,,0,0,,0,0,,0,0,,47813,33486,0.2996465396440299,70885,39655,0.44057275869365875,99622,70258,0.2947541707654936,87030,64413,0.2598759048603929,,305350,207812,0.31943016210905517,27
SVR-HQ,P224,0,19756,0,0,21817,0,0,17385,0,0,19068,0,0,20601,0,21263,20741,0.02454968725015283,19315,18890,0.022003624126326726,22427,21912,0.02296339233959066,19709,19144,0.028667106398092224,19181,18733,0.023356446483499327,20300,19970,0.01625615763546795,20749,20196,0.026651886837919858,,142944,238213,0,161
SVR-HQ,P226,0,14985,0,0,14854,0,0,9146,0,0,13102,0,0,12284,0,8635,8439,0.022698320787492787,7669,7487,0.023731907680271225,0,8180,0,0,7729,0,0,8539,0,0,8152,0,10528,7228,0.3134498480243161,,26832,120125,0,98
SVR-BV,P227,0,0,,0,0,,0,0,,0,0,,0,0,,0,0,,0,0,,0,0,,0,0,,0,0,,0,0,,32211,58689,0,,32211,58689,0,9
SVR-BV,P23,0,210,0,0,218,0,0,162,0,0,456,0,0,215,0,0,142,0,0,343,0,0,103,0,0,659,0,0,233,0,0,935,0,0,112,0,,0,3788,0,1
SVR-CP,P23,0,39187,0,0,38145,0,0,36514,0,0,42601,0,49960,46083,0.07760208166533222,49160,45351,0.07748169243287228,45120,42421,0.05981826241134747,45880,43098,0.060636442894507425,47640,44546,0.06494542401343406,45640,42831,0.061546888694127944,50760,47653,0.06120961386918833,42240,39601,0.06247632575757578,,376400,508031,0,223
SVR-HQ,P23,0,207748,0,0,206490,0,0,207671,0,0,246085,0,0,302515,0,0,248383,0,209280,209331,0,208529,208589,0,214557,214620,0,231284,231355,0,188266,188322,0,185296,185348,0,,1237212,2656457,0,1
SVR-KR,P23,0,23307,0,0,24796,0,0,23219,0,0,25858,0,0,30691,0,0,27506,0,0,24409,0,0,25894,0,0,26996,0,27115,26361,0.027807486631016065,25791,25045,0.028924818735217683,24996,24307,0.027564410305648934,,77902,308389,0,237
SVR-BV,P231,0,0,,0,0,,0,0,,0,0,,0,0,,0,0,,0,0,,0,15360,0,11342,11359,0,10797,10792,0.00046309159951840595,10077,10084,0,9279,0,1,,41495,47595,0,1
SVR-HQ,P231,0,14989,0,0,14933,0,0,14974,0,0,16778,0,0,19610,0,18732,17761,0.051836429639120274,16562,15707,0.05162419997584833,16888,15966,0.0545949786830886,17725,16775,0.053596614950634724,18238,17247,0.05433709836604894,16994,16076,0.054019065552547985,16749,15831,0.05480924234282647,,121888,196647,0,233
SVR-BV,P232,0,0,,0,0,,0,0,,0,0,,0,0,,0,0,,0,0,,0,1228,0,4364,4368,0,1827,1827,0,22420,22440,0,26018,26045,0,,54629,55908,0,1
SVR-HQ,P232,0,7975,0,0,8322,0,0,8321,0,0,9461,0,0,10974,0,11080,9716,0.1231046931407942,9480,8372,0.11687763713080168,9500,8376,0.11831578947368426,9680,8571,0.11456611570247932,10140,8912,0.12110453648915187,9100,8062,0.11406593406593402,9700,8494,0.12432989690721652,,68680,105556,0,169
SVR-BV,P233,0,0,,0,0,,0,0,,0,0,,0,0,,0,0,,0,0,,0,12396,0,8664,8663,0.00011542012927057144,7925,7924,0.00012618296529964823,11073,11074,0,10387,10388,0,,38049,50445,0,1
SVR-BV,P234,0,0,,0,0,,0,0,,0,0,,0,0,,0,0,,0,0,,0,12441,0,13715,13714,7.291286912136652e-05,15431,15429,0.00012960922817706333,19014,19013,5.2592826338515586e-05,15883,15881,0.00012592079581941196,,64043,76478,0,1
SVR-BV,P235,0,0,,0,0,,0,0,,0,0,,0,0,,0,0,,0,0,,0,1206,0,0,3667,0,2767,3811,0,3823,3825,0,2438,2439,0,,9028,14948,0,1
SVR-BV,P236,0,0,,0,0,,0,0,,0,0,,0,0,,0,0,,0,0,,0,122237,0,89484,89514,0,85224,85249,0,91593,91622,0,83516,83838,0,,349817,472460,0,1
SVR-BV,P237,0,0,,0,0,,0,0,,0,0,,0,0,,0,0,,0,0,,0,0,,1094,1095,0,1016,1016,0,3435,3439,0,3414,3418,0,,8959,8968,0,1
SVR-BV,P238,0,0,,0,0,,0,0,,0,0,,0,0,,0,0,,0,0,,0,0,,9788,9779,0.0009194932570494307,24630,24603,0.0010962241169305553,16094,16073,0.0013048340996644203,17687,17662,0.0014134675185164536,,68199,68117,0.0012023636710215557,1
SVR-BV,P239,0,0,,0,0,,0,0,,0,0,,0,0,,0,0,,0,0,,0,0,,2203,2202,0.00045392646391284597,2617,2621,0,4863,4869,0,4963,4966,0,,14646,14658,0,1
SVR-BV,P24,0,34293,0,0,33634,0,0,32545,0,0,38081,0,0,45036,0,0,48497,0,45420,44097,0.02912813738441211,47640,47810,0,52560,50006,0.048592085235920845,47760,42592,0.10820770519262979,57420,59401,0,49680,50413,0,,300480,526405,0,92
SVR-CP,P24,0,20935,0,0,20293,0,0,19756,0,26920,25321,0.05939821693907876,24960,23275,0.06750801282051277,27200,25402,0.06610294117647064,23560,22115,0.06133276740237692,23960,22580,0.057595993322203665,24480,22983,0.06115196078431373,25560,23957,0.06271517996870113,24720,23037,0.06808252427184469,22640,21686,0.04213780918727916,,224000,271340,0,168
SVR-HQ,P24,0,10026,0,0,11000,0,0,10835,0,0,13460,0,0,11100,0,12500,12164,0.026880000000000015,11360,11038,0.0283450704225352,12620,12462,0.012519809825673578,12320,11982,0.02743506493506498,12760,12448,0.02445141065830725,10720,10898,0,10380,10346,0.0032755298651252485,,82660,137759,0,87
SVR-KR,P24,0,4546,0,0,4479,0,0,4490,0,0,5194,0,0,5757,0,0,5356,0,0,5139,0,0,4668,0,0,5203,0,4950,4881,0.013939393939393918,4762,4698,0.013439731205375893,4845,4778,0.013828689370484981,,14557,59189,0,55
SVR-BV,P240,0,0,,0,0,,0,0,,0,0,,0,0,,0,0,,0,0,,0,0,,4337,4337,0,11039,11044,0,14203,14210,0,13732,13742,0,,43311,43333,0,1
SVR-BV,P241,0,0,,0,0,,0,0,,0,0,,0,0,,0,0,,0,0,,0,0,,3090,3087,0.000970873786407811,22859,22837,0.0009624218032284748,35835,35789,0.001283661225059296,59438,59369,0.0011608735152596195,,121222,121082,0.0011549058751711971,1
SVR-BV,P242,0,0,,0,0,,0,0,,0,0,,0,0,,0,0,,0,0,,0,2317,0,3986,3986,0,6307,6321,0,73349,73424,0,159168,159345,0,,242810,245393,0,1
SVR-BV,P243,0,0,,0,0,,0,0,,0,0,,0,0,,0,0,,0,0,,0,0,,0,0,,10052,5739,0.4290688420214882,20100,17143,0.1471144278606965,30834,28479,0.07637672698968667,,60986,51361,0.15782310694257695,25
SVR-BV,P244,0,0,,0,0,,0,0,,0,0,,0,0,,0,0,,0,0,,0,0,,63770,63720,0.0007840677434530763,254470,254320,0.0005894604472039822,454880,454890,0,508490,508540,0,,1281610,1281470,0.0001092375995818129,1
SVR-BV,P245,0,0,,0,0,,0,0,,0,0,,0,0,,0,0,,0,0,,0,0,,2151,2153,0,5751,5758,0,5642,5649,0,3968,3972,0,,17512,17532,0,1
SVR-BV,P246,0,0,,0,0,,0,0,,0,0,,0,0,,0,0,,0,0,,0,0,,0,0,,0,0,,2518,2518,0,6549,6546,0.0004580852038479355,,9067,9064,0.0003308701885960108,1
SVR-BV,P247,0,0,,0,0,,0,0,,0,0,,0,0,,0,0,,0,0,,0,0,,0,0,,0,0,,0,0,,0,0,,,0,0,,1
SVR-BV,P248,0,0,,0,0,,0,0,,0,0,,0,0,,0,0,,0,0,,0,0,,28963,28941,0.0007595898214963759,46948,46920,0.0005964045326743994,51235,51212,0.0004489118766468625,53242,53222,0.00037564328913264333,,180388,180295,0.0005155553584496042,1
SVR-HQ,P248,0,20547,0,0,19563,0,0,19537,0,0,23978,0,0,25853,0,24180,23233,0.03916459884201817,21660,20725,0.043167128347183725,21900,21114,0.035890410958904106,23100,22222,0.03800865800865805,23640,22740,0.03807106598984766,22920,22023,0.03913612565445024,21660,20692,0.04469067405355498,,159060,262227,0,206
SVR-HQ,P249,0,6022,0,0,5716,0,0,5467,0,0,6515,0,0,7546,0,6653,6415,0.03577333533744176,6003,5786,0.0361485923704814,6205,5979,0.03642224012892825,7134,6866,0.037566582562377326,6805,6552,0.03717854518736219,6594,6353,0.036548377312708547,6334,6097,0.037417113988001294,,45728,75314,0,107
SVR-BV,P25,0,326032,0,0,310153,0,0,341106,0,0,415116,0,0,410674,0,0,404114,0,0,398154,0,0,419032,0,413405,413197,0.0005031385687158663,409964,409770,0.0004732122820539919,448141,447924,0.0004842225995835836,389493,389307,0.00047754388397225345,,1661003,4684579,0,1
SVR-CP,P25,0,41797,0,0,40394,0,0,56676,0,0,80152,0,0,74913,0,0,69149,0,0,59283,0,67061,64803,0.03367083699915008,55249,57526,0,33192,33193,0,46680,46688,0,38667,38672,0,,240849,663246,0,1
SVR-HQ,P25,0,3445,0,0,1752,0,0,7621,0,0,4414,0,0,25823,0,0,40439,0,54296,54240,0.0010313835273316752,46184,46135,0.001060973497315043,72536,72459,0.0010615418550788958,47449,47395,0.001138064026639074,48625,48569,0.001151670951156758,87445,87355,0.0010292183658299203,,356535,439647,0,1
SVR-KR,P25,0,17313,0,0,17901,0,0,17826,0,0,20029,0,0,22669,0,0,20433,0,0,20542,0,0,19287,0,0,21142,0,21544,20759,0.036437059041960596,20099,19413,0.0341310512960844,19082,18433,0.034011109946546436,,60725,235747,0,188
SVR-BV,P250,0,0,,0,0,,0,0,,0,0,,0,0,,0,0,,0,0,,0,0,,0,0,,0,0,,0,4288,0,0,6454,0,,0,10742,0,1
SVR-HQ,P250,0,8277,0,0,8049,0,0,8275,0,0,10395,0,0,11691,0,10340,9696,0.06228239845261119,9445,8879,0.059925886712546284,9332,8771,0.06011573081868837,10141,9521,0.06113795483680107,10920,10224,0.06373626373626373,9942,9363,0.05823777911888961,10049,9428,0.06179719375062198,,70169,112569,0,114
SVR-HQ,P251,0,14295,0,0,13769,0,0,14626,0,0,17016,0,0,19040,0,13356,16816,0,0,15113,0,0,14985,0,32816,16991,0.4822342759629449,17260,16731,0.030648899188876033,17004,16436,0.033403904963537956,16367,15860,0.030976965845909477,,96803,191678,0,173
SVR-BV,P252,0,0,,0,0,,0,0,,0,0,,0,0,,0,0,,0,0,,0,0,,0,0,,0,0,,1470,1470,0,8840,8860,0,,10310,10330,0,1
SVR-HQ,P252,0,6640,0,0,6438,0,0,6463,0,0,7737,0,0,8869,0,8375,8090,0.03402985074626863,545,7392,0,0,7444,0,15570,7705,0.5051380860629415,8239,7982,0.03119310595946112,7764,7533,0.02975270479134462,7539,7294,0.03249767873723308,,48032,89587,0,126
SVR-HQ,P253,0,2965,0,0,3044,0,0,3057,0,0,3771,0,0,4308,0,4020,3959,0.015174129353233812,3660,3576,0.022950819672131195,3640,3571,0.018956043956044,3800,3758,0.011052631578947314,3840,3785,0.01432291666666663,3440,3365,0.021802325581395388,3280,3194,0.026219512195121975,,25680,42353,0,68
SVR-BV,P254,0,0,,0,0,,0,0,,0,0,,0,0,,0,0,,0,0,,0,0,,0,0,,0,0,,157746,157717,0.0001838398437995492,118113,118080,0.00027939346219296723,,275859,275797,0.00022475250037157224,1
SVR-HQ,P254,0,3580,0,0,3878,0,0,3904,0,0,4714,0,0,5277,0,4557,4372,0.040596883914856274,4069,3909,0.03932170066355367,4335,4153,0.041983852364475216,4268,4096,0.0402999062792877,4436,4233,0.045761947700631245,4050,3885,0.040740740740740744,4137,3969,0.040609137055837574,,29852,49970,0,64
SVR-HQ,P255,0,14750,0,0,14279,0,0,13516,0,0,16360,0,0,17833,0,16532,16066,0.028187757077183684,14580,14154,0.029218106995884785,14825,14395,0.029005059021922408,15422,14991,0.027947088574763357,15579,15121,0.029398549329225254,14673,14252,0.028692155660055896,14086,13681,0.028751952293056937,,105697,179398,0,191
SVR-HQ,P256,0,6703,0,0,6743,0,0,6509,0,0,8429,0,0,8774,0,8081,7868,0.02635812399455517,7390,7201,0.025575101488497953,7313,7130,0.025023929987693094,7686,7499,0.024329950559458746,7805,7618,0.023959000640614958,6968,6771,0.028272101033295027,7144,6975,0.023656215005599113,,52387,88220,0,84
SVR-BV,P257,0,0,,0,0,,0,0,,0,0,,0,0,,0,0,,0,0,,0,0,,0,0,,0,0,,11622,11600,0.0018929616245052516,30993,30954,0.0012583486593746862,,42615,42554,0.001431420861199073,1
SVR-HQ,P257,0,4541,0,0,4358,0,0,4519,0,0,5886,0,0,6476,0,5871,5718,0.026060296371997915,5284,5126,0.029901589704769083,5272,5122,0.02845220030349016,5453,5300,0.02805794975242981,5560,5392,0.030215827338129442,5358,5200,0.029488615154908526,5444,5281,0.029941219691403398,,38242,62919,0,96
SVR-BV,P258,0,0,,0,0,,0,0,,0,0,,0,0,,0,0,,0,0,,0,0,,0,0,,0,0,,0,0,,0,0,,,0,0,,1
SVR-BV,P259,0,0,,0,0,,0,0,,0,0,,0,0,,0,0,,0,0,,0,0,,0,0,,0,0,,0,0,,3524,3519,0.001418842224744643,,3524,3519,0.001418842224744643,1
SVR-HQ,P259,0,10573,0,0,10527,0,0,9965,0,0,11162,0,0,12477,0,11782,11639,0.012137158377185542,10828,10704,0.011451791651274523,11010,10861,0.013533151680290678,12251,12100,0.012325524446983871,11133,10983,0.0134734572891404,11137,10997,0.012570710245128902,11608,11486,0.010509993108201221,,79749,133474,0,102
SVR-BV,P26,0,20930,0,0,20497,0,0,20142,0,0,19750,0,0,17173,0,0,17862,0,0,18127,0,0,18899,0,18394,18406,0,17801,17812,0,19505,19504,5.1268905408852206e-05,15889,15912,0,,71589,225014,0,1
SVR-CP,P26,0,19553,0,0,19488,0,0,19837,0,24060,23156,0.03757273482959267,24400,23436,0.03950819672131145,25520,24533,0.038675548589341746,20920,20149,0.03685468451242835,22880,22081,0.03492132867132869,22460,21603,0.038156723063223486,21680,20894,0.0362546125461255,22680,21735,0.04166666666666663,21920,21048,0.03978102189781019,,206520,257513,0,91
SVR-HQ,P26,0,272467,0,0,263414,0,0,305855,0,0,359306,0,0,531384,0,0,392110,0,0,332523,0,0,293823,0,0,300485,0,0,322998,0,0,255125,0,0,251030,0,,0,3880520,0,1
SVR-KR,P26,0,7461,0,0,7313,0,0,7428,0,0,8485,0,0,9704,0,0,8566,0,0,8940,0,0,8243,0,0,9067,0,9648,9490,0.01637645107794361,8605,8469,0.015804764671702554,8379,8241,0.016469745793054047,,26632,101407,0,105
SVR-BV,P260,0,0,,0,0,,0,0,,0,0,,0,0,,0,0,,0,0,,0,0,,0,0,,0,0,,0,0,,1111,1111,0,,1111,1111,0,1
SVR-HQ,P260,0,3866,0,0,4222,0,0,1004166,0,0,-995121,,0,6078,0,5117,4951,0.03244088333007622,4794,4639,0.03233208176887781,4926,4755,0.03471376370280144,5097,4933,0.03217578968020407,5229,5056,0.0330847198317078,4895,4733,0.0330949948927477,5265,5074,0.03627730294396958,,35323,57352,0,75
SVR-BV,P261,0,0,,0,0,,0,0,,0,0,,0,0,,0,0,,0,0,,0,0,,0,0,,0,0,,6976,6680,0.04243119266055051,24309,24626,0,,31285,31306,0,1
SVR-HQ,P261,0,7402,0,0,7921,0,0,7449,0,0,8605,0,0,11399,0,9371,9134,0.025290790737381275,8123,7854,0.03311584390003697,8237,8100,0.0166322690299866,9557,9320,0.02479857695929688,9250,9046,0.02205405405405403,8761,8540,0.025225430886885114,9380,9153,0.02420042643923237,,62679,103923,0,138
SVR-BV,P262,0,0,,0,0,,0,0,,0,0,,0,0,,0,0,,0,0,,0,0,,0,0,,0,0,,0,0,,983,984,0,,983,984,0,1
SVR-HQ,P262,0,17468,0,0,17159,0,0,16676,0,0,19284,0,0,21520,0,20056,19513,0.027074192261667296,19451,18923,0.027145133926276266,18389,17867,0.028386535428788995,19195,18707,0.025423287314404797,19104,18528,0.03015075376884424,18172,17682,0.026964560862865916,18298,17811,0.026614930593507502,,132665,221138,0,120
SVR-BV,P263,0,0,,0,0,,0,0,,0,0,,0,0,,0,0,,0,0,,0,0,,0,0,,0,0,,0,0,,0,0,,,0,0,,1
SVR-HQ,P263,0,13662,0,0,14260,0,0,15599,0,0,13261,0,0,18113,0,16115,15739,0.02333229910021717,15112,14768,0.02276336686077285,14816,14450,0.024703023758099407,15494,15135,0.023170259455272957,15717,15342,0.02385951517465168,14107,13758,0.024739491032820582,14523,14169,0.024375129105556725,,105884,178256,0,197
SVR-BV,P264,0,0,,0,0,,0,0,,0,0,,0,0,,0,0,,0,0,,0,0,,0,0,,0,0,,6901,6899,0.0002898130705695223,11451,11449,0.00017465723517595677,,18352,18348,0.00021795989537920502,1
SVR-HQ,P264,0,11809,0,0,11747,0,0,11507,0,0,13204,0,0,15727,0,15480,14181,0.08391472868217054,14320,13125,0.08344972067039103,13960,12840,0.08022922636103147,14740,13537,0.08161465400271373,14920,13660,0.08445040214477206,13540,12439,0.08131462333825701,14060,12883,0.08371266002844946,,101020,156659,0,219
SVR-BV,P265,0,0,,0,0,,0,0,,0,0,,0,0,,0,0,,0,0,,0,0,,0,0,,0,0,,0,0,,0,0,,,0,0,,1
SVR-HQ,P265,0,9221,0,0,8907,0,0,8642,0,0,10015,0,0,11381,0,10578,10316,0.02476838721875596,10113,9867,0.024325126075348535,9813,9576,0.02415163558544786,10363,10101,0.025282254173501828,10270,10009,0.02541382667964942,9416,9177,0.025382327952421457,9720,9471,0.025617283950617242,,70273,116683,0,112
SVR-BV,P266,0,0,,0,0,,0,0,,0,0,,0,0,,0,0,,0,0,,0,0,,0,0,,0,0,,0,0,,976,976,0,,976,976,0,1
SVR-HQ,P266,0,4707,0,0,4627,0,0,4199,0,0,4976,0,0,6149,0,5555,5459,0.017281728172817257,4896,4800,0.019607843137254943,4612,4522,0.019514310494362586,5235,5145,0.017191977077363862,5215,5117,0.018791946308724827,5105,5014,0.01782566111655237,5344,5245,0.018525449101796432,,35962,59960,0,66
SVR-BV,P267,0,0,,0,0,,0,0,,0,0,,0,0,,0,0,,0,0,,0,0,,0,0,,0,0,,0,0,,39911,39924,0,,39911,39924,0,1
SVR-HQ,P267,0,5704,0,0,6086,0,0,5786,0,0,6671,0,0,8165,0,7480,6936,0.07272727272727275,6640,6184,0.06867469879518073,6240,5806,0.06955128205128203,6920,6428,0.0710982658959538,7080,6559,0.07358757062146892,6100,5678,0.06918032786885242,6760,6255,0.07470414201183428,,47220,76258,0,127
SVR-HQ,P268,0,8873,0,0,9181,0,0,9335,0,0,10242,0,0,13174,0,11401,11030,0.032541005174984705,9776,9550,0.023117839607201263,9426,9160,0.028219817525991897,10841,10555,0.026381330135596293,10358,10049,0.029832013902297727,9421,9159,0.02781021123023031,10405,10105,0.02883229216722727,,71628,120413,0,177
SVR-HQ,P269,0,10954,0,0,11097,0,0,10890,0,0,12974,0,0,15931,0,14541,13587,0.06560759232514957,12349,11548,0.06486355170459146,12238,11438,0.06537015852263439,13646,12785,0.06309541257511364,13000,12138,0.06630769230769229,12110,11326,0.06473988439306355,13360,12482,0.06571856287425148,,91244,147150,0,205
SVR-BV,P27,0,7140,0,0,6046,0,0,5958,0,0,7484,0,0,12138,0,0,10936,0,0,10471,0,0,8370,0,19057,9055,0.524846513092302,19,10021,0,11663,11666,0,14071,14085,0,,44810,113370,0,1
SVR-CP,P27,0,39560,0,0,40309,0,0,39990,0,0,44982,0,50280,47461,0.056066030230708,59840,55740,0.06851604278074863,50380,47652,0.05414847161572056,55080,51874,0.05820624546114739,53780,50786,0.0556712532539978,51040,48240,0.054858934169279006,56120,52881,0.057715609408410584,52140,49206,0.05627157652474113,,428660,568681,0,105
SVR-HQ,P27,0,21038,0,0,18419,0,0,20541,0,0,23342,0,0,25051,0,27558,26317,0.04503229552217147,23812,22925,0.037250125986897364,23444,22701,0.031692543934482176,21446,20913,0.02485311946283686,19818,19417,0.020234130588353993,22162,21696,0.021026983124266763,18362,17995,0.019986929528373776,,156602,260355,0,68
SVR-KR,P27,0,12384,0,0,12967,0,0,12753,0,0,14505,0,0,16542,0,0,14558,0,0,13326,0,0,14063,0,0,14998,0,14449,13971,0.03308187417814379,14509,13970,0.037149355572403286,13446,12975,0.03502900490852301,,42404,167012,0,154
SVR-BV,P270,0,0,,0,0,,0,0,,0,0,,0,0,,0,0,,0,0,,0,0,,0,0,,0,0,,0,0,,3011,3008,0.0009963467286615568,,3011,3008,0.0009963467286615568,1
SVR-HQ,P270,0,13338,0,0,13530,0,0,12948,0,0,15116,0,0,17998,0,16206,15831,0.023139577934098488,14318,13983,0.023397122503142853,13888,13537,0.025273617511520685,15552,15202,0.02250514403292181,15536,15156,0.024459320288362507,13553,13206,0.025603187486165413,15759,15375,0.024367028364743915,,104812,175220,0,211
SVR-BV,P271,0,0,,0,0,,0,0,,0,0,,0,0,,0,0,,0,0,,0,0,,0,0,,0,0,,0,0,,0,0,,,0,0,,1
SVR-HQ,P271,0,8882,0,0,8868,0,0,8631,0,0,9606,0,0,11959,0,12020,10897,0.0934276206322795,9640,8763,0.09097510373443984,9120,8310,0.08881578947368418,10780,9828,0.08831168831168834,10140,9235,0.0892504930966469,9720,8876,0.08683127572016458,10340,9432,0.08781431334622825,,71760,113287,0,176
SVR-HQ,P272,0,12756,0,0,13166,0,0,12487,0,0,14417,0,0,17089,0,15988,15597,0.024455841881411033,13689,13347,0.024983563445101886,13547,13222,0.023990551413597072,15431,15064,0.023783293370488012,14678,14309,0.025139664804469275,0,13268,0,15034,14780,0.01689503791406144,,88367,169502,0,174
SVR-HQ,P273,0,15684,0,0,15092,0,0,13935,0,0,16136,0,0,18860,0,19279,18788,0.02546812594014214,15515,15148,0.023654527876248777,14469,14105,0.02515723270440251,17405,16969,0.025050272910083327,15575,15167,0.026195826645264875,15598,15203,0.025323759456340578,16257,15851,0.024973857415267253,,114098,190938,0,180
SVR-HQ,P274,0,7828,0,0,7434,0,0,7133,0,0,8169,0,0,9968,0,8780,8229,0.06275626423690206,8540,7984,0.06510538641686181,8500,7955,0.0641176470588235,9340,8739,0.06434689507494651,9360,8756,0.06452991452991452,8840,8264,0.06515837104072397,9160,8568,0.06462882096069866,,62520,99027,0,101
SVR-HQ,P275,0,12922,0,0,13528,0,0,12411,0,0,15499,0,0,17698,0,15719,15239,0.030536293657357327,13784,13339,0.03228380731282643,13715,13179,0.03908129784907033,14762,14325,0.02960303481913018,15773,15292,0.03049514993977054,13441,13295,0.010862287032214812,7989,13246,0,,95183,169973,0,253
SVR-HQ,P276,0,8295,0,0,7897,0,0,7625,0,0,9356,0,0,11369,0,9720,9431,0.029732510288065894,8438,8216,0.026309552026546612,8336,8086,0.029990403071017302,9283,9023,0.028008187008510155,10224,9926,0.029147104851330208,8762,8499,0.030015978087194695,8654,8399,0.029466142824127517,,63417,106122,0,171
SVR-HQ,P277,0,20511,0,0,19925,0,0,18327,0,0,23630,0,0,27020,0,26145,24832,0.050219927328361114,22582,21502,0.047825701886458294,22557,21374,0.052444917320565665,24389,23192,0.049079503054655804,25318,23888,0.05648155462516791,23514,22369,0.04869439482861271,22770,21600,0.0513833992094862,,167275,268170,0,285
SVR-HQ,P278,0,9026,0,0,8837,0,0,8032,0,0,10373,0,0,12319,0,11365,11093,0.023933128024637096,9225,8991,0.025365853658536608,0,8860,0,0,9720,0,0,10000,0,0,9272,0,0,9062,0,,20590,115585,0,173
SVR-HQ,P279,0,5869,0,0,0,,0,12120,0,0,7026,0,0,6782,0,7060,6530,0.07507082152974509,6120,5484,0.10392156862745094,6960,6730,0.033045977011494254,7040,6500,0.07670454545454541,6660,6220,0.06606606606606602,7140,6622,0.0725490196078431,6280,5820,0.07324840764331209,,47260,75703,0,67
SVR-BV,P28,0,5488,0,0,4751,0,0,4283,0,0,8150,0,0,7099,0,0,4824,0,0,4045,0,0,3406,0,3511,3518,0,2554,2558,0,4009,3994,0.00374158144175607,3761,3772,0,,13835,55888,0,1
SVR-CP,P28,0,337218,0,0,322889,0,0,374465,0,0,457024,0,0,488476,0,0,427139,0,0,371598,0,427642,427855,0,382529,382721,0,383087,383281,0,0,327891,0,250942,259256,0,,1444200,4559813,0,1
SVR-HQ,P28,0,112924,0,0,111242,0,0,119252,0,0,135384,0,0,130526,0,138100,133282,0.034887762490948604,123500,112888,0.08592712550607284,126300,124973,0.010506730007917686,128700,123075,0.04370629370629375,123400,117711,0.0461021069692058,121500,116007,0.04520987654320985,111600,106062,0.04962365591397855,,873100,1443326,0,595
SVR-KR,P28,0,18596,0,0,18449,0,0,18132,0,0,20217,0,0,23276,0,0,20850,0,0,18441,0,0,19605,0,0,20393,0,20090,19614,0.02369337979094077,20582,20101,0.023369934894568067,18958,18521,0.023050954742061425,,59630,236195,0,197
SVR-HQ,P281,0,7369,0,0,7960,0,0,8237,0,0,9586,0,0,8605,0,8920,8416,0.05650224215246635,7940,7521,0.05277078085642317,9260,8754,0.054643628509719266,8640,8186,0.05254629629629626,9200,8696,0.05478260869565221,9140,8659,0.05262582056892784,7240,6831,0.05649171270718234,,60340,98820,0,134
SVR-HQ,P281-1,0,5412,0,0,6068,0,0,6364,0,0,7021,0,0,6612,0,7024,6363,0.09410592255125283,6190,5672,0.08368336025848144,7037,6399,0.09066363507176356,6586,6019,0.08609170968721536,6641,6033,0.09155247703659086,6990,6343,0.09256080114449217,5791,5282,0.08789500949749607,,46259,73588,0,78
SVR-HQ,P283,0,14323,0,0,14899,0,0,15901,0,0,18192,0,0,17228,0,17320,16591,0.04209006928406467,15180,14593,0.038669301712779935,17420,16746,0.03869115958668201,16260,15627,0.03892988929889296,16880,16010,0.05154028436018954,17880,17173,0.03954138702460852,14880,14529,0.02358870967741933,,115820,191812,0,182
SVR-HQ,P284,0,22106,0,0,23360,0,0,24304,0,0,27406,0,0,26427,0,27937,26211,0.0617818663421269,25928,24305,0.06259642085775996,29304,27233,0.07067294567294569,28081,26136,0.06926391510273855,27676,25664,0.07269836681601383,29418,27909,0.051295125433408084,24749,23555,0.04824437351004085,,193093,304616,0,265
SVR-HQ,P285,0,22231,0,0,23463,0,0,24136,0,0,27154,0,0,26477,0,26556,25822,0.027639704774815477,23871,23234,0.026685099074190477,27073,26270,0.029660547408857485,26482,25753,0.027528132316290366,26601,25818,0.029434983647231294,28163,27422,0.026311117423569952,23972,23278,0.028950442182546277,,182718,301058,0,249
SVR-HQ,P286,0,3926,0,0,4138,0,0,4130,0,0,4662,0,0,4456,0,4480,4239,0.05379464285714286,4020,3843,0.04402985074626864,4740,4498,0.05105485232067508,4580,4356,0.0489082969432314,4600,4388,0.04608695652173911,4960,4711,0.05020161290322578,3960,3757,0.05126262626262623,,31340,51104,0,58
SVR-HQ,P287,0,6392,0,0,6794,0,0,7067,0,0,7951,0,0,7752,0,7853,7640,0.02712339233413985,6984,6776,0.0297823596792669,8143,7930,0.026157435834459064,7826,7609,0.027728085867620766,7847,7627,0.02803619217535369,8322,8066,0.030761836097092043,6871,6665,0.02998107990103338,,53846,88269,0,89
SVR-HQ,P288,0,10236,0,0,10373,0,0,10287,0,0,12392,0,0,11540,0,11980,10920,0.08848080133555924,11280,10338,0.08351063829787231,13100,11952,0.08763358778625951,9720,11706,0,9860,12206,0,19520,11729,0.3991290983606557,11760,10756,0.0853741496598639,,87220,134435,0,113
SVR-HQ,P288-1,0,5336,0,0,5422,0,0,5316,0,0,6356,0,0,5818,0,5836,5504,0.056888279643591555,5456,5157,0.05480205278592376,6407,6041,0.057125019509911,6093,5755,0.05547349417364189,6389,6019,0.05791203631241193,6212,5839,0.06004507405022541,5497,5184,0.056940149172275745,,41890,67747,0,66
SVR-HQ,P289,0,8494,0,0,8865,0,0,8870,0,0,10748,0,0,10405,0,9239,8905,0.03615109860374499,8738,8450,0.032959487296864265,10133,9782,0.03463929734530746,9492,9183,0.03255372945638435,9044,8722,0.035603715170278605,9824,9492,0.033794788273615595,7958,7695,0.03304850464940945,,64428,109611,0,82
SVR-BV,P29,0,530270,0,0,510490,0,0,618900,0,0,904070,0,0,933530,0,0,946410,0,0,1042740,0,0,1170830,0,939530,1046600,0,1080810,1080560,0.00023130800048110078,1396420,1396120,0.00021483507827158022,1378210,1377970,0.00017413891932294145,,4794970,11558490,0,1
SVR-CP,P29,0,11490,0,0,11356,0,0,13050,0,0,13897,0,14857,14156,0.04718314599178841,14806,14030,0.0524111846548696,13080,12535,0.04166666666666663,13798,13193,0.043846934338309884,14537,13807,0.050216688450161695,14226,13603,0.043793054969773704,13988,13401,0.041964541035173,13541,12949,0.04371907540063513,,112833,157467,0,108
SVR-HQ,P29,0,23235,0,0,26696,0,0,26211,0,0,33118,0,0,31977,0,32294,30784,0.046757911686381326,29123,28103,0.035023864299694396,34346,32753,0.04638094683514815,31863,31182,0.0213727520949063,32820,31579,0.037812309567336944,33105,31778,0.04008457936867538,27109,26145,0.03556014607694857,,220660,353561,0,262
SVR-KR,P29,0,19325,0,0,20475,0,0,19754,0,0,21689,0,0,25925,0,0,23143,0,0,20551,0,0,23772,0,0,23905,0,25472,24187,0.050447550251256246,24727,23484,0.05026893678974398,23483,22283,0.051100796320742714,,73682,268493,0,216
SVR-HQ,P290,0,13616,0,0,13557,0,0,13879,0,0,17487,0,0,14730,0,16038,15097,0.058673151265743906,15292,14495,0.05211875490452522,16361,15446,0.05592567691461403,15687,14850,0.05335628227194489,15592,14693,0.05765777321703436,15253,14411,0.05520225529404055,13575,12850,0.05340699815837935,,107798,175111,0,125
SVR-HQ,P292,0,7892,0,0,7743,0,0,8382,0,0,9418,0,0,8929,0,9600,9173,0.044479166666666625,7960,7644,0.03969849246231161,9120,8727,0.043092105263157876,8580,8238,0.03986013986013981,8800,8456,0.039090909090909065,8680,8317,0.04182027649769582,8100,7763,0.04160493827160494,,60840,100682,0,98
SVR-HQ,P293,0,4169,0,0,4296,0,0,4372,0,0,5086,0,0,5565,0,4627,4561,0.01426410200994166,4221,4159,0.014688462449656492,4164,4092,0.01729106628242072,4611,4484,0.027542832357406177,3920,3902,0.004591836734693877,3840,3775,0.01692708333333337,4136,4063,0.017649903288201152,,29519,52524,0,54
SVR-HQ,P294,0,6219,0,0,6313,0,0,6318,0,0,7469,0,0,8527,0,0,7464,0,15460,7330,0.5258732212160414,7460,7156,0.04075067024128687,7980,7659,0.04022556390977439,7740,7408,0.042894056847545214,7380,7077,0.041056910569105654,7420,7110,0.0417789757412399,,53440,86050,0,81
SVR-HQ,P295,0,5524,0,0,5627,0,0,5595,0,0,6521,0,0,7591,0,7101,6757,0.048443881143500955,6298,6003,0.04684026675134967,6278,6007,0.043166613571200996,6776,6474,0.044569067296340026,6747,6442,0.04520527641914929,6177,5902,0.04451999352436453,6621,6310,0.046971756532245834,,45998,74753,0,84
SVR-HQ,P296,0,10887,0,0,11086,0,0,10636,0,0,12311,0,0,14776,0,13180,12787,0.029817905918057663,11800,11427,0.0316101694915254,11460,11115,0.030104712041884807,12900,12505,0.0306201550387597,13380,12933,0.03340807174887894,11220,10863,0.03181818181818186,11200,10812,0.0346428571428572,,85140,142138,0,112
SVR-HQ,P297,0,15776,0,0,15181,0,0,15292,0,0,19108,0,0,16062,0,16760,16051,0.04230310262529835,16120,15459,0.04100496277915633,16880,16115,0.04531990521327012,16700,16106,0.03556886227544909,17020,16240,0.04582843713278495,17280,16593,0.03975694444444444,15620,14922,0.04468629961587711,,116380,192905,0,138
SVR-HQ,P298,0,8798,0,0,8967,0,0,9987,0,0,11407,0,0,10837,0,12540,10621,0.15303030303030307,10600,9109,0.14066037735849057,12360,10544,0.1469255663430421,11420,9728,0.1481611208406305,11620,9890,0.14888123924268504,11900,10098,0.15142857142857147,10640,9001,0.1540413533834587,,81080,118987,0,166
SVR-HQ,P299,0,9689,0,0,10232,0,0,9583,0,0,10550,0,0,12959,0,11852,11273,0.04885251434357074,10978,10455,0.04764073601748953,11618,11070,0.047168187295575814,12085,11497,0.048655357881671524,12166,11498,0.05490711819825744,11002,10394,0.05526267951281583,12140,11400,0.060955518945634224,,81841,130600,0,144
SVR-BV,P30,0,109894,0,0,102114,0,0,102324,0,0,133427,0,0,151259,0,0,144947,0,148539,140890,0.051494893596967795,146268,139662,0.045163672163426094,168247,158793,0.05619119508817394,164762,153705,0.0671089207462886,172651,162954,0.056165327742092375,187582,177627,0.05307012399910438,,988049,1677596,0,287
SVR-CP,P30,0,34659,0,0,33844,0,0,37218,0,0,40583,0,44379,42151,0.05020392527997475,44760,42708,0.045844504021447685,38807,37083,0.04442497487566677,41339,39463,0.04538087520259315,43930,42085,0.041998634190758,41328,39594,0.04195702671312429,41747,39853,0.04536852947517189,37740,36360,0.0365659777424483,,334030,465601,0,232
SVR-HQ,P30,0,42411,0,0,41560,0,0,41511,0,0,47558,0,0,49571,0,57354,56470,0.015413048784740369,47275,46735,0.011422527763088275,45329,44744,0.012905645392574328,56208,55259,0.016883717620267524,45894,45143,0.016363794831568357,44219,43859,0.00814129672765096,43305,42766,0.012446599699803773,,339584,557587,0,78
SVR-KR,P30,0,15841,0,0,17120,0,0,16159,0,0,17653,0,0,21757,0,0,19402,0,0,16963,0,0,19204,0,0,19189,0,19762,19269,0.024946867725938682,19029,18546,0.025382311209206976,18392,17921,0.02560896041757288,,57183,219024,0,196
SVR-HQ,P302,0,6430,0,0,6631,0,0,6083,0,0,6912,0,0,7634,0,7382,7056,0.04416147385532376,6972,6682,0.04159495123350543,6569,6286,0.043081138681686726,7234,6943,0.040226707215924806,7330,7027,0.04133697135061387,6524,6244,0.0429184549356223,6693,6122,0.08531301359629462,,48704,80050,0,82
SVR-HQ,P303,0,6739,0,0,5092,0,0,5512,0,0,6968,0,0,7425,0,0,7577,0,7572,7577,0,5696,5705,0,6797,6805,0,5317,5325,0,5842,5851,0,5584,5591,0,,36808,76167,0,1
SVR-HQ,P304,0,628,0,0,618,0,0,533,0,0,827,0,0,818,0,0,762,0,878,880,0,1070,1071,0,958,960,0,743,744,0,822,823,0,741,744,0,,5212,9408,0,1
SVR-BV,P31,0,402137,0,0,401270,0,0,396083,0,0,426839,0,0,398188,0,0,371897,0,0,355606,0,0,358993,0,341800,341111,0.002015798712697525,324667,324472,0.0006006153997788477,333546,333348,0.0005936212696300291,271291,271149,0.0005234231876471984,,1271304,4381093,0,1
SVR-CP,P31,0,3573,0,0,3800,0,0,3863,0,4687,4585,0.02176232131427347,4416,4324,0.02083333333333337,3895,4391,0,1823,4034,0,4203,4388,0,4410,4369,0.009297052154194962,4500,4458,0.009333333333333305,4654,4602,0.011173184357541888,4092,4048,0.010752688172043001,,36680,50435,0,37
SVR-HQ,P31,0,0,,0,0,,0,0,,0,0,,0,0,,0,0,,0,0,,0,0,,0,0,,0,0,,0,0,,0,0,,,0,0,,0
SVR-KR,P31,0,10566,0,0,10445,0,0,8976,0,0,10527,0,0,11819,0,0,11306,0,0,10248,0,0,9546,0,0,10644,0,11240,10971,0.023932384341637025,9517,9316,0.02112010087212357,10849,10598,0.023135772882293293,,31606,124962,0,130
SVR-BV,P3-1,0,358670,0,0,308034,0,0,301611,0,0,400321,0,0,382053,0,0,433149,0,418035,450923,0,372129,365819,0.01695648551980633,451897,436422,0.03424452917368337,385954,386925,0,378212,357132,0.05573593645891717,385346,379105,0.016195834392987107,,2391573,4560164,0,166
SVR-HQ,P312,0,32690,0,0,29583,0,0,29115,0,0,33782,0,0,39091,0,36945,38735,0,24814,33897,0,23264,32083,0,27492,37427,0,26175,35904,0,22560,30691,0,25099,34206,0,,186349,407204,0,229
SVR-HQ,P313,0,12641,0,0,12860,0,0,13066,0,0,15160,0,0,18051,0,16749,15614,0.06776523971580395,15011,13994,0.0677503164346146,15389,14335,0.0684904802131393,16998,15845,0.06783150958936346,16051,14916,0.07071210516478721,15806,14762,0.06605086675945848,16322,15202,0.06861904178409506,,112326,176446,0,218
SVR-HQ,P314,0,8386,0,0,8433,0,0,9101,0,0,10490,0,0,11939,0,10675,10409,0.024918032786885203,10012,9756,0.025569316819816224,9702,9264,0.045145330859616584,10895,10567,0.030105553005966068,10578,10512,0.006239364719228591,9667,9614,0.005482569566566675,10083,9817,0.026381037389665796,,71612,118288,0,159
SVR-HQ,P315,0,5238,0,0,5381,0,0,5647,0,0,7042,0,0,6607,0,6720,6178,0.08065476190476195,5840,5360,0.0821917808219178,6380,5856,0.08213166144200623,6820,6253,0.08313782991202345,6780,6249,0.0783185840707965,6340,5806,0.0842271293375394,6080,5651,0.07055921052631575,,44960,71268,0,64
SVR-HQ,P316,0,1561,0,0,1999,0,0,1731,0,0,1290,0,0,1269,0,0,2510,0,1915,1916,0,1862,1862,0,1027,1027,0,1889,1889,0,1335,1335,0,1187,1186,0.0008424599831508006,,9215,19575,0,1
SVR-HQ,P317,0,10225,0,0,10206,0,0,10643,0,0,13374,0,0,12266,0,13066,12574,0.03765498239706111,10790,10409,0.035310472659870196,11974,11558,0.03474194087188909,12833,12378,0.03545546637575003,12753,12302,0.035364228024778455,13519,13049,0.034765885050669465,10797,10411,0.035750671482819296,,85732,139395,0,135
SVR-HQ,P318,0,4891,0,0,5540,0,0,5539,0,0,6769,0,0,5957,0,6400,5861,0.08421875000000001,5160,4751,0.07926356589147288,6240,5775,0.07451923076923073,5780,5283,0.08598615916955021,6260,5766,0.07891373801916934,6140,5690,0.07328990228013033,5500,5045,0.08272727272727276,,41480,66867,0,93
SVR-HQ,P319,0,5452,0,0,5774,0,0,6145,0,0,7329,0,0,6766,0,7020,6524,0.07065527065527066,5960,5560,0.06711409395973156,7280,6739,0.07431318681318677,7020,6372,0.09230769230769231,7020,6662,0.050997150997150964,7120,6631,0.06867977528089886,6160,5910,0.04058441558441561,,47580,75864,0,100
SVR-BV,P32,0,52545,0,0,50344,0,0,48355,0,0,59446,0,0,57626,0,0,65390,0,60000,57774,0.03710000000000002,60720,58477,0.036940052700922266,65160,63918,0.01906077348066293,59700,57982,0.028777219430485723,64320,62660,0.0258084577114428,64440,62147,0.035583488516449435,,374340,696664,0,159
SVR-CP,P32,0,14320,0,0,15053,0,0,14883,0,0,18082,0,18820,17115,0.09059511158342193,18636,17016,0.08692852543464258,16439,15112,0.08072267169535863,18105,16599,0.08318144159072083,17418,16000,0.08141003559536109,18513,16972,0.08323880516393889,18580,17003,0.0848762109795479,16276,14854,0.08736790366183333,,142787,193009,0,153
SVR-HQ,P32,0,17043,0,0,0,,0,35964,0,0,22520,0,0,19577,0,18861,18322,0.028577487938073243,17934,17431,0.02804728448756555,21213,20560,0.0307830104181398,19083,18581,0.026306136351726628,19694,19186,0.025794658271554805,20087,19525,0.02797829441927613,16538,15921,0.03730801789817395,,133410,224630,0,135
SVR-KR,P32,0,22022,0,0,21367,0,0,19772,0,0,24240,0,0,24859,0,0,21814,0,0,20761,0,0,18838,0,0,21571,0,544,20682,0,468,17732,0,27080,20292,0.2506646971935007,,28092,253950,0,195
SVR-BV,P3-2,0,116349,0,0,104608,0,0,117676,0,0,132963,0,0,152617,0,0,137505,0,120480,128762,0,145320,140058,0.0362097440132122,142440,134485,0.05584807638303846,127560,127725,0,126960,133128,0,135960,125308,0.07834657252132982,,798720,1551184,0,139
SVR-HQ,P320,0,6937,0,0,7494,0,0,6798,0,0,8414,0,0,8950,0,8880,8104,0.08738738738738738,6760,6224,0.07928994082840235,8280,7557,0.08731884057971018,7000,6432,0.08114285714285718,7720,7037,0.0884715025906736,7420,6816,0.08140161725067385,6560,5993,0.08643292682926829,,52620,86756,0,109
SVR-HQ,P321,0,6742,0,0,7209,0,0,7541,0,0,9473,0,0,8576,0,9540,8246,0.1356394129979036,8200,7529,0.08182926829268289,9540,8566,0.10209643605870022,8560,7654,0.1058411214953271,9020,8020,0.11086474501108645,9240,8188,0.11385281385281387,8240,7310,0.11286407766990292,,62340,95054,0,129
SVR-HQ,P322,0,4823,0,0,5218,0,0,5062,0,0,6617,0,0,6659,0,6220,5644,0.09260450160771705,5400,4946,0.08407407407407408,6560,5944,0.09390243902439022,6360,5823,0.0844339622641509,6040,5497,0.0899006622516556,6060,5551,0.083993399339934,5020,4581,0.0874501992031872,,41660,66365,0,79
SVR-HQ,P323,0,3023,0,0,3635,0,0,2719,0,0,3324,0,0,3448,0,3620,3202,0.11546961325966854,3300,2935,0.1106060606060606,3440,3040,0.11627906976744184,3020,2681,0.11225165562913908,3300,2936,0.11030303030303035,3200,2841,0.1121875,3060,2699,0.11797385620915035,,22940,36483,0,58
SVR-HQ,P324,0,48683,0,0,45086,0,0,45662,0,0,53447,0,0,57409,0,69379,67385,0.028740685221752993,51023,49311,0.033553495482429474,50701,49943,0.014950395455710974,60975,59306,0.027371873718737172,54503,53471,0.018934737537383284,54295,52468,0.03364950732111616,49462,48179,0.025939104767296106,,390338,630350,0,201
SVR-HQ,P325,0,10030,0,0,9628,0,0,12089,0,0,12073,0,0,13392,0,7480,14665,0,6300,12194,0,7260,13531,0,7020,14005,0,6780,13181,0,6580,12751,0,6600,12829,0,,48020,150368,0,103
SVR-HQ,P326,0,5551,0,0,5546,0,0,5580,0,0,6457,0,0,7488,0,6586,6441,0.022016398420892758,5808,5677,0.022555096418732767,5895,5763,0.0223918575063613,6694,6545,0.02225873916940546,5777,5631,0.025272632854422716,5837,5692,0.024841528182285466,6020,5997,0.003820598006644471,,42617,72368,0,78
SVR-HQ,P327,0,1369,0,0,1467,0,0,1422,0,0,1628,0,0,1746,0,1708,1673,0.020491803278688492,1692,1671,0.012411347517730542,1675,1650,0.014925373134328401,1828,1802,0.01422319474835887,1758,1732,0.014789533560864654,1658,1631,0.01628468033775632,1613,1586,0.01673899566026038,,11932,19377,0,26
SVR-HQ,P328,0,10341,0,0,10791,0,0,10614,0,0,12165,0,0,13917,0,13220,12433,0.05953101361573376,12419,11685,0.059102987358080394,12135,11429,0.058178821590440855,13509,12665,0.06247686727366941,12490,11688,0.06421136909527625,12103,11381,0.05965463108320246,13207,12414,0.06004391610509574,,89083,141523,0,190
SVR-HQ,P329,0,10238,0,0,10388,0,0,10314,0,0,11399,0,0,13420,0,13560,12037,0.11231563421828905,12460,11144,0.10561797752808988,12180,10902,0.10492610837438421,13820,12314,0.10897250361794497,12700,11255,0.11377952755905507,12040,10750,0.1071428571428571,15060,12803,0.149867197875166,,91820,136964,0,143
SVR-BV,P33,0,0,,0,0,,0,0,,0,0,,0,0,,0,0,,0,0,,0,0,,0,0,,0,0,,0,0,,0,0,,,0,0,,0
SVR-CP,P33,0,4585,0,0,4717,0,0,4691,0,6113,5715,0.06510714869949286,6125,5871,0.041469387755102005,6137,5806,0.05393514746618866,5239,4982,0.04905516319908376,5907,5616,0.04926358557643473,5626,5347,0.04959118378954852,6250,5924,0.052159999999999984,6105,5794,0.050941850941851,5369,5087,0.05252374743900168,,52871,64135,0,62
SVR-HQ,P33,0,10049,0,0,11370,0,0,11687,0,0,12959,0,0,14120,0,12400,12123,0.022338709677419355,11700,11404,0.025299145299145342,11100,10839,0.023513513513513495,11660,11399,0.022384219554030915,12220,11895,0.02659574468085102,11300,11012,0.02548672566371679,11040,10742,0.026992753623188426,,81420,139599,0,83
SVR-KR,P33,0,10211,0,0,10209,0,0,10036,0,0,10167,0,0,11952,0,0,11408,0,0,10164,0,0,10181,0,0,10704,0,11212,10750,0.04120585087406348,10323,9888,0.042138913106655074,10199,9771,0.04196489851946272,,31734,125441,0,152
SVR-BV,P3-3,0,182307,0,0,193530,0,0,209110,0,0,235345,0,0,238108,0,0,211025,0,213480,206028,0.03490725126475547,253800,249418,0.017265563435776232,239160,234020,0.02149188827563142,238200,232886,0.02230898404701931,254280,247908,0.025058990089664945,193800,197785,0,,1392720,2637470,0,71
SVR-HQ,P330,0,4278,0,0,4366,0,0,4233,0,0,4968,0,0,6050,0,5480,5166,0.057299270072992736,4900,4573,0.06673469387755104,5300,4665,0.11981132075471701,6020,5289,0.12142857142857144,5400,4750,0.12037037037037035,5260,4684,0.10950570342205324,5600,5102,0.08892857142857147,,37960,58124,0,89
SVR-HQ,P331,0,2325,0,0,2533,0,0,2459,0,0,2737,0,0,3679,0,3320,3210,0.033132530120481896,2840,2780,0.021126760563380254,2640,2560,0.030303030303030276,3020,2949,0.023509933774834457,2860,2780,0.027972027972028024,2720,2664,0.020588235294117685,3020,2933,0.028807947019867552,,20420,33609,0,51
SVR-HQ,P332,0,7818,0,0,7734,0,0,6010,0,0,6471,0,0,8712,0,7360,6907,0.061548913043478315,6620,6247,0.056344410876132955,6520,6146,0.05736196319018405,7400,6957,0.059864864864864864,7140,6726,0.05798319327731094,6280,5890,0.06210191082802552,7780,7359,0.0541131105398458,,49100,82977,0,137
SVR-HQ,P333,0,3271,0,0,3185,0,0,2985,0,0,3362,0,0,4114,0,3427,3328,0.02888824044353666,3149,3058,0.028898062877103836,2971,2885,0.028946482665769047,3298,3207,0.02759248029108552,3278,3185,0.02837095790115929,2926,2840,0.029391660970608302,3024,2937,0.02876984126984128,,22073,38357,0,64
SVR-HQ,P334,0,8668,0,0,8565,0,0,8574,0,0,9902,0,0,11678,0,11620,10685,0.08046471600688465,10320,9477,0.08168604651162792,10420,9580,0.08061420345489445,11540,10588,0.08249566724436741,10640,9654,0.09266917293233079,10020,9187,0.08313373253493017,10720,9971,0.0698694029850746,,75280,116529,0,151
SVR-HQ,P335,0,0,,0,0,,0,0,,0,0,,0,0,,0,0,,0,0,,0,0,,0,0,,0,0,,0,5817,0,6680,6673,0.001047904191616822,,6680,12490,0,103
SVR-HQ,P336,0,6742,0,0,6671,0,0,7026,0,0,9397,0,0,8570,0,9120,8649,0.05164473684210524,8980,8475,0.05623608017817372,8960,8480,0.0535714285714286,9100,8639,0.050659340659340635,9600,9060,0.05625000000000002,9800,9348,0.046122448979591835,8980,8464,0.05746102449888646,,64540,99521,0,153
SVR-HQ,P337,0,2870,0,0,3147,0,0,3245,0,0,3684,0,0,3496,0,3329,3251,0.023430459597476694,2948,2884,0.02170963364993217,3414,3339,0.02196836555360282,3195,3120,0.023474178403755874,3377,3303,0.021912940479715703,3539,3454,0.024018084204577517,3001,2935,0.021992669110296514,,22803,38728,0,47
SVR-HQ,P338,0,5279,0,0,5301,0,0,5279,0,0,6326,0,0,5596,0,5840,5470,0.06335616438356162,4680,4395,0.0608974358974359,5640,5279,0.06400709219858158,5360,5025,0.0625,5300,4974,0.06150943396226416,5500,5101,0.07254545454545458,5060,4773,0.05671936758893281,,37380,62798,0,79
SVR-HQ,P338-1,0,4919,0,0,5213,0,0,5122,0,0,6777,0,0,5734,0,5960,5577,0.06426174496644299,4840,4529,0.06425619834710738,5900,5574,0.05525423728813561,5760,5407,0.061284722222222254,5760,5406,0.06145833333333328,5740,5392,0.06062717770034842,5120,4818,0.05898437499999998,,39080,64468,0,87
SVR-HQ,P339,0,11983,0,0,12600,0,0,12489,0,0,15006,0,0,13879,0,16640,14541,0.12614182692307696,13920,12286,0.11738505747126438,15640,13718,0.12289002557544759,15160,13371,0.1180079155672823,15220,13327,0.12437582128777924,15000,13285,0.11433333333333329,14020,12356,0.11868758915834521,,105600,158841,0,183
SVR-BV,P34,0,58280,0,0,56177,0,0,56916,0,0,66102,0,0,60041,0,0,70720,0,0,70246,0,0,58651,0,38182,38183,0,14490,14489,6.901311249141173e-05,12013,12110,0,11268,11171,0.008608448704295335,,75953,573086,0,1
SVR-CP,P34,0,9707,0,0,9947,0,0,9934,0,0,12415,0,12110,11884,0.018662262592898382,11392,11267,0.010972612359550604,9789,9680,0.011134947389927485,10868,10727,0.012973868237026176,10642,10495,0.01381319300883288,11494,11382,0.00974421437271622,11157,11069,0.007887424935018372,9968,9912,0.005617977528089901,,87420,128419,0,72
SVR-HQ,P34,0,104801,0,0,102633,0,0,108670,0,0,124458,0,0,133624,0,77120,73731,0.04394450207468881,72160,69297,0.03967572062084257,69600,66544,0.04390804597701148,70320,75126,0,53360,67513,0,52640,66624,0,66295,64177,0.03194811071724868,,461495,1057198,0,316
SVR-KR,P34,0,13987,0,0,13676,0,0,13601,0,0,14875,0,0,16839,0,0,15513,0,0,14442,0,0,14682,0,0,15170,0,16446,15180,0.07697920466982855,15437,14266,0.07585670790956789,15558,14349,0.07770921712302348,,47441,176580,0,182
SVR-HQ,P340,0,10182,0,0,10603,0,0,11190,0,0,12308,0,0,12553,0,12660,11653,0.07954186413902053,10820,10006,0.07523105360443627,12580,11610,0.07710651828298887,11980,11075,0.07554257095158601,11740,10845,0.07623509369676318,12260,11269,0.0808319738988581,9840,9089,0.07632113821138209,,81880,132383,0,131
SVR-HQ,P341,0,3361,0,0,3674,0,0,3671,0,0,4310,0,0,4580,0,4660,4225,0.0933476394849786,3900,3556,0.08820512820512816,3780,3457,0.08544973544973544,4060,3762,0.07339901477832511,4440,4056,0.08648648648648649,3920,3603,0.08086734693877551,3980,3625,0.08919597989949746,,28740,45880,0,92
SVR-HQ,P342,0,3175,0,0,3209,0,0,3352,0,0,3777,0,0,4289,0,4420,4146,0.061990950226244346,3820,3605,0.05628272251308897,3940,3698,0.06142131979695431,4160,3893,0.06418269230769236,4160,3932,0.054807692307692335,4100,3850,0.060975609756097615,4220,3968,0.05971563981042649,,28820,44894,0,74
SVR-HQ,P343,0,1700,0,0,1618,0,0,1883,0,0,1900,0,0,2413,0,2120,1959,0.0759433962264151,1840,1730,0.05978260869565222,1840,1743,0.05271739130434783,1880,1758,0.0648936170212766,1960,1845,0.058673469387755084,1780,1687,0.05224719101123598,1740,1609,0.07528735632183903,,13160,21845,0,48
SVR-HQ,P344,0,0,,0,0,,0,0,,0,0,,0,0,,0,0,,0,0,,0,0,,0,0,,0,0,,0,0,,0,0,,,0,0,,0
SVR-HQ,P345,0,44771,0,0,44246,0,0,44147,0,0,53248,0,0,51294,0,53639,51183,0.04578757993251181,50092,48712,0.027549309270941458,51301,49191,0.04112980253796217,53730,51393,0.043495254048017906,55348,53114,0.04036279540362797,57048,54607,0.04278852895807039,49183,47217,0.03997316145822749,,370341,593123,0,184
SVR-HQ,P347,0,85672,0,0,83547,0,0,87048,0,0,98311,0,0,108261,0,96006,92949,0.031841759890006927,83344,81079,0.027176521405260168,80013,77643,0.029620186719658048,96549,93559,0.03096873090347907,79524,77769,0.022068809416025403,79918,77054,0.03583673265096721,82818,79704,0.037600521625733574,,598172,1042596,0,60
SVR-HQ,P348,0,0,,0,0,,0,0,,0,0,,0,0,,0,0,,0,0,,0,0,,0,0,,0,0,,0,0,,0,0,,,0,0,,0
SVR-HQ,P349,0,83952,0,0,80416,0,0,90346,0,0,112802,0,0,179554,0,0,163085,0,136636,136629,5.123100793347213e-05,123809,123798,8.884652973528695e-05,153812,153787,0.00016253608301042277,150644,150601,0.0002854411725657924,120300,120276,0.00019950124688283832,135427,135393,0.0002510577654382118,,820628,1530639,0,1
SVR-BV,P35,0,758415,0,0,771094,0,0,855274,0,0,1018705,0,0,925894,0,0,967120,0,0,1024897,0,0,1100361,0,1021967,1022299,0,1028891,1029255,0,995874,996218,0,832857,823792,0.010884221420964235,,3879589,11293324,0,1
SVR-CP,P35,0,15416,0,0,15626,0,0,15220,0,21370,18883,0.11637810014038374,20555,18307,0.10936511797616155,20194,18008,0.10824997524017033,18847,17047,0.09550591606091152,19921,17988,0.09703328146177403,20021,18045,0.09869636881274657,19227,17277,0.10141987829614607,22594,20329,0.10024785341241038,17190,15479,0.0995346131471786,,179919,207625,0,149
SVR-HQ,P35,0,651448,0,0,696163,0,0,721348,0,0,909998,0,0,801245,0,0,769196,0,0,684991,0,788350,788359,0,679026,679123,0,690005,689909,0.00013912942659832783,723866,723807,8.150679821961049e-05,622231,622236,0,,3503478,8737823,0,1
SVR-KR,P35,0,0,,0,0,,0,0,,0,0,,0,0,,0,0,,0,0,,0,0,,0,0,,0,0,,0,0,,0,0,,,0,0,,0
SVR-HQ,P350,0,997,0,0,1061,0,0,1186,0,0,1692,0,0,1911,0,0,2262,0,1376,1383,0,1494,1504,0,1780,1795,0,1702,1699,0.001762632197414793,1724,1745,0,1517,1540,0,,9593,18775,0,1
SVR-HQ,P351,0,1003,0,0,1011,0,0,922,0,0,1040,0,0,954,0,0,1043,0,1643,2245,0,612,0,1,0,0,,0,0,,0,0,,0,0,,,2255,8218,0,0
SVR-HQ,P352,0,9697,0,0,9813,0,0,8369,0,0,9081,0,0,11231,0,10257,9557,0.06824607585063858,9193,8564,0.06842162514957029,8484,7889,0.07013201320132012,9177,8550,0.06832298136645965,9436,8789,0.06856718948707075,8891,8288,0.06782139241930041,8534,7940,0.06960393719240687,,63972,107768,0,144
SVR-HQ,P353,0,9130,0,0,9156,0,0,9033,0,0,9739,0,0,11756,0,11033,10596,0.039608447385117374,9018,8687,0.036704369039698426,9026,8668,0.039663195213826774,11161,10638,0.04685960039422987,9914,9515,0.04024611660278399,9398,9027,0.03947648435837414,10891,10398,0.04526673400055092,,70441,116343,0,130
SVR-HQ,P354,0,47398,0,0,50493,0,0,49812,0,0,54815,0,0,70473,0,62344,60190,0.03455023739253171,54215,51319,0.05341695102831323,57191,54669,0.04409784756342783,60423,57767,0.04395677142809862,59228,56622,0.043999459714999634,54811,52526,0.04168871211982994,54882,52563,0.04225429102437961,,403094,658647,0,274
SVR-HQ,P355,0,42637,0,0,29579,0,0,30789,0,0,24691,0,0,37868,0,0,32921,0,36868,36884,0,37788,37809,0,35541,35561,0,34250,34270,0,34777,34797,0,36387,36403,0,,215611,414209,0,1
SVR-HQ,P356,0,13862,0,0,13616,0,0,17809,0,0,16106,0,0,14353,0,0,19235,0,20603,20594,0.00043682958792412574,17154,17147,0.0004080680890754529,3414,3413,0.00029291154071475756,2682,2681,0.00037285607755410677,14608,14600,0.0005476451259583959,16416,16404,0.0007309941520468044,,74877,169820,0,1
SVR-HQ,P357,0,102615,0,0,95048,0,0,87677,0,0,115250,0,0,115699,0,118441,113552,0.04127793584991679,112005,109471,0.02262399000044646,104676,104126,0.005254308532997021,117597,114415,0.02705851339745058,113374,111221,0.018990244676910017,96671,94282,0.024712685293417858,106534,104349,0.020509884168434467,,769298,1267705,0,526
SVR-HQ,P358,0,6716,0,0,7062,0,0,6774,0,0,8076,0,0,7528,0,7700,8061,0,6940,6772,0.02420749279538903,7940,8128,0,7360,7535,0,6660,7326,0,6560,7703,0,6260,7220,0,,49420,88901,0,109
SVR-HQ,P358-1,0,4625,0,0,4897,0,0,5007,0,0,6084,0,0,5448,0,5763,5615,0.02568106888773214,4976,4855,0.024316720257234747,5649,5505,0.025491237387148202,5357,5230,0.02370729886130296,5448,5290,0.029001468428781152,5595,5479,0.02073279714030385,5184,5055,0.0248842592592593,,37972,63090,0,64
SVR-HQ,P359,0,9448,0,0,8462,0,0,8953,0,0,9357,0,0,9606,0,0,9443,0,8714,8717,0,8839,8844,0,7623,7629,0,7997,7767,0.028760785294485447,7636,7455,0.023703509690937707,7686,7629,0.007416081186572998,,48495,103310,0,1
SVR-BV,P36,0,21921,0,0,23048,0,0,21203,0,0,23358,0,0,27165,0,0,26143,0,26977,24916,0.07639841346332066,27846,25774,0.07440925087983907,29031,26820,0.07615996693190041,26646,24491,0.08087517826315394,29285,26936,0.08021171248079217,29091,26968,0.07297789694407208,,168876,298743,0,174
SVR-CP,P36,0,5634,0,0,5501,0,0,5621,0,7068,6679,0.05503678551216751,6793,6418,0.055203886353599296,7043,6663,0.05395428084623033,6593,6247,0.052479902927347166,6770,6421,0.0515509601181684,7025,6666,0.051103202846975115,6832,6462,0.05415690866510536,7478,7057,0.056298475528216096,6961,6558,0.05789398074989227,,62563,75927,0,54
SVR-HQ,P36,0,10989,0,0,10827,0,0,10993,0,0,12912,0,0,14481,0,13560,12950,0.04498525073746318,13040,12475,0.04332822085889576,12360,11786,0.04644012944983822,13120,12583,0.040929878048780455,12560,11980,0.04617834394904463,12160,11595,0.04646381578947367,12480,11872,0.04871794871794877,,89280,145443,0,116
SVR-KR,P36,0,10875,0,0,10437,0,0,9270,0,0,11396,0,0,13043,0,0,11622,0,0,10500,0,0,9839,0,0,11002,0,11811,11591,0.018626703920074483,8980,8811,0.018819599109131446,10496,10277,0.020865091463414642,,31287,128663,0,155
SVR-HQ,P361,0,2739,0,0,3393,0,0,2836,0,0,3111,0,0,3761,0,3120,2901,0.07019230769230766,2600,2411,0.07269230769230772,2720,2534,0.06838235294117645,2920,2742,0.06095890410958904,3340,3130,0.06287425149700598,2880,2696,0.06388888888888888,3180,2971,0.06572327044025161,,20760,35225,0,69
SVR-HQ,P362,0,5415,0,0,5227,0,0,5561,0,0,6276,0,0,6484,0,6320,6039,0.04446202531645571,5700,5457,0.042631578947368465,5500,5270,0.041818181818181865,6200,5932,0.04322580645161289,5980,5719,0.04364548494983278,6000,5753,0.041166666666666685,6020,5745,0.04568106312292364,,41720,68878,0,71
SVR-HQ,P363,0,7889,0,0,7626,0,0,8169,0,0,9084,0,0,9878,0,9360,8797,0.06014957264957266,8840,8313,0.059615384615384626,8420,7935,0.05760095011876487,9780,9194,0.05991820040899798,9160,8591,0.06211790393013106,8740,8223,0.05915331807780322,8760,8205,0.06335616438356162,,63060,101904,0,99
SVR-HQ,P364,0,1317,0,0,1316,0,0,1233,0,0,1531,0,0,1630,0,1580,1542,0.024050632911392422,1300,1267,0.02538461538461534,1220,1186,0.02786885245901638,1460,1417,0.02945205479452051,1340,1310,0.02238805970149249,1300,1243,0.04384615384615387,1480,1451,0.01959459459459456,,9680,16443,0,19
SVR-HQ,P365,0,7943,0,0,7824,0,0,7857,0,0,9545,0,0,8832,0,9000,8439,0.06233333333333335,8480,7933,0.06450471698113203,9780,9187,0.060633946830265795,9480,8903,0.060864978902953615,9760,9148,0.06270491803278688,9660,9059,0.06221532091097304,8720,8118,0.06903669724770645,,64880,102788,0,113
SVR-HQ,P366,0,0,,0,0,,0,0,,0,0,,0,0,,0,0,,0,0,,0,0,,0,0,,0,0,,0,0,,0,0,,,0,0,,0
SVR-HQ,P367,0,6137,0,0,6356,0,0,6312,0,0,7663,0,0,7084,0,8180,7521,0.08056234718826405,6960,6452,0.07298850574712645,7700,7097,0.07831168831168833,7640,7057,0.07630890052356021,7860,7263,0.07595419847328244,7880,7253,0.07956852791878177,7300,6745,0.07602739726027397,,53520,82940,0,121
SVR-HQ,P368,0,26882,0,0,22888,0,0,27315,0,0,30653,0,0,31158,0,34744,34286,0.013182132166705052,28698,28243,0.015854763398146177,27415,26979,0.015903702352726645,31762,31256,0.015930986713682982,29776,29370,0.01363514239656094,28677,28245,0.015064337273773432,31179,30594,0.018762628692389094,,212251,347869,0,126
SVR-BV,P37,0,46779,0,0,49945,0,0,46533,0,0,50074,0,0,57772,0,0,52531,0,51144,48138,0.058775222900046886,52960,49526,0.06484138972809672,56098,52520,0.06378123997290452,53556,49935,0.0676114721039659,55592,52176,0.06144769031515329,53836,50432,0.0632290660524556,,323186,606361,0,365
SVR-CP,P37,0,13548,0,0,12842,0,0,14080,0,16200,15667,0.03290123456790128,15400,15124,0.017922077922077895,15680,15248,0.027551020408163263,13920,13616,0.02183908045977012,14960,14650,0.020721925133689867,14760,14384,0.025474254742547386,14440,14089,0.024307479224376705,15080,14258,0.05450928381962861,13920,14146,0,,134360,171652,0,34
SVR-HQ,P37,0,29683,0,0,28746,0,0,30210,0,0,37122,0,0,35385,0,37080,34722,0.06359223300970873,32594,29711,0.08845186230594593,32429,31880,0.016929291683369874,36828,34732,0.05691321820354078,35002,32952,0.058568081823895723,33610,31833,0.05287116929485269,28054,24752,0.11770157553290084,,235597,381728,0,223
SVR-KR,P37,0,10292,0,0,10109,0,0,9586,0,0,11645,0,0,11177,0,0,10814,0,0,9915,0,0,10700,0,0,10633,0,10632,10406,0.02125658389766738,10559,10281,0.026328250781323947,9966,9802,0.01645595023078472,,31157,125360,0,111
SVR-HQ,P374,0,12142,0,0,11602,0,0,4627,0,0,5258,0,0,4693,0,5120,4674,0.08710937500000004,4320,3975,0.07986111111111116,4780,4393,0.08096234309623429,3740,3457,0.07566844919786098,4020,3713,0.0763681592039801,4160,3809,0.08437499999999998,6760,5997,0.11286982248520705,,32900,68340,0,89
SVR-HQ,P375,0,10516,0,0,10564,0,0,6326,0,0,7386,0,0,7449,0,6060,5606,0.07491749174917495,5240,4915,0.06202290076335881,6220,5813,0.06543408360128622,5460,5098,0.06630036630036629,5700,5293,0.0714035087719298,5480,5137,0.06259124087591239,7040,6538,0.07130681818181817,,41200,80641,0,106
SVR-HQ,P376,0,10077,0,0,8920,0,0,6336,0,0,10928,0,0,7424,0,4868,4672,0.04026294165981925,4377,4217,0.03655471784327169,4660,4486,0.03733905579399144,4592,4413,0.038980836236933825,5481,5238,0.044334975369458074,4993,4782,0.04225916282795916,4887,4665,0.04542664211172498,,33858,76158,0,59
SVR-HQ,P377,0,9597,0,0,9753,0,0,4715,0,0,7103,0,0,6737,0,4699,4480,0.04660566077888917,3414,3294,0.03514938488576447,3396,3271,0.03680800942285045,3461,3342,0.03438312626408557,4089,3924,0.0403521643433602,3704,3558,0.039416846652267856,3220,3089,0.04068322981366457,,25983,62863,0,79
SVR-HQ,P378,0,17748,0,0,13804,0,0,5954,0,0,8990,0,0,8289,0,8420,7599,0.09750593824228027,6100,5584,0.0845901639344262,6860,6336,0.07638483965014575,6140,5655,0.07899022801302935,7060,6508,0.07818696883852694,6840,6330,0.07456140350877194,7940,9069,0,,49360,101866,0,134
SVR-BV,P38,0,42213,0,0,41468,0,0,41587,0,0,50845,0,0,47116,0,0,42635,0,0,36472,0,0,39386,0,42157,42176,0,42173,42193,0,35975,35991,0,33177,33190,0,,153482,495272,0,1
SVR-CP,P38,0,26356,0,0,26933,0,0,27841,0,0,36041,0,34700,33018,0.04847262247838613,33348,31830,0.04551997121266638,29135,27827,0.044894456838853625,31712,30340,0.0432643794147326,32900,31384,0.04607902735562308,33940,32381,0.0459340011785504,32696,31217,0.045234891118179577,28503,27205,0.045539066063221445,,256934,362373,0,263
SVR-HQ,P38,0,24172,0,0,0,,0,45825,0,0,28704,0,0,26940,0,30630,29219,0.04606594841658507,25470,24299,0.045975657636435074,27810,26481,0.047788565264293426,26790,25747,0.03893243747667041,26130,24980,0.04401071565250669,25170,24114,0.041954707985697226,21480,20536,0.04394785847299809,,183480,301017,0,152
SVR-KR,P38,0,9786,0,0,6883,0,0,6835,0,0,7360,0,0,10224,0,0,8216,0,0,7082,0,0,7675,0,8267,8006,0.03157130760856419,8338,8087,0.030103142240345382,8182,7921,0.03189929112686385,7743,7500,0.03138318481208835,,32530,95575,0,102
SVR-HQ,P385,0,0,,0,0,,0,0,,0,0,,0,0,,0,0,,0,0,,0,0,,0,0,,0,0,,0,0,,0,0,,,0,0,,0
SVR-HQ,P386,0,46560,0,0,37551,0,0,44354,0,0,46834,0,0,49577,0,58172,56188,0.03410575534621463,47568,46076,0.03136562394887321,47049,45482,0.033305702565410544,49830,48212,0.03247039935781659,47517,46092,0.029989266999179254,46219,44787,0.030982929098422707,47032,45569,0.031106480693995575,,343387,557282,0,144
SVR-HQ,P387,0,12867,0,0,10833,0,0,12515,0,0,14733,0,0,17321,0,17024,16856,0.009868421052631526,13025,12902,0.009443378119001866,12893,12777,0.00899713022570392,14413,14265,0.010268507597308019,13044,12926,0.009046304814474104,12714,12599,0.009045147081956917,13028,12906,0.009364445809026734,,96141,163500,0,58
SVR-HQ,P388,0,25149,0,0,25888,0,0,25944,0,0,24801,0,0,29819,0,29457,27842,0.054825678107071285,24423,23114,0.05359701920321014,24809,23397,0.056914829295820035,26849,25424,0.053074602406048665,26610,25033,0.0592634347989478,23293,22067,0.052633838492250895,24234,22904,0.05488157134604277,,179675,301382,0,181
SVR-HQ,P389,0,11738,0,0,11150,0,0,11484,0,0,12353,0,0,14034,0,13581,12859,0.0531625064428245,12984,12396,0.04528650646950094,12366,11770,0.048196668284004485,12925,12308,0.04773694390715666,12466,11886,0.04652655222204394,11707,11169,0.045955411292389114,11716,11167,0.046858996244452,,87745,144314,0,65
SVR-BV,P39,0,135424,0,0,124400,0,0,123819,0,0,174597,0,0,199195,0,0,183748,0,195206,165407,0.1526541192381382,240874,205556,0.1466243762298961,227998,188436,0.17351906595671895,242158,201003,0.1699510237117915,277801,232443,0.16327515019744354,211651,193752,0.08456846412254138,,1395688,2127780,0,50
SVR-CP,P39,0,7106,0,0,6835,0,0,6372,0,0,8265,0,8032,7904,0.015936254980079667,7742,7620,0.015758202014983236,7068,6946,0.017260894170911145,7435,7309,0.016946872898453313,7655,7505,0.019595035924232507,7492,7372,0.01601708489054987,7450,7330,0.016107382550335614,7226,7103,0.017021865485745913,,60100,87667,0,73
SVR-HQ,P39,0,1324,0,0,1998,0,0,3353,0,0,3610,0,0,3801,0,0,4423,0,5320,5314,0.0011278195488721998,3587,3587,0,7773,7765,0.0010292036536729832,3641,3639,0.0005492996429552477,2549,2546,0.0011769321302471658,4682,4679,0.000640751815463525,,27552,46039,0,1
SVR-KR,P39,0,8846,0,0,8248,0,0,7965,0,0,8660,0,0,10940,0,0,9325,0,0,8414,0,0,8565,0,0,8941,0,9852,9200,0.06617945594803087,9453,8856,0.06315455410980642,8801,8243,0.0634018861493012,,28106,106203,0,107
SVR-HQ,P390,0,9155,0,0,9882,0,0,9500,0,0,10606,0,0,12583,0,11280,10945,0.02969858156028371,9532,9326,0.02161141418380197,10779,10499,0.025976435661935193,11348,11056,0.02573140641522731,11448,11159,0.025244584206848386,11633,11331,0.02596062924439091,11418,11138,0.024522683482221086,,77438,127180,0,108
SVR-HQ,P391,0,4819,0,0,5088,0,0,4915,0,0,6041,0,0,5714,0,6580,5959,0.09437689969604868,5460,4958,0.09194139194139195,5960,5430,0.0889261744966443,6020,5467,0.0918604651162791,6100,5524,0.09442622950819668,6220,5625,0.09565916398713825,5880,5354,0.08945578231292517,,42220,64894,0,73
SVR-HQ,P392,0,7836,0,0,7960,0,0,9858,0,0,11425,0,0,11931,0,0,11119,0,9253,9270,0,8964,8980,0,10174,10193,0,8087,8106,0,8188,8205,0,7933,7953,0,,52599,112836,0,1
SVR-HQ,P393,0,20045,0,0,18316,0,0,17898,0,0,21334,0,0,24846,0,24848,24157,0.027809079201545406,21142,20502,0.03027149749314162,22425,21738,0.030635451505016675,25934,25231,0.027107272306624464,25470,24704,0.030074597565763694,21782,21167,0.02823432191717934,23872,23186,0.028736595174262747,,165473,263124,0,143
SVR-HQ,P394,0,6751,0,0,6586,0,0,6484,0,0,7869,0,0,7381,0,7402,7115,0.03877330451229399,6988,6787,0.02876359473382939,7998,7725,0.03413353338334579,7634,7373,0.034189153785695536,7963,7698,0.03327891498179081,7559,7295,0.03492525466331531,6826,6800,0.0038089657193085547,,52370,85864,0,106
SVR-HQ,P395,0,6145,0,0,6225,0,0,6217,0,0,7808,0,0,6945,0,6880,6473,0.059156976744186074,6540,6177,0.05550458715596329,6740,6372,0.05459940652818995,6720,6351,0.05491071428571426,6740,6325,0.061572700296735894,6720,6278,0.06577380952380951,5900,5556,0.05830508474576268,,46240,76872,0,76
SVR-HQ,P396,0,3978,0,0,4099,0,0,3918,0,0,5243,0,0,4747,0,4580,4286,0.06419213973799132,3940,3711,0.05812182741116756,4380,4143,0.05410958904109586,4020,3804,0.05373134328358209,4460,4210,0.056053811659192876,4540,4273,0.05881057268722467,4000,3754,0.0615,,29920,50166,0,60
SVR-HQ,P397,0,1626,0,0,1599,0,0,1827,0,0,2539,0,0,1806,0,1828,1798,0.01641137855579866,1682,1644,0.022592152199762183,1785,1754,0.017366946778711534,1830,1799,0.016939890710382488,1780,1748,0.017977528089887618,2053,2020,0.016074037993180745,1912,1871,0.021443514644351458,,12870,22031,0,27
SVR-HQ,P398,0,12220,0,0,13336,0,0,13839,0,0,17039,0,0,17062,0,18755,18201,0.02953878965609169,17811,17351,0.02582673628656451,17493,16907,0.033499113931286795,19563,18901,0.03383939068649999,16108,15377,0.04538117705487954,17719,17303,0.023477622890682337,16931,16404,0.031126336306183888,,124380,193940,0,90
SVR-HQ,P399,0,6459,0,0,7222,0,0,7119,0,0,10348,0,0,18813,0,0,12751,0,7578,7593,0,6554,6565,0,6299,6311,0,11654,11672,0,5842,5850,0,7469,7479,0,,45396,108182,0,1
SVR-BV,P40,0,66260,0,0,41633,0,0,51422,0,0,64111,0,0,75911,0,0,73497,0,60763,59011,0.02883333607623062,71879,69404,0.03443286634482956,74385,72211,0.029226322511259006,62297,61014,0.02059489220989774,83240,80368,0.03450264296011529,69148,66891,0.03264013420489387,,421712,781733,0,62
SVR-CP,P40,0,6877,0,0,6704,0,0,6501,0,0,8635,0,5409,7877,0,5369,7869,0,3801,6761,0,5676,7161,0,5000,7378,0,5009,7387,0,5164,7348,0,5621,7785,0,,41049,88283,0,94
SVR-HQ,P40,0,1910,0,0,1860,0,0,330,0,0,3724,0,0,2305,0,0,2329,0,1868,1861,0.0037473233404711204,2164,2158,0.0027726432532347856,2123,2116,0.0032972209138012465,2155,2147,0.003712296983758745,1967,1960,0.003558718861209953,1811,1805,0.00331308669243513,,12088,24505,0,1
SVR-KR,P40,0,18563,0,0,17968,0,0,17375,0,0,18625,0,0,25598,0,0,20219,0,0,17702,0,0,19079,0,0,19078,0,378,20714,0,337,18655,0,18660,17181,0.07926045016077166,,19375,230757,0,216
SVR-HQ,P400,0,1,0,0,0,,0,574,0,0,469,0,0,436,0,0,90,0,225,225,0,254,254,0,171,171,0,392,392,0,333,333,0,29,29,0,,1404,2974,0,1
SVR-HQ,P401,0,5304,0,0,5610,0,0,5413,0,0,6789,0,0,6084,0,4994,4863,0.026231477773328016,4414,4317,0.02197553239691885,5620,5507,0.02010676156583635,5351,5242,0.02037002429452439,5419,5311,0.019929876360952226,4995,4887,0.021621621621621623,4698,4602,0.020434227330779042,,35491,63929,0,70
SVR-HQ,P402,0,3035,0,0,3197,0,0,3240,0,0,3826,0,0,3137,0,0,4420,0,4439,4452,0,3996,4008,0,4717,4730,0,4649,4663,0,4183,4197,0,4731,4744,0,,26715,47649,0,1
SVR-HQ,P403,0,2885,0,0,3290,0,0,3604,0,0,4696,0,0,3915,0,3767,3681,0.022829838067427666,3100,3031,0.022258064516128995,3461,3392,0.019936434556486526,3542,3468,0.020892151326933894,3327,3257,0.021039975954313173,3203,3141,0.01935685295035905,2892,2842,0.017289073305670866,,23292,41202,0,20
SVR-HQ,P404,0,0,,0,0,,0,0,,0,0,,0,0,,0,0,,0,0,,0,0,,0,0,,0,0,,0,0,,0,0,,,0,0,,0
SVR-HQ,P405,0,0,,0,0,,0,0,,0,0,,0,0,,0,0,,0,0,,0,0,,0,0,,0,0,,0,0,,0,0,,,0,0,,0
SVR-HQ,P406,0,0,,0,0,,0,0,,0,0,,0,0,,0,0,,0,0,,0,0,,0,0,,0,0,,0,0,,0,0,,,0,0,,0
SVR-HQ,P407,0,65898,0,0,51959,0,0,66986,0,0,66500,0,0,74105,0,76637,75623,0.013231206858306033,66623,65789,0.01251819942062049,69268,68489,0.011246174279609611,78996,77975,0.012924705048356855,74851,73938,0.012197565830783796,70549,69682,0.01228933081971395,69837,68927,0.013030342082277269,,506761,825871,0,69
SVR-HQ,P408,0,53079,0,0,45988,0,0,44302,0,0,53587,0,0,78109,0,66221,64453,0.0266984793343501,57550,56088,0.025403996524761108,53776,52430,0.025029753049687575,64874,63178,0.02614298486296518,56747,55266,0.02609829594516011,48493,47604,0.018332542841234867,57945,56406,0.026559668651307322,,405606,670490,0,142
SVR-BV,P41,0,0,,0,0,,0,0,,0,0,,0,0,,0,0,,0,0,,0,0,,0,0,,0,0,,0,0,,0,0,,,0,0,,1
SVR-CP,P41,0,7979,0,0,7398,0,0,7164,0,10700,10384,0.029532710280373853,9680,9376,0.031404958677686,9540,9302,0.024947589098532452,8480,8225,0.030070754716981174,9120,8864,0.028070175438596467,9080,8838,0.026651982378854577,9160,8916,0.026637554585152823,8680,8407,0.031451612903225845,8660,8407,0.029214780600461898,,83100,103260,0,95
SVR-HQ,P41,0,0,,0,0,,0,0,,0,0,,0,0,,0,0,,0,0,,0,0,,0,0,,0,0,,0,0,,0,0,,,0,0,,0
SVR-KR,P41,0,10860,0,0,10760,0,0,10094,0,0,12775,0,0,12236,0,0,12001,0,0,10229,0,0,11186,0,0,11378,0,12558,11625,0.07429526994744384,12148,11273,0.07202831741850513,11002,10222,0.0708962006907835,,35708,134639,0,138
SVR-BV,P4-1,0,1140,0,0,2010,0,0,4680,0,0,21990,0,0,24300,0,0,23640,0,0,21480,0,0,19290,0,20730,21000,0,19200,19080,0.006249999999999978,21390,21570,0,16440,16470,0,,77760,196650,0,1
SVR-HQ,P4-1,0,6195,0,0,5529,0,0,5761,0,0,6805,0,0,9347,0,7550,7545,0.0006622516556291647,6814,6811,0.00044027003228641615,7286,7283,0.0004117485588800429,8479,8471,0.000943507489090667,7570,7554,0.0021136063408190298,7635,7624,0.001440733464309063,7425,7411,0.0018855218855219347,,52759,86336,0,4
SVR-HQ,P410,0,5551,0,0,5593,0,0,6291,0,0,7458,0,0,8521,0,7920,7258,0.08358585858585854,7120,6546,0.08061797752808986,7200,6605,0.08263888888888893,7920,7280,0.08080808080808077,7820,7180,0.0818414322250639,7300,6704,0.0816438356164384,7680,7071,0.07929687500000004,,52960,82058,0,119
SVR-HQ,P411,0,1028,0,0,905,0,0,1073,0,0,1100,0,0,1241,0,1099,1068,0.0282074613284804,998,972,0.02605210420841686,970,940,0.030927835051546393,1137,1103,0.029903254177660488,1176,1148,0.023809523809523836,1081,1050,0.028677150786308947,1082,1054,0.025878003696857665,,7543,12682,0,27
SVR-HQ,P412,0,3311,0,0,3583,0,0,4294,0,0,4690,0,0,5207,0,4411,4305,0.024030832010881853,4111,4005,0.02578448066163952,3741,3652,0.0237904303662122,4492,4371,0.02693677649154047,4734,4626,0.02281368821292773,4754,4619,0.028397139251156944,4679,4555,0.026501389185723423,,30922,51218,0,62
SVR-HQ,P413,0,4573,0,0,4575,0,0,4531,0,0,6016,0,0,5332,0,5040,4798,0.04801587301587307,4700,4468,0.04936170212765956,5460,5180,0.05128205128205132,5220,4930,0.05555555555555558,5780,5509,0.046885813148788924,4880,4626,0.05204918032786887,4680,4428,0.05384615384615388,,35760,58966,0,58
SVR-HQ,P414,0,812,0,0,961,0,0,963,0,0,1059,0,0,1042,0,0,1267,0,1294,1295,0,1314,1314,0,1065,1066,0,873,874,0,1012,1013,0,933,935,0,,6491,12601,0,1
SVR-HQ,P415,0,2662,0,0,3236,0,0,2851,0,0,3196,0,0,3118,0,0,3001,0,2454,2455,0,2025,2026,0,2211,2212,0,1536,1537,0,1520,1521,0,1014,1016,0,,10760,28831,0,1
SVR-HQ,P416,0,10617,0,0,10341,0,0,10347,0,0,12027,0,0,13773,0,11964,11637,0.027331995987963875,11208,10907,0.02685581727337616,10583,10279,0.02872531418312385,11093,10773,0.02884702064364919,10777,10452,0.030156815440289475,11239,10935,0.027048669810481374,11129,10800,0.02956240452870873,,77993,132888,0,92
SVR-HQ,P417,0,23538,0,0,23422,0,0,22674,0,0,27194,0,0,30361,0,27652,26471,0.0427093881093592,26566,25471,0.04121809832116241,26063,25033,0.03951962552277177,28007,26845,0.04148962759310171,28003,26795,0.04313823518908688,29039,27779,0.04338992389545093,27084,25948,0.04194358292718947,,192414,311531,0,206
SVR-HQ,P418,0,21243,0,0,15193,0,0,8676,0,0,9443,0,0,9421,0,8380,7185,0.1426014319809069,6040,5189,0.14089403973509929,6980,6066,0.13094555873925506,5980,5163,0.13662207357859535,5940,5101,0.14124579124579129,6300,5526,0.12285714285714289,15760,13706,0.13032994923857866,,55380,111912,0,85
SVR-HQ,P419,0,3162,0,0,3429,0,0,3486,0,0,4338,0,0,5069,0,4469,4351,0.026404117252181725,3665,3560,0.028649386084583894,3453,3354,0.02867072111207647,3736,3635,0.02703426124197006,4226,4107,0.028159015617605254,3856,3737,0.030860995850622408,3827,3719,0.02822053828063753,,27232,45947,0,68
SVR-BV,P42,0,0,,0,0,,0,0,,0,0,,0,0,,0,0,,0,0,,0,0,,0,0,,0,0,,0,0,,0,0,,,0,0,,0
SVR-CP,P42,0,6860,0,0,7193,0,0,7081,0,9140,9104,0.003938730853391692,8660,8490,0.019630484988452657,8340,8135,0.024580335731414826,7740,7652,0.01136950904392764,8600,8455,0.016860465116279033,8140,8076,0.007862407862407883,7900,8267,0,6820,8545,0,7880,7676,0.025888324873096447,,73220,95534,0,83
SVR-KR,P42,0,12458,0,0,12500,0,0,11957,0,0,15079,0,0,15393,0,0,15186,0,0,13482,0,0,14225,0,0,14042,0,813,14418,0,828,14700,0,14720,13326,0.09470108695652169,,16361,166766,0,133
SVR-BV,P4-2,0,176329,0,0,157195,0,0,152788,0,0,187530,0,0,219587,0,0,187710,0,159244,159343,0,161089,163138,0,187034,175735,0.06041147598832297,177237,170830,0.0361493367637683,198079,196840,0.006255080043820915,188412,181356,0.03744984395898354,,1071095,2128381,0,127
SVR-HQ,P420,0,0,,0,0,,0,0,,0,0,,0,0,,0,0,,0,0,,0,0,,0,0,,0,0,,0,0,,0,0,,,0,0,,1
SVR-HQ,P420-1,0,0,,0,0,,0,0,,0,34620,0,0,0,,0,0,,0,0,,0,0,,0,0,,0,0,,0,0,,0,0,,,0,34620,0,1
SVR-HQ,P421,0,2602,0,0,2588,0,0,2614,0,0,2810,0,0,3423,0,3053,2965,0.0288241074353095,2716,2636,0.02945508100147276,2720,2639,0.029779411764705888,2689,2617,0.02677575306805502,2792,2712,0.028653295128939882,2594,2514,0.030840400925212008,2594,2517,0.029683885890516626,,19158,32637,0,63
SVR-HQ,P422,0,7480,0,0,6995,0,0,3795,0,0,5358,0,0,5726,0,4880,4506,0.07663934426229513,4220,3924,0.07014218009478668,4680,4359,0.06858974358974357,4100,3809,0.07097560975609751,4700,4360,0.07234042553191489,4480,4157,0.07209821428571428,4860,4511,0.07181069958847741,,31920,58980,0,76
SVR-HQ,P423,0,5935,0,0,6901,0,0,6620,0,0,8044,0,0,7790,0,0,7744,0,0,6630,0,22921,7807,0.6593953143405611,7519,7215,0.04043090836547414,7743,7418,0.04197339532480948,7465,7155,0.04152712659075686,6605,6324,0.04254352763058289,,52253,85583,0,109
SVR-HQ,P424,0,1847,0,0,1921,0,0,1961,0,0,2407,0,0,2219,0,0,2318,0,0,1893,0,0,2288,0,0,2020,0,0,2195,0,0,2132,0,14981,1850,0.8765102463119951,,14981,25051,0,38
SVR-HQ,P425,0,4999,0,0,5203,0,0,4910,0,0,5387,0,0,6487,0,6450,6114,0.052093023255814,5450,5225,0.041284403669724745,6100,5805,0.04836065573770487,6400,6117,0.04421874999999997,6550,6213,0.05145038167938931,5700,5503,0.034561403508771904,6000,5654,0.057666666666666644,,42650,67617,0,87
SVR-HQ,P426,0,10968,0,0,11135,0,0,10777,0,0,12163,0,0,14659,0,14200,13510,0.048591549295774694,12000,11498,0.04183333333333328,13150,12516,0.04821292775665398,13700,13016,0.04992700729927002,14050,13280,0.054804270462633475,12400,11900,0.040322580645161255,13000,12355,0.04961538461538462,,92500,147777,0,190
SVR-HQ,P427,0,4802,0,0,5315,0,0,5213,0,0,5964,0,0,7207,0,6142,5946,0.03191142950179093,5121,4958,0.03182972075766455,5579,5407,0.03082989783115253,5909,5723,0.03147740734472837,5552,5374,0.03206051873198845,4983,4828,0.031105759582580772,5339,5165,0.03259037272897547,,38625,65902,0,85
SVR-HQ,P428,0,2578,0,0,2683,0,0,2669,0,0,3567,0,0,3221,0,3480,3348,0.037931034482758585,3080,2976,0.03376623376623378,3240,3117,0.037962962962962976,3380,3274,0.03136094674556211,3680,3561,0.03233695652173918,3620,3480,0.03867403314917128,3380,3272,0.031952662721893454,,23860,37746,0,73
SVR-HQ,P429,0,4802,0,0,4975,0,0,5045,0,0,6638,0,0,5789,0,5840,5390,0.07705479452054798,5300,4874,0.08037735849056604,5700,5269,0.07561403508771924,5540,5079,0.08321299638989166,6200,5707,0.07951612903225802,5760,5310,0.078125,5540,5084,0.08231046931407937,,39880,63962,0,106
SVR-BV,P43,0,14623,0,0,13581,0,0,14709,0,0,17945,0,0,20618,0,0,17699,0,0,15153,0,0,16480,0,16316,16320,0,13113,13118,0,15165,15171,0,13123,13127,0,,57717,188544,0,1
SVR-CP,P43,0,13140,0,0,13363,0,0,13100,0,16620,16075,0.032791817087845954,15600,14931,0.04288461538461541,14520,14184,0.023140495867768562,13560,13105,0.033554572271386474,14780,14284,0.03355886332882274,14740,14259,0.03263229308005422,15360,14878,0.031380208333333326,15020,14468,0.036750998668442114,13540,13134,0.02998522895125555,,133740,168921,0,141
SVR-HQ,P43,0,0,,0,0,,0,0,,0,0,,0,0,,0,0,,0,0,,0,0,,0,0,,0,0,,0,0,,0,0,,,0,0,,0
SVR-KR,P43,0,20824,0,0,20555,0,0,19639,0,0,23432,0,0,23590,0,0,24766,0,0,20846,0,0,21693,0,25185,21918,0.12972007147111375,24565,21282,0.13364543049053534,25660,22305,0.13074824629773962,22798,20324,0.1085182910781648,,98208,261174,0,203
SVR-HQ,P430,0,5977,0,0,6392,0,0,6851,0,0,7751,0,0,7561,0,7950,7615,0.042138364779874204,6800,6555,0.036029411764705865,7600,7354,0.0323684210526316,7400,7150,0.03378378378378377,7750,7477,0.035225806451612884,8200,7918,0.034390243902439055,6600,6345,0.03863636363636369,,52300,84946,0,92
SVR-HQ,P431,0,3561,0,0,3769,0,0,4024,0,0,4617,0,0,4410,0,4380,4242,0.03150684931506853,3860,3758,0.02642487046632125,4460,4353,0.023991031390134476,4440,4303,0.030855855855855818,4660,4552,0.023175965665236054,4980,4820,0.032128514056224855,4000,3904,0.02400000000000002,,30780,50313,0,71
SVR-HQ,P432,0,3373,0,0,3615,0,0,3491,0,0,4310,0,0,3789,0,4051,3981,0.01727968402863489,3451,3374,0.022312373225152116,4119,4046,0.017722748239864083,4142,4065,0.01859005311443751,4269,4138,0.03068634340594989,4138,4054,0.020299661672305458,3689,3684,0.0013553808620222485,,27859,45920,0,56
SVR-HQ,P433,0,1516,0,0,1476,0,0,1498,0,0,1938,0,0,1894,0,1999,1952,0.023511755877938967,1766,1721,0.025481313703284214,2184,2134,0.022893772893772923,2117,2068,0.023145961265942372,2145,2095,0.023310023310023298,2263,2212,0.0225364560318162,2047,1996,0.02491450903761605,,14521,22500,0,30
SVR-HQ,P434,0,3875,0,0,3797,0,0,4062,0,0,4765,0,0,4557,0,4689,4596,0.019833653230966086,4303,4198,0.024401580292818914,4796,4680,0.024186822351960013,4927,4814,0.022934848792368623,4730,4620,0.023255813953488413,4952,4836,0.02342487883683364,4308,4201,0.024837511606313867,,32705,53001,0,58
SVR-HQ,P435,0,4149,0,0,4371,0,0,4619,0,0,5478,0,0,5372,0,5616,5341,0.04896723646723644,4628,4409,0.04732065687121867,5636,5336,0.053229240596167515,5434,5156,0.0511593669488406,5890,5551,0.057555178268251295,5680,5372,0.054225352112676095,4975,4724,0.050452261306532686,,37859,59878,0,67
SVR-HQ,P436,0,1486,0,0,1559,0,0,1757,0,0,2379,0,0,2142,0,2102,2023,0.03758325404376783,1814,1809,0.002756339581036382,2503,2437,0.026368357970435463,2180,2126,0.02477064220183489,2039,1990,0.024031387935262383,2037,1987,0.024545900834560652,1686,1645,0.024317912218268067,,14361,23340,0,29
SVR-HQ,P437,0,3708,0,0,3718,0,0,3776,0,0,4348,0,0,4963,0,4670,4553,0.025053533190578126,4135,4035,0.024183796856106388,4115,4024,0.02211421628189547,4447,4345,0.022936811333483242,4177,4086,0.021785970792434717,3751,3663,0.02346041055718473,3838,3752,0.02240750390828561,,29133,48971,0,46
SVR-HQ,P438,0,3913,0,0,3953,0,0,3876,0,0,4648,0,0,4304,0,4700,4438,0.05574468085106388,3750,3580,0.04533333333333334,4600,4382,0.047391304347826124,4350,4195,0.03563218390804601,4500,4317,0.04066666666666663,4800,4526,0.057083333333333375,4300,4133,0.03883720930232559,,31000,50265,0,79
SVR-HQ,P439,0,1658,0,0,1847,0,0,1986,0,0,2256,0,0,2105,0,2150,2130,0.009302325581395321,1800,1763,0.02055555555555555,2350,2236,0.04851063829787239,2100,2091,0.004285714285714337,2250,2146,0.046222222222222276,2300,2263,0.016086956521739082,2100,2074,0.012380952380952381,,15050,24555,0,32
SVR-BV,P44,0,10533,0,0,9743,0,0,9253,0,0,11023,0,0,14305,0,0,10820,0,0,8993,0,0,9042,0,9322,9317,0.0005363655867839379,8712,8708,0.00045913682277320955,9097,9076,0.0023084533362647264,8477,8489,0,,35608,119302,0,1
SVR-CP,P44,0,15398,0,0,15542,0,0,15708,0,0,19208,0,20211,18049,0.10697145118994611,19590,17483,0.10755487493619198,18192,16462,0.09509674582233951,19159,17203,0.10209301111749047,19133,17237,0.0990958030627711,18337,16383,0.10656050608060208,15449,17529,0,10417,15854,0,,140488,202056,0,194
SVR-HQ,P44,0,20663,0,0,0,,0,44647,0,0,27768,0,0,25503,0,25315,24588,0.028718151293699368,23128,22505,0.02693704600484259,26109,25323,0.030104561645409644,24883,24189,0.02789052766949318,26340,25595,0.028283978739559568,24312,23630,0.028051990786442937,20443,19908,0.02617032725138191,,170530,284319,0,174
SVR-KR,P44,0,7596,0,0,7863,0,0,7636,0,0,8847,0,0,10150,0,0,9477,0,0,9204,0,0,9414,0,0,9828,0,10553,10332,0.02094191225244002,9677,9474,0.020977575694946737,9483,9265,0.02298850574712641,,29713,109086,0,75
SVR-HQ,P440,0,5215,0,0,5208,0,0,2407,0,0,3927,0,0,4998,0,2517,2455,0.024632499006754127,2063,2017,0.022297624818225836,2850,2776,0.025964912280701746,2175,2119,0.025747126436781564,3402,3323,0.02322163433274549,2300,2247,0.02304347826086961,4622,4425,0.04262224145391602,,19929,41117,0,33
SVR-HQ,P441,0,15880,0,0,14285,0,0,7470,0,0,11942,0,0,12719,0,7277,6886,0.05373093307681742,5943,5674,0.04526333501598523,6766,6473,0.04330475908956544,6072,5794,0.04578392621870886,6126,5859,0.04358472086190013,6050,5779,0.04479338842975211,6992,6647,0.049342105263157854,,45226,105408,0,103
SVR-HQ,P442,0,3831,0,0,3884,0,0,3720,0,0,4557,0,0,5358,0,4211,4126,0.020185229161719276,3815,3736,0.020707732634338116,3845,3762,0.021586475942782846,3794,3718,0.02003162888771748,4191,4106,0.02028155571462653,3976,3897,0.019869215291750453,3932,3856,0.019328585961342792,,27764,48551,0,65
SVR-HQ,P443,0,1147,0,0,1250,0,0,1192,0,0,1533,0,0,1733,0,1455,1443,0.008247422680412342,1220,1207,0.010655737704918011,1149,1142,0.006092254134029584,1210,1200,0.008264462809917328,1186,1172,0.01180438448566612,1173,1167,0.005115089514066473,1114,1101,0.011669658886894085,,8507,15287,0,22
SVR-HQ,P444,0,4923,0,0,3611,0,0,1711,0,0,2128,0,0,2063,0,2492,2432,0.024077046548956704,2411,2339,0.02986312733305685,2041,1998,0.02106810387065161,2008,1940,0.03386454183266929,1797,1764,0.018363939899833093,1905,1861,0.023097112860892444,2816,2730,0.030539772727272707,,15470,29500,0,31
SVR-HQ,P445,0,22029,0,0,15622,0,0,12052,0,0,20377,0,0,15637,0,8940,8298,0.07181208053691279,7220,6710,0.0706371191135734,10480,9677,0.07662213740458013,7200,6721,0.06652777777777774,6120,5711,0.06683006535947711,8280,7623,0.07934782608695656,19620,17360,0.11518858307849134,,67860,147817,0,128
SVR-HQ,P446,0,9771,0,0,9340,0,0,4603,0,0,6361,0,0,6547,0,6120,5763,0.05833333333333335,4880,4647,0.047745901639344224,5720,5408,0.054545454545454564,4800,4557,0.05062500000000003,5020,4753,0.053187250996015956,5340,5054,0.05355805243445688,6480,6078,0.062037037037037,,38360,72882,0,93
SVR-HQ,P447,0,11863,0,0,12483,0,0,5504,0,0,9422,0,0,9611,0,5533,5769,0,4596,4818,0,5670,5859,0,4477,4667,0,3765,4047,0,4489,4652,0,13094,11995,0.08393157171223464,,41624,90690,0,65
SVR-HQ,P448,0,0,,0,0,,0,0,,0,0,,0,0,,0,0,,0,0,,0,0,,0,0,,0,0,,4300,3944,0.0827906976744186,3260,3024,0.07239263803680984,,7560,6968,0.07830687830687832,107
SVR-HQ,P449,0,3797,0,0,4381,0,0,3584,0,0,4878,0,0,4278,0,4613,4330,0.061348363321049204,4126,3885,0.058410082404265595,4550,4292,0.05670329670329666,4072,3838,0.057465618860510825,4595,4329,0.05788900979325351,4566,4304,0.05738063950941741,4345,4085,0.0598388952819332,,30867,49981,0,82
SVR-BV,P45,0,1070390,0,0,936310,0,0,1023640,0,0,1287160,0,0,1484480,0,0,1439910,0,0,1272920,0,0,1026710,0,1845230,1844560,0.00036309836714121246,1338360,1337960,0.0002988732478556022,1461440,1460980,0.000314758046857877,1346070,1345700,0.0002748742635969581,,5991100,15530720,0,1
SVR-CP,P45,0,24165,0,0,24123,0,0,24055,0,0,28365,0,31253,30113,0.03647649825616739,29546,28435,0.03760238272524197,27559,26560,0.03624950107043068,27318,26332,0.03609341825902335,29280,28201,0.03685109289617483,28153,27143,0.03587539516214966,27714,26713,0.03611892906112435,29010,27643,0.047121682178559166,,229833,321848,0,179
SVR-HQ,P45,0,21652,0,0,21469,0,0,21392,0,0,24874,0,0,27959,0,26960,26279,0.025259643916913932,23680,23193,0.02056587837837842,23600,23139,0.019533898305084785,26120,25338,0.029938744257274164,24080,23394,0.02848837209302324,24000,23475,0.021874999999999978,24760,24164,0.024071082390953125,,173200,286328,0,254
SVR-KR,P45,0,9751,0,0,9093,0,0,8613,0,0,10953,0,0,10668,0,0,10510,0,0,8733,0,0,9390,0,0,9721,0,10128,9969,0.015699052132701397,9796,9627,0.017251939567170305,9286,9114,0.018522506999784638,,29210,116142,0,92
SVR-HQ,P451,0,1049,0,0,5055,0,0,4743,0,0,6683,0,0,6280,0,6361,6205,0.024524445841848763,5427,5296,0.024138566427123642,6876,6722,0.02239674229203026,6287,6132,0.024654048035629095,6491,6338,0.023571098443999405,6479,6330,0.02299737613829289,5787,5638,0.025747364783134663,,43708,66471,0,90
SVR-HQ,P455,0,0,,0,0,,0,0,,0,0,,0,0,,0,363,0,0,3178,0,0,4042,0,0,3944,0,4200,4033,0.039761904761904776,4240,4061,0.042216981132075504,3800,3634,0.04368421052631577,,12240,23255,0,70
SVR-HQ,P456,0,0,,0,0,,0,0,,0,0,,0,0,,0,1131,0,0,1034,0,0,1406,0,0,1272,0,1337,1319,0.013462976813762184,1281,1263,0.014051522248243575,974,956,0.01848049281314168,,3592,8381,0,20
SVR-HQ,P457,0,0,,0,0,,0,0,,0,0,,0,0,,0,1408,0,0,1264,0,0,1792,0,0,1604,0,1714,1657,0.03325554259043173,1759,1707,0.02956225127913592,1450,1399,0.03517241379310343,,4923,10831,0,44
SVR-HQ,P459,0,0,,0,0,,0,0,,0,0,,0,0,,0,1515,0,0,1430,0,0,1855,0,0,1817,0,1920,1857,0.03281250000000002,1960,1899,0.03112244897959182,1760,1692,0.03863636363636369,,5640,12065,0,41
SVR-BV,P46,0,82560,0,0,80950,0,0,86695,0,0,88829,0,0,101384,0,0,98911,0,96960,90656,0.06501650165016504,93180,87034,0.06595836016312517,107160,97240,0.09257185516983946,98640,90277,0.08478304947283044,106020,97224,0.08296547821165823,94800,87053,0.08171940928270038,,596760,1088813,0,486
SVR-CP,P46,0,20975,0,0,19464,0,0,18775,0,0,23104,0,24710,23857,0.03452043707001218,23866,23111,0.031634961870443346,23381,22473,0.03883495145631066,20607,20114,0.023923909351191375,23371,22602,0.03290402635745149,23100,22315,0.033982683982684,22406,21474,0.0415960010711417,23642,23013,0.02660519414601137,,185083,261277,0,180
SVR-HQ,P46,0,0,,0,0,,0,0,,0,0,,0,0,,0,0,,0,0,,0,0,,0,0,,0,0,,0,0,,0,0,,,0,0,,0
SVR-KR,P46,0,6649,0,0,6518,0,0,6110,0,0,6771,0,0,8164,0,0,7229,0,0,6791,0,0,6301,0,0,7056,0,7559,7438,0.016007408387352817,3872,6913,0,6201,6624,0,,17632,82564,0,77
SVR-HQ,P460,0,0,,0,0,,0,0,,0,0,,0,0,,0,1338,0,0,1416,0,0,1761,0,0,1653,0,1800,1719,0.04500000000000004,1800,1731,0.03833333333333333,1700,1630,0.04117647058823526,,5300,11248,0,37
SVR-HQ,P464,0,24386,0,0,20417,0,0,1743,0,0,2991,0,0,3286,0,1502,1455,0.0312916111850865,1162,1125,0.03184165232358005,1967,1897,0.03558718861209964,1302,1257,0.03456221198156684,1368,1323,0.03289473684210531,1514,1468,0.0303830911492734,4928,4678,0.05073051948051943,,13743,66026,0,38
SVR-HQ,P465,0,11221,0,0,11049,0,0,5411,0,0,6433,0,0,6319,0,4099,4096,0.0007318858258111849,2900,2881,0.0065517241379310365,3490,3644,0,2908,3444,0,2519,3028,0,2263,3034,0,3350,5106,0,,21529,65666,0,74
SVR-HQ,P466,0,5633,0,0,5458,0,0,5112,0,0,6509,0,0,7656,0,6941,6779,0.023339576429909248,6141,5998,0.023286109754111717,6304,6272,0.005076142131979711,7093,6936,0.022134498801635427,6999,6847,0.021717388198314036,6693,6542,0.02256088450620053,6839,6672,0.024418774674660026,,47010,76414,0,113
SVR-HQ,P467,0,5726,0,0,5578,0,0,5209,0,0,6466,0,0,8192,0,6829,6691,0.020207936740371912,6080,5949,0.021546052631578938,5641,5514,0.022513738698812236,5871,5742,0.02197240674501788,6358,6236,0.0191884240327147,5621,5494,0.022593844511652694,5751,5619,0.022952529994783477,,42151,72416,0,146
SVR-HQ,P468,0,9475,0,0,9333,0,0,8697,0,0,11454,0,0,13378,0,12667,11855,0.0641035762216784,10510,9809,0.06669838249286397,10447,9752,0.06652627548578538,12046,11251,0.06599701145608505,12117,11324,0.06544524222167203,11183,10445,0.06599302512742555,10896,10159,0.06763950073421443,,79866,126932,0,224
SVR-HQ,P469,0,4606,0,0,4410,0,0,4465,0,0,5354,0,0,7037,0,6522,6349,0.026525605642440997,4994,4854,0.028033640368442136,4912,4764,0.030130293159609134,5481,5327,0.028097062579821253,5808,5645,0.02806473829201106,5028,4872,0.031026252983293534,5010,4861,0.029740518962075857,,37755,62544,0,107
SVR-BV,P47,0,76749,0,0,71391,0,0,81746,0,0,93428,0,0,93751,0,0,98699,0,95726,89624,0.06374443724797862,105379,97480,0.07495800871141312,87979,85446,0.028790961479443933,83421,88631,0,89630,90924,0,78100,81159,0,,540235,1049028,0,323
SVR-CP,P47,0,20647,0,0,19629,0,0,18642,0,0,22593,0,26090,23695,0.09179762361057875,24742,22658,0.08422924581682967,22159,20486,0.07549979692224373,22216,20611,0.07224522866402594,23550,21815,0.07367303609341824,22884,21177,0.0745936025170425,23964,22186,0.07419462527124021,21396,19878,0.07094784071789118,,187001,254017,0,125
SVR-HQ,P47,0,12328,0,0,12714,0,0,13160,0,0,15448,0,0,16879,0,17603,15616,0.1128784866215986,14199,12484,0.12078315374322135,15557,14227,0.08549206145143662,15266,13675,0.10421852482641158,15789,14618,0.07416555830008231,14531,13519,0.0696442089326268,15011,13966,0.06961561521550863,,107956,168634,0,131
SVR-KR,P47,0,8043,0,0,7537,0,0,6941,0,0,9869,0,0,14224,0,0,8904,0,0,8273,0,0,6840,0,0,9655,0,8015,7887,0.015970056144728684,7680,7235,0.05794270833333337,10487,10624,0,,26182,106032,0,100
SVR-HQ,P470,0,2903,0,0,3031,0,0,3211,0,0,3785,0,0,3974,0,4060,3802,0.06354679802955665,3780,3549,0.061111111111111116,4260,4005,0.059859154929577496,4000,3769,0.05774999999999997,4180,3911,0.06435406698564594,4260,4038,0.05211267605633807,3540,3309,0.06525423728813562,,28080,43287,0,57
SVR-HQ,P471,0,7548,0,0,7146,0,0,7288,0,0,9555,0,0,7913,0,8720,7950,0.08830275229357798,8740,8029,0.081350114416476,9280,8785,0.05334051724137934,8920,8317,0.06760089686098658,9240,8602,0.06904761904761902,9100,8470,0.0692307692307692,8060,7503,0.06910669975186101,,62060,97106,0,117
SVR-HQ,P473,0,5352,0,0,5952,0,0,5447,0,0,5818,0,0,7960,0,7160,6780,0.05307262569832405,6780,6456,0.04778761061946901,7080,6772,0.043502824858757116,6040,5737,0.05016556291390728,6380,6071,0.048432601880877724,5420,5146,0.05055350553505533,5580,5285,0.05286738351254483,,44440,72776,0,106
SVR-HQ,P474,0,3083,0,0,3177,0,0,3197,0,0,3910,0,0,4633,0,4384,4213,0.039005474452554756,3720,3569,0.04059139784946242,3829,3686,0.03734656568294592,4046,3885,0.03979238754325265,4371,4186,0.04232441088995653,4140,3961,0.04323671497584536,4421,4230,0.043202895272562714,,28911,45730,0,89
SVR-HQ,P475,0,3324,0,0,3314,0,0,3527,0,0,4023,0,0,4660,0,4714,4524,0.04030547305897325,4206,4047,0.03780313837375182,4393,4223,0.03869792852264964,4642,4474,0.036191296854803934,4474,4308,0.03710326329906122,4217,4068,0.035333175243063786,7036,6836,0.02842524161455373,,33682,51328,0,79
SVR-HQ,P476,0,3824,0,0,3721,0,0,3726,0,0,3967,0,0,4760,0,4880,4601,0.05717213114754094,4040,3837,0.05024752475247529,4280,4086,0.045327102803738306,4540,4305,0.05176211453744495,4360,4143,0.049770642201834914,4360,4129,0.05298165137614674,4780,4552,0.04769874476987446,,31240,49651,0,105
SVR-HQ,P477,0,2418,0,0,2480,0,0,2427,0,0,2688,0,0,3486,0,3340,3201,0.04161676646706591,2980,2862,0.039597315436241565,3340,3200,0.041916167664670656,3460,3352,0.031213872832369982,3180,3060,0.037735849056603765,3140,3008,0.042038216560509545,3420,3287,0.03888888888888886,,22860,35469,0,68
SVR-HQ,P478,0,3174,0,0,3894,0,0,3948,0,0,4737,0,0,5928,0,4960,4746,0.04314516129032253,4340,4143,0.04539170506912438,4300,4130,0.03953488372093028,4620,4427,0.0417748917748918,4560,4374,0.04078947368421049,4480,4305,0.0390625,4640,4433,0.04461206896551728,,31900,52239,0,104
SVR-HQ,P479,0,3798,0,0,3933,0,0,4158,0,0,5106,0,0,6310,0,5098,4922,0.034523342487249864,4659,4488,0.036703155183515745,4664,4494,0.036449399656946824,4846,4675,0.03528683450268266,5153,4970,0.03551329322724628,5031,4853,0.03538064003180286,5177,4995,0.03515549546069152,,34628,56702,0,84
SVR-BV,P48,0,153571,0,0,146131,0,0,155140,0,0,179677,0,0,208858,0,0,191777,0,0,173116,0,0,190496,0,198105,198237,0,183378,183491,0,194437,194565,0,184164,185161,0,,760084,2160220,0,1
SVR-CP,P48,0,16562,0,0,15967,0,0,15119,0,0,17158,0,21080,18979,0.0996679316888045,18380,17721,0.035854189336235076,18340,15672,0.14547437295528898,16340,14931,0.08623011015911874,17740,16138,0.09030439684329195,18620,16933,0.09060150375939846,18200,16540,0.09120879120879122,18460,16672,0.09685807150595882,,147160,198392,0,130
SVR-HQ,P48,0,0,,0,0,,0,0,,0,0,,0,0,,0,0,,0,0,,0,0,,0,0,,0,0,,0,0,,0,0,,,0,0,,0
SVR-KR,P48,0,14397,0,0,14656,0,0,12013,0,0,15153,0,0,19361,0,0,14251,0,0,13357,0,0,13290,0,0,14749,0,14973,13545,0.09537166900420757,12807,12993,0,15810,15121,0.04358001265022138,,43590,172886,0,153
SVR-HQ,P480,0,4456,0,0,4925,0,0,4870,0,0,5381,0,0,6347,0,5631,5435,0.03480731664002845,5198,5014,0.03539823008849563,4874,4687,0.038366844480919204,5270,5096,0.03301707779886143,5647,5457,0.033646183814414754,5245,5043,0.038512869399427996,5600,5389,0.03767857142857145,,37465,62100,0,125
SVR-HQ,P481,0,4358,0,0,4435,0,0,4337,0,0,4929,0,0,6099,0,5600,5269,0.0591071428571428,5020,4719,0.059960159362549836,4920,4638,0.05731707317073176,5040,4749,0.057738095238095255,5320,5013,0.05770676691729326,4960,4672,0.058064516129032295,5240,4933,0.058587786259541974,,36100,58151,0,122
SVR-HQ,P482,0,3967,0,0,4306,0,0,4275,0,0,5052,0,0,4263,0,4667,4364,0.06492393400471397,4711,4412,0.06346847803014222,4625,4316,0.06681081081081086,4702,4397,0.06486601446193108,5029,4697,0.06601710081527146,4630,4331,0.06457883369330453,4451,4159,0.06560323522803868,,32815,52539,0,68
SVR-HQ,P483,0,1950,0,0,2018,0,0,2037,0,0,2186,0,0,2721,0,2398,2364,0.014178482068390341,2346,2315,0.013213981244671769,2284,2249,0.015323992994746072,2302,2272,0.013032145960034769,2314,2281,0.014261019878997416,2143,2108,0.01633224451703219,1923,1895,0.014560582423296942,,15710,26396,0,30
SVR-HQ,P484,0,3840,0,0,3830,0,0,3804,0,0,4100,0,0,5234,0,4620,4382,0.051515151515151514,4120,3943,0.04296116504854364,4220,4015,0.048578199052132676,4600,4392,0.045217391304347876,4740,4516,0.04725738396624468,4560,4349,0.04627192982456141,4580,4368,0.046288209606986874,,31440,50773,0,79
SVR-HQ,P485,0,2462,0,0,2467,0,0,2734,0,0,2754,0,0,3913,0,3380,3228,0.04497041420118342,3100,3018,0.02645161290322584,3260,3130,0.039877300613496924,3200,3100,0.03125,3500,3367,0.038000000000000034,3340,3169,0.05119760479041913,3200,3032,0.05249999999999999,,22980,36374,0,73
SVR-HQ,P486,0,2372,0,0,2530,0,0,2618,0,0,2775,0,0,3679,0,2835,2757,0.02751322751322749,2498,2423,0.030024019215372344,2500,2427,0.029200000000000004,2539,2467,0.028357621110673525,2745,2667,0.02841530054644814,2410,2332,0.032365145228215764,2634,2561,0.02771450265755504,,18161,31608,0,66
SVR-BV,P49,0,1595,0,0,1141,0,0,1192,0,0,1058,0,0,1184,0,0,1159,0,0,1448,0,0,1425,0,1094,1095,0,1022,1023,0,1053,1055,0,1010,1010,0,,4179,14385,0,1
SVR-CP,P49,0,15990,0,0,16161,0,0,15345,0,0,17256,0,18973,17604,0.07215516787013121,18439,17117,0.07169586203156353,19298,17587,0.0886620375168411,18682,17002,0.08992613210577027,18597,17094,0.08081948701403452,18046,16689,0.07519671949462481,17075,15850,0.0717423133235725,15868,14725,0.07203176203680361,,144978,198420,0,117
SVR-HQ,P49,0,2941,0,0,3215,0,0,3706,0,0,3968,0,0,4244,0,4360,4300,0.013761467889908285,4020,3967,0.013184079601990084,3840,3806,0.008854166666666718,4380,4330,0.011415525114155223,4120,4089,0.007524271844660202,4180,4164,0.003827751196172291,3980,3944,0.009045226130653283,,28880,46674,0,21
SVR-KR,P49,0,6813,0,0,7040,0,0,6654,0,0,8804,0,0,9582,0,0,7929,0,0,7204,0,0,6989,0,0,7988,0,8388,7881,0.06044349070100141,7608,7163,0.05849106203995791,7542,7080,0.061256961018297584,,23538,91127,0,97
SVR-HQ,P493,0,0,,0,0,,0,0,,0,0,,0,0,,0,442,0,0,1250,0,0,1353,0,0,1764,0,1924,1832,0.047817047817047764,1597,1577,0.012523481527864755,2751,2670,0.0294438386041439,,6272,10888,0,46
SVR-HQ,P494,0,11828,0,0,11459,0,0,11212,0,0,12898,0,0,16015,0,16069,15604,0.028937706142261543,13127,12743,0.029252685305096393,12845,12451,0.030673413779680803,15538,15098,0.028317672802162464,14255,13825,0.030164854437039645,13789,13344,0.032272100950032634,15000,14588,0.02746666666666664,,100623,161065,0,215
SVR-HQ,P495,0,5605,0,0,5213,0,0,4821,0,0,5635,0,0,7355,0,6592,6438,0.023361650485436924,6015,5885,0.021612635078969267,6169,6028,0.022856216566704446,7018,6862,0.02222855514391564,6433,6292,0.021918234105394063,5810,5672,0.02375215146299481,6400,6241,0.024843750000000053,,44437,72047,0,103
SVR-HQ,P496,0,0,,0,1525,0,0,2016,0,0,2465,0,0,3452,0,2993,2897,0.03207484129635818,2865,2770,0.03315881326352532,2883,2781,0.03537981269510926,3366,3260,0.03149138443256094,3583,3469,0.031816913201228036,3294,3187,0.032483302975106265,3611,3502,0.03018554417058983,,22595,31324,0,90
SVR-HQ,P497,0,3188,0,0,2989,0,0,3005,0,0,3699,0,0,4070,0,3822,3776,0.012035583464154898,3512,3469,0.012243735763097896,3510,3461,0.013960113960113985,3772,3726,0.012195121951219523,3637,3592,0.012372834753918038,3602,3556,0.01277068295391448,3548,3501,0.013246899661781275,,25403,42032,0,42
SVR-HQ,P498,0,17647,0,0,15462,0,0,19763,0,0,20392,0,0,22668,0,25389,24607,0.030800740478159838,24301,23562,0.03041027118225592,28016,27114,0.03219588806396345,27979,27098,0.03148790164051607,25898,25041,0.03309135840605448,27092,26207,0.03266646980658494,22960,22235,0.03157665505226481,,181635,271796,0,38
SVR-HQ,P499,0,3411,0,0,3483,0,0,3386,0,0,4254,0,0,4090,0,3964,3877,0.02194752774974773,3886,3806,0.02058672156459085,4527,4434,0.02054340622929096,4108,4018,0.021908471275559838,4429,4324,0.023707383156468698,4198,4106,0.02191519771319672,3716,3628,0.023681377825618966,,28828,46817,0,64
SVR-BV,P50,0,252321,0,0,201839,0,0,266440,0,0,342274,0,0,347187,0,0,373296,0,361600,351409,0.028183075221238973,411400,368382,0.10456490034030141,787600,363435,0.5385538344337226,-20400,362147,0,369400,368623,0.0021034109366540044,305800,302677,0.010212557226945695,,2215400,3900030,0,123
SVR-CP,P50,0,11038,0,0,10876,0,0,10529,0,0,12679,0,14694,14095,0.04076493806996051,13700,13196,0.03678832116788322,12109,11708,0.033115864233215,11317,10933,0.033931253865865485,12061,11680,0.03158942044606583,13092,12565,0.04025358997861295,12433,11996,0.03514839539934045,11971,11545,0.03558599949878871,,101377,142840,0,90
SVR-HQ,P50,0,2648,0,0,2406,0,0,2390,0,0,2744,0,0,2614,0,0,2613,0,2439,2422,0.006970069700697024,2337,2321,0.0068463842533161845,2585,2568,0.006576402321083141,2220,2204,0.007207207207207245,2200,2185,0.006818181818181834,2296,2281,0.006533101045296141,,14077,29396,0,1
SVR-KR,P50,0,31950,0,0,37959,0,0,10874,0,0,13831,0,0,15069,0,0,14179,0,0,12898,0,0,12336,0,14255,13811,0.031146965976850183,14097,13657,0.03121231467688157,14122,13670,0.032006797903979645,16126,15525,0.03726900657323573,,58600,205759,0,125
SVR-HQ,P500,0,997,0,0,1246,0,0,1202,0,0,966,0,0,810,0,0,1732,0,1120,1120,0,736,736,0,766,766,0,716,717,0,799,800,0,805,805,0,,4942,11897,0,1
SVR-HQ,P501,0,0,,0,0,,0,0,,0,0,,0,0,,0,0,,0,0,,0,0,,0,0,,0,0,,0,0,,4142,5892,0,,4142,5892,0,36
SVR-HQ,P502,0,9006,0,0,8587,0,0,8904,0,0,10978,0,0,10336,0,10511,9958,0.052611549804966184,8813,8393,0.04765687053216838,10010,9479,0.05304695304695306,10679,10138,0.050660174173611794,10161,9586,0.056588918413541967,11198,10720,0.04268619396320772,9237,8727,0.055212731406300786,,70609,114812,0,87
SVR-HQ,P503,0,3380,0,0,3912,0,0,5906,0,0,6322,0,0,6153,0,0,8281,0,7091,7091,0,6248,6247,0.00016005121638928976,8120,8119,0.00012315270935958633,6733,6734,0,14121,14117,0.00028326605764461554,20911,20916,0,,63224,97178,0,1
SVR-HQ,P504,0,96105,0,0,97914,0,0,94861,0,0,111201,0,0,118673,0,0,105400,0,99242,99277,0,101479,101515,0,104416,104455,0,106564,106604,0,99810,99847,0,99137,99172,0,,610648,1235024,0,1
SVR-HQ,P505,0,9602,0,0,8510,0,0,8300,0,0,7550,0,0,3296,0,0,132,0,0,0,,0,0,,0,0,,0,0,,0,0,,0,0,,,0,37390,0,0
SVR-HQ,P506,0,9160,0,0,8817,0,0,8993,0,0,16214,0,0,10812,0,0,9691,0,8967,8993,0,10064,10095,0,7816,7835,0,9917,9944,0,9764,9793,0,10966,11004,0,,57494,121351,0,1
SVR-HQ,P507,0,10738,0,0,14368,0,0,15626,0,0,18559,0,0,14006,0,0,18773,0,16263,16364,0,16114,16122,0,16195,16203,0,11462,11468,0,15290,15297,0,13925,13932,0,,89249,181456,0,1
SVR-HQ,P509,0,2259,0,0,2309,0,0,2836,0,0,2933,0,0,3400,0,3283,3119,0.049954310082241826,2967,2803,0.05527468823727666,3238,3063,0.054045707226683115,3225,3062,0.0505426356589147,3225,3064,0.04992248062015503,2772,2626,0.052669552669552644,2869,2722,0.05123736493551756,,21579,34196,0,48
SVR-BV,P51,0,998,0,0,1200,0,0,960,0,0,978,0,0,997,0,0,567,0,0,663,0,0,745,0,755,755,0,759,759,0,921,919,0.0021715526601520097,757,765,0,,3192,10306,0,1
SVR-CP,P51,0,7526,0,0,7562,0,0,7160,0,0,7937,0,9369,9111,0.02753762407941085,9647,9381,0.02757333886182234,8616,8338,0.03226555246053853,8618,8412,0.02390345787885817,9608,9339,0.02799750208159868,9861,9584,0.028090457357266008,9059,8810,0.027486477536151854,9707,9439,0.027608942000618142,,74485,102599,0,80
SVR-HQ,P51,0,1285,0,0,909,0,0,515,0,0,1252,0,0,1165,0,0,1732,0,125,126,0,1739,1746,0,1146,1150,0,186,187,0,498,234,0.5301204819277108,2289,2566,0,,5983,12867,0,1
SVR-KR,P51,0,22684,0,0,22377,0,0,20308,0,0,26162,0,0,25718,0,0,23774,0,0,22024,0,0,23734,0,0,24491,0,24595,23886,0.028826997357186412,23785,23111,0.028337187302922007,24145,23478,0.027624767032511932,,72525,281747,0,165
SVR-HQ,P510,0,7084,0,0,7345,0,0,7585,0,0,9144,0,0,12164,0,12638,11973,0.05261908529830672,11996,11351,0.05376792264088026,12144,11476,0.05500658761528332,12933,12230,0.05435707105853249,13306,12578,0.054712159927852055,12313,11639,0.05473889385202635,12922,12225,0.05393901872775109,,88252,126794,0,179
SVR-HQ,P512,0,1943,0,0,1949,0,0,2084,0,0,2232,0,0,2609,0,2332,2279,0.022727272727272707,2143,2095,0.022398506766215576,2212,2137,0.0339059674502713,2274,2244,0.01319261213720313,2319,2268,0.021992238033635148,2216,2168,0.02166064981949456,2279,2227,0.022817025010969716,,15775,26235,0,38
SVR-HQ,P513,0,3606,0,0,3377,0,0,3234,0,0,3273,0,0,4996,0,0,4670,0,0,4009,0,0,3822,0,0,4128,0,0,4261,0,0,3778,0,1510,4351,0,,1510,47505,0,84
SVR-HQ,P514,0,9541,0,0,10933,0,0,7752,0,0,10584,0,0,9362,0,9097,8826,0.029790040672749263,7149,6959,0.02657714365645547,8333,8110,0.026761070442817725,7537,7330,0.02746450842510284,8359,8129,0.02751525302069624,7691,7490,0.026134442855285434,7166,6956,0.029305051632710022,,55332,101972,0,98
SVR-HQ,P516,0,4013,0,0,3850,0,0,3556,0,0,4234,0,0,5122,0,4552,4282,0.05931458699472758,3919,3673,0.06277111508037769,3759,3516,0.06464485235434958,3964,4307,0,4382,4237,0.0330899132816066,3992,3858,0.03356713426853708,4471,4334,0.030641914560501027,,29039,48982,0,109
SVR-HQ,P517,0,706,0,0,872,0,0,861,0,0,1224,0,0,1499,0,1177,1157,0.016992353440951624,1123,1101,0.019590382902938575,975,955,0.02051282051282055,951,925,0.02733964248159837,1162,1141,0.01807228915662651,828,805,0.02777777777777779,908,886,0.024229074889867808,,7124,12132,0,24
SVR-HQ,P518,0,3002,0,0,2118,0,0,1447,0,0,2538,0,0,1953,0,1137,1114,0.020228671943711474,781,756,0.03201024327784896,1052,1029,0.02186311787072248,822,803,0.02311435523114358,882,859,0.02607709750566889,873,851,0.025200458190148933,1257,1229,0.022275258552108212,,6804,17699,0,23
SVR-HQ,P519,0,2506,0,0,2844,0,0,1821,0,0,2389,0,0,2708,0,2042,1988,0.026444662095984284,1493,1445,0.0321500334896182,1977,1932,0.022761760242792084,1591,1545,0.028912633563796364,1891,1842,0.025912215758857715,2009,1964,0.022399203583872596,1848,1800,0.025974025974025983,,12851,24784,0,48
SVR-BV,P52,0,996,0,0,861,0,0,755,0,0,821,0,0,850,0,0,651,0,0,626,0,0,693,0,659,660,0,626,631,0,674,669,0.007418397626112738,633,634,0,,2592,8847,0,1
SVR-CP,P52,0,12597,0,0,12685,0,0,11983,0,0,14183,0,16123,16074,0.003039136637102313,16009,15711,0.018614529327253382,14684,14775,0,15057,14930,0.00843461512917576,18142,17874,0.014772351449674814,18038,17769,0.014912961525668011,17073,16814,0.015170151701517032,18145,17894,0.013833011848994214,,133271,183289,0,105
SVR-HQ,P52,0,5066,0,0,5291,0,0,5071,0,0,5792,0,0,6553,0,6082,5961,0.019894771456757665,5436,5249,0.034400294334069215,5683,5645,0.006686609185289405,5599,5492,0.019110555456331446,5838,5729,0.018670777663583382,5435,5330,0.01931922723091073,5677,5560,0.020609476836357277,,39750,66739,0,64
SVR-KR,P52,0,15121,0,0,14682,0,0,13772,0,0,16877,0,0,18322,0,0,16396,0,0,14384,0,0,14996,0,0,15823,0,16098,15653,0.02764318548888056,14666,14242,0.028910405018409913,15722,15263,0.029194758936522125,,46486,185531,0,176
SVR-HQ,P520,0,6132,0,0,6370,0,0,3226,0,0,4134,0,0,4539,0,6068,5961,0.017633487145682247,3604,3521,0.02302996670366264,4421,4326,0.02148835105179825,3868,3773,0.02456049638055846,9954161,4387,0.9995592797825954,-9945342,4242,0,3995,3887,0.027033792240300336,,30775,54498,0,92
SVR-HQ,P521,0,5885,0,0,5761,0,0,6515,0,0,7828,0,0,9581,0,8701,8411,0.03332950235605103,7629,7318,0.04076550006553936,7404,7262,0.019178822258238748,8830,8541,0.0327293318233296,8523,8269,0.029801713011850306,7847,7581,0.03389830508474578,8500,8227,0.032117647058823584,,57434,91179,0,174
SVR-HQ,P522,0,964,0,0,618,0,0,670,0,0,658,0,0,882,0,0,667,0,725,716,0.012413793103448256,678,671,0.010324483775811188,591,586,0.008460236886632777,397,393,0.010075566750629705,517,513,0.007736943907156624,726,720,0.008264462809917328,,3634,8058,0,1
SVR-HQ,P523,0,52618,0,0,48812,0,0,50584,0,0,57799,0,0,61865,0,65711,63295,0.03676705574409156,54162,52269,0.03495070344521989,52438,50630,0.03447881307448797,59514,56987,0.04246059750646902,55210,52900,0.04184024633218619,48548,47299,0.025727115432149672,52874,50534,0.044256156144797054,,388457,645592,0,192
SVR-HQ,P524,0,1189,0,0,1313,0,0,1386,0,0,1618,0,0,1523,0,1704,1671,0.01936619718309862,1395,1362,0.023655913978494647,1719,1687,0.018615474112856356,1619,1581,0.023471278567016696,0,1449,0,0,1643,0,2697,1473,0.4538375973303671,,9134,17895,0,29
SVR-HQ,P525,0,764,0,0,831,0,0,868,0,0,1169,0,0,1146,0,1351,1328,0.01702442635085122,1201,1180,0.017485428809325576,1398,1372,0.01859799713876964,1247,1221,0.020850040096230926,1285,1263,0.017120622568093435,1195,1169,0.02175732217573223,996,972,0.02409638554216864,,8673,13283,0,29
SVR-HQ,P526,0,12103,0,0,10418,0,0,11581,0,0,12870,0,0,11586,0,0,13128,0,11182,11189,0,11913,11918,0,12124,12132,0,10632,10638,0,10835,10841,0,11302,11308,0,,67988,139712,0,1
SVR-HQ,P527,0,5050,0,0,0,,0,10480,0,0,5868,0,0,5663,0,0,6287,0,5719,5718,0.00017485574401121529,6470,6466,0.0006182380216382954,6103,6101,0.0003277076847452154,5303,5303,0,6704,6704,0,5284,5284,0,,35583,68924,0,1
SVR-HQ,P528,0,88,0,0,87,0,0,76,0,0,87,0,0,111,0,0,154,0,86,87,0,62,62,0,943,943,0,269,268,0.0037174721189591198,251,251,0,78,78,0,,1689,2292,0,1
SVR-HQ,P529,0,10510,0,0,9709,0,0,11704,0,0,13822,0,0,16106,0,17253,16805,0.025966498579957142,16212,16298,0,16409,16237,0.010482052532146957,19436,19205,0.011885161555875712,18569,18365,0.010986052022187498,16867,16674,0.011442461611430588,18393,18176,0.011797966617735023,,123139,183611,0,126
SVR-BV,P53,0,164,0,0,147,0,0,136,0,0,136,0,0,174,0,0,164,0,0,174,0,0,208,0,225,223,0.008888888888888835,249,247,0.008032128514056214,287,283,0.013937282229965153,274,271,0.010948905109489093,,1035,2327,0,1
SVR-CP,P53,0,22247,0,0,21794,0,0,20456,0,25442,22598,0.11178366480622592,28030,24524,0.1250802711380664,25569,22571,0.11725135906762096,25520,22721,0.10967868338557996,24455,21898,0.104559394806788,25974,23056,0.11234311234311234,26702,23755,0.11036626469927346,24335,21631,0.11111567700842406,24833,22100,0.11005516852575203,,230860,269351,0,177
SVR-HQ,P53,0,14900,0,0,15719,0,0,15653,0,0,17465,0,0,20199,0,19546,18742,0.04113373580272184,16052,15375,0.04217542985297784,17385,16545,0.04831751509922344,18585,18127,0.024643529728275437,16968,16355,0.036126826968411074,18020,17333,0.03812430632630415,18051,17340,0.039388399534651786,,124607,203753,0,136
SVR-KR,P53,0,4283,0,0,4081,0,0,3971,0,0,4966,0,0,5364,0,0,4850,0,0,4180,0,0,4575,0,0,5012,0,5094,4881,0.04181389870435803,4687,4506,0.03861745252826965,5026,4827,0.039594110624751266,,14807,55496,0,63
SVR-HQ,P530,0,5384,0,0,5480,0,0,5168,0,0,6495,0,0,6309,0,6377,5940,0.06852752077779523,5716,5359,0.06245626312106367,6540,6115,0.06498470948012236,6418,5994,0.06606419445310063,6724,6228,0.07376561570493756,7008,6510,0.07106164383561642,6285,5834,0.07175815433571997,,45068,70816,0,99
SVR-HQ,P534,0,5451,0,0,5385,0,0,4364,0,0,4979,0,0,6029,0,5722,5609,0.019748339741349152,4850,4766,0.017319587628865984,4166,4086,0.019203072491598694,4350,4265,0.019540229885057436,4376,4298,0.01782449725776969,4037,3957,0.019816695566014397,4568,4489,0.017294220665499127,,32069,57678,0,80
SVR-HQ,P535,0,3298,0,0,3944,0,0,3140,0,0,3494,0,0,4306,0,3960,3742,0.055050505050505016,3760,3547,0.056648936170212716,3340,3170,0.050898203592814384,3620,3431,0.05220994475138119,3780,3575,0.05423280423280419,3440,3265,0.05087209302325579,3640,3416,0.06153846153846154,,25540,42328,0,84
SVR-HQ,P536,0,4381,0,0,3957,0,0,2811,0,0,4636,0,0,3959,0,3800,3568,0.06105263157894736,3160,3078,0.025949367088607622,3480,3369,0.03189655172413797,3560,3397,0.045786516853932535,3920,3756,0.0418367346938775,3600,3454,0.04055555555555557,3760,3635,0.0332446808510638,,25280,44001,0,85
SVR-HQ,P537,0,1087,0,0,1256,0,0,1187,0,0,1822,0,0,1652,0,1740,1698,0.024137931034482807,1600,1530,0.043749999999999956,1580,1518,0.03924050632911391,1660,1616,0.026506024096385583,1920,1883,0.019270833333333348,1860,1798,0.033333333333333326,1940,1880,0.030927835051546393,,12300,18927,0,44
SVR-HQ,P538,0,574,0,0,347,0,0,293,0,0,231,0,0,585,0,0,452,0,144,143,0.00694444444444442,217,216,0.004608294930875556,819,813,0.0073260073260073,572,569,0.005244755244755206,560,556,0.0071428571428571175,730,726,0.005479452054794498,,3042,5505,0,1
SVR-HQ,P539,0,18721,0,0,9825,0,0,8288,0,0,15422,0,0,20860,0,0,25013,0,20759,20740,0.0009152656679031201,13229,13224,0.00037795751757507823,17118,17109,0.000525762355415349,17874,17862,0.0006713662302786361,13019,13010,0.0006912973346647755,16141,16131,0.0006195403010965661,,98140,196205,0,1
SVR-BV,P54,0,52374,0,0,51420,0,0,62087,0,0,89740,0,0,94703,0,0,82085,0,0,57693,0,0,68297,0,59828,59852,0,58526,58559,0,66856,66958,0,63984,64018,0,,249194,807786,0,1
SVR-CP,P54,0,8689,0,0,8373,0,0,7903,0,9831,9078,0.07659444613976196,11215,10325,0.07935800267498883,9708,8986,0.07437165224557063,9616,8912,0.07321131447587359,9267,8630,0.06873853458508683,10536,9784,0.07137433561123763,11478,10599,0.07658128593831681,10576,9790,0.07431921331316182,11069,10261,0.07299665733128557,,93296,111330,0,114
SVR-HQ,P54,0,9994,0,0,10741,0,0,10896,0,0,12725,0,0,12078,0,13122,12469,0.049763755525072395,10712,10159,0.05162434652725911,10976,10406,0.05193148688046645,11763,11095,0.05678823429397262,11340,10782,0.049206349206349254,11306,10693,0.05421899876171943,10429,9907,0.05005273755873041,,79648,131945,0,88
SVR-KR,P54,0,12588,0,0,12678,0,0,11899,0,0,15267,0,0,16296,0,0,14372,0,0,12616,0,0,12561,0,0,14175,0,15633,14063,0.10042858056674986,13523,12568,0.07062042446202765,14638,13533,0.07548845470692722,,43794,162616,0,202
SVR-HQ,P540,0,1302,0,0,1328,0,0,1143,0,0,1385,0,0,1096,0,0,1344,0,1468,1471,0,1305,1307,0,1768,1771,0,1653,1654,0,2069,2071,0,1512,1513,0,,9775,17385,0,1
SVR-HQ,P541,0,13940,0,0,7059,0,0,7318,0,0,9101,0,0,6363,0,0,9966,0,9712,9717,0,9107,9111,0,8263,8268,0,7282,7285,0,9581,9587,0,9734,9740,0,,53679,107455,0,1
SVR-HQ,P542,0,56,0,0,1215,0,0,1522,0,0,1713,0,0,1162,0,0,714,0,2087,2043,0.021082894106372763,1098,1062,0.032786885245901676,1384,1346,0.027456647398843903,973,948,0.025693730729701936,984,944,0.04065040650406504,607,573,0.05601317957166396,,7133,13298,0,1
SVR-HQ,P543,0,5399,0,0,5103,0,0,5641,0,0,6695,0,0,6719,0,5580,5403,0.0317204301075269,5200,5069,0.025192307692307736,5860,5689,0.02918088737201363,5520,5373,0.026630434782608736,5540,5378,0.02924187725631766,5780,5624,0.0269896193771626,5080,4911,0.033267716535433034,,38560,67004,0,48
SVR-HQ,P544,0,5950,0,0,5352,0,0,5685,0,0,6697,0,0,6661,0,6022,5687,0.055629359016937885,5869,5555,0.05350144828761283,6577,6199,0.05747301201155541,6199,5861,0.05452492337473791,6336,5970,0.05776515151515149,6256,5913,0.054827365728900235,5512,5206,0.055515239477503586,,42771,70736,0,60
SVR-HQ,P545,0,0,,0,21456,0,0,13065,0,0,19415,0,0,17192,0,0,16516,0,10884,10891,0,12553,12564,0,12361,12369,0,11649,11664,0,13303,13317,0,12394,12402,0,,73144,160851,0,1
SVR-HQ,P546,0,14725,0,0,14800,0,0,5026,0,0,9889,0,0,8880,0,4580,4356,0.0489082969432314,3540,3369,0.04830508474576267,4840,4642,0.040909090909090895,4140,3976,0.03961352657004835,3480,3325,0.04454022988505746,4000,3837,0.04074999999999995,10540,9910,0.059772296015180304,,35120,86735,0,64
SVR-HQ,P547,0,0,,0,0,,0,884,0,0,1414,0,0,1732,0,1870,1817,0.028342245989304793,1621,1583,0.02344231955582976,1562,1527,0.02240717029449424,1635,1598,0.022629969418960227,1654,1619,0.021160822249093103,1453,1419,0.02339986235375091,1674,1635,0.023297491039426577,,11469,15228,0,23
SVR-HQ,P548,0,0,,0,0,,0,3404,0,0,4899,0,0,4618,0,5110,4942,0.0328767123287671,3912,3786,0.03220858895705525,3928,3798,0.03309572301425667,4120,3985,0.03276699029126218,4475,4338,0.030614525139664783,4152,4016,0.032755298651252374,4579,4430,0.03253985586372565,,30276,42216,0,99
SVR-HQ,P549,0,0,,0,0,,0,0,,0,6382,0,0,6958,0,6312,6204,0.017110266159695797,5194,5138,0.010781671159029615,5581,5519,0.011109120229349623,6335,6195,0.02209944751381221,6299,6282,0.002698841085886694,5933,5858,0.012641159615708775,6117,6042,0.012260912211868535,,41771,54578,0,44
SVR-BV,P55,0,59338,0,0,59164,0,0,62836,0,0,71264,0,0,74746,0,0,79386,0,75209,71386,0.050831682378438714,84617,79704,0.05806161882364069,82348,77721,0.05618837130227816,84543,79415,0.060655524407697836,92588,87115,0.059111331922063304,84625,78900,0.0676514032496307,,503930,880975,0,222
SVR-CP,P55,0,11327,0,0,10522,0,0,11333,0,13719,12837,0.06429040017493981,14688,13710,0.06658496732026142,13838,12973,0.06250903309726841,12725,11978,0.05870333988212184,13228,12445,0.059192621711521065,13376,12565,0.060630980861243966,13461,12585,0.0650768887898373,14262,13336,0.0649277801149909,13519,12605,0.06760855092832307,,122816,148216,0,164
SVR-HQ,P55,0,10707,0,0,11604,0,0,10380,0,0,14105,0,0,15733,0,14897,14445,0.030341679532791876,11621,11177,0.03820669477669736,13577,13133,0.032702364292553576,13667,13084,0.04265749615863024,13946,13877,0.004947655241646309,14042,13614,0.03047998860561174,13712,13274,0.03194282380396729,,95462,155133,0,126
SVR-KR,P55,0,8925,0,0,9251,0,0,9172,0,0,11288,0,0,10536,0,0,10743,0,0,8923,0,0,10141,0,0,10054,0,6420424,9974,0.998446520042913,10183,9964,0.021506432289109312,9198,8986,0.023048488801913458,,6439805,117957,0.9816831410267858,117
SVR-HQ,P550,0,0,,0,0,,0,0,,0,3108,0,0,3758,0,4019,3826,0.048021895994028396,3206,3036,0.053025577043044336,3812,3530,0.07397691500524661,4347,4204,0.03289625028755461,4579,4349,0.05022930770910683,4733,4488,0.051764208747094864,4442,4206,0.05312922107158935,,29138,34505,0,46
SVR-HQ,P551,0,0,,0,0,,0,2881,0,0,3865,0,0,4639,0,3360,3131,0.06815476190476188,3040,2982,0.019078947368421084,3460,3346,0.03294797687861273,2820,2723,0.0343971631205674,3260,3144,0.03558282208588959,2960,2865,0.03209459459459463,6020,5805,0.0357142857142857,,24920,35381,0,74
SVR-HQ,P552,0,0,,0,0,,0,4612,0,0,8307,0,0,6568,0,196,3724,0,168,3239,0,194,3721,0,173,3314,0,178,3414,0,177,3406,0,311,5813,0,,1397,46118,0,64
SVR-HQ,P553,0,0,,0,0,,0,0,,0,2280,0,0,4047,0,3377,3266,0.03286941071957361,2974,2872,0.03429724277067925,3360,3267,0.02767857142857144,3047,2949,0.032162783065310174,3616,3508,0.02986725663716816,3485,3380,0.03012912482065999,2819,2731,0.031216743526073065,,22678,28300,0,83
SVR-HQ,P554,0,0,,0,0,,0,0,,0,1640,0,0,5920,0,5104,4956,0.028996865203761768,4298,4188,0.025593299208934384,4806,4674,0.027465667915106073,4295,4176,0.027706635622817277,4971,4828,0.028766847716757193,4551,4424,0.02790595473522306,4190,4061,0.030787589498806667,,32215,38867,0,94
SVR-HQ,P555,0,0,,0,0,,0,0,,0,0,,0,7588,0,7894,7652,0.0306561945781606,6956,6713,0.03493387004025306,7852,7571,0.035787060621497724,8518,8333,0.02171871331298425,8508,8209,0.03514339445228021,8327,8039,0.03458628557703858,7170,6924,0.03430962343096233,,55225,61029,0,72
SVR-HQ,P556,0,0,,0,0,,0,0,,0,0,,0,25473,0,0,16127,0,13013,13017,0,13036,13038,0,11030,11031,0,7875,7875,0,5433,5434,0,5462,5463,0,,55849,97458,0,1
SVR-HQ,P557,0,0,,0,0,,0,0,,0,0,,0,0,,0,0,,0,0,,0,1203,0,0,1825,0,0,2676,0,0,2605,0,2347,2276,0.03025138474648492,,2347,10585,0,53
SVR-HQ,P558,0,0,,0,0,,0,0,,0,0,,0,0,,0,0,,0,0,,0,0,,0,0,,0,0,,0,0,,0,0,,,0,0,,0
SVR-HQ,P559,0,0,,0,0,,0,0,,0,0,,0,0,,0,0,,0,1647,0,0,1751,0,0,1562,0,0,1814,0,0,1574,0,630,1672,0,,630,10020,0,56
SVR-BV,P56,0,2811,0,0,3505,0,0,2313,0,0,2117,0,0,2023,0,0,1783,0,0,0,,0,0,,0,1051,0,0,1897,0,0,7628,0,0,1686,0,,0,26814,0,1
SVR-CP,P56,0,6669,0,0,6891,0,0,6021,0,0,7353,0,8279,7599,0.08213552361396304,8086,7425,0.08174622804847886,7366,6761,0.08213412978550094,7496,6909,0.07830843116328712,8207,7532,0.08224686243450707,8212,7550,0.08061373599610322,7127,6566,0.0787147467377578,7571,6963,0.08030643243957203,,62344,84239,0,82
SVR-HQ,P56,0,12268,0,0,13134,0,0,12216,0,0,13917,0,0,17369,0,16940,14636,0.13600944510035418,14080,12195,0.13387784090909094,15040,13196,0.1226063829787234,16380,14191,0.1336385836385836,15200,13160,0.13421052631578945,16020,13815,0.1376404494382022,15060,12932,0.14130146082337314,,108720,163029,0,134
SVR-KR,P56,0,15259,0,0,15011,0,0,15872,0,0,18066,0,0,17317,0,0,17570,0,0,15872,0,0,18005,0,0,16864,0,873,17083,0,869,16973,0,16680,16286,0.02362110311750598,,18422,200178,0,100
SVR-HQ,P560,0,0,,0,0,,0,0,,0,0,,0,0,,0,55390,0,0,50462,0,0,48514,0,0,53869,0,1035,49477,0,1020,48713,0,980,46885,0,,3035,353310,0,192
SVR-HQ,P561,0,0,,0,0,,0,0,,0,0,,0,0,,0,0,,0,0,,0,0,,3107,3101,0.0019311232700354175,1637,1634,0.0018326206475259843,1977,1974,0.0015174506828528056,1817,1813,0.0022014309301046087,,8538,8522,0.001873975169829012,1
SVR-HQ,P562,0,0,,0,0,,0,0,,0,0,,0,0,,0,0,,0,0,,0,0,,1965,1962,0.0015267175572518665,1881,1879,0.0010632642211589882,3142,3138,0.0012730744748568057,4302,4299,0.0006973500697350365,,11290,11278,0.0010628875110717528,1
SVR-HQ,P563,0,0,,0,0,,0,0,,0,0,,0,0,,0,0,,0,0,,0,0,,1000,1004,0,859,859,0,1471,1489,0,1584,1595,0,,4914,4947,0,1
SVR-HQ,P564,0,0,,0,0,,0,0,,0,0,,0,0,,0,0,,0,0,,0,0,,0,0,,1739,1682,0.032777458309373175,2144,2065,0.03684701492537312,2420,2323,0.040082644628099184,,6303,6070,0.03696652387751864,75
SVR-HQ,P565,0,0,,0,0,,0,0,,0,0,,0,0,,0,0,,0,0,,0,0,,0,0,,2311,2236,0.03245348334054521,3135,2999,0.04338118022328552,3364,3222,0.04221165279429251,,8810,8457,0.040068104426787765,119
SVR-HQ,P566,0,0,,0,0,,0,0,,0,0,,0,0,,0,0,,0,0,,0,0,,0,0,,0,0,,0,1758,0,0,1854,0,,0,3612,0,21
SVR-HQ,P567,0,0,,0,0,,0,0,,0,0,,0,0,,0,0,,0,0,,0,0,,0,0,,0,0,,0,0,,2536,2591,0,,2536,2591,0,63
SVR-HQ,P568,0,0,,0,0,,0,0,,0,0,,0,0,,0,0,,0,0,,0,0,,0,0,,0,3234,0,0,2961,0,2560,2432,0.050000000000000044,,2560,8627,0,74
SVR-BV,P57,0,6870,0,0,6870,0,0,7080,0,0,8340,0,0,9000,0,0,8580,0,0,7050,0,0,8340,0,0,10080,0,0,6120,0,0,7920,0,0,6600,0,,0,92850,0,1
SVR-CP,P57,0,22127,0,0,22555,0,0,21150,0,0,23625,0,26869,25220,0.06137184115523464,27798,26139,0.059680552557737965,24120,22718,0.058126036484245414,24381,22969,0.0579139493868176,26040,24546,0.05737327188940089,24409,24098,0.012741202015649988,0,23880,0,0,23350,0,,153617,282377,0,207
SVR-HQ,P57,0,13241,0,0,14982,0,0,13618,0,0,14585,0,0,17278,0,16918,15854,0.06289159475115258,14479,13597,0.06091580910283856,16472,15482,0.06010199125789217,16778,15718,0.06317797115269996,16901,15809,0.06461156144606828,15785,14789,0.06309787773202402,15899,14904,0.06258255236178378,,113232,179857,0,189
SVR-KR,P57,0,6111,0,0,6572,0,0,6349,0,0,7813,0,0,6749,0,0,7183,0,0,6042,0,0,7104,0,0,6941,0,7657,7401,0.03343345957946975,7050,6825,0.03191489361702127,6263,6060,0.03241258182979401,,20970,81150,0,73
SVR-HQ,P570,0,0,,0,0,,0,0,,0,0,,0,0,,0,0,,0,0,,0,0,,0,0,,0,0,,0,0,,0,858,0,,0,858,0,86
SVR-HQ,P571,0,0,,0,0,,0,0,,0,0,,0,0,,0,0,,0,0,,0,0,,0,0,,0,0,,0,0,,0,741,0,,0,741,0,106
SVR-HQ,P575,0,0,,0,0,,0,0,,0,0,,0,0,,0,0,,0,0,,0,0,,0,0,,0,0,,91048,91130,0,0,0,,,91048,91130,0,1
SVR-BV,P58,0,572215,0,0,500579,0,0,627487,0,0,548124,0,0,394223,0,0,380312,0,0,438782,0,0,446967,0,406467,406751,0,433842,434136,0,440652,440936,0,379376,379614,0,,1660337,5570126,0,1
SVR-CP,P58,0,10762,0,0,10483,0,0,9590,0,12993,11411,0.12175786962210422,14380,12466,0.13310152990264257,13492,11853,0.1214793951971539,12377,10919,0.1177991435727559,12330,10880,0.11759935117599352,12847,11266,0.12306375029189698,13539,11814,0.12740970529581208,12591,11040,0.12318322611389088,12145,10634,0.12441333882256067,,116694,133118,0,135
SVR-HQ,P58,0,23929,0,0,25485,0,0,23678,0,0,26543,0,0,32802,0,29800,28577,0.04104026845637587,26200,25060,0.04351145038167936,28520,27245,0.04470546984572232,29200,27832,0.0468493150684931,27400,26221,0.04302919708029196,28720,27398,0.04603064066852369,26920,25741,0.04379643387815746,,196760,320511,0,186
SVR-KR,P58,0,9548,0,0,10047,0,0,9868,0,0,11974,0,0,10741,0,0,11065,0,0,9012,0,0,10478,0,0,10269,0,10293,9891,0.03905566890119494,10095,9709,0.0382367508667657,9350,8983,0.03925133689839577,,29738,121585,0,139
SVR-BV,P59,0,646996,0,0,580852,0,0,630911,0,0,547579,0,0,443062,0,0,454569,0,0,614613,0,0,648332,0,657842,657629,0.0003237859546820765,684068,683849,0.00032014361145382697,708804,708582,0.00031320365009224194,622278,622099,0.0002876527854109856,,2672992,7239073,0,1
SVR-CP,P59,0,11199,0,0,10707,0,0,9793,0,11199,10805,0.035181712652915476,11285,10882,0.03571112095702256,10518,10167,0.03337136337706792,9927,9608,0.03213458245189882,10222,9887,0.03277245157503428,10405,10068,0.03238827486785201,11767,11348,0.03560805642899634,11181,10768,0.036937662105357316,11206,10759,0.039889344993753295,,97710,125991,0,85
SVR-HQ,P59,0,24520,0,0,26742,0,0,25249,0,0,26658,0,0,33437,0,31800,30765,0.032547169811320775,27960,26938,0.03655221745350501,29880,28911,0.032429718875502056,30080,29084,0.03311170212765957,30640,29630,0.03296344647519578,28760,27738,0.03553546592489565,28680,27729,0.03315899581589954,,207800,337401,0,212
SVR-KR,P59,0,6768,0,0,6884,0,0,7446,0,0,8629,0,0,8043,0,0,8014,0,0,6761,0,0,8120,0,0,7340,0,8475,8182,0.03457227138643071,7586,7368,0.028737147376746597,6840,6622,0.03187134502923972,,22901,90177,0,102
SVR-KR,P6.1,0,41021,0,0,38541,0,0,40642,0,0,45926,0,0,51211,0,0,49253,0,0,43950,0,0,45981,0,0,45818,0,46143,44106,0.0441453741629283,46014,44026,0.04320424218716046,45000,43948,0.02337777777777783,,137157,534423,0,256
SVR-BV,P60,0,72963,0,0,78381,0,0,80467,0,0,99212,0,0,101447,0,0,101692,0,0,103129,0,0,100881,0,91675,91623,0.0005672211617125944,97364,97298,0.0006778686167372427,120847,120772,0.0006206194609713611,105379,105322,0.0005409047343398754,,415265,1153187,0,1
SVR-CP,P60,0,5356,0,0,5140,0,0,5143,0,5980,5763,0.03628762541806019,5872,5666,0.035081743869209814,5646,5453,0.034183492738221744,5421,5238,0.03375760929717764,5567,5379,0.033770432908209136,5723,5521,0.03529617333566315,5934,5733,0.033872598584428704,5530,5350,0.032549728752260365,5429,5239,0.034997237060232056,,51102,64981,0,49
SVR-HQ,P60,0,17197,0,0,18245,0,0,18264,0,0,22155,0,0,22264,0,21640,20984,0.030314232902033278,18400,18114,0.015543478260869548,21680,21180,0.023062730627306238,21160,20767,0.018572778827977365,20520,18832,0.08226120857699804,19520,20307,0,16680,16367,0.018764988009592365,,139600,234676,0,105
SVR-KR,P60,0,6824,0,0,6754,0,0,7276,0,0,8568,0,0,8170,0,0,8153,0,0,6991,0,0,8171,0,0,7725,0,8000,7851,0.018625000000000003,7925,7781,0.018170347003154563,7196,7059,0.019038354641467525,,23121,91323,0,78
SVR-HQ,P60B,0,67261,0,0,81806,0,0,86787,0,0,105143,0,0,96681,0,0,91392,0,77809,77816,0,62655,62657,0,62486,62476,0.00016003584802992687,59781,59784,0,58086,58092,0,28084,28084,0,,348901,877979,0,1
SVR-BV,P61,0,28646,0,0,29136,0,0,25634,0,0,30973,0,0,33030,0,0,33137,0,12913,30225,0,11875,29384,0,10595,27924,0,10132,28718,0,9547,27542,0,10181,28090,0,,65243,352439,0,240
SVR-CP,P61,0,12919,0,0,13246,0,0,11576,0,0,13169,0,15295,14316,0.06400784570120954,15389,14407,0.06381181363311461,13436,12578,0.06385829115808273,13712,12843,0.06337514585764292,14655,13724,0.06352780620948484,14255,13344,0.06390740091196068,14534,13620,0.0628870235310307,14411,13493,0.06370133925473598,,115687,159235,0,143
SVR-HQ,P61,0,15054,0,0,14629,0,0,14364,0,0,17804,0,0,18843,0,18491,16786,0.09220701963117195,17660,14837,0.1598527746319366,17227,16891,0.019504266558309613,18418,16733,0.09148658920621133,17259,15745,0.08772234776058863,17014,15616,0.08216762666039734,17921,16205,0.09575358517939847,,123990,193507,0,206
SVR-KR,P61,0,3321,0,0,3262,0,0,2926,0,0,4088,0,0,4156,0,0,3773,0,0,3171,0,0,3518,0,3767,3659,0.028670029200955627,3737,3626,0.02970297029702973,3565,3465,0.028050490883590462,3532,3428,0.029445073612684003,,14601,42393,0,55
SVR-BV,P62,0,4905,0,0,4740,0,0,4274,0,0,4922,0,0,5765,0,0,5448,0,5723,5572,0.02638476323606498,6259,6492,0,6572,6423,0.022671941570298282,6709,6411,0.044417946042629275,6444,6448,0,6834,6678,0.022827041264266934,,38541,68078,0,67
SVR-CP,P62,0,11602,0,0,11752,0,0,11998,0,0,13953,0,15921,14938,0.061742352867282246,14791,13766,0.06929889797850042,14479,13374,0.0763174252365495,12981,12620,0.027809875972575337,16083,15020,0.0660946340856805,14634,13738,0.06122727893945601,14878,13978,0.06049200161312007,14322,13508,0.056835637480798784,,118089,160247,0,140
SVR-HQ,P62,0,10377,0,0,10716,0,0,9789,0,0,12080,0,0,14399,0,13693,13380,0.02285839480026286,11715,11548,0.01425522833973536,11359,11084,0.024209877630073096,12715,12421,0.023122296500196593,13612,13305,0.02255362915074932,11058,11325,0,12506,12235,0.021669598592675476,,86658,142659,0,115
SVR-KR,P62,0,8340,0,0,8026,0,0,7549,0,0,9647,0,0,10575,0,0,9487,0,0,8419,0,0,8589,0,0,9424,0,9599,9476,0.012813834774455635,8083,7952,0.016206853890882056,8766,8634,0.015058179329226595,,26448,106118,0,113
SVR-BV,P63,0,137637,0,0,122419,0,0,140742,0,0,187397,0,0,229736,0,0,234649,0,215687,202288,0.06212242740638052,255411,237598,0.06974249347130701,287700,265866,0.0758915537017727,245390,221333,0.09803577977912714,267900,244687,0.08664800298618891,239332,222549,0.07012434609663565,,1511420,2446901,0,246
SVR-CP,P63,0,20598,0,0,19926,0,0,20456,0,0,22721,0,25544,23857,0.06604290635765742,23939,22428,0.06311876018212959,22791,21475,0.05774209117634155,21106,19873,0.05841940680375246,24952,23254,0.06805065726194293,23884,22510,0.057528052252553974,23325,21786,0.06598070739549844,22741,21760,0.04313794468141241,,188282,260644,0,193
SVR-HQ,P63,0,11007,0,0,12069,0,0,11209,0,0,12491,0,0,14826,0,13232,12585,0.048896614268440164,11516,11018,0.043244182007641574,12582,11923,0.05237641074550947,12864,12207,0.051072761194029814,13195,12593,0.04562334217506636,12432,11828,0.04858429858429858,12461,11854,0.04871198138191157,,88282,145610,0,126
SVR-KR,P63,0,9593,0,0,9234,0,0,8375,0,0,10856,0,0,11021,0,0,11140,0,0,9937,0,0,11084,0,11353,11109,0.021492116621157353,10751,10512,0.02223049018695933,10423,10180,0.023313825194281823,10747,10511,0.02195961663720103,,43274,123552,0,120
SVR-BV,P64,0,18835,0,0,18624,0,0,17905,0,0,20695,0,0,19725,0,0,18528,0,19619,17842,0.09057546256180238,21247,18916,0.10970960606203228,20768,18673,0.10087634822804314,21522,19248,0.10565932534151101,22576,20083,0.11042700212615164,20440,18239,0.10768101761252447,,126172,227313,0,135
SVR-CP,P64,0,10345,0,0,9770,0,0,10275,0,0,11737,0,14332,13374,0.06684342729556236,18256,16862,0.07635845749342685,17519,17370,0.008505051658199703,18503,17160,0.07258282440685293,1958,22328,0,9928,18940,0,20931,20996,0,18605,17882,0.03886052136522444,,120032,187039,0,133
SVR-HQ,P64,0,9899,0,0,10747,0,0,10319,0,0,11425,0,0,13361,0,12296,11673,0.05066688353936244,10304,9800,0.048913043478260865,11407,10855,0.048391338651705085,12052,11446,0.05028211085297041,12186,11591,0.048826522238634484,10558,10006,0.05228262928584959,11303,10776,0.04662478987879326,,80106,131898,0,135
SVR-KR,P64,0,8234,0,0,7762,0,0,7193,0,0,10000,0,0,10223,0,0,9433,0,0,7957,0,0,9098,0,9884,9580,0.030756778632132775,9740,9435,0.031314168377823415,9126,8839,0.03144860837168528,9136,8845,0.031852014010507856,,37886,106599,0,108
SVR-BV,P65,0,17127,0,0,16802,0,0,16582,0,0,19990,0,0,19026,0,0,17712,0,18583,17337,0.0670505300543508,19883,18489,0.07011014434441487,19677,18226,0.07374091579000863,20951,19313,0.07818242565987299,21189,19537,0.07796498183019496,19289,17803,0.0770387267354451,,119572,217944,0,166
SVR-CP,P65,0,27138,0,0,27346,0,0,26596,0,0,29114,0,33479,31838,0.04901580094984914,27990,28406,0,25375,24373,0.039487684729064054,26600,25491,0.041691729323308224,28229,27043,0.042013532183215796,27067,26456,0.022573613625447964,28306,27294,0.03575213735603755,26408,25373,0.03919266888821571,,223454,326468,0,274
SVR-HQ,P65,0,57044,0,0,56078,0,0,56314,0,0,39707,0,0,50641,0,0,52080,0,48370,48379,0,46929,46937,0,48940,48951,0,36262,36262,0,56771,56790,0,55789,55798,0,,293061,604981,0,1
SVR-KR,P65,0,3220,0,0,3143,0,0,2756,0,0,3427,0,0,3651,0,0,3371,0,0,3039,0,0,3332,0,0,3473,0,3311,3240,0.021443672606463293,3012,2938,0.024568393094289487,3114,3045,0.022157996146435432,,9437,38635,0,48
SVR-BV,P66,0,3361,0,0,3550,0,0,3581,0,0,3828,0,0,4074,0,0,4029,0,3547,3512,0.009867493656611215,3694,3655,0.010557661072008617,3840,3796,0.011458333333333348,3691,3650,0.011108100785694908,3880,3837,0.011082474226804084,3550,3504,0.012957746478873267,,22202,44377,0,33
SVR-CP,P66,0,11085,0,0,11660,0,0,11324,0,14056,12983,0.07633750711439957,16221,14859,0.08396523025707414,13417,12480,0.0698367742416337,12441,11613,0.06655413551965272,12243,11440,0.06558849955076373,13783,12834,0.06885293477472243,13725,12706,0.07424408014571948,12257,11447,0.06608468630170516,12533,11686,0.06758158461661212,,120676,146117,0,156
SVR-HQ,P66,0,36260,0,0,198,0,0,76845,0,0,43980,0,0,45104,0,40520,38155,0.0583662388943732,39760,37466,0.05769617706237429,45160,43238,0.042559787422497775,40520,38684,0.045310957551826236,42800,40694,0.04920560747663549,42560,40219,0.05500469924812035,34000,32484,0.044588235294117595,,285320,473327,0,155
SVR-KR,P66,0,13229,0,0,13864,0,0,13384,0,0,16515,0,0,16149,0,0,16925,0,0,13508,0,0,15480,0,14639,14411,0.015574834346608335,14369,14154,0.014962767067993599,14548,14336,0.014572449821281253,13026,12597,0.03293413173652693,,56582,174552,0,99
SVR-BV,P67,0,14491,0,0,14769,0,0,15737,0,0,16528,0,0,16877,0,0,15526,0,14809,14549,0.017556891079748782,15757,15455,0.019166084914641113,15728,15490,0.015132248219735467,15697,15556,0.008982608141683168,16774,17039,0,14966,14947,0.0012695443004142604,,93731,186964,0,152
SVR-CP,P67,0,18780,0,0,19556,0,0,18370,0,0,20411,0,22594,22215,0.016774364875630665,20034,20340,0,18648,18069,0.03104890604890609,18653,18116,0.028788934755803353,20578,19945,0.030761006900573373,20209,19620,0.029145430253847304,18620,18094,0.028249194414607937,19204,18606,0.03113934596958967,,158540,232122,0,147
SVR-HQ,P67,0,8120,0,0,8792,0,0,9520,0,0,11183,0,0,9886,0,10480,10069,0.03921755725190834,8920,8518,0.04506726457399102,9460,9137,0.03414376321353063,9720,9371,0.03590534979423865,9880,9497,0.038765182186234814,10880,10498,0.0351102941176471,9060,8692,0.040618101545253915,,68400,113283,0,85
SVR-KR,P67,0,3175,0,0,3540,0,0,3251,0,0,4064,0,0,3791,0,0,4217,0,0,3202,0,0,3628,0,87597,3498,0.9600671255864927,4027,3914,0.028060591010677927,3803,3696,0.028135682356034697,3651,3543,0.02958093672966311,,99078,43519,0.5607602091281616,49
SVR-BV,P68,0,22349,0,0,22563,0,0,24917,0,0,26705,0,0,26914,0,0,26469,0,25165,24106,0.042082257103119414,27552,26213,0.048599012775842,28922,27069,0.06406887490491664,29800,25685,0.1380872483221477,31950,34678,0,27464,26498,0.035173317797844494,,170853,314166,0,166
SVR-CP,P68,0,25889,0,0,25407,0,0,23941,0,0,26656,0,29740,27710,0.06825823806321452,28209,26447,0.062462334715870815,25968,24378,0.06122920517560071,26830,25200,0.06075288855758476,27840,26101,0.062464080459770144,28871,27008,0.06452841952131894,27984,26253,0.06185677530017153,26891,24852,0.07582462533933287,,222333,309842,0,255
SVR-HQ,P68,0,24733,0,0,24447,0,0,26068,0,0,29900,0,0,31791,0,31890,29965,0.06036375039197239,28650,27035,0.05636998254799297,28140,26544,0.05671641791044779,32040,30154,0.05886392009987518,31350,29308,0.06513556618819771,30240,28370,0.061838624338624304,29820,27973,0.06193829644533866,,212130,336288,0,174
SVR-KR,P68,0,14649,0,0,15127,0,0,14480,0,0,18718,0,0,18675,0,0,22806,0,0,26724,0,0,30032,0,31176,30671,0.01619835771105982,24477,24085,0.01601503452220454,26718,26272,0.016692866232502435,21647,17438,0.19443802836420754,,104018,259677,0,92
SVR-BV,P69,0,13204,0,0,12977,0,0,14649,0,0,15470,0,0,14893,0,0,16185,0,15732,14345,0.08816425120772942,16000,15354,0.04037500000000005,17482,17073,0.02339549250657824,17903,18364,0,19958,19548,0.020543140595249976,17866,17403,0.02591514608754053,,104941,189465,0,95
SVR-CP,P69,0,15616,0,0,15658,0,0,15057,0,0,17518,0,18740,17914,0.044076840981856935,19500,18763,0.03779487179487184,17300,16671,0.03635838150289017,17520,16880,0.0365296803652968,17780,17115,0.03740157480314965,17640,16975,0.037698412698412676,17580,16954,0.035608646188850956,17380,16711,0.03849252013808979,,143440,201832,0,162
SVR-HQ,P69,0,8639,0,0,8677,0,0,8501,0,0,9388,0,0,11035,0,10192,9465,0.0713304552590267,8953,8375,0.06455936557578468,9861,9195,0.06753878916945544,10072,9388,0.06791104050833996,10349,9642,0.068315779302348,9636,9005,0.06548360315483603,9261,8550,0.07677356656948497,,68324,109860,0,125
SVR-KR,P69,0,16950,0,0,25346,0,0,27620,0,0,32552,0,0,34696,0,0,27983,0,0,26594,0,0,24073,0,0,26327,0,25274,24945,0.01301733006251482,20675,20336,0.01639661426844019,20227,20005,0.010975428882187166,,66176,307427,0,83
SVR-BV,P70,0,5031,0,0,4710,0,0,5182,0,0,5842,0,0,6358,0,0,6427,0,19720,5249,0.7338235294117648,23880,12913,0.45925460636515913,26160,23654,0.09579510703363914,9220,10633,0,12420,9710,0.21819645732689208,9820,25252,0,,101220,120961,0,37
SVR-CP,P70,0,12486,0,0,12212,0,0,12143,0,14600,13970,0.043150684931506866,15980,15276,0.04405506883604504,15900,15203,0.04383647798742141,14200,13619,0.040915492957746435,14260,13664,0.04179523141654984,14560,13993,0.038942307692307665,15460,14762,0.04514877102199222,14820,14189,0.042577597840755765,14360,13736,0.04345403899721445,,134140,165253,0,148
SVR-HQ,P70,0,7427,0,0,7211,0,0,7223,0,0,8045,0,0,9817,0,8940,8588,0.03937360178970917,7600,7278,0.04236842105263161,8420,8063,0.04239904988123511,8600,8223,0.0438372093023256,8700,8321,0.04356321839080457,7920,7602,0.04015151515151516,8000,7671,0.04112499999999997,,58180,95469,0,89
SVR-KR,P70,0,8823,0,0,8540,0,0,11899,0,0,13787,0,0,15166,0,0,15288,0,0,14752,0,0,14433,0,0,16081,0,15799,15457,0.02164693967972653,13562,13292,0.019908568057808607,14630,14355,0.018796992481203034,,43991,161873,0,116
SVR-BV,P71,0,7344,0,0,6851,0,0,7644,0,0,8778,0,0,8410,0,0,8191,0,2280,7386,0,8240,7867,0.04526699029126213,8720,8310,0.047018348623853234,8680,8315,0.04205069124423966,9360,8930,0.04594017094017089,8200,7870,0.040243902439024426,,45480,95896,0,87
SVR-CP,P71,0,36086,0,0,32521,0,0,34489,0,0,43312,0,50460,45834,0.0916765755053508,53580,48843,0.0884098544232923,47460,46232,0.02587442056468603,53280,49378,0.07323573573573572,49980,46137,0.07689075630252096,47220,43754,0.07340110122829313,48300,44412,0.0804968944099379,45600,43040,0.056140350877192935,,395880,514038,0,144
SVR-HQ,P71,0,23461,0,0,0,,0,47669,0,0,28303,0,0,26442,0,28107,25174,0.10435122923115236,26266,23838,0.09243889438818242,29411,26934,0.08422018972493284,29767,26917,0.09574360869419152,26754,24220,0.09471480900052331,28493,25671,0.09904186993296604,24167,21868,0.09512972234865724,,192965,300497,0,241
SVR-KR,P71,0,6248,0,0,6152,0,0,6052,0,0,6872,0,0,7822,0,0,7136,0,0,7008,0,0,6746,0,0,7455,0,403,7491,0,351,6538,0,7300,6801,0.06835616438356162,,8054,82321,0,96
SVR-HQ,P7-1,0,119335,0,0,117754,0,0,114559,0,0,131361,0,0,145810,0,153871,149401,0.029050308375197398,135485,129746,0.0423589327231797,136712,131161,0.040603604657967085,144885,142106,0.0191807295441212,113954,109526,0.038857784720150224,126384,122459,0.03105614634763898,111704,107965,0.03347239131991697,,922995,1521183,0,157
SVR-BV,P72,0,9046,0,0,8810,0,0,9344,0,0,9761,0,0,10015,0,0,9201,0,8931,8751,0.020154517971111896,9558,9161,0.04153588616865456,9887,9568,0.032264589865479976,10606,10134,0.04450311144635111,11054,10572,0.043604125203546173,9722,9170,0.05677844065007198,,59758,113533,0,91
SVR-CP,P72,0,12402,0,0,12141,0,0,12709,0,16582,14169,0.14551923772765651,18123,15305,0.15549301991943942,16425,14032,0.14569254185692537,4029,12748,0,14658,12682,0.13480693136853594,16777,14335,0.1455564165226203,15582,13285,0.14741368245411368,15931,13622,0.1449375431548553,15766,13433,0.1479766586325003,,133873,160863,0,127
SVR-HQ,P72,0,20932,0,0,0,,0,42955,0,0,25982,0,0,23930,0,25322,22240,0.12171234499644579,23699,21072,0.11084855901092872,26105,23182,0.11197088680329437,26297,23342,0.11237023234589494,24446,21648,0.11445635277755051,25952,22969,0.11494297163995071,22029,19607,0.10994598029869718,,173850,267859,0,196
SVR-KR,P72,0,9948,0,0,9241,0,0,9512,0,0,10567,0,0,11771,0,0,11718,0,0,9986,0,0,9699,0,0,9522,0,261,9817,0,252,9503,0,9560,8891,0.06997907949790794,,10073,120175,0,104
SVR-BV,P73,0,2749,0,0,2763,0,0,2902,0,0,3320,0,0,3330,0,0,3469,0,1205,2609,0,1243,3127,0,1409,3494,0,1380,3626,0,1416,3619,0,1184,3356,0,,7837,38364,0,22
SVR-CP,P73,0,10567,0,0,10572,0,0,12791,0,0,15901,0,15510,15010,0.03223726627981949,16530,15931,0.0362371445856019,13680,13207,0.03457602339181287,14940,14593,0.023226238286479295,15750,15342,0.025904761904761875,15780,15314,0.029531051964512,16470,15937,0.032361870066788145,14790,14368,0.028532792427315767,,123450,169533,0,66
SVR-HQ,P73,0,17020,0,0,16153,0,0,15019,0,0,17866,0,0,19045,0,18758,18216,0.02889433841560929,17187,16671,0.030022691569209337,17731,17172,0.03152670464158813,19496,18876,0.03180139515798108,20161,19525,0.031546054263181356,17167,16607,0.032620725811149276,19157,18501,0.03424335751944463,,129657,210671,0,142
SVR-KR,P73,0,7472,0,0,7143,0,0,6661,0,0,7752,0,0,9019,0,0,8903,0,0,8150,0,0,7095,0,0,8742,0,10032,9537,0.049342105263157854,9437,8971,0.04938009960792622,8968,8522,0.04973238180196249,,28437,97967,0,75
SVR-BV,P74,0,8906,0,0,8773,0,0,8336,0,0,9957,0,0,9770,0,0,9194,0,8860,8930,0,9540,9423,0.01226415094339628,9400,9230,0.018085106382978777,9720,9511,0.0215020576131687,9940,9772,0.016901408450704203,9120,8949,0.018750000000000044,,56580,110751,0,79
SVR-CP,P74,0,6898,0,0,9614,0,0,9104,0,11447,10858,0.051454529571066665,12691,11815,0.06902529351508946,11922,11430,0.0412682435832914,10631,10029,0.05662684601636725,11106,10482,0.05618584548892491,12137,11426,0.05858119798961847,12531,11698,0.06647514164871116,11996,11272,0.060353451150383486,11892,11143,0.0629835183316515,,106353,125769,0,157
SVR-HQ,P74,0,14175,0,0,13689,0,0,14744,0,0,17145,0,0,17257,0,17909,16521,0.07750293148696186,15820,14718,0.06965865992414666,17405,16123,0.07365699511634582,17652,16420,0.06979379107183326,16868,15680,0.07042921508181177,16391,15271,0.06833018119699841,14304,13364,0.0657158836689038,,116349,185107,0,166
SVR-KR,P74,0,8103,0,0,8534,0,0,8583,0,0,10389,0,0,9210,0,0,9688,0,0,8187,0,0,9512,0,0,9095,0,9769,9126,0.0658204524516327,9521,8907,0.0644890242621573,8782,8195,0.0668412662263721,,28072,107529,0,116
SVR-BV,P75,0,12810,0,0,13090,0,0,11895,0,0,13179,0,0,14513,0,0,14279,0,13592,13198,0.028987639788110697,14419,13633,0.0545114085581524,14265,13723,0.037995092884682835,15316,14272,0.06816401149125095,16626,16154,0.028389269818356766,18381,17590,0.043033567270551076,,92599,168336,0,116
SVR-CP,P75,0,13726,0,0,13869,0,0,13674,0,9948,16874,0,9198,9285,0,10008,10075,0,8098,8252,0,8976,9010,0,8824,8764,0.006799637352674526,8863,8786,0.008687803226898327,8841,8809,0.0036195000565546476,8298,8295,0.0003615328994938105,,81054,129419,0,88
SVR-HQ,P75,0,10450,0,0,0,,0,20949,0,0,11917,0,0,12447,0,11227,10648,0.05157210296606396,11167,10626,0.04844631503537211,13033,12395,0.048952658635770696,11705,11145,0.047842802221272906,12740,12125,0.048273155416012514,11932,11337,0.04986590680522962,10846,10300,0.05034113959063247,,82650,134339,0,119
SVR-KR,P75,0,2655,0,0,2407,0,0,2212,0,0,2661,0,0,2652,0,0,2438,0,0,2131,0,0,2537,0,0,2353,0,128,2452,0,125,2427,0,2320,2224,0.04137931034482756,,2573,29149,0,36
SVR-BV,P76,0,16796,0,0,16227,0,0,16076,0,0,19364,0,0,18699,0,0,17849,0,16820,16209,0.036325802615933434,18040,17396,0.035698447893569796,17860,17208,0.03650615901455767,17900,17269,0.035251396648044664,18900,18221,0.03592592592592592,17780,17134,0.03633295838020245,,107300,208448,0,155
SVR-CP,P76,0,15679,0,0,15914,0,0,15256,0,21580,20062,0.07034291010194627,19478,18111,0.07018174350549333,19279,17961,0.06836454172934281,17215,16154,0.061632297415045056,19558,18281,0.06529297474179363,18848,17651,0.063508064516129,18648,17442,0.06467181467181471,18203,17036,0.06411031148711754,17576,16492,0.06167501137915343,,170385,206039,0,172
SVR-HQ,P76,0,10652,0,0,10001,0,0,10636,0,0,13296,0,0,11912,0,12600,12136,0.03682539682539687,10160,9666,0.04862204724409447,11000,10250,0.06818181818181823,11160,10870,0.025985663082437327,10480,10206,0.026145038167938894,11120,10883,0.021312949640287737,8920,8341,0.06491031390134527,,75440,128849,0,87
SVR-KR,P76,0,0,,0,0,,0,0,,0,0,,0,0,,0,0,,0,0,,0,0,,0,0,,0,0,,0,0,,0,0,,,0,0,,0
SVR-KR,P76A,0,0,,0,0,,0,0,,0,0,,0,0,,0,0,,0,0,,0,0,,0,0,,0,0,,0,0,,0,0,,,0,0,,0
SVR-BV,P77,0,367,0,0,523,0,0,333,0,0,433,0,0,1154,0,0,634,0,678,667,0.016224188790560423,653,650,0.004594180704441064,708,688,0.02824858757062143,732,721,0.015027322404371546,631,628,0.004754358161648153,591,581,0.016920473773265665,,3993,7379,0,8
SVR-HQ,P77,0,9087,0,0,8791,0,0,8862,0,0,10998,0,0,9744,0,10820,10328,0.04547134935304986,9180,8773,0.0443355119825708,10260,9778,0.04697855750487334,11000,10469,0.048272727272727245,10020,9507,0.05119760479041913,10800,10317,0.04472222222222222,8760,8383,0.04303652968036531,,70840,115037,0,74
SVR-KR,P77,0,0,,0,0,,0,0,,0,1967,0,0,2307,0,0,2271,0,0,1914,0,0,1755,0,0,1997,0,2044,2012,0.015655577299412915,1745,1721,0.013753581661891112,1914,1885,0.015151515151515138,,5703,17829,0,26
SVR-CP,P77J,0,35799,0,0,34189,0,0,35140,0,0,39249,0,44852,42630,0.04954071167394991,45037,42298,0.060816661855807475,43239,41637,0.037049885520016645,40892,38664,0.05448498483811015,44546,42468,0.04664840838683604,43913,41653,0.051465397490492615,38981,37005,0.050691362458633704,40108,38203,0.04749675875137127,,341568,468935,0,237
SVR-BV,P78,0,32063,0,0,30755,0,0,30219,0,0,36567,0,0,36531,0,0,36166,0,35508,32759,0.0774191731440802,37620,36626,0.026422115895800125,37308,35145,0.05797684142811188,40305,37468,0.07038828929413221,46596,41462,0.11018113142759034,39441,37800,0.04160645014071651,,236778,423561,0,318
SVR-HQ,P78,0,11987,0,0,12954,0,0,12191,0,0,13808,0,0,16900,0,14048,13669,0.026978929384965822,11821,11505,0.026732086963877855,12476,12190,0.022924014107085555,13323,13023,0.022517451024544055,14544,14165,0.02605885588558854,13023,12732,0.022345081778392117,13054,12720,0.02558602727133441,,92289,157844,0,115
SVR-KR,P78,0,2527,0,0,2725,0,0,2751,0,0,3928,0,0,4044,0,0,3636,0,0,1940,0,0,2398,0,1892,1923,0,1732,1767,0,1519,1550,0,1433,1461,0,,6576,30650,0,1
SVR-CP,P78J,0,37400,0,0,36593,0,0,38536,0,0,48024,0,52743,50336,0.04563638776709711,53921,51641,0.042284082268503886,49041,47113,0.039314043351481365,51234,49311,0.0375336690478979,46546,44889,0.03559919219696639,43589,42016,0.036087086191470275,43059,41286,0.041176060753849386,43383,41760,0.03741096742963834,,383516,528905,0,143
SVR-BV,P79,0,16092,0,0,16794,0,0,15245,0,0,17751,0,0,19640,0,0,19260,0,18300,17674,0.03420765027322403,18400,17851,0.029836956521739122,20260,20005,0.012586377097729473,19260,18437,0.04273104880581513,19200,18927,0.014218749999999947,19420,18744,0.03480947476828011,,114840,216420,0,102
SVR-CP,P79,0,5233,0,0,5178,0,0,5003,0,6300,5834,0.07396825396825402,6900,6355,0.07898550724637676,6620,6123,0.07507552870090639,6460,5983,0.07383900928792575,5980,5527,0.07575250836120406,6580,6086,0.07507598784194525,7300,6753,0.07493150684931504,7000,6479,0.0744285714285714,6660,6144,0.07747747747747746,,59800,70698,0,66
SVR-HQ,P79,0,15818,0,0,15381,0,0,15704,0,0,18261,0,0,21102,0,19309,18385,0.047853332642809,18518,17668,0.04590128523598658,18731,17865,0.04623351663018527,19869,18910,0.048266143238210324,19821,18851,0.04893799505574892,18188,17351,0.046019353419837206,18282,17380,0.04933814681107096,,132718,212676,0,152
SVR-KR,P79,0,4784,0,0,4660,0,0,4514,0,0,5564,0,0,5746,0,0,5767,0,0,5077,0,0,5638,0,0,5588,0,6162,6002,0.025965595585848766,5628,5467,0.028606965174129306,4797,4669,0.026683343756514488,,16587,63476,0,59
SVR-BV,P80,0,0,,0,0,,0,0,,0,0,,0,0,,0,0,,0,0,,0,0,,0,0,,0,0,,0,0,,0,0,,,0,0,,0
SVR-CP,P80,0,7010,0,0,6982,0,0,7007,0,8860,8165,0.07844243792325056,9560,8807,0.078765690376569,8820,8167,0.0740362811791383,8320,7685,0.07632211538461542,7840,7238,0.07678571428571423,8640,7968,0.07777777777777772,8680,8022,0.07580645161290323,8340,7698,0.07697841726618704,7980,7356,0.07819548872180448,,77040,92105,0,88
SVR-HQ,P80,0,5931,0,0,6109,0,0,6222,0,0,7226,0,0,8215,0,7200,6899,0.04180555555555554,6880,6613,0.03880813953488371,6640,6402,0.03584337349397593,7200,6899,0.04180555555555554,7040,6750,0.04119318181818177,6840,6581,0.03786549707602338,7000,6707,0.041857142857142815,,48800,80554,0,103
SVR-KR,P80,0,10624,0,0,11166,0,0,13945,0,0,14383,0,0,13907,0,0,13667,0,0,10188,0,0,10550,0,10633,10335,0.02802595692654941,9062,8625,0.048223350253807085,10259,9774,0.04727556292036261,9089,9203,0,,39043,136367,0,16
SVR-BV,P81,0,4409,0,0,3857,0,0,4608,0,0,5402,0,0,5553,0,0,5795,0,0,4543,0,0,5022,0,5234,5234,0,4245,4245,0,4754,4754,0,4583,4582,0.00021819768710451548,,18816,58004,0,1
SVR-CP,P81,0,76211,0,0,70396,0,0,66179,0,0,45743,0,0,81123,0,0,75085,0,0,65389,0,65992,65918,0.001121348042186887,65556,65477,0.0012050765757520843,38305,38262,0.0011225688552408686,54513,54445,0.0012474088749472312,64706,64634,0.001112725249590496,,289072,768862,0,1
SVR-HQ,P81,0,9078,0,0,9200,0,0,9345,0,0,10658,0,0,12253,0,9400,11471,0,0,9851,0,23050,10143,0.5599566160520608,11003,10661,0.031082432063982535,10686,10366,0.02994572337638035,10642,10304,0.0317609471903777,10602,10246,0.033578570081116754,,75383,123576,0,154
SVR-KR,P81,0,34560,0,0,32276,0,0,32883,0,0,38593,0,0,42021,0,0,38787,0,0,36684,0,0,37204,0,0,36822,0,36353,35383,0.02668280472038076,36804,35784,0.02771437887186179,34691,33647,0.030094260759274793,,107848,434644,0,162
SVR-BV,P8-1,0,328093,0,0,306445,0,0,287177,0,0,261566,0,0,198400,0,0,226579,0,0,309863,0,0,351640,0,292094,291919,0.0005991222003874919,309438,309253,0.0005978580523400279,307602,307408,0.0006306851060786656,271035,270874,0.0005940192226095986,,1180169,3449217,0,1
SVR-BV,P82,0,811095,0,0,685040,0,0,828668,0,0,1038989,0,0,942274,0,0,967008,0,0,903065,0,0,918597,0,889122,889140,0,907888,907917,0,915547,915575,0,786319,786346,0,,3498876,10593714,0,1
SVR-CP,P82,0,21237,0,0,19846,0,0,25425,0,0,33481,0,0,38938,0,0,38363,0,0,36692,0,35491,35473,0.0005071708320418811,43199,43173,0.0006018657839301778,46019,45997,0.00047806340859213314,46814,46793,0.00044858375699574626,41064,41050,0.0003409312293005673,,212587,426468,0,1
SVR-HQ,P82,0,8633,0,0,9076,0,0,8609,0,0,10206,0,0,11169,0,11280,11037,0.021542553191489344,9460,9301,0.016807610993657462,16780,16010,0.045887961859356396,22620,21215,0.062113174182139685,26420,24378,0.0772899318697956,28500,26305,0.0770175438596491,26960,25604,0.050296735905044465,,142020,181543,0,81
SVR-KR,P82,0,730,0,0,614,0,0,628,0,0,617,0,0,488,0,0,423,0,0,399,0,0,449,0,402,402,0,418,418,0,558,557,0.0017921146953404632,340,341,0,,1718,6066,0,1
SVR-BV,P83,0,832259,0,0,685600,0,0,887227,0,0,1142939,0,0,1041814,0,0,1053459,0,0,965456,0,0,1038226,0,986981,987268,0,980903,981194,0,994496,994804,0,842724,842938,0,,3805104,11453184,0,1
SVR-CP,P83,0,0,,0,0,,0,0,,0,0,,0,0,,0,0,,0,0,,0,0,,0,0,,0,0,,0,0,,0,0,,,0,0,,0
SVR-HQ,P83,0,9731,0,0,9556,0,0,9686,0,0,11954,0,0,11728,0,10127,9917,0.020736644613409738,6750,8994,0,7917,9833,0,7599,10358,0,6829,9267,0,6639,9643,0,6951,9323,0,,52812,119990,0,106
SVR-KR,P83,0,2611,0,0,2688,0,0,3237,0,0,3503,0,0,3213,0,0,3129,0,0,2713,0,0,3126,0,0,2745,0,3009,2959,0.016616816218012587,2997,2945,0.017350684017350737,2786,2737,0.017587939698492483,,8792,35606,0,33
SVR-BV,P84,0,18720,0,0,15590,0,0,15260,0,0,17930,0,0,16880,0,0,18220,0,0,12040,0,0,23380,0,20930,20940,0,13480,13480,0,13700,13700,0,12310,12320,0,,60420,198460,0,1
SVR-CP,P84,0,7247,0,0,6929,0,0,7163,0,0,7969,0,9020,8646,0.04146341463414638,8940,8565,0.04194630872483218,8460,8078,0.04515366430260048,9640,9260,0.03941908713692943,10560,10071,0.04630681818181814,10120,9600,0.0513833992094862,8820,8407,0.04682539682539677,9020,8690,0.03658536585365857,,74580,100625,0,83
SVR-HQ,P84,0,12612,0,0,12811,0,0,15316,0,0,16257,0,0,15092,0,16040,15519,0.03248129675810474,12520,12171,0.027875399361022346,13960,13550,0.02936962750716332,15440,14777,0.04294041450777197,15080,14652,0.0283819628647215,13680,13237,0.03238304093567257,14120,13690,0.030453257790368227,,100840,169684,0,153
SVR-KR,P84,0,1200,0,0,1123,0,0,1008,0,0,1090,0,0,1308,0,0,1427,0,0,976,0,0,1033,0,0,902,0,1017,1024,0,1889,1898,0,1604,1613,0,,4510,14602,0,1
SVR-BV,P85,0,672630,0,0,666929,0,0,820829,0,0,1026908,0,0,678139,0,0,662606,0,0,620900,0,0,685659,0,660268,660370,0,615118,615146,0,589588,589785,0,513545,513604,0,,2378519,8213505,0,1
SVR-CP,P85,0,5484,0,0,5611,0,0,5663,0,7500,7094,0.05413333333333337,7500,7033,0.06226666666666669,7520,7081,0.058377659574468055,5940,5683,0.04326599326599323,6560,6196,0.05548780487804883,6380,6051,0.051567398119122254,6800,6449,0.051617647058823546,6700,6329,0.05537313432835822,6080,5776,0.050000000000000044,,60980,74450,0,63
SVR-HQ,P85,0,5434,0,0,5234,0,0,5968,0,0,6697,0,0,6231,0,6400,6265,0.021093750000000022,5040,4878,0.03214285714285714,5480,5385,0.017335766423357657,6120,5928,0.03137254901960784,5800,5671,0.022241379310344866,5640,5517,0.021808510638297918,5560,5424,0.024460431654676262,,40040,68632,0,65
SVR-KR,P85,0,21399,0,0,20950,0,0,20901,0,0,26056,0,0,26326,0,0,29484,0,0,25921,0,0,29197,0,0,27210,0,27208,27195,0.0004778006468685314,27102,27091,0.00040587410523207357,22731,22722,0.00039593506664903355,,77041,304452,0,1
SVR-BV,P86,0,394663,0,0,363563,0,0,400909,0,0,490222,0,0,461517,0,0,452534,0,0,428828,0,0,442280,0,470219,469542,0.0014397546675060102,422080,421472,0.0014404852160727621,424000,423403,0.001408018867924521,396871,396239,0.0015924569948421174,,1713170,5145172,0,1
SVR-CP,P86,0,10385,0,0,10275,0,0,9786,0,13000,12225,0.059615384615384626,11300,10594,0.06247787610619471,11780,11065,0.060696095076400725,11580,10824,0.06528497409326428,11140,10523,0.055385996409335725,11160,10505,0.05869175627240142,11280,10634,0.057269503546099276,11000,10347,0.059363636363636396,10240,9547,0.06767578124999996,,102480,126710,0,85
SVR-HQ,P86,0,7374,0,0,6992,0,0,7656,0,0,8339,0,0,7721,0,0,8159,0,7116,6848,0.037661607644744244,7868,7571,0.037747839349262846,8690,8347,0.03947065592635213,8482,8124,0.04220702664465925,7992,7680,0.03903903903903905,8023,7715,0.038389629814283954,,48171,92526,0,42
SVR-KR,P86,0,11001,0,0,10852,0,0,10445,0,0,12404,0,0,14436,0,0,12527,0,0,12429,0,0,11697,0,0,12945,0,13914,13388,0.037803650998993854,11634,11196,0.03764827230531198,12014,11570,0.03695688363575833,,37562,144890,0,128
SVR-BV,P87,0,90766,0,0,84618,0,0,105264,0,0,134674,0,0,127192,0,0,129418,0,0,116834,0,0,129008,0,127825,127849,0,125811,125831,0,127624,127647,0,126383,126399,0,,507643,1425500,0,1
SVR-HQ,P87,0,18487,0,0,20002,0,0,19552,0,0,20644,0,0,25182,0,14520,21424,0,12400,18318,0,1400,21474,0,42305,21243,0.49786077295827913,22694,21831,0.03802767251255834,20986,20226,0.03621461926998948,19727,18931,0.040350788259745474,,134032,247314,0,245
SVR-KR,P87,0,17597,0,0,13247,0,0,3289,0,0,4377,0,0,5886,0,0,10371,0,0,3712,0,0,939,0,0,7569,0,2722,2685,0.013592946362968372,1310,1295,0.011450381679389277,0,9685,0,,4032,80652,0,8
SVR-CP,P87J,0,8280,0,0,8386,0,0,8329,0,0,10247,0,18685,17132,0.08311479796628307,20845,19099,0.08376109378747898,18265,16841,0.0779633178209691,20515,18981,0.07477455520350962,19611,18107,0.0766916526439243,19446,18352,0.05625835647433919,20565,19142,0.06919523462193045,20144,18683,0.07252779984114377,,158076,181579,0,62
SVR-BV,P88,0,2937,0,0,2029,0,0,3072,0,0,3393,0,0,5074,0,0,4487,0,0,5369,0,0,22588,0,62138,62126,0.00019311854259873584,64735,64781,0,62340,62386,0,53899,53937,0,,243112,292179,0,1
SVR-HQ,P88,0,7227,0,0,7212,0,0,6978,0,0,8491,0,0,9977,0,9109,8663,0.048962564496651706,8916,8494,0.04733064154329292,8365,7981,0.045905558876270125,9162,8741,0.04595066579349483,8954,8510,0.04958677685950408,8775,8370,0.0461538461538461,9215,8762,0.04915897992403695,,62496,99406,0,107
SVR-KR,P88,0,4928,0,0,5077,0,0,4693,0,0,6120,0,0,5585,0,0,5713,0,0,4535,0,0,5204,0,5066,4918,0.02921437031188312,5243,5075,0.03204272363150873,5093,4939,0.030237580993520474,4955,4801,0.03107971745711402,,20357,61588,0,56
SVR-CP,P88J,0,8143,0,0,8105,0,0,9064,0,0,10127,0,10269,10060,0.020352517285032623,11166,10727,0.03931578004656999,9308,9289,0.0020412548345509762,10372,10126,0.023717701504049393,10284,10048,0.02294826915597048,9331,9146,0.019826385167720506,9909,9681,0.02300938540720554,10049,9759,0.028858592894815405,,80688,114275,0,66
SVR-BV,P89,0,9837,0,0,9051,0,0,9412,0,0,9841,0,0,11670,0,0,11596,0,0,11065,0,0,11869,0,13032,13038,0,12142,12148,0,13078,13066,0.0009175714941122015,11466,11650,0,,49718,134243,0,1
SVR-HQ,P89,0,12538,0,0,13121,0,0,13362,0,0,15819,0,0,14376,0,17089,15225,0.10907601381005327,14126,12704,0.10066543961489449,14911,13285,0.10904701227281877,16099,14371,0.10733585937014722,18139,16142,0.11009427201058497,16181,14461,0.10629750942463378,14691,13059,0.11108842148254028,,111236,168463,0,187
SVR-KR,P89,0,31577,0,0,34128,0,0,30630,0,0,39304,0,0,37000,0,0,36857,0,0,29448,0,0,35141,0,33289,32388,0.027065997777043438,35091,34039,0.029979196945085662,33336,32405,0.02792776577873768,30330,29546,0.025848994394988445,,132046,402463,0,185
SVR-CP,P89J,0,30998,0,0,28755,0,0,30421,0,0,33996,0,39482,37872,0.040778076085304704,41152,37966,0.07742029548989116,34694,32975,0.04954747218539224,37838,35404,0.06432686717056924,37500,35515,0.05293333333333339,34275,32562,0.049978118161925655,36131,34279,0.05125792255957484,32690,30928,0.05390027531355157,,293762,401671,0,77
SVR-BV,P90,0,19616,0,0,19847,0,0,8487,0,0,20304,0,0,18641,0,0,1965,0,18791,13472,0.28306103985950726,18851,44951,0,21077,20715,0.017175119798832905,20291,19931,0.017741855995268785,21111,20741,0.017526408033726515,19349,19015,0.017261873998656307,,119470,227685,0,8
SVR-HQ,P90,0,6245,0,0,6139,0,0,5957,0,0,7220,0,0,6490,0,6563,6341,0.033825994209964905,6144,5963,0.02945963541666663,6936,6730,0.02970011534025374,6761,6548,0.03150421535275849,6925,6730,0.028158844765342916,6566,6366,0.030459945172098712,6115,5921,0.03172526573998369,,46010,76650,0,86
SVR-KR,P90,0,3579,0,0,5739,0,0,5734,0,0,6494,0,0,9085,0,0,7511,0,0,6440,0,0,6865,0,0,7209,0,0,7609,0,0,6818,0,0,6346,0,,0,79429,0,96
SVR-CP,P90J,0,25066,0,0,24135,0,0,22062,0,0,27454,0,30328,28464,0.06146135584278556,31258,28517,0.08768955147482249,27741,25516,0.08020619299953136,27690,25382,0.08335139039364392,28740,26334,0.0837160751565762,27801,25619,0.07848638538182084,26032,24045,0.07632913337430858,29025,25514,0.12096468561584839,,228615,308108,0,66
SVR-BV,P91,0,80982,0,0,89004,0,0,90204,0,0,110517,0,0,107905,0,0,114946,0,118400,108241,0.08580236486486481,111900,102084,0.08772117962466486,135300,122741,0.09282335550628229,118100,107304,0.0914140558848433,114500,104624,0.08625327510917036,115300,105439,0.08552471812662621,,713500,1243991,0,108
SVR-HQ,P91,0,5224,0,0,5359,0,0,5231,0,0,6357,0,0,5874,0,6240,5829,0.0658653846153846,5660,5308,0.06219081272084803,6340,5961,0.05977917981072556,5980,5615,0.06103678929765888,6260,5630,0.10063897763578278,6140,5741,0.06498371335504882,5500,5389,0.02018181818181819,,42120,67518,0,70
SVR-KR,P91,0,5156,0,0,5319,0,0,4547,0,0,5567,0,0,5679,0,0,5754,0,0,5308,0,0,5172,0,0,5368,0,5706,5318,0.06799859796705221,5625,5266,0.06382222222222222,11747,5055,0.5696773644334724,,23078,63509,0,57
SVR-CP,P91J,0,21847,0,0,22534,0,0,22052,0,0,25197,0,28551,26713,0.06437602886063531,30640,28408,0.07284595300261099,24733,23081,0.06679335301014844,26451,24628,0.06891988960719819,26281,24408,0.07126821658232185,24974,23256,0.06879154320493308,25925,24138,0.06892960462873676,25178,23466,0.06799586940980218,,212733,289728,0,140
SVR-BV,P92,0,43003,0,0,41245,0,0,40303,0,0,53048,0,0,54069,0,0,55067,0,46262,44964,0.02805758505901168,51203,49432,0.034587817120090625,12692,53538,0,0,50246,0,0,62175,0,0,59466,0,,110157,606556,0,180
SVR-HQ,P92,0,11915,0,0,12277,0,0,12128,0,0,15194,0,0,14436,0,14040,13662,0.02692307692307694,12910,12574,0.026026336173508913,14563,14168,0.02712353223923647,13823,13456,0.02654995297692253,14315,13918,0.027733147048550455,13371,13034,0.025203799267070504,11970,11660,0.02589807852965753,,94992,158422,0,106
SVR-KR,P92,0,1604,0,0,0,,0,0,,0,0,,0,1681,0,0,4081,0,0,3348,0,0,4107,0,3976,3970,0.0015090543259557165,1582,1580,0.0012642225031606058,1030,1028,0.001941747572815511,1014,1013,0.0009861932938856066,,7602,22412,0,1
SVR-CP,P92J,0,24593,0,0,26118,0,0,25214,0,0,27559,0,35439,31770,0.10353000931177514,35175,31530,0.10362473347547974,28668,26002,0.09299567461978508,31907,28983,0.09164133262293539,32813,29571,0.09880230396489198,30257,27481,0.09174736424629015,30748,27893,0.09285156758163138,29651,26327,0.11210414488550136,,254658,333041,0,176
SVR-BV,P93,0,140103,0,0,126247,0,0,150415,0,0,173078,0,0,128857,0,0,140659,0,142560,139712,0.019977553310886687,170560,165454,0.02993667917448406,163200,157313,0.03607230392156868,176640,169755,0.038977581521739135,188240,171231,0.09035805354866133,155200,154783,0.002686855670103072,,996400,1817607,0,94
SVR-HQ,P93,0,17791,0,0,18509,0,0,18502,0,0,22092,0,0,21742,0,23042,22162,0.03819112924225332,19563,18898,0.03399274139958086,22321,21543,0.03485506921732895,20877,20093,0.0375532883077071,21273,20439,0.03920462558172333,21065,20552,0.024353192499406595,18690,18068,0.033279828785446774,,146831,240391,0,110
SVR-KR,P93,0,721,0,0,8125,0,0,11088,0,0,12119,0,0,1774,0,0,0,,0,0,,0,0,,0,49,0,1711,1701,0.005844535359438963,3296,3319,0,2994,3017,0,,8001,41913,0,1
SVR-CP,P93J,0,27536,0,0,25333,0,0,24752,0,0,32473,0,36742,34560,0.059387077459038706,35979,33879,0.05836738097223382,4768,33002,0,0,29491,0,0,33036,0,0,31135,0,0,30432,0,0,31190,0,,77489,366819,0,148
SVR-BV,P94,0,165040,0,0,152864,0,0,159964,0,0,215084,0,0,224693,0,0,188085,0,169929,173020,0,167692,169594,0,208187,214084,0,197038,198754,0,225803,223481,0.010283300044729216,250447,240396,0.040132243548535174,,1219096,2325059,0,160
SVR-HQ,P94,0,13331,0,0,13375,0,0,14184,0,0,16655,0,0,14083,0,14240,13268,0.06825842696629214,12300,11550,0.060975609756097615,13860,12965,0.06457431457431462,13960,13077,0.06325214899713472,13980,13082,0.0642346208869814,13580,12718,0.06347569955817378,11660,10929,0.06269296740994856,,93580,159217,0,119
SVR-KR,P94,0,0,,0,0,,0,0,,0,0,,0,9835,0,0,6432,0,0,10049,0,0,13803,0,0,18575,0,14588,14591,0,12182,12176,0.0004925299622393631,12055,12063,0,,38825,97524,0,1
SVR-CP,P94J,0,9105,0,0,9026,0,0,9378,0,0,11206,0,11960,11724,0.019732441471571938,10666,10032,0.059441215075942244,9973,10363,0,10024,9938,0.00857940941739821,10391,10318,0.007025310364738746,10127,10061,0.006517231164214432,11270,11162,0.0095829636202307,9635,9557,0.008095485210171227,,84046,121870,0,49
SVR-BV,P95,0,917,0,0,820,0,0,905,0,0,1121,0,0,1288,0,0,1263,0,1357,1621,0,1344,1292,0.038690476190476164,1377,1391,0,1514,1492,0.014531043593130732,1327,1311,0.012057272042200418,1347,1330,0.012620638455827726,,8266,14751,0,17
SVR-CP,P95,0,8577,0,0,8398,0,0,7837,0,0,8877,0,10297,9838,0.04457609012333685,9826,9378,0.04559332383472425,8836,8471,0.04130828429153466,8308,7986,0.03875782378430426,8897,8521,0.04226143643924918,9375,8962,0.04405333333333339,9243,8844,0.043167802661473575,9227,8802,0.04606047469383334,,74009,104491,0,85
SVR-HQ,P95,0,6422,0,0,6573,0,0,6946,0,0,7605,0,0,6761,0,7058,6578,0.06800793425899687,6595,6178,0.06322971948445788,7300,6823,0.06534246575342462,7740,7221,0.0670542635658915,7362,6861,0.06805215973920131,7299,6817,0.06603644334840386,6439,6028,0.06382978723404253,,49793,80813,0,72
SVR-KR,P95,0,0,,0,0,,0,0,,0,0,,0,0,,0,0,,0,0,,0,0,,0,0,,0,0,,0,0,,51910,51950,0,,51910,51950,0,1
SVR-HQ,P95-1,0,6562,0,0,6806,0,0,6807,0,0,7971,0,0,7377,0,7680,6957,0.09414062499999998,6801,6212,0.08660491104249379,7421,6757,0.08947581188519071,7669,6993,0.08814708566957885,7870,7068,0.10190597204574336,8024,7283,0.09234795613160518,6913,6385,0.07637783885433247,,52378,83178,0,80
SVR-BV,P96,0,15978,0,0,16262,0,0,17646,0,0,19734,0,0,19785,0,0,19980,0,18534,17689,0.04559188518398616,20699,20304,0.019083047490216942,19360,18847,0.026497933884297553,19091,18563,0.02765701115708974,19797,18921,0.04424912865585695,17874,17178,0.03893924135615978,,115355,220887,0,126
SVR-CP,P96,0,7933,0,0,8011,0,0,7255,0,9183,8886,0.03234237177393007,10414,10058,0.034184751296331806,10290,9946,0.033430515063168076,9103,8802,0.0330660221904866,9127,8845,0.030897337569847694,9880,9553,0.03309716599190282,10347,10007,0.03285976611578234,9111,8816,0.03237844363955655,9416,9102,0.033347493627867486,,86871,107214,0,90
SVR-HQ,P96,0,3709,0,0,3830,0,0,3881,0,0,4642,0,0,4265,0,4326,4152,0.04022191400832176,3724,3590,0.03598281417830285,4466,4301,0.036945812807881784,4546,4371,0.038495380554333436,4468,4289,0.040062667860340184,4685,4493,0.040981856990394916,3971,3820,0.03802568622513225,,30186,49343,0,42
SVR-KR,P96,0,0,,0,0,,0,3757,0,0,22239,0,0,1481,0,0,37319,0,0,3775,0,0,8175,0,11341,11309,0.0028216206683714384,648,647,0.0015432098765432167,1704,1701,0.0017605633802817433,22965,22897,0.002961027650772885,,36658,113300,0,1
SVR-BV,P97,0,18797,0,0,19035,0,0,20644,0,0,22036,0,0,21833,0,0,22343,0,22331,20679,0.07397787828579105,23392,21672,0.07352941176470584,25592,23787,0.07052985307908721,23489,21312,0.09268168078675121,23688,21363,0.09815096251266464,22568,20366,0.09757178305565406,,141060,253867,0,76
SVR-CP,P97,0,23204,0,0,23446,0,0,22603,0,0,26319,0,30921,29012,0.06173797742634457,29543,27651,0.06404224350946075,25857,24348,0.058359438449936185,24367,23086,0.05257110025854639,24836,23542,0.0521017877274923,23603,22573,0.04363852052705164,25706,24109,0.06212557379600092,25253,23726,0.06046806320041187,,210086,293619,0,147
SVR-HQ,P97,0,7013,0,0,6778,0,0,6557,0,0,8210,0,0,8642,0,413,8020,0,376,7288,0,364,7030,0,406,7857,0,396,7639,0,402,7757,0,361,6977,0,,2718,89768,0,80
SVR-KR,P97,0,0,,0,0,,0,0,,0,0,,0,0,,0,0,,0,7269,0,0,5861,0,0,4735,0,3668,3665,0.0008178844056706547,2969,2968,0.0003368137420006745,3185,3183,0.0006279434850863241,,9822,27681,0,1
SVR-CP,P98,0,61303,0,0,57188,0,0,55694,0,0,63615,0,76646,72333,0.056271690629647986,78778,73676,0.06476427428977638,68507,64660,0.056154845490241856,65152,61363,0.05815631139489197,73467,69744,0.05067581363060969,69475,65675,0.054695933789132734,61435,58077,0.05465939610970949,67118,63563,0.05296641735451002,,560578,766891,0,299
SVR-HQ,P98,0,11707,0,0,11217,0,0,11068,0,0,13493,0,0,15376,0,14843,13932,0.06137573266859797,12945,12153,0.06118192352259555,13266,12488,0.05864616312377502,14131,13255,0.06199136649918624,14209,13319,0.06263635723837002,13835,12996,0.0606432959884351,12898,12111,0.061017211970848195,,96127,153115,0,197
SVR-KR,P98,0,0,,0,0,,0,0,,0,0,,0,0,,0,2027,0,0,3435,0,0,18057,0,25773,25776,0,28687,28691,0,30047,30050,0,27148,27153,0,,111655,135189,0,1
SVR-BV,P99,0,1547060,0,0,1540820,0,0,1627790,0,0,1585620,0,0,1631520,0,0,1619270,0,0,1863099,0,0,1971371,0,1899300,1898400,0.0004738587900805502,1881830,1880580,0.0006642470361297725,2110330,2108750,0.0007486980709178193,1766860,1766029,0.0004703258888649753,,7658320,21040309,0,1
SVR-CP,P99,0,1042,0,0,1155,0,0,1198,0,0,1442,0,0,1296,0,0,692,0,0,463,0,577,578,0,509,509,0,2,2,0,0,0,,0,0,,,1088,8377,0,1
SVR-HQ,P99,0,14870,0,0,14424,0,0,13860,0,0,16855,0,0,18854,0,17784,17190,0.0334008097165992,16160,15601,0.03459158415841579,16434,15954,0.029207740051113595,17723,17119,0.03408000902781694,17622,17039,0.033083645443195975,17555,16960,0.03389347764169748,16015,15456,0.0349047767717765,,119293,194182,0,166
SVR-KR,P99,0,0,,0,0,,0,0,,0,0,,0,0,,0,1468,0,0,964,0,0,970,0,1000,1016,0,1663,1672,0,2276,2290,0,1716,1730,0,,6655,10110,0,1
SVR-BV,PMT1,0,0,,0,0,,0,0,,0,0,,0,0,,0,0,,0,0,,0,0,,0,0,,0,0,,0,0,,0,0,,,0,0,,0
SVR-BV,PMT9,0,0,,0,0,,0,0,,0,0,,0,0,,0,0,,0,0,,0,0,,0,0,,0,0,,0,0,,0,0,,,0,0,,0
SVR-HQ,RH01,0,0,,0,0,,0,16140,0,0,4803,0,0,192,0,0,0,,0,0,,12728,12730,0,34777,34774,8.626391005550627e-05,29277,29275,6.83130102128171e-05,87209,87204,5.733353208958736e-05,0,0,,,163991,185118,0,1
SVR-HQ,RH02,0,179240,0,0,188503,0,0,180924,0,0,233719,0,0,198318,0,0,196425,0,0,165869,0,188049,188059,0,175925,175917,4.54739235469237e-05,188156,188159,0,189765,189766,0,160611,160623,0,,902506,2245522,0,1
SVR-HQ,RH03,0,9035,0,0,9679,0,0,9678,0,0,12820,0,0,10778,0,0,10291,0,0,8827,0,10020,10056,0,8850,8900,0,9930,9951,0,9540,9573,0,8010,8065,0,,46350,117653,0,1
SVR-HQ,RH04,0,40175,0,0,40143,0,0,36174,0,0,44707,0,0,7866,0,0,0,,0,0,,0,0,,0,0,,0,0,,0,0,,0,0,,,0,169065,0,0
SVR-HQ,RH05,0,18790,0,0,19326,0,0,18732,0,0,24821,0,0,20663,0,0,21223,0,0,18133,0,20815,20744,0.003411001681479675,18681,18586,0.005085380868261824,19612,19568,0.002243524372832928,19344,19282,0.0032051282051281937,18552,18480,0.0038809831824062613,,97004,238348,0,1
SVR-HQ,RH06,0,43651,0,0,47014,0,0,45132,0,0,54538,0,0,47610,0,0,45954,0,0,40185,0,44490,44609,0,40560,40704,0,39960,40082,0,40710,40820,0,33690,33770,0,,199410,524069,0,1
SVR-HQ,RH07,0,16038,0,0,15862,0,0,13974,0,0,16805,0,0,14511,0,0,14707,0,0,13102,0,14856,14825,0.0020866989768443256,13682,13651,0.0022657506212542255,13796,13766,0.002174543345897395,13849,13817,0.002310636147014211,12449,12420,0.002329504377861724,,68632,173478,0,1
SVR-HQ,RH08,0,19749,0,0,21146,0,0,20738,0,0,25357,0,0,21239,0,0,21017,0,0,18385,0,20978,20868,0.005243588521308018,19470,19368,0.005238828967642495,20659,20550,0.005276150830146653,20058,19950,0.00538438528268026,16856,16764,0.005457997152349292,,98021,245131,0,1
SVR-HQ,RH09,0,17552,0,0,18120,0,0,17883,0,0,22305,0,0,19152,0,0,19673,0,0,17371,0,20289,20136,0.007541032086352262,18989,18853,0.0071620411817368,23941,23760,0.007560252286871849,22214,22047,0.007517781579184257,20040,19892,0.007385229540918137,,105473,236744,0,1
SVR-HQ,RH10,0,11969,0,0,10618,0,0,14792,0,0,17078,0,0,13763,0,0,14671,0,0,12940,0,14401,14619,0,13841,14051,0,14528,14752,0,14442,14665,0,12895,13094,0,,70107,167012,0,1
SVR-HQ,RH11,0,4860,0,0,4983,0,0,4603,0,0,6538,0,0,5348,0,0,5330,0,0,4452,0,5188,5222,0,4626,4644,0,986,5176,0,4241,5260,0,1641,4240,0,,16682,60656,0,1
SVR-HQ,RH12,0,14025,0,0,14391,0,0,13784,0,0,18008,0,0,14713,0,0,16144,0,0,14323,0,16190,16212,0,15086,15104,0,16694,16715,0,16330,16350,0,14486,14503,0,,78786,184272,0,1
SVR-HQ,RH13,0,5747,0,0,5885,0,0,5641,0,0,7830,0,0,6427,0,0,6203,0,0,5153,0,5909,5962,0,5044,5088,0,5650,5703,0,5485,5538,0,4932,4976,0,,27020,70153,0,1
SVR-HQ,RH14,0,18424,0,0,12271,0,0,10140,0,0,18923,0,0,15029,0,0,12923,0,0,8791,0,8899,8884,0.0016855826497359505,4255,4247,0.0018801410105757643,4777,4769,0.0016746912288047033,5616,5600,0.002849002849002802,7867,7835,0.004067624253209612,,31414,127836,0,1
SVR-HQ,RH15,0,36727,0,0,22270,0,0,53527,0,0,18593,0,0,34273,0,0,33212,0,0,51190,0,37079,37106,0,43643,43669,0,41783,41812,0,53530,53566,0,41800,41830,0,,217835,467775,0,1
SVR-HQ,RH16,0,19864,0,0,20351,0,0,19684,0,0,25255,0,0,22714,0,0,22444,0,0,19087,0,21124,21110,0.000662753266426841,19597,19581,0.0008164514976781723,20024,20009,0.0007491010787055163,20396,20381,0.0007354383212394566,18278,18262,0.0008753692964219573,,99419,248742,0,1
SVR-HQ,RH17,0,8068,0,0,6747,0,0,7862,0,0,14647,0,0,8847,0,0,6849,0,0,5371,0,8384,8360,0.002862595419847347,5893,5874,0.00322416426268457,6074,6050,0.003951267698386607,7858,7829,0.0036905064902010842,13749,13711,0.0027638373699905294,,41958,100215,0,1
SVR-HQ,RH18,0,10046,0,0,10935,0,0,10700,0,0,13163,0,0,10942,0,0,11294,0,0,9849,0,11224,11276,0,10225,10268,0,11026,11072,0,11156,11211,0,10079,10121,0,,53710,130877,0,1
SVR-HQ,RH19,0,9907,0,0,9535,0,0,9748,0,0,11974,0,0,6462,0,0,11314,0,0,7004,0,7866,7865,0.0001271294177472848,7094,7094,0,7514,7513,0.00013308490817143248,7604,7603,0.00013150973172015856,6518,6517,0.00015342129487572187,,36596,102536,0,1
SVR-HQ,RH20,0,9231,0,0,9267,0,0,8845,0,0,11730,0,0,9362,0,0,9042,0,0,8210,0,6180,8808,0,7910,8163,0,8851,8888,0,8632,8668,0,8035,8061,0,,39608,108275,0,1
SVR-HQ,RH21,0,2583,0,0,0,,0,0,,0,0,,0,0,,0,0,,0,0,,0,0,,0,0,,0,0,,0,0,,0,0,,,0,2583,0,0
SVR-HQ,RH22,0,5679,0,0,6288,0,0,6359,0,0,7973,0,0,6775,0,0,6639,0,0,5690,0,6650,6599,0.0076691729323308255,5934,5889,0.007583417593528763,6154,6108,0.007474813129671798,6135,6096,0.006356968215158965,5236,5193,0.008212375859434684,,30109,75288,0,1
SVR-HQ,RH23,0,4847,0,0,4562,0,0,4207,0,0,4782,0,0,4301,0,0,5091,0,0,4426,0,3977,3983,0,4047,4053,0,3938,3945,0,3987,3993,0,4018,4028,0,,19967,52218,0,1
SVR-HQ,RH24,0,13135,0,0,11864,0,0,10287,0,0,13921,0,0,12786,0,0,11278,0,0,9593,0,10751,10731,0.0018602920658543631,10111,10089,0.0021758480862427154,10468,10446,0.0021016431027894855,10297,10266,0.0030105856074584825,9350,9332,0.0019251336898395977,,50977,133728,0,1
SVR-HQ,RH25,0,9363,0,0,9024,0,0,7570,0,0,9312,0,0,7973,0,0,7896,0,0,7039,0,7773,7731,0.005403319181783051,7069,7037,0.004526807186306381,7195,7154,0.0056984016678248706,7434,7389,0.006053268765133124,6731,6699,0.004754122715792564,,36202,94187,0,1
SVR-HQ,RH26,0,13355,0,0,13591,0,0,13182,0,0,16514,0,0,16047,0,0,16394,0,0,14793,0,16204,16223,0,15073,15086,0,15347,15365,0,14949,14964,0,14480,14489,0,,76053,180003,0,1
SVR-HQ,RH27,0,18348,0,0,19108,0,0,18794,0,0,24310,0,0,19514,0,0,19659,0,0,17661,0,19897,19902,0,0,18414,0,0,21675,0,0,20978,0,0,17053,0,,19897,235416,0,1
SVR-HQ,RH28,0,8043,0,0,8327,0,0,8730,0,0,10989,0,0,9572,0,0,9177,0,0,8500,0,944,9196,0,8380,8600,0,8818,8828,0,8896,8904,0,8266,8275,0,,35304,107141,0,1
SVR-HQ,RH29,0,3895,0,0,4071,0,0,1892,0,0,2431,0,0,2061,0,0,2184,0,0,1821,0,2055,2056,0,1973,1975,0,0,0,,0,0,,0,0,,,4028,22386,0,0
SVR-HQ,RH30,0,6858,0,0,6759,0,0,6495,0,0,7778,0,0,6923,0,0,6935,0,0,6358,0,6799,6805,0,6759,6765,0,6698,6706,0,6666,6666,0,6316,6321,0,,33238,81369,0,1
SVR-HQ,RH31,0,13983,0,0,13932,0,0,8706,0,0,12528,0,0,10900,0,0,11037,0,0,9201,0,9573,9680,0,9121,9227,0,7937,8030,0,5037,5084,0,6854,6939,0,,38522,119247,0,1
SVR-HQ,RH32,0,8473,0,0,9519,0,0,6655,0,0,8651,0,0,6342,0,0,6355,0,0,5569,0,6156,6115,0.0066601689408707365,5507,5472,0.006355547485019097,5284,5253,0.005866767600302802,5306,5267,0.0073501696192989074,5857,5818,0.006658698992658363,,28110,79489,0,1
SVR-HQ,RH33,0,8884,0,0,9666,0,0,9219,0,0,11647,0,0,9561,0,0,9300,0,0,8309,0,9542,9573,0,8549,8577,0,8334,8361,0,8652,8680,0,7758,7784,0,,42835,109561,0,1
SVR-HQ,RH34,0,10385,0,0,11466,0,0,10344,0,0,13042,0,0,10769,0,0,11995,0,0,9386,0,10145,10195,0,9555,9600,0,0,0,,0,0,,1,0,1,,19701,97182,0,0
SVR-HQ,RH35,0,11644,0,0,11824,0,0,5958,0,0,7863,0,0,6881,0,0,6972,0,0,5855,0,5920,5940,0,5820,5836,0,0,0,,0,0,,0,0,,,11740,68773,0,0
SVR-HQ,RH36,0,3386,0,0,3393,0,0,3118,0,0,4178,0,0,3344,0,0,3222,0,0,2635,0,3273,3271,0.0006110601894286916,2920,2916,0.00136986301369868,3264,3263,0.00030637254901966227,3259,3256,0.0009205277692543312,2787,2785,0.0007176175098672077,,15503,38767,0,1
SVR-HQ,RH37,0,7005,0,0,7184,0,0,6831,0,0,8721,0,0,7158,0,0,7955,0,0,6615,0,7682,7644,0.004946628482166093,6237,6217,0.0032066698733365095,6401,6380,0.0032807373847836274,6273,6252,0.0033476805356288386,5713,5705,0.0014003150708910006,,32306,83667,0,1
SVR-HQ,RH38,0,4429,0,0,4668,0,0,4618,0,0,5865,0,0,4343,0,0,4918,0,0,4744,0,5297,5341,0,4544,4593,0,4850,4895,0,4649,4684,0,4611,4647,0,,23951,57745,0,1
SVR-HQ,RH39,0,4188,0,0,4553,0,0,4550,0,0,6071,0,0,4828,0,0,4701,0,0,4186,0,4691,4691,0,4229,4224,0.0011823126034523623,4939,4944,0,4588,4581,0.0015257192676547682,3865,3869,0,,22312,55386,0,1
SVR-HQ,RH40,0,4400,0,0,4282,0,0,4485,0,0,6075,0,0,5311,0,0,5103,0,0,4570,0,5026,5058,0,4646,4613,0.007102884201463655,5058,5145,0,5016,5041,0,4203,4231,0,,23949,58314,0,1
SVR-HQ,RH41,0,12070,0,0,12845,0,0,11670,0,0,13704,0,0,10700,0,0,7620,0,0,5399,0,6032,6071,0,5419,5452,0,6311,6353,0,6262,6302,0,5238,5271,0,,29262,103457,0,1
SVR-HQ,RH42,0,3447,0,0,3573,0,0,3544,0,0,4550,0,0,3806,0,0,3755,0,0,3353,0,3793,3798,0,3302,3309,0,3404,3410,0,3433,3439,0,3097,3102,0,,17029,43086,0,1
SVR-HQ,RH43,0,1566,0,0,1799,0,0,1785,0,0,2254,0,0,1796,0,0,1601,0,0,1390,0,1823,1737,0.0471749862863412,1630,1556,0.04539877300613493,1694,1612,0.04840613931523019,1832,1755,0.04203056768558955,1638,1566,0.04395604395604391,,8617,20417,0,1
SVR-HQ,RH44,0,3271,0,0,3579,0,0,3390,0,0,4584,0,0,3529,0,0,3342,0,0,2784,0,3358,3365,0,2995,3006,0,3259,3272,0,3387,3402,0,3030,3042,0,,16029,40566,0,1
SVR-HQ,RH45,0,2236,0,0,2331,0,0,2270,0,0,3140,0,0,2688,0,0,2785,0,0,2531,0,2834,2852,0,2410,2425,0,1800,2380,0,1955,2220,0,2039,2049,0,,11038,29907,0,1
SVR-HQ,RH46,0,3428,0,0,2695,0,0,1378,0,0,2094,0,0,1942,0,0,2023,0,0,1497,0,1376,1379,0,1320,1324,0,1408,1412,0,1376,1379,0,1786,1791,0,,7266,22342,0,1
SVR-HQ,RH47,0,1499,0,0,1892,0,0,1980,0,0,2709,0,0,2106,0,0,2350,0,0,2138,0,2010,2013,0,1753,1756,0,1832,1834,0,1900,1903,0,1616,1618,0,,9111,23798,0,1
SVR-HQ,RH48,0,1118,0,0,1276,0,0,1214,0,0,1641,0,0,1380,0,0,1582,0,0,1178,0,1224,1224,0,1124,1124,0,0,0,,0,0,,0,0,,,2348,11737,0,0
SVR-HQ,RH49,0,9399,0,0,10637,0,0,7800,0,0,9656,0,0,8378,0,0,8205,0,0,6926,0,8047,8032,0.00186404871380641,7050,7036,0.001985815602836838,7753,7738,0.001934734941313021,7691,7677,0.0018203094526069163,6496,6488,0.0012315270935960854,,37037,97972,0,1
SVR-HQ,RH50,0,3725,0,0,4397,0,0,3905,0,0,4951,0,0,3555,0,0,3410,0,0,3020,0,3435,3438,0,2892,2897,0,3172,3177,0,3084,3090,0,2780,2785,0,,15363,42350,0,1
SVR-HQ,RH51,0,9332,0,0,9613,0,0,9487,0,0,11870,0,0,10145,0,0,10389,0,0,9784,0,10617,10609,0.000753508524065194,10284,10277,0.0006806690003889893,9566,9562,0.00041814760610492385,9831,9829,0.00020343810395684336,8948,8946,0.0002235136343317068,,49246,119843,0,1
SVR-HQ,RH52,0,12586,0,0,12835,0,0,13136,0,0,16286,0,0,14525,0,0,14757,0,0,13068,0,14303,14248,0.0038453471299727537,13558,13494,0.004720460244873825,14254,14186,0.004770590711379308,14171,14113,0.004092865711664673,12333,12287,0.0037298305359604322,,68619,165521,0,1
SVR-HQ,RH53,0,5909,0,0,5072,0,0,4607,0,0,7342,0,0,6804,0,0,6045,0,0,5490,0,7516,7483,0.004390633315593417,7498,7466,0.0042678047479327574,7405,7372,0.004456448345712349,7269,7239,0.004127115146512539,6759,6731,0.0041426246486166995,,36447,77560,0,1
SVR-HQ,RH54,0,7814,0,0,7809,0,0,7001,0,0,9353,0,0,8099,0,0,8212,0,0,7874,0,10637,10581,0.005264642286358923,10617,10556,0.005745502495997035,10419,10358,0.005854688549764897,10405,10346,0.005670350792888024,9291,9237,0.005812076202776906,,51369,107240,0,1
SVR-HQ,RH55,0,3791,0,0,4747,0,0,3397,0,0,4512,0,0,3974,0,0,4617,0,0,3093,0,3227,3214,0.004028509451502904,2921,2911,0.003423485107839741,2921,2912,0.003081136597055778,3035,3026,0.0029654036243822457,2984,2973,0.003686327077747964,,15088,43167,0,1
SVR-HQ,RH56,0,3515,0,0,3615,0,0,3013,0,0,3830,0,0,3248,0,0,5131,0,0,4070,0,3447,3432,0.00435161009573537,2743,2732,0.004010207801677046,3047,3034,0.00426649163111259,3142,3130,0.003819223424570306,2877,2866,0.00382342718109141,,15256,41616,0,1
SVR-HQ,RH57,0,659,0,0,627,0,0,576,0,0,648,0,0,606,0,0,623,0,0,526,0,549,553,0,423,424,0,446,449,0,443,446,0,376,377,0,,2237,6514,0,1
SVR-HQ,RH58,0,2170,0,0,2285,0,0,2195,0,0,2891,0,0,2356,0,0,2353,0,0,2175,0,2285,2292,0,2209,2217,0,2499,2509,0,2445,2453,0,2076,2083,0,,11514,27979,0,1
SVR-HQ,RH59,0,8217,0,0,8677,0,0,6108,0,0,8718,0,0,7517,0,0,7593,0,0,6755,0,9677,9633,0.004546863697426851,9180,9137,0.004684095860566395,8866,8848,0.002030227836679499,8333,8319,0.0016800672026880958,8277,8263,0.0016914340944786943,,44333,97785,0,1
SVR-HQ,RH60,0,348,0,0,0,,0,0,,0,3760,0,0,2602,0,0,2220,0,0,1941,0,2340,2344,0,2057,2058,0,2074,2078,0,2030,2032,0,1891,1894,0,,10392,21277,0,1
SVR-HQ,RH61,0,1098,0,0,0,,0,0,,0,1925,0,0,935,0,0,805,0,0,655,0,818,820,0,831,832,0,844,845,0,896,897,0,724,724,0,,4113,9536,0,1
SVR-HQ,RH62,0,5661,0,0,4747,0,0,4186,0,0,6896,0,0,5403,0,0,5217,0,0,3785,0,5784,5787,0,4000,4005,0,4253,4255,0,5456,5457,0,7824,7828,0,,27317,63227,0,1
SVR-HQ,RH63,0,2851,0,0,3026,0,0,3001,0,0,3947,0,0,3342,0,0,3230,0,0,2903,0,4036,3424,0.15163528245787905,4138,3246,0.2155630739487675,4679,3613,0.2278264586450096,4675,3591,0.23187165775401064,4400,3371,0.23386363636363638,,21928,39545,0,1
SVR-HQ,RH64,0,2782,0,0,3019,0,0,3013,0,0,3980,0,0,3215,0,0,3146,0,0,2645,0,3153,3139,0.004440215667618097,2756,2690,0.02394775036284469,3082,3079,0.0009733939000649006,3029,3021,0.002641135688346008,2733,2706,0.009879253567508184,,14753,36435,0,1
SVR-HQ,RH65,0,1568,0,0,1578,0,0,1500,0,0,2248,0,0,1631,0,0,2293,0,0,1500,0,2211,1589,0.2813206693803709,1951,1417,0.27370579190158895,2319,1711,0.26218197498921947,2336,1678,0.2816780821917808,2087,1538,0.26305701964542405,,10904,20251,0,1
SVR-HQ,RH66,0,0,,0,0,,0,0,,0,957,0,0,526,0,0,621,0,0,692,0,786,789,0,821,824,0,921,923,0,800,802,0,790,790,0,,4118,6924,0,1
SVR-HQ,RH67,0,0,,0,0,,0,0,,0,0,,0,0,,0,0,,0,0,,0,0,,0,0,,0,0,,0,0,,0,0,,,0,0,,0
SVR-HQ,RH68,0,0,,0,0,,0,0,,0,0,,0,0,,0,0,,0,0,,0,0,,0,0,,0,0,,0,0,,0,0,,,0,0,,0
SVR-HQ,RH69,0,0,,0,0,,0,0,,0,0,,0,0,,0,0,,0,0,,0,0,,0,0,,0,0,,0,0,,0,0,,,0,0,,0
SVR-HQ,RH70,0,0,,0,0,,0,0,,0,0,,0,0,,0,0,,0,0,,0,0,,0,0,,0,0,,0,0,,0,0,,,0,0,,0
SVR-HQ,RH71,0,3379,0,0,3142,0,0,2657,0,0,3672,0,0,3462,0,0,3366,0,0,3149,0,1687,1670,0.010077059869590954,0,0,,0,0,,0,0,,0,0,,,1687,24497,0,0
SVR-HQ,RH72,0,3270,0,0,4074,0,0,3518,0,0,4571,0,0,3871,0,0,3978,0,0,3604,0,1804,1828,0,0,0,,0,0,,0,0,,0,0,,,1804,28714,0,0
SVR-HQ,RH73,0,5417,0,0,4773,0,0,2779,0,0,3395,0,0,3531,0,0,3832,0,0,3034,0,1479,1482,0,0,0,,0,0,,0,0,,0,0,,,1479,28243,0,0
SVR-HQ,RH74,0,3229,0,0,3438,0,0,3288,0,0,4527,0,0,3478,0,0,3394,0,0,2919,0,3480,3432,0.01379310344827589,3355,3308,0.014008941877794334,3654,3605,0.013409961685823757,3621,3571,0.013808340237503436,3164,3120,0.013906447534766109,,17274,41309,0,1
SVR-HQ,RH75,0,9797,0,0,7403,0,0,4762,0,0,6573,0,0,6129,0,0,7406,0,0,5847,0,5349,5354,0,4881,4883,0,4266,4269,0,4377,4381,0,5505,5508,0,,24378,72312,0,1
SVR-HQ,RH76,0,6345,0,0,4949,0,0,3275,0,0,4512,0,0,4655,0,0,5082,0,0,4127,0,3981,3986,0,3941,3946,0,3934,3939,0,3999,4004,0,4012,4016,0,,19867,52836,0,1
SVR-HQ,RH77,0,2734,0,0,3400,0,0,2266,0,0,2731,0,0,2444,0,0,2725,0,0,2020,0,2177,2182,0,2124,2128,0,1957,1961,0,1916,1921,0,1846,1849,0,,10020,28361,0,1
SVR-HQ,RH78,0,2175,0,0,2165,0,0,1077,0,0,1460,0,0,1956,0,0,2151,0,0,1334,0,1408,1406,0.0014204545454545858,1217,1216,0.0008216926869351049,1410,1409,0.0007092198581559739,1329,1326,0.0022573363431150906,1144,1141,0.002622377622377603,,6508,18816,0,1
SVR-HQ,RH79,0,81962,0,0,89371,0,0,87366,0,0,156869,0,0,175356,0,0,196566,0,0,163594,0,136282,136207,0.0005503294639057632,148175,148092,0.0005601484730892725,112681,112938,0,107648,174291,0,165064,165879,0,,669850,1688491,0,1
SVR-HQ,RH80,0,37996,0,0,41391,0,0,40135,0,0,53027,0,0,43870,0,0,40645,0,0,36381,0,43308,43424,0,38907,39082,0,40263,40391,0,40437,40566,0,38863,38975,0,,201778,495883,0,1
SVR-HQ,RH81,0,0,,0,0,,0,0,,0,1211,0,0,2243,0,0,5676,0,0,5304,0,6159,6087,0.011690209449585987,5458,5392,0.012092341517039196,5733,5661,0.012558869701726816,5963,5889,0.012409860808317963,4792,4732,0.012520868113522488,,28105,42195,0,1
SVR-HQ,RH82,0,0,,0,0,,0,0,,0,0,,0,0,,0,0,,0,0,,0,0,,7494,7389,0.014011208967173783,4175,4115,0.014371257485029987,5217,5144,0.01399271612037567,10310,10169,0.013676042677012612,,27196,26817,0.013935872922488546,1
SVR-HQ,RH83,0,0,,0,0,,0,0,,0,0,,0,0,,0,0,,0,0,,0,0,,0,0,,716,705,0.015363128491620137,3664,3608,0.015283842794759805,3601,3546,0.015273535129130766,,7981,7859,0.015286304974314047,1
SVR-HQ,RH84,0,0,,0,0,,0,0,,0,0,,0,0,,0,0,,0,0,,0,0,,1501,1508,0,1726,1735,0,1553,1562,0,4285,4296,0,,9065,9101,0,1
SVR-HQ,RH85,0,0,,0,0,,0,0,,0,0,,0,0,,0,0,,0,0,,0,0,,0,0,,1427,1426,0.0007007708479327412,1066,1066,0,954,952,0.002096436058700246,,3447,3444,0.0008703220191470518,1
SVR-HQ,RH86,0,0,,0,0,,0,0,,0,0,,0,0,,0,0,,0,0,,0,0,,632,632,0,1165,1166,0,1448,1449,0,1365,1366,0,,4610,4613,0,1
SVR-HQ,RH87,0,0,,0,0,,0,0,,0,0,,0,0,,0,0,,0,0,,0,0,,15140,15080,0.003963011889035695,57120,57140,0,99340,99440,0,87360,87470,0,,258960,259130,0,1
SVR-BV,TSSP,0,3240,0,0,3300,0,0,3040,0,0,3100,0,0,2700,0,0,2950,0,0,1030,0,0,2250,0,0,3310,0,3200,3200,0,3200,3200,0,180,180,0,,6580,31500,0,1
