Unnamed: 0,Unnamed: 1,January,Unnamed: 3,Unnamed: 4,February,Unnamed: 6,Unnamed: 7,March,Unnamed: 9,Unnamed: 10,April,Unnamed: 12,Unnamed: 13,May,Unnamed: 15,Unnamed: 16,June,Unnamed: 18,Unnamed: 19,July,Unnamed: 21,Unnamed: 22,August,Unnamed: 24,Unnamed: 25,September,Unnamed: 27,Unnamed: 28,October,Unnamed: 30,Unnamed: 31,November,Unnamed: 33,Unnamed: 34,December,Unnamed: 36,Unnamed: 37,Unnamed: 38,Accumulate for Year 2024,Unnamed: 40,Unnamed: 41,Unnamed: 42
Region,Cabin,Total kWh,Sales kWh,Losses,Total kWh,Sales kWh,Losses,Total kWh,Sales kWh,Losses,Total kWh,Sales kWh,Losses,Total kWh,Sales kWh,Losses,Total kWh,Sales kWh,Losses,Total kWh,Sales kWh,Losses,Total kWh,Sales kWh,Losses,Total kWh,Sales kWh,Losses,Total kWh,Sales kWh,Losses,Total kWh,Sales kWh,Losses,Total kWh,Sales kWh,Losses,,Total kWh,Sales kWh,Losses,Consumer
TBK-MM,,0,0,,0,0,,0,0,,0,0,,0,0,,0,0,,0,0,,0,0,,0,0,,0,0,,0,0,,,,,,0,0,,0
TBK-PK,12,0,0,,0,0,,0,0,,0,0,,0,0,,0,0,,0,0,,0,0,,0,0,,0,0,,0,0,,,,,,0,0,,0
TBK-PK,18,0,0,,0,0,,0,0,,0,0,,0,0,,0,0,,0,0,,0,0,,0,0,,0,0,,0,0,,,,,,0,0,,0
TBK-PK,19,0,0,,0,0,,0,0,,0,0,,0,0,,0,0,,0,0,,0,0,,0,0,,0,0,,0,0,,,,,,0,0,,0
TBK-MM,01A,0,0,,0,0,,0,0,,0,0,,0,0,,0,0,,0,0,,0,0,,0,0,,0,0,,0,0,,,,,,0,0,,0
TBK-MM,023A,0,0,,0,0,,0,0,,0,0,,0,0,,0,0,,0,0,,0,0,,0,0,,0,0,,0,0,,,,,,0,0,,0
TBK-MM,043C,0,0,,0,0,,0,0,,0,0,,0,0,,0,0,,0,0,,0,0,,0,0,,0,0,,0,0,,,,,,0,0,,0
TBK-PK,64,0,0,,0,0,,0,0,,0,0,,0,0,,0,0,,0,0,,0,0,,0,0,,0,0,,0,0,,,,,,0,0,,0
TBK-MM,102A,0,0,,0,0,,0,0,,0,0,,0,0,,0,0,,0,0,,0,0,,0,0,,0,0,,0,0,,,,,,0,0,,0
TBK-PK,190,0,0,,0,0,,0,0,,0,0,,0,0,,0,0,,0,0,,0,0,,0,0,,0,0,,0,0,,,,,,0,0,,0
TBK-PK,309,0,0,,0,0,,0,0,,0,0,,0,0,,0,0,,0,0,,0,0,,0,0,,0,0,,0,0,,,,,,0,0,,0
TBK-MM,325A,0,0,,0,0,,0,0,,0,0,,0,0,,0,0,,0,0,,0,0,,0,0,,0,0,,0,0,,,,,,0,0,,0
TBK-MM,328,0,0,,0,0,,0,0,,0,0,,0,0,,0,0,,0,0,,0,0,,0,0,,0,0,,0,0,,,,,,0,0,,0
TBK-MM,355A,0,0,,0,0,,0,0,,0,0,,0,0,,0,0,,0,0,,0,0,,0,0,,0,0,,0,0,,,,,,0,0,,0
TBK-MM,358C,0,0,,0,0,,0,0,,0,0,,0,0,,0,0,,0,0,,0,0,,0,0,,0,0,,0,0,,,,,,0,0,,0
TBK-MM,D56,0,0,,0,0,,0,0,,0,0,,0,0,,0,0,,0,0,,0,0,,0,0,,0,0,,0,0,,,,,,0,0,,0
TBK-PK,FR,0,0,,0,0,,0,0,,0,0,,0,0,,0,0,,0,0,,0,0,,0,0,,0,0,,0,0,,,,,,0,0,,0
TBK-PK,K.MV01,0,381540,0,0,383750,0,0,390000,0,0,471592,0,0,460396,0,459811,459954,0,432545,432720,0,496332,496448,0,460700,460897,0,461656,461835,0,472741,472938,0,,,,,2783785,4872070,0,1
TBK-PK,K.MV02,0,40294,0,0,38044,0,0,18380,0,0,10976,0,0,18588,0,15836,17035,0,9552,14586,0,31730,36106,0,42031,42047,0,36180,36193,0,46214,46256,0,,,,,181543,318505,0,1
TBK-PK,K.MV03,0,91630,0,0,68796,0,0,42511,0,0,34128,0,0,45268,0,82172,82167,6.084797741323644e-05,71743,71731,0.00016726370516984002,81280,81286,0,67855,67850,7.36865374696416e-05,65067,65067,0,82096,82098,0,,,,,450213,732532,0,1
TBK-PK,K.MV04,0,27978,0,0,37183,0,0,65445,0,0,73264,0,0,88947,0,92671,92698,0,86515,86540,0,115901,115936,0,131664,131702,0,140392,140435,0,153959,154004,0,,,,,721102,1014132,0,1
TBK-PK,K.MV05,0,154259,0,0,163961,0,0,161355,0,0,189711,0,0,183820,0,179178,178926,0.0014064226634966648,160503,160276,0.0014143037824838611,181252,181010,0.0013351576810186616,169809,169614,0.001148349027436657,154653,154422,0.0014936664662179577,165427,165190,0.0014326560960423729,,,,,1010822,1862544,0,1
TBK-PK,K.MV06,0,76778,0,0,79597,0,0,80960,0,0,94517,0,0,90773,0,82790,83197,0,61400,61727,0,69839,70216,0,71500,71870,0,73638,74015,0,111719,112245,0,,,,,470886,895895,0,1
TBK-PK,K.MV07,0,46758,0,0,65118,0,0,121761,0,0,169998,0,0,167515,0,173825,174147,0,164534,164822,0,233458,233925,0,237678,238171,0,241352,241865,0,268572,269099,0,,,,,1319419,1893179,0,1
TBK-PK,K.MV08,0,0,,0,0,,0,0,,0,0,,0,0,,0,0,,0,0,,0,0,,0,0,,0,0,,0,0,,,,,,0,0,,1
TBK-PK,K.MV09,0,189739,0,0,201576,0,0,186598,0,0,297941,0,0,253870,0,213161,216448,0,190253,193236,0,223066,226490,0,200676,203763,0,211919,215163,0,210857,214095,0,,,,,1249932,2398919,0,1
TBK-PK,K.MV10,0,3909,0,0,4211,0,0,4866,0,0,5400,0,0,5553,0,4047,4046,0.00024709661477639866,4318,4318,0,5994,5993,0.00016683350016688525,4743,4742,0.00021083702298119178,3397,3397,0,4876,4874,0.00041017227235440323,,,,,27375,51309,0,1
TBK-PK,K.MV11,0,77422,0,0,86623,0,0,70759,0,0,60589,0,0,79730,0,101763,101597,0.001631241217338375,82133,82017,0.0014123433942507813,63121,62965,0.002471443735048595,90979,90846,0.0014618758174963498,48340,48238,0.00211005378568474,59180,59079,0.0017066576546130863,,,,,445516,819865,0,1
TBK-PK,K.MV12,0,38091,0,0,34687,0,0,43148,0,0,26112,0,0,39260,0,40075,40043,0.0007985028072364786,28230,28213,0.0006021962451292495,44337,44302,0.0007894083947944663,33231,33207,0.000722217206824971,28919,28896,0.0007953248729208884,42597,42567,0.0007042749489400979,,,,,217389,398526,0,1
TBK-PK,K.MV13,0,0,,0,2,0,0,0,,0,0,,0,0,,0,0,,0,0,,0,0,,0,0,,0,0,,0,0,,,,,,0,2,0,1
TBK-PK,K.MV14,0,44083,0,0,50791,0,0,59640,0,0,50007,0,0,48903,0,51592,51578,0.0002713599007597711,40262,40259,7.45119467487898e-05,32779,32775,0.00012202934805816135,75065,75051,0.00018650502897488153,66080,66069,0.00016646489104110707,77109,77088,0.00027234174999024585,,,,,342887,596244,0,1
TBK-PK,K.MV15,0,31575,0,0,29754,0,0,33942,0,0,45247,0,0,47842,0,46805,47590,0,42227,42916,0,52658,53425,0,53502,54370,0,54314,55143,0,60904,61787,0,,,,,310410,503591,0,1
TBK-PK,K.MV16,0,32015,0,0,14965,0,0,14509,0,0,24126,0,0,16652,0,0,8869,0,5654,5655,0,13897,13900,0,5152,5152,0,6132,6134,0,11185,11188,0,,,,,42020,153165,0,1
TBK-PK,K.MV17,0,964081,0,0,982680,0,0,1022628,0,0,1273543,0,0,1214553,0,1221526,1221635,0,1161586,1161670,0,1322855,1322979,0,1249772,1249838,0,1216516,1216608,0,1475170,1475198,0,,,,,7647425,13105413,0,1
TBK-PK,K.MV18,0,170011,0,0,187715,0,0,185997,0,0,272138,0,0,211408,0,206930,210043,0,191118,194000,0,216782,219907,0,188928,191755,0,208234,211307,0,204172,207155,0,,,,,1216164,2261436,0,1
TBK-PK,K.MV19,0,0,,0,0,,0,8310,0,0,54770,0,0,86930,0,99820,99970,0,114480,114660,0,168210,167990,0.0013078889483383316,339150,339610,0,712560,714190,0,868720,870720,0,,,,,2302940,2457150,0,1
TBK-PK,K.MV20,0,0,,0,0,,0,0,,0,0,,0,0,,0,0,,0,0,,46100,46100,0,200930,200960,0,539980,540080,0,666870,666730,0.00020993596952934013,,,,,1453880,1453870,6.878146752153924e-06,1
TBK-PK,K.MV21,0,0,,0,0,,0,0,,0,0,,0,0,,0,0,,0,0,,949,962,0,3597,3614,0,13238,13255,0,14511,14530,0,,,,,32295,32361,0,1
TBK-PK,K.P001,0,91689,0,0,91857,0,0,89753,0,0,101523,0,111410,105807,0.050291715285880945,101401,97593,0.037553870277413415,94640,90892,0.039602704987320325,94116,90501,0.038410047175825524,99750,95347,0.044140350877193035,89212,86027,0.035701475137873806,92428,88657,0.04079932487990656,,,,,682957,1029646,0,269
TBK-PK,K.P002,0,765,0,0,822,0,0,759,0,0,900,0,0,397,0,51,54,0,92,94,0,128,129,0,65,67,0,134,136,0,182,184,0,,,,,652,4307,0,1
TBK-PK,K.P003,0,4448,0,0,4453,0,0,4488,0,0,5447,0,3354,3278,0.022659511031604018,3267,3196,0.021732476277930846,1874,1828,0.0245464247598719,2963,2898,0.021937225784677716,2140,2089,0.023831775700934532,2136,2085,0.023876404494381998,2850,2784,0.023157894736842155,,,,,18584,36994,0,25
TBK-PK,K.P004,0,167240,0,0,165069,0,0,168427,0,0,196386,0,233292,215935,0.07440032234281502,213684,198572,0.07072125194212009,190888,184208,0.03499434223209419,186485,179735,0.036195940692280826,202978,194941,0.03959542413463524,189777,182006,0.04094806009158114,189155,182570,0.0348127197272079,,,,,1406259,2035089,0,984
TBK-PK,K.P005,0,88511,0,0,85846,0,0,92135,0,0,109246,0,112931,109412,0.03116062020171606,111056,107935,0.028102939057772613,101550,99683,0.018385032003938928,108311,105510,0.02586071590143202,105274,102388,0.027414176339837004,94163,91759,0.025530197636014162,100193,97787,0.024013653648458422,,,,,733478,1090212,0,177
TBK-PK,K.P006,0,42738,0,0,43268,0,0,44135,0,0,52716,0,60140,58765,0.022863318922514142,53533,52300,0.02303252199577832,47820,46664,0.0241739857800084,49058,47756,0.026540013861143907,51286,49902,0.026985922083999525,45821,44511,0.02858951135942034,49388,47964,0.028832914878108018,,,,,357046,530719,0,314
TBK-PK,K.P007,0,62423,0,0,59859,0,0,60057,0,0,75042,0,0,81081,0,77104,77074,0.0003890848723802076,66923,66924,0,79780,79745,0.0004387064427174847,79576,79494,0.0010304614456619898,88732,88615,0.001318577288914935,104114,103969,0.0013927041512188376,,,,,496229,834283,0,1
TBK-PK,K.P008,0,46760,0,0,50674,0,0,43679,0,0,30911,0,35448,33665,0.05029902956443244,30904,29559,0.04352187419104325,28928,28409,0.017941095132743334,30974,30048,0.029896041841544485,35105,34805,0.008545791197835051,31707,31473,0.0073800738007380184,34454,34158,0.008591165031636372,,,,,227520,394141,0,21
TBK-PK,K.P009,0,22418,0,0,18512,0,0,25866,0,0,29525,0,28543,29328,0,19653,27928,0,20430,25001,0,30785,29300,0.04823777813870389,28927,27601,0.04583952708542194,37828,35336,0.06587712805329382,29237,24437,0.16417553100523308,,,,,195403,295252,0,99
TBK-PK,K.P010,0,46295,0,0,48972,0,0,51592,0,0,66547,0,79464,74314,0.06480922178596593,75936,72348,0.047250316055625796,79842,77454,0.029909070414067762,88989,85947,0.03418400026969626,102475,98553,0.03827274945108561,100813,96501,0.04277226151389202,100154,95681,0.04466122171855347,,,,,627673,814204,0,71
TBK-PK,K.P011,0,32508,0,0,33002,0,0,34794,0,0,41355,0,44367,43912,0.010255369982194007,36885,35283,0.043432289548597014,42433,40746,0.03975679306200364,44942,43749,0.026545325085665983,50299,48814,0.029523449770373134,46659,45334,0.02839752245011684,57143,54767,0.04157989605025991,,,,,322728,454264,0,184
TBK-PK,K.P012,0,31228,0,0,31857,0,0,31277,0,0,36061,0,0,35416,0,35295,35407,0,32366,32480,0,34272,34385,0,32885,33006,0,33239,33364,0,33662,33792,0,,,,,201719,368273,0,1
TBK-PK,K.P013,0,17240,0,0,16779,0,0,16718,0,0,19083,0,21337,20504,0.03904016497164553,20018,19517,0.025027475272255018,19460,18656,0.041315519013360724,20074,19413,0.032928165786589636,20994,20255,0.0352005334857578,20813,19977,0.04016720319031375,20555,19869,0.033373874969593764,,,,,143251,208011,0,243
TBK-PK,K.P014,0,26382,0,0,26577,0,0,27560,0,0,32288,0,32307,31225,0.03349119385891608,32433,30888,0.04763666635833874,28490,27452,0.036433836433836464,33789,32003,0.052857438811447555,36838,35679,0.031462077202888294,38913,37173,0.044715133759925974,39101,37283,0.04649497455308049,,,,,241871,344510,0,239
TBK-PK,K.P015,0,22998,0,0,23233,0,0,23916,0,0,26307,0,0,26744,0,28804,28801,0.00010415220108317413,28937,28939,0,35963,35960,8.341906959929979e-05,42739,42737,4.679566672127766e-05,45572,45565,0.00015360308961642755,57154,57145,0.0001574692934878108,,,,,239169,362345,0,1
TBK-PK,K.P016,0,29322,0,0,27510,0,0,30549,0,0,34924,0,40981,40349,0.015421780825260467,37092,36530,0.015151515151515138,35266,34680,0.016616571201723995,35246,34684,0.015945071781194975,36864,36268,0.01616753472222221,33382,32862,0.015577257204481443,34730,34197,0.015346962280449183,,,,,253561,371875,0,132
TBK-PK,K.P017,0,12208,0,0,11577,0,0,13522,0,0,13600,0,17060,15742,0.0772567409144197,15176,14029,0.07557986294148655,13256,12310,0.07136391068195536,14964,13947,0.0679631114675221,16892,16645,0.01462230641723894,14980,14088,0.05954606141522034,15120,14260,0.05687830687830686,,,,,107448,151928,0,46
TBK-PK,K.P018,0,566,0,0,1113,0,0,1265,0,0,1620,0,1591,1547,0.027655562539283474,1255,1216,0.03107569721115533,1346,1302,0.03268945022288261,1703,1653,0.029359953024075125,0,1799,0,1863,2251,0,3659,3574,0.02323039081716316,,,,,11417,17906,0,58
TBK-PK,K.P019,0,38093,0,0,35737,0,0,36838,0,0,42120,0,45447,43585,0.04097080115299134,43906,42152,0.03994898191591123,41029,39339,0.04119037753783905,42284,40613,0.03951849399299967,45225,43340,0.041680486456605825,45422,43320,0.046277134428250655,43820,42184,0.03733455043359202,,,,,307133,447321,0,446
TBK-PK,K.P020,0,0,,0,0,,0,0,,0,0,,0,0,,0,0,,0,0,,0,0,,21,21,0,57,57,0,52,52,0,,,,,130,130,0,1
TBK-PK,K.P021,0,0,,0,0,,0,0,,0,0,,0,0,,0,0,,0,0,,0,0,,14897,14900,0,20049,20057,0,28593,28607,0,,,,,63539,63564,0,1
TBK-PK,K.P022,0,0,,0,0,,0,0,,0,0,,0,0,,0,0,,0,0,,0,0,,0,0,,174,175,0,180,179,0.005555555555555536,,,,,354,354,0,1
TBK-PK,K.P023,0,14397,0,0,14039,0,0,14355,0,0,16019,0,19348,18777,0.02951209427330992,16372,16130,0.014781333984852152,15135,14467,0.044136108358110326,14478,14077,0.027697195745268632,15777,15327,0.02852253280091277,14499,14088,0.028346782536726622,16220,15739,0.029654747225647315,,,,,111829,167415,0,163
TBK-PK,K.P024,0,15706,0,0,15525,0,0,14762,0,0,17615,0,19702,19117,0.029692417013501116,15428,14997,0.027936219859994837,14954,14617,0.02253577638090143,14794,14312,0.03258077599026632,16408,16220,0.011457825450999493,16143,15619,0.03245988973548908,15624,15180,0.028417818740399392,,,,,113053,173670,0,248
TBK-PK,K.P025,0,33772,0,0,32809,0,0,31851,0,0,38788,0,42968,39522,0.08019921802271457,38151,35309,0.0744934601976357,36206,33578,0.07258465447715845,36597,33976,0.07161789217695436,38624,35521,0.08033864954432479,38012,35158,0.07508155319372833,38333,34119,0.10993139070774527,,,,,268891,384403,0,476
TBK-PK,K.P026,0,0,,0,0,,0,0,,0,0,,0,0,,0,0,,0,0,,0,0,,0,0,,0,0,,0,0,,,,,,0,0,,1
TBK-PK,K.P027,0,10094,0,0,10351,0,0,12899,0,0,15812,0,12282,12008,0.022309070184009072,13901,13530,0.026688727429681314,12730,12336,0.030950510604870418,15539,15702,0,19726,18748,0.04957923552671606,23160,23281,0,38790,37706,0.027945346738850185,,,,,136128,182467,0,94
TBK-PK,K.P028,0,19722,0,0,21325,0,0,21549,0,0,23732,0,25510,25053,0.017914543316346565,25581,24910,0.02623040537899224,23532,22898,0.02694203637599868,26852,26199,0.02431848651869506,26924,26173,0.027893329371564413,24992,24338,0.026168373879641438,26499,26123,0.014189214687346685,,,,,179890,262022,0,171
TBK-PK,K.P029,0,0,,0,0,,0,0,,0,0,,0,0,,0,0,,0,0,,0,0,,0,0,,1472,1478,0,11388,11397,0,,,,,12860,12875,0,1
TBK-PK,K.P030,0,0,,0,0,,0,0,,0,0,,0,0,,0,0,,0,0,,0,0,,0,0,,0,0,,5122,5130,0,,,,,5122,5130,0,1
TBK-PK,K.P034,0,32074,0,0,30269,0,0,29410,0,0,33964,0,38505,36328,0.0565381119335151,32440,31745,0.021424167694204632,34980,33084,0.05420240137221266,34446,33032,0.04104975904314001,36674,34973,0.04638163276435625,36025,34280,0.048438584316446875,35949,34539,0.03922223149461734,,,,,249019,363698,0,335
TBK-PK,K.P035,0,16681,0,0,17767,0,0,17725,0,0,19612,0,20115,19803,0.01551081282624911,18621,18010,0.032812416089361474,17022,16759,0.015450593349782604,18456,17901,0.030071521456436878,18213,17611,0.03305331356723218,17996,18204,0,18637,18054,0.031281858668240625,,,,,129060,198127,0,210
TBK-PK,K.P038,0,15585,0,0,16680,0,0,15949,0,0,20012,0,19312,17928,0.07166528583264287,19968,18313,0.08288261217948723,16734,15564,0.06991753316600935,17456,16382,0.061526122823098106,17892,16348,0.08629555108428344,17960,16531,0.0795657015590201,17344,16061,0.07397370848708484,,,,,126666,185353,0,238
TBK-PK,K.P039,0,13090,0,0,13581,0,0,13031,0,0,15612,0,15986,14997,0.061866633304141105,15648,14698,0.060710633946830295,14046,13235,0.057738858037875596,15446,14505,0.06092192153308296,14984,14139,0.05639348638547781,15388,14557,0.054003119313751013,15512,14546,0.06227436823104693,,,,,107010,155991,0,200
TBK-PK,K.P040,0,3799,0,0,3913,0,0,3942,0,0,5058,0,5194,4823,0.0714285714285714,4694,4421,0.05815935236472092,4194,3902,0.06962327134000956,4524,4249,0.060786914235190115,4316,4034,0.06533827618164967,4076,3837,0.058635917566241424,4308,4059,0.05779944289693595,,,,,31306,46037,0,65
TBK-PK,K.P041,0,7607,0,0,7744,0,0,8037,0,0,8674,0,7620,7304,0.041469816272965865,8055,7750,0.0378646803227809,6909,6641,0.038789984078737905,7809,7513,0.03790498143168142,7647,7350,0.03883876029815614,7416,7127,0.038969795037756216,8409,8070,0.04031394933999288,,,,,53865,83817,0,101
TBK-PK,K.P042,0,11338,0,0,11584,0,0,12239,0,0,13968,0,12711,12169,0.042640232869168404,13257,12708,0.041412084181941644,11484,11004,0.04179728317659348,11715,11301,0.03533930857874523,12708,12126,0.045797922568460825,11847,11386,0.038912804929517986,12090,11579,0.042266335814722944,,,,,85812,131402,0,187
TBK-PK,K.P043,0,7201,0,0,7945,0,0,7881,0,0,10234,0,9831,9476,0.03611026345234458,4500,7329,0,3510,6361,0,7367,7188,0.02429754309759735,7195,7000,0.02710215427380125,7339,7140,0.027115410818912666,7205,6970,0.032616238723108926,,,,,46947,84725,0,116
TBK-PK,K.P046,0,18772,0,0,19708,0,0,19458,0,0,23121,0,18450,18261,0.0102439024390244,19085,18896,0.00990306523447737,16096,15975,0.00751739562624254,18494,18284,0.011355034065102187,16709,16526,0.010952181459093935,17021,16853,0.009870160390106353,17465,17241,0.012825651302605157,,,,,123320,203095,0,210
TBK-PK,K.P047,0,23784,0,0,23313,0,0,23489,0,0,26726,0,30073,29693,0.01263591926312635,26933,26605,0.012178368544165097,25974,25648,0.012551012551012541,25233,24949,0.011255102445210663,27555,27160,0.01433496643077481,23703,23387,0.013331645783234203,24726,24413,0.0126587397880773,,,,,184197,279167,0,161
TBK-PK,K.P048,0,22102,0,0,21409,0,0,21511,0,0,24307,0,27749,26395,0.048794551154996535,20804,19843,0.046193039800038416,20185,19269,0.045380232846172874,18392,17726,0.03621139625924319,21926,20914,0.04615524947550853,17508,16777,0.0417523417866118,19412,18592,0.04224191221924578,,,,,145976,228845,0,250
TBK-PK,K.P049,0,11699,0,0,12125,0,0,11954,0,0,14818,0,14116,13501,0.043567582884669886,14751,14062,0.04670869771540909,12789,12162,0.04902650715458601,14236,13371,0.06076144984546217,15267,14998,0.01761970262658019,19037,17483,0.08163050900877244,24136,23647,0.020260192243950925,,,,,114332,159820,0,187
TBK-PK,K.P050,0,17878,0,0,18586,0,0,18039,0,0,19774,0,17808,17478,0.018530997304582186,18896,18589,0.01624682472480954,16152,15930,0.01374442793462105,16920,16690,0.013593380614657202,16288,16082,0.012647347740668002,15624,15379,0.015681003584229414,16160,15914,0.01522277227722768,,,,,117848,190339,0,241
TBK-PK,K.P051,0,43943,0,0,38413,0,0,38535,0,0,46315,0,40947,51268,0,64357,49001,0.23860652298895224,46877,43483,0.07240224417091534,48075,44986,0.06425377015080602,46916,44049,0.06110921647199252,47697,44611,0.06470008595928467,47707,44836,0.06017984782107444,,,,,342576,489440,0,429
TBK-PK,K.P052,0,1458,0,0,1568,0,0,1404,0,0,1613,0,0,1495,0,1604,1609,0,1322,1327,0,1333,1337,0,1285,1291,0,1239,1243,0,1495,1500,0,,,,,8278,15845,0,1
TBK-PK,K.P053,0,0,,0,0,,0,0,,0,0,,0,0,,0,0,,0,0,,0,0,,0,0,,0,0,,0,0,,,,,,0,0,,0
TBK-PK,K.P054,0,0,,0,0,,0,0,,0,0,,0,0,,0,0,,0,0,,0,0,,0,0,,0,0,,0,0,,,,,,0,0,,0
TBK-PK,K.P055,0,1770,0,0,3529,0,0,2503,0,0,3273,0,0,1774,0,1687,1629,0.034380557202133954,1178,1139,0.03310696095076404,1528,1476,0.03403141361256545,1194,1157,0.030988274706867713,1170,1130,0.03418803418803418,1885,1820,0.03448275862068961,,,,,8642,21200,0,1
TBK-PK,K.P056,0,13023,0,0,15795,0,0,12442,0,0,11328,0,0,5937,0,6246,6313,0,1295,1322,0,3998,4045,0,4053,4106,0,4518,4567,0,7555,7622,0,,,,,27665,86500,0,2
TBK-PK,K.P057,0,10214,0,0,10852,0,0,10501,0,0,12952,0,12131,12102,0.002390569615035809,11452,11386,0.005763185469786936,9781,9710,0.007258971475309295,11203,11162,0.003659733999821446,9700,9617,0.008556701030927871,10641,10541,0.00939761300629638,10055,10047,0.0007956240676280091,,,,,74963,119084,0,181
TBK-PK,K.P058,0,2407,0,0,2606,0,0,2598,0,0,3644,0,3188,3081,0.03356336260978665,2520,2427,0.036904761904761885,2168,2104,0.029520295202952074,2628,2556,0.0273972602739726,2096,2020,0.0362595419847328,2292,2214,0.03403141361256545,2460,2381,0.032113821138211374,,,,,17352,28038,0,55
TBK-PK,K.P059,0,5565,0,0,5723,0,0,5722,0,0,6553,0,5248,5121,0.024199695121951192,5360,5184,0.032835820895522394,4628,4491,0.029602420051858203,4936,4843,0.018841166936790943,4988,4805,0.03668805132317565,5152,5008,0.02795031055900621,5272,5174,0.018588770864946924,,,,,35584,58189,0,75
TBK-PK,K.P060,0,9117,0,0,9712,0,0,8902,0,0,11719,0,10135,9674,0.045485939812530796,8976,8635,0.03799019607843135,7855,7546,0.03933800127307452,8437,8184,0.029986962190352018,8204,7852,0.04290589956118962,8775,8439,0.03829059829059833,8486,8218,0.03158142823473953,,,,,60868,97998,0,133
TBK-PK,K.P061,0,7255,0,0,7743,0,0,7370,0,0,9501,0,8247,7772,0.05759670183096888,8295,7803,0.05931283905967455,7365,6967,0.05403937542430415,8067,7613,0.056278666170819336,7416,7002,0.05582524271844658,7998,7546,0.056514128532133,7908,7565,0.04337379868487612,,,,,55296,84137,0,129
TBK-PK,K.P062,0,23431,0,0,23403,0,0,22431,0,0,28773,0,25059,24413,0.025779161179616095,25676,25062,0.02391338214675187,23608,23203,0.01715520162656725,26549,25624,0.034841236958077504,25011,24777,0.009355883411299004,25014,24426,0.023506836171743872,23350,23090,0.011134903640256932,,,,,174267,268633,0,342
TBK-PK,K.P063,0,7050,0,0,7707,0,0,7445,0,0,9452,0,9111,8871,0.026341784655910416,9158,8898,0.028390478270364672,7752,7483,0.03470072239422084,8760,8603,0.01792237442922373,8319,8065,0.030532515927395143,8723,8382,0.0390920554854981,8134,7880,0.031226948610769578,,,,,59957,89836,0,155
TBK-PK,K.P065,0,11698,0,0,12490,0,0,12980,0,0,13651,0,14984,13953,0.06880672717565406,15018,13882,0.07564256225862298,14001,13034,0.06906649525033925,14703,13663,0.07073386383731206,14352,13349,0.06988573021181721,13182,12255,0.070323167956304,13545,12712,0.06149870801033597,,,,,99785,143667,0,138
TBK-PK,K.P066,0,6176,0,0,6222,0,0,6880,0,0,7763,0,8688,8469,0.025207182320441945,6372,6273,0.015536723163841804,5664,5573,0.016066384180790982,5838,5715,0.02106885919835555,6174,6046,0.020732102364755423,5988,5858,0.021710086840347365,7680,7374,0.039843749999999956,,,,,46404,72349,0,110
TBK-PK,K.P067,0,33732,0,0,33815,0,0,34800,0,0,41343,0,49629,46113,0.07084567490781601,44222,41327,0.06546515309122158,40656,38160,0.06139315230224318,38215,36014,0.05759518513672646,41324,38721,0.06299003000677572,39330,36944,0.060666158148995675,38570,36201,0.06142079336271711,,,,,291946,417170,0,276
TBK-PK,K.P068,0,15294,0,0,15995,0,0,15686,0,0,19442,0,18184,17378,0.04432468103827536,19366,18522,0.04358153464835279,16472,15699,0.04692812044681882,18254,17517,0.04037471239180457,17636,16913,0.04099569063279651,17513,16755,0.04328213327242625,17794,16990,0.045183769810048346,,,,,125219,186191,0,201
TBK-PK,K.P069,0,1837,0,0,1755,0,0,1874,0,0,2277,0,2280,2218,0.027192982456140324,2310,2201,0.04718614718614722,1996,1927,0.03456913827655306,2396,2310,0.035893155258764575,2238,2147,0.04066130473637175,2204,2135,0.031306715063520896,2282,2197,0.03724802804557403,,,,,15706,22878,0,34
TBK-PK,K.P070,0,8236,0,0,8028,0,0,8930,0,0,9766,0,11244,10474,0.06848096762717892,9824,9211,0.062398208469055416,9422,8827,0.06315007429420505,9692,9098,0.061287659925711946,9442,8830,0.06481677610675707,9360,8756,0.06452991452991452,9626,8980,0.06710991065863292,,,,,68610,99136,0,119
TBK-PK,K.P072,0,1121,0,0,1007,0,0,1031,0,0,1191,0,1277,1256,0.01644479248238062,1077,1059,0.01671309192200554,1050,1035,0.014285714285714235,1107,1090,0.015356820234869062,1213,1192,0.01731244847485569,1243,1224,0.01528559935639584,1231,1218,0.010560519902518273,,,,,8198,12424,0,19
TBK-PK,K.P073,0,78178,0,0,76145,0,0,77848,0,0,108190,0,129722,127406,0.017853563774841597,129620,127490,0.016432649282518086,123042,120976,0.01679101445035025,119134,117142,0.016720667483673846,129746,127411,0.017996701247051883,127544,125551,0.015625980053942223,146784,144052,0.01861238282101596,,,,,905592,1230389,0,59
TBK-PK,K.P074,0,9031,0,0,9095,0,0,7454,0,0,7090,0,5656,5399,0.045438472418670384,5530,5294,0.04267631103074143,3904,3746,0.04047131147540983,7465,7048,0.05586068318821169,4458,4217,0.054060116644235046,4101,3928,0.04218483296756892,5313,5082,0.04347826086956519,,,,,36427,67384,0,55
TBK-PK,K.P075,0,5788,0,0,6343,0,0,6278,0,0,6457,0,8556,8146,0.04791958859280032,6151,6051,0.016257519102584994,5525,5274,0.04542986425339368,5498,5271,0.04128774099672605,5841,5580,0.044684129429892194,5521,5282,0.0432892591921753,5473,5243,0.04202448382970947,,,,,42565,65713,0,128
TBK-PK,K.P076,0,4715,0,0,4099,0,0,3952,0,0,4488,0,3299,3222,0.023340406183692042,3796,3727,0.018177028451001,2822,2763,0.0209071580439405,3258,3193,0.019950890116635978,3094,3040,0.017453135100193973,3105,3049,0.01803542673107894,3183,3113,0.021991831605403744,,,,,22557,39361,0,49
TBK-PK,K.P077,0,21335,0,0,20778,0,0,24186,0,0,28443,0,0,27707,0,24504,24518,0,23611,23623,0,34234,34253,0,25866,25880,0,27391,27408,0,40435,40460,0,,,,,176041,298591,0,1
TBK-PK,K.P078,0,4097,0,0,4400,0,0,4105,0,0,4716,0,0,3903,0,4190,4191,0,3985,3987,0,4375,4377,0,3856,3857,0,3872,3874,0,4214,4218,0,,,,,24492,45725,0,1
TBK-PK,K.P079,0,3124,0,0,3384,0,0,3242,0,0,3779,0,0,3269,0,3345,3342,0.0008968609865470656,2856,2854,0.0007002801120448154,3547,3544,0.0008457851705666597,3311,3309,0.0006040471156750771,3492,3489,0.0008591065292096189,3875,3872,0.0007741935483871476,,,,,20426,37208,0,1
TBK-PK,K.P080,0,63,0,0,72,0,0,68,0,0,72,0,0,69,0,28,40,0,49,59,0,73,82,0,61,71,0,65,72,0,62,70,0,,,,,338,738,0,1
TBK-PK,K.P081,0,15988,0,0,16073,0,0,16303,0,0,18362,0,20665,20116,0.026566658601500093,18847,18321,0.027908951026688555,16647,16395,0.015137862677960023,17855,17165,0.038644637356482825,18785,18259,0.02800106467926533,17986,17619,0.02040475925720009,17152,16530,0.03626399253731338,,,,,127937,191131,0,232
TBK-PK,K.P083,0,3896,0,0,4070,0,0,3870,0,0,5021,0,0,4036,0,4183,4186,0,3383,3385,0,4000,4002,0,3986,3989,0,4319,4321,0,3937,3939,0,,,,,23808,44715,0,1
TBK-PK,K.P084,0,2123,0,0,1220,0,0,506,0,0,610,0,0,641,0,883,885,0,1134,1133,0.0008818342151675207,580,581,0,541,542,0,592,592,0,486,486,0,,,,,4216,9319,0,1
TBK-PK,K.P085,0,16323,0,0,15951,0,0,17166,0,0,19214,0,20942,20376,0.027027027027026973,20173,19792,0.018886630644921465,18490,18140,0.018929150892374236,17471,17176,0.016885123919638256,18146,17817,0.018130717513501593,15643,15527,0.007415457393083136,18490,17963,0.0285018929150892,,,,,129355,195445,0,87
TBK-PK,K.P086,0,24801,0,0,25467,0,0,26493,0,0,29722,0,30414,29955,0.015091734069836216,30371,29713,0.021665404497711593,27980,27270,0.025375268048606126,27294,26629,0.024364329156591147,30676,30184,0.016038596948754757,26178,25468,0.02712201084880439,28302,27579,0.025545897816408702,,,,,201215,303281,0,212
TBK-PK,K.P087,0,4472,0,0,4593,0,0,4429,0,0,5472,0,5622,5362,0.04624688722874426,5574,5335,0.04287764621456769,5130,4911,0.04269005847953211,5517,5277,0.04350190320826541,5481,5251,0.04196314541142132,5616,5304,0.05555555555555558,5439,5275,0.030152601581173055,,,,,38379,55681,0,50
TBK-PK,K.P088,0,19103,0,0,17375,0,0,17741,0,0,20562,0,0,19472,0,18985,18967,0.0009481169344218721,13785,13780,0.00036271309394264595,17203,17190,0.0007556821484624443,17906,17891,0.0008377080308276108,15001,14991,0.0006666222251849874,17196,17184,0.0006978367062107083,,,,,100076,194256,0,1
TBK-PK,K.P089,0,18921,0,0,20115,0,0,21653,0,0,25558,0,27306,26677,0.023035230352303482,25293,24795,0.01968924208278966,23370,22787,0.024946512623020944,23829,23367,0.019388140501070072,25506,24970,0.02101466321649803,28703,28053,0.02264571647562974,32912,31407,0.04572800194457949,,,,,186919,268303,0,77
TBK-MM,M.MV01,0,2537,0,0,2770,0,0,2229,0,0,2675,0,0,2486,0,3140,3123,0.0054140127388535575,2910,2894,0.005498281786941561,3010,2991,0.006312292358804039,550,620,0,0,0,,0,0,,,,,,9610,22325,0,1
TBK-MM,M.MV02,0,2543,0,0,2466,0,0,8621,0,0,12126,0,0,16531,0,16283,16890,0,5932,6606,0,9027,9717,0,2601,3436,0,2429,3191,0,575,1360,0,,,,,36847,83487,0,1
TBK-MM,M.MV03,0,31270,0,0,18786,0,0,32277,0,0,29249,0,0,32141,0,44023,43927,0.0021806782818072357,47685,47576,0.0022858341197441456,57711,57553,0.0027377796260678045,50734,50614,0.0023652777230259714,52627,52491,0.0025842248275600443,67838,67668,0.0025059701052507766,,,,,320618,463552,0,1
TBK-MM,M.MV04,0,64360,0,0,30785,0,0,25946,0,0,41961,0,0,54000,0,73030,73147,0,60840,60938,0,75190,75318,0,60840,60937,0,59710,59795,0,76660,76785,0,,,,,406270,623972,0,1
TBK-MM,M.MV05,0,196574,0,0,204230,0,0,207164,0,0,294865,0,0,247654,0,211501,212007,0,180523,180945,0,202146,202612,0,180392,180810,0,187796,188279,0,189926,190425,0,,,,,1152284,2305565,0,1
TBK-MM,M.MV06,0,146562,0,0,160638,0,0,161895,0,0,190984,0,0,153809,0,150827,150794,0.00021879371730526564,135957,135925,0.00023536853563999038,151360,151327,0.00021802325581399273,139894,139861,0.00023589289033121297,138727,138697,0.00021625206340514236,144911,144876,0.00024152755829442984,,,,,861676,1675368,0,1
TBK-MM,M.MV07,0,182930,0,0,196026,0,0,194154,0,0,235007,0,0,197292,0,194262,194304,0,174411,174447,0,199180,199222,0,187120,187156,0,224903,224951,0,265333,265392,0,,,,,1245209,2250881,0,1
TBK-MM,M.MV08,0,38678,0,0,49889,0,0,4043,0,0,5315,0,0,53971,0,0,72216,0,90163,90106,0.000632188369952158,78709,78669,0.0005082010951733551,103938,103874,0.0006157516981277755,74741,74700,0.000548561030759509,79960,79911,0.0006128064032016045,,,,,427511,651372,0,1
TBK-MM,M.MV09,0,6205,0,0,4787,0,0,2572,0,0,3375,0,0,7669,0,7138,7132,0.0008405715886803389,5482,5480,0.00036483035388545915,3445,3442,0.0008708272859215827,1283,1283,0,5324,5320,0.0007513148009016257,7219,7214,0.0006926167059149169,,,,,29891,54479,0,1
TBK-MM,M.MV10,0,12872,0,0,13209,0,0,13461,0,0,14955,0,0,13073,0,16409,16401,0.0004875373270766259,11402,11395,0.0006139273811611723,12128,12119,0.0007420844327177267,10772,10764,0.0007426661715559391,10487,10480,0.0006674930866787943,10031,10025,0.0005981457481806229,,,,,71229,138754,0,1
TBK-MM,M.MV11,0,112344,0,0,118062,0,0,124501,0,0,189417,0,0,159427,0,128566,128593,0,110241,110252,0,117540,117597,0,106488,106512,0,114122,114106,0.0001402008377000552,116535,116669,0,,,,,693492,1397480,0,1
TBK-MM,M.MV12,0,0,,0,0,,0,0,,0,0,,0,0,,0,0,,0,0,,0,0,,0,0,,0,0,,0,0,,,,,,0,0,,0
TBK-MM,M.MV13,0,94395,0,0,93257,0,0,95187,0,0,69316,0,0,80743,0,76277,76252,0.00032775279573138416,63534,63511,0.0003620108918059861,62968,62948,0.00031762164909154844,68880,68852,0.00040650406504061376,75627,75600,0.000357015351660106,82120,82091,0.0003531417437895312,,,,,429406,862152,0,1
TBK-MM,M.MV14,0,18448,0,0,31727,0,0,23925,0,0,7027,0,0,16214,0,27180,27087,0.0034216335540838694,22759,22697,0.0027241970209587185,12015,12003,0.0009987515605492936,12090,12057,0.0027295285359801857,2833,2841,0,7300,7304,0,,,,,84177,181330,0,1
TBK-MM,M.MV15,0,4400,0,0,958,0,0,742,0,0,1199,0,0,5861,0,10179,10194,0,6932,6943,0,3039,3043,0,1604,1605,0,1911,1912,0,2841,2845,0,,,,,26506,39702,0,1
TBK-MM,M.MV16,0,38293,0,0,131705,0,0,125071,0,0,101048,0,0,41189,0,1548,1534,0.009043927648578864,244,241,0.012295081967213073,0,0,,6,6,0,0,0,,0,0,,,,,,1798,439087,0,1
TBK-MM,M.MV17,0,93612,0,0,110089,0,0,124264,0,0,162732,0,0,146768,0,139587,139525,0.0004441674367956505,114638,114587,0.0004448786615258715,124840,124788,0.0004165331624479407,107924,107874,0.0004632889811349017,117495,117440,0.0004681050257457908,112158,112102,0.0004992956365127421,,,,,716642,1353781,0,1
TBK-MM,M.MV18,0,314955,0,0,317476,0,0,304139,0,0,327174,0,0,292211,0,307027,306993,0.00011073944636785793,302007,302001,1.9867089173453145e-05,312044,312023,6.729820153572597e-05,317543,317537,1.8895078776726137e-05,63552,300834,0,320354,320355,0,,,,,1622527,3415698,0,1
TBK-MM,M.MV19,0,0,,0,0,,0,0,,0,0,,0,0,,0,0,,0,0,,0,0,,0,0,,0,0,,0,0,,,,,,0,0,,0
TBK-MM,M.MV20,0,36976,0,0,44423,0,0,23433,0,0,21087,0,0,23260,0,13122,17672,0,12444,16844,0,11560,15502,0,15294,20660,0,25626,28482,0,72837,73013,0,,,,,150883,321352,0,1
TBK-MM,M.MV21,0,130472,0,0,118759,0,0,131678,0,0,106481,0,0,124552,0,140057,140201,0,149590,149749,0,149180,149359,0,117531,117662,0,137444,137602,0,134515,134668,0,,,,,828317,1441183,0,1
TBK-MM,M.P001,0,18090,0,0,18791,0,0,19361,0,0,24613,0,0,24680,0,0,18982,0,37808,17193,0.5452549724925941,16216,15610,0.03737049827331029,19868,19019,0.042732031407288096,18062,17473,0.03260989923596502,19866,18927,0.047266686801570534,,,,,111820,212739,0,92
TBK-MM,M.P002,0,1654,0,0,1761,0,0,1786,0,0,1906,0,0,1907,0,0,1561,0,3197,1519,0.524867062871442,1657,1596,0.03681351840675917,1677,1612,0.03875968992248058,1533,1480,0.03457273320287024,1639,1583,0.034167175106772474,,,,,9703,18365,0,8
TBK-MM,M.P003,0,65136,0,0,67183,0,0,66783,0,0,78581,0,0,84790,0,0,75239,0,147331,67065,0.5448004832655721,67764,65253,0.03705507349034887,74464,71655,0.037722926514826005,66116,63774,0.035422590598342296,66536,64021,0.037799086208969546,,,,,422211,769480,0,574
TBK-MM,M.P004,0,42410,0,0,45334,0,0,43176,0,0,51299,0,0,52670,0,0,45825,0,91662,41681,0.5452750321834566,43551,41427,0.04877040710890679,43299,41535,0.040739970900020794,42449,40389,0.04852882282268134,41591,39421,0.052174749344810145,,,,,262552,485167,0,322
TBK-MM,M.P005,0,11278,0,0,10860,0,0,10828,0,0,11976,0,0,7558,0,7967,7542,0.05334504832433784,6254,5939,0.050367764630636414,8269,7771,0.06022493650985605,7936,7552,0.048387096774193505,7139,6848,0.04076201148620251,8539,8142,0.04649256353202946,,,,,46104,96294,0,52
TBK-MM,M.P006,0,11661,0,0,12316,0,0,12784,0,0,15720,0,0,17061,0,0,11303,0,23013,11201,0.5132751053752227,10826,10543,0.026140772215037855,11913,11615,0.025014689834634396,10935,10673,0.0239597622313672,10546,10259,0.02721410961501991,,,,,67233,135136,0,69
TBK-MM,M.P007,0,25638,0,0,27255,0,0,29692,0,0,34705,0,0,34681,0,0,27780,0,56367,25231,0.5523799386165664,25368,23861,0.05940555029959005,26433,24666,0.06684825785949378,22674,22294,0.016759283761136112,24455,23740,0.02923737476998567,,,,,155297,299543,0,101
TBK-MM,M.P008,0,133650,0,0,144897,0,0,145791,0,0,181021,0,0,156426,0,0,161717,0,321073,149060,0.535744207703544,148836,144389,0.029878524013007612,159757,154158,0.03504697759722575,139506,135648,0.027654724527977237,144045,140389,0.025380957339720234,,,,,913217,1647146,0,452
TBK-MM,M.P009,0,8367,0,0,8438,0,0,8484,0,0,9091,0,0,7284,0,0,2208,0,4380,2054,0.5310502283105023,2009,1952,0.028372324539571947,3577,3495,0.022924238188426038,2027,1974,0.026147015293537246,2602,2536,0.025365103766333608,,,,,14595,55883,0,54
TBK-MM,M.P010,0,82432,0,0,81458,0,0,89703,0,0,101581,0,0,115623,0,0,107243,0,212749,98346,0.5377369576355235,96498,92867,0.03762772285435967,103382,97077,0.06098740593140006,95454,94657,0.008349571521361066,96310,94216,0.021742290520195162,,,,,604393,1055203,0,294
TBK-MM,M.P011,0,32968,0,0,32809,0,0,34020,0,0,38723,0,0,44906,0,0,39201,0,81270,37144,0.5429555801648824,35448,33410,0.05749266531257058,40698,38547,0.05285272003538255,37481,36057,0.03799258290867369,35532,34246,0.036192727682089365,,,,,230429,402031,0,160
TBK-MM,M.P012,0,32072,0,0,35571,0,0,35435,0,0,40328,0,0,40849,0,41725,39499,0.053349310964649455,36374,34565,0.04973332600208935,40686,39071,0.039694243720198585,39574,37669,0.04813766614443826,33626,32129,0.04451912210789266,38313,36514,0.04695534152898495,,,,,230298,403702,0,146
TBK-MM,M.P013,0,18233,0,0,17267,0,0,17677,0,0,20953,0,0,21405,0,0,16697,0,16548,15891,0.03970268310369829,14064,13459,0.043017633674630296,16128,15423,0.04371279761904767,15393,14906,0.03163775742220487,14581,14088,0.033811124065564746,,,,,76714,185999,0,192
TBK-MM,M.P014,0,18312,0,0,17530,0,0,20201,0,0,25380,0,0,26488,0,0,17889,0,18066,17559,0.02806376619063433,14803,14356,0.03019658177396478,17603,17319,0.016133613588592888,15144,14993,0.009970945589012126,14996,14562,0.028941050946919233,,,,,80612,204589,0,96
TBK-MM,M.P015,0,3392,0,0,3932,0,0,3001,0,0,3888,0,0,4642,0,3279,3281,0,3027,3028,0,3713,3716,0,4210,4211,0,2587,2588,0,3326,3327,0,,,,,20142,39006,0,1
TBK-MM,M.P016,0,2016,0,0,2219,0,0,2212,0,0,2499,0,0,2130,0,2110,2110,0,1867,1868,0,2169,2171,0,1874,1874,0,2067,2068,0,2406,2408,0,,,,,12493,23575,0,1
TBK-MM,M.P017,0,17454,0,0,16626,0,0,18459,0,0,19925,0,0,19599,0,0,16476,0,30714,13668,0.5549912092205509,14394,14156,0.01653466722245378,13739,13507,0.016886236261736687,11765,11580,0.015724606884827907,12870,12656,0.01662781662781665,,,,,83482,174106,0,16
TBK-MM,M.P018,0,29910,0,0,29524,0,0,29028,0,0,34455,0,0,33875,0,29784,28955,0.027833736234219697,26477,25876,0.022698946255240382,29634,28869,0.025814942296011334,29107,28422,0.02353385783488504,25953,25280,0.025931491542403595,25661,24834,0.032227894470207685,,,,,166616,319028,0,167
TBK-MM,M.P019,0,51771,0,0,53648,0,0,52066,0,0,68982,0,0,58222,0,60605,58108,0.04120122102136792,53037,50676,0.04451609253917077,55028,52427,0.04726684596932473,54490,51854,0.048375848779592556,55045,52412,0.047833590698519446,53648,52040,0.029973158365642738,,,,,331853,602206,0,411
TBK-MM,M.P020,0,12858,0,0,14478,0,0,13327,0,0,16069,0,0,15415,0,0,15672,0,30762,12885,0.581139067680905,15621,14837,0.05018884834517634,14976,14509,0.031183226495726468,14154,13590,0.03984739296312001,14050,13606,0.03160142348754447,,,,,89563,157246,0,99
TBK-MM,M.P021,0,17315,0,0,19819,0,0,17602,0,0,21879,0,0,20234,0,0,18745,0,39150,17205,0.560536398467433,19641,19763,0,17775,16986,0.04438818565400848,18820,17931,0.04723698193411263,18242,17554,0.037715162811095326,,,,,113628,205033,0,142
TBK-MM,M.P022,0,0,,0,0,,0,0,,0,0,,0,0,,0,0,,0,0,,881,873,0.009080590238365494,784,781,0.003826530612244916,908,901,0.00770925110132159,1514,1498,0.010568031704095149,,,,,4087,4053,0.008319060435527326,1
TBK-MM,M.P023,0,0,,0,0,,0,0,,0,0,,0,0,,0,0,,0,0,,0,0,,848,849,0,449,451,0,478,479,0,,,,,1775,1779,0,1
TBK-MM,M.P024,0,29609,0,0,29966,0,0,30521,0,0,28614,0,0,33521,0,0,33362,0,66788,31683,0.5256183745583038,29607,28807,0.02702063701151758,29790,28936,0.028667338032896894,24049,23461,0.02445008108445257,26620,25816,0.030202854996243422,,,,,176854,324296,0,144
TBK-MM,M.P025,0,0,,0,0,,0,0,,0,0,,0,0,,0,0,,0,0,,0,0,,0,0,,0,0,,0,0,,,,,,0,0,,0
TBK-MM,M.P026,0,213,0,0,679,0,0,982,0,0,1112,0,0,1140,0,0,1065,0,2211,1083,0.5101763907734057,1082,1051,0.02865064695009245,1224,1192,0.02614379084967322,1206,1175,0.02570480928689889,1437,1398,0.02713987473903967,,,,,7160,11090,0,43
TBK-MM,M.P027,0,19180,0,0,19734,0,0,20651,0,0,22647,0,0,23384,0,0,20951,0,19053,18576,0.025035427491733597,18796,18003,0.04218982762289847,20925,19935,0.047311827956989294,21161,20146,0.0479655970889844,19052,18176,0.045979424732311536,,,,,98987,221383,0,401
TBK-MM,M.P028,0,10771,0,0,11506,0,0,10981,0,0,13097,0,0,11547,0,12707,12645,0.004879200440702003,10623,10567,0.005271580532806186,12809,12744,0.005074556952142983,11656,11595,0.005233356211393314,10955,10898,0.005203103605659565,10956,10712,0.022270901788974062,,,,,69706,127063,0,3
TBK-MM,M.P029,0,24529,0,0,24558,0,0,25212,0,0,28417,0,0,31152,0,0,26328,0,25756,25371,0.014947973287777638,25914,25384,0.020452265184842222,27487,26866,0.022592498271910344,26651,26070,0.021800307680762465,25672,25074,0.023293861015892814,,,,,131480,288961,0,236
TBK-MM,M.P030,0,288,0,0,228,0,0,140,0,0,102,0,0,94,0,0,126,0,0,44,0,0,73,0,0,84,0,0,91,0,0,88,0,,,,,0,1358,0,1
TBK-MM,M.P031,0,42183,0,0,42933,0,0,45016,0,0,48965,0,0,54382,0,0,50260,0,49454,48456,0.020180369636429774,46864,45828,0.022106520996927226,52696,51010,0.031994838317898844,52363,50897,0.027996868017493237,46830,45597,0.02632927610506086,,,,,248207,525527,0,490
TBK-MM,M.P032,0,35394,0,0,37416,0,0,34902,0,0,40491,0,0,43632,0,0,40238,0,38010,36346,0.043777953170218376,38285,36679,0.04194854381611601,37488,35833,0.044147460520699955,36278,34795,0.040878769502177614,36767,35122,0.04474120814861149,,,,,186828,410848,0,296
TBK-MM,M.P033,0,23515,0,0,23778,0,0,24425,0,0,27754,0,0,30238,0,0,26448,0,26974,26064,0.03373619040557574,25938,25021,0.03535353535353536,28507,27589,0.032202616901112036,25495,24581,0.035850166699352815,24991,23969,0.04089472209995604,,,,,131905,283382,0,213
TBK-MM,M.P034,0,6507,0,0,6670,0,0,6694,0,0,7694,0,0,2498,0,3008,2868,0.046542553191489366,1511,1440,0.046988749172733324,5032,4798,0.04650238473767887,2157,2055,0.04728789986091797,3239,3088,0.04661932695276316,8265,7881,0.04646098003629762,,,,,23212,52193,0,1
TBK-MM,M.P035,0,16943,0,0,17936,0,0,17823,0,0,21142,0,0,18534,0,0,9106,0,18699,8959,0.5208834697042622,8223,7890,0.04049616928128419,10788,10992,0,0,7755,0,4573,8489,0,,,,,42283,145569,0,42
TBK-MM,M.P036,0,0,,0,621,0,0,670,0,0,737,0,0,794,0,0,730,0,1472,682,0.5366847826086957,673,641,0.04754829123328386,784,753,0.039540816326530615,758,732,0.03430079155672827,0,810,0,,,,,3687,7170,0,39
TBK-MM,M.P037,0,2068,0,0,2295,0,0,2251,0,0,2681,0,0,1711,0,1630,1630,0,1485,1487,0,1657,1657,0,1548,1549,0,1698,1699,0,2166,2166,0,,,,,10184,21194,0,1
TBK-MM,M.P038,0,0,,0,0,,0,0,,0,0,,0,0,,0,0,,0,0,,1613,1552,0.03781773093614382,2140,2055,0.03971962616822433,1489,1429,0.040295500335795875,1428,1371,0.03991596638655459,,,,,6670,6407,0.03943028485757116,49
TBK-MM,M.P039,0,58072,0,0,62523,0,0,63835,0,0,76434,0,0,73909,0,75273,72391,0.03828730089142185,64361,61867,0.0387501747952953,70524,67358,0.04489251885882817,68285,65276,0.04406531449073736,63156,60425,0.04324213059725124,62771,59862,0.04634305650698567,,,,,404370,721952,0,316
TBK-MM,M.P040,0,11539,0,0,12627,0,0,12586,0,0,15159,0,0,13994,0,13256,12913,0.025875075437537753,11000,10757,0.02209090909090905,12316,12026,0.023546606040922402,12220,12117,0.008428805237315928,11640,11464,0.015120274914089293,12456,12246,0.016859344894026962,,,,,72888,137428,0,246
TBK-MM,M.P041,0,14410,0,0,15711,0,0,15285,0,0,19377,0,0,16340,0,0,17575,0,32844,14729,0.5515467056387773,16064,15569,0.030814243027888488,16732,16140,0.03538130528328953,16004,15543,0.028805298675331215,16152,15699,0.028046062407132255,,,,,97796,176378,0,113
TBK-MM,M.P042,0,18449,0,0,17641,0,0,19225,0,0,22971,0,0,20251,0,17138,16771,0.02141440074687828,14728,14388,0.023085279739272102,15390,15053,0.0218973359324236,15304,14960,0.02247778358599062,14934,14582,0.023570376322485598,15180,14822,0.02358366271409751,,,,,92674,189113,0,115
TBK-MM,M.P043,0,32698,0,0,37242,0,0,34545,0,0,41467,0,0,35222,0,0,31274,0,59865,26867,0.5512068821515075,31002,30169,0.026869234242952067,29358,28528,0.02827168063219565,28843,28078,0.026522899837048808,29493,28627,0.02936289967110839,,,,,178561,354717,0,248
TBK-MM,M.P044,0,9135,0,0,9839,0,0,9293,0,0,9711,0,0,9415,0,0,5071,0,10237,5010,0.5105988082446029,5152,5073,0.015333850931677051,5842,5743,0.01694625128380689,4534,4452,0.018085575650639618,5014,4932,0.016354208216992405,,,,,30779,77674,0,52
TBK-MM,M.P045,0,16315,0,0,16682,0,0,16714,0,0,19823,0,0,20046,0,0,17165,0,33236,14614,0.5602960645083644,16016,15259,0.04726523476523481,17151,16360,0.046119759780770764,16737,15946,0.047260560434964405,15809,15034,0.049022708583718155,,,,,98949,183958,0,263
TBK-MM,M.P046,0,7102,0,0,7617,0,0,7622,0,0,8690,0,0,8229,0,0,5626,0,11230,5009,0.5539626001780944,5412,5116,0.05469327420546932,6068,5738,0.054383651944627576,5530,5207,0.058408679927667295,5434,5129,0.05612808244387191,,,,,33674,71085,0,127
TBK-MM,M.P047,0,9502,0,0,9869,0,0,9691,0,0,10739,0,0,10787,0,0,8615,0,16896,7157,0.5764086174242424,5936,5571,0.06148921832884102,6412,6044,0.05739238927011858,6200,5846,0.057096774193548416,5904,5520,0.06504065040650409,,,,,41348,89341,0,154
TBK-MM,M.P048,0,13271,0,0,14069,0,0,13041,0,0,14900,0,0,14633,0,0,11135,0,10568,10421,0.013909916729750171,10332,10164,0.016260162601625994,10258,10094,0.015987521934100246,10076,10174,0,10216,10196,0.0019577133907595634,,,,,51450,132098,0,96
TBK-MM,M.P049,0,7648,0,0,7894,0,0,7151,0,0,8210,0,0,8524,0,0,7533,0,7458,7179,0.0374094931617055,7491,7185,0.04084901882258707,7386,7089,0.04021121039805031,7074,6789,0.04028837998303647,7161,6869,0.040776427873202015,,,,,36570,82071,0,121
TBK-MM,M.P050,0,4548,0,0,4437,0,0,4287,0,0,4919,0,0,5247,0,0,3924,0,4028,4002,0.006454816285997977,3772,3934,0,4198,4113,0.020247737017627387,3952,3886,0.0167004048582996,3574,3529,0.01259093452714044,,,,,19524,46826,0,59
TBK-MM,M.P051,0,10229,0,0,10671,0,0,10776,0,0,12766,0,0,14551,0,0,11072,0,10668,9968,0.06561679790026242,10576,9820,0.07148260211800306,11856,11123,0.06182523616734148,11628,10878,0.06449948400412797,10484,9751,0.0699160625715376,,,,,55212,121605,0,159
TBK-MM,M.P052,0,6376,0,0,6704,0,0,6584,0,0,7096,0,0,7463,0,0,6491,0,5338,5105,0.04364930685650059,5198,4966,0.0446325509811466,5795,5544,0.04331320103537528,5709,5459,0.04379050621825187,5283,5057,0.04277872420972928,,,,,27323,66845,0,91
TBK-MM,M.P053,0,6267,0,0,6762,0,0,6945,0,0,8301,0,0,5820,0,0,1602,0,3542,1329,0.6247882552230378,2696,2975,0,2206,2148,0.026291931097008114,1424,1397,0.018960674157303403,2594,2533,0.02351580570547418,,,,,12462,46079,0,22
TBK-MM,M.P054,0,16688,0,0,18021,0,0,17492,0,0,21315,0,0,18487,0,20103,18249,0.09222504103865092,17349,15831,0.08749783849213211,16992,15890,0.06485404896421842,15967,14941,0.06425753115801336,17449,16288,0.06653676428448618,15453,14428,0.06633016242800749,,,,,103313,187630,0,281
TBK-MM,M.P055,0,2398,0,0,2565,0,0,2428,0,0,2958,0,0,2249,0,2082,2002,0.03842459173871282,1978,1899,0.03993933265925176,4686,4363,0.06892872385830129,4452,4149,0.06805929919137466,4540,4232,0.06784140969163,4342,4017,0.07485029940119758,,,,,22080,33260,0,110
TBK-MM,M.P058,0,15705,0,0,17853,0,0,18113,0,0,20554,0,0,19344,0,17196,16808,0.022563386834147492,14748,14464,0.01925684838622188,17847,17402,0.024934162604359322,15518,14991,0.0339605619280835,15658,15119,0.03442329799463528,15952,15406,0.03422768304914747,,,,,96919,185759,0,67
TBK-MM,M.P060,0,19213,0,0,19798,0,0,20635,0,0,24847,0,0,23563,0,0,16309,0,16220,15777,0.027311960542540037,13276,12916,0.027116601385959616,16844,15551,0.07676323913559724,13246,13137,0.008228899290351754,13069,13134,0,,,,,72655,194880,0,46
TBK-MM,M.P061,0,6618,0,0,6673,0,0,6859,0,0,7846,0,0,8592,0,0,6253,0,12378,5773,0.5336080142187752,5641,5472,0.029959227087395846,6086,5909,0.02908314163654291,5756,5580,0.030576789437109064,5631,5459,0.03054519623512697,,,,,35492,71034,0,128
TBK-MM,M.P062,0,3607,0,0,3396,0,0,3616,0,0,4074,0,0,4179,0,0,3489,0,3588,3354,0.06521739130434778,3216,3029,0.05814676616915426,3460,3244,0.06242774566473985,3474,3203,0.0780080598733448,3192,3013,0.05607769423558895,,,,,16930,38204,0,76
TBK-MM,M.P063,0,4597,0,0,4985,0,0,5238,0,0,5772,0,0,5587,0,0,3435,0,7072,3252,0.5401583710407241,3244,3080,0.05055487053020957,3822,3618,0.053375196232339106,3508,3317,0.05444697833523371,3288,3109,0.05444038929440387,,,,,20934,45990,0,50
TBK-MM,M.P064,0,10895,0,0,11112,0,0,11342,0,0,13137,0,0,14046,0,0,12655,0,15207,14204,0.06595646741632144,13532,13232,0.02216967188885599,13528,13239,0.02136309875813125,12403,12128,0.022172055147948067,14031,13705,0.02323426698025799,,,,,68701,139695,0,39
TBK-MM,M.P065,0,5986,0,0,7317,0,0,9075,0,0,10206,0,0,3505,0,1275,1275,0,1105,1105,0,801,803,0,658,658,0,229,230,0,208,209,0,,,,,4276,40369,0,1
TBK-MM,M.P066,0,20401,0,0,21013,0,0,21124,0,0,25670,0,0,17163,0,16577,15478,0.06629667611751222,13905,13023,0.06343042071197413,16868,15653,0.07202987906094382,16264,15184,0.06640432857845546,15123,14705,0.02764001851484499,17186,16876,0.018037937856394737,,,,,95923,196290,0,194
TBK-MM,M.P067,0,16,0,0,0,,0,0,,0,0,,0,0,,0,0,,0,0,,0,0,,0,0,,0,0,,0,0,,,,,,0,16,0,0
TBK-MM,M.P068,0,10454,0,0,10950,0,0,10559,0,0,13732,0,0,13754,0,0,9079,0,9985,9703,0.02824236354531795,8488,8251,0.027921771913289373,10484,10187,0.028328882106066433,9577,9330,0.025790957502349388,10633,10327,0.02877833160914134,,,,,49167,116326,0,37
TBK-MM,M.P069,0,22968,0,0,22466,0,0,22728,0,0,28869,0,0,23865,0,0,27451,0,51775,22242,0.570410429744085,24298,23637,0.027203885093423308,24219,23524,0.028696477971840273,22571,22030,0.023968809534358204,22472,21971,0.022294410822356725,,,,,145335,261751,0,136
TBK-MM,M.P070,0,2510,0,0,3433,0,0,3417,0,0,10931,0,0,3801,0,1092,1094,0,601,602,0,1561,1563,0,473,475,0,215,217,0,322,323,0,,,,,4264,28366,0,1
TBK-MM,M.P071,0,1502,0,0,1638,0,0,1574,0,0,1628,0,0,453,0,0,72,0,0,104,0,502,501,0.0019920318725099584,111,109,0.018018018018018056,111,110,0.009009009009009028,626,625,0.0015974440894568342,,,,,1350,8316,0,1
TBK-MM,M.P072,0,2671,0,0,3221,0,0,3287,0,0,3844,0,0,3024,0,2272,2276,0,2218,2211,0.003155996393147009,2952,2950,0.0006775067750677266,2742,2735,0.0025528811086797942,2622,2619,0.0011441647597254523,3296,3296,0,,,,,16102,32134,0,6
TBK-MM,M.P073,0,4048,0,0,4527,0,0,4278,0,0,4609,0,0,4610,0,0,4102,0,7632,3368,0.5587002096436059,3380,3313,0.019822485207100615,3748,3662,0.02294557097118466,3550,3472,0.021971830985915486,3444,3381,0.018292682926829285,,,,,21754,43370,0,91
TBK-MM,M.P076,0,4864,0,0,4851,0,0,5254,0,0,5746,0,0,6339,0,0,5316,0,5319,5125,0.03647302124459484,5317,5115,0.03799134850479591,5753,5514,0.04154354249956549,5369,5139,0.04283851741478861,4462,4273,0.04235768713581356,,,,,26220,57536,0,111
TBK-MM,M.P077,0,4151,0,0,4259,0,0,4349,0,0,7196,0,0,6992,0,0,1818,0,1040,997,0.04134615384615381,722,679,0.059556786703601095,2004,1878,0.06287425149700598,754,721,0.04376657824933683,708,666,0.05932203389830504,,,,,5228,33706,0,19
TBK-MM,M.P080,0,24237,0,0,27272,0,0,27425,0,0,32046,0,0,32035,0,34777,33856,0.026483020387037426,26146,25358,0.03013845330069609,30275,29517,0.02503715937241946,28702,27873,0.028883004668664225,27046,26148,0.03320269171041934,29450,28563,0.030118845500848868,,,,,176396,314330,0,121
TBK-MM,M.P081,0,23028,0,0,24079,0,0,24796,0,0,27045,0,0,28973,0,0,27719,0,55516,25251,0.5451581526046545,26828,25408,0.05292977486208439,28620,27122,0.052341020265548543,27296,25876,0.05202227432590856,27403,25849,0.05670911943947743,,,,,165663,285146,0,365
TBK-MM,M.P082,0,4823,0,0,4750,0,0,5477,0,0,8158,0,0,8314,0,6561,6527,0.005182136869379628,6404,6372,0.004996876951905094,4889,4859,0.006136224176723215,2003,1978,0.01248127808287569,2404,2383,0.008735440931780358,1727,1703,0.01389693109438328,,,,,23988,55344,0,1
TBK-MM,M.P083,0,35457,0,0,43248,0,0,45765,0,0,53500,0,0,50566,0,50379,49099,0.025407411818416437,43126,42921,0.004753512962018314,49197,47780,0.02880256926235336,43756,42819,0.02141420605174149,43499,42502,0.022920067127980004,44222,43300,0.020849351001763883,,,,,274179,496957,0,190
TBK-MM,M.P084,0,74795,0,0,79761,0,0,77835,0,0,92191,0,0,80459,0,87651,84165,0.039771365985556306,77405,74354,0.039416058394160625,85961,82465,0.04066960598410907,82673,79448,0.039009108173164164,80932,77487,0.04256659912024907,83156,79745,0.04101928904709218,,,,,497778,882705,0,493
TBK-MM,M.P085,0,29840,0,0,31215,0,0,30917,0,0,35787,0,0,39463,0,0,29759,0,28391,27481,0.03205241097530909,25230,24482,0.029647245342845796,29538,28511,0.034768772428735883,26566,25746,0.03086652111721755,24910,23970,0.037735849056603765,,,,,134635,327171,0,115
TBK-MM,M.P086,0,8008,0,0,8875,0,0,8377,0,0,9299,0,0,9736,0,0,7260,0,14324,6510,0.5455180117285674,7595,7286,0.040684660961158636,6603,6144,0.06951385733757387,5876,5396,0.08168822328114367,7463,7613,0,,,,,41861,84504,0,41
TBK-MM,M.P087,0,12046,0,0,13115,0,0,13687,0,0,14379,0,0,13309,0,0,9482,0,18934,9197,0.5142600612654484,9627,9504,0.01277656590838272,10012,9895,0.011685976827806588,9006,8903,0.01143681989784584,10510,10341,0.016079923882017177,,,,,58089,123858,0,86
TBK-MM,M.P089,0,4604,0,0,5382,0,0,5835,0,0,7734,0,0,4908,0,2007,1822,0.09217737917289481,1574,1545,0.01842439644218552,2505,2354,0.06027944111776451,1983,1868,0.05799293998991428,1529,1435,0.061478090255068674,2529,2383,0.057730328192961644,,,,,12127,39870,0,21
TBK-MM,M.P090,0,14686,0,0,15689,0,0,15405,0,0,15951,0,0,8729,0,1172,1133,0.03327645051194539,848,816,0.037735849056603765,3851,3683,0.04362503245910154,2368,2273,0.0401182432432432,629,596,0.05246422893481717,5829,5560,0.04614856750729113,,,,,14697,84521,0,25
TBK-MM,M.P091,0,930,0,0,1128,0,0,1214,0,0,1910,0,0,1010,0,720,686,0.047222222222222276,322,307,0.04658385093167705,705,651,0.07659574468085106,475,443,0.06736842105263163,339,322,0.05014749262536877,624,588,0.05769230769230771,,,,,3185,9189,0,11
TBK-MM,M.P092,0,839,0,0,923,0,0,850,0,0,1077,0,0,1105,0,870,866,0.0045977011494252595,764,753,0.014397905759162333,774,764,0.012919896640826822,763,754,0.011795543905635641,812,802,0.012315270935960632,800,791,0.011249999999999982,,,,,4783,9524,0,16
TBK-MM,M.P093,0,9870,0,0,9850,0,0,9351,0,0,10843,0,0,12197,0,0,11447,0,10887,10549,0.031046201892165004,11381,11041,0.029874351990159087,11431,11065,0.032018196133321686,11820,11448,0.03147208121827416,11476,11123,0.0307598466364587,,,,,56995,118784,0,153
TBK-MM,M.P094,0,3624,0,0,3751,0,0,3249,0,0,3474,0,0,3908,0,0,3585,0,4016,3798,0.054282868525896366,4026,3804,0.05514157973174372,4025,3796,0.05689440993788819,4049,3812,0.05853297110397626,4209,3966,0.05773342836778328,,,,,20325,40767,0,55
TBK-MM,M.P095,0,5339,0,0,5443,0,0,5123,0,0,5668,0,0,5827,0,0,1425,0,3138,1520,0.5156150414276609,1766,1659,0.06058890147225371,2961,2785,0.05943937858831472,2184,2048,0.06227106227106227,2312,2166,0.06314878892733566,,,,,12361,39003,0,27
TBK-MM,M.P096,0,4962,0,0,5669,0,0,4946,0,0,5878,0,0,5605,0,0,2748,0,5429,2605,0.5201694603057654,2595,2567,0.010789980732177296,3059,3024,0.011441647597253968,2540,2508,0.012598425196850394,2661,2632,0.010898158586997386,,,,,16284,43144,0,36
TBK-MM,M.P097,0,3837,0,0,4331,0,0,4394,0,0,5536,0,0,4208,0,3811,3729,0.021516662293361355,3454,3376,0.022582513028372886,3896,3806,0.0231006160164271,3521,3455,0.018744674808293116,3630,3564,0.018181818181818188,3657,3571,0.023516543614985008,,,,,21969,43807,0,83
TBK-MM,M.P098,0,64603,0,0,71800,0,0,73355,0,0,85608,0,0,81981,0,83644,79576,0.04863468987614172,71953,69638,0.03217378010645833,82722,79478,0.039215686274509776,74397,70783,0.04857722757638072,72612,69516,0.04263758056519584,73642,70519,0.04240786507699412,,,,,458970,816857,0,292
TBK-MM,M.P099,0,15120,0,0,14644,0,0,15113,0,0,16597,0,0,18820,0,0,16255,0,33129,16072,0.5148661293730568,16437,15960,0.0290198941412666,17712,17394,0.01795392953929542,17274,16820,0.026282273937709877,16690,16281,0.02450569203115638,,,,,101242,179076,0,137
TBK-MM,M.P101,0,1861,0,0,1769,0,0,1824,0,0,2031,0,0,2145,0,0,1987,0,4027,1954,0.5147752669481003,2019,1969,0.024764735017335338,2200,2150,0.022727272727272707,2212,2167,0.020343580470162714,2147,2105,0.01956217978574759,,,,,12605,21962,0,55
TBK-MM,M.P102,0,2432,0,0,2419,0,0,2385,0,0,2556,0,0,2950,0,0,2746,0,5369,2602,0.5153659899422611,2706,2696,0.003695491500369519,2816,2805,0.00390625,2710,2700,0.0036900369003689537,2504,2493,0.00439297124600635,,,,,16105,28784,0,15
TBK-MM,M.P103,0,2830,0,0,2849,0,0,2790,0,0,3144,0,0,3628,0,0,3206,0,6300,2926,0.5355555555555556,3283,3193,0.02741395065488883,3324,3224,0.030084235860409092,3158,3072,0.027232425585813846,3191,3105,0.026950799122532176,,,,,19256,33967,0,92
TBK-MM,M.P104,0,7698,0,0,8070,0,0,7936,0,0,7963,0,0,8902,0,0,8367,0,16397,7850,0.5212538879063243,8310,8215,0.011432009626955453,8499,8401,0.011530768325685337,8720,8619,0.011582568807339433,8174,8081,0.011377538536824106,,,,,50100,90102,0,57
TBK-MM,M.P105,0,2322,0,0,2760,0,0,2868,0,0,3222,0,0,1268,0,909,894,0.01650165016501648,748,732,0.021390374331550777,836,815,0.02511961722488043,760,745,0.019736842105263164,757,749,0.010568031704095149,1523,1483,0.02626395272488513,,,,,5533,17858,0,11
TBK-MM,M.P106,0,16398,0,0,17387,0,0,15126,0,0,18160,0,0,5454,0,2099,2103,0,524,543,0,1995,2012,0,1807,1798,0.004980630879911407,3301,3290,0.003332323538321691,8068,7293,0.09605850272682204,,,,,17794,89564,0,3
TBK-MM,M.P108,0,28901,0,0,30192,0,0,29975,0,0,34340,0,0,33795,0,0,32185,0,66418,30064,0.5473516215483755,32250,30853,0.04331782945736429,29925,28641,0.042907268170426116,29658,28360,0.04376559444332051,30502,28957,0.05065241623500094,,,,,188753,336263,0,129
TBK-MM,M.P109,0,11702,0,0,24513,0,0,15381,0,0,18630,0,0,12957,0,0,7834,0,14627,6438,0.559855062555548,10577,10237,0.03214522076203086,8573,8273,0.034993584509506626,6499,6362,0.02108016617941222,9501,9225,0.029049573729081124,,,,,49777,131552,0,31
TBK-MM,M.P110,0,10083,0,0,5760,0,0,16099,0,0,11984,0,0,11175,0,0,10049,0,19383,9185,0.5261311458494558,11741,11595,0.012435056639127806,12449,12302,0.011808177363643702,10291,10205,0.008356816635895492,11503,11375,0.011127531948187386,,,,,65367,119812,0,47
TBK-MM,M.P111,0,14244,0,0,13243,0,0,18065,0,0,28872,0,0,24758,0,23337,23262,0.0032137806916056055,14357,14307,0.003482621717629031,15405,15351,0.003505355404089583,12770,12723,0.003680501174628037,12884,12838,0.0035703197764669348,17158,17095,0.003671756614990085,,,,,95911,194758,0,1
TBK-MM,M.P112,0,38,0,0,245,0,0,670,0,0,852,0,0,855,0,184,182,0.010869565217391353,78,77,0.012820512820512775,100,99,0.010000000000000009,66,64,0.030303030303030276,72,71,0.01388888888888884,42,40,0.04761904761904767,,,,,542,3193,0,1
TBK-MM,M.P113,0,3254,0,0,3396,0,0,3106,0,0,4299,0,0,958,0,284,286,0,308,309,0,913,916,0,268,269,0,221,223,0,1314,1314,0,,,,,3308,18330,0,1
TBK-MM,M.P114,0,15774,0,0,17886,0,0,17740,0,0,22833,0,0,17967,0,16966,17042,0,15627,15702,0,17183,17262,0,16466,16549,0,16065,16143,0,17363,17447,0,,,,,99670,192345,0,1
TBK-MM,M.P115,0,8161,0,0,9356,0,0,9399,0,0,11363,0,0,7002,0,6347,6379,0,5777,5803,0,7318,7356,0,6209,6237,0,6219,6250,0,6915,6950,0,,,,,38785,84256,0,1
TBK-MM,M.P116,0,5637,0,0,6249,0,0,6045,0,0,7426,0,0,4805,0,4442,4436,0.0013507429085997114,4179,4175,0.0009571667863125244,4358,4357,0.00022946305644788723,3772,3903,0,3845,3841,0.001040312093628093,4471,4508,0,,,,,25067,55382,0,1
TBK-MM,M.P117,0,3852,0,0,2605,0,0,1215,0,0,1752,0,0,2692,0,3533,3533,0,3104,3104,0,3597,3597,0,3474,3474,0,3436,3434,0.0005820721769499437,3696,3696,0,,,,,20840,32954,0,1
TBK-MM,M.P118,0,6747,0,0,6397,0,0,6187,0,0,7689,0,0,6287,0,7090,7093,0,5859,5861,0,6908,6908,0,6937,6937,0,6808,6811,0,6805,6802,0.0004408523144746601,,,,,40407,73719,0,1
TBK-MM,M.P119,0,6580,0,0,7152,0,0,7085,0,0,7661,0,0,5518,0,5514,5525,0,3645,3653,0,4048,4056,0,3996,3995,0.00025025025025027237,3823,3823,0,3772,3772,0,,,,,24798,58820,0,1
TBK-MM,M.P120,0,4336,0,0,4900,0,0,4604,0,0,5608,0,0,4604,0,4544,4544,0,4384,4380,0.0009124087591241281,4796,4796,0,4588,4588,0,6088,6084,0.0006570302233902536,4440,4444,0,,,,,28840,52888,0,1
TBK-MM,M.P121,0,4002,0,0,4428,0,0,4390,0,0,6758,0,0,6335,0,4703,4707,0,3535,3539,0,4012,4015,0,3740,3745,0,3583,3587,0,3418,3422,0,,,,,22991,48928,0,1
TBK-MM,M.P122,0,2951,0,0,3091,0,0,3177,0,0,3853,0,0,3110,0,0,3159,0,0,2862,0,1053,3116,0,3013,3012,0.00033189512114173425,3151,3149,0.0006347191367819249,3254,3250,0.0012292562999385304,,,,,10471,34730,0,1
TBK-MM,M.P123,0,9636,0,0,10449,0,0,10675,0,0,13625,0,0,9163,0,8730,8719,0.0012600229095074411,8146,8136,0.0012275963663147538,9147,9135,0.0013119055428009174,8235,8224,0.001335761991499651,8330,8319,0.0013205282112844774,9100,9091,0.000989010989010941,,,,,51688,105172,0,1
TBK-MM,M.P124,0,12602,0,0,12763,0,0,13656,0,0,14775,0,0,13552,0,14347,14353,0,13257,13263,0,13594,13602,0,12302,12311,0,11291,11297,0,9400,9404,0,,,,,74191,141578,0,1
TBK-MM,M.P125,0,1510,0,0,1646,0,0,1681,0,0,2083,0,0,1940,0,1779,1769,0.005621135469364824,1710,1712,0,1883,1883,0,1776,1778,0,1738,1739,0,1670,1671,0,,,,,10556,19412,0,1
TBK-MM,M.P126,0,1440,0,0,1641,0,0,1776,0,0,2189,0,0,1384,0,992,994,0,824,826,0,897,900,0,849,851,0,814,815,0,1252,1254,0,,,,,5628,14070,0,1
TBK-MM,M.P127,0,1329,0,0,1486,0,0,1474,0,0,1880,0,0,1423,0,1295,1295,0,1100,1100,0,1194,1193,0.0008375209380234727,1081,1081,0,1115,1116,0,1193,1193,0,,,,,6978,14570,0,1
TBK-MM,M.P128,0,7157,0,0,7853,0,0,7377,0,0,7414,0,0,2818,0,0,787,0,0,834,0,0,1095,0,774,776,0,679,680,0,2065,2069,0,,,,,3518,38860,0,1
TBK-MM,M.P129,0,4682,0,0,4956,0,0,5600,0,0,5061,0,0,2078,0,0,788,0,0,634,0,0,845,0,746,748,0,863,864,0,3711,3710,0.0002694691457828524,,,,,5320,29966,0,1
TBK-MM,M.P130,0,1584,0,0,1682,0,0,1770,0,0,2157,0,0,1721,0,678,1588,0,1423,1428,0,1757,1758,0,1651,1653,0,1676,1679,0,1664,1667,0,,,,,8849,18687,0,1
TBK-MM,M.P131,0,1724,0,0,1932,0,0,1830,0,0,2239,0,0,1819,0,1927,1928,0,1748,1749,0,1812,1813,0,1584,1586,0,1399,1399,0,1360,1361,0,,,,,9830,19380,0,1
TBK-MM,M.P132,0,26321,0,0,27956,0,0,30125,0,0,35867,0,0,30641,0,31061,30975,0.0027687453720098842,27610,27537,0.002643969576240468,30906,30816,0.0029120559114734768,29039,28957,0.002823788697957963,28874,28791,0.0028745584262658275,29214,29140,0.0025330321078934626,,,,,176704,327126,0,1
TBK-MM,M.P133,0,19783,0,0,20657,0,0,20893,0,0,23910,0,0,19531,0,18199,18193,0.00032968844442005096,15914,15911,0.00018851325876589886,18942,18939,0.00015837820715869366,16554,16555,0,15978,15984,0,18272,18284,0,,,,,103859,208640,0,1
TBK-MM,M.P134,0,11972,0,0,12294,0,0,12095,0,0,14728,0,0,11122,0,9012,9034,0,7977,7995,0,9390,9414,0,8696,8716,0,8397,8416,0,9489,9509,0,,,,,52961,115295,0,1
TBK-MM,M.P135,0,8863,0,0,9069,0,0,8932,0,0,10794,0,0,9433,0,8788,8802,0,7821,7833,0,8982,8997,0,8254,8265,0,8299,8313,0,8344,8357,0,,,,,50488,97658,0,1
TBK-MM,M.P136,0,28083,0,0,30056,0,0,30721,0,0,36702,0,0,32671,0,32576,32554,0.0006753438113948906,29173,29154,0.0006512871490762517,32459,32438,0.0006469700237222709,30708,30689,0.000618731275237705,30078,30060,0.0005984440454817053,29968,29950,0.0006006406833956035,,,,,184962,343078,0,1
TBK-MM,M.P137,0,5317,0,0,5186,0,0,5439,0,0,6773,0,0,5978,0,6537,6552,0,5668,5681,0,6253,6268,0,5800,5814,0,5821,5836,0,5638,5650,0,,,,,35717,64494,0,1
TBK-MM,M.P138,0,6212,0,0,5933,0,0,5955,0,0,6575,0,0,5414,0,5274,5279,0,4647,4650,0,5094,5098,0,5146,5151,0,5242,5246,0,5181,5185,0,,,,,30584,60698,0,1
TBK-MM,M.P139,0,10429,0,0,10692,0,0,10966,0,0,13025,0,0,10158,0,9810,9804,0.0006116207951070152,8891,8885,0.0006748397255651462,9826,9819,0.0007123956849175439,8911,8906,0.0005611042531702415,8861,8855,0.0006771244780499064,9251,9184,0.007242460274564877,,,,,55550,110723,0,1
TBK-MM,M.P140,0,19609,0,0,20326,0,0,21185,0,0,25280,0,0,21747,0,21911,21905,0.00027383506001554814,22129,22121,0.00036151656197747073,22684,22673,0.0004849232939516668,20964,20955,0.00042930738408697433,20648,20638,0.00048430840759394744,21332,21319,0.0006094130883179671,,,,,129668,237758,0,1
TBK-MM,M.P141,0,10553,0,0,12153,0,0,11757,0,0,14518,0,0,12625,0,12260,12249,0.0008972267536704326,10876,10870,0.000551673409341702,12157,12146,0.0009048284938718565,11202,11195,0.0006248884127834087,11342,11333,0.000793510844648182,11659,11652,0.0006003945449867265,,,,,69496,131051,0,1
TBK-MM,M.P142,0,20682,0,0,22469,0,0,20978,0,0,25883,0,0,20192,0,19178,19225,0,17287,17330,0,20040,20094,0,18527,18576,0,19093,19149,0,19908,19968,0,,,,,114033,224546,0,1
TBK-MM,M.P143,0,6445,0,0,7351,0,0,7842,0,0,8744,0,0,6045,0,5348,5342,0.0011219147344802005,4734,4729,0.0010561892691169916,6080,6073,0.0011513157894736947,4836,4831,0.0010339123242348869,5118,5113,0.0009769441187964523,5924,5917,0.001181634031060086,,,,,32040,68432,0,1
TBK-MM,M.P144,0,7667,0,0,8452,0,0,8659,0,0,10465,0,0,9239,0,8425,8415,0.001186943620178016,7310,7302,0.0010943912448699855,9246,9235,0.0011897036556348661,8382,8372,0.0011930326890956522,8555,8545,0.0011689070718877703,8922,8909,0.0014570724052902495,,,,,50840,95260,0,1
TBK-MM,M.P145,0,7903,0,0,9264,0,0,9108,0,0,10154,0,0,8381,0,0,7991,0,0,6928,0,0,10138,0,6202,8692,0,8460,8448,0.0014184397163120588,9003,8988,0.001666111296234618,,,,,23665,95995,0,1
TBK-MM,M.P146,0,8005,0,0,8604,0,0,8597,0,0,10097,0,0,8146,0,7926,7914,0.0015140045420136694,7563,7550,0.0017188946185375809,8643,8629,0.001619807937058848,8021,8008,0.0016207455429497752,8145,8132,0.0015960712093309182,8609,8597,0.0013938901149959104,,,,,48907,92279,0,1
TBK-MM,M.P147,0,5111,0,0,5665,0,0,5350,0,0,6440,0,0,5329,0,0,5288,0,0,4621,0,5571,5568,0.000538502961766274,5162,5158,0.0007748934521503159,5523,5520,0.0005431830526887449,5324,5320,0.0007513148009016257,,,,,21580,59370,0,1
TBK-MM,M.P148,0,5013,0,0,5350,0,0,4170,0,0,7885,0,0,5488,0,5632,5633,0,4886,4887,0,5514,5514,0,5439,5441,0,5508,5508,0,5442,5444,0,,,,,32421,60333,0,1
TBK-MM,M.P149,0,11868,0,0,13144,0,0,12872,0,0,15376,0,0,11964,0,11440,11472,0,10000,10012,0,11724,11732,0,10912,10924,0,11632,11644,0,11884,11896,0,,,,,67592,132904,0,1
TBK-MM,M.P150,0,13632,0,0,14798,0,0,14250,0,0,16945,0,0,15156,0,0,13555,0,14322,14328,0,14936,14942,0,13838,13845,0,14003,14010,0,14580,14586,0,,,,,71679,160047,0,1
TBK-MM,M.P151,0,10520,0,0,11484,0,0,11536,0,0,13224,0,0,10896,0,10908,10912,0,9976,9972,0.000400962309542896,11296,11292,0.0003541076487252326,10820,10824,0,10940,10936,0.000365630712979903,10648,10648,0,,,,,64588,122244,0,1
TBK-MM,M.P152,0,6666,0,0,7051,0,0,6731,0,0,8024,0,0,6903,0,7021,7015,0.0008545791197834829,6365,6358,0.0010997643362136156,7859,7852,0.0008906985621580654,6995,6988,0.0010007147962830532,6479,6473,0.0009260688377835669,6646,6640,0.0009027986758952666,,,,,41365,76701,0,1
TBK-MM,M.P153,0,6252,0,0,6572,0,0,6652,0,0,7940,0,0,6828,0,6784,6776,0.001179245283018826,5784,5780,0.0006915629322268302,6652,6644,0.0012026458208057589,5956,5948,0.001343183344526544,6252,6244,0.001279590531030106,6216,6208,0.0012870012870013214,,,,,37644,71844,0,1
TBK-MM,M.P154,0,11028,0,0,12100,0,0,11824,0,0,14204,0,0,11744,0,11696,11688,0.0006839945280437965,10572,10568,0.0003783579265985715,11860,11852,0.0006745362563237434,11200,11192,0.0007142857142856673,11352,11344,0.0007047216349541641,11968,11960,0.0006684491978609097,,,,,68648,129504,0,1
TBK-MM,M.P155,0,6980,0,0,7975,0,0,7714,0,0,9017,0,0,7397,0,6999,6996,0.0004286326618088143,6392,6389,0.00046933667083859376,7254,7251,0.00041356492969391034,6647,6645,0.00030088761847446577,7067,7063,0.0005660110372152083,6714,6711,0.00044682752457547714,,,,,41073,80138,0,1
TBK-MM,M.P156,0,12028,0,0,13015,0,0,13495,0,0,16093,0,0,13890,0,12947,12942,0.00038618985093075153,11131,11225,0,12183,12187,0,10777,10670,0.009928551544956865,11212,11210,0.00017838030681416317,11250,11248,0.0001777777777778322,,,,,69500,138003,0,1
TBK-MM,M.P157,0,17330,0,0,19003,0,0,18730,0,0,19446,0,0,21251,0,18150,18166,0,16816,16841,0,18492,18503,0,17908,17924,0,17935,17953,0,18003,18019,0,,,,,107304,203166,0,1
TBK-MM,M.P158,0,9088,0,0,10114,0,0,10484,0,0,12807,0,0,10547,0,5020,10375,0,9205,9215,0,10534,10545,0,9993,10003,0,10456,10466,0,10260,10270,0,,,,,55468,113914,0,1
TBK-MM,M.P159,0,5052,0,0,5623,0,0,5863,0,0,7121,0,0,5937,0,2642,5637,0,8108,5105,0.3703749383325111,5666,5896,0,5550,5312,0.04288288288288289,5513,5510,0.0005441683294031829,5503,5498,0.0009085953116482193,,,,,32982,62554,0,1
TBK-MM,M.P160,0,673,0,0,666,0,0,679,0,0,744,0,0,649,0,0,450,0,0,190,0,175,176,0,116,117,0,66,67,0,154,154,0,,,,,511,4565,0,1
TBK-MM,M.P161,0,4744,0,0,5222,0,0,5310,0,0,6426,0,0,4098,0,3725,3364,0.0969127516778523,2714,2717,0,3891,3898,0,2904,2908,0,3300,3305,0,4064,4070,0,,,,,20598,46062,0,1
TBK-MM,M.P162,0,6507,0,0,7259,0,0,6804,0,0,8138,0,0,6536,0,5934,5934,0,5216,5216,0,6426,6425,0.00015561780267658865,5598,5597,0.00017863522686678568,5988,5987,0.00016700066800268143,6391,6390,0.00015647003598806553,,,,,35553,70793,0,1
TBK-MM,M.P163,0,8800,0,0,9648,0,0,10079,0,0,12732,0,0,8743,0,7762,7754,0.0010306622004637722,6634,6628,0.0009044317154054404,7842,7834,0.0010201479214485554,6673,6668,0.0007492881762325432,6827,6822,0.0007323861139593157,7429,7425,0.0005384304751648861,,,,,43167,93133,0,1
TBK-MM,M.P164,0,123,0,0,130,0,0,134,0,0,131,0,0,136,0,115,115,0,95,96,0,112,112,0,110,110,0,114,114,0,138,139,0,,,,,684,1340,0,1
TBK-MM,M.P165,0,542,0,0,794,0,0,1017,0,0,990,0,0,431,0,152,153,0,96,97,0,130,130,0,113,115,0,103,104,0,115,117,0,,,,,709,4490,0,1
TBK-MM,M.P166,0,11169,0,0,12393,0,0,12429,0,0,13926,0,0,10723,0,10540,10551,0,9549,9560,0,11859,11873,0,9887,9896,0,10593,10601,0,11527,11533,0,,,,,63955,124654,0,1
TBK-MM,M.P167,0,6366,0,0,6920,0,0,6573,0,0,9112,0,0,5774,0,0,4927,0,5100,5101,0,5550,5549,0.00018018018018017834,5085,5087,0,4998,5000,0,5415,5416,0,,,,,26148,65825,0,1
TBK-MM,M.P168,0,1016,0,0,1149,0,0,1184,0,0,1467,0,0,1021,0,0,909,0,780,781,0,960,959,0.0010416666666667185,805,805,0,855,855,0,1025,1025,0,,,,,4425,11171,0,1
TBK-MM,M.P169,0,8867,0,0,10033,0,0,9956,0,0,11985,0,0,10076,0,0,9209,0,9153,9156,0,9729,9734,0,9160,9164,0,9403,9407,0,9262,9267,0,,,,,46707,106854,0,1
TBK-MM,M.P170,0,4633,0,0,5014,0,0,4741,0,0,5564,0,0,4866,0,0,4711,0,4567,4571,0,4880,4882,0,4340,4342,0,4658,4661,0,4680,4681,0,,,,,23125,52666,0,1
TBK-MM,M.P171,0,6626,0,0,7301,0,0,7761,0,0,9291,0,0,7639,0,0,7316,0,6866,6879,0,7406,7419,0,6840,6853,0,7459,7502,0,6640,6621,0.0028614457831325213,,,,,35211,81208,0,1
TBK-MM,M.P172,0,2735,0,0,3189,0,0,3227,0,0,3965,0,0,3268,0,0,3039,0,2530,2526,0.0015810276679841806,2933,2928,0.0017047391749062113,2699,2708,0,2723,2706,0.006243114212265866,2825,2821,0.001415929203539834,,,,,13710,33112,0,1
TBK-MM,M.P173,0,2995,0,0,3197,0,0,3136,0,0,3743,0,0,3601,0,0,3613,0,3216,3213,0.000932835820895539,3630,3625,0.0013774104683195176,3286,3283,0.0009129640900791269,3450,3449,0.00028985507246381825,3400,3394,0.0017647058823528905,,,,,16982,37249,0,1
TBK-MM,M.P174,0,6748,0,0,7360,0,0,7423,0,0,8501,0,0,8157,0,0,8213,0,7121,7122,0,8249,8250,0,7633,7636,0,7895,7899,0,7775,7779,0,,,,,38673,85088,0,1
TBK-MM,M.P175,0,6044,0,0,6647,0,0,6593,0,0,8395,0,0,6898,0,0,5910,0,0,4969,0,6329,6332,0,5336,5339,0,5611,5615,0,5696,5701,0,,,,,22972,68443,0,1
TBK-MM,M.P176,0,3342,0,0,3870,0,0,4091,0,0,4637,0,0,4216,0,0,4281,0,0,3520,0,4241,4241,0,3736,3736,0,3632,3632,0,4133,4132,0.00024195499637069684,,,,,15742,43698,0,1
TBK-MM,M.P177,0,4637,0,0,5137,0,0,4920,0,0,5929,0,0,5150,0,0,5054,0,0,4580,0,5130,5134,0,4915,4918,0,4956,4958,0,4887,4892,0,,,,,19888,55309,0,1
TBK-MM,M.P178,0,3188,0,0,3501,0,0,3522,0,0,4247,0,0,3551,0,0,3525,0,0,3106,0,3501,3500,0.0002856326763781558,3350,2193,0.34537313432835826,3413,4377,0,3353,3359,0,,,,,13617,38069,0,1
TBK-MM,M.P179,0,3808,0,0,4325,0,0,4469,0,0,5070,0,0,3098,0,0,2762,0,0,2530,0,3142,3141,0.0003182686187142014,2552,2551,0.00039184952978055243,2566,2566,0,3069,3069,0,,,,,11329,37389,0,1
TBK-MM,M.P180,0,1028,0,0,1048,0,0,1045,0,0,1237,0,0,1081,0,0,1221,0,0,1090,0,1296,1296,0,1133,1132,0.0008826125330979595,1012,1014,0,1175,1176,0,,,,,4616,12368,0,1
TBK-MM,M.P181,0,5775,0,0,6678,0,0,6619,0,0,7830,0,0,6383,0,0,6061,0,0,5196,0,6598,6595,0.0004546832373446552,5938,5936,0.0003368137420006745,6216,6213,0.0004826254826254539,6048,6045,0.0004960317460317443,,,,,24800,69331,0,1
TBK-MM,M.P182,0,9280,0,0,9974,0,0,9945,0,0,11685,0,0,10078,0,0,10076,0,0,7721,0,11193,11184,0.0008040739748056414,9418,9411,0.0007432575918453477,9343,9334,0.0009632880231189578,9738,9727,0.001129595399465999,,,,,39692,108415,0,1
TBK-MM,M.P183,0,2154,0,0,2619,0,0,2601,0,0,3230,0,0,2857,0,0,2767,0,0,2151,0,3153,0,1,2731,6698,0,2644,0,1,2750,4581,0,,,,,11278,29658,0,1
TBK-MM,M.P184,0,14108,0,0,16268,0,0,15266,0,0,17522,0,0,15395,0,0,15203,0,0,13233,0,17187,17209,0,15887,15904,0,16799,16816,0,17633,17648,0,,,,,67506,174572,0,1
TBK-MM,M.P185,0,3404,0,0,3440,0,0,3281,0,0,3896,0,0,2927,0,0,2712,0,0,2273,0,3294,3292,0.0006071645415908211,2694,2693,0.00037119524870077303,2592,2591,0.0003858024691357764,3199,3199,0,,,,,11779,33708,0,1
TBK-MM,M.P186,0,7103,0,0,7602,0,0,7517,0,0,8879,0,0,7771,0,0,8236,0,0,6452,0,9135,9142,0,7561,7567,0,7894,7899,0,8016,8022,0,,,,,32606,86190,0,1
TBK-MM,M.P187,0,12896,0,0,13500,0,0,13206,0,0,14860,0,0,12945,0,12759,12772,0,11600,11611,0,13287,13301,0,12769,12779,0,13035,13048,0,13424,13437,0,,,,,76874,144355,0,1
TBK-MM,M.P188,0,3034,0,0,3433,0,0,3445,0,0,4080,0,0,3307,0,3255,3254,0.0003072196620583778,3001,3000,0.0003332222592469236,3309,3308,0.0003022061045633295,3192,3191,0.00031328320802004317,3223,3222,0.000310269934843288,3280,3279,0.00030487804878043256,,,,,19260,36553,0,1
TBK-MM,M.P189,0,4073,0,0,5064,0,0,4866,0,0,4946,0,0,4238,0,4030,4032,0,3721,3724,0,4405,4408,0,3940,3943,0,4055,4057,0,4380,4383,0,,,,,24531,47734,0,1
TBK-MM,M.P190,0,4385,0,0,4539,0,0,4399,0,0,5404,0,0,5071,0,4491,4480,0.0024493431307058833,4217,4207,0.002371354043158691,4599,4588,0.002391824309632584,4382,4371,0.0025102692834322315,4396,4386,0.0022747952684258888,4739,4727,0.002532179784764721,,,,,26824,50557,0,1
TBK-MM,M.P191,0,0,,0,0,,0,0,,0,0,,0,0,,0,0,,0,0,,0,0,,0,0,,0,0,,0,0,,,,,,0,0,,0
TBK-MM,M.P192,0,278,0,0,309,0,0,290,0,0,311,0,0,270,0,100,101,0,0,0,,0,0,,0,0,,0,0,,0,0,,,,,,100,1559,0,1
TBK-MM,M.P193,0,4844,0,0,4986,0,0,4727,0,0,6519,0,0,1679,0,424,426,0,492,492,0,1338,1338,0,238,239,0,410,411,0,1546,1547,0,,,,,4448,27208,0,1
TBK-MM,M.P194,0,1146,0,0,1548,0,0,1930,0,0,3465,0,0,1502,0,704,705,0,550,551,0,622,623,0,458,459,0,422,423,0,1004,1006,0,,,,,3760,13358,0,1
TBK-MM,M.P195,0,3996,0,0,4370,0,0,3869,0,0,4781,0,0,3745,0,3627,3631,0,3220,3223,0,3801,3805,0,3335,3339,0,3550,3553,0,3863,3868,0,,,,,21396,42180,0,1
TBK-MM,M.P196,0,1863,0,0,1934,0,0,2067,0,0,2416,0,0,1974,0,1976,1974,0.0010121457489878916,1831,1824,0.0038230475150191623,1867,1861,0.0032137118371718953,1854,1846,0.004314994606256728,1921,1915,0.003123373243102523,1843,1837,0.0032555615843733454,,,,,11292,21511,0,1
TBK-MM,M.P197,0,1686,0,0,1962,0,0,2021,0,0,3251,0,0,1872,0,0,1565,0,2942,1263,0.570700203942896,1412,1357,0.038951841359773365,1589,1524,0.040906230333543125,1383,1327,0.04049168474331166,1457,1406,0.03500343170899112,,,,,8783,19234,0,13
TBK-MM,MB09,0,0,,0,0,,0,0,,0,0,,0,0,,0,0,,0,0,,0,0,,0,0,,0,0,,0,0,,,,,,0,0,,0
TBK-HQ,MV01,0,7046,0,0,6069,0,0,3789,0,0,3769,0,2877,2877,0,2784,2784,0,2361,2360,0.00042354934349853046,2436,2436,0,2365,2366,0,2258,2257,0.0004428697962799433,2261,2261,0,,,,,17342,38014,0,1
TBK-HQ,MV02,0,115361,0,0,92240,0,0,82481,0,0,104552,0,99066,99044,0.0002220741727737563,107161,107143,0.00016797155681635978,100432,100419,0.00012944081567622945,104026,104005,0.0002018726087709144,76131,76130,1.3135253707385885e-05,65673,65664,0.00013704262025493463,89462,89448,0.00015649102412196303,,,,,641951,1036487,0,1
TBK-HQ,MV04,0,0,,0,0,,0,0,,0,0,,0,0,,0,0,,0,0,,0,0,,0,0,,0,0,,0,0,,,,,,0,0,,0
TBK-HQ,MV05,0,0,,0,0,,0,0,,0,0,,0,0,,0,0,,0,0,,0,0,,0,0,,0,0,,0,0,,,,,,0,0,,0
TBK-HQ,MV06,0,0,,0,0,,0,0,,0,0,,0,0,,0,0,,0,0,,0,0,,0,0,,0,0,,0,0,,,,,,0,0,,0
TBK-HQ,MV07,0,202460,0,0,226360,0,0,228610,0,0,264550,0,220192,224460,0,235683,240440,0,197471,201810,0,240924,245680,0,208800,213329,0,202028,206200,0,221677,226311,0,,,,,1526775,2480210,0,1
TBK-HQ,MV08,0,17143,0,0,18755,0,0,19248,0,0,24347,0,20111,20093,0.0008950325692407279,20052,20041,0.0005485737083582576,17240,17223,0.0009860788863108594,19740,19721,0.0009625126646403137,17182,17166,0.0009312070771737568,16630,16622,0.00048105832832234796,18541,18536,0.0002696726174423736,,,,,129496,208895,0,1
TBK-HQ,MV09,0,0,,0,0,,0,4781,0,0,7235,0,29148,29125,0.0007890764374913761,51650,51611,0.0007550822846079663,31128,31100,0.0008995116936519887,31193,31166,0.0008655788157599931,38533,38501,0.0008304570108738085,11248,11236,0.001066856330014243,12897,12881,0.0012405985888190862,,,,,205797,217636,0,1
TBK-HQ,MV10,0,37181,0,0,38479,0,0,38232,0,0,29659,0,35847,35813,0.0009484754651714056,43677,43645,0.0007326510520411222,37696,37664,0.000848896434634927,37275,37244,0.000831656606304465,28227,28202,0.0008856768342366816,20573,20556,0.0008263257667816548,34769,34743,0.0007477925738444968,,,,,238064,381418,0,1
TBK-HQ,MV12,0,2551,0,0,1302,0,0,5703,0,0,17877,0,19424,19426,0,22785,22790,0,17406,17407,0,4309,4310,0,2422,2422,0,1454,1454,0,1762,1762,0,,,,,69562,97004,0,1
TBK-HQ,MV13,0,173389,0,0,189997,0,0,212907,0,0,303863,0,246021,248898,0,215340,218087,0,175485,177872,0,192687,195292,0,173422,175779,0,179272,181798,0,184954,187554,0,,,,,1367181,2265436,0,1
TBK-HQ,MV14,0,0,,0,0,,0,0,,0,0,,0,0,,0,0,,0,0,,0,0,,0,0,,0,0,,0,0,,,,,,0,0,,0
TBK-HQ,MV15,0,95264,0,0,103456,0,0,100869,0,0,119116,0,77216,77151,0.000841794446746813,69471,69387,0.0012091376257719055,57193,57076,0.0020457048939555023,72578,72474,0.0014329411116316138,63902,63761,0.002206503708804153,65137,65001,0.0020879070267282307,70650,70522,0.0018117480537862551,,,,,476147,894077,0,1
TBK-HQ,MV16,0,95666,0,0,95808,0,0,76276,0,0,53593,0,72584,72653,0,91248,91624,0,74566,74321,0.0032856798004452514,85697,85774,0,89205,89361,0,52932,52983,0,87672,87833,0,,,,,553904,875892,0,1
TBK-HQ,MV17,0,300533,0,0,325375,0,0,320640,0,0,395470,0,324413,324360,0.00016337199803950764,310691,310641,0.00016093160085095537,281898,281845,0.00018801126648648747,316420,316373,0.00014853675494597152,296804,296748,0.0001886767024703584,305201,305134,0.00021952745895326142,303750,303698,0.00017119341563787138,,,,,2139177,3480817,0,1
TBK-HQ,MV18,0,437006,0,0,476534,0,0,496229,0,0,54365,0,483219,483383,0,466114,466220,0,481496,481512,0,570612,570785,0,537297,537380,0,546619,546799,0,515755,515808,0,,,,,3601112,5066021,0,1
TBK-HQ,MV19,0,0,,0,0,,0,0,,0,0,,0,0,,0,0,,0,0,,0,0,,0,0,,0,0,,0,0,,,,,,0,0,,0
TBK-HQ,MV20,0,3976,0,0,3741,0,0,1747,0,0,3861,0,2828,2817,0.0038896746817539407,4415,4425,0,1628,1646,0,1417,1393,0.016937191249117856,1204,1173,0.02574750830564787,1189,1214,0,1018,1015,0.0029469548133594925,,,,,13699,27008,0,1
TBK-HQ,MV21,0,23637,0,0,45927,0,0,42055,0,0,47860,0,46289,46299,0,26260,26254,0.00022848438690026285,37438,37436,5.3421657139840484e-05,22579,22589,0,17866,17863,0.00016791671331017888,14673,14680,0,11610,11610,0,,,,,176715,336210,0,1
TBK-HQ,MV22,0,0,,0,0,,0,0,,0,0,,0,0,,0,0,,0,0,,0,0,,0,0,,0,0,,0,0,,,,,,0,0,,0
TBK-HQ,P001,0,26371,0,0,48651,0,0,28371,0,0,55533,0,40761,40799,0,36511,36551,0,49175,49228,0,29842,29865,0,52515,52586,0,23434,23467,0,33665,33615,0.0014852220406951222,,,,,265903,425037,0,1
TBK-HQ,P002,0,19189,0,0,20946,0,0,23642,0,0,30558,0,25973,26015,0,25031,25069,0,21837,21863,0,23806,23841,0,20694,20722,0,21436,21465,0,21301,21327,0,,,,,160078,254637,0,1
TBK-HQ,P003,0,19683,0,0,21386,0,0,21062,0,0,25752,0,25151,25152,0,23598,23604,0,20683,20689,0,23870,23875,0,21597,21603,0,21828,21832,0,22678,22680,0,,,,,159405,247318,0,1
TBK-HQ,P004,0,13188,0,0,14354,0,0,14246,0,0,18153,0,15095,15094,6.624710168934289e-05,13994,13979,0.0010718879519794333,12305,12298,0.0005688744412840618,14834,14826,0.000539301604422282,13227,13218,0.0006804264005443317,13006,12997,0.0006919883130862559,13089,13082,0.0005348002139200503,,,,,95550,155435,0,1
TBK-HQ,P005,0,16174,0,0,18242,0,0,17999,0,0,20330,0,17020,17056,0,17022,17052,0,15914,15936,0,17103,17086,0.000993977664737189,16129,16174,0,15592,15606,0,16267,16279,0,,,,,115047,187934,0,1
TBK-HQ,P006,0,7329,0,0,7724,0,0,7154,0,0,9466,0,7981,7984,0,7948,7950,0,6929,6930,0,9583,9588,0,8206,8209,0,8804,8806,0,10133,10133,0,,,,,59584,91273,0,1
TBK-HQ,P007,0,29594,0,0,31548,0,0,33586,0,0,39454,0,33400,33358,0.001257485029940164,33299,33257,0.0012612991381122374,29989,29965,0.0008002934409283569,33284,33231,0.0015923566878981443,31585,31557,0.0008864967547886904,31315,31287,0.0008941401884081657,31322,31301,0.0006704552710554701,,,,,224194,358138,0,1
TBK-HQ,P008,0,20855,0,0,21782,0,0,21559,0,0,24205,0,22857,22900,0,22455,22499,0,20452,20493,0,24073,24120,0,22103,22150,0,22213,22263,0,24845,24903,0,,,,,158998,247729,0,1
TBK-HQ,P009,0,17523,0,0,18606,0,0,18615,0,0,21869,0,20164,20133,0.0015373933743304535,19332,19300,0.001655286571487724,16674,16642,0.0019191555715485364,18865,18833,0.0016962629207527558,17413,17381,0.001837707459943716,16895,16868,0.0015981059485055127,18452,18421,0.0016800346845869951,,,,,127795,204191,0,1
TBK-HQ,P010,0,11236,0,0,11913,0,0,11416,0,0,14409,0,12236,12266,0,11937,11968,0,10983,11010,0,12238,12270,0,11571,11599,0,11786,11814,0,11720,11746,0,,,,,82471,131647,0,1
TBK-HQ,P011,0,22317,0,0,23716,0,0,23032,0,0,27000,0,25893,25903,0,25923,25938,0,23593,23612,0,25606,25623,0,24933,24951,0,25232,25249,0,25122,25138,0,,,,,176302,272479,0,1
TBK-HQ,P012,0,32098,0,0,33590,0,0,35163,0,0,25816,0,38214,48210,0,35016,35023,0,34247,34239,0.00023359710339587725,39758,39571,0.004703455908244836,31024,31218,0,27767,27774,0,36314,36315,0,,,,,242340,379017,0,1
TBK-HQ,P013,0,10776,0,0,11555,0,0,11485,0,0,13447,0,12235,12220,0.001225991009399241,11176,11163,0.0011632068718683275,9531,9521,0.001049207848074718,10983,10970,0.0011836474551579768,10119,10108,0.0010870639391243886,9799,9988,0,10787,10579,0.01928246963938074,,,,,74630,121812,0,1
TBK-HQ,P014,0,12804,0,0,13560,0,0,14892,0,0,17966,0,14847,14849,0,14179,14183,0,11626,11628,0,13546,13548,0,12750,12752,0,12784,12786,0,6807,12774,0,,,,,86539,151742,0,1
TBK-HQ,P015,0,20764,0,0,23004,0,0,23729,0,0,27954,0,24852,24852,0,24393,24393,0,21862,21856,0.0002744488152959246,24831,24836,0,23789,23787,8.407247046959831e-05,24968,24969,0,24642,24645,0,,,,,169337,264789,0,1
TBK-HQ,P016,0,4839,0,0,5195,0,0,5170,0,0,6646,0,5425,5426,0,5390,5389,0.00018552875695732052,5218,5217,0.00019164430816409617,6080,6078,0.0003289473684210398,5976,5975,0.00016733601070950677,6045,6044,0.00016542597187763075,6053,6053,0,,,,,40187,62032,0,1
TBK-HQ,P017,0,14598,0,0,15283,0,0,15130,0,0,18705,0,16473,16565,0,16640,16729,0,15517,15600,0,17237,17328,0,16536,16626,0,16451,16542,0,16391,16487,0,,,,,115245,179593,0,1
TBK-HQ,P018,0,6822,0,0,7281,0,0,6954,0,0,8166,0,6846,6870,0,6666,6687,0,6186,6207,0,6759,6783,0,6285,6303,0,6294,6315,0,6351,6375,0,,,,,45387,74763,0,1
TBK-HQ,P019,0,26300,0,0,28799,0,0,27692,0,0,33255,0,28574,28580,0,19656,19675,0,13259,13281,0,15268,15296,0,14377,14401,0,14312,14336,0,14672,14695,0,,,,,120118,236310,0,1
TBK-MM,P01B,0,0,,0,0,,0,0,,0,0,,0,0,,0,0,,0,0,,0,0,,0,0,,0,0,,0,0,,,,,,0,0,,0
TBK-HQ,P020,0,33363,0,0,36818,0,0,35755,0,0,43309,0,37979,38015,0,36449,36478,0,33148,33175,0,35635,35666,0,35895,35925,0,34561,34594,0,33970,34000,0,,,,,247637,397098,0,1
TBK-HQ,P021,0,971,0,0,987,0,0,1012,0,0,1262,0,1158,1158,0,1156,1156,0,1089,1088,0.0009182736455464191,1355,1354,0.0007380073800737907,1431,1431,0,1416,1415,0.0007062146892655718,1443,1442,0.0006930006930007115,,,,,9048,13276,0,1
TBK-HQ,P022,0,1360,0,0,708,0,0,586,0,0,652,0,730,732,0,851,852,0,833,836,0,941,941,0,1177,1178,0,987,988,0,805,806,0,,,,,6324,9639,0,1
TBK-HQ,P023,0,8946,0,0,9720,0,0,9638,0,0,12111,0,10034,10083,0,10333,10280,0.005129197716055356,9065,9063,0.00022062879205730912,10595,10593,0.00018876828692782066,9786,9783,0.0003065603923972926,10360,10358,0.00019305019305015936,10713,10710,0.00028003360403250355,,,,,70886,111285,0,1
TBK-HQ,P024,0,2351,0,0,2780,0,0,2451,0,0,3235,0,3099,2798,0.09712810584059373,2654,2655,0,2198,2199,0,2377,2378,0,2332,2332,0,2383,2384,0,2447,2447,0,,,,,17490,28010,0,1
TBK-HQ,P025,0,9048,0,0,10333,0,0,10131,0,0,12182,0,10467,10485,0,10232,10247,0,9015,9027,0,10354,10369,0,9790,9803,0,10069,10083,0,10031,10045,0,,,,,69958,111753,0,1
TBK-HQ,P026,0,8888,0,0,9878,0,0,9923,0,0,11974,0,10559,10571,0,10500,10511,0,8740,8750,0,10637,10648,0,9471,9482,0,9284,9295,0,9169,9180,0,,,,,68360,109100,0,1
TBK-HQ,P027,0,9136,0,0,10005,0,0,11053,0,0,13567,0,11641,11622,0.0016321621853793156,12237,12261,0,10123,10125,0,11422,11424,0,9929,9932,0,10351,10352,0,10493,10495,0,,,,,76196,119972,0,1
TBK-HQ,P028,0,7995,0,0,8560,0,0,8752,0,0,10345,0,9161,9167,0,9224,9159,0.007046834345186492,8120,8198,0,9230,9238,0,7581,7586,0,8150,8155,0,8953,8960,0,,,,,60419,96115,0,1
TBK-HQ,P029,0,9506,0,0,9943,0,0,10363,0,0,12209,0,10852,10861,0,11153,11162,0,9952,9959,0,10913,10922,0,10756,10763,0,10927,10936,0,11003,11012,0,,,,,75556,117636,0,1
TBK-CK,P02B,0,0,,0,0,,0,0,,0,0,,0,0,,0,0,,0,0,,0,0,,0,0,,0,0,,0,0,,,,,,0,0,,0
TBK-HQ,P030,0,5998,0,0,6459,0,0,6840,0,0,7885,0,6501,6501,0,6233,6233,0,5357,5358,0,5960,5960,0,5537,5538,0,5609,5609,0,5778,5779,0,,,,,40975,68160,0,1
TBK-HQ,P031,0,7045,0,0,7206,0,0,7086,0,0,8553,0,8032,8031,0.00012450199203184464,7890,7890,0,6784,6782,0.0002948113207547065,7683,7683,0,7126,7125,0.00014033118158851554,7220,7219,0.0001385041551246191,7471,7470,0.00013385089010842233,,,,,52206,82090,0,1
TBK-HQ,P032,0,6334,0,0,7037,0,0,6837,0,0,9230,0,7849,7854,0,7760,7764,0,7041,7044,0,8271,8275,0,8147,8151,0,8416,8419,0,7996,8001,0,,,,,55480,84946,0,1
TBK-HQ,P033,0,7929,0,0,8746,0,0,8858,0,0,10326,0,9226,8731,0.05365272057229564,8805,9332,0,8111,8124,0,9231,9247,0,8654,8666,0,9251,9264,0,9442,9452,0,,,,,62720,98675,0,1
TBK-HQ,P034,0,5635,0,0,6147,0,0,5900,0,0,6871,0,5195,5201,0,4598,4603,0,4495,4500,0,4943,4949,0,4863,4868,0,4935,4940,0,4903,4910,0,,,,,33932,58524,0,1
TBK-HQ,P035,0,22376,0,0,24386,0,0,24489,0,0,28956,0,23559,23605,0,22976,22853,0.005353412256267398,20470,20435,0.0017098192476795449,23440,23400,0.0017064846416382506,22460,22419,0.0018254674977737917,22939,22896,0.001874536815031136,22177,22130,0.0021193128015511986,,,,,158021,257945,0,1
TBK-HQ,P036,0,6681,0,0,7164,0,0,6663,0,0,8052,0,6939,6951,0,6678,6663,0.002246181491464494,6213,6225,0,6795,6792,0.00044150110375273943,6462,6459,0.0004642525533889996,6552,6549,0.00045787545787545625,6633,6633,0,,,,,46272,74832,0,1
TBK-HQ,P037,0,14024,0,0,14533,0,0,14583,0,0,17831,0,16066,16072,0,14993,14999,0,13786,13797,0,15998,16006,0,14612,14617,0,15166,15171,0,15731,15733,0,,,,,106352,167366,0,1
TBK-HQ,P038,0,9102,0,0,10074,0,0,10713,0,0,12393,0,0,11169,0,11403,11305,0.008594229588704705,9042,8951,0.010064145100641464,9888,9787,0.010214401294498354,9604,9506,0.010204081632653073,9309,9215,0.010097754860887265,9533,9437,0.010070282177698564,,,,,58779,111652,0,1
TBK-HQ,P039,0,4638,0,0,4907,0,0,5421,0,0,6764,0,5265,5269,0,4599,4602,0,4837,4841,0,5585,5592,0,5375,5377,0,5652,5655,0,5693,5695,0,,,,,37006,58761,0,1
TBK-CK,P03B,0,0,,0,0,,0,0,,0,0,,0,0,,0,0,,0,0,,0,0,,0,0,,0,0,,0,0,,,,,,0,0,,0
TBK-HQ,P040,0,4384,0,0,4502,0,0,4271,0,0,5512,0,4447,4450,0,4631,4635,0,4185,4189,0,4791,4797,0,4603,4608,0,5023,5029,0,4967,4972,0,,,,,32647,51349,0,1
TBK-HQ,P041,0,10833,0,0,10878,0,0,11319,0,0,13509,0,11436,11421,0.0013116474291710034,11538,11634,0,10485,10344,0.013447782546495035,11568,11547,0.0018153526970954292,10695,10674,0.001963534361851371,10620,10605,0.0014124293785310327,11322,11280,0.0037095919448860704,,,,,77664,124044,0,1
TBK-HQ,P042,0,7333,0,0,7910,0,0,7836,0,0,9167,0,7798,7814,0,7611,7625,0,7045,7055,0,7983,7997,0,7792,7804,0,7721,7735,0,7863,7877,0,,,,,53813,86153,0,1
TBK-HQ,P043,0,7096,0,0,7493,0,0,7136,0,0,8246,0,6873,6860,0.0018914593336243346,6641,6629,0.0018069567836169753,6067,6057,0.0016482610845558465,6993,6979,0.002002002002001957,6589,6577,0.0018212171801487154,6605,6593,0.0018168054504164033,6850,6838,0.0017518248175182327,,,,,46618,76504,0,1
TBK-HQ,P044,0,12036,0,0,13124,0,0,12564,0,0,14720,0,12484,12868,0,12424,12088,0.027044430135222175,11096,11120,0,12532,12560,0,11764,11788,0,12076,12104,0,12120,12144,0,,,,,84496,137116,0,1
TBK-HQ,P045,0,7780,0,0,7968,0,0,7316,0,0,8960,0,7808,7836,0,7748,7744,0.0005162622612286949,7200,7212,0,8164,8176,0,7812,7824,0,8084,8096,0,7820,7832,0,,,,,54636,86744,0,1
TBK-HQ,P046,0,7238,0,0,7465,0,0,7217,0,0,8829,0,8179,8174,0.0006113216774666919,7959,7954,0.0006282196255811279,7454,7449,0.0006707807888381989,8303,8299,0.0004817535830422548,7717,7714,0.00038875210574051966,8052,8046,0.0007451564828614421,7923,7918,0.0006310740880979271,,,,,55587,86303,0,1
TBK-HQ,P047,0,29069,0,0,21954,0,0,20081,0,0,32106,0,24879,24902,0,30215,30238,0,24441,24448,0,32569,32511,0.0017808345359083821,22904,22901,0.00013098148794965514,24615,24593,0.0008937639650619111,45462,45372,0.00197967533324539,,,,,205085,308175,0,1
TBK-HQ,P048,0,16013,0,0,18308,0,0,20073,0,0,24152,0,20995,20163,0.03962848297213617,22396,21538,0.03831041257367385,18674,18117,0.02982756774124451,22085,21353,0.03314466832691876,19022,18473,0.02886131847334661,17583,17035,0.031166467610760362,19616,19076,0.027528548123980423,,,,,140371,214301,0,15
TBK-HQ,P049,0,2538,0,0,2584,0,0,2219,0,0,2950,0,2112,2045,0.03172348484848486,2560,2496,0.025000000000000022,2204,2116,0.03992740471869327,2720,2629,0.03345588235294117,2220,2150,0.03153153153153154,2664,2575,0.03340840840840842,3184,3066,0.037060301507537696,,,,,17664,27368,0,18
TBK-HQ,P050,0,746,0,0,876,0,0,200,0,0,0,,0,0,,0,0,,0,0,,0,0,,0,0,,0,0,,0,0,,,,,,0,1822,0,1
TBK-HQ,P051,0,750,0,0,842,0,0,905,0,0,1022,0,747,748,0,714,715,0,683,684,0,848,848,0,784,785,0,787,789,0,818,800,0.022004889975550168,,,,,5381,8888,0,1
TBK-HQ,P052,0,7399,0,0,7986,0,0,8362,0,0,9986,0,8646,8651,0,9167,9173,0,7513,7516,0,6456,6460,0,5852,5855,0,5818,5821,0,6049,6053,0,,,,,49501,83262,0,1
TBK-HQ,P053,0,14754,0,0,16022,0,0,16860,0,0,20148,0,17604,17579,0.0014201317882299724,16790,16768,0.0013103037522335104,14441,14422,0.001315698358839379,17033,17010,0.0013503199671226485,16409,16386,0.0014016698153452856,17321,17297,0.001385601293227845,16232,16213,0.001170527353376083,,,,,115830,183459,0,1
TBK-HQ,P054,0,7142,0,0,7377,0,0,7560,0,0,9579,0,7552,7567,0,7526,7533,0,6564,6570,0,7857,7866,0,7452,7459,0,7636,7646,0,7327,7335,0,,,,,51914,83634,0,1
TBK-HQ,P055,0,13976,0,0,15579,0,0,12959,0,0,13905,0,11496,11476,0.0017397355601947995,11434,11417,0.0014867937729577951,15349,15327,0.0014333181314744037,24254,24220,0.001401830625876177,22845,22816,0.001269424381702744,23155,23126,0.001252429280932832,22363,22333,0.0013415015874435054,,,,,130896,187134,0,1
TBK-HQ,P056,0,231,0,0,142,0,0,119,0,0,233,0,1547,1455,0.05946994182288301,1933,1814,0.061562338334195554,1748,1637,0.06350114416475972,1908,1792,0.06079664570230603,1879,1763,0.061734965407131415,1949,1825,0.06362237044638275,2073,1946,0.06126386878919443,,,,,13037,12957,0.006136381069264396,5
TBK-HQ,P057,0,6539,0,0,6691,0,0,6488,0,0,7838,0,6926,6923,0.00043315044758884813,7041,7037,0.0005681011219996757,6063,6059,0.0006597394029358439,6947,6942,0.0007197351374693683,6564,6560,0.0006093845216331717,6901,6895,0.000869439211708456,6637,6633,0.0006026819346089951,,,,,47079,74605,0,1
TBK-HQ,P058,0,2906,0,0,3317,0,0,3432,0,0,4120,0,3690,3687,0.0008130081300813385,3658,3657,0.0002733734281027411,3052,3051,0.000327653997378774,3641,3639,0.0005492996429552477,3719,3718,0.00026888948642112,4879,4876,0.0006148800983808433,5680,5676,0.0007042253521126751,,,,,28319,42079,0,1
TBK-HQ,P059,0,27578,0,0,29900,0,0,29248,0,0,36547,0,31084,31060,0.0007721014026508266,31176,31152,0.0007698229407235857,27326,27307,0.0006953084974017365,31350,31326,0.0007655502392344138,28428,28411,0.0005980019698887951,29438,29416,0.0007473333786263137,30792,30767,0.0008118991945960108,,,,,209594,332712,0,1
TBK-HQ,P060,0,16550,0,0,17977,0,0,17634,0,0,22700,0,19749,19728,0.0010633449794926753,19192,19174,0.0009378907878282439,16458,16444,0.0008506501397497201,18547,18521,0.0014018439639833513,17374,17368,0.0003453436168988633,18463,18449,0.0007582733033635325,17691,17678,0.0007348369227290208,,,,,127474,202223,0,1
TBK-HQ,P061,0,523,0,0,622,0,0,461,0,0,721,0,515,517,0,489,490,0,439,441,0,424,425,0,332,333,0,407,408,0,308,309,0,,,,,2914,5250,0,1
TBK-HQ,P062,0,5338,0,0,5779,0,0,5630,0,0,7130,0,6012,6002,0.001663339986693324,5684,5676,0.0014074595355383357,4669,4665,0.0008567144998928855,5875,5867,0.0013617021276596253,5125,5120,0.0009756097560975618,5633,5626,0.001242677081484067,5523,5516,0.0012674271229404788,,,,,38521,62349,0,1
TBK-HQ,P063,0,8095,0,0,8120,0,0,9026,0,0,10870,0,9463,9484,0,10099,10118,0,8818,8835,0,9731,9751,0,9281,9299,0,9466,9484,0,9704,9722,0,,,,,66562,102804,0,1
TBK-HQ,P064,0,1044,0,0,1000,0,0,1252,0,0,1548,0,1428,1428,0,1368,1364,0.0029239766081871066,1204,1204,0,1260,1256,0.0031746031746031633,1220,1220,0,1268,1264,0.003154574132492094,1204,1200,0.0033222591362126463,,,,,8952,13780,0,1
TBK-HQ,P065,0,4647,0,0,5348,0,0,5725,0,0,7018,0,5749,5742,0.0012176030614019506,5655,5649,0.001061007957559701,4779,4774,0.0010462439840971394,5484,5478,0.001094091903719896,5249,5243,0.0011430748714040817,5273,5267,0.0011378721790251678,5781,5775,0.0010378827192527584,,,,,37970,60666,0,1
TBK-HQ,P066,0,6551,0,0,6924,0,0,7237,0,0,8556,0,7829,7843,0,8074,8087,0,7464,7477,0,8294,8309,0,7869,7892,0,7794,7798,0,7805,7818,0,,,,,55129,84492,0,1
TBK-HQ,P067,0,2364,0,0,2403,0,0,2472,0,0,2856,0,2361,2361,0,2418,2421,0,2136,2136,0,2535,2538,0,2310,2310,0,2283,2289,0,2493,2493,0,,,,,16536,26643,0,1
TBK-HQ,P068,0,5784,0,0,6333,0,0,6264,0,0,7407,0,6459,6459,0,6033,6033,0,5418,5421,0,6258,6255,0.0004793863854266611,5964,5964,0,6255,6258,0,6456,6459,0,,,,,42843,68637,0,1
TBK-HQ,P069,0,74882,0,0,80941,0,0,81762,0,0,94711,0,85652,85445,0.0024167561761546663,84010,83819,0.002273538864420943,74677,74520,0.002102387615999568,81445,81249,0.002406532015470586,80006,79833,0.0021623378246631297,77868,77687,0.002324446499203825,80301,80118,0.002278925542645749,,,,,563959,894967,0,1
TBK-HQ,P070,0,2814,0,0,2851,0,0,2323,0,0,3304,0,3028,3028,0,2881,2876,0.001735508503991623,2603,2610,0,3040,3041,0,2909,2910,0,2780,2781,0,2544,2545,0,,,,,19785,31083,0,1
TBK-HQ,P071,0,8004,0,0,8168,0,0,8016,0,0,9924,0,7748,7756,0,7352,7368,0,6564,6568,0,7976,7992,0,7244,7256,0,7652,7664,0,7180,7192,0,,,,,51716,85908,0,1
TBK-HQ,P072,0,894,0,0,960,0,0,945,0,0,1143,0,1080,1080,0,1059,1062,0,1110,1110,0,1140,1140,0,1194,1197,0,1170,1170,0,1209,1209,0,,,,,7962,11910,0,1
TBK-HQ,P073,0,3340,0,0,3672,0,0,3592,0,0,4476,0,3676,3676,0,3564,3568,0,3048,3052,0,3436,3440,0,3380,3384,0,3444,3444,0,3308,3312,0,,,,,23856,38956,0,1
TBK-HQ,P074,0,523,0,0,548,0,0,510,0,0,1611,0,0,985,0,0,475,0,0,359,0,0,673,0,0,347,0,0,1229,0,355,420,0,,,,,355,7680,0,1
TBK-HQ,P075,0,0,,0,0,,0,0,,0,0,,0,0,,0,0,,0,0,,0,0,,0,0,,0,0,,0,0,,,,,,0,0,,0
TBK-HQ,P075,0,0,,0,0,,0,0,,0,0,,3866,3867,0,1649,1649,0,1593,1593,0,3025,3026,0,1207,1207,0,1478,1479,0,1738,1738,0,,,,,14556,14559,0,1
TBK-HQ,P076,0,4360,0,0,4304,0,0,4272,0,0,5260,0,4260,4432,0,4244,4420,0,3728,3884,0,4088,4256,0,3888,4048,0,3924,4088,0,3936,4096,0,,,,,28068,47420,0,1
TBK-HQ,P077,0,6029,0,0,6616,0,0,7044,0,0,8003,0,7479,7379,0.013370771493515177,8589,8493,0.01117708697170805,6606,6541,0.009839539812291909,7730,7643,0.011254851228977958,4534,6874,0,8266,5828,0.2949431405758529,8003,7912,0.011370735974009727,,,,,51207,78362,0,5
TBK-HQ,P078,0,21657,0,0,24233,0,0,26429,0,0,34692,0,28909,28259,0.022484347435054786,31594,30934,0.020890042413116428,25317,24824,0.019473081328751474,33336,32713,0.018688504919606386,26162,25541,0.023736717376347416,23875,23411,0.01943455497382196,27754,27221,0.019204438999783857,,,,,196947,299914,0,38
TBK-HQ,P079,0,0,,0,0,,0,0,,0,0,,0,0,,8409,8403,0.0007135212272565417,12422,12416,0.0004830140074062461,14617,14610,0.00047889443798321274,13596,13591,0.00036775522212417755,13338,13334,0.0002998950367371078,13218,13215,0.0002269632319564785,,,,,75600,75569,0.000410052910052916,1
TBK-HQ,P080,0,10466,0,0,9575,0,0,12173,0,0,13269,0,13609,12850,0.055771915644059034,16226,16518,0,14992,15060,0,17223,17201,0.0012773616675375576,13501,13503,0,13802,15009,0,15626,13859,0.11308076283117885,,,,,104979,149483,0,26
TBK-HQ,P081,0,55719,0,0,61200,0,0,61976,0,0,70580,0,68385,68463,0,67459,67555,0,61039,61128,0,68534,68630,0,62079,62179,0,58151,58231,0,63040,63128,0,,,,,448687,698789,0,1
TBK-HQ,P082,0,25984,0,0,27325,0,0,29731,0,0,35823,0,37020,35199,0.04918962722852516,38974,37226,0.04485041309591009,28059,26952,0.0394525820592323,31371,30072,0.0414076695036818,28325,27275,0.03706972639011474,24696,23739,0.03875121477162291,27654,26684,0.035076299992767734,,,,,216099,326010,0,294
TBK-HQ,P083,0,9585,0,0,11685,0,0,10797,0,0,9262,0,9995,11565,0,10829,10801,0.0025856496444731647,9010,8976,0.0037735849056603765,9533,9585,0,8085,8106,0,6922,7011,0,8299,8249,0.006024822267743146,,,,,62673,105622,0,17
TBK-HQ,P084,0,10474,0,0,8511,0,0,9764,0,0,11177,0,11211,10630,0.0518241013290518,13086,12509,0.04409292373528961,10293,9883,0.03983289614300978,11672,11137,0.04583618917066479,10075,9677,0.039503722084367254,8023,7719,0.03789106319331925,10272,9837,0.042348130841121545,,,,,74632,111318,0,27
TBK-HQ,P085,0,615,0,0,626,0,0,534,0,0,1086,0,651,644,0.010752688172043001,766,757,0.011749347258485643,625,619,0.009600000000000053,777,770,0.009009009009009028,724,719,0.006906077348066253,681,673,0.011747430249632873,670,665,0.007462686567164201,,,,,4894,7708,0,7
TBK-HQ,P086,0,2940,0,0,3658,0,0,3597,0,0,5728,0,3847,3530,0.08240187158825063,8146,7819,0.04014240117849255,10961,10251,0.06477511175987594,9686,8985,0.07237249638653731,12698,11859,0.06607339738541507,5757,5320,0.07590759075907594,9423,8797,0.0664331953730235,,,,,60518,72484,0,16
TBK-HQ,P087,0,1799,0,0,4973,0,0,4174,0,0,4870,0,4238,4255,0,4299,4302,0,2549,2544,0.001961553550411943,3093,3077,0.005172971225347545,2690,2676,0.005204460966542701,2392,2379,0.005434782608695676,2881,2847,0.011801457827143369,,,,,22142,37896,0,9
TBK-HQ,P088,0,16572,0,0,17740,0,0,17161,0,0,21026,0,17582,17593,0,17470,17485,0,15573,15583,0,17747,17760,0,16747,16758,0,18380,18397,0,18066,18079,0,,,,,121565,194154,0,1
TBK-HQ,P089,0,1673,0,0,1650,0,0,1422,0,0,1863,0,1589,1590,0,1750,1751,0,1459,1461,0,1841,1842,0,1496,1498,0,1554,1554,0,1444,1446,0,,,,,11133,17750,0,1
TBK-HQ,P090,0,6380,0,0,6521,0,0,6481,0,0,8243,0,6587,6595,0,6733,6742,0,6002,6008,0,6938,6947,0,6324,6330,0,6492,6500,0,6704,6711,0,,,,,45780,73458,0,1
TBK-HQ,P091,0,2297,0,0,2308,0,0,2269,0,0,2741,0,2315,2314,0.0004319654427645814,2363,2363,0,2154,2155,0,2533,2532,0.00039478878799836803,2532,2533,0,1742,2397,0,2511,2511,0,,,,,16150,26420,0,1
TBK-HQ,P092,0,6068,0,0,6363,0,0,6494,0,0,8037,0,2276,6454,0,2201,7425,0,6659,6520,0.020874005105871785,7521,7356,0.021938571998404433,5419,5319,0.018453589223103917,6435,6297,0.02144522144522143,6616,6478,0.020858524788391786,,,,,37127,72811,0,11
TBK-HQ,P093,0,2308,0,0,2406,0,0,2587,0,0,3340,0,2420,2421,0,2237,2238,0,1810,1812,0,2337,2338,0,1971,1972,0,2234,2236,0,2232,2235,0,,,,,15241,25893,0,1
TBK-HQ,P094,0,2586,0,0,2843,0,0,2661,0,0,3908,0,3382,3379,0.0008870490833826628,3219,3257,0,2804,2762,0.014978601997146956,3124,3122,0.000640204865556937,2728,2726,0.0007331378299120228,2953,2951,0.0006772773450728353,3008,3006,0.0006648936170212671,,,,,21218,33201,0,1
TBK-HQ,P095,0,423,0,0,511,0,0,569,0,0,718,0,542,544,0,448,449,0,358,358,0,483,485,0,394,394,0,433,435,0,432,433,0,,,,,3090,5319,0,1
TBK-HQ,P096,0,3077,0,0,3308,0,0,3398,0,0,4370,0,3874,3851,0.005937016004130102,3725,3741,0,3362,3362,0,3710,3703,0.0018867924528301883,3558,3558,0,3985,3972,0.0032622333751568533,3715,3720,0,,,,,25929,40060,0,1
TBK-HQ,P097,0,17951,0,0,18158,0,0,18446,0,0,21739,0,20610,20621,0,19724,19737,0,17959,17943,0.0008909182025724771,19990,20036,0,16306,16317,0,16213,16218,0,17814,17816,0,,,,,128616,204982,0,1
TBK-HQ,P098,0,1021,0,0,1123,0,0,1220,0,0,1450,0,1149,1135,0.012184508268059169,1122,1112,0.0089126559714795,834,831,0.003597122302158251,997,988,0.009027081243731194,798,796,0.0025062656641604564,696,693,0.004310344827586188,811,809,0.002466091245376112,,,,,6407,11178,0,3
TBK-CK,P099,0,0,,0,0,,0,0,,0,0,,0,0,,0,0,,0,0,,0,0,,0,0,,0,0,,0,0,,,,,,0,0,,0
TBK-HQ,P099,0,5465,0,0,5480,0,0,6068,0,0,7172,0,6693,6420,0.04078888390856117,7604,7017,0.07719621251972641,6751,6223,0.07821063546141316,7580,7066,0.06781002638522426,8193,7735,0.05590137922616867,8378,7856,0.062306039627596066,9009,8438,0.06338106338106342,,,,,54208,74940,0,16
TBK-HQ,P100,0,1970,0,0,2074,0,0,1870,0,0,2344,0,2052,2052,0,2088,2090,0,1920,1922,0,2284,2286,0,2128,2134,0,2230,2226,0.0017937219730941312,2398,2402,0,,,,,15100,23370,0,1
TBK-HQ,P101,0,2013,0,0,2451,0,0,2909,0,0,3838,0,3540,3544,0,3205,3208,0,2219,2222,0,2565,2568,0,2461,2464,0,2787,2792,0,2672,2675,0,,,,,19449,30684,0,1
TBK-HQ,P102,0,5655,0,0,6232,0,0,6358,0,0,7805,0,6559,6555,0.0006098490623570596,6572,6567,0.0007608034083992354,5884,5880,0.0006798096532970588,6793,6788,0.0007360518180480335,6293,6288,0.0007945336087716859,6348,6343,0.0007876496534341415,6023,6019,0.0006641208699983414,,,,,44472,70490,0,1
TBK-HQ,P103,0,6803,0,0,7298,0,0,7426,0,0,9835,0,7905,7911,0,8598,8588,0.0011630611770179211,7314,7313,0.00013672409078480108,8360,8360,0,7910,7909,0.00012642225031600507,8303,8298,0.0006021919788028463,8610,8614,0,,,,,57000,88355,0,1
TBK-HQ,P104,0,2771,0,0,2910,0,0,2865,0,0,3860,0,3322,3328,0,3177,3180,0,2992,2996,0,3463,3468,0,3232,3240,0,3341,3344,0,3255,3260,0,,,,,22782,35222,0,1
TBK-HQ,P105,0,12677,0,0,12842,0,0,13719,0,0,14900,0,11707,11329,0.03228837447680877,12954,12676,0.021460552725027005,10174,10095,0.007764890898368404,16490,15761,0.044208611279563326,13069,12655,0.03167801668069481,12632,12267,0.028894870170994347,14085,13664,0.029889953851615192,,,,,91111,142585,0,218
TBK-HQ,P106,0,1986,0,0,2292,0,0,2190,0,0,2327,0,2546,2556,0,2263,2261,0.0008837825894829621,2158,2157,0.0004633920296570615,2388,2386,0.0008375209380234727,2206,2204,0.0009066183136899886,2378,2377,0.000420521446593769,2628,2628,0,,,,,16567,25364,0,1
TBK-HQ,P107,0,171,0,0,235,0,0,196,0,0,263,0,301,301,0,330,330,0,288,289,0,311,312,0,266,266,0,271,272,0,261,262,0,,,,,2028,2897,0,1
TBK-HQ,P108,0,2985,0,0,3148,0,0,3197,0,0,3835,0,3193,3192,0.0003131850923896451,3167,3289,0,2963,2837,0.04252446844414448,3339,3338,0.0002994908655286066,3281,3279,0.0006095702529717029,3296,3294,0.0006067961165048263,3259,3257,0.0006136851795028875,,,,,22498,35651,0,1
TBK-HQ,P109,0,4691,0,0,5467,0,0,5751,0,0,6982,0,5887,5883,0.0006794632240529896,4865,4865,0,2525,2527,0,2966,2967,0,2592,2594,0,2501,2502,0,2611,2612,0,,,,,23947,46841,0,1
TBK-HQ,P110,0,2202,0,0,2328,0,0,2287,0,0,2694,0,2334,2336,0,2341,2345,0,2046,2046,0,2205,2207,0,2069,2072,0,2126,2128,0,2085,2088,0,,,,,15206,24733,0,1
TBK-HQ,P111,0,3376,0,0,3551,0,0,3663,0,0,4327,0,2993,2999,0,2824,2829,0,2278,2281,0,2766,2772,0,2585,2589,0,2812,2818,0,3529,3535,0,,,,,19787,34740,0,1
TBK-HQ,P112,0,0,,0,0,,0,0,,0,0,,0,0,,0,0,,804,804,0,2806,2807,0,2629,2629,0,2403,2403,0,2553,2551,0.0007833920877399203,,,,,11195,11194,8.932559178209676e-05,1
TBK-HQ,P113,0,11181,0,0,11982,0,0,11864,0,0,15613,0,13106,13139,0,12764,12795,0,11086,11113,0,12715,12745,0,11357,11384,0,12112,12140,0,11815,11843,0,,,,,84955,135799,0,1
TBK-HQ,P114,0,1246,0,0,1203,0,0,1176,0,0,1499,0,1309,1309,0,1435,1435,0,1387,1379,0.005767844268204758,1451,1459,0,1410,1411,0,0,1450,0,360,1587,0,,,,,7352,15154,0,1
TBK-HQ,P115,0,4697,0,0,925,0,0,2494,0,0,6516,0,1090,1095,0,6661,6656,0.0007506380423359937,2522,2525,0,7119,7112,0.000983284169124854,3447,3448,0,5575,5571,0.0007174887892377191,5942,5939,0.0005048805116122379,,,,,32356,46978,0,1
TBK-HQ,P116,0,5642,0,0,6004,0,0,5676,0,0,7121,0,4308,6396,0,6904,6914,0,6106,6117,0,7093,7107,0,7134,7146,0,6585,6597,0,6675,6687,0,,,,,44805,71407,0,1
TBK-HQ,P117,0,2509,0,0,2542,0,0,2524,0,0,3009,0,2496,2495,0.00040064102564107973,2492,2493,0,2344,2344,0,2753,2752,0.0003632401017071851,2606,2606,0,2615,2614,0.0003824091778202865,2536,2535,0.00039432176656151174,,,,,17842,28423,0,1
TBK-HQ,P118,0,9921,0,0,10560,0,0,10510,0,0,13054,0,11755,11763,0,11713,11723,0,10708,10717,0,12311,12320,0,11194,11203,0,11566,11574,0,11349,11355,0,,,,,80596,124700,0,1
TBK-HQ,P119,0,3466,0,0,3349,0,0,3812,0,0,4356,0,3614,3461,0.04233536247924741,3683,3539,0.0390985609557426,3099,3005,0.03033236527912231,3443,3294,0.043276212605286135,3473,3306,0.048085228908724464,3173,3027,0.04601323668452573,3150,2996,0.04888888888888887,,,,,23635,37611,0,109
TBK-HQ,P120,0,7441,0,0,7148,0,0,7952,0,0,9037,0,7529,7087,0.05870633550272275,8043,7576,0.058062911848812626,7006,6588,0.05966314587496435,7994,7532,0.05779334500875655,8205,7731,0.05776965265082268,7605,7160,0.0585141354372124,7882,7404,0.06064450647043895,,,,,54264,82656,0,129
TBK-HQ,P121,0,8640,0,0,9320,0,0,9270,0,0,11087,0,9121,9116,0.0005481855059752405,8715,8706,0.001032702237521499,7147,7152,0,8567,8565,0.00023345395120810686,7894,7892,0.0002533569799848534,7790,7789,0.0001283697047497201,8343,8339,0.00047944384513964877,,,,,57577,95876,0,1
TBK-HQ,P122,0,5626,0,0,5661,0,0,5720,0,0,6410,0,4874,4869,0.0010258514567090815,4888,4884,0.0008183306055646877,4396,4390,0.0013648771610554888,5118,5112,0.0011723329425556983,4747,4742,0.0010532968190436476,4572,4566,0.001312335958005284,4894,4889,0.0010216591744993675,,,,,33489,56869,0,1
TBK-HQ,P123,0,3303,0,0,3589,0,0,3712,0,0,4385,0,3965,3977,0,3839,3840,0,3402,3404,0,3786,3787,0,3602,3604,0,3604,3606,0,3597,3599,0,,,,,25795,40806,0,1
TBK-HQ,P124,0,0,,0,0,,0,0,,0,0,,0,0,,1093,1094,0,2403,2404,0,2721,2722,0,2554,2555,0,2592,2592,0,2617,2618,0,,,,,13980,13985,0,1
TBK-HQ,P125,0,1789,0,0,1824,0,0,1851,0,0,1971,0,1626,1688,0,1515,1517,0,1249,1252,0,1450,1445,0.0034482758620689724,1370,1378,0,1348,1351,0,1549,1551,0,,,,,10107,17617,0,1
TBK-HQ,P126,0,3686,0,0,4312,0,0,4105,0,0,5407,0,4655,4659,0,4358,4362,0,3575,3579,0,4160,4163,0,3771,3775,0,3951,3955,0,3803,3806,0,,,,,28273,45809,0,1
TBK-HQ,P127,0,3965,0,0,4259,0,0,4458,0,0,5285,0,4493,4494,0,4294,4290,0.0009315323707498324,3808,3816,0,4357,4359,0,4157,4158,0,3904,3907,0,4369,4370,0,,,,,29382,47361,0,1
TBK-HQ,P128,0,10532,0,0,10887,0,0,10554,0,0,12436,0,11022,11034,0,10860,10871,0,9988,9999,0,11274,11286,0,10751,10763,0,11203,11214,0,11269,10802,0.0414411216611944,,,,,76367,120378,0,1
TBK-HQ,P129,0,4536,0,0,4873,0,0,4419,0,0,5730,0,4980,4981,0,4697,4698,0,4196,4196,0,5171,5172,0,4823,4824,0,4549,4549,0,4662,4662,0,,,,,33078,52640,0,1
TBK-HQ,P130,0,0,,0,0,,0,0,,0,0,,0,0,,0,0,,471,472,0,1682,1683,0,2152,2155,0,2267,2268,0,2175,2177,0,,,,,8747,8755,0,1
TBK-HQ,P131,0,1883,0,0,2999,0,0,3049,0,0,3045,0,2989,2993,0,3172,3176,0,2743,2744,0,3070,3075,0,3091,3094,0,3062,3066,0,2989,2992,0,,,,,21116,32116,0,1
TBK-HQ,P132,0,2525,0,0,2781,0,0,2684,0,0,3175,0,2545,2545,0,2486,2488,0,2072,2073,0,2614,2615,0,2453,2455,0,2421,2421,0,2859,2860,0,,,,,17450,28622,0,1
TBK-HQ,P133,0,4561,0,0,4627,0,0,6585,0,0,9092,0,8963,8949,0.0015619770166238611,8293,8308,0,6760,6772,0,4619,4631,0,3180,3187,0,3790,3798,0,3187,3195,0,,,,,38792,63705,0,1
TBK-HQ,P134,0,8410,0,0,9466,0,0,7284,0,0,7488,0,6553,6566,0,7002,7016,0,3711,3716,0,1435,1437,0,787,791,0,736,738,0,1158,1162,0,,,,,21382,54074,0,1
TBK-HQ,P135,0,5941,0,0,6605,0,0,7131,0,0,8197,0,6486,6498,0,5811,5821,0,0,5264,0,0,6125,0,6177,5267,0.14732070584426094,5756,5757,0,5713,5715,0,,,,,29943,68321,0,1
TBK-HQ,P136,0,0,,0,0,,0,0,,0,0,,0,0,,0,0,,0,0,,0,0,,0,0,,130,130,0,256,256,0,,,,,386,386,0,1
TBK-HQ,P138,0,17630,0,0,0,,0,38459,0,0,24352,0,19790,19815,0,18774,18794,0,11861,11875,0,8075,8086,0,7335,7342,0,7956,7966,0,8115,8124,0,,,,,81906,162443,0,1
TBK-HQ,P140,0,20888,0,0,22177,0,0,26860,0,0,28131,0,24693,24388,0.012351678613372163,28528,28173,0.012443914750420615,24392,24117,0.011274188258445395,27952,27599,0.012628792215226059,24741,24475,0.0107513843417808,19409,19202,0.010665155340306098,23287,23019,0.011508567011637383,,,,,173002,269029,0,11
TBK-HQ,P141,0,38384,0,0,35851,0,0,33482,0,0,26127,0,24956,24904,0.002083667254367705,30489,30416,0.002394306143199132,26035,25984,0.0019589014787785297,28605,28536,0.002412165705296232,26276,26209,0.002549855381336563,25112,25041,0.0028273335457151827,34068,33982,0.0025243630386285743,,,,,195541,328916,0,1
TBK-HQ,P142,0,2448,0,0,2523,0,0,2529,0,0,1980,0,2181,2781,0,2661,2025,0.23900789177001125,2652,2634,0.006787330316742057,2949,2931,0.006103763987792443,2340,2322,0.007692307692307665,2391,2373,0.007528230865746499,2490,2472,0.0072289156626506035,,,,,17664,27018,0,1
TBK-HQ,P143,0,1174,0,0,1112,0,0,1210,0,0,1912,0,1146,1148,0,1098,1098,0,1006,1006,0,1578,1578,0,1556,1554,0.0012853470437017567,1440,1442,0,1688,1688,0,,,,,9512,14922,0,1
TBK-HQ,P144,0,1819,0,0,1959,0,0,1930,0,0,3245,0,2008,2009,0,1491,1492,0,1314,1315,0,1622,1624,0,1664,1665,0,1463,1465,0,1788,1789,0,,,,,11350,20312,0,1
TBK-HQ,P145,0,2166,0,0,2191,0,0,2167,0,0,2626,0,2240,2241,0,2453,2454,0,2266,2267,0,3459,3460,0,2791,2793,0,2467,2467,0,2402,2404,0,,,,,18078,27236,0,1
TBK-HQ,P146,0,4706,0,0,4971,0,0,4447,0,0,3646,0,4930,4928,0.00040567951318459805,4326,4324,0.000462320850670328,5235,5232,0.0005730659025787732,5667,5664,0.000529380624669118,3272,3270,0.0006112469437652424,1996,1996,0,4129,4126,0.0007265681763138909,,,,,29555,47310,0,1
TBK-HQ,P147,0,10929,0,0,12185,0,0,11979,0,0,15122,0,13044,13159,0,2630,0,1,3338,27461,0,12637,12697,0,12043,12098,0,12575,12634,0,11919,11973,0,,,,,68186,140237,0,1
TBK-HQ,P148,0,9338,0,0,9900,0,0,10950,0,0,17312,0,15049,15060,0,14581,14589,0,13410,13173,0.017673378076062618,15459,15710,0,14603,14610,0,14801,14809,0,14636,14645,0,,,,,102539,150096,0,1
TBK-HQ,P149,0,874,0,0,725,0,0,772,0,0,1085,0,768,768,0,642,643,0,469,470,0,601,642,0,565,525,0.07079646017699115,667,669,0,730,730,0,,,,,4442,7903,0,1
TBK-HQ,P150,0,3701,0,0,3853,0,0,3871,0,0,4785,0,0,4159,0,4295,4301,0,3815,3820,0,4542,4547,0,4514,4520,0,4409,4415,0,4453,4458,0,,,,,26028,46430,0,1
TBK-HQ,P151,0,2608,0,0,2716,0,0,2882,0,0,3423,0,3090,3089,0.00032362459546930733,3339,3338,0.0002994908655286066,3179,3178,0.0003145643284051536,3660,3660,0,3447,3446,0.0002901073397156839,3269,3269,0,3297,3296,0.0003033060357900963,,,,,23281,34905,0,1
TBK-HQ,P152,0,3425,0,0,3589,0,0,3658,0,0,4582,0,4041,4045,0,4428,4431,0,4134,4134,0,4578,4584,0,4484,4487,0,4358,4361,0,4302,4305,0,,,,,30325,45601,0,1
TBK-HQ,P153,0,2773,0,0,2697,0,0,2741,0,0,3646,0,2982,2987,0,3276,3282,0,2884,2889,0,3348,3354,0,3428,3434,0,3273,3279,0,3326,3332,0,,,,,22517,34414,0,1
TBK-HQ,P154,0,1425,0,0,1519,0,0,1363,0,0,1778,0,1580,1580,0,1544,1544,0,1389,1389,0,1558,1559,0,1443,1444,0,1487,1487,0,1552,1553,0,,,,,10553,16641,0,1
TBK-HQ,P155,0,1153,0,0,1012,0,0,971,0,0,1243,0,1277,1278,0,1352,1353,0,764,1363,0,2197,1598,0.27264451524806554,1329,1329,0,1438,1438,0,1432,1431,0.0006983240223463749,,,,,9789,14169,0,1
TBK-HQ,P156,0,3224,0,0,3453,0,0,3471,0,0,4342,0,3621,3619,0.000552333609500133,3757,3757,0,3359,3360,0,3952,3952,0,3985,3985,0,4195,4195,0,4103,4103,0,,,,,26972,41461,0,1
TBK-HQ,P157,0,7693,0,0,8118,0,0,8068,0,0,9690,0,0,8225,0,2336,8763,0,8034,8031,0.00037341299477222645,8871,8867,0.00045090745124565235,8497,8493,0.0004707543839002071,8438,8434,0.0004740459824602583,8414,8410,0.0004753981459472145,,,,,44590,92792,0,1
TBK-HQ,P158,0,7863,0,0,8129,0,0,7636,0,0,9669,0,8577,8456,0.014107496793750673,8628,8759,0,7990,7965,0.0031289111389236623,8872,8907,0,8834,8838,0,8834,8839,0,8747,8740,0.0008002743797873579,,,,,60482,93801,0,1
TBK-HQ,P159,0,1417,0,0,1633,0,0,1805,0,0,2161,0,1650,1651,0,1948,1950,0,1572,1573,0,2090,2122,0,2034,2005,0.014257620452310715,2069,2071,0,2638,2640,0,,,,,14001,21028,0,1
TBK-HQ,P160,0,1573,0,0,1824,0,0,1810,0,0,2082,0,1775,1775,0,1575,1575,0,1390,1390,0,1526,1526,0,1517,1517,0,1482,1486,0,1544,1540,0.002590673575129543,,,,,10809,18098,0,1
TBK-HQ,P161,0,889,0,0,967,0,0,1163,0,0,1181,0,1110,1112,0,1031,1032,0,805,807,0,1058,1059,0,919,922,0,1115,1116,0,1113,1113,0,,,,,7151,11361,0,1
TBK-HQ,P162,0,2861,0,0,3646,0,0,2581,0,0,2516,0,2491,2491,0,2682,2682,0,2439,2438,0.00041000410004099486,2747,2747,0,2656,2657,0,2480,2480,0,2429,2428,0.0004116920543433267,,,,,17924,29527,0,1
TBK-HQ,P163,0,427,0,0,470,0,0,487,0,0,617,0,549,549,0,527,515,0.022770398481973486,523,536,0,741,740,0.0013495276653171517,639,640,0,702,701,0.0014245014245014564,864,863,0.0011574074074074403,,,,,4545,6545,0,1
TBK-HQ,P164,0,1513,0,0,1728,0,0,1657,0,0,2091,0,1865,1874,0,1740,1748,0,1566,1574,0,1858,1867,0,1808,1818,0,1959,1966,0,2078,2087,0,,,,,12874,19923,0,1
TBK-HQ,P165,0,30315,0,0,31662,0,0,30719,0,0,35720,0,33873,33837,0.0010627933752546115,32110,32054,0.0017440049828714166,30270,30277,0,34302,34272,0.0008745845723281409,32247,32225,0.0006822340062641041,30712,30673,0.0012698619432143232,30916,30879,0.0011967913054728996,,,,,224430,352633,0,1
TBK-HQ,P166,0,810,0,0,886,0,0,950,0,0,1398,0,1040,1040,0,928,929,0,876,877,0,970,971,0,992,993,0,1269,1269,0,1330,1331,0,,,,,7405,11454,0,1
TBK-HQ,P167,0,3952,0,0,4210,0,0,4170,0,0,5019,0,4398,4403,0,4593,4598,0,4080,4085,0,4667,4674,0,4594,4599,0,4624,4630,0,4595,4600,0,,,,,31551,48940,0,1
TBK-HQ,P168,0,2917,0,0,2963,0,0,2825,0,0,3338,0,3179,3183,0,3368,3373,0,2720,2723,0,3071,3075,0,3112,3116,0,3076,3080,0,3077,3081,0,,,,,21603,33674,0,1
TBK-PK,PP18,0,0,,0,0,,0,0,,0,0,,0,0,,0,0,,0,0,,0,0,,0,0,,0,0,,0,0,,,,,,0,0,,0
TBK-HQ,S001,0,25047,0,0,21756,0,0,31823,0,0,37671,0,0,27954,0,0,35681,0,0,32183,0,0,35697,0,0,29255,0,0,30575,0,28464,28952,0,,,,,28464,336594,0,1
TBK-HQ,S002,0,44114,0,0,47983,0,0,54382,0,0,59518,0,55090,54812,0.005046287892539469,65831,65514,0.00481536054442433,51880,51682,0.003816499614495039,56084,65805,0,50780,41237,0.1879283182355258,39425,39162,0.006670894102726699,44785,44581,0.004555096572513073,,,,,363875,568790,0,28
TBK-CK,V.MV01,0,2607,0,0,2281,0,0,2322,0,0,5430,0,0,3930,0,2605,2606,0,2107,2109,0,2675,2676,0,1982,1983,0,1723,1724,0,2033,2033,0,,,,,13125,29701,0,1
TBK-CK,V.P001,0,33993,0,0,35030,0,0,32832,0,0,41204,0,35542,34598,0.0265601260480558,34641,33843,0.023036286481337154,29306,28641,0.022691598989967976,32131,31385,0.02321745354953164,32018,31248,0.0240489724529952,30188,29509,0.02249238107857432,33500,32655,0.02522388059701497,,,,,227326,364938,0,381
TBK-CK,V.P002,0,25103,0,0,26546,0,0,28916,0,0,30702,0,30601,29679,0.03012973432240773,30008,29104,0.03012529992002133,27516,26719,0.028964965838057855,27793,26964,0.02982765444536395,30173,29273,0.02982799191329999,28702,27812,0.031008292105079827,29783,28879,0.03035288587449214,,,,,204576,309697,0,288
TBK-CK,V.P003,0,6729,0,0,7172,0,0,7244,0,0,8427,0,7356,7080,0.037520391517128826,5782,5614,0.029055690072639195,5185,5066,0.022950819672131195,5905,5730,0.029635901778154117,5924,5750,0.029372045914922373,5340,5183,0.029400749063670406,6467,6269,0.03061697850626255,,,,,41959,70264,0,63
TBK-CK,V.P004,0,9879,0,0,11532,0,0,10731,0,0,12191,0,11662,11372,0.024867089693020095,9708,9495,0.021940667490729315,8370,8172,0.023655913978494647,9693,9460,0.02403796554214377,9006,8790,0.02398401065956024,9296,9084,0.022805507745266795,9169,8950,0.023884829316174083,,,,,66904,109656,0,154
TBK-CK,V.P005,0,3637,0,0,4072,0,0,3817,0,0,4313,0,3904,3769,0.03457991803278693,3289,3183,0.03222864092429312,2875,2778,0.033739130434782605,3283,3171,0.034115138592750505,3151,3048,0.03268803554427169,3239,3136,0.03179993825254712,3315,3204,0.033484162895927594,,,,,23056,38128,0,63
TBK-CK,V.P006,0,3840,0,0,3791,0,0,3679,0,0,4542,0,3888,3772,0.029835390946502005,3967,3842,0.03150995714645832,3850,3738,0.029090909090909056,3985,3864,0.03036386449184436,3687,3578,0.02956333062110117,3964,3839,0.03153380423814334,3935,3820,0.029224904701397714,,,,,27276,42305,0,62
TBK-CK,V.P007,0,2887,0,0,2979,0,0,2926,0,0,3355,0,2895,2805,0.031088082901554404,2823,2737,0.03046404534183489,2730,2645,0.031135531135531136,2930,2841,0.03037542662116044,2899,2813,0.02966540186271127,2556,2473,0.03247261345852892,2747,2659,0.03203494721514377,,,,,19580,31120,0,49
TBK-CK,V.P008,0,21642,0,0,23226,0,0,21231,0,0,25903,0,24005,23394,0.025453030618621142,26468,25827,0.024217923530300722,21268,20730,0.025296219672747755,24178,23576,0.024898668210770136,21522,20985,0.024951212712573168,21842,21296,0.02499771083234137,22290,21718,0.025661731718259362,,,,,161573,249528,0,268
TBK-CK,V.P009,0,2298,0,0,2568,0,0,2369,0,0,3345,0,2440,2400,0.016393442622950838,2181,2142,0.017881705639614887,1832,1799,0.01801310043668125,1944,1916,0.014403292181069949,2153,2114,0.018114259173246605,2172,2132,0.018416206261510082,2055,2018,0.018004866180048706,,,,,14777,25101,0,23
TBK-CK,V.P010,0,3922,0,0,4643,0,0,4679,0,0,4928,0,4630,4370,0.056155507559395246,3802,3591,0.05549710678590214,3467,3260,0.05970579751946925,4210,3912,0.07078384798099757,3944,3760,0.04665314401622722,3506,3369,0.03907586993725043,3862,3730,0.03417918177110302,,,,,27421,44164,0,5
TBK-CK,V.P011,0,2611,0,0,4243,0,0,5705,0,0,4507,0,3812,3779,0.008656873032528822,3212,3194,0.005603985056039873,2533,2527,0.0023687327279905412,3701,3667,0.009186706295595815,2210,2210,0,2184,2178,0.0027472527472527375,2155,2149,0.0027842227378189754,,,,,19807,36770,0,8
TBK-CK,V.P012,0,2533,0,0,2715,0,0,2705,0,0,3721,0,3325,3249,0.02285714285714291,3410,3337,0.021407624633431044,3200,3124,0.02375000000000005,3357,3288,0.020554066130473614,3151,3076,0.023801967629324072,3381,3306,0.022182786157941448,3350,3278,0.021492537313432813,,,,,23174,34332,0,56
TBK-CK,V.P013,0,1197,0,0,1311,0,0,1462,0,0,1378,0,1218,1196,0.01806239737274218,1124,1104,0.017793594306049876,1154,1131,0.019930675909878737,1166,1149,0.014579759862778707,1178,1152,0.022071307300509324,1082,1063,0.01756007393715342,1189,1165,0.020185029436501245,,,,,8111,13308,0,22
TBK-CK,V.P014,0,7468,0,0,8399,0,0,7722,0,0,9390,0,8060,7810,0.03101736972704716,8656,8404,0.02911275415896486,7240,7017,0.030801104972375648,7575,7345,0.030363036303630353,7769,7517,0.0324366070279315,7491,7247,0.03257242023761853,7366,7132,0.03176758077654085,,,,,54157,85451,0,192
TBK-CK,V.P015,0,5771,0,0,6614,0,0,6567,0,0,8755,0,6676,6553,0.01842420611144402,1717,1697,0.011648223645894018,1524,1508,0.01049868766404205,1321,1307,0.010598031794095353,1794,1773,0.01170568561872909,1613,1599,0.008679479231246123,1540,1527,0.008441558441558472,,,,,16185,43671,0,12
TBK-CK,V.P016,0,9401,0,0,9895,0,0,9626,0,0,11238,0,10012,9820,0.019176987614862195,8949,8728,0.02469549670354232,8917,8793,0.013906022204777435,10339,10142,0.0190540671244801,9224,9036,0.020381613183000913,8909,8726,0.020541025928836,9934,9719,0.02164284276223072,,,,,66284,105124,0,165
TBK-CK,V.P017,0,1017,0,0,1037,0,0,1063,0,0,1206,0,1228,1213,0.012214983713355054,1177,1066,0.09430756159728126,984,1077,0,1060,1041,0.017924528301886844,905,889,0.0176795580110497,972,954,0.01851851851851849,1075,1033,0.039069767441860415,,,,,7401,11596,0,24
TBK-CK,V.P018,0,4995,0,0,5533,0,0,5256,0,0,6501,0,5667,5423,0.04305629080642315,5457,5235,0.040681693238042826,4440,4258,0.040990990990991016,5157,4940,0.042078727942602256,4821,4624,0.04086289151628297,4640,4441,0.04288793103448274,4559,4377,0.03992103531476199,,,,,34741,55583,0,114
TBK-CK,V.P019,0,7529,0,0,7751,0,0,7381,0,0,8546,0,9743,9491,0.025864723391152644,7774,7582,0.024697710316439414,7065,6865,0.02830856334041043,7419,7201,0.029384014018061788,7175,6978,0.02745644599303132,7238,7039,0.0274937828129318,7340,7121,0.02983651226158035,,,,,53754,83484,0,147
TBK-CK,V.P020,0,8236,0,0,8234,0,0,7359,0,0,9072,0,10570,10369,0.019016083254493887,8804,8637,0.018968650613357618,7916,7733,0.02311773623041935,8275,8080,0.023564954682779415,7729,7590,0.017984215293052164,8219,8041,0.02165713590461127,8173,7977,0.0239814021779029,,,,,59686,91328,0,151
TBK-CK,V.P021,0,4553,0,0,4335,0,0,4487,0,0,4983,0,5824,5637,0.032108516483516536,4574,4426,0.03235679930039348,3883,3753,0.033479268606747326,4017,3887,0.032362459546925515,4430,4283,0.033182844243792364,4212,4085,0.03015194681861344,3716,3587,0.0347147470398278,,,,,30656,48016,0,85
TBK-CK,V.P022,0,3621,0,0,3380,0,0,3207,0,0,3685,0,4279,4186,0.021734050011684936,3508,3411,0.027651083238312446,2977,2876,0.03392677191803828,3018,2942,0.025182239893969505,3218,3123,0.029521441889372335,3195,3099,0.030046948356807546,2707,2626,0.029922423346878446,,,,,22902,36156,0,93
TBK-CK,V.P023,0,9933,0,0,9618,0,0,10910,0,0,10867,0,13088,12780,0.02353300733496333,8767,8603,0.01870651306033988,8237,8066,0.02075998543158919,8031,7888,0.01780600174324498,9277,9098,0.01929503072113825,8109,7960,0.018374645455666583,8430,8269,0.019098457888493514,,,,,63939,103992,0,118
TBK-CK,V.P024,0,8637,0,0,9022,0,0,8936,0,0,9838,0,11240,10915,0.028914590747330937,9209,8934,0.029862091432294458,8847,8582,0.029953656606759305,9066,8772,0.0324288550628723,9287,8993,0.03165715516313128,9144,8863,0.030730533683289596,7759,7505,0.03273617734244105,,,,,64552,98997,0,160
TBK-CK,V.P025,0,16708,0,0,18117,0,0,17072,0,0,18569,0,21621,21134,0.02252439757643032,19046,18633,0.02168434316916934,16834,16437,0.023583224426755423,18157,17737,0.02313157459932813,18652,18224,0.02294660090070766,18656,18216,0.02358490566037741,17526,17142,0.02191030469017463,,,,,130492,197989,0,243
TBK-CK,V.P026,0,12129,0,0,11996,0,0,12753,0,0,14810,0,15152,14911,0.015905491024287177,13744,13543,0.014624563445867267,13089,12892,0.015050806020322383,11998,11807,0.015919319886647743,12718,12525,0.01517534203491111,13644,13442,0.014805042509527966,12440,12246,0.015594855305466226,,,,,92785,143054,0,161
TBK-CK,V.P027,0,6935,0,0,7355,0,0,7211,0,0,8754,0,8892,8779,0.012708052181736429,6473,6208,0.04093928626602816,6156,6005,0.02452891487979203,5929,5768,0.02715466351829987,6486,6320,0.025593586185630568,5934,5762,0.02898550724637683,6041,5884,0.02598907465651379,,,,,45911,74981,0,122
TBK-CK,V.P028,0,1383,0,0,1505,0,0,1972,0,0,1843,0,1830,1787,0.023497267759562845,747,727,0.02677376171352075,663,643,0.0301659125188537,676,653,0.03402366863905326,795,771,0.030188679245283012,667,644,0.03448275862068961,610,596,0.022950819672131195,,,,,5988,12524,0,17
TBK-CK,V.P029,0,14607,0,0,15006,0,0,16809,0,0,16946,0,18638,17855,0.04201094538040562,8226,7982,0.029662047167517636,7390,7152,0.03220568335588636,7673,7408,0.03453668708458235,8748,8468,0.03200731595793327,7914,7656,0.03260045489006824,7833,7583,0.03191625175539381,,,,,66422,127472,0,124
TBK-CK,V.P030,0,3498,0,0,3600,0,0,3953,0,0,4089,0,4093,4012,0.01978988516980207,3334,3290,0.013197360527894442,3052,3014,0.01245085190039319,2997,2954,0.01434768101434769,3655,3604,0.013953488372092981,3131,3092,0.012456084318109184,3425,3374,0.014890510948905145,,,,,23687,38480,0,37
TBK-CK,V.P031,0,3775,0,0,4120,0,0,4004,0,0,4551,0,4507,4382,0.02773463501220319,4297,4172,0.029090062834535746,3938,3825,0.028694768918232638,4231,4100,0.030961947530134704,4266,4139,0.029770276605719626,3919,3808,0.028323551926511814,4119,3994,0.03034717164360279,,,,,29277,44870,0,74
TBK-CK,V.P032,0,5528,0,0,6533,0,0,6194,0,0,7337,0,8339,7949,0.04676819762561457,4457,4266,0.04285393762620593,3637,3494,0.03931811932911744,4086,3916,0.04160548213411652,2900,2773,0.043793103448275916,2335,2242,0.03982869379014986,2322,2232,0.03875968992248058,,,,,28076,52464,0,46
TBK-CK,V.P033,0,2527,0,0,2546,0,0,2707,0,0,2954,0,3069,3046,0.007494297816878492,2810,2763,0.01672597864768688,2719,2706,0.0047811695476277505,2703,2676,0.009988901220865709,3050,3019,0.010163934426229537,2578,2549,0.011249030256012427,2710,2674,0.013284132841328455,,,,,19639,30167,0,52
