Unnamed: 0,Unnamed: 1,January,Unnamed: 3,Unnamed: 4,February,Unnamed: 6,Unnamed: 7,March,Unnamed: 9,Unnamed: 10,April,Unnamed: 12,Unnamed: 13,May,Unnamed: 15,Unnamed: 16,June,Unnamed: 18,Unnamed: 19,July,Unnamed: 21,Unnamed: 22,August,Unnamed: 24,Unnamed: 25,September,Unnamed: 27,Unnamed: 28,October,Unnamed: 30,Unnamed: 31,November,Unnamed: 33,Unnamed: 34,December,Unnamed: 36,Unnamed: 37,Unnamed: 38,Accumulate for Year 2024,Unnamed: 40,Unnamed: 41,Unnamed: 42
Region,Cabin,Total kWh,Sales kWh,Losses,Total kWh,Sales kWh,Losses,Total kWh,Sales kWh,Losses,Total kWh,Sales kWh,Losses,Total kWh,Sales kWh,Losses,Total kWh,Sales kWh,Losses,Total kWh,Sales kWh,Losses,Total kWh,Sales kWh,Losses,Total kWh,Sales kWh,Losses,Total kWh,Sales kWh,Losses,Total kWh,Sales kWh,Losses,Total kWh,Sales kWh,Losses,,Total kWh,Sales kWh,Losses,Consumer
TK-AT,,0,0,,0,0,,0,0,,0,0,,0,0,,0,0,,0,0,,0,0,,0,0,,0,0,,0,0,,,,,,0,0,,0
TK-HQ,,0,0,,0,0,,0,0,,0,0,,0,0,,0,0,,0,0,,0,0,,0,0,,0,0,,0,0,,,,,,0,0,,0
TK-AT,1,0,0,,0,0,,0,0,,0,0,,0,0,,0,0,,0,0,,0,0,,0,0,,0,0,,0,0,,,,,,0,0,,0
TK-AT,2,0,0,,0,0,,0,0,,0,0,,0,0,,0,0,,0,0,,0,0,,0,0,,0,0,,0,0,,,,,,0,0,,0
TK-AT,3,0,0,,0,0,,0,0,,0,0,,0,0,,0,0,,0,0,,0,0,,0,0,,0,0,,0,0,,,,,,0,0,,0
TK-HQ,222,0,0,,0,0,,0,0,,0,0,,0,0,,0,0,,0,0,,0,25,0,0,0,,0,0,,0,0,,,,,,0,25,0,0
TK-AT,29,0,0,,0,0,,0,0,,0,0,,0,0,,0,0,,0,0,,0,0,,0,0,,0,0,,0,0,,,,,,0,0,,0
TK-AT,35,0,0,,0,0,,0,0,,0,0,,0,0,,0,0,,0,0,,0,0,,0,0,,0,0,,0,0,,,,,,0,0,,0
TK-HQ,166A,0,0,,0,0,,0,0,,0,0,,0,0,,0,0,,0,0,,0,0,,0,0,,0,0,,0,0,,,,,,0,0,,0
TK-AT,248,0,0,,0,0,,0,0,,0,0,,0,0,,0,0,,0,0,,0,0,,0,0,,0,0,,0,0,,,,,,0,0,,0
TK-AT,432,0,0,,0,0,,0,0,,0,0,,0,0,,0,0,,0,0,,0,0,,0,0,,0,0,,0,0,,,,,,0,0,,0
TK-AT,A001,0,0,,0,0,,0,0,,0,0,,0,0,,0,0,,0,0,,0,0,,0,0,,0,0,,0,0,,,,,,0,0,,0
TK-HQ,A001,0,0,,0,0,,0,0,,0,0,,0,0,,0,0,,0,0,,0,0,,0,0,,0,0,,0,0,,,,,,0,0,,0
TK-HQ,A166,0,0,,0,0,,0,0,,0,0,,0,0,,0,0,,0,0,,0,0,,0,0,,0,0,,0,0,,,,,,0,0,,0
TK-HQ,F3,0,0,,0,0,,0,0,,0,0,,0,0,,0,0,,0,0,,0,0,,0,0,,0,0,,0,0,,,,,,0,0,,0
TK-HQ,L /S,0,2344,0,0,2015,0,0,1415,0,0,1818,0,0,3054,0,0,1795,0,0,1843,0,0,1904,0,0,1792,0,0,0,,6807,8610,0,,,,,6807,26590,0,3
TK-AT,loca,0,0,,0,0,,0,0,,0,0,,0,0,,0,0,,0,0,,0,0,,0,0,,0,0,,0,0,,,,,,0,0,,0
TK-HQ,LV06,0,0,,0,0,,0,0,,0,0,,0,0,,0,0,,0,0,,0,0,,0,0,,0,0,,0,0,,,,,,0,0,,0
TK-HQ,LV6A,0,0,,0,0,,0,0,,0,0,,0,0,,0,0,,0,0,,0,0,,0,0,,0,0,,0,0,,,,,,0,0,,0
TK-HQ,LV6B,0,0,,0,0,,0,0,,0,0,,0,0,,0,0,,0,0,,0,0,,0,0,,0,0,,0,0,,,,,,0,0,,0
TK-HQ,LV6C,0,0,,0,0,,0,0,,0,0,,0,0,,0,0,,0,0,,0,0,,0,0,,0,0,,0,0,,,,,,0,0,,0
TK-HQ,LV6D,0,0,,0,0,,0,0,,0,0,,0,0,,0,0,,0,0,,0,0,,0,0,,0,0,,0,0,,,,,,0,0,,0
TK-HQ,LV6J,0,0,,0,0,,0,0,,0,0,,0,0,,0,0,,0,0,,0,0,,0,0,,0,0,,0,0,,,,,,0,0,,0
TK-HQ,LV6P,0,0,,0,0,,0,0,,0,0,,0,0,,0,0,,0,0,,0,0,,0,0,,0,0,,0,0,,,,,,0,0,,0
TK-HQ,LV6Q,0,0,,0,0,,0,0,,0,0,,0,0,,0,0,,0,0,,0,0,,0,0,,0,0,,0,0,,,,,,0,0,,0
TK-HQ,M037,0,0,,0,0,,0,0,,0,0,,0,0,,0,0,,0,0,,0,0,,0,0,,0,0,,0,0,,,,,,0,0,,0
TK-HQ,M282,0,0,,0,0,,0,0,,0,0,,0,0,,0,0,,0,0,,0,0,,0,0,,0,0,,0,0,,,,,,0,0,,0
TK-HQ,M284,0,0,,0,0,,0,0,,0,0,,0,0,,0,0,,0,0,,0,0,,0,0,,0,0,,0,0,,,,,,0,0,,0
TK-HQ,MV01,0,0,,0,0,,0,0,,0,0,,0,0,,0,0,,0,0,,0,0,,0,0,,0,0,,0,0,,,,,,0,0,,0
TK-HQ,MV02,0,0,,0,0,,0,0,,0,0,,0,0,,0,0,,0,0,,0,0,,0,0,,0,0,,0,0,,,,,,0,0,,0
TK-HQ,MV03,0,0,,0,0,,0,0,,0,0,,0,0,,0,0,,0,0,,0,0,,0,0,,0,0,,0,0,,,,,,0,0,,0
TK-HQ,MV04,0,0,,0,0,,0,0,,0,0,,0,0,,0,0,,0,0,,0,0,,0,0,,0,0,,0,0,,,,,,0,0,,0
TK-HQ,MV05,0,0,,0,0,,0,0,,0,0,,0,0,,0,0,,0,0,,0,0,,0,0,,0,0,,0,0,,,,,,0,0,,0
TK-HQ,MV06,0,0,,0,0,,0,0,,0,0,,0,0,,0,0,,0,0,,0,0,,0,0,,0,0,,0,0,,,,,,0,0,,0
TK-HQ,MV07,0,0,,0,0,,0,0,,0,0,,0,0,,0,0,,0,0,,0,0,,0,0,,0,0,,0,0,,,,,,0,0,,0
TK-HQ,MV08,0,0,,0,0,,0,0,,0,0,,0,0,,0,0,,0,0,,0,0,,0,0,,0,0,,0,0,,,,,,0,0,,0
TK-HQ,MV09,0,0,,0,0,,0,0,,0,0,,0,0,,0,0,,0,0,,0,0,,0,0,,0,0,,0,0,,,,,,0,0,,0
TK-HQ,MV10,0,0,,0,0,,0,0,,0,0,,0,0,,0,0,,0,0,,0,0,,0,0,,0,0,,0,0,,,,,,0,0,,0
TK-HQ,MV11,0,0,,0,0,,0,0,,0,0,,0,0,,0,0,,0,0,,0,0,,0,0,,0,0,,0,0,,,,,,0,0,,0
TK-HQ,MV12,0,0,,0,0,,0,0,,0,0,,0,0,,0,0,,0,0,,0,0,,0,0,,0,0,,0,0,,,,,,0,0,,0
TK-HQ,MV13,0,0,,0,0,,0,0,,0,0,,0,0,,0,0,,0,0,,0,0,,0,0,,0,0,,0,0,,,,,,0,0,,0
TK-HQ,MV6A,0,0,,0,0,,0,0,,0,0,,0,0,,0,0,,0,0,,0,0,,0,0,,0,0,,0,0,,,,,,0,0,,0
TK-HQ,MV6B,0,0,,0,0,,0,0,,0,0,,0,0,,0,0,,0,0,,0,0,,0,0,,0,0,,0,0,,,,,,0,0,,0
TK-HQ,MV6C,0,0,,0,0,,0,0,,0,0,,0,0,,0,0,,0,0,,0,0,,0,0,,0,0,,0,0,,,,,,0,0,,0
TK-HQ,MV6D,0,0,,0,0,,0,0,,0,0,,0,0,,0,0,,0,0,,0,0,,0,0,,0,0,,0,0,,,,,,0,0,,0
TK-HQ,MV6E,0,0,,0,0,,0,0,,0,0,,0,0,,0,0,,0,0,,0,0,,0,0,,0,0,,0,0,,,,,,0,0,,0
TK-HQ,MV6F,0,0,,0,0,,0,0,,0,0,,0,0,,0,0,,0,0,,0,0,,0,0,,0,0,,0,0,,,,,,0,0,,0
TK-HQ,MV6G,0,0,,0,0,,0,0,,0,0,,0,0,,0,0,,0,0,,0,0,,0,0,,0,0,,0,0,,,,,,0,0,,0
TK-HQ,MV6H,0,0,,0,0,,0,0,,0,0,,0,0,,0,0,,0,0,,0,0,,0,0,,0,0,,0,0,,,,,,0,0,,0
TK-HQ,MV6I,0,0,,0,0,,0,0,,0,0,,0,0,,0,0,,0,0,,0,0,,0,0,,0,0,,0,0,,,,,,0,0,,0
TK-HQ,MV6J,0,0,,0,0,,0,0,,0,0,,0,0,,0,0,,0,0,,0,0,,0,0,,0,0,,0,0,,,,,,0,0,,0
TK-HQ,MV6K,0,0,,0,0,,0,0,,0,0,,0,0,,0,0,,0,0,,0,0,,0,0,,0,0,,0,0,,,,,,0,0,,0
TK-HQ,MV6L,0,0,,0,0,,0,0,,0,0,,0,0,,0,0,,0,0,,0,0,,0,0,,0,0,,0,0,,,,,,0,0,,0
TK-HQ,MV6M,0,0,,0,0,,0,0,,0,0,,0,0,,0,0,,0,0,,0,0,,0,0,,0,0,,0,0,,,,,,0,0,,0
TK-HQ,MV6N,0,0,,0,0,,0,0,,0,0,,0,0,,0,0,,0,0,,0,0,,0,0,,0,0,,0,0,,,,,,0,0,,0
TK-HQ,MV6O,0,0,,0,0,,0,0,,0,0,,0,0,,0,0,,0,0,,0,0,,0,0,,0,0,,0,0,,,,,,0,0,,0
TK-HQ,MV6P,0,0,,0,0,,0,0,,0,0,,0,0,,0,0,,0,0,,0,0,,0,0,,0,0,,0,0,,,,,,0,0,,0
TK-HQ,MV6R,0,0,,0,0,,0,0,,0,0,,0,0,,0,0,,0,0,,0,0,,0,0,,0,0,,0,0,,,,,,0,0,,0
TK-HQ,MV6S,0,0,,0,0,,0,0,,0,0,,0,0,,0,0,,0,0,,0,0,,0,0,,0,0,,0,0,,,,,,0,0,,0
TK-HQ,MV6T,0,0,,0,0,,0,0,,0,0,,0,0,,0,0,,0,0,,0,0,,0,0,,0,0,,0,0,,,,,,0,0,,0
TK-HQ,P,0,0,,0,0,,0,0,,0,0,,0,0,,0,0,,0,0,,0,0,,0,0,,0,0,,0,0,,,,,,0,0,,0
TK-HQ,P001,0,46008,0,0,30658,0,0,27141,0,46110,45744,0.007937540663630394,59310,58370,0.015848929354240426,56130,53566,0.04567967218955993,47483,46566,0.019312174883642563,47296,45788,0.03188430311231394,49501,47726,0.035857861457344264,49442,47711,0.03501071963108293,43138,41673,0.03396077704112388,,,,,398410,490951,0,89
TK-HQ,P002,0,162675,0,0,145977,0,0,150522,0,177760,171248,0.036633663366336666,229629,217794,0.05153965744744782,211161,200392,0.05099900076245145,180459,171979,0.0469912833385977,185016,176486,0.04610412072469405,188033,178740,0.049422175894656806,190122,181670,0.04445566530964329,164557,156766,0.047345296766469924,,,,,1526737,1914249,0,348
TK-HQ,P003,0,21531,0,0,21879,0,0,56766,0,54121,48267,0.10816503760093121,60343,56852,0.05785260925045155,55758,56818,0,53830,52749,0.02008173880735653,52284,51423,0.016467753041083277,59137,58075,0.01795830021813749,50543,49679,0.017094355301426556,51191,50160,0.02014025902990757,,,,,437207,524199,0,17
TK-HQ,P005,0,92575,0,0,91606,0,0,74662,0,89654,97297,0,114736,113906,0.007233998047692092,113730,113786,0,99168,99600,0,98299,99226,0,107379,108270,0,97318,98166,0,83854,82040,0.02163283802800109,,,,,804138,1071134,0,102
TK-HQ,P006,0,61346,0,0,65016,0,0,62646,0,75660,70034,0.07435897435897432,85680,100796,0,81060,77401,0.0451394029114236,69046,66553,0.03610636387335975,69041,66100,0.042597876624035025,72352,69032,0.04588677576293676,72019,69023,0.04160013329815748,61217,58534,0.04382769492134542,,,,,586075,766481,0,168
TK-HQ,P007,0,0,,0,0,,0,0,,0,0,,0,0,,0,0,,0,0,,0,0,,0,0,,0,0,,0,0,,,,,,0,0,,0
TK-HQ,P008,0,126934,0,0,115694,0,0,127005,0,83019,80160,0.0344378997578868,94538,84495,0.10623241447883391,111938,83452,0.25448015865925777,91717,93749,0,85720,81726,0.04659356042930474,99523,94119,0.054299006259859506,86210,81574,0.053775664076093244,81419,77061,0.05352558985003497,,,,,734084,1045969,0,262
TK-HQ,P009,0,96048,0,0,87193,0,0,100009,0,155280,126464,0.18557444616177232,137976,123558,0.10449643416246301,122396,115924,0.052877545017811056,122153,106544,0.12778237128846615,110837,108758,0.018757274195440155,122496,117947,0.037135906478578895,112964,108876,0.036188520236535515,100651,96970,0.03657191682149208,,,,,984753,1188291,0,489
TK-HQ,P010,0,74100,0,0,62193,0,0,65532,0,84854,82538,0.027293940179602627,95761,93193,0.0268167625651361,100275,96995,0.032710047369733264,77736,85508,0,76929,74799,0.027687868034161345,83666,81055,0.031207419979442097,74972,72701,0.030291308755268642,69394,67269,0.030622243998040144,,,,,663587,855883,0,201
TK-HQ,P011,0,71258,0,0,73595,0,0,62989,0,75480,75277,0.002689454160042404,94320,92710,0.017069550466497052,84900,83303,0.018810365135453422,74730,73699,0.01379633346714837,74767,73610,0.01547474153035433,76533,75362,0.01530058928828082,77283,75653,0.021091313742996554,67749,66367,0.020398825074908866,,,,,625762,823823,0,181
TK-HQ,P012,0,45799,0,0,37897,0,0,35587,0,45553,47111,0,68721,66530,0.03188253954395304,58605,56748,0.03168671615049912,52120,50544,0.03023791250959329,53441,51765,0.03136168859115662,55341,53545,0.03245333477891621,59432,57449,0.033365863507874516,50064,47543,0.05035554490252481,,,,,443277,550518,0,285
TK-HQ,P013,0,7306,0,0,8163,0,0,7700,0,9520,9260,0.027310924369747913,9120,8892,0.025000000000000022,10100,9832,0.026534653465346558,7960,7753,0.02600502512562819,7900,7686,0.027088607594936698,8300,8083,0.02614457831325301,9060,8826,0.025827814569536423,7700,7486,0.027792207792207813,,,,,69660,90987,0,82
TK-HQ,P014,0,27314,0,0,27941,0,0,26779,0,33450,31438,0.060149476831091175,36840,34465,0.06446796959826273,37590,35159,0.06467145517424844,30463,28923,0.05055313002658968,31829,30238,0.049985861949794264,31701,30144,0.04911516986845843,35146,33320,0.05195470323792184,29063,27572,0.05130234318549354,,,,,266082,333293,0,295
TK-HQ,P015,0,52804,0,0,54102,0,0,50484,0,60471,57969,0.04137520464354816,69928,66903,0.04325878045990161,64019,61361,0.04151892406941693,55553,53395,0.038845786906197666,59020,56678,0.03968146391053884,60949,58500,0.04018113504733467,63653,60892,0.043375803182882144,54604,52310,0.0420115742436451,,,,,488197,625398,0,473
TK-HQ,P016,0,22700,0,0,19585,0,0,20847,0,25080,24304,0.030940988835725713,29310,28232,0.03677925622654388,26850,25986,0.03217877094972066,23190,22430,0.03277274687365239,21780,21143,0.029247015610652016,22950,22318,0.027538126361655757,22890,22286,0.026387068588903495,20640,19986,0.031686046511627874,,,,,192690,249817,0,87
TK-HQ,P017,0,49658,0,0,42212,0,0,43644,0,26187,51873,0,60462,56694,0.0623201349608018,56281,52966,0.05890087240809505,49009,46225,0.056805892795200874,50642,47945,0.053256190513802815,54073,50958,0.05760730863832231,52661,49465,0.06069007424849504,46527,43734,0.060029660197304824,,,,,395842,535374,0,451
TK-HQ,P018,0,36616,0,0,34096,0,0,40020,0,52080,50540,0.029569892473118253,50580,49010,0.03103993673388694,48900,45569,0.06811860940695291,42275,42942,0,40654,39547,0.02722979288630889,44816,43552,0.028204212781149596,43206,42052,0.02670925334444285,38868,37800,0.027477616548317374,,,,,361379,461744,0,273
TK-HQ,P019,0,43456,0,0,40919,0,0,43640,0,19500,46246,0,88508,57521,0.35010394540606504,54233,51936,0.042354286135747654,48684,46682,0.041122339988497236,48225,46406,0.03771902540176253,51082,49149,0.03784111820210645,52596,50671,0.03659974142520339,42992,41422,0.03651842203200595,,,,,405820,518048,0,265
TK-HQ,P01A,0,30478,0,0,30352,0,0,31696,0,42130,39993,0.050723949679563285,39547,37313,0.056489746377727745,41585,39412,0.052254418660574675,36488,34639,0.05067419425564568,36271,34557,0.0472553830884177,38667,36741,0.049809915431763496,38331,36570,0.04594192689989829,32889,31419,0.04469579494663867,,,,,305908,383170,0,82
TK-HQ,P020,0,22937,0,0,22754,0,0,22915,0,30240,29639,0.019874338624338628,26340,25821,0.019703872437357606,27240,25902,0.04911894273127748,20854,24276,0,17515,23112,0,25370,24795,0.022664564446196245,23996,23446,0.022920486747791347,21007,20524,0.022992335888037285,,,,,192562,266121,0,137
TK-HQ,P021,0,36460,0,0,38975,0,0,36839,0,47220,45061,0.04572215163066495,47040,44940,0.044642857142857095,45900,44007,0.04124183006535953,38309,36789,0.03967736041139158,42428,40731,0.0399971716790799,41466,39943,0.03672888631650029,41652,39896,0.042158839911648927,38466,36769,0.04411688244163681,,,,,342481,440410,0,286
TK-HQ,P022,0,34741,0,0,33593,0,0,35132,0,49500,44960,0.09171717171717175,41640,37474,0.10004803073967339,43440,39542,0.08973296500920813,37410,34424,0.07981823041967384,36330,33529,0.0770988164051748,40500,37185,0.08185185185185184,38460,35410,0.07930317212688509,35280,32169,0.0881802721088435,,,,,322560,398159,0,279
TK-AT,P023,0,94950,0,0,90794,0,0,94763,0,99333,85147,0.14281255977369056,95196,91322,0.04069498718433551,96249,91297,0.05144988519361238,86193,83015,0.03687074356386244,78507,74568,0.05017386984600103,86685,82945,0.043144719386283725,85515,81958,0.0415950418055312,72618,69595,0.041628797267895035,,,,,700296,940354,0,488
TK-HQ,P023,0,0,,0,0,,0,0,,0,0,,0,0,,0,0,,0,0,,0,0,,0,0,,0,0,,0,0,,,,,,0,0,,0
TK-AT,P023A,0,0,,0,0,,0,0,,21859,32300,0,39441,37956,0.03765117517304328,38889,37479,0.03625703926560209,34930,33737,0.03415402233037501,31238,30218,0.03265253857481276,36020,34876,0.03176013325930038,35799,34419,0.03854856280901697,29091,28191,0.030937403320614676,,,,,267267,269176,0,90
TK-AT,P024,0,108088,0,0,105941,0,0,104870,0,100514,47830,0.5241458901247588,56778,54129,0.04665539469512836,57759,55239,0.0436295642237573,49253,47260,0.04046454023105195,48119,46355,0.03665911594172777,51445,49418,0.03940130236174555,49007,47128,0.038341461423878176,45423,43603,0.040067807058098315,,,,,458298,709861,0,91
TK-HQ,P024,0,0,,0,0,,0,0,,0,0,,0,0,,0,0,,0,0,,0,0,,0,0,,0,0,,0,0,,,,,,0,0,,0
TK-AT,P024A,0,26302,0,0,25029,0,0,25248,0,20340,67914,0,83292,79649,0.04373769389617255,75490,75490,0,62420,62767,0,62090,59630,0.03961990658721215,70122,67183,0.04191266649553638,66524,63898,0.039474475377307416,59087,57269,0.030768189280213964,,,,,499365,610379,0,271
TK-AT,P025,0,50170,0,0,51000,0,0,54837,0,60300,58967,0.022106135986733055,74580,72889,0.022673639045320493,64920,63582,0.020609981515711695,55980,55003,0.017452661664880353,51376,49729,0.03205777016505762,58168,56671,0.025735799752441224,56775,55730,0.018405988551298935,52537,51467,0.020366598778004064,,,,,474636,620045,0,153
TK-HQ,P025,0,0,,0,0,,0,0,,0,0,,0,0,,0,0,,0,0,,0,0,,0,0,,0,0,,0,0,,,,,,0,0,,0
TK-AT,P025A,0,42342,0,0,41358,0,0,42190,0,48573,47845,0.014987750396310728,57938,56866,0.018502537194932556,63211,64790,0,58735,57080,0.02817740699753124,56313,55155,0.02056363539502426,64554,63208,0.020850760603525753,60564,59278,0.021233736212931786,57550,56291,0.021876629018245053,,,,,467438,586403,0,112
TK-AT,P026,0,74030,0,0,62715,0,0,68352,0,43260,35526,0.17877947295423025,47940,39334,0.1795160617438465,39300,35690,0.09185750636132317,30480,30222,0.008464566929133888,30360,30040,0.010540184453227908,35700,35417,0.007927170868347377,31823,31108,0.02246802627030764,30858,30261,0.019346684814310677,,,,,289721,472695,0,43
TK-HQ,P026,0,0,,0,0,,0,0,,0,0,,0,0,,0,0,,0,0,,0,0,,0,0,,0,0,,0,0,,,,,,0,0,,0
TK-AT,P026A,0,0,,0,0,,0,0,,57584,62307,0,65073,69469,0,59624,56290,0.055917080370320726,52033,49491,0.048853612130763224,51543,48509,0.05886347321653762,57125,54057,0.05370678336980306,54507,51598,0.05336929201753904,52182,49485,0.05168448890421984,,,,,449671,441206,0.018824874185793594,160
TK-AT,P027,0,42589,0,0,42969,0,0,42670,0,30917,28458,0.07953553061422514,35553,34058,0.0420498973363711,30122,28880,0.0412323218909767,26726,25590,0.04250542542842173,35179,33425,0.049859291054322186,40732,38509,0.05457625454188353,40194,37999,0.05461014081703741,33950,33950,0,,,,,273373,389097,0,122
TK-HQ,P027,0,0,,0,0,,0,0,,0,0,,0,0,,0,0,,0,0,,0,0,,0,0,,0,0,,0,0,,,,,,0,0,,0
TK-AT,P028,0,38816,0,0,39709,0,0,41573,0,44111,32385,0.26582938496066744,39279,38099,0.030041498001476596,35606,34705,0.02530472392293437,31604,30722,0.027907859764586762,29560,28805,0.025541271989174552,33007,32074,0.028266731299421366,30403,29702,0.023056935170871262,29632,28857,0.0261541576673866,,,,,273202,375447,0,153
TK-AT,P028A,0,0,,0,0,,0,0,,24081,57897,0,67559,64395,0.04683313844195447,59084,55983,0.05248459819917406,53273,50812,0.046196009235447644,45190,42905,0.05056428413365788,54287,51628,0.04898041888481586,50789,48761,0.039929906082025624,45575,44893,0.014964344487109149,,,,,399838,417274,0,155
TK-HQ,P029,0,40399,0,0,36566,0,0,44558,0,0,50081,0,63408,63295,0.001782109512995178,65840,65753,0.0013213851761847417,27862,27818,0.0015792118297321966,29848,29787,0.0020436880192977736,35915,35857,0.0016149241264096226,33722,33669,0.001571674277919488,53548,53477,0.0013259131993724749,,,,,310143,481260,0,1
TK-HQ,P02A,0,53595,0,0,48643,0,0,48939,0,59360,56199,0.053251347708894836,47960,68365,0,64680,61634,0.047093382807668505,58168,56371,0.030893274652730063,56935,55638,0.02278036357249491,59001,57708,0.021914882798596658,61152,59916,0.020211930926216648,52070,51497,0.011004417130785482,,,,,459326,618505,0,145
TK-HQ,P030,0,12886,0,0,4097,0,0,14954,0,16252,16195,0.003507260644843746,17244,17194,0.0028995592669913695,17725,17695,0.001692524682651575,15536,15504,0.002059732234809486,14954,14903,0.0034104587401364572,16273,16223,0.0030725742026670444,13803,13762,0.0029703687604144546,13322,13274,0.0036030626032127477,,,,,125109,156687,0,1
TK-HQ,P031,0,36127,0,0,30075,0,0,27136,0,0,23408,0,26623,26597,0.0009765991811591102,32102,32066,0.0011214254563578496,8623,8601,0.002551316247245694,2782,2760,0.00790797987059666,3506,3485,0.0059897318881916295,5342,5318,0.004492699363534247,6661,6634,0.0040534454286143,,,,,85639,202207,0,1
TK-HQ,P032,0,27394,0,0,25771,0,0,26109,0,34740,33210,0.04404145077720212,31560,30229,0.0421736375158428,26250,24949,0.04956190476190481,23310,22110,0.051480051480051525,23130,22027,0.04768698659749249,24660,23659,0.04059205190592052,25500,24240,0.04941176470588238,21630,20621,0.04664817383263986,,,,,210780,280319,0,164
TK-HQ,P033,0,9818,0,0,9442,0,0,10073,0,0,12912,0,14040,13799,0.01716524216524218,12570,12359,0.016785998408910152,9900,9736,0.01656565656565656,9240,9099,0.015259740259740306,10020,9846,0.01736526946107786,9990,9817,0.017317317317317338,8640,8479,0.01863425925925921,,,,,74400,115380,0,66
TK-HQ,P034,0,29044,0,0,28957,0,0,27702,0,36964,34623,0.06333189048804244,39055,36407,0.06780181794904616,38095,35594,0.06565166032287706,30804,28985,0.05905077262693159,30974,29215,0.05678956544198355,33043,31110,0.05849953091426319,33801,31823,0.05851897872844003,28689,27074,0.05629335285300985,,,,,271425,340534,0,256
TK-HQ,P035,0,26653,0,0,23856,0,0,22497,0,28809,28009,0.027769099934048413,28849,27935,0.03168220735554095,29692,28817,0.029469217297588557,25023,24299,0.028933381289213966,24957,24289,0.026766037584645574,25773,25066,0.027431808481744424,25230,24536,0.02750693618707889,26617,25832,0.029492429650223584,,,,,214950,281789,0,169
TK-HQ,P036,0,16194,0,0,16692,0,0,15730,0,19192,18341,0.04434139224676947,23714,22588,0.04748249978915409,20603,19689,0.044362471484735266,18845,18081,0.04054125762801808,21104,19950,0.05468157695223652,23786,22693,0.04595139998318343,24796,23489,0.05271011453460239,20886,19886,0.04787896198410413,,,,,172926,213333,0,216
TK-HQ,P037,0,23431,0,0,24574,0,0,23326,0,27384,26422,0.035130002921413994,33679,32517,0.034502212060928183,28054,27142,0.03250873315748204,25729,24947,0.030393719149597764,24636,23870,0.03109270985549606,26954,26142,0.03012539882763221,27453,26589,0.03147197027647253,23094,22371,0.03130683294362169,,,,,216983,281331,0,269
TK-HQ,P038,0,5543,0,0,6330,0,0,5745,0,6380,6199,0.028369905956112884,7754,7536,0.02811452153727112,7760,7547,0.027448453608247436,6228,6052,0.02825947334617851,6604,6427,0.026801938219261023,6574,6401,0.02631578947368418,6767,6580,0.02763410669425148,6180,6019,0.026051779935275077,,,,,54247,70379,0,74
TK-HQ,P039,0,13354,0,0,15095,0,0,13735,0,15147,14833,0.020730177592922727,23658,17584,0.2567419054865162,18600,17964,0.03419354838709676,14717,14483,0.015899979615410786,16556,16134,0.025489248610775506,16281,15850,0.02647257539463177,16263,15836,0.026255918342249274,15581,15166,0.02663500417174769,,,,,136803,170034,0,162
TK-HQ,P040,0,21636,0,0,23529,0,0,21883,0,25500,24676,0.032313725490196066,27348,30574,0,29562,28543,0.0344699276097693,24224,23398,0.034098414795244336,26400,25516,0.03348484848484845,26247,25365,0.033603840438907295,27764,26798,0.03479325745569806,25649,24721,0.03618074778743807,,,,,212694,276639,0,349
TK-HQ,P041,0,94325,0,0,91690,0,0,95209,0,0,106067,0,102600,101682,0.008947368421052593,99180,98718,0.0046581972171808594,89280,88523,0.008478942652329735,89280,89032,0.002777777777777768,85620,85489,0.001530016351319774,82860,82649,0.0025464639150374335,85860,85676,0.002143023526671284,,,,,634680,1019060,0,1
TK-HQ,P042,0,15844,0,0,14144,0,0,15172,0,22710,22195,0.022677234698370796,23520,22926,0.02525510204081638,20820,20324,0.02382324687800197,16770,16427,0.020453190220632078,18990,18644,0.018220115850447582,19170,18787,0.019979134063641157,19110,18791,0.016692830978545237,15450,15221,0.014822006472491878,,,,,156540,198475,0,120
TK-HQ,P043,0,4188,0,0,4350,0,0,4232,0,4641,4528,0.02434820081878908,5650,5510,0.024778761061946875,4839,4719,0.024798512089274638,4479,4369,0.024559053360124983,4335,4227,0.02491349480968863,4666,4546,0.025717959708529747,4682,4568,0.024348568987612174,4048,3940,0.02667984189723316,,,,,37340,49177,0,61
TK-HQ,P044,0,23187,0,0,20933,0,0,20095,0,26910,25835,0.039947974730583424,30570,29224,0.04403009486424603,23430,22500,0.03969270166453265,20340,19531,0.03977384464110123,22590,21753,0.037051792828685204,22230,21373,0.0385515069725596,28560,27365,0.041841736694677834,21210,20317,0.04210278170674209,,,,,195840,252113,0,178
TK-HQ,P045,0,15469,0,0,13719,0,0,13577,0,18960,18303,0.03465189873417718,19890,19192,0.035093011563599785,17190,16592,0.03478766724840021,15150,14641,0.03359735973597355,16530,15964,0.034240774349667324,16230,15687,0.03345656192236601,18510,17903,0.03279308481901677,15120,14614,0.03346560846560842,,,,,137580,175661,0,162
TK-HQ,P046,0,27496,0,0,29564,0,0,24729,0,37600,37288,0.00829787234042556,35920,34368,0.04320712694877504,35320,33872,0.04099660249150627,29120,28287,0.028605769230769185,34800,34411,0.01117816091954027,31480,30253,0.03897712833545108,32520,31231,0.03963714637146376,29696,28469,0.04131869612068961,,,,,266456,339968,0,83
TK-HQ,P047,0,16509,0,0,20653,0,0,18762,0,25860,24982,0.033952049497293135,22860,22059,0.03503937007874014,23610,22784,0.03498517577297755,19650,18999,0.03312977099236636,23670,22861,0.03417828474862694,21810,21054,0.03466299862448419,23820,22980,0.035264483627204024,20604,19918,0.03329450592118033,,,,,181884,231561,0,232
TK-HQ,P048,0,13849,0,0,15200,0,0,14104,0,19920,19068,0.04277108433734944,17280,16526,0.043634259259259234,17490,16785,0.04030874785591765,14820,14246,0.03873144399460193,17610,16911,0.03969335604770019,16020,15414,0.0378277153558052,19230,18466,0.03972958918356739,16453,15756,0.0423630948763144,,,,,138823,176325,0,173
TK-HQ,P049,0,26259,0,0,26380,0,0,25121,0,34607,33266,0.038749385962377536,29860,28584,0.042732752846617594,32307,30846,0.04522239762280622,29585,28227,0.04590163934426228,30673,29259,0.04609917517034523,31413,29998,0.04504504504504503,31136,29729,0.04518884892086328,28802,27469,0.046281508228595225,,,,,248383,315138,0,297
TK-HQ,P050,0,25100,0,0,24619,0,0,24080,0,34129,32001,0.062351665738814455,28527,26790,0.06088968345777679,29762,28082,0.05644781936697807,25883,24475,0.05439864003399919,26973,25590,0.051273495717940154,26097,24860,0.0474000843008775,26706,25363,0.050288324721036504,24372,23159,0.04977022813064169,,,,,222449,284119,0,332
TK-HQ,P051,0,19223,0,0,19153,0,0,18728,0,25470,24117,0.053121319199057715,21210,20069,0.05379537953795377,22020,20970,0.04768392370572205,20190,19074,0.05527488855869245,20760,19712,0.050481695568400764,20220,19221,0.04940652818991098,20460,19494,0.047214076246334336,18305,17516,0.04310297732859869,,,,,168635,217277,0,263
TK-HQ,P052,0,15219,0,0,15587,0,0,14908,0,24351,23120,0.05055233871298925,22142,20981,0.052434287778881816,23499,22287,0.05157666283671647,19608,18617,0.05054059567523461,21806,20690,0.051178574704209834,21763,21976,0,22258,21010,0.05606972773834129,20778,19622,0.05563576860140529,,,,,176205,214017,0,156
TK-HQ,P053,0,10592,0,0,10521,0,0,9903,0,13004,12902,0.007843740387573073,11116,11019,0.008726160489384682,11182,11094,0.00786979073510996,9038,8970,0.007523788448771884,9267,9199,0.0073378655444048535,9622,9571,0.005300353356890497,9935,9852,0.008354302969300398,8702,8645,0.0065502183406113135,,,,,81866,112268,0,75
TK-HQ,P054,0,9967,0,0,9891,0,0,10119,0,6591,14161,0,13336,11583,0.13144871025794846,12726,12292,0.034103410341034146,11403,10143,0.11049723756906082,10460,10238,0.021223709369024846,11063,10840,0.02015728102684622,11588,11310,0.023990334829133597,9688,9494,0.02002477291494631,,,,,86855,120038,0,97
TK-HQ,P055,0,7411,0,0,7652,0,0,7277,0,10584,10381,0.019179894179894186,8113,7969,0.01774929126093927,8538,8385,0.017919887561489767,6759,6629,0.01923361444000593,6968,6836,0.01894374282433986,7829,7673,0.019925916464427096,7703,7544,0.02064130858107227,6932,6788,0.020773225620311586,,,,,63426,84545,0,113
TK-AT,P056,0,7991,0,0,8609,0,0,9062,0,10220,9757,0.045303326810176126,11978,11468,0.042578059776256505,10898,10391,0.046522297669297163,9553,9107,0.04668690463728675,9392,8973,0.04461243611584331,9967,9486,0.04825925554329291,10717,10231,0.04534851171036669,9010,8625,0.042730299667036675,,,,,81735,103700,0,105
TK-HQ,P057,0,8568,0,0,8882,0,0,8704,0,8947,11661,0,9724,9477,0.025401069518716568,10086,9838,0.024588538568312557,8110,7902,0.02564734895191123,8330,8102,0.027370948379351723,9466,9154,0.03296006761039505,9052,8793,0.028612461334511674,8185,7976,0.025534514355528448,,,,,71900,99057,0,119
TK-HQ,P058,0,4267,0,0,4047,0,0,4149,0,5850,5698,0.02598290598290598,4860,4733,0.02613168724279835,3600,4813,0,5466,4042,0.2605195755579949,4417,4384,0.007471134254018574,4645,4495,0.03229278794402579,4627,4559,0.014696347525394393,4113,4031,0.01993678580111835,,,,,37578,49218,0,53
TK-HQ,P059,0,8990,0,0,9303,0,0,8650,0,12880,12393,0.03781055900621122,10184,9840,0.03377847604084838,10985,10637,0.031679563040509784,8355,8136,0.02621184919210051,9045,8813,0.025649530127142106,9672,9442,0.023779983457402842,9345,9090,0.027287319422150902,8441,8221,0.026063262646605856,,,,,78907,103515,0,99
TK-HQ,P05A,0,52783,0,0,51479,0,0,66201,0,59626,57511,0.035471103210009014,70318,67678,0.0375437299126824,65572,63402,0.0330933935216251,58579,56666,0.032656754126905496,56503,55188,0.02327310054333398,61929,59830,0.03389365240840314,58948,57394,0.026362217547669098,49988,48745,0.02486596783227979,,,,,481463,636877,0,57
TK-HQ,P060,0,11740,0,0,10587,0,0,9908,0,14968,14237,0.048837520042757876,12350,11771,0.04688259109311743,13056,12485,0.04373468137254899,10258,9934,0.0315851043088321,10356,9954,0.03881807647740443,11353,10859,0.04351272791332683,10982,10530,0.04115825896922232,9323,8922,0.04301190603882865,,,,,92646,120927,0,132
TK-HQ,P061,0,2852,0,0,2973,0,0,2758,0,3815,3763,0.013630406290956798,3334,3287,0.014097180563887202,3584,3529,0.015345982142857095,2423,2391,0.01320676846884028,2859,2820,0.01364113326337879,2569,2535,0.013234721681588124,2646,2610,0.013605442176870763,2592,2553,0.01504629629629628,,,,,23822,32071,0,30
TK-HQ,P062,0,11123,0,0,11498,0,0,10792,0,0,13122,0,11934,12002,0,11923,11931,0,0,9897,0,18747,10564,0.4364965061076439,9662,9707,0,10489,10542,0,10490,10541,0,,,,,73245,121719,0,1
TK-HQ,P063,0,25426,0,0,2712,0,0,2663,0,0,3205,0,2934,2933,0.0003408316291751978,2897,2899,0,2568,2567,0.0003894080996884597,2577,2579,0,2505,2506,0,2765,2766,0,2744,2744,0,,,,,18990,53000,0,1
TK-HQ,P064,0,16755,0,0,5649,0,0,6402,0,0,8379,0,7560,7555,0.000661375661375696,6992,6992,0,5690,5689,0.00017574692442878792,6095,6094,0.00016406890894171688,5444,5442,0.00036737692872890193,5669,5669,0,5743,5744,0,,,,,43193,80370,0,1
TK-HQ,P065,0,18567,0,0,18229,0,0,16914,0,16246,20996,0,31914,17978,0.43667356019301873,20610,19919,0.03352741387675884,16740,16192,0.0327359617682198,18900,18289,0.03232804232804232,18240,17682,0.03059210526315792,19320,18579,0.038354037267080754,18810,18161,0.034502923976608146,,,,,160780,201506,0,150
TK-HQ,P066,0,11103,0,0,11365,0,0,12106,0,0,14921,0,13580,13578,0.00014727540500736325,13030,13031,0,11350,11350,0,12911,12912,0,11939,11939,0,12386,12386,0,12249,12247,0.0001632786349906601,,,,,87445,136938,0,1
TK-HQ,P067,0,13235,0,0,12373,0,0,11767,0,0,15063,0,0,12937,0,14733,14322,0.027896558745672984,11685,11350,0.028669234060761606,12768,12410,0.028038847117794474,12383,12017,0.029556650246305383,13120,12709,0.031326219512195164,12827,12443,0.029936851952911847,,,,,77516,140626,0,131
TK-HQ,P068,0,22895,0,0,22489,0,0,20139,0,27866,26327,0.05522859398550206,24279,22875,0.05782775237859883,27337,25759,0.057723963858506755,20952,19782,0.05584192439862545,23569,22312,0.053332767618481935,22716,21632,0.04771966895580204,22786,21676,0.04871412270692532,23660,22513,0.048478444632290785,,,,,193165,248399,0,255
TK-AT,P069,0,18586,0,0,20091,0,0,20586,0,11362,7299,0.3575954937511001,9601,9347,0.02645557754400585,8712,8476,0.02708907254361803,7633,7446,0.024498886414253906,7421,7297,0.016709338364101822,7989,7791,0.02478407810739769,8285,8072,0.02570911285455646,7339,7136,0.027660444202207368,,,,,68342,122127,0,68
TK-AT,P069A,0,0,,0,0,,0,0,,9918,13215,0,17126,16535,0.03450893378488851,16124,15476,0.04018853882411311,13817,13322,0.03582543243830061,13777,13245,0.038615083109530324,14650,13823,0.05645051194539252,13688,13216,0.03448275862068961,12674,12274,0.03156067539845353,,,,,111774,111106,0.00597634512498435,97
TK-HQ,P06A,0,33311,0,0,34429,0,0,33515,0,37380,36279,0.029454253611556958,46620,45094,0.032732732732732694,43751,42424,0.030330735297478872,42316,41067,0.029516022308346712,41515,40507,0.024280380585330552,41338,40351,0.023876336542648424,40601,39713,0.021871382478264034,33678,32973,0.02093354712275075,,,,,327199,419663,0,115
TK-HQ,P06B,0,41604,0,0,43293,0,0,41162,0,49980,49210,0.01540616246498594,14460,56459,0,54383,53996,0.007116194398985032,45015,44660,0.007886260135510414,44383,44015,0.008291462947524919,44353,44008,0.007778504272540787,44032,43712,0.007267441860465129,38264,37972,0.007631193811415415,,,,,334870,500091,0,76
TK-AT,P070,0,29420,0,0,29985,0,0,17129,0,18030,17024,0.05579589572933996,22770,22067,0.03087395696091344,20580,19645,0.0454324586977648,17340,16744,0.034371395617070366,16020,15453,0.03539325842696628,18030,17521,0.02823072656683301,17760,17054,0.03975225225225221,16140,15538,0.03729863692688973,,,,,146670,217580,0,141
TK-AT,P071,0,13871,0,0,21250,0,0,15195,0,23490,21893,0.06798637718177947,25710,23994,0.06674445740956825,27030,24995,0.07528671846096935,15270,14556,0.04675834970530457,30060,27296,0.09194943446440451,17460,16567,0.051145475372279536,29820,27407,0.08091884641180414,23760,21915,0.07765151515151514,,,,,192600,228939,0,197
TK-AT,P072,0,12332,0,0,11859,0,0,12067,0,13890,13276,0.04420446364290853,16410,15717,0.0422303473491773,14280,13703,0.04040616246498596,11760,11291,0.03988095238095235,12030,11573,0.03798836242726522,13140,12609,0.04041095890410962,13710,13158,0.040262582056892815,12390,11894,0.04003228410008075,,,,,107610,139479,0,157
TK-AT,P073,0,27777,0,0,27844,0,0,28161,0,24600,9436,0.6164227642276423,12990,10670,0.17859892224788299,12540,10243,0.18317384370015954,10170,8836,0.13117010816125863,9960,8781,0.11837349397590358,10170,9779,0.03844641101278268,9900,9690,0.021212121212121238,9570,9369,0.021003134796238276,,,,,99900,160586,0,33
TK-AT,P073A,0,0,,0,0,,0,0,,9040,21425,0,23800,23197,0.025336134453781467,23160,22512,0.02797927461139893,20760,20251,0.02451830443159919,19938,19367,0.02863878021867794,22139,21528,0.027598355842630706,16437,16020,0.02536959299142183,15492,15127,0.023560547379292585,,,,,150766,159427,0,65
TK-AT,P074,0,9997,0,0,9009,0,0,9220,0,10290,9945,0.03352769679300294,11880,11466,0.034848484848484795,10710,10364,0.0323062558356676,9300,9029,0.02913978494623659,9870,9546,0.03282674772036476,10920,10575,0.03159340659340659,10950,10605,0.03150684931506853,10260,9912,0.03391812865497079,,,,,84180,109668,0,123
TK-AT,P075,0,35245,0,0,33228,0,0,34779,0,33161,22601,0.31844636772111823,25637,25072,0.02203846003822596,23774,23256,0.02178850845461433,21041,20621,0.01996102846822867,21216,20789,0.02012631975867274,23133,22652,0.020792806812778286,23205,22744,0.01986640810170226,20899,20493,0.019426766830948794,,,,,192066,281480,0,127
TK-AT,P075A,0,0,,0,0,,0,0,,5100,14572,0,17040,16330,0.04166666666666663,15840,15148,0.04368686868686866,14250,13720,0.03719298245614033,14640,14087,0.03777322404371586,15900,15233,0.04194968553459122,15240,14604,0.04173228346456692,14700,14137,0.038299319727891135,,,,,112710,117831,0,104
TK-AT,P076,0,18908,0,0,16890,0,0,14401,0,16920,16563,0.021099290780141833,19380,18976,0.020846233230134126,17250,16741,0.02950724637681157,14940,14674,0.017804551539491342,15540,15210,0.021235521235521193,16860,16520,0.02016607354685651,16650,16278,0.022342342342342336,15870,15594,0.017391304347826098,,,,,133410,180755,0,90
TK-AT,P077,0,3036,0,0,3041,0,0,7619,0,8521,8315,0.024175566248092917,7983,7791,0.024051108605787297,8194,8008,0.022699536246033714,7042,6879,0.023146833285998314,7684,7503,0.023555439875065032,8003,7605,0.049731350743471237,7704,7284,0.05451713395638624,7378,7099,0.037815126050420145,,,,,62509,74180,0,79
TK-AT,P077A,0,22833,0,0,23802,0,0,25176,0,31110,28228,0.09263902282224368,28920,26294,0.09080221300138314,28500,25883,0.09182456140350881,24030,21760,0.09446525176862253,25560,23051,0.09816118935837248,30810,27089,0.12077247646867895,31334,26951,0.13988000255313715,26859,24641,0.0825793961055884,,,,,227123,275708,0,249
TK-AT,P078,0,19315,0,0,19220,0,0,19836,0,21930,21094,0.03812129502963979,26070,25110,0.03682393555811281,21960,21154,0.03670309653916215,19800,19062,0.037272727272727235,18660,17983,0.03628081457663446,21870,21085,0.035893918609968045,19620,19622,0,18544,18572,0,,,,,168454,222053,0,180
TK-AT,P079,0,18102,0,0,18523,0,0,20406,0,22620,21703,0.040539345711759545,22050,21191,0.03895691609977325,22050,21293,0.03433106575963718,19290,18553,0.0382063245204769,20850,20014,0.04009592326139089,22200,21338,0.038828828828828876,21630,20750,0.040684234858992085,21000,20153,0.04033333333333333,,,,,171690,222026,0,131
TK-AT,P080,0,39891,0,0,39491,0,0,34279,0,43608,42697,0.02089066226380476,42238,41382,0.02026611108480514,37899,37154,0.01965751075226263,32966,32294,0.020384638718679904,29478,28859,0.02099871090304639,38263,37544,0.018790999137548003,27161,26600,0.02065461507308275,34519,33819,0.020278687099858028,,,,,286132,394010,0,65
TK-AT,P080A,0,0,,0,0,,0,3458,0,4725,4696,0.006137566137566108,4310,4285,0.0058004640371229765,3858,3840,0.004665629860031051,3152,3135,0.0053934010152284495,3320,3304,0.004819277108433773,3741,3723,0.004811547714514863,3619,3590,0.008013263332412257,3534,3520,0.003961516694963252,,,,,30259,33551,0,21
TK-AT,P081,0,47319,0,0,37089,0,0,39678,0,37249,18618,0.5001745013288947,20219,19620,0.02962559968346601,19439,18887,0.028396522454858797,17075,16317,0.04439238653001465,18222,17347,0.04801887827900342,20100,19208,0.04437810945273635,19424,18648,0.039950576606260335,18113,17227,0.048915143819356244,,,,,169841,269958,0,166
TK-AT,P081A,0,0,,0,0,,0,0,,8553,23954,0,28517,27593,0.03240172528667107,26399,25441,0.036289253380809905,21757,21023,0.033736268787057044,24198,23287,0.037647739482601916,29455,28023,0.0486165336954677,27576,26461,0.04043371047287492,25262,24121,0.04516665347161741,,,,,191717,199903,0,204
TK-AT,P082,0,12799,0,0,12371,0,0,12657,0,16611,15441,0.07043525374751669,18323,16937,0.07564263493969325,17192,15988,0.07003257328990231,14002,13123,0.06277674617911722,14269,13424,0.059219286565281415,15949,15048,0.056492570067088854,16124,15217,0.05625155048375097,14482,13652,0.05731252589421354,,,,,126952,156657,0,197
TK-AT,P083,0,24288,0,0,25727,0,0,24602,0,33330,31766,0.04692469246924691,30960,29521,0.0464793281653747,28020,26868,0.04111349036402567,24420,23424,0.040786240786240824,27090,25977,0.041085271317829464,26310,25217,0.041543139490688,29070,27800,0.04368765049879597,25350,24206,0.045128205128205146,,,,,224550,289396,0,267
TK-AT,P084,0,11235,0,0,11007,0,0,11732,0,14624,14164,0.03145514223194745,12746,12357,0.030519378628589333,12738,12348,0.03061705134243997,9858,9499,0.036417123148711705,11681,11277,0.03458607995890761,11937,11532,0.03392812264388034,12076,11686,0.03229546207353429,11589,11209,0.03278971438432998,,,,,97249,128046,0,128
TK-AT,P085,0,16459,0,0,15042,0,0,14474,0,18720,17701,0.05443376068376071,19200,18193,0.052447916666666705,17010,16204,0.047383891828336244,14730,14096,0.043041412084181996,16890,16068,0.04866785079928948,16110,15341,0.0477343265052762,17460,16689,0.044158075601374525,15180,14386,0.052305665349143604,,,,,135300,174653,0,159
TK-AT,P086,0,22611,0,0,21435,0,0,24244,0,28980,26265,0.09368530020703936,34420,31066,0.09744334689134226,29300,26565,0.0933447098976109,24880,23389,0.05992765273311895,22800,21193,0.07048245614035087,26600,24738,0.06999999999999995,23700,22002,0.07164556962025315,23020,21382,0.07115551694178979,,,,,213700,264890,0,243
TK-AT,P087,0,12858,0,0,13722,0,0,14340,0,15515,14930,0.03770544634224948,18053,17362,0.03827618678336009,17355,16734,0.03578219533275717,14423,13928,0.03432018304097617,13937,13487,0.032288153835115185,15366,14856,0.03319016009371334,14336,13899,0.030482700892857095,13753,13316,0.03177488547953178,,,,,122738,159432,0,154
TK-AT,P088,0,15535,0,0,14504,0,0,16200,0,17760,16973,0.04431306306306304,22320,21304,0.04551971326164872,18660,17874,0.04212218649517685,16470,15793,0.041105039465695214,15060,14460,0.03984063745019917,17340,16618,0.041637831603229536,16020,15346,0.04207240948813984,15390,14764,0.04067576348278101,,,,,139020,179371,0,115
TK-AT,P089,0,12188,0,0,12808,0,0,12285,0,15640,14875,0.048913043478260865,19360,18264,0.05661157024793384,15160,14481,0.04478891820580477,13421,12809,0.04560017882423073,12824,12244,0.04522769806612603,13332,12724,0.04560456045604555,14316,13681,0.044355965353450655,12153,11617,0.04410433637784905,,,,,116206,147976,0,132
TK-HQ,P08A,0,72824,0,0,66131,0,0,71107,0,84600,81824,0.03281323877068554,90180,86703,0.0385562208915502,89340,85768,0.03998209088873961,70686,68695,0.028166822284469317,67816,65744,0.030553261767134576,79990,77548,0.030528816102012746,71019,68792,0.0313578056576409,67207,65103,0.03130626274048831,,,,,620838,810239,0,297
TK-HQ,P08B,0,31114,0,0,29296,0,0,31401,0,36200,35131,0.029530386740331482,35800,34720,0.030167597765363152,37120,35649,0.03962823275862071,32120,31472,0.02017434620174341,30695,29808,0.028897214530053783,34154,33123,0.030186800960356086,31033,30053,0.03157928656591369,29296,28334,0.032837247405789194,,,,,266418,350101,0,30
TK-HQ,P08C,0,0,,0,0,,0,0,,0,60575,0,147879,65550,0.556732193212018,69399,67509,0.027233821812994385,57120,55610,0.026435574229691894,53332,51947,0.025969399234980872,62272,60808,0.023509763617677315,54411,53193,0.022385179467387162,51278,50204,0.020944654627715553,,,,,495691,465396,0.06111670375294287,128
TK-AT,P090,0,24632,0,0,25812,0,0,24727,0,28800,28243,0.019340277777777803,33608,32877,0.02175077362532729,27859,27408,0.01618866434545385,25419,25189,0.009048349659703359,27017,26642,0.01388014953547767,27094,26827,0.00985458034989295,29303,28723,0.019793195235982664,25207,24954,0.010036894513428818,,,,,224307,296034,0,128
TK-AT,P091,0,20257,0,0,19606,0,0,19738,0,25920,25157,0.02943672839506173,21450,21031,0.019533799533799523,23010,22462,0.023815732290308533,19110,18684,0.022291993720565118,20340,19880,0.022615535889872196,22050,21560,0.022222222222222254,22380,21859,0.023279714030384313,21180,20733,0.021104815864022686,,,,,175440,230967,0,119
TK-AT,P092,0,5151,0,0,5770,0,0,5993,0,7562,7416,0.01930706162390905,7641,7499,0.018583954979714656,7236,7045,0.02639579878385845,7397,7240,0.021224820873327,11380,11198,0.01599297012302281,13047,12792,0.019544722924810354,13589,13257,0.024431525498564977,14004,13658,0.02470722650671242,,,,,81856,97019,0,48
TK-AT,P093,0,17578,0,0,18742,0,0,18933,0,23370,23183,0.008001711596063332,22380,22143,0.010589812332439719,21540,21216,0.015041782729805053,18180,18007,0.0095159515951595,19440,19232,0.010699588477366295,20190,20013,0.00876671619613667,20010,19742,0.013393303348325891,18420,18290,0.007057546145494031,,,,,163530,217079,0,126
TK-AT,P094,0,14110,0,0,14675,0,0,15425,0,1785,20140,0,18197,17522,0.037094026487882625,17525,16793,0.04176890156918689,14555,13928,0.043077980075575395,16145,15468,0.0419324868380303,16887,16171,0.04239947888908624,18183,17423,0.04179728317659348,16119,15435,0.042434394193188174,,,,,119396,177090,0,201
TK-AT,P095,0,9037,0,0,9473,0,0,10166,0,13970,13607,0.025984251968503957,10799,10527,0.025187517362718737,10444,10179,0.025373420145538117,8939,8708,0.02584181675802666,9957,9703,0.02550969167419903,10756,10482,0.02547415396058017,10761,10470,0.027042096459436893,10781,10496,0.026435395603376266,,,,,86407,112848,0,143
TK-AT,P096,0,8519,0,0,8676,0,0,9789,0,11175,10982,0.017270693512304258,9831,9670,0.01637676736852811,9149,8993,0.017051043829926726,7601,7475,0.016576766214971728,8390,8253,0.016328963051251533,9003,8849,0.017105409308008412,8790,8641,0.01695108077360641,8878,8723,0.017458887136742485,,,,,72817,98570,0,88
TK-HQ,P097,0,120270,0,0,95491,0,0,111626,0,0,91130,0,120887,121365,0,117183,117653,0,102681,103089,0,100595,101000,0,102211,102621,0,79007,79285,0,109872,110327,0,,,,,732436,1153857,0,1
TK-HQ,P098,0,328787,0,0,325620,0,0,372570,0,0,554551,0,485141,487152,0,385607,387236,0,311562,312921,0,338963,340425,0,306497,307848,0,321119,322544,0,308831,310203,0,,,,,2457720,4049857,0,1
TK-HQ,P099,0,24331,0,0,22900,0,0,24600,0,26250,25899,0.01337142857142859,30870,30334,0.01736313573048265,28950,27857,0.03775474956822111,26760,27565,0,26310,26092,0.008285822881033855,26940,26807,0.004936896807720914,22110,22050,0.0027137042062415073,24360,22833,0.06268472906403944,,,,,212550,281268,0,19
TK-HQ,P109,0,22629,0,0,24104,0,0,22971,0,30930,29094,0.059359844810863205,30330,28525,0.059512034289482374,28170,26569,0.05683351082712107,23070,21775,0.056133506718682225,25740,24292,0.05625485625485627,24180,22895,0.05314309346567414,26220,24757,0.05579710144927541,22852,21640,0.053036933309994705,,,,,211492,269251,0,242
TK-HQ,P110,0,11586,0,0,12268,0,0,11809,0,14035,13334,0.049946562166013564,14578,13859,0.049320894498559475,16128,15336,0.049107142857142905,12871,12243,0.0487918576645171,13394,12780,0.0458414215320293,13521,12886,0.046963981953997536,15118,14352,0.050668077788067256,12522,11915,0.04847468455518289,,,,,112167,142368,0,272
TK-HQ,P111,0,2589,0,0,2289,0,0,2194,0,0,2096,0,2425,2414,0.004536082474226766,2499,2487,0.004801920768307322,2230,2221,0.004035874439461851,2551,2542,0.003528028224225821,2520,2510,0.003968253968253954,2492,2481,0.004414125200642105,2714,2702,0.004421518054532059,,,,,17431,26525,0,1
TK-HQ,P112,0,14355,0,0,12989,0,0,12886,0,0,12032,0,14298,14381,0,14342,14428,0,12216,12291,0,13275,13356,0,14807,14902,0,10909,10979,0,13702,13786,0,,,,,93549,146385,0,1
TK-HQ,P113,0,0,,0,0,,0,0,,0,0,,0,0,,0,0,,0,0,,0,0,,0,0,,0,0,,0,0,,,,,,0,0,,0
TK-AT,P115,0,26194,0,0,24018,0,0,24848,0,30360,29127,0.04061264822134392,36780,35130,0.04486133768352363,28890,27844,0.03620629975770162,25080,24263,0.03257575757575759,24600,23929,0.027276422764227592,24060,25640,0,23259,25482,0,23565,22638,0.03933800127307452,,,,,216594,289113,0,231
TK-AT,P116,0,25691,0,0,22305,0,0,26510,0,31380,29426,0.062268961121733635,36660,34545,0.05769230769230771,31200,29588,0.05166666666666664,28800,27594,0.041874999999999996,28890,27197,0.058601592246452006,30570,29157,0.046221786064769343,30690,29112,0.051417399804496555,27780,26415,0.04913606911447088,,,,,245970,307540,0,170
TK-AT,P117,0,13226,0,0,14165,0,0,14188,0,17440,16024,0.0811926605504587,19160,17620,0.08037578288100211,16100,14931,0.07260869565217387,13640,12729,0.06678885630498532,13840,12882,0.06921965317919077,15020,13994,0.06830892143808254,15920,14761,0.07280150753768844,14260,13447,0.05701262272089758,,,,,125380,157967,0,171
TK-AT,P118,0,22997,0,0,25091,0,0,24799,0,29730,27938,0.06027581567440299,29760,26557,0.10762768817204305,24300,23225,0.044238683127572065,21780,21181,0.027502295684113887,22350,21884,0.020850111856823283,23790,22780,0.04245481294661624,23820,22888,0.03912678421494542,21840,20863,0.044734432234432187,,,,,197370,260203,0,234
TK-AT,P119,0,22793,0,0,22686,0,0,22990,0,27772,26040,0.06236497191415813,31260,29242,0.064555342290467,26704,25117,0.059429298981426015,24238,22864,0.0566878455318095,25207,23777,0.0567302733367715,27188,25608,0.05811387376783872,26804,25283,0.056745261901208766,24867,23452,0.05690272248361283,,,,,214040,269852,0,211
TK-AT,P120,0,10540,0,0,10309,0,0,10686,0,14666,14297,0.025160234556116157,12047,11762,0.02365734207686565,12187,11895,0.02395995733158285,10667,10412,0.02390550295303273,10638,10382,0.024064673810866744,11363,11097,0.02340931092141163,11649,11349,0.025753283543651806,10840,10573,0.024630996309963127,,,,,94057,123302,0,133
TK-AT,P121,0,18135,0,0,17214,0,0,17127,0,23932,22865,0.04458465652682597,20033,19169,0.0431288374182599,20153,19287,0.04297126978613608,17487,16287,0.06862240521530283,17509,16810,0.039922325661088554,18737,17983,0.04024123392218604,18849,18058,0.041965090986259224,17234,16551,0.0396309620517582,,,,,153934,199486,0,172
TK-AT,P122,0,11891,0,0,10853,0,0,10810,0,14886,14514,0.024989923417976567,13378,13162,0.016145911197488427,13154,12884,0.020526075718412695,11593,11360,0.020098335202277218,11914,11727,0.015695820043646114,13326,13100,0.016959327630196586,13753,13449,0.022104268159674256,12530,12259,0.021628092577813285,,,,,104534,136009,0,131
TK-AT,P123,0,11184,0,0,10314,0,0,11169,0,15421,14951,0.03047791971986258,12146,11789,0.02939239255722048,12575,12241,0.02656063618290261,10240,10053,0.018261718750000044,10978,10786,0.017489524503552567,11096,10898,0.017844268204758484,11603,11361,0.02085667499784538,9581,9418,0.01701283790836028,,,,,93640,124164,0,115
TK-AT,P124,0,20638,0,0,19022,0,0,19634,0,26400,25078,0.05007575757575755,21600,20518,0.05009259259259258,22770,21605,0.051163812033377276,18300,17397,0.04934426229508193,19800,18806,0.05020202020202025,21120,20067,0.0498579545454545,21990,20819,0.05325147794452023,19020,18197,0.04327024185068351,,,,,171000,221781,0,207
TK-AT,P125,0,26924,0,0,23361,0,0,25798,0,33330,31336,0.059825982598259775,28200,26172,0.0719148936170213,28650,26978,0.05835951134380457,23460,22133,0.05656436487638539,27180,25516,0.06122148638704927,26340,24812,0.05801063022019737,28260,26556,0.0602972399150743,24060,22703,0.0564006650041563,,,,,219480,282289,0,230
TK-AT,P126,0,11565,0,0,11192,0,0,11451,0,15629,14812,0.05227461769786934,13014,12369,0.04956201014292305,13881,13210,0.048339456811468895,11854,11277,0.04867555255609923,12530,11970,0.04469273743016755,14464,13737,0.050262721238938046,13907,13257,0.046739052275832305,13341,12726,0.04609849336631433,,,,,108620,137566,0,150
TK-AT,P127,0,9452,0,0,9244,0,0,9733,0,13960,13384,0.04126074498567334,10812,10457,0.03283388827229006,10840,10483,0.03293357933579333,8475,8209,0.031386430678466026,8754,8480,0.03129997715330135,9662,9353,0.03198095632374254,10680,10338,0.032022471910112316,9258,8961,0.03208036292935834,,,,,82441,108094,0,98
TK-AT,P128,0,18176,0,0,17703,0,0,18383,0,24753,23835,0.037086413768028126,19893,19182,0.03574121550294074,21271,20548,0.03398993935405015,16802,16238,0.03356743244851801,18136,17491,0.03556462284958095,20061,19365,0.034694182742634916,20002,19280,0.036096390360963904,17899,17279,0.03463880663724228,,,,,158817,207480,0,192
TK-AT,P129,0,9294,0,0,9160,0,0,9778,0,13409,12945,0.03460362443135212,10420,10085,0.03214971209213047,10694,10403,0.027211520478773177,8513,8308,0.024080817573123414,8482,8299,0.021575100212214093,9252,9046,0.022265456117596227,9480,9224,0.02700421940928266,8553,8322,0.02700806734479133,,,,,78803,104864,0,111
TK-AT,P130,0,9392,0,0,10037,0,0,10757,0,13830,13143,0.04967462039045556,12548,11951,0.04757730315588138,12208,11695,0.042021625163827014,9805,9440,0.03722590515043345,10757,10346,0.03820767872083297,10938,10553,0.03519839093070032,11650,11152,0.04274678111587982,11045,10612,0.039203259393390644,,,,,92781,119078,0,125
TK-HQ,P131,0,6792,0,0,7024,0,0,7507,0,0,8215,0,7138,7024,0.015970860184925773,6540,4062,0.37889908256880733,5655,7934,0,6129,6029,0.016315875346712305,5782,5687,0.01643030093393294,6146,6040,0.017246989912138022,6133,6026,0.017446600358715147,,,,,43523,72340,0,1
TK-AT,P132,0,4276,0,0,4514,0,0,4720,0,5414,5386,0.005171776874769107,4615,4588,0.005850487540628335,4914,4873,0.008343508343508388,4246,4229,0.00400376825247295,4813,4786,0.0056098067733222345,4902,4880,0.004487964096287267,4684,4654,0.006404782237403928,4713,4675,0.008062805007426288,,,,,38301,51581,0,75
TK-HQ,P133,0,13110,0,0,13710,0,0,12406,0,15757,14923,0.05292885701592942,14390,13753,0.04426685198054203,13911,13391,0.03738049025950685,11752,11296,0.03880190605854328,13533,13063,0.03472991945614423,12906,12332,0.04447543778087715,14319,13613,0.049305119072560966,12893,12277,0.047777863957186084,,,,,109461,143874,0,178
TK-HQ,P134,0,4739,0,0,5705,0,0,5021,0,6503,6277,0.03475319083499928,5796,5614,0.03140096618357491,5263,5091,0.03268098042941292,4127,4004,0.029803731524109534,4168,4041,0.030470249520153536,3994,3904,0.0225338007010516,4286,4177,0.025431637890807268,3691,3581,0.02980222162015711,,,,,37828,52154,0,60
TK-AT,P135,0,4626,0,0,5195,0,0,5076,0,6287,6154,0.021154763798313936,4955,4851,0.020988900100908148,4860,4759,0.02078189300411526,3788,3707,0.021383315733896513,4070,3983,0.02137592137592137,4715,4622,0.019724284199363784,4449,4368,0.018206338503034436,4254,4165,0.02092148566055474,,,,,37378,51506,0,46
TK-AT,P136,0,5335,0,0,5239,0,0,5503,0,7475,7328,0.019665551839464834,7013,6875,0.019677741337516097,6793,6669,0.01825408508759019,5578,5464,0.020437432771602704,6143,6023,0.019534429431873668,6501,6372,0.019843101061375212,6497,6366,0.020163152224103476,6511,6382,0.019812624788818956,,,,,52511,67556,0,57
TK-HQ,P137,0,21322,0,0,20298,0,0,20195,0,27360,26653,0.025840643274853803,24120,23526,0.02462686567164174,23940,23148,0.03308270676691727,19560,19301,0.013241308793456086,22590,22051,0.023860115095174828,23190,22662,0.022768434670116466,23820,23210,0.025608732157850533,21131,20686,0.02105910747243389,,,,,185711,243052,0,238
TK-HQ,P138,0,17309,0,0,16241,0,0,15550,0,0,21039,0,40803,17636,0.5677768791510428,18745,17599,0.06113630301413708,15274,14827,0.02926541835799401,18060,17166,0.04950166112956811,17707,16883,0.04653526853786638,18811,17787,0.05443623411833498,15685,14885,0.05100414408670706,,,,,145085,186922,0,261
TK-HQ,P139,0,11988,0,0,11242,0,0,9978,0,13604,13067,0.03947368421052633,10990,10611,0.034485896269335736,11129,10814,0.028304429867912706,8626,8348,0.03222814746116387,9047,8761,0.03161268928926719,9217,8947,0.02929369643050883,10024,9717,0.030626496408619364,10027,9143,0.08816196270070809,,,,,82664,112616,0,113
TK-HQ,P140,0,48542,0,0,44982,0,0,46075,0,69223,64647,0.06610519624980138,54159,52766,0.025720563525914453,57006,53421,0.0628881170403115,47069,44976,0.04446663409037799,50105,47180,0.05837740744436681,52621,49866,0.05235552346021555,49545,48545,0.020183671409829462,47448,46598,0.017914348339234554,,,,,427176,547598,0,589
TK-HQ,P141,0,9826,0,0,9764,0,0,10693,0,13000,12198,0.06169230769230771,11279,10641,0.056565298342051595,11058,10348,0.06420690902514015,9082,8588,0.05439330543933052,9492,9107,0.040560471976401224,10311,9756,0.05382601105615359,10219,9656,0.05509345337117133,10361,9777,0.05636521571276909,,,,,84802,110354,0,151
TK-HQ,P142,0,19094,0,0,17925,0,0,20258,0,23714,23080,0.026735261870624916,21041,20355,0.03260301316477354,21208,20465,0.03503394945303662,19282,18641,0.03324343947723263,19103,18482,0.03250798303931324,21177,20499,0.03201586627000996,20407,19731,0.033125888175626006,20021,19336,0.03421407522101794,,,,,165953,217866,0,178
TK-HQ,P143,0,8459,0,0,8676,0,0,9599,0,11909,11218,0.058023343689646456,10402,9760,0.06171890021149784,9954,9361,0.059574040586698795,8532,8403,0.015119549929676457,8601,8127,0.05510987094523889,9141,8606,0.05852751340115958,9403,8898,0.05370626395831113,9487,8961,0.055444292189311684,,,,,77429,100068,0,125
TK-HQ,P144,0,22242,0,0,21735,0,0,23793,0,27892,26390,0.053850566470672545,24254,22971,0.05289849097056154,26138,24776,0.05210804193128782,22940,21788,0.05021795989537925,24280,23256,0.042174629324546964,26144,24731,0.05404681762545904,23868,22591,0.053502597620244674,25174,23813,0.05406371653293085,,,,,200690,258086,0,290
TK-AT,P145,0,8026,0,0,8147,0,0,7887,0,8432,8306,0.01494307400379502,9387,9233,0.01640566741237881,8206,8091,0.014014135998050237,7275,7170,0.014432989690721598,7451,7351,0.013421017313112293,7609,7503,0.013930871336575112,8790,8659,0.01490329920364053,7532,7423,0.014471587891662252,,,,,64682,87796,0,105
TK-AT,P146,0,5025,0,0,4507,0,0,4828,0,5566,5399,0.030003593244699922,6416,6238,0.027743142144638355,5531,5364,0.030193455071415687,4847,4703,0.029709098411388468,4907,4752,0.031587528021194244,5403,5206,0.0364612252452341,5362,5084,0.051846325997762066,5243,5094,0.0284188441731833,,,,,43275,56200,0,82
TK-AT,P147,0,15558,0,0,15210,0,0,18300,0,18870,18099,0.04085850556438797,22050,21124,0.041995464852607745,20700,19843,0.04140096618357492,17160,16526,0.036946386946386967,17370,16726,0.03707541738629827,18990,18257,0.038599262769878906,19050,18244,0.04230971128608929,16710,16032,0.04057450628366244,,,,,150900,193919,0,173
TK-AT,P148,0,13249,0,0,13865,0,0,14595,0,16497,15686,0.049160453415772576,19366,18831,0.027625735825673847,16228,15152,0.06630515158984474,14549,14419,0.008935322015258818,14279,13929,0.024511520414594812,16423,15863,0.03409852036777694,15565,15346,0.014070028911018273,14858,14373,0.032642347556871676,,,,,127765,165308,0,141
TK-AT,P149,0,16495,0,0,16243,0,0,17897,0,18120,17545,0.031732891832229604,21060,20436,0.029629629629629672,19170,18526,0.03359415753781947,16800,16275,0.03125,16590,16047,0.03273056057866186,19080,18469,0.03202306079664574,18150,17513,0.03509641873278235,17670,17069,0.03401245048104129,,,,,146640,192515,0,165
TK-AT,P150,0,12469,0,0,11354,0,0,12377,0,13630,13003,0.046001467351430625,16337,15648,0.04217420579053677,14117,13534,0.041297726145781644,13405,12889,0.03849309958970537,12320,11805,0.041801948051948035,14094,13134,0.06811409110259681,12552,12083,0.037364563416188656,12057,11591,0.038649747034917525,,,,,108512,139887,0,178
TK-AT,P151,0,10435,0,0,10469,0,0,11166,0,12722,12287,0.034192736991039197,15088,14492,0.039501590668080566,12951,12534,0.03219828584665274,11357,11042,0.027736197939596696,10969,10730,0.021788677181146854,12644,12251,0.031081936096172047,11702,11337,0.031191249359083906,11145,10821,0.029071332436069963,,,,,98578,127564,0,137
TK-AT,P152,0,8428,0,0,8033,0,0,8566,0,9410,9107,0.03219978746014873,11721,11337,0.03276170975172765,10419,10092,0.0313849697667723,9121,8871,0.027409275298761138,8694,8473,0.025419829767655888,10027,9752,0.027425949935174998,10218,9884,0.03268741436680367,9363,9054,0.03300224287087472,,,,,78973,101597,0,114
TK-HQ,P153,0,7087,0,0,21990,0,0,874,0,0,8559,0,23404,23395,0.00038454964963252625,991,991,0,12727,12722,0.00039286556140494255,20497,20489,0.00039030101966142094,683,683,0,12768,12764,0.00031328320802004317,22570,22567,0.00013291980505092393,,,,,93640,132121,0,1
TK-AT,P154,0,12137,0,0,11422,0,0,12619,0,14165,15713,0,14197,13699,0.03507783334507286,15274,14691,0.03816943826109731,11782,11334,0.038024104566287575,13561,13016,0.04018877663889098,14958,14329,0.042051076347105254,14244,13687,0.03910418421791628,13628,13094,0.0391840328734957,,,,,111809,145741,0,144
TK-AT,P155,0,15155,0,0,15818,0,0,17351,0,15600,19667,0,13170,16843,0,18840,17923,0.04867303609341822,14120,13524,0.04220963172804537,16640,15839,0.048137019230769185,17200,16389,0.04715116279069764,17160,16356,0.0468531468531469,16400,15613,0.04798780487804877,,,,,129130,180478,0,183
TK-AT,P156,0,5690,0,0,5909,0,0,5954,0,8012,7582,0.05366949575636548,6992,6612,0.05434782608695654,6884,6441,0.06435212085996511,5261,5062,0.037825508458467993,5876,5639,0.040333560245064626,6067,5838,0.037745178836327664,6606,6308,0.04511050560096885,6223,5978,0.03937007874015752,,,,,51921,67013,0,97
TK-AT,P157,0,9366,0,0,9269,0,0,8914,0,11591,11175,0.035889914588905225,10473,10104,0.035233457462045314,10699,10300,0.037293204972427385,8191,7926,0.0323525821023074,9431,9089,0.03626338670342488,9489,9131,0.037727895457898675,9349,9035,0.033586479837415806,9346,8994,0.03766317141022901,,,,,78569,103303,0,168
TK-AT,P158,0,10333,0,0,10315,0,0,10427,0,14542,13663,0.06044560583138492,11601,10915,0.05913283337643305,12118,11505,0.05058590526489515,10123,9463,0.06519806381507454,11692,10981,0.060810810810810856,11884,11180,0.05923931336250421,12328,11588,0.06002595717066839,11686,10990,0.05955844600376514,,,,,95974,121360,0,157
TK-AT,P159,0,13158,0,0,13136,0,0,13417,0,18728,17938,0.04218282785134553,14922,14365,0.03732743600053612,15443,14844,0.038787800297869546,12360,11917,0.0358414239482201,13634,13053,0.04261405310253774,14066,13607,0.03263187828807057,14996,14408,0.03921045612163243,13820,13290,0.03835021707670039,,,,,117969,153133,0,165
TK-AT,P160,0,16241,0,0,16764,0,0,17455,0,19969,18857,0.0556863137863689,22168,20907,0.056883796463370606,20796,19689,0.053231390652048516,17255,16366,0.051521298174442176,17713,16784,0.05244735504996334,17943,17042,0.050214568355347544,19064,18098,0.05067142257658419,16414,15582,0.050688436700377704,,,,,151322,193785,0,226
TK-AT,P161,0,7064,0,0,7655,0,0,7254,0,8184,7990,0.02370478983382207,10058,9755,0.030125273414197684,9781,9550,0.023617217053470974,7909,7736,0.021873814641547584,7878,7692,0.02361005331302357,7553,7414,0.018403283463524378,8114,7938,0.02169090460931722,6873,6706,0.024297977593481734,,,,,66350,86754,0,86
TK-AT,P162,0,4215,0,0,4346,0,0,3943,0,4413,4330,0.018808067074552404,4897,4898,0,4277,4335,0,3972,3913,0.014853977844914379,4207,4145,0.014737342524364205,4335,4271,0.014763552479815423,4879,4803,0.015576962492313995,4227,4160,0.015850484977525392,,,,,35207,47359,0,75
TK-AT,P163,0,17217,0,0,17577,0,0,17990,0,22650,21524,0.04971302428256075,20310,19310,0.04923682914820282,20370,19348,0.05017182130584197,17670,16832,0.047425014148273936,17820,16756,0.059708193041526414,18330,16893,0.07839607201309329,16110,15358,0.046679081315952775,15900,15169,0.045974842767295576,,,,,149160,193974,0,151
TK-AT,P164,0,11841,0,0,12418,0,0,12207,0,14690,14426,0.017971409121851578,14249,13992,0.01803635342831078,12606,12371,0.018641916547675663,11187,10982,0.018324841333690944,10166,9974,0.01888648435963014,11485,11252,0.02028733130169791,10234,10038,0.019151846785225746,10932,10718,0.019575557994877424,,,,,95549,130219,0,102
TK-HQ,P165,0,21318,0,0,21667,0,0,21417,0,10698,27957,0,25729,24465,0.049127443740526244,25305,24135,0.0462359217545939,21969,20984,0.04483590513905955,21627,20654,0.044990058722892634,25113,22695,0.09628479273682955,24628,23371,0.051039467273022554,21300,20256,0.049014084507042255,,,,,176369,248919,0,199
TK-HQ,P166,0,53173,0,0,53938,0,0,57079,0,0,63676,0,61536,61523,0.00021125845033798107,60692,60694,0,53637,53613,0.0004474523183622958,58189,58210,0,59641,59661,0,57453,57489,0,58894,58896,0,,,,,410042,637952,0,1
TK-HQ,P168,0,154,0,0,34,0,0,116,0,109,111,0,108,108,0,40,40,0,0,0,,0,0,,0,0,,192,192,0,1491,1490,0.0006706908115359234,,,,,1940,2245,0,1
TK-HQ,P169,0,0,,0,0,,0,0,,0,0,,0,0,,0,0,,0,0,,0,0,,0,0,,0,0,,0,0,,,,,,0,0,,0
TK-HQ,P170,0,3939,0,0,4086,0,0,4241,0,0,4793,0,4149,4142,0.0016871535309712637,4069,4073,0,3619,3620,0,3746,3746,0,3749,3748,0.00026673779674579734,3751,3751,0,3862,3863,0,,,,,26945,44002,0,1
TK-AT,P171,0,25673,0,0,23457,0,0,25872,0,3928,27685,0,34860,32651,0.06336775674125072,29953,28204,0.05839147998531036,28129,26510,0.057556258665434235,27124,25486,0.060389323108686055,30043,28274,0.05888226874812763,27443,25866,0.05746456291221802,25620,24214,0.05487900078064012,,,,,207100,293892,0,227
TK-HQ,P172,0,3184,0,0,3335,0,0,3705,0,0,4072,0,3831,3816,0.003915426781519238,3480,3459,0.0060344827586207295,2939,2917,0.007485539299081356,3412,3391,0.006154747948417305,3474,3462,0.003454231433506094,3400,3372,0.008235294117647007,3644,3626,0.004939626783754147,,,,,24180,38339,0,1
TK-HQ,P173,0,9261,0,0,9855,0,0,10273,0,0,11908,0,9967,10126,0,9829,9979,0,8507,8659,0,9281,9435,0,9144,9291,0,9587,9750,0,10177,10340,0,,,,,66492,108877,0,1
TK-HQ,P174,0,13815,0,0,13795,0,0,14860,0,0,10487,0,8548,8471,0.009007955077211083,7740,7651,0.011498708010335923,6875,6788,0.012654545454545474,7545,7472,0.009675281643472533,7384,7313,0.009615384615384581,7517,7447,0.009312225621923687,7749,7680,0.008904374758033295,,,,,53358,105779,0,1
TK-HQ,P175,0,17163,0,0,17605,0,0,18804,0,0,21989,0,20783,20616,0.008035413559158933,20258,20102,0.00770066146707471,16968,16831,0.00807402168788307,18502,18353,0.008053183439628131,18084,17940,0.007962840079628442,19561,19412,0.007617197484791172,19447,19299,0.0076104283437034015,,,,,133603,208114,0,1
TK-HQ,P176,0,26320,0,0,27167,0,0,28324,0,0,29764,0,27083,27272,0,26641,26817,0,24420,24581,0,28469,28663,0,27043,27224,0,27611,27793,0,27209,27378,0,,,,,188476,301303,0,1
TK-HQ,P177,0,14387,0,0,13961,0,0,14610,0,0,16017,0,14594,14675,0,14887,14962,0,13512,13601,0,15318,15430,0,15302,15413,0,15291,15408,0,16091,16220,0,,,,,104995,164684,0,1
TK-HQ,P178,0,1992,0,0,2092,0,0,2124,0,0,2373,0,1782,1775,0.003928170594837299,1798,1786,0.006674082313681828,1657,1666,0,2063,2062,0.0004847309743092332,1768,1776,0,1717,1717,0,1776,1773,0.0016891891891891442,,,,,12561,21136,0,1
TK-HQ,P179,0,7492,0,0,7510,0,0,7830,0,0,8822,0,7482,7569,0,7429,7518,0,6340,6421,0,7169,7280,0,6892,6989,0,6805,6915,0,7116,7221,0,,,,,49233,81567,0,1
TK-HQ,P180,0,19984,0,0,19118,0,0,14694,0,0,19547,0,19371,19448,0,20547,21201,0,19542,18969,0.02932146146760828,14948,14983,0,16317,16331,0,18176,18206,0,22050,22124,0,,,,,130951,204605,0,1
TK-HQ,P181,0,9873,0,0,10801,0,0,11478,0,0,12677,0,11636,11655,0,11498,11517,0,9635,9652,0,10457,10474,0,9848,9866,0,10169,10190,0,11138,11161,0,,,,,74381,119344,0,1
TK-HQ,P182,0,38591,0,0,39224,0,0,41686,0,0,45055,0,42780,42461,0.007456755493221112,42726,42423,0.007091700603847784,38812,38560,0.0064928372668247025,42073,41768,0.007249304779787469,40480,40205,0.006793478260869512,40443,40165,0.0068738718690503076,37226,36978,0.006662010422822773,,,,,284540,447116,0,1
TK-HQ,P183,0,5817,0,0,6088,0,0,6136,0,0,6391,0,5696,5743,0,5856,5905,0,4856,4883,0,5266,5308,0,5307,5346,0,5273,5319,0,5433,5477,0,,,,,37687,62413,0,1
TK-HQ,P184,0,25990,0,0,27218,0,0,31312,0,0,31818,0,28540,28724,0,33593,33810,0,39415,39662,0,38055,38302,0,34998,35227,0,27223,27399,0,26838,27010,0,,,,,228662,346472,0,1
TK-HQ,P185,0,0,,0,0,,0,0,,0,0,,0,0,,0,0,,0,0,,0,0,,0,0,,0,0,,0,0,,,,,,0,0,,0
TK-AT,P186,0,10544,0,0,10103,0,0,9556,0,10980,10967,0.0011839708561020013,10690,10676,0.0013096351730589317,8870,8861,0.0010146561443066249,9995,9986,0.0009004502251125368,10215,10204,0.0010768477728829717,9637,9625,0.001245200788627221,14476,14464,0.000828958275766789,13049,13036,0.0009962449229825587,,,,,87912,118022,0,1
TK-HQ,P187,0,4904,0,0,4896,0,0,5105,0,0,5935,0,5290,5352,0,5025,5076,0,4457,4502,0,5065,5113,0,5476,5524,0,7792,7895,0,9935,10082,0,,,,,43040,64384,0,1
TK-HQ,P188,0,57133,0,0,55722,0,0,56528,0,72300,70762,0.02127247579529734,68040,67315,0.01065549676660793,77100,75840,0.01634241245136192,0,64864,0,62767,61703,0.016951582838115598,60763,59938,0.01357734147425238,56945,56278,0.011713056457985815,50722,50082,0.012617798982689998,,,,,448637,676165,0,137
TK-AT,P189,0,8887,0,0,9129,0,0,8838,0,10140,9886,0.02504930966469432,12480,12158,0.02580128205128207,9800,9579,0.022551020408163258,9240,9057,0.019805194805194826,9180,8994,0.02026143790849677,9320,9117,0.02178111587982834,10260,10066,0.018908382066276763,8520,8338,0.02136150234741785,,,,,78940,104049,0,92
TK-HQ,P190,0,5812,0,0,5816,0,0,5618,0,8399,7989,0.04881533515894754,6141,5884,0.041849861586060855,5064,5967,0,6049,4788,0.20846420896015871,7965,4826,0.39409918392969245,5535,5379,0.028184281842818404,5707,5555,0.026633958296828464,4890,4752,0.02822085889570547,,,,,49750,62386,0,57
TK-HQ,P191,0,4174,0,0,4667,0,0,4097,0,5464,5426,0.006954612005856564,4251,4239,0.0028228652081863093,4591,4567,0.005227619255064209,3676,3656,0.005440696409140355,4185,4160,0.005973715651135025,4050,4029,0.005185185185185182,4477,4470,0.0015635470180924704,3971,3950,0.00528834046839588,,,,,34665,47435,0,75
TK-AT,P192,0,5624,0,0,6529,0,0,7036,0,8520,8318,0.02370892018779347,7195,7028,0.023210562890896402,6574,6421,0.023273501673258257,5201,5072,0.024802922514901016,5814,5670,0.024767801857585092,5859,5714,0.0247482505547022,5823,5684,0.02387085694659108,6031,5892,0.02304758746476543,,,,,51017,68988,0,99
TK-AT,P193,0,13846,0,0,13058,0,0,14455,0,15990,15244,0.046654158849280813,18000,17151,0.04716666666666669,15090,14482,0.04029158383035125,13140,12523,0.046955859969558644,14130,13482,0.04585987261146496,15180,14484,0.04584980237154146,14970,14294,0.045156980627922505,13350,12744,0.04539325842696629,,,,,119850,155763,0,153
TK-HQ,P194,0,4802,0,0,5241,0,0,5657,0,0,17254,0,19796,19798,0,18576,18578,0,19133,19134,0,21949,21953,0,20613,20615,0,21396,21400,0,21072,21074,0,,,,,142535,175506,0,1
TK-HQ,P195,0,9350,0,0,9304,0,0,10263,0,0,11842,0,10305,10303,0.00019408054342551218,9066,9064,0.00022060445620997182,8168,8167,0.0001224289911850862,9670,9667,0.00031023784901762497,10264,10262,0.000194855806703087,11702,11700,0.0001709109553922339,11766,11763,0.0002549719530852146,,,,,70941,111685,0,1
TK-HQ,P196,0,21778,0,0,6200,0,0,21209,0,23065,23078,0,27049,27072,0,25433,25449,0,21634,21641,0,21020,21024,0,23070,23076,0,21824,21832,0,18441,18446,0,,,,,181536,230805,0,1
TK-HQ,P197,0,8130,0,0,9742,0,0,9021,0,10238,9779,0.04483297519046692,11340,10913,0.03765432098765431,9836,9488,0.03538023586823913,9551,9201,0.03664537744738772,8929,8643,0.03203046253779818,8183,7961,0.02712941464010754,8087,7866,0.027327810065537306,6940,6759,0.026080691642651255,,,,,73104,97503,0,80
TK-HQ,P198,0,31571,0,0,34727,0,0,31932,0,21000,21132,0,45600,44388,0.026578947368421035,41400,40264,0.027439613526570095,36390,35522,0.023852706787579003,36366,35441,0.025435846669966455,38015,37031,0.025884519268709716,37886,36786,0.02903447183656227,33046,32198,0.025661199540035096,,,,,289703,380992,0,112
TK-HQ,P199,0,24498,0,0,24252,0,0,24716,0,33360,31543,0.05446642685851322,28170,26668,0.053319133830315946,29730,28227,0.05055499495459137,28470,26611,0.06529680365296808,28860,26599,0.07834372834372838,30120,28696,0.047277556440903035,29310,27908,0.04783350392357555,28768,27291,0.05134176863181317,,,,,236788,297009,0,196
TK-AT,P200,0,19293,0,0,22795,0,0,18552,0,27690,26153,0.05550740339472737,29850,28371,0.04954773869346729,32400,30564,0.05666666666666664,20280,19425,0.04215976331360949,20100,19304,0.03960199004975129,20280,19558,0.03560157790927021,21210,20275,0.04408297972654407,20880,19920,0.04597701149425293,,,,,192690,244210,0,185
TK-AT,P201,0,9708,0,0,9094,0,0,9764,0,13121,12778,0.026141300205776985,10069,9813,0.025424570463799756,10478,10203,0.026245466692116803,8450,8222,0.026982248520710073,9485,9243,0.02551396942540851,9860,9605,0.025862068965517238,10745,10467,0.0258724988366682,9063,8819,0.026922652543307946,,,,,81271,107716,0,106
TK-AT,P202,0,10334,0,0,10067,0,0,10363,0,13301,12939,0.02721599879708292,14428,13995,0.030011089548100944,13124,12755,0.028116427918317588,10324,10034,0.028089887640449396,10851,10541,0.028568795502718625,11988,11645,0.028611945278611994,11743,11426,0.02699480541599253,10585,10294,0.027491733585262135,,,,,96344,124393,0,157
TK-AT,P203,0,6658,0,0,7047,0,0,6705,0,8840,8653,0.02115384615384619,7934,7766,0.021174691202419993,7546,7392,0.020408163265306145,6177,6052,0.02023636069289303,6878,6747,0.019046234370456494,6954,6813,0.020276100086281224,7330,7169,0.02196452933151427,6233,6127,0.017006257019091975,,,,,57892,77129,0,98
TK-AT,P204,0,27145,0,0,25091,0,0,27100,0,22707,22739,0,27791,27830,0,29996,30048,0,29804,29850,0,28971,29013,0,31628,31683,0,21713,21744,0,24448,24468,0,,,,,217058,296711,0,1
TK-HQ,P206,0,4524,0,0,4475,0,0,4877,0,0,5669,0,5356,5353,0.0005601194921582842,5348,5344,0.0007479431563200967,4581,4577,0.0008731717965509977,4741,4737,0.0008437038599451441,4551,4548,0.0006591957811470373,4110,4107,0.0007299270072992359,4287,4283,0.000933053417308094,,,,,32974,52494,0,1
TK-AT,P207,0,13366,0,0,13615,0,0,13984,0,17476,16077,0.08005264362554365,15671,14506,0.07434113968476808,15535,14436,0.07074348245896367,13090,12212,0.06707410236821998,14188,13234,0.06723992106005072,14243,13296,0.06648880151653447,14247,13262,0.06913736225170208,13299,12402,0.06744868035190621,,,,,117749,150390,0,109
TK-AT,P208,0,9287,0,0,14802,0,0,8174,0,7884,7731,0.019406392694063967,8642,8476,0.019208516547095544,16482,16095,0.023480160174736087,14056,13698,0.0254695503699488,5813,5701,0.019267159814209567,8749,8564,0.02114527374557096,15321,14972,0.022779191958749445,11714,11453,0.022281031244664518,,,,,88661,118953,0,68
TK-AT,P209,0,2844,0,0,2824,0,0,3087,0,4058,3960,0.02414982750123218,3518,3430,0.025014212620807275,3003,2929,0.024642024642024696,2360,2286,0.031355932203389836,2566,2492,0.02883865939204988,2616,2522,0.03593272171253825,2962,2883,0.026671168129642098,2536,2460,0.029968454258675115,,,,,23619,31717,0,51
TK-HQ,P20A,0,29033,0,0,28539,0,0,28123,0,36850,35296,0.042170963364993264,31600,30170,0.045253164556962044,33400,30972,0.07269461077844308,29820,29688,0.004426559356136783,29309,28197,0.03794056433177517,31921,30692,0.038501300084583856,30673,29478,0.03895934535259027,27104,26089,0.03744834710743805,,,,,250677,326277,0,144
TK-HQ,P20B,0,17593,0,0,17192,0,0,18289,0,25577,24615,0.03761191695664068,22213,21350,0.03885112321613471,21923,21097,0.03767732518359712,20332,19655,0.0332972653944521,19062,18427,0.033312349176371825,20327,19656,0.033010281891080795,18455,17862,0.03213221349227846,16840,16264,0.03420427553444183,,,,,164729,212000,0,136
TK-AT,P210,0,8253,0,0,8522,0,0,9785,0,10015,9537,0.047728407388916594,11611,11043,0.048919128412712065,10037,9570,0.04652784696622492,9094,8678,0.04574444688805801,9513,9047,0.04898559865447283,10273,9780,0.04798987637496355,10136,9667,0.046270718232044206,9285,8859,0.04588045234248783,,,,,79964,102741,0,105
TK-AT,P211,0,9824,0,0,10443,0,0,10671,0,12013,11695,0.026471322733705116,13431,13076,0.026431390067753746,11282,10987,0.026147846126573282,9553,9296,0.02690254370354861,9622,9396,0.023487840365828294,10534,10244,0.027529903170685377,10818,10535,0.026160103531151835,9635,9376,0.026881162428645577,,,,,86888,115543,0,139
TK-AT,P212,0,2729,0,0,2666,0,0,2519,0,2917,2880,0.012684264655467903,3424,3372,0.015186915887850483,3018,2980,0.012591119946984808,2679,2644,0.013064576334453126,2794,2752,0.015032211882605617,3710,3988,0,3886,3830,0.014410705095213583,3632,3584,0.013215859030836996,,,,,26060,33944,0,45
TK-AT,P213,0,3325,0,0,3470,0,0,3405,0,3820,3755,0.017015706806282727,4362,4281,0.018569463548830822,3987,3917,0.017557060446451,3400,3337,0.018529411764705905,3447,3382,0.01885697708152012,3761,3690,0.018877957989896332,3791,3720,0.018728567660247997,3358,3303,0.016378796902918435,,,,,29926,39585,0,47
TK-AT,P214,0,9074,0,0,7887,0,0,10056,0,12180,11960,0.01806239737274218,14269,13861,0.02859345434157967,12543,12224,0.02543251215817588,10791,10516,0.025484199796126372,11041,10757,0.025722307761978036,11850,11546,0.0256540084388186,12153,11844,0.025425820784991338,10587,10322,0.02503069802588076,,,,,95414,120047,0,103
TK-AT,P215,0,11756,0,0,10593,0,0,11378,0,12763,12418,0.027031262242419474,15706,15302,0.025722653762893177,14209,13828,0.02681399113238092,12359,12076,0.022898292742131288,11122,10852,0.0242762093148714,13424,13064,0.02681764004767584,12714,12362,0.027686015416076737,11633,11328,0.026218516289865046,,,,,103930,134957,0,121
TK-AT,P216,0,3480,0,0,3515,0,0,3773,0,3946,3919,0.006842372022301091,4949,4895,0.010911295211153749,4454,4378,0.01706331387516835,3733,3675,0.015537101526922004,3558,3504,0.015177065767284947,3932,3864,0.017293997965411978,3896,3839,0.014630390143737126,3630,3569,0.01680440771349867,,,,,32098,42411,0,45
TK-AT,P217,0,9548,0,0,8861,0,0,10089,0,10460,10230,0.02198852772466542,13123,12832,0.022174807589728007,11188,10951,0.02118341079728281,9861,9656,0.020788966636243744,9090,9022,0.007480748074807475,10773,10540,0.021628144435162033,9603,9399,0.02124336144954697,9342,9142,0.02140869192892314,,,,,83440,110270,0,102
TK-AT,P218,0,9543,0,0,9938,0,0,10333,0,11790,11402,0.03290924512298554,13883,13443,0.03169343801771951,11737,11357,0.03237624605947009,10133,9814,0.03148129872693184,10854,10492,0.03335175971991888,11503,11100,0.03503433886812135,11117,10921,0.017630655752451152,10429,10070,0.03442324288042953,,,,,91446,118413,0,142
TK-HQ,P219,0,10421,0,0,10082,0,0,8868,0,11941,11577,0.030483209111464737,10129,9820,0.030506466581103786,11433,11082,0.03070060351613746,8448,8214,0.027698863636363646,9233,8960,0.029567854435178176,8968,8705,0.029326494201605713,8666,8412,0.0293099469189938,8883,8618,0.029832263874817078,,,,,77701,104759,0,94
TK-AT,P220,0,7439,0,0,7145,0,0,6888,0,10003,9530,0.04728581425572331,8337,7931,0.04869857262804367,8231,7858,0.04531648645365083,6228,5946,0.045279383429672415,7453,7117,0.04508251710720512,7550,7201,0.046225165562913895,8056,7666,0.04841112214498511,8065,7673,0.04860508369497829,,,,,63923,82394,0,127
TK-HQ,P222,0,3974,0,0,4043,0,0,4560,0,5314,5204,0.020700037636432023,4474,4403,0.015869468037550294,4650,4555,0.02043010752688168,3749,3665,0.022405974926647088,4018,3934,0.020905923344947785,4307,4215,0.021360575806826043,4162,4075,0.02090341182123978,4215,4124,0.02158956109134047,,,,,34889,46752,0,61
TK-AT,P223,0,7738,0,0,7492,0,0,8365,0,10528,10018,0.04844224924012153,8505,8130,0.04409171075837748,9343,8934,0.04377608905062613,6976,6675,0.04314793577981646,8425,8076,0.04142433234421361,8825,8448,0.04271954674220968,8730,8348,0.0437571592210767,8512,8137,0.0440554511278195,,,,,69844,90361,0,98
TK-HQ,P224,0,12224,0,0,13098,0,0,12396,0,18227,17004,0.06709826082185766,16825,15573,0.07441307578008916,18190,16873,0.0724024189114898,15311,14310,0.06537783293057275,17927,16742,0.0661014112790762,18028,16922,0.06134901264699355,17871,16645,0.06860276425493816,16389,15284,0.06742327170663254,,,,,138768,167071,0,102
TK-AT,P225,0,21431,0,0,19602,0,0,21312,0,24360,23281,0.044293924466338286,27060,25903,0.042756836659275654,23940,22940,0.04177109440267335,21810,20899,0.04176983035304904,21330,20517,0.03811533052039384,23580,22625,0.04050042408821031,22620,21726,0.03952254641909814,20580,19818,0.03702623906705538,,,,,185280,240054,0,188
TK-AT,P226,0,15079,0,0,14183,0,0,15557,0,16584,15895,0.04154606849975884,19675,19872,0,18735,16788,0.1039231385108087,16174,15393,0.0482873747990602,15749,15031,0.045590196202933475,17190,16456,0.042699243746364135,17287,16804,0.027940070573263198,15822,14914,0.05738844646694474,,,,,137216,175972,0,145
TK-HQ,P227,0,92991,0,0,85078,0,0,86521,0,110160,104433,0.0519880174291939,123240,116495,0.05473060694579679,126000,105927,0.1593095238095238,90951,104246,0,92502,89678,0.030529069641737516,99105,93940,0.05211644215730793,91815,87213,0.05012252899852965,83038,78908,0.0497362653243093,,,,,816811,1045430,0,253
TK-HQ,P228,0,16201,0,0,16099,0,0,15127,0,19440,18744,0.03580246913580243,13950,13426,0.03756272401433691,15540,14973,0.03648648648648645,12690,12396,0.023167848699763627,11940,11684,0.021440536013400346,11640,12465,0,11910,11457,0.03803526448362715,11190,10751,0.03923145665773009,,,,,108300,153323,0,85
TK-AT,P229,0,6644,0,0,7095,0,0,7702,0,9153,8936,0.023708073855566503,7924,7747,0.02233720343260981,7967,7783,0.023095267980419276,6290,6148,0.02257551669316371,6538,6395,0.021872132150504764,6290,6150,0.022257551669316422,6645,6501,0.021670428893905247,6597,6445,0.023040776110353156,,,,,57404,77546,0,83
TK-AT,P230,0,5971,0,0,5504,0,0,6429,0,6657,6440,0.03259726603575186,7872,7602,0.03429878048780488,7149,6897,0.035249685270667186,6583,6351,0.03524229074889873,6497,6269,0.035093119901493,7580,7797,0,8967,8795,0.019181443069030912,8274,7977,0.03589557650471353,,,,,59579,76032,0,126
TK-AT,P231,0,6072,0,0,6568,0,0,6870,0,6555,6351,0.03112128146453086,7766,7543,0.02871491115117175,6495,6299,0.03017705927636638,5648,5127,0.09224504249291787,5047,4801,0.04874182682781847,5822,5639,0.0314324974235658,5604,5430,0.031049250535331918,4955,4797,0.031886982845610534,,,,,47892,65497,0,81
TK-HQ,P232,0,5749,0,0,5707,0,0,5819,0,0,7428,0,5984,5985,0,6100,6100,0,5179,5179,0,5780,5780,0,5717,5717,0,6050,6050,0,6260,6260,0,,,,,41070,65774,0,1
TK-HQ,P233,0,1752,0,0,1776,0,0,1233,0,0,1256,0,2155,1953,0.09373549883990717,3281,3062,0.06674794270039619,2161,2147,0.006478482184174017,1476,1471,0.003387533875338744,1646,1641,0.0030376670716889542,1567,1564,0.0019144862795149598,2107,2098,0.0042714760322734024,,,,,14393,19953,0,1
TK-HQ,P234,0,14862,0,0,16157,0,0,19446,0,25309,24891,0.016515863921925056,25420,24089,0.05236034618410701,24667,23864,0.03255361414034941,22268,21613,0.02941440632297465,19947,19376,0.028625858525091474,23674,22945,0.030793275323139357,21723,21085,0.02936979238595039,20950,20279,0.0320286396181384,,,,,183958,228607,0,33
TK-HQ,P235,0,13273,0,0,13828,0,0,14659,0,0,18641,0,16793,16737,0.0033347228011672003,15571,15523,0.003082653651017897,13721,13682,0.002842358428685965,15151,15105,0.00303610322750969,14768,14726,0.0028439869989165256,15770,15720,0.003170577045022216,15405,15360,0.0029211295034079487,,,,,107179,167254,0,1
TK-HQ,P236,0,11727,0,0,12760,0,0,14403,0,0,15769,0,15276,15754,0,15607,16088,0,12925,13335,0,15054,15544,0,14533,15019,0,14266,14722,0,16007,16525,0,,,,,103668,161646,0,1
TK-HQ,P237,0,7053,0,0,7260,0,0,7477,0,0,8052,0,6547,6509,0.005804185122957106,5948,5920,0.00470746469401484,5647,5622,0.004427129449265044,6233,6204,0.0046526552222043716,6319,6292,0.0042728279791106605,6806,6774,0.0047017337643255885,7078,7048,0.004238485447866647,,,,,44578,74211,0,1
TK-HQ,P238,0,15643,0,0,14479,0,0,15637,0,0,16328,0,15220,15216,0.00026281208935607925,17431,17430,5.7369055131650804e-05,16420,16421,0,16640,16640,0,17191,17189,0.00011633994532023184,14437,14436,6.926646810279102e-05,16105,16106,0,,,,,113444,175525,0,1
TK-HQ,P239,0,5444,0,0,5792,0,0,6072,0,0,6504,0,5996,5990,0.0010006671114075605,5969,5964,0.0008376612497905667,5286,5285,0.00018917896329928574,6034,6028,0.0009943652635068245,6316,6297,0.00300823305889808,5891,5871,0.0033950093362756784,6281,6261,0.003184206336570572,,,,,41773,65508,0,1
TK-HQ,P240,0,4136,0,0,4411,0,0,4759,0,0,5219,0,4592,4603,0,4588,4598,0,3932,3940,0,4481,4491,0,4267,4274,0,4519,4529,0,4756,4766,0,,,,,31135,49726,0,1
TK-HQ,P241,0,7700,0,0,7793,0,0,8490,0,0,9398,0,8689,8673,0.0018414086776383787,8565,8548,0.0019848219497956565,6572,7166,0,8367,7746,0.07422015059160991,7568,7556,0.001585623678646897,7891,7878,0.0016474464579900872,8260,8249,0.0013317191283293006,,,,,55912,89197,0,1
TK-HQ,P242,0,12024,0,0,13907,0,0,14036,0,0,16482,0,15408,14783,0.04056334371754933,14641,14627,0.0009562188375110692,13046,13035,0.000843170320404707,12335,12317,0.0014592622618565532,12875,12857,0.0013980582524272256,11544,11456,0.007623007623007605,10975,11043,0,,,,,90824,146567,0,1
TK-HQ,P243,0,22271,0,0,21934,0,0,24435,0,0,27477,0,27210,27244,0,26864,26888,0,22490,22513,0,24306,24335,0,24213,24242,0,23901,23924,0,26777,26810,0,,,,,175761,272073,0,1
TK-HQ,P244,0,35774,0,0,32836,0,0,35654,0,48740,47068,0.034304472712351264,12260,45915,0,43741,43071,0.015317436729841538,38552,37844,0.0183648059763436,37515,36990,0.013994402239104309,38939,38373,0.014535555612624873,39079,38685,0.01008214130351337,32975,32658,0.009613343442001487,,,,,291801,424868,0,188
TK-HQ,P245,0,41614,0,0,40661,0,0,39515,0,46160,44666,0.03236568457538991,55360,54521,0.015155346820809212,48880,44056,0.09869067103109652,37582,37768,0,37285,36072,0.03253319029100177,41470,40021,0.03494092114781766,40707,39399,0.032132065738079474,37274,36037,0.033186671674625745,,,,,344718,454330,0,84
TK-HQ,P246,0,28661,0,0,26962,0,0,30127,0,0,26973,0,32160,32099,0.0018967661691542403,38744,38665,0.002039025397480909,38408,38324,0.002187044365757118,38133,38057,0.0019930244145490716,41379,41289,0.002175016312622291,34833,34769,0.0018373381563460134,41549,41454,0.0022864569544392976,,,,,265206,377380,0,1
TK-AT,P247,0,28533,0,0,29007,0,0,29460,0,30630,30624,0.00019588638589618235,32702,32697,0.00015289584734878847,25609,25602,0.0002733414034128412,17447,17442,0.0002865822204390911,18546,18543,0.00016175994823686146,17769,17764,0.000281388935786997,21260,21253,0.00032925682031981207,15825,15819,0.00037914691943130574,,,,,179788,266744,0,1
TK-AT,P248,0,12025,0,0,11762,0,0,12336,0,14928,13505,0.09532422293676313,16378,15873,0.030834045671022103,14032,13611,0.030002850627137923,12541,11922,0.04935810541424124,11088,10764,0.02922077922077926,12608,12241,0.029108502538071068,11636,11282,0.03042282571330357,10826,10523,0.02798817661186037,,,,,104037,135844,0,106
TK-AT,P249,0,1437,0,0,331,0,0,413,0,1025,1014,0.01073170731707318,573,564,0.015706806282722474,993,991,0.002014098690835797,1450,1435,0.010344827586206917,1667,1659,0.0047990401919616454,884,875,0.010180995475113086,1877,1870,0.0037293553542887548,1498,1488,0.006675567423230944,,,,,9967,12077,0,1
TK-HQ,P251,0,167,0,0,0,,0,0,,0,555,0,289,290,0,187,188,0,157,158,0,166,166,0,166,166,0,147,149,0,134,135,0,,,,,1246,1974,0,1
TK-HQ,P252,0,13295,0,0,12971,0,0,13551,0,0,16100,0,14957,14914,0.002874908069800064,15056,15011,0.002988841657810881,12891,12855,0.0027926460321153757,14163,14123,0.002824260396808609,13823,13787,0.0026043550604065713,13209,13172,0.0028011204481792618,13431,13466,0,,,,,97530,153245,0,1
TK-HQ,P253,0,23039,0,0,21978,0,0,23316,0,0,24781,0,27734,27700,0.0012259320689406161,34917,34857,0.001718360683907516,33490,33445,0.001343684681994639,32074,32039,0.001091226538629364,35008,34975,0.0009426416819012795,26518,26495,0.0008673353948261964,31362,31331,0.0009884573687902742,,,,,221103,313956,0,1
TK-HQ,P254,0,126342,0,0,104140,0,0,89734,0,0,84098,0,75800,73234,0.03385224274406329,136772,132636,0.030240107624367574,214680,262295,0,171330,171410,0,142180,142250,0,134890,135020,0,138550,138680,0,,,,,1014202,1459839,0,1
TK-HQ,P255,0,7626,0,0,7644,0,0,8390,0,0,10266,0,8914,9162,0,8276,8518,0,7215,7438,0,8566,8203,0.04237683866448749,6898,7729,0,7892,8125,0,8147,8387,0,,,,,55908,91488,0,1
TK-HQ,P256,0,26066,0,0,42970,0,0,53002,0,0,31032,0,58098,58158,0,35994,36046,0,14948,14972,0,84042,84125,0,90624,90716,0,35117,35170,0,47975,48023,0,,,,,366798,520280,0,1
TK-HQ,P257,0,58125,0,0,67633,0,0,37140,0,0,31800,0,28916,28905,0.00038041222852402967,29926,29910,0.0005346521419501427,58681,58649,0.0005453213135426793,9558,9558,0,28741,28724,0.000591489509759624,34800,34809,0,27063,27088,0,,,,,217685,412341,0,1
TK-HQ,P258,0,199089,0,0,153039,0,0,184037,0,0,230309,0,203270,202945,0.0015988586608943756,251442,250983,0.0018254706850884261,291779,291314,0.0015936719229279195,309481,308975,0.001634995363204883,301997,301517,0.0015894197624479744,319996,319422,0.001793772422155282,306867,306407,0.0014990207484023577,,,,,1984832,2748037,0,1
TK-HQ,P259,0,18509,0,0,19842,0,0,20974,0,0,23911,0,20891,20696,0.009334163036714416,20021,19875,0.007292343039808191,14612,14015,0.04085683000273743,15392,14998,0.025597713097713082,15849,15358,0.030979872547163834,15244,14605,0.041918131723956975,14342,14019,0.022521266211128155,,,,,116351,196802,0,1
TK-HQ,P260,0,37891,0,0,20836,0,0,26077,0,0,29392,0,38703,38072,0.01630364571221865,58456,57406,0.017962228000547475,59411,58620,0.013314032754877081,38934,38508,0.010941593465865318,42593,42394,0.004672129223111776,19401,19348,0.0027318179475285254,24823,24723,0.004028521935301899,,,,,282321,393267,0,1
TK-HQ,P261,0,21634,0,0,36612,0,0,20996,0,0,4599,0,40013,40019,0,26313,26307,0.00022802417056211333,18170,18155,0.000825536598789256,40636,40633,7.382616399254083e-05,39624,39615,0.00022713506965477137,14216,14205,0.0007737760270117855,24396,24389,0.0002869322839810229,,,,,203368,287164,0,1
TK-HQ,P262,0,19089,0,0,21505,0,0,21616,0,0,23565,0,8457,8440,0.0020101690906940695,24650,24624,0.001054766734279955,29045,29030,0.0005164400068858876,24054,24036,0.0007483162883512584,24352,24336,0.0006570302233902536,23442,23427,0.0006398771435884854,8353,8342,0.0013168921345624307,,,,,142353,228010,0,1
TK-HQ,P263,0,14482,0,0,15455,0,0,16884,0,0,18974,0,16276,16246,0.0018432047186041078,15708,15677,0.0019735166793990455,13216,13188,0.0021186440677966045,14595,14579,0.0010962658444673146,14257,14228,0.0020340885179209733,14639,14611,0.0019126989548466922,15251,15221,0.001967084125631069,,,,,103942,169545,0,1
TK-HQ,P264,0,52522,0,0,41698,0,0,28964,0,0,61344,0,98607,98482,0.001267658482663525,110197,110069,0.0011615561222174664,87628,87529,0.0011297758707262684,65841,65759,0.0012454245834662148,51347,51277,0.0013632734142209335,62486,62394,0.001472329801875616,80008,79886,0.0015248475152485064,,,,,556114,739924,0,1
TK-HQ,P265,0,29959,0,0,30590,0,0,33609,0,0,38170,0,35748,35690,0.0016224683898400372,36223,36177,0.0012699113822709496,30720,30672,0.0015625000000000222,30846,30796,0.0016209557154898135,29040,28993,0.0016184573002754332,30051,30005,0.0015307310904795202,33060,33017,0.0013006654567453424,,,,,225688,357678,0,1
TK-HQ,P266,0,31436,0,0,32909,0,0,33588,0,0,39850,0,34378,34376,5.817674093899772e-05,33209,33205,0.00012044927579868414,29254,29254,0,32147,32146,3.110710175135978e-05,30627,30625,6.530185783781839e-05,32756,32750,0.00018317254854072207,32296,32297,0,,,,,224667,362436,0,1
TK-HQ,P267,0,168234,0,0,187822,0,0,187929,0,0,182107,0,184072,184244,0,203364,203517,0,180342,180467,0,199204,199358,0,188223,188354,0,184257,184377,0,198336,198484,0,,,,,1337798,2064893,0,1
TK-HQ,P268,0,549,0,0,13041,0,0,20424,0,0,841,0,12804,12799,0.0003905029678225036,24999,24983,0.0006400256010240524,839,851,0,17682,17668,0.0007917656373713777,23856,23542,0.013162307176391663,4269,4574,0,27522,27502,0.0007266913741733605,,,,,111971,146774,0,1
TK-HQ,P269,0,14449,0,0,691,0,0,512,0,0,370,0,123,135,0,1315,1323,0,12443,12443,0,3676,3680,0,1072,1080,0,359,369,0,12131,12125,0.0004946006100073896,,,,,31119,47177,0,1
TK-HQ,P270,0,39071,0,0,39377,0,0,47883,0,0,52784,0,33647,33507,0.004160846435046217,24844,24751,0.0037433585573981576,21575,21497,0.003615295480880687,23958,23869,0.003714834293346736,29812,29690,0.004092311820743322,35176,35027,0.004235842619968122,31514,31373,0.004474201941993994,,,,,200526,378829,0,1
TK-HQ,P271,0,20301,0,0,29470,0,0,24105,0,0,23451,0,49496,49441,0.0011112009051236216,50999,50934,0.0012745347947998864,11150,11138,0.0010762331838565231,31723,31674,0.0015446206222614611,25398,25365,0.0012993149066855558,25137,25106,0.001233241834745602,69819,69753,0.000945301422248912,,,,,263722,360738,0,1
TK-HQ,P272,0,0,,0,0,,0,0,,0,0,,0,0,,0,0,,2010,2029,0,0,0,,0,0,,0,0,,0,0,,,,,,2010,2029,0,1
TK-HQ,P273,0,357951,0,0,358623,0,0,386016,0,0,406938,0,402472,401738,0.001823729352600889,379968,379277,0.0018185741957217338,220527,220183,0.0015598996948219535,238396,237889,0.0021267135354620104,199175,198739,0.0021890297477092924,317306,316848,0.0014434016375359793,346867,346242,0.0018018433578288473,,,,,2104711,3610444,0,1
TK-HQ,P274,0,16810,0,0,15320,0,0,15640,0,0,18100,0,15430,15390,0.0025923525599481634,15120,15090,0.001984126984126977,13630,13590,0.0029347028613352366,10070,10050,0.0019860973187686426,0,0,,9320,9300,0.0021459227467811592,14780,14750,0.002029769959404626,,,,,78350,144040,0,1
TK-HQ,P275,0,0,,0,0,,0,0,,0,0,,0,0,,0,0,,0,0,,0,0,,0,0,,0,0,,0,0,,,,,,0,0,,1
TK-HQ,P276,0,0,,0,0,,0,0,,0,0,,0,0,,0,0,,0,0,,0,0,,0,0,,0,0,,0,0,,,,,,0,0,,1
TK-HQ,P277,0,1025110,0,0,1022200,0,0,1113970,0,0,1292400,0,1209830,1206640,0.002636734086607251,1264050,1260750,0.002610656224041774,1080470,1077860,0.0024156154266199437,1162240,1159270,0.0025554102422907787,1238830,1235980,0.0023005577843610014,1102470,1099840,0.002385552441336314,1150620,1147850,0.0024073977507778066,,,,,8208510,12641870,0,1
TK-HQ,P278,0,0,,0,0,,0,0,,0,0,,0,0,,0,0,,0,0,,0,0,,0,0,,0,0,,0,0,,,,,,0,0,,1
TK-HQ,P279,0,48977,0,0,47892,0,0,49478,0,0,50246,0,47704,47689,0.00031443904075134643,49365,49353,0.00024308720753574153,46786,46765,0.0004488522207497514,49351,49328,0.0004660493201759097,50489,50484,9.903147220191588e-05,48584,48583,2.0582907953259344e-05,50681,50681,0,,,,,342960,539476,0,1
TK-HQ,P280,0,459570,0,0,436770,0,0,518700,0,0,489620,0,524490,524650,0,607380,607630,0,0,581970,0,555880,555310,0.001025401165719253,601120,593340,0.01294250731966995,490420,494390,0,553690,546510,0.012967545016164261,,,,,3332980,5808460,0,1
TK-HQ,P281,0,0,,0,0,,0,0,,0,0,,0,0,,0,0,,0,0,,0,0,,0,0,,0,0,,0,0,,,,,,0,0,,0
TK-HQ,P282,0,0,,0,0,,0,0,,0,0,,0,0,,0,0,,0,0,,0,0,,0,0,,0,0,,0,0,,,,,,0,0,,0
TK-HQ,P283,0,0,,0,0,,0,0,,0,0,,0,0,,0,0,,0,0,,0,0,,0,0,,0,0,,0,0,,,,,,0,0,,0
TK-HQ,P284,0,0,,0,0,,0,0,,0,0,,0,0,,0,0,,0,0,,0,0,,0,0,,0,0,,0,0,,,,,,0,0,,0
TK-HQ,P290,0,19721,0,0,20380,0,0,22981,0,0,28042,0,22215,22198,0.0007652487058293911,22652,22632,0.0008829242450997254,18216,18201,0.0008234519104084459,19881,19867,0.0007041899300840315,18934,18920,0.0007394105841344034,19283,19267,0.0008297464087537731,21214,21182,0.0015084378240783902,,,,,142395,233391,0,1
TK-HQ,P291,0,50103,0,0,51015,0,0,56699,0,0,64801,0,61335,61342,0,58132,58131,1.7202229408930236e-05,47373,47370,6.332721170287936e-05,54040,54048,0,51861,51862,0,52544,52542,3.80633373934236e-05,54456,54451,9.181724695161986e-05,,,,,379741,602364,0,1
TK-HQ,P292,0,12751,0,0,12982,0,0,13670,0,0,15321,0,13919,13900,0.0013650405919966024,13714,13692,0.0016042000875018392,12370,12348,0.0017784963621665373,14080,14057,0.0016335227272726849,13714,13690,0.0017500364590928852,14103,14082,0.0014890448840672033,14495,14477,0.0012418075198343814,,,,,96395,150970,0,1
TK-HQ,P293,0,5665,0,0,5922,0,0,6617,0,0,7523,0,6783,6758,0.0036856848002359,6454,6432,0.0034087387666563718,5427,5408,0.0035010134512621915,5952,5932,0.0033602150537634934,5937,5917,0.0033687047330301922,6003,5985,0.0029985007496251548,6441,6420,0.00326036329762458,,,,,42997,68579,0,1
TK-AT,P294,0,6821,0,0,7312,0,0,9224,0,10452,9984,0.04477611940298509,7957,7656,0.03782832725901719,8553,8200,0.04127206828013563,6214,5999,0.0345992919214676,6946,6721,0.032392744025338316,6866,6624,0.03524614040198082,7316,7062,0.03471842536905412,7538,7259,0.03701247015123377,,,,,61842,82862,0,83
TK-HQ,P295,0,2228,0,0,2332,0,0,2332,0,0,2426,0,0,3008,0,1769,2554,0,2228,2235,0,2379,2393,0,2514,2525,0,1948,1958,0,2066,2072,0,,,,,12904,26063,0,1
TK-HQ,P296,0,769,0,0,680,0,0,807,0,0,910,0,708,697,0.015536723163841804,690,699,0,596,596,0,657,656,0.0015220700152207556,908,907,0.0011013215859030367,696,696,0,790,787,0.0037974683544304,,,,,5045,8204,0,1
TK-AT,P297,0,0,,0,0,,0,0,,0,0,,0,0,,0,0,,0,0,,0,0,,0,0,,0,0,,0,0,,,,,,0,0,,0
TK-AT,P298,0,41210,0,0,58040,0,0,35280,0,37560,37580,0,32820,32840,0,41220,41230,0,45300,45320,0,41300,41320,0,54330,54370,0,51070,51090,0,58420,58440,0,,,,,362020,496720,0,1
TK-HQ,P298,0,0,,0,0,,0,0,,0,0,,0,0,,0,0,,0,0,,0,0,,0,0,,0,0,,0,0,,,,,,0,0,,0
TK-HQ,P299,0,40015,0,0,38431,0,0,46743,0,0,38277,0,45219,45152,0.0014816780556845544,45720,45653,0.0014654418197724839,41195,41135,0.001456487437795806,37409,37357,0.0013900398299874217,35590,35544,0.0012924978926664998,27133,27099,0.0012530866472560964,30055,30011,0.0014639826983863236,,,,,262321,425417,0,1
TK-AT,P301,0,95485,0,0,84329,0,0,104800,0,103171,102951,0.0021323821616539007,93049,92834,0.002310610538533431,87177,87053,0.0014223935212269723,74806,74534,0.003636071972836441,83370,83219,0.001811203070648859,86826,86691,0.0015548338055421107,82547,82415,0.001599089003840204,94600,94457,0.0015116279069767868,,,,,705546,988768,0,1
TK-HQ,P302,0,6843,0,0,6918,0,0,8553,0,0,10255,0,9151,9151,0,10143,10143,0,7844,7844,0,8466,8466,0,8205,8203,0.00024375380865326868,7013,7011,0.000285184657065396,7393,7391,0.0002705261734072817,,,,,58215,90778,0,1
TK-HQ,P303,0,97922,0,0,148195,0,0,148851,0,0,83426,0,126865,126799,0.0005202380483191327,123524,123449,0.0006071694569476094,138845,138766,0.0005689797976160538,96575,96513,0.0006419880921563204,67977,67940,0.0005443017491210123,47989,47928,0.001271124632728382,100098,100066,0.00031968670702708923,,,,,701873,1179855,0,1
TK-HQ,P304,0,0,,0,0,,0,0,,0,0,,0,0,,0,0,,0,0,,0,0,,0,0,,0,0,,0,0,,,,,,0,0,,0
TK-AT,P305,0,29614,0,0,30911,0,0,33541,0,38680,36953,0.04464839710444679,40480,38582,0.046887351778656106,40280,38440,0.045680238331678225,34720,33072,0.04746543778801848,35295,33721,0.04459555177787222,37218,35553,0.04473641786232463,33517,32033,0.04427603902497235,33395,31834,0.04674352447971253,,,,,293585,374254,0,211
TK-HQ,P305,0,0,,0,0,,0,0,,0,0,,0,0,,0,0,,0,0,,0,0,,0,0,,0,0,,0,0,,,,,,0,0,,0
TK-AT,P306,0,8196,0,0,7286,0,0,9996,0,9257,9255,0.00021605271686286898,13460,13453,0.0005200594353640398,15652,15646,0.0003833375926398652,12058,12057,8.293249295077132e-05,9896,9899,0,10494,10497,0,7759,7761,0,9000,8997,0.0003333333333332966,,,,,87576,113043,0,1
TK-HQ,P307,0,2598,0,0,2534,0,0,2852,0,0,2690,0,2254,2256,0,2034,2035,0,1704,1705,0,1403,1403,0,1300,1301,0,1206,1207,0,1564,1565,0,,,,,11465,22146,0,1
TK-HQ,P308,0,2889,0,0,2679,0,0,2799,0,0,3007,0,2578,2564,0.005430566330488773,2874,2860,0.004871259568545616,2610,2595,0.005747126436781658,3079,3062,0.005521273140630112,3119,3101,0.005771080474511026,3045,3029,0.005254515599343201,3049,3032,0.005575598556903927,,,,,20354,31617,0,1
TK-HQ,P309,0,22796,0,0,3154,0,0,1930,0,0,2260,0,12380,12362,0.0014539579967689509,23103,23071,0.0013851015019694657,26306,26289,0.0006462404014293543,27233,27220,0.0004773620240149379,26593,26585,0.0003008310457639496,20653,20644,0.0004357720428025402,25820,25814,0.00023237800154918276,,,,,162088,192125,0,1
TK-AT,P310,0,3892,0,0,7351,0,0,-79,,2426,2424,0.0008244023083264773,2815,2819,0,5237,5234,0.0005728470498377325,3655,3730,0,3979,4064,0,3748,3804,0,3837,3942,0,3767,3820,0,,,,,29464,41001,0,1
TK-AT,P311,0,14444,0,0,14295,0,0,15111,0,19614,18943,0.034210257978994574,17957,17321,0.0354179428635073,16893,16322,0.03380098265553777,14577,14092,0.03327159223434173,15461,14954,0.032792186792574896,17499,16877,0.03554488827933022,15315,14802,0.03349657198824685,15761,15222,0.03419833766892966,,,,,133077,172383,0,207
TK-HQ,P312,0,12429,0,0,10312,0,0,12119,0,0,11648,0,11737,11743,0,13320,13325,0,11181,11186,0,12270,12274,0,11138,11145,0,10381,10387,0,11096,11099,0,,,,,81123,127667,0,1
TK-HQ,P313,0,15527,0,0,14598,0,0,17273,0,0,15538,0,16890,16909,0,19391,19409,0,17576,17591,0,11735,11746,0,15456,15466,0,13281,13294,0,15820,15832,0,,,,,110149,173183,0,1
TK-HQ,P314,0,4614,0,0,4627,0,0,4692,0,0,5396,0,5039,5039,0,5037,5038,0,4071,4072,0,4386,4388,0,4351,4352,0,4510,4511,0,4554,4557,0,,,,,31948,51286,0,1
TK-HQ,P315,0,8002,0,0,8651,0,0,8674,0,0,9567,0,8883,8877,0.0006754474839580915,8815,8809,0.0006806579693704462,7813,7809,0.0005119672340969661,8702,8697,0.000574580556193971,8598,8594,0.00046522447080721285,8749,8745,0.00045719510801234264,8912,8906,0.0006732495511669878,,,,,60472,95331,0,1
TK-HQ,P316,0,8069,0,0,8212,0,0,9519,0,0,10786,0,9800,9786,0.0014285714285714457,9341,9328,0.0013917139492559683,7607,7597,0.0013145786775338175,8117,8108,0.0011087840335098909,7982,7971,0.0013781007266349121,8156,8147,0.001103482099068187,8280,8268,0.0014492753623188692,,,,,59283,95791,0,1
TK-HQ,P317,0,1885,0,0,1919,0,0,2752,0,0,9526,0,9001,8995,0.0006665926008221357,9564,9556,0.0008364700961940308,8394,8387,0.0008339289969025998,9493,9485,0.0008427262193194673,9224,9215,0.0009757155247180904,9388,9381,0.0007456327226246229,10052,10042,0.0009948269001194276,,,,,65116,81143,0,1
TK-HQ,P318,0,3728,0,0,2807,0,0,1249,0,0,2908,0,3462,3468,0,1249,1251,0,967,969,0,939,942,0,2263,2267,0,1325,1327,0,1361,1364,0,,,,,11566,22280,0,1
TK-HQ,P319,0,8688,0,0,8385,0,0,8550,0,0,10290,0,9078,9070,0.0008812513769552721,8690,8684,0.0006904487917146485,7460,7456,0.0005361930294905948,8521,8515,0.0007041427062551842,7661,7656,0.0006526563111864947,8839,8833,0.000678809820115367,8906,8897,0.001010554682236653,,,,,59155,95024,0,1
TK-AT,P320,0,51711,0,0,45278,0,0,19473,0,13438,13472,0,16187,16225,0,15171,15202,0,12635,12672,0,13171,13201,0,39863,39897,0,49130,49178,0,61226,61275,0,,,,,220821,337584,0,1
TK-HQ,P321,0,10175,0,0,10419,0,0,11539,0,0,13626,0,12108,12125,0,12191,12209,0,10382,10396,0,11536,11553,0,10961,10982,0,11861,11869,0,11759,11775,0,,,,,80798,126668,0,1
TK-HQ,P322,0,30931,0,0,32132,0,0,35548,0,0,28243,0,33007,33027,0,45605,45626,0,49249,49271,0,49760,49782,0,51703,51724,0,40917,40940,0,49430,49450,0,,,,,319671,446674,0,1
TK-HQ,P325,0,7559,0,0,6900,0,0,8449,0,0,9224,0,9318,9312,0.0006439150032195862,9489,9483,0.0006323110970597456,8016,8012,0.0004990019960079417,4325,4325,0,5565,5563,0.0003593890386343057,6401,6397,0.0006249023590063629,7719,7712,0.0009068532193289291,,,,,50833,82936,0,1
TK-HQ,P326,0,629,0,0,2452,0,0,4495,0,0,22689,0,33149,33157,0,37817,37818,0,38545,38538,0.00018160591516414026,34491,34495,0,17982,17992,0,9192,9194,0,9971,9976,0,,,,,181147,211435,0,1
TK-AT,P327,0,19702,0,0,520,0,0,547,0,396,400,0,299,303,0,240,245,0,226,230,0,228,234,0,230,235,0,223,228,0,232,238,0,,,,,2074,22882,0,1
TK-HQ,P328,0,13813,0,0,14201,0,0,16283,0,0,18304,0,25116,25138,0,25414,25438,0,13459,13473,0,12681,12691,0,12720,12732,0,13638,13651,0,14126,14139,0,,,,,117154,179863,0,1
TK-HQ,P329,0,37691,0,0,10823,0,0,37784,0,41685,41681,9.595777857740462e-05,38534,38546,0,43931,43935,0,37945,37954,0,38053,38061,0,39367,39362,0.00012700993217673595,33699,33707,0,30594,30601,0,,,,,303808,390145,0,1
TK-HQ,P330,0,1524,0,0,1522,0,0,1487,0,0,1936,0,7762,4573,0.4108477196598814,8073,11249,0,8397,8379,0.002143622722400873,9286,9263,0.0024768468662502707,9612,9586,0.00270495214315436,9901,9871,0.003029996970003057,10436,10401,0.0033537753928708502,,,,,63467,69791,0,1
TK-AT,P331,0,3705,0,0,3941,0,0,4236,0,4635,4580,0.011866235167206085,4466,4414,0.01164352888490816,4375,4329,0.010514285714285698,3557,3504,0.014900196795052056,3823,3772,0.013340308658121858,4466,4438,0.006269592476489061,4409,4356,0.012020866409616748,4108,4052,0.013631937682570539,,,,,33839,45327,0,64
TK-HQ,P332,0,7879,0,0,7793,0,0,8876,0,0,9467,0,9236,9229,0.000757903854482489,9107,9100,0.000768639508070712,9019,9014,0.0005543851868278216,10442,10436,0.0005746025665581689,9811,9805,0.0006115584547956576,8842,8837,0.0005654829224157609,9660,9653,0.0007246376811593791,,,,,66117,100089,0,1
TK-AT,P333,0,23954,0,0,23839,0,0,23482,0,26886,26904,0,28197,28242,0,25993,25998,0,24431,24418,0.0005321108427817078,25085,25078,0.0002790512258321609,24837,24835,8.052502315092358e-05,23733,23734,0,24980,25014,0,,,,,204142,275498,0,1
TK-HQ,P334,0,5985,0,0,6505,0,0,6467,0,8674,8539,0.015563753746829612,6809,6700,0.01600822440887062,7107,6945,0.022794428028704128,5930,5658,0.04586846543001688,6195,5920,0.04439063761097661,7479,7477,0.0002674154298702991,7637,7496,0.018462747152023007,6809,6624,0.027169922161844662,,,,,56640,74316,0,63
TK-AT,P335,0,0,,0,0,,0,15535,0,17234,16818,0.024138331205756036,20259,19793,0.023002122513450796,19102,18651,0.02361009318395979,17533,17111,0.024068898648263226,15698,15398,0.019110714740731338,17047,16603,0.026045638528773396,16288,15945,0.02105844793713163,15535,15201,0.021499839073060856,,,,,138696,151055,0,66
TK-AT,P336,0,14385,0,0,13559,0,0,14182,0,18980,18442,0.028345626975763927,15521,15083,0.028219831196443557,17105,16641,0.02712657117801809,13947,13539,0.029253602925360278,14222,13830,0.02756293067079174,15809,15379,0.027199696375482363,15967,15477,0.03068829460762823,14589,14144,0.030502433340187762,,,,,126140,164661,0,184
TK-AT,P337,0,12148,0,0,11456,0,0,12083,0,15643,15043,0.03835581410215427,13396,12898,0.03717527620185135,13613,13121,0.03614192316168363,10834,10461,0.034428650544581885,11760,11375,0.03273809523809523,12421,12020,0.03228403510184363,11770,11369,0.034069668649107876,10702,10388,0.029340310222388366,,,,,100139,132362,0,60
TK-AT,P338,0,22851,0,0,23392,0,0,21779,0,26764,25608,0.04319234793005533,31764,30385,0.043413927716912215,26797,25712,0.04048960704556481,24767,23844,0.03726733152985828,26090,24925,0.04465312380222308,26200,25070,0.04312977099236637,27191,26025,0.04288183590158512,24250,23278,0.04008247422680411,,,,,213823,272869,0,121
TK-AT,P339,0,23478,0,0,24712,0,0,22461,0,28019,26490,0.05457011313751381,33304,31102,0.06611818400192171,26675,25168,0.05649484536082472,25044,23605,0.05745887238460312,26780,25511,0.04738610903659446,26948,25516,0.05313937954579184,29275,27601,0.05718189581554223,24762,23436,0.05354979403925364,,,,,220807,279080,0,143
TK-AT,P340,0,9962,0,0,9937,0,0,9564,0,11576,11409,0.014426399447131977,14007,13681,0.02327407724709074,12058,12001,0.004727152098192078,10603,10437,0.015655946430255585,10188,10038,0.014723203769140158,10975,10824,0.013758542141230068,10792,10640,0.014084507042253502,10587,10488,0.00935109096061204,,,,,90786,118981,0,65
TK-AT,P342,0,0,,0,0,,0,0,,0,0,,3183,5045,0,4641,4565,0.016375781081663487,3605,3553,0.014424410540915367,3809,3769,0.01050144394854291,4142,4085,0.013761467889908285,4237,4169,0.016049091338210975,4055,3992,0.015536374845869338,,,,,27672,29178,0,26
TK-AT,P343,0,13400,0,0,11736,0,0,13350,0,14539,13543,0.06850539927092647,16834,15683,0.0683735297611976,13994,13095,0.06424181792196659,13076,12241,0.06385744876108901,12854,12001,0.06636066594056322,13008,12195,0.0625,13985,13096,0.06356810868787988,12226,11539,0.05619172255848193,,,,,110516,141879,0,84
TK-AT,P344,0,5892,0,0,5249,0,0,5819,0,12667,6845,0.4596194836977975,6255,6252,0.0004796163069544779,6405,6403,0.00031225604996099054,5407,5405,0.0003698908821897495,5823,5821,0.00034346556757680613,5534,5532,0.0003614022406939199,4199,4198,0.00023815194093834702,4289,4288,0.00023315458148753798,,,,,50579,61704,0,1
TK-HQ,P345,0,22594,0,0,20263,0,0,21360,0,25761,24705,0.04099219750786076,28850,27536,0.045545927209705406,28169,26873,0.04600802300401152,25220,24463,0.030015860428231567,21581,20908,0.03118483851536069,24674,23968,0.02861311501985897,21386,20694,0.03235761713270369,19376,18830,0.028179190751445038,,,,,195017,252194,0,81
TK-HQ,P346,0,10942,0,0,11311,0,0,12516,0,0,14314,0,12903,12910,0,13271,13277,0,11581,11585,0,12840,12847,0,12742,12747,0,12812,12818,0,13215,13222,0,,,,,89364,138489,0,1
TK-AT,P347,0,0,,0,13084,0,0,9843,0,8286,8295,0,8790,8795,0,0,0,,0,0,,0,0,,0,0,,0,0,,0,0,,,,,,17076,40017,0,1
TK-HQ,P347,0,30418,0,0,61625,0,0,67166,0,30945,36012,0,31178,26715,0.14314580794149723,32011,27595,0.13795257880103717,28167,24735,0.1218447118969006,26086,22423,0.14042014873878705,30847,29680,0.03783187992349335,27773,26722,0.037842508911532735,24532,23352,0.04810044024131743,,,,,231539,376443,0,48
TK-HQ,P348,0,0,,0,3906,0,0,4927,0,0,4610,0,2772,2774,0,4852,4853,0,4983,4983,0,8182,8183,0,4940,4941,0,6409,6410,0,5733,5733,0,,,,,37871,51320,0,1
TK-AT,P349,0,0,,0,19251,0,0,14161,0,29232,29170,0.002120963327859826,26805,26745,0.0022383883603804833,27552,27486,0.0023954703832752555,28762,28701,0.002120853904457265,62521,62401,0.0019193550966875028,73599,73454,0.001970135463797096,50331,50222,0.002165663308895116,70294,70025,0.0038267846473383216,,,,,369096,401616,0,1
TK-AT,P350,0,0,,0,3292,0,0,6265,0,2427,2438,0,4908,4919,0,6034,6046,0,7640,7652,0,16179,16194,0,21023,21034,0,14828,14849,0,15790,15810,0,,,,,88829,98499,0,1
TK-AT,P351,0,0,,0,4556,0,0,7055,0,10516,10507,0.0008558387219474994,13475,13462,0.0009647495361780889,18259,18233,0.0014239553097102897,20118,20088,0.0014912019087384154,32610,32553,0.0017479300827967226,26412,26369,0.0016280478570346313,21535,21497,0.0017645693057812828,22704,22672,0.0014094432699084392,,,,,165629,176992,0,1
TK-HQ,P352,0,3355,0,0,3651,0,0,3058,0,0,3547,0,3207,3205,0.000623635796694777,3194,3193,0.00031308703819665773,2802,2801,0.00035688793718768874,3067,3066,0.0003260515161395139,3045,3044,0.0003284072249589709,3085,3085,0,3233,3231,0.0006186204763377612,,,,,21633,35236,0,1
TK-AT,P353,0,0,,0,0,,0,0,,0,0,,0,0,,3592,3602,0,12270,12278,0,3815,3824,0,13473,13493,0,3891,3901,0,14760,14784,0,,,,,51801,51882,0,1
TK-HQ,P354,0,1757,0,0,2171,0,0,2369,0,0,2619,0,2471,2555,0,3047,3050,0,2768,2772,0,2885,2888,0,2624,2626,0,2357,2361,0,2439,2441,0,,,,,18591,27609,0,1
TK-AT,P355,0,0,,0,0,,0,51835,0,85921,86178,0,124391,124761,0,146652,147034,0,128237,128602,0,133908,134256,0,143484,143943,0,118839,119252,0,133157,133661,0,,,,,1014589,1069522,0,1
TK-HQ,P356,0,0,,0,0,,0,0,,0,0,,174,174,0,287,289,0,217,218,0,352,353,0,379,380,0,335,336,0,658,660,0,,,,,2402,2410,0,1
TK-HQ,P357,0,0,,0,0,,0,0,,0,0,,0,0,,0,0,,97390,44923,0.5387308758599445,44470,41712,0.06201933888014388,48254,47559,0.014402951050690116,45844,45212,0.01378588255824098,41326,40670,0.01587378405846196,,,,,277284,220076,0.2063155465154859,92
TK-HQ,P358,0,0,,0,0,,0,0,,0,0,,0,0,,1483,1479,0.0026972353337828547,863,860,0.0034762456546929554,10611,10586,0.002356045613043034,12543,12511,0.0025512237901618162,11468,11442,0.002267178235088929,12703,12677,0.002046760607730458,,,,,49671,49555,0.0023353667129712985,1
TK-HQ,P359,0,0,,0,0,,0,0,,0,0,,0,0,,0,0,,2088,2087,0.00047892720306508263,1923,1923,0,2719,2721,0,2858,2856,0.0006997900629811538,3606,3605,0.0002773155851358844,,,,,13194,13192,0.00015158405335757852,1
TK-HQ,P35A,0,0,,0,21490,0,0,22806,0,0,25871,0,24493,24494,0,24172,24174,0,21868,21866,9.145783793673701e-05,24371,24373,0,24079,24077,8.305992773782744e-05,24022,24021,4.1628507201685316e-05,24761,24757,0.00016154436412096906,,,,,167766,237929,0,1
TK-HQ,P360,0,0,,0,0,,0,0,,0,0,,0,0,,0,0,,2033,2035,0,3174,3177,0,3094,3097,0,3576,3580,0,4963,4967,0,,,,,16840,16856,0,1
TK-AT,P361,0,0,,0,0,,0,0,,0,0,,0,0,,0,0,,0,0,,0,0,,0,0,,0,0,,3212,3341,0,,,,,3212,3341,0,1
TK-HQ,P362,0,0,,0,0,,0,0,,0,0,,0,0,,0,0,,0,0,,0,0,,0,0,,330,333,0,129,130,0,,,,,459,463,0,1
TK-HQ,P363,0,0,,0,0,,0,0,,0,0,,0,0,,0,0,,0,0,,0,0,,6280,6280,0,602,-5050,9.388704318936878,357,357,0,,,,,7239,1587,0.7807708246995442,1
TK-HQ,P364,0,0,,0,0,,0,0,,0,0,,0,0,,0,0,,0,0,,0,0,,0,0,,0,0,,3683,3686,0,,,,,3683,3686,0,1
TK-HQ,P365,0,0,,0,0,,0,0,,0,0,,0,0,,0,0,,0,0,,0,0,,0,0,,26,26,0,380,382,0,,,,,406,408,0,1
TK-HQ,P366,0,0,,0,0,,0,0,,0,0,,0,0,,0,0,,0,0,,0,0,,0,0,,0,0,,0,0,,,,,,0,0,,1
TK-AT,P56,0,0,,0,0,,0,0,,0,0,,0,0,,0,0,,0,0,,0,0,,0,0,,0,0,,0,0,,,,,,0,0,,0
TK-HQ,P60A,0,12729,0,0,11651,0,0,10562,0,16622,15654,0.05823607267476838,14428,13629,0.05537843082894367,15424,14563,0.055822095435684616,13165,12423,0.05636156475503229,18483,17453,0.05572688416382621,19123,18160,0.05035820739423735,18212,17242,0.05326158576762574,15028,14373,0.043585307426137865,,,,,130485,158439,0,120
TK-HQ,P65A,0,0,,0,10651,0,0,11200,0,0,13351,0,12236,12244,0,11391,11401,0,9853,9862,0,10830,10841,0,10553,10563,0,11065,11076,0,11028,11041,0,,,,,76956,112230,0,1
TK-HQ,PS01,0,0,,0,0,,0,0,,0,0,,0,0,,0,0,,0,0,,0,0,,0,0,,0,0,,0,0,,,,,,0,0,,0
TK-HQ,PS02,0,0,,0,0,,0,0,,0,0,,0,0,,0,0,,0,0,,0,0,,0,0,,0,0,,0,0,,,,,,0,0,,0
TK-HQ,S002,0,0,,0,0,,0,0,,0,0,,0,0,,0,0,,0,0,,0,0,,0,0,,0,0,,0,0,,,,,,0,0,,0
TK-HQ,S003,0,0,,0,0,,0,0,,0,0,,0,0,,0,0,,0,0,,0,0,,0,0,,0,0,,0,0,,,,,,0,0,,0
TK-HQ,S004,0,74093,0,0,73890,0,0,73233,0,87120,79460,0.08792470156106524,106100,105792,0.002902921771913314,105100,104701,0.0037963843958135346,88470,88201,0.0030405787272521634,85148,85617,0,91549,89080,0.02696916405422234,90774,88283,0.027441778482825474,83350,78951,0.05277744451109778,,,,,737611,941301,0,179
TK-HQ,S005,0,0,,0,0,,0,0,,0,0,,0,0,,0,0,,0,0,,0,0,,0,0,,0,0,,0,0,,,,,,0,0,,0
TK-HQ,S007,0,142829,0,0,136060,0,0,137769,0,171750,161092,0.06205531295487632,197181,184718,0.06320588697693996,107852,169663,0,95088,92200,0.030371866060912023,91162,87978,0.03492683354906645,121786,117503,0.035168245939599,116776,120566,0,99760,89100,0.10685645549318368,,,,,1001355,1439478,0,311
TK-HQ,S029,0,0,,0,0,,0,0,,0,0,,0,0,,0,0,,0,0,,0,0,,0,0,,0,0,,0,0,,,,,,0,0,,0
TK-HQ,S100,0,192784,0,0,181074,0,0,199916,0,0,279142,0,245173,245573,0,221935,222329,0,199125,199467,0,202269,202620,0,187586,187919,0,201500,201845,0,203499,203842,0,,,,,1461087,2316511,0,1
TK-HQ,S101,0,16157,0,0,17046,0,0,22803,0,0,20003,0,13171,13137,0.0025814288968187826,19519,19481,0.0019468210461601743,27855,27824,0.0011129061209836921,35849,35822,0.0007531590839353619,37696,37673,0.0006101443123939232,27395,27351,0.0016061325059317788,34372,34304,0.001978354474572286,,,,,195857,271601,0,1
TK-HQ,S102,0,13259,0,0,11734,0,0,14248,0,0,16134,0,19453,19244,0.010743844137151126,22907,22780,0.005544156807962608,18418,18305,0.006135302421544142,20299,20155,0.007093945514557332,14307,14209,0.006849793807227278,13479,13326,0.011350990429557117,13054,12904,0.011490730810479577,,,,,121917,176298,0,1
TK-HQ,S103,0,16920,0,0,8790,0,0,6420,0,0,52210,0,46510,46420,0.0019350677273705097,6360,6300,0.009433962264150941,12850,12740,0.008560311284046662,4720,4670,0.010593220338983023,6680,6700,0,7320,7250,0.0095628415300546,8770,8700,0.007981755986317007,,,,,93210,177120,0,1
TK-HQ,S104,0,60483,0,0,58488,0,0,35855,0,0,51827,0,72332,72324,0.00011060111707128506,80461,80344,0.0014541206298703813,78191,78049,0.0018160657876226116,77571,77425,0.0018821466785268193,70609,70461,0.0020960500786019187,59962,59884,0.001300823855108213,61687,61647,0.0006484348404039997,,,,,500813,706787,0,1
TK-AT,S105,0,229450,0,0,243130,0,0,268160,0,260710,261560,0,331640,332660,0,380010,381230,0,344660,345660,0,282990,284010,0,269010,269870,0,195850,196520,0,223280,224040,0,,,,,2288150,3036290,0,1
TK-HQ,S105,0,0,,0,0,,0,0,,0,0,,0,0,,0,0,,0,0,,0,0,,0,0,,0,0,,0,0,,,,,,0,0,,0
TK-AT,S106,0,211301,0,0,218921,0,0,253469,0,329339,328626,0.0021649425060500382,305365,304561,0.002632914708627365,261629,261052,0.0022054130084967483,208551,208191,0.0017261964699282206,227901,227387,0.0022553652682524294,204610,204253,0.0017447827574409436,225125,224355,0.0034203220433092207,214614,214498,0.00054050527924554,,,,,1977134,2656614,0,1
TK-HQ,S106,0,0,,0,0,,0,0,,0,0,,0,0,,0,0,,0,0,,0,0,,0,0,,0,0,,0,0,,,,,,0,0,,0
TK-AT,S107,0,43619,0,0,68370,0,0,35211,0,2380,2331,0.020588235294117685,889,845,0.04949381327334079,385,372,0.03376623376623378,15,15,0,0,0,,0,0,,0,0,,0,0,,,,,,3669,150763,0,1
TK-HQ,S107,0,0,,0,0,,0,0,,0,0,,0,0,,0,0,,0,0,,0,0,,0,0,,0,0,,0,0,,,,,,0,0,,0
TK-AT,S108,0,542124,0,0,528949,0,0,551694,0,498340,531012,0,866365,630429,0.2723286374680418,718797,718178,0.0008611610788581414,667450,666496,0.0014293205483556504,545573,544966,0.001112591715499156,574656,574085,0.0009936379329547051,491332,490855,0.0009708303143292074,633537,632771,0.0012090848679714439,,,,,4996050,6411559,0,1
TK-HQ,S108,0,0,,0,0,,0,0,,0,0,,0,0,,0,0,,0,0,,0,0,,0,0,,0,0,,0,0,,,,,,0,0,,0
TK-HQ,S109,0,0,,0,0,,0,0,,0,0,,0,0,,0,0,,0,0,,0,0,,0,0,,0,0,,0,0,,,,,,0,0,,0
TK-HQ,S113,0,1082,0,0,1028,0,0,9655,0,0,22755,0,1172,1314,0,1090,1238,0,1038,1171,0,2990,3127,0,1236,1388,0,1029,1180,0,45440,45402,0.0008362676056338225,,,,,53995,89340,0,1
TK-HQ,S114,0,354180,0,0,337550,0,0,431910,0,0,456000,0,460650,461070,0,502730,503150,0,299800,300100,0,324590,324930,0,473620,474260,0,405560,406130,0,439520,440000,0,,,,,2906470,4489280,0,1
TK-AT,S167,0,117269,0,0,116009,0,0,128579,0,128609,128993,0,144397,144806,0,128887,153397,0,165544,141872,0.14299521577344998,132681,133055,0,143251,143649,0,113892,114294,0,108168,108513,0,,,,,1065429,1430436,0,1
TK-HQ,S167,0,0,,0,0,,0,0,,0,0,,0,0,,0,0,,0,0,,0,0,,0,0,,0,0,,0,0,,,,,,0,0,,0
TK-AT,S169,0,1042780,0,0,1043320,0,0,1031740,0,1074470,1073950,0.0004839595335374147,1082310,1081580,0.0006744832811301782,1286320,1285560,0.0005908327632315746,1104980,1104430,0.0004977465655486846,786100,785350,0.0009540770894288508,898270,897530,0.0008238057599607718,647500,647010,0.0007567567567567934,774300,780070,0,,,,,7654250,10773320,0,1
TK-HQ,S169,0,0,,0,0,,0,0,,0,0,,0,0,,0,0,,0,0,,0,0,,0,0,,0,0,,0,0,,,,,,0,0,,0
TK-HQ,S185,0,354610,0,0,368670,0,0,398310,0,0,561900,0,496960,495950,0.002032356728911777,435520,434670,0.0019516899338721805,359320,358650,0.0018646331960369134,386170,385340,0.002149312478959997,369790,369050,0.002001135779766905,399460,398710,0.0018775346718069574,377420,376690,0.0019341847278893098,,,,,2824640,4502550,0,1
TK-HQ,S205,0,549530,0,0,306150,0,0,518730,0,0,471710,0,508910,510940,0,552830,553220,0,492550,492870,0,617910,620100,0,626250,624870,0.0022035928143712136,569040,569350,0,637890,638220,0,,,,,4005380,5855690,0,1
TK-HQ,S29,0,0,,0,0,,0,0,,0,0,,0,0,,0,0,,0,0,,0,0,,0,0,,0,0,,0,0,,,,,,0,0,,0
TK-HQ,S300,0,23950,0,0,34990,0,0,95040,0,0,123530,0,145770,145620,0.0010290183165260203,90470,90350,0.0013264065436056072,28970,28940,0.0010355540214014303,28080,28050,0.0010683760683760646,19880,19850,0.0015090543259557165,17460,17450,0.000572737686139746,23160,23140,0.0008635578583765513,,,,,353790,630910,0,1
TK-HQ,S323,0,81127,0,0,80124,0,0,75865,0,84359,81821,0.030085705141123076,101021,97604,0.03382465032023041,97951,94720,0.03298588069544972,86328,83595,0.03165832638309707,83884,81044,0.03385627771684707,90582,91246,0,87781,81698,0.06929745616933047,76928,74685,0.02915713394342767,,,,,708834,923529,0,58
