Unnamed: 0,Unnamed: 1,January,Unnamed: 3,Unnamed: 4,February,Unnamed: 6,Unnamed: 7,March,Unnamed: 9,Unnamed: 10,April,Unnamed: 12,Unnamed: 13,May,Unnamed: 15,Unnamed: 16,June,Unnamed: 18,Unnamed: 19,July,Unnamed: 21,Unnamed: 22,August,Unnamed: 24,Unnamed: 25,September,Unnamed: 27,Unnamed: 28,October,Unnamed: 30,Unnamed: 31,November,Unnamed: 33,Unnamed: 34,December,Unnamed: 36,Unnamed: 37,Unnamed: 38,Accumulate for Year 2025,Unnamed: 40,Unnamed: 41,Unnamed: 42
Region,Cabin,Total kWh,Sales kWh,Losses,Total kWh,Sales kWh,Losses,Total kWh,Sales kWh,Losses,Total kWh,Sales kWh,Losses,Total kWh,Sales kWh,Losses,Total kWh,Sales kWh,Losses,Total kWh,Sales kWh,Losses,Total kWh,Sales kWh,Losses,Total kWh,Sales kWh,Losses,Total kWh,Sales kWh,Losses,Total kWh,Sales kWh,Losses,Total kWh,Sales kWh,Losses,,Total kWh,Sales kWh,Losses,Consumer
BT-HQ,7,0,0,,0,0,,0,0,,0,0,,0,0,,0,0,,0,4370,0,0,6203,0,0,5747,0,0,4939,0,0,4486,0,0,7621,0,,0,33366,0,1
BT-HQ,8,0,10076,0,0,12879,0,0,19152,0,0,30883,0,0,20322,0,0,17095,0,0,16099,0,0,17223,0,0,18398,0,0,13217,0,0,14363,0,0,12660,0,,0,202367,0,1
BT-HQ,9,3672,3671,0.0002723311546840579,3393,3392,0.00029472443265543546,3391,3390,0.00029489826010031805,5425,5424,0.00018433179723498228,2831,2831,0,2571,2569,0.000777907429015956,6580,6579,0.0001519756838905817,9296,9293,0.0003227194492254615,5500,5498,0.0003636363636363438,4301,4294,0.0016275284817484081,5248,5252,0,4543,4542,0.00022011886418671356,,56751,56735,0.0002819333580025285,1
BT-HQ,1,0,4284,0,0,4209,0,0,6966,0,0,7498,0,0,7357,0,0,7519,0,0,7358,0,0,7792,0,0,7370,0,0,7107,0,0,6361,0,0,5645,0,,0,79466,0,1
BT-HQ,10,72773,72811,0,29959,29982,0,48554,48583,0,23536,23549,0,18330,18345,0,32867,0,1,16348,0,1,7410,87104,0,11850,11871,0,12507,12425,0.006556328456064575,12647,11954,0.05479560370048231,63664,61490,0.034148027142498094,,350445,378114,0,1
BT-HQ,11,7222,7220,0.0002769315978953246,7046,7044,0.0002838489923360221,6945,6943,0.00028797696184301724,6723,6723,0,7035,7033,0.0002842928216062468,6853,6850,0.0004377644827082694,6153,6150,0.0004875670404680399,8904,8901,0.0003369272237196963,7850,7849,0.0001273885350318027,7393,7387,0.0008115785202218451,8549,8547,0.00023394549070065995,8134,8132,0.0002458814851241664,,88807,88779,0.00031529046133749183,1
BT-HQ,12,13260,13230,0.002262443438914019,20750,20710,0.001927710843373509,11200,11170,0.002678571428571419,7760,7740,0.002577319587628857,6170,6160,0.0016207455429497752,6090,6070,0.003284072249589487,5670,5660,0.0017636684303351524,4540,4530,0.0022026431718061845,4110,4120,0,4080,4050,0.007352941176470562,4330,4320,0.002309468822170868,4460,4440,0.004484304932735439,,92420,92200,0.00238043713481928,1
BT-HQ,13,12339,12337,0.00016208768944003804,16210,16209,6.169031462055496e-05,18342,18341,5.4519681605080805e-05,21415,21412,0.0001400887228577563,17343,17342,5.766015106956068e-05,7886,7884,0.0002536139994927522,11309,11310,0,16747,16743,0.00023884874902968534,29586,29582,0.0001351990806462977,36757,36755,5.4411404630361204e-05,36626,36624,5.460601758311423e-05,38890,38887,7.714065312414142e-05,,263450,263426,9.109888024294577e-05,1
BT-HQ,14,2002,2037,0,0,2016,0,0,2483,0,0,2523,0,0,2359,0,133,2535,0,2383,2415,0,2493,2526,0,2420,2445,0,2387,2416,0,2258,2286,0,1859,1889,0,,15935,27930,0,1
BT-HQ,15,7195,7189,0.0008339124391938402,7820,7815,0.0006393861892582953,9263,9257,0.0006477383137212245,10110,10103,0.0006923837784371667,10927,10920,0.0006406149903908087,10503,10496,0.0006664762448823636,11222,11214,0.000712885403671315,10881,10875,0.0005514199062586211,11933,11925,0.0006704097879829396,12906,12898,0.0006198667286533288,10825,10819,0.0005542725173209861,10785,10779,0.0005563282336578101,,124370,124290,0.0006432419393744837,1
BT-HQ,16,137674,137733,0,145651,145713,0,159380,159449,0,188219,188301,0,168937,169005,0,169209,169281,0,160992,161054,0,165103,165176,0,168582,168654,0,157978,158045,0,155471,155532,0,148910,148972,0,,1926106,1926915,0,1
BT-HQ,2,22091,22514,0,27714,24347,0.12149094320560005,31484,27638,0.12215728624063016,36993,31966,0.13589057389235804,30883,27151,0.12084318233332259,38167,32977,0.1359813451410905,25364,25225,0.005480208169058476,31315,30953,0.011559955292990587,26025,25819,0.007915465898174823,22346,22157,0.008457889555177678,23305,23111,0.008324393906886884,16897,23121,0,,332584,316979,0.046920477232819335,9
BT-HQ,23,34458,34442,0.0004643333913749714,34713,34698,0.00043211476968285645,33806,33792,0.00041412766964443737,23747,23737,0.0004211058238935417,34032,34018,0.00041137752703335195,55712,55676,0.0006461803561171875,49765,49729,0.000723399979905559,52242,52206,0.0006891007235557689,40223,40200,0.0005718121472789717,18345,18330,0.0008176614881438837,40523,40496,0.0006662882807294546,53847,53815,0.0005942763756568992,,471413,471139,0.0005812313194587526,1
BT-HQ,24,339169,298328,0.12041489640857506,446770,446401,0.0008259283300131592,405102,404751,0.0008664484500200409,131912,131821,0.0006898538419551903,71232,71148,0.001179245283018826,136821,136679,0.0010378523764627001,149099,148937,0.001086526401920862,213203,212980,0.0010459515110012862,429514,429118,0.0009219722756417248,303268,303007,0.0008606249258081844,549155,423910,0.22806857808815362,453131,336804,0.25671825586861197,,3628376,3343884,0.07840752998035483,1
BT-HQ,26,78852,78846,7.609191903823476e-05,91630,91623,7.639419404126269e-05,117112,117102,8.538834619853386e-05,163582,163566,9.781027252386831e-05,126493,126483,7.90557580261364e-05,112316,112301,0.0001335517646640083,109850,109839,0.0001001365498406459,113832,113816,0.00014055801532086853,113062,113051,9.729175142847435e-05,88453,88443,0.00011305439046727095,80631,80621,0.000124021778224237,81118,81111,8.629404078008829e-05,,1276931,1276802,0.00010102346955320751,1
BT-HQ,27,6153,6150,0.0004875670404680399,6300,6296,0.0006349206349206549,6806,6801,0.0007346459006758455,7076,7071,0.0007066139061616683,6847,6842,0.0007302468234263726,7164,7159,0.0006979341150195051,6680,6676,0.0005988023952095967,7271,7266,0.0006876633200385562,6979,6974,0.0007164350193437086,8283,8278,0.0006036460219727147,7386,7381,0.000676956404007556,7084,7080,0.0005646527385657629,,84029,83974,0.0006545359340227597,1
BT-HQ,28,0,0,,0,0,,0,0,,0,0,,0,0,,0,0,,0,0,,0,0,,0,401140,0,0,682850,0,0,690760,0,0,712299,0,,0,2487049,0,1
BT-HQ,3,10625,10623,0.0001882352941176002,9901,9901,0,12030,12029,8.312551953448821e-05,12797,12795,0.00015628662967881457,13623,13622,7.340527049837231e-05,12177,12176,8.212203334156953e-05,11243,11242,8.894423196659229e-05,11400,11399,8.7719298245581e-05,10107,10106,9.894132779264542e-05,11266,11264,0.00017752529735481914,12276,12275,8.145975887907664e-05,14833,14831,0.00013483449066276076,,142278,142263,0.00010542740269048334,1
BT-HQ,32,25347,25302,0.0017753580305361893,26405,26360,0.0017042226850975117,29146,29096,0.0017155012694709537,31888,31833,0.0017247867536377415,32937,32879,0.001760937547439001,33130,33074,0.0016903108964684277,33934,33874,0.001768138150527454,35459,35397,0.0017484982656025272,33161,33103,0.0017490425499834261,38961,38891,0.0017966684633351493,37454,37388,0.0017621615848774086,33944,33883,0.0017970775394767768,,391766,391080,0.0017510452668174636,1
BT-HQ,33,32052,32868,0,36869,37753,0,27763,28592,0,5140,5669,0,4514,5035,0,20300,21038,0,25572,26397,0,19314,20076,0,30465,31394,0,16182,16875,0,11715,12372,0,1054,1543,0,,230940,239612,0,1
BT-HQ,34,0,1499,0,0,1676,0,0,2008,0,0,2223,0,0,2097,0,0,1763,0,0,1645,0,0,1801,0,0,1553,0,0,1937,0,0,1619,0,0,1388,0,,0,21209,0,1
BT-HQ,4,8948,9424,0,9221,9689,0,12506,12981,0,14259,14765,0,13870,14368,0,11310,11801,0,12601,13089,0,28997,29661,0,13557,14044,0,14375,14913,0,12925,13446,0,9709,10147,0,,162278,168328,0,1
BT-HQ,004B,0,0,,0,0,,0,0,,0,0,,0,0,,0,0,,0,0,,0,0,,0,0,,0,0,,0,0,,0,0,,,0,0,,0
BT-HQ,5,0,0,,0,0,,0,0,,0,0,,0,0,,0,0,,0,0,,0,0,,0,0,,0,0,,0,0,,0,0,,,0,0,,0
BT-HQ,51,169734,169691,0.0002533375752648004,177200,177149,0.0002878103837471446,185065,185006,0.0003188069056817566,232195,232112,0.00035745817093391086,189880,189822,0.0003054560775226367,190886,190820,0.0003457561057385039,209818,209651,0.0007959278994176255,204294,204330,0,175303,175246,0.0003251513094471026,196542,196475,0.0003408940582674269,186710,186649,0.00032670987092286996,205918,205853,0.00031565963150381737,,2323545,2322804,0.00031890925288724503,1
BT-HQ,52,16920,16907,0.0007683215130023235,17820,17809,0.0006172839506173311,17559,17549,0.0005695085141522727,17395,17384,0.0006323656223052865,16714,16704,0.0005983008256551514,16722,16712,0.000598014591556062,15766,15756,0.0006342762907523003,16677,16667,0.0005996282304970846,16597,16587,0.0006025185274447509,15777,15766,0.0006972174684667376,15531,15521,0.0006438735432361398,15084,15074,0.0006629541235746439,,198562,198436,0.0006345625044066328,1
BT-HQ,53,417489,417149,0.0008143927145385366,441540,441251,0.0006545273361416859,481784,481401,0.0007949620576855887,489323,488917,0.0008297177937681699,539597,539058,0.0009988936187562691,545187,544688,0.000915282279291274,509325,508868,0.0008972659892995116,526783,526348,0.0008257669666636991,499895,499483,0.0008241730763460797,472245,471894,0.0007432582663660092,469865,469503,0.0007704340608473137,419491,419172,0.0007604453969215497,,5812524,5807732,0.0008244267034424047,1
BT-HQ,54,798081,797308,0.0009685733653601591,761972,761231,0.0009724766789330763,773195,772470,0.0009376677293567726,803476,802829,0.0008052511836071918,832312,831660,0.000783360086121565,868233,867454,0.0008972245929376177,785191,784489,0.000894049982743006,932109,931364,0.0007992627471680169,867913,867150,0.0008791203726641328,998767,997937,0.0008310246533976828,951177,950319,0.0009020403142633304,0,0,,,9372426,9364211,0.0008765073205165841,1
BT-HQ,0054A,157900,158030,0,136090,136190,0,177260,177420,0,172830,173030,0,186890,187090,0,203330,203520,0,180690,180850,0,123950,124050,0,362970,362439,0.0014629308207290137,409440,410661,0,425030,426680,0,0,270780,0,,2536380,2810740,0,1
BT-HQ,0054B,0,0,,0,0,,0,0,,0,0,,0,0,,0,0,,0,0,,0,0,,0,0,,0,0,,23393,23386,0.0002992348138332046,0,0,,,23393,23386,0.0002992348138332046,1
BT-HQ,55,10907,10904,0.0002750527184377516,10890,10891,0,9784,9776,0.0008176614881438837,11643,11638,0.000429442583526618,11467,11463,0.0003488270689805395,12215,12210,0.00040933278755628244,10020,10015,0.0004990019960079417,7136,7134,0.0002802690582959233,8879,8876,0.00033787588692424375,7290,7287,0.0004115226337448874,9935,10024,0,6191,6056,0.02180584719754486,,116357,116274,0.0007133219316414197,1
BT-HQ,56,18099,18097,0.00011050334272610929,13229,13223,0.00045354902109007167,11526,11526,0,10734,10732,0.00018632383081795822,10344,10341,0.0002900232018561155,8498,8496,0.0002353494939986156,7387,7385,0.00027074590496822815,7039,7038,0.00014206563432306307,5802,5801,0.00017235436056528552,2404,2403,0.0004159733777038266,2792,2791,0.0003581661891117749,0,1211,0,,97854,99044,0,1
BT-HQ,57,1107,1108,0,1075,1075,0,1164,1164,0,1296,1296,0,1281,1281,0,1824,1823,0.0005482456140351033,837,838,0,862,862,0,686,686,0,933,933,0,1164,1165,0,1217,1216,0.0008216926869351049,,13446,13447,0,1
BT-HQ,58,701599,700016,0.0022562745956022923,734559,732904,0.0022530525117792077,761059,759253,0.002373009188512354,731282,729461,0.002490147439701773,719520,717712,0.002512786301979042,741952,739998,0.0026335935478305483,725748,724052,0.002336899309402174,755217,753230,0.0026310318756066486,762568,762604,0,623079,616161,0.01110292595320983,1776319,1776781,0,0,0,,,9032902,9012172,0.0022949435297758836,1
BT-HQ,59,455960,456040,0,421170,421210,0,606900,606970,0,725930,726010,0,746970,747130,0,895850,895950,0,857060,857120,0,940739,940880,0,981880,981990,0,911080,911170,0,826611,826699,0,802210,802311,0,,9172360,9173480,0,1
BT-HQ,6,0,0,,0,0,,0,0,,0,0,,0,0,,0,0,,0,0,,0,0,,0,0,,0,0,,0,0,,0,0,,,0,0,,0
BT-HQ,60,0,0,,0,0,,0,0,,0,0,,0,0,,0,0,,0,553,0,0,2344,0,0,4478,0,0,4622,0,0,5109,0,0,5038,0,,0,22144,0,1
BT-HQ,65,0,0,,0,0,,0,0,,0,0,,0,0,,0,0,,0,0,,0,0,,0,0,,0,0,,0,0,,0,0,,,0,0,,0
BT-HQ,7,0,0,,0,0,,0,0,,0,0,,0,0,,0,0,,0,0,,0,0,,0,0,,0,0,,0,0,,0,0,,,0,0,,0
BT-HQ,8,0,0,,0,0,,0,0,,0,0,,0,0,,0,0,,0,0,,0,0,,0,0,,0,0,,0,0,,0,0,,,0,0,,0
BT-HQ,9,0,0,,0,0,,0,0,,0,0,,0,0,,0,0,,0,0,,0,0,,0,0,,0,0,,0,0,,0,0,,,0,0,,0
BT-HQ,1,0,0,,0,0,,0,0,,0,0,,0,0,,0,0,,0,0,,0,0,,0,0,,0,0,,0,0,,0,0,,,0,0,,0
BT-HQ,10,12366,12364,0.0001617337861878898,14037,14033,0.00028496117404008814,19009,19005,0.00021042664001258427,21359,21354,0.00023409335643054252,22837,22832,0.00021894294346891385,21315,21309,0.00028149190710768934,19264,19258,0.00031146179401997376,19033,19029,0.00021016129879680712,18124,18119,0.00027587728978151205,18031,18027,0.00022184016416171293,16557,16552,0.00030198707495321386,14026,14023,0.00021388849279913025,,215958,215905,0.0002454180905546721,1
BT-HQ,100,0,0,,0,0,,0,0,,0,0,,0,0,,0,0,,0,0,,0,0,,0,0,,0,0,,0,0,,0,0,,,0,0,,0
BT-HQ,101,24570,24526,0.0017908017908018214,26970,26926,0.001631442343344447,31170,31021,0.004780237407763899,36000,35826,0.004833333333333356,32070,31951,0.0037106329903336954,32370,32243,0.003923385851096639,32460,32371,0.0027418361059765584,33300,33202,0.00294294294294295,34590,34419,0.00494362532523851,31440,31222,0.006933842239185806,29880,29780,0.0033467202141901353,28860,28812,0.0016632016632016633,,373680,372299,0.0036956754442303286,1
BT-HQ,102,3299,3239,0.018187329493785986,3358,3296,0.01846337105419893,3508,3444,0.018244013683010207,4466,4370,0.02149574563367662,3795,3721,0.019499341238471635,3917,3844,0.01863671176921111,4072,3994,0.01915520628683698,3985,3910,0.01882057716436636,4333,4243,0.020770828525271123,4045,3954,0.02249690976514218,3922,3837,0.021672616012238688,3781,3702,0.02089394340121664,,46481,45554,0.019943632882252982,1
BT-HQ,103,4568,4572,0,5288,5295,0,5700,5704,0,5830,5836,0,5232,5237,0,5495,5499,0,5551,5557,0,5475,5480,0,5598,5604,0,4816,4820,0,4875,4881,0,4878,4883,0,,63306,63368,0,1
BT-HQ,104,0,4999,0,0,5281,0,0,6076,0,0,6786,0,0,6650,0,0,6901,0,0,6750,0,0,6784,0,0,6713,0,0,6335,0,0,6463,0,0,6359,0,,0,76097,0,1
BT-HQ,105,8820,9000,0,8790,8970,0,9750,9930,0,10890,11100,0,10440,10650,0,10320,10500,0,9930,0,1,10050,0,1,8220,29779,0,9240,9466,0,8940,9168,0,7950,8159,0,,113340,116722,0,1
BT-HQ,106,12570,12661,0,13020,13083,0,14970,15058,0,16620,16669,0,15960,15969,0,15120,15177,0,15090,15120,0,15930,15955,0,13950,13975,0,15030,15133,0,13590,13804,0,13410,13198,0.015809097688292306,,175260,175802,0,1
BT-HQ,107,21750,21831,0,21420,21417,0.0001400560224089631,22860,22906,0,27630,27575,0.0019905899384726755,27180,27169,0.00040470934510672407,27090,27054,0.0013289036544850141,26130,26141,0,27180,27153,0.000993377483443747,24060,24011,0.0020365752285951277,27330,27448,0,26010,26330,0,24150,23597,0.022898550724637645,,302790,302632,0.0005218137983420412,1
BT-HQ,108,40050,40030,0.0004993757802747023,0,0,,0,0,,11380,11380,0,0,0,,24750,24740,0.00040404040404040664,0,0,,0,0,,23130,23100,0.0012970168612191912,10070,10070,0,0,0,,0,0,,,109380,109320,0.0005485463521667233,1
BT-HQ,109,0,0,,0,0,,0,0,,0,0,,0,0,,0,0,,0,0,,0,0,,0,0,,0,0,,0,0,,0,0,,,0,0,,0
BT-HQ,11,380,313,0.1763157894736842,374,218,0.41711229946524064,373,232,0.37801608579088475,411,395,0.038929440389294356,408,342,0.16176470588235292,472,468,0.008474576271186418,442,429,0.02941176470588236,442,415,0.06108597285067874,401,402,0,436,430,0.013761467889908285,432,425,0.01620370370370372,400,350,0.125,,4971,4419,0.11104405552202778,1
BT-HQ,110,0,0,,0,0,,0,0,,0,0,,0,0,,0,0,,0,0,,0,0,,0,0,,0,0,,0,0,,0,0,,,0,0,,0
BT-HQ,111,0,3090,0,0,3450,0,0,3780,0,0,4740,0,0,4650,0,0,690,0,0,0,,0,0,,0,0,,0,0,,0,0,,0,0,,,0,20400,0,0
BT-HQ,112,0,5611,0,0,5733,0,0,6242,0,0,7320,0,0,6683,0,0,1148,0,0,0,,0,0,,0,0,,0,0,,0,0,,0,0,,,0,32737,0,0
BT-HQ,113,23720,23763,0,24960,24989,0,26360,26387,0,31720,31717,9.457755359398856e-05,28200,28190,0.00035460992907798694,6520,6553,0,0,0,,0,0,,0,0,,0,0,,0,0,,0,0,,,141480,141599,0,0
BT-HQ,114,0,8560,0,0,8841,0,0,9603,0,0,11720,0,0,9616,0,0,4712,0,0,0,,0,0,,0,0,,0,0,,0,0,,0,0,,,0,53052,0,0
BT-HQ,115,0,0,,0,0,,0,0,,0,0,,0,0,,0,0,,0,0,,0,0,,0,0,,0,0,,0,0,,0,0,,,0,0,,0
BT-HQ,116,936659,936048,0.0006523185065215875,750631,750160,0.0006274720868175709,1079059,1282700,0,1305360,1304461,0.0006886989029846191,1149581,1148781,0.000695905725651369,1086150,1085328,0.0007568015467477318,1017219,1016451,0.0007549996608400278,1086880,1086071,0.0007443324010010244,1069379,1068630,0.0007004064976028346,974631,973981,0.00066691906988392,949529,948889,0.0006740183817450784,954141,953520,0.0006508472018286193,,12359219,12555020,0,1
BT-HQ,117,1258,1242,0.012718600953895098,835,823,0.014371257485029987,1368,1368,0,2350,2350,0,1255,1255,0,1655,1655,0,1383,1384,0,1071,1071,0,1517,1512,0.003295978905734964,1094,1102,0,805,804,0.001242236024844745,660,660,0,,15251,15226,0.0016392367713592426,1
BT-HQ,118,0,0,,0,0,,0,0,,0,0,,0,0,,0,0,,0,0,,0,0,,0,0,,0,0,,0,0,,0,0,,,0,0,,0
BT-HQ,119,0,2471,0,0,2520,0,0,2539,0,0,2818,0,0,2636,0,0,2721,0,0,2682,0,0,2796,0,0,2968,0,0,2641,0,0,2699,0,0,2535,0,,0,32026,0,1
BT-HQ,12,0,0,,0,0,,0,0,,0,0,,0,0,,0,0,,0,0,,0,0,,0,0,,0,0,,0,0,,0,0,,,0,0,,0
BT-HQ,120,0,655,0,0,780,0,0,965,0,0,1195,0,0,933,0,0,836,0,0,883,0,0,903,0,0,757,0,0,863,0,0,726,0,0,638,0,,0,10134,0,1
BT-HQ,121,2783,2851,0,2972,3054,0,3726,3827,0,3648,3740,0,3408,3493,0,3526,3613,0,3259,3339,0,3807,3471,0.08825847123719466,2872,3424,0,3051,3068,0,3137,3137,0,2952,2952,0,,39141,39969,0,1
BT-HQ,122,3122,3124,0,2749,2747,0.0007275372862859397,2864,2864,0,3048,3052,0,2960,2956,0.0013513513513513375,2976,2972,0.0013440860215053752,2815,2811,0.001420959147424461,2875,2871,0.0013913043478260834,2956,2885,0.024018944519621055,2962,3010,0,3153,3137,0.005074532191563619,2872,2860,0.004178272980501441,,35352,35289,0.001782077393075343,1
BT-HQ,123,0,0,,0,0,,0,0,,0,0,,0,0,,0,0,,0,0,,0,0,,0,0,,0,0,,0,0,,0,0,,,0,0,,0
BT-HQ,124,0,0,,0,0,,0,0,,0,0,,0,0,,0,0,,0,0,,0,0,,0,0,,0,0,,0,0,,0,0,,,0,0,,0
BT-HQ,125,3005,3009,0,3131,3140,0,3361,3369,0,4089,4098,0,3696,3704,0,3630,3638,0,3459,3465,0,3542,3551,0,3238,3239,0,3889,3885,0.0010285420416559221,3788,3785,0.0007919746568110231,3585,3580,0.001394700139469962,,42413,42463,0,1
BT-HQ,126,4200,4136,0.015238095238095273,4600,4521,0.01717391304347826,5260,5163,0.018441064638783256,6600,6537,0.009545454545454524,5760,5669,0.015798611111111138,5520,5448,0.013043478260869601,5300,5255,0.008490566037735903,5900,5836,0.010847457627118695,5140,5110,0.005836575875486361,6320,6255,0.010284810126582333,5900,5833,0.011355932203389818,5380,5314,0.012267657992565018,,65880,65077,0.012188828172434718,1
BT-HQ,127,0,1571,0,0,1736,0,0,1845,0,0,2312,0,0,1989,0,0,1928,0,0,1886,0,0,2048,0,0,1722,0,0,2077,0,0,1901,0,0,1826,0,,0,22841,0,1
BT-HQ,128,4780,4825,0,5625,5683,0,5129,5185,0,6526,6587,0,5884,5938,0,5279,5327,0,4738,4778,0,4903,4945,0,4759,4787,0,5499,5522,0,5039,5064,0,4335,4390,0,,62496,63031,0,1
BT-HQ,129,12520,12469,0.004073482428115005,13260,13171,0.006711915535444923,14660,14607,0.003615279672578464,16520,16423,0.005871670702179199,15900,15803,0.006100628930817642,15700,15642,0.0036942675159236105,14940,14888,0.0034805890227577185,15740,15653,0.005527318932655678,14120,14073,0.003328611898017031,16540,16470,0.004232164449818665,15880,15818,0.0039042821158690177,14520,14455,0.004476584022038543,,180300,179472,0.004592346089850263,1
BT-HQ,13,5157,5157,0,6722,6721,0.00014876524843798755,10006,10005,9.994003597846302e-05,7621,7620,0.00013121637580371104,10865,10863,0.0001840773124712758,11581,11579,0.00017269665831964875,9842,9840,0.0002032107295265595,10459,10458,9.561143512759607e-05,8284,8282,0.0002414292612265001,8681,8680,0.00011519410206195513,7671,7670,0.00013036110024766678,6731,6731,0,,103620,103606,0.0001351090523065146,1
BT-HQ,130,1508,1513,0,1627,1632,0,1779,1788,0,2231,2240,0,1942,1950,0,1781,1787,0,1662,1666,0,1791,1797,0,1574,1572,0.0012706480304955914,1901,1893,0.004208311415044741,1778,1770,0.004499437570303688,1691,1684,0.004139562389118834,,21265,21292,0,1
BT-HQ,131,4159,4337,0,4126,4307,0,4596,4794,0,5391,5632,0,4862,5076,0,4940,5156,0,4497,4687,0,3472,3610,0,2962,3036,0,2906,2953,0,2685,2730,0,2272,2312,0,,46868,48630,0,1
BT-HQ,132,11276,11233,0.003813409010287372,11810,11768,0.0035563082133784896,12940,12897,0.0033230293663060184,14440,14392,0.003324099722991636,14296,14256,0.002797985450475604,15730,15677,0.0033693579148124098,15430,15380,0.003240440699935232,13433,13389,0.0032755155214769793,11073,11041,0.0028899123995304032,12450,12423,0.0021686746987952255,11439,11415,0.0020980854969839813,10476,10453,0.00219549446353573,,154793,154324,0.0030298527711201118,1
BT-HQ,133,3400,3414,0,3800,3828,0,3980,3990,0,4520,4532,0,3820,3834,0,3940,3943,0,3960,3977,0,4000,4004,0,3500,3525,0,4400,4416,0,3880,3878,0.0005154639175257714,3360,3392,0,,46560,46733,0,1
BT-HQ,134,0,2046,0,0,1982,0,0,2140,0,0,2489,0,0,2448,0,0,2391,0,0,2424,0,0,2473,0,0,2419,0,0,2608,0,0,2503,0,0,2205,0,,0,28128,0,1
BT-HQ,135,9960,9830,0.013052208835341417,10480,10344,0.012977099236641254,11200,11079,0.010803571428571468,13220,13024,0.014826021180030291,11940,11837,0.008626465661641491,11620,11555,0.005593803786574925,11500,11492,0.0006956521739130972,12140,12116,0.001976935749588127,11220,11189,0.002762923351158686,12540,12389,0.012041467304625186,11860,11748,0.009443507588532851,11080,10901,0.01615523465703972,,138760,137504,0.009051599884692951,1
BT-HQ,136,2669,2715,0,2695,2743,0,2940,2994,0,3252,3311,0,3082,3137,0,3140,3200,0,3017,3076,0,3311,3375,0,3102,3154,0,3573,3628,0,3247,3298,0,2896,2942,0,,36924,37573,0,1
BT-HQ,137,2082,2085,0,2502,2508,0,2743,2747,0,3655,3654,0.0002735978112174964,3306,3312,0,3002,3009,0,2958,2968,0,3280,3286,0,2983,2993,0,3587,3599,0,3050,3060,0,2606,2615,0,,35754,35836,0,1
BT-HQ,138,14480,14312,0.011602209944751363,14700,14510,0.01292517006802718,16380,16156,0.013675213675213627,19000,18743,0.01352631578947372,17440,17213,0.013016055045871555,17640,17398,0.013718820861677972,17360,17228,0.007603686635944684,18660,18476,0.009860664523043905,17160,17008,0.008857808857808847,19500,19304,0.010051282051282029,18760,18520,0.01279317697228144,16760,16550,0.01252983293556087,,207840,205418,0.011653194765203989,1
BT-HQ,139,2083,2111,0,2254,2282,0,2613,2642,0,2954,2987,0,2730,2760,0,2578,2610,0,2612,2644,0,2748,2780,0,2640,2662,0,3415,3434,0,3351,3364,0,3194,3210,0,,33172,33486,0,1
BT-HQ,14,59028,49536,0.1608050416751372,43435,44669,0,35789,36901,0,29297,30369,0,33772,34821,0,24706,25771,0,13805,14704,0,51265,52588,0,60229,61663,0,41960,43235,0,43068,37021,0.14040586978731306,63867,52769,0.17376736029561435,,500221,484047,0.032333708500842606,1
BT-HQ,140,0,4610,0,0,4547,0,0,2523,0,0,0,,0,8333,0,0,5067,0,0,5275,0,0,5732,0,0,5157,0,0,5969,0,0,5727,0,0,5238,0,,0,58178,0,1
BT-HQ,141,3093,3087,0.0019398642095053154,3201,3196,0.0015620118712902364,3646,3633,0.003565551289083979,4494,4471,0.005117935024477105,3913,3894,0.004855609506772329,3701,3694,0.0018913807079168343,3672,3664,0.002178649237472796,3687,3679,0.00216978573365878,3235,3236,0,4203,4197,0.001427551748750866,4007,4000,0.0017469428500124229,3685,3677,0.002170963364993228,,44537,44428,0.002447403282663907,1
BT-HQ,142,4105,4102,0.0007308160779536665,4158,4150,0.0019240019240018835,4718,4703,0.003179313268334094,5570,5553,0.003052064631956952,4855,4844,0.0022657054582904124,4856,4851,0.0010296540362437767,4714,4709,0.0010606703436571996,4827,4821,0.0012430080795524656,4334,4320,0.0032302722658053007,5140,5113,0.0052529182879377245,4706,4686,0.004249893752656164,4112,4094,0.0043774319066147704,,56095,55946,0.002656208218201228,1
BT-HQ,143,7285,7284,0.0001372683596431168,7755,7743,0.001547388781431347,8631,8606,0.002896535743251105,10395,10358,0.00355940355940354,9614,9624,0,9318,9259,0.006331830864992449,8871,8859,0.001352722353736846,8941,8949,0,8295,8269,0.0031344183242917323,9792,9778,0.0014297385620914982,9208,9207,0.00010860121633360365,8179,8175,0.0004890573419733535,,106284,106111,0.0016277144255014697,1
BT-HQ,144,0,2737,0,0,3311,0,0,3399,0,0,4098,0,0,3445,0,0,3646,0,0,3369,0,0,3836,0,0,4076,0,0,4477,0,0,3484,0,0,3118,0,,0,42996,0,1
BT-HQ,145,0,444,0,0,574,0,0,811,0,0,895,0,0,753,0,0,792,0,0,692,0,0,824,0,0,622,0,0,827,0,0,790,0,0,637,0,,0,8661,0,1
BT-HQ,146,1999,2060,0,1971,2034,0,2124,2189,0,3142,3240,0,2535,2612,0,2723,0,1,2775,0,1,2987,8401,0,2731,2732,0,3168,3170,0,2761,2764,0,2450,2452,0,,31366,31654,0,1
BT-HQ,147,960,960,0,992,993,0,1295,1304,0,1503,1513,0,1344,1348,0,1404,1420,0,1385,1394,0,1454,1471,0,1290,1305,0,1617,1636,0,1483,1498,0,1228,1241,0,,15955,16083,0,1
BT-HQ,148,792,855,0,945,969,0,963,991,0,1065,1095,0,1112,1140,0,1027,941,0.0837390457643622,971,773,0.203913491246138,965,983,0,880,897,0,1040,1060,0,982,1001,0,841,857,0,,11583,11562,0.0018130018130018133,1
BT-HQ,15,0,0,,0,0,,0,0,,0,0,,0,0,,0,0,,0,0,,0,0,,0,0,,0,6135,0,0,12061,0,0,8272,0,,0,26468,0,1
BT-HQ,151,1140,1106,0.029824561403508754,1240,1218,0.01774193548387093,1280,1261,0.014843750000000044,1800,1791,0.0050000000000000044,3300,3292,0.00242424242424244,3920,3899,0.005357142857142838,5160,5150,0.0019379844961240345,6600,6498,0.015454545454545499,6540,6426,0.017431192660550487,5900,5800,0.016949152542372836,7680,7530,0.01953125,6560,6459,0.01539634146341462,,51120,50430,0.013497652582159625,1
BT-HQ,152,0,1724,0,0,1821,0,0,1864,0,0,2182,0,0,1882,0,0,1803,0,0,1648,0,0,1830,0,0,2089,0,0,1876,0,0,2724,0,0,3237,0,,0,24680,0,1
BT-HQ,155,3162,3149,0.004111321948134128,3245,3231,0.004314329738058564,3188,3175,0.004077791718946067,3364,3352,0.003567181926278251,2732,2727,0.0018301610541727742,2575,2575,0,2579,2579,0,2790,2781,0.003225806451612856,2536,2527,0.0035488958990536057,3139,3126,0.004141446320484188,3015,3004,0.003648424543946982,3597,3573,0.006672226855713115,,35922,35799,0.0034240855186237207,1
BT-HQ,16,0,0,,0,0,,0,0,,0,0,,0,0,,0,0,,0,0,,0,0,,0,0,,0,0,,0,0,,0,0,,,0,0,,0
BT-HQ,164,0,2922,0,0,3261,0,0,3256,0,0,3834,0,0,3409,0,0,3391,0,0,3085,0,0,3201,0,0,0,,0,6461,0,0,2973,0,0,2817,0,,0,38610,0,1
BT-HQ,165,1475,1507,0,1461,1495,0,1641,1676,0,2099,2142,0,1979,2020,0,1846,1885,0,1807,1844,0,1862,1897,0,2038,2074,0,1836,1865,0,1977,2011,0,1598,1625,0,,21619,22041,0,1
BT-HQ,168,0,2753,0,0,3002,0,0,3183,0,0,3793,0,0,3053,0,0,3002,0,0,2862,0,0,3037,0,0,3399,0,0,2960,0,0,3193,0,0,2951,0,,0,37188,0,1
BT-HQ,169,1417,1417,0,1671,1669,0.0011968880909635216,1742,1745,0,2222,2226,0,1910,1913,0,1582,1585,0,1470,1473,0,1553,1555,0,1660,1669,0,1661,1666,0,1560,1568,0,1647,1652,0,,20095,20138,0,1
BT-HQ,17,0,0,,0,0,,0,0,,0,0,,0,0,,0,0,,0,0,,1014,1015,0,2465,2468,0,2555,2557,0,1921,1923,0,1825,1827,0,,9780,9790,0,1
BT-HQ,170,0,637,0,0,583,0,0,598,0,0,683,0,0,616,0,0,653,0,0,599,0,0,510,0,0,533,0,0,478,0,0,467,0,0,401,0,,0,6758,0,1
BT-HQ,18,99248,99269,0,80090,80107,0,62196,62220,0,32178,32181,0,36309,36328,0,6915,6916,0,12434,12429,0.00040212321055166367,46504,46525,0,26270,26276,0,69019,69032,0,43295,43304,0,89908,89928,0,,604366,604515,0,1
BT-HQ,182,0,0,,0,0,,0,0,,0,0,,0,0,,0,0,,0,0,,0,0,,0,0,,0,0,,0,0,,0,0,,,0,0,,0
BT-HQ,183,0,0,,0,0,,0,0,,0,0,,0,0,,0,0,,0,0,,0,0,,0,0,,0,0,,0,0,,0,0,,,0,0,,0
BT-HQ,184,0,1110,0,0,1210,0,0,1282,0,0,1602,0,0,1298,0,0,1160,0,0,1105,0,0,1175,0,0,1240,0,0,1069,0,0,1110,0,0,1158,0,,0,14519,0,1
BT-HQ,185,0,0,,0,0,,0,0,,0,0,,0,0,,0,0,,0,0,,0,0,,0,0,,0,0,,0,0,,0,0,,,0,0,,0
BT-HQ,186,0,3139,0,0,3915,0,0,3673,0,0,4015,0,0,3843,0,0,4279,0,0,4525,0,0,4689,0,0,4254,0,0,4162,0,0,3898,0,0,3776,0,,0,48168,0,1
BT-HQ,187,0,2545,0,0,2524,0,0,2886,0,0,3457,0,0,3112,0,0,2849,0,0,2331,0,0,2420,0,0,2449,0,0,2134,0,0,2210,0,0,2146,0,,0,31063,0,1
BT-HQ,188,0,986,0,0,1123,0,0,1332,0,0,1541,0,0,1298,0,0,1294,0,0,1233,0,0,1232,0,0,1321,0,0,1373,0,0,1290,0,0,1311,0,,0,15334,0,1
BT-HQ,189,0,1500,0,0,7012,0,0,6184,0,0,2509,0,0,2307,0,0,2383,0,0,1888,0,0,1655,0,0,1414,0,0,7142,0,0,1800,0,0,1330,0,,0,37124,0,1
BT-HQ,19,1290,1280,0.007751937984496138,1110,1110,0,1070,1070,0,1150,1150,0,1110,1110,0,440,440,0,550,550,0,1470,1470,0,1560,1560,0,1440,1440,0,1500,1500,0,1440,1440,0,,14130,14120,0.0007077140835102247,1
BT-HQ,190,2406,2398,0.0033250207813798616,2724,2717,0.0025697503671071598,2650,2643,0.0026415094339622414,3452,3448,0.0011587485515642815,2948,2940,0.0027137042062415073,3132,2098,0.3301404853128991,0,0,,6033,5705,0.05436764462124977,3566,3568,0,2976,2980,0,2942,2945,0,2961,2963,0,,35790,34405,0.03869796032411288,1
BT-HQ,191,1331,1325,0.004507888805409421,1433,1429,0.002791346824842944,1455,1451,0.0027491408934707806,1920,1914,0.0031250000000000444,1637,1632,0.0030543677458766405,1545,1540,0.003236245954692518,1365,1361,0.00293040293040292,1483,1478,0.003371544167228624,1566,1560,0.003831417624521105,1487,1483,0.0026899798251512896,1527,1522,0.0032743942370661028,1341,1335,0.004474272930648726,,18090,18030,0.0033167495854062867,1
BT-HQ,192,2298,2288,0.00435161009573537,2318,2306,0.0051768766177739955,2540,2527,0.005118110236220441,3076,3059,0.005526657997399265,2612,2598,0.0053598774885145195,2814,2800,0.00497512437810943,2748,2733,0.00545851528384278,2832,2818,0.004943502824858781,2785,2769,0.0057450628366247924,2592,2578,0.005401234567901203,2502,2489,0.005195843325339733,2369,2357,0.0050654284508231395,,31486,31322,0.00520866416820176,1
BT-HQ,193,1995,1991,0.002005012531328343,2017,2012,0.0024789291026277027,2221,2218,0.0013507429085997114,2696,2689,0.0025964391691394306,2444,2439,0.0020458265139116083,2355,2352,0.001273885350318471,2279,2274,0.0021939447125932654,2388,2381,0.002931323283082099,2395,2389,0.0025052192066805645,2395,2399,0,2825,2818,0.002477876106194654,2977,2972,0.001679543164259334,,28987,28934,0.0018284058370994227,1
BT-HQ,194,11452,11428,0.0020957038071952594,11896,11868,0.00235373234700742,12047,12015,0.0026562629700340734,15943,15909,0.0021325973781597396,13958,13923,0.0025075225677031465,13959,13920,0.002793896410917651,13789,13751,0.002755819856407271,14285,14246,0.002730136506825298,15545,15506,0.002508845287873873,13376,13341,0.0026166267942583366,13175,13142,0.002504743833017131,12935,12909,0.0020100502512563345,,162360,161958,0.0024759793052475665,1
BT-HQ,195,0,747,0,0,714,0,0,787,0,0,953,0,0,868,0,0,842,0,0,748,0,0,791,0,0,715,0,0,860,0,0,847,0,0,755,0,,0,9627,0,1
BT-HQ,196,0,2907,0,0,3141,0,0,3638,0,0,3997,0,0,3500,0,0,3257,0,0,3068,0,0,3282,0,0,3005,0,0,3409,0,0,3513,0,0,2867,0,,0,39584,0,1
BT-HQ,197,0,4807,0,0,4765,0,0,4470,0,0,5069,0,0,4665,0,0,4744,0,0,4671,0,0,5109,0,0,5485,0,0,4902,0,0,5168,0,0,4793,0,,0,58648,0,1
BT-HQ,198,0,2263,0,0,2353,0,0,2531,0,0,3007,0,0,2598,0,0,2706,0,0,2368,0,0,2861,0,0,2628,0,0,2538,0,0,2562,0,0,2566,0,,0,30981,0,1
BT-HQ,199,0,8240,0,0,8920,0,0,9920,0,0,10720,0,0,8540,0,0,7980,0,0,8320,0,0,8660,0,0,9120,0,0,8340,0,0,8240,0,0,9055,0,,0,106055,0,1
BT-HQ,2,0,0,,0,0,,0,0,,0,0,,0,0,,0,0,,0,0,,0,0,,0,0,,0,0,,0,0,,0,0,,,0,0,,0
BT-HQ,20,80607,80612,0,90599,90605,0,107016,107023,0,141247,141258,0,123624,123639,0,116184,116199,0,102722,102736,0,112050,112065,0,95690,95702,0,104292,104305,0,91557,91569,0,22876,22877,0,,1188464,1188590,0,1
BT-HQ,200,95416,85151,0.1075815376875996,87285,87249,0.0004124420003437379,81596,81572,0.0002941320652972701,21717,21707,0.00046046875719485403,6546,6544,0.0003055300947143458,8299,8292,0.0008434751174840605,6258,6251,0.0011185682326622093,93154,93125,0.00031131245035098676,38849,38832,0.0004375917012020558,63472,63439,0.0005199142929165346,112978,93474,0.17263538033953518,95823,79908,0.1660874737797815,,711393,665544,0.06444960802256983,1
BT-HQ,201,0,0,,0,0,,0,0,,0,0,,0,0,,0,0,,0,0,,0,0,,0,0,,0,0,,0,0,,0,0,,,0,0,,0
BT-HQ,202,0,4382,0,0,4694,0,0,5377,0,0,6503,0,0,5875,0,0,5951,0,0,5466,0,0,5718,0,0,6210,0,0,5519,0,0,5470,0,0,5171,0,,0,66336,0,1
BT-HQ,203,0,3223,0,0,3479,0,0,3848,0,0,4517,0,0,4107,0,0,4045,0,0,3863,0,0,4090,0,0,4432,0,0,3921,0,0,3914,0,0,3614,0,,0,47053,0,1
BT-HQ,204,0,4463,0,0,4978,0,0,5350,0,0,6253,0,0,5227,0,0,5126,0,0,5061,0,0,5031,0,0,5302,0,0,4849,0,0,4609,0,0,4518,0,,0,60767,0,1
BT-HQ,205,0,4049,0,0,4781,0,0,5096,0,0,6741,0,0,5048,0,0,5372,0,0,5025,0,0,6632,0,0,8814,0,0,6250,0,0,7237,0,0,7837,0,,0,72882,0,1
BT-HQ,206,0,2424,0,0,2562,0,0,2482,0,0,2932,0,0,2570,0,0,2533,0,0,2391,0,0,2564,0,0,2765,0,0,2514,0,0,2379,0,0,2295,0,,0,30411,0,1
BT-HQ,207,0,4858,0,0,5184,0,0,5374,0,0,7511,0,0,6051,0,0,5979,0,0,5730,0,0,5957,0,0,6468,0,0,5490,0,0,5483,0,0,5189,0,,0,69274,0,1
BT-HQ,208,2779,2779,0,4990,4988,0.00040080160320643543,4779,4779,0,7026,7023,0.000426985482493647,5762,5762,0,3350,3348,0.0005970149253731183,3580,3580,0,2145,2145,0,6386,6385,0.00015659254619482255,3773,3772,0.00026504108136760074,2688,2688,0,3970,3969,0.00025188916876572875,,51228,51218,0.0001952057468571633,1
BT-HQ,209,0,0,,0,0,,0,0,,0,0,,0,0,,0,0,,0,0,,0,0,,0,0,,0,0,,0,0,,0,0,,,0,0,,0
BT-HQ,020A,33095,33086,0.00027194440247768625,34611,34600,0.00031781803472885617,35257,35247,0.0002836316192529331,39316,39308,0.00020347949944043986,34080,34074,0.00017605633802819654,35300,35293,0.0001983002832861569,32470,32463,0.00021558361564522066,35588,35582,0.00016859615600761657,36107,36099,0.00022156368571191187,34048,34038,0.0002937030075187419,31293,31285,0.00025564822803825216,31823,31814,0.000282814316689195,,412988,412889,0.00023971640822495477,1
BT-HQ,020B,0,0,,0,0,,0,0,,0,0,,0,0,,0,0,,0,0,,0,0,,0,0,,0,0,,0,0,,0,0,,,0,0,,0
BT-HQ,21,56598,56590,0.0001413477508038774,61098,61089,0.00014730433074727767,71652,71644,0.00011165075643382316,84815,84801,0.00016506514177916376,78283,78271,0.0001532899863316839,77000,76987,0.00016883116883115168,72030,72019,0.00015271414688322604,79031,79018,0.00016449241436899964,70032,70021,0.00015707105323281567,78053,78041,0.00015374168833992563,2993,2994,0,0,0,,,731585,731475,0.00015035846825728338,1
BT-HQ,210,96046,81580,0.15061533015430106,0,0,,5851,5816,0.005981883438728408,211997,212041,0,76854,76873,0,0,0,,0,0,,1971,1972,0,0,0,,0,0,,0,0,,2622,2613,0.003432494279176246,,395341,380895,0.036540606716733204,1
BT-HQ,211,130909,112709,0.1390278743249127,120195,120139,0.00046590956362579927,119299,119236,0.0005280848959337003,59484,59475,0.0001513011902359862,55280,55269,0.0001989869753979967,89927,89877,0.0005560065386368551,47146,47127,0.00040300343613453027,157244,157139,0.0006677520286942906,65903,65874,0.00044004066582703505,147023,146972,0.00034688450106445945,229506,180222,0.21473948393506048,202887,154346,0.23925140595503902,,1424803,1308385,0.08170813789695841,1
BT-HQ,212,432550,432518,7.397988671831168e-05,349470,349482,0,229140,229110,0.0001309243257396897,344830,344690,0.00040599715801992176,215560,215420,0.0006494711449248625,291580,291590,0,198400,198370,0.00015120967741932834,361430,361380,0.00013833937415264064,268280,268220,0.00022364693603693642,308140,308080,0.00019471668722004232,349820,349750,0.00020010291006800074,362889,362840,0.0001350275153008118,,3712089,3711450,0.00017214026926615222,1
BT-HQ,213,1239640,1239680,0,1131930,1131990,0,1208420,1208500,0,1164850,1164930,0,1200540,1200650,0,1297750,1297870,0,1129670,1129760,0,1486490,1486610,0,1163330,1163410,0,731450,731520,0,911690,911700,0,909670,909810,0,,13575430,13576430,0,1
BT-HQ,214,308124,265327,0.1388953797821656,178542,178636,0,88494,88544,0,42481,42517,0,102291,102361,0,94854,94929,0,65519,65561,0,220369,220503,0,209665,209806,0,191164,191289,0,274043,214329,0.21790011056658987,248467,193426,0.2215223752047556,,2024013,1867228,0.0774624471285511,1
BT-HQ,215,1094870,1094860,9.133504434322148e-06,1015890,1015580,0.0003051511482542457,1075830,1075450,0.0003532156567487288,1042780,1042410,0.0003548207675636572,1084340,1084000,0.0003135547890883439,1010600,1010250,0.0003463289135167136,968360,968010,0.0003614358296500919,1160780,1160520,0.0002239873188717434,1085240,1085020,0.00020272013563815694,1061300,1060989,0.00029303684160930654,1085260,1085061,0.00018336619796177622,963340,957220,0.006352897211784003,,12648590,12639370,0.0007289350038225395,1
BT-HQ,216,391509,391429,0.00020433757589222168,424930,424841,0.000209446261737245,454870,454780,0.0001978587288675726,505991,505880,0.00021937149079731544,469320,469219,0.00021520497741411848,483529,483421,0.00022335785444094203,465090,465000,0.0001935109333677243,491550,491449,0.00020547248499647175,500141,500061,0.00015995489272024876,460600,460539,0.00013243595310463707,439309,439240,0.00015706484501798457,437369,437272,0.00022178069319045424,,5524208,5523131,0.00019496007391461845,1
BT-HQ,217,112213,112252,0,123433,123488,0,145503,145586,0,177678,177765,0,144419,144490,0,143806,143876,0,138926,138995,0,91341,91387,0,0,213170,0,0,138917,0,0,129149,0,0,121268,0,,1077319,1680343,0,1
BT-HQ,218,0,6892,0,0,7677,0,0,8173,0,0,9801,0,0,8416,0,0,8149,0,0,7652,0,0,8185,0,0,9267,0,0,7915,0,0,7927,0,0,7957,0,,0,98011,0,1
BT-HQ,219,0,15391,0,0,14897,0,0,13294,0,0,15852,0,0,15883,0,0,14743,0,0,13585,0,0,13611,0,0,14075,0,0,12700,0,0,12161,0,0,12342,0,,0,168534,0,1
BT-HQ,22,11104,11107,0,11625,11628,0,11254,11257,0,14578,14582,0,10956,10959,0,11716,11719,0,10410,10413,0,9844,9847,0,9925,9928,0,9742,9745,0,10903,10907,0,7988,7990,0,,130045,130082,0,1
BT-HQ,220,0,19655,0,0,19135,0,0,13109,0,0,19376,0,0,15995,0,0,12719,0,0,11225,0,0,11751,0,0,12624,0,0,11697,0,0,10431,0,0,10285,0,,0,168002,0,1
BT-HQ,221,0,5347,0,0,5877,0,0,6239,0,0,7653,0,0,6600,0,0,6550,0,0,6175,0,0,6803,0,0,6985,0,0,6394,0,0,6053,0,0,5995,0,,0,76671,0,1
BT-HQ,222,0,5797,0,0,5894,0,0,5756,0,0,7163,0,0,5855,0,0,5778,0,0,5428,0,0,5720,0,0,6030,0,0,5336,0,0,5172,0,0,5319,0,,0,69248,0,1
BT-HQ,223,0,1463,0,0,1713,0,0,1733,0,0,2069,0,0,1774,0,0,1836,0,0,1649,0,0,1802,0,0,1871,0,0,1830,0,0,1736,0,0,1713,0,,0,21189,0,1
BT-HQ,224,0,2252,0,0,2716,0,0,2953,0,0,4188,0,0,2839,0,0,2832,0,0,2527,0,0,2860,0,0,3416,0,0,2506,0,0,2662,0,0,2396,0,,0,34147,0,1
BT-HQ,225,0,5153,0,0,4710,0,0,5133,0,0,6340,0,0,5354,0,0,5151,0,0,5294,0,0,5978,0,0,5783,0,0,4953,0,0,4444,0,0,4531,0,,0,62824,0,1
BT-HQ,226,0,3495,0,0,3852,0,0,4031,0,0,5155,0,0,4640,0,0,4582,0,0,4177,0,0,4627,0,0,5113,0,0,4423,0,0,4425,0,0,4191,0,,0,52711,0,1
BT-HQ,227,0,27812,0,0,29152,0,0,31938,0,0,37351,0,0,33832,0,0,32914,0,0,30804,0,0,33271,0,0,35243,0,0,31891,0,0,31020,0,0,28464,0,,0,383692,0,1
BT-HQ,228,0,2804,0,0,2824,0,0,3108,0,0,3900,0,0,3017,0,0,4108,0,0,5906,0,0,3135,0,0,4074,0,0,3257,0,0,3336,0,0,2746,0,,0,42215,0,1
BT-HQ,229,0,7168,0,0,7938,0,0,7828,0,0,9530,0,0,8149,0,0,8045,0,0,7593,0,0,8289,0,0,9113,0,0,7861,0,0,7766,0,0,7311,0,,0,96591,0,1
BT-HQ,022A,5047,5038,0.0017832375668713762,5492,5482,0.0018208302986161273,7340,7330,0.0013623978201634523,3438,3432,0.0017452006980802626,7393,7383,0.0013526308670364084,7930,7918,0.0015132408575031508,7181,7171,0.0013925637097896848,3662,3655,0.0019115237575095811,5421,5413,0.0014757424829366927,6500,6489,0.0016923076923076597,5980,5970,0.0016722408026755842,5781,5771,0.0017298045320878197,,71165,71052,0.0015878592004496817,1
BT-HQ,022B,32764,21281,0.35047613234037356,41236,41243,0,48533,48536,0,61021,61020,1.638780092094727e-05,56160,56157,5.341880341880323e-05,56778,56776,3.5224911057119e-05,54162,54161,1.8463129131118805e-05,57302,57301,1.745139785691574e-05,54387,54389,0,50901,50619,0.005540166204986097,43902,44329,0,42176,44329,0,,599322,590141,0.015318977110801879,1
BT-HQ,022C,22537,17113,0.2406708967475707,25950,26525,0,30973,31545,0,37159,37788,0,36900,37518,0,35455,36078,0,34419,35026,0,33832,34446,0,33881,34535,0,33413,33768,0,29544,30591,0,27442,30591,0,,381505,385524,0,1
BT-HQ,23,0,0,,0,0,,0,0,,0,0,,0,0,,0,0,,0,0,,0,0,,0,0,,0,0,,0,0,,0,0,,,0,0,,0
BT-HQ,230,0,2707,0,0,2681,0,0,2891,0,0,3331,0,0,2869,0,0,3323,0,0,3094,0,0,3192,0,0,3381,0,0,2829,0,0,3395,0,0,3012,0,,0,36705,0,1
BT-HQ,231,0,9326,0,0,9766,0,0,11489,0,0,12988,0,0,11473,0,0,11238,0,0,10867,0,0,11544,0,0,11687,0,0,10437,0,0,10428,0,0,10057,0,,0,131300,0,1
BT-HQ,232,0,8761,0,0,9105,0,0,10139,0,0,13087,0,0,10875,0,0,10645,0,0,9904,0,0,10533,0,0,11241,0,0,10066,0,0,10744,0,0,10193,0,,0,125293,0,1
BT-HQ,233,0,2924,0,0,2591,0,0,3015,0,0,3962,0,0,2642,0,0,2603,0,0,2672,0,0,2885,0,0,3289,0,0,2419,0,0,2468,0,0,2649,0,,0,34119,0,1
BT-HQ,234,0,2116,0,0,2335,0,0,2767,0,0,2849,0,0,2223,0,0,2131,0,0,2015,0,0,2181,0,0,2221,0,0,1860,0,0,1963,0,0,2204,0,,0,26865,0,1
BT-HQ,235,0,5357,0,0,5357,0,0,5648,0,0,6519,0,0,5465,0,0,5724,0,0,5274,0,0,5502,0,0,5870,0,0,5045,0,0,5189,0,0,5062,0,,0,66012,0,1
BT-HQ,236,0,6680,0,0,6720,0,5947,7440,0,9274,9286,0,7647,7649,0,7694,7694,0,7117,7117,0,7681,7682,0,8714,8714,0,7309,7309,0,7592,7591,0.00013171759747099276,7367,7368,0,,76342,91250,0,1
BT-HQ,237,0,3843,0,0,4187,0,0,4641,0,0,5978,0,0,4017,0,0,4624,0,0,4476,0,0,4773,0,0,4981,0,0,4390,0,0,4543,0,0,3858,0,,0,54311,0,1
BT-HQ,238,0,8589,0,0,9084,0,0,9684,0,0,12684,0,0,10358,0,0,10507,0,0,9993,0,0,10602,0,0,11881,0,0,10386,0,0,10503,0,0,9912,0,,0,124183,0,1
BT-HQ,239,0,1357,0,0,1305,0,0,1690,0,0,1947,0,0,1616,0,0,1577,0,0,1418,0,0,1837,0,0,1863,0,0,1623,0,0,1640,0,0,1471,0,,0,19344,0,1
BT-HQ,023A,51466,51460,0.00011658182100804382,60931,60922,0.00014770806321906527,77420,77406,0.0001808318264014952,98218,98196,0.000223991529047618,86520,86502,0.00020804438280164206,88194,88173,0.00023811143615215524,76978,76962,0.00020785159396186081,88056,88040,0.00018170255292082604,80031,80014,0.0002124176881458384,87429,87414,0.0001715677864324583,77454,77444,0.00012910889043815654,79291,79277,0.0001765648055895852,,951988,951810,0.0001869771467707393,1
BT-HQ,023B,1209,1697,0,0,0,,0,0,,0,0,,0,0,,0,0,,0,0,,0,0,,0,0,,0,0,,0,0,,0,0,,,1209,1697,0,0
BT-HQ,24,30295,30307,0,35096,35111,0,39358,39375,0,41176,41191,0,33449,33469,0,31726,31742,0,28612,28626,0,32282,32298,0,26957,26970,0,28068,28081,0,37802,37819,0,27433,27445,0,,392254,392434,0,1
BT-HQ,240,0,2113,0,0,2265,0,0,2841,0,0,3885,0,0,2686,0,0,2507,0,0,2349,0,0,2891,0,0,3291,0,0,2823,0,0,2793,0,0,2598,0,,0,33042,0,1
BT-HQ,241,0,1097,0,0,965,0,0,1336,0,0,1627,0,0,1294,0,0,1274,0,0,1212,0,0,1363,0,0,1559,0,0,1234,0,0,1351,0,0,1121,0,,0,15433,0,1
BT-HQ,242,0,1187,0,0,1077,0,0,1228,0,0,1999,0,0,1332,0,0,1433,0,0,1207,0,0,1470,0,0,1602,0,0,1273,0,0,1309,0,0,1361,0,,0,16478,0,1
BT-HQ,243,5589,5601,0,5991,6006,0,7157,7180,0,7735,7763,0,6916,6939,0,7134,7157,0,6552,6570,0,7119,7140,0,7653,7651,0.0002613354240167398,7127,7115,0.001683737898133808,6582,6569,0.001975083561227553,6764,6748,0.0023654642223536193,,82319,82439,0,1
BT-HQ,244,1493,1480,0.008707300736771617,1474,1460,0.009497964721845276,1791,1774,0.009491903964265802,1615,1600,0.009287925696594423,1288,1276,0.009316770186335366,1349,1336,0.00963676797627877,1206,1195,0.009121061359867344,1169,1159,0.008554319931565413,1209,1197,0.00992555831265507,988,980,0.0080971659919028,1025,1014,0.01073170731707318,1193,1183,0.008382229673092989,,15800,15654,0.009240506329113884,1
BT-HQ,245,6272,6229,0.006855867346938771,6600,6548,0.00787878787878793,7523,7477,0.006114581948690634,8421,8361,0.007125044531528291,7256,7204,0.007166482910694549,7008,6958,0.007134703196347014,6527,6484,0.006588018998008316,6694,6648,0.006871825515386898,6904,6854,0.007242178447276926,6254,6214,0.006395906619763303,6298,6257,0.006510003175611345,6089,6051,0.00624076202988999,,81846,81285,0.00685433619236131,1
BT-HQ,246,3760,3837,0,3800,3847,0,4160,4230,0,4800,4826,0,4520,4560,0,4480,4526,0,4560,4640,0,4640,4754,0,4775,4712,0.01319371727748686,4316,4314,0.0004633920296570615,4230,4230,0,4012,4010,0.0004985044865404298,,52053,52486,0,1
BT-HQ,247,4253,4237,0.003762050317423049,4452,4439,0.0029200359389038866,5184,5171,0.0025077160493827133,5571,5557,0.0025130138215759823,5283,5268,0.0028392958546280544,5040,5025,0.0029761904761904656,5079,5063,0.0031502264225241605,5469,5451,0.003291278113000562,5769,5731,0.00658693014387246,5117,5079,0.007426226304475314,5269,5229,0.007591573353577519,5566,5527,0.007006827164929952,,62052,61777,0.004431766905176326,1
BT-HQ,248,7739,7677,0.008011370978162513,8136,8073,0.007743362831858391,8960,8891,0.007700892857142816,10624,10545,0.007435993975903665,9050,8979,0.007845303867403342,9577,9502,0.007831262399498828,9067,8995,0.007940884526304148,9192,9122,0.0076153176675369805,9834,9741,0.009456985967053133,9114,9025,0.009765196401141152,8793,8709,0.00955305356533609,8796,8714,0.009322419281491579,,108882,107973,0.00834848735328153,1
BT-HQ,249,14180,14150,0.002115655853314524,15100,15042,0.003841059602649022,17620,17529,0.005164585698070323,22840,22659,0.007924693520140136,20260,20169,0.0044916090819348,20680,20589,0.004400386847195348,20120,20014,0.005268389662027806,21160,21046,0.005387523629489577,22120,21983,0.0061934900542495175,18840,18761,0.004193205944798328,19360,19247,0.0058367768595041225,18740,18649,0.004855923159018172,,231020,229838,0.005116440135053191,1
BT-HQ,024A,238,880,0,1205,1920,0,3342,4003,0,1,777,0,536,1208,0,5192,5898,0,1,724,0,502,1211,0,0,787,0,214,866,0,0,762,0,173,762,0,,11404,19798,0,1
BT-HQ,024B,6453,6471,0,11244,11267,0,8162,8180,0,12005,12030,0,10522,10544,0,6571,6593,0,7564,7585,0,6339,6359,0,10959,10954,0.0004562460078474384,8242,8265,0,7027,7055,0,8772,8729,0.004901960784313708,,103860,104032,0,1
BT-HQ,024C,8260,8274,0,9383,9400,0,10525,10544,0,10786,10807,0,10900,10921,0,11724,11748,0,10573,10593,0,11507,11531,0,10299,10081,0.02116710360229146,10418,10533,0,9540,9722,0,9175,8926,0.027138964577656632,,123090,123080,8.124136810461202e-05,1
BT-HQ,024D,0,0,,0,0,,0,0,,0,0,,0,0,,0,0,,0,0,,0,0,,50916,52170,0,56663,57841,0,70116,71453,0,66300,67543,0,,243995,249007,0,1
BT-HQ,024E,0,0,,0,0,,0,0,,0,0,,0,0,,0,0,,0,0,,0,0,,0,7272,0,0,8393,0,0,6493,0,0,6493,0,,0,28651,0,1
BT-HQ,25,141904,141765,0.0009795354605930395,160217,160031,0.0011609254947976266,185925,185694,0.001242436466317054,199712,199445,0.001336925172248038,186460,186218,0.0012978654939397316,190963,190731,0.0012148950320218788,191187,190965,0.001161166815735415,209697,209454,0.0011588148614429805,206867,206633,0.001131161567577199,185588,185388,0.0010776558829234117,162851,162690,0.0009886337818005853,164955,164791,0.0009942105422691139,,2186326,2183805,0.0011530759822643288,1
BT-HQ,250,3133,3126,0.00223428024257899,2986,2981,0.0016744809109175973,3608,3604,0.0011086474501108556,4842,4840,0.00041305245766209975,3160,3152,0.0025316455696202667,3504,3493,0.003139269406392642,3337,3328,0.002697033263410198,3638,3630,0.0021990104452995762,4341,4310,0.007141211702372696,3765,3733,0.0084993359893758,3594,3565,0.008069003895381233,3248,3222,0.008004926108374333,,43156,42984,0.003985540828621792,1
BT-HQ,251,3894,3885,0.0023112480739599928,3916,3909,0.0017875383043922666,4202,4200,0.0004759638267491928,5260,5263,0,4178,4174,0.0009573958831976537,4350,4345,0.0011494252873562871,3997,3989,0.002001501125844407,4259,4252,0.0016435783047663577,4513,4481,0.007090627077332101,4068,4033,0.008603736479842694,4219,4183,0.008532827684285427,4180,4146,0.008133971291865993,,51036,50860,0.0034485461243044524,1
BT-HQ,252,7431,7492,0,7230,7291,0,8032,8102,0,8935,9012,0,7609,7671,0,7598,7665,0,7555,7619,0,7847,7916,0,7831,7866,0,7024,7048,0,7137,7164,0,7249,7277,0,,91478,92123,0,1
BT-HQ,253,0,5349,0,0,5356,0,0,6203,0,0,7910,0,0,6706,0,0,6999,0,0,6832,0,0,7113,0,0,8084,0,0,6717,0,0,6054,0,0,5843,0,,0,79166,0,1
BT-HQ,254,3622,3596,0.007178354500276041,3189,3166,0.007212292254625274,3204,3182,0.006866416978776546,3968,3940,0.007056451612903247,3683,3655,0.007602497963616672,3952,3924,0.007085020242915019,3567,3540,0.007569386038687953,3857,3827,0.007778065854290861,4156,4128,0.006737247353224229,3680,3655,0.006793478260869512,3809,3783,0.0068259385665528916,3499,3476,0.00657330665904543,,44186,43872,0.0071063232698139744,1
BT-HQ,255,1561,1554,0.004484304932735439,2005,1997,0.003990024937655878,2007,2000,0.0034877927254608476,2372,2363,0.003794266441821237,1954,1947,0.003582395087000978,2056,2046,0.004863813229571967,2117,2109,0.0037789324515824507,2217,2207,0.004510599909787971,2291,2275,0.0069838498472283295,1972,1958,0.007099391480730244,1918,1902,0.008342022940563076,1992,1978,0.007028112449799173,,24462,24336,0.005150846210448812,1
BT-HQ,256,889,889,0,796,798,0,1063,1067,0,1523,1521,0.0013131976362442677,1172,1170,0.0017064846416382506,1145,1143,0.0017467248908297206,1078,1075,0.002782931354359919,1211,1210,0.0008257638315442017,1639,1630,0.005491153142159866,947,939,0.008447729672650506,921,911,0.010857763300760048,1097,1089,0.007292616226071136,,13481,13442,0.002892960462873684,1
BT-HQ,257,770,758,0.01558441558441559,580,576,0.006896551724137945,632,632,0,1005,1001,0.003980099502487566,743,738,0.006729475100942128,760,754,0.007894736842105288,808,803,0.006188118811881194,926,922,0.004319654427645814,1141,1132,0.007887817703768674,1048,1039,0.00858778625954193,932,925,0.007510729613733891,878,872,0.006833712984054663,,10223,10152,0.00694512374058498,1
BT-HQ,258,0,5163,0,0,5488,0,0,6126,0,0,7046,0,0,5893,0,0,6037,0,0,5779,0,0,5892,0,0,6503,0,0,5891,0,0,5740,0,0,5671,0,,0,71229,0,1
BT-HQ,259,0,258,0,0,373,0,0,308,0,0,358,0,0,312,0,0,314,0,0,336,0,0,404,0,0,379,0,0,285,0,0,278,0,0,225,0,,0,3830,0,1
BT-HQ,26,27980,28960,0,23625,24488,0,35366,36390,0,16032,16895,0,14366,15165,0,17893,18766,0,16002,16858,0,34091,35125,0,35086,36156,0,22640,23588,0,38933,27933,0.28253666555364343,50503,37082,0.26574658931152606,,332517,317406,0.04544429307373754,1
BT-HQ,260,0,2184,0,0,2499,0,0,2759,0,0,3158,0,0,2510,0,0,2534,0,0,2673,0,0,2686,0,0,3393,0,0,2922,0,0,2389,0,0,2614,0,,0,32321,0,1
BT-HQ,261,9372,9420,0,10620,10672,0,11320,11373,0,13166,13205,0,12024,12080,0,12649,12711,0,12109,12170,0,12445,12506,0,13498,13480,0.001333530893465662,12646,12583,0.004981812430808197,11357,11322,0.0030817997710662626,11664,11617,0.004029492455418393,,142870,143139,0,1
BT-HQ,262,2161,2139,0.01018047200370198,2466,2442,0.009732360097323589,2753,2728,0.009081002542680738,2887,2858,0.010045029442327658,2464,2444,0.008116883116883078,2707,2687,0.007388252678241614,2656,2635,0.00790662650602414,2839,2818,0.007396970764353639,3358,3345,0.0038713519952352504,2900,2901,0,2615,2621,0,2548,2548,0,,32354,32166,0.0058107189219261945,1
BT-HQ,263,2929,2960,0,3533,3568,0,3713,3746,0,4150,4185,0,3681,3716,0,4094,4099,0,3955,4021,0,4034,4069,0,4182,4203,0,3925,3932,0,3840,3853,0,3728,3742,0,,45764,46094,0,1
BT-HQ,264,22652,23453,0,23655,24435,0,26180,26951,0,26408,27191,0,24440,25218,0,23877,24632,0,22479,23175,0,24130,24895,0,23957,24711,0,22373,22902,0,22844,24324,0,22695,22593,0.004494382022471877,,285690,294480,0,1
BT-HQ,265,0,0,,0,0,,0,0,,0,0,,0,0,,0,0,,0,0,,0,0,,0,0,,0,0,,0,0,,0,0,,,0,0,,0
BT-HQ,266,0,0,,0,0,,0,0,,0,0,,0,0,,0,0,,0,0,,0,0,,0,0,,0,0,,0,0,,0,0,,,0,0,,0
BT-HQ,267,0,0,,0,0,,0,0,,0,0,,0,0,,0,0,,0,0,,0,0,,0,0,,0,0,,0,0,,0,0,,,0,0,,0
BT-HQ,268,7420,7476,0,7580,7588,0,8520,8534,0,10160,10193,0,8460,8482,0,8300,8326,0,7980,8021,0,8300,8351,0,8020,8050,0,8780,8807,0,8360,8418,0,7460,7488,0,,99340,99734,0,1
BT-HQ,269,19160,19020,0.007306889352818424,19820,19684,0.0068617558022199265,22800,22575,0.009868421052631526,25020,24772,0.009912070343724988,23040,22861,0.007769097222222188,21420,21241,0.008356676003734798,20940,20765,0.008357211079274118,22200,22015,0.008333333333333304,18460,18303,0.008504875406283863,20660,20538,0.005905130687318461,20120,19955,0.008200795228628266,20200,20060,0.006930693069306937,,253840,251789,0.008079892845887171,1
BT-HQ,026A,0,0,,0,0,,0,0,,0,0,,0,0,,2567,3927,0,2336,3387,0,1488,2584,0,1377,2444,0,1383,2360,0,1021,2043,0,795,1859,0,,10967,18604,0,1
BT-HQ,27,3841,3841,0,3631,3631,0,4286,4286,0,5076,5076,0,4878,4878,0,4833,4833,0,4717,4717,0,4540,4531,0.0019823788546255994,3950,3960,0,4249,4250,0,3954,3953,0.00025290844714209726,3310,3311,0,,51265,51267,0,1
BT-HQ,270,5253,5295,0,5693,5735,0,6680,6758,0,6547,6562,0,5818,5859,0,5976,6020,0,5763,5804,0,6050,6047,0.0004958677685950041,5162,5122,0.00774893452150327,5755,5710,0.007819287576020906,5653,5613,0.007075888908544159,5329,5290,0.007318446237568055,,69679,69815,0,1
BT-HQ,271,4376,4356,0.004570383912248621,4592,4569,0.0050087108013937565,5227,5191,0.006887315859957943,5468,5437,0.005669348939283059,4552,4531,0.004613356766256627,4264,4245,0.004455909943714809,4378,4357,0.0047967108268616165,4807,4780,0.005616808820470109,4063,4047,0.003937976864385906,4743,4720,0.00484925152856841,4100,4087,0.003170731707317076,3692,3681,0.0029794149512459844,,54262,54001,0.0048099959455972785,1
BT-HQ,272,0,9454,0,0,10191,0,0,11519,0,0,12671,0,0,11791,0,0,11459,0,0,10770,0,0,11555,0,0,10678,0,0,12170,0,0,11069,0,0,10144,0,,0,133471,0,1
BT-HQ,273,3544,3609,0,3619,3686,0,4319,4397,0,4886,4974,0,4221,4295,0,3891,3959,0,3557,3617,0,3764,3806,0,3384,3402,0,4039,4058,0,3874,3895,0,3851,3871,0,,46949,47569,0,1
BT-HQ,274,7873,7904,0,8047,8077,0,8924,8950,0,10351,10386,0,8538,8567,0,8202,8231,0,8075,8097,0,8856,8869,0,8151,8157,0,9437,9436,0.00010596587898692444,8927,8932,0,8894,8883,0.001236788846413317,,104275,104489,0,1
BT-HQ,275,26272,26218,0.0020554202192448745,28043,27984,0.0021039118496594122,29804,29735,0.0023151254865119153,30953,30880,0.0023584143701741445,29146,29073,0.0025046318534275303,29692,29615,0.0025932911221877575,28916,28837,0.002732051459399587,31094,31012,0.002637164726313812,27332,27258,0.002707449143860674,30624,30548,0.0024817136886102764,29684,29599,0.0028634954857835737,27218,27146,0.002645308251892131,,348778,347905,0.00250302484675069,1
BT-HQ,276,5959,5956,0.0005034401745259709,6341,6329,0.001892445986437452,6809,6785,0.003524746658833844,7539,7510,0.003846664013794965,7100,7055,0.006338028169014076,6725,6708,0.002527881040892188,6256,6245,0.0017583120204603953,6649,6634,0.002255978342607934,6112,6099,0.002126963350785327,7073,7058,0.0021207408454686494,6555,6546,0.0013729977116704317,5463,5459,0.0007321984257734337,,78581,78384,0.00250696733307032,1
BT-HQ,277,6501,6435,0.010152284263959421,7202,7117,0.011802277145237405,7380,7287,0.012601626016260137,8150,8047,0.0126380368098159,6821,6743,0.01143527342031958,6919,6844,0.010839716722069626,6686,6616,0.01046963804965595,7140,7058,0.011484593837534973,6305,6233,0.011419508326724781,7285,7196,0.012216884008236062,6639,6567,0.010845006778129274,6654,6576,0.011722272317403082,,83682,82719,0.01150785115078512,1
BT-HQ,278,2809,2820,0,3437,3447,0,3738,3743,0,3967,3973,0,3296,3305,0,3295,3306,0,3325,3338,0,3571,3578,0,3158,3155,0.0009499683343888732,3622,3609,0.003589177250138076,3435,3420,0.004366812227074246,3558,3543,0.004215851602023646,,41211,41237,0,1
BT-HQ,279,3601,3618,0,3441,3455,0,3721,3731,0,3812,3827,0,3074,3085,0,2924,2917,0.002393980848153232,3230,3246,0,3555,3561,0,2883,2890,0,3513,3514,0,3174,3174,0,3838,3815,0.005992704533611226,,40766,40833,0,1
BT-HQ,28,6578,6578,0,7289,7281,0.0010975442447523909,9484,9478,0.000632644453816944,9778,9773,0.0005113520147269623,9705,9700,0.0005151983513652647,9593,9587,0.0006254560617117155,9023,9016,0.0007757951900698723,11267,11261,0.0005325286234134641,9300,9295,0.0005376344086021057,9619,9612,0.0007277263748830531,9573,9567,0.0006267627702913892,8883,8878,0.0005628729032984836,,110092,110026,0.0005994986011699233,1
BT-HQ,280,8380,8457,0,8500,8584,0,9060,9113,0,10020,10055,0,9220,9395,0,9540,9690,0,9380,9534,0,9580,9666,0,8680,8773,0,10100,10239,0,9200,9320,0,8780,8878,0,,110440,111704,0,1
BT-HQ,281,3526,3559,0,3991,4028,0,3909,3943,0,4322,4359,0,3521,3552,0,3351,3379,0,3503,3532,0,3578,3602,0,3073,3090,0,3935,3960,0,3614,3637,0,3696,3719,0,,44019,44360,0,1
BT-HQ,283,0,1993,0,0,2190,0,0,2321,0,0,2721,0,0,2515,0,0,2480,0,0,2231,0,0,2298,0,0,1969,0,0,2472,0,0,2067,0,0,2014,0,,0,27271,0,1
BT-HQ,284,6632,6626,0.000904704463208672,6634,6629,0.0007536930961712374,7361,7359,0.0002717022143730041,8029,8025,0.0004981940465811352,7342,7336,0.0008172160174338972,7657,7651,0.00078359670889383,7193,7186,0.0009731683581259976,8129,8124,0.0006150818058802132,6913,6886,0.0039056849414147443,8404,8344,0.007139457401237559,7662,7606,0.00730879665883577,6948,6898,0.007196315486470928,,88904,88670,0.002632052551066355,1
BT-HQ,285,5580,5722,0,6060,6262,0,7200,7418,0,7440,7620,0,6990,7179,0,6960,7238,0,6540,6759,0,6957,7116,0,6919,6922,0,8272,8276,0,7283,7287,0,6748,6751,0,,82949,84550,0,1
BT-HQ,286,9880,9812,0.006882591093117396,10320,10253,0.006492248062015538,11060,10993,0.006057866184448479,12120,12061,0.004867986798679835,11420,11322,0.008581436077057747,12060,11964,0.007960199004975133,10900,10817,0.0076146788990825165,11460,11405,0.004799301919720778,10480,10396,0.008015267175572549,13060,13013,0.0035987748851454837,12380,12286,0.007592891760904719,11320,11237,0.00733215547703181,,136460,135559,0.0066026674483364856,1
BT-HQ,287,9240,9216,0.0025974025974025983,10200,10158,0.004117647058823559,10640,10568,0.006766917293233088,11360,11305,0.0048415492957746276,10500,10475,0.0023809523809523725,10400,10386,0.0013461538461538858,9840,9796,0.0044715447154471955,10400,10369,0.0029807692307691758,9500,9448,0.005473684210526297,11500,11494,0.0005217391304347396,10660,10624,0.0033771106941838935,10760,10706,0.005018587360594795,,125000,124545,0.0036399999999999766,1
BT-HQ,29,5456,5461,0,6045,6053,0,9569,9587,0,9609,9617,0,8908,8920,0,9705,9718,0,8609,8620,0,9507,9520,0,7687,7696,0,7799,7808,0,7462,7473,0,6202,6209,0,,96558,96682,0,1
BT-HQ,291,11633,11648,0,12152,12169,0,13364,13385,0,15818,15842,0,14228,14248,0,14880,14899,0,14628,14647,0,15272,15293,0,16348,16368,0,14397,14415,0,13364,13379,0,12822,12839,0,,168906,169132,0,1
BT-HQ,292,10080,10026,0.005357142857142838,10200,10220,0,10680,10648,0.002996254681647992,11640,11636,0.0003436426116838476,10600,10584,0.0015094339622641062,11160,11144,0.0014336917562723928,10960,10854,0.009671532846715292,11640,11507,0.011426116838487932,12160,11962,0.01628289473684208,10600,10490,0.010377358490566091,10240,10136,0.010156249999999978,9680,9564,0.011983471074380136,,129640,128771,0.0067031780314718015,1
BT-HQ,293,0,1301,0,0,1366,0,0,1502,0,0,1737,0,0,1543,0,0,1563,0,0,1555,0,0,1624,0,0,1769,0,0,1479,0,0,1369,0,0,1464,0,,0,18272,0,1
BT-HQ,294,0,2813,0,0,3424,0,0,3688,0,0,4257,0,0,3682,0,0,3467,0,0,3273,0,0,3514,0,0,3246,0,0,2880,0,0,2881,0,0,3157,0,,0,40282,0,1
BT-HQ,295,0,2417,0,0,2615,0,0,2915,0,0,3800,0,0,2714,0,0,2623,0,0,2641,0,0,2691,0,0,2963,0,0,2577,0,0,2489,0,0,2603,0,,0,33048,0,1
BT-HQ,296,0,4195,0,0,4713,0,0,4903,0,0,6557,0,0,5115,0,0,5233,0,0,5069,0,0,4985,0,0,5003,0,0,4247,0,0,4082,0,0,4119,0,,0,58221,0,1
BT-HQ,297,0,0,,0,0,,0,0,,0,0,,0,0,,0,0,,0,0,,0,0,,0,0,,0,0,,0,0,,0,0,,,0,0,,0
BT-HQ,298,0,3320,0,0,3533,0,0,3218,0,0,4030,0,0,3193,0,0,2998,0,0,2863,0,0,2846,0,0,2943,0,0,2767,0,0,2606,0,0,2597,0,,0,36914,0,1
BT-HQ,299,0,4144,0,0,4370,0,0,4523,0,0,4749,0,0,4256,0,0,4320,0,0,4224,0,0,4244,0,0,4291,0,0,3813,0,0,3933,0,0,4175,0,,0,51042,0,1
BT-HQ,3,0,0,,0,0,,0,0,,0,0,,0,0,,0,0,,0,0,,0,0,,0,0,,0,0,,0,0,,0,0,,,0,0,,0
BT-HQ,30,383552,383685,0,341861,341970,0,343478,343595,0,291621,291716,0,310768,310876,0,240723,240806,0,259562,259648,0,349018,349157,0,300146,300243,0,332629,332746,0,293568,293683,0,283323,283435,0,,3730249,3731560,0,1
BT-HQ,300,0,3552,0,0,3537,0,0,3804,0,0,4848,0,0,4680,0,0,4344,0,0,4154,0,0,4670,0,0,4631,0,0,4895,0,0,4172,0,0,4006,0,,0,51293,0,1
BT-HQ,301,0,5200,0,0,5400,0,0,5840,0,0,6980,0,0,5960,0,0,6080,0,0,5980,0,0,6300,0,0,5980,0,0,6440,0,0,5940,0,0,5260,0,,0,71360,0,1
BT-HQ,302,10950,11014,0,10620,10728,0,10860,10938,0,12690,12768,0,11220,11359,0,10770,10931,0,10680,10778,0,11580,11663,0,10530,10600,0,11850,11943,0,11130,11236,0,9900,10023,0,,132780,133981,0,1
BT-HQ,303,0,6150,0,0,6383,0,0,8095,0,0,10105,0,0,8327,0,0,8224,0,0,7856,0,0,8330,0,0,7761,0,0,8373,0,0,7990,0,0,7362,0,,0,94956,0,1
BT-HQ,304,14550,14753,0,15840,16102,0,16650,16840,0,19680,19899,0,17910,18148,0,17550,17788,0,16650,0,1,17790,0,1,16710,53696,0,19080,19355,0,17640,17921,0,15360,15603,0,,205410,210105,0,1
BT-HQ,305,18480,18655,0,19680,19824,0,21810,21885,0,23310,23325,0,22080,22316,0,22440,22595,0,21570,21675,0,22260,22389,0,20460,20597,0,23880,23993,0,22050,22209,0,19680,19825,0,,257700,259288,0,1
BT-HQ,306,14190,14222,0,14940,14870,0.004685408299866078,16110,16048,0.003848541278708928,18780,18758,0.0011714589989350044,17730,17694,0.0020304568527919065,17310,17313,0,15930,15922,0.0005021971123666535,17160,17127,0.0019230769230769162,15960,15903,0.0035714285714285587,18030,18041,0,16560,16542,0.0010869565217391797,15480,15455,0.001614987080103325,,198180,197895,0.0014380865879503046,1
BT-HQ,307,8534,8343,0.02238106397937656,9395,9170,0.023948908994145812,10145,9901,0.024051256776737362,12099,11786,0.025869906603851578,11238,10954,0.025271400605089922,10772,10493,0.025900482733011487,10601,10327,0.025846618243561936,11282,10883,0.035366069845772063,10023,9764,0.025840566696597844,11327,11028,0.026397104264147653,10618,10349,0.02533433791674511,9547,9320,0.023777102754792057,,125581,122318,0.025983229947205366,1
BT-HQ,308,0,7147,0,0,7709,0,0,8462,0,0,9601,0,0,8127,0,0,7948,0,0,7681,0,0,7997,0,0,7004,0,0,7944,0,0,7501,0,0,7420,0,,0,94541,0,1
BT-HQ,309,0,4928,0,0,5301,0,0,5795,0,0,6631,0,0,5949,0,0,5676,0,0,5402,0,0,5724,0,0,5515,0,0,6105,0,0,5361,0,0,5071,0,,0,67458,0,1
BT-HQ,31,644,703,0,643,708,0,683,745,0,700,766,0,663,726,0,731,793,0,670,748,0,688,761,0,655,724,0,722,797,0,698,773,0,654,731,0,,8151,8975,0,1
BT-HQ,310,422832,422947,0,462165,462174,0,507974,508042,0,580072,580158,0,512522,512599,0,498064,498162,0,500791,500828,0,510681,510759,0,534498,534577,0,481243,481325,0,469777,469871,0,451291,451389,0,,5931910,5932831,0,1
BT-HQ,311,0,4200,0,0,4665,0,0,5007,0,0,5673,0,0,4997,0,0,5345,0,0,4919,0,0,4707,0,0,4346,0,0,5078,0,0,4766,0,0,4580,0,,0,58283,0,1
BT-HQ,312,1589,1561,0.017621145374449365,1565,1538,0.017252396166134165,1827,1791,0.019704433497536922,2654,2590,0.024114544084400946,1777,1742,0.019696117051209883,1458,1430,0.019204389574759895,1395,1366,0.02078853046594986,1675,1638,0.022089552238805932,1595,1553,0.0263322884012539,1692,1646,0.027186761229314405,1489,1450,0.026192075218267274,1796,1748,0.026726057906458767,,20512,20053,0.022377145085803463,1
BT-HQ,313,0,2898,0,0,2990,0,0,3502,0,0,3691,0,0,3944,0,0,3480,0,0,3500,0,0,4013,0,0,3543,0,0,4179,0,0,3629,0,0,3542,0,,0,42911,0,1
BT-HQ,314,1684,1648,0.02137767220902609,1834,1798,0.019629225736095934,1964,1925,0.01985743380855398,2249,2203,0.020453534904401938,1922,1882,0.020811654526534884,1842,1804,0.02062975027144409,1863,1824,0.020933977455716568,2014,1967,0.02333664349553133,1737,1695,0.024179620034542326,2193,2140,0.024167806657546698,1948,1901,0.024127310061601626,1765,1723,0.023796033994334276,,23015,22510,0.021942211601129746,1
BT-HQ,315,6071,5950,0.019930818646022086,5945,5826,0.020016820857863715,6498,6355,0.02200677131425055,7910,7728,0.023008849557522137,6806,6654,0.022333235380546546,6820,6670,0.021994134897360684,6346,6206,0.022061140876142415,6976,6815,0.02307912844036697,6428,6277,0.023490976975731215,7866,7668,0.02517162471395884,7270,7099,0.023521320495185738,6431,6282,0.023169025034986745,,81367,79530,0.0225767202920103,1
BT-HQ,316,6997,6762,0.03358582249535513,7647,7383,0.034523342487249864,8429,8104,0.0385573614900937,9513,9135,0.039735099337748325,8690,8348,0.039355581127733075,8412,8087,0.03863528292914886,7897,7601,0.03748258832468021,8640,8314,0.03773148148148153,7642,7366,0.03611619994765769,8525,8216,0.03624633431085045,8080,7794,0.03539603960396043,7255,7004,0.034596829772570614,,97727,94114,0.03697033573116948,1
BT-HQ,317,1160,1154,0.005172413793103403,1250,1240,0.008000000000000007,1452,1438,0.009641873278236957,1571,1556,0.00954805856142582,1421,1409,0.008444757213230125,1405,1393,0.008540925266903865,1271,1258,0.010228166797797034,1389,1372,0.012239020878329732,1253,1236,0.013567438148443745,1491,1467,0.01609657947686116,1301,1282,0.014604150653343528,1205,1190,0.012448132780082943,,16169,15995,0.01076133341579566,1
BT-HQ,318,3572,3495,0.02155655095184772,3896,3807,0.02284394250513344,3821,3727,0.024600889819418992,4198,4093,0.025011910433539786,3489,3406,0.023789051304098585,3169,3084,0.026822341432628627,2856,2774,0.028711484593837544,3584,4490,0,3799,3797,0.0005264543300869118,4774,4774,0,4110,4109,0.00024330900243307862,3743,3743,0,,45011,45299,0,1
BT-HQ,319,2437,2423,0.0057447681575707454,2699,2682,0.006298629121897048,2829,2803,0.009190526687875566,3506,3475,0.00884198516828294,3187,3160,0.008471917163476617,3297,0,1,3116,0,1,2981,9592,0,2854,2856,0,3465,3467,0,2961,2964,0,2728,2730,0,,36060,36152,0,1
BT-HQ,32,2943,2944,0,3934,3937,0,5492,5495,0,4937,4941,0,5412,5416,0,3599,3601,0,3158,3161,0,4844,4848,0,4642,4645,0,5254,5258,0,3792,3794,0,2922,2925,0,,50929,50965,0,1
BT-HQ,320,2541,2492,0.019283746556473802,3019,2954,0.021530308049022895,3197,3122,0.02345949327494523,3845,3757,0.022886866059817934,3085,3019,0.021393841166936767,3039,2976,0.02073050345508387,2843,2783,0.021104467112205372,3043,2976,0.022017745645744324,3105,3036,0.022222222222222254,3368,3292,0.0225653206650831,3226,3155,0.02200867947923124,2904,2842,0.02134986225895319,,37215,36404,0.021792288055891396,1
BT-HQ,321,4571,4463,0.023627215051411077,5064,4936,0.025276461295418606,5309,5162,0.027688830288189914,6250,6074,0.028159999999999963,5558,5406,0.027347966894566422,5509,5364,0.026320566345979346,5294,5157,0.02587835285228557,5955,5794,0.027036104114189774,5428,5286,0.026160648489314653,6287,6117,0.02703992365198027,5759,5611,0.02569890606007985,5305,5169,0.025636192271441982,,66289,64539,0.026399553470409898,1
BT-HQ,322,0,2701,0,0,2920,0,0,3093,0,0,3661,0,0,3153,0,0,3145,0,0,3052,0,0,3167,0,0,3036,0,0,3568,0,0,3225,0,0,3044,0,,0,37765,0,1
BT-HQ,323,0,5591,0,0,5549,0,0,5961,0,0,6369,0,0,5456,0,0,5460,0,0,5421,0,0,5677,0,0,5205,0,0,6196,0,0,5598,0,0,5518,0,,0,68001,0,1
BT-HQ,324,1368,1375,0,1385,1392,0,1540,1544,0,1790,1795,0,1526,1533,0,1538,1545,0,1443,1450,0,1555,1561,0,1451,1460,0,1754,1764,0,1624,1634,0,1385,1395,0,,18359,18448,0,1
BT-HQ,325,11397,11343,0.004738088970781762,11823,11769,0.00456736868815022,13430,13366,0.004765450483991018,14340,14269,0.004951185495118526,13636,13573,0.00462012320328542,13470,13409,0.004528582034149964,12210,12153,0.004668304668304701,12670,12611,0.004656669297553262,11777,11719,0.004924853528063156,13827,13762,0.004700947421711121,12341,12280,0.004942873348999233,11116,11062,0.00485786254048215,,152037,151316,0.004742266685083263,1
BT-HQ,326,6121,6121,0,6403,6401,0.00031235358425740767,7078,7072,0.0008476970895733293,7562,7556,0.0007934408886537403,7240,7234,0.0008287292817679148,7125,7122,0.00042105263157898865,6756,6755,0.00014801657785668,7358,7355,0.00040771948899154253,6719,6716,0.000446495014138959,8045,8043,0.0002486016159104487,7271,7268,0.00041259799202308933,6717,6715,0.00029775197260684116,,84395,84358,0.0004384145980211862,1
BT-HQ,327,4730,4755,0,4951,4979,0,5527,5553,0,5637,5666,0,5199,5231,0,5053,5084,0,5000,5032,0,5248,5272,0,4890,4907,0,5731,5752,0,5226,5246,0,4846,4865,0,,62038,62342,0,1
BT-HQ,328,5159,5192,0,6113,6145,0,6643,6675,0,7122,7156,0,6252,6294,0,5660,5710,0,5587,5624,0,6073,6079,0,5555,5533,0.003960396039603964,7015,6974,0.005844618674269442,6382,6352,0.004700720777185863,5990,5957,0.005509181969949872,,73551,73691,0,1
BT-HQ,329,7300,7317,0,7640,7663,0,8200,8177,0.0028048780487804903,8420,8426,0,7640,7640,0,7040,7080,0,7060,7070,0,7360,7387,0,7040,7053,0,8020,8042,0,7220,7276,0,6760,6752,0.0011834319526626835,,89700,89883,0,1
BT-HQ,33,4099,4098,0.00024396194193709864,3884,3883,0.0002574665293512135,4289,4289,0,4661,4659,0.0004290924694271281,5547,5565,0,6125,6103,0.003591836734693876,5447,5445,0.00036717459151824894,6399,6397,0.00031254883575559944,6757,6755,0.0002959893443835737,6386,6383,0.0004697776385843566,6485,6484,0.00015420200462601397,6404,6401,0.000468457214241047,,66483,66462,0.00031587022246293284,1
BT-HQ,330,4840,4838,0.0004132231404958553,5000,4991,0.0018000000000000238,5280,5259,0.003977272727272774,5620,5606,0.002491103202846956,5280,5259,0.003977272727272774,5400,5398,0.00037037037037035425,5400,5374,0.004814814814814827,6060,6027,0.00544554455445545,5680,5689,0,6420,6411,0.0014018691588785215,6220,6220,0,5540,5524,0.002888086642599319,,66740,66596,0.0021576266107281583,1
BT-HQ,331,6600,6683,0,7020,7131,0,8180,8319,0,8800,0,1,7440,0,1,8149,22912,0,7731,7734,0,7632,7634,0,6817,6819,0,8393,8395,0,7543,7545,0,7005,7007,0,,91310,90179,0.012386376081480632,1
BT-HQ,332,0,5770,0,0,6114,0,0,7187,0,0,7720,0,0,6980,0,0,6977,0,0,7007,0,0,7064,0,0,6387,0,0,7594,0,0,6989,0,0,6410,0,,0,82199,0,1
BT-HQ,333,0,22539,0,0,23533,0,0,25404,0,0,28924,0,0,27301,0,0,27130,0,0,25847,0,0,27006,0,0,25665,0,0,28172,0,0,26856,0,0,24458,0,,0,312835,0,1
BT-HQ,334,6615,6642,0,7026,7047,0,7796,7807,0,9189,9181,0.0008706061595386005,8240,8244,0,7607,7623,0,7460,7473,0,8236,8249,0,7597,7602,0,8795,8804,0,7781,7804,0,7070,7089,0,,93412,93565,0,1
BT-HQ,335,4500,4483,0.003777777777777769,4797,4773,0.00500312695434646,5276,5238,0.007202426080363922,5296,5259,0.0069864048338368345,5584,5542,0.007521489971346718,5568,5533,0.006285919540229834,5505,5469,0.006539509536784727,5467,5442,0.004572891896835518,4452,4437,0.003369272237196741,5406,5386,0.0036995930447650816,5148,5135,0.002525252525252486,4816,4803,0.00269933554817281,,61815,61500,0.005095850521718015,1
BT-HQ,336,3733,3733,0,3670,3670,0,3586,3585,0.0002788622420524245,4056,4055,0.0002465483234713739,3566,3565,0.0002804262478968145,2961,2960,0.00033772374197904576,2759,2758,0.00036245016310254563,2944,2944,0,2672,2671,0.00037425149700598404,3375,3361,0.004148148148148123,4076,4064,0.0029440628066732533,3923,3947,0,,41321,41313,0.00019360615667574077,1
BT-HQ,337,10454,10402,0.004974172565525126,10993,10922,0.006458655508050581,11705,11618,0.007432721059376313,13686,13566,0.008768084173608082,12577,12490,0.006917388884471687,12710,12630,0.006294256490952055,13001,12910,0.006999461579878519,13433,13366,0.004987716816794441,12185,12124,0.005006155108740251,14639,14554,0.005806407541498748,13011,12960,0.003919760202905187,11392,11352,0.0035112359550562022,,149786,148894,0.0059551626987836,1
BT-HQ,338,7028,6960,0.009675583380762687,7717,7627,0.011662563172217144,7709,7620,0.011544947464003141,8743,8637,0.012123984902207452,7856,7771,0.010819755600814718,8189,8105,0.010257662718280658,7932,7850,0.010337871911245577,8396,8296,0.01191043353978083,7527,7436,0.012089810017271163,9430,9299,0.013891834570519568,8633,8520,0.013089308467508443,7767,7668,0.01274623406720743,,96927,95789,0.011740794618630535,1
BT-HQ,339,8606,8644,0,9236,9270,0,9504,9524,0,10665,10678,0,9706,9730,0,10257,10275,0,9821,9824,0,10256,10203,0.0051677067082683825,9179,9152,0.002941496895086604,11331,11302,0.0025593504545053936,10035,10021,0.0013951170901843613,9666,9643,0.002379474446513541,,118262,118266,0,1
BT-HQ,34,8366,6556,0.21635190054984466,9758,10066,0,12915,13265,0,10438,10776,0,18484,18917,0,15484,15868,0,15900,16306,0,18706,19150,0,12270,12383,0,12267,12613,0,13248,13923,0,10988,13923,0,,158824,163746,0,1
BT-HQ,340,3568,3685,0,3761,3883,0,3627,3748,0,4134,4270,0,3759,3882,0,3882,4008,0,3630,3739,0,4025,4109,0,3518,3594,0,4437,4532,0,3795,3883,0,4061,4151,0,,46197,47484,0,1
BT-HQ,341,23280,23162,0.005068728522336752,24810,24720,0.0036275695284159193,28080,27955,0.004451566951566899,30840,30699,0.004571984435797649,28350,28218,0.004656084656084691,29040,28786,0.008746556473829159,29700,29714,0,32730,32591,0.0042468683165292065,28650,26391,0.07884816753926704,35670,26620,0.25371460611157837,33210,54948,0,31530,31629,0,,355890,365433,0,1
BT-HQ,342,7510,7478,0.0042609853528629005,7525,7488,0.004916943521594663,8094,8048,0.005683222139856725,9278,9215,0.006790256520801896,8227,8204,0.0027956727847332496,8410,8393,0.0020214030915576275,7905,7892,0.0016445287792535845,8789,8769,0.002275571737399007,7824,7811,0.00166155419222902,9670,9650,0.0020682523267838704,8381,8371,0.0011931750387781381,7744,7733,0.0014204545454545858,,99357,99052,0.003069738418027934,1
BT-HQ,343,3717,3672,0.01210653753026636,3990,3994,0,4402,4403,0,4651,4646,0.0010750376263168882,4138,4143,0,4296,4298,0,4066,4069,0,4128,4136,0,3697,3704,0,4610,4624,0,4115,4127,0,3630,3637,0,,49440,49453,0,1
BT-HQ,344,5921,5876,0.007600067556156054,6958,6888,0.010060362173038184,7663,7573,0.011744747487928975,8702,8585,0.013445185014939076,7680,7592,0.011458333333333348,7735,7657,0.010084033613445342,7681,7601,0.010415310506444508,8210,8118,0.011205846528623664,7418,7340,0.010514963602049066,9168,9064,0.011343804537521818,8263,8180,0.010044777925692805,7515,7440,0.009980039920159722,,92914,91914,0.010762640721527439,1
BT-HQ,345,6849,6906,0,7224,7281,0,7882,7938,0,9167,9225,0,8098,8163,0,7858,7926,0,7539,7605,0,8065,8136,0,6909,6981,0,8724,8809,0,8004,8085,0,7917,7988,0,,94236,95043,0,1
BT-HQ,346,15287,15183,0.00680316608883369,14290,14186,0.007277816655003488,16270,16161,0.006699446834665057,18279,18166,0.00618195743749661,17195,17078,0.006804303576621096,17050,16932,0.006920821114369535,10452,15957,0,15147,16825,0,15346,15365,0,19037,19066,0,16882,16900,0,16020,16040,0,,191255,197859,0,1
BT-HQ,347,7429,7404,0.0033651904697805657,7724,7697,0.0034955981356810106,7564,8437,0,719141,9435,0.9868801806599818,8668,8656,0.0013844023996307797,8868,8857,0.0012404149751916727,8503,8492,0.001293661060802087,9226,9214,0.0013006720138738492,8364,8354,0.0011956001912960534,10331,10319,0.0011615526086535821,9200,9189,0.0011956521739130421,8654,8645,0.0010399815114398026,,813672,104699,0.8713253006125319,1
BT-HQ,348,15180,15103,0.005072463768115987,16140,16014,0.007806691449814163,17080,16947,0.0077868852459016535,18660,18505,0.00830653804930337,17640,17601,0.0022108843537415046,17600,17358,0.01375000000000004,16360,16282,0.0047677261613692234,17820,17686,0.007519640852974185,19220,19115,0.005463059313215446,18020,17886,0.007436182019977755,17520,17608,0,16640,16178,0.02776442307692306,,207880,206283,0.007682316721185245,1
BT-HQ,349,1868,1846,0.011777301927194839,2011,1989,0.010939830929885597,2272,2246,0.011443661971830998,2397,2369,0.01168126825198168,2306,2279,0.01170858629661753,2250,2224,0.011555555555555541,2177,2151,0.011943040881947642,2360,2332,0.011864406779661052,2475,2449,0.010505050505050462,2291,2260,0.013531209079004847,2289,2270,0.00830056793359546,2235,2212,0.01029082774049217,,26931,26627,0.011288106642902251,1
BT-HQ,034A,0,0,,0,0,,0,0,,0,0,,0,0,,0,0,,0,0,,0,0,,0,5605,0,0,6251,0,0,8527,0,0,8674,0,,0,29057,0,1
BT-HQ,35,2710,3030,0,5196,5708,0,6180,6592,0,6569,7007,0,7741,8156,0,0,0,,9706,10308,0,7402,7847,0,7277,7719,0,6057,6473,0,6359,6813,0,5176,5486,0,,70373,75139,0,1
BT-HQ,350,4258,4259,0,0,4293,0,887,4532,0,5006,5006,0,4698,4698,0,4731,4732,0,4348,4355,0,4819,4811,0.0016600954554887304,5081,5082,0,5180,5181,0,5009,5009,0,4731,4731,0,,48748,56689,0,1
BT-HQ,351,61440,61497,0,65700,65727,0,77160,77114,0.0005961638154484694,83100,83128,0,80520,80509,0.0001366120218578848,81060,81085,0,79020,79024,0,83700,83731,0,82620,82683,0,76920,76933,0,73800,73835,0,71220,70659,0.007877000842460014,,916260,915925,0.00036561674633839303,1
BT-HQ,352,10840,10783,0.005258302583025842,11200,11177,0.0020535714285714324,12300,12264,0.0029268292682926855,13920,13856,0.0045977011494252595,13120,13055,0.004954268292682973,12785,13990,0,9474,12631,0,13677,13681,0,14405,14405,0,13696,13694,0.00014602803738317238,13195,13192,0.00022735884804847561,13005,12999,0.00046136101499427706,,151617,155727,0,1
BT-HQ,353,6496,6465,0.00477216748768472,6969,6937,0.004591763524178449,7692,7656,0.004680187207488307,8721,8680,0.004701295722967513,8209,8219,0,8290,8317,0,7475,7458,0.0022742474916388478,8191,8200,0,8549,8489,0.007018364721020021,7415,7487,0,7429,7510,0,6798,6906,0,,92234,92324,0,1
BT-HQ,354,4285,4281,0.0009334889148191472,4556,4556,0,5101,5099,0.00039207998431678437,5430,5429,0.0001841620626150675,4752,4745,0.001473063973064015,5131,5127,0.0007795751315533561,4683,4684,0,5058,5055,0.0005931198102017143,5700,5704,0,4900,4902,0,4827,4829,0,4362,4365,0,,58785,58776,0.00015310028068382664,1
BT-HQ,355,16944,16896,0.0028328611898017497,17635,17584,0.0028919761837254976,19376,19320,0.0028901734104046506,24057,23981,0.0031591636529908484,21987,21916,0.0032291808796106602,21898,21832,0.003013973878893017,20498,20434,0.0031222558298370506,22857,22787,0.003062519140744624,23127,20446,0.11592510917974663,22018,16458,0.2525206649105277,20573,37138,0,20334,11179,0.4502311399626242,,251304,249971,0.005304332601152373,1
BT-HQ,356,0,8237,0,0,9408,0,0,10405,0,0,11291,0,0,10572,0,0,10530,0,0,9902,0,0,10672,0,0,10929,0,0,9843,0,0,9327,0,0,9069,0,,0,120185,0,1
BT-HQ,359,2024,2027,0,2249,2250,0,2584,2585,0,2545,2547,0,2412,2414,0,2548,2550,0,2240,2243,0,2543,2542,0.00039323633503740574,2643,2638,0.0018917896329928574,2183,2179,0.001832340815391631,2156,2152,0.0018552875695733162,1918,1915,0.0015641293013556323,,28045,28042,0.00010697093956146819,1
BT-HQ,36,13682,14129,0,21463,21939,0,26218,26685,0,27563,28062,0,27613,28089,0,25345,25822,0,23416,23871,0,24519,25020,0,20496,20975,0,22957,23447,0,21202,21683,0,0,17090,0,,254474,276812,0,1
BT-HQ,361,6323,6323,0,6891,6889,0.0002902336380786741,7711,7708,0.00038905459732851977,8828,8823,0.0005663797009515248,8010,8007,0.0003745318352059712,8153,8150,0.0003679627131117913,7716,7713,0.00038880248833594866,8534,8531,0.00035153503632523453,8609,8607,0.00023231501916598507,8186,8204,0,8475,8452,0.0027138643067846635,8184,8180,0.0004887585532746819,,95620,95587,0.0003451160845011625,1
BT-HQ,362,0,2768,0,0,3166,0,0,3228,0,0,3278,0,0,3003,0,0,3428,0,0,3225,0,0,3488,0,0,3806,0,0,3359,0,0,3480,0,0,3286,0,,0,39515,0,1
BT-HQ,363,3188,3160,0.008782936010037656,3529,3497,0.009067724567866198,3703,3669,0.009181744531460923,4026,3990,0.008941877794336861,3522,3490,0.009085746734809774,3914,3877,0.0094532447623914,3833,3797,0.009392121054004665,4053,4019,0.00838884776708615,4323,4285,0.008790191996298824,3662,3628,0.00928454396504641,3776,3741,0.009269067796610186,3496,3465,0.008867276887871811,,45025,44618,0.009039422543031694,1
BT-HQ,364,762,755,0.009186351706036766,875,867,0.00914285714285712,956,948,0.008368200836820106,1001,991,0.009990009990009985,972,963,0.0092592592592593,911,901,0.010976948408342513,911,903,0.008781558726673966,855,846,0.010526315789473717,910,902,0.00879120879120876,747,742,0.00669344042838016,760,753,0.009210526315789447,729,723,0.008230452674897082,,10389,10294,0.009144287226874548,1
BT-HQ,365,0,3759,0,0,3889,0,0,4124,0,0,4493,0,0,4124,0,0,4349,0,0,4117,0,0,4385,0,0,4453,0,0,4004,0,0,4131,0,0,4240,0,,0,50068,0,1
BT-HQ,366,3026,4173,0,3464,4161,0,4814,4820,0,5526,5532,0,4998,5004,0,5282,5289,0,5166,5172,0,5681,5687,0,5828,5835,0,5570,5575,0,5431,5437,0,5362,5367,0,,60148,62052,0,1
BT-HQ,367,1629,1615,0.008594229588704705,1680,1665,0.008928571428571397,1862,1844,0.009667024704618665,2121,2101,0.009429514380009385,1946,1927,0.009763617677286729,1959,1934,0.012761613067891808,1881,1872,0.004784688995215336,2147,2128,0.008849557522123908,2159,2141,0.008337193144974497,2096,2080,0.007633587786259555,2137,2119,0.008423022929340163,2009,1994,0.0074664011946241615,,23626,23420,0.008719207652586158,1
BT-HQ,368,0,10234,0,0,11220,0,0,13087,0,0,14976,0,0,13218,0,0,13789,0,0,13441,0,0,14397,0,0,14044,0,0,13321,0,0,12732,0,0,12419,0,,0,156878,0,1
BT-HQ,369,0,3948,0,0,4903,0,0,5207,0,0,5084,0,0,5054,0,0,5372,0,0,4377,0,0,4351,0,0,4318,0,0,4766,0,0,4135,0,0,3635,0,,0,55150,0,1
BT-HQ,37,13820,13973,0,20302,20467,0,26894,27067,0,22535,22715,0,28971,29174,0,30719,30918,0,25378,25520,0,32338,32577,0,18628,18643,0,25079,25548,0,27571,27895,0,25504,25440,0.0025094102885822034,,297739,299937,0,1
BT-HQ,370,13840,13933,0,14720,14821,0,15880,15974,0,19840,19890,0,19440,19510,0,19460,19522,0,17640,18472,0,19977,19251,0.036341793062021344,20261,20275,0,18375,18386,0,17925,17933,0,16797,16808,0,,214155,214775,0,1
BT-HQ,371,3729,3690,0.01045856798069189,3935,3890,0.01143583227445999,4394,4344,0.011379153390987717,4320,4271,0.011342592592592626,3890,3846,0.01131105398457588,3745,3696,0.013084112149532756,3774,3731,0.011393746687864303,3876,3839,0.009545923632610975,3927,3893,0.008658008658008698,3571,3542,0.008120974516942048,3880,3846,0.008762886597938113,4714,4672,0.008909630886720366,,47755,47260,0.010365406763689688,1
BT-HQ,372,3617,3594,0.006358860934476129,2979,2960,0.006377979187646821,3237,3216,0.006487488415199305,3606,3583,0.006378258458125341,3215,3194,0.006531881804043516,3346,3321,0.007471607890017884,3044,3025,0.006241787122207576,3564,3541,0.006453423120089785,3714,3688,0.007000538502961784,3332,3311,0.006302521008403339,3369,3345,0.007123775601068583,3488,3465,0.006594036697247674,,40511,40243,0.006615487151637844,1
BT-HQ,373,3859,3795,0.016584607411246455,3888,3831,0.014660493827160503,4244,4187,0.013430725730443016,4657,4596,0.013098561305561529,4413,4350,0.014276002719238567,4858,4785,0.015026759983532312,5009,4938,0.014174485925334435,5539,5481,0.010471204188481686,5612,5559,0.009444048467569521,4938,4893,0.009113001215066863,4911,4865,0.009366727754021587,5211,5160,0.00978698906160047,,57139,56440,0.0122333257494881,1
BT-HQ,374,0,2971,0,0,3231,0,0,2928,0,0,3033,0,0,2474,0,0,2431,0,0,2360,0,0,2320,0,0,2126,0,0,2608,0,0,2624,0,0,2727,0,,0,31833,0,1
BT-HQ,375,0,2232,0,0,2240,0,0,2138,0,0,2513,0,0,2629,0,0,2732,0,0,2577,0,0,2882,0,0,2668,0,0,3253,0,0,2862,0,0,2681,0,,0,31407,0,1
BT-HQ,376,5748,5816,0,5716,5786,0,6477,6568,0,7162,7271,0,6540,6633,0,6770,6863,0,6517,6605,0,7039,7076,0,6095,6082,0.0021328958162428746,7374,7361,0.0017629509085977935,6611,6603,0.001210104371502041,6061,6054,0.0011549249298795639,,78110,78718,0,1
BT-HQ,377,0,5158,0,0,5270,0,0,5754,0,0,6854,0,0,6100,0,0,5866,0,0,5939,0,0,6677,0,0,7279,0,0,6720,0,0,6035,0,0,5670,0,,0,73322,0,1
BT-HQ,378,0,9245,0,0,9005,0,0,9179,0,0,10440,0,0,9596,0,0,9453,0,0,8850,0,0,9815,0,0,10299,0,0,9722,0,0,9352,0,0,8827,0,,0,113783,0,1
BT-HQ,379,0,4031,0,0,4802,0,0,5019,0,0,5740,0,0,5433,0,0,5900,0,0,5563,0,0,5857,0,0,5410,0,0,6946,0,0,6005,0,0,5344,0,,0,66050,0,1
BT-HQ,38,0,0,,0,0,,0,0,,0,0,,0,0,,0,0,,0,0,,0,0,,0,650,0,0,0,,0,0,,0,0,,,0,650,0,1
BT-HQ,380,0,9726,0,0,10234,0,0,11792,0,0,12171,0,0,11876,0,0,12135,0,0,15170,0,0,9872,0,0,10446,0,0,12481,0,0,11415,0,0,10258,0,,0,137576,0,1
BT-HQ,381,0,1222,0,0,1426,0,0,1369,0,0,1510,0,0,1243,0,0,1346,0,0,1404,0,0,1616,0,0,1474,0,0,2075,0,0,1851,0,0,1594,0,,0,18130,0,1
BT-HQ,382,0,2785,0,0,2987,0,0,3300,0,0,3766,0,0,3560,0,0,3710,0,0,3470,0,0,3968,0,0,4100,0,0,5208,0,0,4175,0,0,3346,0,,0,44375,0,1
BT-HQ,383,0,2398,0,0,2559,0,0,2838,0,0,3270,0,0,3170,0,0,3226,0,0,3067,0,0,3116,0,0,2968,0,0,3337,0,0,2859,0,0,2557,0,,0,35365,0,1
BT-HQ,384,0,1138,0,0,1008,0,0,1039,0,0,1200,0,0,1221,0,0,1179,0,0,1058,0,0,1168,0,0,1158,0,0,1373,0,0,1102,0,0,908,0,,0,13552,0,1
BT-HQ,385,0,3287,0,0,3231,0,0,3596,0,0,4689,0,0,4311,0,0,4369,0,0,4088,0,0,4190,0,0,4500,0,0,4103,0,0,4181,0,0,4114,0,,0,48659,0,1
BT-HQ,386,0,4832,0,0,4949,0,0,5072,0,0,6193,0,0,5798,0,0,6014,0,0,5760,0,0,6121,0,0,6873,0,0,6218,0,0,6692,0,0,6163,0,,0,70685,0,1
BT-HQ,387,0,1891,0,0,2000,0,0,2151,0,0,2672,0,0,2247,0,0,2107,0,0,2000,0,0,2113,0,0,2282,0,0,2184,0,0,2333,0,0,2184,0,,0,26164,0,1
BT-HQ,388,0,4642,0,0,4809,0,0,5074,0,0,5601,0,0,5214,0,0,5046,0,0,4889,0,0,5202,0,0,5485,0,0,5335,0,0,5642,0,0,5397,0,,0,62336,0,1
BT-HQ,389,0,5834,0,0,6111,0,0,6536,0,0,7172,0,0,6408,0,0,6074,0,0,6145,0,0,6598,0,0,6385,0,0,5681,0,0,5942,0,0,5822,0,,0,74708,0,1
BT-HQ,39,0,0,,0,0,,0,0,,0,0,,0,0,,0,0,,0,0,,0,0,,0,0,,0,0,,0,0,,0,0,,,0,0,,0
BT-HQ,390,0,6689,0,0,7049,0,0,7113,0,0,8143,0,0,7872,0,0,8352,0,0,7840,0,0,8633,0,0,9273,0,0,8287,0,0,8979,0,0,8155,0,,0,96385,0,1
BT-HQ,391,0,2192,0,0,2701,0,0,3669,0,0,3406,0,0,3513,0,0,3629,0,0,3652,0,0,3797,0,0,3715,0,0,3417,0,0,2979,0,0,2647,0,,0,39317,0,1
BT-HQ,392,0,3054,0,0,2943,0,0,0,,3899,6200,0,3055,3057,0,2755,2757,0,2912,2913,0,2907,2908,0,2990,2992,0,2709,2709,0,2916,2919,0,3168,3169,0,,27311,35621,0,1
BT-HQ,393,0,2917,0,0,3223,0,0,3483,0,0,4067,0,0,3893,0,0,3858,0,0,3576,0,0,3484,0,0,3452,0,0,3968,0,0,3866,0,0,3087,0,,0,42874,0,1
BT-HQ,394,0,1639,0,0,1593,0,0,1694,0,0,2025,0,0,1693,0,0,1706,0,0,1327,0,0,1776,0,0,1632,0,0,2093,0,0,1715,0,0,1581,0,,0,20474,0,1
BT-HQ,395,0,809,0,0,842,0,0,852,0,0,1052,0,0,946,0,0,941,0,0,904,0,0,908,0,0,879,0,0,1159,0,0,1014,0,0,989,0,,0,11295,0,1
BT-HQ,396,0,2524,0,0,2873,0,0,3228,0,0,3543,0,0,3388,0,0,3172,0,0,3033,0,0,3184,0,0,2995,0,0,3356,0,0,3063,0,0,2820,0,,0,37179,0,1
BT-HQ,397,0,3064,0,0,3060,0,0,3428,0,0,3768,0,0,3322,0,0,3517,0,0,3474,0,0,3551,0,0,3491,0,0,4184,0,0,3876,0,0,3305,0,,0,42040,0,1
BT-HQ,4,0,0,,0,0,,0,0,,0,0,,0,0,,0,0,,0,0,,0,0,,0,0,,0,0,,0,0,,0,0,,,0,0,,0
BT-HQ,40,5345,5345,0,4289,4291,0,4867,4865,0.00041093075816722724,9323,9323,0,4705,4704,0.00021253985122204888,8475,8475,0,6592,6592,0,6309,6309,0,8865,8865,0,7812,7811,0.0001280081925243426,4969,4969,0,5766,5765,0.0001734304543877796,,77317,77314,3.880129855016179e-05,1
BT-HQ,401,0,0,,0,0,,0,0,,0,0,,0,0,,0,0,,0,0,,0,0,,0,0,,0,0,,0,0,,0,0,,,0,0,,0
BT-HQ,402,0,0,,0,0,,0,0,,0,0,,0,0,,0,0,,0,0,,0,0,,0,0,,0,0,,0,0,,0,0,,,0,0,,0
BT-HQ,403,0,736,0,0,612,0,0,650,0,0,935,0,0,847,0,0,910,0,0,878,0,0,891,0,0,821,0,0,972,0,0,894,0,0,1155,0,,0,10301,0,1
BT-HQ,404,2713,2700,0.004791743457427167,2678,2665,0.004854368932038833,3040,3020,0.006578947368421018,3492,3398,0.02691867124856817,3097,2984,0.03648692282854371,3013,2906,0.03551277796216401,2915,2813,0.034991423670668986,3196,3086,0.034418022528160175,2741,2677,0.023349142648668386,3295,3276,0.005766312594840617,3103,3088,0.004834031582339637,2955,2941,0.004737732656514337,,36238,35554,0.018875213863899787,1
BT-HQ,405,1602,1599,0.0018726591760299671,1708,1695,0.007611241217798548,1959,1942,0.00867789688616638,2083,2064,0.009121459433509393,2002,1988,0.006993006993006978,1945,1930,0.007712082262210762,1879,1865,0.007450771687067537,1906,1892,0.007345225603357819,1681,1669,0.00713860797144561,2066,2053,0.006292352371732868,1799,1789,0.005558643690939391,1717,1707,0.0058241118229469535,,22347,22193,0.006891305320624652,1
BT-HQ,406,0,20267,0,0,21701,0,0,24861,0,0,29075,0,0,26289,0,0,25728,0,0,25181,0,0,26680,0,0,23906,0,0,26414,0,0,25185,0,0,22997,0,,0,298284,0,1
BT-HQ,407,4615,4570,0.009750812567713929,4736,4699,0.0078125,5555,5518,0.006660666066606646,6775,6728,0.006937269372693677,5668,5629,0.006880733944954143,5775,5733,0.0072727272727273196,5624,5583,0.00729018492176392,6160,6114,0.007467532467532512,5612,5548,0.011404133998574428,6097,6016,0.013285222240446148,5741,5669,0.01254136909946002,5021,4953,0.013543118900617435,,67379,66760,0.009186838629246519,1
BT-HQ,408,0,2146,0,0,2353,0,0,2548,0,0,2943,0,0,2761,0,0,2808,0,0,2898,0,0,2932,0,0,2688,0,0,2965,0,0,2808,0,0,2537,0,,0,32387,0,1
BT-HQ,409,7400,7250,0.020270270270270285,7140,7047,0.013025210084033567,7780,7649,0.016838046272493523,9100,9063,0.004065934065934029,8340,8252,0.010551558752997625,7960,7841,0.014949748743718572,7920,7800,0.015151515151515138,8440,8320,0.014218009478673022,7620,7506,0.014960629921259794,8560,8442,0.013785046728971961,8000,7869,0.01637500000000003,7400,7238,0.02189189189189189,,95660,94277,0.014457453481078852,1
BT-HQ,41,17745,17745,0,20193,20194,0,23418,23418,0,27766,27767,0,27099,27100,0,27874,27874,0,25091,25092,0,27173,27173,0,26806,26807,0,23548,23549,0,21866,21867,0,20371,20370,4.908939178238647e-05,,288950,288956,0,1
BT-HQ,410,0,5456,0,0,6767,0,0,7776,0,0,8907,0,0,8062,0,0,7319,0,0,7032,0,0,7459,0,0,6865,0,0,7903,0,0,7235,0,0,6784,0,,0,87565,0,1
BT-HQ,411,3402,3447,0,3723,3772,0,4059,4093,0,5188,5266,0,4485,4543,0,4250,4308,0,4221,4278,0,4389,4449,0,4468,4514,0,5069,5114,0,4581,4626,0,4300,4341,0,,52135,52751,0,1
BT-HQ,412,12735,12836,0,13274,13382,0,14410,14529,0,17853,17998,0,15962,16093,0,15699,15820,0,14965,15081,0,16151,16274,0,15027,15137,0,16920,17076,0,15566,15844,0,14132,13890,0.017124257005377896,,182694,183960,0,1
BT-HQ,413,3427,3459,0,3601,3638,0,3805,3851,0,4760,4822,0,4049,4097,0,3533,3581,0,3344,3385,0,3537,3578,0,3397,3432,0,3839,3870,0,3242,3274,0,2742,2769,0,,43276,43756,0,1
BT-HQ,414,6400,6432,0,6560,6547,0.0019817073170731447,7060,7091,0,8880,8898,0,8740,8751,0,8160,8186,0,7780,7803,0,8000,8028,0,7480,7495,0,8260,8297,0,7340,7352,0,6760,6775,0,,91420,91655,0,1
BT-HQ,415,4637,4752,0,4952,5063,0,5106,5227,0,6295,6442,0,5888,6020,0,5700,3894,0.3168421052631579,0,6717,0,7033,7031,0.0002843736669984054,5429,5426,0.000552587953582595,6220,6197,0.00369774919614152,5299,5318,0,4954,4954,0,,61513,67041,0,1
BT-HQ,416,2316,2357,0,2972,3018,0,3064,3116,0,3029,3078,0,2621,2669,0,2569,2614,0,2311,2350,0,2359,2401,0,2070,2095,0,2465,2489,0,2261,2283,0,2183,2202,0,,30220,30672,0,1
BT-HQ,417,8480,8499,0,8480,8512,0,9040,9059,0,10160,10184,0,9460,9478,0,10580,10655,0,10260,10330,0,10580,10623,0,9560,9622,0,10340,10362,0,9860,9937,0,9560,9575,0,,116360,116836,0,1
BT-HQ,418,4987,4948,0.007820332865450141,4982,4981,0.00020072260136494435,5195,5193,0.00038498556304134013,6120,6118,0.00032679738562091387,5712,5710,0.0003501400560224077,6173,6171,0.0003239915762189849,5948,5947,0.00016812373907193479,5886,5884,0.0003397893306150701,5448,5447,0.00018355359765054313,6185,6183,0.0003233629749394007,5819,5753,0.011342155009451793,5012,5062,0,,67467,67397,0.0010375442809077429,1
BT-HQ,419,0,2284,0,0,2309,0,0,2881,0,0,3958,0,0,3243,0,0,3595,0,0,2967,0,0,3394,0,0,3266,0,0,3471,0,0,3226,0,0,2745,0,,0,37339,0,1
BT-HQ,041A,41324,42910,0,70946,73066,0,131938,135290,0,195404,199581,0,174634,178499,0,169185,173084,0,154897,158602,0,182398,186492,0,152479,156127,0,161041,164981,0,147220,150696,0,120654,123090,0,,1702120,1742418,0,1
BT-HQ,041B,0,0,,0,0,,0,0,,0,0,,0,0,,0,0,,0,0,,0,0,,0,0,,628,1214,0,1914,2882,0,5903,6743,0,,8445,10839,0,1
BT-HQ,42,93469,93417,0.0005563341856658077,95270,95198,0.0007557468248137189,89597,89538,0.0006585041909885625,106353,106279,0.0006957960753339876,98341,98276,0.0006609654162557099,98744,98676,0.0006886494369278129,95267,95202,0.000682292924097494,109385,109311,0.0006765095762673035,116805,116725,0.0006849021874063554,112867,112793,0.0006556389378649108,101953,101887,0.0006473571155336533,93347,93288,0.0006320503069193739,,1211398,1210590,0.0006669979643354473,1
BT-HQ,420,4650,4707,0,4797,4856,0,5331,5401,0,6523,6612,0,5641,5716,0,5752,5831,0,5637,5712,0,6116,6194,0,5362,5444,0,6384,6494,0,5750,5855,0,5662,5761,0,,67605,68583,0,1
BT-HQ,421,0,4620,0,0,4618,0,0,4710,0,0,5543,0,0,5355,0,0,5628,0,0,4787,0,0,5090,0,0,4931,0,0,5245,0,0,4954,0,0,4645,0,,0,60126,0,1
BT-HQ,422,4323,4301,0.0050890585241730735,5040,5011,0.0057539682539682335,5860,5828,0.005460750853242269,6802,6764,0.005586592178770999,6092,6060,0.005252790544977071,6477,6445,0.0049405589007256445,6194,6164,0.0048433968356473844,6063,6028,0.005772719775688606,5188,5150,0.007324595219737828,5389,5346,0.007979216923362453,5319,5277,0.007896221094190636,4790,4754,0.007515657620041805,,67537,67128,0.006055939707123481,1
BT-HQ,423,1413,1435,0,1525,1549,0,1801,1828,0,2274,2307,0,1909,1941,0,2157,2183,0,1972,2003,0,2065,2097,0,1913,1936,0,2281,2308,0,1968,1994,0,1782,1803,0,,23060,23384,0,1
BT-HQ,424,0,2722,0,0,3232,0,0,3525,0,0,5285,0,0,4608,0,0,8911,0,0,8402,0,0,8529,0,0,9875,0,0,7964,0,0,7874,0,0,7507,0,,0,78434,0,1
BT-HQ,425,0,14466,0,0,15413,0,0,16205,0,0,20300,0,0,18244,0,0,17977,0,0,16526,0,0,17477,0,0,18367,0,0,16246,0,0,15312,0,0,15361,0,,0,201894,0,1
BT-HQ,426,0,18952,0,0,20539,0,0,22559,0,0,27276,0,0,23079,0,0,18002,0,0,17901,0,0,18135,0,0,20467,0,0,18199,0,0,16956,0,0,15558,0,,0,237623,0,1
BT-HQ,427,0,6535,0,0,6876,0,0,7288,0,0,9259,0,0,8175,0,0,7740,0,0,7884,0,0,8426,0,0,8693,0,0,7664,0,0,7285,0,0,7263,0,,0,93088,0,1
BT-HQ,428,0,5031,0,0,5530,0,0,4948,0,0,6030,0,0,5539,0,0,5630,0,0,5466,0,0,5821,0,0,6051,0,0,5387,0,0,5430,0,0,5670,0,,0,66533,0,1
BT-HQ,429,0,1232,0,0,1294,0,0,1568,0,0,2010,0,0,1895,0,0,1778,0,0,1722,0,0,1960,0,0,1847,0,0,1662,0,0,1612,0,0,1520,0,,0,20100,0,1
BT-HQ,43,0,0,,0,0,,0,0,,0,0,,0,0,,0,0,,0,0,,0,0,,0,0,,0,0,,0,0,,0,0,,,0,0,,0
BT-HQ,430,0,5557,0,0,6311,0,0,6335,0,0,7207,0,0,6676,0,0,6359,0,0,6126,0,0,7411,0,0,7919,0,0,6857,0,0,6402,0,0,6574,0,,0,79734,0,1
BT-HQ,431,0,6810,0,0,7482,0,0,8602,0,0,10005,0,0,11460,0,0,11231,0,0,10645,0,0,11608,0,0,12171,0,0,10752,0,0,10409,0,0,10171,0,,0,121346,0,1
BT-HQ,432,0,4121,0,0,4638,0,0,5115,0,0,6183,0,0,5313,0,0,5190,0,0,5006,0,0,5455,0,0,5817,0,0,5052,0,0,4800,0,0,5036,0,,0,61726,0,1
BT-HQ,433,0,15600,0,0,16340,0,0,16798,0,0,20740,0,0,18472,0,0,17647,0,0,17040,0,0,17521,0,0,18974,0,0,16748,0,0,16975,0,0,16247,0,,0,209102,0,1
BT-HQ,434,0,10640,0,0,11237,0,0,11729,0,0,14909,0,0,13007,0,0,12400,0,0,11963,0,0,12456,0,0,12979,0,0,11917,0,0,11729,0,0,11744,0,,0,146710,0,1
BT-HQ,435,4740,4800,0,4880,4963,0,5320,5399,0,6200,6319,0,5800,5876,0,5580,5671,0,5140,5244,0,5300,5374,0,4860,4906,0,5540,5541,0,4740,4743,0,4480,4450,0.006696428571428603,,62580,63286,0,1
BT-HQ,436,65,64,0.01538461538461533,58,56,0.03448275862068961,53,52,0.018867924528301883,73,78,0,60,52,0.1333333333333333,73,70,0.04109589041095896,71,70,0.014084507042253502,91,0,1,94,144,0,101,103,0,104,108,0,64,68,0,,907,865,0.0463065049614112,1
BT-HQ,437,0,0,,0,0,,0,0,,0,0,,0,0,,0,0,,0,0,,0,0,,0,0,,0,0,,0,0,,0,0,,,0,0,,0
BT-HQ,438,623,635,0,693,708,0,730,746,0,1008,1030,0,875,894,0,813,831,0,905,924,0,987,1007,0,1058,1076,0,1118,1137,0,1047,1064,0,797,811,0,,10654,10863,0,1
BT-HQ,439,0,0,,0,0,,0,0,,0,0,,0,0,,0,0,,0,0,,0,0,,0,0,,0,0,,0,0,,0,0,,,0,0,,0
BT-HQ,44,0,0,,0,0,,0,0,,0,0,,0,0,,0,0,,0,0,,0,0,,0,0,,0,0,,0,0,,0,0,,,0,0,,0
BT-HQ,440,1900,1879,0.011052631578947314,2040,2026,0.006862745098039191,2460,2445,0.0060975609756097615,3180,3151,0.009119496855345965,2920,2894,0.008904109589041087,2720,2715,0.0018382352941176405,2580,2546,0.01317829457364339,2760,2742,0.006521739130434745,2380,2344,0.015126050420168013,2760,2758,0.0007246376811593791,2480,2472,0.003225806451612856,2140,2118,0.010280373831775713,,30320,30090,0.007585751978891775,1
BT-HQ,441,3090,3108,0,3390,3404,0,4500,4506,0,5220,5230,0,4830,4880,0,4620,4633,0,4200,4215,0,4890,4892,0,4470,4472,0,5190,5206,0,4740,4749,0,4200,4206,0,,53340,53501,0,1
BT-HQ,445,0,0,,0,0,,0,0,,0,0,,0,0,,0,0,,0,0,,0,0,,0,0,,0,0,,0,0,,0,0,,,0,0,,0
BT-HQ,446,1958,1957,0.0005107252298263143,1978,1978,0,2152,2152,0,2621,2622,0,2409,2411,0,2488,2490,0,2449,2449,0,2555,2558,0,2257,2254,0.0013291980505095724,2468,2465,0.001215559157212276,2412,2410,0.0008291873963516272,2191,2189,0.0009128251939753973,,27938,27935,0.00010738062853465902,1
BT-HQ,447,0,4231,0,0,4481,0,0,5026,0,0,6609,0,0,5605,0,0,5378,0,0,0,,0,0,,0,17052,0,0,4871,0,0,4710,0,0,5109,0,,0,63072,0,1
BT-HQ,448,0,3666,0,0,4121,0,0,4854,0,0,5659,0,0,4977,0,0,5017,0,0,2447,0,0,174,0,0,148,0,0,205,0,0,246,0,0,236,0,,0,31750,0,1
BT-HQ,449,0,3423,0,0,3921,0,0,3825,0,0,5077,0,0,4561,0,0,4480,0,0,4108,0,0,3368,0,0,2019,0,0,1677,0,0,1873,0,0,11880,0,,0,50212,0,1
BT-HQ,45,9398,9392,0.0006384337092998349,10518,10510,0.0007606008746909865,13726,13716,0.0007285443683520132,20126,20109,0.0008446785252906874,21987,21970,0.0007731841542729656,22142,22125,0.0007677716556769854,19513,19497,0.0008199661763952371,21385,21368,0.0007949497311199316,20756,20740,0.0007708614376565892,19080,19065,0.0007861635220125507,17559,17547,0.000683410216982705,15633,15620,0.0008315742339921606,,211823,211659,0.00077423131576837,1
BT-HQ,450,0,2065,0,0,2357,0,0,3305,0,0,4430,0,0,3369,0,0,2916,0,0,2678,0,0,3013,0,0,3294,0,0,2997,0,0,2918,0,0,3324,0,,0,36666,0,1
BT-HQ,451,0,3787,0,0,4239,0,0,4707,0,0,6196,0,0,5083,0,0,4935,0,0,4613,0,0,5170,0,0,5731,0,0,5099,0,0,4675,0,0,4701,0,,0,58936,0,1
BT-HQ,452,0,13972,0,0,15266,0,0,19229,0,0,22315,0,0,19879,0,0,17272,0,0,18634,0,0,15855,0,0,15882,0,0,14926,0,0,14360,0,0,14271,0,,0,201861,0,1
BT-HQ,453,0,694,0,0,688,0,0,802,0,0,959,0,0,847,0,0,769,0,0,683,0,0,831,0,0,680,0,0,965,0,0,768,0,0,664,0,,0,9350,0,1
BT-HQ,454,2577,2578,0,2365,2365,0,2436,2437,0,3404,3405,0,3799,3800,0,3446,3447,0,4548,4550,0,2612,2612,0,3001,3002,0,2989,2990,0,2595,2596,0,3783,3784,0,,37555,37566,0,1
BT-HQ,455,0,3122,0,0,3347,0,0,3715,0,0,4646,0,0,3772,0,0,3728,0,0,3432,0,0,3763,0,0,3549,0,0,4295,0,0,3860,0,0,3809,0,,0,45038,0,1
BT-HQ,456,17504,17501,0.00017138939670935383,18136,18134,0.00011027790030881945,19168,19165,0.00015651085141898946,22993,22992,4.349149741222913e-05,19431,19424,0.0003602490865112218,19486,19482,0.0002052755824694108,18808,18804,0.00021267545725223158,16790,16787,0.00017867778439550897,12768,12765,0.00023496240601506013,10954,10953,9.12908526565781e-05,10068,10066,0.00019864918553835764,6606,6605,0.0001513775355737046,,192712,192678,0.00017642907551163045,1
BT-HQ,457,0,174,0,0,163,0,0,184,0,0,255,0,0,182,0,0,192,0,0,208,0,0,218,0,0,191,0,0,216,0,0,192,0,0,197,0,,0,2372,0,1
BT-HQ,458,0,563,0,0,679,0,0,709,0,0,914,0,0,744,0,0,688,0,0,768,0,0,861,0,0,773,0,0,962,0,0,842,0,0,779,0,,0,9282,0,1
BT-HQ,459,0,0,,0,0,,0,0,,0,0,,0,0,,0,0,,0,2092,0,0,4806,0,0,5353,0,0,4797,0,0,4623,0,0,4160,0,,0,25831,0,1
BT-HQ,46,39728,40784,0,52962,54267,0,64989,66388,0,85421,87155,0,78405,80001,0,77589,79159,0,67724,69142,0,77218,78839,0,66687,68053,0,61638,63000,0,49231,50431,0,8691,9164,0,,730283,746383,0,1
BT-HQ,47,10694,11141,0,13400,13831,0,14885,15322,0,16669,17134,0,16132,16575,0,15749,16214,0,15317,15775,0,15192,15654,0,14750,15225,0,12935,13376,0,13196,13650,0,12174,12594,0,,171093,176491,0,1
BT-HQ,047A,9543,10091,0,8105,8658,0,9519,10008,0,13596,14133,0,11136,11635,0,12676,13242,0,11801,12331,0,11626,12174,0,13403,13946,0,9819,10347,0,11126,11672,0,8384,8893,0,,130734,137130,0,1
BT-HQ,047B,4590,5112,0,2210,2723,0,3543,3997,0,6506,7010,0,1311,1775,0,997,1517,0,1276,1764,0,1246,1744,0,1850,2352,0,4387,4877,0,2570,3078,0,3418,3894,0,,33904,39843,0,1
BT-HQ,48,0,0,,0,0,,0,0,,0,0,,0,0,,0,0,,0,0,,0,0,,0,0,,0,0,,0,0,,0,0,,,0,0,,0
BT-HQ,49,0,0,,0,0,,0,0,,0,0,,0,0,,0,0,,0,0,,0,0,,0,0,,0,0,,0,0,,0,0,,,0,0,,0
BT-HQ,5,0,0,,0,0,,0,0,,0,0,,0,0,,0,0,,0,0,,0,0,,0,0,,0,0,,0,0,,0,0,,,0,0,,0
BT-HQ,50,85105,85093,0.00014100229128721775,98436,98415,0.00021333658417654888,91164,91149,0.00016453863367116295,93478,93455,0.00024604719827125976,84224,84212,0.00014247720364746197,94558,94536,0.00023266143530953354,89212,89193,0.00021297583284762833,105832,105809,0.00021732557260567553,96208,96187,0.00021827706635624278,85966,85952,0.00016285508224178624,93712,93695,0.00018140686358203428,96955,96928,0.0002784797070806144,,1114850,1114624,0.0002027178544198316,1
BT-HQ,500,0,8859,0,0,7993,0,0,7701,0,0,8324,0,0,8169,0,0,8318,0,0,7612,0,0,8000,0,0,7963,0,0,7439,0,0,7817,0,0,7372,0,,0,95567,0,1
BT-HQ,501,0,21196,0,0,21786,0,0,19263,0,0,18594,0,0,18554,0,0,18993,0,0,18280,0,0,19646,0,0,19682,0,0,18216,0,0,18168,0,0,19266,0,,0,231644,0,1
BT-HQ,502,0,9045,0,0,8593,0,0,7046,0,0,5605,0,0,5879,0,0,5666,0,0,5497,0,0,5834,0,0,5826,0,0,5927,0,0,5794,0,0,7955,0,,0,78667,0,1
BT-HQ,503,0,3837,0,0,4127,0,0,2836,0,0,2285,0,0,2141,0,0,2109,0,0,2088,0,0,2097,0,0,2239,0,0,2523,0,0,2391,0,0,5266,0,,0,33939,0,1
BT-HQ,504,9412,9458,0,9846,9886,0,8817,8869,0,8893,8960,0,8093,8155,0,8340,8410,0,8186,8222,0,8753,8704,0.005598080658060112,9271,9210,0.006579656994930461,8999,8943,0.006222913657073059,8631,8588,0.004982041478391874,9536,9500,0.003775167785234901,,106777,106905,0,1
BT-HQ,505,0,21676,0,0,20812,0,0,21295,0,0,22044,0,0,23661,0,0,25345,0,0,24161,0,0,20174,0,0,17827,0,0,16440,0,0,16933,0,0,16680,0,,0,247048,0,1
BT-HQ,506,0,10652,0,0,9965,0,0,10385,0,0,6082,0,0,10882,0,0,6900,0,0,8721,0,0,4889,0,0,2034,0,0,2524,0,0,1565,0,0,2706,0,,0,77305,0,1
BT-HQ,507,0,11223,0,0,10540,0,0,9928,0,0,10611,0,0,11334,0,0,10948,0,0,9968,0,0,7755,0,0,6555,0,0,5802,0,0,6327,0,0,6440,0,,0,107431,0,1
BT-HQ,508,0,3566,0,0,3756,0,0,3293,0,0,3462,0,0,3001,0,0,3670,0,0,3091,0,0,3431,0,0,3366,0,0,3408,0,0,3460,0,0,3428,0,,0,40932,0,1
BT-HQ,509,0,4565,0,0,4189,0,0,3892,0,0,4070,0,0,3684,0,0,3522,0,0,4126,0,0,4620,0,0,4799,0,0,4986,0,0,4947,0,0,5073,0,,0,52473,0,1
BT-HQ,050A,297720,258850,0.13055891441623002,174470,174500,0,191880,191920,0,273290,273340,0,73220,73230,0,83210,83230,0,54300,54290,0.0001841620626150675,178530,178550,0,152280,152320,0,361910,361980,0,177570,128880,0.2742017232640649,271340,209550,0.227721677600059,,2289720,2140640,0.06510839753332287,1
BT-HQ,050B,52683,53194,0,51906,52478,0,68520,69312,0,84300,85115,0,88435,89228,0,63736,64271,0,66568,67298,0,86071,86734,0,63483,64195,0,72734,73762,0,71233,72406,0,66773,151629,0,,836442,929622,0,2
BT-HQ,51,4815,4818,0,11549,11556,0,21876,21888,0,5825,5830,0,3547,3548,0,3631,3633,0,7900,7905,0,5699,5702,0,18401,18411,0,5236,5239,0,16482,16489,0,10814,10822,0,,115775,115841,0,1
BT-HQ,510,0,2626,0,0,2526,0,0,2169,0,0,2267,0,0,2186,0,0,2009,0,0,1870,0,0,2432,0,0,2127,0,0,2125,0,0,2050,0,0,2146,0,,0,26533,0,1
BT-HQ,511,0,3281,0,0,3348,0,0,3228,0,0,3327,0,0,3183,0,0,3288,0,0,3257,0,0,3406,0,0,3249,0,0,3486,0,0,3984,0,0,3638,0,,0,40675,0,1
BT-HQ,512,0,365,0,0,374,0,0,456,0,0,586,0,0,615,0,0,522,0,0,535,0,0,496,0,0,464,0,0,516,0,0,567,0,0,552,0,,0,6048,0,1
BT-HQ,513,0,569,0,0,568,0,0,442,0,0,453,0,0,433,0,0,414,0,0,382,0,0,474,0,0,536,0,0,512,0,0,584,0,0,694,0,,0,6061,0,1
BT-HQ,514,0,1646,0,0,1437,0,0,1451,0,0,1769,0,0,1710,0,0,1746,0,0,1820,0,0,1621,0,0,1538,0,0,1483,0,0,1353,0,0,1098,0,,0,18672,0,1
BT-HQ,515,9123,9125,0,9856,9857,0,11438,11437,8.742787200555213e-05,12704,12702,0.00015743073047858047,12667,12666,7.89452909133459e-05,12815,12813,0.00015606710885684993,10872,10873,0,10801,10798,0.00027775205999447383,10071,10069,0.00019859001092248363,10466,10463,0.000286642461303277,8774,8774,0,8046,8045,0.00012428535918473926,,127633,127622,8.618460742915168e-05,1
BT-HQ,516,0,1142,0,0,1282,0,0,1350,0,0,1533,0,0,1433,0,0,1288,0,0,1227,0,0,831,0,0,1128,0,0,1251,0,0,1120,0,0,877,0,,0,14462,0,1
BT-HQ,517,0,687,0,0,678,0,0,1090,0,0,560,0,0,1044,0,0,984,0,0,1020,0,0,966,0,0,866,0,0,1246,0,0,1489,0,0,1528,0,,0,12158,0,1
BT-HQ,518,0,87,0,0,68,0,0,73,0,0,86,0,0,71,0,0,73,0,0,85,0,0,87,0,0,82,0,0,67,0,0,53,0,0,73,0,,0,905,0,1
BT-HQ,519,0,5224,0,0,6580,0,0,8070,0,0,9726,0,0,8953,0,0,7368,0,0,5646,0,0,4689,0,0,3601,0,0,3346,0,0,3342,0,0,2776,0,,0,69321,0,1
BT-HQ,52,63944,63935,0.0001407481546352729,71620,71615,6.981290142415997e-05,79066,79059,8.853363013183735e-05,90927,90918,9.898050084133914e-05,89544,89535,0.00010050924685067741,92391,92387,4.329426026339345e-05,86460,86451,0.0001040943789035742,90219,90209,0.00011084139704498064,90837,90828,9.907856930546632e-05,83590,83584,7.177892092358196e-05,79378,79367,0.00013857743959277968,77846,77838,0.0001027670015157911,,995822,995726,9.640277077627157e-05,1
BT-HQ,520,11500,11476,0.0020869565217391806,11340,11312,0.0024691358024691024,12920,12910,0.0007739938080495445,14620,14592,0.0019151846785225857,15180,15165,0.0009881422924901129,14721,14702,0.001290673187962721,13027,13044,0,13702,13720,0,12581,12596,0,11843,11858,0,11280,11297,0,10978,10983,0,,153692,153655,0.00024074122270512088,1
BT-HQ,521,4360,4358,0.0004587155963302614,4600,4599,0.00021739130434783593,4620,4621,0,5360,5354,0.0011194029850746245,4720,4713,0.0014830508474575899,4760,4767,0,4580,4575,0.0010917030567685337,4520,4486,0.007522123893805355,4720,4658,0.01313559322033897,4440,4381,0.013288288288288319,4480,4400,0.017857142857142905,4160,4109,0.012259615384615397,,55320,55021,0.005404916847433161,1
BT-HQ,522,10470,10449,0.0020057306590257618,10890,10881,0.0008264462809917106,11820,11780,0.0033840947546531774,12690,12677,0.001024428684003098,12240,12226,0.0011437908496731986,12420,12396,0.0019323671497584183,11880,11852,0.002356902356902335,12810,12765,0.003512880562060894,12870,12804,0.00512820512820511,14280,14227,0.003711484593837522,13680,13617,0.004605263157894779,13740,13686,0.003930131004366788,,149790,149360,0.0028706856265438008,1
BT-HQ,523,3320,3329,0,3600,3577,0.006388888888888888,3800,3812,0,4060,4046,0.0034482758620689724,3820,3817,0.0007853403141361293,3880,3878,0.0005154639175257714,3560,3540,0.005617977528089901,3620,3601,0.005248618784530423,3800,3767,0.008684210526315739,3600,3521,0.021944444444444433,3560,3510,0.014044943820224698,3680,3624,0.01521739130434785,,44300,44022,0.006275395033860098,1
BT-HQ,524,4480,4461,0.004241071428571441,4740,4727,0.002742616033755252,5280,5278,0.00037878787878786735,5260,5262,0,4620,4605,0.0032467532467532756,4560,4543,0.003728070175438636,4680,4671,0.0019230769230769162,5020,4982,0.007569721115537886,4600,4527,0.015869565217391357,4440,4382,0.01306306306306304,4080,4023,0.013970588235294068,3960,3921,0.009848484848484884,,55720,55382,0.006066044508255541,1
BT-HQ,525,2716,2711,0.0018409425625920406,2815,2822,0,3085,3088,0,3412,3414,0,3094,3095,0,3233,3234,0,3184,3185,0,3277,3279,0,3190,3192,0,3030,3025,0.0016501650165016146,2992,2928,0.021390374331550777,2927,3003,0,,36955,36976,0,1
BT-HQ,526,9210,9188,0.0023887079261671884,9270,9256,0.0015102481121898048,9990,9983,0.0007007007007007182,11310,11290,0.0017683465959328348,10800,10779,0.0019444444444444153,10920,10912,0.00073260073260073,9990,9974,0.00160160160160161,10440,10434,0.0005747126436781436,3690,10372,0,9570,9587,0,9900,9862,0.003838383838383863,10350,10331,0.0018357487922705529,,115440,121968,0,1
BT-HQ,527,0,1508,0,0,1603,0,0,1587,0,0,1822,0,0,1812,0,0,1790,0,0,1679,0,0,1799,0,0,1601,0,0,1661,0,0,1676,0,0,1877,0,,0,20415,0,1
BT-HQ,528,0,1492,0,0,1438,0,0,1592,0,0,1721,0,0,1622,0,0,1788,0,0,1792,0,0,1675,0,0,1630,0,0,1489,0,0,1501,0,0,1475,0,,0,19215,0,1
BT-HQ,529,0,2769,0,0,2889,0,0,2428,0,0,2725,0,0,2089,0,0,2178,0,0,2038,0,0,2140,0,0,1931,0,0,1821,0,0,1769,0,0,1958,0,,0,26735,0,1
BT-HQ,052A,7930,7940,0,250,250,0,180,180,0,270,270,0,5780,5770,0.0017301038062284002,2490,2500,0,260,260,0,110,110,0,190,190,0,110,110,0,90,90,0,20,20,0,,17680,17690,0,1
BT-HQ,53,171566,171601,0,186937,186984,0,205723,205776,0,242428,242493,0,223387,223441,0,221903,221954,0,213870,213915,0,223807,223861,0,229795,229845,0,208271,208319,0,199467,199508,0,181291,181328,0,,2508445,2509025,0,1
BT-HQ,530,0,3419,0,0,3402,0,0,3551,0,0,4097,0,0,3933,0,0,3908,0,0,3648,0,0,3734,0,0,3981,0,0,3581,0,0,3526,0,0,3567,0,,0,44347,0,1
BT-HQ,531,0,4188,0,0,4170,0,0,4333,0,0,4672,0,0,4214,0,0,4143,0,0,4275,0,0,4277,0,0,4471,0,0,4234,0,0,4312,0,0,4189,0,,0,51478,0,1
BT-HQ,532,0,1175,0,0,1289,0,0,1363,0,0,1543,0,0,1417,0,0,1522,0,0,1451,0,0,1459,0,0,1591,0,0,1437,0,0,1335,0,0,1328,0,,0,16910,0,1
BT-HQ,533,0,2856,0,0,2949,0,0,2919,0,0,2762,0,0,2672,0,0,2763,0,0,2785,0,0,2861,0,0,2797,0,0,2775,0,0,2838,0,0,2939,0,,0,33916,0,1
BT-HQ,534,0,2151,0,0,2369,0,0,2488,0,0,2665,0,0,2565,0,0,2689,0,0,2726,0,0,2949,0,0,2746,0,0,2570,0,0,2665,0,0,2697,0,,0,31280,0,1
BT-HQ,535,0,755,0,0,830,0,0,967,0,0,1040,0,0,1117,0,0,1061,0,0,1007,0,0,1119,0,0,1050,0,0,1104,0,0,1137,0,0,1045,0,,0,12232,0,1
BT-HQ,536,0,456,0,0,593,0,638,707,0,953,954,0,844,845,0,809,810,0,884,885,0,931,932,0,898,899,0,888,895,0,833,834,0,739,732,0.009472259810554773,,8417,9542,0,1
BT-HQ,537,0,3942,0,0,4132,0,0,4382,0,0,4626,0,0,5181,0,0,5352,0,0,5534,0,0,5788,0,0,5426,0,0,4708,0,0,4539,0,0,4342,0,,0,57952,0,1
BT-HQ,538,0,2820,0,0,3990,0,0,3810,0,0,4080,0,0,3930,0,0,4200,0,0,4050,0,0,4050,0,0,4050,0,0,3810,0,0,3600,0,0,3240,0,,0,45630,0,1
BT-HQ,539,0,1741,0,0,1967,0,0,1970,0,0,2193,0,0,2128,0,0,2282,0,0,2163,0,0,2375,0,0,2388,0,0,1990,0,0,2083,0,0,1731,0,,0,25011,0,1
BT-HQ,54,1532,1533,0,2450,2449,0.00040816326530612734,2757,2757,0,2427,2428,0,2118,2117,0.00047214353163360645,1809,1809,0,28070,28065,0.0001781261132881573,62082,62078,6.443091395247347e-05,2318,2320,0,2338,2336,0.0008554319931565191,1911,1911,0,17489,17486,0.00017153639430500522,,127301,127289,9.426477403950972e-05,1
BT-HQ,540,0,5033,0,0,5322,0,0,5892,0,0,6440,0,0,5887,0,0,5988,0,0,6161,0,0,6421,0,0,6672,0,0,6252,0,0,6202,0,0,5532,0,,0,71802,0,1
BT-HQ,541,0,1046,0,0,1072,0,0,1365,0,0,1401,0,0,0,,0,0,,0,3938,0,0,1455,0,0,1565,0,0,1600,0,0,1582,0,0,1382,0,,0,16406,0,1
BT-HQ,542,0,1719,0,0,1692,0,0,1914,0,0,2062,0,0,2081,0,0,2035,0,0,1931,0,0,1871,0,0,2064,0,0,2024,0,0,2013,0,0,1750,0,,0,23156,0,1
BT-HQ,543,0,410,0,0,437,0,0,459,0,0,0,,0,0,,0,1320,0,0,448,0,0,457,0,0,448,0,0,449,0,0,505,0,0,459,0,,0,5392,0,1
BT-HQ,544,0,2137,0,0,2462,0,0,2959,0,0,3457,0,0,2977,0,0,2625,0,0,2782,0,0,3030,0,0,2958,0,0,2788,0,0,2533,0,0,2300,0,,0,33008,0,1
BT-HQ,545,0,4828,0,0,5350,0,0,5646,0,0,5962,0,0,5715,0,0,5950,0,0,6072,0,0,6556,0,0,6575,0,0,5879,0,0,5742,0,0,5266,0,,0,69541,0,1
BT-HQ,546,1977,5671,0,1993,1991,0.0010035122930256435,2242,2240,0.000892060660124927,2664,2661,0.0011261261261261701,2574,2571,0.0011655011655011815,2533,2529,0.0015791551519936942,2538,2534,0.0015760441292356209,2318,2316,0.0008628127696289623,2135,2136,0,2002,1996,0.0029970029970030065,1914,1892,0.011494252873563204,1689,1732,0,,26579,30269,0,1
BT-HQ,547,0,4485,0,0,5043,0,0,5651,0,0,6101,0,0,5661,0,0,5604,0,0,6177,0,0,6504,0,0,6668,0,0,6168,0,0,6475,0,0,6279,0,,0,70816,0,1
BT-HQ,548,0,1861,0,0,1933,0,0,2086,0,0,2181,0,0,2089,0,0,2188,0,0,2192,0,0,2254,0,0,2372,0,0,2226,0,0,2143,0,0,1936,0,,0,25461,0,1
BT-HQ,549,0,1710,0,0,1864,0,0,2448,0,0,2938,0,0,2173,0,0,2203,0,0,2259,0,0,2073,0,0,2282,0,0,1808,0,0,1851,0,0,1373,0,,0,24982,0,1
BT-HQ,054A,1415,1415,0,1833,1833,0,3540,3540,0,1887,1887,0,1730,1730,0,2009,2009,0,11141,11140,8.975854950188378e-05,35948,35947,2.7817959274534232e-05,5105,5105,0,3198,3197,0.00031269543464662597,8236,8238,0,12418,12418,0,,88460,88459,1.1304544426882224e-05,1
BT-HQ,054B,0,0,,0,0,,0,0,,0,0,,0,0,,5728,5725,0.0005237430167597257,6323,6323,0,6623,6619,0.0006039559112185344,7497,7495,0.00026677337601710427,6092,6039,0.008699934340118176,6162,6212,0,5092,5034,0.011390416339355891,,43517,43447,0.0016085667670105996,1
BT-HQ,55,366280,366280,0,408310,408320,0,454740,454750,0,480690,480720,0,436190,436220,0,454240,454280,0,431540,431550,0,475580,475610,0,462570,462580,0,415670,415690,0,411210,411230,0,383130,383130,0,,5180150,5180360,0,1
BT-HQ,550,0,2870,0,0,3114,0,0,3370,0,0,3868,0,0,3658,0,0,3655,0,0,3451,0,0,3484,0,0,3325,0,0,3328,0,0,3413,0,0,3341,0,,0,40877,0,1
BT-HQ,551,0,945,0,0,1071,0,0,1072,0,0,1314,0,0,1358,0,0,1602,0,0,1521,0,0,1391,0,0,1412,0,0,985,0,0,1065,0,0,1197,0,,0,14933,0,1
BT-HQ,552,0,2010,0,0,2176,0,0,2283,0,0,2562,0,0,2325,0,0,2273,0,0,2018,0,0,1977,0,0,2075,0,0,1872,0,0,1779,0,0,1821,0,,0,25171,0,1
BT-HQ,553,0,3345,0,0,3438,0,0,4130,0,0,4413,0,0,4085,0,0,4272,0,0,4143,0,0,3957,0,0,4159,0,0,3867,0,0,3910,0,0,3587,0,,0,47306,0,1
BT-HQ,554,0,6444,0,0,6682,0,0,7192,0,0,7714,0,0,7449,0,0,7767,0,0,7649,0,0,7814,0,0,7774,0,0,6799,0,0,6753,0,0,6721,0,,0,86758,0,1
BT-HQ,555,0,607,0,0,652,0,0,740,0,0,711,0,0,688,0,0,746,0,0,779,0,0,814,0,0,827,0,0,850,0,0,825,0,0,749,0,,0,8988,0,1
BT-HQ,556,0,1482,0,0,1718,0,0,1842,0,0,2094,0,0,1897,0,0,1910,0,0,1955,0,0,1977,0,0,1809,0,0,1771,0,0,1598,0,0,1537,0,,0,21590,0,1
BT-HQ,557,0,1116,0,0,1230,0,0,1197,0,0,1339,0,0,1153,0,0,1265,0,0,1187,0,0,1134,0,0,1178,0,0,1175,0,0,1082,0,0,911,0,,0,13967,0,1
BT-HQ,558,0,785,0,0,932,0,0,945,0,0,1000,0,0,969,0,0,1196,0,0,1214,0,0,1191,0,0,1202,0,0,1043,0,0,1063,0,0,1156,0,,0,12696,0,1
BT-HQ,559,0,1660,0,0,1708,0,0,1967,0,0,2257,0,0,2089,0,0,1923,0,0,1759,0,0,1846,0,0,2137,0,0,1856,0,0,1693,0,0,1822,0,,0,22717,0,1
BT-HQ,56,1057760,1058400,0,1072370,1073171,0,1019650,1020909,0,1163700,1165040,0,1022490,1023671,0,950230,951270,0,869920,870870,0,892610,893600,0,889219,890210,0,899000,901389,0,988901,988350,0.0005571841872947791,865720,858561,0.008269417363581777,,11691570,11695441,0,1
BT-HQ,560,0,600,0,0,583,0,0,625,0,0,673,0,0,609,0,0,613,0,0,562,0,0,669,0,0,745,0,0,685,0,0,619,0,0,633,0,,0,7616,0,1
BT-HQ,561,0,2040,0,0,2076,0,0,2055,0,0,2298,0,0,2176,0,0,2166,0,0,2274,0,0,2623,0,0,2597,0,0,2198,0,0,2068,0,0,2260,0,,0,26831,0,1
BT-HQ,562,0,16219,0,0,17090,0,0,17905,0,0,19879,0,0,18847,0,0,18700,0,0,18630,0,0,19099,0,0,19055,0,0,16986,0,0,17643,0,0,16803,0,,0,216856,0,1
BT-HQ,056A,0,244270,0,0,255440,0,0,233780,0,0,216480,0,0,326310,0,0,337740,0,0,348520,0,0,345130,0,0,305380,0,0,236960,0,0,143520,0,0,264449,0,,0,3257979,0,1
BT-HQ,57,28590,28590,0,37330,37340,0,44150,44150,0,27880,27880,0,24000,24000,0,14120,14120,0,13610,13610,0,8840,8840,0,6270,6270,0,4740,4750,0,4770,4690,0.016771488469601636,2990,3060,0,,217290,217300,0,1
BT-HQ,579,0,1291,0,0,2988,0,0,1764,0,0,1878,0,0,1424,0,0,1219,0,0,1438,0,0,1645,0,0,1446,0,0,1451,0,0,1329,0,0,1275,0,,0,19148,0,1
BT-HQ,58,0,0,,0,0,,0,0,,0,0,,0,0,,0,0,,0,0,,0,0,,0,0,,0,0,,0,0,,0,0,,,0,0,,0
BT-HQ,580,0,1044,0,0,1093,0,0,1050,0,0,1320,0,0,1176,0,0,994,0,0,891,0,0,1036,0,0,921,0,0,922,0,0,1063,0,0,950,0,,0,12460,0,1
BT-HQ,581,0,1308,0,0,1225,0,0,1302,0,0,1437,0,0,1311,0,0,1440,0,0,1386,0,0,1485,0,0,1477,0,0,1324,0,0,1176,0,0,1228,0,,0,16099,0,1
BT-HQ,582,0,6357,0,0,6407,0,0,6345,0,0,6994,0,0,6318,0,0,6326,0,0,6346,0,0,6604,0,0,6429,0,0,6041,0,0,5825,0,0,6072,0,,0,76064,0,1
BT-HQ,583,0,1984,0,0,2050,0,0,2036,0,0,2393,0,0,2245,0,0,2215,0,0,2040,0,0,2110,0,0,2177,0,0,1994,0,0,1951,0,0,1868,0,,0,25063,0,1
BT-HQ,584,0,4160,0,0,4747,0,0,4087,0,0,4635,0,0,4114,0,0,4429,0,0,8627,0,0,9753,0,0,6944,0,0,5739,0,0,5249,0,0,7546,0,,0,70030,0,1
BT-HQ,585,0,5800,0,0,5980,0,0,6360,0,0,7400,0,0,6580,0,0,6820,0,0,6997,0,0,7152,0,0,7163,0,0,6303,0,0,6425,0,0,6062,0,,0,79042,0,1
BT-HQ,586,0,4590,0,0,4671,0,0,4851,0,0,5489,0,0,5167,0,0,5263,0,0,6261,0,0,11498,0,0,8153,0,0,7865,0,0,10110,0,0,15045,0,,0,88963,0,1
BT-HQ,587,0,8839,0,0,9527,0,0,9840,0,0,10289,0,0,9316,0,0,9189,0,0,10202,0,0,10365,0,0,9314,0,0,8606,0,0,8887,0,0,10100,0,,0,114474,0,1
BT-HQ,588,0,3913,0,0,3424,0,0,3033,0,0,3607,0,0,3236,0,0,3350,0,0,3249,0,0,3183,0,0,3582,0,0,3215,0,0,3145,0,0,3043,0,,0,39980,0,1
BT-HQ,589,0,5875,0,0,6246,0,0,6132,0,0,6794,0,0,6260,0,0,6351,0,0,6520,0,0,6494,0,0,5955,0,0,5796,0,0,5691,0,0,5520,0,,0,73634,0,1
BT-HQ,59,0,0,,0,0,,0,0,,0,0,,0,0,,0,0,,0,0,,0,0,,0,0,,0,0,,0,0,,0,0,,,0,0,,1
BT-HQ,590,0,7181,0,0,7532,0,0,8030,0,0,8911,0,0,8719,0,0,8558,0,0,8426,0,0,8842,0,0,8692,0,0,8129,0,0,7957,0,0,7798,0,,0,98775,0,1
BT-HQ,591,0,1829,0,0,2048,0,0,2024,0,0,2114,0,0,1999,0,0,1909,0,0,2198,0,0,2246,0,0,2084,0,0,2226,0,0,2048,0,0,2157,0,,0,24882,0,1
BT-HQ,592,0,1023,0,0,1036,0,0,772,0,0,601,0,0,607,0,0,650,0,0,651,0,0,686,0,0,655,0,0,568,0,0,589,0,0,627,0,,0,8465,0,1
BT-HQ,593,0,1815,0,0,1784,0,0,1653,0,0,1883,0,0,1534,0,0,1627,0,0,1687,0,0,0,,0,0,,0,5021,0,0,1459,0,0,1381,0,,0,19844,0,1
BT-HQ,594,0,407,0,0,439,0,0,544,0,0,727,0,0,644,0,0,599,0,0,622,0,0,733,0,0,673,0,0,675,0,0,496,0,0,550,0,,0,7109,0,1
BT-HQ,595,0,2185,0,0,2229,0,0,2343,0,0,2299,0,0,2136,0,0,1807,0,0,1614,0,0,1611,0,0,1732,0,0,1639,0,0,1934,0,0,1710,0,,0,23239,0,1
BT-HQ,596,0,1999,0,0,1818,0,0,1484,0,0,1827,0,0,2017,0,0,1531,0,0,1859,0,0,1701,0,0,1795,0,0,1748,0,0,1884,0,0,1723,0,,0,21386,0,1
BT-HQ,597,0,1054,0,0,1061,0,0,920,0,0,1009,0,0,1077,0,0,1221,0,0,1199,0,0,1421,0,0,1815,0,0,1746,0,0,1879,0,0,1656,0,,0,16058,0,1
BT-HQ,598,0,1201,0,0,1516,0,0,808,0,0,731,0,0,696,0,0,752,0,0,1021,0,0,571,0,0,1002,0,0,605,0,0,830,0,0,612,0,,0,10345,0,1
BT-HQ,599,0,4208,0,0,4003,0,0,3834,0,0,4444,0,0,4631,0,0,5290,0,0,5372,0,0,4500,0,0,4335,0,0,4439,0,0,4838,0,0,4161,0,,0,54055,0,1
BT-HQ,6,0,0,,0,0,,0,0,,0,0,,0,0,,0,0,,0,0,,0,0,,0,0,,0,0,,0,0,,0,0,,,0,0,,0
BT-HQ,60,56394,48425,0.14130935915168286,49609,49614,0,44521,44520,2.2461310392851708e-05,71952,71963,0,37662,37665,0,30104,30105,0,29914,29916,0,63943,63946,0,56249,56253,0,48264,48265,0,63765,63763,3.1365168979835545e-05,68914,68917,0,,621291,613352,0.012778231134846663,1
BT-HQ,61,369660,369610,0.00013525942758207954,381470,381420,0.00013107190604766394,403340,403290,0.00012396489314225878,511930,511860,0.00013673744457254333,446830,446770,0.00013427925609288405,402780,402730,0.00012413724613935528,402260,402210,0.00012429771789390642,539730,539660,0.00012969447686805857,470120,470060,0.00012762698885393498,458220,458140,0.00017458862555108645,451420,451370,0.00011076159673917285,466680,466600,0.00017142367360933886,,5304440,5303720,0.00013573534623823047,1
BT-HQ,62,691840,691708,0.00019079555966694528,654707,654568,0.00021230871214150682,680520,680387,0.00019543878210781518,680981,680843,0.000202648825738172,553073,552969,0.00018804027678087643,491188,491096,0.00018730099269526068,423544,423459,0.00020068753187385546,788674,788507,0.00021174781975819013,746359,746209,0.00020097566988541704,644872,644730,0.0002201987371137637,765974,765820,0.00020105121061553266,806493,806331,0.0002008696913674557,,7928225,7926627,0.00020155835637858388,1
BT-HQ,63,0,0,,0,0,,22440,22430,0.00044563279857401383,9560,9560,0,0,0,,0,0,,0,0,,0,0,,0,0,,0,0,,0,0,,80180,80120,0.0007483162883512584,,112180,112110,0.0006239971474416572,1
BT-HQ,64,180624,180656,0,197674,197713,0,198072,198111,0,228875,228919,0,201312,201344,0,362487,362540,0,572838,572968,0,389833,389913,0,155646,155675,0,171570,171596,0,215987,216022,0,204300,204339,0,,3079218,3079796,0,1
BT-HQ,65,556419,556451,0,609731,609709,3.6081485113914624e-05,580509,580451,9.99123183275108e-05,679480,679410,0.00010301995643724471,556141,556070,0.00012766546613174334,361330,963120,0,0,1767350,0,0,2111620,0,0,1926940,0,0,1715199,0,0,1717440,0,0,1052480,0,,3343610,14236240,0,1
BT-HQ,66,0,0,,0,0,,0,0,,0,0,,0,0,,0,0,,0,0,,0,0,,0,0,,0,0,,0,0,,0,0,,,0,0,,0
BT-HQ,67,2076,2673,0,3406,3997,0,4563,5141,0,3184,3794,0,1574,2159,0,5693,6343,0,2148,2717,0,2690,3286,0,3129,3765,0,4055,4636,0,8154,8798,0,9514,10129,0,,50186,57438,0,1
BT-HQ,68,0,0,,0,0,,0,0,,0,0,,0,0,,0,0,,0,0,,0,0,,0,0,,0,0,,0,0,,0,0,,,0,0,,0
BT-HQ,69,0,0,,0,0,,0,0,,0,0,,0,0,,0,0,,0,0,,0,0,,0,0,,0,0,,0,0,,0,0,,,0,0,,0
BT-HQ,7,0,0,,0,0,,0,0,,0,0,,0,0,,0,0,,0,0,,0,0,,0,0,,0,0,,0,0,,0,0,,,0,0,,0
BT-HQ,70,0,0,,0,0,,0,0,,0,0,,0,0,,0,0,,0,0,,0,0,,0,0,,0,0,,0,0,,0,0,,,0,0,,0
BT-HQ,71,0,0,,0,0,,0,0,,0,0,,0,0,,0,0,,0,0,,0,0,,0,0,,0,0,,0,0,,0,0,,,0,0,,0
BT-HQ,72,87890,74884,0.1479804300830584,62977,62996,0,63830,63847,0,43489,43495,0,58861,58888,0,74319,74337,0,63729,63749,0,83215,83241,0,80239,80263,0,60209,60209,0,76131,76104,0.00035465185010052913,83778,83769,0.00010742677075126217,,838667,825782,0.015363666389639707,1
BT-HQ,73,56151,56149,3.561824366438149e-05,41538,41537,2.4074341566704405e-05,52355,52352,5.730111737178856e-05,44648,44646,4.4794839634487715e-05,55619,55618,1.7979467448192565e-05,49434,49432,4.0457984383235335e-05,41746,41746,0,44000,44000,0,38769,38767,5.1587608656422645e-05,46136,46135,2.1675047685132398e-05,45021,45019,4.44237133782055e-05,48334,48333,2.0689369801818458e-05,,563751,563734,3.0155157152766954e-05,1
BT-HQ,74,8875,8871,0.0004507042253520943,8328,8324,0.0004803073967338811,7087,7082,0.0007055171440666363,6298,6295,0.0004763416957764832,8829,8822,0.0007928417714350156,8989,8984,0.0005562353988207702,7243,7238,0.0006903216899074582,8601,8596,0.0005813277525869021,8189,8185,0.0004884601294419255,8078,8074,0.0004951720722951025,7597,7593,0.0005265236277477436,7135,7131,0.0005606166783461708,,95249,95195,0.0005669350859326405,1
BT-HQ,074A,0,0,,0,0,,0,0,,0,0,,0,0,,0,0,,0,0,,0,0,,0,0,,0,0,,0,11235,0,0,1056,0,,0,12291,0,1
BT-HQ,75,0,0,,0,0,,0,0,,0,0,,0,0,,0,0,,0,0,,0,0,,0,0,,0,0,,102,177,0,4135,4710,0,,4237,4887,0,1
BT-HQ,76,58371,53752,0.07913176063456173,39249,40257,0,42216,43198,0,2810,3392,0,2133,2689,0,2029,2589,0,2052,2592,0,53030,54141,0,45409,46481,0,26154,26920,0,107462,91716,0.14652621391747778,35702,30362,0.1495714525796874,,416617,398089,0.044472501122133745,1
BT-HQ,77,283488,283629,0,191115,191218,0,177536,177632,0,77353,77391,0,157091,157190,0,37245,37268,0,29025,29042,0,199571,199679,0,131012,131113,0,188692,188795,0,243889,244021,0,258946,259090,0,,1974963,1976068,0,1
BT-HQ,78,0,0,,0,0,,0,0,,0,0,,0,0,,0,0,,0,0,,0,0,,0,0,,0,0,,0,0,,0,0,,,0,0,,0
BT-HQ,79,0,0,,0,0,,0,0,,0,0,,0,0,,0,0,,0,0,,0,0,,0,0,,0,0,,0,0,,0,0,,,0,0,,0
BT-HQ,8,0,0,,0,0,,0,0,,0,0,,0,0,,0,0,,0,0,,0,0,,0,0,,0,0,,0,0,,0,0,,,0,0,,0
BT-HQ,80,0,0,,0,0,,0,0,,0,0,,0,0,,0,0,,0,0,,0,0,,0,0,,0,0,,0,0,,0,0,,,0,0,,0
BT-HQ,81,0,0,,0,0,,0,0,,0,0,,0,0,,0,0,,0,0,,0,0,,0,0,,0,0,,0,0,,0,0,,,0,0,,0
BT-HQ,816,0,0,,0,0,,0,0,,0,0,,0,0,,0,0,,0,0,,0,0,,0,0,,0,0,,0,0,,0,0,,,0,0,,0
BT-HQ,82,0,0,,0,0,,0,0,,0,0,,0,0,,0,0,,0,0,,0,0,,0,0,,0,0,,0,0,,0,0,,,0,0,,0
BT-HQ,83,0,0,,0,0,,0,0,,0,0,,0,0,,0,0,,0,0,,0,0,,0,0,,0,0,,0,0,,0,0,,,0,0,,0
BT-HQ,84,0,0,,0,0,,0,0,,0,0,,0,0,,0,0,,0,0,,0,0,,0,0,,0,0,,0,0,,0,0,,,0,0,,0
BT-HQ,85,0,0,,0,0,,0,0,,0,0,,0,0,,0,0,,0,0,,0,0,,0,0,,0,0,,0,0,,0,0,,,0,0,,0
BT-HQ,86,0,0,,0,0,,0,0,,0,0,,0,0,,0,0,,0,0,,0,0,,0,0,,0,0,,0,0,,0,0,,,0,0,,0
BT-HQ,87,0,0,,0,0,,0,0,,0,0,,0,0,,0,0,,0,0,,0,0,,0,0,,0,0,,0,0,,0,0,,,0,0,,0
BT-HQ,087A,0,0,,0,0,,0,0,,0,0,,0,0,,0,0,,0,0,,0,0,,0,0,,0,0,,0,0,,0,0,,,0,0,,0
BT-HQ,88,0,0,,0,0,,0,0,,0,0,,0,0,,0,0,,0,0,,0,0,,0,0,,0,0,,0,0,,0,0,,,0,0,,0
BT-HQ,89,0,0,,0,0,,0,0,,0,0,,0,0,,0,0,,0,0,,0,0,,0,0,,0,0,,0,0,,0,0,,,0,0,,0
BT-HQ,9,0,0,,0,0,,0,0,,0,0,,0,0,,0,0,,0,0,,0,0,,0,0,,0,0,,0,0,,0,0,,,0,0,,0
BT-HQ,90,0,0,,0,0,,0,0,,0,0,,0,0,,0,0,,0,0,,0,0,,0,0,,0,0,,0,0,,0,0,,,0,0,,0
BT-HQ,91,0,0,,0,0,,0,0,,5900,5890,0.0016949152542372614,13070,13070,0,18730,18710,0.0010678056593700358,72090,72050,0.0005548619780829656,87160,87120,0.00045892611289577445,80810,80770,0.0004949882440291598,70640,70610,0.000424688561721398,54630,54610,0.00036609921288666136,36960,36950,0.00027056277056281,,439990,439780,0.0004772835746267301,1
BT-HQ,92,0,0,,0,0,,0,0,,0,0,,0,0,,0,0,,0,0,,0,0,,0,0,,0,0,,0,0,,0,0,,,0,0,,0
BT-HQ,93,0,0,,0,0,,0,0,,0,0,,0,0,,0,0,,0,0,,0,0,,0,0,,0,0,,0,0,,0,0,,,0,0,,0
BT-HQ,093A,0,0,,0,0,,0,0,,0,0,,0,0,,0,0,,0,0,,0,0,,0,0,,0,0,,0,0,,0,0,,,0,0,,0
BT-HQ,94,33430,33440,0,64970,65010,0,41950,42090,0,53280,53510,0,45630,46200,0,44930,45850,0,43350,44090,0,47250,47760,0,49190,49740,0,44170,44230,0,40600,40630,0,173990,174010,0,,682740,686560,0,1
BT-HQ,95,40655,40675,0,41177,41197,0,38580,38604,0,38780,38804,0,36203,36229,0,34878,34899,0,37237,37266,0,29793,29813,0,38964,38991,0,28835,28854,0,29829,29846,0,29603,29615,0,,424534,424793,0,1
BT-HQ,095A,6570,6570,0,7850,7850,0,8330,8320,0.0012004801920768582,8770,8760,0.0011402508551880963,9870,9870,0,655650,655340,0.00047281323877068626,1919840,1919100,0.0003854487873989898,1959360,1958750,0.0003113261473134399,1860220,1859490,0.00039242670221806275,1578300,1577770,0.0003358043464487537,1503900,1503530,0.00024602699647580106,1177350,1177020,0.0002802904828640429,,10696010,10692370,0.0003403138179564058,1
BT-HQ,96,29604,29591,0.0004391298473179761,34936,34925,0.00031486146095716094,30989,30976,0.0004195036948594355,23586,23575,0.00046637836004403965,35528,35515,0.0003659085791488659,37286,37273,0.000348656332135433,32452,32444,0.0002465179341797352,36031,36016,0.00041630817906801454,28459,28449,0.0003513826908886353,34382,34370,0.0003490198359606955,30776,30766,0.00032492851572651915,36039,38215,0,,390068,392115,0,1
BT-HQ,97,21232,21239,0,20417,20424,0,12950,12955,0,15592,15597,0,8186,8192,0,5368,5370,0,9222,9223,0,7839,7846,0,2824,2826,0,6188,6190,0,5923,5925,0,7673,7676,0,,123414,123463,0,1
BT-HQ,097A,0,0,,0,0,,0,0,,0,0,,0,0,,0,0,,0,18579,0,0,92581,0,0,17123,0,0,2517,0,0,5411,0,0,15976,0,,0,152187,0,1
BT-HQ,98,0,0,,0,0,,0,0,,0,0,,0,0,,57357,57368,0,151524,151613,0,0,0,,0,0,,0,0,,0,0,,0,0,,,208881,208981,0,1
BT-HQ,098A,0,0,,0,0,,0,0,,0,0,,0,0,,0,0,,0,45310,0,0,200520,0,0,509050,0,0,673390,0,0,628350,0,0,481100,0,,0,2537720,0,1
BT-HQ,99,1432220,1431640,0.00040496571755732624,1248720,1248330,0.0003123198154910689,1083430,1083000,0.0003968876623317019,767520,767270,0.00032572441109024464,5550,5550,0,7840,7840,0,6600,6590,0.0015151515151514694,7440,7440,0,7750,7750,0,6440,6440,0,6310,6300,0.0015847860538826808,11410,11410,0,,4591230,4589560,0.000363736950664606,1
BT-HQ,10,0,0,,0,0,,0,0,,0,0,,0,0,,0,0,,0,0,,0,0,,0,0,,0,0,,0,0,,0,0,,,0,0,,0
BT-HQ,100,101277,96039,0.05171954145561186,117947,109547,0.07121842861624283,133084,121578,0.08645667398034329,168547,152826,0.09327368627148513,145142,134032,0.07654572763224976,156033,144220,0.07570834374779689,130111,126509,0.027684054384333412,150006,145478,0.030185459248296742,131956,127792,0.031555973203188925,132722,128382,0.03269992917526865,134960,130827,0.03062388855957321,108057,105236,0.02610659189131659,,1609842,1522466,0.054276133931155934,204
BT-HQ,1000,0,2557,0,0,2873,0,0,3073,0,0,3807,0,0,3118,0,0,2918,0,0,2621,0,0,2948,0,0,2778,0,0,3178,0,0,2944,0,0,2626,0,,0,35441,0,1
BT-HQ,1001,0,3288,0,0,3896,0,0,3534,0,0,4150,0,0,3931,0,0,3654,0,0,3522,0,0,3321,0,0,3181,0,0,3207,0,0,3314,0,0,3509,0,,0,42507,0,1
BT-HQ,1002,0,963,0,0,1037,0,0,1128,0,0,1502,0,0,1159,0,0,1090,0,0,1040,0,0,1075,0,0,1069,0,0,1018,0,0,1060,0,0,1023,0,,0,13164,0,1
BT-HQ,1003,0,2407,0,0,2453,0,0,2567,0,0,3016,0,0,2579,0,0,2496,0,0,2369,0,0,2605,0,0,2730,0,0,2540,0,0,2687,0,0,2346,0,,0,30795,0,1
BT-HQ,1004,0,749,0,0,945,0,0,890,0,0,1062,0,0,804,0,0,879,0,0,825,0,0,871,0,0,939,0,0,839,0,0,843,0,0,713,0,,0,10359,0,1
BT-HQ,1005,0,1322,0,0,1376,0,0,1362,0,0,1630,0,0,1589,0,0,1564,0,0,1384,0,0,1602,0,0,1816,0,0,1589,0,0,1521,0,0,1395,0,,0,18150,0,1
BT-HQ,1006,0,1807,0,0,1983,0,0,1420,0,0,1481,0,0,1312,0,0,1355,0,0,1457,0,0,1281,0,0,1386,0,0,1120,0,0,1199,0,0,1487,0,,0,17288,0,1
BT-HQ,1007,0,398,0,0,425,0,0,478,0,0,589,0,0,520,0,0,452,0,0,432,0,0,495,0,0,472,0,0,657,0,0,591,0,0,470,0,,0,5979,0,1
BT-HQ,1008,0,1608,0,0,1739,0,0,1867,0,0,2326,0,0,2129,0,0,1696,0,0,1756,0,0,1918,0,0,1780,0,0,2037,0,0,1789,0,0,1570,0,,0,22215,0,1
BT-HQ,1009,0,4560,0,0,5207,0,0,5416,0,0,6697,0,0,5267,0,0,4779,0,0,4463,0,0,4666,0,0,4904,0,0,4580,0,0,4520,0,0,4241,0,,0,59300,0,1
BT-HQ,101,18042,17842,0.011085245538188682,22003,21773,0.010453120029086937,26837,26616,0.008234899578939525,31838,31519,0.010019473585024197,29361,28955,0.013827866898266428,32438,32122,0.009741661014859071,28449,28181,0.00942036626946463,33990,33677,0.009208590761988766,29343,29076,0.009099274102852495,25099,24832,0.010637874018885163,25804,25528,0.010696016121531593,22514,22180,0.014835213644843193,,325718,322301,0.010490669843238654,5
BT-HQ,1010,0,2105,0,0,2119,0,0,1989,0,0,2549,0,0,2052,0,0,1962,0,0,1848,0,0,1815,0,0,1853,0,0,1769,0,0,2110,0,0,2413,0,,0,24584,0,1
BT-HQ,1011,0,5333,0,0,5630,0,0,5672,0,0,6614,0,0,5914,0,0,0,,0,0,,0,18223,0,0,6242,0,0,5997,0,0,6387,0,0,5889,0,,0,71901,0,1
BT-HQ,1012,0,1044,0,0,1040,0,0,1121,0,0,1191,0,0,0,,0,0,,0,3228,0,0,1054,0,0,982,0,0,877,0,0,1132,0,0,986,0,,0,12655,0,1
BT-HQ,1013,0,5565,0,0,5698,0,0,5649,0,0,6618,0,0,5220,0,0,6134,0,0,5139,0,0,4404,0,0,5038,0,0,4338,0,0,4306,0,0,5024,0,,0,63133,0,1
BT-HQ,1014,0,1105,0,0,1139,0,1066,1150,0,2105,2105,0,1920,1918,0.0010416666666667185,1949,1949,0,1707,1705,0.0011716461628588082,1674,1673,0.0005973715651135247,2100,2100,0,1738,1737,0.0005753739930954849,1787,1786,0.0005595970900951208,1533,1533,0,,17579,19900,0,1
BT-HQ,1015,0,977,0,0,981,0,0,1151,0,0,1420,0,0,1208,0,0,1291,0,0,1237,0,0,1371,0,0,1324,0,0,1587,0,0,1450,0,0,1223,0,,0,15220,0,1
BT-HQ,1016,0,1681,0,0,1775,0,0,2135,0,0,2290,0,0,2047,0,0,2000,0,0,1907,0,0,1934,0,0,2085,0,0,2346,0,0,2239,0,0,2199,0,,0,24638,0,1
BT-HQ,1017,0,874,0,0,900,0,0,947,0,0,1083,0,0,908,0,0,996,0,0,861,0,0,907,0,0,831,0,0,1017,0,0,945,0,0,817,0,,0,11086,0,1
BT-HQ,1018,0,433,0,0,492,0,0,2454,0,0,3646,0,0,14767,0,0,8876,0,0,5982,0,0,453,0,0,500,0,0,1484,0,0,2097,0,0,10790,0,,0,51974,0,1
BT-HQ,1019,0,5314,0,0,5420,0,0,5760,0,0,6904,0,0,5827,0,0,5821,0,0,5367,0,0,7226,0,0,5537,0,0,6654,0,0,6195,0,0,5499,0,,0,71524,0,1
BT-HQ,101F,0,0,,0,0,,0,0,,0,0,,0,0,,0,0,,0,0,,0,0,,0,0,,0,0,,0,0,,0,0,,,0,0,,0
BT-HQ,102,0,20569,0,0,20274,0,0,20497,0,0,20943,0,0,20709,0,13107,20436,0,18443,19639,0,18885,20123,0,18043,19228,0,18347,19629,0,18773,20083,0,16705,17861,0,,122303,239991,0,1
BT-HQ,1020,960,987,0,1000,1028,0,1220,1258,0,1500,1530,0,1200,1237,0,1180,1195,0,1080,1100,0,1100,1120,0,900,936,0,1180,1224,0,1180,1219,0,1100,1137,0,,13600,13971,0,1
BT-HQ,1021,0,3607,0,0,4031,0,0,4502,0,0,5158,0,0,4647,0,0,4208,0,0,4035,0,0,4408,0,0,4070,0,0,4700,0,0,4366,0,0,4149,0,,0,51881,0,1
BT-HQ,1022,0,5930,0,0,6134,0,0,6298,0,0,7341,0,0,6301,0,0,6092,0,0,6288,0,0,6757,0,0,5780,0,0,6360,0,0,6258,0,0,5658,0,,0,75197,0,1
BT-HQ,1023,0,1777,0,0,1807,0,0,1987,0,0,2017,0,0,1845,0,0,1979,0,0,2040,0,0,2078,0,0,2119,0,0,2337,0,0,2380,0,0,2147,0,,0,24513,0,1
BT-HQ,1024,0,6201,0,0,6502,0,0,6933,0,0,8272,0,0,6982,0,0,7085,0,0,6624,0,0,7453,0,0,6578,0,0,7771,0,0,7347,0,0,6418,0,,0,84166,0,1
BT-HQ,1025,0,810,0,0,806,0,0,886,0,0,1102,0,0,883,0,0,828,0,0,809,0,0,884,0,0,941,0,0,729,0,0,823,0,0,763,0,,0,10264,0,1
BT-HQ,1026,0,4200,0,0,4548,0,0,5477,0,0,6694,0,0,5913,0,0,5673,0,0,5433,0,0,5287,0,0,5788,0,0,4802,0,0,5511,0,0,5485,0,,0,64811,0,1
BT-HQ,1027,0,1029,0,0,1056,0,0,1197,0,0,1414,0,0,0,,0,0,,0,3774,0,0,1345,0,0,1305,0,0,1042,0,0,1153,0,0,1111,0,,0,14426,0,1
BT-HQ,1028,0,523,0,0,676,0,0,649,0,0,760,0,0,670,0,0,677,0,0,652,0,0,675,0,0,718,0,0,632,0,0,713,0,0,722,0,,0,8067,0,1
BT-HQ,1029,0,5615,0,0,5575,0,0,5598,0,0,6220,0,0,5261,0,0,5486,0,0,5485,0,0,5903,0,0,5228,0,0,6090,0,0,6098,0,0,5976,0,,0,68535,0,1
BT-HQ,103,11160,11461,0,12106,12105,8.260366760282079e-05,14678,14679,0,14807,14808,0,15994,16004,0,14920,14923,0,15635,15635,0,15558,15558,0,15948,15946,0.00012540757461754204,15270,15268,0.0001309757694826219,15116,15114,0.00013231013495629274,14174,14183,0,,175366,175684,0,1
BT-HQ,1030,0,1556,0,0,1602,0,0,1820,0,0,2001,0,0,1392,0,0,1408,0,0,1415,0,0,1470,0,0,1283,0,0,1435,0,0,1425,0,0,1446,0,,0,18253,0,1
BT-HQ,1031,0,2362,0,0,2624,0,0,2702,0,0,3113,0,0,2696,0,0,2889,0,0,2685,0,0,2889,0,0,2788,0,0,2951,0,0,2904,0,0,2912,0,,0,33515,0,1
BT-HQ,1032,0,1113,0,0,1249,0,0,1243,0,0,1432,0,0,1322,0,0,1367,0,0,1325,0,0,1642,0,0,1444,0,0,1475,0,0,1345,0,0,1202,0,,0,16159,0,1
BT-HQ,1033,0,687,0,0,821,0,0,987,0,0,1321,0,0,883,0,0,799,0,0,812,0,0,873,0,0,750,0,0,866,0,0,674,0,0,531,0,,0,10004,0,1
BT-HQ,1034,0,1006,0,0,1080,0,0,1268,0,0,1356,0,0,1342,0,0,1230,0,0,1110,0,0,1166,0,0,1110,0,0,1236,0,0,1237,0,0,1113,0,,0,14254,0,1
BT-HQ,1036,0,2990,0,0,3293,0,0,3494,0,0,4332,0,0,3862,0,0,3734,0,0,3821,0,0,4018,0,0,3567,0,0,4284,0,0,3811,0,0,3721,0,,0,44927,0,1
BT-HQ,1037,19949,19948,5.012782595614773e-05,18029,18027,0.00011093238671033845,20113,20112,4.971908715756257e-05,22156,22155,4.5134500812449296e-05,23327,23326,4.286877866854777e-05,20624,20624,0,15356,15355,6.512112529299952e-05,7866,7866,0,3404,3403,0.000293772032902484,8343,8343,0,4612,4605,0.0015177797051171282,12255,12248,0.0005711954304365996,,176034,176012,0.00012497585693671542,1
BT-HQ,1038,0,1844,0,0,1911,0,0,1913,0,0,2601,0,0,1926,0,0,1866,0,0,1711,0,0,1767,0,0,1637,0,0,1439,0,0,1179,0,0,1307,0,,0,21101,0,1
BT-HQ,1039,0,4191,0,0,4510,0,0,5255,0,0,5887,0,0,5780,0,0,6273,0,0,5726,0,0,6134,0,0,5953,0,0,5334,0,0,5083,0,0,5183,0,,0,65309,0,1
BT-HQ,104,70758,67853,0.04105542836145737,85205,81336,0.04540813332550908,95553,91285,0.044666310843196944,114981,109414,0.04841669493220624,111767,106755,0.04484329005878296,108065,103178,0.04522278258455559,97066,92801,0.04393917540642445,113572,108300,0.046419892226957304,95094,91281,0.040097167013691704,101425,96540,0.048163667734779425,97175,92912,0.04386930794957555,76404,73440,0.03879378043034398,,1167065,1115095,0.04453051029719857,550
BT-HQ,1040,0,1937,0,0,1618,0,0,1934,0,0,1992,0,0,1793,0,0,1633,0,0,1759,0,0,1666,0,0,1935,0,0,1852,0,0,1479,0,0,1423,0,,0,21021,0,1
BT-HQ,1041,0,1000,0,0,1220,0,0,1000,0,0,1120,0,0,1080,0,0,1060,0,0,1100,0,0,1120,0,0,1084,0,0,1058,0,0,958,0,0,941,0,,0,12741,0,1
BT-HQ,1042,0,1651,0,0,1256,0,0,1267,0,0,2013,0,0,1331,0,0,1607,0,0,1445,0,0,1541,0,0,1878,0,0,1954,0,0,1879,0,0,1692,0,,0,19514,0,1
BT-HQ,1043,0,1929,0,0,2218,0,2163,2242,0,2860,2863,0,2539,2541,0,2511,2513,0,2327,2329,0,2557,2560,0,2707,2692,0.00554118950868121,2388,2407,0,2280,2299,0,2277,2263,0.0061484409310496035,,24609,28856,0,1
BT-HQ,1044,0,1125,0,0,1183,0,0,1312,0,0,1704,0,0,1444,0,0,1489,0,0,1321,0,0,1386,0,0,1355,0,0,1555,0,0,1420,0,0,1283,0,,0,16577,0,1
BT-HQ,1045,0,769,0,0,829,0,0,962,0,0,1266,0,0,1038,0,0,1060,0,0,996,0,0,1043,0,0,944,0,0,1173,0,0,1105,0,0,1120,0,,0,12305,0,1
BT-HQ,1046,0,426,0,0,451,0,0,499,0,0,714,0,0,603,0,0,646,0,0,614,0,0,691,0,0,641,0,0,781,0,0,652,0,0,597,0,,0,7315,0,1
BT-HQ,1047,69312,69315,0,66011,66010,1.5148990319846511e-05,67867,67866,1.4734701695995334e-05,82602,82602,0,76554,76554,0,79234,79237,0,74014,74013,1.3510957386442257e-05,72639,72643,0,70304,70306,0,64350,64350,0,62734,65294,0,58049,55032,0.05197333287395134,,843670,843222,0.0005310133108916704,1
BT-HQ,1048,0,844,0,0,868,0,0,965,0,0,1057,0,0,881,0,0,907,0,0,815,0,0,919,0,0,952,0,0,910,0,0,1022,0,0,1010,0,,0,11150,0,1
BT-HQ,1049,0,794,0,0,1003,0,0,984,0,0,1137,0,0,923,0,0,857,0,0,791,0,0,788,0,0,894,0,0,806,0,0,812,0,0,842,0,,0,10631,0,1
BT-HQ,105,52090,50469,0.031119216740257194,61828,59969,0.03006728343145504,69083,66236,0.04121129655631628,87638,84969,0.030454825532303387,73785,71834,0.026441688690113208,78366,76013,0.03002577648469995,70858,68842,0.028451268734652424,83567,80996,0.030765732884990515,73314,71201,0.028821234689145325,76652,74597,0.026809476595522574,73594,71351,0.030478028100116905,57908,56572,0.023071078262070888,,858683,833049,0.02985269301942628,367
BT-HQ,1050,0,169,0,0,301,0,0,178,0,0,196,0,0,142,0,0,144,0,0,196,0,0,170,0,0,166,0,0,168,0,0,171,0,0,203,0,,0,2204,0,1
BT-HQ,1051,0,1642,0,0,2119,0,0,2209,0,0,2525,0,0,1917,0,0,1919,0,0,1970,0,0,2097,0,0,2144,0,0,1664,0,0,1767,0,0,1637,0,,0,23610,0,1
BT-HQ,1052,0,910,0,0,1122,0,0,1135,0,0,1216,0,0,969,0,0,935,0,0,882,0,0,993,0,0,949,0,0,814,0,0,965,0,0,1042,0,,0,11932,0,1
BT-HQ,1053,0,0,,0,0,,0,0,,0,0,,0,0,,0,0,,0,0,,0,0,,0,0,,0,0,,0,0,,0,0,,,0,0,,0
BT-HQ,1054,0,388,0,0,436,0,0,298,0,0,354,0,0,348,0,0,364,0,0,286,0,0,339,0,0,359,0,0,307,0,0,279,0,0,243,0,,0,4001,0,1
BT-HQ,1055,0,2340,0,0,2880,0,0,3200,0,0,3580,0,0,3240,0,0,3280,0,0,3020,0,0,3040,0,0,3386,0,0,3188,0,0,2901,0,0,2931,0,,0,36986,0,1
BT-HQ,1056,0,530,0,0,651,0,0,950,0,0,1137,0,0,1044,0,0,1164,0,0,893,0,0,1084,0,0,1032,0,0,1047,0,0,836,0,0,812,0,,0,11180,0,1
BT-HQ,1057,0,1600,0,0,1830,0,0,1992,0,0,2347,0,0,2018,0,0,2353,0,0,2414,0,0,2383,0,0,2222,0,0,2176,0,0,2032,0,0,2053,0,,0,25420,0,1
BT-HQ,1058,0,1520,0,0,1720,0,0,1860,0,0,2040,0,0,1820,0,0,1700,0,0,1920,0,0,1720,0,0,1382,0,0,1423,0,0,1623,0,0,1465,0,,0,20193,0,1
BT-HQ,1059,0,1464,0,0,1527,0,0,1676,0,0,1953,0,0,1639,0,0,1718,0,0,1905,0,0,1844,0,0,1850,0,0,1801,0,0,1629,0,0,1668,0,,0,20674,0,1
BT-HQ,106,58567,56844,0.02941929755664452,67958,65921,0.029974395950439936,76293,73926,0.031025126813731263,89094,86465,0.029508159920982324,81106,78845,0.027877099104875125,81366,78605,0.033933092446476465,76556,76471,0.0011102983436961367,88558,84506,0.045755324194313385,74262,72612,0.022218631332309946,80440,79021,0.017640477374440522,77461,75705,0.022669472379649114,64722,63997,0.011201755199159447,,916383,892918,0.02560610574399569,178
BT-HQ,1060,0,0,,0,0,,0,0,,0,0,,0,0,,0,0,,0,0,,0,0,,0,0,,0,0,,0,0,,0,0,,,0,0,,0
BT-HQ,1061,0,1324,0,0,1451,0,0,2019,0,0,2346,0,0,2064,0,0,2696,0,0,2758,0,0,2421,0,0,2345,0,0,2307,0,0,2060,0,0,2012,0,,0,25803,0,1
BT-HQ,1063,0,840,0,0,1095,0,0,1011,0,0,1192,0,0,1285,0,0,1098,0,0,1316,0,0,1763,0,0,1338,0,0,1374,0,0,1921,0,0,1118,0,,0,15351,0,1
BT-HQ,1065,0,891,0,0,1144,0,0,1288,0,0,1070,0,0,905,0,0,779,0,0,693,0,0,710,0,0,723,0,0,701,0,0,638,0,0,751,0,,0,10293,0,1
BT-HQ,1066,0,257,0,0,274,0,0,278,0,0,337,0,0,379,0,0,440,0,0,381,0,0,573,0,0,777,0,0,511,0,0,554,0,0,1305,0,,0,6066,0,1
BT-HQ,1067,0,15817,0,0,7143,0,0,5578,0,0,18480,0,0,13654,0,0,11005,0,0,15867,0,0,19048,0,0,14210,0,0,6512,0,0,10051,0,0,9277,0,,0,146642,0,1
BT-HQ,1068,0,3670,0,0,3943,0,0,4626,0,0,5646,0,0,5625,0,0,883,0,0,0,,0,0,,0,0,,0,0,,0,0,,0,0,,,0,24393,0,0
BT-HQ,1069,0,0,,0,0,,0,0,,0,0,,0,0,,0,0,,0,0,,0,0,,0,0,,0,0,,0,0,,0,0,,,0,0,,0
BT-HQ,107,57444,56766,0.011802799247963236,65064,63941,0.01725992868560189,73785,72094,0.022917937250118592,84586,83243,0.015877331946184903,77945,76645,0.01667842709602929,80023,78943,0.01349611986553867,70142,70255,0,82790,80856,0.023360309216088893,69280,68758,0.007534642032332561,73718,72733,0.013361729835318359,68121,67279,0.01236035877335917,56675,56778,0,,859573,848291,0.013125121426568742,139
BT-HQ,1070,0,7472,0,0,8312,0,0,9185,0,0,10012,0,0,8887,0,0,9089,0,0,8835,0,0,8852,0,0,9099,0,0,8063,0,0,8093,0,0,7730,0,,0,103629,0,1
BT-HQ,1071,0,210,0,0,260,0,0,341,0,0,462,0,0,340,0,0,420,0,0,496,0,0,446,0,0,431,0,0,561,0,0,669,0,0,579,0,,0,5215,0,1
BT-HQ,1072,0,2648,0,0,3093,0,0,3112,0,0,3623,0,0,3220,0,0,3274,0,0,3249,0,0,3301,0,0,3317,0,0,2968,0,0,2865,0,0,2821,0,,0,37491,0,1
BT-HQ,1073,1907,1926,0,1912,1933,0,1963,1984,0,2060,2083,0,1276,1287,0,1345,1357,0,1402,1414,0,1404,1415,0,1465,1477,0,1388,1400,0,1350,1361,0,1285,1288,0,,18757,18925,0,1
BT-HQ,1074,0,1567,0,0,1560,0,0,1662,0,0,1682,0,0,1604,0,0,1622,0,0,1707,0,0,1654,0,0,1739,0,0,1569,0,0,1558,0,0,1504,0,,0,19428,0,1
BT-HQ,1075,0,1987,0,0,2032,0,0,2037,0,0,2670,0,0,2322,0,0,1924,0,0,1811,0,0,2435,0,0,1924,0,0,1853,0,0,1915,0,0,2123,0,,0,25033,0,1
BT-HQ,1076,0,1403,0,0,1438,0,0,1470,0,0,1718,0,0,1654,0,0,1805,0,0,1876,0,0,1967,0,0,2079,0,0,1949,0,0,2031,0,0,1966,0,,0,21356,0,1
BT-HQ,1077,0,4178,0,0,4151,0,0,4535,0,0,5053,0,0,4253,0,0,4444,0,0,4495,0,0,4520,0,0,4413,0,0,4285,0,0,4423,0,0,3966,0,,0,52716,0,1
BT-HQ,1078,0,5587,0,0,5961,0,0,6589,0,0,7135,0,0,6203,0,0,6474,0,0,6658,0,0,6442,0,0,6900,0,0,6320,0,0,6239,0,0,5862,0,,0,76370,0,1
BT-HQ,1079,0,1624,0,0,1854,0,0,2025,0,0,2454,0,0,2160,0,0,2187,0,0,2067,0,0,2109,0,0,2677,0,0,2082,0,0,2302,0,0,2084,0,,0,25625,0,1
BT-HQ,108,72467,69768,0.03724453889356538,84679,81163,0.041521510646087,96690,91986,0.048650325783431536,112321,106834,0.04885106079896018,103762,98495,0.05076039397852783,111866,106552,0.047503262832317206,94230,91494,0.02903533906399236,111181,104984,0.05573794083521466,96744,92477,0.04410609443479696,93459,89437,0.043034913705475075,98369,94302,0.04134432595634807,77864,75406,0.031567861913079254,,1153632,1102898,0.043977628914593225,337
BT-HQ,1080,0,1116,0,0,1140,0,0,1164,0,0,1345,0,0,1368,0,0,1169,0,0,1409,0,0,1283,0,0,1297,0,0,1312,0,0,1305,0,0,1229,0,,0,15137,0,1
BT-HQ,1081,0,3791,0,0,3746,0,0,3946,0,0,2480,0,0,2359,0,0,2427,0,0,2445,0,0,2416,0,0,2015,0,0,2190,0,0,2400,0,0,1821,0,,0,32036,0,1
BT-HQ,1082,0,0,,0,0,,0,0,,0,0,,0,0,,0,0,,0,0,,0,0,,0,0,,0,0,,0,0,,0,0,,,0,0,,0
BT-HQ,1083,0,4587,0,0,669,0,0,5645,0,0,2159,0,0,5461,0,0,795,0,0,6051,0,0,695,0,0,815,0,0,6979,0,0,866,0,0,6177,0,,0,40899,0,1
BT-HQ,1084,0,2126,0,0,2455,0,0,2720,0,0,2894,0,0,2987,0,0,3015,0,0,2432,0,0,2534,0,0,2537,0,0,2388,0,0,2395,0,0,2482,0,,0,30965,0,1
BT-HQ,1085,0,1409,0,0,1619,0,0,1587,0,0,1703,0,0,1481,0,0,1629,0,0,1363,0,0,1315,0,0,1290,0,0,1272,0,0,1335,0,0,1627,0,,0,17630,0,1
BT-HQ,1086,1262,1299,0,1424,1469,0,1543,1591,0,1922,1980,0,2345,2416,0,2340,2414,0,2530,2604,0,2763,2845,0,2499,2576,0,2817,2920,0,2694,2791,0,2320,2339,0,,26459,27244,0,1
BT-HQ,1087,103,103,0,113,113,0,164,166,0,168,170,0,137,138,0,95,94,0.010526315789473717,113,114,0,145,145,0,131,131,0,154,155,0,176,175,0.005681818181818232,175,176,0,,1674,1680,0,1
BT-HQ,1088,320,335,0,347,362,0,386,404,0,496,517,0,508,527,0,480,498,0,585,605,0,645,668,0,531,553,0,595,619,0,616,641,0,448,454,0,,5957,6183,0,1
BT-HQ,1089,0,22,0,8,44,0,28,28,0,4,4,0,1,2,0,1,0,1,1,1,0,1,1,0,4,4,0,10,10,0,5,5,0,1,2,0,,64,123,0,1
BT-HQ,108A,791,821,0,887,912,0,1245,1270,0,1208,1236,0,1444,1462,0,1496,1520,0,1611,1631,0,1457,1479,0,2230,2243,0,1590,1604,0,1414,1432,0,1026,1047,0,,16399,16657,0,1
BT-HQ,109,123375,119170,0.03408308004052685,137169,131910,0.03833956652013215,166021,159143,0.04142849398570059,209202,200174,0.04315446315044791,180155,172950,0.03999333906913494,193967,186172,0.04018724834636822,170490,165657,0.02834770367763506,193252,184636,0.044584273383975304,176478,170323,0.03487686850485616,166899,161555,0.032019365005182765,166504,160845,0.03398717147936381,137313,132978,0.03157020821043888,,2020825,1945513,0.03726794749669071,632
BT-HQ,1090,0,944,0,0,984,0,0,1096,0,0,1338,0,0,1090,0,0,1033,0,0,921,0,0,1024,0,0,965,0,0,1172,0,0,1071,0,0,948,0,,0,12586,0,1
BT-HQ,109A,17231,17226,0.0002901746851604603,19257,19205,0.00270031676792859,23042,22848,0.008419408037496745,28734,28595,0.004837474768566885,25272,25073,0.007874327318771801,25851,25745,0.004100421647131647,22632,22576,0.002474372569812644,26273,26033,0.009134853271419274,23730,23816,0,22272,22009,0.011808548850574696,22316,22223,0.004167413514966856,19088,18939,0.007805951383067944,,275698,274288,0.005114291725003439,118
BT-HQ,11,0,0,,0,0,,0,0,,0,0,,0,0,,0,0,,0,0,,0,0,,0,0,,0,0,,0,0,,0,0,,,0,0,,0
BT-HQ,110,91224,89550,0.018350434096290447,79628,78687,0.011817451147837499,98395,96256,0.021738909497433845,120832,118345,0.020582296080508433,128143,124379,0.029373434366293916,128447,125389,0.023807484799177825,113013,112810,0.0017962535283551073,125978,121029,0.03928463700011109,122931,120477,0.019962417941772226,111626,109711,0.017155501406482365,118770,115624,0.02648817041340401,89295,88258,0.011613192228008273,,1328282,1300515,0.020904446495548346,343
BT-HQ,1100,427,437,0,490,502,0,607,625,0,720,742,0,773,796,0,748,771,0,706,726,0,808,832,0,581,596,0,719,741,0,830,850,0,691,708,0,,8100,8326,0,1
BT-HQ,1101,476,476,0,508,508,0,568,568,0,708,707,0.0014124293785310327,620,620,0,621,620,0.0016103059581320522,600,601,0,658,658,0,678,678,0,633,627,0.009478672985781977,554,559,0,511,513,0,,7135,7135,0,1
BT-HQ,1102,284,286,0,257,261,0,262,263,0,197,199,0,120,122,0,137,139,0,88,88,0,69,70,0,71,72,0,54,55,0,92,94,0,150,150,0,,1781,1799,0,1
BT-HQ,1103,3803,3805,0,4117,4121,0,3998,4001,0,4438,4442,0,4430,4432,0,3906,3910,0,3808,3812,0,4114,4118,0,4550,4562,0,3679,3674,0.0013590649633052898,3918,3921,0,3769,3772,0,,48530,48570,0,1
BT-HQ,1104,0,4544,0,0,3834,0,0,3945,0,0,4216,0,0,3915,0,0,3545,0,0,3746,0,0,3770,0,0,3587,0,0,3330,0,0,3574,0,0,3735,0,,0,45741,0,1
BT-HQ,1105,0,5238,0,0,5532,0,0,5240,0,0,5908,0,0,5353,0,0,5536,0,0,5203,0,0,5341,0,0,6043,0,0,4765,0,0,5845,0,0,5453,0,,0,65457,0,1
BT-HQ,1106,0,2183,0,0,2388,0,0,2237,0,0,2499,0,0,2182,0,0,2445,0,0,2286,0,0,2320,0,0,2242,0,0,2033,0,0,2389,0,0,2528,0,,0,27732,0,1
BT-HQ,1107,482,478,0.008298755186721962,497,492,0.010060362173038184,668,660,0.0119760479041916,852,815,0.04342723004694837,707,700,0.00990099009900991,744,734,0.013440860215053752,727,719,0.011004126547455306,844,834,0.011848341232227444,780,761,0.024358974358974383,907,896,0.012127894156560126,861,852,0.010452961672473893,731,723,0.01094391244870041,,8800,8664,0.015454545454545499,1
BT-HQ,1108,746,746,0,796,799,0,1082,1086,0,1136,1135,0.0008802816901408717,729,731,0,943,945,0,1109,1108,0.0009017132551848439,1186,1185,0.000843170320404707,715,716,0,792,794,0,1134,1134,0,1175,1174,0.0008510638297872797,,11543,11553,0,1
BT-HQ,1109,99,100,0,85,85,0,73,74,0,76,77,0,72,73,0,81,81,0,80,81,0,94,95,0,89,89,0,105,106,0,109,109,0,94,96,0,,1057,1066,0,1
BT-HQ,111,61115,59085,0.03321606806839561,63943,61254,0.04205307852305962,76602,73928,0.03490770475966687,91111,88242,0.03148906279153996,90380,87327,0.03377959725603008,97348,93646,0.03802851625097592,83099,84707,0,92716,84639,0.08711549247163386,89604,86321,0.03663898933083343,82400,80081,0.028143203883495116,82947,79305,0.043907555426959344,66454,64539,0.028816925993920606,,977719,943074,0.0354345164612736,307
BT-HQ,1110,0,320,0,0,562,0,0,584,0,0,567,0,0,477,0,0,466,0,0,436,0,0,419,0,0,0,,0,893,0,0,435,0,0,530,0,,0,5689,0,1
BT-HQ,1111,0,2944,0,0,2681,0,0,2686,0,0,3323,0,0,2951,0,0,3043,0,0,2866,0,0,3125,0,0,3181,0,0,2840,0,0,2988,0,0,2805,0,,0,35433,0,1
BT-HQ,1112,0,599,0,0,667,0,0,656,0,0,815,0,0,677,0,0,837,0,0,842,0,0,871,0,0,925,0,0,774,0,0,668,0,0,655,0,,0,8986,0,1
BT-HQ,1113,4177,4147,0.007182188173330162,4721,4690,0.006566405422579913,5052,5021,0.006136183689627872,6277,6235,0.006691094471881431,5559,5520,0.007015650296815945,2701,2682,0.007034431691965937,0,0,,0,0,,0,0,,0,0,,0,0,,0,0,,,28487,28295,0.006739916453118999,0
BT-HQ,1114,5905,5981,0,6130,6210,0,6527,6611,0,7723,7823,0,6839,6928,0,2419,2449,0,0,0,,0,0,,0,0,,0,0,,0,0,,0,0,,,35543,36002,0,0
BT-HQ,1115,0,827,0,0,906,0,0,1004,0,0,1081,0,0,854,0,0,766,0,0,757,0,0,834,0,0,877,0,0,697,0,0,806,0,0,830,0,,0,10239,0,1
BT-HQ,1116,0,799,0,0,871,0,0,939,0,0,1094,0,0,853,0,0,848,0,0,793,0,0,1015,0,0,1052,0,0,967,0,0,942,0,0,875,0,,0,11048,0,1
BT-HQ,1117,0,252,0,0,255,0,0,214,0,0,300,0,0,234,0,0,233,0,0,226,0,0,246,0,0,267,0,0,650,0,0,677,0,0,630,0,,0,4184,0,1
BT-HQ,1118,0,1191,0,0,1326,0,0,1319,0,0,1617,0,0,1517,0,0,1746,0,0,1463,0,0,1503,0,0,1455,0,0,1328,0,0,1387,0,0,1371,0,,0,17223,0,1
BT-HQ,1119,0,559,0,0,581,0,0,510,0,0,568,0,0,445,0,0,422,0,0,402,0,0,376,0,0,404,0,0,370,0,0,409,0,0,675,0,,0,5721,0,1
BT-HQ,111A,19286,19601,0,8238,8452,0,18001,18319,0,7092,7304,0,19639,19999,0,12998,13266,0,6310,6497,0,4033,4228,0,5354,5571,0,7754,7715,0.005029662109878763,17742,18078,0,17768,18067,0,,144215,147097,0,1
BT-HQ,111B,13046,12670,0.02882109458837956,13274,12884,0.02938074431218929,16032,15667,0.022766966067864325,20155,19701,0.022525427933515307,19541,19170,0.018985722327414134,21505,21029,0.02213438735177864,19073,23121,0,20058,15111,0.2466347591983249,18189,17935,0.013964484028808566,19093,18679,0.021683339443775207,18946,18495,0.023804496991449375,16460,15909,0.033475091130012125,,215372,210371,0.023220288616904727,39
BT-HQ,112,32395,31366,0.0317641611359778,33788,32808,0.029004380253344397,41466,40243,0.02949404331259342,44434,43019,0.031844983571139185,53788,52030,0.032683870008180294,48822,47366,0.029822620949571887,43534,42388,0.026324252308540408,48953,47698,0.025636835331848906,45979,44649,0.02892624893973339,45617,44110,0.03303592958765378,45721,44257,0.03202029701887532,36365,35542,0.022631651313075762,,520862,505476,0.02953949414624224,196
BT-HQ,1120,0,442,0,0,306,0,0,297,0,0,391,0,0,520,0,0,625,0,0,606,0,0,511,0,0,455,0,0,313,0,0,396,0,0,615,0,,0,5477,0,1
BT-HQ,1121,0,763,0,0,931,0,0,803,0,0,840,0,0,672,0,0,555,0,0,516,0,0,581,0,0,585,0,0,573,0,0,734,0,0,762,0,,0,8315,0,1
BT-HQ,1122,719,720,0,660,662,0,753,755,0,904,907,0,801,803,0,775,777,0,752,753,0,833,836,0,836,839,0,668,669,0,902,904,0,759,761,0,,9362,9386,0,1
BT-HQ,1123,0,639,0,0,677,0,0,561,0,0,675,0,0,480,0,0,526,0,0,423,0,0,278,0,0,321,0,0,213,0,0,282,0,0,340,0,,0,5415,0,1
BT-HQ,1124,0,550,0,0,667,0,0,635,0,0,692,0,0,647,0,0,754,0,0,762,0,0,923,0,0,834,0,0,653,0,0,829,0,0,742,0,,0,8688,0,1
BT-HQ,1125,0,1103,0,0,1088,0,0,1071,0,0,1108,0,0,1536,0,0,1155,0,0,1192,0,0,970,0,0,1068,0,0,991,0,0,1028,0,0,1028,0,,0,13338,0,1
BT-HQ,1126,0,3313,0,0,2939,0,0,2885,0,0,2945,0,0,2649,0,0,2936,0,0,3103,0,0,3036,0,0,3562,0,0,2740,0,0,3534,0,0,3482,0,,0,37124,0,1
BT-HQ,1127,0,1121,0,0,1329,0,0,1573,0,0,1556,0,0,1520,0,0,1534,0,0,1524,0,0,1758,0,0,2224,0,0,1958,0,0,2543,0,0,1996,0,,0,20636,0,1
BT-HQ,1128,0,1063,0,0,166,0,0,174,0,0,645,0,0,204,0,0,199,0,0,190,0,0,246,0,0,191,0,0,225,0,0,204,0,0,136,0,,0,3643,0,1
BT-HQ,1129,0,2345,0,0,2592,0,0,2468,0,0,3161,0,0,2919,0,0,2994,0,0,2564,0,0,2727,0,0,2808,0,0,2363,0,0,2299,0,0,2312,0,,0,31552,0,1
BT-HQ,112A,43592,41803,0.041039640300972624,44933,43002,0.042975096254423306,56770,53655,0.05487053020961774,61970,57645,0.06979183475875428,78962,76285,0.033902383424938565,67036,63808,0.048153231099707594,60915,58046,0.047098415825330364,73161,69632,0.04823608206558139,62370,59342,0.04854898188231527,60020,57062,0.049283572142619136,63061,59957,0.04922218169708692,48157,45957,0.0456839088813672,,720947,686194,0.04820465304661781,419
BT-HQ,112B,541,540,0.001848428835489857,2,2,0,0,0,,0,0,,0,0,,0,0,,0,0,,0,0,,0,0,,0,0,,0,0,,0,0,,,543,542,0.0018416206261510082,0
BT-HQ,113,10961,10600,0.03293495119058476,12215,11754,0.037740483012689285,14324,14737,0,16121,14739,0.08572669189256255,17435,16922,0.029423573272153725,17236,16677,0.03243211882107222,14811,14661,0.010127607859023668,17183,16216,0.056276552406448244,14782,14428,0.023948044919496647,14784,14791,0,16018,15976,0.0026220501935322327,13544,13235,0.02281453041937387,,179414,174736,0.026073773507084175,85
BT-HQ,1130,0,887,0,0,888,0,0,1006,0,0,1247,0,0,1093,0,0,1099,0,0,1116,0,0,0,,0,0,,0,3484,0,0,1288,0,0,1266,0,,0,13374,0,1
BT-HQ,1131,0,1424,0,0,1401,0,0,1588,0,0,1758,0,0,1680,0,0,1688,0,0,1679,0,0,1664,0,0,1511,0,0,1720,0,0,1598,0,0,1459,0,,0,19170,0,1
BT-HQ,1132,0,1752,0,0,1835,0,0,2076,0,0,2387,0,0,2161,0,0,2033,0,0,0,,0,0,,0,6315,0,0,2369,0,0,2149,0,0,1971,0,,0,25048,0,1
BT-HQ,1133,0,6780,0,0,5910,0,0,7800,0,0,9180,0,0,7110,0,0,6060,0,0,5970,0,0,5850,0,0,5370,0,0,6330,0,0,5460,0,0,8370,0,,0,80190,0,1
BT-HQ,1134,0,1546,0,0,1740,0,0,1953,0,0,2168,0,0,1750,0,0,1285,0,0,1347,0,0,1417,0,0,1084,0,0,1072,0,0,1505,0,0,1208,0,,0,18075,0,1
BT-HQ,1136,0,4510,0,0,4558,0,0,4991,0,0,5582,0,0,5285,0,0,5228,0,0,5231,0,0,5688,0,0,4867,0,0,5448,0,0,5309,0,0,5023,0,,0,61720,0,1
BT-HQ,1137,0,455,0,0,479,0,0,468,0,0,571,0,0,635,0,0,477,0,0,467,0,0,534,0,0,418,0,0,502,0,0,488,0,0,628,0,,0,6122,0,1
BT-HQ,1138,0,2940,0,0,743,0,0,2815,0,0,3616,0,0,3906,0,0,4239,0,0,4214,0,0,1522,0,0,168,0,0,95,0,0,2625,0,0,3506,0,,0,30389,0,1
BT-HQ,1139,0,3286,0,0,3356,0,0,3465,0,0,4095,0,0,3810,0,0,3474,0,0,3676,0,0,3687,0,0,3108,0,0,3664,0,0,3560,0,0,3189,0,,0,42370,0,1
BT-HQ,113A,15194,14623,0.03758062393049888,15752,15110,0.04075672930421537,18940,18202,0.03896515311510029,21473,20671,0.03734922926465789,25346,24344,0.03953286514637422,23881,22944,0.03923621288890755,20120,19327,0.03941351888667988,24925,23959,0.03875626880641925,22203,21338,0.03895869927487272,21772,20984,0.036193275767040234,22336,21574,0.03411532951289398,17547,16907,0.03647347124864653,,249489,239983,0.038101880243217146,174
BT-HQ,113B,15932,15456,0.02987697715289983,16368,15825,0.03317448680351909,18811,18239,0.03040774015203873,21404,20775,0.029387030461595964,24401,23673,0.029834842834310038,23458,22732,0.030948930002557717,20527,19904,0.030350270375602895,23852,23162,0.028928391749119542,21238,20583,0.030840945475091863,19823,19312,0.025778136508096683,20904,20308,0.028511289705319576,16263,15658,0.03720100842402996,,242981,235627,0.03026574094270751,167
BT-HQ,113C,3243,3158,0.02621029910576622,3222,3149,0.022656734947237744,2897,2822,0.0258888505350362,3279,3193,0.02622750838670329,3166,3079,0.027479469361970987,3713,3593,0.03231887961217339,3104,3016,0.028350515463917536,3818,3720,0.02566788894709271,3416,3328,0.025761124121779888,2855,2799,0.019614711033274945,3348,3282,0.01971326164874554,2817,2734,0.029463968761093362,,38878,37873,0.02585009516950465,12
BT-HQ,113D,4043,3945,0.024239426168686573,4076,3977,0.02428851815505395,3890,3799,0.02339331619537277,4182,4085,0.023194643711142993,4336,4234,0.02352398523985244,4810,4708,0.02120582120582115,3998,3900,0.02451225612806407,4843,4732,0.022919677885608114,4644,4531,0.024332472006890593,2089,3559,0,2429,4209,0,1494,3831,0,,44834,49510,0,20
BT-HQ,113E,2033,2007,0.012788981800295085,2160,2132,0.012962962962962954,3261,3231,0.009199632014719406,4338,4296,0.009681881051175623,4638,4591,0.0101336783096162,3828,3799,0.007575757575757569,3095,3065,0.009693053311793265,4231,4194,0.008744977546679245,3750,3721,0.00773333333333337,3716,3670,0.01237890204520986,3550,3535,0.004225352112676051,2743,2684,0.021509296390813004,,41343,40925,0.010110538664344637,29
BT-HQ,113F,733,729,0.00545702592087316,622,620,0.003215434083601254,474,473,0.002109704641350185,710,710,0,1042,1041,0.0009596928982725794,594,599,0,589,592,0,797,801,0,660,663,0,841,842,0,1019,1021,0,613,613,0,,8694,8704,0,4
BT-HQ,113G,8815,8699,0.013159387407827516,9483,9350,0.014025097542971654,12691,12509,0.014340871483728646,15226,14651,0.03776435045317217,19588,19654,0,19615,19349,0.013561050216670867,16484,16232,0.015287551565154045,18965,18727,0.012549433166359036,16010,15818,0.011992504684572136,15537,15391,0.009396923472999918,16548,16249,0.018068648779308694,12318,12200,0.009579477187855123,,181280,178829,0.013520520741394537,75
BT-HQ,113H,880,880,0,1259,1163,0.07625099285146941,1254,1348,0,1758,1754,0.0022753128555176305,1636,1634,0.0012224938875305957,2214,2210,0.0018066847335139746,1970,1964,0.003045685279187804,1972,1970,0.0010141987829614951,1443,1440,0.0020790020790020236,1393,1395,0,1455,1451,0.0027491408934707806,2508,2506,0.0007974481658692412,,19742,19715,0.0013676425894032507,3
BT-HQ,113I,5011,5641,0,3205,3807,0,2969,3521,0,2310,2927,0,2718,3280,0,4010,4623,0,2893,3477,0,3875,4533,0,4392,5076,0,2321,2930,0,2635,3309,0,2012,2571,0,,38351,45695,0,1
BT-HQ,113J,0,0,,0,0,,0,0,,0,0,,0,0,,0,0,,0,0,,0,0,,0,0,,0,0,,0,0,,0,0,,,0,0,,0
BT-HQ,113K,5885,5834,0.008666100254885345,5679,5630,0.00862827962669488,8170,7975,0.0238678090575275,10231,10275,0,11135,11018,0.010507409070498408,11885,11770,0.009676062263357155,10055,9938,0.011636001989060119,13932,13783,0.010694803330462244,12272,12260,0.0009778357235984414,11600,11429,0.014741379310344804,11176,11148,0.002505368647100936,7652,7531,0.015812859383167788,,119672,118591,0.009033023597834089,80
BT-HQ,113L,4428,4545,0,4492,4425,0.014915405164737328,7908,7756,0.01922104198280228,10085,9934,0.014972731779871129,11943,11758,0.015490245331993613,11800,11701,0.008389830508474527,10397,10238,0.015292872944118518,13115,12937,0.013572245520396486,11565,11417,0.01279723303069602,12128,12013,0.00948218997361483,13273,13080,0.01454079710690881,11166,10987,0.016030807809421455,,122300,120791,0.012338511856091583,122
BT-HQ,114,10568,10330,0.022520817562452722,12007,11770,0.01973848588323479,14969,14916,0.003540650678067969,17470,17172,0.017057813394390386,14727,14227,0.03395124601072863,15405,15353,0.0033755274261603185,13257,13006,0.018933393678811195,15416,15147,0.017449403217436377,13068,12787,0.021502907866544185,14484,14118,0.025269262634631362,13422,13090,0.024735508866040812,10271,10157,0.01109921137182357,,165064,162073,0.018120244268889696,124
BT-HQ,1140,0,5496,0,0,5575,0,0,6382,0,0,8038,0,0,7398,0,0,7301,0,0,7522,0,0,7740,0,0,7002,0,0,8356,0,0,8324,0,0,7110,0,,0,86244,0,1
BT-HQ,1141,0,787,0,0,770,0,0,864,0,0,1039,0,0,1023,0,0,976,0,0,838,0,0,922,0,0,751,0,0,886,0,0,893,0,0,906,0,,0,10655,0,1
BT-HQ,1142,0,6526,0,0,6112,0,0,4807,0,0,5252,0,0,4259,0,0,3668,0,0,3795,0,0,2795,0,0,843,0,0,2267,0,0,719,0,0,3289,0,,0,44332,0,1
BT-HQ,1143,0,7655,0,0,7984,0,0,8626,0,0,10350,0,0,8994,0,0,8863,0,0,8661,0,0,7944,0,0,5084,0,0,5928,0,0,5732,0,0,5116,0,,0,90937,0,1
BT-HQ,1144,0,4569,0,0,4781,0,0,5041,0,0,5858,0,0,5343,0,0,5366,0,0,5323,0,0,6462,0,0,8011,0,0,9482,0,0,8682,0,0,8095,0,,0,77013,0,1
BT-HQ,1145,0,75,0,0,88,0,0,133,0,0,150,0,0,98,0,0,155,0,0,167,0,0,130,0,0,108,0,0,136,0,0,135,0,0,137,0,,0,1512,0,1
BT-HQ,1146,0,0,,0,0,,0,0,,0,0,,0,0,,0,0,,0,0,,0,0,,0,1914,0,0,1620,0,0,1310,0,0,1846,0,,0,6690,0,1
BT-HQ,1147,0,0,,0,0,,0,0,,0,0,,0,0,,0,0,,0,0,,0,0,,0,0,,0,0,,0,0,,0,0,,,0,0,,1
BT-HQ,115,29085,28518,0.01949458483754518,28959,28120,0.028971994889326336,35404,34343,0.029968365156479493,42007,40710,0.030875806413216855,45407,43909,0.03299050807144277,43446,41953,0.03436449845785572,39138,42025,0,43866,38332,0.12615693247617743,39386,38012,0.03488549230691107,40213,38928,0.03195484047447339,37276,36221,0.028302392960618095,31078,29880,0.038548169122852194,,455265,440951,0.03144102885132838,219
BT-HQ,116,0,13639,0,0,7839,0,0,10664,0,0,13278,0,0,10776,0,0,9727,0,0,7042,0,0,8627,0,0,7644,0,0,9175,0,0,6337,0,0,9226,0,,0,113974,0,1
BT-HQ,117,48612,47718,0.018390520859047133,50216,48953,0.025151346184483003,60364,58742,0.026870320058312913,66461,64728,0.026075442740855492,75627,73498,0.02815132161794065,72296,70270,0.02802368042491976,62507,60859,0.026365047114723206,72948,70878,0.028376377693699606,61013,59640,0.022503400914559157,61784,60071,0.027725624757218736,63709,61906,0.028300554081840845,51099,49397,0.03330789252235855,,746636,726660,0.02675467028110079,230
BT-HQ,1170,0,8297,0,0,1488,0,0,1351,0,0,10255,0,0,0,,0,0,,0,11941,0,0,1260,0,0,8738,0,0,3494,0,0,6732,0,0,287,0,,0,53843,0,1
BT-HQ,1171,0,13087,0,0,9483,0,0,3821,0,0,343,0,0,2598,0,0,330,0,0,392,0,0,452,0,0,437,0,0,440,0,0,427,0,0,367,0,,0,32177,0,1
BT-HQ,1172,0,13576,0,0,17346,0,0,7978,0,0,7033,0,0,4675,0,0,3276,0,0,3210,0,0,3374,0,0,3553,0,0,3225,0,0,3100,0,0,3035,0,,0,73381,0,1
BT-HQ,1173,0,4698,0,0,4893,0,0,5616,0,0,6813,0,0,5851,0,0,5882,0,0,5819,0,0,5923,0,0,6448,0,0,5714,0,0,5513,0,0,5319,0,,0,68489,0,1
BT-HQ,118,54043,50821,0.0596191921247895,60404,56834,0.059102046222104465,73434,68946,0.06111610425688374,83222,77889,0.0640816130350148,96059,90018,0.06288843315045967,87012,81778,0.06015262262676413,75927,70955,0.06548395169043952,92046,86415,0.061175933772244284,82780,77578,0.0628412660062817,79293,74526,0.06011879989406377,82595,76631,0.07220776076033664,63518,59840,0.05790484587046196,,930333,872231,0.06245290664740477,284
BT-HQ,118A,14216,13810,0.028559369724254324,14383,13956,0.029687825905582943,17953,17500,0.025232551662674796,20146,19615,0.026357589595949582,24675,24045,0.025531914893617058,21911,21315,0.02720094929487471,19286,18922,0.018873794462304305,22854,22079,0.033910912750503175,19745,19148,0.03023550265890096,20467,20017,0.02198661259588608,22242,21568,0.030303030303030276,16220,15957,0.0162145499383477,,234098,227932,0.02633939632119886,124
BT-HQ,119,8721,8482,0.027405114092420635,9029,8738,0.0322294827777162,10392,10183,0.020111624326404898,10840,10606,0.021586715867158657,13387,13084,0.02263389855830278,11819,11568,0.02123699128521872,11409,11556,0,13387,12689,0.05214013595278999,12422,12137,0.02294316535179519,13249,12953,0.022341308778020985,14982,14513,0.03130423174476038,13125,12947,0.013561904761904775,,142762,139456,0.023157422843613884,57
BT-HQ,119A,5257,5099,0.03005516454251478,5840,5787,0.009075342465753478,8337,8060,0.03322538083243376,9639,9290,0.03620707542276169,11748,11301,0.03804902962206336,9792,9462,0.033700980392156854,8018,7749,0.033549513594412605,11503,11094,0.03555594192819267,9478,9195,0.02985861996201733,8904,8669,0.026392632524708026,9206,8973,0.025309580708233748,7273,7037,0.032448783170631046,,104995,101716,0.03123005857421779,53
BT-HQ,119B,937,927,0.01067235859124871,1023,1012,0.010752688172043001,1023,1004,0.01857282502443791,462,471,0,761,757,0.005256241787122251,340,348,0,183,192,0,369,378,0,262,273,0,297,732,0,1267,1256,0.008681925808997626,1406,1403,0.002133712660028486,,8330,8753,0,8
BT-HQ,119C,103,119,0,113,127,0,110,118,0,190,208,0,362,372,0,294,308,0,221,232,0,220,234,0,355,362,0,330,337,0,340,345,0,261,275,0,,2899,3037,0,5
BT-HQ,119D,4697,4586,0.02363210559931872,4610,4489,0.02624728850325375,6615,6448,0.025245653817082436,8587,8364,0.02596948876208227,9987,9706,0.02813657755081611,8871,8627,0.027505354525983572,7409,7206,0.027399109191523774,9386,9145,0.025676539526955033,7396,7224,0.023255813953488413,7155,7043,0.015653389238294846,8428,8144,0.03369719981015662,5633,5538,0.016864903248712926,,88774,86520,0.025390316984702732,70
BT-HQ,12,27623,27612,0.00039821887557467406,25959,25949,0.00038522285141950885,26084,26074,0.00038337678270206066,32293,32282,0.00034063109652249235,26413,26404,0.00034074130163175287,27990,27979,0.00039299749910681747,30320,30309,0.00036279683377304917,33781,33769,0.00035522927089193246,34463,34451,0.0003481995183239883,31858,31846,0.00037667147969111525,33495,33482,0.0003881176294969757,32731,32719,0.0003666249121627718,,363010,362876,0.00036913583647835146,1
BT-HQ,120,20533,19880,0.03180246432571954,21016,20386,0.029977160258850444,24483,23684,0.03263488951517379,26841,26016,0.030736559740695224,31953,30958,0.03113948612023909,29619,28058,0.052702657078226856,26066,24598,0.056318575922657876,31256,29586,0.053429741489633975,27463,26025,0.05236135891927318,28092,26861,0.04382030471308562,27672,26248,0.051459959525874566,21100,20193,0.04298578199052128,,316094,302493,0.04302833967111053,218
BT-HQ,1200,0,350,0,0,387,0,0,464,0,0,614,0,0,532,0,0,487,0,0,444,0,0,636,0,0,602,0,0,589,0,0,658,0,0,580,0,,0,6343,0,1
BT-HQ,1201,0,313,0,0,285,0,0,316,0,0,423,0,0,325,0,0,334,0,0,312,0,0,387,0,0,446,0,0,396,0,0,427,0,0,371,0,,0,4335,0,1
BT-HQ,1202,0,366,0,0,367,0,0,330,0,0,411,0,0,368,0,0,357,0,0,334,0,0,345,0,0,381,0,0,349,0,0,333,0,0,296,0,,0,4237,0,1
BT-HQ,1203,0,217,0,0,265,0,0,226,0,0,256,0,0,194,0,0,151,0,0,148,0,0,140,0,0,169,0,0,150,0,0,158,0,0,161,0,,0,2235,0,1
BT-HQ,1204,0,333,0,0,371,0,0,369,0,0,441,0,0,353,0,0,337,0,0,334,0,0,349,0,0,354,0,0,332,0,0,339,0,0,366,0,,0,4278,0,1
BT-HQ,1205,0,0,,0,0,,0,0,,0,0,,21,21,0,47,49,0,67,67,0,57,59,0,100,103,0,82,85,0,64,61,0.046875,73,75,0,,511,520,0,1
BT-HQ,1206,0,0,,91,92,0,90,90,0,178,179,0,183,184,0,197,198,0,172,173,0,170,171,0,192,196,0,183,188,0,213,207,0.028169014084507005,234,239,0,,1903,1917,0,1
BT-HQ,1207,48,49,0,59,60,0,86,86,0,183,184,0,156,156,0,145,146,0,155,157,0,144,144,0,107,109,0,69,68,0.01449275362318836,91,93,0,121,121,0,,1364,1373,0,1
BT-HQ,1208,5005,5002,0.0005994005994005569,4781,4779,0.000418322526668069,4282,4279,0.0007006071929005486,5889,5886,0.0005094243504839557,6191,6189,0.0003230495881118012,7461,7452,0.0012062726176115257,7764,7757,0.000901597114889241,8067,8058,0.0011156563778356166,8364,8356,0.0009564801530368428,8042,8036,0.0007460830639144378,7615,7609,0.0007879185817465384,7275,7268,0.0009621993127147954,,80736,80671,0.000805093143083635,1
BT-HQ,1209,0,2435,0,0,3081,0,0,3457,0,0,3114,0,0,3756,0,0,3629,0,0,3428,0,0,1732,0,0,0,,0,0,,0,0,,0,0,,,0,24632,0,0
BT-HQ,120A,5415,5295,0.02216066481994461,5691,5565,0.022140221402214055,6581,6464,0.017778453122625715,7330,7217,0.015416098226466612,9395,9256,0.0147951037786056,8689,8554,0.015536885717573945,7385,7273,0.01516587677725123,8749,8616,0.015201737341410393,7357,7238,0.016175071360608917,7613,7530,0.010902403783002779,8074,7991,0.010279910824869898,6296,6151,0.023030495552731844,,88575,87150,0.0160880609652837,139
BT-HQ,120B,10030,9702,0.03270189431704884,10414,10078,0.03226425965047053,12618,12255,0.02876842605801233,13880,13456,0.030547550432276638,16784,16291,0.029373212583412744,14543,14134,0.02812349583992302,12990,12611,0.029176289453425763,15720,15258,0.029389312977099236,14031,13625,0.028935927588910282,14372,14142,0.016003339827442287,14979,14506,0.03157754189198214,11495,11030,0.040452370595911225,,161856,157088,0.02945828390668248,112
BT-HQ,121,22865,22207,0.028777607697354046,24139,23385,0.031235759559219534,27050,26265,0.0290203327171904,29334,28529,0.027442558123679017,35163,34233,0.02644825526832184,31572,30658,0.028949702267832222,27795,26992,0.02889008814534988,32445,31514,0.02869471413160729,29502,28737,0.02593044539353262,30483,29758,0.023783748318735087,31039,29997,0.033570669158155875,24700,23996,0.02850202429149795,,346087,336271,0.028362810507184588,270
BT-HQ,1210,0,6814,0,0,810,0,0,0,,0,0,,0,0,,0,0,,0,3510,0,0,0,,0,0,,0,0,,0,0,,0,0,,,0,11134,0,0
BT-HQ,1211,0,127,0,0,104,0,0,116,0,0,134,0,0,127,0,0,170,0,0,167,0,0,140,0,0,142,0,0,137,0,0,161,0,0,167,0,,0,1692,0,1
BT-HQ,1212,0,1022,0,0,873,0,0,1298,0,0,1413,0,0,1227,0,0,1783,0,0,1657,0,0,1946,0,0,1855,0,0,1983,0,0,1701,0,0,1509,0,,0,18267,0,1
BT-HQ,1213,0,0,,13,15,0,35,35,0,75,76,0,61,62,0,131,132,0,169,170,0,112,113,0,110,111,0,93,96,0,105,104,0.00952380952380949,160,166,0,,1064,1080,0,1
BT-HQ,1214,0,0,,3,3,0,56,57,0,256,256,0,295,296,0,377,378,0,336,336,0,0,397,0,143,472,0,417,0,1,450,0,1,497,1323,0,,2830,3518,0,1
BT-HQ,1215,0,0,,0,0,,0,0,,9,10,0,97,98,0,108,109,0,75,75,0,122,124,0,101,102,0,71,73,0,95,95,0,142,146,0,,820,832,0,1
BT-HQ,1216,0,0,,23,23,0,102,103,0,130,131,0,113,114,0,122,122,0,137,138,0,113,114,0,143,145,0,128,130,0,130,129,0.007692307692307665,135,138,0,,1276,1287,0,1
BT-HQ,1217,0,0,,0,0,,0,0,,15,16,0,41,42,0,118,119,0,155,156,0,174,174,0,165,168,0,117,119,0,147,145,0.013605442176870763,386,390,0,,1318,1329,0,1
BT-HQ,1219,0,0,,17,17,0,60,61,0,72,73,0,70,71,0,77,78,0,76,78,0,107,107,0,93,95,0,92,94,0,87,86,0.011494252873563204,86,89,0,,837,849,0,1
BT-HQ,122,23163,22314,0.03665328325346462,23680,22795,0.037373310810810856,27307,26394,0.033434650455927084,31192,30168,0.03282893049499869,36585,35338,0.034085007516741817,32074,31005,0.03332917627985288,29408,28403,0.03417437431991299,34361,33156,0.03506882803178024,28191,27281,0.03227980561172006,28953,28071,0.030463164438918278,29818,28700,0.037494131061774794,23059,22474,0.02536970380328718,,347791,336099,0.03361789120477532,288
BT-HQ,1220,0,0,,0,0,,0,0,,0,0,,0,0,,0,0,,0,0,,0,0,,0,0,,0,0,,0,0,,0,3520,0,,0,3520,0,1
BT-HQ,123,14421,14074,0.02406213161361903,15663,15310,0.02253718955500228,17785,17379,0.022828226033174026,20377,19915,0.022672621092408085,21569,21020,0.02545319671751123,20293,19698,0.029320455329423956,17198,16624,0.033375973950459326,20052,19230,0.04099341711549975,17782,17048,0.04127769654707003,17465,16871,0.03401087890065846,18250,17313,0.051342465753424604,14132,13672,0.03255024058873479,,214987,208154,0.03178331713080329,153
BT-HQ,123A,14339,13796,0.03786874956412578,14823,14209,0.04142211428185927,17479,16828,0.03724469363235883,19553,18702,0.043522733084437215,22488,21760,0.03237282106012096,20502,19812,0.03365525314603457,18650,17928,0.0387131367292225,22037,21222,0.036983255434042794,19658,18923,0.03738935802217924,19724,19032,0.03508416142770232,21221,20385,0.03939493897554314,16251,15801,0.02769060365515963,,226725,218398,0.03672731282390562,225
BT-HQ,124,144602,144653,0,150616,150682,0,211819,211936,0,285043,285217,0,255056,255206,0,251333,251479,0,236895,237032,0,268782,268949,0,231730,231851,0,259831,259974,0,225397,225489,0,207109,207192,0,,2728213,2729660,0,1
BT-HQ,125,41601,39690,0.04593639575971731,50636,48062,0.05083339916265106,56632,53302,0.05880067806187317,70282,66295,0.05672860760934517,58607,55527,0.05255344924667704,61047,57726,0.05440070765148164,55178,52305,0.05206785312987061,63261,59811,0.05453597002892774,54027,51335,0.0498269383826605,57952,55551,0.041430839315295453,58222,54547,0.06312046992545772,45004,43755,0.027753088614345445,,672449,637906,0.05136895140003184,286
BT-HQ,125A,27396,26604,0.02890932982917216,32686,31667,0.03117542678822738,36485,35437,0.028724133205426883,45478,44087,0.030586217511763936,38764,37617,0.02958930966876483,41917,40565,0.03225421666626904,36664,35635,0.028065677503818498,44206,43260,0.02139980998054558,36588,35225,0.03725265114245113,39858,38868,0.024838175523107076,40027,38861,0.029130337022509778,31110,30072,0.03336547733847639,,451179,437898,0.02943621046192313,132
BT-HQ,126,24262,22868,0.05745610419586189,30186,29597,0.019512356721659074,33613,33975,0,42149,41326,0.01952596740136181,36402,35745,0.01804845887588591,37507,36812,0.018529874423441006,32739,32130,0.018601667735728022,39636,38904,0.01846805933999396,33393,32740,0.01955499655616444,36105,35403,0.01944329040299131,36655,35966,0.018796889919519888,28678,28828,0,,411325,404294,0.017093539172187477,192
BT-HQ,126,0,0,,0,0,,0,0,,0,0,,0,0,,0,0,,0,0,,0,0,,0,0,,0,0,,0,0,,0,0,,,0,0,,0
BT-HQ,127,71789,68980,0.03912855729986486,78424,74858,0.04547077425277979,90464,86892,0.039485320127343515,109920,104770,0.046852256186317276,95560,92091,0.03630179991628302,101131,97362,0.03726849334032101,88018,85278,0.031129996137153726,99045,94766,0.04320258468372962,93449,90394,0.03269162858885599,87202,84549,0.030423614137290445,89515,86329,0.0355918002569402,78376,75199,0.04053536796978663,,1082893,1041468,0.03825401032234943,204
BT-HQ,128,26520,25869,0.02454751131221722,26700,26162,0.02014981273408245,36540,35740,0.021893814997263283,45120,44090,0.022828014184397172,48960,47821,0.023263888888888862,46560,45609,0.0204252577319588,35700,35054,0.018095238095238053,44340,46146,0,37560,34256,0.08796592119275826,36420,35774,0.017737506864360264,37140,36475,0.017905223478729138,28260,27898,0.0128096249115357,,449820,440894,0.019843492952736685,201
BT-HQ,129,0,0,,0,0,,0,0,,0,0,,0,0,,0,0,,0,0,,0,0,,0,0,,0,0,,0,0,,0,0,,,0,0,,0
BT-HQ,13,0,0,,0,0,,0,0,,0,0,,0,0,,0,0,,0,0,,0,0,,0,0,,0,0,,0,0,,0,0,,,0,0,,0
BT-HQ,130,6342,6336,0.0009460737937558861,7453,7447,0.0008050449483429922,8472,8464,0.0009442870632672129,9848,9838,0.0010154346060113895,9210,9201,0.00097719869706836,8066,8058,0.0009918175055789735,8546,8538,0.0009361104610343673,7901,7894,0.0008859638020504157,7960,7951,0.0011306532663316604,7931,7924,0.0008826125330979595,8210,8201,0.0010962241169305553,6236,6230,0.0009621552277100376,,96175,96082,0.0009669872628021992,1
BT-HQ,131,219,219,0,0,0,,0,0,,0,0,,0,0,,0,0,,0,0,,0,0,,0,0,,0,0,,0,0,,0,0,,,219,219,0,0
BT-HQ,132,13367,13359,0.0005984888157402057,17397,17383,0.0008047364488129594,22370,22353,0.0007599463567277143,20925,20907,0.0008602150537634357,22443,22424,0.0008465891369247025,23401,23382,0.0008119311140549756,21808,21792,0.0007336757153337814,22475,22456,0.0008453837597330871,19347,19333,0.0007236264020261673,20501,20486,0.0007316716257743661,18052,18039,0.0007201418125415415,17545,17532,0.0007409518381304991,,239631,239446,0.0007720203145670235,1
BT-HQ,133,91000,87759,0.035615384615384604,94500,91774,0.028846560846560898,111000,107819,0.02865765765765771,130700,126704,0.03057383320581486,135400,130367,0.03717134416543577,139000,134249,0.034179856115107876,119200,116191,0.025243288590603985,140800,140131,0.004751420454545463,124800,116426,0.06709935897435892,121300,117564,0.030799670239076704,125400,120656,0.03783094098883577,100000,96163,0.038370000000000015,,1433100,1385803,0.033003279603656455,493
BT-HQ,134,19364,18710,0.03377401363354682,21784,21083,0.03217958134410581,25211,24327,0.035064059339177334,31282,30213,0.03417300684099478,0,26709,0,8216,27654,0,30095,28860,0.04103671706263501,35132,33873,0.0358362746214278,28972,27981,0.03420543973491652,33670,32065,0.04766854766854767,25331,24669,0.026133986025028588,20531,20197,0.016268082411962426,,279588,316341,0,176
BT-HQ,135,75530,72489,0.04026214749106316,77717,75367,0.030237914484604445,92839,89351,0.0375704176046705,99491,96205,0.0330281130956569,112115,108885,0.028809704321455687,110451,106068,0.03968275524893394,91683,89638,0.022305116542870596,115725,111873,0.03328580686973426,93028,89724,0.03551618867437756,89749,86902,0.031721801914227465,91502,89014,0.02719066249918034,72458,70019,0.03366087940600071,,1122288,1085535,0.032748278516744334,252
BT-HQ,136,20623,20110,0.02487513940745767,21506,20914,0.027527201711150417,25436,24625,0.03188394401635475,30142,29266,0.02906243779443962,32291,31349,0.029172215168313143,31670,30785,0.027944426902431374,28233,27421,0.02876067013778205,33186,32297,0.02678840474899058,28236,27444,0.028049298767530817,29214,28269,0.032347504621072054,29260,28629,0.021565276828434676,22727,22085,0.028248338980067733,,332524,323194,0.028058125127810363,168
BT-HQ,137,2852,2852,0,2011,2011,0,2578,2577,0.00038789759503488064,1554,1554,0,1437,1437,0,1990,1990,0,2025,2025,0,1855,1855,0,1572,1572,0,1951,1951,0,1883,1883,0,2136,2135,0.000468164794007464,,23844,23842,8.387854386848748e-05,1
BT-HQ,139,24265,23518,0.030785081392952773,24754,23998,0.030540518704047837,29192,28131,0.036345574129898583,34065,33110,0.028034639659474503,33130,31708,0.042921823121038316,28994,28316,0.02338414844450576,35131,34020,0.03162449119011701,38893,37739,0.0296711490499576,29710,29181,0.017805452709525382,34171,33181,0.028971935266746685,34731,33265,0.04221012927931822,29901,29091,0.027089395003511596,,376937,365258,0.030983957531364625,230
BT-HQ,139A,436,433,0.006880733944954143,3,3,0,91,92,0,149,150,0,276,276,0,425,425,0,374,375,0,276,277,0,288,287,0.00347222222222221,256,257,0,266,268,0,183,184,0,,3023,3027,0,1
BT-HQ,14,0,0,,0,0,,0,0,,0,0,,0,0,,0,0,,0,0,,0,0,,0,0,,0,0,,0,0,,0,0,,,0,0,,0
BT-HQ,140,38625,37932,0.017941747572815525,48783,47916,0.017772584711887363,57835,56768,0.018449036050834255,68813,67475,0.019444000406899864,64844,63662,0.018228363456911922,68777,67550,0.017840266368117197,60349,60093,0.004241992410810469,72675,70585,0.02875816993464053,59209,58156,0.017784458443817708,57416,56550,0.015082903720217367,58303,57379,0.015848241085364423,43158,42881,0.006418277028592656,,698787,686947,0.016943646633380438,140
BT-HQ,141,85520,83328,0.025631431244153458,103008,99896,0.0302112457284871,118869,114521,0.036578081753863456,133398,128640,0.035667701164935006,120835,115990,0.04009599867588032,120726,116389,0.03592432450342098,107365,105326,0.018991291389186427,123566,118018,0.04489908227182238,101360,98171,0.03146211523283349,106024,102833,0.03009695917905375,100927,97650,0.03246901225638332,81427,79047,0.02922863423680111,,1303025,1259809,0.03316590241937034,331
BT-HQ,143,39115,37670,0.0369423494822958,40344,38876,0.03638707118778506,46694,44808,0.04039062834625429,56373,54203,0.038493605094637506,60161,57553,0.04335034324562426,61385,58910,0.04031929624501096,51856,52103,0,58198,53325,0.0837313997044572,55458,53358,0.03786649356269611,53122,51253,0.03518316328451487,56280,53442,0.050426439232409415,46074,44305,0.038394756261666,,625060,599806,0.04040252135794964,233
BT-HQ,143A,30679,29831,0.027641057400827895,32125,31252,0.027175097276264548,37454,36396,0.028247984193944586,43242,42013,0.028421442116460804,45612,44432,0.025870384986407036,45454,43948,0.03313239758877107,39075,37798,0.03268074216250805,45076,43592,0.03292217588073476,42324,40933,0.03286551365655421,40509,39665,0.020834876200350516,41359,39807,0.0375250852293334,31538,30883,0.02076859661360897,,474447,460550,0.029290942929347197,162
BT-HQ,144,42255,40927,0.0314282333451662,42941,41580,0.03169465079993483,58720,56279,0.041570163487738454,72644,69209,0.04728539177358071,81613,77470,0.05076397142612088,79154,75351,0.04804558202996689,67316,64394,0.04340721373819001,87348,82734,0.05282318999862623,71870,68695,0.04417698622512867,73522,71533,0.027053126955197127,73270,68254,0.06845912378872665,54725,52488,0.040877112836911866,,805378,768914,0.045275634546759425,424
BT-HQ,144A,13602,13360,0.01779150124981621,13949,13687,0.01878270843788088,19726,19330,0.02007502788198312,23824,23298,0.02207857622565479,26339,25577,0.02893048331371728,24404,23998,0.016636616948041305,18603,18205,0.021394398752889288,23821,23284,0.02254313420931109,20003,19729,0.013697945308203785,20418,19924,0.02419433832892548,21313,20850,0.021723830525970045,13862,13595,0.019261289857163466,,239864,234837,0.020957709368642274,138
BT-HQ,144B,845,819,0.03076923076923077,1153,1122,0.026886383347788367,1302,1274,0.021505376344086002,1398,1364,0.024320457796852657,1669,1630,0.023367285799880122,2192,2148,0.02007299270072993,1748,1717,0.017734553775743733,1857,1822,0.018847603661820145,1709,1698,0.0064365125804564105,1690,1655,0.020710059171597628,2295,2251,0.019172113289760317,1621,1594,0.016656384947563274,,19479,19094,0.019764874993582815,24
BT-HQ,144C,8255,8091,0.019866747425802522,8275,8104,0.020664652567975783,9277,9082,0.021019726204592026,11930,11690,0.02011735121542335,12889,12628,0.020249825432539392,12776,12522,0.019881026925485323,10843,10622,0.02038181315134191,12561,12328,0.018549478544701903,11257,11111,0.012969707737407798,11089,10845,0.022003787537199004,10848,10188,0.060840707964601726,7700,7373,0.04246753246753243,,127700,124584,0.024400939702427515,54
BT-HQ,144D,7980,7838,0.017794486215538807,8400,8216,0.02190476190476187,10423,10265,0.015158783459656489,13010,12386,0.047963105303612585,19070,19082,0,18529,18164,0.0196988504506449,15650,15357,0.018722044728434528,18659,18305,0.01897207781767507,17724,17505,0.01235612728503721,17630,17107,0.029665343165059532,18883,18514,0.01954138643224068,14609,14421,0.012868779519474294,,180567,177160,0.018868342498906232,67
BT-HQ,144E,1768,1759,0.005090497737556543,2053,2021,0.015586945932781315,2208,2205,0.0013586956521739468,2774,2752,0.007930785868781598,3391,3366,0.007372456502506619,3243,3219,0.007400555041628176,2889,2866,0.007961232260297657,3567,3525,0.011774600504625754,3007,3026,0,3001,2977,0.007997334221926056,3668,3627,0.011177753544165725,3024,3010,0.00462962962962965,,34593,34353,0.006937819790130972,31
BT-HQ,144F,3127,3104,0.007355292612727826,3278,3250,0.008541793776693063,4171,4143,0.006713018460800746,5716,5669,0.008222533240027974,6018,5968,0.008308408109006349,5765,5716,0.008499566348655674,4458,4421,0.008299685957828595,6050,6003,0.007768595041322324,5276,5271,0.0009476876421531388,5071,5037,0.006704791954249667,5016,4958,0.011562998405103664,3369,3338,0.009201543484713581,,57315,56878,0.007624531100061116,49
BT-HQ,144G,1223,1236,0,1181,1197,0,1502,1504,0,2009,2012,0,2237,2237,0,2397,2386,0.004589069670421386,1885,1879,0.0031830238726789917,2313,2304,0.0038910505836575737,1889,1900,0,2195,2174,0.009567198177676484,1881,1882,0,1562,1553,0.005761843790012766,,22274,22264,0.0004489539373260243,26
BT-HQ,144H,2652,2651,0.00037707390648566985,2656,2651,0.0018825301204818956,3666,3629,0.010092744135297371,5415,4890,0.09695290858725758,6875,7171,0,6851,6867,0,5945,5877,0.011438183347350694,7431,7354,0.010361997039429416,5963,5893,0.011739057521381824,5916,5913,0.0005070993914807476,6617,6499,0.017832854768021766,5166,5090,0.014711575687185396,,65153,64485,0.01025278958758613,42
BT-HQ,149,8550,8574,0,9270,9307,0,9420,9451,0,11460,11509,0,10590,10602,0,10590,10592,0,10020,10065,0,10560,10617,0,10800,10800,0,10140,10171,0,9900,9907,0,8520,8567,0,,119820,120162,0,1
BT-HQ,15,0,0,,0,0,,0,0,,0,0,,0,0,,0,0,,0,0,,0,0,,0,0,,0,0,,0,0,,0,0,,,0,0,,0
BT-HQ,150,0,4941,0,0,5420,0,0,5977,0,0,7109,0,0,5786,0,0,6089,0,0,5507,0,0,5746,0,0,5878,0,0,5397,0,0,4878,0,0,3818,0,,0,66546,0,1
BT-HQ,153,10383,10383,0,10651,10652,0,11770,11769,8.496176720473869e-05,13554,13555,0,11786,11790,0,11973,11975,0,11585,11585,0,12542,12544,0,11605,11605,0,13281,13280,7.529553497476194e-05,12639,12638,7.912018355882289e-05,11024,11024,0,,142793,142800,0,1
BT-HQ,154,4052,4077,0,3849,3875,0,4428,4459,0,5226,5258,0,0,0,,4868,8945,0,4120,4120,0,4454,4454,0,3976,3975,0.00025150905432591575,4725,4725,0,4444,4442,0.0004500450045004101,3901,3900,0.00025634452704437205,,48043,52230,0,1
BT-HQ,156,0,1623,0,0,1660,0,0,1944,0,0,2271,0,0,1725,0,0,1646,0,0,1932,0,0,1778,0,0,1942,0,0,1674,0,0,1561,0,0,1647,0,,0,21403,0,1
BT-HQ,156D,0,0,,0,0,,0,0,,0,0,,0,0,,0,0,,0,0,,0,0,,0,0,,0,0,,0,0,,0,0,,,0,0,,0
BT-HQ,157,3087,3080,0.0022675736961451642,3332,3322,0.0030012004801920344,3634,3617,0.004678040726472155,4108,4088,0.004868549172346692,3341,3328,0.0038910505836575737,2880,2872,0.002777777777777768,2803,2794,0.003210845522654271,3103,3090,0.004189494038027708,2696,2688,0.0029673590504450953,3030,3021,0.002970297029702973,2842,2836,0.002111189303307559,2902,2893,0.003101309441764344,,37758,37629,0.0034164945177180828,1
BT-HQ,157A,0,0,,0,0,,0,0,,0,0,,0,0,,0,0,,0,0,,0,0,,0,0,,0,0,,0,0,,0,0,,,0,0,,0
BT-HQ,158,7708,7709,0,8365,8366,0,9131,9134,0,12209,12212,0,11619,11621,0,11372,11375,0,10984,10987,0,11704,11707,0,10892,10895,0,12188,12190,0,11412,11415,0,11025,11027,0,,128609,128638,0,1
BT-HQ,159,2361,2378,0,2332,2351,0,2504,2529,0,3093,3120,0,2661,2683,0,2732,2752,0,2435,2453,0,2903,2920,0,2553,2573,0,3029,3051,0,2781,2805,0,2578,2595,0,,31962,32210,0,1
BT-HQ,16,0,0,,0,0,,0,0,,0,0,,0,0,,0,0,,0,0,,0,0,,0,0,,0,0,,0,0,,0,0,,,0,0,,0
BT-HQ,160,1721,1683,0.02208018593840788,1736,1699,0.02131336405529949,1928,1890,0.01970954356846477,2403,2359,0.01831044527673742,2012,1974,0.0188866799204771,1983,1942,0.020675743822491155,1762,1731,0.01759364358683313,1993,1979,0.007024586051179171,1872,1860,0.0064102564102563875,2006,1996,0.004985044865403743,1923,1912,0.00572022880915235,1714,1704,0.005834305717619559,,23053,22729,0.014054569904134007,1
BT-HQ,161,0,3258,0,0,3346,0,0,3271,0,0,3940,0,0,4090,0,0,5337,0,0,5237,0,0,5869,0,0,6127,0,0,6461,0,0,6941,0,0,7861,0,,0,61738,0,1
BT-HQ,162,0,3875,0,0,4389,0,0,4887,0,0,5742,0,0,4755,0,0,4767,0,0,4676,0,0,4945,0,0,4309,0,0,5309,0,0,5128,0,0,4654,0,,0,57436,0,1
BT-HQ,163,0,5797,0,0,6549,0,0,7078,0,0,7750,0,0,6669,0,0,6709,0,0,6516,0,0,6537,0,0,6224,0,0,7230,0,0,6705,0,0,6274,0,,0,80038,0,1
BT-HQ,164,0,0,,0,0,,0,0,,0,0,,0,0,,0,0,,0,0,,0,0,,0,0,,0,0,,0,0,,0,0,,,0,0,,0
BT-HQ,166,1641,1643,0,1766,1766,0,1931,1932,0,2365,2366,0,2040,2041,0,2068,2069,0,1982,1984,0,2255,2256,0,2472,2473,0,2085,2087,0,2083,2083,0,2069,2070,0,,24757,24770,0,1
BT-HQ,167,2391,2384,0.0029276453366792188,2575,2567,0.003106796116504884,2770,2759,0.003971119133573953,3507,3492,0.004277159965782706,2913,2901,0.004119464469618972,2651,2641,0.003772161448510003,2495,2487,0.0032064128256512614,2972,2963,0.00302826379542398,3645,3633,0.003292181069958877,4259,4245,0.0032871566095327154,4247,4234,0.0030609842241582363,4528,4511,0.0037544169611307687,,38953,38817,0.0034913870561958937,1
BT-HQ,17,0,0,,0,0,,0,0,,0,0,,0,0,,0,0,,0,0,,0,0,,0,0,,0,0,,0,0,,0,0,,,0,0,,0
BT-HQ,171,1974,1974,0,2138,2141,0,2834,2842,0,3457,3462,0,2653,2656,0,2521,2522,0,2288,2291,0,2350,2364,0,2532,2547,0,2363,2388,0,2285,2307,0,2056,2076,0,,29451,29570,0,1
BT-HQ,172,959,985,0,1150,1180,0,1109,1139,0,1400,1435,0,1306,1339,0,1370,1404,0,1316,1351,0,1416,1442,0,1500,1515,0,1248,1262,0,1193,1209,0,1176,1187,0,,15143,15448,0,1
BT-HQ,173,680,687,0,740,752,0,920,928,0,1100,1112,0,1100,1110,0,1060,1084,0,960,971,0,1080,1084,0,1060,1079,0,1020,1018,0.0019607843137254832,1000,1019,0,980,984,0,,11700,11828,0,1
BT-HQ,174,4260,4242,0.004225352112676051,4920,4866,0.01097560975609757,5100,5087,0.0025490196078431504,6000,5953,0.007833333333333359,5700,5653,0.008245614035087723,6060,6030,0.004950495049504955,5610,5559,0.009090909090909038,5850,5830,0.0034188034188034067,5850,5803,0.008034188034187983,5160,5127,0.006395348837209269,5250,5239,0.00209523809523815,5160,5112,0.009302325581395321,,64920,64501,0.0064540973505853305,1
BT-HQ,175,1110,1109,0.0009009009009008917,1140,1126,0.012280701754386003,1290,1269,0.016279069767441867,1710,1715,0,1530,1533,0,1440,1427,0.009027777777777746,1380,1352,0.020289855072463725,1470,1457,0.008843537414966018,1470,1467,0.0020408163265306367,1470,1471,0,1470,1474,0,1290,1294,0,,16770,16694,0.004531902206320826,1
BT-HQ,176,3150,3198,0,3540,3613,0,3750,3812,0,4170,4239,0,3870,3955,0,4020,4084,0,3720,3777,0,3930,3998,0,3900,3933,0,3660,3671,0,3870,3897,0,3690,3733,0,,45270,45910,0,1
BT-HQ,177,7940,7942,0,8640,8627,0.0015046296296296058,8900,8924,0,10020,10058,0,9420,9421,0,9840,9879,0,8980,8998,0,9560,9581,0,10200,10152,0.004705882352941226,9700,9639,0.006288659793814433,8960,8892,0.007589285714285743,8640,8569,0.008217592592592582,,110800,110682,0.0010649819494584767,1
BT-HQ,178,2572,2523,0.019051321928460374,2896,2839,0.01968232044198892,3001,2936,0.021659446851049702,3512,3436,0.021640091116173155,2952,2891,0.02066395663956644,3106,3041,0.020927237604636217,2728,2680,0.017595307917888547,2802,2780,0.00785153461812993,2812,2795,0.006045519203413896,2386,2369,0.007124895222129113,2631,2617,0.0053211706575446716,2435,2420,0.006160164271047264,,33833,33327,0.014955812372535737,1
BT-HQ,179,5839,5804,0.0059941770851172915,5808,5768,0.00688705234159781,5697,5651,0.008074425136036512,6650,6587,0.0094736842105263,6061,6012,0.008084474509156947,6214,6170,0.0070807853234631235,5756,5720,0.006254343293954134,6271,6223,0.00765428161377768,6607,6559,0.007265021946420425,5513,5472,0.007436967168510833,6428,6382,0.0071561916614810706,5933,5888,0.00758469576942522,,72777,72236,0.007433667230031471,1
BT-HQ,179B,0,0,,0,0,,0,0,,0,0,,0,0,,0,0,,0,0,,0,0,,0,0,,0,0,,0,0,,0,0,,,0,0,,0
BT-HQ,18,0,0,,0,0,,0,0,,0,0,,0,0,,0,0,,0,0,,0,0,,0,0,,0,0,,0,0,,0,0,,,0,0,,0
BT-HQ,180,2599,2630,0,2657,2691,0,2820,2858,0,2987,3027,0,2767,2806,0,2807,2846,0,2681,2709,0,2955,2943,0.004060913705583702,3004,2993,0.003661784287616543,2541,2533,0.0031483667847304053,2798,2790,0.002859185132237263,2527,2520,0.0027700831024930483,,33143,33346,0,1
BT-HQ,181,3483,3486,0,3500,3503,0,4057,4054,0.0007394626571358698,4753,4749,0.000841573742899171,4165,4162,0.0007202881152460483,4356,4347,0.0020661157024793875,4152,4142,0.00240847784200382,4555,4563,0,4760,4795,0,3941,3969,0,4285,4318,0,3626,3658,0,,49633,49746,0,1
BT-HQ,185,0,0,,0,0,,0,0,,0,0,,0,0,,0,0,,0,0,,0,0,,0,0,,0,0,,0,0,,0,0,,,0,0,,0
BT-HQ,20,0,0,,0,0,,0,0,,0,0,,0,0,,0,0,,0,0,,0,0,,0,0,,0,0,,0,0,,0,0,,,0,0,,0
BT-HQ,200,1918,1923,0,2449,2457,0,2679,2689,0,2733,2742,0,3196,3212,0,2523,2531,0,2738,2748,0,3196,3211,0,2213,2220,0,2232,2237,0,2367,2373,0,2095,2099,0,,30339,30442,0,1
BT-HQ,2000,0,993,0,0,1248,0,0,1387,0,0,1748,0,0,1603,0,0,1164,0,0,1754,0,0,1477,0,0,1443,0,0,1201,0,0,1242,0,0,1202,0,,0,16462,0,1
BT-HQ,2001,0,716,0,0,806,0,0,963,0,0,975,0,0,876,0,0,830,0,0,797,0,0,866,0,0,1013,0,0,938,0,0,810,0,0,795,0,,0,10385,0,1
BT-HQ,2002,0,1278,0,0,1225,0,0,1291,0,0,1563,0,0,1549,0,0,1376,0,0,1476,0,0,1543,0,0,1728,0,0,1633,0,0,1423,0,0,1376,0,,0,17461,0,1
BT-HQ,2003,0,2380,0,0,2582,0,0,2832,0,0,3237,0,0,2572,0,0,2787,0,0,2702,0,0,2913,0,0,3214,0,0,2876,0,0,2952,0,0,2583,0,,0,33630,0,1
BT-HQ,2004,0,1212,0,0,1232,0,0,1398,0,0,1872,0,0,1490,0,0,1474,0,0,1640,0,0,1917,0,0,2037,0,0,1815,0,0,2034,0,0,1871,0,,0,19992,0,1
BT-HQ,2005,4107,4112,0,4518,4522,0,5125,5131,0,6530,6536,0,5601,5606,0,5600,5606,0,5213,5218,0,5675,5681,0,6117,6120,0,5464,5468,0,5311,5317,0,4878,4885,0,,64139,64202,0,1
BT-HQ,2006,11454,11555,0,13068,13151,0,13517,13579,0,16026,16074,0,14047,14112,0,13906,13979,0,13514,13588,0,15154,15223,0,15788,15852,0,14113,15411,0,12752,11546,0.09457340025094108,12376,12403,0,,165715,166473,0,1
BT-HQ,2007,2174,2135,0.017939282428702907,2242,2206,0.01605709188224802,2487,2445,0.016887816646562137,2531,2488,0.016989332279731317,2393,2353,0.01671541997492687,2496,2453,0.017227564102564097,2261,2222,0.017249004865103945,2258,2220,0.016829052258635957,2189,2148,0.018730013704888027,2558,2506,0.020328381548084473,2294,2249,0.01961639058413256,2029,1991,0.018728437654016772,,27912,27416,0.017770134709085728,1
BT-HQ,2008,4563,4539,0.005259697567389865,4624,4601,0.004974048442906609,4793,4768,0.005215939912372236,5090,5065,0.004911591355599265,4895,4872,0.004698672114402447,5013,4989,0.004787552363853975,4970,4945,0.005030181086519092,5406,5380,0.004809470958194617,5429,5402,0.0049732915822434665,5583,5559,0.004298764105319708,5169,5145,0.004643064422518828,4635,4613,0.004746494066882434,,60170,59878,0.004852916735914925,1
BT-HQ,2009,0,6221,0,0,6657,0,0,7633,0,0,8471,0,0,7408,0,0,7586,0,0,7380,0,0,7500,0,0,7703,0,0,7187,0,0,6924,0,0,7076,0,,0,87746,0,1
BT-HQ,201,73000,70590,0.033013698630137034,87520,85754,0.020178244972577697,104693,101088,0.03443401182505035,121989,117254,0.03881497512070764,114888,112484,0.020924726690341844,125976,122440,0.02806883850892239,102896,99905,0.029068185352200238,126140,121482,0.036927223719676605,108597,107104,0.013748077755370791,100141,97789,0.02348688349427308,101755,99724,0.0199597071396983,83906,84075,0,,1251501,1219689,0.02541907677261146,280
BT-HQ,2010,4460,4465,0,4620,4608,0.0025974025974025983,4800,4801,0,5360,5330,0.005597014925373123,4800,4791,0.00187499999999996,5400,5364,0.00666666666666671,5080,5067,0.002559055118110276,5600,5599,0.00017857142857147235,5640,5621,0.0033687943262411535,5320,5289,0.005827067669172958,4740,4721,0.004008438818565385,4720,4711,0.001906779661016933,,60540,60367,0.0028576148001321355,1
BT-HQ,2011,1440,1480,0,1460,1503,0,1640,1702,0,1800,1847,0,1680,1781,0,1820,1912,0,1680,1831,0,1840,1944,0,1917,1965,0,1829,1830,0,1694,1695,0,1680,1680,0,,20480,21170,0,1
BT-HQ,2012,1513,1509,0.0026437541308658163,1549,1547,0.0012911555842478606,1666,1659,0.004201680672268893,1827,1822,0.002736726874657869,1741,1733,0.004595060310166543,1851,1844,0.0037817396002161052,1722,1716,0.0034843205574912606,1780,1774,0.003370786516853963,1965,1958,0.003562340966921096,1712,1708,0.002336448598130869,1597,1595,0.00125234815278652,1669,1665,0.002396644697423622,,20592,20530,0.00301087801087796,1
BT-HQ,2013,660,664,0,800,786,0.01749999999999996,760,736,0.03157894736842104,820,793,0.03292682926829271,820,806,0.017073170731707332,800,778,0.02749999999999997,700,679,0.030000000000000027,740,737,0.004054054054054013,740,724,0.021621621621621623,660,643,0.025757575757575757,560,556,0.0071428571428571175,640,631,0.014062499999999978,,8700,8533,0.019195402298850528,1
BT-HQ,2014,0,3571,0,0,3422,0,0,3313,0,0,3756,0,0,3426,0,0,3587,0,0,3412,0,0,3705,0,0,3861,0,0,3394,0,0,3162,0,0,3128,0,,0,41737,0,1
BT-HQ,2015,1906,1892,0.007345225603357819,1755,1745,0.005698005698005715,2154,2142,0.005571030640668551,2517,2502,0.005959475566150174,1906,1896,0.005246589716684125,1962,1949,0.006625891946992812,1918,1906,0.006256517205422307,2015,2003,0.005955334987593042,2208,2194,0.0063405797101449,1861,1850,0.00591080064481464,1830,1819,0.006010928961748596,1712,1702,0.005841121495327117,,23744,23600,0.0060646900269542,1
BT-HQ,2016,2485,2468,0.006841046277666019,2043,2030,0.006363191385217792,2436,2421,0.006157635467980316,3067,3048,0.00619497880665143,2569,2554,0.005838847800700653,2504,2488,0.006389776357827448,2734,2717,0.006217995610826588,3245,3225,0.006163328197226536,3560,3533,0.007584269662921361,2655,2635,0.007532956685499026,2600,2581,0.007307692307692348,2419,2402,0.007027697395618038,,32317,32102,0.006652845251725048,1
BT-HQ,2017,3504,3488,0.004566210045662156,3825,3810,0.0039215686274509665,4226,4214,0.0028395646000946018,5084,5071,0.0025570416994492584,4320,4306,0.0032407407407407662,4282,4266,0.0037365716954693706,3975,3958,0.004276729559748449,4210,4194,0.0038004750593824133,3644,3627,0.004665203073545565,4654,4635,0.004082509669101841,4223,4207,0.003788775751835227,3917,3902,0.0038294613224406637,,49864,49678,0.0037301459971121886,1
BT-HQ,2018,0,0,,0,0,,0,0,,0,0,,0,0,,0,0,,0,0,,0,0,,0,0,,0,0,,0,0,,0,0,,,0,0,,0
BT-HQ,2019,0,2140,0,0,2280,0,0,2600,0,0,3040,0,0,2600,0,0,2480,0,0,2220,0,0,2300,0,0,2560,0,0,2320,0,0,2220,0,0,2160,0,,0,28920,0,1
BT-HQ,201A,0,0,,0,0,,0,0,,48128,48621,0,46065,44371,0.036774123521111424,51604,50097,0.02920316254553912,46802,45705,0.023439169266270654,53602,51855,0.032592067460169405,45732,44654,0.023572115805125526,41581,40445,0.027320170270075272,44142,43020,0.025417969280956965,35214,35231,0,,412870,403999,0.02148618209121511,57
BT-HQ,202,78141,77865,0.0035320766307059825,85578,83226,0.027483699081539692,97278,95679,0.01643742675630666,114718,108918,0.05055876148468419,102621,101504,0.010884711706180994,112800,110200,0.023049645390070927,99083,98408,0.006812470353138256,108124,106098,0.01873774555140395,103270,101058,0.021419579742422812,97468,96611,0.008792629375795169,101319,98233,0.030458255608523555,86338,83912,0.02809886724269728,,1186738,1161712,0.02108805818976045,196
BT-HQ,2020,0,2534,0,0,2363,0,0,2992,0,0,3386,0,0,2671,0,0,2903,0,0,2806,0,0,2898,0,0,2846,0,0,2524,0,0,2426,0,0,2420,0,,0,32769,0,1
BT-HQ,2021,0,3440,0,0,3580,0,0,3300,0,0,4540,0,0,3700,0,0,3780,0,0,3480,0,0,3880,0,0,4400,0,0,3960,0,0,4320,0,0,4220,0,,0,46600,0,1
BT-HQ,2022,0,13890,0,0,15119,0,0,16426,0,0,18917,0,0,16179,0,0,16006,0,0,14633,0,0,15250,0,0,14891,0,0,13522,0,0,13163,0,0,13629,0,,0,181625,0,1
BT-HQ,2023,0,6306,0,0,6438,0,0,7082,0,0,7907,0,0,6871,0,0,7271,0,0,6954,0,0,7688,0,0,7771,0,0,7078,0,0,7302,0,0,7021,0,,0,85689,0,1
BT-HQ,2024,0,1581,0,0,1694,0,0,1834,0,0,2153,0,0,1787,0,0,1848,0,0,1723,0,0,1850,0,0,1931,0,0,1651,0,0,0,,0,3689,0,,0,21741,0,1
BT-HQ,2025,0,859,0,0,847,0,0,915,0,0,974,0,0,927,0,0,997,0,0,881,0,0,1264,0,0,1379,0,0,1068,0,0,1032,0,0,1097,0,,0,12240,0,1
BT-HQ,2026,0,468,0,0,465,0,0,597,0,0,759,0,0,609,0,0,560,0,0,529,0,0,579,0,0,723,0,0,628,0,0,579,0,0,549,0,,0,7045,0,1
BT-HQ,2027,0,646,0,0,702,0,0,874,0,0,960,0,0,829,0,0,832,0,0,722,0,0,892,0,0,981,0,0,799,0,0,735,0,0,641,0,,0,9613,0,1
BT-HQ,2028,0,1829,0,0,1831,0,0,2071,0,0,2538,0,0,2117,0,0,2112,0,0,2027,0,0,2160,0,0,2115,0,0,1936,0,0,2116,0,0,2056,0,,0,24908,0,1
BT-HQ,2029,0,2876,0,0,3307,0,0,3609,0,0,3958,0,0,3597,0,0,3570,0,0,3566,0,0,3686,0,0,3916,0,0,3458,0,0,3119,0,0,2983,0,,0,41645,0,1
BT-HQ,203,104455,100765,0.03532621703125749,91703,88961,0.029900875652922987,111633,107504,0.03698727078910358,134984,130922,0.030092455402121687,137012,130060,0.05074008116077422,147174,141785,0.03661652194001663,130706,126192,0.0345355224702768,98725,90011,0.08826538364142822,94802,91020,0.039893673129258844,84521,82073,0.028963216242117396,89324,85112,0.04715418028749274,75858,74598,0.016609981808115126,,1300897,1249003,0.039890936792075005,78
BT-HQ,2030,0,1420,0,0,1458,0,0,1587,0,0,1911,0,0,1619,0,0,1854,0,0,1688,0,0,1935,0,0,2136,0,0,1727,0,0,1637,0,0,539,0,,0,19511,0,1
BT-HQ,2031,0,1734,0,0,1757,0,0,1862,0,0,2139,0,0,1813,0,0,1826,0,0,1664,0,0,1821,0,0,1850,0,0,2093,0,0,1761,0,0,1943,0,,0,22263,0,1
BT-HQ,2032,0,331,0,0,369,0,0,292,0,0,529,0,0,312,0,0,343,0,0,329,0,0,369,0,0,379,0,0,398,0,0,358,0,0,379,0,,0,4388,0,1
BT-HQ,2033,0,713,0,0,679,0,0,760,0,0,935,0,0,847,0,0,869,0,0,787,0,0,926,0,0,1000,0,0,826,0,0,801,0,0,785,0,,0,9928,0,1
BT-HQ,2034,0,558,0,0,449,0,0,460,0,0,697,0,0,507,0,0,465,0,0,508,0,0,496,0,0,590,0,0,541,0,0,489,0,0,443,0,,0,6203,0,1
BT-HQ,2035,0,2024,0,0,2115,0,0,2447,0,0,2938,0,0,2524,0,0,2503,0,0,2347,0,0,2577,0,0,2703,0,0,2293,0,0,2279,0,0,2155,0,,0,28905,0,1
BT-HQ,203A,20272,19598,0.03324782951854777,17052,16442,0.035772929861599856,24344,23495,0.03487512323365105,31469,30973,0.01576154310591371,32321,30914,0.04353206893351069,34171,32820,0.03953644903573206,28536,27546,0.0346930193439865,30466,29359,0.03633558721197405,31422,30510,0.029024250525109818,25010,24024,0.039424230307876895,28374,27348,0.03615986466483401,23969,23483,0.02027619007885184,,327406,316512,0.0332736724433883,87
BT-HQ,203B,0,0,,0,0,,6329,6325,0.0006320113762047219,3118,3115,0.0009621552277100376,4232,4227,0.0011814744801512678,5813,5806,0.0012041974883880702,4552,4549,0.0006590509666081212,5114,5110,0.0007821666014861117,4611,4607,0.000867490782910485,0,0,,0,0,,0,0,,,33769,33739,0.0008883887589209438,1
BT-HQ,203C,0,0,,0,0,,0,0,,0,0,,0,0,,0,0,,0,0,,43730,48295,0,47489,46356,0.023858156625744864,40260,39138,0.02786885245901638,44914,43281,0.036358373781003706,34094,34399,0,,210487,211469,0,115
BT-HQ,204,4465,3082,0.3097424412094065,5513,5512,0.0001813894431343943,9715,9714,0.00010293360782298588,9920,9919,0.00010080645161292257,9873,9872,0.00010128633647321639,10758,10757,9.295408068410449e-05,11153,11151,0.00017932394871333912,9630,9629,0.00010384215991687817,8378,8377,0.00011936022917169442,8320,8319,0.00012019230769233502,6580,6580,0,5475,6580,0,,99780,99492,0.0028863499699338657,1
BT-HQ,2040,0,1799,0,0,2107,0,0,2859,0,0,3052,0,0,3344,0,0,2677,0,0,2998,0,0,2613,0,0,1842,0,0,2001,0,0,1681,0,0,1903,0,,0,28876,0,1
BT-HQ,2041,0,6169,0,0,6458,0,0,6880,0,0,7890,0,0,6729,0,0,6761,0,0,6356,0,0,6841,0,0,6469,0,0,6133,0,0,6789,0,0,6550,0,,0,80025,0,1
BT-HQ,2042,0,2085,0,0,2132,0,0,2071,0,0,2684,0,0,2236,0,0,2278,0,0,2182,0,0,2459,0,0,2617,0,0,2327,0,0,2298,0,0,2134,0,,0,27503,0,1
BT-HQ,2043,0,9601,0,0,10446,0,0,11069,0,0,13993,0,0,12476,0,0,12422,0,0,11980,0,0,13293,0,0,13922,0,0,12167,0,0,11929,0,0,11822,0,,0,145120,0,1
BT-HQ,2044,0,2046,0,0,2144,0,0,2185,0,0,2665,0,0,2216,0,0,2124,0,0,1992,0,0,2265,0,0,2398,0,0,2146,0,0,2097,0,0,2015,0,,0,26293,0,1
BT-HQ,2045,0,1519,0,0,1803,0,0,1639,0,0,1887,0,0,1630,0,0,1679,0,0,1541,0,0,1694,0,0,1886,0,0,1587,0,0,1517,0,0,1413,0,,0,19795,0,1
BT-HQ,2046,0,972,0,0,1050,0,0,1159,0,0,1364,0,0,1244,0,0,1239,0,0,1070,0,0,1117,0,0,1192,0,0,974,0,0,1012,0,0,919,0,,0,13312,0,1
BT-HQ,2047,0,914,0,0,1100,0,0,1141,0,0,1298,0,0,1170,0,0,1125,0,0,1018,0,0,1181,0,0,1241,0,0,1087,0,0,941,0,0,873,0,,0,13089,0,1
BT-HQ,2048,453,454,0,580,582,0,599,600,0,742,743,0,0,613,0,64,568,0,483,483,0,584,585,0,764,763,0.0013089005235602524,0,0,,201,1165,0,721,722,0,,5191,7278,0,1
BT-HQ,2049,0,590,0,0,715,0,0,658,0,0,696,0,0,679,0,0,635,0,0,676,0,0,552,0,0,483,0,0,406,0,0,511,0,0,537,0,,0,7138,0,1
BT-HQ,205,44032,43009,0.023233103197674465,39525,38517,0.025502846299810256,46511,45327,0.025456343660639424,54867,53065,0.032843056846556196,58011,56725,0.022168209477512857,61111,59433,0.02745823174223949,53046,51298,0.03295253176488333,59074,60306,0,57769,53407,0.0755076251969049,52323,51484,0.016035013282877486,55584,53914,0.03004461715601614,43324,44447,0,,625177,610932,0.02278554713305192,147
BT-HQ,2050,0,524,0,0,548,0,0,658,0,0,826,0,0,687,0,0,679,0,0,628,0,0,706,0,0,851,0,0,736,0,0,686,0,0,714,0,,0,8243,0,1
BT-HQ,2051,103,105,0,123,124,0,143,144,0,200,201,0,160,162,0,172,173,0,145,147,0,164,163,0.0060975609756097615,174,167,0.04022988505747127,147,159,0,255,256,0,1103,1107,0,,2889,2908,0,1
BT-HQ,2052,0,270,0,0,210,0,0,246,0,0,377,0,0,293,0,0,310,0,0,308,0,0,346,0,0,385,0,0,332,0,0,277,0,0,293,0,,0,3647,0,1
BT-HQ,2053,0,991,0,0,1155,0,0,1250,0,0,1481,0,0,1217,0,0,1269,0,0,1258,0,0,1376,0,0,1375,0,0,1272,0,0,1322,0,0,1307,0,,0,15273,0,1
BT-HQ,2054,0,24,0,0,25,0,0,58,0,0,57,0,0,73,0,0,76,0,0,65,0,0,62,0,0,51,0,0,53,0,0,54,0,0,72,0,,0,670,0,1
BT-HQ,2055,0,531,0,0,529,0,0,579,0,0,650,0,0,584,0,0,625,0,0,573,0,0,666,0,0,625,0,0,657,0,0,643,0,0,593,0,,0,7255,0,1
BT-HQ,2056,0,57,0,0,37,0,0,37,0,0,46,0,0,58,0,0,66,0,0,65,0,0,67,0,0,32,0,0,25,0,0,33,0,0,54,0,,0,577,0,1
BT-HQ,2057,0,69,0,0,65,0,0,68,0,0,73,0,0,49,0,0,83,0,0,44,0,0,76,0,0,66,0,0,66,0,0,87,0,0,93,0,,0,839,0,1
BT-HQ,2058,0,581,0,0,779,0,0,1411,0,0,1827,0,0,1365,0,0,1379,0,0,1412,0,0,1497,0,0,1597,0,0,1406,0,0,1515,0,0,1486,0,,0,16255,0,1
BT-HQ,2059,360,792,0,1042,1042,0,983,984,0,1065,1065,0,971,973,0,899,899,0,1059,1060,0,997,997,0,918,920,0,813,814,0,764,775,0,801,793,0.009987515605493158,,10672,11114,0,1
BT-HQ,205A,4864,4870,0,5753,5759,0,7790,7796,0,8440,8447,0,8404,8410,0,7543,7547,0,6731,6734,0,7378,7382,0,6181,6085,0.015531467400097032,6414,6417,0,5644,5685,0,5564,5498,0.011861969805895045,,80706,80630,0.0009416895893737953,1
BT-HQ,206,72043,69642,0.03332731840706249,64128,61966,0.03371382235528941,74302,71756,0.034265564856935216,91188,88055,0.03435759091108481,103850,99232,0.04446798266730867,100011,96043,0.03967563568007515,85303,82746,0.029975499103196857,94390,90918,0.03678355758025209,92580,89447,0.03384100237632315,84504,82485,0.02389236012496454,91471,87778,0.04037345169507278,72812,69240,0.049057847607537175,,1026582,989308,0.0363088384561584,483
BT-HQ,2060,0,705,0,0,671,0,0,821,0,0,1042,0,0,930,0,0,748,0,0,686,0,0,645,0,0,784,0,0,815,0,0,846,0,0,947,0,,0,9640,0,1
BT-HQ,2061,0,1195,0,0,1210,0,0,1313,0,0,1697,0,0,1282,0,0,1436,0,0,1465,0,0,1409,0,0,1586,0,0,1645,0,0,1468,0,0,1551,0,,0,17257,0,1
BT-HQ,2062,0,350,0,0,317,0,0,365,0,0,617,0,0,550,0,0,592,0,0,565,0,0,635,0,0,718,0,0,736,0,0,569,0,0,508,0,,0,6522,0,1
BT-HQ,2063,0,560,0,0,560,0,0,640,0,0,680,0,0,580,0,0,660,0,0,560,0,0,540,0,0,580,0,0,620,0,0,560,0,0,600,0,,0,7140,0,1
BT-HQ,2064,0,1380,0,0,1300,0,0,1600,0,0,1700,0,0,1580,0,0,1620,0,0,1580,0,0,1760,0,0,1400,0,0,1720,0,0,1800,0,0,1740,0,,0,19180,0,1
BT-HQ,2065,0,510,0,0,600,0,0,780,0,0,960,0,0,660,0,0,540,0,0,540,0,0,570,0,0,660,0,0,540,0,0,510,0,0,630,0,,0,7500,0,1
BT-HQ,2066,2394,2420,0,2666,2700,0,3224,3280,0,2839,2880,0,2526,2540,0,2486,2500,0,1997,2020,0,2086,2080,0.0028763183125599667,1817,1820,0,1666,1660,0.0036014405762304635,1623,1620,0.001848428835489857,2112,2120,0,,27436,27640,0,1
BT-HQ,2067,0,184,0,0,154,0,0,171,0,0,233,0,0,201,0,0,225,0,0,145,0,0,152,0,0,153,0,0,162,0,0,127,0,0,133,0,,0,2040,0,1
BT-HQ,2068,0,1503,0,0,1524,0,0,1541,0,0,1476,0,0,1758,0,0,1384,0,0,1222,0,0,1398,0,0,1383,0,0,1147,0,0,1066,0,0,1156,0,,0,16558,0,1
BT-HQ,2069,0,600,0,0,598,0,0,704,0,0,868,0,0,893,0,0,833,0,0,783,0,0,742,0,0,942,0,0,617,0,0,549,0,0,621,0,,0,8750,0,1
BT-HQ,207,73793,70471,0.04501782011843947,62380,60303,0.03329592818210969,78379,75537,0.036259712422970436,100477,97044,0.03416702329886445,101329,95659,0.055956340238233926,109174,105218,0.036235733782768786,92678,88920,0.040548997604609505,97677,93468,0.04309100402346511,97481,92185,0.05432853581723618,76630,74711,0.025042411588150904,82016,80710,0.015923722200546275,67845,66683,0.017127275407178177,,1039859,1000909,0.0374570013819181,132
BT-HQ,2070,52,302,0,222,222,0,196,196,0,230,230,0,200,200,0,205,205,0,199,199,0,209,209,0,217,216,0.004608294930875556,188,189,0,201,199,0.00995024875621886,157,159,0,,2276,2526,0,1
BT-HQ,2071,0,207,0,0,194,0,0,228,0,0,327,0,0,262,0,0,284,0,0,281,0,0,0,,0,0,,0,790,0,0,236,0,0,218,0,,0,3027,0,1
BT-HQ,2072,0,600,0,0,652,0,0,682,0,0,771,0,0,721,0,0,711,0,0,721,0,0,778,0,0,699,0,0,659,0,0,627,0,0,693,0,,0,8314,0,1
BT-HQ,2073,0,4668,0,0,3911,0,0,2973,0,0,5009,0,0,4761,0,0,3005,0,0,2755,0,0,3170,0,0,3021,0,0,2627,0,0,2482,0,0,2408,0,,0,40790,0,1
BT-HQ,2074,0,2574,0,0,2337,0,0,2494,0,0,3109,0,0,2690,0,0,2412,0,0,2885,0,0,2756,0,0,2884,0,0,2521,0,0,2458,0,0,2398,0,,0,31518,0,1
BT-HQ,2075,0,5119,0,0,5796,0,0,6189,0,0,7815,0,0,6652,0,0,6600,0,0,6409,0,0,6821,0,0,6930,0,0,6185,0,0,6364,0,0,6106,0,,0,76986,0,1
BT-HQ,2076,0,1634,0,0,882,0,0,227,0,0,380,0,0,132,0,0,378,0,0,983,0,0,3079,0,0,1503,0,0,1926,0,0,3932,0,0,1499,0,,0,16555,0,1
BT-HQ,2077,0,1523,0,0,1788,0,0,1822,0,0,2359,0,0,1734,0,0,0,,0,0,,0,0,,0,8053,0,0,1661,0,0,1585,0,0,1380,0,,0,21905,0,1
BT-HQ,2078,0,424,0,0,441,0,0,480,0,0,603,0,0,458,0,0,426,0,0,412,0,0,362,0,0,383,0,0,420,0,0,444,0,0,400,0,,0,5253,0,1
BT-HQ,2079,0,2827,0,0,3108,0,0,3497,0,0,4139,0,0,3327,0,0,3290,0,0,3191,0,0,3589,0,0,3859,0,0,3280,0,0,3231,0,0,3189,0,,0,40527,0,1
BT-HQ,208,87762,87551,0.0024042296210204928,84388,84189,0.0023581551879414686,95821,95566,0.00266121205163794,102746,102471,0.0026765032215365636,90754,90502,0.0027767371135156704,92699,92437,0.0028263519563317407,100995,100693,0.0029902470419327365,87774,87538,0.002688723312142538,92240,92300,0,93573,91973,0.01709894948329116,96334,96214,0.001245666119957689,86797,85658,0.013122573360830447,,1111883,1107092,0.004308906602583207,1
BT-HQ,2080,0,3269,0,0,3600,0,0,4041,0,0,4379,0,0,3461,0,0,3412,0,0,3173,0,0,3790,0,0,4403,0,0,3729,0,0,3545,0,0,3218,0,,0,44020,0,1
BT-HQ,2081,0,9684,0,0,8052,0,0,5087,0,0,13919,0,0,12646,0,0,8813,0,0,5492,0,0,5808,0,0,5965,0,0,5201,0,0,5179,0,0,8169,0,,0,94015,0,1
BT-HQ,2082,0,3601,0,0,3944,0,0,4149,0,0,5381,0,0,4532,0,0,4256,0,0,3903,0,0,4470,0,0,4916,0,0,4454,0,0,4115,0,0,4132,0,,0,51853,0,1
BT-HQ,208A,0,0,,0,0,,0,0,,0,0,,0,0,,0,0,,0,0,,0,0,,0,0,,0,0,,17075,26336,0,25253,24766,0.019284837445056047,,42328,51102,0,19
BT-HQ,209,88624,85084,0.03994403321899265,76186,73364,0.03704092615441157,90961,87050,0.042996449027605244,108582,103235,0.04924388941076785,112238,106242,0.05342219212744348,117779,108714,0.07696618242640874,111438,109153,0.020504675245427983,123044,116667,0.051826988719482436,117509,112570,0.04203082317099116,104728,99011,0.054589030631731705,111846,105837,0.053725658494716,96826,93860,0.030632268192427703,,1259761,1200787,0.04681364163519908,208
BT-HQ,2090,0,1815,0,0,1709,0,0,2057,0,0,2145,0,0,1626,0,0,1634,0,0,1576,0,0,1437,0,0,1591,0,0,1521,0,0,1412,0,0,1458,0,,0,19981,0,1
BT-HQ,2091,0,3038,0,0,3179,0,0,3223,0,0,3597,0,0,2937,0,0,2771,0,0,2787,0,0,3425,0,0,2520,0,0,3034,0,0,2902,0,0,2889,0,,0,36302,0,1
BT-HQ,2092,0,4410,0,0,4189,0,0,4440,0,0,3632,0,0,3235,0,0,2980,0,0,3095,0,0,3676,0,0,2714,0,0,3133,0,0,3432,0,0,4673,0,,0,43609,0,1
BT-HQ,2093,387,388,0,415,415,0,459,459,0,425,426,0,417,417,0,398,399,0,331,331,0,371,372,0,402,402,0,474,475,0,425,425,0,374,375,0,,4878,4884,0,1
BT-HQ,2094,0,654,0,0,565,0,0,639,0,0,719,0,0,600,0,0,545,0,0,529,0,0,545,0,0,500,0,0,556,0,0,531,0,0,460,0,,0,6843,0,1
BT-HQ,2095,0,446,0,0,417,0,0,507,0,0,561,0,0,499,0,0,485,0,0,386,0,0,333,0,0,308,0,0,390,0,0,427,0,0,431,0,,0,5190,0,1
BT-HQ,2096,0,212,0,0,200,0,0,246,0,0,292,0,0,210,0,0,230,0,0,252,0,0,254,0,0,239,0,0,325,0,0,263,0,0,233,0,,0,2956,0,1
BT-HQ,2097,0,232,0,0,252,0,0,307,0,0,343,0,0,331,0,0,329,0,0,411,0,0,427,0,0,394,0,0,476,0,0,374,0,0,326,0,,0,4202,0,1
BT-HQ,2098,161,161,0,141,142,0,110,110,0,157,158,0,178,180,0,180,181,0,129,129,0,162,163,0,192,194,0,168,169,0,200,201,0,64,64,0,,1842,1852,0,1
BT-HQ,2099,0,582,0,0,641,0,0,785,0,0,870,0,0,747,0,0,801,0,0,798,0,0,846,0,0,961,0,0,888,0,0,804,0,0,758,0,,0,9481,0,1
BT-HQ,21,0,0,,0,0,,0,0,,0,0,,0,0,,0,0,,0,0,,0,0,,0,0,,0,0,,0,0,,0,0,,,0,0,,0
BT-HQ,210,0,13671,0,0,15950,0,0,18456,0,0,20560,0,0,19774,0,0,19657,0,0,16878,0,0,17586,0,0,15523,0,0,17135,0,0,15150,0,0,13077,0,,0,203417,0,1
BT-HQ,2101,0,2980,0,0,2958,0,0,3049,0,0,3186,0,0,3236,0,0,3566,0,0,3374,0,0,3410,0,0,3398,0,0,3165,0,0,3207,0,0,3174,0,,0,38703,0,1
BT-HQ,2102,0,1230,0,0,1244,0,0,1576,0,0,1822,0,0,1527,0,0,1786,0,0,1870,0,0,1962,0,0,2235,0,0,1899,0,0,1719,0,0,1731,0,,0,20601,0,1
BT-HQ,2103,0,2155,0,0,2264,0,0,2650,0,0,2870,0,0,2736,0,0,2619,0,0,2318,0,0,2579,0,0,2649,0,0,2372,0,0,2325,0,0,2361,0,,0,29898,0,1
BT-HQ,2104,135,136,0,136,136,0,16,18,0,14,15,0,24,25,0,31,32,0,30,31,0,30,31,0,26,27,0,25,27,0,26,26,0,24,25,0,,517,529,0,1
BT-HQ,2105,0,0,,0,0,,0,0,,0,0,,0,0,,0,0,,0,0,,0,0,,0,0,,0,0,,0,0,,0,0,,,0,0,,0
BT-HQ,2106,0,0,,0,0,,0,0,,0,0,,0,0,,0,0,,0,0,,0,0,,0,0,,0,0,,0,0,,0,0,,,0,0,,0
BT-HQ,2107,0,0,,0,0,,0,0,,0,0,,0,0,,0,0,,0,0,,0,0,,0,0,,0,0,,0,0,,0,0,,,0,0,,0
BT-HQ,2108,0,0,,0,0,,0,0,,0,0,,0,0,,0,0,,0,0,,0,0,,0,0,,0,0,,0,0,,0,0,,,0,0,,0
BT-HQ,2109,0,0,,0,0,,0,0,,0,0,,0,0,,0,0,,0,0,,0,0,,0,0,,0,0,,0,0,,0,0,,,0,0,,0
BT-HQ,211,37877,37165,0.01879768725083819,39612,39023,0.014869231545996175,51505,50641,0.016775070381516377,62178,61107,0.0172247418701148,64771,63630,0.01761590835404736,65482,64430,0.016065483644360334,54948,54079,0.015814952318555675,63596,62483,0.017501100698157135,58191,57361,0.014263374061280976,54599,53764,0.015293320390483367,55309,54287,0.018478005387911556,46257,45765,0.010636228030352135,,654325,643735,0.016184617735834683,218
BT-HQ,2110,0,0,,0,0,,0,0,,0,0,,0,0,,0,0,,0,0,,0,0,,0,0,,0,0,,0,0,,0,0,,,0,0,,0
BT-HQ,2111,0,0,,0,0,,0,0,,0,0,,0,0,,0,0,,0,0,,0,0,,0,0,,0,0,,0,0,,0,0,,,0,0,,0
BT-HQ,2112,0,0,,0,0,,0,0,,0,0,,0,0,,0,0,,0,0,,0,0,,0,0,,0,0,,0,0,,0,0,,,0,0,,0
BT-HQ,2113,0,0,,0,0,,0,0,,0,0,,0,0,,0,0,,0,0,,0,0,,0,0,,0,0,,0,0,,0,0,,,0,0,,0
BT-HQ,2114,0,0,,0,0,,0,0,,0,0,,0,0,,0,0,,0,0,,0,0,,0,0,,0,0,,0,0,,0,0,,,0,0,,0
BT-HQ,2115,0,0,,0,0,,0,0,,0,0,,0,0,,0,0,,0,0,,0,0,,0,0,,0,0,,0,0,,0,0,,,0,0,,0
BT-HQ,2116,0,0,,0,0,,0,0,,0,0,,0,0,,0,0,,0,0,,0,0,,0,0,,0,0,,0,0,,0,0,,,0,0,,0
BT-HQ,2117,0,0,,0,0,,0,0,,0,0,,0,0,,0,0,,0,0,,0,0,,0,0,,0,0,,0,0,,0,0,,,0,0,,0
BT-HQ,2118,0,0,,0,0,,0,0,,0,0,,0,0,,0,0,,0,0,,0,0,,0,0,,0,0,,0,0,,0,0,,,0,0,,0
BT-HQ,2119,0,0,,0,0,,0,0,,0,0,,0,0,,0,0,,0,0,,0,0,,0,0,,0,0,,0,0,,0,0,,,0,0,,0
BT-HQ,211A,34240,32881,0.039690420560747675,34880,33839,0.029845183486238547,43360,42242,0.02578413284132841,51480,50067,0.02744755244755248,53320,51703,0.03032633158289577,52120,50688,0.0274750575594781,45680,44343,0.029268826619964994,52280,50724,0.029762815608263216,47840,46649,0.024895484949832736,44760,43548,0.02707774798927609,43320,42190,0.02608494921514315,37080,36144,0.025242718446601975,,540360,525018,0.028392182989118386,163
BT-HQ,212,20737,20199,0.025943964893668348,20004,19492,0.025594881023795257,23663,22876,0.03325867387905168,29872,29298,0.019215318693090566,29275,28456,0.027976088812980304,29886,29232,0.021883155992772574,28640,27899,0.025872905027932935,34576,33636,0.027186487737158704,30676,28869,0.05890598513495893,32690,32989,0,28548,27719,0.02903881182569712,22664,22012,0.028768090363572196,,331231,322677,0.025824877502407695,144
BT-HQ,2120,0,0,,0,0,,0,0,,0,0,,0,0,,0,0,,0,0,,0,0,,0,0,,0,0,,0,0,,0,0,,,0,0,,0
BT-HQ,2121,0,0,,0,0,,0,0,,0,0,,0,0,,0,0,,0,0,,0,0,,0,0,,0,0,,0,0,,0,0,,,0,0,,0
BT-HQ,213,31200,30044,0.03705128205128205,30880,29883,0.03228626943005186,38720,36922,0.046435950413223126,45720,43411,0.05050306211723532,48800,46000,0.05737704918032782,47000,44969,0.04321276595744683,39920,38287,0.04090681362725446,46240,44173,0.0447015570934256,42680,41314,0.03200562324273659,41040,39052,0.04844054580896684,41400,38548,0.06888888888888889,34077,33394,0.020042844147078687,,487677,465997,0.04445565404970908,326
BT-HQ,213A,27979,26902,0.03849315558097144,26196,25169,0.0392044586959841,33507,32327,0.03521652192079272,40210,38831,0.034294951504600824,42280,41204,0.02544938505203409,39356,37371,0.050437036284175174,36453,35185,0.03478451704935126,41905,40521,0.03302708507338026,38401,36725,0.04364469675268878,38440,37450,0.02575442247658688,37814,36645,0.03091447611995557,31753,30357,0.043964349825213356,,434294,418687,0.03593648542231764,223
BT-HQ,214,0,46709,0,0,40380,0,0,56282,0,0,55923,0,0,40781,0,30681,45554,0,41914,42923,0,34802,35721,0,34564,35480,0,40021,41041,0,50823,51975,0,38456,39394,0,,271261,532163,0,1
BT-HQ,215,73414,70918,0.033998964775110996,66207,66219,0,75059,73232,0.024340851863200896,86033,85120,0.010612206943847124,90222,87201,0.0334840726208685,93511,91477,0.02175145170086945,79589,77945,0.02065612082071644,87299,85540,0.020149142601862513,84036,84657,0,74712,70575,0.0553726309026662,75925,74690,0.016266052025024735,64083,62852,0.019209462728024596,,950090,930426,0.020696986601269396,44
BT-HQ,216,118500,118554,0,124852,124911,0,119614,119686,0,158024,158135,0,136579,136679,0,123437,123520,0,112246,112316,0,114845,114923,0,101113,101181,0,122716,122800,0,94891,94954,0,83038,83087,0,,1409855,1410746,0,1
BT-HQ,2160,0,6367,0,0,6856,0,0,7649,0,0,8580,0,0,7879,0,0,8154,0,0,7922,0,0,8920,0,0,9531,0,0,8491,0,0,8192,0,0,7924,0,,0,96465,0,1
BT-HQ,2161,0,2917,0,0,3191,0,0,3551,0,0,4200,0,0,3953,0,0,4361,0,0,4249,0,0,4271,0,0,4595,0,0,4130,0,0,3572,0,0,3365,0,,0,46355,0,1
BT-HQ,2162,0,2745,0,0,3143,0,0,3676,0,0,3870,0,0,3568,0,0,3669,0,0,3619,0,0,3866,0,0,3951,0,0,3474,0,0,3302,0,0,2955,0,,0,41838,0,1
BT-HQ,217,70222,67211,0.042878300247785606,60616,58204,0.03979147419823148,52571,49327,0.06170702478552814,62850,60949,0.030246618933969738,60453,58883,0.0259705887218169,65903,64888,0.01540142330394667,57300,54859,0.04260034904013965,69085,67514,0.0227401027719476,62371,60497,0.03004601497490822,54994,53907,0.019765792631923462,58048,56487,0.02689153803748623,47440,46437,0.021142495784148396,,721853,699163,0.03143299258990406,49
BT-HQ,217A,9579,9583,0,11652,11660,0,13064,13073,0,14654,14664,0,13233,13245,0,13071,13084,0,12289,12301,0,13539,13555,0,11558,11431,0.010988060218030782,13739,14156,0,12228,11859,0.030176643768400346,11360,11371,0,,149966,149982,0,1
BT-HQ,217B,0,0,,0,0,,23398,24236,0,29680,28410,0.04278975741239888,30594,29239,0.04428973001242076,30407,29310,0.03607721906140038,27608,26705,0.03270791075050705,30284,29987,0.009807158895786539,30322,32738,0,27080,24068,0.11122599704579028,27106,26864,0.008927912639268065,20458,20277,0.008847394662234831,,276937,271834,0.018426573552829728,17
BT-HQ,218,0,4150,0,0,5494,0,0,6651,0,0,6713,0,0,6659,0,0,7862,0,0,7388,0,0,7318,0,0,6230,0,0,6921,0,0,5916,0,0,5916,0,,0,77218,0,1
BT-HQ,218B,0,0,,0,0,,0,0,,0,0,,0,0,,0,0,,0,0,,0,0,,0,0,,0,0,,0,0,,0,0,,,0,0,,0
BT-HQ,219,44209,43141,0.02415797688253518,42071,41052,0.02422095980604222,48744,47691,0.021602658788773987,58077,56621,0.025070165469979533,62117,61022,0.01762802453434642,60453,58849,0.026533009114518724,55899,54805,0.01957101200379252,60896,59476,0.02331844456121912,54690,54030,0.01206801974766869,55917,54370,0.02766600497165439,53009,51623,0.026146503423946865,43977,43424,0.012574754985560599,,640059,626104,0.0218026775656619,349
BT-HQ,2190,0,8143,0,0,9504,0,0,11507,0,0,11648,0,0,9893,0,0,9017,0,0,8242,0,0,9429,0,0,8179,0,0,8719,0,0,8643,0,0,9437,0,,0,112361,0,1
BT-HQ,22,0,0,,0,0,,0,0,,0,0,,0,0,,0,0,,0,0,,0,0,,0,0,,0,0,,0,0,,0,0,,,0,0,,0
BT-HQ,220,41633,40535,0.026373309634184383,40367,39138,0.03044566105977653,45952,44579,0.02987900417827294,55210,53617,0.028853468574533636,62124,60114,0.03235464554761447,59438,57451,0.03342979238870758,56947,55694,0.02200291499113205,62973,60904,0.0328553507058581,59822,58271,0.02592691651900636,61785,59558,0.03604434733349515,55822,53969,0.03319479774999101,46525,45206,0.028350349274583575,,648598,629036,0.030160438360895325,256
BT-HQ,220A,40671,38680,0.04895380000491756,39577,37517,0.05205043333249104,48370,45309,0.0632830266694232,57285,53906,0.05898577288993634,62570,58243,0.06915454690746359,57552,53690,0.06710453155407281,51921,48604,0.06388551838369827,59263,55077,0.07063429121036735,49243,46456,0.05659687671344149,50003,46995,0.06015639061656297,47908,44629,0.06844368372714371,39016,36944,0.05310641787984416,,603379,566050,0.06186658799858791,308
BT-HQ,221,70394,67239,0.04481916072392533,65001,62106,0.04453777634190248,80375,76596,0.04701710730948683,96010,91500,0.046974273513175735,100700,97020,0.036544190665342646,99771,96383,0.03395776327790645,91353,86847,0.04932514531542476,101057,96807,0.042055473643587304,91180,87582,0.039460407984207024,91319,88377,0.03221673474304365,89306,84747,0.05104920162139159,71508,69179,0.03256978240196906,,1047974,1004383,0.0415954975982229,565
BT-HQ,221A,1871,1836,0.018706574024585754,1875,1841,0.018133333333333335,2148,2120,0.013035381750465591,2533,2508,0.009869719699960533,2756,2730,0.009433962264150941,2775,2744,0.011171171171171168,2611,2577,0.013021830716200666,2824,2791,0.01168555240793201,2637,2611,0.009859689040576436,2784,2749,0.012571839080459779,2654,2606,0.018085908063300682,2371,2356,0.006326444538169551,,29839,29469,0.012399879352525178,35
BT-HQ,222,57600,55120,0.043055555555555514,60600,57979,0.043250825082508215,68580,65496,0.04496937882764651,77100,73489,0.04683527885862515,84180,82686,0.017747683535281555,82694,76638,0.07323385009795147,71511,68668,0.039756121435863045,85183,81303,0.04554899451768546,73689,70656,0.04115946749175592,76342,73115,0.04227030992114433,76820,73547,0.04260609216349909,61799,59256,0.04114953316396708,,876098,837953,0.0435396496738949,538
BT-HQ,222A,30855,29598,0.040738940204180896,33064,31679,0.04188845874667313,38889,37262,0.04183702332279049,42291,40477,0.04289328698777517,48106,46050,0.04273895148214357,44048,42113,0.0439293498002179,40181,38638,0.038401234414275454,47251,45215,0.04308903515269513,41423,39755,0.040267484247881624,43479,42030,0.033326433450631354,44565,42633,0.043352406597105375,33220,31905,0.03958458759783268,,487372,467355,0.041071296668663826,334
BT-HQ,223,38994,36117,0.07378058162794277,39478,36496,0.07553574142560415,47126,43681,0.07310189704197256,53405,49792,0.06765284149424211,65492,60684,0.07341354669272582,57937,53696,0.07320020021747764,52193,48649,0.06790182591535265,62415,57959,0.07139309460866783,51801,48415,0.06536553348390961,56417,52563,0.06831274261304221,53671,50163,0.06536118201635888,43886,40500,0.07715444560907803,,622815,578715,0.07080754317092552,412
BT-HQ,223A,23580,22495,0.046013570822731165,23970,22857,0.046433041301627065,27480,26167,0.047780203784570596,30120,28590,0.05079681274900394,35490,33670,0.05128205128205132,33120,31453,0.050332125603864686,29220,27731,0.05095824777549629,34710,32872,0.05295303946989338,30300,28847,0.04795379537953792,32100,30361,0.05417445482866046,30360,28924,0.04729907773386033,24930,23720,0.04853590052146006,,355380,337687,0.0497861444088018,230
BT-HQ,223B,12840,12369,0.03668224299065426,13380,12827,0.04133034379671152,14970,14384,0.03914495657982631,16560,15823,0.04450483091787438,19560,18716,0.04314928425357878,17460,16674,0.045017182130584144,15750,15189,0.03561904761904766,18990,18087,0.04755134281200635,16680,15997,0.040947242206235024,17400,16646,0.043333333333333335,16290,15509,0.047943523634131346,13140,12677,0.03523592085235916,,193020,184898,0.04207854108382547,142
BT-HQ,224,483865,484111,0,501756,502005,0,574233,574528,0,742623,743012,0,640931,641257,0,644296,644626,0,605914,606222,0,665624,665966,0,672442,672784,0,621605,621918,0,572695,572972,0,556147,556417,0,,7282131,7285818,0,1
BT-HQ,225,24270,23227,0.042974866089822816,24240,23217,0.042202970297029685,27990,26843,0.040978921043229755,31140,29721,0.04556840077071289,36480,35001,0.040542763157894735,33180,31795,0.04174201326100058,29940,28723,0.04064796259185033,34800,33400,0.04022988505747127,31140,29877,0.0405587668593449,34440,33004,0.041695702671312396,31800,30478,0.04157232704402514,25350,24441,0.03585798816568042,,364770,349727,0.041239685281136085,305
BT-HQ,226,6688,6383,0.0456040669856459,6763,6448,0.046576962886293094,7967,7643,0.0406677544872599,9299,8915,0.04129476287772882,11784,11223,0.047606924643584514,9840,9250,0.059959349593495914,8998,8568,0.04778839742164931,10894,10379,0.047273728657976855,9543,9074,0.04914597086869954,10689,10160,0.049490130040228286,9415,8958,0.048539564524694656,4101,6898,0,,105981,103899,0.019645030713052347,90
BT-HQ,226A,9753,9483,0.02768378960319906,9822,9493,0.03349623294644677,11878,11633,0.02062636807543361,13178,12846,0.025193504325390803,15635,15247,0.024816117684681838,14187,13804,0.026996546133784438,13045,12703,0.026216941356841716,15194,14787,0.02678688956166908,12574,12243,0.026324160967074905,14147,13746,0.02834523220470775,12399,12179,0.017743366400516214,10593,10125,0.04418011894647411,,152405,148289,0.02700698795971257,154
BT-HQ,227,11521,11194,0.02838295286867465,11874,11538,0.028297119757453304,14002,13637,0.02606770461362662,15049,14674,0.024918599242474637,18323,17737,0.031981662391529775,16298,15996,0.01852988096698982,14892,14375,0.03471662637657802,18265,17781,0.026498768135778783,16174,15724,0.027822431062198616,16983,16625,0.021079903432844604,16168,15724,0.02746165264720435,12850,12341,0.03961089494163428,,182399,177346,0.027703002757690554,175
BT-HQ,227A,17196,16517,0.039485926959758055,17689,17045,0.036406806489909016,20229,19472,0.037421523555291936,22155,21408,0.03371699390656735,26094,25137,0.03667509772361466,23603,22832,0.0326653391518027,21817,20972,0.038731264610166405,25873,24938,0.03613805898040423,22987,22146,0.03658589637621268,26481,24849,0.06162909255692761,23301,23097,0.008754989056263707,19142,18403,0.03860620624804101,,266567,256816,0.03657992174575242,301
BT-HQ,228,8387,8090,0.03541194706092765,8724,8402,0.03690967446125626,10235,9946,0.028236443575964776,10336,10040,0.028637770897832815,12632,12275,0.028261557948068394,11474,11178,0.025797455115914247,10811,10717,0.008694847840162834,14012,13581,0.03075934912931777,12190,11921,0.02206726825266614,13392,13212,0.013440860215053752,12565,12123,0.035177079188221216,9949,9720,0.02301738868227965,,134707,131205,0.02599716421566811,185
BT-HQ,229,1019,1018,0.0009813542688911214,942,941,0.0010615711252653925,966,965,0.0010351966873706209,1090,1088,0.0018348623853210455,986,985,0.0010141987829614951,1044,1043,0.0009578544061302763,1010,1009,0.000990099009900991,1042,1040,0.0019193857965451588,1086,1085,0.0009208103130755596,0,989,0,2006,1015,0.4940179461615155,963,961,0.0020768431983385627,,12154,12139,0.0012341615928912475,1
BT-HQ,23,14896,14904,0,15059,15066,0,17048,17056,0,17939,17947,0,17713,17720,0,16692,16701,0,17029,17037,0,18286,18295,0,15125,15133,0,15900,15908,0,13476,13482,0,13280,13287,0,,192443,192536,0,1
BT-HQ,230,6143,5914,0.03727820283249228,6193,5977,0.03487808816405624,7569,7305,0.03487911216805395,8267,8020,0.029877827506955335,10376,10093,0.027274479568234367,9101,8843,0.028348533128227715,8160,7920,0.02941176470588236,9929,9622,0.030919528653439388,8577,8308,0.031362947417512,9354,9117,0.025336754329698508,8687,8446,0.027742603890871465,6983,6652,0.04740083058857225,,99339,96217,0.031427737343842854,98
BT-HQ,230A,15085,14344,0.04912164401723562,15704,14914,0.05030565461029035,18223,17391,0.045656587828568296,20089,19172,0.04564687142217139,22830,21740,0.047744196233026726,20987,19994,0.04731500452661175,18632,17659,0.05222198368398456,21931,21055,0.03994345903059593,19272,18428,0.043794105437941044,20640,19715,0.04481589147286824,19157,18436,0.03763637312731638,15938,15053,0.05552766972016565,,228488,217901,0.046335037288610326,201
BT-HQ,231,11772,11258,0.0436629289840299,12041,11591,0.037372311269828096,13195,12735,0.034861690034103776,14741,14240,0.03398683942744729,17322,16705,0.03561944348227686,16146,15568,0.03579834014616623,14353,13853,0.03483592280359504,17151,16518,0.036907468952247724,15683,15137,0.03481476758273294,16721,16169,0.03301237964236592,15975,15348,0.03924882629107984,12142,11752,0.032119914346895095,,177242,170874,0.0359282788503853,155
BT-HQ,231A,11497,11088,0.03557449769505083,11606,11317,0.024900913320696216,12827,12455,0.029001325329383376,14166,13698,0.03303684879288438,16030,15548,0.03006862133499688,14172,13696,0.0335873553485746,13220,12814,0.030711043872919785,15037,14606,0.028662632173970914,13122,12777,0.026291723822588042,14184,13900,0.020022560631697717,13641,13112,0.03878014808298513,10935,10676,0.02368541380887057,,160437,155687,0.029606636873040548,137
BT-HQ,231B,2467,2400,0.02715849209566279,2672,2599,0.027320359281437168,3430,3324,0.03090379008746358,3587,3507,0.02230275996654585,4063,3958,0.02584297317253259,3641,3552,0.024443834111507856,3313,3212,0.030485964382734654,3978,3868,0.0276520864756159,3929,3824,0.026724357342835292,3842,3762,0.020822488287350338,3739,3661,0.02086119283230814,3317,3168,0.044920108531805836,,41978,40835,0.027228548287198007,51
BT-HQ,232,9599,9368,0.024065006771538666,10100,9896,0.020198019801980216,11729,11566,0.013897177935032867,12491,12308,0.014650548394844254,14472,14245,0.01568546158098394,12880,12682,0.015372670807453415,12230,12032,0.016189697465249342,13650,13448,0.014798534798534768,13155,12919,0.01793994678829347,13699,13470,0.01671654865318639,13569,13359,0.01547645368118511,10445,10256,0.018094782192436543,,148019,145549,0.01668704693316403,250
BT-HQ,232A,1254,1216,0.030303030303030276,1071,1032,0.036414565826330514,1072,1045,0.025186567164179108,1486,1450,0.024226110363391617,1811,1768,0.02374378796245169,1693,1649,0.025989367985823963,1788,1744,0.02460850111856827,1622,1582,0.024660912453760786,1468,1428,0.027247956403269713,1453,1417,0.024776324845148023,1406,1368,0.027027027027026973,1155,1119,0.03116883116883118,,17279,16818,0.026679784709763288,29
BT-HQ,232B,3332,3231,0.030312124849939948,3118,3017,0.032392559332905746,3611,3501,0.030462475768485153,3844,3726,0.030697190426638876,4297,4171,0.029322783337212055,4040,3915,0.030940594059405968,3753,3631,0.03250732747135621,4285,4152,0.03103850641773631,4092,3974,0.02883675464320623,4083,3943,0.034288513348028404,4025,4042,0,3268,3195,0.022337821297429672,,45748,44498,0.027323598845851227,57
BT-HQ,232C,1606,1563,0.02677459526774595,1583,1547,0.0227416298168035,1867,1829,0.02035350830208893,2106,2070,0.017094017094017144,2546,2497,0.01924587588373916,2341,2296,0.019222554463904307,2181,2139,0.019257221458046758,2024,1984,0.01976284584980237,2081,2040,0.01970206631427196,2085,2043,0.020143884892086295,2209,2170,0.017655047532820323,1894,1855,0.02059134107708549,,24523,24033,0.019981242099253782,35
BT-HQ,232D,2661,2609,0.019541525742202137,2485,2440,0.01810865191146882,2801,2757,0.01570867547304533,2787,2747,0.014352350197344821,3483,3427,0.016078093597473475,3546,3495,0.014382402707275754,3271,3219,0.015897279119535312,3819,3753,0.01728201099764337,3462,3412,0.01444251877527436,3484,3429,0.01578645235361653,3157,3104,0.01678808995882164,3095,3038,0.01841680129240708,,38051,37430,0.01632020183438021,32
BT-HQ,232E,0,0,,0,0,,0,0,,0,0,,0,0,,0,0,,0,0,,0,0,,0,0,,0,0,,0,0,,0,0,,,0,0,,0
BT-HQ,233,18152,17764,0.021375055090348205,19846,19419,0.02151567066411364,21330,20955,0.017580872011251802,26322,25891,0.016374135703973836,21137,20560,0.027298102852817308,23415,22729,0.029297458893871475,21217,20803,0.019512654946505115,24335,23929,0.01668378878159027,22886,22623,0.011491741676133871,22795,22300,0.021715288440447456,23065,22402,0.028744851506611768,19857,19490,0.018482147353578116,,264357,258865,0.020774936922419274,226
BT-HQ,233A,518,504,0.027027027027026973,470,455,0.03191489361702127,466,453,0.027896995708154515,615,596,0.03089430894308942,474,459,0.03164556962025311,499,479,0.04008016032064132,423,413,0.023640661938534313,598,579,0.0317725752508361,521,506,0.028790786948176605,578,563,0.02595155709342556,572,558,0.02447552447552448,482,467,0.03112033195020747,,6216,6032,0.029601029601029616,16
BT-HQ,233B,0,0,,0,0,,0,0,,0,0,,0,0,,0,0,,0,0,,0,0,,662,663,0,3184,3183,0.0003140703517587884,1232,1231,0.0008116883116883189,2202,2200,0.0009082652134423386,,7280,7277,0.0004120879120879106,1
BT-HQ,234,9588,9321,0.02784730913642053,10706,10447,0.024192041845694012,11623,11379,0.02099285898649228,14101,13808,0.020778668179561754,11173,10928,0.02192786180971984,12406,12135,0.02184426890214408,10801,10548,0.02342375705953148,12588,12314,0.021766761995551276,11574,11346,0.019699326075686918,11137,10856,0.025231211277722876,11092,10812,0.025243418680129803,9706,9419,0.029569338553472102,,136495,133313,0.02331220923843369,128
BT-HQ,234A,9877,9373,0.05102763997165127,10479,10013,0.044469892165282965,11781,11289,0.041762159409218236,15142,14507,0.041936336019019915,12730,12265,0.03652788688138253,13824,13251,0.04144965277777779,12603,12089,0.0407839403316671,14113,13519,0.04208885424785658,13102,12652,0.034345901389100875,13703,13145,0.0407210099978107,13574,12827,0.05503167820833943,11101,10783,0.028646067921808793,,152029,145713,0.041544705286491346,194
BT-HQ,235,21473,20364,0.051646253434545764,24714,23430,0.051954357853848054,29099,27335,0.060620639884532146,36288,35011,0.03519069664902996,31445,30366,0.03431388138018765,34622,33105,0.04381607070648719,29761,28391,0.046033399415342235,35495,34073,0.04006198056064236,32542,31350,0.03662958638067726,32579,30723,0.05696921329690907,31291,29726,0.05001438113195489,26179,25049,0.043164368386874985,,365488,348923,0.04532296545987835,277
BT-HQ,236,17322,16775,0.03157833968363932,18278,17721,0.03047379363168834,21271,20753,0.024352404682431494,29072,28272,0.027517886626307053,24961,24301,0.02644124834742201,27023,26243,0.028864300780816365,24163,23308,0.035384679054753176,27460,26605,0.0311361981063365,28455,27785,0.023545949745211736,26981,26184,0.029539305437159435,25552,24559,0.03886192861615534,20199,19658,0.026783504133867986,,290737,282164,0.029487130980920928,276
BT-HQ,236A,100,97,0.030000000000000027,177,173,0.02259887005649719,169,166,0.017751479289940808,626,610,0.025559105431309903,531,540,0,265,260,0.018867924528301883,261,257,0.01532567049808431,382,378,0.010471204188481686,321,317,0.012461059190031154,328,325,0.009146341463414642,340,333,0.020588235294117685,263,259,0.01520912547528519,,3763,3715,0.012755779962795644,4
BT-HQ,237,11251,10704,0.04861790063105498,11514,10962,0.04794163626889003,13441,12763,0.05044267539617586,15112,14248,0.05717310746426685,17708,16801,0.05121978766659141,17707,16849,0.04845541311345791,15750,14982,0.048761904761904784,18972,18008,0.050811722538477766,16918,16099,0.04840997753871612,18125,17216,0.05015172413793101,16760,15947,0.04850835322195701,11387,13222,0,,184645,177801,0.037065720707303185,195
BT-HQ,238,72100,70025,0.028779472954230223,78700,76486,0.02813214739517156,91800,89247,0.027810457516339815,109100,105883,0.029486709440879944,95700,92994,0.028275862068965485,105600,105891,0,92200,86487,0.061963123644251605,102400,100395,0.019580078124999956,86600,83562,0.03508083140877594,80000,78110,0.023625000000000007,80400,78256,0.026666666666666616,67900,66517,0.020368188512518426,,1062500,1033853,0.02696188235294117,162
BT-HQ,238A,59096,57852,0.021050494111276574,68261,66634,0.02383498630257397,79748,77462,0.02866529568139642,95715,93765,0.0203729822911769,85337,82985,0.027561315724714985,91720,90551,0.012745311818578298,81218,78625,0.031926420251668364,93217,90832,0.02558546187927091,84407,83060,0.015958392076486527,80762,78779,0.024553626705628884,80947,78820,0.026276452493606883,65804,64325,0.022475837335116378,,966232,943690,0.02332980071038837,101
BT-HQ,238B,5972,5987,0,7100,7119,0,9131,9156,0,10236,10265,0,9026,9052,0,9760,9789,0,9205,9233,0,10810,10841,0,8478,8436,0.004953998584571795,8929,8696,0.026094747452122258,7554,7867,0,8911,8594,0.03557400965099311,,105112,105035,0.00073255194459243,1
BT-HQ,239,23647,22390,0.053156848648877264,23731,22762,0.04083266613290637,27848,26724,0.040361964952599805,33274,31894,0.04147382340566208,35022,33477,0.04411512763405856,34140,32713,0.041798476859988276,29852,28610,0.04160525257939163,33972,32526,0.0425644648534087,31541,30219,0.041913699629054224,31952,31250,0.021970455683525292,31209,29631,0.05056233778717678,26514,25747,0.028928113449498416,,362702,347943,0.040691807599627206,250
BT-HQ,239A,0,0,,0,0,,0,0,,0,0,,0,0,,0,0,,0,0,,0,0,,0,0,,0,0,,0,0,,0,0,,,0,0,,0
BT-HQ,239B,90792,81211,0.10552691867124853,95771,97682,0,89553,91468,0,28465,29967,0,38774,40367,0,39319,41011,0,39372,40966,0,74711,76370,0,59270,61093,0,59733,61721,0,122023,99193,0.1870958753677585,111076,92896,0.16367172026360333,,848859,813945,0.04113050577304356,1
BT-HQ,24,0,0,,0,0,,0,0,,0,0,,0,0,,0,0,,0,0,,0,0,,0,0,,0,0,,0,0,,0,0,,,0,0,,0
BT-HQ,240,7200,7011,0.026249999999999996,7640,7503,0.01793193717277486,8480,8320,0.018867924528301883,10200,10036,0.01607843137254905,12040,11851,0.0156976744186047,11760,11609,0.012840136054421802,10080,9908,0.017063492063492114,11680,11500,0.015410958904109595,10800,10614,0.01722222222222225,10800,10676,0.011481481481481537,12160,10292,0.15361842105263157,6778,8214,0,,119618,117534,0.017422127104616325,104
BT-HQ,240A,11283,10735,0.04856864309137643,12088,11487,0.04971872931833221,13161,12536,0.04748879264493577,15822,15077,0.04708633548223995,17010,16209,0.04708994708994707,16710,15927,0.04685816876122084,13919,13283,0.045692937711042436,16796,15969,0.049237913788997334,15976,15327,0.04062343515272915,16391,15632,0.0463058995790373,15568,14924,0.04136690647482011,12767,12150,0.048327719902874544,,177491,169256,0.046396718706864015,110
BT-HQ,240B,21301,21296,0.00023473076381386182,19102,19096,0.00031410323526337436,19966,19960,0.000300510868476378,23108,23100,0.0003462004500606186,19590,19583,0.00035732516590092356,20984,20973,0.0005242089210827361,18333,18324,0.0004909180166912108,19293,19281,0.0006219872492614353,19386,19245,0.007273290003095068,18297,18297,0,21709,21959,0,19803,19245,0.028177548856233914,,240872,240359,0.0021297618652230677,1
BT-HQ,241,25560,24566,0.03888888888888886,26520,25513,0.037971342383107065,29640,27968,0.05641025641025643,35040,33316,0.04920091324200915,37560,35540,0.05378061767838127,36360,34638,0.04735973597359733,31440,29980,0.04643765903307884,36120,34336,0.049390919158361024,35460,33694,0.049802594472645234,34920,33111,0.051804123711340244,32880,31246,0.04969586374695867,29209,28110,0.037625389434763234,,390709,372018,0.0478386727718072,310
BT-HQ,241A,9256,8681,0.062121866897147826,9171,8567,0.06585977537891174,10235,9625,0.05959941377625799,12648,11877,0.060958254269449674,13552,12777,0.05718713105076745,13579,12791,0.058030782826423155,12120,11423,0.057508250825082485,13415,12632,0.05836749906820726,12493,11885,0.04866725366205071,12543,11862,0.05429323128438168,12212,11426,0.06436292171634461,10858,10299,0.05148277767544662,,142082,133845,0.05797356456130964,115
BT-HQ,242,13431,12873,0.041545677909314294,13900,13360,0.03884892086330938,14528,13981,0.03765143171806162,16560,15959,0.03629227053140094,17018,16388,0.03701962627805855,16464,15872,0.035957240038872684,14943,14371,0.03827879274576729,16421,15775,0.03933986967906944,15433,14974,0.029741463098555077,15888,15184,0.04431017119838876,15349,14724,0.040719265098703494,13881,13372,0.03666882789424397,,183816,176833,0.0379890760325543,167
BT-HQ,242A,6127,5919,0.03394809858005554,6572,6335,0.0360620815581254,7379,7153,0.030627456294890942,9054,8783,0.029931521979235653,9316,9059,0.027586947187634214,8633,8082,0.0638248581026295,7558,7328,0.030431331039957654,8629,8372,0.029783288909491223,7867,7686,0.023007499682216825,8445,8134,0.03682652457075197,8061,7891,0.02108919488897154,7113,6744,0.0518768452129903,,94754,91486,0.034489309158452386,139
BT-HQ,243,11651,11371,0.024032271907990732,11896,11623,0.02294889038332215,13135,12844,0.02215454891511226,14737,14436,0.020424781163059014,15974,15598,0.023538249655690513,13086,13035,0.003897294818890451,12538,12322,0.017227628010846985,16025,15585,0.02745709828393139,15471,14929,0.03503328808738926,14236,13845,0.027465580219162677,14215,13787,0.03010903974674639,11475,11319,0.013594771241830061,,164439,160694,0.022774402666034255,202
BT-HQ,244,5997,5681,0.052693013173253256,6203,5835,0.0593261325165243,6740,6385,0.05267062314540061,7394,7014,0.051393021368677294,8171,7628,0.0664545343287235,7471,6980,0.06572078704323381,6960,6485,0.06824712643678166,8173,7830,0.041967453811329936,7136,6693,0.062079596412556004,8056,7633,0.052507447864945433,7709,7285,0.05500064859255416,6208,5839,0.05943943298969068,,86218,81288,0.05718063513419469,111
BT-HQ,245,8947,8692,0.028501173577735517,9474,9252,0.023432552248258354,10158,9910,0.02441425477456194,11732,11469,0.022417320150017073,13473,13111,0.026868551918652117,12599,12211,0.030796094928168927,11545,11267,0.02407968817669992,12511,12248,0.02102150107905043,12054,11947,0.008876721420275402,12880,12575,0.02368012422360244,12293,11935,0.029122264703489775,9963,9659,0.030512897721569843,,137629,134276,0.024362597998968227,162
BT-HQ,245A,4644,4538,0.02282515073212743,4774,4668,0.022203602848764104,4832,4717,0.023799668874172175,5319,5202,0.021996615905245376,5902,5714,0.03185360894611999,5481,5397,0.01532567049808431,5511,5453,0.010524405733986608,5980,5841,0.023244147157190587,5451,5322,0.023665382498624155,6005,5868,0.022814321398834325,6401,6268,0.02077800343696301,5075,4954,0.02384236453201971,,65375,63942,0.021919694072657703,53
BT-HQ,246,5440,5147,0.053860294117647034,5700,5440,0.04561403508771933,6147,5871,0.04489995119570522,6916,6632,0.04106419895893576,7620,7277,0.045013123359580076,6943,6531,0.059340342791300627,6786,6297,0.07206012378426174,7394,6942,0.061130646470110905,6677,6308,0.05526434027257754,7452,6953,0.0669618894256575,7119,6623,0.06967270684084848,5753,5374,0.06587867199721886,,79947,75395,0.056937721240321704,124
BT-HQ,246A,2799,2736,0.022508038585209,2930,2850,0.027303754266211566,3371,3316,0.016315633343221614,4056,3980,0.018737672583826415,4479,4403,0.016968073230631875,4075,4000,0.018404907975460127,4182,4107,0.01793400286944047,4454,4386,0.01526717557251911,4306,4284,0.00510915002322343,4860,4740,0.024691358024691357,4484,4390,0.02096342551293484,3684,3615,0.018729641693811083,,47680,46807,0.018309563758389213,68
BT-HQ,246B,1048,1100,0,1192,1252,0,1260,1307,0,1317,1374,0,1762,1828,0,1680,1751,0,1622,1703,0,1987,2077,0,1775,1863,0,1896,1978,0,1681,1732,0,1460,1519,0,,18680,19484,0,39
BT-HQ,246C,369,354,0.04065040650406504,465,445,0.043010752688172005,523,506,0.0325047801147228,655,638,0.025954198473282397,754,739,0.019893899204244003,587,568,0.03236797274275982,561,545,0.028520499108734443,678,659,0.028023598820059004,515,501,0.027184466019417486,552,540,0.021739130434782594,522,502,0.03831417624521072,435,423,0.02758620689655178,,6616,6420,0.029625151148730322,18
BT-HQ,246D,293,289,0.013651877133105783,263,253,0.03802281368821292,280,275,0.017857142857142905,318,311,0.022012578616352196,396,390,0.015151515151515138,356,345,0.030898876404494402,343,336,0.020408163265306145,391,384,0.01790281329923271,335,330,0.014925373134328401,377,370,0.018567639257294433,335,326,0.0268656716417911,272,269,0.011029411764705843,,3959,3878,0.02045971204849706,10
BT-HQ,246E,20232,19749,0.023873072360616865,25209,24582,0.02487206949898846,8548,8337,0.02468413664014979,1751,1722,0.016561964591661926,1597,1572,0.015654351909830888,1274,1241,0.02590266875981162,1149,1125,0.02088772845953002,1281,1259,0.01717408274785326,1161,1154,0.006029285099052539,1418,1387,0.02186177715091675,1441,1412,0.02012491325468424,1248,1231,0.013621794871794823,,66309,64771,0.0231944381607323,29
BT-HQ,246F,1564,1527,0.02365728900255759,1893,1865,0.014791336502905428,2298,2272,0.011314186248912117,3086,3049,0.011989630589760214,3053,3013,0.013101867016049762,3409,3358,0.014960398943971831,3293,3251,0.012754327361068962,3435,3391,0.01280931586608447,3102,3088,0.004513217279174753,3267,3226,0.012549739822467099,3143,3062,0.025771555838370985,2903,2890,0.004478126076472577,,34446,33992,0.013180049933228855,37
BT-HQ,246G,2761,2721,0.014487504527345152,2959,2932,0.009124704291990526,3017,2990,0.008949287371561199,3730,3697,0.008847184986595202,3419,3391,0.008189529102076598,3468,3436,0.009227220299884653,3297,3270,0.008189262966333044,3489,3459,0.008598452278589908,3530,3526,0.001133144475920722,3275,3242,0.010076335877862608,3332,3281,0.015306122448979553,2904,2897,0.002410468319559267,,39181,38842,0.008652152829177417,19
BT-HQ,247,4102,3964,0.03364212579229642,4162,4016,0.035079288803459896,4584,4418,0.03621291448516584,5251,5080,0.03256522567130071,5326,4990,0.0630867442733759,4448,4342,0.02383093525179858,4124,3955,0.04097963142580019,4914,4732,0.03703703703703709,4070,3956,0.028009828009827986,4566,4423,0.03131844064826983,4537,4403,0.02953493497906101,4092,3968,0.030303030303030276,,54176,52247,0.035606172474896614,69
BT-HQ,247A,755,732,0.030463576158940353,849,828,0.02473498233215543,828,808,0.024154589371980673,905,886,0.020994475138121582,997,976,0.02106318956870612,1049,1028,0.020019065776930356,983,965,0.01831129196337744,1162,1134,0.02409638554216864,1064,1043,0.019736842105263164,1092,1071,0.019230769230769273,1201,1180,0.017485428809325576,1208,1185,0.019039735099337762,,12093,11836,0.02125196394608453,16
BT-HQ,247B,620,602,0.029032258064516148,567,549,0.031746031746031744,428,412,0.03738317757009346,472,462,0.021186440677966156,604,587,0.028145695364238388,703,682,0.02987197724039825,591,577,0.02368866328257191,574,557,0.029616724738675937,589,571,0.03056027164685904,635,619,0.025196850393700787,733,713,0.027285129604365577,699,681,0.025751072961373356,,7215,7012,0.028135828135828156,17
BT-HQ,247C,320,311,0.028124999999999956,304,294,0.03289473684210531,274,265,0.03284671532846717,324,314,0.030864197530864224,341,331,0.029325513196480912,377,369,0.021220159151193685,340,329,0.032352941176470584,418,407,0.02631578947368418,323,316,0.021671826625387025,345,335,0.02898550724637683,359,345,0.03899721448467963,313,306,0.022364217252396124,,4038,3922,0.028727092620108974,12
BT-HQ,247D,1207,1424,0,1389,1617,0,1437,1657,0,1425,1658,0,1494,1779,0,1580,1869,0,1473,1762,0,1549,1831,0,1413,1701,0,1660,1959,0,1751,1987,0,1595,1843,0,,17973,21087,0,37
BT-HQ,247E,271,260,0.040590405904059046,254,244,0.03937007874015752,347,335,0.03458213256484155,395,383,0.03037974683544309,723,703,0.02766251728907332,898,863,0.03897550111358572,954,923,0.032494758909853205,587,569,0.030664395229982988,444,436,0.018018018018018056,580,561,0.03275862068965518,515,499,0.031067961165048508,442,437,0.011312217194570096,,6410,6213,0.030733229329173217,15
BT-HQ,247F,760,734,0.03421052631578947,685,660,0.03649635036496346,683,662,0.030746705710102518,867,835,0.03690888119953861,917,891,0.028353326063249695,1128,1084,0.03900709219858156,1833,1772,0.03327877795962897,1890,1836,0.02857142857142858,1060,1049,0.010377358490566091,1086,1050,0.03314917127071826,893,858,0.03919372900335949,746,725,0.02815013404825739,,12548,12156,0.03124003825310806,20
BT-HQ,247G,715,688,0.03776223776223775,880,859,0.02386363636363631,877,853,0.027366020524515422,973,951,0.022610483042137752,1069,1046,0.021515434985968196,991,954,0.03733602421796167,1268,1240,0.02208201892744477,1206,1179,0.02238805970149249,1008,1003,0.004960317460317443,994,962,0.03219315895372232,906,881,0.02759381898454749,717,685,0.04463040446304045,,11604,11301,0.026111685625646364,25
BT-HQ,248,32354,31372,0.030351733943252746,32864,31860,0.030550146056475214,38571,37407,0.030178113090145398,47031,45663,0.02908719780570257,49851,48399,0.029126797857615738,50151,48707,0.028793045004087636,43276,41972,0.030132174877530282,48647,47128,0.031224947067650666,45394,44530,0.019033352425430694,44553,43068,0.03333108881556801,43574,42196,0.03162436315233852,38274,37424,0.02220828761038829,,514540,499726,0.028790764566408833,385
BT-HQ,249,2122,2077,0.02120640904806781,2210,2158,0.02352941176470591,2298,2255,0.01871192341166228,2565,2481,0.03274853801169586,2483,2405,0.03141361256544506,2180,2117,0.028899082568807355,2050,1950,0.04878048780487809,2214,2164,0.02258355916892507,2219,2110,0.04912122577737721,2692,2631,0.022659732540861843,2631,2572,0.022424933485366783,2070,2010,0.02898550724637683,,27734,26930,0.02898968774789068,56
BT-HQ,249A,3608,3531,0.021341463414634165,3602,3521,0.022487506940588542,3708,3630,0.021035598705501646,3924,3841,0.021151885830784867,3368,3294,0.02197149643705465,2796,2674,0.043633762517882646,2536,2770,0,2921,2865,0.019171516603902816,2668,2632,0.013493253373313308,3253,3185,0.02090378112511526,3175,3072,0.032440944881889755,2988,2828,0.0535475234270415,,38547,37843,0.018263418683684862,66
BT-HQ,249B,656,634,0.03353658536585369,878,858,0.02277904328018221,1006,977,0.02882703777335982,1037,1007,0.028929604628736727,1017,986,0.03048180924287114,748,722,0.03475935828877008,776,753,0.029639175257731964,878,851,0.03075170842824604,732,716,0.021857923497267784,917,889,0.03053435114503822,981,944,0.03771661569826712,933,911,0.02357984994640938,,10559,10248,0.02945354673738043,33
BT-HQ,25,132610,132713,0,131844,131943,0,126488,126584,0,139096,139201,0,138720,138824,0,142456,142568,0,131777,131879,0,144699,144810,0,132052,132156,0,144616,144730,0,145216,145331,0,139122,139231,0,,1648696,1649970,0,1
BT-HQ,250,59960,57824,0.035623749166110774,62686,60019,0.04254538493443516,70906,68998,0.02690886525822922,81376,78801,0.031643236335037406,90555,87179,0.03728121031417375,85887,83287,0.030272334579156346,74752,72166,0.03459439212328763,83723,80798,0.03493663628871402,79153,76670,0.031369625914368426,76727,74355,0.03091480182986428,79420,76130,0.04142533366910095,62669,60946,0.027493657151063555,,907814,877173,0.03375250877382374,470
BT-HQ,250A,13474,13013,0.03421404185839394,14396,13926,0.03264795776604612,16375,15940,0.026564885496183188,19594,19073,0.026589772379299825,23296,22745,0.023652129120879106,20597,20088,0.024712336748070163,17504,17045,0.026222577696526472,19782,19278,0.02547770700636942,17870,17405,0.026021264689423562,17876,17514,0.020250615350190238,18522,17908,0.03314976784364543,13776,13426,0.025406504065040636,,213062,207361,0.026757469656719657,159
BT-HQ,251,21640,20806,0.038539741219963064,22760,21807,0.04187170474516699,25840,24828,0.03916408668730653,29320,28204,0.03806275579809004,30040,28872,0.03888149134487351,30680,29508,0.038200782268578926,25520,24628,0.03495297805642639,29800,28566,0.041409395973154406,31040,29699,0.04320231958762888,28160,26967,0.04236505681818181,27760,28337,0,30242,26775,0.11464188876397063,,332802,318997,0.04148112090672529,128
BT-HQ,251A,3899,3815,0.021543985637342944,3869,3793,0.0196433186869992,4486,4397,0.01983950066874718,5139,5037,0.019848219497956787,5086,4913,0.03401494298073138,5018,4819,0.039657233957752114,4160,3987,0.04158653846153848,4892,4699,0.03945216680294361,4829,4680,0.030855249534065043,4708,4602,0.02251486830926086,4818,4720,0.020340390203403946,3880,3799,0.02087628865979385,,54784,53261,0.0278000876168224,51
BT-HQ,252,23670,22608,0.04486692015209126,24540,23338,0.04898125509372453,27300,25969,0.04875457875457878,32940,31334,0.04875531268973887,37110,35303,0.04869307464295336,34710,33148,0.045001440507058454,31620,30020,0.050600885515496574,36960,35207,0.04742965367965368,34920,33333,0.04544673539518895,37110,35285,0.049178119105362406,44100,35292,0.1997278911564626,21990,27641,0,,386970,368478,0.04778665012791694,312
BT-HQ,252A,32639,30771,0.05723214559269585,30801,28843,0.06356936463101848,32041,30055,0.061983084173402814,35466,33145,0.06544295945412504,36446,34129,0.06357350600888989,37561,35187,0.06320385506243176,33166,31167,0.06027256829283001,36844,34476,0.06427098034958201,35540,33956,0.04456949915588071,35409,32865,0.07184614081165808,35404,33313,0.059061123036944996,27583,25605,0.07171083638472975,,408900,383512,0.06208853020298366,283
BT-HQ,253,13135,12853,0.02146935668062433,13957,13597,0.025793508633660478,13403,13057,0.02581511601880171,15200,14816,0.025263157894736876,15649,15319,0.02108760943191257,15347,14955,0.02554245129341237,13265,12973,0.02201281568036184,15263,14929,0.021882984996396515,14902,14611,0.01952758019057843,15095,14863,0.015369327591917892,15195,14746,0.029549193813754537,12467,12191,0.02213844549610977,,172878,168910,0.02295260241326258,158
BT-HQ,254,10115,10059,0.00553633217993077,10492,10445,0.00447960350743426,10125,10086,0.003851851851851884,11998,12003,0,10485,10485,0,11025,11067,0,10215,10239,0,11293,11314,0,10223,10272,0,11585,11227,0.030902028485110034,10488,10692,0,9968,10049,0,,128012,127938,0.0005780708058619188,80
BT-HQ,254A,5009,4887,0.02435615891395493,5638,5499,0.02465413267116001,6089,5972,0.019214977828871715,6406,6286,0.018732438339057134,6276,6153,0.019598470363288767,6246,6126,0.019212295869356355,5358,5244,0.021276595744680882,6278,6158,0.019114367633004115,6238,6117,0.01939724270599552,6250,6112,0.02207999999999999,6944,6807,0.019729262672811054,5420,5295,0.023062730627306238,,72152,70656,0.02073400598735997,102
BT-HQ,254B,7530,7084,0.059229747675962785,8670,8223,0.05155709342560555,8910,8512,0.04466891133557804,11430,10962,0.04094488188976375,9120,8700,0.046052631578947345,10080,9645,0.04315476190476186,8700,8289,0.04724137931034478,9810,9383,0.043527013251783875,8610,8195,0.04819976771196288,10110,9642,0.04629080118694362,8700,8240,0.05287356321839076,7740,7425,0.04069767441860461,,109410,104300,0.04670505438259753,139
BT-HQ,255,6420,6103,0.04937694704049844,7260,6945,0.04338842975206614,7950,7623,0.04113207547169806,9660,9283,0.039026915113871685,8130,7853,0.03407134071340712,8100,7705,0.04876543209876538,7260,6961,0.0411845730027548,8400,8091,0.03678571428571431,7380,7125,0.03455284552845528,8670,8294,0.043367935409457936,7920,7617,0.03825757575757571,6780,6482,0.04395280235988197,,93930,90082,0.04096667731289261,115
BT-HQ,256,20730,19839,0.0429811866859624,22770,21856,0.04014053579270971,25740,24757,0.038189588189588175,32610,31363,0.03823980374118363,27930,26746,0.04239169351951311,28770,27712,0.03677441779631563,26940,25863,0.03997772828507795,30240,29100,0.037698412698412676,28170,27007,0.041285055023074224,30810,29692,0.036286919831223674,27750,26565,0.04270270270270271,23700,22793,0.0382700421940928,,326160,313293,0.039449963208241345,322
BT-HQ,256A,7237,7029,0.028741191101285035,8032,7825,0.025771912350597614,8772,8570,0.023027815777473815,11391,11102,0.025370906856290065,9765,9545,0.022529441884280632,10557,10290,0.02529127593066216,9831,9576,0.02593835825450108,11346,11076,0.02379693283976736,9755,9426,0.03372629420809836,11552,11276,0.023891966759002736,9494,9262,0.024436486201811713,8226,8013,0.025893508388037945,,115958,112990,0.025595474223425674,140
BT-HQ,257,31764,30986,0.02449313688452337,27515,27942,0,31249,29362,0.06038593234983525,38368,36711,0.04318703085904918,41844,40961,0.02110218908326167,48304,48280,0.0004968532626697941,40347,40190,0.003891243462958882,43278,43251,0.0006238735616248547,42256,45539,0,45634,43933,0.03727483893588113,49524,52005,0,40850,39006,0.04514075887392899,,480933,478166,0.00575340016176884,89
BT-HQ,257A,55296,52887,0.04356553819444442,50201,48085,0.04215055476982532,57234,54277,0.05166509417479126,76189,58249,0.23546706217432967,79281,65016,0.17992961743671243,81600,62788,0.23053921568627456,74247,73372,0.011784987945640868,81872,80820,0.012849325776822407,79915,84328,0,64990,59179,0.08941375596245571,64528,65572,0,55390,52657,0.049341036288138684,,820743,757230,0.07738475990657245,31
BT-HQ,257B,7283,7276,0.0009611423863792323,8184,8177,0.0008553274682306933,9720,9712,0.0008230452674896638,9836,9827,0.0009150061000406939,10166,10158,0.0007869368483178762,10716,10708,0.000746547219111604,9904,9897,0.0007067851373182554,10811,10803,0.0007399870502265982,9202,8958,0.026515974788089536,9732,10055,0,8819,8606,0.024152398231091943,8154,8021,0.01631101299975468,,112527,112198,0.0029237427461853427,1
BT-HQ,258,292451,298350,0,314983,321030,0,371792,378870,0,497487,507090,0,433720,441810,0,432268,440380,0,434357,442270,0,459509,467990,0,382879,389930,0,432096,440070,0,399664,407080,0,380150,387110,0,,4831356,4921980,0,1
BT-HQ,259,0,0,,0,0,,0,0,,0,0,,0,0,,0,0,,0,0,,0,0,,0,0,,0,0,,0,0,,0,0,,,0,0,,0
BT-HQ,26,0,0,,0,0,,0,0,,0,0,,0,0,,0,0,,0,0,,0,0,,0,0,,0,0,,0,0,,0,0,,,0,0,,0
BT-HQ,260,222774,223108,0,233378,233721,0,266345,266737,0,336146,336649,0,287697,288145,0,293945,294424,0,277940,278397,0,312772,313266,0,322695,323230,0,290551,291013,0,274336,274804,0,264716,265135,0,,3383295,3388629,0,1
BT-HQ,261,99422,99423,0,97315,97313,2.0551816266811684e-05,135902,135907,0,182542,182545,0,151088,151092,0,28436,28441,0,0,0,,0,0,,0,0,,0,0,,0,0,,0,0,,,694705,694721,0,0
BT-HQ,262,72977,69905,0.04209545473231291,61846,59341,0.04050383209908481,76785,73377,0.04438366868529009,93329,89349,0.04264483708172162,100986,96170,0.04768977878121716,99616,97733,0.018902585929971072,87630,81868,0.06575373730457601,97132,93840,0.03389202322612528,94824,94225,0.006316966168902427,83986,75859,0.09676612768794801,88711,86115,0.029263563706868334,75799,73043,0.03635931872452147,,1033621,990825,0.04140395754343229,137
BT-HQ,263,92431,88937,0.037801170602936196,83884,80717,0.0377545181441038,102310,98703,0.03525559573844195,122147,116381,0.04720541642447218,128037,139082,0,127975,107018,0.1637585465911311,112445,108698,0.03332295789052431,121293,125655,0,107015,94849,0.11368499743026683,92733,90584,0.02317405885714907,99357,96651,0.02723512183338872,78153,76562,0.020357503870612748,,1267780,1223837,0.03466137657953272,155
BT-HQ,264,124044,124091,0,148963,149028,0,162123,162171,0,204810,204889,0,170076,170136,0,156936,156998,0,147208,147256,0,175885,175949,0,148657,148712,0,158394,158451,0,144545,144604,0,131922,131974,0,,1873563,1874259,0,1
BT-HQ,265,74179,72327,0.024966634761859785,64020,62546,0.0230240549828179,77532,75446,0.02690501986276639,96122,93004,0.032437943446869566,96501,93752,0.02848675143262769,97606,94475,0.032077946027908144,84847,82817,0.023925418694827116,87891,85231,0.03026475975924725,85964,83906,0.023940254059839017,78179,77162,0.01300860844983942,84872,82274,0.03061080214911871,71119,70214,0.012725150803582719,,998832,973154,0.025708026975507448,113
BT-HQ,266,11138,10145,0.08915424672293049,11674,10963,0.060904574267603206,15412,14601,0.052621334025434674,18240,17400,0.046052631578947345,14512,13842,0.0461686879823594,12245,11611,0.05177623519803998,16513,16546,0,12628,12654,0,11334,11354,0,11989,12012,0,12416,12441,0,10924,10946,0,,159025,154515,0.02836032070429173,1
BT-HQ,266A,3170,3706,0,5602,6141,0,7064,7576,0,6703,7265,0,6180,6718,0,7333,7866,0,7513,8033,0,9709,10217,0,8052,8552,0,7099,7646,0,6658,7201,0,5998,6493,0,,81081,87414,0,1
BT-HQ,267,30849,21218,0.3121981263574184,37403,38847,0,46940,48444,0,55676,57348,0,51659,53241,0,53993,55606,0,49719,51263,0,55824,57477,0,50681,51909,0,49383,51045,0,41245,43444,0,37571,43444,0,,560943,573286,0,1
BT-HQ,268,46911,45664,0.026582251497516585,38293,37367,0.02418196537226125,47871,46694,0.024586910655720606,64122,62495,0.025373506752752517,63292,61709,0.02501105984958607,65049,63464,0.02436624698304357,52017,51586,0.008285752734682905,48797,47200,0.03272742176773158,47962,46003,0.040844835494766696,44197,44271,0,52016,50298,0.03302829898492776,41542,41012,0.012758172451976302,,612069,597763,0.023373181781792596,55
BT-HQ,269,7341,7341,0,6796,6796,0,7883,7884,0,10666,10667,0,9667,9668,0,8393,8393,0,8941,8941,0,8246,8247,0,9459,9459,0,7184,7185,0,8509,8509,0,7876,7877,0,,100961,100967,0,1
BT-HQ,27,0,0,,0,0,,0,0,,0,0,,0,0,,0,0,,0,0,,0,0,,0,0,,0,0,,0,0,,0,0,,,0,0,,0
BT-HQ,270,11506,11233,0.023726751260212064,11748,11473,0.023408239700374533,13462,13175,0.02131926905363246,15331,14990,0.02224251516535125,17259,16859,0.023176313807288906,16161,15812,0.021595198316935793,16050,15683,0.022866043613707143,17324,16944,0.021934888016624354,15729,15365,0.02314196706720073,17563,17206,0.020326823435631747,16386,15986,0.024411082631514702,13070,12724,0.02647283856159144,,181589,177450,0.022793230867508507,161
BT-HQ,271,20291,19413,0.043270415455127886,21444,20388,0.04924454392837152,25348,24199,0.0453290200410289,28305,26978,0.04688217629394098,31641,30134,0.04762807749439024,28465,27201,0.04440541015281929,26528,25307,0.04602683956574183,29681,28381,0.04379906337387551,27187,26059,0.041490418214587876,29726,28374,0.04548206956872769,28237,27084,0.040832949675957075,22426,21416,0.04503701061268173,,319279,304934,0.0449293564562655,372
BT-HQ,272,1059,1015,0.041548630783758256,1032,988,0.04263565891472865,1117,1080,0.033124440465532645,1213,1170,0.03544929925803797,1382,1335,0.03400868306801741,1343,1302,0.03052866716306779,1243,1200,0.03459372485921164,1447,1404,0.029716655148583238,1402,1360,0.029957203994293913,1658,1611,0.02834740651387213,1551,1476,0.048355899419729176,1227,1208,0.015484922575387139,,15674,15149,0.03349495980604822,37
BT-HQ,272A,607,595,0.01976935749588138,728,716,0.016483516483516536,823,812,0.013365735115431376,939,927,0.012779552715655007,1093,1085,0.007319304666056681,1025,1011,0.013658536585365866,868,855,0.01497695852534564,923,915,0.008667388949079036,828,815,0.0157004830917874,1015,1004,0.010837438423645374,929,917,0.012917115177610294,731,719,0.01641586867305067,,10509,10371,0.013131601484441924,17
BT-HQ,272B,2531,2467,0.025286448044251286,2761,2691,0.025353132922854016,2625,2565,0.02285714285714291,2807,2740,0.02386889918061985,3071,3003,0.022142624552263124,2778,2710,0.024478041756659463,2570,2506,0.024902723735408583,3042,2973,0.02268244575936884,2667,2602,0.024371953505811783,2995,2924,0.02370617696160271,2939,2870,0.023477373256209577,2616,2551,0.02484709480122327,,33402,32602,0.023950661637027748,61
BT-HQ,273,9282,9281,0.00010773540185304853,12492,12492,0,15936,15937,0,19609,19609,0,19629,19630,0,18196,18195,5.49571334359511e-05,16480,16478,0.00012135922330092086,18732,18733,0,15003,15001,0.00013330667199895618,17109,17108,5.844876965344081e-05,15214,15214,0,11446,11444,0.00017473353136465697,,189128,189122,3.1724546339040316e-05,1
BT-HQ,274,3703,3702,0.0002700513097488866,4499,4496,0.0006668148477438907,5177,5175,0.00038632412594163945,5028,5026,0.00039777247414474193,4989,4986,0.000601322910402935,4825,4823,0.000414507772020678,4666,4664,0.0004286326618088143,5281,5278,0.0005680742283658002,4516,4514,0.0004428697962799433,4656,4654,0.00042955326460480947,213,213,0,0,0,,,47553,47531,0.0004626416840157743,1
BT-HQ,275,3980,3980,0,4451,4451,0,5837,5839,0,5874,5875,0,6426,6427,0,6011,6014,0,6939,6939,0,5819,5821,0,4409,4413,0,4582,4585,0,4300,4304,0,3872,3875,0,,62500,62523,0,1
BT-HQ,276,16841,16392,0.026661124636304212,17561,17044,0.0294402368885599,22415,21730,0.030559892928842314,29473,28487,0.033454348047365356,30918,29317,0.051782133385083084,32590,32077,0.015741024854249774,30273,29352,0.03042314934099688,31692,30748,0.02978669695822289,32370,31614,0.023354958294717343,33702,32435,0.03759420805886893,29512,28442,0.03625643805909462,25228,24601,0.024853337561439703,,332575,322239,0.031078704051717643,160
BT-HQ,277,451,454,0,470,472,0,581,584,0,697,701,0,600,602,0,595,598,0,503,504,0,662,666,0,517,519,0,663,666,0,624,626,0,562,564,0,,6925,6956,0,1
BT-HQ,278,55160,52980,0.039521392313270454,41941,40447,0.03562146825302215,51594,50638,0.01852928635112605,66002,62526,0.0526650707554317,80085,76030,0.05063370169195225,71195,75126,0,62993,54269,0.13849157842934934,65814,63242,0.03907983103898871,63726,65559,0,60937,54587,0.10420598322858032,63290,61116,0.03434981829672934,53236,51622,0.03031783003982269,,735973,708142,0.03781524593972874,78
BT-HQ,279,91692,88124,0.038912882257994164,101885,98135,0.03680620307209104,72956,68399,0.06246230604748071,85978,82061,0.04555816604247598,74583,71995,0.03469959642277731,81054,77771,0.04050386162311548,70990,68224,0.03896323425834625,82732,79388,0.04041966832664512,72434,69573,0.039498025788994084,67322,64552,0.04114553934820708,69165,66668,0.036102074748789126,54017,52423,0.029509228576188984,,924808,887313,0.04054355066132642,171
BT-HQ,279A,0,0,,0,0,,46497,47023,0,59150,57834,0.022248520710059116,48562,47297,0.02604917425147235,54354,52765,0.029234278985907247,46552,45742,0.017399896889499944,50268,48890,0.027413065966420014,47886,46702,0.024725389466649927,46341,45132,0.02608920826050365,47748,46650,0.02299572756974111,40629,39684,0.02325924832016535,,487987,477719,0.02104154413949555,126
BT-HQ,28,0,0,,0,0,,0,0,,0,0,,0,0,,0,0,,0,0,,0,0,,0,0,,0,0,,0,0,,0,0,,,0,0,,0
BT-HQ,280,13560,12959,0.044321533923303846,13500,12875,0.04629629629629628,15720,15071,0.041284987277353635,17370,16589,0.04496257915947033,20250,19338,0.04503703703703699,18600,17763,0.04500000000000004,16530,15777,0.04555353901996373,20370,19413,0.0469808541973491,17730,16923,0.045516074450084654,19770,18884,0.04481537683358627,19290,18372,0.047589424572317296,8250,14518,0,,200940,198482,0.012232507216084376,198
BT-HQ,281,63377,60044,0.052590056329583246,64005,62383,0.025341770174205136,85121,83270,0.021745515207763022,104933,102672,0.021547082424022923,105694,103248,0.023142278653471293,107295,105292,0.018668157882473557,103923,101930,0.01917766038316826,114738,112423,0.02017640188952219,101608,99853,0.01727226202661203,91287,89973,0.014394163462486453,91389,89073,0.02534221842891371,77825,81317,0,,1111195,1091478,0.017743960330995012,170
BT-HQ,282,8674,8672,0.0002305741295826058,3040,3038,0.0006578947368420796,13849,13842,0.0005054516571593171,7828,7822,0.0007664793050587981,13499,13495,0.0002963182457960123,3856,3854,0.0005186721991701226,4241,4239,0.00047158688988446773,2542,2539,0.001180173092053538,2603,2602,0.00038417210910490773,3116,3030,0.02759948652118105,8483,8568,0,9247,9220,0.0029198659024548546,,80978,80921,0.0007038948850305315,1
BT-HQ,283,25160,24186,0.038712241653418134,26440,25399,0.03937216338880489,29800,28718,0.03630872483221481,33760,32412,0.03992890995260667,36400,34926,0.040494505494505506,37160,36014,0.030839612486544654,32320,31030,0.03991336633663367,36200,34769,0.03953038674033149,33560,32300,0.03754469606674615,33120,31866,0.03786231884057967,33400,32020,0.04131736526946106,26960,26038,0.03419881305637984,,384280,369678,0.03799833454772561,199
BT-HQ,284,54560,52771,0.03278958944281529,49880,48608,0.025501202886928587,62920,59896,0.04806102987921168,74360,70609,0.050443786982248495,76200,72012,0.05496062992125983,81560,76996,0.055958803334968166,73040,69390,0.0499726177437021,80200,75878,0.05389027431421445,71400,68638,0.03868347338935574,71120,67230,0.0546962879640045,66520,63554,0.044588093806374074,53800,51566,0.0415241635687732,,815560,777148,0.04709892589141207,277
BT-HQ,284A,27958,27304,0.023392231203948732,26008,25341,0.0256459550907413,34285,33323,0.028058917894122848,41614,40404,0.02907675301581203,46296,44911,0.02991619146362534,43833,42594,0.02826637464923687,39175,38155,0.026037013401403963,45467,44258,0.026590714144324457,39733,38564,0.02942138776332015,40788,39810,0.023977640482494844,38740,37534,0.031130614352090857,31025,29954,0.034520547945205426,,454922,442152,0.02807074619385297,213
BT-HQ,285,78300,74563,0.047726692209450805,64800,61669,0.04831790123456792,80200,76219,0.04963840399002495,101200,97877,0.03283596837944669,111200,105200,0.0539568345323741,109600,105955,0.03325729927007304,102100,97002,0.0499314397649363,111100,106181,0.044275427542754264,109600,104968,0.04226277372262777,99900,97563,0.023393393393393414,93300,77476,0.1696034297963558,69000,66547,0.035550724637681164,,1130300,1071220,0.05226930903300009,73
BT-HQ,286,45654,44216,0.031497787707539304,43814,42369,0.032980325923220866,52616,50855,0.03346890679641179,61193,59393,0.02941512918144229,62749,60968,0.028382922437010905,59967,57753,0.03692030616839259,55469,53968,0.027060159728857558,61118,59089,0.033198075853267395,55261,53631,0.02949638985903258,55867,53920,0.034850627382891464,53100,51548,0.029227871939736305,42669,41404,0.029646816189739633,,649477,629114,0.03135291934895312,331
BT-HQ,287,22260,21012,0.056064690026954134,22380,21150,0.05495978552278824,25680,24155,0.05938473520249221,30810,28995,0.0589094449853943,32760,30699,0.06291208791208791,32340,30473,0.05773036487322203,27900,26310,0.05698924731182797,31230,29499,0.05542747358309319,29370,27622,0.0595165134490977,29640,27990,0.05566801619433204,30540,28755,0.058447937131630656,24298,23017,0.05272038850934235,,339208,319677,0.05757824107921983,252
BT-HQ,288,16920,16142,0.045981087470449156,17340,16574,0.04417531718569778,21810,20864,0.0433745988078863,25260,24156,0.04370546318289781,27600,26382,0.044130434782608696,25620,24520,0.04293520686963315,22710,21743,0.04258036107441654,26280,25232,0.03987823439878235,21720,20777,0.043416206261510104,22860,21962,0.0392825896762905,21780,20878,0.04141414141414146,13590,16767,0,,263490,255997,0.028437511860032627,203
BT-HQ,29,0,0,,0,0,,0,0,,0,0,,0,0,,0,0,,0,0,,0,0,,0,0,,0,0,,0,0,,0,0,,,0,0,,0
BT-HQ,290,14010,13716,0.020985010706638163,14242,13971,0.01902822637270052,16156,15894,0.0162168853676653,18950,18674,0.01456464379947231,20463,20183,0.01368323315251918,20483,20115,0.017966118244397755,17642,17376,0.015077655594603834,19744,19393,0.01777755267423009,19094,18781,0.01639258405781918,20384,20007,0.018494897959183687,19623,19263,0.018345818682158677,17355,17005,0.0201670988187842,,218146,214378,0.017272835623848293,229
BT-HQ,291,4045,3929,0.028677379480840592,4257,4152,0.02466525722339674,4647,4538,0.023455993113836837,4883,4763,0.024575056317837407,5017,4897,0.023918676499900315,5341,5224,0.021906010110466223,4987,4864,0.024664126729496694,5704,5576,0.02244039270687237,4460,4359,0.022645739910313933,4671,4587,0.017983301220295456,4772,4593,0.03751047778709138,4039,3962,0.01906412478336217,,56823,55444,0.024268342044594604,93
BT-HQ,292,52138,50821,0.02525988722237138,46012,45056,0.020777188559506166,56860,55245,0.028403095321843153,66308,64761,0.02333051818785059,71705,69056,0.036943030472073035,71174,69503,0.023477674431674478,65089,63339,0.026886263423927192,69145,75736,0,77716,68476,0.11889443615214368,69907,70689,0,75567,71666,0.05162306297722552,57683,57076,0.010523031049009202,,779304,761424,0.022943549628899662,231
BT-HQ,294,61204,57628,0.05842755375465658,68968,67037,0.02799849205428606,83766,80805,0.035348470739918314,46029,43066,0.06437246083990533,42346,41672,0.015916497425967013,44038,43414,0.014169580816567495,37038,36537,0.013526648307144007,44840,44297,0.01210972346119532,36619,36165,0.012397935497965529,33295,32880,0.012464333984081644,37979,37545,0.011427367755865059,29964,30506,0,,566086,551552,0.025674544150535383,67
BT-HQ,294A,11019,11017,0.0001815046737453363,12823,12822,7.798487093502171e-05,15685,15682,0.000191265540325114,16787,16784,0.00017870971585154383,17079,17078,5.855143743782598e-05,15287,15283,0.0002616602341859453,16291,16289,0.00012276717205816912,17616,17613,0.00017029972752047318,16092,16089,0.00018642803877699787,17195,17193,0.00011631288165159237,14481,14478,0.00020716801325870726,12293,12291,0.00016269421622061575,,182648,182619,0.00015877534930575088,1
BT-HQ,294B,12214,12226,0,13090,13101,0,14459,14464,0,16864,16867,0,15964,15965,0,15222,15225,0,14589,14594,0,13869,13872,0,10006,9833,0.017289626224265442,10179,10153,0.0025542784163473664,8573,8710,0,7946,7806,0.017618927762396153,,152975,152816,0.0010393855205098612,1
BT-HQ,295,100200,96903,0.0329041916167665,92100,89548,0.027709011943539585,109600,104511,0.046432481751824795,129900,124250,0.04349499615088526,137400,131608,0.04215429403202331,141500,134763,0.047611307420494686,122900,119066,0.031196094385679385,134900,129412,0.0406819866567828,134600,129527,0.037689450222882614,117600,116721,0.00747448979591836,129300,126460,0.021964423820572287,100100,90808,0.09282717282717279,,1450100,1393577,0.03897869112475005,299
BT-HQ,297,15589,15344,0.015716210148181364,15329,15049,0.018266031704612162,19981,19606,0.018767829437966066,25007,24501,0.02023433438637179,26375,25855,0.019715639810426566,26271,25760,0.01945110578204101,21837,21438,0.018271740623712063,24084,23593,0.020386978907158237,22715,22378,0.014836011446180963,21713,21266,0.0205867452678119,21233,20670,0.026515329910987595,17710,17507,0.01146245059288542,,257844,252967,0.01891453747227001,136
BT-HQ,297A,16835,16270,0.03356103356103357,16178,15533,0.0398689578439857,19591,19098,0.02516461640549228,24150,22989,0.048074534161490656,28161,27387,0.027484819431128127,30022,28918,0.03677303310905333,24898,24067,0.03337617479315602,28062,27088,0.03470885895517073,26242,25537,0.026865330386403485,26682,25564,0.04190090697848736,27878,26871,0.03612167300380231,24587,23949,0.02594867206247209,,293286,283271,0.034147555628294524,182
BT-HQ,298,3534,3414,0.03395585738539897,4210,4050,0.038004750593824244,5272,5085,0.03547040971168436,5731,5560,0.029837724655383036,5669,5505,0.028929264420532674,6150,5952,0.03219512195121954,5611,5455,0.027802530743183063,7074,6859,0.03039298840825555,7714,7554,0.020741508944775777,8328,8048,0.03362151777137368,8820,8574,0.027891156462585,7405,7183,0.02997974341661036,,75518,73239,0.030178235652427277,56
BT-HQ,298A,2220,2175,0.020270270270270285,2770,2724,0.016606498194945862,3127,3078,0.015669971218420176,4089,4036,0.012961604304230878,3558,3341,0.06098931984260825,4556,4720,0,4446,4370,0.017094017094017144,5369,5279,0.01676289811883036,4710,4635,0.015923566878980888,5367,5274,0.017328116266070448,4759,4672,0.018281151502416493,6245,6078,0.02674139311449164,,51216,50382,0.016283973758200565,72
BT-HQ,299,233851,233863,0,262751,262734,6.470003920056033e-05,339049,339040,2.654483570219135e-05,441213,441184,6.572789106396026e-05,341202,341189,3.810059730013915e-05,330224,330202,6.662144483748911e-05,304378,304372,1.971233137743056e-05,355168,355156,3.378682764210161e-05,306973,306966,2.280330843429379e-05,343334,343330,1.1650462814594142e-05,288367,288355,4.1613638176341006e-05,262809,262793,6.088071565280018e-05,,3809319,3809184,3.5439405311032957e-05,1
BT-HQ,300,9339,8906,0.04636470714209229,10129,10031,0.009675190048375915,13165,13003,0.0123053551082416,16988,15968,0.0600423828584884,14506,15162,0,16910,16977,0,14640,14245,0.02698087431693985,15791,15638,0.009689063390538877,14203,14065,0.009716257128775663,12270,12150,0.009779951100244544,12268,12174,0.007662210629279409,9380,11768,0,,159589,160087,0,13
BT-HQ,3000,0,1136,0,0,1286,0,0,1642,0,0,2018,0,0,1842,0,0,1625,0,0,1532,0,0,1533,0,0,1591,0,0,1649,0,0,1562,0,0,1280,0,,0,18696,0,1
BT-HQ,3001,0,4512,0,0,4634,0,0,5154,0,0,5773,0,0,5390,0,0,5476,0,0,5552,0,0,5834,0,0,6048,0,0,5936,0,0,6055,0,0,5411,0,,0,65775,0,1
BT-HQ,3002,0,4767,0,0,5593,0,0,6336,0,0,7084,0,0,6850,0,0,6092,0,0,5689,0,0,6291,0,0,4881,0,0,5310,0,0,4602,0,0,4142,0,,0,67637,0,1
BT-HQ,3004,0,5311,0,0,5333,0,0,5988,0,0,6779,0,0,6363,0,0,6655,0,0,6813,0,0,7079,0,0,6997,0,0,6853,0,0,6875,0,0,6344,0,,0,77390,0,1
BT-HQ,3005,0,6772,0,0,7385,0,0,8325,0,0,9861,0,0,9158,0,0,9296,0,0,9509,0,0,10201,0,0,9563,0,0,9163,0,0,8965,0,0,8027,0,,0,106225,0,1
BT-HQ,3006,0,4524,0,0,5416,0,0,6011,0,0,5992,0,0,5128,0,0,5033,0,0,5249,0,0,5374,0,0,5157,0,0,5062,0,0,4848,0,0,4807,0,,0,62601,0,1
BT-HQ,3007,0,3657,0,0,3854,0,0,4070,0,0,4214,0,0,4022,0,0,4303,0,0,4397,0,0,4272,0,0,4118,0,0,4052,0,0,4335,0,0,4322,0,,0,49616,0,1
BT-HQ,3008,0,3268,0,0,3246,0,0,3811,0,0,4160,0,0,3943,0,0,4224,0,0,4094,0,0,4385,0,0,4258,0,0,3789,0,0,3712,0,0,3952,0,,0,46842,0,1
BT-HQ,300A,3830,3267,0.14699738903394255,3956,3928,0.00707785642062686,1534,1526,0.0052151238591916504,6907,6780,0.018387143477631374,2946,3040,0,1984,1960,0.012096774193548376,3728,3683,0.012070815450643813,2174,2149,0.011499540018399257,1286,1270,0.01244167962674958,1742,1722,0.01148105625717566,1458,1441,0.011659807956104218,1325,1441,0,,32870,32207,0.020170368116823822,3
BT-HQ,301,136691,139477,0,143266,146333,0,146038,149132,0,158282,161799,0,156626,160109,0,143268,146296,0,144664,147768,0,148998,152215,0,131248,134055,0,144402,147485,0,148521,151785,0,136717,137880,0,,1738721,1774334,0,1
BT-HQ,3010,0,12870,0,0,12874,0,0,15144,0,0,17194,0,0,15988,0,0,16537,0,0,15790,0,0,17656,0,0,17464,0,0,16363,0,0,16307,0,0,14550,0,,0,188737,0,1
BT-HQ,3011,0,1259,0,0,1409,0,0,1766,0,0,2133,0,0,1766,0,0,1734,0,0,1731,0,0,1629,0,0,1765,0,0,1666,0,0,1562,0,0,1532,0,,0,19952,0,1
BT-HQ,3012,0,3180,0,0,3070,0,0,3319,0,0,3809,0,0,3473,0,0,3663,0,0,3731,0,0,3708,0,0,3737,0,0,3614,0,0,3525,0,0,3263,0,,0,42092,0,1
BT-HQ,3013,0,2045,0,0,2061,0,0,2417,0,0,2655,0,0,2315,0,0,2480,0,0,2516,0,0,2860,0,0,2998,0,0,3072,0,0,3151,0,0,2811,0,,0,31381,0,1
BT-HQ,3014,0,2692,0,0,2766,0,0,3047,0,0,3174,0,0,2799,0,0,2971,0,0,3006,0,0,3104,0,0,3272,0,0,3079,0,0,3146,0,0,2798,0,,0,35854,0,1
BT-HQ,3015,0,2621,0,0,2901,0,0,3195,0,0,3334,0,0,4217,0,0,3855,0,0,1765,0,0,6017,0,0,3921,0,0,3334,0,0,3157,0,0,3515,0,,0,41832,0,1
BT-HQ,3016,0,1760,0,0,1844,0,0,1896,0,0,1533,0,0,2545,0,0,1994,0,0,2009,0,0,2379,0,0,2255,0,0,2014,0,0,1930,0,0,1985,0,,0,24144,0,1
BT-HQ,3017,0,719,0,0,849,0,0,836,0,0,834,0,0,672,0,0,722,0,0,770,0,0,818,0,0,870,0,0,734,0,0,651,0,0,504,0,,0,8979,0,1
BT-HQ,3018,0,2320,0,0,2592,0,0,2816,0,0,2890,0,0,2640,0,0,2683,0,0,2572,0,0,2881,0,0,3028,0,0,2806,0,0,2838,0,0,2805,0,,0,32871,0,1
BT-HQ,3019,0,3009,0,0,2946,0,0,3223,0,0,3537,0,0,3264,0,0,3438,0,0,3451,0,0,3499,0,0,3603,0,0,3243,0,0,2978,0,0,3093,0,,0,39284,0,1
BT-HQ,302,54745,53288,0.026614302676043478,45492,44415,0.023674492218412002,54504,53136,0.02509907529722588,74147,72321,0.024626754959742092,82602,79630,0.035979758359361735,77647,75367,0.029363658608832277,71332,69344,0.0278696798070992,76508,74260,0.029382548230250438,75865,72592,0.043142424042707406,68914,67476,0.020866587340743536,67109,65449,0.024735877453098687,54933,52897,0.03706333169497389,,803798,780175,0.029389224655945845,162
BT-HQ,3020,515,4261,0,1927,1932,0,2039,2046,0,2303,2311,0,2256,2265,0,2405,2413,0,2303,2311,0,2586,2595,0,2362,2370,0,2728,2755,0,2623,2615,0.003049942813572293,2470,2478,0,,26517,30352,0,1
BT-HQ,3021,0,3631,0,0,0,,2769,5148,0,2058,2061,0,1751,1753,0,1793,1795,0,1952,1954,0,2070,2074,0,2163,2165,0,2117,2142,0,4180,4086,0.022488038277512,5651,5731,0,,26504,32540,0,1
BT-HQ,3022,0,1697,0,0,1847,0,0,2218,0,0,2266,0,0,2131,0,0,2252,0,0,2339,0,0,2294,0,0,2546,0,0,2143,0,0,2052,0,0,1902,0,,0,25687,0,1
BT-HQ,3023,0,1360,0,0,1302,0,0,1341,0,0,1605,0,0,1470,0,0,1473,0,0,1543,0,0,1561,0,0,1658,0,0,1532,0,0,1532,0,0,1468,0,,0,17845,0,1
BT-HQ,3024,0,4989,0,0,5945,0,0,6664,0,0,7168,0,0,6727,0,0,6655,0,0,6493,0,0,6616,0,0,6136,0,0,7553,0,0,6789,0,0,6352,0,,0,78087,0,1
BT-HQ,3025,0,938,0,0,1086,0,0,1218,0,0,1454,0,0,1241,0,0,1377,0,0,1426,0,0,1382,0,0,1536,0,0,1385,0,0,1536,0,0,1470,0,,0,16049,0,1
BT-HQ,3026,0,9968,0,0,10334,0,0,11372,0,0,11562,0,0,10987,0,0,11057,0,0,10761,0,0,11065,0,0,9908,0,0,11959,0,0,10562,0,0,9648,0,,0,129183,0,1
BT-HQ,3027,0,5701,0,0,5725,0,0,5832,0,0,6438,0,0,5403,0,0,5610,0,0,5474,0,0,5778,0,0,5194,0,0,6714,0,0,6070,0,0,5589,0,,0,69528,0,1
BT-HQ,3028,0,2403,0,0,2494,0,0,2916,0,0,3070,0,0,2753,0,0,2704,0,0,2824,0,0,2774,0,0,2628,0,0,2746,0,0,2553,0,0,2303,0,,0,32168,0,1
BT-HQ,3029,0,4965,0,0,5245,0,0,5723,0,0,6459,0,0,6188,0,0,6160,0,0,6213,0,0,6648,0,0,5837,0,0,6926,0,0,6094,0,0,5676,0,,0,72134,0,1
BT-HQ,303,113200,107495,0.050397526501766765,97000,91873,0.05285567010309278,95100,89402,0.059915878023133584,122700,116524,0.05033414832925831,132100,125417,0.050590461771385264,128800,122418,0.049549689440993805,108100,107458,0.005938945420906561,119053,108805,0.08607930921522344,117648,112035,0.047710118319053474,108550,103737,0.044339014279134004,112475,107951,0.04022227161591463,93523,88288,0.05597553542978728,,1348249,1281403,0.0495798624734749,568
BT-HQ,3030,0,983,0,0,1044,0,0,1071,0,0,1190,0,0,1134,0,0,1164,0,0,1154,0,0,1142,0,0,1077,0,0,949,0,0,965,0,0,924,0,,0,12797,0,1
BT-HQ,3031,0,575,0,0,590,0,0,609,0,0,892,0,0,622,0,0,684,0,0,682,0,0,632,0,0,755,0,0,636,0,0,582,0,0,594,0,,0,7853,0,1
BT-HQ,3032,0,24915,0,0,26338,0,0,29568,0,0,32558,0,0,30800,0,0,30573,0,0,29681,0,0,31017,0,0,28856,0,0,32837,0,0,31439,0,0,27427,0,,0,356009,0,1
BT-HQ,3033,0,2101,0,0,2133,0,0,2188,0,0,2626,0,0,2195,0,0,2129,0,0,2028,0,0,2151,0,0,2001,0,0,2557,0,0,2537,0,0,2139,0,,0,26785,0,1
BT-HQ,3034,0,1522,0,0,1355,0,0,1419,0,0,1318,0,0,994,0,0,935,0,0,782,0,0,902,0,0,784,0,0,937,0,0,897,0,0,988,0,,0,12833,0,1
BT-HQ,3035,0,6419,0,0,7623,0,0,8389,0,0,10173,0,0,8496,0,0,8301,0,0,8029,0,0,8444,0,0,8216,0,0,9180,0,0,8629,0,0,7556,0,,0,99455,0,1
BT-HQ,3036,0,2949,0,0,3209,0,0,3258,0,0,3583,0,0,3121,0,0,2971,0,0,2880,0,0,3106,0,0,2853,0,0,3405,0,0,3089,0,0,2867,0,,0,37291,0,1
BT-HQ,3037,0,891,0,0,1144,0,0,1187,0,0,1456,0,0,1298,0,0,1102,0,0,1099,0,0,1374,0,0,1237,0,0,1507,0,0,1433,0,0,1243,0,,0,14971,0,1
BT-HQ,3038,0,999,0,0,1145,0,0,1149,0,0,1191,0,0,1200,0,0,1240,0,0,1259,0,0,1309,0,0,1217,0,0,1341,0,0,1459,0,0,1299,0,,0,14808,0,1
BT-HQ,3039,12493,12504,0,18183,18169,0.0007699499532530796,28320,20991,0.2587923728813559,35476,42782,0,36527,36509,0.0004927861581843773,17794,17782,0.0006743846240305773,1788,1787,0.0005592841163311046,8277,8281,0,21395,21370,0.0011684973124561626,23686,23653,0.0013932280672126485,27717,27691,0.000938052458779759,28443,28424,0.0006680026720107257,,260099,259943,0.0005997716254195762,1
BT-HQ,303A,42536,39986,0.0599492194846718,36313,34199,0.05821606587172634,44212,41868,0.053017280376368436,55701,52221,0.062476436688748804,56470,53009,0.061289180095626006,57517,54122,0.05902602708764371,48296,47758,0.011139638893490122,52873,47608,0.09957823463771676,53404,50506,0.05426559808254061,47913,45299,0.05455721829148663,49230,46732,0.05074141783465369,39641,37636,0.050578946040715445,,584106,550944,0.05677394171605843,213
BT-HQ,303B,4716,4643,0.015479219677692946,4580,4515,0.014192139737991272,24419,25044,0,36964,36972,0,39656,39269,0.009758926770223941,40371,39979,0.009709940303683329,35825,35506,0.00890439637124918,38281,37944,0.008803322797210078,38270,37902,0.009615887117846889,36047,35553,0.013704330457458336,36728,36245,0.013150729688521046,34122,33028,0.03206142664556588,,369979,366600,0.009132950789098815,160
BT-HQ,304,5805,5742,0.010852713178294615,5517,5468,0.008881638571687556,7663,7627,0.00469789899517159,11502,11476,0.0022604764388801657,11673,11653,0.0017133556069561795,7744,7706,0.004907024793388448,8006,7975,0.0038720959280539313,6643,6606,0.00556977269306036,9767,9747,0.002047711682195197,7752,7690,0.007997936016511886,9428,9438,0,6192,6000,0.03100775193798455,,97692,97128,0.005773246529910292,1
BT-HQ,3040,0,2108,0,0,3015,0,0,3209,0,0,2734,0,0,1836,0,0,994,0,0,1484,0,0,1581,0,0,1185,0,0,1042,0,0,1000,0,0,3030,0,,0,23218,0,1
BT-HQ,3041,0,2262,0,0,2436,0,0,2779,0,0,2997,0,0,2355,0,0,2239,0,0,2287,0,0,2429,0,0,2700,0,0,2473,0,0,2452,0,0,2406,0,,0,29815,0,1
BT-HQ,3042,0,2472,0,0,2669,0,0,2846,0,0,2544,0,0,2507,0,0,2614,0,0,2492,0,0,2308,0,0,2592,0,0,2533,0,0,2369,0,0,2367,0,,0,30313,0,1
BT-HQ,3043,0,581,0,0,575,0,0,606,0,0,0,,0,0,,0,1903,0,0,667,0,0,692,0,0,705,0,0,703,0,0,721,0,0,676,0,,0,7829,0,1
BT-HQ,3044,0,1408,0,0,1461,0,0,1705,0,0,1817,0,0,1660,0,0,1602,0,0,1624,0,0,1781,0,0,1838,0,0,1765,0,0,1842,0,0,1664,0,,0,20167,0,1
BT-HQ,3045,0,1703,0,0,1644,0,0,1720,0,0,2009,0,0,1699,0,0,1618,0,0,1650,0,0,1826,0,0,1901,0,0,1674,0,0,1795,0,0,1556,0,,0,20795,0,1
BT-HQ,3046,0,2306,0,0,2493,0,0,2537,0,0,3302,0,0,2906,0,0,2906,0,0,2814,0,0,2914,0,0,0,,0,5667,0,0,2724,0,0,2448,0,,0,33017,0,1
BT-HQ,3047,0,2690,0,0,2983,0,0,2584,0,0,2717,0,0,2431,0,0,2372,0,0,2287,0,0,2572,0,0,2689,0,0,2327,0,0,2751,0,0,2770,0,,0,31173,0,1
BT-HQ,3048,0,645,0,0,750,0,0,795,0,0,722,0,0,0,,0,0,,0,2228,0,0,729,0,0,799,0,0,724,0,0,893,0,0,861,0,,0,9146,0,1
BT-HQ,3049,0,1304,0,0,1377,0,0,1534,0,0,1876,0,0,1766,0,0,1660,0,0,1592,0,0,1731,0,0,1844,0,0,1654,0,0,1764,0,0,1666,0,,0,19768,0,1
BT-HQ,305,68893,65703,0.04630368832827714,61739,58983,0.044639530928586524,72752,69174,0.04918077853529801,90901,86812,0.044983003487310325,88524,83979,0.05134200894672636,93414,93299,0.0012310788532767791,82248,73875,0.10180186752261455,86317,82787,0.040895767925205884,84810,79668,0.06062964273081006,77232,75788,0.018696913196602494,79677,77911,0.02216448912484159,68035,65741,0.03371793929595057,,954542,913720,0.042766059534310674,183
BT-HQ,3050,0,1910,0,0,2112,0,0,2403,0,0,2545,0,0,2195,0,0,2045,0,0,2139,0,0,2172,0,0,2100,0,0,2022,0,0,2003,0,0,1991,0,,0,25637,0,1
BT-HQ,3051,0,970,0,0,1030,0,0,1260,0,0,1456,0,0,1349,0,0,1278,0,0,1154,0,0,1132,0,0,1064,0,0,963,0,0,908,0,0,830,0,,0,13394,0,1
BT-HQ,3052,0,942,0,0,1034,0,0,1299,0,0,1522,0,0,1351,0,0,1531,0,0,1413,0,0,1592,0,0,1576,0,0,1395,0,0,1458,0,0,1321,0,,0,16434,0,1
BT-HQ,3053,0,1509,0,0,1598,0,0,1819,0,0,2017,0,0,1942,0,0,1678,0,0,1809,0,0,1844,0,0,1715,0,0,1740,0,0,1770,0,0,1573,0,,0,21014,0,1
BT-HQ,3054,0,1160,0,0,1219,0,0,1441,0,0,1432,0,0,1349,0,0,1207,0,0,1266,0,0,1439,0,0,1256,0,0,1269,0,0,1264,0,0,1323,0,,0,15625,0,1
BT-HQ,3055,0,2708,0,0,2916,0,0,3255,0,0,3777,0,0,3296,0,0,3406,0,0,3519,0,0,3759,0,0,3731,0,0,3415,0,0,3168,0,0,3232,0,,0,40182,0,1
BT-HQ,3056,0,1965,0,0,1934,0,0,2430,0,0,2648,0,0,2124,0,0,2140,0,0,2446,0,0,2606,0,0,2560,0,0,2362,0,0,2514,0,0,2811,0,,0,28540,0,1
BT-HQ,3057,0,7291,0,0,7662,0,0,9455,0,0,12043,0,0,8114,0,0,7362,0,0,6955,0,0,7401,0,0,7234,0,0,8579,0,0,7683,0,0,7229,0,,0,97008,0,1
BT-HQ,3058,0,10246,0,0,10971,0,0,11750,0,0,13428,0,0,12022,0,0,11965,0,0,11422,0,0,11900,0,0,10868,0,0,12633,0,0,11708,0,0,10785,0,,0,139698,0,1
BT-HQ,3059,0,1988,0,0,1986,0,0,1934,0,0,2071,0,0,1960,0,0,1630,0,0,1664,0,0,1851,0,0,1648,0,0,2032,0,0,1830,0,0,1822,0,,0,22416,0,1
BT-HQ,305A,6927,6780,0.021221307925508914,5796,5675,0.02087646652864039,7062,6920,0.020107618238459413,9615,9422,0.02007280291211644,9397,9207,0.02021921889964884,9835,9641,0.019725470259278066,9238,9036,0.021866204806235134,10001,9813,0.018798120187981215,9753,9555,0.0203014457090126,8677,8316,0.04160424109715344,9768,10169,0,7906,6774,0.14318239311915004,,103975,101308,0.02565039672998315,24
BT-HQ,306,3631,6326,0,7812,7843,0,11964,12017,0,14832,14898,0,15099,15164,0,13149,13207,0,12980,13038,0,10901,10947,0,12444,12498,0,11269,11318,0,11356,11405,0,9514,9326,0.01976035316375868,,134951,137987,0,1
BT-HQ,3060,0,2703,0,0,2913,0,0,2737,0,0,2582,0,0,2282,0,0,2089,0,0,1933,0,0,2070,0,0,1877,0,0,2293,0,0,2302,0,0,2264,0,,0,28045,0,1
BT-HQ,3061,0,1502,0,0,1498,0,0,1632,0,0,1720,0,0,1747,0,0,1702,0,0,1639,0,0,1737,0,0,1554,0,0,1801,0,0,1616,0,0,1469,0,,0,19617,0,1
BT-HQ,3062,0,2433,0,0,2551,0,0,2408,0,0,2755,0,0,2567,0,0,2435,0,0,2268,0,0,2693,0,0,2703,0,0,2735,0,0,3167,0,0,3075,0,,0,31790,0,1
BT-HQ,3063,0,3269,0,0,3373,0,0,3738,0,0,4104,0,0,3364,0,0,3331,0,0,3153,0,0,3372,0,0,3069,0,0,3672,0,0,3630,0,0,3613,0,,0,41688,0,1
BT-HQ,3064,0,2122,0,0,2223,0,0,2493,0,0,2976,0,0,2718,0,0,2687,0,0,2462,0,0,2710,0,0,2576,0,0,2948,0,0,2747,0,0,2491,0,,0,31153,0,1
BT-HQ,3065,0,458,0,0,456,0,0,506,0,0,667,0,0,598,0,0,657,0,0,610,0,0,694,0,0,631,0,0,834,0,0,741,0,0,655,0,,0,7507,0,1
BT-HQ,3066,0,2273,0,0,2376,0,0,2351,0,0,2742,0,0,2472,0,0,2363,0,0,2450,0,0,2613,0,0,2988,0,0,2464,0,0,2283,0,0,2251,0,,0,29626,0,1
BT-HQ,3067,0,430,0,0,473,0,0,484,0,0,543,0,0,471,0,0,435,0,0,437,0,0,544,0,0,562,0,0,512,0,0,516,0,0,491,0,,0,5898,0,1
BT-HQ,3068,0,636,0,0,702,0,0,731,0,0,860,0,0,815,0,0,820,0,0,858,0,0,908,0,0,985,0,0,843,0,0,1038,0,0,883,0,,0,10079,0,1
BT-HQ,3069,0,610,0,0,916,0,0,994,0,0,1221,0,0,1071,0,0,1126,0,0,1016,0,0,1028,0,0,1156,0,0,1031,0,0,1139,0,0,1042,0,,0,12350,0,1
BT-HQ,307,0,0,,0,0,,0,0,,0,0,,0,0,,0,0,,0,0,,0,0,,0,0,,0,0,,0,0,,0,0,,,0,0,,0
BT-HQ,3070,0,1131,0,0,1182,0,0,1239,0,0,1640,0,0,1430,0,0,1471,0,0,1446,0,0,1436,0,0,1535,0,0,1302,0,0,1454,0,0,1262,0,,0,16528,0,1
BT-HQ,3071,0,405,0,0,473,0,0,595,0,0,579,0,0,522,0,0,578,0,0,511,0,0,553,0,0,459,0,0,595,0,0,540,0,0,446,0,,0,6256,0,1
BT-HQ,3072,0,441,0,0,186,0,0,193,0,0,334,0,0,200,0,0,227,0,0,200,0,0,224,0,0,194,0,0,215,0,0,201,0,0,178,0,,0,2793,0,1
BT-HQ,3073,0,520,0,0,502,0,0,472,0,0,487,0,0,398,0,0,373,0,0,363,0,0,0,,0,0,,0,1107,0,0,444,0,0,399,0,,0,5065,0,1
BT-HQ,3074,0,258,0,0,272,0,0,319,0,0,368,0,0,296,0,0,294,0,0,260,0,0,308,0,0,270,0,0,305,0,0,302,0,0,276,0,,0,3528,0,1
BT-HQ,3075,0,839,0,0,1078,0,0,1138,0,0,1184,0,0,1079,0,0,1051,0,0,1062,0,0,1214,0,0,1073,0,0,1168,0,0,1160,0,0,974,0,,0,13020,0,1
BT-HQ,3076,0,4199,0,0,4529,0,0,4349,0,0,4368,0,0,3996,0,0,4166,0,0,4321,0,0,4671,0,0,3987,0,0,4320,0,0,4519,0,0,4464,0,,0,51889,0,1
BT-HQ,3077,0,1534,0,0,1886,0,0,1927,0,0,1947,0,0,1777,0,0,1798,0,0,1668,0,0,1743,0,0,1822,0,0,1807,0,0,1689,0,0,1532,0,,0,21130,0,1
BT-HQ,3078,0,13125,0,0,2032,0,0,20566,0,0,18060,0,0,9940,0,0,17147,0,0,1452,0,0,15274,0,0,14028,0,0,17172,0,0,5604,0,0,6492,0,,0,140892,0,1
BT-HQ,3079,0,919,0,0,1013,0,0,1102,0,0,1259,0,0,1142,0,0,1106,0,0,1009,0,0,1009,0,0,1198,0,0,1138,0,0,1166,0,0,1027,0,,0,13088,0,1
BT-HQ,308,81659,78232,0.04196720508455898,71765,69058,0.037720337211732735,88522,84752,0.042588283138654814,111101,106870,0.038082465504360896,109850,101894,0.07242603550295856,113978,106782,0.06313499096316832,100983,99268,0.016983056554073506,110619,105413,0.04706243954474365,107486,112126,0,94861,81694,0.13880309083817377,103352,99409,0.038151172691384794,84236,81216,0.03585165487440045,,1178412,1126714,0.04387090423383333,151
BT-HQ,3080,0,407,0,0,478,0,0,533,0,0,587,0,0,567,0,0,608,0,0,625,0,0,627,0,0,587,0,0,637,0,0,593,0,0,422,0,,0,6671,0,1
BT-HQ,3081,0,3398,0,0,2817,0,0,2675,0,0,4392,0,0,3749,0,0,3006,0,0,4732,0,0,4246,0,0,3849,0,0,2384,0,0,2575,0,0,2830,0,,0,40653,0,1
BT-HQ,3082,0,705,0,0,810,0,0,875,0,0,1084,0,0,1018,0,0,1038,0,0,1023,0,0,1137,0,0,985,0,0,996,0,0,969,0,0,883,0,,0,11523,0,1
BT-HQ,3083,0,1273,0,0,1206,0,0,1317,0,0,1597,0,0,1546,0,0,1583,0,0,1633,0,0,0,,0,0,,0,5103,0,0,1774,0,0,2002,0,,0,19034,0,1
BT-HQ,3084,0,412,0,0,536,0,0,603,0,0,515,0,0,447,0,0,463,0,0,527,0,0,439,0,0,375,0,0,407,0,0,346,0,0,411,0,,0,5481,0,1
BT-HQ,3085,0,1132,0,0,1252,0,0,1529,0,0,1877,0,0,1597,0,0,1812,0,0,1807,0,0,1862,0,0,1864,0,0,1678,0,0,1835,0,0,1673,0,,0,19918,0,1
BT-HQ,3086,0,664,0,0,688,0,0,764,0,0,915,0,0,801,0,0,815,0,0,784,0,0,835,0,0,0,,0,1602,0,0,795,0,0,825,0,,0,9488,0,1
BT-HQ,3087,0,350,0,0,521,0,0,539,0,0,636,0,0,515,0,0,639,0,0,544,0,0,758,0,0,859,0,0,804,0,0,911,0,0,909,0,,0,7985,0,1
BT-HQ,3088,0,478,0,0,485,0,0,607,0,0,724,0,0,690,0,0,685,0,0,717,0,0,769,0,0,762,0,0,592,0,0,597,0,0,661,0,,0,7767,0,1
BT-HQ,3089,0,167,0,0,164,0,0,220,0,0,350,0,0,182,0,0,0,,0,0,,0,832,0,0,428,0,0,408,0,0,470,0,0,402,0,,0,3623,0,1
BT-HQ,309,4270,4291,0,4308,4332,0,8741,8800,0,8677,8738,0,9297,9363,0,6501,6544,0,7042,7091,0,7537,7590,0,7274,7324,0,6939,6987,0,7365,7415,0,5151,5143,0.001553096486119232,,83102,83618,0,1
BT-HQ,3090,0,618,0,0,729,0,0,754,0,0,730,0,0,803,0,0,877,0,0,760,0,0,788,0,0,845,0,0,842,0,0,830,0,0,758,0,,0,9334,0,1
BT-HQ,3091,0,479,0,0,526,0,0,476,0,0,520,0,0,528,0,0,561,0,0,475,0,0,473,0,0,493,0,0,428,0,0,453,0,0,448,0,,0,5860,0,1
BT-HQ,3092,0,722,0,0,841,0,0,892,0,0,945,0,0,984,0,0,1064,0,0,879,0,0,1011,0,0,1068,0,0,1120,0,0,1308,0,0,1090,0,,0,11924,0,1
BT-HQ,3093,116,118,0,124,125,0,138,139,0,171,172,0,161,162,0,177,179,0,180,180,0,168,169,0,120,121,0,119,121,0,142,142,0,152,154,0,,1768,1782,0,1
BT-HQ,3094,0,407,0,0,446,0,0,456,0,0,401,0,0,484,0,0,383,0,0,408,0,0,426,0,0,425,0,0,484,0,0,458,0,0,376,0,,0,5154,0,1
BT-HQ,3095,499,500,0,455,457,0,519,521,0,566,567,0,566,566,0,585,587,0,618,619,0,627,628,0,598,601,0,593,594,0,529,530,0,664,666,0,,6819,6836,0,1
BT-HQ,3096,0,212,0,0,200,0,0,242,0,0,352,0,0,287,0,0,301,0,0,334,0,0,300,0,0,303,0,0,283,0,0,266,0,0,262,0,,0,3342,0,1
BT-HQ,3098,0,2185,0,0,2311,0,0,2546,0,0,3086,0,0,2723,0,0,2612,0,0,2553,0,0,2683,0,0,2611,0,0,3103,0,0,2783,0,0,2415,0,,0,31611,0,1
BT-HQ,3099,0,649,0,0,853,0,0,931,0,0,1072,0,0,977,0,0,1028,0,0,940,0,0,982,0,0,914,0,0,1135,0,0,1025,0,0,967,0,,0,11473,0,1
BT-HQ,31,11038,11029,0.0008153651023735664,14730,14717,0.0008825526137135054,21795,21774,0.000963523743978012,16678,16661,0.0010193068713274522,20898,20875,0.0011005837879223268,20363,20343,0.0009821735500662454,18761,18741,0.0010660412557965682,22158,22135,0.0010379998194782747,15483,15467,0.0010333914616030837,17843,17825,0.0010087989687832533,19695,19676,0.0009647118558009371,16316,16302,0.0008580534444716514,,215758,215545,0.0009872171599663027,1
BT-HQ,310,14777,14366,0.027813493943290246,13435,13024,0.030591737997767043,14079,13654,0.030186803039988663,18815,18294,0.027690672335902167,21223,20613,0.028742402110917387,20151,19585,0.028087936082576537,19281,18677,0.0313261760282143,18542,17928,0.033114011433502344,18457,18017,0.023839193801809655,18300,17717,0.03185792349726779,17168,16665,0.02929869524697115,14650,14209,0.03010238907849827,,208878,202749,0.029342487001982054,119
BT-HQ,3100,0,477,0,0,482,0,0,639,0,0,705,0,0,545,0,0,496,0,0,646,0,0,657,0,0,830,0,0,754,0,0,765,0,0,722,0,,0,7718,0,1
BT-HQ,3101,0,1190,0,0,1281,0,0,1336,0,0,1394,0,0,1254,0,0,1299,0,0,1192,0,0,1269,0,0,1297,0,0,1198,0,0,1176,0,0,1125,0,,0,15011,0,1
BT-HQ,3102,0,544,0,0,614,0,0,756,0,0,704,0,0,643,0,0,738,0,0,686,0,0,0,,0,0,,0,2053,0,0,609,0,0,558,0,,0,7905,0,1
BT-HQ,3103,0,1018,0,0,743,0,0,750,0,0,837,0,0,752,0,0,847,0,0,836,0,0,914,0,0,1075,0,0,927,0,0,1010,0,0,985,0,,0,10694,0,1
BT-HQ,3104,0,3528,0,0,3008,0,0,3279,0,0,3716,0,0,3520,0,0,3772,0,0,3672,0,0,3866,0,0,4332,0,0,3867,0,0,3830,0,0,3652,0,,0,44042,0,1
BT-HQ,3105,0,1580,0,0,1414,0,0,1546,0,0,1813,0,0,1552,0,0,1713,0,0,1655,0,0,1667,0,0,1873,0,0,1523,0,0,1339,0,0,1373,0,,0,19048,0,1
BT-HQ,3106,0,4155,0,0,4406,0,0,4999,0,0,5417,0,0,5037,0,0,5042,0,0,5234,0,0,5583,0,0,5357,0,0,4991,0,0,4598,0,0,4385,0,,0,59204,0,1
BT-HQ,3107,0,1455,0,0,1565,0,0,1764,0,0,1916,0,0,1792,0,0,1892,0,0,1847,0,0,1962,0,0,1968,0,0,1763,0,0,1567,0,0,1549,0,,0,21040,0,1
BT-HQ,3108,0,1379,0,0,2555,0,0,2003,0,0,2233,0,0,2174,0,0,2269,0,0,2187,0,0,2339,0,0,2441,0,0,2325,0,0,2388,0,0,2243,0,,0,26536,0,1
BT-HQ,3109,0,1079,0,0,935,0,0,1149,0,0,1306,0,0,988,0,0,1038,0,0,1023,0,0,1192,0,0,1294,0,0,1203,0,0,1131,0,0,1204,0,,0,13542,0,1
BT-HQ,310A,1854,1852,0.0010787486515642097,1628,1627,0.0006142506142505777,1834,1831,0.0016357688113413094,1906,1904,0.0010493179433368471,2027,2025,0.0009866798223976403,2075,2075,0,1447,1446,0.0006910850034553828,1862,1860,0.0010741138560687036,1595,1556,0.02445141065830725,1651,1697,0,1678,1632,0.0274135876042908,1330,1324,0.004511278195488688,,20887,20829,0.0027768468425336534,1
BT-HQ,311,60358,57702,0.04400410881738959,56920,54517,0.04221714687280398,62706,59810,0.04618377826683251,70811,67975,0.04005027467483868,80703,77084,0.04484343828606119,75443,72380,0.0406001882215713,71289,68301,0.04191389976013127,70165,67175,0.042613838808522764,71599,68575,0.04223522674897695,71813,68889,0.04071686184952583,67193,65015,0.0324140907535011,59302,58855,0.007537688442211032,,818302,786278,0.03913469599243313,526
BT-HQ,3110,0,426,0,0,438,0,0,469,0,0,616,0,0,676,0,0,568,0,0,512,0,0,588,0,0,588,0,0,508,0,0,495,0,0,469,0,,0,6353,0,1
BT-HQ,3111,0,673,0,0,779,0,0,637,0,0,943,0,0,760,0,0,885,0,0,824,0,0,903,0,0,1116,0,0,1077,0,0,1142,0,0,1157,0,,0,10896,0,1
BT-HQ,3112,0,366,0,0,449,0,0,488,0,0,565,0,0,0,,0,971,0,0,400,0,0,459,0,0,560,0,0,493,0,0,461,0,0,532,0,,0,5744,0,1
BT-HQ,3113,0,1937,0,0,2110,0,0,2262,0,0,2668,0,0,2364,0,0,2543,0,0,2564,0,0,2545,0,0,2582,0,0,2368,0,0,2205,0,0,2024,0,,0,28172,0,1
BT-HQ,3114,0,2051,0,0,2358,0,0,2824,0,0,2752,0,0,0,,0,5239,0,0,2466,0,0,2601,0,0,2855,0,0,2800,0,0,2510,0,0,2323,0,,0,30779,0,1
BT-HQ,3115,0,5308,0,0,6074,0,0,6282,0,0,0,,0,0,,0,18599,0,0,6385,0,0,8216,0,0,8828,0,0,6902,0,0,7051,0,0,6805,0,,0,80450,0,1
BT-HQ,3116,0,1498,0,0,1638,0,0,1672,0,0,2002,0,0,1824,0,0,0,,0,3670,0,0,1886,0,0,1797,0,0,2260,0,0,1909,0,0,1897,0,,0,22053,0,1
BT-HQ,3118,0,343,0,0,366,0,0,406,0,0,427,0,0,405,0,0,428,0,0,496,0,0,663,0,0,689,0,0,622,0,0,654,0,0,662,0,,0,6161,0,1
BT-HQ,3119,0,1467,0,0,1437,0,0,1675,0,0,1732,0,0,1569,0,0,1581,0,0,1651,0,0,1809,0,0,1876,0,0,1601,0,0,1514,0,0,1444,0,,0,19356,0,1
BT-HQ,311A,64616,62154,0.03810201807601832,58110,55760,0.04044054379624851,68935,66816,0.030739102052658285,83886,80877,0.03587010943423219,99252,95538,0.03741990085842095,96064,92636,0.035684543637574895,90940,88017,0.03214207169562344,88677,85565,0.035093654498911775,90483,86767,0.04106848800327134,86297,83023,0.03793874642223949,81223,77148,0.050170518202972025,69121,68483,0.009230190535437832,,977604,942784,0.035617693871956346,322
BT-HQ,312,3607,4048,0,4064,4491,0,4426,4835,0,6586,7035,0,5641,6063,0,4690,5126,0,4740,5166,0,4788,5234,0,5229,5652,0,5463,5920,0,4019,4468,0,3660,4078,0,,56913,62116,0,1
BT-HQ,3120,0,424,0,0,457,0,0,489,0,0,523,0,0,516,0,0,493,0,0,525,0,0,606,0,0,681,0,0,589,0,0,572,0,0,460,0,,0,6335,0,1
BT-HQ,3121,0,1045,0,0,1288,0,0,997,0,0,1340,0,0,1253,0,0,1253,0,0,1180,0,0,2006,0,0,1288,0,0,1700,0,0,1266,0,0,1756,0,,0,16372,0,1
BT-HQ,3122,192,1471,0,872,872,0,785,785,0,618,618,0,482,482,0,467,467,0,411,411,0,448,449,0,524,524,0,543,544,0,540,537,0.005555555555555536,577,586,0,,6459,7746,0,1
BT-HQ,3123,0,592,0,0,573,0,0,654,0,0,730,0,0,816,0,0,917,0,0,848,0,0,866,0,0,854,0,0,792,0,0,753,0,0,658,0,,0,9053,0,1
BT-HQ,3124,0,1142,0,0,1300,0,0,1320,0,0,1500,0,0,1318,0,0,1157,0,0,1174,0,0,1359,0,0,1311,0,0,1158,0,0,1231,0,0,1291,0,,0,15261,0,1
BT-HQ,3125,0,1409,0,0,1525,0,0,1765,0,0,1893,0,0,1562,0,0,1521,0,0,1561,0,0,1785,0,0,1726,0,0,1627,0,0,1571,0,0,1489,0,,0,19434,0,1
BT-HQ,3126,0,587,0,0,566,0,0,586,0,0,611,0,0,598,0,0,681,0,0,690,0,0,664,0,0,616,0,0,628,0,0,594,0,0,557,0,,0,7378,0,1
BT-HQ,3127,0,658,0,0,678,0,0,737,0,0,895,0,0,755,0,0,878,0,0,858,0,0,846,0,0,891,0,0,760,0,0,862,0,0,774,0,,0,9592,0,1
BT-HQ,3128,0,799,0,0,744,0,0,677,0,0,698,0,0,560,0,0,542,0,0,538,0,0,553,0,0,615,0,0,585,0,0,586,0,0,615,0,,0,7512,0,1
BT-HQ,3129,0,788,0,0,744,0,0,915,0,0,1017,0,0,883,0,0,988,0,0,979,0,0,975,0,0,1025,0,0,873,0,0,881,0,0,813,0,,0,10881,0,1
BT-HQ,313,35568,34462,0.03109536662168244,33150,32199,0.02868778280542983,36942,35753,0.0321855882193709,44443,42959,0.033391085210269345,52296,50345,0.03730686859415633,50681,48894,0.03525976204100156,45774,44087,0.036854983178223444,45310,43532,0.0392407856985213,46895,45074,0.03883143192237981,45706,43632,0.045376974576642026,44160,42270,0.04279891304347827,38798,37240,0.04015670910871694,,519723,500447,0.0370889877877254,147
BT-HQ,3130,0,423,0,0,405,0,0,427,0,0,531,0,0,466,0,0,470,0,0,530,0,0,494,0,0,514,0,0,466,0,0,510,0,0,482,0,,0,5718,0,1
BT-HQ,3131,0,869,0,0,940,0,0,907,0,0,1111,0,0,955,0,0,1039,0,0,913,0,0,1090,0,0,1360,0,0,1205,0,0,1182,0,0,1111,0,,0,12682,0,1
BT-HQ,3132,0,1935,0,0,1932,0,0,2200,0,0,1871,0,0,1809,0,0,1914,0,0,1957,0,0,1936,0,0,1937,0,0,1812,0,0,1945,0,0,2151,0,,0,23399,0,1
BT-HQ,3133,0,3120,0,0,3234,0,0,3597,0,0,3708,0,0,3570,0,0,3462,0,0,3429,0,0,3613,0,0,3641,0,0,3346,0,0,3360,0,0,3497,0,,0,41577,0,1
BT-HQ,3134,0,211,0,211,776,0,344,345,0,376,377,0,395,396,0,359,361,0,394,395,0,453,454,0,499,0,1,408,0,1,445,1229,0,454,455,0,,4338,4999,0,1
BT-HQ,3135,0,1609,0,0,1663,0,0,1773,0,0,1945,0,0,1851,0,0,1993,0,0,1883,0,0,1927,0,0,2070,0,0,1832,0,0,1921,0,0,1790,0,,0,22257,0,1
BT-HQ,3136,0,539,0,0,558,0,0,566,0,0,528,0,0,426,0,0,437,0,0,390,0,0,398,0,0,402,0,0,413,0,0,429,0,0,388,0,,0,5474,0,1
BT-HQ,3137,0,1026,0,0,924,0,0,1025,0,0,1195,0,0,1207,0,0,1237,0,0,1293,0,0,1412,0,0,1467,0,0,1420,0,0,1293,0,0,1119,0,,0,14618,0,1
BT-HQ,3138,0,1523,0,0,1553,0,0,1792,0,0,2042,0,0,2026,0,0,2062,0,0,2151,0,0,2287,0,0,2382,0,0,2038,0,0,1965,0,0,1829,0,,0,23650,0,1
BT-HQ,3139,0,1794,0,0,1782,0,0,1982,0,0,1981,0,0,1848,0,0,1803,0,0,1742,0,0,2007,0,0,1671,0,0,2087,0,0,1873,0,0,1872,0,,0,22442,0,1
BT-HQ,313A,74028,72064,0.026530501972226728,64069,62111,0.03056080163573649,74063,71462,0.0351187502531628,93868,89228,0.04943111603528361,101420,96556,0.04795898244922103,100646,96151,0.04466148679530235,96261,91550,0.048939861418435315,97915,93766,0.042373487208292926,96988,92349,0.04783065946302634,89208,85160,0.04537709622455388,89162,85464,0.041475067854018555,73276,70986,0.03125170587914183,,1050904,1006847,0.041922953952026054,166
BT-HQ,313B,9004,8962,0.004664593513993731,7601,7576,0.0032890409156689504,9655,9599,0.0058001035732780926,11767,11676,0.007733491969066031,12814,12710,0.008116122990479147,13952,13823,0.009245986238532122,11746,11744,0.00017027073046138597,11927,11882,0.0037729521254297183,12122,12061,0.005032172908760901,11154,11175,0,12925,12911,0.0010831721470019318,10045,10067,0,,134712,134186,0.0039046261654492875,19
BT-HQ,314,0,2033,0,0,1722,0,0,1501,0,0,2126,0,0,3957,0,0,2492,0,0,2930,0,0,1451,0,0,1464,0,0,1456,0,0,1800,0,0,1421,0,,0,24353,0,1
BT-HQ,3140,0,280,0,0,270,0,0,284,0,0,336,0,0,225,0,0,247,0,0,228,0,0,217,0,0,541,0,0,449,0,0,542,0,0,662,0,,0,4281,0,1
BT-HQ,3141,0,393,0,0,405,0,0,399,0,0,511,0,0,411,0,0,495,0,0,693,0,0,1372,0,0,750,0,0,549,0,0,558,0,0,550,0,,0,7086,0,1
BT-HQ,3142,0,423,0,0,502,0,0,484,0,0,519,0,0,412,0,0,446,0,0,471,0,0,498,0,0,552,0,0,568,0,0,570,0,0,549,0,,0,5994,0,1
BT-HQ,3143,0,40,0,0,62,0,0,112,0,0,75,0,0,69,0,0,80,0,0,87,0,0,92,0,0,109,0,0,109,0,0,122,0,0,188,0,,0,1145,0,1
BT-HQ,3144,0,673,0,0,653,0,0,725,0,0,811,0,0,697,0,0,739,0,0,858,0,0,840,0,0,769,0,0,805,0,0,719,0,0,675,0,,0,8964,0,1
BT-HQ,3145,0,183,0,0,276,0,0,308,0,0,686,0,0,327,0,0,375,0,0,369,0,0,394,0,0,576,0,0,355,0,0,510,0,0,633,0,,0,4992,0,1
BT-HQ,3146,0,474,0,0,485,0,0,526,0,0,671,0,0,530,0,0,646,0,0,599,0,0,725,0,0,663,0,0,824,0,0,760,0,0,711,0,,0,7614,0,1
BT-HQ,3147,0,327,0,0,402,0,0,511,0,0,543,0,0,612,0,0,573,0,0,520,0,0,580,0,0,557,0,0,573,0,0,483,0,0,454,0,,0,6135,0,1
BT-HQ,3148,0,569,0,0,690,0,0,819,0,0,922,0,0,823,0,0,887,0,0,903,0,0,1036,0,0,988,0,0,1035,0,0,902,0,0,938,0,,0,10512,0,1
BT-HQ,3149,0,1707,0,0,1737,0,0,2092,0,0,1994,0,0,1897,0,0,2140,0,0,1943,0,0,1982,0,0,1924,0,0,2244,0,0,2059,0,0,2027,0,,0,23746,0,1
BT-HQ,3150,0,1026,0,0,972,0,0,1004,0,0,977,0,0,920,0,0,968,0,0,1020,0,0,983,0,0,891,0,0,1108,0,0,1026,0,0,972,0,,0,11867,0,1
BT-HQ,3151,0,1713,0,0,1587,0,0,1824,0,0,2129,0,0,1955,0,0,1851,0,0,2243,0,0,2403,0,0,1950,0,0,2318,0,0,1982,0,0,1964,0,,0,23919,0,1
BT-HQ,3152,0,79,0,0,100,0,0,136,0,0,168,0,0,85,0,0,70,0,0,65,0,0,55,0,0,41,0,0,59,0,0,103,0,0,128,0,,0,1089,0,1
BT-HQ,3153,0,2123,0,0,748,0,0,1250,0,0,4231,0,0,3149,0,0,8034,0,0,8538,0,0,6536,0,0,8529,0,0,3952,0,0,3527,0,0,457,0,,0,51074,0,1
BT-HQ,3154,0,4747,0,0,4869,0,0,5101,0,0,6134,0,0,5522,0,0,5721,0,0,5805,0,0,6441,0,0,5827,0,0,7253,0,0,6099,0,0,6018,0,,0,69537,0,1
BT-HQ,3155,0,173,0,0,185,0,0,201,0,0,283,0,0,325,0,0,417,0,0,592,0,0,642,0,0,524,0,0,694,0,0,641,0,0,597,0,,0,5274,0,1
BT-HQ,3156,0,129,0,0,125,0,0,135,0,0,133,0,0,26,0,0,25,0,0,18,0,0,37,0,0,14,0,0,5,0,0,31,0,0,46,0,,0,724,0,1
BT-HQ,3157,0,43,0,0,37,0,0,38,0,0,53,0,0,42,0,0,47,0,0,59,0,0,41,0,0,53,0,0,58,0,0,38,0,0,54,0,,0,563,0,1
BT-HQ,3158,0,477,0,0,454,0,0,481,0,0,532,0,0,558,0,0,582,0,0,640,0,0,727,0,0,784,0,0,884,0,0,773,0,0,823,0,,0,7715,0,1
BT-HQ,316,23100,22454,0.02796536796536797,20580,19958,0.030223517978619996,22620,21874,0.03297966401414676,27720,26966,0.027200577200577225,33360,32414,0.028357314148681034,28980,28290,0.023809523809523836,32520,31721,0.024569495694956922,33000,32250,0.022727272727272707,35040,35595,0,30360,32432,0,23820,22637,0.04966414777497896,27275,23581,0.13543538038496794,,338375,330172,0.024242334687846312,90
BT-HQ,316A,19679,19294,0.019564002235885947,17376,16878,0.028660220994475183,21143,20550,0.02804710778981223,26625,26148,0.017915492957746526,30995,28427,0.08285207291498631,26376,26030,0.013117986047922359,26402,26937,0,25982,24189,0.06900931414055889,28282,27618,0.02347783042217666,24618,27141,0,23961,20324,0.1517883226910396,20681,20333,0.016827039311445247,,292120,283869,0.028245241681500777,122
BT-HQ,316F,0,0,,0,0,,0,0,,0,0,,0,0,,0,0,,0,0,,0,0,,0,0,,0,0,,0,0,,0,0,,,0,0,,0
BT-HQ,317,47663,46461,0.025218723118561548,40836,39878,0.023459692428249634,46918,45691,0.026152009889594652,55438,53981,0.026281611890760836,57864,56015,0.03195423752246651,53549,52165,0.025845487310687365,56546,56305,0.00426201676511162,50355,47595,0.05481084301459638,55152,53525,0.029500290107339677,52983,51231,0.0330672102372459,49042,48415,0.012784959830349552,44060,42139,0.04359963685882884,,610406,593401,0.027858507288591516,162
BT-HQ,3170,0,160,0,0,171,0,0,300,0,0,357,0,0,243,0,0,243,0,0,260,0,0,266,0,0,234,0,0,315,0,0,277,0,0,321,0,,0,3147,0,1
BT-HQ,3171,0,1213,0,0,1278,0,0,1312,0,0,1145,0,0,1053,0,0,1005,0,0,1073,0,0,1044,0,0,1026,0,0,1067,0,0,1115,0,0,1083,0,,0,13414,0,1
BT-HQ,3172,0,794,0,0,949,0,0,931,0,0,1180,0,0,1074,0,0,1135,0,0,1162,0,0,1261,0,0,1078,0,0,1383,0,0,1230,0,0,1163,0,,0,13340,0,1
BT-HQ,3173,0,2430,0,0,2823,0,0,3062,0,0,3730,0,0,3428,0,0,3168,0,0,2972,0,0,3451,0,0,2886,0,0,3381,0,0,3344,0,0,3532,0,,0,38207,0,1
BT-HQ,3174,0,0,,0,0,,0,0,,0,0,,0,0,,0,0,,2792,2786,0.0021489971346705383,1637,1638,0,1,1,0,17,17,0,343,344,0,559,559,0,,5349,5345,0.0007478033277248386,1
BT-HQ,3175,0,0,,0,0,,0,0,,0,0,,0,0,,0,0,,0,0,,0,0,,0,0,,0,23,0,0,80,0,0,63,0,,0,166,0,1
BT-HQ,3176,0,0,,0,0,,0,0,,0,0,,0,0,,0,0,,0,0,,0,0,,0,0,,0,22,0,0,82,0,0,151,0,,0,255,0,1
BT-HQ,3177,0,0,,0,0,,0,0,,0,0,,0,0,,0,0,,0,0,,0,0,,0,0,,0,0,,0,0,,0,1310,0,,0,1310,0,1
BT-HQ,317A,0,9215,0,0,7445,0,0,10311,0,0,13612,0,0,15326,0,0,18340,0,0,21293,0,0,22924,0,0,23862,0,0,19884,0,0,19209,0,0,14022,0,,0,195443,0,1
BT-HQ,318,106000,99710,0.05933962264150938,91200,86483,0.05172149122807013,109700,103931,0.0525888787602552,140300,132764,0.05371347113328584,142300,135104,0.05056921995783559,211900,133126,0.3717508258612553,64247,131748,0,134715,128505,0.046097316557176304,144220,137160,0.048952988489807225,126224,121606,0.03658575231334771,124772,120151,0.03703555284839544,110643,105209,0.04911291270121021,,1506221,1435497,0.046954596968173945,388
BT-HQ,318A,0,19023,0,0,19176,0,0,17086,0,0,18490,0,0,14840,0,0,20090,0,0,18818,0,0,19333,0,0,19345,0,0,18639,0,0,18977,0,0,18161,0,,0,221978,0,1
BT-HQ,319,96000,92675,0.034635416666666696,87800,84740,0.03485193621867877,97200,93894,0.034012345679012346,124400,119950,0.03577170418006426,129400,125322,0.03151468315301387,127000,122441,0.03589763779527555,114200,110564,0.03183887915936956,116200,113480,0.023407917383820975,117600,113630,0.03375850340136055,112200,108967,0.02881461675579322,113400,109591,0.03358906525573191,95400,96902,0,,1330800,1292156,0.02903817252780283,540
BT-HQ,320,64586,62390,0.03400117672560621,81999,84207,0,103373,105853,0,108680,111302,0,116945,119660,0,130092,132993,0,113985,116576,0,90862,93171,0,68394,69461,0,88097,92996,0,97447,97686,0,96702,97686,0,,1161162,1183981,0,1
BT-HQ,321,6249,5972,0.04432709233477361,5451,5347,0.0190790680609062,6467,6586,0,8352,8119,0.02789750957854409,9286,9060,0.02433771268576357,8990,8885,0.011679644048943283,9067,8829,0.02624903496194997,8748,8762,0,9205,9187,0.001955458989679526,8712,8202,0.058539944903581276,8159,8163,0,7437,7218,0.029447357805566732,,96123,94330,0.018653183941408358,38
BT-HQ,322,4967,4966,0.00020132876988121495,6935,6933,0.0002883922134102601,8064,8062,0.00024801587301592765,7470,7466,0.0005354752342704439,5564,5563,0.00017972681524081047,7590,7587,0.00039525691699604515,9327,9325,0.00021443122118580682,10646,10642,0.00037572797294760374,8884,8882,0.00022512381809991489,7092,7091,0.00014100394811056294,4784,4785,0,6015,6014,0.00016625103906897643,,87338,87316,0.00025189493691180065,1
BT-HQ,323,65100,62412,0.041290322580645133,57840,55970,0.03233056708160442,64200,63771,0.00668224299065423,81120,78528,0.031952662721893454,82080,79643,0.029690545808966906,81720,78778,0.03600097895252086,91140,74544,0.18209348255431201,64569,76651,0,77922,75785,0.02742486075819406,73312,70889,0.03305052378873852,74783,72456,0.031116697645186764,60745,59291,0.023936126430158855,,874531,848718,0.029516392214798515,237
BT-HQ,323A,2860,2866,0,5840,5845,0,13105,13111,0,18362,18363,0,15044,15052,0,15641,15649,0,15744,15750,0,16060,16066,0,15996,16033,0,15680,15671,0.000573979591836693,14357,14534,0,13789,13464,0.02356951192979917,,162478,162404,0.00045544627580351715,1
BT-HQ,324,83774,59472,0.29009000405853846,54586,52008,0.047228227017916735,61441,58660,0.045262935173581154,79195,75609,0.04528063640381341,80855,76529,0.053503184713375784,76314,73045,0.04283617684828467,71163,68193,0.041735171367143,71540,67338,0.05873637126083309,75826,72839,0.03939282040461056,72205,69137,0.04249013226230869,73473,69589,0.05286295646019623,62031,58833,0.05155486772742657,,862403,801252,0.07090768469033615,393
BT-HQ,325,18551,18066,0.026144143172874723,15770,15313,0.028979074191502807,16464,15912,0.03352769679300294,19033,18593,0.023117742867650892,17101,16791,0.018127594877492492,17782,17439,0.019289168822404723,16551,16252,0.01806537369343242,18877,18454,0.022408221645388582,17557,17416,0.008030984792390505,18582,17767,0.04385964912280704,16880,16944,0,18424,18136,0.01563178462874515,,211572,207083,0.021217363356209717,165
BT-HQ,325A,15818,15311,0.03205209255278796,17474,16953,0.029815726221815275,19719,19459,0.01318525280186622,25498,24842,0.025727508039846247,22261,21610,0.0292439692736175,23408,22646,0.032552973342447,21829,21165,0.03041825095057038,23716,23055,0.027871479170180513,20466,19862,0.029512361966187783,22780,22103,0.02971905179982437,20185,19478,0.03502600941293044,17046,16640,0.023817904493722897,,250200,243124,0.02828137490007998,164
BT-HQ,325I,0,0,,0,0,,0,0,,0,0,,0,0,,0,0,,0,0,,0,0,,0,0,,0,0,,0,0,,0,0,,,0,0,,0
BT-HQ,326,0,0,,0,0,,0,0,,0,0,,0,0,,0,0,,0,0,,0,0,,0,0,,0,0,,0,0,,0,0,,,0,0,,0
BT-HQ,327,0,0,,0,0,,0,0,,0,0,,0,0,,0,0,,0,0,,0,0,,0,0,,0,0,,0,0,,0,0,,,0,0,,0
BT-HQ,328,37560,36722,0.022310969116080992,45180,44294,0.019610447100486983,49260,48408,0.01729598051157122,62820,61612,0.019229544730977377,55860,54794,0.019083422842821385,57840,56781,0.01830912863070544,51000,50211,0.015470588235294125,60180,59084,0.018212030574941807,55200,54201,0.018097826086956537,51811,50506,0.025187701453359357,51130,49129,0.03913553686681004,44363,42734,0.03671978901336703,,622204,608476,0.022063503288310637,360
BT-HQ,329,21000,20850,0.0071428571428571175,23640,23427,0.00901015228426394,24400,24258,0.005819672131147535,30840,30591,0.008073929961089465,27600,27332,0.00971014492753619,28720,28605,0.0040041782729804964,24840,24708,0.005314009661835706,29240,29109,0.004480164158686684,27280,27140,0.00513196480938416,19920,24974,0,31854,25564,0.1974634268851636,23328,22479,0.03639403292181065,,312662,309037,0.011593989675752092,242
BT-HQ,330,0,0,,0,0,,0,0,,0,0,,0,0,,0,0,,0,0,,0,0,,0,0,,0,0,,0,0,,0,0,,,0,0,,0
BT-HQ,331,18478,17761,0.038802900746834124,21034,20142,0.042407530664638204,22210,21193,0.04579018460153084,26162,24786,0.05259536732665704,23703,22623,0.04556385267687635,26363,25102,0.04783218905283926,22995,21995,0.04348771472059143,27449,26043,0.051222266749244016,26321,25112,0.04593290528475358,24308,23316,0.04080961000493666,24622,23622,0.040614084964665786,20629,19840,0.03824712782975426,,284274,271535,0.044812399304896,212
BT-HQ,332,10587,10268,0.0301312930953056,12034,11701,0.027671597141432636,13355,13025,0.024709846499438415,16059,15689,0.023040039853041927,14068,13724,0.02445265851578049,15076,14695,0.025271955425842374,13046,12704,0.0262149317798559,15458,15055,0.026070643032733876,14182,13989,0.013608799887180889,13275,13087,0.014161958568738253,13579,13278,0.022166580749687026,11508,11250,0.022419186652763323,,162227,158465,0.023189727973765173,201
BT-HQ,333,30086,28845,0.04124842119258132,36586,35017,0.04288525665555132,39247,37709,0.039187708614671135,48029,45983,0.04259926294530392,40882,39378,0.03678880680984298,42630,40879,0.04107436077879423,39570,38002,0.03962597927723022,43770,42079,0.038633767420607756,41697,40123,0.037748519078111165,37677,36195,0.039334341906202774,37208,35771,0.03862072672543537,34559,33330,0.03556237159640041,,471941,453311,0.0394752733922249,244
BT-HQ,334,18180,18063,0.006435643564356441,20250,20128,0.006024691358024636,22440,21941,0.022237076648841336,27060,26748,0.011529933481152943,23730,23361,0.01554993678887484,24120,23850,0.011194029850746245,21510,21236,0.012738261273826157,22380,23605,0,25137,22468,0.10617814377212875,21332,20311,0.04786236639789987,20842,19926,0.04394971691776217,18150,17618,0.029311294765840268,,265131,259255,0.022162629039984005,192
BT-HQ,334A,0,0,,0,0,,0,0,,0,0,,0,0,,0,0,,0,0,,210,416,0,636,580,0.08805031446540879,601,635,0,471,462,0.019108280254777066,535,522,0.024299065420560706,,2453,2615,0,2
BT-HQ,335,0,0,,0,0,,0,0,,0,0,,0,0,,0,0,,0,0,,0,0,,0,0,,0,0,,0,0,,0,0,,,0,0,,0
BT-HQ,336,9696,9450,0.02537128712871284,11628,11329,0.02571379428964571,12676,12436,0.018933417481855508,15052,14723,0.021857560457082092,13849,13543,0.022095458155823477,13605,13294,0.022859242925395096,13382,13025,0.026677626662681253,15668,15278,0.024891498595864148,13870,13504,0.026387887527036802,13347,13055,0.021877575485127698,12896,12624,0.021091811414392092,11707,11399,0.026309045869992276,,157376,153660,0.023612240748271618,134
BT-HQ,336A,117,112,0.042735042735042694,151,148,0.019867549668874163,143,137,0.04195804195804198,103,93,0.09708737864077666,69,71,0,109,106,0.02752293577981646,83,81,0.02409638554216864,79,75,0.05063291139240511,119,113,0.050420168067226934,112,105,0.0625,84,79,0.059523809523809534,130,127,0.023076923076923106,,1299,1247,0.0400307929176289,3
BT-HQ,337,30734,29420,0.042753953276501555,35233,33607,0.04614991627167708,38456,36664,0.046598710214270866,46939,44551,0.05087453929568164,42609,40671,0.04548334858832637,41798,39949,0.044236566342887196,37758,36124,0.04327559722442931,43914,41849,0.04702372819601952,39578,37882,0.04285208954469655,38118,36404,0.04496563303426204,39159,37384,0.0453280216553027,34049,32527,0.044700284883550157,,468345,447032,0.045507051425765166,363
BT-HQ,337A,11703,11185,0.04426215500299069,13232,12771,0.034839782345828296,14087,13632,0.03229928302690421,17145,16609,0.03126275882181395,15581,15146,0.027918618830627073,15574,15006,0.03647104147938873,13967,13427,0.03866256175270277,16212,15754,0.02825067850974583,14987,14346,0.04277040101421237,13627,13331,0.0217215821530784,14205,13708,0.034987680394227394,12462,12060,0.032258064516129004,,172782,166975,0.033608824993344166,168
BT-HQ,337B,905,896,0.009944751381215422,960,949,0.011458333333333348,1133,1127,0.005295675198587868,1294,1284,0.007727975270479082,1122,954,0.14973262032085566,1668,1652,0.00959232613908878,1595,1576,0.011912225705329127,1973,1949,0.012164216928535199,1696,1676,0.011792452830188704,1625,1610,0.009230769230769265,1547,1525,0.014221073044602406,1559,1527,0.02052597819114821,,17077,16725,0.020612519763424486,12
BT-HQ,337C,445,436,0.020224719101123556,586,575,0.018771331058020424,677,668,0.013293943870014813,907,899,0.008820286659316445,716,706,0.013966480446927387,680,671,0.013235294117647012,603,591,0.01990049751243783,718,713,0.0069637883008356605,772,760,0.015544041450777257,707,698,0.012729844413012725,660,649,0.01666666666666672,615,605,0.016260162601625994,,8086,7971,0.014222112292851863,12
BT-HQ,338,7103,6970,0.01872448261298043,7886,7556,0.041846309916307334,8616,8717,0,10832,10697,0.012463072378138818,10171,10050,0.01189656867564648,10389,10251,0.013283280392723085,10488,10347,0.01344393592677351,10513,10378,0.012841244173879995,10330,10185,0.014036786060019346,9195,9078,0.01272430668841762,9056,8780,0.030477031802120136,8412,8475,0,,112991,111484,0.013337345452292704,84
BT-HQ,338A,11316,10905,0.03632025450689291,13320,12888,0.032432432432432434,14804,14265,0.03640907862739795,17778,17137,0.036055799302508684,16191,15600,0.03650176023716878,16439,15856,0.03546444430926454,15223,14681,0.03560402023254283,16378,15802,0.0351691293198193,16127,15579,0.033980281515470945,14075,13590,0.03445825932504443,13952,13521,0.03089162844036697,12591,12148,0.03518386148836472,,178194,171972,0.03491700057240987,133
BT-HQ,339,4812,4694,0.024522028262676687,5794,5517,0.04780807732136694,5849,5675,0.02974867498717726,7194,7016,0.024742841256602754,6119,5988,0.0214087269161628,5812,5695,0.020130763936682672,5427,5312,0.021190344573429165,6031,5902,0.021389487647156313,5786,5668,0.020394054614586987,5276,5153,0.023313115996967393,5429,5303,0.023208694050469658,5462,5331,0.023983888685463195,,68991,67254,0.025177197025698983,106
BT-HQ,340,10114,9874,0.023729483883725533,11811,11531,0.023706714080094837,12112,11850,0.021631439894319704,14804,14478,0.022021075385031064,13645,13334,0.02279223158666177,13628,13320,0.022600528324038693,13028,12720,0.02364138778016578,14045,13746,0.02128871484514061,13808,13503,0.022088644264194657,12947,12675,0.021008727890631018,13302,12996,0.023004059539918797,12765,12490,0.021543282412847642,,156009,152517,0.022383324038997787,163
BT-HQ,341,33270,33132,0.004147880973850326,23490,23451,0.0016602809706257604,23040,22918,0.005295138888888884,24180,24070,0.004549214226633569,20940,20815,0.005969436485195767,20100,20014,0.004278606965174125,19290,19226,0.003317781233799888,22320,22223,0.004345878136200687,23400,23221,0.007649572649572667,21570,21235,0.015530829856281847,20790,21024,0,20700,20307,0.01898550724637682,,273090,271636,0.005324252078069525,1
BT-HQ,341A,2947,2978,0,2785,2814,0,2114,2135,0,2699,2727,0,1740,1758,0,890,898,0,801,808,0,1798,1816,0,744,752,0,1068,1078,0,1178,1190,0,2170,2193,0,,20934,21147,0,1
BT-HQ,342,7547,7345,0.026765602226050067,8955,8721,0.026130653266331683,8928,8724,0.022849462365591378,11099,10823,0.02486710514460766,9977,9736,0.024155557782900683,9655,9413,0.025064733298808872,9200,8976,0.024347826086956514,9963,9718,0.024590986650607216,9837,9593,0.024804310257192208,9256,9017,0.02582108902333624,9158,8922,0.025769818737715666,8342,8129,0.025533445216974315,,111917,109117,0.025018540525568067,129
BT-HQ,343,13170,12582,0.04464692482915722,15480,14792,0.0444444444444444,16590,15865,0.04370102471368298,18540,17729,0.043743257820927695,15780,15076,0.04461343472750312,16020,15335,0.04275905118601753,15270,14604,0.04361493123772098,16230,15610,0.03820086260012323,16140,15381,0.04702602230483266,14697,14174,0.03558549363815744,16322,15692,0.03859821100355354,14991,14386,0.04035754786205059,,189230,181226,0.04229773291761352,188
BT-HQ,344,9360,9102,0.027564102564102577,10785,10494,0.026981919332406124,11183,10889,0.026289904319055757,14072,13720,0.025014212620807275,11996,11703,0.02442480826942317,12331,12027,0.024653312788906034,11987,11682,0.02544423125052142,12982,12467,0.03967031274071797,11867,11589,0.023426308249768213,11027,10720,0.027840754511653243,11300,11011,0.025575221238938073,11058,10714,0.031108699584011523,,139948,136118,0.027367307857204093,156
BT-HQ,345,7470,7226,0.0326639892904953,8633,8366,0.030927835051546393,7862,7639,0.028364283897227116,8695,8469,0.02599194939620475,7451,6296,0.15501274996644743,7892,8583,0,6986,6767,0.031348411107930185,8668,8431,0.027341947392708787,7928,7684,0.030776992936427883,7390,7187,0.027469553450608974,7625,7368,0.03370491803278686,7426,7202,0.030164287638028586,,94026,91218,0.029864080148044203,145
BT-HQ,346,85985,85995,0,102278,102294,0,118010,118028,0,152681,152715,0,128373,128396,0,120828,120850,0,109563,109582,0,129489,129517,0,131482,131502,0,120284,120298,0,109437,109454,0,101382,101399,0,,1409792,1410030,0,1
BT-HQ,347,8098,8007,0.011237342553717,9649,9555,0.009741942170173101,9500,9369,0.013789473684210574,10449,10331,0.01129294669346348,8405,8320,0.010113027959547938,8099,8031,0.008396098283738773,7729,7477,0.03260447664639665,8076,8692,0,9090,8231,0.09449944994499448,8104,7904,0.024679170779861814,8468,8207,0.03082191780821919,8435,8178,0.030468286899822172,,104102,102302,0.017290734087721638,143
BT-HQ,347A,8200,8103,0.011829268292682937,9161,9054,0.011679947603973395,9181,9084,0.010565297897832449,10600,10489,0.010471698113207584,9698,9606,0.009486492060218565,9087,8970,0.012875536480686733,8806,8689,0.013286395639336868,9540,9445,0.009958071278825975,9087,8977,0.012105205238252426,8484,8392,0.010843941537010848,8612,8503,0.012656758012076219,8498,8394,0.012238173687926568,,108954,107706,0.011454375240927406,92
BT-HQ,348,7725,7463,0.03391585760517801,8971,8662,0.03444432058856317,9583,9123,0.04800166962329122,10250,9989,0.025463414634146364,9230,8896,0.03618634886240524,9019,8762,0.028495398602949362,8361,8024,0.040306183470876666,9240,8927,0.033874458874458835,9406,9093,0.03327663193706143,8741,8456,0.0326049651069672,9153,8855,0.03255763137769041,8724,8407,0.036336542870243016,,108403,104657,0.03455623921847184,123
BT-HQ,348A,3298,3236,0.018799272286234125,3478,3429,0.014088556641748129,3149,3098,0.016195617656398875,3807,3749,0.015235093249277631,2975,2933,0.014117647058823568,2901,2851,0.017235436056532216,2644,2579,0.02458396369137672,3360,3317,0.012797619047619002,3402,3354,0.014109347442680775,3086,3033,0.01717433570965654,3097,3043,0.017436228608330606,3454,3392,0.017950202663578496,,38651,38014,0.01648081550283309,65
BT-HQ,349,14695,14109,0.039877509356924135,16931,16255,0.03992676156163255,17106,16556,0.032152461124751563,19873,19205,0.03361344537815125,17345,16735,0.03516863649466706,17324,16675,0.03746247979681372,16081,15402,0.042223742304583034,17651,16935,0.04056427397881135,17215,16493,0.04194016845774029,15974,15282,0.043320395642919785,16782,15976,0.048027648671195355,15402,14779,0.04044929229970129,,202379,194402,0.0394161449557513,289
BT-HQ,350,11364,11060,0.026751143963393176,13546,13197,0.02576406319208624,12655,12314,0.026945871197155302,15109,14722,0.025613872526308867,12854,12484,0.02878481406566047,13072,12653,0.03205324357405137,12254,11914,0.027746042108699243,14036,13857,0.01275292106013104,13800,13428,0.026956521739130435,12393,12112,0.022674090212216558,12646,12339,0.02427645105171594,11806,11504,0.02558021345078776,,155535,151584,0.025402642492043603,166
BT-HQ,350A,5197,5009,0.03617471618241297,6786,6558,0.03359858532272331,6180,5974,0.033333333333333326,7214,6997,0.030080399223731624,5843,5636,0.03542700667465348,5525,5322,0.03674208144796376,5555,5363,0.03456345634563451,6237,6015,0.03559403559403562,6711,6505,0.030695872448219363,5955,5732,0.03744752308984045,5981,5680,0.050326032436047496,5298,5217,0.01528878822197055,,72482,70008,0.03413261223476172,90
BT-HQ,351,8079,7893,0.023022651318232445,11168,10951,0.019430515759312317,11227,11033,0.01727977197826669,12750,12507,0.019058823529411795,10896,10699,0.018080029368575667,11506,11301,0.017816791239353424,9899,9709,0.019193857965451033,11968,11744,0.018716577540106916,11434,11201,0.020377820535245728,10313,10097,0.020944439057500208,10435,10194,0.023095352180162898,8878,8682,0.022077044379364752,,128553,126011,0.019773945376615143,93
BT-HQ,351A,7644,7299,0.045133437990580894,9431,8840,0.06266567702258508,9230,8945,0.030877573131094294,10967,10476,0.04477067566335369,9458,9041,0.044089659547473015,10428,9965,0.04439969313387038,9478,9054,0.044735176197509996,10516,10087,0.04079497907949792,10478,10038,0.04199274670738695,9672,9224,0.04631927212572373,9381,8908,0.05042106385246781,7962,7547,0.052122582265762385,,114645,109424,0.04554058179597886,124
BT-HQ,352,7526,7368,0.020993887855434545,9222,9029,0.020928215137714146,9222,9043,0.019410106267620852,11815,11595,0.018620397799407495,10060,9869,0.01898608349900599,10720,10520,0.018656716417910446,9484,9289,0.020560944749051013,10944,10733,0.01927997076023391,10699,10482,0.02028226937096922,9766,9590,0.018021707966414113,9852,9634,0.022127486804709662,8552,8373,0.020930776426566933,,117862,115525,0.019828273743869973,123
BT-HQ,353,9819,9384,0.044301863733577806,12481,11982,0.039980770771572804,11133,10752,0.034222581514416595,13926,13457,0.0336780123509981,10786,10506,0.025959577229742292,12077,11760,0.026248240457067196,10479,10204,0.02624296211470556,12520,12194,0.026038338658146976,12371,12092,0.022552744321396867,10832,10609,0.020587149187592302,10902,10654,0.022748119611080586,10214,9982,0.022713922067750136,,137540,133576,0.02882070670350445,187
BT-HQ,354,1860,1785,0.040322580645161255,2280,2203,0.03377192982456145,2360,2251,0.04618644067796607,3080,2967,0.03668831168831166,2620,2529,0.034732824427480935,2780,2676,0.037410071942446055,2400,2303,0.040416666666666656,2640,2559,0.030681818181818143,2764,2684,0.02894356005788712,2353,2293,0.025499362515937096,2269,2205,0.028206258263552275,2143,2093,0.023331777881474558,,29549,28548,0.033875934887813486,24
BT-HQ,354A,10992,10571,0.03830058224163024,12865,12366,0.038787407695297316,12107,11633,0.03915090443545055,14776,14199,0.03904981050351919,12020,11565,0.03785357737104822,12997,12498,0.03839347541740401,11434,10994,0.03848172118243831,11453,11138,0.027503710818126303,11629,11296,0.028635308281021565,10597,10293,0.028687364348400468,10795,10493,0.02797591477535899,9497,9221,0.029061808992313365,,141162,136267,0.03467647100494464,71
BT-HQ,354B,0,0,,0,0,,0,0,,122,101,0.17213114754098358,549,549,0,889,889,0,915,802,0.12349726775956282,2122,2178,0,2209,2179,0.01358080579447718,2086,2062,0.011505273250239645,2089,2059,0.014360938247965582,1815,1785,0.016528925619834656,,12796,12604,0.015004688965301605,40
BT-HQ,355,4185,4061,0.029629629629629672,5143,5007,0.02644370989694733,4851,4737,0.023500309214594894,6496,6326,0.02616995073891626,5647,5517,0.023021073136178516,5939,5793,0.024583263175618764,5195,5065,0.025024061597690106,6059,5914,0.023931341805578432,6150,6008,0.023089430894308927,5365,5229,0.025349487418452887,5376,5242,0.024925595238095233,4799,4567,0.04834340487601585,,65205,63466,0.026669733916110716,74
BT-HQ,355A,8417,8010,0.048354520613045016,9756,9303,0.04643296432964328,9231,8807,0.04593218502870766,11667,11094,0.04911288248907175,9788,9385,0.04117286473232529,10627,10131,0.04667356732850292,9565,9165,0.04181913225300571,10887,10430,0.04197666942224676,11186,10679,0.04532451278383698,10198,9699,0.048931162973131936,10248,9664,0.05698672911787661,9330,8803,0.056484458735262644,,120900,115170,0.047394540942928054,71
BT-HQ,356,10975,10472,0.045831435079726646,14577,13821,0.05186252315291218,13746,13031,0.05201513167466898,15644,14939,0.045065200715929454,13451,12786,0.04943870344212331,13169,12705,0.03523426228263349,11648,11161,0.04180975274725274,14249,13657,0.04154677521229555,14975,14290,0.04574290484140231,13339,12687,0.048879226328810255,13229,12630,0.045279310605487955,12575,11990,0.046520874751491026,,161577,154169,0.045848109570050144,238
BT-HQ,357,79335,79093,0.003050356084956185,87566,87293,0.003117648402347961,90502,90226,0.003049656361185371,109065,108737,0.0030073809196350387,98823,98518,0.003086326057699096,99680,99374,0.0030698234349919584,93978,93692,0.0030432654451041374,110787,110424,0.0032765577188659245,111863,111555,0.002753367959021258,97139,96840,0.003078063393693542,91669,91391,0.0030326500779980226,90515,90232,0.0031265536098988855,,1160922,1157375,0.0030553301599934857,1
BT-HQ,357A,926,888,0.04103671706263501,1106,1068,0.03435804701627487,983,950,0.033570701932858604,1303,1260,0.03300076745970837,1176,1142,0.028911564625850317,1435,1396,0.027177700348432032,1229,1191,0.030919446704637865,1445,1407,0.02629757785467124,1002,1535,0,1954,1347,0.3106448311156602,1347,1309,0.02821083890126208,1081,1048,0.03052728954671602,,14987,14541,0.029759124574631368,38
BT-HQ,358,6548,6407,0.021533292608430066,7532,7392,0.018587360594795488,7292,7148,0.01974766867800326,8901,8774,0.014268059768565378,7419,7284,0.018196522442377683,8421,8258,0.01935637097731857,7395,7267,0.017308992562542258,8484,8359,0.014733616218764789,8650,8607,0.0049710982658959235,7541,7402,0.018432568624850765,7762,7579,0.023576397835609386,7104,6948,0.02195945945945943,,93049,91425,0.01745316983524814,118
BT-HQ,359,15358,14550,0.05261101705951299,18737,17730,0.05374392912419279,16894,16031,0.051083224813543215,21673,20496,0.05430720251003551,16827,15953,0.05194033398704467,18819,17834,0.05234071948562624,16950,16028,0.054395280235988164,20336,19201,0.05581235247836347,19527,18619,0.04649971833871047,17689,16871,0.04624342811917015,18489,17710,0.0421331602574504,16535,15673,0.05213184154823103,,217834,206696,0.05113067748836275,297
BT-HQ,360,2494,2429,0.026062550120288686,2761,2686,0.02716407098877216,2718,2651,0.024650478292862377,3558,3482,0.021360314783586243,3056,2990,0.0215968586387435,3300,3216,0.025454545454545507,2817,2752,0.023074192403265914,3292,3219,0.02217496962332932,3441,3362,0.022958442313281036,3173,3095,0.024582414119130203,3292,3214,0.0236938031591738,2990,2926,0.021404682274247522,,36892,36022,0.02358234847663454,56
BT-HQ,361,2808,2680,0.04558404558404561,3281,3140,0.042974702834501666,3221,3097,0.03849736106799129,4115,3970,0.03523693803159178,3526,3391,0.03828701077708452,3899,3761,0.03539369068992049,3300,3173,0.038484848484848455,4046,3905,0.034849233811171554,4034,3895,0.03445711452652456,3558,3425,0.03738055087127601,3514,3367,0.041832669322709126,2991,2872,0.039786024740889325,,42293,40676,0.038233277374506436,80
BT-HQ,362,20459,19714,0.03641429199863144,23870,23132,0.03091746962714703,22613,21915,0.030867200283023033,28833,28029,0.027884715430236184,23974,23269,0.029406857428881272,26217,25391,0.03150627455467825,23069,22440,0.02726602800294764,26710,25854,0.03204792212654439,27370,26403,0.035330654000730766,24090,23417,0.02793690327936904,24636,23756,0.03572008442929042,20999,20304,0.033096814134006336,,292840,283624,0.03147111050402951,279
BT-HQ,363,4596,4457,0.030243690165361214,5297,5149,0.027940343590711736,5151,5022,0.025043680838672144,6544,6368,0.02689486552567233,5481,5345,0.024812990330231655,6165,6003,0.026277372262773713,5553,5416,0.024671348820457406,6799,6636,0.023974113840270594,6601,6445,0.023632782911680028,6008,5873,0.022470039946737685,5714,5571,0.02502625131256564,4842,4707,0.027881040892193343,,68751,66992,0.025585082398801418,113
BT-HQ,364,13079,12443,0.04862757091520753,12408,11879,0.04263378465506129,8876,8609,0.03008111762054977,10865,10554,0.0286240220892775,11411,11040,0.032512487950223434,7787,7536,0.032233209194811874,8499,8185,0.03694552300270615,16038,15203,0.05206384836014466,15637,14805,0.053207136918846376,7228,7004,0.030990592141671325,8171,7862,0.03781666870640066,9885,9414,0.047647951441578185,,129884,124534,0.04119060084382986,78
BT-HQ,365,7658,7453,0.02676939148602764,9127,8819,0.03374602826777695,8510,8244,0.03125734430082261,10891,10629,0.024056560462767385,8843,8655,0.02125975347732667,9449,9327,0.012911419197798701,8623,8482,0.016351617766438564,9867,9682,0.018749366575453563,6730,9849,0,12308,8573,0.30346116347091323,9406,9071,0.035615564533276634,7979,7664,0.039478631407444564,,109391,106448,0.026903492974741927,141
BT-HQ,3653,0,0,,0,0,,0,0,,0,0,,0,0,,0,0,,0,0,,0,0,,0,0,,0,0,,0,0,,0,0,,,0,0,,0
BT-HQ,367,11880,11822,0.004882154882154932,12780,12725,0.004303599374021916,13680,13620,0.004385964912280715,16200,16121,0.004876543209876516,14370,14283,0.006054279749478031,13650,13604,0.0033699633699634246,12780,12725,0.004303599374021916,15000,14921,0.005266666666666642,15480,15412,0.004392764857881093,15030,14955,0.004990019960079861,15660,15596,0.004086845466155786,15030,14944,0.005721889554224924,,171540,170728,0.004733589833274987,1
BT-HQ,367A,0,2455,0,0,2423,0,0,2461,0,0,2747,0,0,2576,0,0,2473,0,0,2513,0,0,2937,0,0,2745,0,0,2629,0,0,2604,0,0,2318,0,,0,30881,0,1
BT-HQ,368,2375,2331,0.018526315789473724,2762,2706,0.020275162925416312,2579,2536,0.01667312911981389,3002,2953,0.01632245169886737,2315,2266,0.021166306695464376,2208,2172,0.016304347826086918,1965,1924,0.020865139949109435,2373,2327,0.019384745048461882,2173,2128,0.020708697653014307,1992,1957,0.01757028112449799,2163,2116,0.021729079981507193,2309,2263,0.019922044174967568,,28216,27679,0.01903175503260557,47
BT-HQ,369,6540,6525,0.002293577981651418,6409,6394,0.0023404587299110657,6458,6442,0.0024775472282440036,8477,8457,0.0023593252329833225,7068,7052,0.002263723825693287,6793,6778,0.0022081554541439896,6421,6405,0.002491823703473006,7560,7542,0.0023809523809523725,7240,7223,0.0023480662983424994,6653,6637,0.002404930106718828,6436,6421,0.0023306401491609563,6433,6418,0.0023317270324887396,,82488,82294,0.002351857239840993,1
BT-HQ,369A,0,4908,0,0,5898,0,0,6411,0,0,8953,0,0,7146,0,0,6590,0,0,6142,0,0,7543,0,0,7116,0,0,6887,0,0,7172,0,0,7941,0,,0,82707,0,1
BT-HQ,370,6201,6188,0.002096436058700246,6546,6532,0.0021387106630003094,6999,6985,0.002000285755107911,9338,9320,0.0019276076247590757,8332,8315,0.0020403264522323994,8066,8051,0.0018596578229606031,7620,7605,0.0019685039370078705,8332,8315,0.0020403264522323994,8527,8511,0.00187639263515893,8074,8058,0.0019816695566013953,7333,7320,0.001772807854902525,6664,6650,0.0021008403361344463,,92032,91850,0.0019775730180806583,1
BT-HQ,370A,0,3443,0,0,3733,0,0,4214,0,0,5531,0,0,4694,0,0,4702,0,0,4276,0,0,5076,0,0,5058,0,0,4701,0,0,4282,0,0,3869,0,,0,53579,0,1
BT-HQ,371,1474,1479,0,1526,1532,0,1478,1482,0,1766,1769,0,1267,1271,0,1135,1135,0,945,947,0,1223,1128,0.07767784137367129,1123,1226,0,1030,1035,0,1045,1047,0,1241,1242,0,,15253,15293,0,1
BT-HQ,371A,0,3248,0,0,3078,0,0,3872,0,0,4776,0,0,4000,0,0,3707,0,0,3567,0,0,4132,0,0,4004,0,0,3747,0,0,3345,0,0,3022,0,,0,44498,0,1
BT-HQ,372,62762,60854,0.030400560848921288,57372,55495,0.03271630760649791,66724,64693,0.03043882261255315,77883,75566,0.02974975283437975,82462,79944,0.030535276854793736,78153,75784,0.030312336058756495,74305,72349,0.026323935132225307,72737,70462,0.03127706669232988,76220,73900,0.03043820519548679,71840,69655,0.030414810690423177,71843,69891,0.027170357585290184,61003,57504,0.05735783486058066,,853304,826097,0.031884299147783235,232
BT-HQ,372A,55806,53943,0.03338350714976879,45830,44359,0.032096879773074405,58583,56553,0.03465169076353203,75951,72863,0.04065779252412738,86458,82848,0.041754377848203794,74954,71900,0.040744990260693226,71888,69143,0.038184397952370386,72308,69453,0.0394838745367041,76082,73165,0.03834021187665937,64960,62622,0.035991379310344795,69854,67260,0.03713459501245453,55209,53379,0.0331467695484432,,807883,777488,0.03762302214553348,271
BT-HQ,372B,42631,41972,0.015458234618000999,34552,34053,0.014442000463070204,44034,43383,0.014784030521869496,57112,56012,0.01926040061633283,64710,63368,0.02073868026580128,59928,58875,0.017571085302362843,58913,57928,0.016719569534737633,61147,60362,0.012837915187989601,64239,62867,0.02135774218154085,54249,53325,0.017032572028977455,53473,52665,0.015110429562583017,42884,42278,0.014131144482790736,,637872,627088,0.016906213158752847,192
BT-HQ,373,118905,115860,0.02560867919767884,99626,97310,0.023246943568947853,129440,125908,0.027286773794808372,172164,166699,0.031742989242815045,200615,194101,0.032470154275602514,185642,179675,0.032142510854224815,171225,166205,0.02931814863483717,181094,175150,0.03282273294532123,192067,186367,0.02967714391332188,155253,150565,0.0301958738317456,163889,158383,0.033595909426502035,129549,126004,0.027364163366756955,,1899469,1842227,0.030135790581473088,683
BT-HQ,373A,0,0,,0,0,,0,0,,0,0,,0,0,,0,0,,0,0,,0,0,,145,226,0,2956,2985,0,4246,4283,0,8231,8208,0.00279431417810716,,15578,15702,0,7
BT-HQ,373B,0,0,,0,0,,0,0,,0,0,,0,0,,0,0,,0,0,,0,0,,0,0,,33,71,0,22,74,0,14,58,0,,69,203,0,3
BT-HQ,373C,0,0,,0,0,,0,0,,0,0,,0,0,,0,0,,0,0,,0,0,,0,0,,395,425,0,636,691,0,504,522,0,,1535,1638,0,6
BT-HQ,374,38520,37995,0.013629283489096533,31200,30523,0.021698717948717916,38680,37898,0.020217166494312266,45280,44601,0.014995583038869276,32600,48717,0,62000,44310,0.28532258064516125,45320,44541,0.017188879082082997,53720,45144,0.15964259121370072,39779,46656,0,35506,38782,0,37614,33164,0.1183070133460945,30930,30110,0.026511477529906236,,491149,482441,0.017729853873264534,137
BT-HQ,375,81899,79046,0.0348355901781463,75341,73058,0.030302225879667133,82032,78892,0.0382777452701385,102591,98970,0.03529549375676233,110705,106307,0.03972720292669707,105831,101739,0.038665419395073286,100837,97634,0.03176413419677304,98122,94916,0.03267361040337535,97182,94177,0.030921364038608012,97864,94269,0.03673465217035887,93336,90299,0.032538356046970085,82154,79578,0.031355746524819206,,1127894,1088885,0.03458569688286306,441
BT-HQ,375A,0,0,,0,0,,0,0,,0,0,,0,0,,0,0,,0,0,,0,0,,0,0,,0,0,,0,0,,0,0,,,0,0,,0
BT-HQ,375B,8534,8324,0.02460745254277008,7832,7662,0.021705822267619967,8449,8257,0.02272458279086287,10530,10270,0.024691358024691357,10888,10603,0.026175606171932375,12204,11957,0.020239265814487095,11501,11238,0.022867576732458095,11138,10863,0.024690249595977765,10760,10526,0.02174721189591078,9812,9591,0.022523440684875662,9854,9651,0.02060077126040183,9560,9328,0.024267782426778295,,121062,118270,0.02306256298425602,33
BT-HQ,376,38135,36966,0.03065425462173854,46967,45529,0.030617241893244218,48454,47032,0.0293474222974367,62292,60358,0.03104732549926159,54789,52967,0.03325485042618048,57952,56193,0.03035270568746551,52538,50951,0.030206707525981202,58516,56597,0.032794449381365776,54597,52971,0.029781856145942087,51553,49973,0.030648070917308368,51895,50281,0.03110126216398501,47470,45934,0.03235727828101964,,625158,605752,0.031041752644931364,415
BT-HQ,376A,0,0,,0,0,,0,0,,0,0,,0,0,,0,0,,0,0,,0,0,,0,0,,0,0,,0,0,,0,0,,,0,0,,0
BT-HQ,377,10531,10174,0.03389991453803054,13416,12968,0.0333929636255218,11552,11208,0.029778393351800547,15484,14947,0.034680960991991694,13209,12783,0.032250738133091095,14712,14247,0.03160685154975529,12690,12302,0.030575256107171045,14608,14144,0.03176341730558596,11298,14013,0,9892,12231,0,11889,12036,0,11471,11058,0.036003835759741976,,150752,152111,0,170
BT-HQ,378,34294,33190,0.032192220213448364,41171,39877,0.03142988997109619,44839,43474,0.030442248935078853,58140,56334,0.031062951496388047,53663,51664,0.037250992303822006,55251,53929,0.023927168739027338,48258,46831,0.029570226698164004,57685,55977,0.029609083817283555,51394,50146,0.024282990232322832,47941,46526,0.029515446069126594,48399,46717,0.03475278414843286,39224,41256,0,,580259,565921,0.024709655515898987,266
BT-HQ,379,21511,20750,0.035377248849425835,25062,24212,0.03391588859628125,28503,27507,0.034943690137880234,34682,33446,0.03563808315552741,32092,30943,0.035803315468029395,33500,32340,0.03462686567164175,28447,26574,0.06584174078110172,32774,32755,0.0005797278330383904,30268,29506,0.02517510241839571,28727,27678,0.03651616945730496,28264,27146,0.03955561845457123,24189,23452,0.030468394724874948,,348019,336309,0.03364758820639102,206
BT-HQ,379A,0,0,,0,0,,0,0,,0,0,,0,0,,0,0,,0,0,,0,0,,0,0,,0,0,,0,0,,49,59,0,,49,59,0,1
BT-HQ,400,43741,42115,0.03717336137719762,51875,50330,0.029783132530120437,60899,58811,0.03428627727877309,69934,66989,0.0421111333543055,65792,64505,0.019561648832684853,71674,70462,0.016909897591874334,62618,59462,0.050400843208023294,71449,68860,0.036235636607930166,60941,58998,0.0318832969593541,56862,55048,0.03190179733389609,57626,55613,0.03493214868288619,44959,45400,0,,718370,696593,0.03031446190681686,49
BT-HQ,4000,0,3273,0,0,3239,0,0,3549,0,0,4257,0,0,4104,0,0,5120,0,0,3642,0,0,3676,0,0,3697,0,0,4031,0,0,3862,0,0,3310,0,,0,45760,0,1
BT-HQ,4001,0,735,0,0,740,0,0,745,0,0,778,0,0,731,0,0,682,0,0,682,0,0,734,0,0,636,0,0,722,0,0,735,0,0,700,0,,0,8620,0,1
BT-HQ,4002,0,1271,0,0,1313,0,0,1369,0,0,1716,0,0,1820,0,0,1878,0,0,1814,0,0,1846,0,0,1571,0,0,1913,0,0,2025,0,0,1779,0,,0,20315,0,1
BT-HQ,4003,0,7442,0,0,7658,0,0,8000,0,0,9250,0,0,8529,0,0,8529,0,0,8118,0,0,8851,0,0,9482,0,0,10808,0,0,10314,0,0,9359,0,,0,106340,0,1
BT-HQ,4004,0,1343,0,0,1347,0,0,1441,0,0,1777,0,0,1556,0,0,1418,0,0,1395,0,0,1460,0,0,1256,0,0,1543,0,0,1318,0,0,1265,0,,0,17119,0,1
BT-HQ,4005,0,985,0,0,1034,0,0,1252,0,0,1547,0,0,1401,0,0,1335,0,0,1197,0,0,1288,0,0,1215,0,0,1316,0,0,1362,0,0,1701,0,,0,15633,0,1
BT-HQ,4006,0,2568,0,0,2193,0,0,2451,0,0,2893,0,0,2487,0,0,2138,0,0,2019,0,0,2340,0,0,2107,0,0,2552,0,0,2212,0,0,2205,0,,0,28165,0,1
BT-HQ,4007,0,4361,0,0,4593,0,0,4621,0,0,5239,0,0,4680,0,0,5322,0,0,4990,0,0,5407,0,0,5119,0,0,5721,0,0,5617,0,0,5253,0,,0,60923,0,1
BT-HQ,4008,0,1113,0,0,1197,0,0,1317,0,0,1647,0,0,1360,0,0,1400,0,0,1344,0,0,1511,0,0,1312,0,0,1002,0,0,2039,0,0,1353,0,,0,16595,0,1
BT-HQ,4009,0,2480,0,0,2770,0,0,3234,0,0,3830,0,0,3756,0,0,3128,0,0,4053,0,0,3495,0,0,3001,0,0,3308,0,0,3084,0,0,2815,0,,0,38954,0,1
BT-HQ,400A,10865,9851,0.09332719742291762,13858,13719,0.010030307403665728,20959,20593,0.01746266520349249,25936,25500,0.016810610734114717,20520,20121,0.019444444444444486,24966,24483,0.01934631098293682,21472,21069,0.01876862891207154,24393,23963,0.017628008035092013,22931,22603,0.014303780907941266,18251,17962,0.015834748780888752,18346,17952,0.021476071078164183,14751,17952,0,,237248,235768,0.006238198003776674,6
BT-HQ,400B,803,742,0.07596513075965128,1045,1034,0.010526315789473717,1193,1180,0.010896898575020963,1360,1344,0.0117647058823529,1261,1249,0.009516256938937317,1425,1410,0.010526315789473717,1325,1313,0.00905660377358486,2291,2268,0.010039284155390682,1143,1145,0,991,983,0.008072653884964698,988,968,0.020242914979757054,730,968,0,,14555,14604,0,3
BT-HQ,400C,0,0,,0,0,,0,0,,0,0,,0,0,,0,0,,0,0,,0,0,,0,0,,0,0,,0,0,,0,0,,,0,0,,1
BT-HQ,401,61733,59912,0.02949799944924114,56302,54654,0.029270718624560432,59341,57351,0.03353499266948656,73291,71000,0.031258954032555186,81820,78858,0.03620141774627228,76961,74316,0.034368056548121806,76803,79214,0,74094,67413,0.09016924447323671,73252,71380,0.02555561622890845,72313,70635,0.02320467965649331,65781,64683,0.016691749897386754,63520,61815,0.026841939546599525,,835211,811231,0.02871130768153196,264
BT-HQ,4010,0,1573,0,0,1697,0,0,2057,0,0,2417,0,0,2172,0,0,2011,0,0,1811,0,0,1789,0,0,1836,0,0,2313,0,0,1974,0,0,1840,0,,0,23490,0,1
BT-HQ,4011,0,172,0,0,140,0,0,127,0,0,169,0,0,145,0,0,159,0,0,173,0,0,221,0,0,198,0,0,219,0,0,174,0,0,288,0,,0,2185,0,1
BT-HQ,4012,0,318,0,0,591,0,0,506,0,0,648,0,0,921,0,0,921,0,0,869,0,0,881,0,0,872,0,0,1042,0,0,914,0,0,819,0,,0,9302,0,1
BT-HQ,4013,0,13808,0,0,14153,0,0,15659,0,0,18545,0,0,17142,0,0,16954,0,0,16480,0,0,17867,0,0,15731,0,0,17690,0,0,16555,0,0,15081,0,,0,195665,0,1
BT-HQ,4014,0,800,0,0,981,0,0,1196,0,0,1191,0,0,992,0,0,988,0,0,926,0,0,933,0,0,966,0,0,1107,0,0,958,0,0,878,0,,0,11916,0,1
BT-HQ,4015,0,6825,0,0,7008,0,0,8720,0,0,9737,0,0,8177,0,0,8002,0,0,7848,0,0,8174,0,0,6668,0,0,7213,0,0,7176,0,0,7603,0,,0,93151,0,1
BT-HQ,4016,0,0,,0,0,,0,0,,0,0,,0,0,,0,0,,0,0,,0,0,,0,0,,0,0,,0,0,,0,0,,,0,0,,1
BT-HQ,402,30480,30130,0.011482939632545985,29280,28980,0.010245901639344246,31860,31523,0.010577526679221627,39540,38979,0.014188163884673699,43440,42896,0.012523020257826922,36780,36541,0.006498096791734631,63420,36559,0.4235414695679597,10700,36427,0,39199,37745,0.037092782979157635,37781,36665,0.029538656996903168,33343,32249,0.032810484959361785,34376,33184,0.03467535489876661,,430199,421878,0.019342211395191544,187
BT-HQ,403,64937,63058,0.02893573771501612,56798,55428,0.024120567625620648,70269,68475,0.02553046151218885,83937,81705,0.026591372100503996,91995,89386,0.028360236969400487,91615,89381,0.024384653168149306,78927,78493,0.005498752011352304,91937,87823,0.04474803397979055,84153,82165,0.023623637897638772,79127,77606,0.019222262944380564,82346,79620,0.033104218784154704,61692,60742,0.015399079297153562,,937733,913882,0.025434745284638627,316
BT-HQ,404,89772,87088,0.02989796373033904,84931,81841,0.036382475185739005,99912,96522,0.033929858275282276,115010,110536,0.038900965133466636,128417,123147,0.04103818030323092,121381,117284,0.03375322332160713,105620,102288,0.031547055481916275,124071,118839,0.04216940300311922,114271,110288,0.03485573767622585,105344,102639,0.025677779465370643,112993,108374,0.04087863849973006,89715,87505,0.02463356183469878,,1291437,1246351,0.0349114978121271,372
BT-HQ,405,36920,35787,0.030687973997833184,34600,33616,0.028439306358381544,37880,36936,0.024920802534318942,48600,47148,0.029876543209876538,55400,53652,0.03155234657039707,47400,45880,0.03206751054852319,46280,44999,0.027679343128781286,70080,45804,0.3464041095890411,27782,49165,0,48139,46544,0.033133218388416874,43624,42738,0.020309921144324172,41070,39948,0.027319211102994845,,537775,522217,0.028930314722700023,263
BT-HQ,406,110121,105896,0.038366887333024624,128440,123320,0.03986297103706016,151505,144251,0.04787960793373158,148963,136082,0.08647113712801169,130460,124118,0.04861260156369773,137407,131119,0.04576186074945232,117246,113558,0.03145523088207702,140379,135040,0.03803275418687979,120194,115928,0.03549262026390665,118010,114745,0.0276671468519617,120985,116029,0.04096375583750056,90575,88417,0.02382555892906435,,1514285,1448503,0.043440963887247164,404
BT-HQ,406A,0,0,,0,0,,0,0,,34211,38790,0,34931,34362,0.016289255961753124,36765,36873,0,32267,31186,0.03350172002355345,42035,41399,0.015130248602355234,37053,36462,0.015950125495911238,35406,34863,0.015336383663785758,36271,35683,0.01621129828237433,28889,28260,0.021772993180795508,,317828,317878,0,116
BT-HQ,407,18781,18276,0.026888877056599703,17910,17480,0.02400893355667222,19292,18762,0.027472527472527486,23272,22730,0.023289790305947022,27558,26873,0.024856665940924616,24479,23870,0.024878467257649417,24196,24287,0,23713,22460,0.052840214228482285,24858,24133,0.02916566095422002,24595,23960,0.0258182557430372,21385,20793,0.027682955342529847,20497,19780,0.0349807288871542,,270536,263404,0.02636248040926159,215
BT-HQ,408,16830,16499,0.019667260843731382,15900,15501,0.025094339622641515,17550,17103,0.025470085470085446,21330,20871,0.021518987341772156,23670,23022,0.027376425855513253,21360,20941,0.019616104868913853,21540,21011,0.024558960074280378,20040,19562,0.023852295409181656,21600,21083,0.023935185185185226,21360,20758,0.02818352059925089,19170,18711,0.023943661971830954,18030,17394,0.03527454242928452,,238380,232456,0.02485107811057974,158
BT-HQ,408A,260,256,0.01538461538461533,321,318,0.009345794392523366,337,335,0.005934718100890191,298,294,0.01342281879194629,335,333,0.005970149253731294,340,337,0.008823529411764675,265,258,0.026415094339622636,233,232,0.0042918454935622075,267,262,0.01872659176029967,283,279,0.014134275618374548,262,260,0.007633587786259555,325,320,0.01538461538461533,,3526,3484,0.011911514463981865,5
BT-HQ,408B,76,72,0.052631578947368474,90,88,0.022222222222222254,143,140,0.020979020979020935,91,89,0.02197802197802201,59,56,0.05084745762711862,59,56,0.05084745762711862,64,61,0.046875,65,62,0.0461538461538461,68,64,0.05882352941176472,66,65,0.015151515151515138,62,58,0.06451612903225812,61,57,0.06557377049180324,,904,868,0.03982300884955747,2
BT-HQ,409,28527,27722,0.028218880358958143,23105,22530,0.02488638822765632,27874,27179,0.02493362990600556,37393,36328,0.028481266547214723,41994,41713,0.0066914321093489715,38685,36237,0.06328034121752613,36437,35337,0.030189093503856013,35102,34021,0.030795966041821,39024,37705,0.033799712997129916,35069,34056,0.02888591063332291,32114,31275,0.026125677274708825,29495,28573,0.03125953551449401,,404819,392676,0.029996121723535718,132
BT-HQ,410,7559,7269,0.03836486307712661,7251,7103,0.020410977796166074,7830,7667,0.020817369093231175,9814,9621,0.01966578357448545,11124,10901,0.020046745774901065,10251,10066,0.018047019802946096,10228,10032,0.019163081736409904,10033,9911,0.012159872421010687,10679,10449,0.02153759715329151,10269,10049,0.02142370240529745,8313,9015,0,9425,8406,0.10811671087533159,,112776,110489,0.02027913740512166,100
BT-HQ,410A,9666,9455,0.021829091661493938,8946,8763,0.02045606975184444,9743,9552,0.019603818125833894,12134,11917,0.017883632767430324,13811,13555,0.01853594960538696,12881,12630,0.019486064746525922,12580,12352,0.01812400635930045,11949,11720,0.01916478366390495,12378,12158,0.01777346905800614,13406,13120,0.021333731165149916,11480,11227,0.02203832752613244,11307,11113,0.017157513045016337,,140281,137562,0.01938252507467153,126
BT-HQ,410B,3588,3509,0.022017837235228543,3646,3564,0.0224904004388371,3351,3283,0.02029245001492097,4624,4521,0.022275086505190278,4545,4455,0.01980198019801982,4680,4570,0.023504273504273532,4850,4734,0.023917525773195836,3960,3884,0.019191919191919204,3904,3820,0.021516393442622905,3893,3841,0.013357307988697609,3398,3344,0.015891701000588565,4383,4271,0.02555327401323293,,48822,47796,0.021015116136168133,46
BT-HQ,411,3864,3775,0.023033126293995898,3591,3532,0.016429963798384906,4047,3974,0.018038052878675548,4946,4892,0.010917913465426587,6467,6391,0.011751971547858342,5253,5186,0.012754616409670683,5260,5191,0.013117870722433422,5179,5119,0.01158524811739714,5423,5351,0.013276784067859149,5313,5289,0.004517221908526214,4897,4831,0.013477639371043515,4481,4394,0.019415309082793986,,58721,57925,0.013555627458660457,46
BT-HQ,412,0,33211,0,0,35089,0,0,37788,0,0,43410,0,0,37713,0,0,36838,0,0,34746,0,0,37594,0,0,34620,0,0,32723,0,0,31088,0,0,30373,0,,0,425193,0,1
BT-HQ,413,15604,15532,0.004614201486798253,16523,16447,0.004599648974157211,18597,18506,0.004893262354143113,23374,23255,0.005091126893129072,21665,21552,0.005215785829679187,21440,21330,0.005130597014925353,20510,20404,0.005168210628961445,22897,22781,0.005066165873258477,22134,22115,0.0008584078792807093,20878,20492,0.018488360954114325,21235,21193,0.0019778667294561014,19546,19368,0.0091067226030902,,244403,242975,0.005842808803492638,1
BT-HQ,414,0,6270,0,0,6720,0,0,7200,0,0,8670,0,0,8550,0,0,8250,0,0,8130,0,0,8727,0,0,8970,0,0,8432,0,0,8031,0,0,6987,0,,0,94937,0,1
BT-HQ,414A,0,12960,0,0,14100,0,0,14670,0,0,18960,0,0,17160,0,0,17010,0,0,15990,0,0,17081,0,0,17803,0,0,16636,0,0,16052,0,0,14274,0,,0,192696,0,1
BT-HQ,415,0,15228,0,0,16507,0,0,18188,0,0,21856,0,0,18880,0,0,18004,0,0,17975,0,0,19475,0,0,19489,0,0,17202,0,0,16940,0,0,15332,0,,0,215076,0,1
BT-HQ,416,0,25132,0,0,27070,0,0,30612,0,0,37116,0,0,31920,0,0,30692,0,0,29022,0,0,31824,0,0,30523,0,0,28865,0,0,28213,0,0,26845,0,,0,357834,0,1
BT-HQ,417,0,0,,0,0,,0,0,,0,0,,0,0,,0,0,,0,0,,0,0,,0,0,,0,0,,0,0,,0,0,,,0,0,,0
BT-HQ,418,0,0,,0,0,,0,0,,0,0,,0,0,,0,0,,0,0,,0,0,,0,0,,0,0,,0,0,,0,0,,,0,0,,0
BT-HQ,419,0,0,,0,0,,0,0,,0,0,,0,0,,0,0,,0,0,,0,0,,0,0,,0,0,,0,0,,0,0,,,0,0,,0
BT-HQ,420,346240,345960,0.0008086876155267708,380550,380191,0.0009433714360793655,403320,402980,0.0008430030744818184,471960,471530,0.0009110941605220413,426480,426110,0.0008675670605889918,413339,412970,0.0008927296964477138,398311,397930,0.0009565389858677831,440520,440129,0.0008875873967130188,429489,430821,0,394981,391390,0.009091576556847003,388440,386619,0.0046879827000309016,382379,380840,0.00402480261729854,,4876009,4867470,0.0017512272844451005,1
BT-HQ,420A,2856,2857,0,3587,3590,0,3392,3394,0,4313,4315,0,3667,3669,0,3227,3229,0,3609,3612,0,3589,3590,0,3533,3487,0.013020096235493939,3313,3311,0.0006036824630244464,3287,3304,0,3092,3089,0.0009702457956015653,,41465,41447,0.00043410104907748437,1
BT-HQ,420B,6641,6638,0.00045173919590424383,6841,6838,0.0004385323783072659,5426,5423,0.0005528934758569637,5248,5244,0.0007621951219511924,4452,4450,0.0004492362982928544,4091,4091,0,4673,4671,0.00042799058420717184,5614,5611,0.0005343783398645829,4985,4972,0.002607823470411219,4502,4504,0,4551,4572,0,3876,3856,0.00515995872033026,,60900,60870,0.0004926108374384564,1
BT-HQ,420C,4312,4317,0,4626,4631,0,4357,4362,0,5686,5693,0,4530,4535,0,3961,3967,0,4046,4051,0,4119,4124,0,4282,4289,0,3662,3629,0.009011469142545026,3852,3867,0,4003,4008,0,,51436,51473,0,1
BT-HQ,420D,333,333,0,318,318,0,313,315,0,478,478,0,385,385,0,386,387,0,383,383,0,421,422,0,481,487,0,515,516,0,438,436,0.004566210045662156,403,397,0.01488833746898266,,4854,4857,0,1
BT-HQ,420E,2753,2758,0,2366,2370,0,1939,1940,0,2214,2217,0,2062,2065,0,2179,2182,0,2439,2442,0,2485,2488,0,2551,2519,0.012544100352802845,2369,2376,0,2049,2061,0,2084,2085,0,,27490,27503,0,1
BT-HQ,420F,5190,5189,0.00019267822736035445,2371,2372,0,3804,3803,0.0002628811777076745,1839,1839,0,12106,12103,0.0002478110028085734,8587,8586,0.00011645510655644564,10367,10366,9.645992090290267e-05,5980,5980,0,1995,1995,0,2224,2223,0.0004496402877698369,841,841,0,1946,1945,0.0005138746145940676,,57250,57242,0.00013973799126643094,1
BT-HQ,421,286440,286460,0,350680,350730,0,427280,427320,0,592180,596911,0,530760,530830,0,478460,478530,0,433020,433050,0,490860,490930,0,405980,406050,0,449020,449080,0,387680,387750,0,300820,300860,0,,5133180,5138501,0,1
BT-HQ,422,21870,21846,0.0010973936899862924,19680,19515,0.00838414634146345,21960,22345,0,28440,28808,0,30870,29542,0.04301911240686751,29370,27589,0.06064010895471572,29310,29604,0,14340,27911,0,16766,29246,0,29604,27707,0.06407917848939337,26417,26104,0.011848430934625398,24676,22859,0.0736343005349327,,293303,313076,0,46
BT-HQ,423,9600,9728,0,7800,7843,0,9300,9397,0,12800,12600,0.015625,13300,13482,0,11200,11167,0.002946428571428572,9600,9471,0.013437499999999991,8800,8787,0.001477272727272716,10600,10643,0,10400,10498,0,12200,12054,0.011967213114754127,10300,10295,0.0004854368932039055,,125900,125965,0,67
BT-HQ,425,4590,3722,0.1891067538126362,5010,4967,0.00858283433133733,5400,5135,0.04907407407407405,6450,6152,0.04620155038759688,7350,7335,0.0020408163265306367,6780,5590,0.17551622418879054,6030,6347,0,5310,5621,0,6510,6219,0.04470046082949308,6150,5956,0.031544715447154426,6600,5921,0.1028787878787879,4335,4588,0,,70515,67553,0.042005247110543875,53
BT-HQ,426,39720,36501,0.08104229607250757,36360,35729,0.017354235423542308,40140,39560,0.014449427005480797,46800,46175,0.013354700854700807,54240,52955,0.02369100294985249,45180,49292,0,54194,52568,0.030003321400893124,47812,42806,0.10470174851501712,47966,47265,0.014614518617353967,45580,45037,0.011913119789381255,40413,39808,0.014970430307079452,39024,38409,0.01575953259532592,,537429,526105,0.021070690267923742,139
BT-HQ,426G,0,0,,0,0,,0,0,,0,0,,0,0,,0,0,,0,0,,0,0,,0,0,,0,0,,0,0,,0,0,,,0,0,,0
BT-HQ,427,33360,32799,0.016816546762589923,29560,28696,0.02922868741542628,33320,32258,0.031872749099639885,41360,40027,0.03222920696324949,47000,45082,0.040808510638297824,56640,41004,0.27605932203389827,28871,42153,0,40323,39248,0.026659722738883507,44188,43021,0.02640988503666153,43421,42404,0.023421846571935245,38185,37303,0.023098075160403297,34651,33802,0.02450145738939713,,470879,457797,0.027782084144759023,208
BT-HQ,428,58800,56931,0.031785714285714306,51700,50151,0.029961315280464196,63100,61825,0.020206022187004735,77500,74347,0.04068387096774195,87700,84927,0.03161915621436717,89000,86036,0.033303370786516906,76300,76116,0.0024115334207077677,87600,82747,0.05539954337899544,80600,77928,0.03315136476426794,77400,75938,0.018888888888888844,82800,79657,0.037958937198067644,62200,60940,0.020257234726688056,,894700,867543,0.03035319101374767,181
BT-HQ,429,21930,21197,0.03342453260373912,19800,19266,0.026969696969696977,22110,21489,0.0280868385345997,35730,34440,0.03610411418975645,36720,35428,0.03518518518518521,30390,29560,0.027311615663047073,28530,27624,0.03175604626708728,28530,27695,0.02926743778478791,30030,29698,0.011055611055611037,29580,28116,0.0494929006085193,28980,28144,0.028847481021394117,24300,23458,0.03465020576131683,,336630,326115,0.031236075216112602,185
BT-HQ,429A,1304,1615,0,1985,2292,0,1341,1619,0,1663,1957,0,2458,2752,0,1701,3571,0,141,2653,0,2951,3216,0,3092,3420,0,2174,2392,0,4042,5450,0,16261,18050,0,,39113,48987,0,1
BT-HQ,43,72274,72274,0,72972,72973,0,76030,76032,0,84538,84543,0,82363,82366,0,79951,79954,0,71050,71053,0,81406,81410,0,74806,74809,0,81021,81022,0,82440,82480,0,79442,79403,0.0004909241962689492,,938293,938319,0,1
BT-HQ,430,0,6300,0,0,7412,0,0,7708,0,0,9782,0,0,9004,0,0,8699,0,0,9850,0,0,12893,0,0,14429,0,0,12163,0,0,12490,0,0,11297,0,,0,122027,0,1
BT-HQ,430A,0,6761,0,0,7385,0,0,8098,0,0,10362,0,0,8973,0,0,9087,0,0,8436,0,0,9572,0,0,9172,0,0,8608,0,0,8213,0,0,7975,0,,0,102642,0,1
BT-HQ,431,0,14808,0,0,16298,0,0,18539,0,0,22518,0,0,21304,0,0,21239,0,0,0,,0,40691,0,0,21989,0,0,21242,0,0,20276,0,0,18486,0,,0,237390,0,1
BT-HQ,432,0,18080,0,0,20167,0,0,22689,0,0,29189,0,0,25633,0,0,24171,0,0,23775,0,0,26027,0,0,25894,0,0,22725,0,0,22086,0,0,19817,0,,0,280253,0,1
BT-HQ,436,0,0,,0,0,,0,0,,0,0,,0,0,,0,0,,0,0,,0,0,,0,0,,0,0,,0,0,,0,0,,,0,0,,0
BT-HQ,438,0,0,,0,0,,0,0,,0,0,,0,0,,0,0,,0,0,,0,0,,0,0,,0,0,,0,0,,0,0,,,0,0,,0
BT-HQ,439,0,0,,0,0,,0,0,,0,0,,0,0,,0,0,,0,0,,0,0,,0,0,,0,0,,0,0,,0,0,,,0,0,,0
BT-HQ,44,58012,58008,6.89512514652213e-05,64541,64538,4.6482081157761534e-05,67524,67521,4.442864759202081e-05,81268,81266,2.4609932568808723e-05,71408,71405,4.201209948462292e-05,68221,68217,5.863297225194852e-05,65270,65267,4.5962923241882336e-05,74805,74803,2.673618073656403e-05,71162,71159,4.215733115986442e-05,67040,67038,2.983293556091393e-05,65900,65897,4.552352048559083e-05,63216,63213,4.745634016700695e-05,,818367,818332,4.27680979315781e-05,1
BT-HQ,440,0,0,,0,0,,0,0,,0,0,,0,0,,0,0,,0,0,,0,0,,0,0,,0,0,,0,0,,0,0,,,0,0,,0
BT-HQ,441,0,0,,0,0,,0,0,,0,0,,0,0,,0,0,,0,0,,0,0,,0,0,,0,0,,0,0,,0,0,,,0,0,,0
BT-HQ,442,0,4287,0,0,4459,0,0,5154,0,0,6435,0,0,6118,0,0,5608,0,0,5056,0,0,5386,0,0,4866,0,0,5614,0,0,5156,0,0,4624,0,,0,62763,0,1
BT-HQ,443,0,0,,0,0,,0,0,,0,0,,0,0,,0,0,,0,0,,0,0,,0,0,,0,0,,0,0,,0,0,,,0,0,,0
BT-HQ,444,4031,4041,0,3563,3572,0,4560,4572,0,5165,5178,0,4775,4788,0,4909,4920,0,4603,4615,0,4934,4943,0,4577,4581,0,5345,5351,0,4853,4859,0,4499,4503,0,,55814,55923,0,1
BT-HQ,445,0,0,,0,0,,0,0,,0,0,,0,0,,0,0,,0,0,,0,0,,0,0,,0,0,,0,0,,0,0,,,0,0,,0
BT-HQ,446,0,0,,0,0,,0,0,,0,0,,0,0,,0,0,,0,0,,0,0,,0,0,,0,0,,0,0,,0,0,,,0,0,,0
BT-HQ,447,0,0,,0,0,,0,0,,0,0,,0,0,,0,0,,0,0,,0,0,,0,0,,0,0,,0,0,,0,0,,,0,0,,0
BT-HQ,448,0,0,,0,0,,0,0,,0,0,,0,0,,0,0,,0,0,,0,0,,0,0,,0,0,,0,0,,0,0,,,0,0,,0
BT-HQ,453,0,0,,0,0,,0,0,,0,0,,0,0,,0,0,,0,0,,0,0,,0,0,,0,0,,0,0,,0,0,,,0,0,,0
BT-HQ,454,0,0,,0,0,,0,0,,0,0,,0,0,,0,0,,0,0,,0,0,,0,0,,0,0,,0,0,,0,0,,,0,0,,0
BT-HQ,455,0,0,,0,0,,0,0,,0,0,,0,0,,0,0,,0,0,,0,0,,0,0,,0,0,,0,0,,0,0,,,0,0,,0
BT-HQ,456,0,0,,0,0,,0,0,,0,0,,0,0,,0,0,,0,0,,0,0,,0,0,,0,0,,0,0,,0,0,,,0,0,,0
BT-HQ,457,0,0,,0,0,,0,0,,0,0,,0,0,,0,0,,0,0,,0,0,,0,0,,0,0,,0,0,,0,0,,,0,0,,0
BT-HQ,458,0,0,,0,0,,0,0,,0,0,,0,0,,0,0,,0,0,,0,0,,0,0,,0,0,,0,0,,0,0,,,0,0,,0
BT-HQ,459,0,0,,0,0,,0,0,,0,0,,0,0,,0,0,,0,0,,0,0,,0,0,,0,0,,0,0,,0,0,,,0,0,,0
BT-HQ,460,0,0,,0,0,,0,0,,0,0,,0,0,,0,0,,0,0,,0,0,,0,0,,0,0,,0,0,,0,0,,,0,0,,0
BT-HQ,461,0,0,,0,0,,0,0,,0,0,,0,0,,0,0,,0,0,,0,0,,0,0,,0,0,,0,0,,0,0,,,0,0,,0
BT-HQ,462,0,0,,0,0,,0,0,,0,0,,0,0,,0,0,,0,0,,0,0,,0,0,,0,0,,0,0,,0,0,,,0,0,,0
BT-HQ,464,0,0,,0,0,,0,0,,0,0,,0,0,,0,0,,0,0,,0,0,,0,0,,0,0,,0,0,,0,0,,,0,0,,0
BT-HQ,467,0,0,,0,0,,0,0,,0,0,,0,0,,0,0,,0,0,,0,0,,0,0,,0,0,,0,0,,0,0,,,0,0,,0
BT-HQ,482,0,0,,0,0,,0,0,,0,0,,0,0,,0,0,,0,0,,0,0,,0,0,,0,0,,0,0,,0,0,,,0,0,,0
BT-HQ,483,0,0,,0,0,,0,0,,0,0,,0,0,,0,0,,0,0,,0,0,,0,0,,0,0,,0,0,,0,0,,,0,0,,0
BT-HQ,484A,0,0,,0,0,,0,0,,0,0,,0,0,,0,0,,0,0,,0,0,,0,0,,0,0,,0,0,,0,0,,,0,0,,0
BT-HQ,485,0,0,,0,0,,0,0,,0,0,,0,0,,0,0,,0,0,,0,0,,0,0,,0,0,,0,0,,0,0,,,0,0,,0
BT-HQ,487,0,0,,0,0,,0,0,,0,0,,0,0,,0,0,,0,0,,0,0,,0,0,,0,0,,0,0,,0,0,,,0,0,,0
BT-HQ,488,0,0,,0,0,,0,0,,0,0,,0,0,,0,0,,0,0,,0,0,,0,0,,0,0,,0,0,,0,0,,,0,0,,0
BT-HQ,490,0,0,,0,0,,0,0,,0,0,,0,0,,0,0,,0,0,,0,0,,0,0,,0,0,,0,0,,0,0,,,0,0,,0
BT-HQ,491,0,0,,0,0,,0,0,,0,0,,0,0,,0,0,,0,0,,0,0,,0,0,,0,0,,0,0,,0,0,,,0,0,,0
BT-HQ,492,0,0,,0,0,,0,0,,0,0,,0,0,,0,0,,0,0,,0,0,,0,0,,0,0,,0,0,,0,0,,,0,0,,0
BT-HQ,493,0,0,,0,0,,0,0,,0,0,,0,0,,0,0,,0,0,,0,0,,0,0,,0,0,,0,0,,0,0,,,0,0,,0
BT-HQ,494,0,0,,0,0,,0,0,,0,0,,0,0,,0,0,,0,0,,0,0,,0,0,,0,0,,0,0,,0,0,,,0,0,,0
BT-HQ,495,0,0,,0,0,,0,0,,0,0,,0,0,,0,0,,0,0,,0,0,,0,0,,0,0,,0,0,,0,0,,,0,0,,0
BT-HQ,496,0,0,,0,0,,0,0,,0,0,,0,0,,0,0,,0,0,,0,0,,0,0,,0,0,,0,0,,0,0,,,0,0,,0
BT-HQ,497,0,0,,0,0,,0,0,,0,0,,0,0,,0,0,,0,0,,0,0,,0,0,,0,0,,0,0,,0,0,,,0,0,,0
BT-HQ,498,0,0,,0,0,,0,0,,0,0,,0,0,,0,0,,0,0,,0,0,,0,0,,0,0,,0,0,,0,0,,,0,0,,0
BT-HQ,500,8434,13988,0,6486,6481,0.0007708911501695948,9720,9715,0.0005144032921811093,7000,6995,0.0007142857142856673,4755,4752,0.0006309148264984632,2544,2542,0.0007861635220125507,5582,5578,0.0007165890361877647,9541,9534,0.0007336757153337814,5534,5530,0.0007228044813878398,5412,5408,0.0007390983000739038,8107,8102,0.0006167509559640294,9173,9168,0.0005450779461463329,,82288,87793,0,1
BT-HQ,5000,0,1160,0,0,280,0,0,360,0,0,320,0,0,120,0,0,120,0,0,200,0,0,1142,0,0,307,0,0,295,0,0,742,0,0,2339,0,,0,7385,0,1
BT-HQ,5001,0,2255,0,0,2305,0,0,2645,0,0,2841,0,0,2664,0,0,2614,0,0,2323,0,0,2769,0,0,2993,0,0,2969,0,0,3104,0,0,2397,0,,0,31879,0,1
BT-HQ,5002,0,137,0,0,150,0,0,153,0,0,185,0,0,157,0,0,177,0,0,195,0,0,167,0,0,154,0,0,151,0,0,160,0,0,136,0,,0,1922,0,1
BT-HQ,5003,0,665,0,0,634,0,0,598,0,0,730,0,0,719,0,0,708,0,0,838,0,0,467,0,0,669,0,0,654,0,0,667,0,0,651,0,,0,8000,0,1
BT-HQ,5004,0,1316,0,0,1377,0,0,1427,0,0,1540,0,0,1561,0,0,1483,0,0,1334,0,0,1373,0,0,1393,0,0,1361,0,0,1219,0,0,1167,0,,0,16551,0,1
BT-HQ,5005,0,3053,0,0,3119,0,0,3299,0,0,3656,0,0,3266,0,0,3134,0,0,2886,0,0,3106,0,0,2781,0,0,2611,0,0,2644,0,0,2682,0,,0,36237,0,1
BT-HQ,5006,0,1381,0,0,1485,0,0,1558,0,0,1485,0,0,1526,0,0,1408,0,0,1374,0,0,1483,0,0,1383,0,0,1364,0,0,1410,0,0,1429,0,,0,17286,0,1
BT-HQ,5007,1055,2367,0,971,972,0,873,874,0,864,866,0,870,871,0,964,966,0,872,873,0,932,933,0,995,995,0,973,974,0,1037,1040,0,855,857,0,,11261,12588,0,1
BT-HQ,5008,0,1824,0,0,1838,0,0,1918,0,0,2130,0,0,2035,0,0,1968,0,0,1732,0,0,1756,0,0,1824,0,0,1524,0,0,1968,0,0,1788,0,,0,22305,0,1
BT-HQ,5009,0,2405,0,0,2415,0,0,2384,0,0,2487,0,0,2442,0,0,2360,0,0,2003,0,0,2153,0,0,1955,0,0,1821,0,0,1953,0,0,1797,0,,0,26175,0,1
BT-HQ,501,44771,44767,8.934354827905278e-05,48446,48444,4.128307806627873e-05,50660,50657,5.921831819977186e-05,52694,52690,7.590997077466799e-05,51815,51811,7.719772266723268e-05,50254,50251,5.969674055794627e-05,46803,46799,8.546460696967628e-05,50159,50155,7.974640642760544e-05,47959,47955,8.340457474087515e-05,49875,49871,8.020050125312483e-05,48045,48041,8.325528150687767e-05,40642,40638,9.842035332907617e-05,,582123,582079,7.55854003363643e-05,1
BT-HQ,5010,0,2873,0,0,2406,0,0,2024,0,0,2401,0,0,2636,0,0,3550,0,0,2676,0,0,2873,0,0,2652,0,0,2437,0,0,2981,0,0,2757,0,,0,32266,0,1
BT-HQ,5011,0,4099,0,0,4407,0,0,4408,0,0,4993,0,0,4902,0,0,4524,0,0,3818,0,0,4063,0,0,4489,0,0,3789,0,0,4062,0,0,3600,0,,0,51154,0,1
BT-HQ,5012,0,5950,0,0,5839,0,0,6373,0,0,6942,0,0,6564,0,0,8076,0,0,6582,0,0,5098,0,0,6220,0,0,4522,0,0,5837,0,0,4205,0,,0,72208,0,1
BT-HQ,5013,0,21898,0,0,22639,0,0,21344,0,0,24079,0,0,22075,0,0,23928,0,0,22176,0,0,20202,0,0,20674,0,0,16652,0,0,20003,0,0,16453,0,,0,252123,0,1
BT-HQ,5014,0,10016,0,0,8437,0,0,7398,0,0,12601,0,0,9916,0,0,10874,0,0,10745,0,0,7307,0,0,9365,0,0,7878,0,0,9444,0,0,6001,0,,0,109982,0,1
BT-HQ,5015,0,3531,0,0,3447,0,2330,2821,0,1428,1427,0.0007002801120448154,1247,1247,0,1215,1214,0.0008230452674896638,1325,1324,0.0007547169811320531,1122,1120,0.0017825311942959443,1013,1026,0,979,942,0.037793667007150145,1054,1092,0,887,884,0.0033821871476887866,,12600,20075,0,1
BT-HQ,5016,0,1557,0,0,951,0,0,981,0,0,340,0,0,126,0,0,82,0,0,111,0,0,74,0,0,61,0,0,30,0,0,58,0,0,75,0,,0,4446,0,1
BT-HQ,502,7191,7051,0.019468780419969356,8374,8221,0.01827083830905185,8683,8510,0.01992398940458362,10358,10147,0.020370727939756694,9508,9314,0.020403870424905324,9705,9514,0.019680577022153534,8379,8226,0.018259935553168627,10039,9848,0.01902579938240856,8488,8337,0.017789820923656885,8984,8916,0.0075690115761353205,8624,8465,0.018436920222634545,7083,6998,0.01200056473245803,,105416,103547,0.017729756393716323,57
BT-HQ,5020,0,5917,0,0,4613,0,0,3554,0,0,5064,0,0,4872,0,0,5634,0,0,5826,0,0,4464,0,0,3858,0,0,5420,0,0,5396,0,0,2556,0,,0,57174,0,1
BT-HQ,5021,0,6013,0,0,6192,0,0,5709,0,0,5870,0,0,6693,0,0,7758,0,0,6400,0,0,3960,0,0,4359,0,0,4523,0,0,5106,0,0,3123,0,,0,65706,0,1
BT-HQ,5022,0,6142,0,0,5644,0,0,5509,0,0,4854,0,0,4432,0,0,4209,0,0,3927,0,0,3221,0,0,3938,0,0,4707,0,0,5412,0,0,3260,0,,0,55255,0,1
BT-HQ,5023,0,6636,0,0,6594,0,0,6589,0,0,7004,0,0,7221,0,0,6599,0,0,6357,0,0,4711,0,0,5553,0,0,5516,0,0,6123,0,0,4143,0,,0,73046,0,1
BT-HQ,5024,0,21112,0,0,21338,0,0,21348,0,0,20785,0,0,22011,0,0,0,,0,43335,0,0,17745,0,0,20728,0,0,22914,0,0,24516,0,0,15066,0,,0,250898,0,1
BT-HQ,5025,0,70656,0,0,70836,0,0,96822,0,0,103217,0,0,106027,0,0,104318,0,0,91480,0,0,80631,0,0,64711,0,0,70323,0,0,74364,0,0,42930,0,,0,976315,0,1
BT-HQ,5026,102198,102308,0,97384,97473,0,116437,116552,0,116512,116615,0,123806,123931,0,124343,124438,0,113087,113168,0,111014,111106,0,107697,107803,0,121169,121307,0,120454,120590,0,0,0,,,1254101,1255291,0,1
BT-HQ,5027,0,6995,0,0,6796,0,0,6849,0,0,7454,0,0,7283,0,0,7008,0,0,7003,0,0,6114,0,0,6575,0,0,7139,0,0,7587,0,0,0,,,0,76803,0,1
BT-HQ,5028,0,2946,0,0,2957,0,0,1624,0,0,1680,0,0,1374,0,0,1427,0,0,1302,0,0,1146,0,0,1237,0,0,1360,0,0,1480,0,0,0,,,0,18533,0,1
BT-HQ,5029,0,1735,0,0,1549,0,0,1647,0,0,1541,0,0,1741,0,0,1887,0,0,1443,0,0,1291,0,0,1265,0,0,2109,0,0,2468,0,0,1242,0,,0,19918,0,1
BT-HQ,503,8192,7884,0.03759765625,8646,8308,0.03909322229932921,8929,8549,0.042557957218053555,10547,10114,0.04105432824499855,10088,9683,0.04014670896114192,10410,10012,0.03823246878001918,9572,9201,0.03875888006686168,10275,9894,0.03708029197080287,8879,8556,0.03637797049217251,10083,9753,0.032728354656352265,9866,9430,0.04419217514696938,7998,7747,0.03138284571142791,,113485,109131,0.03836630391681717,30
BT-HQ,5030,0,2740,0,0,2666,0,0,2804,0,0,2474,0,0,2614,0,0,3029,0,0,2425,0,0,1529,0,0,1662,0,0,1966,0,0,3783,0,0,2913,0,,0,30605,0,1
BT-HQ,5031,0,2041,0,0,2133,0,0,1887,0,0,1972,0,0,1943,0,0,1743,0,0,1374,0,0,1055,0,0,897,0,0,1337,0,0,1557,0,0,1223,0,,0,19162,0,1
BT-HQ,5032,0,1315,0,0,1376,0,0,1089,0,0,1079,0,0,899,0,0,1059,0,0,1159,0,0,999,0,0,861,0,0,754,0,0,780,0,0,1007,0,,0,12377,0,1
BT-HQ,5033,0,4764,0,0,5186,0,0,5379,0,0,7043,0,0,6278,0,0,6889,0,0,7337,0,0,7484,0,0,5854,0,0,5383,0,0,4918,0,0,5192,0,,0,71707,0,1
BT-HQ,5034,0,1179,0,0,1149,0,0,996,0,0,981,0,0,975,0,0,979,0,0,1053,0,0,1243,0,0,1100,0,0,1118,0,0,1090,0,0,1038,0,,0,12901,0,1
BT-HQ,5035,0,5519,0,0,4033,0,0,3963,0,0,4528,0,0,4526,0,0,4827,0,0,4579,0,0,2952,0,0,3488,0,0,4303,0,0,4128,0,0,3770,0,,0,50616,0,1
BT-HQ,5036,35764,35771,0,36747,36752,0,35971,35980,0,32847,32854,0,32024,32029,0,28054,28060,0,23805,23808,0,20140,19944,0.009731876861966193,23193,23396,0,23664,23665,0,26192,26197,0,16163,16164,0,,334564,334620,0,1
BT-HQ,5037,43981,44107,0,40406,40494,0,35147,35198,0,21011,21050,0,20131,20078,0.002632755451790758,31295,31327,0,17015,17101,0,29802,29834,0,21917,21941,0,21269,21304,0,23917,26586,0,13763,13953,0,,319654,322973,0,1
BT-HQ,5038,0,854,0,0,859,0,0,836,0,0,987,0,0,1027,0,0,1058,0,0,1043,0,0,882,0,0,927,0,0,1024,0,0,972,0,0,991,0,,0,11460,0,1
BT-HQ,5039,0,742,0,0,730,0,0,798,0,0,1066,0,0,914,0,0,939,0,0,996,0,0,1021,0,0,1013,0,0,950,0,0,966,0,0,819,0,,0,10954,0,1
BT-HQ,504,8092,7823,0.033242708848245206,8400,8083,0.03773809523809524,9333,8934,0.0427515268402443,10933,10688,0.02240921979328636,12268,11907,0.029426149331594376,12660,11426,0.09747235387045816,11293,9940,0.11980873107234569,11785,11432,0.02995333050487914,10900,10585,0.028899082568807355,10817,10631,0.01719515577331976,11356,10916,0.03874603733709048,8870,8618,0.028410372040586274,,126707,120983,0.04517508898482325,112
BT-HQ,5040,0,4748,0,0,4139,0,0,6525,0,0,4539,0,0,3045,0,0,2514,0,0,5098,0,0,2573,0,0,1031,0,0,1327,0,0,1156,0,0,2299,0,,0,38994,0,1
BT-HQ,5041,0,1986,0,0,2980,0,0,2493,0,0,2237,0,0,2045,0,0,2010,0,0,2618,0,0,2379,0,0,1676,0,0,2044,0,0,1722,0,0,2707,0,,0,26897,0,1
BT-HQ,5042,0,339,0,0,398,0,0,531,0,0,505,0,0,490,0,0,602,0,0,685,0,0,660,0,0,689,0,0,699,0,0,732,0,0,776,0,,0,7106,0,1
BT-HQ,5043,0,639,0,0,564,0,0,632,0,0,640,0,0,625,0,0,588,0,0,629,0,0,632,0,0,699,0,0,609,0,0,640,0,0,524,0,,0,7421,0,1
BT-HQ,5044,0,611,0,0,625,0,0,673,0,0,697,0,0,759,0,0,812,0,0,836,0,0,937,0,0,932,0,0,906,0,0,881,0,0,803,0,,0,9472,0,1
BT-HQ,5045,0,638,0,0,663,0,0,776,0,0,956,0,0,957,0,0,987,0,0,1106,0,0,962,0,0,1132,0,0,1008,0,0,911,0,0,897,0,,0,10993,0,1
BT-HQ,5046,0,363,0,0,355,0,0,436,0,0,448,0,0,451,0,0,468,0,0,426,0,0,502,0,0,545,0,0,516,0,0,523,0,0,554,0,,0,5587,0,1
BT-HQ,5047,0,903,0,0,1060,0,0,1164,0,0,1306,0,0,1352,0,0,1277,0,0,1279,0,0,1195,0,0,1293,0,0,1247,0,0,1152,0,0,1133,0,,0,14361,0,1
BT-HQ,5048,0,0,,0,0,,0,0,,0,0,,0,0,,0,0,,0,0,,0,0,,0,0,,0,0,,0,0,,0,95,0,,0,95,0,1
BT-HQ,505,15600,15294,0.01961538461538459,18000,17685,0.01749999999999996,21240,20784,0.021468926553672274,24300,24005,0.01213991769547329,23160,22696,0.020034542314335102,26280,25810,0.017884322678843212,22980,22577,0.01753698868581377,26160,25511,0.02480886850152908,24420,23780,0.026208026208026203,22500,21911,0.026177777777777744,22800,22224,0.025263157894736876,16020,16887,0,,263460,259164,0.016306080619448826,131
BT-HQ,5050,54068,54084,0,45821,45824,0,40906,40908,0,40758,40752,0.00014721036360965112,43542,43543,0,40895,40886,0.00022007580388805348,36234,36219,0.00041397582381186293,38699,38688,0.0002842450709320543,63257,63252,7.904263559765923e-05,72385,72390,0,63321,63332,0,35856,35865,0,,575742,575743,0,1
BT-HQ,5051,0,412,0,0,489,0,0,507,0,0,665,0,0,759,0,0,651,0,0,621,0,0,427,0,0,691,0,0,727,0,0,830,0,0,0,,,0,6779,0,1
BT-HQ,5052,0,0,,10599,10617,0,12631,12653,0,5524,5532,0,4419,4424,0,2773,2778,0,3448,3451,0,8102,8111,0,8266,8294,0,6223,6211,0.001928330387273025,3325,3216,0.03278195488721802,3574,3690,0,,68884,68977,0,1
BT-HQ,5053,0,0,,0,0,,0,0,,0,0,,0,0,,0,0,,0,170,0,0,253,0,0,368,0,0,444,0,0,550,0,0,482,0,,0,2267,0,1
BT-HQ,506,6546,6298,0.03788573174457688,7080,6908,0.02429378531073445,7823,7600,0.028505688354851122,9553,9286,0.027949335287344335,8834,8561,0.030903328050713164,9278,9034,0.026298771286915268,9009,8753,0.028416028416028416,11508,11190,0.027632950990615246,9534,9329,0.02150199286763166,10618,10313,0.02872480693162549,9510,9153,0.03753943217665612,8210,8061,0.018148599269183885,,107503,104486,0.028064333088378968,83
BT-HQ,5060,0,250,0,0,315,0,0,341,0,0,360,0,0,267,0,0,249,0,0,199,0,0,267,0,0,263,0,0,290,0,0,331,0,0,317,0,,0,3449,0,1
BT-HQ,5061,497,497,0,477,478,0,374,375,0,439,440,0,374,375,0,480,481,0,351,352,0,369,370,0,372,373,0,354,354,0,396,397,0,372,373,0,,4855,4865,0,1
BT-HQ,507,14178,14110,0.004796163069544335,16016,15747,0.016795704295704317,16345,16008,0.02061792597124501,18785,18398,0.02060154378493484,18913,18516,0.020990852852535324,18669,18318,0.018801221275911995,17517,17123,0.02249243591939254,19699,19280,0.0212701152342758,17984,17655,0.018294039145907437,17476,17172,0.01739528496223397,18316,17838,0.02609740117929682,15327,15098,0.014940953872251583,,209225,205263,0.018936551559326054,62
BT-HQ,508,32815,32191,0.0190156940423587,40100,39263,0.0208728179551122,49526,48181,0.027157452651132785,55107,53558,0.028108951675830607,55308,53412,0.03428075504447814,54585,53238,0.02467710909590548,46509,45265,0.02674751123438479,55366,54594,0.013943575479536174,47269,46295,0.020605470815968197,45179,44270,0.020119967241417513,47015,46054,0.02044028501542061,34677,33999,0.019551864348126946,,563456,550320,0.02331326669695588,211
BT-HQ,508A,27160,26083,0.039653902798232665,35360,33673,0.0477092760180996,40400,37970,0.0601485148514852,44400,41698,0.060855855855855845,46040,43570,0.05364900086880975,44600,42494,0.04721973094170406,38680,36598,0.05382626680455016,46920,44124,0.059590792838874695,40440,38603,0.045425321463897106,38360,36197,0.05638686131386861,38880,37773,0.028472222222222232,30560,29743,0.02673429319371723,,471800,448526,0.04933022467147097,115
BT-HQ,509,76790,74094,0.03510873811694226,69691,66704,0.04286062762767073,82560,79388,0.03842054263565886,101481,96634,0.04776263537016778,113202,107255,0.05253440751930183,111481,106440,0.045218467720956945,97025,92767,0.043885596495748525,111664,106384,0.04728471127668721,102716,97819,0.047675143113049545,97940,94186,0.03832958954461918,104230,98835,0.05176052959800437,78238,76105,0.02726296684475571,,1147018,1096611,0.04394612813399612,514
BT-HQ,509A,4106,3965,0.034339990258158815,3791,3658,0.03508309153257716,4729,4545,0.038908860224148856,5512,5274,0.04317851959361396,6332,6040,0.04611497157296274,5798,5542,0.044153156260779536,4913,4728,0.03765520048849991,5777,5560,0.03756274883157351,5030,4825,0.040755467196819106,4706,4573,0.028261793455163664,5101,4887,0.041952558321897704,3880,3885,0,,59675,57482,0.03674905739421863,26
BT-HQ,509B,66,67,0,60,61,0,63,63,0,118,118,0,85,85,0,95,95,0,82,82,0,72,72,0,116,115,0.008620689655172376,91,91,0,118,118,0,56,55,0.017857142857142905,,1022,1022,0,1
BT-HQ,509G,0,0,,0,0,,0,0,,0,0,,0,0,,0,0,,0,0,,0,0,,0,0,,0,0,,0,0,,0,0,,,0,0,,0
BT-HQ,51,165150,165214,0,170476,170542,0,133124,133178,0,132242,132317,0,125572,125643,0,123274,123340,0,111466,111521,0,136480,136549,0,165312,165395,0,176021,176103,0,211454,211529,0,194618,194693,0,,1845189,1846024,0,1
BT-HQ,510,7968,7850,0.014809236947791127,7497,7377,0.01600640256102437,9510,9368,0.014931650893796,11033,10850,0.016586603824888968,12005,11775,0.019158683881715932,11164,10969,0.01746685775707635,8778,8612,0.018910913647755767,10067,9913,0.015297506705076014,9408,9263,0.015412414965986443,8665,8522,0.01650317368724752,8951,8805,0.016311026700927322,6710,6617,0.013859910581222046,,111756,109921,0.01641970006084681,31
BT-HQ,510A,20642,20215,0.020685980040693774,15364,14893,0.030656079146055726,22002,21385,0.028042905190437284,27669,28667,0,30046,28689,0.04516408174132991,30684,30283,0.013068700299830538,26336,26894,0,31052,29967,0.03494138863841301,26863,27656,0,31348,23693,0.2441942069669516,18737,24871,0,18657,19179,0,,299400,296392,0.01004676018704076,32
BT-HQ,511,42120,40579,0.036585944919278246,39160,37671,0.03802349336057198,45880,44257,0.03537489102005231,55200,52699,0.0453079710144928,62840,59405,0.05466263526416293,61720,58798,0.04734283862605315,51920,49226,0.05188751926040058,58440,54699,0.06401437371663243,53640,50250,0.06319910514541383,49400,46509,0.058522267206477685,48280,45246,0.06284175642087819,36440,34290,0.059001097694840854,,605040,573629,0.05191557582969719,268
BT-HQ,511A,13119,12958,0.01227227685036969,14607,14390,0.014855891011159028,17296,17028,0.015494912118408921,18891,18687,0.010798793076068014,21967,21366,0.027359220649155525,21727,21334,0.018088093155981033,12864,12799,0.005052860696517447,13846,13552,0.02123356926188069,12527,12487,0.003193102897740885,10240,10108,0.012890625000000044,11351,11071,0.024667430182362837,11295,11333,0,,179730,177113,0.014560729983864706,23
BT-HQ,511B,0,0,,0,0,,0,0,,0,0,,0,0,,0,0,,0,0,,14827,14665,0.010926013354016328,8691,8596,0.010930848003681937,8459,8356,0.012176380186783353,8564,8469,0.011092947220924798,6230,6158,0.011556982343499222,,46771,46244,0.011267665861324327,80
BT-HQ,511C,0,0,,0,0,,0,0,,0,0,,0,0,,0,0,,0,0,,0,0,,0,0,,0,0,,4873,4970,0,4769,4803,0,,9642,9773,0,48
BT-HQ,512,15253,14814,0.02878122336589528,15466,14806,0.042674253200568946,16111,15578,0.03308298677921917,17811,17292,0.029139295940710852,20176,19274,0.04470658207771605,19469,18934,0.027479582926703938,17629,17135,0.028022009189403785,20107,19219,0.0441637240761924,19385,18586,0.041217436161980925,18899,18815,0.004444679612677915,19509,18504,0.051514685529755466,16204,15550,0.04036040483831149,,216019,208507,0.034774718890468015,129
BT-HQ,512A,5757,5690,0.011638005905853732,5148,5090,0.011266511266511237,6987,6898,0.012737941892085325,9077,8971,0.011677867136719144,11817,11679,0.011678090886011683,10329,10118,0.020427921386387826,9795,9789,0.000612557427258853,11454,11329,0.01091321808975032,9968,9858,0.011035313001605096,9577,9529,0.005012007935679241,9061,8968,0.010263767796048984,7294,7237,0.007814642171647956,,106264,105156,0.01042686140179172,57
BT-HQ,512B,18400,17867,0.028967391304347778,19068,18833,0.012324312985105945,20278,20008,0.013314922576190935,23536,23204,0.014106050305914386,24121,23778,0.014219974296256321,23837,23515,0.01350841129336744,23436,23132,0.01297149684246457,25702,25377,0.012644930355614314,23409,22708,0.02994574736212563,20629,20979,0,22560,22123,0.019370567375886494,18416,19530,0,,263392,261054,0.00887650346251978,40
BT-HQ,513,12793,12573,0.017196904557179704,12001,11773,0.01899841679860015,13777,13504,0.01981563475357484,15960,15649,0.019486215538847107,19270,18926,0.017851582771146846,17698,17374,0.01830715335066113,16181,15892,0.017860453618441352,17570,17267,0.017245304496300462,15245,14741,0.033060019678583186,13732,13837,0,15457,15101,0.023031636151905288,12135,11687,0.0369180057684384,,181819,178324,0.019222413499139224,82
BT-HQ,513A,1124,1165,0,1150,1193,0,2091,2107,0,2618,2612,0.0022918258212375475,3109,3111,0,2784,2785,0,2764,2754,0.00361794500723589,3509,3495,0.003989740666856645,3180,3113,0.021069182389937158,2471,2548,0,3088,3076,0.0038860103626943143,2594,2576,0.006939090208172738,,30482,30535,0,15
BT-HQ,514,11974,11675,0.02497077000167025,11169,10885,0.02542752260721637,13081,12749,0.025380322605305428,13963,13627,0.024063596648284724,16504,16145,0.021752302472128004,14137,13838,0.021150173304095632,12249,11966,0.023103926851171575,14467,14121,0.02391649961982445,13995,13423,0.04087173990710968,13103,13142,0,14738,14371,0.02490161487311715,11604,11317,0.024732850741123746,,160984,157259,0.023138945485265627,161
BT-HQ,514A,11942,11666,0.023111706581812053,10978,10734,0.022226270723264663,12480,12209,0.021714743589743568,13894,13574,0.02303152439902112,16530,16159,0.02244404113732612,14651,14292,0.024503446863695322,12945,12707,0.01838547701815374,15611,15245,0.023445006726026563,14505,13927,0.03984832816270256,12991,13085,0,14319,13876,0.03093791465884488,11270,11085,0.016415261756876687,,162116,158559,0.021941079227219995,149
BT-HQ,514B,1138,1008,0.11423550087873457,889,835,0.06074240719910007,928,922,0.006465517241379337,1206,1198,0.0066334991708125735,1769,1761,0.0045223289994347216,1377,1362,0.01089324618736387,1265,1262,0.002371541501976271,1335,1325,0.0074906367041198685,1303,1263,0.03069838833461247,1410,1445,0,1569,1544,0.015933715742511123,1233,1231,0.0016220600162205612,,15422,15156,0.017248087148229785,12
BT-HQ,514C,1707,1679,0.016403046280023426,1599,1573,0.016260162601625994,1969,1943,0.013204672422549524,1818,1794,0.01320132013201325,2136,2116,0.009363295880149836,1961,1935,0.013258541560428383,1897,1882,0.007907221929362107,1976,1883,0.04706477732793524,1704,1744,0,2062,2031,0.015033947623666388,1927,1902,0.012973533990659036,1582,1558,0.015170670037926715,,22338,22040,0.01334049601575793,20
BT-HQ,514D,209,207,0.009569377990430672,173,171,0.011560693641618491,235,233,0.008510638297872353,351,348,0.008547008547008517,457,455,0.004376367614879695,344,342,0.005813953488372103,279,277,0.007168458781361964,374,372,0.005347593582887722,353,350,0.008498583569405138,319,316,0.009404388714733591,322,319,0.009316770186335366,213,211,0.009389671361502372,,3629,3601,0.007715624138881272,1
BT-HQ,514E,762,760,0.002624671916010457,693,690,0.0043290043290042934,822,816,0.007299270072992692,1278,1277,0.0007824726134585402,1485,1480,0.0033670033670033517,0,1320,0,125,1262,0,2336,2368,0,1653,1645,0.004839685420447659,1487,1481,0.00403496973772699,1693,1687,0.0035440047253396667,1169,1162,0.005988023952095856,,13503,15948,0,6
BT-HQ,515,14520,14036,0.033333333333333326,12990,12551,0.0337952270977675,15090,14612,0.031676607024519576,17700,17256,0.025084745762711913,20940,20950,0,20964,18930,0.09702346880366342,17808,15985,0.1023697214734951,20967,20774,0.009204941097915809,18912,17932,0.05181895093062605,18112,17190,0.05090547703180215,20490,19333,0.05646656905807712,17869,16920,0.05310873579942921,,216362,206469,0.045724295393830716,190
BT-HQ,516,6401,6145,0.03999375097640989,6277,6044,0.03711964314162819,6222,6009,0.03423336547733846,6955,6718,0.03407620416966206,9677,7928,0.18073783197271887,5351,6538,0,6910,6647,0.038060781476121575,6775,6436,0.050036900369003656,7965,7571,0.04946641556811049,7507,7213,0.03916344744904754,6838,6619,0.032026908452764014,6754,6483,0.04012437074326325,,83632,80351,0.03923139468146164,89
BT-HQ,517,28301,28327,0,27964,27986,0,35030,35056,0,11752,11777,0,31164,31177,0,28520,28553,0,19807,19817,0,23819,23841,0,19946,19964,0,19340,19359,0,23696,23718,0,20883,20904,0,,290222,290479,0,1
BT-HQ,518,13774,13754,0.0014520110352839177,14458,14430,0.001936644072485838,12102,12083,0.0015699884316642265,1768,6201,0,0,13753,0,0,14623,0,9748,10501,0,10598,11369,0,9824,10542,0,5898,6652,0,6524,7292,0,6494,7239,0,,91188,128439,0,1
BT-HQ,519,26340,26012,0.012452543659832949,23460,22976,0.02063086104006817,27090,26415,0.02491694352159468,31080,30503,0.018564993564993526,50550,35941,0.2890009891196835,19399,32516,0,30785,29876,0.029527367224297496,34877,33924,0.027324597872523393,31891,30971,0.02884826440061461,32759,31796,0.02939650172471686,34077,33099,0.028699709481468494,28067,27163,0.03220864360280762,,370375,361192,0.024793790077624056,285
BT-HQ,520,14439,15847,0,13093,10434,0.20308561826930416,13809,13935,0,16031,15634,0.024764518744931685,20446,19908,0.026313215298836012,17252,16823,0.024866682123811712,16164,15772,0.024251422915120058,19130,18696,0.022686879247255654,21221,20192,0.04848970359549498,15873,16081,0,17177,16597,0.03376608255225011,13367,13017,0.026183885688636166,,198002,192936,0.02558560014545308,136
BT-HQ,521,5280,5155,0.02367424242424243,4646,4521,0.026904864399483475,5699,5579,0.02105632567117033,6168,6023,0.023508430609597952,7775,7613,0.02083601286173631,6432,6299,0.020677860696517447,5240,5135,0.020038167938931317,6265,6142,0.01963288108539507,6013,5888,0.020788292033926514,6227,6053,0.027942829612975784,6438,6347,0.014134824479652086,5032,4922,0.021860095389507173,,71215,69677,0.021596573755529036,87
BT-HQ,522,20130,19696,0.021559860904123207,17550,17089,0.026267806267806226,20100,19635,0.023134328358208944,22770,22316,0.019938515590689487,26820,26234,0.021849366144668148,25076,24491,0.023329079598021996,22832,22104,0.03188507358093906,25892,25267,0.024138730109686368,22708,22020,0.030297692443191804,22845,22258,0.025694900415845878,23463,22718,0.03175212035971531,19326,18750,0.029804408568767427,,269512,262578,0.02572798242749863,225
BT-HQ,523,16440,15769,0.0408150851581508,15617,14940,0.04335019529999362,16517,15814,0.04256220863352911,18140,17366,0.04266813671444325,20618,19751,0.04205063536715492,19510,18743,0.039313172731932355,18138,17403,0.040522659609659284,21275,20399,0.04117508813160986,20085,19241,0.04202140901170026,20708,19794,0.04413753138883525,20199,19370,0.04104163572454078,17632,16928,0.03992740471869327,,224879,215518,0.04162683042880844,153
BT-HQ,524,4148,4094,0.013018322082931522,3856,3790,0.017116182572614158,4395,4276,0.027076222980659814,4989,4808,0.036279815594307485,6254,6213,0.006555804285257483,5535,5463,0.013008130081300862,4938,4921,0.0034426893479141407,6171,6149,0.0035650623885917776,5496,5442,0.009825327510917026,5640,5507,0.023581560283687963,5591,5616,0,6092,4739,0.22209455022980962,,63105,61018,0.03307186435306231,75
BT-HQ,525,7528,7735,0,7477,7633,0,8301,8439,0,10022,9925,0.009678706844941098,12429,11167,0.10153672861855334,8688,10015,0,9392,9300,0.009795570698466816,10459,10434,0.002390285878191012,8268,8133,0.01632801161103048,9033,8907,0.013948854201262018,8085,7980,0.012987012987012991,6948,6869,0.011370178468624093,,106630,106537,0.0008721748100909421,54
BT-HQ,525A,9426,9200,0.023976235943136026,8501,8298,0.023879543583107843,10771,10495,0.02562436171200444,12237,12024,0.01740622701642558,14442,14160,0.019526381387619418,12843,12582,0.020322354590049052,10821,10568,0.023380463912762273,13135,12853,0.02146935668062433,12136,11866,0.022247857613711286,12762,12468,0.023037141513869264,12427,12132,0.023738633620342786,9884,9666,0.02205584783488468,,139385,136312,0.022046848656598672,99
BT-HQ,525B,19,1039,0,835,845,0,922,887,0.037960954446854656,865,888,0,1094,1049,0.0411334552102377,933,934,0,827,867,0,1309,1102,0.15813598166539344,2129,2155,0,2102,2062,0.01902949571836343,1994,1977,0.00852557673019061,1642,1663,0,,14671,15468,0,4
BT-HQ,525C,124,123,0.008064516129032251,148,148,0,568,570,0,823,825,0,881,883,0,1457,1494,0,1175,1176,0,1368,1370,0,94,91,0.03191489361702127,101,97,0.03960396039603964,118,115,0.025423728813559365,88,85,0.03409090909090906,,6945,6977,0,2
BT-HQ,525D,0,0,,0,0,,0,0,,0,0,,0,0,,0,0,,8551,8548,0.000350836159513479,8760,8760,0,7528,7526,0.0002656748140276166,7532,7530,0.00026553372278281806,5632,5629,0.0005326704545454142,3769,3765,0.0010612894667020312,,41772,41758,0.0003351527338887328,1
BT-HQ,526,9866,9703,0.016521386580174324,9744,9572,0.01765188834154352,10370,10213,0.015139826422372216,10562,10395,0.015811399356182587,12965,12765,0.015426147319706929,10309,10152,0.01522941119410226,8937,8784,0.017119838872104776,11153,10964,0.016946113153411657,9879,9717,0.016398420892802967,10062,9896,0.01649771417213275,9908,9733,0.01766249495357286,8208,8053,0.018884015594541892,,121963,119947,0.01652960324032704,125
BT-HQ,527,10933,10578,0.03247050214945579,11823,11442,0.032225323521948734,12012,11657,0.02955377955377958,13484,12884,0.044497181845149836,14712,12160,0.17346383904295815,8175,10154,0,8903,8654,0.027968100640233584,11055,10775,0.025327905924920846,9752,9514,0.024405250205086104,9929,9648,0.02830093665021649,10496,10231,0.025247713414634165,8766,8506,0.029660050193931142,,130040,126203,0.029506305752076245,161
BT-HQ,527A,9530,9203,0.034312696747114346,9963,9601,0.03633443741844822,11181,10751,0.03845809856005722,10335,9983,0.034059022738268,12011,11600,0.03421863291982352,9710,9321,0.04006179196704429,8200,7929,0.03304878048780491,10890,10564,0.029935720844811775,9624,9309,0.0327306733167082,9631,9326,0.03166857024192715,9535,9223,0.03272155217619299,8385,8058,0.03899821109123436,,118995,114868,0.0346821295012395,122
BT-HQ,528,8027,7650,0.04696648810265358,8674,8313,0.041618630389670286,8165,7833,0.04066135946111449,6672,6387,0.04271582733812951,8062,7797,0.032870255519722114,6395,6176,0.03424550430023454,5444,5243,0.03692138133725198,7325,7075,0.03412969283276446,6093,5881,0.03479402593139669,5983,5774,0.03493230820658533,5992,5773,0.036548731642189636,5159,4959,0.03876720294630742,,81991,78861,0.03817492163774072,124
BT-HQ,529,11257,11017,0.021320067513547092,10738,10492,0.022909294095734722,12413,12140,0.02199307177958587,13682,13479,0.014837012132729144,15372,15030,0.022248243559718994,14096,13772,0.022985244040862662,13077,12765,0.023858683184216578,15509,15143,0.023599200464246572,13937,13622,0.022601707684580585,15025,15238,0,14510,13432,0.07429359062715368,12734,12209,0.041228207947227924,,162350,158339,0.024705882352941133,101
BT-HQ,530,9206,9035,0.018574842494025634,8703,8536,0.019188785476272563,10007,9849,0.015788947736584347,11489,11286,0.017669074767168613,13272,13090,0.01371308016877637,11656,11472,0.015785861358956765,10070,9890,0.01787487586891756,12190,12004,0.015258408531583223,10919,10715,0.018683029581463506,12002,11791,0.017580403266122313,11592,11390,0.017425810904071803,9643,9542,0.010473918904905122,,130749,128600,0.016436072168812044,114
BT-HQ,531,15960,15361,0.03753132832080197,18870,18079,0.04191838897721256,22050,20966,0.049160997732426326,26370,25178,0.04520288206295031,25290,24114,0.04650059311981025,24540,23250,0.05256723716381417,22380,21330,0.046916890080428986,25920,24757,0.044868827160493785,22560,21563,0.04419326241134747,22830,21839,0.04340779675865092,22650,21685,0.0426048565121413,17790,17086,0.03957279370432831,,267210,255208,0.04491598368324534,188
BT-HQ,531A,0,0,,0,0,,0,0,,0,0,,0,0,,0,0,,0,0,,0,0,,0,0,,0,0,,0,0,,0,0,,,0,0,,0
BT-HQ,532,8550,8279,0.031695906432748555,8250,8003,0.029939393939393932,10050,9676,0.037213930348258706,11880,11467,0.034764309764309775,15060,14500,0.03718459495351922,12720,12239,0.037814465408805065,11880,11952,0,12600,14674,0,10890,10567,0.02966023875114787,10590,10481,0.010292728989612865,10530,9974,0.05280151946818612,8850,8663,0.02112994350282482,,131850,130475,0.010428517254455816,78
BT-HQ,532A,3695,3649,0.012449255751014854,3405,3356,0.014390602055800339,4210,4154,0.013301662707838502,5436,5370,0.012141280353200834,6107,6030,0.012608482069756066,5666,5598,0.012001411930815387,4845,4787,0.011971104231166096,5522,5452,0.012676566461427008,5009,4947,0.012377720103813106,5401,5335,0.012219959266802416,4852,4788,0.013190436933223415,4002,3943,0.014742628685657122,,58150,57409,0.012742906276870136,46
BT-HQ,532B,1400,1387,0.00928571428571423,1332,1319,0.009759759759759734,1332,1316,0.012012012012011963,1515,1499,0.010561056105610533,1674,1656,0.010752688172043001,1234,1220,0.011345218800648316,1180,1165,0.012711864406779627,1186,1174,0.010118043844856706,1089,1077,0.011019283746556474,1103,1090,0.011786038077969185,1008,998,0.009920634920634885,927,916,0.011866235167206085,,14980,14817,0.010881174899866508,3
BT-HQ,533,11982,11448,0.04456685027541307,11170,10662,0.04547896150402864,13122,12447,0.05144032921810704,14089,13353,0.052239335651927066,16858,15948,0.05398030608613125,15054,14281,0.05134847880961868,13010,12384,0.04811683320522675,15831,15040,0.04996525803802665,13812,13128,0.04952215464813203,14967,14205,0.05091200641411109,13985,13293,0.04948158741508757,17584,10891,0.380630118289354,,171464,157080,0.08388932953856199,195
BT-HQ,534,9679,9825,0,10099,9556,0.05376769977225471,11470,11122,0.0303400174367916,14193,14362,0,15907,15007,0.056578864650782656,15593,15457,0.008721862374142297,13112,13187,0,13502,12841,0.04895571026514589,10778,11053,0,12254,11809,0.03631467275991518,13657,13377,0.02050230650948237,10784,10686,0.009087537091988174,,151028,148282,0.01818205895595515,21
BT-HQ,534A,11913,11456,0.038361453873919205,11755,11338,0.03547426626967243,14731,14069,0.04493924377163805,18305,17631,0.03682054083583719,22893,22046,0.03699820905953788,22817,21711,0.04847263005653679,19978,19563,0.020772850135148624,24014,23119,0.03726992587657196,26608,23253,0.12608989777510526,32968,33462,0,32407,31271,0.035054154966519535,26363,26120,0.009217463869817588,,264752,255039,0.03668716383634496,44
BT-HQ,534B,9600,10590,0,7020,7077,0,8340,8387,0,7860,7791,0.008778625954198427,9660,9656,0.00041407867494824835,9840,9842,0,12060,11648,0.03416252072968495,13920,11340,0.18534482758620685,11820,11720,0.008460236886632777,11640,11644,0,10800,10726,0.006851851851851887,8640,10180,0,,121200,120601,0.004942244224422465,2
BT-HQ,535,7344,7186,0.02151416122004357,8491,8319,0.020256742433164554,9724,9483,0.024784039489921805,11677,11361,0.027061745311295682,10396,10086,0.029819161215852263,10593,10571,0.0020768431983385627,10008,9726,0.02817745803357319,11742,11391,0.029892692897291795,10911,10792,0.010906424709009266,10773,10487,0.026547851109254617,10864,10546,0.029270986745213556,8780,8503,0.03154897494305242,,121303,118451,0.023511372348581694,118
BT-HQ,536,0,0,,0,0,,0,0,,0,0,,0,0,,0,0,,0,0,,0,0,,0,0,,0,0,,0,0,,0,0,,,0,0,,0
BT-HQ,537,2549,2512,0.014515496273048267,2818,2771,0.016678495386799108,2614,2570,0.016832440703902107,3347,3289,0.01732895129967138,3273,3216,0.01741521539871682,3214,3159,0.0171126322339763,3270,3212,0.017737003058103995,3678,3611,0.018216421968461072,3984,3910,0.01857429718875503,3481,3417,0.018385521401895977,3171,3114,0.01797540208136239,2955,2902,0.017935702199661563,,38354,37683,0.01749491578453355,1
BT-HQ,537A,0,1393,0,0,1450,0,0,1318,0,0,1393,0,0,1352,0,0,1305,0,0,1283,0,0,1434,0,0,1400,0,0,1365,0,0,1311,0,0,1304,0,,0,16308,0,1
BT-HQ,538,19757,19767,0,22425,22434,0,21350,21360,0,25296,25306,0,21705,21706,0,21053,21054,0,20765,20762,0.00014447387430771563,24469,24460,0.00036781233397364943,27231,27145,0.003158165326282547,21028,21138,0,22456,22521,0,20466,20197,0.013143750610769112,,268001,267850,0.0005634307334674293,1
BT-HQ,539,0,10098,0,0,11230,0,0,12259,0,0,16097,0,0,13139,0,0,13039,0,0,12554,0,0,13904,0,0,14657,0,0,13364,0,0,12013,0,0,10680,0,,0,153034,0,1
BT-HQ,540,3457,3401,0.01619901648828459,3285,3170,0.03500761035007616,4350,4301,0.011264367816091969,4819,4670,0.030919277858476812,5521,5265,0.04636841151965221,5154,5029,0.024253007372914248,4445,4414,0.0069741282339707,5736,5451,0.04968619246861927,4644,4653,0,4990,4835,0.03106212424849697,4771,4655,0.024313561098302294,3806,3847,0,,54978,53691,0.02340936374549818,22
BT-HQ,540A,1707,1668,0.02284710017574687,1638,1599,0.023809523809523836,1814,1778,0.019845644983461974,2001,1958,0.02148925537231383,2164,2128,0.01663585951940849,2054,2016,0.01850048685491723,1868,1826,0.0224839400428265,2203,2149,0.024512029051293682,2073,2026,0.022672455378678236,2256,2227,0.012854609929078054,2214,2156,0.02619692863595302,1819,1798,0.011544804837822942,,23811,23329,0.020242744949813152,28
BT-HQ,540B,526,516,0.019011406844106515,522,512,0.019157088122605415,544,538,0.011029411764705843,563,554,0.01598579040852577,577,571,0.010398613518197597,533,525,0.015009380863039379,535,527,0.01495327102803734,609,600,0.014778325123152691,649,642,0.01078582434514641,669,664,0.007473841554558991,665,651,0.021052631578947323,484,485,0,,6876,6785,0.013234438627108824,8
BT-HQ,541,81545,81541,4.9052670304750023e-05,91080,91079,1.0979358805451866e-05,97877,97875,2.043380978167253e-05,113109,113108,8.841029449424553e-06,101299,101296,2.961529728817691e-05,100353,100351,1.99296483414102e-05,99852,99851,1.0014821936410456e-05,107566,107564,1.859323578079497e-05,109504,109501,2.739625949732538e-05,101221,101222,0,94378,94375,3.178706902029482e-05,85208,85208,0,,1182992,1182971,1.775159933459225e-05,1
BT-HQ,542,11445,11390,0.004805591961555278,12225,12164,0.004989775051124745,13580,13509,0.005228276877761395,15868,15783,0.005356692714897915,8825,8771,0.0061189801699716995,8942,8886,0.006262581078058549,8560,8504,0.0065420560747663226,9229,9171,0.006284537869758355,9705,9586,0.012261720762493544,8758,8764,0,8338,8419,0,8078,7855,0.027605843030453103,,123553,122802,0.006078363131611586,1
BT-HQ,543,25197,25106,0.0036115410564749872,24801,24704,0.003911132615620372,25858,25768,0.003480547606156681,20606,20529,0.003736775696399075,27100,27007,0.003431734317343227,25191,25101,0.0035727045373347144,22554,22471,0.003680056752682459,21399,21321,0.003645030141595451,20302,20228,0.003644961087577614,22947,22860,0.0037913452738920217,26775,26667,0.004033613445378115,23179,23096,0.0035808274731438106,,285909,284858,0.0036759948095372863,1
BT-HQ,544,0,0,,0,0,,0,0,,0,0,,0,0,,0,0,,0,0,,0,0,,0,0,,0,0,,0,0,,0,0,,,0,0,,0
BT-HQ,545,5452,5414,0.006969919295671367,6278,6239,0.006212169480726337,6640,6599,0.006174698795180733,8757,8704,0.0060523010163298085,7999,7949,0.006250781347668433,8206,8153,0.006458688764318765,7874,7821,0.006731013462026869,8765,8712,0.00604677695379352,8647,8639,0.0009251763617439401,7651,7496,0.020258789700692725,7670,7677,0,7001,6900,0.014426510498500189,,90940,90303,0.007004618429733878,1
BT-HQ,545A,0,14212,0,0,16498,0,0,18552,0,0,23503,0,0,19548,0,0,19828,0,0,19167,0,0,22172,0,0,23270,0,0,21887,0,0,20407,0,0,18456,0,,0,237500,0,1
BT-HQ,545B,0,4760,0,0,5667,0,0,6413,0,0,8034,0,0,7397,0,0,7425,0,0,6819,0,0,8868,0,0,9080,0,0,8507,0,0,7780,0,0,6866,0,,0,87616,0,1
BT-HQ,546,23023,23070,0,25287,25203,0.0033218649899157127,27962,27936,0.0009298333452543162,32883,32852,0.0009427363683361945,24238,24211,0.0011139532964765664,18545,18522,0.0012402264761390835,17812,17786,0.0014596900965641035,18883,18856,0.0014298575438225214,19414,19206,0.01071391779128461,17495,17476,0.0010860245784509726,15939,16294,0,13585,13272,0.023040117776959912,,255066,254684,0.0014976515882163532,1
BT-HQ,546A,0,0,,0,0,,0,0,,0,0,,0,0,,30335,30410,0,16299,16340,0,18190,18234,0,19520,19564,0,18690,18728,0,18289,18322,0,17285,17313,0,,138608,138911,0,1
BT-HQ,547,256840,256817,8.95499143435119e-05,273617,273563,0.0001973561584258654,292114,292076,0.0001300861992236113,353774,353703,0.0002006930978534216,287237,287149,0.0003063672159226982,329352,329300,0.0001578857878500317,294159,294095,0.00021756940974093641,351572,351509,0.00017919515774866834,343216,343154,0.00018064425900887748,308474,306318,0.006989243826059921,315097,322203,0,293049,285070,0.02722752850205934,,3698501,3694957,0.0009582260488776306,1
BT-HQ,548,0,2437,0,0,2687,0,0,2770,0,0,3377,0,0,2863,0,0,2797,0,0,2575,0,0,2752,0,0,2857,0,0,2616,0,0,2495,0,0,1810,0,,0,32036,0,1
BT-HQ,549,42433,40951,0.03492564749133931,49974,48159,0.0363188858206267,56301,54382,0.034084652137617466,70409,67962,0.03475407973412492,64041,61884,0.03368154775846721,67448,65132,0.034337563752816935,58321,56258,0.03537319318941723,75469,72834,0.034914998211186044,65360,63185,0.03327723378212977,61048,58863,0.03579150832132094,60310,58158,0.0356823080749461,47871,46032,0.03841574230745126,,718985,693800,0.03502854718804982,306
BT-HQ,549A,8583,9427,0,8976,9807,0,14050,14877,0,9407,10262,0,15209,16028,0,16379,17283,0,10614,11450,0,10520,11361,0,11373,12297,0,10262,11108,0,7848,8704,0,8198,8967,0,,131419,141571,0,1
BT-HQ,550,26162,25677,0.018538338047549896,27305,26710,0.02179088079106395,33849,32895,0.028183993618718373,41734,40435,0.031125700867398298,37242,36280,0.02583105096396543,37594,36541,0.02800978879608451,32756,31945,0.0247588228110881,38014,37055,0.025227547745567458,30382,29804,0.019024422355341963,35519,34743,0.021847461921788325,32504,31371,0.03485724833866599,27088,26768,0.011813349084465408,,400149,390224,0.02480326078535744,157
BT-HQ,551,0,0,,0,0,,0,0,,0,0,,0,0,,0,0,,0,0,,0,0,,0,0,,0,0,,0,0,,0,0,,,0,0,,0
BT-HQ,551A,0,744,0,0,952,0,0,1365,0,0,1386,0,0,1370,0,0,1324,0,0,1201,0,0,1175,0,0,1225,0,0,1142,0,0,1065,0,0,988,0,,0,13937,0,1
BT-HQ,552,0,15146,0,0,16989,0,0,18124,0,0,22727,0,0,20734,0,0,21272,0,0,20691,0,0,20656,0,0,21903,0,0,19808,0,0,19612,0,0,17766,0,,0,235428,0,1
BT-HQ,552A,0,3684,0,0,3507,0,0,4096,0,0,5290,0,0,4350,0,0,4324,0,0,4222,0,0,4194,0,0,4535,0,0,4397,0,0,4087,0,0,3639,0,,0,50325,0,1
BT-HQ,553,0,6281,0,0,6584,0,0,6444,0,0,7537,0,0,6215,0,0,5605,0,0,6333,0,0,7388,0,0,7597,0,0,7004,0,0,7336,0,0,7685,0,,0,82009,0,1
BT-HQ,553A,0,2209,0,0,2899,0,0,2690,0,0,3211,0,0,2280,0,0,1985,0,0,2105,0,0,2615,0,0,2096,0,0,2113,0,0,2000,0,0,1918,0,,0,28121,0,1
BT-HQ,554,1375,1366,0.006545454545454521,1585,1574,0.006940063091482651,1601,1591,0.006246096189881367,1878,1841,0.01970181043663477,1803,1791,0.006655574043261225,1878,1866,0.006389776357827448,1956,1943,0.006646216768916191,2093,2079,0.006688963210702337,1975,1961,0.00708860759493668,1922,1909,0.006763787721123848,1913,1899,0.00731834814427601,1778,1766,0.006749156355455588,,21757,21586,0.007859539458565101,1
BT-HQ,555,0,0,,0,0,,0,0,,0,0,,0,0,,0,0,,0,0,,0,0,,0,0,,0,0,,0,0,,0,0,,,0,0,,0
BT-HQ,556,0,2982,0,0,3284,0,0,3196,0,0,4098,0,0,3624,0,0,3444,0,0,3220,0,0,3775,0,0,3947,0,0,3464,0,0,3349,0,0,2940,0,,0,41323,0,1
BT-HQ,556A,0,7292,0,0,7684,0,0,9078,0,0,11431,0,0,10802,0,0,9781,0,0,11024,0,0,12490,0,0,11987,0,0,10889,0,0,10678,0,0,12846,0,,0,125982,0,1
BT-HQ,556B,0,0,,0,0,,0,0,,0,0,,0,0,,0,0,,0,0,,0,0,,0,0,,0,0,,0,0,,0,0,,,0,0,,1
BT-HQ,557,22380,22500,0,25320,25421,0,27120,27213,0,24600,24733,0,25080,25154,0,24180,24315,0,22260,22352,0,23910,24029,0,25590,25715,0,19770,19858,0,22440,22535,0,22650,22801,0,,285300,286626,0,1
BT-HQ,557A,0,4514,0,0,4190,0,0,4589,0,0,5561,0,0,5133,0,0,4777,0,0,4893,0,0,5433,0,0,5472,0,0,5253,0,0,4871,0,0,4693,0,,0,59379,0,1
BT-HQ,557B,14598,14590,0.0005480202767502718,16561,16550,0.0006642110983636762,17551,17538,0.0007406985356960272,21486,21472,0.0006515870799590484,18663,18649,0.0007501473503723766,18538,18529,0.00048548926529290437,17839,17818,0.0011771960311676155,20473,20457,0.0007815171201094318,21167,21151,0.0007558936079746781,19598,19657,0,18036,18226,0,17366,16950,0.023954854313025464,,221876,221587,0.0013025293407128435,1
BT-HQ,557C,0,1541,0,0,1647,0,0,2520,0,0,3744,0,0,3203,0,0,3177,0,0,3189,0,0,3525,0,0,3646,0,0,3396,0,0,2992,0,0,2756,0,,0,35336,0,1
BT-HQ,558,4035,4001,0.008426270136307257,3366,3336,0.0089126559714795,3629,3595,0.00936897216864152,4540,4497,0.009471365638766494,4506,4464,0.009320905459387463,4534,4490,0.009704455227172448,4389,4349,0.00911369332421963,4659,4620,0.00837089504185451,4669,4628,0.008781323623902382,4369,4331,0.00869764248111693,3876,3844,0.008255933952528327,3817,3787,0.007859575582918499,,50389,49942,0.008870983746452565,1
BT-HQ,559,3440,3413,0.007848837209302295,3469,3443,0.007494955318535612,3557,3529,0.007871802080404833,4706,4670,0.007649808754781162,3941,3910,0.00786602385181423,3510,3483,0.007692307692307665,3671,3642,0.007899754835194783,4295,4226,0.016065192083818403,3931,3936,0,3453,3426,0.007819287576020906,3764,3735,0.007704569606801326,3709,3682,0.0072795901860339685,,45446,45095,0.007723452008977727,1
BT-HQ,560,4850,4820,0.006185567010309256,4799,4783,0.0033340279224838287,4902,4905,0,5307,5311,0,4868,4872,0,4291,4294,0,4431,4436,0,4620,4623,0,4453,4434,0.004266786436110448,4040,4057,0,4030,3991,0.009677419354838679,3949,3982,0,,54540,54508,0.0005867253392005667,1
BT-HQ,561,0,3952,0,0,4625,0,0,4790,0,0,5723,0,0,5483,0,0,6079,0,0,5512,0,0,5732,0,0,5846,0,0,5337,0,0,4779,0,0,4360,0,,0,62218,0,1
BT-HQ,562,0,0,,0,0,,0,0,,0,0,,0,0,,0,0,,0,0,,0,0,,0,0,,0,0,,0,0,,0,0,,,0,0,,0
BT-HQ,563,0,5856,0,0,6193,0,0,7122,0,0,8887,0,0,7575,0,0,8393,0,0,7882,0,0,7339,0,0,8072,0,0,7497,0,0,6490,0,0,5647,0,,0,86953,0,1
BT-HQ,564,5518,5464,0.00978615440376951,6014,5952,0.010309278350515427,6242,6176,0.010573534123678341,6395,6328,0.010476935105551255,5622,5564,0.010316613304873656,5992,5931,0.010180240320427192,6929,6859,0.010102467888584266,7042,6983,0.00837830161885833,6028,5987,0.006801592568015935,5583,5547,0.006448146157979617,5091,5067,0.004714201532115547,4749,4726,0.004843124868393334,,71205,70584,0.00872129766168106,1
BT-HQ,564A,0,2419,0,0,2846,0,0,3259,0,0,4001,0,0,4474,0,0,4372,0,0,4729,0,0,7352,0,0,4579,0,0,3862,0,0,4395,0,0,3491,0,,0,49779,0,1
BT-HQ,565,4561,4524,0.008112256084192082,4840,4802,0.007851239669421473,4663,4628,0.007505897490885705,4440,4403,0.008333333333333304,3894,3862,0.008217770929635382,3625,3594,0.008551724137931038,4139,4105,0.008214544575984584,3761,3728,0.00877426216431798,3424,3394,0.008761682242990676,3149,3122,0.00857415052397592,3191,3163,0.008774678784080225,3889,3857,0.008228336333247599,,47576,47182,0.008281486463763255,1
BT-HQ,565A,0,4800,0,0,5160,0,0,4770,0,0,4860,0,0,4470,0,0,4740,0,0,4230,0,0,4500,0,0,3600,0,0,3810,0,0,3690,0,0,3840,0,,0,52470,0,1
BT-HQ,566,1440,1539,0,1700,1783,0,1960,2069,0,2420,2498,0,2060,2143,0,2140,2233,0,1980,2060,0,2140,2241,0,2380,2479,0,1820,1899,0,1700,1794,0,2040,2148,0,,23780,24886,0,1
BT-HQ,566A,4768,4765,0.0006291946308725205,5396,5398,0,5709,5704,0.0008758101243649952,0,6374,0,0,5941,0,1576,6131,0,5865,5860,0.0008525149190110604,6335,6332,0.00047355958958172906,6208,6203,0.0008054123711340733,5749,5746,0.0005218298834579471,5601,0,1,5218,0,1,,52425,58454,0,1
BT-HQ,567,0,0,,0,0,,0,0,,0,0,,0,0,,0,0,,0,0,,0,0,,0,0,,0,0,,0,0,,0,0,,,0,0,,0
BT-HQ,568,7199,7180,0.002639255452146161,7799,7777,0.0028208744710860323,7834,7813,0.0026806229257084757,8933,9695,0,6114,8289,0,6985,8926,0,8778,8778,0,9229,9230,0,9589,9589,0,9021,9021,0,8581,8580,0.00011653653420351517,8186,8185,0.00012215978499874325,,98248,103063,0,1
BT-HQ,569,8438,8440,0,8097,8098,0,8578,8575,0.00034973187223130697,11014,11015,0,9743,9741,0.0002052755824694108,10280,10281,0,11710,11708,0.000170794192997481,14899,14902,0,12086,12087,0,11148,11147,8.970218873338709e-05,12735,12739,0,12110,12117,0,,130838,130850,0,1
BT-HQ,570,6265,6318,0,6913,6971,0,7229,7265,0,8800,8861,0,8009,8071,0,8191,8254,0,8000,8069,0,8706,8763,0,9138,9204,0,8399,8455,0,7930,7983,0,6968,7017,0,,94548,95231,0,1
BT-HQ,571,23280,23332,0,27160,27274,0,28920,28969,0,32840,32858,0,31320,31376,0,31120,31121,0,28200,28244,0,31720,28608,0.0981084489281211,28840,42312,0,26840,26795,0.0016766020864381614,36080,36113,0,48120,47964,0.0032418952618453734,,374440,384966,0,1
BT-HQ,572,11778,11792,0,15659,15678,0,15960,15982,0,18870,18896,0,13944,13965,0,14109,14133,0,11208,11229,0,11910,11931,0,12392,12414,0,11626,11645,0,10886,10902,0,9466,9478,0,,157808,158045,0,1
BT-HQ,573,0,0,,0,0,,0,0,,0,0,,0,0,,0,0,,0,0,,0,0,,0,0,,0,0,,0,0,,0,0,,,0,0,,0
BT-HQ,573A,0,740,0,0,616,0,0,486,0,0,511,0,0,467,0,0,491,0,0,551,0,0,610,0,0,511,0,0,529,0,0,485,0,0,484,0,,0,6481,0,1
BT-HQ,573B,728,730,0,795,797,0,904,906,0,854,856,0,809,811,0,905,907,0,1108,1111,0,1674,1678,0,1252,1255,0,1146,1149,0,855,858,0,893,895,0,,11923,11953,0,1
BT-HQ,573C,0,1581,0,0,2649,0,0,1788,0,0,2021,0,0,1794,0,0,1745,0,0,1624,0,0,1691,0,0,1817,0,0,1798,0,0,1696,0,0,1480,0,,0,21684,0,1
BT-HQ,573D,0,4571,0,0,5606,0,0,4632,0,0,5180,0,0,3959,0,0,2854,0,0,3329,0,0,4104,0,0,3987,0,0,2953,0,0,2990,0,0,4135,0,,0,48300,0,1
BT-HQ,573E,0,1536,0,0,1736,0,0,1773,0,0,2045,0,0,1989,0,0,1998,0,0,1918,0,0,2069,0,0,2080,0,0,2051,0,0,2064,0,0,1879,0,,0,23138,0,1
BT-HQ,574,16200,16195,0.00030864197530866555,17750,17804,0,18350,18367,0,20800,20780,0.0009615384615384581,18700,18732,0,18650,18665,0,16250,16298,0,16600,16602,0,17150,17142,0.0004664723032069551,16750,16730,0.0011940298507462366,15200,15214,0,13300,13292,0.0006015037593984918,,205700,205821,0,1
BT-HQ,575,8010,8011,0,9040,9042,0,9817,9822,0,10901,10905,0,9503,9506,0,9988,9992,0,9285,9289,0,10026,10029,0,10076,10079,0,9123,9125,0,8707,8708,0,7859,7860,0,,112335,112368,0,1
BT-HQ,576,3059,3063,0,3505,3507,0,4022,4026,0,4536,4540,0,4093,4096,0,3968,3971,0,3920,3923,0,4111,4114,0,4470,4473,0,4489,4493,0,3832,3836,0,3088,3091,0,,47093,47133,0,1
BT-HQ,576A,908,910,0,1027,1026,0.0009737098344693162,1169,1171,0,1673,1673,0,1497,1498,0,1482,1483,0,1318,1319,0,1440,1440,0,1571,1572,0,1312,1313,0,1175,1176,0,1028,1029,0,,15600,15610,0,1
BT-HQ,576B,104,104,0,303,303,0,273,272,0.00366300366300365,165,166,0,174,174,0,97,97,0,216,216,0,230,231,0,97,96,0.010309278350515427,13,14,0,81,81,0,157,158,0,,1910,1912,0,1
BT-HQ,576C,2765,2765,0,2275,2272,0.0013186813186812918,1791,1790,0.0005583472920156485,2458,2456,0.0008136696501220841,2596,2594,0.0007704160246533309,2058,2056,0.0009718172983479434,1640,1639,0.0006097560975609762,971,971,0,1491,1491,0,1225,1224,0.0008163265306122547,1052,1052,0,808,809,0,,21130,21119,0.0005205868433506566,1
BT-HQ,577,8045,8057,0,8726,8739,0,0,9296,0,0,10571,0,9506,9807,0,9799,9829,0,9321,9348,0,10314,10347,0,10530,10561,0,9504,9531,0,9345,9369,0,8869,8889,0,,93959,114344,0,1
BT-HQ,578,6850,6859,0,7097,7107,0,7323,7334,0,8484,8499,0,7615,7626,0,7420,7431,0,6957,6968,0,7631,7642,0,7385,7396,0,7043,7054,0,6772,6782,0,6549,6559,0,,87126,87257,0,1
BT-HQ,578A,2934,2933,0.0003408316291751978,3395,3394,0.0002945508100147265,3372,3369,0.000889679715302516,3637,3635,0.0005499037668408313,2723,2721,0.0007344840249724482,2466,2466,0,2345,2343,0.0008528784648187404,3331,3329,0.0006004202942059278,1950,1949,0.0005128205128205332,1792,1791,0.0005580357142856984,2514,2514,0,3133,3131,0.0006383657835939971,,33592,33575,0.0005060728744938903,1
BT-HQ,578B,0,1148,0,0,802,0,0,1619,0,0,903,0,0,817,0,0,818,0,0,6184,0,0,20979,0,0,12879,0,0,1278,0,0,1043,0,0,9340,0,,0,57810,0,1
BT-HQ,578C,248,246,0.008064516129032251,257,255,0.0077821011673151474,352,349,0.008522727272727293,731,730,0.001367989056087593,608,605,0.004934210526315819,603,598,0.008291873963515717,557,554,0.0053859964093356805,644,642,0.0031055900621117516,734,732,0.0027247956403270157,739,736,0.004059539918809252,804,799,0.006218905472636815,633,629,0.006319115323854652,,6910,6875,0.00506512301013029,1
BT-HQ,579,2089,2117,0,2211,2251,0,2219,2253,0,2529,2563,0,2277,2317,0,2035,2064,0,1900,1926,0,2176,2198,0,1871,1889,0,1801,1822,0,1764,1782,0,1990,2013,0,,24862,25195,0,1
BT-HQ,58,556960,556960,0,726640,726680,0,853160,853280,0,552270,552410,0,356350,356370,0,224420,224460,0,254850,254900,0,81950,81960,0,63160,63180,0,14100,14100,0,14320,14330,0,27350,27340,0.000365630712979903,,3725530,3725970,0,1
BT-HQ,580,0,3650,0,1741,3957,0,3982,3987,0,4544,4550,0,4538,4544,0,4639,4645,0,4229,4235,0,4371,4378,0,4447,4453,0,4020,4026,0,4131,4179,0,3644,3651,0,,44286,50255,0,1
BT-HQ,580A,1075,1076,0,969,971,0,835,835,0,888,890,0,860,862,0,810,810,0,759,761,0,855,856,0,853,855,0,789,789,0,689,691,0,735,735,0,,10117,10131,0,1
BT-HQ,580B,691,693,0,676,677,0,740,744,0,869,870,0,792,797,0,912,913,0,696,697,0,763,767,0,891,894,0,796,798,0,815,818,0,823,826,0,,9464,9494,0,1
BT-HQ,581,2556,2542,0.005477308294209671,2775,2759,0.005765765765765818,3167,3150,0.005367856015156325,3825,3806,0.004967320261437869,3614,3596,0.004980630879911407,3373,3357,0.00474355173436114,3647,3629,0.004935563476830218,3955,3926,0.007332490518331181,4158,4139,0.004569504569504557,3680,3677,0.0008152173913043015,3284,3283,0.0003045066991473888,3320,3318,0.00060240963855418,,41354,41182,0.004159210717222028,1
BT-HQ,582,9300,9457,0,10260,10410,0,9560,9678,0,11020,11159,0,9400,9515,0,8820,8950,0,8600,8649,0,9560,9503,0.005962343096234335,9380,9337,0.004584221748400896,8100,8261,0,8460,8251,0.024704491725768274,8440,8405,0.00414691943127965,,110900,111575,0,1
BT-HQ,582A,0,223,0,0,237,0,0,449,0,0,622,0,0,652,0,0,799,0,0,1268,0,0,613,0,0,438,0,0,499,0,0,814,0,0,530,0,,0,7144,0,1
BT-HQ,583,6533,6529,0.0006122761365375817,7251,7247,0.000551648048545017,7894,7890,0.0005067139599695958,9412,9408,0.0004249893752655831,9372,9365,0.0007469056764831672,8905,8897,0.0008983717012913672,8280,8268,0.0014492753623188692,8588,8576,0.0013972985561248041,8422,8410,0.0014248397055330875,7739,7727,0.0015505879312572857,7684,7673,0.001431546069755374,8639,8633,0.0006945248292626882,,98719,98623,0.0009724571764300194,1
BT-HQ,583A,159912,159870,0.0002626444544499007,188711,188667,0.0002331607590442264,208655,208599,0.0002683856126141082,241587,241520,0.000277332803503505,249762,249691,0.00028427062563562977,265655,265582,0.0002747924940241786,252669,252601,0.0002691268022591009,248865,248795,0.00028127699756896885,280839,280761,0.00027773920288853837,285467,285386,0.0002837455818009982,260902,260834,0.0002606342611402024,220040,219986,0.0002454099254680653,,2863064,2862292,0.00026964119558625654,1
BT-HQ,584,0,0,,0,0,,0,0,,0,0,,0,0,,0,0,,0,0,,0,0,,0,0,,0,0,,0,0,,0,0,,,0,0,,0
BT-HQ,584A,0,172460,0,0,326250,0,0,420270,0,0,465030,0,0,517910,0,0,302750,0,0,367710,0,0,385150,0,0,293709,0,0,409291,0,0,451269,0,0,278091,0,,0,4389890,0,1
BT-HQ,585,0,0,,0,0,,0,0,,0,0,,0,0,,0,0,,0,0,,0,0,,0,0,,0,0,,0,0,,0,0,,,0,0,,0
BT-HQ,586,0,0,,0,0,,0,0,,0,0,,0,0,,0,0,,0,0,,0,0,,0,0,,0,0,,0,0,,0,0,,,0,0,,0
BT-HQ,587,5840,5830,0.001712328767123239,6488,6477,0.00169543773119607,6665,6658,0.0010502625656414466,8547,8535,0.0014040014040014315,7494,7482,0.0016012810248198228,6981,6969,0.001718951439621863,7246,7232,0.0019321004692244292,8081,8068,0.0016087117930949635,7894,7881,0.0016468203699011585,6890,6918,0,6661,6688,0,7068,7092,0,,85855,85830,0.00029118863199584233,1
BT-HQ,588,10316,10291,0.0024234199302055615,12354,12313,0.003318763153634441,8856,8828,0.003161698283649539,11092,11056,0.0032455824017310064,9584,9546,0.0039649415692821766,7610,7587,0.0030223390275953,9238,9207,0.003355704697986628,8697,8669,0.003219500977348466,7065,7050,0.002123142250530785,6396,6383,0.002032520325203291,6731,6721,0.0014856633486851623,6993,6981,0.001716001716001725,,104932,104632,0.0028589943963709397,1
BT-HQ,589,0,5894,0,0,7499,0,0,5842,0,0,6775,0,0,5336,0,0,5718,0,0,7371,0,0,6405,0,0,3926,0,0,4160,0,0,4612,0,0,6168,0,,0,69706,0,1
BT-HQ,590,0,340,0,0,420,0,0,360,0,0,440,0,0,380,0,0,420,0,0,420,0,0,420,0,0,280,0,0,300,0,0,180,0,0,80,0,,0,4040,0,1
BT-HQ,590A,0,709,0,0,703,0,0,633,0,0,875,0,0,813,0,0,920,0,0,931,0,0,962,0,0,996,0,0,1005,0,0,824,0,0,745,0,,0,10116,0,1
BT-HQ,590B,0,763,0,0,890,0,0,765,0,0,913,0,0,0,,0,0,,0,2594,0,0,841,0,0,851,0,0,830,0,0,724,0,0,753,0,,0,9924,0,1
BT-HQ,591,2677,2616,0.022786701531565146,2850,2820,0.010526315789473717,2738,2712,0.009495982468955444,3404,3370,0.0099882491186839,2982,2952,0.010060362173038184,2975,2949,0.008739495798319341,3013,2978,0.011616329239960144,2969,2946,0.007746716066015513,2854,2831,0.008058864751226302,2661,2645,0.00601277715144688,2754,2734,0.0072621641249092095,2420,2404,0.006611570247933907,,34297,33957,0.00991340350467973,1
BT-HQ,592,0,1072,0,0,1229,0,0,1246,0,0,1524,0,0,1346,0,0,1538,0,0,1483,0,0,1635,0,0,1563,0,0,1495,0,0,1421,0,0,1754,0,,0,17306,0,1
BT-HQ,593,7921,7926,0,7960,7965,0,7814,7818,0,10125,10132,0,10215,10222,0,11839,11846,0,10148,10153,0,9430,9435,0,10186,10192,0,8836,8841,0,8749,8753,0,8323,8327,0,,111546,111610,0,1
BT-HQ,594,330370,330230,0.0004237672912189572,302270,302110,0.000529328084163172,428850,428600,0.0005829544129648534,362720,362540,0.0004962505513894655,175800,175710,0.0005119453924914419,222520,222380,0.0006291569297142141,194420,194330,0.0004629153379281936,160790,160700,0.0005597363020087842,94270,94220,0.0005303914288744549,139070,138990,0.0005752498741641299,227020,226920,0.00044048982468503084,283420,283090,0.001164349728318359,,2921520,2919820,0.0005818888797611832,1
BT-HQ,594A,170100,170090,5.878894767785692e-05,124680,124680,0,144470,144480,0,143970,143980,0,149660,149660,0,114940,114940,0,149290,149300,0,142480,142490,0,79060,79050,0.00012648621300281881,98300,98310,0,103040,103040,0,108640,108640,0,,1528630,1528660,0,1
BT-HQ,595,27360,26303,0.03863304093567255,26200,25251,0.0362213740458015,30880,29704,0.03808290155440419,34760,33574,0.03411967779056391,40080,38850,0.030688622754491024,37600,36815,0.020877659574468077,36080,34354,0.047838137472283826,42440,40977,0.03447219604147034,37160,36012,0.03089343379978471,37920,36617,0.034361814345991615,36080,35308,0.021396895787139658,28720,27501,0.04244428969359326,,415280,401266,0.03374590637642072,167
BT-HQ,596,26400,25047,0.05125000000000002,26240,25352,0.03384146341463412,32200,30935,0.03928571428571426,37440,36101,0.03576388888888893,39200,37908,0.032959183673469394,39960,39102,0.021471471471471437,35440,34111,0.03749999999999998,39089,38019,0.027373429865179433,33222,32093,0.03398350490638735,32025,31048,0.030507416081186567,33169,32235,0.028158822997377042,26903,26184,0.026725643980225255,,401288,388135,0.03277695819461335,184
BT-HQ,597,80786,78035,0.03405292996311238,94622,91573,0.032222950265266004,110583,106618,0.035855420815134376,135608,130802,0.035440386997817264,124623,119846,0.03833160813012049,124860,120567,0.03438250840941859,110334,106203,0.037440861384523405,132905,128462,0.03342989353297465,108681,104790,0.03580202611312,116827,113179,0.031225658452241345,106749,102128,0.04328846171861089,88844,86585,0.025426590428166196,,1335422,1288788,0.03492079657216973,503
BT-HQ,598,2682,2659,0.008575689783743456,2426,2530,0,3143,2993,0.047725103404390734,3810,3748,0.016272965879265078,4047,4023,0.005930318754633013,3727,3694,0.008854306412664381,3148,3121,0.008576874205844964,3867,3832,0.009050943884147955,3561,3528,0.009267059814658807,3206,3179,0.008421709295071689,3386,3355,0.009155345540460713,2258,2238,0.008857395925597866,,39261,38900,0.009194875321565932,21
BT-HQ,599,14730,14171,0.03794976238968095,14490,14146,0.023740510697032424,16560,15995,0.03411835748792269,18540,17802,0.03980582524271847,21960,21022,0.042714025500910746,20430,19775,0.03206069505628972,17790,17047,0.04176503653738051,21270,20443,0.03888105312646917,18960,18284,0.03565400843881861,18960,18327,0.033386075949367044,19500,18822,0.034769230769230774,15780,15147,0.04011406844106469,,218970,210981,0.036484449924647167,187
BT-HQ,600,0,0,,0,0,,0,0,,0,0,,0,0,,0,0,,0,0,,0,0,,0,0,,0,0,,0,0,,0,0,,,0,0,,0
BT-HQ,601,8793,8599,0.02206300466279998,9829,9616,0.0216705666904059,11593,11408,0.01595790563270938,13790,13593,0.014285714285714235,13037,12850,0.014343790749405505,15259,15015,0.015990562946457842,14410,14200,0.014573213046495503,18920,18664,0.013530655391120527,17549,17294,0.014530742492449678,15966,15660,0.01916572717023679,18276,17413,0.04722039833661629,14130,14561,0,,171552,168873,0.015616256295467257,69
BT-HQ,602,0,0,,0,0,,0,0,,0,0,,0,0,,0,0,,0,0,,0,0,,0,0,,0,0,,0,0,,0,0,,,0,0,,0
BT-HQ,603,25437,24790,0.025435389393403285,30136,29435,0.023261215821608672,33463,32649,0.024325374293996394,39811,39009,0.020145186003868276,35570,34765,0.022631430981163936,37547,36745,0.02135989559751783,37076,36380,0.018772251591325895,45519,45281,0.005228585865243107,42673,42263,0.009607948820096968,54276,53033,0.02290146657822978,52422,51196,0.023387127541871777,49694,48533,0.023362981446452324,,483624,474079,0.019736406795361705,144
BT-HQ,604,7678,7697,0,8698,8721,0,9901,9919,0,12275,12295,0,10939,10959,0,10954,10976,0,10428,10450,0,11958,11987,0,12101,12183,0,10924,10921,0.0002746246796045959,10225,10375,0,10486,10211,0.02622544344840738,,126567,126694,0,1
BT-HQ,605,0,0,,0,0,,0,0,,0,0,,0,0,,0,0,,0,0,,0,0,,0,0,,0,0,,0,0,,0,0,,,0,0,,0
BT-HQ,606,0,0,,0,0,,0,0,,0,0,,0,0,,0,0,,0,0,,0,0,,0,0,,0,0,,0,0,,0,0,,,0,0,,0
BT-HQ,607,0,0,,0,0,,0,0,,0,0,,0,0,,0,0,,0,0,,0,0,,0,0,,0,0,,0,0,,0,0,,,0,0,,1
BT-HQ,608,243650,226590,0.07001846911553455,338540,338440,0.0002953860695930066,196830,196770,0.0003048315805517232,133130,133070,0.00045068729812969277,152360,152330,0.0001969020740352212,99030,98990,0.0004039180046450097,130310,130260,0.00038370040672242034,200380,200310,0.00034933626110389415,166720,166690,0.00017994241842611558,119530,119490,0.00033464402242111557,420210,326000,0.22419742509697527,325710,248070,0.23837155752049366,,2526400,2337010,0.07496437618746044,1
BT-HQ,609,0,0,,0,0,,0,0,,0,0,,0,0,,0,0,,0,0,,0,0,,0,0,,0,0,,0,0,,0,0,,,0,0,,0
BT-HQ,613,0,0,,0,0,,0,0,,0,0,,0,0,,0,0,,0,0,,0,0,,0,0,,0,0,,0,0,,0,0,,,0,0,,0
BT-HQ,614,0,0,,0,0,,0,0,,0,0,,0,0,,0,0,,0,0,,0,0,,0,0,,0,0,,0,0,,0,0,,,0,0,,0
BT-HQ,615,0,0,,0,0,,0,0,,0,0,,0,0,,0,0,,0,0,,0,0,,0,0,,0,0,,0,0,,0,0,,,0,0,,0
BT-HQ,616,0,0,,0,0,,0,0,,0,0,,0,0,,0,0,,0,0,,0,0,,0,0,,0,0,,0,0,,0,0,,,0,0,,0
BT-HQ,617,0,0,,0,0,,0,0,,0,0,,0,0,,0,0,,0,0,,0,0,,0,0,,0,0,,0,0,,0,0,,,0,0,,0
BT-HQ,618,0,0,,0,0,,0,0,,0,0,,0,0,,0,0,,0,0,,0,0,,0,0,,0,0,,0,0,,0,0,,,0,0,,0
BT-HQ,618P,0,0,,0,0,,0,0,,0,0,,0,0,,0,0,,0,0,,0,0,,0,0,,0,0,,0,0,,0,0,,,0,0,,0
BT-HQ,619,0,0,,0,0,,0,0,,0,0,,0,0,,0,0,,0,0,,0,0,,0,0,,0,0,,0,0,,0,0,,,0,0,,0
BT-HQ,620,0,0,,0,0,,0,0,,0,0,,0,0,,0,0,,0,0,,0,0,,0,0,,0,0,,0,0,,0,0,,,0,0,,0
BT-HQ,621,0,0,,0,0,,0,0,,0,0,,0,0,,0,0,,0,0,,0,0,,0,0,,0,0,,0,0,,0,0,,,0,0,,0
BT-HQ,622,0,0,,0,0,,0,0,,0,0,,0,0,,0,0,,0,0,,0,0,,0,0,,0,0,,0,0,,0,0,,,0,0,,0
BT-HQ,623,16680,16680,0,10680,10680,0,12911,12911,0,17440,17440,0,18080,18070,0.0005530973451327581,13580,13590,0,159420,159420,0,42400,42390,0.0002358490566037874,34649,34650,0,16701,16689,0.0007185198491108657,37920,37911,0.0002373417721518445,18150,18160,0,,398611,398591,5.0174230013744214e-05,1
BT-HQ,625,778520,778620,0,782590,782630,0,840250,840230,2.380243975008689e-05,735010,734970,5.442102828534523e-05,594610,594610,0,622930,622940,0,587160,587160,0,882920,882930,0,913500,913540,0,835810,835860,0,880600,880690,0,777400,777470,0,,9231300,9231650,0,1
BT-HQ,626,0,0,,0,0,,0,0,,0,0,,0,0,,0,0,,0,0,,0,0,,0,0,,0,0,,0,0,,0,0,,,0,0,,1
BT-HQ,628,0,18186,0,0,20009,0,0,21517,0,0,26229,0,0,23218,0,0,24283,0,0,21942,0,0,24974,0,0,26498,0,0,24246,0,0,23424,0,0,22303,0,,0,276829,0,1
BT-HQ,628A,0,13322,0,0,15142,0,0,17145,0,0,22656,0,0,15602,0,0,11952,0,0,11080,0,0,13793,0,0,13341,0,0,12038,0,0,11893,0,0,10442,0,,0,168406,0,1
BT-HQ,628B,0,3832,0,0,4275,0,0,5208,0,0,6695,0,0,5398,0,0,5219,0,0,4673,0,0,5687,0,0,5513,0,0,4849,0,0,4650,0,0,4287,0,,0,60286,0,1
BT-HQ,628C,0,6140,0,0,6648,0,0,7702,0,0,9886,0,0,8253,0,0,7667,0,0,7070,0,0,9103,0,0,9188,0,0,8068,0,0,7549,0,0,6501,0,,0,93775,0,1
BT-HQ,628D,0,6037,0,0,6647,0,0,7410,0,0,10110,0,0,8573,0,0,8747,0,0,9385,0,0,12598,0,0,13378,0,0,11634,0,0,12039,0,0,11815,0,,0,118373,0,1
BT-HQ,628E,0,1627,0,0,2022,0,0,2443,0,0,2795,0,0,2230,0,0,2510,0,0,2186,0,0,2606,0,0,2761,0,0,2614,0,0,2387,0,0,2334,0,,0,28515,0,1
BT-HQ,628F,0,2639,0,0,3295,0,0,3247,0,0,3041,0,0,1841,0,0,1815,0,0,1696,0,0,2041,0,0,2086,0,0,2063,0,0,2267,0,0,2032,0,,0,28063,0,1
BT-HQ,628G,0,3443,0,0,3997,0,0,5060,0,0,5459,0,0,4511,0,0,4892,0,0,5272,0,0,5756,0,0,6604,0,0,4761,0,0,4958,0,0,4772,0,,0,59485,0,1
BT-HQ,628H,0,3902,0,0,4454,0,0,5201,0,0,6473,0,0,5355,0,0,5178,0,0,5111,0,0,5502,0,0,5907,0,0,5450,0,0,8639,0,0,8648,0,,0,69820,0,1
BT-HQ,628I,0,2683,0,0,3410,0,0,3974,0,0,4459,0,0,3965,0,0,4461,0,0,3952,0,0,4724,0,0,5267,0,0,4668,0,0,4423,0,0,4443,0,,0,50429,0,1
BT-HQ,628J,0,0,,368,368,0,429,431,0,767,775,0,738,746,0,878,889,0,841,851,0,1216,1237,0,1425,1473,0,1277,1281,0,1216,1239,0,1331,1355,0,,10486,10645,0,1
BT-HQ,631,0,11640,0,0,10186,0,9067,9075,0,11248,11257,0,10113,10122,0,10771,10782,0,9878,9887,0,10760,10771,0,11224,11234,0,10480,10491,0,10678,10688,0,10362,10372,0,,104581,126505,0,1
BT-HQ,631A,0,1699,0,0,4614,0,0,0,,1180,5987,0,5555,5562,0,5951,5957,0,5538,5545,0,6206,6214,0,6620,6629,0,6301,6310,0,6103,6110,0,5901,5908,0,,49355,60535,0,1
BT-HQ,631B,0,2552,0,0,2540,0,0,2713,0,0,3609,0,0,3138,0,0,3215,0,0,3067,0,0,3546,0,0,3950,0,0,3479,0,0,3555,0,0,3220,0,,0,38584,0,1
BT-HQ,631C,0,1315,0,0,1364,0,0,1406,0,0,1647,0,0,1527,0,0,1719,0,0,1561,0,0,1709,0,0,1905,0,0,1948,0,0,2105,0,0,2159,0,,0,20365,0,1
BT-HQ,632,5506,5468,0.0069015619324372945,6230,6189,0.006581059390048161,6844,6799,0.00657510227936875,7894,7899,0,7356,7361,0,7647,7653,0,6811,6815,0,7468,7474,0,7573,7579,0,7086,7090,0,6577,6581,0,6506,6510,0,,83498,83418,0.0009581067810007227,1
BT-HQ,632A,0,0,,135,133,0.014814814814814836,278,279,0,244,243,0.004098360655737654,253,255,0,399,405,0,490,500,0,598,612,0,692,714,0,725,665,0.08275862068965523,665,741,0,543,560,0,,5022,5107,0,1
BT-HQ,633,4215,4131,0.01992882562277576,4467,4395,0.016118200134318306,4368,4297,0.016254578754578808,5249,5174,0.01428843589255091,4699,4626,0.015535220259629723,4575,4500,0.016393442622950838,4381,4309,0.016434603971695938,4767,4718,0.01027900146842875,5614,5552,0.011043819023868862,4983,4929,0.010836845273931361,4882,4818,0.013109381401065101,4726,4686,0.008463817181548872,,56926,56135,0.013895232406984537,1
BT-HQ,634,0,13889,0,0,15518,0,0,15903,0,0,18164,0,0,15722,0,0,16469,0,0,15908,0,0,17868,0,0,17902,0,0,17175,0,0,18308,0,0,19746,0,,0,202572,0,1
BT-HQ,634A,0,8187,0,0,9079,0,0,10003,0,0,12081,0,0,10895,0,0,11151,0,0,10481,0,0,11921,0,0,12008,0,0,11180,0,0,10350,0,0,9345,0,,0,126681,0,1
BT-HQ,634B,0,0,,311,312,0,272,271,0.003676470588235281,444,446,0,351,353,0,360,362,0,390,392,0,453,457,0,702,722,0,557,555,0.0035906642728904536,601,612,0,553,559,0,,4994,5041,0,1
BT-HQ,635,8370,8186,0.0219832735961768,10890,10646,0.02240587695133145,11747,11484,0.02238869498595386,13429,13130,0.022265246853823806,12035,11766,0.022351474864977128,12365,12090,0.02224019409623934,12239,11968,0.022142331889860256,14297,13977,0.022382317968804633,13864,13557,0.022143681477207133,12611,12333,0.022044247085877378,11776,11518,0.021908967391304324,11523,11270,0.021956087824351322,,145146,141925,0.022191448610364706,1
BT-HQ,635A,0,13140,0,0,14993,0,0,15751,0,0,19148,0,0,17264,0,0,18157,0,0,16885,0,0,18551,0,0,19422,0,0,17259,0,0,16535,0,0,14585,0,,0,201690,0,1
BT-HQ,636,8829,8813,0.0018122097632801148,11034,11007,0.002446982055464897,11353,11323,0.002642473355060293,12853,12817,0.0028009025130319998,11755,11723,0.002722245852828542,11675,11646,0.0024839400428265934,10450,10422,0.002679425837320615,11818,11790,0.0023692672194957076,12218,12187,0.002537240137502006,11079,11111,0,10531,10446,0.008071408223340626,9508,9484,0.0025241901556584123,,133103,132769,0.002509334875998248,1
BT-HQ,639,0,7786,0,0,9092,0,0,9033,0,0,10579,0,0,9409,0,0,9245,0,0,8941,0,0,10058,0,0,9823,0,0,8843,0,0,8585,0,0,7863,0,,0,109257,0,1
BT-HQ,639A,6697,6692,0.000746602956547715,7780,7763,0.0021850899742930086,7800,7779,0.0026923076923076605,9355,9326,0.0030999465526456715,8799,8771,0.0031821797931582685,8621,8594,0.003131887252058929,8150,8124,0.0031901840490797806,9006,8980,0.0028869642460581657,8904,8879,0.0028077268643306175,8181,8161,0.002444688913335824,7835,7818,0.002169751116783636,7009,6995,0.0019974318733056995,,98137,97882,0.002598408347514236,1
BT-HQ,640,8507,8482,0.0029387563183260745,10413,10376,0.0035532507442619377,9308,9265,0.00461968199398366,10653,10601,0.004881254106824384,9008,8964,0.004884547069271772,9254,9209,0.004862762048843727,8461,8421,0.004727573572863686,8949,8908,0.004581517487987519,9205,9164,0.004454101032047797,8368,8331,0.004421606118546806,7726,7693,0.004271291742169336,7179,7145,0.0047360356595625985,,107031,106559,0.00440993730788275,1
BT-HQ,640A,0,5515,0,0,5663,0,0,5936,0,0,6989,0,0,6205,0,0,6434,0,0,6411,0,0,6940,0,0,6872,0,0,6069,0,0,5539,0,0,4505,0,,0,73078,0,1
BT-HQ,641,18702,18281,0.02251096139450326,21630,21140,0.02265372168284785,24123,23575,0.022716909173817523,26012,25421,0.022720282946332437,23321,22792,0.02268341837828569,22414,21907,0.022619791201927364,21343,20862,0.022536663074544383,24425,23872,0.022640736949846474,23462,22932,0.022589719546500686,21330,20849,0.02255039849976559,19386,18952,0.022387289796760523,17152,16769,0.022329757462686617,,263300,257352,0.022590201291302736,1
BT-HQ,641A,0,5967,0,0,6321,0,0,6181,0,0,7548,0,0,6297,0,0,6554,0,0,6112,0,0,6638,0,0,6842,0,0,5995,0,0,5762,0,0,4955,0,,0,75172,0,1
BT-HQ,642,0,4183,0,0,4793,0,0,4938,0,0,6000,0,0,5120,0,0,5216,0,0,4885,0,0,5291,0,0,5323,0,0,4897,0,0,4951,0,0,2811,0,,0,58408,0,1
BT-HQ,642A,0,121,0,0,128,0,0,143,0,0,186,0,0,176,0,0,172,0,0,209,0,0,222,0,0,186,0,0,211,0,0,167,0,0,174,0,,0,2095,0,1
BT-HQ,642B,0,893,0,0,1579,0,0,1550,0,0,1683,0,0,877,0,0,796,0,0,732,0,0,915,0,0,919,0,0,788,0,0,865,0,0,946,0,,0,12543,0,1
BT-HQ,642C,0,2274,0,0,2211,0,0,2392,0,0,2560,0,0,1946,0,0,1838,0,0,2145,0,0,0,,0,4240,0,0,2055,0,0,3153,0,0,3486,0,,0,28300,0,1
BT-HQ,642D,0,1220,0,0,1364,0,0,1511,0,0,1692,0,0,1566,0,0,1621,0,0,1619,0,0,1710,0,0,1731,0,0,1628,0,0,1437,0,0,1395,0,,0,18494,0,1
BT-HQ,642E,0,662,0,0,916,0,0,681,0,0,850,0,0,485,0,0,507,0,0,513,0,0,553,0,0,779,0,0,582,0,0,553,0,0,650,0,,0,7731,0,1
BT-HQ,642F,0,3463,0,0,3586,0,0,3502,0,0,3862,0,0,3549,0,0,3579,0,0,3678,0,0,4101,0,0,4084,0,0,3569,0,0,3502,0,0,3468,0,,0,43943,0,1
BT-HQ,642G,0,3905,0,0,4308,0,0,4098,0,0,4839,0,0,4366,0,0,4385,0,0,4132,0,0,4788,0,0,4904,0,0,4229,0,0,4098,0,0,2767,0,,0,50819,0,1
BT-HQ,642H,0,654,0,0,740,0,0,815,0,0,989,0,0,1108,0,0,0,,0,1761,0,0,785,0,0,926,0,0,743,0,0,683,0,0,673,0,,0,9877,0,1
BT-HQ,642I,0,4739,0,0,5489,0,0,5024,0,0,4965,0,0,4368,0,0,4441,0,0,4438,0,0,5001,0,0,4993,0,0,4541,0,0,4504,0,0,2902,0,,0,55405,0,1
BT-HQ,642J,0,1397,0,0,1603,0,0,1606,0,0,2069,0,0,1680,0,0,1614,0,0,1605,0,0,1831,0,0,1956,0,0,1802,0,0,1576,0,0,1354,0,,0,20093,0,1
BT-HQ,642K,1492,1506,0,1636,1652,0,1641,1656,0,2073,2094,0,2031,2051,0,1972,1993,0,2109,2130,0,2361,2378,0,2263,2276,0,1938,1958,0,1907,1906,0.000524383848977461,1575,1584,0,,22998,23184,0,1
BT-HQ,642L,757,765,0,908,916,0,1020,1030,0,1224,1235,0,1087,1098,0,1030,1041,0,976,986,0,1209,1219,0,1170,1176,0,1110,1116,0,965,969,0,728,733,0,,12184,12284,0,1
BT-HQ,642M,408,411,0,422,424,0,425,427,0,600,602,0,492,494,0,483,485,0,451,452,0,489,1289,0,529,529,0,480,480,0,400,399,0.0024999999999999467,283,283,0,,5462,6275,0,1
BT-HQ,642N,0,0,,0,0,,0,0,,0,0,,217,216,0.004608294930875556,809,809,0,1559,1558,0.0006414368184733954,2313,2315,0,2121,2123,0,2725,2728,0,2664,2666,0,2692,2694,0,,15100,15109,0,1
BT-HQ,643,27654,27652,7.23222680263369e-05,66092,66096,0,70710,70715,0,38083,38083,0,90358,90366,0,46472,46477,0,24363,24364,0,21638,21645,0,47102,47102,0,90050,90056,0,69288,69296,0,65484,65491,0,,657294,657343,0,1
BT-HQ,65,0,0,,0,0,,0,0,,0,0,,0,0,,0,0,,0,0,,0,0,,0,0,,0,0,,0,0,,0,0,,,0,0,,0
BT-HQ,670,0,315,0,0,323,0,0,307,0,0,323,0,0,966,0,0,696,0,0,525,0,0,709,0,0,430,0,0,516,0,0,1161,0,0,324,0,,0,6595,0,1
BT-HQ,671,0,4826,0,0,5519,0,0,5835,0,0,7323,0,0,6034,0,0,5971,0,0,5744,0,0,6431,0,0,6519,0,0,6042,0,0,5662,0,0,5452,0,,0,71358,0,1
BT-HQ,680,15040,14614,0.028324468085106358,17280,16859,0.024363425925925886,20480,19977,0.024560546874999978,24200,23564,0.026280991735537218,23640,22965,0.02855329949238583,25240,24674,0.022424722662440555,21880,21405,0.021709323583181006,24400,23797,0.02471311475409832,22320,21817,0.022535842293906816,21320,20828,0.023076923076923106,22360,21864,0.02218246869409657,20200,16610,0.17772277227722777,,258360,248974,0.03632915311967799,130
BT-HQ,682,359870,360360,0,315930,316390,0,333580,334070,0,379420,379960,0,369080,369620,0,362690,363200,0,361800,362310,0,413530,414130,0,364530,365060,0,344050,344530,0,361890,362420,0,356710,357220,0,,4323080,4329270,0,1
BT-HQ,683,98179,98079,0.0010185477546115207,70850,70780,0.0009880028228651527,77832,77754,0.001002158495220451,62421,62359,0.0009932554749203515,70814,70737,0.001087355607648166,92902,92807,0.0010225829368581962,66578,66506,0.0010814383129562621,89423,89329,0.001051183699942948,99644,99703,0,98383,97482,0.009158086254739128,124309,124742,0,111653,109157,0.022354974787959114,,1062988,1059435,0.003342464825567215,1
BT-HQ,684,29091,29040,0.0017531195215014783,31562,31200,0.011469488625562407,36372,36448,0,45689,45675,0.00030641948827947463,41563,41561,4.8119721868022935e-05,41574,41574,0,38147,38148,0,42634,42635,0,41012,41010,4.876621476646026e-05,38393,38382,0.00028651056182116275,34837,34827,0.00028705112380511544,34088,33615,0.013875850739263118,,454962,454115,0.001861693943669973,1
BT-HQ,685,20320,20240,0.003937007874015741,22440,22360,0.0035650623885917776,25481,25388,0.003649778266159087,30249,30321,0,28099,28167,0,27971,28041,0,26708,26775,0,28995,29067,0,29179,29253,0,27017,27086,0,26137,26196,0,24179,23921,0.010670416477108202,,316775,316815,0,1
BT-HQ,686,45400,45240,0.0035242290748899174,49320,49120,0.0040551500405514584,56604,56451,0.0027029891880432366,68837,68703,0.0019466275404216304,63447,63342,0.001654924582722539,63362,63247,0.0018149679618698622,59010,58902,0.0018301982714794551,67339,67219,0.0017820282451477265,72332,72201,0.0018110932920422096,63530,63409,0.0019046119943333384,58626,58507,0.002029816122539496,55237,54425,0.014700291471296367,,723044,720766,0.003150568983353752,1
BT-HQ,687,51760,51520,0.004636785162287493,58640,58160,0.008185538881309684,66749,66175,0.008599379765989013,77671,77646,0.00032187045357989774,72476,72462,0.0001931673933439626,73228,73217,0.00015021576446172524,68415,68394,0.0003069502302126548,75207,75188,0.00025263605781378207,73283,73251,0.00043666334620584557,68145,68106,0.000572309046885322,64198,64152,0.0007165332253341594,60063,59267,0.013252751277824992,,809835,807538,0.0028363802502978652,1
BT-HQ,688,335450,298860,0.10907735877179903,410200,410090,0.00026816187225742194,377800,377670,0.00034409740603491556,181540,181460,0.00044067423157434504,114800,114750,0.0004355400696863798,114860,114810,0.0004353125544140912,77400,77370,0.0003875968992248513,319020,318900,0.0003761519653939782,367520,367390,0.00035372224640839445,185850,185770,0.00043045466774283003,314100,237970,0.2423750397962432,252830,200170,0.20828224498674996,,3051370,2885210,0.0544542287562636,1
BT-HQ,689,60644,58520,0.03502407492909443,68936,66304,0.038180341186027644,74459,71207,0.043675042640916484,86734,82616,0.04747849747503863,83810,79774,0.04815654456508767,56375,53227,0.055840354767184075,48121,46849,0.026433365890151883,55138,52618,0.04570350756284236,52924,50999,0.0363729121003703,50212,48169,0.04068748506333153,53004,50986,0.038072598294468296,41655,39543,0.050702196615052264,,732012,700812,0.042622252094227986,200
BT-HQ,689A,3364,3339,0.007431629013079699,3890,3858,0.00822622107969151,4058,4022,0.008871365204534243,5105,5063,0.008227228207639548,4798,4759,0.008128386827844891,5056,5025,0.006131329113924,4256,4229,0.0063439849624060685,4879,4847,0.006558721049395366,5042,4999,0.00852836176120586,4763,4731,0.006718454755406222,4773,4729,0.009218520846427825,3620,3623,0,,53604,53224,0.007089023207223377,39
BT-HQ,689B,910,904,0.00659340659340657,1067,1061,0.005623242736644829,1164,1156,0.0068728522336769515,1632,1623,0.005514705882352922,1404,1399,0.0035612535612535856,1555,1546,0.005787781350482302,1336,1326,0.007485029940119792,785,779,0.007643312101910826,917,910,0.007633587786259555,1004,996,0.007968127490039834,745,738,0.00939597315436247,398,394,0.01005025125628145,,12917,12832,0.006580475342571779,3
BT-HQ,689C,4223,4166,0.013497513615912893,4826,4758,0.014090343970161623,5095,5028,0.013150147203140339,6506,6414,0.014140793114048589,5829,5754,0.012866700977869239,6488,6401,0.013409371146732463,6723,6629,0.013981853339283035,6447,6366,0.012563983248022326,7975,7865,0.01379310344827589,8888,8759,0.014513951395139557,9566,9427,0.014530629312147214,7751,7362,0.05018707263578892,,80317,78929,0.017281521969197078,20
BT-HQ,689D,0,0,,0,0,,0,0,,0,0,,0,0,,28176,28671,0,26733,25685,0.03920248382149405,29824,28604,0.04090665236051505,26424,25448,0.03693611867998792,26386,25301,0.04112029106344273,27058,25953,0.040838199423460675,20892,20536,0.017040015316867718,,185493,180198,0.028545551584156836,76
BT-HQ,691,2843,3278,0,3130,3562,0,3861,4283,0,3532,4025,0,3745,4214,0,3612,4198,0,4035,4592,0,3916,4474,0,3561,4152,0,3632,4200,0,3184,3726,0,2848,3385,0,,41899,48089,0,1
BT-HQ,692,25198,24032,0.04627351377093425,29636,28523,0.037555675529761134,35183,33611,0.04468066964158823,39079,37421,0.04242687888635843,35690,34018,0.04684785654244883,39996,38168,0.04570457045704568,32488,31090,0.043031273085446964,38210,36475,0.04540696152839574,33899,32457,0.04253812796837664,32923,25305,0.2313883910943717,35312,41014,0,29690,27924,0.059481306837319003,,407304,390038,0.042390941409856,98
BT-HQ,693,68372,66075,0.03359562393962445,76628,74044,0.0337213551182336,86445,82741,0.04284805367574762,100427,95816,0.04591394744441235,87963,83944,0.0456896649727726,99157,94949,0.0424377502344766,84507,81106,0.040245186789260035,95894,91993,0.040680334536050244,87843,83607,0.048222396776066434,83018,81194,0.021971138789178224,84480,81466,0.035677083333333304,71807,69355,0.034147088723940566,,1026541,986290,0.039210318925400944,224
BT-HQ,693A,22963,22614,0.015198362583286107,31482,30772,0.022552569722381066,38517,37606,0.023651893968896887,48575,47336,0.02550694801852804,42667,41706,0.022523261537019224,40225,39428,0.01981354878806707,33546,32891,0.019525427770822112,39615,38842,0.019512810803988367,34415,33744,0.019497312218509366,34030,33322,0.020805171907140707,33931,33245,0.020217500221036855,26390,25665,0.027472527472527486,,426356,417171,0.02154302976855027,164
BT-HQ,693B,24265,23908,0.014712548938800696,29143,28701,0.015166592320625893,38138,37547,0.015496355341129586,50235,49442,0.015785806708470185,46501,45754,0.01606417066299648,47009,46317,0.014720585419813248,38168,37604,0.014776776357157795,45298,44602,0.015364916773367487,40017,39403,0.015343479021415862,40018,39428,0.014743365485531457,37919,37357,0.014821065956380663,28477,28009,0.016434315412438116,,465188,458072,0.01529704119624753,189
BT-HQ,693C,8313,8194,0.014314928425357865,10243,10119,0.012105828370594596,13862,13698,0.011830904631366379,16234,16034,0.012319822594554664,15917,15814,0.006471068668718938,16972,16819,0.009014847984916363,14330,14181,0.01039776692254013,18586,18402,0.009899924674486194,17314,17142,0.009934157329328897,15626,15463,0.010431332394726711,15152,14921,0.015245512143611362,11391,11410,0,,173940,172197,0.010020696791997241,149
BT-HQ,693D,9713,9579,0.013795943580768077,11509,11340,0.014684160222434572,15485,15279,0.013303196641911486,18352,18089,0.0143308631211857,18423,18156,0.01449275362318836,19538,19272,0.013614494830586521,16370,16119,0.015332926084300591,19563,19316,0.012625875376987117,18208,17970,0.013071177504393683,17197,16974,0.012967378031051968,16614,16378,0.014204887444324021,12691,12429,0.020644551256796206,,193663,190901,0.014261887918704086,122
BT-HQ,693E,9574,9381,0.020158763317317696,10639,10419,0.02067863521007618,13142,12887,0.019403439354740537,17481,17060,0.024083290429609328,20436,19925,0.02500489332550404,15310,14821,0.031939908556498975,13365,13222,0.010699588477366295,16418,16038,0.023145328298209256,15932,15570,0.02272156665829772,16047,15693,0.02206019816788185,16113,15741,0.023086948426736198,13369,12968,0.029994764006283203,,177826,173725,0.02306186946790678,131
BT-HQ,693F,13907,13677,0.01653843388221754,17457,17132,0.018617173626625405,20825,20398,0.02050420168067224,23374,22895,0.020492855309317992,21957,21495,0.021041125836862906,22690,22266,0.018686646099603355,0,19254,0,5166,23132,0,21267,20891,0.01767997366812435,20470,20102,0.017977528089887618,20610,20237,0.018098010674429843,18066,17305,0.04212332558396992,,205789,238784,0,98
BT-HQ,693G,0,0,,0,0,,601,675,0,1202,1280,0,1153,1220,0,2499,2539,0,2478,2493,0,2847,2860,0,2884,2924,0,2565,2601,0,2533,2530,0.0011843663639952151,2207,2242,0,,20969,21364,0,15
BT-HQ,695,41071,39563,0.036716904872050815,47903,46029,0.039120723127987755,56805,54557,0.03957398116362998,70564,67566,0.0424862536137407,64586,61918,0.041309262069179065,66273,63656,0.039488177689255055,57325,55088,0.03902311382468382,66179,62197,0.06017014460780612,54563,52594,0.03608672543665126,58575,56336,0.0382244985061887,53383,51451,0.036191296854803934,43920,42557,0.03103369763205832,,681147,653512,0.04057127169318808,348
BT-HQ,696,0,4160,0,4566,4970,0,6161,6166,0,6117,6121,0,7020,7025,0,6772,6779,0,6484,6492,0,6223,6229,0,5918,5926,0,5748,5755,0,5192,5199,0,4835,5199,0,,65036,70021,0,1
BT-HQ,696A,22218,22903,0,22897,23580,0,23492,24173,0,22882,23574,0,25453,26179,0,26462,27208,0,25685,26412,0,28065,28834,0,24299,24988,0,25967,26716,0,22559,23267,0,21174,21838,0,,291153,299672,0,1
BT-HQ,697,52230,50542,0.03231859084817157,52462,50689,0.03379589035873587,59973,57935,0.033981958548013225,68835,66328,0.036420425655553146,70737,68131,0.03684069157583725,70498,67949,0.03615705410082559,60588,58501,0.03444576483792172,71819,69272,0.0354641529400298,62335,60190,0.03441084462982269,63737,61490,0.03525424792506704,66304,63844,0.037101833976833976,51047,49836,0.023723235449683577,,750565,724707,0.034451379960429795,305
BT-HQ,697A,9386,9262,0.013211165565736205,10192,10091,0.009909733124018882,13544,13380,0.012108682811577065,16095,15864,0.014352283317800585,16813,16585,0.013560934990780926,16317,16076,0.014769871912729049,12665,12564,0.007974733517568056,16410,16260,0.009140767824497242,12963,12845,0.009102831134768175,14330,14199,0.009141660851360811,13353,13233,0.008986744551786163,9361,9313,0.0051276573015703875,,161429,159672,0.010884041900773744,40
BT-HQ,697B,2384,2381,0.00125838926174493,2149,2132,0.007910656119125226,3229,3214,0.004645401052957521,3820,3792,0.007329842931937169,4996,4949,0.009407526020816626,4777,4753,0.00502407368641411,3914,3883,0.007920286152273914,4911,4872,0.007941356139279154,4023,3990,0.00820283370618946,4235,4206,0.006847697756788618,3919,3895,0.006124011227353954,2654,2635,0.007159005275056529,,45011,44702,0.006864988558352381,22
BT-HQ,697C,8299,8260,0.0046993613688396385,8243,8180,0.007642848477496078,10885,10770,0.010564997703261358,13486,13462,0.0017796233130653594,14820,14725,0.0064102564102563875,14068,13985,0.005899914700028486,10896,10828,0.006240822320117467,14737,14656,0.005496369681753377,12676,12597,0.006232249921110711,12969,12894,0.005783021050196568,12586,12508,0.006197362148418928,9314,9257,0.006119819626368872,,142979,142122,0.005993887214206239,85
BT-HQ,697D,2161,2184,0,2123,2160,0,2808,2842,0,3290,3326,0,4608,4587,0.00455729166666663,4878,4856,0.0045100451004510544,4119,4106,0.0031561058509347317,5490,5472,0.003278688524590123,4879,4862,0.0034843205574912606,4771,4744,0.0056591909452944344,4921,4900,0.004267425320056861,4095,4073,0.005372405372405353,,48143,48112,0.0006439150032195862,12
BT-HQ,697E,1282,1042,0.18720748829953193,3516,3637,0,4750,4714,0.0075789473684210185,4652,4654,0,4909,4862,0.009574251375025433,4743,4718,0.005270925574530905,4123,4093,0.0072762551540140885,5283,5236,0.0088964603445012,4660,4624,0.007725321888412018,4295,4275,0.00465657741559955,4678,4668,0.0021376656690893503,3871,3849,0.005683285972616914,,50762,50372,0.0076829124147984595,8
BT-HQ,698,58306,56533,0.03040853428463619,68095,65876,0.03258682722666861,83294,80410,0.034624342689749565,94652,91936,0.028694586485230156,93146,90344,0.03008180705559016,94503,91758,0.02904669693025619,84230,81799,0.028861450789504972,96068,93270,0.029125202981221676,85727,83135,0.03023551506526534,81158,78847,0.02847531974666695,82429,80174,0.027356876827330234,63820,62161,0.025994985897837664,,985428,956243,0.029616572697345744,332
BT-HQ,699,58125,56078,0.03521720430107522,68782,66349,0.0353726265592742,81099,77825,0.04037041147239795,94005,90524,0.03702994521568004,84739,81618,0.036830739092979625,90763,87378,0.03729493295726227,78391,75664,0.03478715668890564,90979,87635,0.03675573483990813,83387,80450,0.03522131747154833,78037,74997,0.03895587990312288,78955,76108,0.0360585143436134,61784,59770,0.032597436229444554,,949046,914396,0.03651034828659516,363
BT-HQ,699A,34280,32520,0.05134189031505254,39084,36996,0.05342339576297206,43105,40820,0.05301009163670112,52349,49335,0.05757512082370242,46234,43606,0.05684128563394908,49589,46891,0.05440722740930448,43625,41399,0.051025787965616076,50900,47999,0.05699410609037325,47141,44697,0.05184446660019937,44437,42001,0.054819182213020734,44798,42462,0.05214518505290411,36676,34846,0.049896390009815716,,532218,503572,0.05382380904065631,206
BT-HQ,699B,41767,39889,0.04496372734455434,48703,46421,0.04685542985031721,51004,48426,0.05054505528978115,60352,57241,0.051547587486744484,55242,52433,0.05084899170920676,58527,55727,0.047841167324482736,54065,51504,0.04736890779617131,62906,59847,0.048628111785839145,59570,56746,0.04740641262380396,55178,52576,0.04715647540686507,57700,54849,0.04941074523396882,45923,43189,0.05953443808113579,,650937,618848,0.049296629320502605,159
BT-HQ,709,48146,48132,0.00029078220412914746,54103,54083,0.0003696652680997836,62729,62703,0.0004144813403689218,78485,78452,0.00042046250875960034,69154,69125,0.00041935390577552134,69274,69247,0.0003897566186448209,92932,92893,0.0004196616881160242,102805,102762,0.00041826759398866376,109449,109403,0.00042028707434516033,102289,102249,0.00039104889088759087,92835,92802,0.00035546938116015614,89269,89236,0.0003696692020745962,,971470,971087,0.0003942478923693038,1
BT-HQ,710,17760,17123,0.0358671171171171,17840,17116,0.04058295964125558,24320,23682,0.026233552631578894,23240,22156,0.04664371772805509,25480,24496,0.0386185243328101,22478,21610,0.038615535189963524,20013,19747,0.013291360615599879,26498,25954,0.020529851309532776,23098,22687,0.017793748376482843,27769,27495,0.009867118009290965,26678,26193,0.018179773596221582,20594,20318,0.013401961736428047,,275768,268577,0.02607626700704946,193
BT-HQ,711,678,677,0.001474926253687281,768,760,0.01041666666666663,766,760,0.007832898172323799,797,792,0.006273525721455453,648,644,0.006172839506172867,672,665,0.01041666666666663,599,601,0,616,617,0,688,690,0,743,745,0,812,814,0,762,763,0,,8549,8528,0.002456427652356985,1
BT-HQ,712,567,569,0,624,626,0,866,869,0,922,925,0,1051,1054,0,909,911,0,800,804,0,1058,1061,0,779,779,0,758,766,0,736,743,0,547,536,0.020109689213894,,9617,9643,0,1
BT-HQ,713,14916,14914,0.00013408420488070227,17397,17396,5.748117491521931e-05,16996,16994,0.0001176747469993078,20170,20168,9.915716410513475e-05,18298,18296,0.00010930156301236504,18692,18689,0.00016049646907767556,18473,18470,0.00016239917717753016,18964,18962,0.00010546298249314301,16269,16267,0.00012293318581346746,13905,13903,0.00014383315354193904,10788,10786,0.00018539117538007854,9639,9638,0.00010374520178446645,,194507,194483,0.00012338887546459176,1
BT-HQ,714,21202,21203,0,25872,25873,0,6446,6444,0.000310269934843288,4101,4098,0.000731528895391409,22885,22886,0,23343,23345,0,6331,6330,0.00015795293002685007,21419,21420,0,25588,25591,0,3926,3923,0.0007641365257259336,22512,22513,0,14353,14352,6.967184560724426e-05,,197978,197978,0,1
BT-HQ,715,6708,6444,0.03935599284436497,7888,7563,0.04120182555780938,8075,7758,0.039256965944272415,10360,9945,0.040057915057915006,9226,8784,0.04790808584435291,9929,9607,0.032430254809144965,8799,8382,0.04739174906239341,10082,9600,0.04780797460821262,9260,8966,0.031749460043196565,11056,10658,0.035998552821997154,10124,9751,0.0368431450019755,8880,8577,0.03412162162162158,,110387,106035,0.039424932283692815,174
BT-HQ,716,5331,5094,0.04445694991558802,6121,5852,0.043947067472635215,6452,6180,0.042157470551766885,9154,8762,0.04282280970067731,7201,6935,0.03693931398416883,7716,7406,0.04017625712804562,6644,6366,0.041842263696568294,7665,7368,0.038747553816047,6889,6607,0.04093482363187695,7622,7301,0.04211493046444503,6457,6113,0.05327551494502092,5907,5653,0.04299983070932789,,83159,79637,0.042352601642636434,136
BT-HQ,718,36444,31087,0.14699264625178354,15007,15000,0.0004664489904711022,11863,11857,0.00050577425609033,13210,13202,0.0006056018168054678,14348,14336,0.0008363534987454457,20690,20625,0.003141614306428231,22052,22098,0,16761,16755,0.00035797386790759056,24944,24927,0.0006815266196279479,22867,22857,0.00043731140945468816,21926,21911,0.0006841193104076826,28776,28739,0.0012857937169863387,,248888,243394,0.022074185979235605,1
BT-HQ,719,16277,15860,0.02561897155495485,18249,17797,0.02476848046468305,20539,20099,0.021422659331028826,24392,23858,0.021892423745490275,23136,22625,0.0220867911479945,23881,22824,0.04426112809346339,21801,19620,0.10004128250997657,25177,24362,0.032370814632402545,21372,20909,0.02166385925510017,23552,22815,0.03129245923913049,20640,19994,0.031298449612403134,17691,17455,0.013340116443389283,,256707,248218,0.03306882944368483,101
BT-HQ,719A,7699,7561,0.01792440576698273,8707,8542,0.018950269897783367,11422,11178,0.021362283312904906,12718,12457,0.020522094668973145,11898,11638,0.02185241217011258,11606,11359,0.021282095467861417,10604,10352,0.023764617125612952,13180,12789,0.02966616084977236,10077,10036,0.004068671231517329,9996,9803,0.019307723089235673,9375,9110,0.028266666666666662,8326,8232,0.011289935142925756,,125608,123057,0.02030921597350488,101
BT-HQ,719B,1247,1230,0.013632718524458687,2000,2029,0,2812,2789,0.008179231863442382,3232,3198,0.010519801980197974,3113,3087,0.008352071956312268,2953,2914,0.01320690822891979,3240,3218,0.006790123456790087,4072,4023,0.012033398821218122,3125,3129,0,3472,3424,0.01382488479262678,2846,2791,0.01932536893886161,2576,2126,0.1746894409937888,,34688,33958,0.02104474169741699,31
BT-HQ,720,23468,23234,0.00997102437361519,24922,24671,0.010071422839258437,25862,25601,0.010092026912071783,31368,31050,0.010137719969395609,28519,28226,0.010273852519373072,28793,28499,0.010210815128677164,27490,27212,0.010112768279374351,30307,30010,0.009799716237172906,31391,30612,0.0248160300723137,27719,27564,0.005591832317183187,26277,26050,0.008638733493168904,25485,25078,0.01597017853639393,,331601,327807,0.011441461274242282,1
BT-HQ,721,16020,13846,0.13570536828963797,13350,12626,0.05423220973782772,15990,15416,0.03589743589743588,17400,16704,0.040000000000000036,28320,20688,0.2694915254237288,12840,18923,0,19014,18326,0.036183864520879405,21844,21067,0.03557040835011904,21440,20615,0.03847947761194026,21996,21102,0.040643753409710826,19894,19127,0.038554337991354215,16281,15683,0.036729930593943916,,224389,214123,0.04575090579306473,191
BT-HQ,722,20880,21900,0,21751,20651,0.050572387476437886,24499,23112,0.056614555696150815,26973,25526,0.053646238831424053,44766,29470,0.3416878881293839,14766,27934,0,25447,24545,0.035446221558533386,30135,29254,0.02923510867761736,27735,26537,0.043194519560122546,28482,27776,0.02478758514149282,27504,26333,0.0425756253635835,23562,22758,0.034122740005092966,,316500,305796,0.03381990521327016,169
BT-HQ,723,10289,10014,0.026727573136359206,8778,8405,0.042492595124174026,10766,10246,0.04830020434701843,11649,11141,0.04360889346725039,14041,13373,0.04757495904850084,13843,12496,0.0973054973632883,10550,11080,0,13498,13198,0.022225514891094922,11978,11638,0.028385373184171003,12262,11871,0.03188713097373996,11564,11218,0.029920442753372578,9491,9269,0.023390580549994766,,138709,133949,0.03431644666171629,198
BT-HQ,724,10728,10359,0.03439597315436238,10180,9800,0.037328094302554016,11379,10933,0.03919500834871259,13504,12976,0.0390995260663507,15038,14397,0.04262534911557392,13690,13173,0.037764791818845844,12401,11912,0.03943230384646401,14246,13661,0.041064158360241465,13290,12747,0.04085778781038374,13118,12232,0.0675407836560451,12705,12879,0,10383,10202,0.01743234132716942,,150662,145271,0.03578208174589481,146
BT-HQ,725,10152,9994,0.015563435776201784,10716,10552,0.015304217991787938,11441,11248,0.0168691547941614,14169,13905,0.01863222528054198,13427,13157,0.020108736128695903,13885,14151,0,12184,13662,0,13895,13938,0,11507,11553,0,12886,12794,0.007139531274251154,11816,11479,0.02852064996614756,9816,9761,0.00560309698451511,,145894,146194,0,85
BT-HQ,726,7698,7717,0,7059,7080,0,8543,8565,0,9762,9786,0,9436,9461,0,9601,9627,0,8485,8507,0,9510,9535,0,8495,8519,0,7407,7426,0,7149,7169,0,6440,6458,0,,99585,99850,0,1
BT-HQ,727,7676,7497,0.023319437206878568,7800,7576,0.02871794871794875,9652,9404,0.025694156651471234,11137,10882,0.022896650803627572,9358,9027,0.035370805727719556,8844,8701,0.016169154228855676,7729,7522,0.026782248673825837,10078,9831,0.02450883111728519,14626,14331,0.02016956105565426,14790,14467,0.02183908045977012,9349,9117,0.02481548828751734,8169,7990,0.02191210674501165,,119208,116345,0.024016844507080082,111
BT-HQ,728,31734,31029,0.022215919833616926,29076,28472,0.020773146237446638,35589,34765,0.02315322150102561,44150,43040,0.025141562853907118,49203,47936,0.025750462370180638,48090,46830,0.026200873362445365,40725,38686,0.0500675260896255,47095,45690,0.02983331563860281,43065,42668,0.00921862301172649,40728,40221,0.012448438420742503,42155,40675,0.03510852805123943,32361,31787,0.017737399956738065,,483971,471799,0.025150267268080118,145
BT-HQ,729,44277,42823,0.03283871987713716,40047,38196,0.046220690688441035,48820,47014,0.036993035641130656,59248,56793,0.04143599783958951,69024,66093,0.04246349095966617,64167,61673,0.03886733055932179,55708,53498,0.03967114238529479,64961,62313,0.040762919290035615,58997,56603,0.04057833449158432,58851,56881,0.03347436747039134,60942,58222,0.044632601489941304,45530,43949,0.034724357566439656,,670572,644058,0.039539378321791,294
BT-HQ,730,20698,20268,0.0207749541018456,24339,23846,0.020255556925099616,25739,25441,0.01157776137379074,34505,33938,0.01643240110128963,34475,33935,0.015663524292965914,32608,32106,0.015394995093228614,29442,28953,0.016608926024047288,31951,31455,0.015523770773997692,28752,28596,0.005425709515859745,28589,28153,0.015250620868166087,30082,29448,0.02107572634798216,26720,26387,0.012462574850299446,,347900,342526,0.01544696751940211,144
BT-HQ,731,20292,19319,0.0479499310072935,16448,16007,0.026811770428015524,20712,20141,0.02756855928930091,26933,26569,0.013515018750232088,27305,25427,0.06877861197582857,26878,26032,0.031475556216980394,24791,24305,0.01960388850792627,23724,21469,0.09505142471758554,19371,18792,0.029890041815084367,18001,17631,0.020554413643686487,18316,17708,0.03319502074688796,14036,13461,0.0409660872043317,,256807,246861,0.03872947388505765,51
BT-HQ,731A,0,0,,0,0,,0,0,,0,0,,0,0,,0,0,,0,0,,0,0,,16543,16539,0.0002417941123133982,7715,7713,0.00025923525599480524,6156,6152,0.0006497725795971965,6340,6152,0.029652996845425883,,36754,36556,0.005387168743538173,1
BT-HQ,732,57600,55643,0.03397569444444448,52800,51031,0.03350378787878783,57120,54638,0.04345238095238091,72300,70387,0.026459197786998567,75600,73197,0.031785714285714306,75120,72574,0.03389243876464321,71100,68663,0.03427566807313642,72000,69595,0.03340277777777778,73740,71451,0.031041497152156206,68640,66349,0.03337703962703964,71760,77003,0,58560,49120,0.16120218579234968,,806340,779651,0.03309894089341969,407
BT-HQ,732A,22918,22315,0.026311196439479878,20465,19835,0.03078426581969218,24510,23723,0.03210934312525504,35131,33717,0.040249352423785245,37918,36563,0.035735007120628715,38021,36626,0.03669025012493099,37397,35929,0.039254485653929416,43710,41960,0.04003660489590488,36728,35210,0.04133086473535175,42797,41246,0.036240858004065735,36450,35126,0.03632373113854592,32116,30804,0.04085191181965375,,408161,393054,0.03701235541857262,160
BT-HQ,733,36382,35002,0.03793084492331378,41427,39738,0.04077051198493731,46978,44925,0.04370130699476349,59682,56824,0.04788713514962639,51347,49263,0.04058659707480472,53270,50682,0.04858269194668674,51621,49321,0.044555510354313155,55216,52665,0.046200376702405066,48231,46168,0.042773320063859366,56072,52254,0.06809102582394067,46802,45800,0.02140934148113327,42134,40912,0.02900270565339158,,589162,563554,0.043465125042008834,366
BT-HQ,733A,39559,37956,0.040521752319320536,45304,43530,0.039157690270174794,50607,48607,0.03952022447487502,63588,60463,0.04914449267157328,55212,53401,0.03280084039701514,55328,53271,0.037178282244071714,52587,50600,0.03778500389830186,58764,56589,0.03701245660608532,51840,49841,0.0385609567901235,56229,54182,0.036404702199932415,50115,48244,0.0373341314975556,43130,41451,0.03892881984697427,,622263,598135,0.038774601735921954,317
BT-HQ,734,30699,28875,0.05941561614384838,33593,31772,0.05420772184681333,34950,33025,0.05507868383404868,42679,40251,0.056889805290658124,38514,36227,0.059381004310120944,39496,36814,0.06790561069475387,37955,35283,0.07039915689632459,42467,39635,0.06668707466974355,36346,34087,0.06215264403235565,40830,36851,0.09745285329414644,35076,33242,0.05228646367886869,32636,30145,0.07632675572986891,,445241,416207,0.06520962804413788,347
BT-HQ,735,8412,8178,0.02781740370898711,8860,8605,0.028781038374717793,9211,8860,0.038106611659971756,11891,11557,0.02808847027163397,9951,9661,0.029142799718621215,10210,9906,0.029774730656219384,9482,9237,0.02583843071082048,10330,10096,0.022652468538238102,10556,10293,0.02491474043198183,12029,11668,0.030010807215894886,11158,10875,0.02536296827388418,9510,9309,0.021135646687697185,,121600,118245,0.027590460526315752,121
BT-HQ,736,22998,22566,0.01878424210800944,24721,23887,0.033736499332551295,26081,25191,0.03412445841800549,33366,32270,0.03284780914703589,29363,28445,0.031263835439158116,30947,29985,0.031085404077939693,29224,28337,0.030351765672050335,31097,30126,0.031224876997781092,27720,26963,0.027308802308802282,32264,30484,0.055169848747830375,27689,27598,0.00328650366571559,24556,23822,0.02989086170386057,,340026,329674,0.030444730697064326,275
BT-HQ,736A,5320,5285,0.006578947368421018,6001,5910,0.015164139310114955,6476,6344,0.020382952439777613,8296,8144,0.018322082931533257,6969,6836,0.01908451714736692,7550,7405,0.019205298013244998,7407,7261,0.019711084109626076,8124,7985,0.017109798129000486,6660,6618,0.006306306306306353,7894,7552,0.043324043577400606,6385,6513,0,5494,5445,0.008918820531488847,,82576,81298,0.015476651811664355,85
BT-HQ,737,6981,6852,0.01847872797593464,8341,8183,0.01894257283299361,9134,8966,0.01839281804247861,11179,10989,0.01699615350210215,10052,9871,0.01800636689216073,10773,10580,0.017915158266035514,9890,9268,0.06289180990899901,13509,13636,0,11660,11552,0.009262435677530045,12288,11986,0.02457682291666663,11327,11023,0.026838527412377466,10683,10579,0.009735093138631523,,125817,123485,0.018534856180007497,83
BT-HQ,738,7411,7223,0.02536769666711647,8804,8595,0.023739209450249876,9522,9337,0.019428691451375713,11905,11653,0.021167576648467024,10015,9817,0.019770344483275082,10911,10689,0.02034643937310976,8966,8785,0.020187374525987067,10472,10268,0.01948051948051943,9249,9090,0.01719104768083035,10684,10542,0.013290902283788819,9246,8979,0.02887735236859179,8985,8816,0.018809126321647218,,116170,113794,0.020452784712059913,121
BT-HQ,738A,11372,11174,0.01741118536756947,12809,12560,0.019439456632055596,13831,13578,0.018292242064926634,16865,16557,0.018262674177290217,14975,14702,0.0182303839732888,16828,16507,0.019075350606132635,14660,14371,0.019713506139154124,16609,16292,0.01908603769040884,14056,13796,0.018497438816163947,15947,15635,0.019564808427917524,15807,15499,0.019485038274182354,14931,14628,0.020293349407273453,,178690,175299,0.018976999272483086,38
BT-HQ,739,33773,32688,0.032126254700500345,38580,37371,0.03133748055987562,40198,38868,0.03308622319518384,50637,49062,0.03110373837312641,45388,43963,0.03139596369084341,48727,47224,0.03084532189545841,42345,41018,0.03133782028574805,48195,46684,0.03135179997925097,41835,40622,0.028994860762519448,46561,45215,0.02890831382487491,40634,39292,0.03302652950730911,37993,37045,0.02495196483562756,,514866,499052,0.030714787925401943,240
BT-HQ,740,5307,5224,0.015639721123045014,6349,6254,0.014962986297054615,6423,6341,0.012766619959520442,8147,8041,0.01301092426660122,7449,7350,0.01329037454691906,7591,7483,0.014227374522460812,6564,6477,0.013254113345521068,7481,7389,0.012297821146905474,6282,6199,0.01321235275389998,7193,7149,0.006117058251077445,6374,6233,0.02212111703796671,5668,5649,0.0033521524347212006,,80828,79789,0.012854456376503176,60
BT-HQ,740A,10405,10268,0.013166746756367087,12169,11913,0.021037061385487665,11826,11571,0.02156265854895989,15064,14742,0.021375464684014855,12998,12733,0.020387751961840284,14646,14311,0.02287313942373348,12687,12405,0.022227476944904234,14118,13803,0.022311942201444945,12647,12455,0.015181465960306784,14499,14228,0.01869094420304851,12883,12591,0.022665528215477737,11808,11500,0.026084010840108363,,155750,152520,0.020738362760834628,87
BT-HQ,741,9972,9612,0.03610108303249093,11397,10979,0.036676318329384894,12566,12079,0.03875537163775267,15342,14664,0.04419241298396559,12875,12378,0.03860194174757281,13656,13109,0.04005565319273574,12270,11832,0.035696821515892374,13627,13119,0.037278931532986004,12071,11645,0.035291193770193074,13839,13394,0.03215550256521427,12833,12339,0.038494506350814306,12373,12022,0.02836822112664672,,152821,147172,0.03696481504505267,88
BT-HQ,742,9508,9274,0.02461085401766938,11293,11022,0.02399716638625693,11133,10895,0.021377885565436072,15300,14955,0.022549019607843168,13000,12702,0.022923076923076935,13412,13140,0.02028034595884287,11864,11597,0.022505057316250854,13483,13241,0.017948527775717538,12078,11931,0.012170889220069592,13738,13437,0.021910030572135697,11574,11279,0.025488163124243957,10895,10656,0.021936668196420372,,147278,144129,0.021381333260907964,156
BT-HQ,743,8038,7839,0.024757402338890233,9444,9149,0.031236764083015678,9131,8924,0.02267002518891692,12520,12253,0.02132587859424917,10068,9844,0.022248708780293946,10700,10460,0.02242990654205612,9382,9168,0.022809635472180734,10790,10548,0.02242817423540311,9987,9769,0.02182837688995698,10988,10757,0.021022934109938163,9849,9500,0.03543506955020814,8768,8625,0.01630930656934304,,119665,116836,0.023640997785484452,126
BT-HQ,743A,417,417,0,400,400,0,437,437,0,444,444,0,468,467,0.002136752136752129,537,537,0,442,441,0.002262443438914019,372,372,0,419,418,0.0023866348448687846,298,298,0,320,320,0,276,275,0.0036231884057971175,,4830,4826,0.0008281573498964967,1
BT-HQ,743B,104,101,0.028846153846153855,161,155,0.037267080745341574,286,280,0.020979020979020935,356,349,0.0196629213483146,571,563,0.014010507880910628,507,501,0.011834319526627168,376,370,0.015957446808510634,273,268,0.01831501831501836,331,325,0.01812688821752262,422,414,0.018957345971563955,379,372,0.01846965699208447,341,336,0.014662756598240456,,4107,4034,0.017774531288044848,4
BT-HQ,744,4090,3979,0.027139364303178537,4778,4661,0.024487233151946453,4482,4388,0.020972780008924552,6390,6264,0.019718309859154903,4748,4758,0,4643,4905,0,3844,3751,0.024193548387096753,5046,4945,0.02001585414189455,4158,4055,0.024771524771524778,4835,4796,0.008066184074457139,4294,4182,0.02608290638099675,3888,3829,0.015174897119341613,,55196,54513,0.012374085078628916,76
BT-HQ,744A,1399,1388,0.00786275911365264,1737,1721,0.00921128382268277,1715,1701,0.008163265306122436,1940,1924,0.008247422680412342,1454,1441,0.008940852819807388,1439,1431,0.005559416261292527,1374,1362,0.008733624454148492,1563,1552,0.00703774792066536,1488,1500,0,1599,1577,0.013758599124452764,1251,1240,0.008792965627497984,1295,1284,0.008494208494208455,,18254,18121,0.0072860742850882065,13
BT-HQ,744B,818,808,0.012224938875305624,1111,1097,0.012601260126012592,1274,1263,0.008634222919937207,1634,1613,0.012851897184822492,1292,1282,0.007739938080495334,1314,1303,0.008371385083713823,1086,1074,0.011049723756906049,1355,1343,0.0088560885608856,1184,1175,0.007601351351351315,1446,1428,0.012448132780082943,1190,1185,0.004201680672268893,1142,1131,0.009632224168126147,,14846,14702,0.009699582379091964,12
BT-HQ,744C,13,11,0.15384615384615385,10,8,0.19999999999999996,13,12,0.07692307692307687,7,5,0.2857142857142857,12,11,0.08333333333333337,4,1,0.75,6,4,0.33333333333333337,15,13,0.1333333333333333,11,10,0.09090909090909094,11,9,0.18181818181818177,10,9,0.09999999999999998,7,6,0.1428571428571429,,119,99,0.16806722689075626,1
BT-HQ,744D,1511,1492,0.012574454003970836,1909,1890,0.009952854897852248,2206,2179,0.012239347234814124,2712,2700,0.004424778761061954,2357,2331,0.011030971574034765,2599,2573,0.01000384763370532,2308,2283,0.010831889081455826,2401,2379,0.009162848812994562,2330,2303,0.011587982832617971,2669,2643,0.009741476208317668,2075,2054,0.010120481927710867,1951,1949,0.001025115325474113,,27028,26776,0.009323664348083516,12
BT-HQ,744E,0,0,,0,0,,0,0,,13,13,0,124,7,0.9435483870967742,368,6,0.9836956521739131,260,254,0.023076923076923106,420,410,0.023809523809523836,326,316,0.030674846625766916,396,384,0.030303030303030276,364,355,0.02472527472527475,362,351,0.03038674033149169,,2633,2096,0.2039498670717812,11
BT-HQ,745,15837,15103,0.046347161709919815,19294,18470,0.042707577485228576,19847,18991,0.04312994407215198,25479,24393,0.042623336865654116,20756,19871,0.04263827327037961,22698,21689,0.04445325579346193,19820,19007,0.041019172552976824,22436,21492,0.04207523622749154,19618,19015,0.030737078193495804,22849,21717,0.04954264956890897,19522,18735,0.040313492470033796,17525,16869,0.03743223965763198,,245681,235352,0.04204232317517431,357
BT-HQ,745A,0,0,,0,0,,0,0,,0,0,,0,0,,0,0,,0,0,,0,0,,0,0,,0,0,,0,0,,0,0,,,0,0,,0
BT-HQ,746,22147,22373,0,26284,25716,0.021610105006848235,27885,27238,0.023202438587053953,33632,32867,0.02274619410085632,28324,29097,0,27631,30606,0,24771,24253,0.020911549796132523,27790,25976,0.06527527887729401,25195,22887,0.09160547727723756,27843,24915,0.10516108177998063,25210,22085,0.12395874652915506,22555,19753,0.12422966082908449,,319267,307766,0.03602314050622202,47
BT-HQ,746A,4427,4357,0.015812062344703004,4671,4600,0.015200171269535434,4576,4506,0.015297202797202814,5342,5256,0.016098839385997765,4467,4395,0.016118200134318306,4580,4504,0.016593886462882068,4033,3966,0.01661294321844775,4038,3978,0.014858841010401136,4177,4126,0.012209719894661242,5207,5140,0.012867294027270937,4728,4640,0.0186125211505922,4306,4292,0.0032512772875058493,,54552,53760,0.014518257809062907,11
BT-HQ,746B,813,808,0.006150061500615034,820,819,0.0012195121951219523,851,846,0.005875440658049347,1139,1132,0.006145741878841093,3006,1580,0.4743845642049235,5841,2199,0.6235233692860811,8679,8555,0.014287360294964913,11145,10894,0.022521310004486317,10393,10295,0.009429423650534008,12360,12111,0.02014563106796119,10276,10086,0.01848968470221879,10020,9813,0.020658682634730585,,75343,69138,0.08235668874347979,11
BT-HQ,747,11681,11278,0.03450047085009844,12950,12524,0.03289575289575286,13729,13297,0.03146623934736692,17602,17080,0.029655720940802155,14669,14254,0.028290953711909483,15971,15533,0.027424707281948568,14725,14318,0.027640067911714805,16672,16215,0.027411228406909793,14592,14367,0.015419407894736836,16992,16472,0.030602636534839966,15551,14948,0.03877564143784962,13533,13243,0.021429099238897464,,178667,173529,0.0287574090346846,161
BT-HQ,747A,214,206,0.03738317757009346,214,208,0.028037383177570097,227,221,0.026431718061673992,350,341,0.02571428571428569,309,302,0.02265372168284785,390,383,0.017948717948717996,333,325,0.024024024024024038,410,400,0.024390243902439046,422,421,0.0023696682464454666,607,594,0.021416803953871466,524,511,0.024809160305343525,479,470,0.018789144050104345,,4479,4382,0.021656619781201147,8
BT-HQ,747B,151,145,0.039735099337748325,124,119,0.040322580645161255,149,144,0.03355704697986572,174,169,0.028735632183908066,142,136,0.04225352112676062,179,173,0.03351955307262566,141,135,0.04255319148936165,183,178,0.02732240437158473,165,160,0.030303030303030276,183,180,0.016393442622950838,167,157,0.05988023952095811,120,117,0.025000000000000022,,1878,1813,0.034611288604898816,5
BT-HQ,748,20790,20564,0.01087061087061092,23250,23035,0.009247311827957017,26310,26080,0.008741923223109072,32760,32401,0.01095848595848592,29970,29684,0.009542876209542861,24540,24262,0.011328443357783158,22980,22775,0.00892080069625767,24870,24589,0.011298753518295124,26010,25768,0.009304113802383718,23370,23132,0.010183996576807908,22590,22391,0.008809207613988512,21750,21552,0.00910344827586207,,299190,296233,0.009883351716300726,1
BT-HQ,749,10560,10455,0.009943181818181768,11850,11694,0.013164556962025342,13950,13884,0.004731182795698952,17520,17254,0.015182648401826482,15330,15117,0.013894324853228945,14160,14001,0.011228813559322037,0,0,,0,0,,0,0,,0,0,,0,0,,0,0,,,83370,82405,0.011574907040902027,0
BT-HQ,750,0,0,,0,0,,0,0,,0,0,,0,0,,0,0,,0,0,,0,0,,0,0,,0,0,,0,0,,0,0,,,0,0,,0
BT-HQ,751,492770,492880,0,477180,477310,0,710860,711050,0,578260,578420,0,567400,567560,0,554360,554520,0,521460,521610,0,843570,843790,0,770600,770810,0,757370,757570,0,795970,796180,0,871430,871640,0,,7941230,7943340,0,1
BT-HQ,752,12750,12719,0.0024313725490195948,14040,14000,0.002849002849002802,15960,15918,0.0026315789473684292,19350,19285,0.003359173126614934,17370,17302,0.003914795624640144,15720,15656,0.004071246819338459,0,0,,0,0,,0,0,,0,0,,0,0,,0,0,,,95190,94880,0.0032566446055257714,0
BT-HQ,753,378630,378520,0.00029052108918992126,424590,424450,0.0003297298570386076,444280,444100,0.0004051499054650298,515330,515080,0.00048512603574413227,481980,481750,0.00047719822399272527,475560,475340,0.00046261249894863354,455160,454960,0.0004394059231918046,501200,500970,0.00045889864325621144,503010,502780,0.00045724737082764033,456730,456530,0.0004378954743502472,444600,444420,0.0004048582995951344,431190,431030,0.00037106611934412115,,5512260,5509930,0.0004226941399716466,1
BT-HQ,754,2777,2810,0,2824,2864,0,3057,3101,0,3521,3574,0,3467,3518,0,3457,3504,0,3314,3359,0,3483,3530,0,3573,3626,0,3260,3310,0,3478,3530,0,3522,3575,0,,39733,40301,0,1
BT-HQ,755,0,0,,0,0,,0,0,,0,0,,0,0,,0,0,,0,0,,0,0,,0,0,,0,0,,0,0,,0,0,,,0,0,,0
BT-HQ,756,0,0,,0,0,,0,0,,0,0,,0,0,,0,0,,0,0,,0,0,,0,0,,0,0,,0,0,,0,0,,,0,0,,0
BT-HQ,757,23850,23832,0.0007547169811320531,27690,27734,0,31110,31082,0.0009000321440051362,36180,36188,0,33180,33187,0,32100,32086,0.0004361370716511326,17310,17308,0.00011554015020220909,0,0,,0,0,,0,0,,0,0,,0,0,,,201420,201417,1.4894250819130761e-05,0
BT-HQ,758,19140,19203,0,20970,21049,0,23490,23529,0,30000,30029,0,26190,26145,0.0017182130584192379,26970,26983,0,25350,25411,0,28560,28551,0.00031512605042016695,29730,29394,0.011301715438950533,26550,26595,0,24480,24955,0,24360,23997,0.014901477832512278,,305790,305841,0,1
BT-HQ,759,25110,25121,0,28740,28779,0,32760,32791,0,39780,39862,0,34140,34145,0,33120,33177,0,16890,16914,0,0,0,,0,0,,0,0,,0,0,,0,0,,,210540,210789,0,0
BT-HQ,759A,0,21840,0,0,24480,0,0,27930,0,0,34710,0,0,29880,0,0,29250,0,0,27750,0,0,27180,0,0,28020,0,0,24840,0,0,21630,0,0,20490,0,,0,318000,0,1
BT-HQ,760,0,18650,0,0,21387,0,0,25654,0,0,32630,0,0,29191,0,0,28036,0,0,25074,0,0,27612,0,0,29713,0,0,25335,0,0,16312,0,0,14953,0,,0,294547,0,1
BT-HQ,761,0,0,,0,0,,0,0,,0,0,,0,0,,0,0,,0,0,,0,0,,0,0,,0,0,,0,0,,0,0,,,0,0,,0
BT-HQ,761A,0,0,,0,0,,0,0,,0,0,,0,0,,0,0,,0,0,,0,0,,0,0,,0,0,,0,0,,0,0,,,0,0,,0
BT-HQ,762,10958,10959,0,12584,12590,0,13879,13884,0,16246,16256,0,16454,16466,0,14548,14559,0,12501,12509,0,13480,13490,0,13640,13650,0,12821,12830,0,12108,12115,0,11840,11845,0,,161059,161153,0,1
BT-HQ,763,0,0,,0,0,,0,0,,0,0,,0,0,,0,0,,0,0,,0,0,,0,0,,0,0,,0,0,,0,0,,,0,0,,0
BT-HQ,764,0,0,,0,0,,0,0,,0,0,,0,0,,0,0,,0,0,,0,0,,0,0,,0,0,,0,0,,0,0,,,0,0,,0
BT-HQ,764A,0,0,,0,0,,0,0,,0,0,,0,0,,0,0,,0,0,,0,0,,0,0,,0,0,,0,0,,0,0,,,0,0,,0
BT-HQ,765,20818,20305,0.024642136612546883,23686,23140,0.023051591657519244,25449,24870,0.02275138512318753,31173,30146,0.032945176915920804,27806,27031,0.02787168237071136,28120,27294,0.029374110953058308,24024,23316,0.029470529470529416,28157,27320,0.02972617821500867,23980,23498,0.020100083402835645,26803,25989,0.03036973473118676,24136,23386,0.031073914484587295,20789,20256,0.025638558853239735,,304941,296551,0.02751351900859511,116
BT-HQ,766,525750,525990,0,557070,557309,0,219389,219331,0.0002643705928738749,349631,349650,0,332190,332190,0,330450,330490,0,271680,271699,0,448769,448851,0,524800,524960,0,485891,491719,0,672620,680381,0,492360,478600,0.02794703062799575,,5210600,5211170,0,1
BT-HQ,767,519059,518963,0.0001849500731130327,558193,558074,0.00021318791170799045,632137,631988,0.00023570839865405535,750534,750363,0.00022783777950097228,669224,669078,0.00021816312624767242,660260,660115,0.00021961045648688504,662834,662687,0.0002217749843852479,714434,714304,0.0001819622246421737,712113,711923,0.0002668115874868704,630868,630719,0.00023618252946733254,607448,607307,0.00023211863402294863,585957,585852,0.00017919403642241427,,7703061,7701373,0.00021913366647363652,1
BT-HQ,768,59120,59100,0.0003382949932341228,66346,66500,0,75315,75400,0,89401,89500,0,82073,82100,0,81294,81400,0,78631,78800,0,83053,83100,0,82208,82300,0,75504,75600,0,69913,70000,0,64316,64400,0,,907174,908200,0,1
BT-HQ,769,13195,13222,0,14548,14577,0,20836,20878,0,24804,24858,0,21852,21898,0,21486,21530,0,22049,22094,0,22785,22830,0,22507,22549,0,20018,20058,0,19758,19796,0,19217,19251,0,,243055,243541,0,1
BT-HQ,770,28102,28111,0,33975,33975,0,44743,44726,0.00037994770131644096,53910,53877,0.0006121313299943809,52217,52164,0.001014995116532913,49814,49813,2.0074677801407148e-05,51648,51621,0.0005227695167285829,54098,54074,0.0004436393212318146,49668,49650,0.00036240637835227574,46397,46379,0.00038795611785247264,39884,39880,0.0001002908434459826,35895,35894,2.7859033291499635e-05,,540351,540164,0.0003460713499188195,1
BT-HQ,771,15561,15709,0,19234,19227,0.00036393885827179506,23248,23243,0.00021507226428074677,26656,26648,0.00030012004801915904,25646,25641,0.0001949621773376098,23584,23582,8.480325644499853e-05,22593,22589,0.00017704598769530122,24774,24767,0.00028255429078871686,24939,24937,8.019567745298772e-05,22326,22324,8.958165367733972e-05,21581,21582,0,20688,20686,9.667440061866817e-05,,270830,270935,0,1
BT-HQ,772,0,0,,0,0,,0,0,,0,0,,0,0,,0,0,,0,0,,0,0,,0,0,,0,0,,0,0,,0,0,,,0,0,,0
BT-HQ,773,7530,7326,0.027091633466135412,9240,9109,0.014177489177489178,10620,10462,0.01487758945386064,12630,12439,0.015122723673792526,11430,11240,0.016622922134733153,11160,10998,0.014516129032258074,9570,9418,0.015882967607105503,12090,11109,0.08114143920595529,10530,11117,0,11280,11080,0.01773049645390068,10230,10075,0.015151515151515138,9510,9446,0.006729758149316534,,125820,123819,0.015903671912255612,48
BT-HQ,774,5105,5324,0,5887,6230,0,6733,7060,0,8509,8851,0,8226,8214,0.0014587892049598983,0,9105,0,0,7351,0,8888,8390,0.05603060306030605,6649,6622,0.004060761016694281,7632,7605,0.003537735849056589,6851,6823,0.004086994599328597,6721,6707,0.002083023359619074,,71201,88282,0,60
BT-HQ,774A,2945,3310,0,2188,3179,0,4000,4065,0,5963,5905,0.009726647660573517,5555,5513,0.0075607560756075776,5615,5565,0.008904719501335756,5342,5247,0.017783601647323066,4979,4914,0.01305483028720622,3954,3895,0.014921598381385959,5105,5080,0.004897159647404559,3944,3893,0.012931034482758674,3809,3784,0.006563402467839374,,53399,54350,0,30
BT-HQ,775,17038,16306,0.04296278905974882,21452,20941,0.023820622785754253,25270,24579,0.02734467748318159,32522,31590,0.028657524137506885,29091,28324,0.026365542607679315,30714,29961,0.024516507130298848,27330,26444,0.03241858763263816,32536,31727,0.024864765183181703,26168,25748,0.01605013757260776,28741,28050,0.024042308896698117,22252,21652,0.026963868416322145,19979,19776,0.010160668702137277,,313093,305098,0.025535543752175927,117
BT-HQ,775A,7586,7505,0.010677563933561784,9817,9720,0.00988081898747073,11833,11624,0.01766246936533422,15635,15368,0.017077070674768158,13490,13256,0.017346182357301676,13358,13146,0.01587063931726307,10579,10401,0.01682578693638337,13335,13120,0.016122984626921633,9966,9853,0.011338551073650449,12898,12564,0.025895487672507378,10930,10838,0.008417200365965272,9883,9798,0.008600627339876543,,139310,137193,0.015196324743378065,112
BT-HQ,775B,0,0,,0,0,,0,0,,0,0,,0,0,,0,0,,0,0,,0,0,,0,0,,0,0,,5838,5779,0.010106200753682737,3998,3972,0.006503251625812889,,9836,9751,0.0086417242781619,47
BT-HQ,776,153303,132585,0.1351441263380364,174989,175034,0,169340,169391,0,103691,103712,0,76717,76736,0,48935,48950,0,58126,58133,0,129692,129726,0,167125,167181,0,154407,154446,0,295548,229250,0.22432227590780518,246052,194372,0.2100369027685205,,1777925,1639516,0.07784861566151557,1
BT-HQ,777,118907,119359,0,114540,114959,0,128620,129076,0,162857,163424,0,137632,138121,0,146382,146912,0,134047,134537,0,150778,151320,0,153839,154417,0,136540,137050,0,133837,134349,0,132368,132876,0,,1650347,1656400,0,1
BT-HQ,778,3840,3731,0.02838541666666672,3750,3657,0.024800000000000044,4170,4082,0.02110311750599525,4770,4644,0.026415094339622636,5550,5489,0.01099099099099099,4890,4732,0.03231083844580773,4290,4223,0.015617715617715633,5580,5022,0.09999999999999998,4065,4432,0,4629,4527,0.022034996759559333,4442,4338,0.023412877082395367,3664,3574,0.024563318777292564,,53640,52451,0.0221662938105891,45
BT-HQ,779,0,0,,0,0,,0,0,,0,0,,0,0,,0,0,,0,0,,0,0,,0,0,,0,0,,0,0,,0,0,,,0,0,,0
BT-HQ,780,0,0,,0,0,,0,0,,0,0,,0,0,,0,0,,0,0,,0,0,,0,0,,0,0,,0,0,,0,0,,,0,0,,0
BT-HQ,781,0,0,,0,0,,0,0,,0,0,,0,0,,0,0,,0,0,,0,0,,0,0,,0,0,,0,0,,0,0,,,0,0,,0
BT-HQ,782,0,0,,0,0,,0,0,,0,0,,0,0,,0,0,,0,0,,0,0,,0,0,,0,0,,0,0,,0,0,,,0,0,,0
BT-HQ,786,191354,191732,0,190517,190870,0,206158,206536,0,254497,254950,0,225176,225597,0,232687,233127,0,220276,220706,0,236527,236973,0,255722,256230,0,233453,233927,0,226762,227226,0,210155,210576,0,,2683284,2688450,0,1
BT-HQ,787,409696,409467,0.0005589510271030163,331264,331062,0.0006097855486862924,337596,337414,0.0005391059135771981,312201,311996,0.0006566282619210329,317921,317703,0.0006857049392773318,279627,279444,0.0006544432404596012,292330,292132,0.000677316731091615,421475,421202,0.0006477252506079667,409074,408810,0.0006453600082136912,335049,334826,0.0006655742891338301,529907,529575,0.0006265250317508686,461382,461100,0.000611207199240571,,4437522,4434731,0.0006289546282812752,1
BT-HQ,788,0,0,,0,0,,0,0,,0,0,,0,0,,0,0,,0,0,,0,0,,0,0,,0,0,,0,0,,0,0,,,0,0,,0
BT-HQ,789,0,0,,0,0,,0,0,,0,0,,0,0,,0,0,,0,0,,0,0,,0,0,,0,0,,0,0,,0,0,,,0,0,,0
BT-HQ,790,0,0,,0,0,,0,0,,0,0,,0,0,,0,0,,0,0,,0,0,,0,0,,0,0,,0,0,,0,0,,,0,0,,0
BT-HQ,791,0,0,,0,0,,0,0,,0,0,,0,0,,0,0,,0,0,,0,0,,0,0,,0,0,,0,0,,0,0,,,0,0,,0
BT-HQ,792,0,0,,0,0,,0,0,,0,0,,0,0,,0,0,,0,0,,0,0,,0,0,,0,0,,0,0,,0,0,,,0,0,,0
BT-HQ,793,0,0,,0,0,,0,0,,0,0,,0,0,,0,0,,0,0,,0,0,,0,0,,0,0,,0,0,,0,0,,,0,0,,0
BT-HQ,794,0,0,,0,0,,0,0,,0,0,,0,0,,0,0,,0,0,,0,0,,0,0,,0,0,,0,0,,0,0,,,0,0,,0
BT-HQ,795,0,0,,0,0,,0,0,,0,0,,0,0,,0,0,,0,0,,0,0,,0,0,,0,0,,0,0,,0,0,,,0,0,,0
BT-HQ,796,0,0,,0,0,,0,0,,0,0,,0,0,,0,0,,0,0,,0,0,,0,0,,0,0,,0,0,,0,0,,,0,0,,0
BT-HQ,797,6842,6695,0.021484945922244925,7125,6956,0.02371929824561403,8315,8144,0.02056524353577871,10397,10185,0.02039049725882469,8877,8701,0.019826517967781898,9066,8892,0.019192587690271323,8551,8373,0.020816278797801457,9262,9037,0.024292809328438802,9252,9023,0.024751405101599677,8080,7883,0.024381188118811847,7282,7105,0.024306509200769044,7332,7154,0.024277141298417848,,100381,98148,0.02224524561420982,1
BT-HQ,798,0,2555,0,0,2531,0,0,3034,0,0,4037,0,0,3223,0,0,3422,0,0,3153,0,0,3222,0,0,3528,0,0,3148,0,0,2768,0,0,2792,0,,0,37413,0,1
BT-HQ,799,12585,12562,0.001827572506952757,14186,14160,0.0018327928944029681,15498,15467,0.0020002580978191187,18252,18210,0.002301117685733045,15898,15864,0.002138633790413902,16416,16381,0.0021320662768030685,16281,16247,0.002088323813033588,17176,17139,0.002154168607359064,17763,17725,0.0021392782750661032,16429,16392,0.002252115162213131,15050,15019,0.002059800664451772,14217,14188,0.002039811493282695,,189751,189354,0.0020922155877965976,1
BT-HQ,800,21483,20962,0.024251733929153252,18497,18044,0.02449045791209381,23448,22817,0.026910610713067218,30495,29590,0.029676996228889974,34714,33628,0.03128420810047816,32660,31744,0.02804654011022656,28016,27252,0.027270131353512306,31498,30643,0.027144580608292612,29975,29194,0.0260550458715596,28762,28083,0.023607537723384975,31794,30944,0.026734604013335828,24646,24271,0.015215450783088502,,335988,327172,0.026239032346393354,106
BT-HQ,8001,0,1366,0,0,1466,0,0,1530,0,0,1753,0,0,1603,0,0,1684,0,0,1609,0,0,1675,0,0,1882,0,0,1625,0,0,1729,0,0,1686,0,,0,19608,0,1
BT-HQ,8002,0,2947,0,0,3086,0,0,3289,0,0,3506,0,0,3065,0,0,3047,0,0,3006,0,0,3153,0,0,3074,0,0,3022,0,0,2983,0,0,2989,0,,0,37167,0,1
BT-HQ,8003,2633,2636,0,2747,2749,0,2708,2710,0,3113,3115,0,2775,2775,0,3198,3200,0,3625,3627,0,3566,3568,0,3129,3130,0,3019,3020,0,2705,2707,0,2756,2757,0,,35974,35994,0,1
BT-HQ,8004,0,6934,0,0,7215,0,0,7366,0,0,8560,0,0,8141,0,0,8514,0,0,8126,0,0,8483,0,0,8658,0,0,8003,0,0,7683,0,0,7236,0,,0,94919,0,1
BT-HQ,8005,0,2343,0,0,2845,0,0,3045,0,0,3541,0,0,2935,0,0,3082,0,0,3069,0,0,3254,0,0,3274,0,0,2985,0,0,2963,0,0,2789,0,,0,36125,0,1
BT-HQ,8006,0,2363,0,0,2358,0,0,2476,0,0,3024,0,0,2652,0,0,2546,0,0,2328,0,0,2477,0,0,2833,0,0,2328,0,0,2307,0,0,2249,0,,0,29941,0,1
BT-HQ,8007,0,3594,0,0,3445,0,0,3566,0,0,4309,0,0,3788,0,0,3815,0,0,3619,0,0,3897,0,0,4470,0,0,3794,0,0,3474,0,0,3367,0,,0,45138,0,1
BT-HQ,8008,0,1378,0,0,1530,0,0,1640,0,0,1801,0,0,1741,0,0,1812,0,0,1768,0,0,1867,0,0,1923,0,0,1704,0,0,1486,0,0,1558,0,,0,20208,0,1
BT-HQ,8009,0,4107,0,0,4513,0,0,4613,0,0,5293,0,0,4971,0,0,4890,0,0,4941,0,0,5576,0,0,5908,0,0,2847,0,0,46,0,0,12824,0,,0,60529,0,1
BT-HQ,801,0,0,,0,0,,0,0,,0,0,,0,0,,0,0,,0,0,,0,0,,0,0,,0,0,,0,0,,0,0,,,0,0,,0
BT-HQ,8010,0,2779,0,0,2695,0,0,3074,0,0,3090,0,0,2650,0,0,2495,0,0,2494,0,0,2482,0,0,2715,0,0,2439,0,0,2550,0,0,2695,0,,0,32158,0,1
BT-HQ,8011,0,3503,0,0,3854,0,0,3779,0,0,4123,0,0,3594,0,0,3429,0,0,3610,0,0,3706,0,0,3742,0,0,3204,0,0,3555,0,0,3529,0,,0,43628,0,1
BT-HQ,8012,0,722,0,0,692,0,0,738,0,0,1014,0,0,951,0,0,1085,0,0,1075,0,0,1162,0,0,1121,0,0,1132,0,0,851,0,0,845,0,,0,11388,0,1
BT-HQ,8013,0,1674,0,0,1922,0,0,2266,0,0,2371,0,0,2408,0,0,2428,0,0,2310,0,0,2430,0,0,2280,0,0,2629,0,0,2341,0,0,2017,0,,0,27076,0,1
BT-HQ,8014,0,2578,0,0,2664,0,0,2917,0,0,3471,0,0,3170,0,0,3599,0,0,3027,0,0,3087,0,0,3474,0,0,3206,0,0,2792,0,0,2708,0,,0,36693,0,1
BT-HQ,8015,0,3536,0,0,3809,0,0,4127,0,0,4953,0,0,3731,0,0,3988,0,0,4039,0,0,4526,0,0,4631,0,0,4058,0,0,3967,0,0,3790,0,,0,49155,0,1
BT-HQ,8016,0,2250,0,0,2310,0,0,2640,0,0,3570,0,0,3240,0,0,3300,0,0,2970,0,0,3180,0,0,3300,0,0,2970,0,0,2520,0,0,2430,0,,0,34680,0,1
BT-HQ,8017,0,1837,0,0,2404,0,0,1994,0,0,1179,0,0,1982,0,0,1707,0,0,2057,0,0,1153,0,0,787,0,0,613,0,0,517,0,0,536,0,,0,16766,0,1
BT-HQ,8018,0,3849,0,0,3955,0,0,4456,0,0,5475,0,0,4872,0,0,4948,0,0,4825,0,0,5460,0,0,5430,0,0,4764,0,0,4354,0,0,4164,0,,0,56552,0,1
BT-HQ,8019,0,3223,0,0,3478,0,0,3656,0,0,4740,0,0,3340,0,0,3706,0,0,3753,0,0,3857,0,0,4058,0,0,3822,0,0,3542,0,0,3081,0,,0,44256,0,1
BT-HQ,802,0,0,,0,0,,0,0,,0,0,,0,0,,0,0,,0,0,,0,0,,0,0,,0,0,,0,0,,0,0,,,0,0,,0
BT-HQ,8020,0,2144,0,0,1979,0,0,2148,0,0,2504,0,0,1884,0,0,2075,0,0,1842,0,0,1813,0,0,2338,0,0,2227,0,0,2356,0,0,2797,0,,0,26107,0,1
BT-HQ,8021,0,3790,0,0,3943,0,0,4283,0,0,4774,0,0,3965,0,0,4070,0,0,4299,0,0,4322,0,0,4730,0,0,4175,0,0,3885,0,0,3886,0,,0,50122,0,1
BT-HQ,8022,0,1954,0,0,2189,0,0,2568,0,0,2822,0,0,2236,0,0,2676,0,0,2345,0,0,2859,0,0,3012,0,0,2656,0,0,2663,0,0,2377,0,,0,30357,0,1
BT-HQ,8023,0,1120,0,0,1080,0,0,1160,0,0,920,0,0,0,,0,0,,0,3557,0,0,1385,0,0,1534,0,0,1451,0,0,1297,0,0,1313,0,,0,14817,0,1
BT-HQ,8024,0,3320,0,0,3840,0,0,4320,0,0,4800,0,0,4480,0,0,4480,0,0,4520,0,0,4600,0,0,4360,0,0,3960,0,0,3960,0,0,3560,0,,0,50200,0,1
BT-HQ,8025,0,3360,0,0,4480,0,0,4360,0,0,3920,0,0,2840,0,0,3720,0,0,4200,0,0,3880,0,0,3200,0,0,3360,0,0,3240,0,0,3440,0,,0,44000,0,1
BT-HQ,8026,0,1080,0,0,1160,0,0,1320,0,0,1800,0,0,1720,0,0,1800,0,0,1680,0,0,1600,0,0,1640,0,0,1880,0,0,1520,0,0,1280,0,,0,18480,0,1
BT-HQ,8027,0,1150,0,0,1214,0,0,1394,0,0,1737,0,0,1519,0,0,1395,0,0,1496,0,0,1596,0,0,1769,0,0,1571,0,0,1775,0,0,1497,0,,0,18113,0,1
BT-HQ,8028,0,1679,0,0,1734,0,0,2080,0,0,2383,0,0,1949,0,0,1931,0,0,1930,0,0,2071,0,0,2241,0,0,1828,0,0,1950,0,0,2148,0,,0,23924,0,1
BT-HQ,8029,0,1800,0,0,1920,0,0,2320,0,0,2640,0,0,2440,0,0,2640,0,0,2640,0,0,2720,0,0,3000,0,0,2520,0,0,2400,0,0,2240,0,,0,29280,0,1
BT-HQ,803,55052,53422,0.02960837026811014,68815,66476,0.03398968248201695,85032,81414,0.042548687552921294,103473,98757,0.04557710707140994,95096,90641,0.046847396315302436,101427,96932,0.044317588018969345,92075,87969,0.04459408091229977,103425,98786,0.044853758762388174,85503,81935,0.041729529958013156,82216,78554,0.04454120852388832,83104,80497,0.03137033115132848,65367,63437,0.029525601603255458,,1020585,978820,0.0409226081120142,260
BT-HQ,803A,7685,7683,0.0002602472348731677,10002,10000,0.00019996000799837876,10487,10485,0.00019071231047962378,12402,12398,0.00032252862441539687,12967,12959,0.0006169507210611602,13638,13631,0.0005132717407244636,14010,14002,0.0005710206995003242,16654,16645,0.0005404107121412816,16669,16539,0.0077989081528585524,12229,12334,0,11661,11667,0,9721,9488,0.02396872749717105,,148125,147831,0.001984810126582248,1
BT-HQ,804,3479,3432,0.013509629203794171,3680,3629,0.013858695652173902,4236,4185,0.012039660056657242,5255,5185,0.013320647002854402,6395,6290,0.016419077404221993,9128,8958,0.018624014022787017,4184,4127,0.013623326959847026,7824,7696,0.01635991820040905,5515,5425,0.016319129646418906,4199,4146,0.012622052869730838,4855,4797,0.011946446961894952,3414,3368,0.013473930872876405,,62164,61238,0.01489608133324749,29
BT-HQ,804A,3123,3097,0.008325328210054384,3897,3859,0.009751090582499344,5467,5395,0.013169928662886354,6506,6423,0.012757454657239431,5676,5600,0.013389711064129672,5729,5661,0.011869436201780381,4484,4429,0.01226583407671722,5197,5138,0.011352703482778503,4774,4729,0.009426057813154642,4800,4746,0.011249999999999982,4505,4463,0.009322974472807943,3268,3269,0,,57426,56809,0.010744262180893638,43
BT-HQ,805,34313,34113,0.00582869466383007,31006,29695,0.0422821389408502,32235,31501,0.022770280750736727,43042,42018,0.023790716044793436,39897,38909,0.024763766699250622,42354,41354,0.0236105208480899,40573,39565,0.024844108150740674,42030,40991,0.024720437782536298,43358,42292,0.02458600488952445,41675,41151,0.012573485302939447,43947,42723,0.027851730493549054,39035,38014,0.026156013833739,,473465,462326,0.02352655423315342,102
BT-HQ,805A,11199,11125,0.006607732833288638,12708,12671,0.0029115517784072953,14228,14203,0.001757098678661806,18781,18733,0.002555774452904558,15757,15714,0.0027289458653296794,15686,15661,0.0015937778911131462,14866,15211,0,17228,17188,0.0023218017181332318,14901,14899,0.00013421917992084698,17150,16635,0.030029154518950385,14540,14977,0,13057,13177,0,,180101,180194,0,139
BT-HQ,806,2566,2568,0,3221,3227,0,4242,4253,0,5288,5307,0,4870,4886,0,4832,4847,0,3962,3973,0,4709,4724,0,3339,3347,0,3292,3300,0,2396,2424,0,2486,2442,0.017699115044247815,,45203,45298,0,1
BT-HQ,807,0,5208,0,0,5586,0,0,5990,0,0,7706,0,0,7172,0,0,7011,0,0,6316,0,0,6832,0,0,6996,0,0,6595,0,0,6022,0,0,5612,0,,0,77046,0,1
BT-HQ,807A,0,9913,0,0,10984,0,0,12600,0,0,15886,0,0,13827,0,0,13952,0,0,12510,0,0,13928,0,0,15153,0,0,13959,0,0,12845,0,0,11947,0,,0,157504,0,1
BT-HQ,808,12213,11774,0.03594530418406616,14335,13845,0.034182071852110196,15227,14697,0.0348065935509293,19847,19172,0.03401017786063387,17950,17307,0.035821727019498595,18569,17918,0.035058430717863076,15962,15456,0.03170028818443804,18411,17758,0.03546792678290156,15610,15206,0.025880845611787273,18254,17559,0.03807384682809245,15840,15034,0.050883838383838365,14219,14068,0.010619593501652758,,196437,189794,0.033817458014528845,149
BT-HQ,808A,0,0,,0,0,,0,0,,0,0,,0,0,,0,0,,762,754,0.01049868766404205,1007,919,0.08738828202581927,978,1067,0,1346,1331,0.011144130757800852,1233,1215,0.014598540145985384,1213,1203,0.008244023083264662,,6539,6489,0.007646429117602049,23
BT-HQ,809,0,6212,0,0,7050,0,0,7798,0,0,10212,0,0,9471,0,0,8856,0,0,8577,0,0,9466,0,0,9857,0,0,9051,0,0,8102,0,0,7686,0,,0,102338,0,1
BT-HQ,810,0,5892,0,0,6733,0,0,7951,0,0,9764,0,0,9363,0,0,8856,0,0,7920,0,0,8797,0,0,9254,0,0,8345,0,0,7191,0,0,6948,0,,0,97014,0,1
BT-HQ,811,0,10778,0,0,11916,0,0,13378,0,0,16053,0,0,14488,0,0,14600,0,0,13710,0,0,15226,0,0,15818,0,0,14896,0,0,13955,0,0,13205,0,,0,168023,0,1
BT-HQ,811A,0,9784,0,0,11369,0,0,12435,0,0,14753,0,0,13626,0,0,13765,0,0,12679,0,0,14328,0,0,14140,0,0,13443,0,0,11930,0,0,11338,0,,0,153590,0,1
BT-HQ,811B,8280,8137,0.017270531400966238,8820,8641,0.020294784580498826,10530,10359,0.016239316239316293,12420,12209,0.016988727858293085,10890,10956,0,10680,10183,0.04653558052434459,9930,9749,0.01822759315206446,10860,10669,0.017587476979742167,11640,11285,0.030498281786941583,10740,10521,0.020391061452514014,10200,10044,0.015294117647058791,9420,9275,0.015392781316348247,,124410,122028,0.019146370870508855,1
BT-HQ,811C,10600,10501,0.009339622641509449,11250,11241,0.0008000000000000229,13100,13109,0,15500,15372,0.008258064516128982,13850,13821,0.0020938628158845285,13750,13677,0.00530909090909093,13200,13177,0.001742424242424212,14650,14570,0.005460750853242269,15250,14984,0.017442622950819664,14200,14149,0.003591549295774654,12550,12512,0.0030278884462151545,12450,12377,0.005863453815261099,,160350,159490,0.0053632678515747045,1
BT-HQ,812,28950,29120,0,31750,32040,0,37700,37520,0.004774535809018543,46300,46360,0,39800,39880,0,39100,39160,0,41000,41040,0,40900,41040,0,40050,40160,0,37800,37920,0,35150,35320,0,33000,33120,0,,451500,452680,0,1
BT-HQ,813,47760,47360,0.008375209380234505,50880,50480,0.00786163522012584,58560,58080,0.008196721311475419,67680,67200,0.007092198581560294,63520,62960,0.008816120906801062,64880,64320,0.008631319358816225,62960,62480,0.007623888182973326,66080,65520,0.008474576271186418,66080,65600,0.007263922518159771,60800,60560,0.003947368421052588,56960,56320,0.011235955056179803,54160,53760,0.00738552437223039,,720320,714640,0.007885384273656149,1
BT-HQ,813A,0,74640,0,0,82920,0,0,92280,0,0,107280,0,0,97920,0,0,96600,0,0,93600,0,0,99120,0,0,99360,0,0,90480,0,0,87000,0,0,81600,0,,0,1102800,0,1
BT-HQ,813B,0,33356,0,0,37809,0,0,43972,0,0,52811,0,0,47739,0,0,46509,0,0,44954,0,0,47548,0,0,48286,0,0,42288,0,0,39772,0,0,39930,0,,0,524974,0,1
BT-HQ,814,0,3840,0,0,3800,0,0,4640,0,0,5040,0,0,4440,0,0,4720,0,0,4680,0,0,4720,0,0,4200,0,0,5000,0,0,4600,0,0,4000,0,,0,53680,0,1
BT-HQ,815,1342,1326,0.011922503725782407,1479,1460,0.01284651791751179,1451,1431,0.013783597518952417,1532,1510,0.01436031331592691,1315,1299,0.012167300380228174,1472,1453,0.012907608695652217,1507,1488,0.012607830126078357,1603,1582,0.013100436681222738,1367,1349,0.013167520117044584,1534,1513,0.013689700130378069,1585,1566,0.011987381703470024,1724,1707,0.009860788863109038,,17911,17684,0.012673775891909989,1
BT-HQ,816,40240,40080,0.003976143141153132,37440,37260,0.004807692307692291,48160,47940,0.004568106312292319,46720,46500,0.004708904109589018,46160,45960,0.004332755632582286,47280,47100,0.0038071065989847552,49360,49080,0.005672609400324102,58480,58260,0.003761969904240714,55120,54840,0.005079825834542806,53600,53340,0.004850746268656669,52800,52560,0.004545454545454519,51840,51600,0.00462962962962965,,587200,584520,0.004564032697547682,1
BT-HQ,816A,8959,8957,0.0002232392008036932,9204,9202,0.00021729682746629564,9975,9973,0.0002005012531328676,21753,21746,0.0003217946949846118,21039,21034,0.0002376538808879225,20772,20768,0.0001925669170036448,20059,20055,0.00019941173538062795,18150,18147,0.0001652892561982977,14801,14799,0.00013512600499965277,12930,12950,0,13212,13189,0.0017408416590978248,12426,12343,0.006679542893932133,,183280,183163,0.0006383675250981602,1
BT-HQ,817,0,7916,0,0,8432,0,0,10086,0,0,11423,0,0,10163,0,0,10138,0,0,9883,0,0,11236,0,0,11821,0,0,10390,0,0,9845,0,0,9396,0,,0,120729,0,1
BT-HQ,817A,403,403,0,454,451,0.0066079295154185536,598,596,0.0033444816053511683,672,669,0.004464285714285698,714,712,0.0028011204481792618,662,659,0.004531722054380682,678,675,0.004424778761061954,896,892,0.004464285714285698,888,885,0.0033783783783783994,907,902,0.005512679162072764,939,937,0.0021299254526091493,897,895,0.0022296544035674826,,8708,8676,0.003674781809830052,1
BT-HQ,817B,765,763,0.002614379084967311,705,703,0.0028368794326241176,815,812,0.0036809815950920033,919,916,0.0032644178454842576,816,813,0.003676470588235281,757,754,0.003963011889035695,807,804,0.0037174721189591198,806,803,0.003722084367245637,921,917,0.004343105320304019,855,850,0.005847953216374324,731,729,0.002735978112175075,830,827,0.0036144578313253017,,9727,9691,0.003701038346869523,1
BT-HQ,818,12418,12133,0.022950555645031456,13497,13200,0.022004889975550168,15416,15108,0.01997924234561499,16845,16519,0.019352923716236314,12754,12478,0.021640269719303773,12984,12695,0.022258163894023464,13202,12912,0.0219663687320103,15224,14896,0.02154492905937988,11822,11544,0.023515479614278467,14360,14027,0.023189415041782735,13211,12891,0.024222239043221516,12106,11797,0.025524533289278062,,163839,160200,0.022210828923516335,1
BT-HQ,819,0,19646,0,0,16159,0,0,16400,0,0,17738,0,0,17029,0,0,16817,0,0,15940,0,0,16927,0,0,15264,0,0,16686,0,0,15874,0,0,14543,0,,0,199023,0,1
BT-HQ,82,195279,167076,0.1444241316270567,139261,139400,0,124716,124745,0,98719,98797,0,92378,92437,0,87255,87325,0,122257,122321,0,123455,123584,0,123097,123182,0,172979,173104,0,178436,178539,0,152600,152681,0,,1610432,1583191,0.01691533700274217,1
BT-HQ,820,0,8981,0,0,9779,0,0,11466,0,0,13971,0,0,13253,0,0,12622,0,0,11228,0,0,12416,0,0,11727,0,0,12056,0,0,10513,0,0,9621,0,,0,137633,0,1
BT-HQ,820A,0,25120,0,0,26800,0,0,32000,0,0,37680,0,0,34640,0,0,34960,0,0,33520,0,0,36320,0,0,35120,0,0,39920,0,0,36800,0,0,32000,0,,0,404880,0,1
BT-HQ,821,6362,6354,0.0012574662055957475,6573,6567,0.0009128251939753973,7883,7852,0.003932513002663951,9026,8984,0.004653224019499191,7803,7759,0.0056388568499294855,7943,7907,0.004532292584665698,8006,7968,0.004746440169872579,9214,9170,0.004775341871065764,8013,7952,0.0076126294770997305,9358,9275,0.008869416541996133,8789,8721,0.007736943907156624,8075,8025,0.006191950464396245,,97045,96534,0.005265598433716323,1
BT-HQ,821A,0,4660,0,0,4000,0,0,3900,0,0,4780,0,0,4300,0,0,4620,0,0,4820,0,0,5560,0,0,4960,0,0,5940,0,0,5100,0,0,5100,0,,0,57740,0,1
BT-HQ,822,5329,5295,0.006380183899418301,6790,6739,0.007511045655375526,7387,7324,0.008528496006497854,7570,7507,0.008322324966974937,6952,6909,0.006185270425776768,7212,7148,0.0088740987243483,6652,6594,0.00871918220084189,7138,7080,0.00812552535724298,6740,6667,0.010830860534124631,7158,7058,0.013970382788488389,6501,6419,0.012613444085525338,5803,5733,0.012062726176115812,,81232,80473,0.009343608430175343,1
BT-HQ,823,25000,24925,0.0030000000000000027,28080,27950,0.00462962962962965,30960,30805,0.005006459948320385,36720,36467,0.006889978213507675,31680,31510,0.005366161616161658,31080,30880,0.006435006435006385,30880,30789,0.0029468911917098772,34000,33706,0.008647058823529452,29280,29099,0.006181693989071091,33480,33372,0.003225806451612856,29640,29768,0,26960,26854,0.003931750741839712,,367760,366125,0.004445834239721558,1
BT-HQ,823A,0,48800,0,0,47900,0,0,47500,0,0,51800,0,0,47650,0,0,49250,0,0,49500,0,0,51400,0,0,46050,0,0,52900,0,0,51600,0,0,49050,0,,0,593400,0,1
BT-HQ,824,20580,20400,0.008746355685131157,21150,20920,0.010874704491725784,24750,24520,0.009292929292929242,27960,27680,0.010014306151645225,28470,28160,0.01088865472427114,27450,27200,0.00910746812386154,26880,26600,0.01041666666666663,28290,27960,0.01166489925768821,25290,25040,0.009885330170027684,29550,29280,0.009137055837563413,27990,27720,0.009646302250803873,23340,23080,0.011139674378748965,,311700,308560,0.01007378889958288,1
BT-HQ,825,0,3159,0,0,3837,0,3329,3330,0,4244,4247,0,3971,3973,0,4468,4472,0,4281,4283,0,4480,4482,0,3819,3822,0,4847,4851,0,4241,4244,0,3972,3921,0.012839879154078582,,41652,48621,0,1
BT-HQ,826,12240,12075,0.013480392156862697,12380,12204,0.0142164781906301,13954,13742,0.015192776264870256,17166,16887,0.016253058371198836,15959,15719,0.015038536249138423,16729,16489,0.014346344670930766,16165,15935,0.014228270955768618,17308,17053,0.014733071412063814,15818,15592,0.014287520546213184,17798,17536,0.014720755141027109,16718,16474,0.014595047254456261,15057,14837,0.014611144318257274,,187292,184543,0.01467761570168502,1
BT-HQ,827,4505,4447,0.012874583795782435,5315,5264,0.009595484477892713,4158,4165,0,5291,5301,0,4888,4897,0,5131,5140,0,5108,5117,0,5599,5608,0,4733,4754,0,5833,5829,0.0006857534716269154,5113,5121,0,4600,4606,0,,60274,60249,0.0004147725387397827,1
BT-HQ,828,9663,9622,0.004242988719859286,8052,8013,0.004843517138599096,7861,7828,0.004197939193486877,7998,7909,0.011127781945486359,6867,6887,0,7270,7237,0.004539202200825265,7500,7463,0.004933333333333345,8158,8117,0.005025741603334133,7130,7096,0.004768583450210362,7962,7923,0.004898266767143888,7837,7802,0.004465994640806437,8342,8304,0.004555262526971915,,94640,94201,0.0046386306001691135,1
BT-HQ,828A,0,7020,0,0,6700,0,0,7120,0,0,8700,0,0,8240,0,0,8480,0,0,8840,0,0,11160,0,0,9500,0,0,10040,0,0,9480,0,0,8600,0,,0,103880,0,1
BT-HQ,828B,0,300,0,0,280,0,0,340,0,0,281,0,0,338,0,0,375,0,0,376,0,0,403,0,0,441,0,0,433,0,0,447,0,0,446,0,,0,4460,0,1
BT-HQ,828C,0,1940,0,0,1800,0,0,2040,0,0,2300,0,0,2320,0,0,2460,0,0,2460,0,0,2560,0,0,2240,0,0,2580,0,0,2140,0,0,2000,0,,0,26840,0,1
BT-HQ,828D,0,3120,0,0,3340,0,0,3560,0,0,4260,0,0,3700,0,0,3740,0,0,3660,0,0,4120,0,0,3600,0,0,4140,0,0,3680,0,0,3360,0,,0,44280,0,1
BT-HQ,828E,0,280,0,0,300,0,0,320,0,0,460,0,0,320,0,0,340,0,0,340,0,0,560,0,0,420,0,0,400,0,0,320,0,0,340,0,,0,4400,0,1
BT-HQ,828F,0,640,0,0,640,0,0,700,0,0,820,0,0,700,0,0,820,0,0,840,0,0,920,0,0,1040,0,0,1140,0,0,1200,0,0,920,0,,0,10380,0,1
BT-HQ,828G,0,2100,0,0,2320,0,0,2540,0,0,3140,0,0,2960,0,0,3200,0,0,3100,0,0,3380,0,0,3040,0,0,3400,0,0,3100,0,0,2760,0,,0,35040,0,1
BT-HQ,828H,0,6720,0,0,6760,0,0,7100,0,0,8220,0,0,7760,0,0,8240,0,0,7860,0,0,8060,0,0,7320,0,0,8400,0,0,8040,0,0,6900,0,,0,91380,0,1
BT-HQ,828I,0,2741,0,0,2925,0,0,3237,0,0,3420,0,0,3231,0,0,3265,0,0,3701,0,0,3886,0,0,2986,0,0,2851,0,0,2761,0,0,2509,0,,0,37513,0,1
BT-HQ,828J,0,1360,0,0,1339,0,0,1542,0,0,2062,0,0,1982,0,0,2117,0,0,2089,0,0,2281,0,0,2285,0,0,2759,0,0,2705,0,0,2474,0,,0,24995,0,1
BT-HQ,828K,0,0,,0,0,,0,0,,0,0,,0,0,,0,0,,0,0,,0,0,,0,2568,0,0,737,0,0,4754,0,0,12234,0,,0,20293,0,1
BT-HQ,828L,0,0,,0,0,,0,0,,0,0,,0,0,,0,0,,0,0,,0,0,,0,0,,0,0,,0,0,,0,1739,0,,0,1739,0,1
BT-HQ,828M,0,0,,0,0,,0,0,,0,0,,0,0,,0,0,,0,0,,0,0,,0,0,,0,0,,0,0,,0,29,0,,0,29,0,1
BT-HQ,829,6163,6007,0.02531234788252479,6949,6774,0.025183479637357897,5262,5265,0,6657,6661,0,6385,6388,0,6855,6860,0,6771,6776,0,7549,7552,0,6055,6073,0,7287,7261,0.0035679978043090532,6586,6657,0,6116,5981,0.02207325049051667,,78635,78255,0.004832453741972387,1
BT-HQ,830,4582,4585,0,4854,4884,0,5676,5741,0,7072,7146,0,5962,6028,0,6114,6183,0,6156,6219,0,6912,6979,0,6272,6267,0.0007971938775510612,6863,6748,0.016756520472096748,6347,6247,0.01575547502757213,5399,5321,0.014447119837006861,,72209,72348,0,1
BT-HQ,830A,0,1121,0,0,1154,0,0,1251,0,0,1324,0,0,1316,0,0,1363,0,0,1443,0,0,1578,0,0,1406,0,0,1789,0,0,1586,0,0,1461,0,,0,16792,0,1
BT-HQ,830B,0,960,0,0,960,0,0,960,0,0,1120,0,0,1100,0,0,1140,0,0,1080,0,0,1060,0,0,1180,0,0,1640,0,0,1300,0,0,940,0,,0,13440,0,1
BT-HQ,830C,0,1900,0,0,1960,0,0,2080,0,0,2500,0,0,2440,0,0,2640,0,0,2660,0,0,2920,0,0,2760,0,0,3080,0,0,2680,0,0,2280,0,,0,29900,0,1
BT-HQ,830D,0,1960,0,0,1960,0,0,2240,0,0,2680,0,0,2680,0,0,2940,0,0,2760,0,0,2960,0,0,2760,0,0,3260,0,0,2680,0,0,2220,0,,0,31100,0,1
BT-HQ,830E,0,1260,0,0,1380,0,0,1440,0,0,1620,0,0,1440,0,0,1680,0,0,1680,0,0,1620,0,0,1440,0,0,1740,0,0,1440,0,0,1260,0,,0,18000,0,1
BT-HQ,830F,0,804,0,0,585,0,0,638,0,0,711,0,0,767,0,0,751,0,0,789,0,0,988,0,0,869,0,0,1021,0,0,1045,0,0,775,0,,0,9743,0,1
BT-HQ,830G,0,769,0,0,741,0,0,828,0,0,939,0,0,939,0,0,1016,0,0,1131,0,0,1214,0,0,1265,0,0,1441,0,0,1153,0,0,987,0,,0,12423,0,1
BT-HQ,830H,0,2130,0,0,2312,0,0,2436,0,0,3117,0,0,2813,0,0,2833,0,0,2954,0,0,3226,0,0,3041,0,0,3498,0,0,3278,0,0,3009,0,,0,34647,0,1
BT-HQ,830I,0,842,0,0,1363,0,0,3226,0,0,3717,0,0,3629,0,0,3825,0,0,3789,0,0,3833,0,0,3834,0,0,4434,0,0,4400,0,0,3745,0,,0,40637,0,1
BT-HQ,831,0,6303,0,0,6898,0,0,7585,0,0,8906,0,0,7603,0,0,7704,0,0,7532,0,0,9240,0,0,7793,0,0,8636,0,0,8183,0,0,7136,0,,0,93519,0,1
BT-HQ,831A,0,6911,0,0,7280,0,0,8112,0,0,9400,0,0,8547,0,0,8685,0,0,8690,0,0,9782,0,0,8915,0,0,10040,0,0,9193,0,0,10537,0,,0,106092,0,1
BT-HQ,832,13485,13363,0.009047089358546478,14136,14004,0.009337860780984752,16368,16214,0.009408602150537626,18301,18130,0.009343751707556969,16211,16059,0.00937634939238785,15661,15514,0.009386373794776803,15042,14903,0.00924079244781284,17553,17388,0.009400102546573197,14212,14080,0.009287925696594423,15693,15548,0.009239788440706054,14989,14852,0.00914003602641933,14320,14187,0.009287709497206698,,185971,184242,0.009297148480139406,1
BT-HQ,832A,0,27800,0,0,32150,0,0,35400,0,0,38850,0,0,34250,0,0,34900,0,0,34950,0,0,38200,0,0,32400,0,0,37400,0,0,33250,0,0,29800,0,,0,409350,0,1
BT-HQ,833,10677,10601,0.007118104336424125,11254,11175,0.00701972631953085,12264,12175,0.007257012393998674,15387,15276,0.007213881848313508,11572,11489,0.007172485309367427,11382,11302,0.007028641714988626,11673,11590,0.007110425768868334,13757,13658,0.007196336410554616,11989,11904,0.007089832346317437,13089,12996,0.00710520284208116,11796,11713,0.0070362834859274415,10813,10736,0.007121057985757906,,145653,144615,0.0071265267450721925,1
BT-HQ,833A,0,11500,0,0,12450,0,0,13850,0,0,16750,0,0,14850,0,0,15050,0,0,15000,0,0,16650,0,0,14350,0,0,16600,0,0,15200,0,0,12800,0,,0,175050,0,1
BT-HQ,834,4511,4482,0.006428729771669306,5130,5094,0.007017543859649145,5649,5609,0.0070808992742078525,5902,5859,0.007285665875974234,5554,5516,0.0068419157364062455,5953,5911,0.007055266252309789,5663,5622,0.007239978809818082,5761,5721,0.006943239021003245,5968,5927,0.006869973190348544,6843,6794,0.007160602075113265,6308,6265,0.006816740646797714,6871,6823,0.006985882695386358,,70113,69623,0.006988718212029177,1
BT-HQ,834A,0,9900,0,0,10980,0,0,13560,0,0,17580,0,0,13020,0,0,11760,0,0,12300,0,0,13380,0,0,11640,0,0,11580,0,0,11220,0,0,9960,0,,0,146880,0,1
BT-HQ,835,7668,7675,0,7749,7757,0,8222,8252,0,9748,9773,0,8778,8799,0,9098,9116,0,8536,8534,0.00023430178069350216,9626,9635,0,8416,8336,0.009505703422053258,9851,9689,0.01644503096132377,8869,8724,0.016349081068891658,7838,7717,0.015437611635621296,,104399,104007,0.003754825237789583,1
BT-HQ,835A,0,5678,0,0,6054,0,0,7027,0,0,8089,0,0,7513,0,0,7866,0,0,7765,0,0,8285,0,0,7662,0,0,8637,0,0,7788,0,0,7018,0,,0,89382,0,1
BT-HQ,836,7030,6980,0.007112375533428139,7642,7593,0.006411934048678347,8085,8026,0.007297464440321533,9847,9767,0.00812430181781254,8791,8722,0.007848936412239826,9270,9181,0.009600862998921267,8994,8905,0.009895485879475197,10065,9925,0.013909587680079438,10242,10073,0.016500683460261678,8899,8762,0.015394988200921444,9645,9495,0.015552099533437058,8776,8641,0.015382862351868698,,107286,106070,0.011334190854351944,1
BT-HQ,837,1589,1558,0.01950912523599746,1848,1810,0.02056277056277056,2075,2033,0.020240963855421734,2492,2447,0.0180577849117175,2150,2113,0.017209302325581377,2265,2224,0.018101545253863094,2009,1970,0.019412643106022864,2321,2279,0.018095648427401967,2355,2307,0.020382165605095537,2106,2066,0.018993352326685642,1963,1928,0.01782985226693834,1877,1844,0.01758124667021843,,25050,24579,0.018802395209580824,1
BT-HQ,838,4512,4449,0.013962765957446832,5314,5244,0.013172751223184065,6190,6113,0.012439418416801296,8170,8059,0.013586291309669485,6332,6234,0.015476942514213499,6491,6380,0.01710060083192111,6841,6723,0.01724894021341905,7496,7413,0.011072572038420492,7691,7594,0.01261214406449096,6888,6808,0.011614401858304313,7046,6984,0.008799318762418351,6101,6054,0.007703655138501908,,79072,78055,0.012861695669769357,1
BT-HQ,839,4064,4040,0.0059055118110236116,4777,4740,0.007745446933221656,5280,5240,0.007575757575757569,6522,6460,0.009506286415210008,5550,5500,0.009009009009009028,5748,5720,0.004871259568545616,5709,5660,0.008582939218777397,6298,6240,0.009209272785011158,5323,5280,0.008078151418373092,6224,6173,0.008194087403598949,5889,5814,0.012735608762098782,5412,5348,0.011825572801182571,,66796,66215,0.008698125636265597,1
BT-HQ,840,4025,4002,0.005714285714285672,4713,4687,0.005516656057712677,4803,4775,0.005829689777222535,5733,5698,0.006105006105006083,5154,5124,0.005820721769499437,5447,5415,0.005874793464292316,5323,5292,0.00582378358068758,5375,5344,0.005767441860465072,5506,5475,0.005630221576462091,5109,5081,0.005480524564493994,4823,4797,0.005390835579514808,4898,4872,0.005308289097590846,,60909,60562,0.0056970234283931775,1
BT-HQ,840A,0,4961,0,0,5353,0,0,6273,0,0,7466,0,0,6287,0,0,6627,0,0,6305,0,0,6646,0,0,6436,0,0,6246,0,0,6168,0,0,6234,0,,0,75002,0,1
BT-HQ,841,0,17955,0,0,19309,0,0,21623,0,0,25543,0,0,22542,0,0,22297,0,0,22144,0,0,24137,0,0,24122,0,0,22437,0,0,21026,0,0,20364,0,,0,263499,0,1
BT-HQ,841A,0,29726,0,0,31776,0,0,32620,0,0,36662,0,0,33475,0,0,34734,0,0,34376,0,0,36458,0,0,37051,0,0,33531,0,0,35014,0,0,33317,0,,0,408740,0,1
BT-HQ,841B,0,3760,0,0,4179,0,0,4078,0,0,4800,0,0,4234,0,0,4480,0,0,4254,0,0,4626,0,0,4342,0,0,3972,0,0,3873,0,0,3391,0,,0,49989,0,1
BT-HQ,843,6338,6125,0.033606816030293474,7144,6907,0.03317469204927215,7884,7625,0.032851344495180124,9455,9140,0.03331570597567424,7646,7386,0.034004708344232304,8046,7758,0.03579418344519014,7809,7533,0.03534383403764885,8783,8434,0.039735853353068395,8607,8260,0.040316021842686234,7901,7589,0.03948867231995945,8315,7990,0.03908598917618766,6873,6616,0.03739269605703477,,94801,91363,0.03626544023797218,1
BT-HQ,844,5783,5664,0.020577554902299844,6267,6129,0.022020105313547145,6596,6452,0.021831412977562192,8092,7912,0.022244191794364765,7075,6921,0.02176678445229685,7360,7200,0.021739130434782594,7481,7312,0.022590562758989408,7870,7724,0.0185514612452351,8094,7964,0.01606127996046458,6762,6665,0.014344868382135445,6374,6291,0.013021650454973277,5428,5359,0.012711864406779627,,83182,81593,0.01910269048592239,1
BT-HQ,845,6795,6741,0.007947019867549643,8265,8198,0.008106473079249832,8353,8279,0.008859092541601776,8529,8454,0.008793527963418923,7436,7375,0.008203335126412026,7277,7218,0.008107736704686008,8309,8243,0.007943194126850406,9208,9171,0.004018245004344001,7547,7530,0.0022525506823903862,6917,6906,0.0015902848055515673,7356,7357,0,7424,7414,0.0013469827586206629,,93416,92886,0.005673546287573883,1
BT-HQ,846,6066,6039,0.004451038575667643,6513,6481,0.004913250422232451,6886,6852,0.004937554458321225,8282,8241,0.004950495049504955,6665,6636,0.004351087771943041,6783,6755,0.0041279669762641635,6743,6714,0.004300756339908007,7116,7080,0.005059021922428353,7265,7219,0.0063317274604266505,6690,6640,0.007473841554558991,6770,6727,0.006351550960118191,6249,6209,0.006401024163866231,,82028,81593,0.005303067245330917,1
BT-HQ,847,5710,9428,0,6445,6448,0,6043,6045,0,6475,6476,0,5640,5643,0,6032,6035,0,5695,5698,0,6220,6223,0,6181,6185,0,5284,5498,0,5831,5653,0.03052649631281079,5150,5067,0.016116504854368885,,70706,74399,0,1
BT-HQ,848,3971,3968,0.0007554772097708717,3906,3900,0.001536098310291889,3576,3570,0.001677852348993314,3769,3763,0.0015919342000531023,3199,3194,0.0015629884338855815,3773,3767,0.0015902464882057155,4903,4895,0.0016316540893330789,3926,3920,0.0015282730514518672,3607,3603,0.0011089548100914337,3456,3451,0.0014467592592593004,3738,3734,0.0010700909577313622,3264,3260,0.001225490196078427,,45088,45025,0.001397267565649396,1
BT-HQ,848A,0,972,0,0,1035,0,0,1119,0,0,1312,0,0,1239,0,0,1339,0,0,1326,0,0,1341,0,0,1541,0,0,1361,0,0,1252,0,0,1080,0,,0,14917,0,1
BT-HQ,849,0,3460,0,0,3705,0,0,4205,0,0,5316,0,0,4598,0,0,5002,0,0,4607,0,0,5010,0,0,5257,0,0,4746,0,0,4236,0,0,4116,0,,0,54258,0,1
BT-HQ,850,8429,8206,0.026456281883971977,9087,8846,0.026521404203807664,9535,9276,0.027163083377031993,11883,11562,0.027013380459479874,10673,10387,0.02679658952496955,11160,10861,0.026792114695340485,10607,10318,0.027246158197416825,11493,11186,0.02671191159836417,12373,12052,0.0259435868423179,11029,10753,0.025024934264212484,10392,10143,0.02396073903002305,9686,9451,0.024261821185215804,,126347,123041,0.02616603480889934,1
BT-HQ,851,4124,4089,0.008486905916585852,4691,4645,0.00980601151140481,4615,4565,0.010834236186348822,5476,5409,0.01223520818115409,4892,4839,0.010834014717906792,5261,5200,0.011594753849078154,5061,5000,0.012052953961667612,5181,5119,0.01196680177571896,5233,5156,0.014714313013567737,4967,4892,0.015099657741091232,4616,4548,0.014731369150779883,4670,4601,0.014775160599571735,,58787,58063,0.012315648017418801,1
BT-HQ,852,7684,7560,0.016137428422696498,8522,8377,0.017014785261675658,8880,8720,0.018018018018018056,10086,9897,0.0187388459250446,9292,9125,0.017972449418854897,10095,9911,0.018226844972758838,11478,11272,0.017947377591915004,12674,12445,0.01806848666561467,12762,12453,0.024212505876821777,11665,11350,0.0270038576939563,11267,10971,0.02627141208839978,10852,10568,0.02617029119056391,,125257,122649,0.02082119163000873,1
BT-HQ,852A,0,5422,0,0,5650,0,0,5948,0,0,6875,0,0,6377,0,0,6604,0,0,6451,0,0,6868,0,0,7045,0,0,6460,0,0,6125,0,0,5966,0,,0,75791,0,1
BT-HQ,853,7930,7913,0.0021437578814628155,8418,8399,0.0022570681872178255,8982,8961,0.002338009352037429,9744,9720,0.0024630541871921707,9006,8984,0.002442815900510764,9210,9188,0.0023887079261671884,9165,9143,0.0024004364429895952,9270,9246,0.0025889967637540146,8945,8923,0.0024594745667970708,8393,8372,0.002502085070892446,7624,7606,0.0023609653725078505,7713,7694,0.002463373525217194,,104400,104149,0.002404214559386997,1
BT-HQ,853A,0,4400,0,0,4520,0,0,4780,0,0,5760,0,0,5360,0,0,5640,0,0,5560,0,0,6460,0,0,6340,0,0,7100,0,0,6280,0,0,5560,0,,0,67760,0,1
BT-HQ,853B,0,4780,0,0,4220,0,0,4740,0,0,5840,0,0,5280,0,0,5640,0,0,5200,0,0,5920,0,0,5620,0,0,6760,0,0,7320,0,0,7140,0,,0,68460,0,1
BT-HQ,854,5784,5624,0.02766251728907332,6283,6119,0.026102180487028503,6632,6459,0.02608564535585045,7622,7405,0.0284702177906061,6870,6685,0.02692867540029109,7424,7228,0.026400862068965525,7078,6886,0.027126306866346428,6624,6435,0.028532608695652217,6747,6570,0.02623388172521124,6368,6201,0.026224874371859275,6041,5893,0.024499255090216887,5346,5215,0.024504302282080115,,78819,76720,0.02663063474542937,1
BT-HQ,854A,6440,6465,0,6853,6878,0,6806,6829,0,7378,7398,0,6828,6846,0,7235,7253,0,6815,6831,0,7386,7404,0,7908,7928,0,8851,8881,0,6902,6927,0,6375,6397,0,,85777,86037,0,1
BT-HQ,854B,636,635,0.0015723270440252124,557,558,0,498,498,0,477,480,0,538,544,0,817,821,0,857,860,0,850,853,0,658,664,0,439,446,0,461,465,0,506,507,0,,7294,7331,0,1
BT-HQ,855,6482,6458,0.003702560937982158,7170,7142,0.003905160390516027,7063,7031,0.004530652697154136,8036,7996,0.004977600796416182,6998,6970,0.004001143183766764,7932,7883,0.0061775088250125565,8183,8132,0.006232433092997702,9127,9072,0.006026076476388753,8922,8800,0.01367406411118588,8063,7927,0.01686717102815327,8273,8139,0.016197268221926797,7741,7616,0.01614778452396326,,93990,93166,0.008766890094690893,1
BT-HQ,856,3634,3568,0.018161805173362633,3702,3637,0.017558076715289084,4007,3939,0.016970301971549806,5029,4944,0.016901968582223148,4257,4186,0.01667841202724929,4457,4369,0.019744222571236203,4379,4298,0.01849737382964145,4859,4766,0.01913974068738422,4767,4665,0.021397105097545666,4534,4436,0.02161446846052051,4276,4187,0.020813844714686613,3710,3633,0.02075471698113207,,51611,50628,0.019046327333320456,1
BT-HQ,856A,0,2214,0,0,2504,0,0,2458,0,0,2770,0,0,2651,0,0,3160,0,0,2996,0,0,2948,0,0,2822,0,0,2493,0,0,2578,0,0,2525,0,,0,32119,0,1
BT-HQ,856B,0,1821,0,0,1757,0,0,1939,0,0,2308,0,0,2352,0,0,2261,0,0,2244,0,0,2580,0,0,2706,0,0,2297,0,0,2285,0,0,2038,0,,0,26588,0,1
BT-HQ,857,2823,2832,0,2946,2958,0,3057,3070,0,3761,3773,0,3077,3087,0,3346,3352,0,3372,3364,0.0023724792408066353,3532,3486,0.013023782559456354,3639,3596,0.011816433086012657,3323,3284,0.011736382786638577,2983,2949,0.011397921555481028,3285,3247,0.011567732115677298,,39144,38998,0.0037298181075005044,1
BT-HQ,858,22522,22317,0.009102211171299168,23382,23166,0.009237875288683584,24548,24312,0.009613817826299442,30127,29834,0.009725495402794881,26422,26163,0.009802437362803729,27823,27559,0.0094885526363081,27471,27206,0.009646536347420964,28906,28626,0.0096865702622293,30101,29814,0.00953456695790833,26303,26052,0.009542637721932867,24429,24204,0.009210364730443343,24033,23812,0.009195689260599993,,316067,313065,0.009497986186473129,1
BT-HQ,858A,0,2384,0,0,2482,0,0,2670,0,0,3406,0,0,3087,0,0,3077,0,0,3077,0,0,3062,0,0,3111,0,0,2908,0,0,2815,0,0,2748,0,,0,34827,0,1
BT-HQ,859,1499,1465,0.022681787858572333,1542,1505,0.02399481193255515,1577,1539,0.02409638554216864,1987,1937,0.02516356316054358,1963,1919,0.02241467142129394,2221,2165,0.025213867627194908,2019,1963,0.027736503219415565,2265,2186,0.03487858719646797,2429,2344,0.03499382461918488,1902,1834,0.035751840168243953,1639,1582,0.03477730323367911,1676,1617,0.035202863961813824,,22719,22056,0.0291826224745807,1
BT-HQ,860,27210,27112,0.00360161705255424,28961,28855,0.0036600946099927256,30844,30729,0.00372843989106475,35259,35128,0.0037153634533027002,33087,32965,0.0036872487683984323,33097,32976,0.0036559204761761332,32136,32018,0.0036718944485935046,33061,32940,0.0036599013943922065,33394,33273,0.0036234054021681006,30419,30308,0.0036490351425095824,29717,29613,0.003499680317663345,30247,30138,0.003603663173207261,,377432,376055,0.0036483393035037226,1
BT-HQ,860A,0,8311,0,0,9130,0,0,9827,0,0,11426,0,0,10604,0,0,11005,0,0,10693,0,0,11093,0,0,11134,0,0,10262,0,0,9898,0,0,9075,0,,0,122458,0,1
BT-HQ,860B,0,6221,0,0,6588,0,0,7405,0,0,8434,0,0,7441,0,0,7910,0,0,7700,0,0,8129,0,0,8036,0,0,6967,0,0,7321,0,0,7007,0,,0,89159,0,1
BT-HQ,860C,44933,44916,0.0003783410856164071,58222,58198,0.00041221531379886933,66680,66649,0.00046490701859625005,46977,46965,0.0002554441535219665,40468,40453,0.0003706632400909404,41072,41056,0.00038955979742894,41730,41717,0.00031152647975074554,45178,45161,0.00037628934437117234,47276,47254,0.0004653523986800634,53266,53241,0.00046934254496300287,50844,50828,0.0003146880654550932,39300,39281,0.00048346055979642255,,575946,575719,0.0003941341723008307,1
BT-HQ,860D,11780,11783,0,11488,11492,0,9891,9896,0,9160,9163,0,9200,9202,0,8217,8220,0,9975,9979,0,11086,11089,0,12003,12007,0,9309,9311,0,13611,13615,0,18996,19000,0,,134716,134757,0,1
BT-HQ,861,5419,5426,0,5312,5316,0,5736,5735,0.0001743375174337869,7165,7171,0,6312,6318,0,6455,6457,0,6485,6476,0.0013878180416345698,6838,6764,0.010821877742029806,6906,6831,0.010860121633362252,5945,5879,0.011101766190075746,6401,6328,0.0114044680518669,5767,5713,0.009363620599965317,,74741,74414,0.004375108708740805,1
BT-HQ,861A,0,941,0,0,981,0,0,1033,0,0,1150,0,0,1140,0,0,1344,0,0,0,,0,2458,0,0,1237,0,0,1360,0,0,1254,0,0,1254,0,,0,14152,0,1
BT-HQ,862,4864,4790,0.015213815789473673,4786,4706,0.01671541997492687,5169,5082,0.016831108531630834,6501,6381,0.01845869866174432,5496,5398,0.01783114992721979,5561,5461,0.017982377270275185,5504,5407,0.017623546511627897,5682,5535,0.025871172122492125,6331,6160,0.027009951034591695,5559,5413,0.026263716495772638,5452,5316,0.02494497432135001,5095,4973,0.02394504416094212,,66000,64622,0.02087878787878783,1
BT-HQ,862A,0,597,0,0,603,0,0,685,0,0,813,0,0,831,0,0,917,0,0,905,0,0,1012,0,0,891,0,0,932,0,0,793,0,0,727,0,,0,9706,0,1
BT-HQ,862B,0,673,0,0,706,0,0,730,0,0,913,0,0,830,0,0,883,0,0,873,0,0,959,0,0,890,0,0,948,0,0,820,0,0,825,0,,0,10050,0,1
BT-HQ,863,3863,3738,0.03235827077400988,3951,3816,0.034168564920273314,4320,4168,0.03518518518518521,5231,5040,0.03651309501051425,4361,4217,0.03301994955285481,4253,4110,0.03362332471196805,4346,4199,0.03382420616658999,4564,4420,0.03155127081507447,5047,4885,0.03209827620368533,4301,4163,0.03208556149732622,4284,4148,0.031746031746031744,3938,3814,0.03148806500761803,,52459,50718,0.033187822871194594,1
BT-HQ,863A,0,579,0,0,490,0,0,439,0,0,512,0,0,512,0,0,490,0,0,473,0,0,483,0,0,441,0,0,593,0,0,550,0,0,419,0,,0,5981,0,1
BT-HQ,864,2751,2713,0.013813158851326834,2691,2652,0.01449275362318836,2772,2727,0.016233766233766267,3584,3522,0.017299107142857095,2916,2872,0.015089163237311354,3183,3135,0.015080113100848225,3208,3154,0.016832917705735695,3417,3306,0.032484635645302906,3784,3665,0.03144820295983086,3087,2988,0.03206997084548102,2977,2885,0.030903594222371544,2740,2655,0.031021897810219023,,37110,36274,0.02252762058744273,1
BT-HQ,864A,0,594,0,0,540,0,0,524,0,0,597,0,0,572,0,0,597,0,0,555,0,0,649,0,0,519,0,0,645,0,0,565,0,0,528,0,,0,6885,0,1
BT-HQ,864B,0,330,0,0,284,0,0,254,0,0,305,0,0,326,0,0,545,0,0,537,0,0,612,0,0,542,0,0,645,0,0,650,0,0,502,0,,0,5532,0,1
BT-HQ,864C,0,284,0,0,273,0,0,297,0,0,326,0,0,319,0,0,326,0,0,305,0,0,382,0,0,316,0,0,436,0,0,367,0,0,421,0,,0,4052,0,1
BT-HQ,864D,0,819,0,0,765,0,0,897,0,0,888,0,0,834,0,0,886,0,0,887,0,0,1141,0,0,1256,0,0,1415,0,0,1249,0,0,937,0,,0,11974,0,1
BT-HQ,865,0,0,,0,0,,0,0,,0,0,,0,0,,0,0,,0,0,,0,0,,0,0,,0,0,,0,0,,0,0,,,0,0,,0
BT-HQ,866,10382,10314,0.006549797726834949,10534,10465,0.0065502183406113135,11424,11349,0.006565126050420145,13256,13167,0.006713940856970413,11641,11565,0.00652864874151704,11837,11759,0.006589507476556511,11082,11010,0.006497022198159175,12332,12252,0.006487187804086969,11990,11913,0.006422018348623881,10400,10335,0.006249999999999978,10739,10675,0.005959586553682783,10369,10308,0.005882920243032164,,135986,135112,0.006427132204785746,1
BT-HQ,867,7815,7764,0.00652591170825334,8240,8186,0.006553398058252391,8616,8560,0.006499535747446661,11000,10930,0.006363636363636349,9652,9597,0.005698300870285999,9947,9880,0.006735699205790646,9398,9337,0.006490742711215192,10270,10205,0.006329113924050667,11152,11081,0.006366571018651346,9336,9300,0.003856041131105381,9966,9902,0.006421834236403745,9248,9190,0.006271626297577826,,114640,113932,0.006175854849965079,1
BT-HQ,868,2110,2171,0,2181,2242,0,2228,2288,0,2603,2669,0,2129,2185,0,2009,2064,0,1916,1966,0,2122,2161,0,2265,2277,0,2049,2060,0,2058,2070,0,1956,1966,0,,25626,26119,0,1
BT-HQ,869,6380,6395,0,6212,6231,0,6350,6368,0,7485,7507,0,6822,6843,0,7601,7623,0,6955,6975,0,7618,7640,0,8110,8134,0,7352,7372,0,7431,7450,0,6939,6958,0,,85255,85496,0,1
BT-HQ,870,2281,2289,0,2437,2441,0,2645,2649,0,3550,3547,0.0008450704225352323,3144,3122,0.006997455470737934,3097,3092,0.0016144656118824985,2998,2995,0.0010006671114075605,3170,3159,0.0034700315457413256,3520,3497,0.006534090909090962,3041,3023,0.005919105557382398,2773,2760,0.004688063469166948,2482,2473,0.003626107977437565,,35138,35047,0.0025897888326028573,1
BT-HQ,871,5018,5068,0,5296,5349,0,5572,5611,0,6541,6605,0,5606,5635,0,5942,6006,0,5584,5644,0,6026,6074,0,6121,6155,0,5364,5395,0,5362,5399,0,5292,5323,0,,67724,68264,0,1
BT-HQ,873,11961,11984,0,12899,12923,0,15305,15332,0,14838,14864,0,15284,15311,0,14921,14949,0,14528,14554,0,13679,13703,0,12913,12937,0,13343,13366,0,12727,12750,0,13419,13444,0,,165817,166117,0,1
BT-HQ,874,7105,7099,0.000844475721322957,8039,8032,0.0008707550690384425,8874,8871,0.00033806626098720205,10076,10075,9.924573243347279e-05,9754,9747,0.0007176542956736087,9325,9319,0.0006434316353887137,8740,8730,0.0011441647597254523,9068,9054,0.0015438906043229172,9877,9868,0.0009112078566366755,8126,8114,0.0014767413241447702,7368,7354,0.0019001085776330084,7449,7436,0.0017452006980802626,,103801,103699,0.000982649492779486,1
BT-HQ,875,5947,5908,0.006557928367244004,6574,6528,0.006997261940979604,7448,7389,0.00792158968850698,8482,8418,0.007545390238151373,7969,7908,0.007654661814531338,8273,8210,0.007615133567025256,8183,8121,0.007576683367957915,8406,8345,0.007256721389483745,8404,8345,0.007020466444550233,7613,7558,0.007224484434519951,7436,7384,0.006993006993006978,7423,7377,0.006196955408864335,,92158,91491,0.007237570259771231,1
BT-HQ,876,4625,4439,0.04021621621621618,4634,4320,0.06776003452740609,4903,4767,0.027738119518662008,5888,5720,0.028532608695652217,5602,5438,0.029275258836129914,5329,5171,0.029649089885531943,4891,4742,0.030464117767327714,5188,5041,0.028334618350038587,5882,5720,0.02754165249914997,5336,5190,0.027361319340329815,4948,4816,0.026677445432497948,4868,4738,0.026705012325390354,,62094,60102,0.03208039424098952,1
BT-HQ,877,43396,43482,0,45185,45273,0,47889,47977,0,54768,54869,0,50707,50799,0,52124,52220,0,50673,50766,0,52347,52443,0,54088,54189,0,48998,49088,0,46401,46489,0,44321,44405,0,,590897,592000,0,1
BT-HQ,877A,0,22710,0,0,25050,0,0,28080,0,0,31920,0,0,29010,0,0,28710,0,0,27240,0,0,28590,0,0,29305,0,0,26215,0,0,24515,0,0,23750,0,,0,325095,0,1
BT-HQ,878,0,14016,0,0,9864,0,0,9602,0,0,11768,0,0,9560,0,0,9639,0,0,9506,0,0,9781,0,0,11133,0,0,12581,0,0,17788,0,0,18715,0,,0,143953,0,1
BT-HQ,878A,0,4919,0,0,4834,0,0,5265,0,0,6090,0,0,5318,0,0,5940,0,0,5747,0,0,5741,0,0,6807,0,0,6097,0,0,6348,0,0,5973,0,,0,69079,0,1
BT-HQ,879,24379,24297,0.003363550596825138,25920,25828,0.003549382716049432,28641,28537,0.0036311581299535156,32941,32821,0.0036428766582677907,30981,30869,0.003615118943868789,31530,31416,0.0036156041864890964,30881,30769,0.0036268255561672236,32985,32865,0.0036380172805821065,30210,30101,0.0036080767957630266,34731,34608,0.0035415047076099437,32252,32139,0.003503658687833311,29584,29479,0.0035492157923201484,,365035,363729,0.003577739120906198,1
BT-HQ,880,2557,2487,0.027375831052014132,2807,2726,0.0288564303526897,3231,3132,0.03064066852367686,3904,3773,0.033555327868852514,3151,3059,0.029197080291970767,3178,3087,0.028634361233480177,3032,2945,0.028693931398416916,3230,3129,0.031269349845201244,3068,2959,0.03552803129074311,4043,3890,0.037843185753153596,3251,3142,0.03352814518609659,2874,2783,0.03166318719554628,,38326,37112,0.03167562490215514,1
BT-HQ,881,3853,3709,0.03737347521411882,4128,3973,0.03754844961240311,4639,4464,0.037723647337788324,5678,5437,0.04244452271926735,5315,5066,0.04684854186265286,5497,5239,0.04693469164999087,5033,4798,0.04669183389628451,5342,5113,0.042867839760389326,4804,4618,0.038717735220649474,6131,5884,0.04028706573152829,5362,5153,0.03897799328608731,4763,4581,0.03821121142137307,,60545,58035,0.04145676769345119,1
BT-HQ,882,6806,6656,0.022039377020276252,7101,6956,0.020419659202929208,7918,7770,0.01869158878504673,8876,8713,0.01836412798557907,8119,7975,0.017736174405714955,8923,8766,0.01759497926706266,8266,8124,0.01717880474231792,9198,9050,0.01609045444661883,8609,8491,0.013706586130793341,10140,10000,0.013806706114398382,8963,8846,0.01305366506749972,8288,8186,0.012306949806949796,,101207,99533,0.01654035788038377,1
BT-HQ,883,3812,3763,0.012854144805876211,3863,3816,0.012166709811027743,4773,4712,0.012780222082547699,5430,5352,0.01436464088397793,4989,4924,0.013028663058729184,5101,5035,0.01293863948245444,4841,4778,0.013013840115678632,5492,5422,0.012745812090313224,5190,5124,0.012716763005780396,5775,5701,0.012813852813852833,5210,5144,0.012667946257197693,4667,4608,0.01264195414613245,,59143,58379,0.012917843193615441,1
BT-HQ,884,3872,3813,0.015237603305785163,3937,3873,0.016256032512064977,4301,4223,0.01813531736805396,4414,4323,0.020616221114635236,4196,4121,0.017874165872259318,4359,4282,0.017664601972929517,4140,4065,0.018115942028985477,4345,4262,0.019102416570771052,4007,3930,0.019216371350137207,4429,4339,0.02032061413411601,4201,4122,0.018805046417519677,3829,3754,0.019587359623922662,,50030,49107,0.018448930641615013,1
BT-HQ,884A,0,0,,0,0,,0,0,,0,0,,0,0,,0,0,,0,0,,0,0,,0,0,,0,42,0,0,489,0,0,643,0,,0,1174,0,1
BT-HQ,885,10236,9997,0.023348964439234066,11075,10827,0.022392776523702085,11944,11673,0.022689216342933638,13616,13312,0.022326674500587562,13351,7567,0.43322597558235343,0,17703,0,26275,12909,0.5086964795432921,12836,12850,0,13526,13540,0,12252,12265,0,11434,11445,0,10586,10596,0,,147131,144684,0.01663143729057781,1
BT-HQ,886,4322,4229,0.021517815826006426,4727,4624,0.021789718637613698,5823,5688,0.023183925811437356,6140,5994,0.02377850162866446,5084,4966,0.023210070810385508,5308,5183,0.02354935945742276,5038,4920,0.02342199285430724,5708,5556,0.026629292221443612,5703,5552,0.026477292652989703,4825,4698,0.026321243523316107,4727,4605,0.02580918129892107,5012,4879,0.026536312849162025,,62417,60894,0.02440040373616159,1
BT-HQ,887,2950,3036,0,3265,3355,0,3511,3606,0,3947,4047,0,3572,3668,0,3696,3796,0,3541,3623,0,3599,3645,0,3988,4031,0,3425,3454,0,3174,3203,0,3086,3119,0,,41754,42583,0,1
BT-HQ,887A,0,0,,0,0,,0,0,,0,0,,0,0,,0,0,,0,0,,0,0,,0,0,,0,0,,0,0,,0,0,,,0,0,,0
BT-HQ,888,4540,4310,0.0506607929515418,4876,4642,0.04799015586546351,5378,5129,0.04629973968017853,6611,6292,0.048252911813643884,6073,5779,0.048410999506010244,6055,5760,0.04872006606110657,5910,5629,0.04754653130287645,6018,5765,0.04204054503157195,6079,5827,0.04145418654383948,5693,5451,0.042508343579834906,4834,4627,0.04282167976830786,4859,4656,0.041778143650957,,66926,63867,0.04570719899590592,1
BT-HQ,889,3405,3423,0,3247,3267,0,3324,3340,0,3826,3838,0,3445,3456,0,3668,3680,0,3642,3645,0,3900,3895,0.0012820512820512775,4162,4152,0.0024026910139356428,3750,3740,0.002666666666666706,3610,3601,0.00249307479224381,3616,3609,0.0019358407079645978,,43595,43646,0,1
BT-HQ,890,909,917,0,778,786,0,729,737,0,1067,1077,0,876,886,0,931,940,0,869,873,0,927,921,0.006472491909385147,1038,1028,0.009633911368015391,968,961,0.00723140495867769,872,867,0.005733944954128489,1007,999,0.00794438927507446,,10971,10992,0,1
BT-HQ,891,9852,9707,0.014717823792123386,10242,10076,0.01620777191954692,11049,10889,0.014480948502126889,13815,13628,0.013536011581614216,11794,11617,0.01500763099881297,12560,12358,0.016082802547770725,12598,12303,0.023416415304016502,13293,12826,0.035131272098096744,15812,15265,0.034593979256261065,14716,14237,0.032549605871160625,13766,13333,0.03145430771465929,13045,12628,0.03196627060176316,,152542,148867,0.024091725557551347,1
BT-HQ,892,0,960,0,0,1037,0,0,1165,0,0,1199,0,0,1149,0,0,1113,0,0,1072,0,0,1233,0,0,1211,0,0,1371,0,0,1209,0,0,1098,0,,0,13817,0,1
BT-HQ,894,2542,2588,0,3030,3069,0,3260,3292,0,3881,3916,0,3356,3394,0,3576,3615,0,3644,3683,0,4133,4176,0,4063,4104,0,3675,3712,0,3131,3174,0,2980,3025,0,,41271,41748,0,1
BT-HQ,895,2117,2080,0.017477562588568696,2568,2522,0.01791277258566981,2730,2682,0.01758241758241763,2765,2715,0.018083182640144635,2589,2542,0.018153727307840817,2752,2700,0.018895348837209336,2510,2463,0.01872509960159363,2717,2664,0.019506808980493173,2913,2857,0.019224167524888425,2516,2469,0.018680445151033398,2539,2494,0.01772351319417098,2615,2571,0.01682600382409183,,31331,30759,0.018256678688838512,1
BT-HQ,896,1469,1455,0.00953029271613337,1500,1488,0.008000000000000007,1653,1638,0.00907441016333943,1812,1794,0.009933774834437137,1778,1760,0.010123734533183382,1847,1826,0.011369788846778528,1778,1757,0.011811023622047223,1777,1757,0.011254924029262758,1807,1782,0.013835085777531786,1628,1607,0.012899262899262909,1548,1526,0.014211886304909549,1593,1573,0.012554927809165117,,20190,19963,0.011243189697870193,1
BT-HQ,897,4888,4922,0,5606,5651,0,5776,5829,0,6603,6669,0,5913,5968,0,5812,5861,0,5604,5648,0,5922,5969,0,6688,6755,0,5797,5843,0,5211,5244,0,5009,5040,0,,68829,69399,0,1
BT-HQ,898,0,5012,0,0,5492,0,0,6087,0,0,7177,0,0,6403,0,0,6532,0,0,6352,0,0,6728,0,0,7289,0,0,6262,0,0,6121,0,0,5981,0,,0,75436,0,1
BT-HQ,899,55474,55468,0.00010815877708481025,22200,22204,0,23619,25357,0,0,26912,0,0,23872,0,0,24190,0,0,22148,0,19901,19882,0.0009547258931712488,18750,18732,0.0009599999999999609,18750,18732,0.0009599999999999609,14624,14609,0.0010257111597373747,12139,12125,0.0011533075212125654,,185457,284231,0,1
BT-HQ,904,0,0,,0,0,,0,0,,0,0,,0,0,,0,0,,0,0,,0,0,,0,0,,0,0,,0,0,,0,0,,,0,0,,1
BT-HQ,905,9676,9615,0.006304257957833848,10326,10263,0.006101104009296865,12802,12725,0.006014685205436687,14946,14854,0.006155493108524035,12908,12830,0.006042764177254467,13435,13351,0.006252326014142162,12799,12721,0.006094226111414969,13805,13724,0.005867439333574809,14424,14099,0.022531891292290607,13612,13553,0.004334410813987666,12606,12592,0.0011105822624146722,11728,11664,0.00545702592087316,,153067,151991,0.00702960141637321,1
BT-HQ,906,4370,4286,0.01922196796338671,4553,4461,0.020206457280913637,4773,4657,0.024303373140582396,6001,5861,0.02332944509248458,4629,4530,0.021386908619572265,4911,4806,0.02138057422113626,4546,4439,0.023537175538935307,5537,5407,0.023478417915838934,5611,5453,0.02815897344501872,5256,5122,0.025494672754946768,4892,4762,0.026573998364677,4938,4814,0.025111381125961896,,60017,58598,0.023643301064698363,1
BT-HQ,907,399,405,0,470,478,0,515,523,0,749,761,0,577,587,0,651,664,0,704,715,0,776,789,0,767,780,0,784,800,0,722,737,0,695,708,0,,7809,7947,0,1
BT-HQ,908,0,10877,0,0,11992,0,0,13531,0,0,16834,0,0,14834,0,0,20044,0,0,17581,0,0,20492,0,0,16421,0,0,18180,0,0,14835,0,0,13825,0,,0,189446,0,1
BT-HQ,909,0,7564,0,0,9018,0,0,9810,0,0,12301,0,0,10938,0,0,10944,0,0,4358,0,0,18004,0,0,11191,0,0,10008,0,0,9394,0,0,8989,0,,0,122519,0,1
BT-HQ,910,0,25072,0,0,7993,0,0,7377,0,0,8748,0,0,11944,0,0,24207,0,0,11724,0,0,15649,0,0,9058,0,0,8786,0,0,13369,0,0,14582,0,,0,158509,0,1
BT-HQ,910A,0,9077,0,0,9529,0,0,10787,0,0,13768,0,0,11676,0,0,12026,0,0,10897,0,0,12820,0,0,13095,0,0,11882,0,0,11490,0,0,10841,0,,0,137888,0,1
BT-HQ,910B,0,4717,0,0,4680,0,0,3487,0,0,4893,0,0,3883,0,0,4236,0,0,3861,0,0,4605,0,0,4575,0,0,4032,0,0,3918,0,0,3658,0,,0,50545,0,1
BT-HQ,911,0,14241,0,0,15580,0,0,17527,0,0,20594,0,0,18941,0,0,19093,0,0,18059,0,0,17968,0,0,11257,0,0,11007,0,0,10939,0,0,10914,0,,0,186120,0,1
BT-HQ,920,0,0,,0,0,,0,0,,0,0,,0,0,,0,0,,0,0,,0,0,,0,0,,0,0,,0,0,,0,0,,,0,0,,0
BT-HQ,921,0,0,,0,0,,0,0,,0,0,,0,0,,0,0,,0,0,,0,0,,0,0,,0,0,,0,0,,0,0,,,0,0,,0
BT-HQ,922,0,0,,0,0,,0,0,,0,0,,0,0,,0,0,,0,0,,0,0,,0,0,,0,0,,0,0,,0,0,,,0,0,,0
BT-HQ,923,0,0,,0,0,,0,0,,0,0,,0,0,,0,0,,0,0,,0,0,,0,0,,0,0,,0,0,,0,0,,,0,0,,0
BT-HQ,924,0,0,,0,0,,0,0,,0,0,,0,0,,0,0,,0,0,,0,0,,0,0,,0,0,,0,0,,0,0,,,0,0,,0
BT-HQ,925,0,16596,0,7323,19045,0,21990,21982,0.00036380172805816624,26252,26245,0.0002666463507542405,24981,24977,0.00016012169248624808,25465,25464,3.926958570588113e-05,22692,22692,0,24992,24991,4.001280409726693e-05,25498,25287,0.008275158835987173,23235,23240,0,21545,22042,0,19500,19071,0.02200000000000002,,243473,271632,0,1
BT-HQ,926,13576,13573,0.00022097819681787811,14853,14849,0.0002693058641352053,17385,17379,0.0003451251078515627,22091,22083,0.0003621384274138384,20469,20462,0.0003419805559626843,20803,20796,0.00033648992933710264,20425,20419,0.00029375764993877507,22506,22500,0.00026659557451347293,26247,26378,0,21926,22058,0,19414,19125,0.01488616462346759,18076,18072,0.00022128789555209138,,237771,237694,0.00032384100668292337,1
BT-HQ,927,0,0,,0,0,,0,0,,0,0,,0,0,,0,0,,0,0,,0,0,,0,0,,0,0,,0,0,,0,0,,,0,0,,0
BT-HQ,928,0,6655,0,0,7470,0,0,7410,0,0,9357,0,0,7982,0,0,8046,0,0,7478,0,0,7852,0,0,8364,0,0,7869,0,0,7247,0,0,8274,0,,0,94004,0,1
BT-HQ,929,5657,5614,0.00760120205055681,6130,6084,0.00750407830342581,6996,6938,0.00829045168667808,9607,9528,0.008223170604767405,8367,8306,0.007290546193378766,7970,7927,0.005395232120451676,7419,7414,0.0006739452756435726,8350,8345,0.0005988023952095967,8433,8428,0.0005929088106249036,7834,7828,0.0007658922644880883,8049,8045,0.0004969561436203307,7699,7694,0.0006494349915573405,,92511,92151,0.003891429127346968,1
BT-HQ,930,25596,25427,0.006602594155336816,26422,26252,0.006434032245855703,30567,30376,0.006248568717898362,37034,36804,0.006210509261759478,32543,32337,0.0063300863472943725,33728,33513,0.006374525616698268,30765,30561,0.006630911750365676,34387,34164,0.006485008869630993,36137,35489,0.017931759692282112,30395,30244,0.004967922355650578,31122,30777,0.011085405822247929,27260,27231,0.0010638297872340718,,375956,373175,0.007397142218770303,1
BT-HQ,932,9712,9619,0.00957578253706759,10723,10661,0.005781964002611217,11092,11067,0.002253876667868693,13013,12990,0.0017674633059248102,10725,10595,0.012121212121212088,11005,10483,0.04743298500681503,10756,10692,0.005950167348456659,0,14283,0,10528,11902,0,10647,10659,0,10212,10223,0,10184,10065,0.011684996072270248,,118597,133239,0,1
BT-HQ,933,0,5861,0,0,5124,0,0,5218,0,0,5880,0,0,5276,0,0,5396,0,0,5436,0,0,6128,0,0,6237,0,0,5487,0,0,5158,0,0,5282,0,,0,66483,0,1
BT-HQ,934,5842,5864,0,4031,4057,0,3469,3496,0,3531,3560,0,2466,2488,0,0,0,,0,0,,0,0,,0,0,,0,0,,0,0,,0,0,,,19339,19465,0,0
BT-HQ,934A,8024,8024,0,5774,5776,0,3479,3479,0,3708,3710,0,2485,2487,0,3323,3325,0,4140,4144,0,3968,3971,0,3555,3559,0,3212,3215,0,3418,3393,0.007314218841427689,3665,3696,0,,48751,48779,0,1
BT-HQ,934B,0,0,,0,0,,0,0,,0,0,,0,0,,0,3894,0,0,4915,0,0,4328,0,0,2625,0,0,2843,0,0,2890,0,0,2788,0,,0,24283,0,1
BT-HQ,935,0,4309,0,0,3737,0,0,2477,0,0,2734,0,0,2385,0,0,2906,0,0,3431,0,0,3785,0,0,2701,0,0,2592,0,0,2493,0,0,2780,0,,0,36330,0,1
BT-HQ,937,0,15565,0,0,20084,0,0,12236,0,0,14235,0,0,12148,0,0,12539,0,0,12023,0,0,12984,0,0,13492,0,0,11999,0,0,11313,0,0,10935,0,,0,159553,0,1
BT-HQ,938,4324,4322,0.00046253469010171244,5062,5060,0.0003951007506913795,5605,5612,0,5606,5615,0,1918,1922,0,1976,1980,0,2191,2196,0,2487,2492,0,2475,2480,0,2219,2224,0,1984,1990,0,2059,2035,0.011656143759106397,,37906,37928,0,1
BT-HQ,939,4918,4924,0,5279,5280,0,5672,5659,0.0022919605077573735,6067,6052,0.0024723916268336588,5026,5015,0.0021886191802625854,5952,5940,0.0020161290322581182,6295,6280,0.002382843526608447,8279,8272,0.0008455127430848641,9168,9178,0,8245,8259,0,8190,8210,0,7985,8007,0,,81076,81076,0,1
BT-HQ,940,3495,3576,0,3693,3771,0,4207,4289,0,5036,5129,0,4184,4272,0,4653,4749,0,4588,4683,0,5339,5456,0,5765,5897,0,5325,5447,0,4856,4977,0,4401,4511,0,,55542,56757,0,1
BT-HQ,943,0,6452,0,0,7099,0,0,7510,0,0,8572,0,0,7952,0,0,8021,0,0,7204,0,0,7202,0,0,7111,0,0,6907,0,0,6266,0,0,5536,0,,0,85832,0,1
BT-HQ,943A,0,0,,278,282,0,695,707,0,1069,1084,0,935,951,0,1145,1163,0,1334,1357,0,1968,2008,0,1533,1584,0,1526,1529,0,1385,1429,0,1504,1518,0,,13372,13612,0,1
BT-HQ,944,20217,20376,0,21594,21717,0,22963,23003,0,27402,27431,0,24715,24754,0,25621,25642,0,24717,24751,0,26801,26830,0,28010,28038,0,26802,26820,0,24876,24914,0,13981,28063,0,,287699,302339,0,1
BT-HQ,945,10251,10348,0,11296,11374,0,11874,11944,0,14512,14621,0,12363,12488,0,12769,12860,0,12239,12345,0,13543,13669,0,12504,12626,0,12209,12322,0,11622,11737,0,11148,11265,0,,146330,147599,0,1
BT-HQ,946,13840,13726,0.008236994219653182,15060,14963,0.006440903054448888,17030,16881,0.008749266001174427,19350,19297,0.0027390180878552606,16438,16396,0.0025550553595328207,16899,16862,0.002189478667376732,15966,15925,0.002567956908430369,18137,18091,0.0025362518608369466,19041,18996,0.002363321254135853,19529,19483,0.002355471350299565,20021,19978,0.0021477448678887123,19142,19097,0.0023508515306654987,,210453,209695,0.0036017543109387873,1
BT-HQ,946A,0,3798,0,0,2634,0,0,2606,0,0,3227,0,0,2288,0,0,2495,0,0,2369,0,0,2858,0,0,2642,0,0,2513,0,0,2448,0,0,2242,0,,0,32120,0,1
BT-HQ,946B,0,4197,0,0,4884,0,0,5357,0,0,6590,0,0,5354,0,0,5789,0,0,5445,0,0,6476,0,0,6618,0,0,6168,0,0,5966,0,0,5867,0,,0,68711,0,1
BT-HQ,946C,30135,29968,0.005541728886676589,5527,5501,0.004704179482540205,15,15,0,0,0,,0,0,,0,0,,3587,3568,0.005296905492054638,3064,2982,0.026762402088772896,31,30,0.032258064516129004,79,77,0.025316455696202556,542,538,0.0073800738007380184,1887,1875,0.006359300476947549,,44867,44554,0.00697617402545303,1
BT-HQ,947,1099,1099,0,1174,1164,0.008517887563884163,1215,1192,0.018930041152263377,1543,1538,0.003240440699935232,1128,1119,0.007978723404255317,1125,1119,0.005333333333333301,1333,1330,0.0022505626406601476,1409,1402,0.004968062455642297,1288,1284,0.0031055900621117516,1267,1263,0.0031570639305446013,1058,1054,0.003780718336483968,1014,1011,0.00295857988165682,,14653,14575,0.005323142018699212,1
BT-HQ,948,0,6953,0,0,7195,0,0,7581,0,0,8104,0,0,7321,0,0,8065,0,0,7452,0,0,8015,0,0,8291,0,0,7977,0,0,7549,0,0,6832,0,,0,91335,0,1
BT-HQ,949,16163,16174,0,17638,17639,0,18546,18540,0.0003235198964736119,21407,21391,0.0007474190685289317,19625,19611,0.0007133757961783616,20134,20121,0.0006456739843051507,18955,18959,0,21163,21147,0.0007560364787601026,21453,21439,0.0006525893814385286,19594,19584,0.0005103603143820079,18952,18948,0.00021105951878430673,19823,19825,0,,233453,233378,0.00032126380898933604,1
BT-HQ,949A,0,1884,0,0,2123,0,0,2467,0,0,2650,0,0,2392,0,0,2361,0,0,2481,0,0,2753,0,0,2712,0,0,2730,0,0,2387,0,0,2129,0,,0,29069,0,1
BT-HQ,950,8960,8942,0.0020089285714285365,9885,9864,0.0021244309559939056,10648,10624,0.002253944402704766,12307,12277,0.0024376371170878874,11159,11137,0.0019715028228335374,11283,11260,0.0020384649472657834,10538,10518,0.0018978933383944074,13640,13608,0.002346041055718451,20550,20510,0.00194647201946474,19249,19204,0.0023377837809755997,18052,18012,0.0022158209616662816,17369,17330,0.002245379699464589,,163640,163286,0.0021632852603274966,1
BT-HQ,950A,14851,14851,0,15792,15791,6.33232016210572e-05,16767,16767,0,19103,19103,0,14983,14984,0,14326,14328,0,13772,13772,0,15720,15719,6.361323155212872e-05,15706,15706,0,14075,14075,0,15077,15078,0,17277,17275,0.0001157608381084918,,187449,187449,0,1
BT-HQ,951,9739,9732,0.0007187596262450135,11917,11909,0.0006713098934295614,11450,11444,0.0005240174672489495,13199,13192,0.0005303432078187509,11977,11972,0.0004174668113885449,11615,11609,0.0005165733964700436,10756,10751,0.00046485682409813656,11913,11907,0.0005036514731805442,11404,11398,0.0005261311820413672,10742,10736,0.0005585552038726016,10272,10267,0.0004867601246105746,11306,11291,0.0013267291703520367,,136290,136208,0.0006016582287768912,1
BT-HQ,952,0,13721,0,0,15188,0,0,16831,0,0,18397,0,0,15284,0,0,15765,0,0,14905,0,0,16135,0,0,17277,0,0,15352,0,0,14781,0,0,15409,0,,0,189045,0,1
BT-HQ,953,8112,8108,0.0004930966469427478,9379,9369,0.0010662117496534895,10207,10193,0.0013716077201920696,12614,12587,0.0021404788330426916,10750,10732,0.0016744186046511178,11481,11458,0.0020033098162181018,11078,11054,0.002166456038996234,11637,11580,0.004898169631348259,12553,12419,0.010674739106189768,9785,9704,0.008277976494634687,8994,8933,0.006782299310651552,9566,9483,0.008676562826677836,,126156,125620,0.0042487079488886526,1
BT-HQ,953A,0,7344,0,0,8585,0,0,9416,0,0,11237,0,0,9667,0,0,9755,0,0,9330,0,0,10355,0,0,10227,0,0,9377,0,0,8621,0,0,8586,0,,0,112500,0,1
BT-HQ,954,9023,9031,0,10177,10174,0.0002947823523631321,11063,11036,0.0024405676579589697,13322,13307,0.001125957063503935,11306,11290,0.001415177781708854,11858,11824,0.0028672626075223473,11228,11171,0.005076594228713982,12626,12550,0.006019325201964243,12615,12498,0.009274673008323409,11251,11166,0.007554884010310237,10876,10806,0.006436189775652856,10452,10375,0.007367011098354359,,135797,135228,0.004190077836771056,1
BT-HQ,954A,5684,5676,0.0014074595355383357,32059,32028,0.0009669671543092173,36655,36619,0.0009821306779429495,14335,14315,0.0013951866062086316,16979,16965,0.0008245479710230486,22404,22380,0.0010712372790573355,33127,33096,0.0009357925559211333,56444,56401,0.0007618170221812548,38180,38146,0.0008905185961236572,41218,41184,0.0008248823329612964,50053,50009,0.0008790681877209883,35244,35212,0.0009079559641357315,,382382,382031,0.0009179302373019116,1
BT-HQ,955,8486,8465,0.002474664152722128,10094,10068,0.0025757875965920496,10470,10441,0.0027698185291308297,12475,12442,0.002645290581162363,10795,10765,0.002779064381658203,10343,10315,0.0027071449289374216,9313,9286,0.0028991731987544345,10254,10225,0.0028281646186854026,10360,10333,0.002606177606177651,9457,9429,0.002960769800148033,8886,8862,0.0027008777852801646,8123,8100,0.0028314662070663132,,119056,118731,0.0027298078215293176,1
BT-HQ,956,6647,6655,0,7303,7310,0,7798,7799,0,9328,9324,0.00042881646655235084,7722,7725,0,7845,7847,0,7632,7635,0,8242,8216,0.003154574132492094,8775,8730,0.00512820512820511,8106,8067,0.0048112509252405955,7513,7481,0.004259283907892986,7133,7103,0.004205804009533187,,94044,93892,0.0016162647271490416,1
BT-HQ,957,0,5690,0,0,5516,0,0,6148,0,0,7215,0,0,6219,0,0,6338,0,0,6726,0,0,7613,0,0,7510,0,0,6918,0,0,6511,0,0,6431,0,,0,78835,0,1
BT-HQ,958,3108,3069,0.012548262548262579,3347,3286,0.01822527636689575,3526,3458,0.019285309132161088,4047,3955,0.02273288855942679,3691,3616,0.020319696559198075,3897,3814,0.021298434693353907,3997,3909,0.022016512384288256,4157,4071,0.02068799615107053,4399,4312,0.019777222095930913,3714,3647,0.01803984921917068,3798,3723,0.019747235387045814,3595,3521,0.02058414464534075,,45276,44381,0.019767647318667758,1
BT-HQ,959,17264,17168,0.005560704355885071,19031,18864,0.008775156323892586,19959,19868,0.004559346660654384,22249,22091,0.0071014427614723985,20602,20416,0.00902824968449667,22293,22173,0.005382855604898373,20381,20238,0.0070163387468721305,21558,21411,0.006818814361257974,21423,21279,0.006721747654390153,19930,19792,0.00692423482187654,19002,18880,0.006420376802441896,17746,17633,0.006367632142454616,,241438,239813,0.006730506382590984,1
BT-HQ,960,5113,5107,0.0011734793663211729,5949,5933,0.0026895276517061584,6869,6838,0.00451302955306454,6916,6895,0.0030364372469635637,6149,6129,0.003252561392096287,6554,6539,0.0022886786695147654,6712,6682,0.004469606674612603,6846,6821,0.0036517674554484847,7497,7468,0.003868213952247568,7141,7111,0.00420109228399379,7252,7220,0.004412575841147293,6579,6557,0.003343973248214005,,79577,79300,0.0034809052867034174,1
BT-HQ,961,3177,3117,0.018885741265344702,3976,3887,0.022384305835010054,4060,3972,0.021674876847290636,4977,4865,0.02250351617440227,4765,4664,0.02119622245540398,5136,5027,0.02122274143302183,4804,4701,0.02144046627810159,5118,5005,0.0220789370847988,5627,5500,0.02256975297671937,5140,5025,0.02237354085603116,4969,4858,0.022338498691889752,4251,4163,0.020701011526699564,,56000,54784,0.021714285714285686,1
BT-HQ,962,0,8236,0,0,9661,0,0,9376,0,0,10320,0,0,9410,0,0,9938,0,0,9543,0,0,10171,0,0,10015,0,0,9278,0,0,8905,0,0,8348,0,,0,113201,0,1
BT-HQ,962A,0,4480,0,0,5321,0,0,5502,0,0,6037,0,0,4990,0,0,5097,0,0,5384,0,0,6103,0,0,6329,0,0,5354,0,0,5348,0,0,5478,0,,0,65423,0,1
BT-HQ,963,0,7083,0,0,7893,0,0,8645,0,0,10130,0,0,9011,0,0,9276,0,0,8864,0,0,9006,0,0,9173,0,0,8366,0,0,8037,0,0,7708,0,,0,103192,0,1
BT-HQ,964,3450,3386,0.01855072463768115,3404,3362,0.012338425381903662,3444,3405,0.011324041811846652,3725,3711,0.0037583892617449877,3410,3403,0.002052785923753686,3641,3610,0.008514144465806117,3827,3773,0.014110269140318765,3946,3904,0.010643689812468327,4162,4095,0.016098029793368607,3727,3673,0.01448886503890534,3491,3427,0.0183328559152105,3291,3238,0.016104527499240406,,43518,42987,0.012201847511374653,1
BT-HQ,965,9301,9283,0.0019352757767981954,8107,8090,0.002096953250277589,8997,8976,0.002334111370456804,10801,10778,0.0021294324599574477,10069,10047,0.0021849240242327594,9762,9740,0.0022536365498873057,9740,9717,0.0023613963039014196,10656,10634,0.0020645645645646082,9738,9716,0.002259190798931998,9034,9014,0.002213858755811371,8308,8290,0.0021665864227250475,8280,8260,0.0024154589371980784,,112793,112545,0.002198718005549938,1
BT-HQ,965A,317,319,0,417,421,0,429,431,0,595,599,0,575,579,0,640,644,0,578,582,0,759,764,0,608,612,0,560,565,0,477,478,0,525,531,0,,6480,6525,0,1
BT-HQ,965B,0,959,0,0,1126,0,0,807,0,0,775,0,0,669,0,0,89,0,0,0,,0,0,,0,0,,0,0,,0,0,,0,0,,,0,4425,0,0
BT-HQ,965C,0,4058,0,0,4421,0,0,3713,0,0,4249,0,0,3205,0,0,320,0,0,0,,0,0,,0,0,,0,0,,0,0,,0,0,,,0,19966,0,0
BT-HQ,965D,804,803,0.0012437810945273853,855,855,0,1259,1256,0.002382843526608447,1410,1408,0.0014184397163120588,1722,1718,0.0023228803716608404,208,207,0.004807692307692291,0,0,,0,0,,0,0,,0,0,,0,0,,0,0,,,6258,6247,0.0017577500798977574,0
BT-HQ,966,4294,4282,0.0027945971122496083,4557,4545,0.0026333113890717463,4531,4519,0.0026484219819024046,5428,5413,0.002763448784082523,4957,4942,0.0030260238047206123,5030,5015,0.0029821073558647937,4789,4774,0.003132177907705147,5329,5312,0.003190091949709095,5279,5262,0.00322030687630237,4910,4895,0.003054989816700604,4467,4453,0.003134094470561899,4299,4285,0.003256571295650157,,57870,57697,0.0029894591325384523,1
BT-HQ,966A,1326,1321,0.0037707390648566985,1400,1395,0.0035714285714285587,1431,1426,0.0034940600978337066,1680,1679,0.0005952380952380931,1549,1549,0,1852,1851,0.0005399568034557545,1777,1777,0,1745,1744,0.0005730659025787732,1729,1722,0.004048582995951455,1569,1568,0.0006373486297004405,1486,1485,0.0006729475100941684,1422,1420,0.0014064697609000865,,18966,18937,0.001529051987767538,1
BT-HQ,967,0,1735,0,0,1659,0,0,1842,0,0,2256,0,0,2027,0,0,2209,0,0,2236,0,0,2346,0,0,2411,0,0,2261,0,0,2146,0,0,2287,0,,0,25415,0,1
BT-HQ,967A,1166,1188,0,1314,1338,0,1371,1394,0,1351,1378,0,1335,1361,0,1384,1411,0,1321,1347,0,1397,1425,0,1380,1407,0,1269,1293,0,1248,1273,0,1189,1209,0,,15725,16024,0,1
BT-HQ,969,3432,3431,0.0002913752913752399,3554,3552,0.0005627462014631268,3514,3514,0,4256,4255,0.00023496240601506013,4008,4008,0,4465,4464,0.0002239641657334479,4088,4083,0.0012230919765165993,4687,4671,0.0034136974610624593,4852,4835,0.003503709810387501,4363,4348,0.003438001375200561,4105,4092,0.003166869671132777,4084,4071,0.0031831537708129076,,49408,49324,0.001700129533678707,1
BT-HQ,970,3781,3753,0.007405448294102057,4096,4054,0.01025390625,4116,4068,0.011661807580174877,4726,4670,0.011849344054168376,4609,4557,0.01128227381210678,4589,4541,0.010459795162344743,4442,4396,0.010355695632597972,4663,4614,0.010508256487239964,4619,4572,0.010175362632604434,4396,4352,0.010009099181073733,4056,4021,0.008629191321498975,3783,3752,0.008194554586307135,,51876,51350,0.010139563574678045,1
BT-HQ,971,890,870,0.022471910112359605,918,896,0.023965141612200425,1010,983,0.026732673267326756,1153,1124,0.025151777970511713,1150,1120,0.02608695652173909,1294,1262,0.02472952086553326,1098,1068,0.02732240437158473,1162,1127,0.030120481927710885,1174,1140,0.028960817717206155,1132,1099,0.02915194346289751,1076,1046,0.027881040892193343,904,880,0.026548672566371723,,12961,12615,0.02669547102847003,1
BT-HQ,972,15815,15728,0.00550110654441982,17204,17119,0.004940711462450564,2897,17636,0,22068,22110,0,18017,18051,0,18409,18446,0,17689,17724,0,19341,19377,0,20430,20474,0,18370,18407,0,17351,17384,0,16147,16175,0,,203738,218631,0,1
BT-HQ,972A,0,4329,0,0,4873,0,0,4852,0,0,6106,0,0,5380,0,0,5588,0,0,5031,0,0,5475,0,0,5790,0,0,5461,0,0,5271,0,0,4895,0,,0,63051,0,1
BT-HQ,972B,0,52521,0,0,24329,0,0,1448,0,0,0,,0,0,,0,23241,0,0,38769,0,0,34048,0,0,4989,0,0,15255,0,0,30148,0,0,26463,0,,0,251211,0,1
BT-HQ,973,8097,8045,0.00642213165369887,9814,9746,0.006928877114326437,10560,10485,0.007102272727272707,12059,11978,0.006716974873538395,10784,10711,0.006769287833827908,11260,11181,0.007015985790408519,10566,10496,0.006625023660798757,10601,10532,0.006508819922648845,10260,10189,0.0069200779727095485,9852,9786,0.006699147381242332,9283,9220,0.006786599159754436,7534,7484,0.006636580833554562,,120670,119853,0.006770531200795515,1
BT-HQ,973A,1772,1761,0.006207674943566555,2283,2265,0.007884362680683266,2975,2951,0.00806722689075634,3422,3389,0.009643483343074188,2212,2193,0.008589511754068746,2043,2027,0.007831620166421915,2365,2344,0.008879492600422867,2257,2237,0.00886132033673015,2099,2080,0.009051929490233479,1995,1977,0.009022556390977488,1781,1765,0.008983717012914116,1790,1776,0.007821229050279377,,26994,26765,0.008483366674075676,1
BT-HQ,974,5974,5963,0.0018413123535320208,7420,7404,0.0021563342318059453,8017,7999,0.0022452288886116722,10078,10054,0.0023814248858901044,8455,8437,0.0021289178001182574,8533,8514,0.0022266494784952684,8622,8602,0.00231964741359314,8626,8605,0.0024345003477858063,0,9516,0,2925,8812,0,7828,7830,0,6710,6712,0,,83188,98448,0,1
BT-HQ,975,0,1627,0,0,1736,0,0,1693,0,0,2384,0,0,2068,0,0,2762,0,0,3447,0,0,7225,0,0,4201,0,0,2830,0,0,1886,0,0,1880,0,,0,33739,0,1
BT-HQ,976,5771,5777,0,6389,6393,0,6653,6656,0,8024,8025,0,7521,7523,0,7781,7782,0,7373,7376,0,8188,8172,0.0019540791402051783,8111,8082,0.003575391443718434,7562,7536,0.0034382438508331337,7328,7305,0.00313864628820959,6668,6650,0.002699460107978391,,87369,87277,0.0010530050704483651,1
BT-HQ,977,6640,6620,0.003012048192771122,7468,7445,0.0030798071772897284,7467,7443,0.003214142225793526,8966,8938,0.003122908766451049,8099,8072,0.003333744906778624,8264,8239,0.0030251694094869386,7814,7790,0.003071410289224419,8011,7962,0.0061165896891773874,8813,8731,0.009304436627709078,8300,8222,0.009397590361445829,7883,7812,0.00900672332868202,7167,7105,0.00865076042974744,,94892,94379,0.005406145934325313,1
BT-HQ,978,18865,18824,0.002173336867214437,20256,20210,0.002270932069510234,20137,20094,0.0021353726970253506,23461,23407,0.0023016921699842152,21709,21660,0.0022571283799346364,22803,22751,0.0022804017015305433,21460,21410,0.002329916123019582,22882,22830,0.0022725286251201737,24648,24593,0.0022314183706588775,21902,21855,0.0021459227467811592,21159,21113,0.0021740157852450093,19297,19254,0.0022283256464735723,,258579,258001,0.0022352936626717224,1
BT-HQ,979,5245,5359,0,5953,6057,0,6228,6319,0,7289,7348,0,6539,6567,0,6804,6824,0,6970,7017,0,6974,7022,0,6933,6971,0,6752,6783,0,6330,6363,0,5145,5181,0,,77162,77811,0,1
BT-HQ,980,0,6589,0,0,6210,0,0,9621,0,0,10906,0,0,6230,0,0,6058,0,0,15316,0,0,21359,0,0,12609,0,0,5450,0,0,5109,0,0,8539,0,,0,113996,0,1
BT-HQ,980A,4729,4725,0.0008458447874815089,5163,5159,0.0007747433662599335,5713,5710,0.0005251181515840697,7092,7087,0.0007050197405527037,6876,6874,0.0002908667830133771,6637,6636,0.00015067048365224878,6395,6393,0.00031274433150896286,7369,7366,0.0004071108698602277,8241,8239,0.0002426889940541077,6928,6927,0.00014434180138567232,7276,7275,0.00013743815283118188,6568,6565,0.0004567600487210832,,78987,78956,0.0003924696469038702,1
BT-HQ,980B,2540,2539,0.0003937007874015297,2549,2549,0,2419,2419,0,3008,3008,0,2703,2704,0,2987,2986,0.00033478406427855933,2727,2727,0,2721,2722,0,2944,2944,0,3214,3215,0,2696,2695,0.00037091988130566467,2431,2432,0,,32939,32940,0,1
BT-HQ,980C,1911,1914,0,2364,2368,0,2297,2299,0,2827,2828,0,2971,2974,0,2836,2837,0,2810,2812,0,3170,3172,0,3583,3585,0,3339,3341,0,2992,2994,0,2667,2670,0,,33767,33794,0,1
BT-HQ,980D,4680,4682,0,5295,5297,0,5329,5331,0,5648,5651,0,5160,5163,0,5523,5528,0,5465,5468,0,5484,5488,0,5683,5686,0,5725,5728,0,5518,5523,0,4907,4910,0,,64417,64455,0,1
BT-HQ,980E,0,1193,0,0,1456,0,0,1570,0,0,1951,0,0,1904,0,0,2018,0,0,1775,0,0,1916,0,0,1997,0,0,1785,0,0,1715,0,0,1400,0,,0,20680,0,1
BT-HQ,980F,0,836,0,0,1065,0,0,1132,0,0,1392,0,0,1383,0,0,1428,0,0,1324,0,0,0,,0,2830,0,0,1302,0,0,1316,0,0,1248,0,,0,15256,0,1
BT-HQ,980G,0,3674,0,0,3879,0,0,3860,0,0,4464,0,0,3509,0,0,3794,0,0,3635,0,0,4040,0,0,4210,0,0,3753,0,0,4316,0,0,4348,0,,0,47482,0,1
BT-HQ,981,0,1587,0,0,1750,0,0,1749,0,0,2179,0,0,1972,0,0,2141,0,0,1856,0,0,1981,0,0,2011,0,0,1886,0,0,1633,0,0,1708,0,,0,22453,0,1
BT-HQ,982,0,3057,0,0,3046,0,0,3349,0,0,3705,0,0,3111,0,0,3385,0,0,3224,0,0,3318,0,0,4100,0,0,2937,0,0,3040,0,0,3321,0,,0,39593,0,1
BT-HQ,983,0,6464,0,0,7136,0,0,7404,0,0,8859,0,0,7854,0,0,7494,0,0,7368,0,0,6598,0,0,7011,0,0,6745,0,0,5478,0,0,6582,0,,0,84993,0,1
BT-HQ,998,8428,8427,0.00011865211200756676,6883,6882,0.00014528548597991797,5130,5131,0,4651,4651,0,1402,1404,0,264,265,0,374,375,0,1265,1266,0,1130,1132,0,1202,1202,0,1107,1108,0,3317,3317,0,,35153,35160,0,1
BT-HQ,F000,0,0,,0,0,,0,0,,0,0,,0,0,,0,0,,0,0,,0,0,,0,0,,0,0,,0,0,,0,0,,,0,0,,0
BT-HQ,MQX,0,0,,0,0,,0,0,,0,0,,0,0,,0,0,,0,0,,0,0,,0,0,,0,0,,0,0,,0,0,,,0,0,,0
BT-HQ,PL01,0,0,,0,0,,0,0,,0,0,,0,0,,0,0,,0,0,,0,0,,0,0,,0,0,,0,0,,0,0,,,0,0,,0
BT-HQ,PM62,0,0,,0,0,,0,0,,0,0,,0,0,,0,0,,0,0,,0,0,,0,0,,0,0,,0,0,,0,0,,,0,0,,0
BT-HQ,T698,0,0,,0,0,,0,0,,0,0,,0,0,,0,0,,0,0,,0,0,,0,0,,0,0,,0,0,,0,0,,,0,0,,0
BT-HQ,WAUX,0,0,,0,0,,0,0,,0,0,,0,0,,0,0,,0,0,,0,0,,0,0,,0,0,,0,0,,0,0,,,0,0,,0
