Unnamed: 0,Unnamed: 1,January,Unnamed: 3,Unnamed: 4,February,Unnamed: 6,Unnamed: 7,March,Unnamed: 9,Unnamed: 10,April,Unnamed: 12,Unnamed: 13,May,Unnamed: 15,Unnamed: 16,June,Unnamed: 18,Unnamed: 19,July,Unnamed: 21,Unnamed: 22,August,Unnamed: 24,Unnamed: 25,September,Unnamed: 27,Unnamed: 28,October,Unnamed: 30,Unnamed: 31,November,Unnamed: 33,Unnamed: 34,December,Unnamed: 36,Unnamed: 37,Unnamed: 38,Accumulate for Year 2025,Unnamed: 40,Unnamed: 41,Unnamed: 42
Region,Cabin,Total kWh,Sales kWh,Losses,Total kWh,Sales kWh,Losses,Total kWh,Sales kWh,Losses,Total kWh,Sales kWh,Losses,Total kWh,Sales kWh,Losses,Total kWh,Sales kWh,Losses,Total kWh,Sales kWh,Losses,Total kWh,Sales kWh,Losses,Total kWh,Sales kWh,Losses,Total kWh,Sales kWh,Losses,Total kWh,Sales kWh,Losses,Total kWh,Sales kWh,Losses,,Total kWh,Sales kWh,Losses,Consumer
KP-HQ,1,38280,18453,0.5179467084639499,19620,19306,0.016004077471967415,21000,20624,0.017904761904761868,20700,20161,0.026038647342995214,27660,27269,0.014135936370209712,26280,25650,0.023972602739726012,22500,22249,0.011155555555555585,24780,24329,0.018200161420500405,23460,23148,0.013299232736572852,19740,19436,0.015400202634245241,21480,21197,0.013175046554934844,19320,19037,0.014648033126294036,,284820,260859,0.08412681693701285,101
KP-HQ,2,15313360,93831,0.9938726053589807,100480,99725,0.007513933121019112,111360,108649,0.02434446839080462,118720,115815,0.02446933962264153,112800,108668,0.03663120567375888,124000,120375,0.029233870967741882,109680,106019,0.03337892049598834,122480,118335,0.03384225996080992,119040,116015,0.025411626344086002,84960,113138,0,155848,121686,0.21920075971459374,108810,106227,0.023738626964433407,,16581538,1328483,0.919881798660655,370
KP-HQ,3,118296,56318,0.5239230405085549,58987,60464,0,64609,65915,0,62792,61238,0.02474837558924703,76037,74002,0.026763286294830158,48642,42770,0.12071872044734999,39300,39215,0.002162849872773487,42755,41903,0.019927493860367185,39638,38984,0.016499318835460963,38290,37419,0.022747453643248927,41973,41149,0.019631667977032863,37267,36610,0.017629538197332706,,668586,595987,0.10858588124788737,143
KP-HQ,4,160843,72783,0.5474904099028245,75678,73851,0.024141758503131716,79069,79077,0,86769,85724,0.012043471746822076,83474,82461,0.012135515250257578,89142,85233,0.043851383186376824,78084,74871,0.04114799446749651,88112,84622,0.03960867986199379,83702,80780,0.0349095601060907,84612,81291,0.039249751808254185,92565,79499,0.1411548641495165,77871,85098,0,,1079921,965290,0.10614757931367202,266
KP-HQ,5,101760,49081,0.5176788522012579,50720,49509,0.023876182965299697,48560,47303,0.02588550247116972,51280,49913,0.026657566302652147,52000,48549,0.06636538461538466,51600,52309,0,46880,45628,0.026706484641638273,50080,49296,0.01565495207667733,50376,47482,0.05744799110687626,46670,45349,0.02830512106278127,54286,52634,0.030431418782006392,48316,46836,0.030631674807517162,,652528,583889,0.10518935585905898,100
KP-HQ,6,27720,13317,0.5195887445887446,15720,15281,0.027926208651399498,15720,15201,0.03301526717557257,17040,16287,0.04419014084507045,16200,15959,0.014876543209876525,16500,15958,0.032848484848484794,14580,14157,0.02901234567901234,14880,14261,0.04159946236559142,14580,14037,0.03724279835390942,13980,13869,0.007939914163090145,15660,15202,0.02924648786717754,9900,11980,0,,192480,175509,0.08817019950124694,68
KP-HQ,7,169212,78132,0.5382596978937664,79608,76734,0.03610189930660235,85807,82318,0.04066101833183777,93610,89939,0.03921589573763484,97133,93204,0.04044969268940524,97536,93868,0.037606627296587924,87482,84312,0.0362360256967148,101070,97554,0.03478777085188478,87922,84493,0.03900047769613979,87280,84127,0.03612511457378553,95485,92333,0.03301042048489289,83137,80380,0.03316212997822876,,1165282,1037394,0.10974854155474811,409
KP-HQ,8,102919,47589,0.5376072445321078,55807,52871,0.05260988764850283,57296,54639,0.04637321977101372,65620,60724,0.07461139896373059,63743,61523,0.03482735359176692,68188,64198,0.05851469466768344,63676,59866,0.059834160437213346,68880,65111,0.05471835075493614,61772,57291,0.07254095706792718,63708,60043,0.05752809694229921,64957,61657,0.05080283880105296,58437,55310,0.053510618272669674,,795003,700822,0.11846621962432846,391
KP-HQ,9,71957,36437,0.4936281390274747,40519,39093,0.03519336607517465,37067,35789,0.034478107211266096,40175,38767,0.035046670815183534,44014,43417,0.01356386604262283,31480,30363,0.03548284625158826,34191,32951,0.03626685385042849,32780,31543,0.03773642464917637,28030,27021,0.035997145915090956,32079,30872,0.03762586115527289,31349,30159,0.0379597435324891,36286,34801,0.040924874607286554,,459927,411213,0.10591680853700691,128
KP-HQ,10,10090860,70685,0.9929951461025126,59940,58089,0.030880880880880923,69600,67566,0.02922413793103451,76200,73833,0.03106299212598429,77040,74468,0.033385254413291765,80400,73534,0.08539800995024871,69240,66025,0.046432697862507255,69540,69128,0.005924647684785733,66960,64287,0.039919354838709675,60000,58461,0.02564999999999995,61860,60334,0.024668606530876214,56400,55030,0.024290780141843937,,10838040,791440,0.9269757262383236,173
KP-HQ,100,86373,42893,0.5033980526321883,41277,40862,0.01005402524408261,42401,43110,0,47294,47691,0,46540,45353,0.025504941985388885,41047,40812,0.005725144346724442,40503,40126,0.00930795249734584,39805,39470,0.008416028137168685,36255,35923,0.00915735760584746,34412,34081,0.00961873764965715,40259,39947,0.007749819916043621,34056,28671,0.15812191684284704,,530222,478939,0.09671986450958281,24
KP-HQ,101,33775,16771,0.5034492968171724,18250,17537,0.039068493150684946,22498,23700,0,22947,22929,0.0007844162635638474,23449,23361,0.0037528252803957773,23224,22674,0.023682397519807052,21945,21440,0.023012075643654595,24205,23585,0.02561454244990702,22061,21563,0.022573772721091512,22077,21839,0.01078045024233365,22892,22433,0.020050672724095775,21531,21123,0.01894942176396819,,278854,258955,0.0713599231138875,132
KP-HQ,102,15211,7196,0.5269213069489185,8203,7841,0.04413019626965742,8011,7579,0.05392585195356381,8211,7848,0.04420898794300332,8501,8113,0.0456416892130338,8263,7864,0.048287546895800504,7882,7548,0.042375031717838074,9053,8649,0.044626090798630336,9041,8630,0.04545957305607784,7909,7555,0.044759135162473096,8547,8126,0.04925704925704921,7530,7187,0.045551128818061115,,106362,94136,0.11494706756172313,83
KP-HQ,103,31203,14574,0.5329295260071147,16663,15873,0.04741043029466485,16035,15238,0.04970377299657003,17395,16607,0.04530037367059503,17388,16563,0.04744651483781914,16903,16101,0.04744719872212033,15866,15213,0.041157191478633504,17221,16307,0.053074734335985085,17427,16597,0.047627245079474356,15479,14761,0.04638542541507851,16519,16077,0.026757067619105235,14923,14493,0.02881458151846139,,213022,188404,0.11556552844307155,129
KP-HQ,104,0,18825,0,64040,22021,0.6561367895065584,22460,20535,0.0857079252003562,22580,20874,0.07555358724534988,23840,21919,0.08057885906040263,22780,21040,0.07638279192273922,21580,19786,0.08313253012048194,23040,19156,0.16857638888888893,22200,22653,0,19680,18185,0.07596544715447151,21700,20161,0.07092165898617508,21240,19705,0.0722693032015066,,285140,244860,0.1412639405204461,171
KP-HQ,105,134926,44476,0.6703674606821517,41679,38792,0.06926749682094102,38780,38220,0.014440433212996373,43231,42442,0.01825079225555737,43727,42489,0.028312026894138587,42938,41795,0.02661977735339327,39290,38299,0.025222702977857003,40501,39526,0.024073479667168662,8254,35775,0,67661,38242,0.4347999586172241,41599,40557,0.025048679054784917,40678,39719,0.023575397020502487,,583264,480332,0.1764758325560981,256
KP-HQ,106,23256,7618,0.6724286205710355,8171,8024,0.017990454044792603,8166,8009,0.019226059270144535,9412,9225,0.019868253293667704,8961,8773,0.020979801361455164,9570,9419,0.015778474399164022,7957,7763,0.024381048133718775,7861,7768,0.011830555908917462,7309,7365,0,9114,9189,0,8560,8602,0,7747,7816,0,,116084,99571,0.14225043933703185,64
KP-HQ,107,0,27449,0,0,27875,0,0,29479,0,32892,30805,0.06345007904657662,37208,34843,0.06356159965598795,37450,35337,0.05642189586114821,28543,27153,0.048698454962687876,30109,28530,0.05244279119200235,28754,27381,0.04774987827780486,28998,30841,0,32919,28061,0.14757434916005951,26995,25693,0.04823115391739208,,283868,353447,0,150
KP-HQ,108,768440,8923,0.9883881630315965,9340,9128,0.022698072805139136,10100,9642,0.04534653465346539,10480,10574,0,11200,10986,0.019107142857142878,11560,11371,0.016349480968858132,10800,10539,0.02416666666666667,11820,11561,0.02191201353637906,10500,10333,0.015904761904761866,10940,10742,0.01809872029250459,11580,11372,0.01796200345423138,9860,9704,0.01582150101419877,,886620,124875,0.8591561209988495,136
KP-HQ,109,28658,13436,0.5311605834322004,13991,13189,0.05732256450575368,14363,13477,0.06168627724013087,16607,15442,0.07015114108508458,18524,16631,0.10219175124163249,16793,16493,0.017864586434824026,15244,14297,0.06212280241406454,13019,12181,0.06436746293878182,15298,14193,0.07223166426983918,15337,14289,0.06833148594901217,16066,14939,0.0701481389269264,13515,12632,0.06533481317055123,,197415,171199,0.13279639338449456,66
KP-HQ,109C,0,0,,0,0,,0,0,,0,0,,0,0,,0,0,,0,0,,0,0,,0,0,,0,0,,0,0,,0,0,,,0,0,,0
KP-HQ,11,93090,111689,0,100030,97213,0.028161551534539586,116856,113318,0.03027657972205111,126810,122090,0.03722103935020893,144420,140151,0.02955961778147076,157704,152123,0.035389083346015315,124378,120405,0.03194294810979437,134638,130428,0.03126903251682289,136031,131502,0.033293881541707426,129998,124607,0.041469868767211815,141121,137373,0.026558768716208103,134036,129685,0.03246142827300125,,1539112,1510584,0.018535363248418535,232
KP-HQ,110,24280,24250,0.0012355848434926209,27219,27192,0.0009919541496749007,35555,35531,0.0006750105470397783,39622,39601,0.0005300085810913124,63786,63754,0.0005016774840874705,53097,53073,0.0004520029380190582,49606,49587,0.00038301818328423387,58320,58295,0.00042866941015085036,78828,78787,0.0005201197544020264,86702,86650,0.0005997554843025776,63651,63621,0.0004713201677899459,8876,8862,0.001577287066246047,,589542,589203,0.0005750226446971096,1
KP-HQ,111,2156,2156,0,2264,2263,0.0004416961130742081,1798,1799,0,3123,3123,0,2525,2525,0,2471,2472,0,2384,2384,0,2594,2594,0,2042,2041,0.0004897159647404559,2389,2390,0,1985,1985,0,1860,1860,0,,27591,27592,0,1
KP-HQ,112,30159,14172,0.5300905202427136,16002,15507,0.03093363329583798,15430,14826,0.039144523655217145,17525,16794,0.04171184022824537,18111,17391,0.039754845121749205,15907,15304,0.03790783931602437,15547,14952,0.0382710490769923,17081,16930,0.008840231836543477,16141,16661,0,15442,14939,0.03257350084185984,16099,15637,0.02869743462326857,14656,14178,0.03261462882096067,,208100,187291,0.09999519461797213,103
KP-HQ,113,28040,13287,0.5261412268188302,14368,13922,0.031041202672605794,13815,13366,0.032500904813608344,14632,14184,0.030617823947512335,15008,14539,0.03125,14768,14330,0.029658721560130052,13708,13298,0.02990954187335859,14494,14064,0.0296674485994205,14364,13900,0.03230297967140072,15049,14587,0.030699714266728684,16765,16232,0.031792424694303656,13986,13526,0.032890032890032894,,188997,169235,0.10456250628316854,103
KP-HQ,114,0,0,,0,0,,3170,3170,0,0,0,,0,0,,19120,19110,0.0005230125523012497,0,0,,0,0,,0,0,,0,0,,0,0,,0,0,,,22290,22280,0.0004486316733961493,1
KP-HQ,115,0,4440,0,0,4480,0,0,3200,0,0,760,0,0,1360,0,0,80,0,0,120,0,0,0,,0,40,0,0,80,0,0,40,0,0,2760,0,,0,17360,0,1
KP-HQ,116,0,0,,0,0,,0,0,,0,0,,0,0,,0,0,,0,0,,0,0,,0,0,,0,0,,0,0,,0,0,,,0,0,,0
KP-HQ,117,0,0,,0,0,,0,0,,0,0,,0,0,,0,0,,0,0,,0,0,,0,0,,0,0,,0,0,,0,0,,,0,0,,0
KP-HQ,118,0,0,,0,0,,0,0,,0,0,,0,0,,0,0,,0,0,,0,0,,0,0,,0,0,,0,0,,0,0,,,0,0,,0
KP-HQ,119,0,0,,0,0,,0,0,,0,0,,0,0,,0,0,,0,0,,0,0,,0,0,,0,0,,0,0,,0,0,,,0,0,,0
KP-HQ,12,223876,110458,0.5066108024084761,106896,104239,0.02485593474030834,109338,105807,0.03229435328979857,122778,117929,0.039494046164622376,113967,111341,0.023041757701790844,119561,114557,0.04185311263706393,113559,114177,0,112027,108608,0.030519428352093647,112164,111806,0.003191754930280677,110444,109748,0.006301836224693047,116549,114643,0.01635363666783929,110441,105025,0.0490397587852337,,1471600,1328338,0.09735118238651808,197
KP-HQ,120,0,0,,0,0,,0,0,,0,0,,0,0,,0,0,,0,0,,0,0,,0,0,,0,0,,0,0,,0,0,,,0,0,,0
KP-HQ,121,0,3928,0,0,4156,0,0,4195,0,0,3727,0,0,3968,0,0,4242,0,0,4052,0,0,4649,0,0,4378,0,0,4702,0,0,5430,0,0,5693,0,,0,53120,0,1
KP-HQ,122,0,4193,0,0,4331,0,0,5051,0,0,4363,0,0,4110,0,0,3545,0,0,3305,0,0,3812,0,0,3673,0,0,3593,0,0,3525,0,0,4127,0,,0,47628,0,1
KP-HQ,123,1013,1011,0.001974333662388972,1127,1128,0,1116,528,0.5268817204301075,1042,0,1,1193,2840,0,1833,1834,0,2628,2631,0,2862,2863,0,3683,3686,0,5082,5085,0,2852,2855,0,17801,25568,0,,42232,50029,0,1
KP-HQ,124,0,7098,0,0,8019,0,0,8330,0,0,7795,0,0,7511,0,0,7109,0,0,6842,0,0,7304,0,0,7444,0,0,6855,0,0,7211,0,0,6612,0,,0,88130,0,1
KP-HQ,125,0,8956,0,0,9654,0,0,10136,0,0,10300,0,0,10093,0,0,9817,0,0,9635,0,0,10078,0,0,10104,0,0,10022,0,0,10189,0,0,9583,0,,0,118567,0,1
KP-HQ,126,13529,13532,0,14363,14367,0,15414,15423,0,14543,14281,0.0180155401223957,14440,14721,0,14239,14246,0,14339,14344,0,15386,15363,0.001494865462108419,15603,15627,0,14836,14861,0,14586,14594,0,14301,14303,0,,175579,175662,0,1
KP-HQ,127,0,2621,0,0,3055,0,0,3242,0,0,3316,0,0,3371,0,0,3282,0,0,404,0,0,6555,0,0,3185,0,0,3210,0,0,3303,0,0,3099,0,,0,38643,0,1
KP-HQ,128,0,2800,0,0,2795,0,0,3170,0,0,3234,0,0,3459,0,0,3065,0,0,2785,0,0,3018,0,0,2979,0,0,2785,0,0,2912,0,0,2723,0,,0,35725,0,1
KP-HQ,129,124781,124930,0,133853,134053,0,80857,80974,0,222599,221009,0.007142889231308347,145027,147454,0,141748,144184,0,125802,127923,0,129667,131913,0,140086,142449,0,133515,135728,0,136062,138305,0,143564,145918,0,,1657561,1674840,0,1
KP-HQ,13,240103,114713,0.5222342078191442,111658,108153,0.0313904959787924,122925,118614,0.035070164734594234,121985,117616,0.035815879001516615,135351,130394,0.03662329794386443,135717,131525,0.030887803296565597,125259,120360,0.03911096208655662,132153,127435,0.03570104348747283,133996,129405,0.03426221678259056,119304,114475,0.04047642996043721,133093,128759,0.03256369606215204,128122,122763,0.04182732083482932,,1639666,1464212,0.10700593901440902,183
KP-HQ,130,0,3073,0,0,3517,0,0,3887,0,0,4569,0,0,3840,0,0,3298,0,0,3427,0,0,3840,0,0,3741,0,0,3391,0,0,3658,0,0,3158,0,,0,43399,0,1
KP-HQ,131,0,8704,0,0,9072,0,0,9681,0,0,10464,0,0,10485,0,0,9651,0,0,10158,0,0,11211,0,0,10602,0,0,10805,0,0,10309,0,0,10450,0,,0,121592,0,1
KP-HQ,132,0,2153,0,0,2296,0,0,2550,0,0,2657,0,0,2654,0,0,2590,0,0,2457,0,0,2818,0,0,3019,0,0,3365,0,0,3346,0,0,3483,0,,0,33388,0,1
KP-HQ,133,0,2610,0,0,2525,0,0,2947,0,0,3206,0,0,3256,0,0,3397,0,0,3126,0,0,3182,0,0,3284,0,0,3307,0,0,3329,0,0,3058,0,,0,37227,0,1
KP-HQ,134,0,11209,0,0,11335,0,0,12743,0,0,12559,0,0,12390,0,0,11648,0,0,11912,0,0,12869,0,0,13677,0,0,13747,0,0,13340,0,0,13196,0,,0,150625,0,1
KP-HQ,135,4533,4541,0,4455,4462,0,5056,5066,0,5138,5149,0,5092,5102,0,4733,4741,0,4900,4908,0,5165,5174,0,5404,5416,0,5264,5275,0,5345,5357,0,5455,5466,0,,60540,60657,0,1
KP-HQ,136,0,6738,0,0,6393,0,0,5624,0,0,0,,0,0,,0,0,,0,3459,0,0,2249,0,0,1858,0,0,1664,0,0,1811,0,0,1951,0,,0,31747,0,1
KP-HQ,137,0,5707,0,0,5995,0,0,6685,0,0,6679,0,0,5778,0,0,6020,0,0,624,0,0,5027,0,0,908,0,0,965,0,0,895,0,0,839,0,,0,46122,0,1
KP-HQ,138,0,9774,0,0,9999,0,0,11317,0,0,11567,0,0,11112,0,0,10927,0,0,5651,0,0,4051,0,0,4490,0,0,4185,0,0,3724,0,0,3772,0,,0,90569,0,1
KP-HQ,139,0,6468,0,0,6170,0,0,6805,0,0,7060,0,0,6812,0,0,6524,0,0,616,0,0,12460,0,0,6942,0,0,6845,0,0,6620,0,0,6416,0,,0,79738,0,1
KP-HQ,14,89432,103964,0,69840,96311,0,142837,110850,0.22394057562116254,103103,100398,0.0262359000223078,111367,108314,0.027413865866908527,113443,110615,0.024928818878203196,101308,98771,0.02504244482173179,101243,98724,0.024880732495086044,106197,103968,0.02098929348286671,97002,94567,0.02510257520463499,98500,96317,0.022162436548223363,102637,94318,0.08105264183481586,,1236909,1217117,0.01600117712782423,114
KP-HQ,140,0,8347,0,0,8752,0,0,9468,0,0,9587,0,0,9301,0,0,9170,0,0,907,0,0,18127,0,0,12897,0,0,10837,0,0,11051,0,0,13341,0,,0,121785,0,1
KP-HQ,141,0,2561,0,0,2610,0,0,2808,0,0,2762,0,0,2763,0,0,2636,0,0,266,0,0,5384,0,0,3034,0,0,3215,0,0,3087,0,0,2768,0,,0,33894,0,1
KP-HQ,142,27578,27592,0,29807,29825,0,31505,31536,0,30694,30726,0,32709,32742,0,31237,31274,0,31040,31072,0,32196,31779,0.012951919493104702,31875,31832,0.0013490196078431715,29478,30020,0,30287,29824,0.015287086868953637,29147,29131,0.0005489415720314472,,367553,367353,0.0005441392125761224,1
KP-HQ,143,7905,7916,0,7968,7978,0,8856,8868,0,8016,8028,0,7398,7409,0,7510,7520,0,6702,6713,0,7024,7035,0,6881,6891,0,6595,6605,0,6757,6767,0,7659,7671,0,,89271,89401,0,1
KP-HQ,144,0,6825,0,0,7670,0,0,8811,0,0,7813,0,0,8005,0,0,7509,0,0,7361,0,0,7533,0,0,7720,0,0,7082,0,0,7237,0,0,6979,0,,0,90545,0,1
KP-HQ,145,0,2926,0,0,3157,0,0,3633,0,0,3792,0,0,3868,0,0,3763,0,0,4058,0,0,4246,0,0,4476,0,0,4130,0,0,4305,0,0,3867,0,,0,46221,0,1
KP-HQ,146,0,19821,0,0,21175,0,0,22279,0,0,21814,0,0,22120,0,0,21160,0,0,21540,0,0,22747,0,0,22503,0,0,21091,0,0,21746,0,0,17995,0,,0,255991,0,1
KP-HQ,147,0,6780,0,0,7126,0,0,7314,0,0,7181,0,0,7397,0,0,7131,0,0,739,0,0,14424,0,0,7954,0,0,7693,0,0,7840,0,0,7185,0,,0,88764,0,1
KP-HQ,148,0,2076,0,0,2341,0,0,2842,0,0,3161,0,0,4872,0,0,4740,0,0,503,0,0,10138,0,0,5719,0,0,6939,0,0,7126,0,0,6180,0,,0,56637,0,1
KP-HQ,149,0,8290,0,0,9083,0,0,8675,0,0,8290,0,0,8257,0,0,7229,0,0,720,0,0,14262,0,0,7726,0,0,7360,0,0,7254,0,0,7349,0,,0,94495,0,1
KP-HQ,15,122160,33175,0.7284299279633268,28400,28835,0,31760,32147,0,32080,32489,0,37440,37966,0,37840,38515,0,30240,30919,0,36240,36910,0,33280,33896,0,33600,34280,0,35520,35233,0.008079954954954949,34160,35573,0,,492720,409938,0.16801022893326834,53
KP-HQ,150,0,4316,0,0,4239,0,0,4099,0,0,4242,0,0,4399,0,0,4392,0,0,4438,0,0,4666,0,0,4554,0,0,4415,0,0,4370,0,0,4524,0,,0,52654,0,1
KP-HQ,151,0,9378,0,0,9723,0,0,10507,0,0,10803,0,0,10557,0,0,10109,0,0,983,0,0,19770,0,0,10279,0,0,10062,0,0,10383,0,0,9952,0,,0,122506,0,1
KP-HQ,152,0,3763,0,0,3928,0,0,4243,0,0,3837,0,0,4277,0,0,3874,0,0,364,0,0,5879,0,0,5069,0,0,3481,0,0,4172,0,0,4247,0,,0,47134,0,1
KP-HQ,153,0,4091,0,0,5313,0,0,5329,0,0,4781,0,0,5138,0,0,4759,0,0,428,0,0,9531,0,0,5034,0,0,4987,0,0,4837,0,0,4885,0,,0,59113,0,1
KP-HQ,154,0,9501,0,0,10916,0,0,10610,0,0,10277,0,0,9907,0,0,9528,0,0,896,0,0,17436,0,0,9750,0,0,9054,0,0,9215,0,0,8785,0,,0,115875,0,1
KP-HQ,155,0,4772,0,0,5110,0,0,5190,0,0,5257,0,0,5315,0,0,5029,0,0,448,0,0,9777,0,0,5260,0,0,5477,0,0,5598,0,0,4673,0,,0,61906,0,1
KP-HQ,156,0,6158,0,0,6296,0,0,7231,0,0,6776,0,0,6397,0,0,6188,0,0,6440,0,0,6684,0,0,6822,0,0,6346,0,0,6436,0,0,6639,0,,0,78413,0,1
KP-HQ,157,0,2536,0,0,2578,0,0,2817,0,0,2902,0,0,2602,0,0,2501,0,0,2258,0,0,2752,0,0,2913,0,0,2808,0,0,2707,0,0,2553,0,,0,31927,0,1
KP-HQ,158,0,3651,0,0,3851,0,0,4136,0,0,4443,0,0,4121,0,0,3882,0,0,3635,0,0,4328,0,0,4543,0,0,4033,0,0,4153,0,0,3924,0,,0,48700,0,1
KP-HQ,159,0,8961,0,0,9257,0,0,10349,0,0,10796,0,0,10742,0,0,7755,0,0,768,0,0,15597,0,0,9392,0,0,8779,0,0,8955,0,0,8743,0,,0,110094,0,1
KP-HQ,16,168160,78292,0.5344196003805899,77680,76169,0.019451596292481943,85200,82046,0.03701877934272302,85920,83969,0.02270716945996276,98960,94088,0.049232012934518954,109920,106224,0.033624454148471594,93360,91307,0.021990145672664996,105440,102207,0.030661987860394535,93200,90058,0.03371244635193138,80960,83020,0,103947,95113,0.08498561767054369,86461,70250,0.18749493991510624,,1189208,1052743,0.11475284390955998,210
KP-HQ,160,0,23702,0,0,20078,0,0,18071,0,0,17535,0,0,14517,0,0,17850,0,0,22202,0,0,22426,0,0,9146,0,0,7288,0,0,7892,0,0,7700,0,,0,188407,0,1
KP-HQ,161,80286,38528,0.5201155867772713,41208,39964,0.030188312948941975,47780,45921,0.03890749267475935,54510,52422,0.038304898183819436,54077,51995,0.03850065647132794,53619,51697,0.03584550252708929,52531,50598,0.03679731967790445,48669,47065,0.032957323963919594,42927,41705,0.028466932233792264,51148,49239,0.03732306248533668,50395,48568,0.03625359658696303,42677,41342,0.031281486514984636,,619827,559044,0.0980644599218814,249
KP-HQ,162,1328665,19266,0.9854997309329289,3634,20666,0,11605,14592,0,16131,15420,0.04407662265203649,17320,16571,0.04324480369515016,16751,15890,0.051399916422900094,15678,15383,0.018816175532593404,17724,17271,0.0255585646580907,17973,17261,0.0396149780225894,15828,15209,0.03910791003285319,17305,16593,0.04114417798324188,16652,15920,0.0439586836416046,,1495266,200042,0.8662164457695153,138
KP-HQ,162B,0,0,,0,0,,0,0,,0,0,,0,0,,0,0,,0,0,,0,0,,0,0,,0,0,,0,0,,0,0,,,0,0,,0
KP-HQ,163,11793,11802,0,12494,12504,0,12768,12779,0,13582,13595,0,12076,12088,0,13100,13112,0,13842,13855,0,13981,13801,0.012874615549674506,15476,15033,0.02862496769191003,13804,14319,0,15279,15245,0.0022252765233327088,14813,14203,0.041180044555458095,,163008,162336,0.0041224970553592755,1
KP-HQ,164,0,24783,0,0,24618,0,0,22294,0,0,24273,0,0,21616,0,0,21787,0,0,22478,0,0,24312,0,0,28429,0,0,26364,0,0,27044,0,0,25775,0,,0,293773,0,1
KP-HQ,165,9906,9918,0,10522,10534,0,10589,10601,0,12148,12165,0,10647,10660,0,11061,11076,0,11083,11097,0,11035,10976,0.005346624376982301,12184,12219,0,11315,11389,0,11794,11985,0,10780,10464,0.029313543599257863,,133064,133084,0,1
KP-HQ,166,0,5510,0,0,6252,0,0,6240,0,0,7288,0,0,6463,0,0,6707,0,0,6723,0,0,6880,0,0,7646,0,0,7518,0,0,7091,0,0,7033,0,,0,81351,0,1
KP-HQ,167,25247,25243,0.000158434665504803,26756,26752,0.0001494991777545307,26757,26754,0.0001121201928466764,29697,29698,0,26412,26412,0,28029,28029,0,28136,28134,7.108330963889742e-05,28075,28074,3.561887800529462e-05,30239,30238,3.3069876649305385e-05,28625,28624,3.4934497816552224e-05,29338,30103,0,27392,26359,0.03771174065420557,,334703,334420,0.0008455257347559364,1
KP-HQ,168,0,15294,0,0,16015,0,0,15790,0,0,18127,0,0,15984,0,0,15972,0,0,16059,0,0,16809,0,0,18154,0,0,17579,0,0,17088,0,0,16683,0,,0,199554,0,1
KP-HQ,169,0,10342,0,0,11382,0,0,11560,0,0,12124,0,0,10547,0,0,11506,0,0,10856,0,0,10857,0,0,11969,0,0,11217,0,0,11734,0,0,11047,0,,0,135141,0,1
KP-HQ,17,122400,58011,0.5260539215686275,54640,52937,0.03116764275256223,61920,59629,0.03699935400516796,65680,62967,0.04130633373934223,75920,72940,0.039251844046364615,71280,69000,0.03198653198653201,65920,63661,0.03426881067961163,69280,67109,0.03133660508083136,64960,62829,0.03280480295566501,53120,64230,0,77765,61520,0.2088986047707838,60059,50726,0.15539719276045227,,842944,745559,0.11552961999848155,73
KP-HQ,170,0,11666,0,0,14345,0,0,14349,0,0,15317,0,0,5344,0,0,5889,0,0,6094,0,0,6005,0,0,6497,0,0,6183,0,0,6136,0,0,5761,0,,0,103586,0,1
KP-HQ,171,0,6713,0,0,7685,0,0,6896,0,0,6562,0,0,6458,0,0,5817,0,0,5530,0,0,5336,0,0,5692,0,0,4854,0,0,4926,0,0,4249,0,,0,70718,0,1
KP-HQ,172,5471,5473,0,6234,6238,0,6608,6615,0,8143,8148,0,6443,6446,0,7052,7058,0,7947,7949,0,7992,7903,0.011136136136136177,8071,8169,0,7414,7424,0,6807,6743,0.009402086087850758,5974,5980,0,,84156,84146,0.00011882694044396125,1
KP-HQ,173,0,6675,0,0,7044,0,0,7428,0,0,7795,0,0,7154,0,0,7967,0,0,7963,0,0,7894,0,0,7774,0,0,7915,0,0,7163,0,0,6480,0,,0,89252,0,1
KP-HQ,174,0,7607,0,0,7503,0,0,8421,0,0,7296,0,0,6768,0,0,6838,0,0,698,0,0,15017,0,0,8215,0,0,8131,0,0,7577,0,0,7926,0,,0,91997,0,1
KP-HQ,175,0,15142,0,0,15436,0,0,15686,0,0,15902,0,0,16310,0,0,13190,0,0,1152,0,0,5496,0,0,13450,0,0,18606,0,0,24684,0,0,11520,0,,0,166574,0,1
KP-HQ,176,0,0,,0,0,,0,0,,0,0,,0,0,,0,0,,0,0,,0,0,,0,0,,0,0,,0,0,,0,0,,,0,0,,1
KP-HQ,177,0,0,,0,0,,0,0,,0,0,,0,0,,0,0,,0,0,,0,0,,0,0,,0,0,,0,0,,0,0,,,0,0,,0
KP-HQ,178,0,6434,0,0,7515,0,0,7680,0,0,8271,0,0,7641,0,0,7963,0,0,7755,0,0,7915,0,0,8566,0,0,8391,0,0,8966,0,0,8420,0,,0,95517,0,1
KP-HQ,179,0,6865,0,0,6766,0,0,6616,0,0,7551,0,0,6580,0,0,7109,0,0,7132,0,0,7024,0,0,8054,0,0,7730,0,0,7779,0,0,7432,0,,0,86638,0,1
KP-HQ,18,197944,95213,0.5189902194560078,89528,87900,0.018184255205075495,97923,96606,0.013449342851015622,108725,107310,0.013014486088755994,120380,117731,0.022005316497757055,108965,107655,0.01202220896618178,101129,99430,0.01680032433822143,107974,106337,0.015161057291570246,101667,100201,0.014419624853688973,104793,103165,0.015535388814138296,113594,111532,0.018152367202493136,104494,74568,0.28638964916645937,,1357116,1207648,0.11013649533274972,200
KP-HQ,180,0,5911,0,0,6499,0,0,6899,0,0,7337,0,0,6344,0,0,7039,0,0,6723,0,0,7155,0,0,7775,0,0,7290,0,0,7229,0,0,7044,0,,0,83245,0,1
KP-HQ,181,0,2918,0,0,3367,0,0,3338,0,0,3312,0,0,3287,0,0,3302,0,0,432,0,0,6433,0,0,3521,0,0,3189,0,0,3411,0,0,1082,0,,0,37592,0,1
KP-HQ,182,0,1466,0,0,1635,0,0,1777,0,0,1771,0,0,1672,0,0,698,0,0,2737,0,0,1800,0,0,1902,0,0,1865,0,0,1962,0,0,1921,0,,0,21206,0,1
KP-HQ,183,0,8957,0,0,8741,0,0,8734,0,0,8718,0,0,8316,0,0,7592,0,0,7676,0,0,8134,0,0,8249,0,0,7758,0,0,8013,0,0,7042,0,,0,97930,0,1
KP-HQ,184,0,4455,0,0,4993,0,0,5399,0,0,5530,0,0,5348,0,0,5102,0,0,539,0,0,10628,0,0,6410,0,0,6120,0,0,6166,0,0,5970,0,,0,66660,0,1
KP-HQ,185,0,6105,0,0,6780,0,0,6997,0,0,6945,0,0,6773,0,0,6426,0,0,686,0,0,12428,0,0,6643,0,0,6297,0,0,7109,0,0,7044,0,,0,80233,0,1
KP-HQ,186,0,2854,0,0,3232,0,0,3671,0,0,3594,0,0,3377,0,0,1257,0,0,5736,0,0,3753,0,0,4009,0,0,3767,0,0,4172,0,0,3880,0,,0,43302,0,1
KP-HQ,187,0,5985,0,0,6453,0,0,6678,0,0,6542,0,0,6621,0,0,6603,0,0,813,0,0,12312,0,0,7369,0,0,6786,0,0,0,,0,13600,0,,0,79762,0,1
KP-HQ,188,0,6090,0,0,6803,0,0,6002,0,0,3240,0,0,3175,0,0,1439,0,0,5212,0,0,3173,0,0,3297,0,0,3084,0,0,3101,0,0,3091,0,,0,47707,0,1
KP-HQ,189,365908,365800,0.00029515615947173224,378877,378746,0.00034575864990482597,412721,412584,0.00033194337094555326,493101,492916,0.0003751766879401819,467051,466884,0.00035756266446274054,439674,439537,0.0003115944995610853,401256,401106,0.00037382618577663784,409610,409484,0.00030760967749809964,430217,430075,0.00033006598995388714,390284,390154,0.00033309077492282846,390416,390306,0.00028175074792013977,379071,378946,0.00032975352902231414,,4958186,4956538,0.00033237962432230983,1
KP-HQ,19,392074,186845,0.5234445538342252,184460,177350,0.03854494199284397,193122,185218,0.04092749660836159,212452,203694,0.041223429292263636,224172,213848,0.04605392288064525,218663,211756,0.031587419911004555,206571,199644,0.033533264591835255,213516,206251,0.03402555312014088,211039,202904,0.038547377498945656,199661,193571,0.030501700382147723,211458,203026,0.03987553083827522,199998,193082,0.034580345803458035,,2667186,2377189,0.10872770028037038,363
KP-HQ,190,0,0,,0,0,,0,0,,0,0,,0,0,,0,0,,0,0,,0,0,,0,0,,0,0,,0,0,,0,0,,,0,0,,0
KP-HQ,191,0,10459,0,0,11290,0,0,11897,0,0,11700,0,0,11859,0,0,11431,0,0,11850,0,0,12488,0,0,13157,0,0,12303,0,0,12305,0,0,12289,0,,0,143028,0,1
KP-HQ,192,0,0,,0,0,,0,0,,0,0,,0,0,,0,140,0,0,0,,0,840,0,0,300,0,0,240,0,0,280,0,0,260,0,,0,2060,0,1
KP-HQ,193,0,19584,0,0,20762,0,0,21904,0,0,24813,0,0,23951,0,0,25373,0,0,23672,0,0,24116,0,0,25630,0,0,26109,0,0,25726,0,0,23581,0,,0,285221,0,1
KP-HQ,194,0,3508,0,0,3693,0,0,3816,0,0,3698,0,0,3654,0,0,3633,0,0,3780,0,0,4001,0,0,4076,0,0,3684,0,0,3955,0,0,4021,0,,0,45519,0,1
KP-HQ,195,21307,21299,0.0003754634627117781,22673,22664,0.00039694791161293264,23608,23601,0.0002965096577430826,24925,24913,0.0004814443329990148,24236,24228,0.0003300874731804182,25246,25236,0.00039610235284792683,23411,23400,0.0004698645935671264,24113,24104,0.0003732426491933616,25190,25181,0.00035728463676065747,24037,24030,0.0002912177060365728,23752,23740,0.0005052206130009562,25086,25076,0.0003986287172127456,,287584,287472,0.0003894514298431462,1
KP-HQ,196,50551,23795,0.529287254455896,28151,27275,0.031117899896984103,31463,30455,0.032037631503671005,37517,32881,0.12357064797291895,38531,40742,0,32896,31945,0.028909289883268463,29263,28456,0.027577486928886286,26820,26134,0.02557792692020877,25821,25174,0.02505712404631888,28424,27628,0.02800450323670134,29413,28608,0.02736885050827864,24024,23477,0.02276889776889779,,382874,346570,0.09481970569952514,48
KP-HQ,197,35224,35232,0,36198,36207,0,43529,43539,0,15891,15893,0,14653,14658,0,13092,13094,0,18062,18067,0,12268,12270,0,13341,13342,0,27682,27691,0,11131,11133,0,14928,14934,0,,255999,256060,0,1
KP-HQ,198,0,18060,0,0,19620,0,0,21600,0,0,20880,0,0,21420,0,0,23880,0,0,20340,0,0,20460,0,0,20940,0,0,21660,0,0,20760,0,0,21360,0,,0,250980,0,1
KP-HQ,199,0,3449,0,0,3823,0,0,4209,0,0,4252,0,0,4081,0,0,4236,0,0,4166,0,0,4444,0,0,4057,0,0,4319,0,0,3980,0,0,4242,0,,0,49258,0,1
KP-HQ,20,339960,161393,0.5252588539828216,156960,153808,0.02008154943934759,134760,133454,0.009691303057287048,150000,146917,0.020553333333333312,154920,147316,0.04908339788277816,163080,158769,0.02643487858719651,147720,144781,0.019895748713782857,160920,154823,0.03788839174745218,149400,145028,0.029263721552878152,144000,139905,0.028437500000000004,150960,146108,0.03214096449390569,139080,134902,0.030040264595916022,,1991760,1767204,0.11274249909627665,283
KP-HQ,200,0,8062,0,0,8427,0,0,8747,0,0,8705,0,0,9206,0,0,8552,0,0,8557,0,0,9168,0,0,9332,0,0,8781,0,0,8349,0,0,7983,0,,0,103869,0,1
KP-HQ,201,0,1761,0,0,1801,0,0,1771,0,0,1680,0,0,1725,0,0,1450,0,0,2009,0,0,1852,0,0,1002,0,0,1192,0,0,1269,0,0,1362,0,,0,18874,0,1
KP-HQ,202,0,6711,0,0,5102,0,0,4560,0,0,4602,0,0,4509,0,0,4197,0,0,4332,0,0,4796,0,0,4030,0,0,4244,0,0,4338,0,0,4283,0,,0,55704,0,1
KP-HQ,203,4067,1975,0.5143840668797639,2283,2148,0.059132720105124825,1916,1809,0.055845511482254695,2133,2003,0.06094702297233945,2119,1902,0.10240679565832944,1510,1543,0,1406,1319,0.06187766714082499,1082,1357,0,0,1470,0,3950,1653,0.5815189873417721,1571,1506,0.0413749204328453,1760,1687,0.04147727272727275,,23797,20372,0.14392570492078838,34
KP-HQ,204,5231,5236,0,5506,5509,0,5244,5248,0,4591,4595,0,5029,5033,0,5546,5547,0,5317,5322,0,5228,5230,0,4407,4410,0,4837,4841,0,4548,4551,0,4983,4985,0,,60467,60507,0,1
KP-HQ,205,10720,5363,0.4997201492537313,5440,5542,0,4960,4960,0,5200,5214,0,5280,5325,0,4880,4889,0,4520,4551,0,4320,4388,0,3960,3995,0,4120,4153,0,4320,4393,0,5280,5318,0,,63000,58091,0.07792063492063495,16
KP-HQ,206,47000,21527,0.5419787234042552,17800,21600,0,12400,14271,0,12300,14876,0,13600,16963,0,11500,14354,0,0,12588,0,6300,11994,0,29746,11513,0.612956363880858,13731,13371,0.026218046755516755,14959,14483,0.03182030884417408,14847,14372,0.03199299521788912,,194183,181912,0.06319296745853142,35
KP-HQ,207,1200,325,0.7291666666666667,160,259,0,440,396,0.09999999999999998,40,205,0,200,207,0,40,112,0,120,255,0,40,132,0,2840,2919,0,2840,3019,0,3560,3790,0,4080,4263,0,,15560,15882,0,4
KP-HQ,208,126504,59248,0.5316511730854361,59768,57664,0.035202784098514295,65855,63380,0.03758256776250857,71104,68356,0.03864761476147616,78115,75076,0.03890417973500604,73418,70608,0.038273992753820596,68401,65916,0.0363298782181547,75833,73084,0.03625070879432435,70696,68056,0.0373429897023877,70110,67963,0.03062330623306231,75158,56838,0.2437531600095798,65054,72922,0,,900016,799111,0.11211467351691529,280
KP-HQ,209,0,12881,0,0,13820,0,0,14490,0,0,20274,0,0,18915,0,0,19397,0,0,19291,0,0,19262,0,0,20012,0,0,20120,0,0,19996,0,0,18441,0,,0,216899,0,1
KP-HQ,21,51720,25590,0.5052204176334107,23460,23109,0.014961636828644487,26460,26057,0.015230536659108118,27540,27147,0.01427015250544661,27660,27326,0.012075198843094714,27000,26603,0.014703703703703663,23340,22997,0.014695801199657188,26340,26014,0.012376613515565626,25920,25491,0.016550925925925886,27540,27277,0.009549745824255607,25560,25199,0.014123630672926435,24600,24091,0.02069105691056916,,337140,306901,0.08969270926024797,113
KP-HQ,210,115260,54759,0.5249089016137428,55058,52334,0.04947509898652336,61003,56966,0.06617707325869215,66548,64047,0.03758189577447857,67076,64159,0.04348798377959329,71073,68333,0.03855191141502401,60868,58002,0.047085496484195355,65565,63090,0.03774879890185312,59090,56794,0.038855982399729205,60509,58415,0.03460642218512944,65457,62044,0.05214110026429564,58529,57010,0.02595294640263801,,806036,715953,0.11176051689998956,267
KP-HQ,211,6060,6080,0,7240,7240,0,8900,8940,0,9580,9660,0,8980,8940,0.0044543429844098315,8900,9000,0,8820,8860,0,4260,4280,0,4660,4700,0,4280,4280,0,0,0,,0,0,,,71680,71980,0,1
KP-HQ,212,0,9174,0,0,10001,0,0,10438,0,0,11387,0,0,10407,0,0,11010,0,0,10743,0,0,10806,0,0,11080,0,0,10638,0,0,10905,0,0,10186,0,,0,126775,0,1
KP-HQ,213,0,10658,0,0,11171,0,0,11360,0,0,12575,0,0,11294,0,0,12190,0,0,11742,0,0,11713,0,0,12419,0,0,11966,0,0,11821,0,0,11363,0,,0,140272,0,1
KP-HQ,214,0,8527,0,0,9493,0,0,10327,0,0,11855,0,0,10189,0,0,10924,0,0,11136,0,0,10744,0,0,11319,0,0,11041,0,0,7788,0,0,13466,0,,0,126809,0,1
KP-HQ,215,19751,9321,0.5280745278720065,11277,10909,0.032632792409328704,10691,10161,0.04957440838088112,10909,10367,0.04968374736456138,11759,11161,0.05085466451228848,9124,8758,0.0401139850942569,9014,8634,0.042156645218548894,10373,10007,0.03528391015135446,9940,9512,0.04305835010060366,8547,8179,0.04305604305604305,9416,8715,0.07444774851316904,10188,9875,0.030722418531605844,,130989,115599,0.11749078166868976,89
KP-HQ,216,0,0,,0,0,,0,0,,0,0,,0,0,,0,0,,0,0,,0,0,,0,0,,0,0,,0,0,,0,0,,,0,0,,0
KP-HQ,217,3833,3509,0.08452908948604232,4089,3863,0.05527023722181468,4418,4166,0.057039384336804,4337,4098,0.05510721697025589,4737,4460,0.05847582858349165,4813,4536,0.0575524620818616,4177,3954,0.05338759875508736,5391,4884,0.09404563160823598,4875,4706,0.03466666666666662,5064,4733,0.06536334913112163,5218,4870,0.06669221924108859,5053,4765,0.056995844053037814,,56005,52544,0.06179805374520131,45
KP-HQ,218,57624,27711,0.519106622240733,26405,25325,0.040901344442340504,26480,25382,0.04146525679758306,29197,27923,0.043634619995205015,31981,30430,0.04849754541759166,30163,28816,0.04465736166826906,27796,26616,0.042452151388689074,28920,27587,0.04609266943291834,28638,27528,0.03875968992248058,31547,30013,0.0486258598281929,30134,28723,0.04682418530563481,28113,26853,0.044819122825738966,,376998,332907,0.11695287508156538,233
KP-HQ,219,0,15438,0,0,17285,0,0,18545,0,0,19557,0,0,16715,0,0,17121,0,0,17224,0,0,17563,0,0,18713,0,0,18250,0,0,18130,0,0,17950,0,,0,212491,0,1
KP-HQ,22,188941,88129,0.5335633875125039,85241,81887,0.039347262467591904,98764,94067,0.04755781458831154,97429,93587,0.0394338441326505,111924,106463,0.048792037453986636,102690,98826,0.03762781186094066,79975,77428,0.03184745232885278,88072,84544,0.040058134253792343,77237,75308,0.02497507671193855,77656,74585,0.03954620377047491,77572,74807,0.03564430464600632,69664,67280,0.0342214056040423,,1155165,1016911,0.11968333528110697,252
KP-HQ,220,0,7606,0,0,8879,0,0,9153,0,0,9677,0,0,8684,0,0,8687,0,0,9077,0,0,9743,0,0,10333,0,0,9484,0,0,10620,0,0,10531,0,,0,112474,0,1
KP-HQ,221,0,12213,0,0,13314,0,0,13487,0,0,12865,0,0,10317,0,0,11344,0,0,11140,0,0,11348,0,0,11573,0,0,11403,0,0,11645,0,0,11167,0,,0,141816,0,1
KP-HQ,222,18304,8462,0.5376966783216783,8150,7886,0.03239263803680981,8325,8035,0.03483483483483485,9685,9435,0.02581311306143519,9867,9634,0.02361406709232794,9714,9480,0.024088943792464512,9533,9262,0.02842756739746144,9404,9124,0.029774564015312643,9558,9281,0.02898095835948944,9894,9590,0.03072569233879119,9842,9608,0.023775655354602687,9174,8936,0.025942882057990002,,121450,108733,0.10470975710168795,110
KP-HQ,223,515,512,0.005825242718446644,585,584,0.0017094017094017033,642,640,0.0031152647975077885,607,611,0,623,617,0.009630818619582704,658,654,0.006079027355623046,1208,1216,0,818,820,0,466,465,0.0021459227467811592,528,526,0.0037878787878787845,531,530,0.0018832391713747842,1944,1945,0,,9125,9120,0.0005479452054794054,1
KP-HQ,224,2003,2006,0,2278,2282,0,2430,2433,0,2923,2927,0,2956,2959,0,2878,2881,0,2478,2480,0,2941,2945,0,2860,2863,0,2962,2654,0.10398379473328834,2570,2882,0,2667,2670,0,,31946,31982,0,1
KP-HQ,225,0,3173,0,0,3405,0,0,3723,0,0,3776,0,0,3295,0,0,3541,0,0,3774,0,0,3887,0,0,3869,0,0,3915,0,0,4192,0,0,4388,0,,0,44938,0,1
KP-HQ,226,329660,330100,0,299100,299100,0,518280,518640,0,537460,537610,0,346740,346830,0,516980,516940,7.737243220240497e-05,295500,295080,0.0014213197969543678,546610,547310,0,519350,519430,0,507780,507950,0,460820,460790,6.510134108761445e-05,516380,514990,0.0026918161044192646,,5394660,5394770,0,1
KP-HQ,227,2739,1515,0.44687842278203727,1651,1669,0,1583,1599,0,2591,2617,0,1788,1810,0,1071,1114,0,1058,1102,0,1368,1414,0,1539,1561,0,2398,2431,0,1612,1569,0.026674937965260548,1005,1090,0,,20403,19491,0.044699308925158054,2
KP-HQ,228,4520,4520,0,4720,4880,0,4600,4620,0,4540,4560,0,3740,3780,0,3260,3260,0,2260,2280,0,2840,2860,0,2000,2020,0,2020,2020,0,2020,2040,0,2140,2140,0,,38660,38980,0,1
KP-HQ,229,2208,2201,0.0031702898550725056,6600,6594,0.0009090909090908594,11468,11460,0.0006975933031042603,14354,0,1,0,5327,0,0,0,,0,0,,0,0,,0,0,,0,0,,0,0,,0,0,,,34630,25582,0.2612763499855617,0
KP-HQ,23,94120,42580,0.5475988100297493,45283,43159,0.04690501954375814,48668,46190,0.05091641324895213,55245,52221,0.05473798533803964,63698,64032,0,58927,55791,0.05321838885400576,56304,53104,0.05683432793407217,56077,53186,0.05155411309449509,54507,52768,0.031904159098831375,52267,52874,0,57098,57025,0.0012785036253458726,49607,49978,0,,691801,622908,0.09958499626337636,334
KP-HQ,230,3374,3382,0,4009,4016,0,4382,4389,0,4144,4152,0,4145,4152,0,3712,3720,0,3548,3555,0,3990,4003,0,3676,3679,0,4025,4032,0,3882,3890,0,3856,3829,0.007002074688796656,,46743,46799,0,1
KP-HQ,231,46732,48370,0,267149,52834,0.8022302160966353,56980,57989,0,94296,69613,0.261760838211589,60729,62589,0,59397,61260,0,53180,54897,0,56986,58731,0,59521,61376,0,52004,53699,0,52311,54057,0,54867,56661,0,,914152,692076,0.24293115368122586,1
KP-HQ,232,31129,31124,0.00016062192810561982,33672,33671,2.969826562126965e-05,28630,28617,0.0004540691582256562,35211,35205,0.00017040129504986012,25891,25885,0.00023174075933718452,28338,28332,0.0002117298327334316,18027,18022,0.00027736173517500795,25368,25363,0.00019709870703243926,30696,30688,0.00026062027625750606,32717,32710,0.00021395604731488937,25898,25891,0.0002702911421731402,28192,28187,0.00017735527809303875,,343769,343695,0.0002152608292196323,1
KP-HQ,233,0,0,,0,0,,0,0,,0,0,,0,0,,0,0,,0,0,,0,0,,0,0,,0,0,,0,0,,0,0,,,0,0,,0
KP-HQ,234,6160,6143,0.00275974025974024,7501,7480,0.002799626716437853,6255,6237,0.0028776978417266452,5530,5514,0.002893309222423146,6428,6410,0.002800248911014269,7042,7023,0.002698097131496713,5976,5960,0.0026773761713521083,5024,5012,0.0023885350318471055,7242,7223,0.0026235846451256872,7086,7064,0.0031047135196161646,5646,5625,0.0037194473963868546,6359,6347,0.0018870891649630517,,76249,76038,0.002767249406549599,1
KP-HQ,235,0,5942,0,0,6182,0,0,6541,0,0,6946,0,0,6197,0,0,6799,0,0,6878,0,0,7033,0,0,7390,0,0,7257,0,0,7387,0,0,7242,0,,0,81794,0,1
KP-HQ,236,211079,212188,0,225208,228969,0,221315,225056,0,199431,202936,0,235480,239289,0,248303,252343,0,227838,231675,0,244998,248499,0,260476,265940,0,255333,260630,0,258834,306350,0,249047,434870,0,,2837342,3108745,0,1
KP-HQ,237,85704,40483,0.5276416503313731,39317,38689,0.01597273444057279,44162,43397,0.017322585027852,52574,51699,0.01664320766919014,54730,53715,0.018545587429197874,51678,49500,0.04214559386973182,45772,43495,0.04974656995543125,49062,50932,0,44124,43382,0.016816245127368346,47667,46782,0.018566303732141742,52379,51209,0.022337196204585852,39476,39017,0.011627317864018605,,606645,552300,0.08958286971787455,68
KP-HQ,238,296498,133399,0.5500846548711964,126264,123244,0.02391813977063928,113005,84972,0.24806866952789697,104831,102978,0.017676069101697056,110425,104688,0.05195381480642969,114182,111086,0.02711460650540365,102886,99311,0.034747195925587504,103468,99902,0.034464762052035414,59989,93364,0,0,97468,0,38978,100703,0,100264,96921,0.03334197718024412,,1270790,1248036,0.017905397429945125,99
KP-HQ,239,10986,10971,0.001365374112506812,11747,11730,0.0014471780028944004,11873,11852,0.0017687189421375926,12833,12808,0.001948102548118169,10763,10741,0.002044039765864536,11281,11259,0.0019501817214785389,11546,11526,0.0017322016282694808,11475,11380,0.008278867102396559,11239,11185,0.0048046979268617784,10395,10480,0,10617,10515,0.009607233681831029,10234,10303,0,,134989,134750,0.0017705146345258216,1
KP-HQ,24,46549,20704,0.5552213796214742,20808,19192,0.07766243752402924,24865,22692,0.0873919163482807,30189,27782,0.07973102785782904,29271,27082,0.07478391582111987,31140,30560,0.01862556197816312,29568,28806,0.02577110389610393,29005,28347,0.0226857438372694,27666,27051,0.022229451312079762,26848,26218,0.023465435041716276,29081,27943,0.039132079364533556,27436,27194,0.008820527773727993,,352426,313571,0.11025009505541594,99
KP-HQ,240,4285,4327,0,3800,3836,0,4169,4209,0,3503,3534,0,3445,3474,0,3386,3415,0,3488,3516,0,3757,3736,0.005589566143199387,3618,3701,0,3567,3598,0,3276,3305,0,3337,3323,0.004195385076415925,,43631,43974,0,1
KP-HQ,241,0,1540,0,0,1560,0,0,1460,0,0,1160,0,0,1200,0,0,1680,0,0,1460,0,0,1360,0,0,1380,0,0,1100,0,0,1240,0,0,1360,0,,0,16500,0,1
KP-HQ,242,2445,2444,0.0004089979550102596,2300,2299,0.00043478260869567187,2658,2663,0,2460,2452,0.003252032520325243,4895,4892,0.0006128702757915994,2702,2701,0.00037009622501849027,3429,3416,0.0037911927675706725,2667,2676,0,3117,3116,0.0003208213025345241,2623,2621,0.000762485703393101,4360,4358,0.0004587155963302614,2093,2091,0.000955566172957445,,35749,35729,0.0005594562085652344,1
KP-HQ,243,0,34075,0,3447060,28305,0.9917886546796401,28620,28245,0.013102725366876289,35340,35014,0.00922467458970011,36000,35787,0.005916666666666681,41460,41047,0.009961408586589449,34680,34198,0.013898500576701278,36600,36205,0.010792349726776007,36540,36225,0.008620689655172376,36660,36488,0.004691762138570699,33780,33388,0.01160449970396682,33120,32709,0.012409420289855033,,3799860,411686,0.8916575873847984,73
KP-HQ,244,28263,27445,0.02894243357039239,31287,30924,0.011602262920701878,34588,33870,0.020758644616630018,38672,38259,0.010679561439801422,39498,38689,0.020482049724036666,38514,37855,0.01711066105831649,35407,34405,0.028299488801649342,39158,38267,0.02275397109147559,35133,34395,0.02100589189650759,39520,38509,0.025581983805668007,38320,37584,0.019206680584551106,37341,34430,0.07795720521678584,,435701,424632,0.025405036940470693,228
KP-HQ,245,38130,17018,0.5536847626540782,17429,16966,0.02656492053474091,19490,19211,0.014315033350436157,19157,18681,0.02484731429764575,22077,21688,0.01762014766499076,21475,19774,0.07920838183934809,34359,33539,0.023865653831601663,38638,37149,0.038537191366012746,34794,33663,0.03250560441455419,35407,33811,0.04507583246250746,36063,34935,0.03127859579069958,32758,31625,0.03458697112155806,,349777,318060,0.09067777469644944,91
KP-HQ,246,8904,8898,0.0006738544474393926,9892,9886,0.0006065507480792487,10412,10405,0.000672301190933533,11408,11399,0.0007889200561009835,11023,11015,0.0007257552390456112,10804,10798,0.0005553498704183868,10372,10365,0.0006748939452372316,9379,9374,0.0005331058748266893,10114,10107,0.0006921099466086211,9595,9589,0.0006253256904638071,8769,8763,0.0006842285323297448,9064,9059,0.0005516328331862663,,119736,119658,0.0006514331529364759,1
KP-HQ,247,59391,28024,0.5281439948813793,27739,27019,0.025956234903925846,28586,28178,0.014272720912334669,27715,26539,0.04243189608515241,37520,35817,0.04538912579957355,13116,36171,0,0,31912,0,0,30353,0,21602,27800,0,27382,26727,0.023920823898911703,30545,29843,0.022982484858405594,28905,28263,0.022210690192008276,,302501,356646,0,176
KP-HQ,248,0,0,,0,0,,0,0,,0,0,,0,0,,0,0,,0,0,,0,0,,0,0,,0,0,,0,0,,0,0,,,0,0,,0
KP-HQ,249,0,12340,0,0,12280,0,0,13920,0,0,14760,0,0,14640,0,0,16580,0,0,15840,0,0,18260,0,0,18860,0,0,18180,0,0,18120,0,0,16980,0,,0,190760,0,1
KP-HQ,25,77521,37747,0.5130738767559758,37629,35932,0.0450981955406734,39396,37684,0.043456188445527455,43091,41277,0.042096957601355234,42817,40880,0.045239040567998656,45788,43620,0.04734865030138902,41887,40336,0.037028194905340595,44151,42328,0.04129011800412219,41732,39863,0.04478577590338351,41257,38917,0.056717647914293345,39933,37703,0.05584353792602614,38274,38342,0,,533476,474629,0.11030861744483356,238
KP-HQ,250,570040,20057,0.9648147498421163,19941,19315,0.03139260819417278,22103,21418,0.03099126815364428,20620,20121,0.024199806013579073,26436,25718,0.0271599334241186,23964,23283,0.028417626439659505,24536,23980,0.022660580371698713,23666,22516,0.048592918110369254,19565,18455,0.056733963710707935,20205,20573,0,20831,19974,0.041140607748067826,19586,19171,0.02118860410497292,,811493,254581,0.6862807196118759,99
KP-HQ,251,7403,7406,0,8236,8238,0,11104,11106,0,10954,10957,0,10190,10194,0,8788,8791,0,8324,8326,0,8805,8808,0,10962,10946,0.001459587666484241,9285,9307,0,10583,10585,0,9376,9378,0,,114010,114042,0,1
KP-HQ,252,13266,5934,0.5526910900045228,6790,6560,0.03387334315169366,7452,7193,0.03475577026301668,7248,7018,0.031732891832229604,7563,7328,0.031072325796641542,7718,7517,0.0260430163254729,5233,5155,0.014905407987769959,4712,4635,0.016341256366723234,4453,4367,0.019312822816079045,5178,5101,0.014870606411741982,5570,5432,0.024775583482944397,3782,3647,0.03569539925965093,,78965,69887,0.11496232508073201,8
KP-HQ,253,3993,4031,0,4060,4098,0,4675,4719,0,4148,4188,0,4491,4534,0,4350,4391,0,4079,4118,0,4390,4405,0,3891,3904,0,3844,3929,0,3554,3581,0,3984,3981,0.0007530120481927804,,49459,49879,0,1
KP-HQ,254,9785,9791,0,10397,10403,0,10069,10065,0.00039725891349684517,10727,10743,0,14419,14428,0,13695,13704,0,12451,12458,0,12609,12608,7.93084304862024e-05,12812,12828,0,14332,14341,0,14613,14622,0,14471,14479,0,,150380,150470,0,1
KP-HQ,255,0,10185,0,0,10314,0,0,10899,0,0,11121,0,0,11243,0,0,10552,0,0,10631,0,0,10851,0,0,10894,0,0,10452,0,0,10521,0,0,9903,0,,0,127566,0,1
KP-HQ,256,8533,8551,0,9464,9485,0,9623,9646,0,11484,11512,0,9875,9901,0,10815,10844,0,10519,10545,0,10162,10167,0,11375,11308,0.005890109890109851,10236,10380,0,10710,10653,0.005322128851540597,9684,9791,0,,122480,122783,0,1
KP-HQ,257,0,0,,0,0,,0,0,,0,0,,0,0,,0,0,,0,0,,0,0,,0,0,,0,0,,0,0,,0,0,,,0,0,,0
KP-HQ,258,6120,6160,0,7200,7200,0,7300,7340,0,7040,7040,0,7360,7380,0,7200,7240,0,8000,8020,0,8160,8180,0,8160,8180,0,7700,7740,0,7720,7740,0,7640,7660,0,,89600,89880,0,1
KP-HQ,259,0,33022,0,0,32269,0,0,35359,0,0,37963,0,0,41726,0,39138,39905,0,36413,36651,0,38910,38860,0.0012850167052171901,36839,36710,0.003501723716713312,36402,37050,0,41553,41112,0.01061295213341995,34527,34225,0.008746777883974821,,263782,444852,0,227
KP-HQ,26,19725,11265,0.4288973384030418,22625,19910,0.12,30289,29526,0.02519066327709729,19959,19148,0.04063329826143591,24529,23314,0.04953320559337926,25870,24667,0.04650173946656355,24611,23414,0.048636788427938726,28962,27415,0.05341481941854842,26764,25071,0.06325661336123145,26637,25221,0.05315913954274132,24096,22773,0.05490537848605581,21310,20284,0.04814641013608634,,295377,272008,0.0791158417886294,35
KP-HQ,260,29187,13373,0.5418165621680886,12956,12703,0.019527631985180594,13442,13014,0.031840499925606336,14673,14332,0.02323996456075783,18199,17715,0.026594867849881854,16320,15860,0.028186274509803932,16281,14705,0.09679995086296911,20386,19851,0.026243500441479495,20267,19711,0.02743375931316916,19233,18698,0.02781677325430254,20573,19857,0.03480289700092354,17674,17323,0.019859680887178932,,219191,197142,0.10059263382164418,82
KP-HQ,261,0,13561,0,0,14024,0,0,15469,0,0,14058,0,0,14946,0,0,16227,0,0,15708,0,0,18957,0,0,16987,0,0,18083,0,0,20289,0,0,17428,0,,0,195737,0,1
KP-HQ,262,46140,21856,0.5263112267013437,23910,22662,0.05219573400250943,24480,23106,0.05612745098039218,26010,24322,0.06489811610918872,24960,23254,0.06834935897435901,24210,22342,0.07715819909128463,22890,21173,0.07501092179991264,22680,20903,0.07835097001763669,21960,20270,0.07695810564663019,23700,21820,0.07932489451476799,24600,23135,0.0595528455284553,23880,22795,0.0454355108877722,,309420,267638,0.13503328808738935,121
KP-HQ,263,32951,17235,0.47695062365330343,12293,12143,0.01220206621654596,11696,11560,0.011627906976744207,12820,12664,0.012168486739469575,19148,18905,0.0126906204303322,14388,14226,0.01125938281901584,13503,13351,0.011256757757535318,13893,13742,0.010868782840279256,12998,12852,0.011232497307278044,12213,12081,0.010808155244411699,15368,15176,0.012493492972410203,10786,10673,0.010476543667717442,,182057,164608,0.09584360941902814,11
KP-HQ,264,36719,17366,0.5270568370598328,17615,16951,0.03769514618223102,19587,18751,0.04268137029662533,20889,19963,0.044329551438556214,21703,20813,0.04100815555453163,21086,20253,0.03950488475765912,19342,18609,0.03789680488057079,21239,20427,0.03823155515796417,20951,20081,0.041525464178320814,21844,20900,0.043215528291521754,21336,20397,0.04401012373453317,23213,22232,0.04226080213673378,,265524,236743,0.10839321492595777,182
KP-HQ,265,13149,6939,0.4722792607802875,7528,7280,0.032943676939426125,5660,5436,0.03957597173144878,7125,6860,0.03719298245614033,8975,8622,0.03933147632311973,6199,5970,0.03694144216809159,5734,5520,0.037321241716079534,6042,5837,0.03392916252896394,5287,5030,0.04860979761679596,4981,4740,0.048383858662919055,5365,5115,0.04659832246039142,5147,4943,0.03963473868272782,,81192,72292,0.10961671100601045,26
KP-HQ,266,0,50209,0,157040,54425,0.6534322465613857,59680,57411,0.03801943699731902,59200,56914,0.03861486486486487,61680,58761,0.04732490272373546,60080,55362,0.07852862849533959,59920,56252,0.061214953271027994,65120,62229,0.04439496314496316,51040,55225,0,42400,40622,0.041933962264150915,48160,46174,0.04123754152823922,46800,45391,0.030106837606837633,,711120,638975,0.10145263809202387,162
KP-HQ,267,47402,47367,0.0007383654698114306,43125,43094,0.0007188405797101671,48011,47975,0.0007498281643789628,53651,53603,0.0008946711151702758,73987,73926,0.000824469163501651,71856,71820,0.0005010020040080443,73846,73785,0.0008260433875904027,84958,84894,0.0007533134019162002,73891,73871,0.0002706689583305,94460,94328,0.0013974168960406708,83767,83710,0.000680458891926361,75210,75155,0.0007312857332801848,,824164,823528,0.000771691071194569,1
KP-HQ,268,110257,110499,0,78208,78381,0,65666,65798,0,41531,41625,0,29565,29624,0,13181,13201,0,16320,16350,0,80686,80859,0,80023,80183,0,58904,59021,0,54241,54347,0,101037,101261,0,,729619,731149,0,1
KP-HQ,269,171600,80331,0.5318706293706293,75600,73183,0.03197089947089948,79200,76785,0.030492424242424265,85320,82634,0.031481481481481444,92520,89610,0.0314526588845655,87000,84392,0.029977011494252914,82920,80333,0.03119874577906412,86760,83806,0.03404794836330105,81360,79245,0.025995575221238965,83640,80444,0.038211382113821135,87240,84918,0.02661623108665745,86400,83920,0.028703703703703676,,1099560,979601,0.10909727527374591,108
KP-HQ,27,24065,24797,0,26895,27645,0,28052,28773,0,32811,33603,0,32266,33038,0,29969,30771,0,26700,27416,0,28195,28946,0,28511,29304,0,27891,28632,0,26839,27576,0,28413,29177,0,,340607,349678,0,1
KP-HQ,270,71740,71850,0,61850,61930,0,62890,62970,0,85000,85110,0,75670,75750,0,84110,84240,0,73190,73310,0,65600,65690,0,75130,75230,0,56930,56970,0,77080,77180,0,56020,56080,0,,845210,846310,0,1
KP-HQ,271,34826,35270,0,28508,28862,0,24080,24394,0,21747,22032,0,22348,22582,0,25466,25734,0,24695,24979,0,24383,24659,0,24839,26458,0,26418,25222,0.04527216291922176,26514,26774,0,23593,23882,0,,307417,310848,0,1
KP-HQ,272,538448,539078,0,286848,283031,0.013306699018295398,325353,329695,0,232207,232429,0,195303,195471,0,149483,149641,0,123862,118057,0.046866674201934466,168145,174220,0,104528,104617,0,104414,104489,0,97172,97261,0,254946,255161,0,,2580709,2583150,0,2
KP-HQ,273,0,0,,0,0,,0,0,,0,0,,0,0,,0,0,,0,0,,0,0,,0,0,,0,0,,0,0,,0,0,,,0,0,,0
KP-HQ,274,45167,45031,0.0030110478889454617,44713,44572,0.003153445306734004,43236,43098,0.003191784623924554,46013,45866,0.0031947493099776514,46040,45890,0.0032580364900086645,45476,45341,0.0029685988213563608,40537,40412,0.003083602634630145,48069,47924,0.003016497118725203,45190,45054,0.003009515379508776,43582,43445,0.0031434996099306556,46539,46401,0.0029652549474634693,49559,49407,0.0030670513932887777,,544121,542441,0.003087548541592766,1
KP-HQ,275,53969,53959,0.00018529155626378913,53401,53386,0.0002808936162244091,50499,50487,0.00023762846789043834,55844,55830,0.00025069837404201323,53587,53567,0.0003732248493104606,54320,54310,0.00018409425625920406,48672,48656,0.00032873109796183186,53702,53688,0.00026069792558935934,53334,53318,0.00029999625004684116,50257,50247,0.00019897725689954626,52519,52505,0.0002665701936441778,54457,54440,0.000312172907064312,,634561,634393,0.0002647499609966797,1
KP-HQ,276,127012,60739,0.5217853431171857,67137,67062,0.0011171187273782968,60674,60652,0.0003625935326498908,68573,68114,0.006693596605077845,71002,73430,0,75492,66161,0.12360250092725056,66268,67605,0,71754,63308,0.11770772361122728,72581,72546,0.0004822198647028708,66018,68278,0,73384,70796,0.03526654311566557,62336,60570,0.028330338809034905,,882231,799261,0.09404566377740076,168
KP-HQ,277,110075,65927,0.401071996366114,63687,63532,0.0024337776940348554,73595,68493,0.06932536177729465,71687,66123,0.07761518824891545,84529,78011,0.07710963101420809,91214,84018,0.07889139825026859,72494,67350,0.07095759649074407,74122,69245,0.0657969293866868,70376,65364,0.07121746049789701,69684,62723,0.09989380632569889,74653,65090,0.12809933961126818,66355,68651,0,,922471,824527,0.1061756954961186,172
KP-HQ,278,75374,34816,0.5380900575795367,35398,35451,0,36905,35500,0.038070722124373346,41092,38980,0.05139686556994061,43471,41718,0.04032573439764442,42370,41740,0.014869011092754292,39089,38012,0.027552508378316132,42339,40899,0.0340111953518033,38225,37173,0.027521255722694593,39329,38182,0.029164229957537646,40849,39562,0.03150627922348159,34989,34160,0.02369316070765093,,509430,456193,0.10450307206093079,175
KP-HQ,279,314392,146730,0.5332896511361612,149608,141116,0.05676167049890379,153006,143641,0.06120675006208909,160785,151334,0.05878035886432187,165885,153538,0.07443108177351776,172801,164582,0.04756338215635325,151255,140576,0.07060262470662126,163878,157001,0.04196414405838489,159643,151209,0.052830377780422544,112626,134205,0,115229,108905,0.05488201754766597,113801,97169,0.14614985808560554,,1932909,1690006,0.12566706451260767,135
KP-HQ,28,0,64375,0,0,66786,0,0,70539,0,0,85088,0,0,87730,0,0,84255,0,0,81414,0,0,84691,0,0,89036,0,0,93372,0,0,81730,0,0,77322,0,,0,966338,0,1
KP-HQ,280,1684,820,0.513064133016627,798,760,0.04761904761904767,942,896,0.04883227176220806,930,885,0.048387096774193505,1121,1069,0.04638715432649421,1096,1046,0.04562043795620441,1044,993,0.048850574712643646,1026,978,0.04678362573099415,1034,985,0.047388781431334626,1106,1053,0.04792043399638335,1098,1042,0.051001821493624755,1056,1007,0.04640151515151514,,12935,11534,0.10831078469269428,17
KP-HQ,281,400,403,0,552,553,0,703,703,0,1605,1607,0,568,566,0.0035211267605633756,480,481,0,626,626,0,740,740,0,484,486,0,429,430,0,313,315,0,353,357,0,,7253,7267,0,1
KP-HQ,282,0,5060,0,0,5283,0,0,5393,0,0,5069,0,0,5170,0,0,5074,0,0,5143,0,0,5428,0,0,5385,0,0,5490,0,0,5581,0,0,5235,0,,0,63311,0,1
KP-HQ,283,2232114,49366,0.9778837460810693,47001,45324,0.03568009191293797,51206,49918,0.025153302347381112,51857,50044,0.034961528819638654,65387,62932,0.03754568951014725,60464,58432,0.03360677427890979,53812,52299,0.028116405262766708,59897,57592,0.038482728684241296,56454,54480,0.03496652141566581,50994,49187,0.035435541436247386,55841,54054,0.03200157590301034,51839,49807,0.03919828700399308,,2836866,633435,0.7767131052365532,174
KP-HQ,284,8415,3067,0.635531788472965,3063,2908,0.05060398302317992,2603,2471,0.050710718401844046,2852,2716,0.04768583450210384,2774,2636,0.049747656813266095,2282,2166,0.05083260297984227,2356,2238,0.05008488964346347,945,2446,0,0,2033,0,0,2430,0,9552,3367,0.6475083752093802,2605,2557,0.01842610364683306,,37447,31035,0.1712286698533928,21
KP-HQ,285,5671,2778,0.5101393052371715,3284,3263,0.006394640682095054,2799,2783,0.005716327259735587,2917,2901,0.005485087418580781,2963,2949,0.004724940938238276,2666,2639,0.010127531882970775,2195,2192,0.0013667425968109104,2660,2643,0.006390977443609058,2528,2511,0.006724683544303778,2128,2115,0.006109022556391008,2170,2160,0.004608294930875556,2373,2355,0.007585335018963302,,34354,31289,0.08921814053676425,5
KP-HQ,286,32260,15906,0.5069435833849969,16491,16139,0.021344976047541042,16221,15826,0.024351149744158862,18942,18491,0.023809523809523836,20773,20226,0.02633225821980456,19716,19189,0.026729559748427723,19083,18772,0.016297227899177313,19715,19103,0.03104235353791529,17103,16543,0.03274279366193067,17573,17263,0.01764069879929442,18395,17937,0.024898070127752137,15041,14664,0.025064822817631782,,231313,210059,0.09188415696480523,124
KP-HQ,287,21745,11171,0.4862727063692803,12173,12093,0.006571921465538533,12764,12712,0.004073958006894363,13825,13695,0.009403254972875197,14335,13831,0.03515870247645625,14073,13540,0.037873943011440314,12929,12442,0.037667259648851426,14772,14219,0.03743568914161932,14983,14458,0.03503971167322961,15059,14521,0.03572614383425199,14925,14405,0.03484087102177558,11898,11500,0.033451000168095435,,173481,158587,0.08585378225857587,68
KP-HQ,288,86911,43672,0.49750894593319606,44065,42707,0.030818109610802225,43853,41606,0.05123936788817185,45993,42446,0.07712043136999114,54020,49089,0.09128100703443165,46271,42445,0.08268678005662289,45929,43114,0.061290252346012375,49631,47024,0.05252765408716331,40798,37153,0.08934261483406047,40366,42776,0,42800,42137,0.015490654205607468,39210,33415,0.1477939301198674,,579847,507584,0.12462425432915925,65
KP-HQ,289,0,7959,0,0,8646,0,0,8815,0,0,9642,0,0,8613,0,0,9903,0,0,10663,0,0,10370,0,0,10400,0,0,9807,0,0,9904,0,0,8701,0,,0,113423,0,1
KP-HQ,29,27965,14062,0.4971571607366351,13688,13549,0.01015488018702515,14458,14261,0.013625674367132357,15256,15041,0.014092815941268988,15562,15324,0.015293664053463552,14874,14653,0.01485814172381339,14172,13959,0.015029635901778193,15197,14424,0.05086530236230835,14981,14736,0.01635404846138444,15726,15499,0.014434694137097748,15111,14882,0.015154523195023528,14231,14020,0.014826786592649799,,191221,174410,0.0879139843427239,110
KP-HQ,290,220582,103837,0.5292589603866136,104731,101040,0.03524266931472053,110463,107133,0.03014584068873738,115237,109358,0.05101660057099722,121682,118234,0.028336154895547416,115316,110952,0.03784383780221301,104728,100959,0.03598846535787947,114986,110135,0.04218774459499419,105660,101590,0.038519780427787254,101796,98277,0.03456913827655306,112941,108186,0.04210162828379416,93346,78485,0.15920339382512372,,1421468,1248186,0.12190355322807123,255
KP-HQ,291,172272,172478,0,180888,181104,0,183851,184062,0,204048,204278,0,195587,195805,0,180386,180589,0,172753,172955,0,180551,180753,0,182939,183152,0,185505,185732,0,176524,176739,0,168911,169109,0,,2184215,2186756,0,1
KP-HQ,292,4232,4239,0,4361,4370,0,4957,4968,0,4514,4522,0,0,4347,0,3184,4200,0,4073,3998,0.018413945494721307,4492,4408,0.018699910952804988,4432,4348,0.01895306859205781,4296,4215,0.0188547486033519,4621,4531,0.019476303830339714,4332,4245,0.020083102493074767,,47494,52391,0,1
KP-HQ,293,68737,31414,0.5429826730872747,28193,27616,0.020466073138722396,30936,30414,0.01687354538401864,36551,35878,0.018412628929441066,37685,37070,0.016319490513466928,39181,38686,0.012633674485082014,30585,29993,0.019355893411803216,31809,31346,0.014555628910056906,32187,31612,0.017864355174449287,31366,31321,0.001434674488299481,34751,34079,0.01933757301948147,34170,33624,0.015978928884986865,,436151,393053,0.0988144014343656,74
KP-HQ,294,141486,65525,0.5368799739903595,69198,67530,0.024104742911644883,70749,68615,0.03016297050134986,79849,76036,0.0477526330949668,79369,76826,0.03204021721326966,75572,75993,0,68916,67601,0.019081200301816703,73608,72205,0.01906042821432452,72103,64939,0.09935786305701566,60570,65293,0,75895,74562,0.017563739376770582,59357,58292,0.017942281449534137,,926672,833417,0.10063431289604086,180
KP-HQ,295,64694,29526,0.5436052802423718,31982,31692,0.009067600525295427,38221,37814,0.010648596321394033,39104,38640,0.011865793780687417,37185,36757,0.011510017480166779,38692,38249,0.011449395223818826,33244,32892,0.010588376849957837,36396,36001,0.010852840971535382,32214,32043,0.005308251070962888,31319,30969,0.011175324882659043,31751,33058,0,31821,29701,0.06662267056346438,,446623,407342,0.08795113552145772,107
KP-HQ,296,0,0,,0,0,,0,0,,0,0,,0,0,,0,0,,0,0,,0,0,,0,0,,0,0,,0,0,,0,0,,,0,0,,1
KP-HQ,297,758,756,0.0026385224274406704,680,680,0,617,617,0,818,814,0.004889975550122272,731,732,0,378,376,0.005291005291005346,647,643,0.0061823802163832875,511,513,0,502,501,0.0019920318725099584,407,406,0.002457002457002422,815,814,0.0012269938650306678,889,888,0.0011248593925758943,,7753,7740,0.0016767702824712627,1
KP-HQ,298,1462,1461,0.0006839945280437965,1451,1452,0,1524,1524,0,1796,1796,0,1379,1379,0,2184,2184,0,1234,1234,0,996,997,0,1294,1294,0,1271,1271,0,1561,1461,0.06406149903907754,1186,1286,0,,17338,17339,0,1
KP-HQ,299,97842,47148,0.5181210523088244,43172,42294,0.020337255628648188,46603,45778,0.01770272300066522,50253,48476,0.03536107297076796,53553,52072,0.027654846600563943,53093,51290,0.033959279000998266,49203,47827,0.02796577444464765,52063,50473,0.0305399227858556,51038,49558,0.0289980014890866,52231,50587,0.03147556049089617,53141,51708,0.026965996123520464,51762,50109,0.03193462385533785,,653954,587320,0.10189401701037071,284
KP-HQ,30,0,0,,0,0,,0,0,,0,0,,0,0,,0,0,,0,0,,0,0,,0,0,,0,0,,0,0,,0,0,,,0,0,,0
KP-HQ,300,25,32,0,47,39,0.17021276595744683,43,43,0,47,47,0,93,93,0,92,93,0,138,138,0,146,146,0,167,167,0,233,233,0,265,265,0,204,203,0.004901960784313708,,1500,1499,0.0006666666666667043,1
KP-HQ,301,4103,1964,0.5213258591274677,2114,2051,0.0298013245033113,1619,1579,0.02470660901791233,1536,1497,0.025390625,1698,1653,0.026501766784452263,1466,1429,0.02523874488403821,1450,1419,0.02137931034482754,1433,1397,0.02512212142358683,1454,1417,0.025447042640990403,1404,1377,0.019230769230769273,1390,1357,0.023741007194244657,1599,1552,0.029393370856785506,,21266,18692,0.1210382770619769,22
KP-HQ,302,1691,1702,0,1996,2010,0,2153,2168,0,2086,2100,0,1961,1974,0,2045,2058,0,2244,2260,0,2151,2165,0,2007,2024,0,2187,2196,0,2167,2189,0,2272,2259,0.005721830985915499,,24960,25105,0,1
KP-HQ,303,63461,32386,0.4896708214493941,35783,34423,0.03800687477293685,34001,32959,0.03064615746595689,34381,33264,0.032488874669148626,35186,34090,0.031148752344682507,31368,30559,0.02579061463912269,32270,31194,0.033343662844747435,33806,32618,0.035141690824114113,32912,31870,0.031660184735051056,29172,25312,0.1323186617304264,37251,36659,0.015892190813669438,28312,27503,0.028574456061034148,,427903,382837,0.10531826138166822,103
KP-HQ,304,9316,9315,0.0001073422069557406,10042,10040,0.00019916351324433812,9566,9564,0.00020907380305246193,8725,8723,0.00022922636103150928,7297,7296,0.00013704262025493463,7854,7851,0.00038197097020631343,7692,7690,0.00026001040041601087,7091,7089,0.00028204766605555154,6619,6618,0.00015108022359877626,6702,6701,0.00014920919128613708,7449,7447,0.0002684924150893053,6771,6769,0.00029537734455764575,,95124,95103,0.00022076447584207237,1
KP-HQ,305,11782,5758,0.5112884060431166,6483,6393,0.013882461823229941,6338,6124,0.03376459450930891,6649,6081,0.08542637990675295,7051,7295,0,6565,6382,0.02787509520182785,6166,5980,0.03016542328900418,6708,6635,0.01088252832438874,6805,6783,0.003232916972814137,5988,6150,0,7158,6817,0.04763900530874543,6694,6749,0,,84387,77147,0.08579520542263619,102
KP-HQ,306,2010,2024,0,2229,2243,0,2499,2515,0,2462,2478,0,2231,2244,0,2375,2389,0,2690,2706,0,3043,3064,0,3184,3201,0,3141,3159,0,3306,3339,0,3372,3347,0.007413997627520708,,32542,32709,0,1
KP-HQ,307,297998,150277,0.4957113806132927,142805,139255,0.02485907356185002,154405,152370,0.013179625012143426,169803,165550,0.025046671731359327,169276,162835,0.038050284742078055,169520,168072,0.008541764983482802,164342,160974,0.020493848194618525,159434,156337,0.019424965816576156,157806,154807,0.019004347109742303,153466,150847,0.017065669268763073,162941,155831,0.043635426319956316,146698,152488,0,,2048494,1869643,0.08730853007135975,207
KP-HQ,308,0,0,,0,0,,0,0,,0,0,,0,0,,0,0,,0,0,,0,0,,0,0,,0,0,,0,568,0,0,1872,0,,0,2440,0,1
KP-HQ,309,0,1164,0,0,1256,0,0,1160,0,0,1155,0,0,1580,0,0,1472,0,0,1377,0,0,1549,0,0,1462,0,0,1454,0,0,1134,0,0,1155,0,,0,15918,0,1
KP-HQ,31,43223,43236,0,46586,46601,0,48206,48222,0,44732,44747,0,53912,53929,0,56396,56414,0,47298,47311,0,47711,47724,0,44656,44671,0,46074,46089,0,37850,37860,0,42085,42097,0,,558729,558901,0,1
KP-HQ,310,63639,30111,0.5268467449205676,28045,27562,0.017222321269388496,29531,28920,0.020690122244421127,33855,33230,0.01846108403485458,31404,30694,0.022608584893644146,34714,33888,0.023794434522094843,31414,30774,0.02037308206532118,33222,32451,0.023207513093733034,33997,33307,0.02029590846251139,34353,33706,0.01883387185980845,34905,34109,0.022804755765649665,31205,30523,0.02185547187950654,,420284,379275,0.09757449724472023,117
KP-HQ,311,2113,2135,0,6827,6857,0,28418,28469,0,37003,37062,0,63503,63598,0,71998,72096,0,76488,76589,0,89823,89950,0,74328,74428,0,104104,104241,0,99799,99938,0,145172,145372,0,,799576,800735,0,1
KP-HQ,312,0,0,,0,0,,0,0,,0,0,,0,0,,0,0,,0,0,,0,0,,0,0,,0,0,,0,0,,0,0,,,0,0,,0
KP-HQ,313,160577,77806,0.5154598728335938,74313,72808,0.020252176604362626,85085,82604,0.029159076217899704,85993,81305,0.05451606526112596,94905,92037,0.03021969337758812,87998,86537,0.016602650060228652,78184,76740,0.018469252020873794,83101,81219,0.02264714022695269,77127,75331,0.02328626810325829,79310,77702,0.02027487076030765,81488,79695,0.022003239740820746,77030,86758,0,,1065111,970542,0.088787929145413,115
KP-HQ,314,357037,169410,0.5255113615675686,165764,160102,0.03415699428102603,167193,160966,0.037244382240883334,186498,181364,0.027528445345258445,198966,191536,0.03734306363901374,208619,204304,0.020683638594758857,181856,172519,0.051342820693295765,192081,185667,0.0333921626813688,189555,182999,0.0345862678378307,188090,181971,0.03253229836780269,208081,196776,0.054329804258918424,181877,178851,0.016637617730664078,,2425617,2166465,0.10683962059962471,372
KP-HQ,315,0,0,,0,0,,0,0,,0,0,,0,0,,0,0,,0,0,,0,0,,0,0,,0,0,,0,0,,0,0,,,0,0,,0
KP-HQ,316,82158,38805,0.5276783758124589,43566,41306,0.051875315613092776,46946,49229,0,54522,54176,0.00634606214005351,57789,59489,0,59152,56488,0.0450365160941304,51771,51427,0.00664464661683184,55546,54985,0.010099737154790622,53263,52560,0.013198655727240327,54828,54123,0.012858393521558376,63850,63333,0.008097102584181726,46266,45743,0.011304197466822319,,669657,621664,0.07166803303780889,32
KP-HQ,317,2104770,33865,0.9839103560008932,32062,31208,0.026635892957395102,32073,31573,0.015589436597761352,36680,36044,0.01733914940021808,36306,35778,0.014543050735415619,36879,36359,0.014100165405786513,33974,34458,0,31082,33568,0,28676,30975,0,29009,30707,0,31241,32557,0,23362,25674,0,,2456114,392766,0.8400864129270873,184
KP-HQ,318,12607,12614,0,13291,13299,0,13460,13466,0,14152,14160,0,13733,13740,0,13252,13259,0,12128,12134,0,12444,12450,0,13148,13156,0,12631,12637,0,12642,12648,0,12647,12653,0,,156135,156216,0,1
KP-HQ,319,0,8497,0,27800,9026,0.6753237410071942,9320,8876,0.04763948497854076,10360,9948,0.03976833976833982,11320,10758,0.04964664310954059,10620,10158,0.043502824858757116,10160,9745,0.040846456692913424,10900,10330,0.05229357798165135,10820,10220,0.055452865064695045,9500,8960,0.056842105263157916,10160,9598,0.05531496062992125,9360,8865,0.05288461538461542,,130320,114981,0.11770257826887665,102
KP-HQ,32,3626,3552,0.020408163265306145,3378,3315,0.018650088809946674,3282,3219,0.019195612431444187,3256,3199,0.017506142506142464,1398,1369,0.0207439198855508,0,5035,0,0,3080,0,0,3279,0,0,3468,0,0,3466,0,0,3263,0,0,2984,0,,14940,39229,0,1
KP-HQ,320,0,0,,0,0,,0,0,,0,0,,0,0,,0,0,,0,0,,0,0,,0,0,,0,0,,0,0,,0,0,,,0,0,,0
KP-HQ,321,84098,39633,0.5287283883088778,40677,38082,0.06379526513754696,42837,40191,0.06176903144477908,42925,40187,0.06378567268491553,49156,45628,0.0717715029701359,48804,45359,0.07058847635439713,44388,41560,0.06371091285933139,41444,37332,0.0992182221793263,39009,40050,0,39113,36976,0.05463656584767218,41481,39072,0.058074781225139205,34691,32875,0.05234787120578821,,548623,476945,0.13065073830298768,181
KP-HQ,322,0,0,,0,0,,0,0,,0,0,,0,0,,0,0,,0,0,,0,0,,0,0,,0,0,,0,0,,0,0,,,0,0,,0
KP-HQ,323,0,50191,0,0,51672,0,0,56631,0,0,61513,0,0,70751,0,65623,60915,0.07174313883851702,63519,58892,0.07284434578630017,64942,58983,0.09175880016014293,60547,57131,0.05641898029629877,57716,53227,0.07777739275071038,62163,57092,0.08157585702105752,54455,50069,0.08054356808373886,,428965,687067,0,221
KP-HQ,324,3732,3721,0.002947481243301131,3963,3954,0.002271006813020393,4083,4085,0,4027,4029,0,4124,4115,0.002182347235693549,4504,4495,0.001998223801065735,4076,4067,0.0022080471050048844,4494,4489,0.001112594570538472,4431,4422,0.0020311442112389555,4120,4101,0.00461165048543688,4080,4092,0,4292,4294,0,,49926,49864,0.00124183792012178,1
KP-HQ,325,6904,6916,0,6772,6783,0,6198,6209,0,5994,6005,0,6099,6103,0,5744,5762,0,6131,6143,0,5983,6710,0,7752,6990,0.09829721362229105,6434,6509,0,6684,6697,0,6580,6575,0.0007598784194529085,,77275,77402,0,1
KP-HQ,326,0,36782,0,0,36417,0,243199,38221,0.8428406366802494,43777,44235,0,41324,41746,0,41725,42141,0,37678,38002,0,34988,35515,0,34136,34587,0,26269,26644,0,35590,35975,0,32135,32386,0,,570821,442651,0.2245362381552185,1
KP-HQ,327,2382,2374,0.0033585222502099388,2700,2690,0.0037037037037036535,3626,3610,0.004412575841147293,4109,4090,0.00462399610610853,4242,4221,0.004950495049504955,3728,3712,0.0042918454935622075,2504,2495,0.0035942492012779326,2897,2886,0.0037970314118053183,3666,3650,0.004364429896344779,3095,3083,0.0038772213247172393,3686,3670,0.0043407487791644606,3741,3724,0.004544239508152859,,40376,40205,0.004235189221319602,1
KP-HQ,328,8320,8323,0,9558,9561,0,9333,9335,0,11750,11754,0,9967,9971,0,7420,7422,0,6618,6620,0,8662,8665,0,7717,7720,0,6739,6741,0,7733,7736,0,8524,8527,0,,102341,102375,0,1
KP-HQ,329,25761,25769,0,26288,26294,0,28345,28354,0,31681,31692,0,29420,29432,0,28473,28484,0,25149,25158,0,28189,28203,0,32257,32266,0,29795,29806,0,28344,28352,0,29697,29704,0,,343399,343514,0,1
KP-HQ,33,14010,13860,0.010706638115631661,14610,14370,0.01642710472279263,72960,14370,0.8030427631578947,-43560,14580,0,6510,6420,0.01382488479262678,0,22065,0,0,13558,0,0,13418,0,0,14246,0,0,13818,0,0,13170,0,0,13005,0,,64530,166880,0,1
KP-HQ,330,19822,9409,0.5253253960246191,8055,7868,0.023215394165114867,8609,8287,0.03740271808572426,9799,9678,0.012348198795795517,9844,9832,0.001219016659894323,9784,9513,0.02769828291087495,9010,8757,0.02807991120976694,9614,9389,0.023403370085292252,9125,8843,0.030904109589041107,8916,9187,0,8466,8806,0,7768,8713,0,,118812,108282,0.08862741137258867,56
KP-HQ,331,1519,871,0.4265964450296248,9428,10025,0,13202,13133,0.005226480836236891,13906,13832,0.005321443981015417,13269,13196,0.005501544954405024,14166,14090,0.005364958350981275,13525,13444,0.0059889094269870435,12166,12109,0.004685188229492043,12688,12620,0.005359394703656983,12922,12855,0.00518495588918122,12184,12121,0.005170715692711769,11559,11500,0.005104247772298676,,140534,139796,0.005251398238148797,1
KP-HQ,332,56609,27124,0.5208535745199527,27076,23754,0.12269168267100017,27845,22669,0.18588615550368104,27153,27135,0.0006629101756712164,30699,29437,0.04110883090654416,29443,29505,0,27617,26484,0.04102545533548174,30073,28629,0.04801649319988033,28220,27585,0.02250177179305457,23385,22996,0.016634594825743032,25345,24969,0.014835273229433787,23800,23297,0.021134453781512574,,357265,313584,0.12226498537500174,56
KP-HQ,333,531,1363,0,99,952,0,354,1135,0,0,808,0,0,792,0,0,823,0,0,821,0,0,857,0,290,1171,0,0,794,0,1187,2609,0,1734,2591,0,,4195,14716,0,1
KP-HQ,334,24959,11563,0.5367202211627069,10427,9960,0.04478757072983597,10542,10186,0.03376968317207363,9383,8920,0.0493445593093893,11129,10720,0.03675083116182942,11521,11018,0.04365940456557593,11251,10585,0.059194738245489265,11982,11744,0.01986312802537138,11527,11124,0.034961394985685734,11789,11227,0.047671558232250444,10906,10467,0.040253071703649335,10263,9838,0.04141089350092564,,145679,127352,0.12580399371220286,134
KP-HQ,335,401,407,0,197,198,0,202,202,0,242,243,0,266,265,0.003759398496240629,250,247,0.01200000000000001,200,202,0,137,139,0,1,2,0,120,123,0,329,330,0,764,761,0.003926701570680646,,3109,3119,0,1
KP-HQ,336,7687,8467,0,7509,8283,0,7651,8410,0,8641,9443,0,10219,11024,0,8622,9473,0,8594,9371,0,9069,9868,0,9670,10542,0,10864,11692,0,12604,13448,0,12910,13773,0,,114040,123794,0,1
KP-HQ,337,0,3700,0,0,4251,0,0,4401,0,0,4591,0,0,5020,0,0,5130,0,12893,4590,0.6439928643449935,5488,5537,0,3792,5026,0,3933,4545,0,4932,5556,0,4807,5452,0,,35845,57799,0,1
KP-HQ,338,167426,74236,0.556604111667244,75344,72342,0.03984391590571246,84505,80919,0.04243535885450567,87398,83733,0.04193459804572186,94752,90681,0.04296479229989869,98478,93481,0.05074229777209127,79496,76978,0.031674549662876084,87347,83374,0.045485248491648256,83723,80148,0.04270033324176148,73572,70518,0.04151035720110907,75513,73470,0.027054944181796547,70621,47378,0.3291230653771541,,1078175,927258,0.13997449393651307,257
KP-HQ,339,5617,5629,0,6199,6212,0,6275,6290,0,7006,7021,0,6100,6114,0,6496,6510,0,6426,6441,0,7039,6571,0.06648671686319074,6238,6753,0,6674,6670,0.0005993407252022909,6585,6598,0,6612,6625,0,,77267,77434,0,1
KP-HQ,34,24870,24840,0.0012062726176115257,25260,25200,0.002375296912114022,25080,25170,0,27000,26820,0.00666666666666671,11700,11730,0,0,40720,0,0,23817,0,0,24284,0,0,26426,0,0,26881,0,0,27475,0,0,26198,0,,113910,309561,0,1
KP-HQ,340,40688,40689,0,38837,38828,0.00023173777583229693,44457,44451,0.00013496187327077802,47641,47637,8.396129384358186e-05,44739,44733,0.00013411117816675144,44170,44170,0,44363,44354,0.0002028717625047749,43006,43000,0.00013951541645351728,50068,50061,0.0001398098585922991,48216,48209,0.00014518002322883028,49740,49737,6.031363088054853e-05,46117,46112,0.00010841988854437545,,542042,541981,0.00011253740485051011,1
KP-HQ,341,344175,19090,0.9445340306530108,24319,19199,0.21053497265512566,26390,21150,0.1985600606290261,27730,22742,0.17987738910926798,24453,20032,0.18079581237475972,24088,19862,0.1754400531384922,22188,18387,0.17130881557598698,21612,18014,0.1664815843050157,21375,17780,0.168187134502924,24586,20607,0.1618400715854551,25325,21071,0.16797630799605134,23295,19425,0.16613007083065034,,609536,237359,0.6105906788114237,118
KP-HQ,342,1122,1975,0,1342,2181,0,1189,1966,0,3031,3893,0,2031,2833,0,1471,2335,0,1237,2018,0,1278,2082,0,1930,2802,0,1557,2357,0,2289,3137,0,1732,2584,0,,20209,30163,0,1
KP-HQ,343,4545,2179,0.5205720572057206,2586,2507,0.03054911059551435,2767,2692,0.027105168052041884,2523,2529,0,3186,3062,0.038920276208411764,2960,2987,0,3047,2994,0.01739415818838197,4472,4352,0.02683363148479423,831,4247,0,3157,3286,0,3612,3545,0.018549280177187155,3579,3516,0.017602682313495377,,37265,37896,0,22
KP-HQ,344,17836,17810,0.001457725947521915,19471,19442,0.001489394484104567,24333,24305,0.001150700694530049,20708,20682,0.0012555534093103837,19290,19264,0.0013478486262311629,17574,17550,0.0013656538067600144,15768,15745,0.00145865043125315,17139,17114,0.0014586615321781071,20247,20221,0.0012841408603744275,14981,14961,0.0013350243641946369,21170,21139,0.0014643363249882135,15052,15030,0.001461599787403678,,223569,223263,0.0013687049635683346,1
KP-HQ,345,8056,3849,0.5222194637537239,4305,4023,0.06550522648083623,4563,4320,0.053254437869822535,4351,4116,0.05401057228223394,4623,4073,0.11897036556348695,4019,4553,0,4059,3838,0.054446908105444725,4066,3855,0.05189375307427446,3857,3649,0.05392792325641693,3725,3502,0.059865771812080526,3910,3701,0.05345268542199488,4097,3877,0.05369782767878939,,53631,47356,0.1170032257463034,37
KP-HQ,346,0,0,,0,0,,0,0,,0,0,,0,0,,0,0,,0,0,,0,0,,0,0,,0,0,,0,0,,0,0,,,0,0,,1
KP-HQ,347,1912,1909,0.001569037656903749,2126,2128,0,2769,2766,0.0010834236186348933,2894,2895,0,2567,2571,0,3517,3519,0,2760,2764,0,2720,2725,0,2782,2786,0,2563,2566,0,4942,4947,0,3374,2687,0.20361588618850035,,34926,34263,0.01898299261295311,1
KP-HQ,348,0,0,,0,0,,0,0,,0,0,,0,0,,0,0,,0,0,,0,0,,0,0,,5594,2932,0.47586700035752594,4048,0,1,3528,0,1,,13170,2932,0.7773728170083523,1
KP-HQ,349,0,9373,0,0,8510,0,0,14771,0,0,12307,0,725800,11897,0.9836084320749517,10844,10679,0.015215787532275926,9387,9194,0.020560349419409873,9464,9257,0.021872358410819914,9375,9147,0.02432000000000001,13296,13175,0.009100481347773748,12652,12482,0.01343661081251979,15138,14946,0.012683313515655992,,805956,135738,0.8315813766508345,1
KP-HQ,35,19590,19410,0.009188361408882129,20040,19860,0.008982035928143728,14700,14550,0.010204081632653073,15840,15720,0.007575757575757569,7230,7200,0.004149377593360981,0,24863,0,0,14439,0,0,15222,0,0,16589,0,0,16191,0,0,13538,0,0,12487,0,,77400,190069,0,1
KP-HQ,350,0,5585,0,0,4126,0,71229,5244,0.9263783009729183,8593,9162,0,5130,5519,0,3333,3714,0,3030,3390,0,3941,4325,0,6238,6666,0,5213,5596,0,8137,8549,0,4837,5243,0,,119681,67119,0.43918416457081744,1
KP-HQ,351,63218,63191,0.0004270935493055905,10602,10591,0.0010375400867760343,21361,21347,0.0006554000280886152,58833,58809,0.00040793432257402173,40662,40641,0.0005164527076877423,53167,53149,0.0003385558711230807,59722,59688,0.0005693044439235573,43214,43193,0.0004859536261396791,25742,25731,0.0004273172247688528,10575,10571,0.0003782505910165934,23012,22932,0.0034764470710932915,44514,44563,0,,454622,454406,0.0004751199897937708,1
KP-HQ,352,1488,1490,0,1574,1577,0,1680,1682,0,1645,1643,0.0012158054711246535,1509,1515,0,1480,1533,0,1643,1601,0.025562994522215443,1596,1593,0.001879699248120259,1624,1626,0,1528,1590,0,1666,1609,0.03421368547418968,1545,1547,0,,18978,19006,0,1
KP-HQ,353,2830,2835,0,3105,3111,0,3064,3071,0,3338,3343,0,2894,2900,0,3084,3090,0,3168,3174,0,3193,3199,0,3448,3454,0,3247,3253,0,3567,3574,0,3337,3342,0,,38275,38346,0,1
KP-HQ,354,6620,6800,0,7660,7680,0,8380,8400,0,8200,8180,0.0024390243902439046,7960,8000,0,8180,8140,0.004889975550122272,8060,8060,0,8260,8500,0,8620,8660,0,8020,8060,0,8520,8480,0.0046948356807511304,7760,7860,0,,96240,96820,0,1
KP-HQ,355,9880,8500,0.13967611336032393,8860,8880,0,8720,8740,0,8300,8360,0,8420,8400,0.002375296912114022,8360,8320,0.004784688995215336,8260,8260,0,9280,8580,0.07543103448275867,8920,8820,0.011210762331838597,8500,8400,0.0117647058823529,8680,8660,0.0023041474654378336,8940,8760,0.020134228187919434,,105120,102680,0.023211567732115634,1
KP-HQ,356,9275,9289,0,10117,10137,0,9671,9693,0,12226,12247,0,10681,10705,0,11443,11465,0,11897,11923,0,12103,11994,0.009006031562422523,13491,13660,0,12674,12672,0.00015780337699222713,13184,13202,0,12414,12429,0,,139176,139416,0,1
KP-HQ,357,10216,4848,0.5254502740798748,5406,5088,0.05882352941176472,5429,5121,0.0567323632344815,5724,5396,0.057302585604472434,6027,5688,0.056246888999502254,5737,5406,0.05769565975248392,5646,5358,0.05100956429330494,6159,5801,0.058126319207663535,6333,6023,0.048949944733933326,5614,5363,0.04470965443534025,6409,6124,0.04446871586831014,5818,5466,0.06050189068408385,,74518,65682,0.11857537776107785,91
KP-HQ,358,13984,13968,0.0011441647597254523,14331,14313,0.0012560184216034997,14602,14579,0.0015751266949732834,14597,14574,0.001575666232787598,15104,15079,0.0016551906779661563,13613,13593,0.0014691838683611458,13895,13874,0.0015113350125944836,14942,14908,0.0022754651318431796,14812,14744,0.004590872265730517,14198,14240,0,14428,14496,0,13646,13546,0.007328154770628759,,172152,171914,0.0013824991867651404,1
KP-HQ,359,6716,6724,0,7533,7542,0,7674,7683,0,7888,7899,0,7544,7553,0,8585,8597,0,8008,8018,0,8360,8371,0,8193,8092,0.012327596728914925,8361,8485,0,7454,7374,0.010732492621411294,7028,7025,0.0004268639726806578,,93344,93363,0,1
KP-HQ,36,17040,17040,0,17970,18090,0,13350,16710,0,14910,17970,0,6690,10770,0,0,2390,0,0,37606,0,0,17688,0,0,20286,0,0,19147,0,0,20684,0,0,18847,0,,69960,217228,0,1
KP-HQ,360,6358,7102,0,7290,7992,0,8233,8862,0,7452,8152,0,9815,10469,0,8544,9239,0,9420,10085,0,7895,8555,0,8177,8863,0,8697,9372,0,8353,9024,0,7934,8699,0,,98168,106414,0,1
KP-HQ,361,63463,63354,0.0017175362021965013,50285,50177,0.002147757780650239,53857,53677,0.0033421839315224133,62727,62647,0.001275367863918242,33009,32837,0.005210700112090683,40168,39732,0.010854411471818315,45728,45544,0.004023792862141384,35345,35117,0.006450700240486662,56551,56492,0.0010433060423334917,53453,53382,0.0013282696948720973,33047,32752,0.008926680182769986,43638,43217,0.009647554883358556,,571271,568928,0.004101380955798595,1
KP-HQ,362,22554,10703,0.5254500310366232,10116,9774,0.03380782918149461,11280,10972,0.027304964539007104,12790,12453,0.026348709929632563,12020,11719,0.025041597337770338,12410,12062,0.02804190169218368,12150,11821,0.027078189300411504,12853,12503,0.02723099665447759,12824,12495,0.025655021834061098,11576,11444,0.011402902557014483,14172,13303,0.06131809201241889,12219,12263,0,,156964,141512,0.09844295507250067,66
KP-HQ,363,533,530,0.0056285178236398226,982,977,0.005091649694501044,337,337,0,343,341,0.005830903790087438,222,221,0.0045045045045044585,217,209,0.03686635944700456,142,150,0,304,305,0,130,131,0,172,174,0,119,120,0,184,185,0,,3685,3680,0.0013568521031207537,1
KP-HQ,364,23317,11509,0.506411630998842,12245,11870,0.0306247447937934,11050,10895,0.014027149321266918,12927,12619,0.023826100409994555,11663,11383,0.02400754522850035,11736,11423,0.02667007498295837,10939,10610,0.030075875308529065,12087,11809,0.02299991726648465,11087,10786,0.027148913141517128,11037,10768,0.024372565008607405,12175,11856,0.026201232032854183,11221,10972,0.022190535602887418,,151484,136500,0.09891473686990049,126
KP-HQ,365,5989,2970,0.5040908331941893,3232,3219,0.004022277227722748,2589,2532,0.022016222479721903,3142,3075,0.02132399745385105,3455,3362,0.02691751085383498,2574,2524,0.019425019425019396,2619,2568,0.019473081328751474,2669,2689,0,2713,2603,0.04054552156284552,2669,2588,0.030348445110528255,2660,2626,0.012781954887218006,2727,2662,0.02383571690502384,,37038,33418,0.09773745882607054,32
KP-HQ,366,7446,3676,0.5063121138866505,3967,3792,0.04411394000504154,3476,3389,0.025028768699654758,4477,4365,0.025016752289479527,4307,4198,0.025307638727652626,3586,3506,0.02230897936419407,3412,3334,0.022860492379835895,3638,3565,0.020065970313358994,3407,3302,0.030818902260052794,3263,3190,0.02237205026049649,3549,3460,0.025077486615948108,3329,3244,0.025533193151096478,,47857,43021,0.10105104791357589,23
KP-HQ,367,17149,8277,0.5173479503178028,7907,7632,0.0347793094726192,8066,7772,0.03644929333002722,8408,8126,0.033539486203615576,9349,9077,0.02909402075088241,8226,7650,0.07002188183807445,7305,7060,0.033538672142368275,7559,7191,0.048683688318560625,7229,6878,0.04855443353160882,7745,7988,0,7259,7055,0.02810304449648715,7194,6939,0.03544620517097585,,103396,91645,0.11365043135130948,98
KP-HQ,368,2418,2419,0,2626,2626,0,2781,2783,0,5011,5014,0,6287,6292,0,6870,6875,0,6330,6335,0,6600,6605,0,8331,8338,0,6412,6416,0,6712,6718,0,5732,5736,0,,66110,66157,0,1
KP-HQ,369,13348,6679,0.4996254120467486,5279,5169,0.02083727978783856,5818,5674,0.02475077346167065,5599,5471,0.022861225218789083,8016,7830,0.023203592814371232,8193,7993,0.024411082631514702,7234,7068,0.02294719380702237,6207,6072,0.02174963750604153,8050,6702,0.16745341614906828,10509,6782,0.3546483966124274,10239,6483,0.36683269850571343,8584,5198,0.3944547996272134,,97076,77121,0.20556059170134744,16
KP-HQ,37,30030,30150,0,30990,31050,0,30840,30870,0,34290,34290,0,20370,20520,0,0,44947,0,0,31037,0,0,31048,0,0,33378,0,0,33825,0,0,34040,0,0,26072,0,,146520,381227,0,1
KP-HQ,370,6532,6532,0,5676,5675,0.00017618040873856877,5983,5984,0,6865,6864,0.00014566642388924578,5962,5960,0.00033545790003353115,5585,5584,0.0001790510295434089,4687,4689,0,4820,4819,0.00020746887966804906,6660,0,1,5395,11934,0,5839,5823,0.002740195238910781,6137,6102,0.005703112269838662,,70141,69966,0.002494974408691064,1
KP-HQ,371,477085,12241,0.9743420983682153,13175,12680,0.03757115749525619,13765,13255,0.037050490374137324,15157,14605,0.036418816388467334,14006,13482,0.03741253748393547,14927,14365,0.03764989616131842,14433,13885,0.03796854430818264,14070,13496,0.04079601990049753,14123,13557,0.040076471004743985,14977,14428,0.03665620618281362,14820,14253,0.038259109311740924,13281,12802,0.03606656125291774,,633819,163049,0.7427514795233339,167
KP-HQ,372,0,13278,0,0,14581,0,0,13013,0,0,14871,0,0,13240,0,0,13320,0,0,13058,0,0,13170,0,0,13785,0,0,13645,0,0,14004,0,0,13508,0,,0,163473,0,1
KP-HQ,373,0,8464,0,0,9567,0,0,10274,0,0,11384,0,0,10044,0,0,10466,0,0,10402,0,0,10402,0,0,10538,0,0,10450,0,0,10473,0,0,10108,0,,0,122572,0,1
KP-HQ,374,0,7335,0,0,8161,0,0,8688,0,0,8870,0,0,7619,0,0,8438,0,0,8426,0,0,8293,0,0,8195,0,0,8041,0,0,8019,0,0,7591,0,,0,97676,0,1
KP-HQ,375,0,3682,0,0,3917,0,0,4184,0,0,4566,0,0,4041,0,0,4459,0,0,4420,0,0,4413,0,0,4720,0,0,4631,0,0,4618,0,0,4584,0,,0,52235,0,1
KP-HQ,376,19210,19199,0.0005726184279021274,20249,20238,0.000543236703047012,21063,21045,0.0008545791197834829,22656,22635,0.0009269067796610075,22479,22455,0.0010676631522754665,20583,20566,0.0008259243064665522,19672,19658,0.0007116714111427003,20252,20102,0.007406675883863345,21664,21786,0,22773,22653,0.005269397971281786,22121,22647,0,22438,21962,0.021214011944023503,,255160,254946,0.0008386894497570685,1
KP-HQ,377,26789,13335,0.5022210608831983,13701,13470,0.016860083205605392,14157,13953,0.01440983259165074,15442,15024,0.027069032508742374,15516,15162,0.02281515854601701,15348,15051,0.019351055512118798,14819,14570,0.016802753222214695,16162,15567,0.0368147506496721,14165,14078,0.0061418990469467305,14094,13763,0.02348517099474956,14352,14030,0.022435897435897467,13914,13657,0.01847060514589627,,188459,171660,0.08913875166481833,80
KP-HQ,378,7967,9474,0,8863,10318,0,8560,9863,0,8288,9694,0,10103,11492,0,12224,13727,0,8289,9649,0,8091,9434,0,9917,11349,0,10369,11812,0,12927,14380,0,12024,13608,0,,117622,134800,0,1
KP-HQ,379,4365,4364,0.00022909507445589838,4506,4503,0.0006657789613848664,5285,5283,0.0003784295175023322,4621,4618,0.000649210127678046,5652,5647,0.0008846426043878086,6009,6002,0.0011649192877351,5423,5417,0.0011063986723215402,3966,3962,0.0010085728693898233,3992,3990,0.0005010020040080443,4254,4251,0.0007052186177715081,3331,3325,0.0018012608826177834,3899,3841,0.014875609130546308,,55303,55203,0.0018082201688877086,1
KP-HQ,38,10320,10230,0.008720930232558155,10500,10440,0.005714285714285672,10080,10110,0,10320,10290,0.0029069767441860517,10710,10710,0,3060,3030,0.009803921568627416,0,18258,0,0,10814,0,0,10663,0,0,10911,0,0,11201,0,0,9559,0,,54990,126216,0,1
KP-HQ,380,0,0,,0,0,,0,0,,0,0,,0,0,,0,0,,0,0,,0,0,,0,0,,0,0,,0,0,,0,0,,,0,0,,1
KP-HQ,381,12020,12060,0,12440,12780,0,13500,13720,0,13420,13660,0,13380,13580,0,12740,12940,0,13220,13460,0,12980,13180,0,13380,13580,0,13280,13500,0,13620,13840,0,13420,13620,0,,157400,159920,0,1
KP-HQ,382,1679,1680,0,1502,1507,0,1895,1895,0,2078,2082,0,2201,2201,0,1133,1139,0,1671,1676,0,1214,1220,0,1736,1738,0,988,994,0,2326,2323,0.0012897678417884695,1590,1592,0,,20013,20047,0,1
KP-HQ,383,18730,8653,0.5380138814735718,8136,7980,0.019174041297935096,8666,8504,0.018693745672744067,10136,9943,0.019041041831097116,9926,9748,0.01793270199476127,10701,10496,0.019157088122605415,9642,9474,0.017423771001866872,10074,9857,0.021540599563232066,9937,9743,0.019522994867666288,9210,9033,0.019218241042345263,10118,9934,0.018185412136785928,9088,8909,0.01969630281690138,,124364,112274,0.09721462802740344,72
KP-HQ,384,61065,32049,0.4751658069270449,34891,33754,0.032587200137571326,37970,36305,0.04385040821701347,40917,39623,0.03162499694503507,39343,37867,0.03751620364486696,37387,36291,0.029315002540990176,36404,35273,0.03106801450390062,36774,35536,0.03366508946538316,35943,35000,0.026235984753637753,34298,33046,0.036503586214939654,37982,37089,0.023511136854299397,30847,30037,0.026258631309365565,,463821,421870,0.09044653001912373,50
KP-HQ,385,5628,5649,0,6204,6236,0,5530,5555,0,5415,5438,0,5181,5213,0,4597,4622,0,4667,4693,0,5998,6025,0,4693,4721,0,3838,3867,0,5408,5450,0,4920,4957,0,,62079,62426,0,1
KP-HQ,386,3795,3829,0,537,554,0,3401,3418,0,1303,1325,0,594,612,0,2186,2231,0,133,149,0,130,146,0,135,153,0,148,164,0,516,539,0,6259,6294,0,,19137,19414,0,1
KP-HQ,387,35936,35979,0,38470,38518,0,19429,19456,0,25279,25319,0,29627,29532,0.0032065345799440204,6990,7001,0,18170,18196,0,6477,6486,0,9145,9158,0,10154,10168,0,11031,11046,0,11351,11368,0,,222059,222227,0,1
KP-HQ,388,15631,15634,0,12330,12332,0,18525,18529,0,20075,17759,0.11536737235367367,24948,0,1,16419,41582,0,5526,3618,0.3452768729641694,12432,9015,0.2748552123552124,11955,9025,0.2450857381848599,9487,19208,0,14755,14741,0.0009488309047780419,21601,20970,0.029211610573584568,,183684,182413,0.006919492171337693,1
KP-HQ,389,21657,22160,0,22096,22606,0,22585,23090,0,25840,26395,0,23994,24534,0,23861,24418,0,21238,21732,0,19184,19660,0,18364,18862,0,16383,16840,0,12615,13036,0,13110,13560,0,,240927,246893,0,1
KP-HQ,39,954,953,0.0010482180293500676,957,956,0.0010449320794148065,971,970,0.001029866117404743,1000,999,0.0010000000000000009,1100,1100,0,1012,1011,0.0009881422924901129,900,899,0.0011111111111110628,897,897,0,1041,1040,0.0009606147934678733,1065,1065,0,1037,1036,0.0009643201542912649,1018,1018,0,,11952,11944,0.0006693440428380271,1
KP-HQ,390,4771,4645,0.026409557744707657,4874,4758,0.023799753795650358,5436,5311,0.022994849153789576,6143,6007,0.022139020022790112,5801,5677,0.02137562489225997,5360,5235,0.02332089552238803,4763,4589,0.03653159773252157,5237,5111,0.0240595760931831,5003,4870,0.02658404957025784,5172,5010,0.03132250580046403,5560,5420,0.025179856115107868,4982,4813,0.03392211963067038,,63102,61446,0.026243225254350078,71
KP-HQ,391,22771,22813,0,24554,24605,0,23735,23786,0,21418,21471,0,21071,21119,0,20474,20526,0,17928,17977,0,17328,17370,0,19670,19725,0,17192,17236,0,21288,21341,0,21456,21505,0,,248885,249474,0,1
KP-HQ,392,0,714,0,0,718,0,0,673,0,0,717,0,0,703,0,0,768,0,0,695,0,0,712,0,0,762,0,0,714,0,0,714,0,0,738,0,,0,8628,0,1
KP-HQ,393,5848,2952,0.49521203830369354,3236,3130,0.032756489493201535,3316,3214,0.030759951749095293,3401,3297,0.03057924139958834,3957,3838,0.0300732878443265,1563,2990,0,0,2651,0,0,2763,0,2465,2709,0,2926,2830,0.03280929596719073,3281,3190,0.027735446510210315,3281,3167,0.03474550441938429,,33274,36731,0,58
KP-HQ,394,4480,4440,0.008928571428571397,4520,4800,0,4720,4840,0,5020,5100,0,4560,4640,0,5160,5280,0,5300,5400,0,5260,5340,0,5260,5360,0,4900,5000,0,4700,4780,0,4320,4400,0,,58200,59380,0,1
KP-HQ,395,54283,54372,0,52335,52416,0,49967,50054,0,54183,54275,0,55606,55702,0,64013,64123,0,59292,59394,0,54107,54198,0,58636,58736,0,58539,58640,0,55253,55349,0,48181,48262,0,,664395,665521,0,1
KP-HQ,396,5900,5860,0.006779661016949157,6660,6640,0.0030030030030030463,6280,6260,0.0031847133757961776,7840,8620,0,6760,6920,0,7200,7320,0,7240,7380,0,7240,7360,0,7680,7840,0,7380,7520,0,7400,7520,0,7000,7140,0,,84580,86380,0,1
KP-HQ,397,61854,62034,0,55339,55491,0,65135,65336,0,50055,66504,0,0,0,,0,0,,70539,211303,0,72460,72438,0.0003036157880209611,73053,73028,0.00034221729429317893,67425,67405,0.00029662588060808126,68563,68537,0.0003792132782988178,37091,37087,0.00010784287293408301,,621514,779163,0,1
KP-HQ,398,48848,25208,0.483950212905339,16250,17172,0,14952,15874,0,16232,17911,0,15457,16653,0,15605,15950,0,15967,14896,0.06707584392810173,13945,14028,0,14366,14149,0.015105109285813767,13737,13539,0.014413627429569753,14953,14706,0.016518424396442133,13423,13155,0.01996573046263872,,213735,193241,0.09588509135143986,52
KP-HQ,399,21316,21349,0,21163,21198,0,20841,20872,0,20695,20732,0,21057,21101,0,17817,17855,0,18217,18257,0,20001,20044,0,20015,20057,0,16504,16534,0,21752,21796,0,21069,21101,0,,240447,240896,0,1
KP-HQ,40,19860,19830,0.0015105740181269312,19470,19440,0.0015408320493066618,19500,19560,0,20160,20070,0.004464285714285698,20430,20460,0,6390,6420,0,0,31633,0,0,18401,0,0,19297,0,0,19304,0,0,19989,0,0,17782,0,,105810,232186,0,1
KP-HQ,400,128148,61698,0.5185410618971814,57711,55872,0.031865675521131176,65189,63858,0.020417555108990793,65270,63571,0.026030335529339643,73770,65543,0.11152229903754918,71444,76027,0,64864,63201,0.025638258510113476,67749,66254,0.022066746372640167,64611,62824,0.02765782916221693,67525,65025,0.0370233246945576,69514,68784,0.010501481715913363,67333,70995,0,,863128,783652,0.09207904273757772,122
KP-HQ,401,14453,14455,0,10108,10112,0,1671,1674,0,6597,6601,0,10250,10255,0,10004,10008,0,8009,8012,0,8578,8633,0,8781,8734,0.005352465550620633,10217,10281,0,10994,10480,0.04675277424049484,11987,12589,0,,111649,111834,0,1
KP-HQ,402,87020,41392,0.5243392323603769,38335,37115,0.03182470327377074,43588,42407,0.027094613196292583,44596,43178,0.03179657368373845,49934,48512,0.028477590419353493,48364,46261,0.0434827557687536,44457,42315,0.04818138875767597,48778,48532,0.005043257206117535,44142,42736,0.03185175116668937,47194,45703,0.03159299911005631,47942,45518,0.05056109465604275,43392,42786,0.013965707964601726,,587742,526455,0.10427534530457239,242
KP-HQ,403,0,6840,0,0,7560,0,0,7660,0,0,9260,0,0,8080,0,0,8660,0,0,8660,0,0,8640,0,960,9580,0,0,9020,0,0,9220,0,0,8300,0,,960,101480,0,1
KP-HQ,404,80472,81817,0,82986,84394,0,77146,78470,0,69318,70558,0,80985,82361,0,91008,92543,0,82696,84205,0,85027,86550,0,95567,97287,0,86059,87640,0,94438,95396,0,91579,93117,0,,1017281,1034338,0,1
KP-HQ,405,82799,82818,0,72559,72569,0,81131,81137,0,52741,52745,0,46056,46075,0,20302,20304,0,23995,24006,0,23951,23955,0,22211,22215,0,20238,20242,0,22029,22033,0,31610,31628,0,,499622,499727,0,1
KP-HQ,406,4360,4340,0.004587155963302725,4220,4200,0.004739336492891044,3980,3980,0,4340,4320,0.004608294930875556,4500,4480,0.004444444444444473,4180,4160,0.004784688995215336,4000,4000,0,4320,4280,0.0092592592592593,4260,4260,0,4280,4260,0.004672897196261627,4320,4300,0.00462962962962965,4420,4400,0.004524886877828038,,51180,50980,0.003907776475185587,1
KP-HQ,407,6260,6300,0,6380,6380,0,7240,7320,0,6500,6600,0,6000,5940,0.010000000000000009,5540,5480,0.010830324909747335,4860,4880,0,5600,5620,0,5580,5580,0,5560,5540,0.003597122302158251,5080,5120,0,0,3000,0,,64600,67760,0,1
KP-HQ,408,4677,4625,0.011118238186871965,4568,4458,0.024080560420315256,2528,2621,0,4397,4390,0.0015919945417329773,4297,4291,0.0013963230160577433,4163,4155,0.00192169108815754,3313,3307,0.0018110473890733392,3757,3757,0,4991,4985,0.0012021638950110436,3958,3955,0.000757958564931771,3617,3598,0.0052529720763063725,3736,3735,0.0002676659528907388,,48002,47877,0.0026040581642431393,1
KP-HQ,409,683,236,0.6544655929721815,262,255,0.026717557251908386,236,230,0.025423728813559365,260,254,0.023076923076923106,288,283,0.01736111111111116,273,267,0.02197802197802201,209,206,0.014354066985645897,225,221,0.01777777777777778,204,204,0,257,256,0.0038910505836575737,266,272,0,247,248,0,,3410,2932,0.14017595307917885,5
KP-HQ,41,34400,34400,0,34450,34350,0.002902757619738794,32900,32950,0,36500,36450,0.00136986301369868,35500,35600,0,11550,11600,0,0,58185,0,0,33783,0,0,38232,0,0,35889,0,0,37978,0,0,31531,0,,185300,420948,0,1
KP-HQ,410,5097,1608,0.6845203060623897,1755,1708,0.02678062678062676,1686,1645,0.024317912218268067,2024,1965,0.029150197628458496,1803,1750,0.029395452024403745,1337,1268,0.051608077786088224,1504,1512,0,1079,1386,0,2063,1700,0.17595734367426075,1891,1860,0.016393442622950838,1684,1660,0.014251781472684133,1627,1607,0.012292562999385415,,23550,19669,0.16479830148619956,15
KP-HQ,411,4511,5016,0,4792,5298,0,5185,5692,0,5621,6147,0,6173,6692,0,5814,6363,0,5116,5615,0,5312,5832,0,5228,5784,0,4238,4749,0,3985,4499,0,4012,4543,0,,59987,66230,0,1
KP-HQ,412,0,0,,0,0,,0,0,,0,0,,0,0,,0,0,,0,0,,0,0,,0,0,,0,0,,0,0,,0,0,,,0,0,,0
KP-HQ,413,1975,1980,0,1746,1727,0.010882016036655173,1121,1114,0.006244424620874267,1149,1143,0.005221932114882533,1253,1248,0.003990422984836428,400,394,0.015000000000000013,304,298,0.019736842105263164,311,301,0.032154340836012874,337,329,0.023738872403560873,320,311,0.028124999999999956,2023,2023,0,1687,1570,0.0693538826318909,,12626,12438,0.01488990971012194,1
KP-HQ,414,10440,10440,0,11480,11780,0,11900,12000,0,12120,12220,0,11640,11740,0,12800,12900,0,12220,12320,0,11840,11940,0,12900,13000,0,11880,11980,0,11340,11420,0,10480,10580,0,,141040,142320,0,1
KP-HQ,415,8963,4251,0.5257168358808435,4988,4830,0.03167602245388934,4206,4195,0.002615311459819303,4980,4923,0.011445783132530085,5548,5475,0.013157894736842146,4520,4454,0.014601769911504414,3908,3856,0.013306038894575267,3643,3592,0.013999451001921459,3982,3904,0.019588146659969885,3938,3890,0.012188928390045706,4383,4329,0.012320328542094416,3438,3395,0.012507271669575326,,56497,51094,0.09563339646352909,23
KP-HQ,416,6005,7299,0,3239,4550,0,3962,5171,0,4526,5777,0,6514,7782,0,5207,6476,0,4696,5961,0,4463,5780,0,370,505,0,0,0,,0,0,,0,0,,,38982,49301,0,1
KP-HQ,417,63978,64129,0,65258,65404,0,60200,60341,0,62749,62892,0,57131,57264,0,57784,57927,0,54360,54432,0,49374,49550,0,57440,57507,0,54256,54468,0,53339,53477,0,57874,57708,0.002868300100217769,,693743,695099,0,2
KP-HQ,418,0,0,,0,0,,0,0,,0,0,,0,0,,0,0,,0,0,,0,0,,0,0,,0,0,,0,0,,0,0,,,0,0,,1
KP-HQ,419,4966,4962,0.000805477245267805,5581,5574,0.001254255509765323,5764,5754,0.001734906315059015,5792,5782,0.0017265193370166187,5823,5814,0.0015455950540957941,5736,5727,0.001569037656903749,5629,5622,0.0012435601350151426,5862,5843,0.003241214602524689,5832,5822,0.0017146776406035125,5577,5581,0,5786,5798,0,5306,5279,0.005088578967206936,,67654,67558,0.0014189848345995681,1
KP-HQ,42,13440,13290,0.011160714285714302,13950,13800,0.010752688172043001,13650,13560,0.00659340659340657,16470,16230,0.014571948998178486,16440,16260,0.010948905109489093,5100,5070,0.00588235294117645,0,22250,0,0,13676,0,0,14402,0,0,14421,0,0,15439,0,0,16277,0,,79050,174675,0,1
KP-HQ,420,34939,35621,0,34128,34819,0,31045,31691,0,34421,35121,0,32472,33148,0,34773,35502,0,34090,34771,0,28351,29022,0,36417,37160,0,33689,34378,0,37976,38707,0,36629,37353,0,,408930,417293,0,1
KP-HQ,421,4101,2768,0.32504267251889785,1601,1555,0.028732042473454067,1453,1345,0.07432897453544396,1703,1581,0.0716382853787434,2068,1927,0.06818181818181823,1722,1553,0.09814169570267128,1448,1281,0.11533149171270718,1802,1747,0.030521642619311895,1835,1793,0.0228882833787466,1619,1576,0.026559604694255667,1887,1876,0.005829358770535253,2019,1982,0.01832590391282818,,23258,20984,0.09777280935592059,27
KP-HQ,422,31779,14977,0.5287139305830895,16435,15366,0.06504411317310621,16014,16100,0,19701,19075,0.03177503680016247,17888,17333,0.031026386404293338,22153,21405,0.033765178531124485,19361,18900,0.023810753576778088,20527,19894,0.03083743362400737,21736,21085,0.029950312845049676,19169,18623,0.02848348896656061,20432,19710,0.03533672670321064,19600,19013,0.029948979591836733,,244795,221481,0.0952388733430013,52
KP-HQ,423,2891,2893,0,2740,2743,0,2847,2851,0,3104,3108,0,3136,3140,0,3036,3044,0,3325,3327,0,3014,3018,0,3128,3134,0,3000,3003,0,2824,2830,0,2917,2922,0,,35962,36013,0,1
KP-HQ,424,10772,10740,0.002970664686223534,10735,10703,0.0029809035863995748,10827,10793,0.003140297404636505,11576,11537,0.0033690393918451855,11403,11363,0.0035078488117161744,10288,10259,0.002818818040435489,9447,9421,0.0027521964644861008,9299,9272,0.0029035380148403345,8824,8799,0.0028331822302810616,7749,7730,0.002451929281197529,6554,6540,0.0021361000915471884,4866,4854,0.002466091245376112,,112340,112011,0.002928609578066621,1
KP-HQ,425,264,645,0,268,649,0,445,808,0,502,884,0,611,983,0,502,899,0,669,1028,0,602,977,0,489,913,0,341,719,0,286,677,0,225,604,0,,5204,9786,0,1
KP-HQ,426,5478,5475,0.0005476451259583959,5506,5503,0.0005448601525608332,5814,5807,0.001203990368077057,5896,5891,0.0008480325644504294,6040,6034,0.000993377483443747,5775,5769,0.0010389610389610615,5914,6346,0,6731,6255,0.07071757539741497,6401,6643,0,6688,6471,0.03244617224880386,6432,6451,0,6555,6455,0.015255530129671957,,73230,73100,0.0017752287313942405,1
KP-HQ,427,7182,7223,0,6681,6733,0,5855,5904,0,10849,10898,0,10506,10546,0,9934,9979,0,10976,11015,0,8070,8111,0,7177,7218,0,10096,10133,0,8220,8311,0,6405,6380,0.0039032006245121043,,101951,102451,0,1
KP-HQ,428,99747,99816,0,95416,95500,0,95492,95588,0,102853,102960,0,93795,93909,0,96758,96848,0,94068,94157,0,98163,98257,0,106670,106761,0,99173,99265,0,105210,105280,0,93390,93456,0,,1180735,1181797,0,1
KP-HQ,429,28695,9426,0.6715107161526399,10089,10172,0,10327,9588,0.07155998837997479,13695,13327,0.026871120847024477,14345,13908,0.030463576158940353,11521,11203,0.027601770679628546,9191,8941,0.027200522250027226,9226,8973,0.027422501625840034,8380,8083,0.03544152744630069,9329,9026,0.03247936541965912,10005,9809,0.019590204897551255,9995,9739,0.025612806403201627,,144798,122195,0.1561002223787621,65
KP-HQ,43,4518,4617,0,4938,5038,0,4653,4743,0,4783,4881,0,4214,4292,0,1695,1723,0,0,6693,0,0,4241,0,0,4465,0,0,4828,0,0,5148,0,0,4645,0,,24801,55314,0,1
KP-HQ,430,7100,7100,0,7420,7420,0,8060,8040,0.002481389578163795,8300,8320,0,8280,8280,0,7840,7840,0,8120,8060,0.007389162561576401,8720,8780,0,8600,8580,0.0023255813953488857,8160,8140,0.002450980392156854,8200,8220,0,8040,7960,0.00995024875621886,,96840,96740,0.0010326311441553049,1
KP-HQ,431,4014,4019,0,4627,4624,0.0006483682731791562,4487,4483,0.0008914642299977515,8316,8311,0.0006012506012506025,13984,13972,0.0008581235697940892,13493,13479,0.001037575038909111,12226,12216,0.0008179290037624298,8520,8512,0.0009389671361502705,11405,11397,0.000701446733888611,9791,9784,0.0007149422939434213,9363,9360,0.00032041012495998,8286,8281,0.000603427468018336,,108512,108438,0.000681952226481819,2
KP-HQ,432,0,0,,0,0,,0,0,,0,0,,0,0,,0,0,,0,0,,0,97,0,100,14,0.86,3,2,0.33333333333333337,44,47,0,21,24,0,,168,184,0,1
KP-HQ,433,114117,114046,0.000622168476212992,111095,111024,0.0006390926684368692,108129,108060,0.0006381266820186804,107234,107161,0.000680754238394532,102027,101959,0.0006664902427788721,96858,96786,0.0007433562534844285,95504,95431,0.0007643658904339379,74900,74842,0.0007743658210948023,87911,87842,0.0007848847129483527,81477,81420,0.0006995839316616959,47489,47448,0.0008633578302343903,38507,38477,0.0007790791284701948,,1065248,1064496,0.0007059388987352699,1
KP-HQ,434,1874,1864,0.005336179295624355,1955,1945,0.005115089514066473,2012,2011,0.0004970178926441138,2754,2724,0.01089324618736387,2032,2021,0.005413385826771644,2179,2172,0.0032124827902707542,2364,2347,0.007191201353637933,2526,2478,0.019002375296912066,3033,3007,0.008572370590174794,2702,2689,0.0048112509252405955,2662,2689,0,2463,2412,0.020706455542021884,,28556,28359,0.006898725311668352,1
KP-HQ,435,13946,13903,0.003083321382475246,14724,14678,0.0031241510459114608,14865,14817,0.0032290615539858347,15701,15652,0.0031208203299153414,16630,16580,0.0030066145520144527,15646,15599,0.0030039626741659164,15760,15713,0.002982233502538123,16041,15993,0.002992332148868515,16149,16050,0.006130410551736909,14810,14821,0,15429,15382,0.0030462116793051885,15222,15182,0.002627775587964787,,184923,184370,0.002990433856253638,1
KP-HQ,436,1176,1177,0,992,991,0.0010080645161290036,907,911,0,912,913,0,892,893,0,976,977,0,1031,1034,0,728,725,0.004120879120879106,702,707,0,629,624,0.007949125596184436,563,593,0,682,651,0.045454545454545414,,10190,10196,0,1
KP-HQ,437,8627,9205,0,14303,14906,0,6931,7492,0,7101,7676,0,10039,10632,0,7199,7809,0,10970,11560,0,9757,10351,0,12502,13153,0,9589,10173,0,12234,12840,0,12877,13498,0,,122129,129295,0,1
KP-HQ,438,10677,10677,0,10546,10546,0,11828,11829,0,10109,10111,0,12392,12398,0,10948,10944,0.00036536353671901,8249,8250,0,11898,11898,0,15309,15311,0,11116,11118,0,13662,13664,0,14762,14764,0,,141496,141510,0,1
KP-HQ,439,694,321,0.537463976945245,478,359,0.2489539748953975,358,403,0,314,367,0,527,433,0.17836812144212522,354,395,0,358,375,0,365,409,0,272,312,0,355,398,0,334,376,0,297,303,0,,4706,4451,0.05418614534636634,3
KP-HQ,44,4600,4620,0,4160,4200,0,4260,4260,0,4460,4480,0,3880,0,1,3020,6200,0,280,3395,0,0,3952,0,0,4173,0,0,4183,0,0,4575,0,0,4711,0,,24660,48749,0,1
KP-HQ,440,2244,2614,0,2020,2360,0,2272,2582,0,1567,1912,0,2147,2472,0,1751,2097,0,1873,2201,0,1479,1467,0.008113590263691739,2099,2785,0,1667,2006,0,2202,2535,0,1757,2127,0,,23078,27158,0,1
KP-HQ,441,5892,6325,0,5788,6223,0,7298,7704,0,9023,9464,0,6996,7423,0,7675,8127,0,7093,7507,0,7377,7805,0,7853,8308,0,6494,6912,0,8538,8972,0,7123,7549,0,,87150,92319,0,1
KP-HQ,442,3024,1366,0.5482804232804233,1269,1243,0.02048857368006307,1148,1124,0.020905923344947785,1214,1192,0.018121911037891292,1316,1288,0.021276595744680882,1318,1292,0.019726858877086473,1139,1120,0.01668129938542584,814,1018,0,1230,989,0.19593495934959348,1135,1114,0.018502202643171817,1271,1244,0.02124311565696302,1233,1209,0.019464720194647178,,16111,14199,0.11867668052883118,8
KP-HQ,443,30779,14079,0.5425777315702265,17597,17348,0.01415013922827757,18843,18494,0.01852146685771905,16757,16465,0.017425553500029833,17676,17298,0.021384928716904228,22804,22182,0.02727591650587613,23862,23197,0.027868577654848736,26264,25517,0.02844197380444713,24755,24021,0.029650575641284593,21372,20772,0.028074115665356558,24256,23607,0.026756266490765124,18271,17914,0.01953916041814896,,263236,240894,0.08487440927532708,67
KP-HQ,444,7,1,0.8571428571428572,9,4,0.5555555555555556,94,108,0,130,137,0,97,99,0,81,52,0.3580246913580247,115,153,0,166,169,0,129,131,0,88,93,0,151,152,0,174,172,0.011494252873563204,,1241,1271,0,8
KP-HQ,445,65196,65768,0,55855,56408,0,61125,61670,0,67307,67922,0,63350,63933,0,74189,74869,0,86612,87407,0,69642,70301,0,72109,72782,0,77220,77924,0,76037,76756,0,75713,76393,0,,844355,852133,0,1
KP-HQ,446,19014,19015,0,11079,11103,0,29795,29872,0,37858,37954,0,48198,48275,0,52234,52325,0,40648,40672,0,29959,29985,0,14953,14950,0.00020062863639402906,14990,15018,0,13965,13976,0,9073,9087,0,,321766,322232,0,1
KP-HQ,447,75290,75043,0.0032806481604462645,85181,83944,0.014522017820875588,76676,75179,0.019523710157024365,63968,64762,0,68299,68171,0.0018741123588925657,72376,73507,0,77574,79012,0,63932,65222,0,73408,74651,0,72396,72445,0,79689,80503,0,65509,64622,0.013540124257735542,,874298,877061,0,1
KP-HQ,448,5581,5603,0,5647,5669,0,5892,5915,0,7052,7078,0,7050,7075,0,6172,6195,0,5712,5736,0,5053,5075,0,7182,7209,0,5282,5305,0,5779,5802,0,6719,6746,0,,73121,73408,0,1
KP-HQ,449,4743,5428,0,5643,6324,0,4655,5310,0,6631,7342,0,7181,7883,0,6648,7376,0,6561,7238,0,5711,6388,0,5938,6672,0,4195,4869,0,5156,5844,0,3355,4029,0,,66417,74703,0,1
KP-HQ,45,15960,15450,0.03195488721804507,15630,14910,0.04606525911708248,14880,14490,0.02620967741935487,15270,14820,0.029469548133595258,14670,14160,0.03476482617586907,4800,4500,0.0625,0,23929,0,0,14904,0,0,15015,0,0,15971,0,0,17064,0,0,16061,0,,81210,181274,0,1
KP-HQ,450,249,388,0,243,449,0,407,445,0,345,386,0,378,560,0,207,267,0,151,233,0,473,526,0,465,503,0,419,460,0,344,376,0,334,400,0,,4015,4993,0,5
KP-HQ,451,2440,2460,0,2840,2860,0,2800,2840,0,3040,3060,0,2980,3020,0,2760,2780,0,2760,2780,0,3180,3220,0,3260,3280,0,3240,3200,0.012345679012345734,3460,3580,0,3680,3700,0,,36440,36780,0,1
KP-HQ,452,10617,5161,0.5138928134124517,5812,5738,0.012732278045423318,5564,5476,0.01581595974119343,6316,6225,0.014407853071564336,6268,6067,0.032067645181876214,6045,6066,0,5812,5725,0.014969029593943528,6435,6328,0.01662781662781665,3735,6089,0,0,5459,0,0,5548,0,19096,5509,0.7115102639296187,,75700,69391,0.08334214002642004,27
KP-HQ,453,0,7,0,6,8,0,0,7,0,74,8,0.8918918918918919,0,7,0,0,8,0,23,0,1,0,16,0,0,5,0,0,4,0,0,4,0,0,4,0,,103,78,0.24271844660194175,1
KP-HQ,454,721,744,0,937,963,0,1260,1278,0,1239,1259,0,1318,1339,0,1129,1152,0,923,944,0,1380,1402,0,333,354,0,436,452,0,168,196,0,100,125,0,,9944,10208,0,1
KP-HQ,455,190,215,0,214,217,0,212,217,0,208,210,0,213,215,0,208,213,0,87,112,0,105,130,0,91,116,0,105,131,0,119,150,0,102,130,0,,1854,2056,0,1
KP-HQ,456,262129,23157,0.91165800045016,25094,24329,0.03048537499003745,29717,28268,0.04875996904128954,32572,30730,0.05655163944492203,38984,35574,0.08747178329571104,31668,31653,0.0004736642667677593,29895,28527,0.045760160561966856,36002,34383,0.04496972390422749,34046,32584,0.042941902132409115,35199,33389,0.0514219153953237,36954,35208,0.047247929858743265,34724,32511,0.06373113696578736,,626984,370313,0.4093740829112067,88
KP-HQ,457,15240,7730,0.4927821522309711,7240,7084,0.021546961325966896,7380,7243,0.018563685636856397,8178,8036,0.01736365859623379,7886,7732,0.019528277960943474,7394,7259,0.018258047065187966,7083,6948,0.019059720457433316,7233,7157,0.010507396654223733,7082,6998,0.011861056198813946,7291,7175,0.015910026059525406,7448,7291,0.021079484425349126,8155,7844,0.038136112814224354,,97610,88497,0.09336133592869578,89
KP-HQ,458,1578,1579,0,1684,1686,0,3883,3889,0,2538,2541,0,1875,1877,0,1858,1860,0,1633,1620,0.007960808328230207,1619,1627,0,1809,1821,0,1908,1892,0.008385744234800874,1983,2080,0,2191,2083,0.04929256047466912,,24559,24555,0.00016287308115148225,1
KP-HQ,459,4454,4466,0,3439,3430,0.002617039837161994,4140,4133,0.0016908212560386993,3511,3524,0,7451,7480,0,4245,4245,0,5092,5058,0.00667714061272584,3552,3553,0,3433,3434,0,3203,3204,0,3229,3230,0,2826,2828,0,,48575,48585,0,1
KP-HQ,46,22530,21630,0.039946737683089206,22110,22800,0,22200,22080,0.00540540540540535,24240,23970,0.011138613861386149,24120,24090,0.0012437810945273853,8520,8430,0.010563380281690127,0,36652,0,0,21822,0,0,23474,0,0,24926,0,0,24158,0,0,22856,0,,123720,276888,0,1
KP-HQ,460,8555,8516,0.004558737580362404,8190,8151,0.004761904761904745,8515,8475,0.004697592483852042,8846,8805,0.004634863215012386,7863,7556,0.03904362202721612,8007,8240,0,8125,8087,0.004676923076923023,8525,38486,0,8911,0,1,8368,0,1,8546,0,1,8055,3734,0.5364369956548727,,100506,100050,0.004537042564623062,1
KP-HQ,461,9271,9228,0.004638118865278873,10162,10113,0.004821885455619013,10224,10174,0.004890453834115793,11333,11276,0.005029559692932173,10139,10089,0.004931452805996606,10687,10635,0.004865724712267205,10863,10810,0.0048789468839178785,11004,10787,0.01972010178117045,11389,11499,0,10707,10657,0.004669842159334969,10983,10933,0.004552490212146099,10235,10069,0.016218856863702946,,126997,126270,0.005724544674283627,1
KP-HQ,462,6184,6192,0,7226,7236,0,7277,7290,0,7187,7199,0,6155,6164,0,6392,6402,0,6420,6351,0.010747663551401887,6824,6877,0,7410,7329,0.010931174089068851,7220,7359,0,7541,7543,0,6860,6776,0.01224489795918371,,82696,82718,0,1
KP-HQ,463,3390,3394,0,3187,3214,0,2959,2966,0,2880,2891,0,2629,2336,0.11144922023583115,2100,2407,0,2195,2207,0,2175,2176,0,2240,2246,0,2116,2122,0,1967,1972,0,1994,1999,0,,29832,29930,0,1
KP-HQ,464,4527,1654,0.6346366246962669,2537,1698,0.3307055577453686,5128,2157,0.5793681747269891,6888,7877,0,5927,5856,0.011979078791968911,6241,6176,0.010414997596538966,5192,5145,0.009052388289676472,4907,4877,0.006113715100876327,5217,5166,0.009775733179988477,5099,5052,0.009217493626201168,5040,5017,0.004563492063492047,4564,4545,0.004163014899211226,,61267,55220,0.09869913656617757,12
KP-HQ,465,6421,3356,0.4773399781965426,3501,3108,0.11225364181662378,8611,8417,0.022529322959005893,8680,8478,0.02327188940092162,8976,8760,0.024064171122994638,9106,8528,0.06347463211069626,8499,8497,0.000235321802565025,9384,9293,0.009697357203751089,11281,11002,0.024731850013296697,11127,10855,0.024445043587669635,12658,12359,0.023621425185653355,11171,10922,0.02228985766717395,,109415,103575,0.05337476579993605,69
KP-HQ,466,9919,4899,0.506099405181974,5868,5174,0.11826857532379009,4605,4038,0.1231270358306189,3364,2991,0.11087990487514865,5429,4812,0.11364892245349056,1685,2454,0,2074,1947,0.06123432979749277,2958,2753,0.06930358350236643,1292,1221,0.054953560371516996,1421,1332,0.06263194933145677,1667,1571,0.0575884823035393,6089,5659,0.07061914928559698,,46371,38851,0.1621703219684717,20
KP-HQ,467,4139,2209,0.4662962068132399,2002,1942,0.029970029970029954,1153,1112,0.03555941023417175,1268,1218,0.039432176656151396,1790,1725,0.03631284916201116,863,836,0.03128621089223638,843,815,0.033214709371293005,1182,1152,0.025380710659898442,889,822,0.07536557930258714,992,969,0.02318548387096775,1046,1000,0.04397705544933084,4213,3945,0.06361262758129604,,20380,17745,0.1292934249263984,12
KP-HQ,468,14137,14139,0,17139,17145,0,17199,17212,0,13421,13432,0,17241,17260,0,16887,16900,0,16620,16577,0.0025872442839951493,13925,13997,0,13970,13991,0,17842,17869,0,15843,15851,0,16827,16832,0,,191051,191205,0,1
KP-HQ,469,10587,11461,0,11341,12217,0,10149,10951,0,10444,11273,0,12014,12860,0,11460,12313,0,9344,10151,0,8396,9185,0,1628,2395,0,497,1253,0,503,1238,0,435,1169,0,,86798,96466,0,1
KP-HQ,47,1678890,13975,0.9916760478649584,13830,13897,0,13710,13859,0,15360,15470,0,14340,14447,0,14970,15154,0,14460,14577,0,14820,14934,0,15480,15646,0,16830,16926,0,15780,15891,0,14730,14896,0,,1843200,179672,0.9025217013888889,117
KP-HQ,470,76199,76188,0.000144358849853643,87768,87759,0.0001025430680885453,103517,103496,0.00020286522986567856,79184,79180,5.051525560717529e-05,40726,40724,4.910867750329562e-05,16860,16860,0,21288,21281,0.00032882375046972,25287,25283,0.00015818404713885403,22965,22964,4.354452427601796e-05,23307,23301,0.0002574333891105507,21873,21869,0.00018287386275317452,57885,57870,0.0002591344908007276,,576859,576775,0.00014561617310293595,1
KP-HQ,471,1720,1720,0,1940,1940,0,2140,2140,0,2180,2160,0.00917431192660545,2100,2120,0,1980,1960,0.010101010101010055,1920,1940,0,2280,2280,0,2240,2240,0,2420,2380,0.016528925619834656,2540,2580,0,2560,2540,0.0078125,,26020,26000,0.000768639508070712,1
KP-HQ,472,1320,1320,0,1480,1460,0.013513513513513487,1400,1420,0,1440,1440,0,1500,1480,0.013333333333333308,1040,1040,0,1080,1060,0.01851851851851849,1520,1540,0,1480,1480,0,1560,1600,0,1340,1280,0.04477611940298509,1440,1440,0,,16600,16560,0.002409638554216831,1
KP-HQ,473,1216,1217,0,7517,7519,0,11095,11100,0,586,588,0,2987,2988,0,10607,10611,0,8088,8093,0,1238,1240,0,5207,5209,0,12254,12257,0,2600,2603,0,2503,2504,0,,65898,65929,0,1
KP-HQ,474,11010,11018,0,13076,13088,0,10503,10514,0,12106,12119,0,10106,10119,0,12846,12863,0,12392,12408,0,11387,11402,0,11208,11224,0,9222,9235,0,12201,12218,0,12739,12756,0,,138796,138964,0,1
KP-HQ,475,2853,2819,0.01191728005608128,6105,6140,0,7590,7591,0,7216,7218,0,6470,6470,0,9151,9153,0,9061,9062,0,9381,9383,0,9639,9640,0,9065,9067,0,9287,9288,0,8625,8627,0,,94443,94458,0,1
KP-HQ,476,17681,17697,0,18817,18840,0,19027,19052,0,20866,20873,0,19518,19574,0,20859,20896,0,20320,20355,0,20869,20907,0,22066,22105,0,19919,19952,0,21046,21073,0,21136,21161,0,,242124,242485,0,1
KP-HQ,477,0,0,,0,0,,0,0,,0,0,,0,0,,0,0,,0,0,,0,0,,0,0,,0,0,,0,0,,0,0,,,0,0,,1
KP-HQ,478,1360,1220,0.1029411764705882,1160,1180,0,1100,1060,0.036363636363636376,1140,1160,0,1280,1220,0.046875,1300,1240,0.0461538461538461,1220,1240,0,1380,1240,0.10144927536231885,1200,1200,0,1240,1220,0.016129032258064502,1300,1260,0.03076923076923077,1360,1380,0,,15040,14620,0.027925531914893664,1
KP-HQ,479,7040,7020,0.0028409090909090606,8560,8500,0.007009345794392496,11540,11620,0,11200,11220,0,12420,12440,0,12220,12220,0,13380,13380,0,16500,16520,0,16760,16780,0,16280,16320,0,15660,15680,0,12720,12720,0,,154280,154420,0,1
KP-HQ,48,35030,11133,0.6821866971167571,12812,12403,0.03192319700280988,12553,12178,0.029873337050904114,13640,13316,0.023753665689149606,13426,13061,0.02718605690451359,13627,13277,0.025684303221545468,13390,13065,0.024271844660194164,12975,13500,0,10710,10866,0,11577,11951,0,11395,11782,0,10516,10891,0,,171651,147423,0.1411468619466243,101
KP-HQ,480,6180,6200,0,6360,6340,0.0031446540880503138,6360,6380,0,6400,6420,0,5920,5960,0,5840,5800,0.006849315068493178,5740,5740,0,6280,6280,0,6460,6460,0,6240,6260,0,6240,6220,0.0032051282051281937,6300,6280,0.0031746031746031633,,74320,74340,0,1
KP-HQ,481,4040,3940,0.024752475247524774,4320,4220,0.02314814814814814,4560,4440,0.02631578947368418,4460,4360,0.022421524663677084,4460,4480,0,5040,4800,0.04761904761904767,4940,4820,0.02429149797570851,5060,4940,0.02371541501976282,4940,4820,0.02429149797570851,4620,4580,0.008658008658008698,4860,4660,0.04115226337448563,4960,4840,0.024193548387096753,,56260,54900,0.024173480270174186,1
KP-HQ,482,4260,4220,0.009389671361502372,4260,4260,0,4780,4820,0,5920,5720,0.03378378378378377,4720,4760,0,4680,4540,0.02991452991452992,4880,4820,0.012295081967213073,5220,5180,0.007662835249042099,5700,5640,0.010526315789473717,5380,5320,0.01115241635687736,4220,4180,0.009478672985781977,0,0,,,54020,53460,0.010366530914476146,1
KP-HQ,483,2800,2860,0,3140,3140,0,2880,2900,0,2600,2620,0,2360,2400,0,2320,2440,0,2600,2640,0,3060,3100,0,2980,3020,0,3000,3040,0,3160,3200,0,3280,3340,0,,34180,34700,0,1
KP-HQ,484,2520,2540,0,3000,3000,0,3220,3200,0.006211180124223614,3120,3100,0.0064102564102563875,2880,2920,0,2980,3020,0,3060,3060,0,3320,3320,0,3540,3560,0,3520,3540,0,3500,3500,0,3700,3700,0,,38360,38460,0,1
KP-HQ,485,2580,2560,0.007751937984496138,2780,2780,0,3000,3040,0,3040,3060,0,2720,2740,0,3120,2880,0.07692307692307687,3160,3120,0.012658227848101222,3400,3360,0.0117647058823529,3340,3300,0.0119760479041916,3340,3320,0.005988023952095856,3340,3280,0.017964071856287456,3500,3460,0.011428571428571455,,37320,36900,0.0112540192926045,1
KP-HQ,486,2813,2815,0,2983,2985,0,3066,3069,0,3186,3190,0,3075,3078,0,3176,3180,0,3411,3413,0,3636,3613,0.006325632563256356,3528,3541,0,3471,3493,0,3302,3307,0,3426,3427,0,,39073,39111,0,1
KP-HQ,487,6644,6574,0.010535821794099953,7489,7411,0.010415275737748697,7522,7444,0.010369582557830381,8269,8182,0.010521223848107386,7352,7276,0.010337323177366686,7743,7663,0.01033191269533773,5368,9955,0,10337,5589,0.45932088613717714,8448,10863,0,8218,5629,0.31504015575565836,8342,8254,0.010549029009829791,7877,7795,0.010410054589310658,,93609,92635,0.010404982426903353,1
KP-HQ,488,1020,1022,0,1497,1497,0,1756,1758,0,1464,1466,0,1320,1321,0,1317,1318,0,1221,1222,0,1282,1284,0,1219,1216,0.0024610336341263084,1314,1320,0,1291,1291,0,1373,1366,0.0050983248361252675,,16074,16081,0,1
KP-HQ,489,349,347,0.005730659025787954,312,310,0.0064102564102563875,340,338,0.00588235294117645,372,370,0.005376344086021501,403,401,0.00496277915632759,518,515,0.00579150579150578,510,507,0.00588235294117645,590,587,0.005084745762711895,584,582,0.003424657534246589,1009,1003,0.00594648166501488,439,436,0.006833712984054663,679,675,0.00589101620029453,,6105,6071,0.005569205569205593,1
KP-HQ,49,57788,27363,0.5264933896310653,27874,26641,0.044234770754107755,29372,28080,0.043987471060874306,38115,36400,0.044995408631772316,39388,37490,0.04818726515690053,37342,35620,0.046114294895827745,37467,35804,0.04438572610563962,37861,36223,0.043263516547370595,35694,34064,0.04566593825292764,39702,38072,0.041055866203214,40480,38812,0.041205533596837984,37565,35988,0.041980567017170234,,458648,410557,0.10485383126057457,210
KP-HQ,490,1602,1605,0,1952,1956,0,2140,2145,0,1781,1785,0,1598,1401,0.12327909887359201,1530,1735,0,1816,1699,0.06442731277533043,1598,1719,0,1676,1683,0,1647,1653,0,1773,1757,0.009024252679075029,1711,1714,0,,20824,20852,0,1
KP-HQ,491,5508,5508,0,6759,6757,0.0002959017606154468,6386,6383,0.0004697776385843566,8456,8451,0.0005912961210974288,8964,8959,0.0005577867023650596,8603,8600,0.0003487155643380202,9640,9641,0,7633,7627,0.0007860605266605258,8817,8804,0.0014744244073947588,6417,6416,0.00015583606046443155,7435,7686,0,5911,5665,0.041617323633902914,,90529,90497,0.000353477891062548,1
KP-HQ,492,18956,8341,0.5599810086516143,8933,8874,0.006604724056867739,10159,10056,0.010138793188305906,11482,11368,0.00992858387040585,13574,13439,0.009945484013555328,11991,11869,0.010174297389708986,11561,11356,0.01773203010120228,12707,12601,0.008341858817974335,11758,11710,0.004082326926348023,10859,10747,0.010314025232526003,12528,12405,0.009818007662835249,10854,10748,0.009765984890362955,,145362,133514,0.08150685873887265,91
KP-HQ,493,426803,16699,0.96087422065918,17083,16742,0.019961365099806838,19018,18626,0.02061205174045644,20929,20479,0.021501266185675383,22594,22147,0.01978401345489955,19335,18904,0.02229118179467282,17733,17359,0.021090622004173,19323,18972,0.018164881229622676,18730,18337,0.020982381206620437,18052,17694,0.01983159760691333,19991,19644,0.017357811014956703,17988,17769,0.012174783188792504,,637579,223372,0.6496559642020832,132
KP-HQ,494,65498,33898,0.48245747961769825,30922,32325,0,31696,33031,0,35261,36543,0,37609,38675,0,38446,38454,0,34009,34051,0,37457,37432,0.0006674319886803559,34972,34941,0.000886423424453886,34557,34475,0.0023728911653210227,38708,38635,0.0018859150563190763,34197,34086,0.0032458987630493707,,453332,426546,0.059086938490995555,172
KP-HQ,495,762,1091,0,1480,1150,0.22297297297297303,1261,1262,0,1276,1276,0,1132,1133,0,1160,1159,0.0008620689655172153,1168,1157,0.009417808219178037,1419,1431,0,1641,1637,0.0024375380865325758,1451,1457,0,1435,1464,0,1349,1311,0.028169014084507005,,15534,15528,0.00038624951718813083,1
KP-HQ,496,11334,11327,0.0006176107287806376,11621,11614,0.0006023578005335262,11749,11741,0.0006809090135330154,12555,12546,0.0007168458781362519,12154,12145,0.0007404969557347485,11693,11683,0.0008552125203112881,11749,11740,0.0007660226402247394,11649,11485,0.014078461670529618,12180,12324,0,11975,11832,0.011941544885177402,13140,13632,0,13470,12916,0.04112843355605045,,145269,144985,0.0019549938390158728,1
KP-HQ,497,14626,14633,0,14839,14845,0,14240,14244,0,16584,16586,0,15886,15890,0,15934,15940,0,14950,14956,0,15074,14907,0.011078678519304774,16785,16965,0,15213,15014,0.013080917636232203,14526,14979,0,15768,15530,0.0150938609842719,,184425,184489,0,1
KP-HQ,498,3627,3626,0.00027570995312931057,3334,3331,0.00089982003599276,2840,2840,0,2335,2333,0.0008565310492505418,2235,2234,0.0004474272930649059,2968,2966,0.0006738544474393926,4835,4832,0.0006204756980351389,4862,4858,0.0008227067050596837,4405,4402,0.0006810442678774065,5237,5234,0.0005728470498377325,5248,5245,0.0005716463414634498,5673,5669,0.0007050943063634518,,47599,47570,0.0006092564969851777,1
KP-HQ,499,10446,5238,0.49856404365307294,5488,5193,0.05375364431486884,6564,5862,0.10694698354661791,6621,6400,0.03337864370940946,6299,5853,0.07080488966502618,6389,6086,0.04742526216935361,5956,5695,0.04382135661517794,6460,6164,0.045820433436532526,6416,6107,0.048160847880299285,6139,5867,0.04430689037302493,6261,5971,0.046318479476122,5997,5690,0.05119226279806566,,79036,70126,0.11273343792702062,61
KP-HQ,50,1902,26904,0,966,27956,0,1005,28872,0,1110,31792,0,1259,36052,0,1134,32566,0,32880,31589,0.03926399026763994,27390,32053,0,37268,31134,0.1645916067403671,32111,30688,0.04431503223194544,33973,32668,0.03841285726900778,30502,29271,0.04035800931086486,,201500,371545,0,271
KP-HQ,500,610,613,0,791,795,0,639,641,0,1183,1187,0,598,601,0,941,944,0,708,715,0,383,381,0.005221932114882533,278,281,0,703,704,0,498,500,0,471,470,0.002123142250530785,,7803,7832,0,1
KP-HQ,501,0,0,,0,0,,0,0,,0,0,,0,0,,0,0,,0,0,,0,0,,0,0,,0,0,,0,0,,0,0,,,0,0,,0
KP-HQ,502,113172,1163,0.9897236065457887,58134,1878,0.9676953245949015,62842,1359,0.9783743356354031,67902,1181,0.9826072869724014,78131,1311,0.9832204886664704,1120,1105,0.013392857142857095,1175,1163,0.010212765957446801,1324,1311,0.00981873111782472,1340,1326,0.010447761194029903,1321,1307,0.010598031794095353,1209,1198,0.009098428453267138,1053,1041,0.01139601139601143,,388723,15343,0.9605297345410485,8
KP-HQ,503,336,146,0.5654761904761905,180,172,0.0444444444444444,170,162,0.04705882352941182,255,202,0.207843137254902,279,320,0,263,254,0.034220532319391594,234,225,0.038461538461538436,210,203,0.033333333333333326,265,257,0.030188679245283012,238,232,0.025210084033613467,256,248,0.03125,212,204,0.037735849056603765,,2898,2625,0.09420289855072461,8
KP-HQ,504,1341,1321,0.014914243102162605,1415,1393,0.015547703180212036,1503,1460,0.028609447771124397,1631,1608,0.014101778050275904,1730,1710,0.011560693641618491,1655,1630,0.015105740181268867,1427,1404,0.016117729502452716,1644,1622,0.01338199513381999,1656,1632,0.01449275362318836,1693,1617,0.044890726520968705,1607,1636,0,1355,1340,0.011070110701106972,,18657,18373,0.015222168623036936,29
KP-HQ,505,25412,13103,0.48437745946796784,17036,16157,0.05159661892463019,15716,14877,0.05338508526342578,16297,15418,0.05393630729582133,15395,14830,0.0367002273465411,13110,12711,0.0304347826086957,12640,12273,0.029034810126582267,12510,12145,0.029176658673061517,12913,12500,0.0319832726709518,12385,11984,0.032377876463463906,13779,13341,0.031787502721532745,12964,12567,0.030623264424560315,,180157,161906,0.10130608302758148,63
KP-HQ,506,6376,3116,0.5112923462986199,3093,3037,0.01810539928871646,3045,2996,0.016091954022988464,3420,3362,0.016959064327485396,3400,3346,0.01588235294117646,3492,3434,0.016609392898052744,3519,3463,0.015913611821540163,3215,3158,0.017729393468118193,3521,3465,0.015904572564612307,3900,3831,0.017692307692307674,3842,3781,0.015877147319104612,3658,3601,0.015582285401858909,,44481,40590,0.0874755513590072,34
KP-HQ,507,19362,4875,0.7482181592810659,4520,4422,0.021681415929203585,4610,4514,0.02082429501084604,5589,5459,0.023259974950796236,5580,5449,0.023476702508960612,5908,5789,0.020142180094786744,5967,5848,0.019943019943019946,6234,6102,0.02117420596727626,5816,5687,0.022180192572214597,5588,5478,0.019685039370078705,5800,5684,0.020000000000000018,5561,5362,0.0357849307678475,,80535,64669,0.1970075122617495,56
KP-HQ,508,6598,3096,0.5307668990603214,3644,3559,0.023326015367727826,3671,3579,0.025061291201307512,3873,3772,0.02607797572940873,4089,3985,0.025434091464905828,3999,3894,0.026256564141035277,3999,3902,0.024256064016003998,4313,4190,0.028518432645490366,4437,4217,0.04958305161144916,3788,3796,0,5376,5059,0.058965773809523836,5423,5386,0.0068227918126497755,,53210,48435,0.08973877090772409,77
KP-HQ,509,43882,20202,0.539629005059022,19735,19177,0.028274638966303556,20557,19867,0.033565208931264245,24297,23779,0.021319504465571848,26104,25416,0.026356114005516407,23628,23033,0.02518198747249023,22414,21897,0.023065940929775985,23411,22678,0.03131006791679125,22358,22431,0,21553,20984,0.02640003711780259,24600,23883,0.02914634146341466,23120,22406,0.030882352941176472,,295659,265753,0.10115031167662747,105
KP-HQ,51,61360,29256,0.5232073011734029,30160,28919,0.041147214854111436,32280,30681,0.04953531598513006,34080,32647,0.04204812206572772,33840,32376,0.04326241134751774,33000,31471,0.04633333333333334,32200,30881,0.040962732919254674,31600,30216,0.043797468354430324,30200,28798,0.04642384105960262,32680,31265,0.04329865361077112,34520,32838,0.048725376593279246,33120,31558,0.04716183574879229,,419040,370906,0.11486731576937759,118
KP-HQ,510,544,278,0.48897058823529416,387,384,0.007751937984496138,415,413,0.004819277108433773,313,312,0.0031948881789137795,369,368,0.0027100271002710175,335,334,0.0029850746268657025,236,237,0,287,283,0.013937282229965153,269,268,0.0037174721189591198,283,282,0.0035335689045936647,286,285,0.0034965034965035446,358,356,0.005586592178770999,,4082,3800,0.06908378245957869,4
KP-HQ,511,670150,670250,0,657490,657700,0,633040,633100,0,611820,611970,0,724620,724700,0,786810,786890,0,809641,809690,0,837409,837460,0,691400,691510,0,707430,707590,0,650730,650870,0,664959,665159,0,,8445499,8446889,0,1
KP-HQ,512,807,807,0,783,784,0,681,681,0,900,900,0,621,621,0,899,899,0,246,247,0,858,858,0,432,433,0,198,198,0,497,497,0,236,236,0,,7158,7161,0,1
KP-HQ,513,13927,14415,0,34686,35408,0,44678,45482,0,28298,28985,0,26741,27408,0,5761,6181,0,17773,18321,0,32286,32975,0,39421,40249,0,15345,15886,0,35636,36461,0,41062,41976,0,,335614,343747,0,1
KP-HQ,514,4325,4318,0.0016184971098266443,4361,4353,0.001834441641825224,3994,3682,0.07811717576364552,140471,22287,0.8413409173423696,4823,5636,0,3867,4746,0,3244,4039,0,3530,4345,0,4123,5008,0,6927,7162,0,5121,6553,0,9208,10072,0,,193994,82201,0.5762704001154675,1
KP-HQ,515,15922,15922,0,15881,15874,0.0004407782885208489,14331,14324,0.0004884516084013857,17576,17564,0.000682749203459232,15283,15272,0.0007197539750048998,15652,15640,0.0007666751852798415,15181,15185,0,15924,15893,0.0019467470484803018,14899,14888,0.0007383045842003222,13307,13298,0.0006763357631321965,16954,16947,0.00041288191577204536,16218,16216,0.00012331976815882495,,187128,187023,0.0005611132486853521,1
KP-HQ,516,4524,4526,0,5005,5007,0,5272,5277,0,5582,5587,0,6530,6539,0,6666,6675,0,6387,6398,0,6258,6270,0,5928,5941,0,6184,6197,0,5218,5228,0,5564,5576,0,,69118,69221,0,1
KP-HQ,517,5311,5300,0.0020711730370928105,6518,6499,0.0029150046026388265,6719,6701,0.002678970084834087,5619,5600,0.0033813845880049653,6939,6915,0.0034587116299178433,7171,7150,0.002928461860270515,6843,6822,0.003068829460762812,6528,6507,0.003216911764705843,6556,6537,0.0028981086028065928,7417,7396,0.002831333423216953,6460,6444,0.002476780185758476,6791,6776,0.0022088057723457233,,78872,78647,0.002852723399939139,1
KP-HQ,518,943,515,0.45387062566277836,565,541,0.04247787610619469,401,390,0.027431421446383997,390,378,0.03076923076923077,475,462,0.027368421052631597,281,270,0.039145907473309594,301,291,0.03322259136212624,904,252,0.7212389380530974,1835,2446,0,1974,1950,0.012158054711246202,2557,2643,0,2595,2572,0.008863198458574195,,13221,12710,0.03865063157098558,12
KP-HQ,519,10167,10164,0.00029507229271175106,10318,10313,0.00048459003682888024,12413,12409,0.00032224280995729604,12079,12075,0.0003311532411623963,12914,12911,0.00023230602446955295,12191,12187,0.00032811090148465727,10861,10856,0.0004603627658594789,11776,11773,0.0002547554347825942,11335,11330,0.0004411116012351668,10547,10544,0.00028444107329095303,10443,10440,0.0002872737719046281,9949,9946,0.00030153784299924435,,134993,134948,0.00033335061818018374,1
KP-HQ,52,30204,14520,0.5192689709972189,14234,13585,0.04559505409582687,14695,13950,0.05069751616195983,16022,15426,0.03719885157907876,16459,15545,0.0555319278206452,16055,15410,0.04017440049828713,15173,14334,0.05529559085217162,15665,15173,0.03140759655282477,14773,14116,0.04447302511338247,15333,14784,0.0358051261983956,15646,14961,0.043781158123482045,14978,14028,0.06342635865936708,,199237,175832,0.11747316010580366,124
KP-HQ,520,2567,2583,0,2612,2630,0,2980,2999,0,3300,3323,0,3225,3245,0,3233,3253,0,3322,3343,0,3505,3521,0,3651,3663,0,3570,3615,0,3475,3498,0,3105,3099,0.0019323671497584183,,38545,38772,0,1
KP-HQ,521,3323,3350,0,3740,3771,0,4046,4082,0,3727,3760,0,3228,3255,0,2804,2826,0,3483,3458,0.007177720356014938,3445,3530,0,3216,3200,0.00497512437810943,3385,3414,0,3224,3236,0,3543,3598,0,,41164,41480,0,1
KP-HQ,522,946,949,0,1085,1091,0,1125,1134,0,1584,1589,0,1572,1582,0,1503,1512,0,1675,1685,0,1815,1821,0,1954,1940,0.007164790174002067,1895,1975,0,2154,2130,0.011142061281337101,2117,2131,0,,19425,19539,0,1
KP-HQ,523,2327,2348,0,2799,2824,0,2863,2887,0,3349,3379,0,3059,3086,0,3256,3286,0,3443,3474,0,3349,3380,0,3726,3713,0.0034889962426194465,3574,3653,0,3576,3608,0,3310,3341,0,,38631,38979,0,1
KP-HQ,524,2251,2272,0,2658,2685,0,2817,2843,0,4204,4239,0,3962,3994,0,3871,3905,0,4323,4297,0.006014341892204511,2934,3024,0,3767,3245,0.13857180780461908,2744,3323,0,4084,4050,0.008325171400587639,3506,3603,0,,41121,41480,0,1
KP-HQ,525,2291,2265,0.011348756001746008,2590,2560,0.01158301158301156,3035,3010,0.008237232289950547,2988,2953,0.011713520749665363,3257,3221,0.011053116364752813,3526,3479,0.013329551900170156,3297,3355,0,3658,3607,0.01394204483324224,3832,3796,0.009394572025052228,3395,3358,0.01089837997054488,3679,3626,0.01440608861103565,3460,3419,0.011849710982658967,,39008,38649,0.009203240360951548,47
KP-HQ,526,735,348,0.5265306122448979,366,371,0,360,361,0,422,422,0,482,481,0.0020746887966804906,435,435,0,511,510,0.00195694716242667,455,450,0.01098901098901095,545,542,0.0055045871559632475,620,614,0.009677419354838679,694,687,0.010086455331412059,567,556,0.01940035273368612,,6192,5777,0.06702196382428938,9
KP-HQ,527,0,0,,0,0,,0,0,,0,0,,0,0,,0,0,,0,0,,0,0,,0,0,,0,0,,0,0,,0,0,,,0,0,,0
KP-HQ,528,0,667,0,0,902,0,0,1022,0,0,879,0,1254,1257,0,1160,1177,0,1234,1242,0,1717,1727,0,1769,1778,0,1821,1699,0.06699615595826469,1972,1899,0.03701825557809335,1693,1900,0,,12620,16149,0,2
KP-HQ,529,15520,2446,0.8423969072164949,2339,2327,0.005130397605814463,2543,2531,0.004718836020448314,2861,2846,0.005242922055225474,2907,2889,0.006191950464396245,2789,2770,0.006812477590534272,2186,2176,0.0045745654162854255,2421,2400,0.008674101610904539,2322,2306,0.006890611541774283,2514,2493,0.00835322195704058,2597,2574,0.008856372737774398,2476,2454,0.008885298869143798,,43475,30212,0.3050718803910293,9
KP-HQ,53,16557,8217,0.5037144410219243,7983,7753,0.028811223850682688,8604,8365,0.02777777777777779,8989,8733,0.028479252419624013,9394,9063,0.035235256546731986,9250,9045,0.022162162162162158,8677,8418,0.02984902616111562,10575,10322,0.023924349881796703,9117,8753,0.03992541406164307,9490,9328,0.017070600632244415,9431,9158,0.02894708938606727,8698,8459,0.027477581053115707,,116765,105614,0.09549950755791548,107
KP-HQ,530,1062,510,0.519774011299435,589,569,0.03395585738539897,502,481,0.041832669322709126,512,493,0.037109375,490,472,0.03673469387755102,453,434,0.04194260485651213,505,465,0.07920792079207917,0,625,0,877,642,0.2679589509692132,646,639,0.010835913312693513,880,870,0.011363636363636354,1000,991,0.009000000000000008,,7516,7191,0.043241085683874414,13
KP-HQ,531,7324,7983,0,6295,6964,0,8460,9062,0,8910,9518,0,10249,10873,0,10246,10896,0,11012,11643,0,11814,12464,0,9818,10479,0,7690,8298,0,10726,11389,0,9196,9793,0,,111740,119362,0,1
KP-HQ,532,1748,1748,0,1781,1792,0,1937,1948,0,2161,2171,0,1904,1912,0,2053,2063,0,2108,2119,0,2035,2021,0.00687960687960687,2365,2404,0,2155,2167,0,2294,2278,0.006974716652136004,2051,2090,0,,24592,24713,0,1
KP-HQ,533,0,0,,10976,11033,0,5866,5893,0,6081,6116,0,3661,3686,0,3210,3233,0,3885,3910,0,3998,4022,0,4768,4751,0.0035654362416107643,3510,3582,0,4219,4246,0,3708,3731,0,,53882,54203,0,1
KP-HQ,534,1178,1181,0,1373,1379,0,1360,1365,0,1629,1636,0,1313,1318,0,850,1403,0,1550,1558,0,1648,1653,0,1786,1766,0.011198208286674172,1731,1767,0,1753,1737,0.00912721049629206,1709,1738,0,,17880,18501,0,1
KP-HQ,535,1280,1285,0,995,1299,0,1619,1323,0.18282890673255092,1207,1211,0,1311,1315,0,1263,1268,0,1550,1556,0,1573,1572,0.0006357279084552303,1489,1491,0,1528,1533,0,1427,1453,0,1558,1567,0,,16800,16873,0,1
KP-HQ,536,1091,1038,0.048579285059578314,916,916,0,1191,1191,0,775,772,0.003870967741935516,760,758,0.0026315789473684292,763,754,0.011795543905635641,711,716,0,755,744,0.014569536423841067,721,715,0.00832177531206657,725,736,0,773,759,0.018111254851228997,858,844,0.01631701631701632,,10039,9943,0.00956270544874993,1
KP-HQ,537,1772,1781,0,1842,1853,0,1812,1824,0,2055,2067,0,1997,2009,0,2194,2208,0,2425,2404,0.008659793814432937,2701,2723,0,2829,2843,0,2758,2813,0,2658,2644,0.005267118133935322,2478,2499,0,,27521,27668,0,1
KP-HQ,538,912,915,0,1068,1073,0,1197,1203,0,1119,1134,0,1115,1125,0,1244,1240,0.003215434083601254,1195,1240,0,1167,1380,0,1737,1496,0.13874496257915947,1435,1433,0.0013937282229965486,26,24,0.07692307692307687,3138,3167,0,,15353,15430,0,1
KP-HQ,539,1877,1864,0.006925945657964783,1526,1513,0.008519003931848013,1609,1611,0,1494,1474,0.01338688085676043,1327,1316,0.008289374529012794,1420,1411,0.006338028169014076,1769,1757,0.006783493499152082,1627,1599,0.017209588199139536,1543,1552,0,1576,1301,0.17449238578680204,1182,1418,0,1327,1302,0.01883948756593823,,18277,18118,0.00869945833561303,1
KP-HQ,54,237560,237553,2.9466240107800523e-05,235933,235923,4.2384914361259796e-05,243701,243686,6.155083483450063e-05,225517,225502,6.65138326600978e-05,248760,248744,6.431902235082276e-05,253973,253959,5.512396987084056e-05,233924,233909,6.41233905028793e-05,238200,238188,5.0377833753167955e-05,241529,241513,6.624463314963691e-05,231456,231443,5.616618277337615e-05,229764,229749,6.52843787538604e-05,229434,229429,2.179275957359117e-05,,2849751,2849598,5.368890124080039e-05,1
KP-HQ,540,38396,17554,0.5428169601000103,17052,16697,0.020818672296504803,20463,19995,0.02287054684063916,21974,21538,0.019841631018476358,23833,23306,0.022112197373389875,25697,25137,0.021792427131571812,20562,20099,0.02251726485750416,25583,25072,0.019974201618262133,21416,20973,0.020685468808367524,21907,21497,0.01871547907061666,26834,25717,0.04162629499888204,20147,19551,0.0295825681242865,,283864,257136,0.0941577656906124,23
KP-HQ,541,8036,7997,0.004853160776505772,5867,5843,0.004090676666098525,6366,6336,0.004712535344015056,6748,6715,0.004890337877889728,7123,7086,0.005194440544714296,6720,6687,0.004910714285714324,8283,8242,0.00494989738017626,6908,6873,0.005066589461493964,6544,6513,0.004737163814180878,4536,4516,0.0044091710758377145,6212,6185,0.004346426271732096,7609,7572,0.004862662636351711,,80952,80565,0.0047806107322857505,1
KP-HQ,542,6260,6300,0,4980,4980,0,4520,4520,0,4600,4600,0,3240,3260,0,4020,3640,0.09452736318407962,3920,3880,0.010204081632653073,2980,2960,0.006711409395973145,3100,3060,0.012903225806451646,2700,2700,0,0,0,,0,0,,,40320,39900,0.01041666666666663,1
KP-HQ,543,6500,6400,0.01538461538461533,7460,7360,0.013404825737265424,7700,7600,0.012987012987012991,7200,7100,0.01388888888888884,7020,6920,0.014245014245014231,6740,6640,0.014836795252225476,6960,6860,0.014367816091954033,7400,7280,0.01621621621621616,7340,7240,0.013623978201634857,7260,7160,0.01377410468319562,7460,7340,0.01608579088471851,6920,6840,0.011560693641618491,,85960,84740,0.014192647743136333,1
KP-HQ,544,5440,5420,0.003676470588235281,5360,5380,0,6140,6140,0,5760,5820,0,5840,5820,0.003424657534246589,5480,5460,0.0036496350364964014,5500,5520,0,5780,5800,0,5800,5620,0.03103448275862064,7020,5300,0.24501424501424507,5820,5740,0.013745704467353903,6340,6260,0.012618296529968487,,70280,68280,0.02845759817871374,1
KP-HQ,545,14653,7568,0.48351873336518114,9283,8607,0.07282128622212647,8777,8123,0.07451293152557825,9196,8486,0.0772074815137016,9242,8556,0.0742263579311837,9941,9199,0.07464037823156622,0,8639,0,0,9093,0,3692,9882,0,11399,8781,0.22966926923414333,10751,9984,0.0713422007255139,10298,9348,0.09225092250922506,,97232,106266,0,43
KP-HQ,546,3099,3313,0,3246,3462,0,2832,2931,0,2880,2879,0.0003472222222222765,2038,2049,0,2407,2414,0,3142,2155,0.31413112667091025,1208,2223,0,2714,2726,0,1854,2064,0,3195,3017,0.05571205007824731,2747,2743,0.0014561339643247573,,31362,31976,0,1
KP-HQ,547,14291,14286,0.00034987054789725747,3251,3248,0.0009227929867733353,498,496,0.004016064257028162,6761,6757,0.0005916284573288522,6546,6544,0.0003055300947143458,2493,2491,0.0008022462896108973,33234,33221,0.00039116567370767186,24653,24644,0.00036506713178918737,14303,14294,0.000629238621268291,4737,4734,0.0006333122229259525,476,476,0,2976,2975,0.00033602150537637154,,114219,114166,0.00046402087218411214,1
KP-HQ,548,85102,6650,0.9218584757114991,6313,6170,0.022651671154759967,7250,7072,0.024551724137931052,7976,7801,0.021940822467402255,7925,7759,0.0209463722397476,9085,8894,0.02102366538249867,8738,8559,0.020485236896314984,8970,9212,0,9660,9048,0.06335403726708078,8783,8696,0.009905499259934003,8749,8486,0.03006057835181164,8063,7891,0.021332010417958625,,176614,96238,0.4550941601458548,38
KP-HQ,549,2119,2055,0.03020292590844742,2545,2568,0,2701,2723,0,2688,2711,0,2562,2581,0,1787,2475,0,3201,2553,0.20243673851921273,2649,2666,0,2654,2645,0.0033911077618689056,2519,2572,0,2684,2704,0,2827,2814,0.004598514326140779,,30936,31067,0,1
KP-HQ,55,0,1770,0,0,1950,0,0,1470,0,0,0,,0,0,,0,0,,0,0,,0,0,,0,0,,0,0,,0,0,,0,0,,,0,5190,0,1
KP-HQ,550,5380,5300,0.014869888475836479,6020,5960,0.009966777408637828,6120,6040,0.013071895424836555,5960,5880,0.01342281879194629,6200,6140,0.009677419354838679,5460,5400,0.01098901098901095,5460,5380,0.0146520146520146,5520,5460,0.010869565217391353,5420,5360,0.011070110701106972,5220,5180,0.007662835249042099,5380,5280,0.018587360594795488,5820,5820,0,,67960,67200,0.011183048852266064,1
KP-HQ,551,4780,4740,0.008368200836820106,5200,5120,0.01538461538461533,5420,5360,0.011070110701106972,5560,5480,0.014388489208633115,5440,5380,0.011029411764705843,5360,5280,0.014925373134328401,5540,5480,0.010830324909747335,5760,5700,0.01041666666666663,5760,5700,0.01041666666666663,5520,5480,0.007246376811594235,5860,5760,0.017064846416382284,5340,5260,0.014981273408239737,,65540,64740,0.012206286237412267,1
KP-HQ,552,8365,8384,0,15196,15221,0,22323,22354,0,24169,24206,0,23546,23582,0,782,783,0,5735,5744,0,12605,12635,0,13920,13925,0,10877,10896,0,5135,5143,0,824,815,0.01092233009708743,,143477,143688,0,1
KP-HQ,553,14610,14626,0,0,0,,52972,53046,0,39151,39216,0,0,0,,78431,78547,0,33793,33845,0,17082,17108,0,52818,52864,0,104518,104710,0,92539,92677,0,157721,157958,0,,643635,644597,0,1
KP-HQ,554,15899,15904,0,3261,3261,0,16836,16838,0,15672,15670,0.0001276161306789092,12280,12293,0,4641,4648,0,3713,3710,0.000807971990304357,3937,4066,0,1282,1202,0.06240249609984394,9067,9096,0,9431,9427,0.00042413317781786475,2997,2978,0.006339673006339641,,99016,99093,0,1
KP-HQ,555,4840,4800,0.008264462809917328,5260,5260,0,5340,5200,0.02621722846441943,5800,5640,0.02758620689655178,5200,5340,0,5500,5480,0.0036363636363636598,5480,5480,0,5440,5440,0,6120,6080,0.006535947712418277,5840,5840,0,5860,5840,0.0034129692832765013,5120,5120,0,,65800,65520,0.004255319148936176,1
KP-HQ,556,5940,5920,0.0033670033670033517,6600,6560,0.0060606060606061,6560,6520,0.0060975609756097615,6780,6800,0,6980,6900,0.011461318051575908,6640,6620,0.003012048192771122,6640,6600,0.0060240963855421326,7320,7280,0.005464480874316946,6980,6940,0.005730659025787954,6560,6540,0.0030487804878048808,6540,6500,0.006116207951070374,6440,6440,0,,79980,79620,0.004501125281320295,1
KP-HQ,557,7675,7671,0.000521172638436429,8592,8588,0.0004655493482309536,8942,8935,0.0007828226347573741,8817,8809,0.00090733809685839,8631,8623,0.0009268914378403048,8106,8100,0.0007401924500369805,8382,8375,0.0008351228823669787,8727,8636,0.010427409189870507,9151,9178,0,8838,8876,0,8949,8954,0,8712,8689,0.002640036730945816,,103522,103434,0.0008500608566295309,1
KP-HQ,558,5302,5300,0.0003772161448509781,5887,5889,0,6405,6411,0,7555,5417,0.28299139642620785,5809,5345,0.07987605439834744,6013,5492,0.08664560119740561,4684,4690,0,6139,5050,0.17739045447141233,5924,5852,0.012153950033760963,7339,12535,0,6079,6508,0,7391,7808,0,,74527,76297,0,1
KP-HQ,559,12793,6109,0.5224732275463144,6973,6863,0.01577513265452457,8612,8420,0.02229447282861119,8560,8476,0.00981308411214954,6661,6563,0.014712505629785322,8973,8867,0.011813217430068024,9835,9353,0.04900864260294868,8105,8325,0,7717,7377,0.044058571983931594,6704,6850,0,9262,9108,0.016627078384798155,6502,6406,0.01476468778837281,,100697,92717,0.07924764392186456,7
KP-HQ,56,0,6250,0,0,6400,0,3497,6350,0,140,6250,0,140,7050,0,47,2250,0,0,11561,0,0,7623,0,0,7769,0,0,7727,0,0,7481,0,0,6911,0,,3824,83622,0,1
KP-HQ,560,319,319,0,364,364,0,1539,1539,0,8139,8141,0,15493,15499,0,10172,10175,0,3368,3369,0,3669,3670,0,568,568,0,1632,1632,0,1800,1801,0,13039,13039,0,,60102,60116,0,1
KP-HQ,561,0,12059,0,0,12477,0,0,14106,0,0,16548,0,0,17164,0,0,14992,0,0,13707,0,0,15764,0,0,15673,0,0,14036,0,0,15481,0,0,12876,0,,0,174883,0,77
KP-HQ,561,20365,1984,0.902577952369261,14538,1725,0.8813454395377631,16466,1988,0.8792663670593951,19378,2359,0.8782640107338219,20085,2408,0.8801095344784665,17704,2178,0.8769769543605965,16272,2273,0.8603121927236972,18151,2278,0.8744972728775274,18128,2150,0.8813989408649603,16403,1960,0.8805096628665487,18065,2280,0.8737890949349572,14972,1826,0.8780390061448037,,210527,25409,0.8793076422501627,13
KP-HQ,562,73264,30762,0.5801212055033851,28939,30123,0,29782,31104,0,29244,30598,0,33858,35131,0,36503,37640,0,32119,32831,0,35945,36940,0,29962,31261,0,3429,38950,0,0,30122,0,0,53006,0,,333045,418468,0,202
KP-HQ,563,601,602,0,627,628,0,562,564,0,555,556,0,684,686,0,740,741,0,740,740,0,775,779,0,813,809,0.004920049200492049,837,853,0,882,875,0.007936507936507908,0,775,0,,7816,8608,0,1
KP-HQ,564,943,941,0.0021208907741251393,1604,1600,0.0024937655860348684,1661,1657,0.0024081878386513766,1313,1310,0.0022848438690022954,1441,1443,0,1271,1262,0.007081038552321006,1313,1295,0.013709063214013661,1419,1411,0.005637773079633535,1637,1652,0,1610,1607,0.0018633540372671176,1542,1538,0.0025940337224383825,1407,1446,0,,17161,17162,0,1
KP-HQ,565,1292,1296,0,1264,1269,0,1582,1589,0,1453,1460,0,1849,1858,0,2073,2083,0,1961,1971,0,1861,1851,0.005373455131649663,1844,1837,0.00379609544468551,1722,1761,0,1823,1804,0.01042238069116841,2381,2372,0.0037799244015119804,,21105,21151,0,1
KP-HQ,566,656,657,0,751,752,0,1027,1028,0,1250,1252,0,1336,1337,0,1211,1212,0,1377,1379,0,1447,1446,0.0006910850034553828,1425,1429,0,1497,1498,0,1372,1373,0,1394,1381,0.009325681492108995,,14743,14744,0,1
KP-HQ,567,1965,1966,0,2093,2094,0,2435,2436,0,2443,2445,0,2387,2389,0,2213,2213,0,2255,2257,0,2367,2367,0,2314,2312,0.0008643042350907626,2315,2168,0.06349892008639313,2149,2310,0,2215,2180,0.015801354401805856,,27151,27137,0.0005156347832492303,1
KP-HQ,568,1303,1303,0,873,872,0.001145475372279492,1011,1019,0,878,877,0.001138952164009166,780,781,0,832,824,0.009615384615384581,932,932,0,672,668,0.005952380952380931,915,923,0,802,808,0,1036,1033,0.0028957528957529455,1292,1275,0.013157894736842146,,11326,11315,0.0009712166696097535,1
KP-HQ,569,6761,6769,0,8063,8075,0,7945,7774,0.021522970421648857,8488,8475,0.0015315739868049238,8127,8350,0,8179,7931,0.030321555202347472,8043,8032,0.0013676488872311765,8380,8675,0,9482,9546,0,8693,8654,0.004486368342344393,8784,8846,0,8212,8168,0.005358012664393619,,99157,99295,0,1
KP-HQ,57,25304,25341,0,25471,25519,0,25432,25407,0.0009830135262661743,27011,27067,0,26479,26518,0,9421,9433,0,0,40267,0,0,25309,0,0,27020,0,0,27412,0,0,27410,0,0,25455,0,,139118,312158,0,1
KP-HQ,570,15724,15724,0,13304,16156,0,12032,12883,0,14113,15051,0,17722,18669,0,14732,15716,0,18096,19045,0,17639,18197,0,19101,20520,0,13721,14631,0,17559,18537,0,12326,13216,0,,186069,198345,0,1
KP-HQ,571,562,1255,0,243,926,0,64,656,0,30,620,0,17,621,0,64,707,0,5,1904,0,200,1905,0,3400,1619,0.5238235294117647,467,1058,0,356,995,0,388,965,0,,5796,13231,0,1
KP-HQ,572,6849,6851,0,7736,7731,0.000646328852119904,6381,6382,0,8308,8301,0.0008425613866153148,9918,9918,0,10955,10954,9.128251939749532e-05,8581,8572,0.0010488288078313035,8406,8395,0.0013085891030216734,5841,5836,0.000856017805170306,8601,8592,0.001046389954656446,7920,7910,0.0012626262626262985,8386,8373,0.0015502027188171175,,97882,97815,0.0006844976604483133,1
KP-HQ,573,28251,13240,0.531344023220417,14972,14082,0.059444296019235954,15812,14865,0.05989122185681761,16219,15333,0.05462728898205804,17407,16347,0.06089504222439246,17353,16779,0.03307785397337637,16716,16160,0.03326154582435992,19585,18897,0.03512892519785549,15868,16564,0,13151,12766,0.029275340278305806,13427,13085,0.025471065763014833,11904,11560,0.02889784946236562,,200665,179678,0.10458724740238712,82
KP-HQ,574,18247,8733,0.5214007782101167,7948,7582,0.04604932058379463,7527,7196,0.04397502324963465,8621,8238,0.04442640064957659,7816,7439,0.04823439099283522,13259,16899,0,14853,16060,0,18411,17867,0.029547553093259515,18473,17927,0.029556650246305383,18298,17741,0.030440485298939723,17821,17065,0.04242186184838115,18848,18093,0.04005730050933787,,170122,160840,0.05456084457036714,55
KP-HQ,575,52788,25403,0.5187732060316739,28163,27711,0.016049426552569024,30984,31014,0,30908,29404,0.04866054096026917,38990,37437,0.039830725827135205,40112,42679,0,37114,36805,0.008325699197068492,33662,33446,0.0064167310320242255,32460,31813,0.01993222427603203,29852,29188,0.022243065791236805,33959,33222,0.021702641420536573,31054,30326,0.023443034713724442,,420046,388448,0.07522509439442349,97
KP-HQ,576,11287,5337,0.5271551342252149,4342,4327,0.00345462920313222,5457,4988,0.0859446582371266,5692,5986,0,6283,6314,0,7216,6477,0.10241130820399114,5842,6488,0,8047,7929,0.01466384988194358,7494,7417,0.010274886575927455,9636,9500,0.01411374014113742,11045,10855,0.01720235400633774,9470,9431,0.004118268215417054,,91811,85049,0.07365130539913523,25
KP-HQ,577,670,1187,0,1124,1668,0,1991,2463,0,9305,9839,0,2945,3407,0,2717,3184,0,1674,2115,0,1968,2396,0,3471,3952,0,2706,3167,0,3585,4049,0,3454,3941,0,,35610,41368,0,1
KP-HQ,578,3570,3572,0,2222,2222,0,4972,4976,0,6252,6258,0,5937,5943,0,6560,6565,0,6266,6270,0,7012,6927,0.012122076440387874,6228,6179,0.007867694283879234,5201,5354,0,9946,9956,0,5519,5523,0,,69685,69745,0,1
KP-HQ,579,7048,7043,0.000709421112372266,7663,7670,0,7941,7943,0,8992,8994,0,8176,8178,0,8964,8966,0,8843,8846,0,8734,8656,0.008930615983512746,9663,9708,0,8926,8963,0,9254,9280,0,8487,8350,0.016142335336396862,,102691,102597,0.0009153674616081409,1
KP-HQ,58,6605,6584,0.0031794095382285947,6864,6835,0.0042249417249417,6546,6505,0.006263366941643755,7480,7439,0.005481283422459904,7214,7169,0.006237870806764634,2696,2679,0.006305637982195855,0,10971,0,0,7060,0,0,7639,0,0,7732,0,0,7903,0,0,7530,0,,37405,86046,0,1
KP-HQ,580,485,485,0,581,581,0,639,639,0,738,737,0.0013550135501354532,676,676,0,757,756,0.0013210039630119352,1032,1032,0,1036,1035,0.0009652509652510188,1151,1150,0.0008688097306689402,1193,1192,0.0008382229673092878,1290,1288,0.0015503875968991832,1214,1200,0.011532125205930832,,10792,10771,0.0019458858413640145,1
KP-HQ,581,1562,1562,0,2495,2505,0,2173,2176,0,2520,2523,0,2347,2349,0,2412,2415,0,2710,2713,0,2795,2798,0,2867,2875,0,2668,2647,0.007871064467766087,2891,2912,0,2821,2824,0,,30261,30299,0,1
KP-HQ,582,216,216,0,210,211,0,187,186,0.005347593582887722,181,182,0,195,195,0,161,164,0,150,147,0.020000000000000018,129,128,0.007751937984496138,172,177,0,382,-71,1.1858638743455496,220,672,0,202,200,0.00990099009900991,,2405,2407,0,1
KP-HQ,583,1056,1070,0,953,966,0,1062,1077,0,886,899,0,1124,1141,0,1036,1036,0,1444,1482,0,1217,1155,0.05094494658997539,1428,1506,0,1320,1361,0,1276,1292,0,1115,1135,0,,13917,14120,0,1
KP-HQ,584,604,610,0,645,650,0,712,718,0,511,509,0.003913894324853229,329,335,0,399,396,0.007518796992481258,431,433,0,388,385,0.0077319587628865705,156,158,0,187,192,0,149,146,0.020134228187919434,313,316,0,,4824,4848,0,1
KP-HQ,585,614,607,0.01140065146579805,368,356,0.03260869565217395,365,371,0,390,383,0.017948717948717996,383,411,0,388,390,0,411,0,1,459,843,0,435,437,0,404,404,0,401,399,0.004987531172069848,434,434,0,,5052,5035,0.0033650039588282166,1
KP-HQ,586,2825,2822,0.00106194690265482,3061,3057,0.0013067624959163249,2973,2968,0.0016818028927009232,2915,2911,0.0013722126929673895,2804,2799,0.001783166904422262,2888,2884,0.0013850415512465242,2918,2914,0.001370801919122644,3067,3072,0,3191,3178,0.004073958006894363,3034,3028,0.0019775873434410007,2986,2999,0,2957,2935,0.007439972945552875,,35619,35567,0.0014598949998596567,1
KP-HQ,587,180257,184360,0,25385,25390,0,24731,24730,4.043508147666408e-05,32065,36820,0,201384,201390,0,71475,76540,0,0,0,,0,0,,0,0,,0,0,,0,0,,0,0,,,535297,549230,0,0
KP-HQ,588,1000532,1017230,0,702467,714500,0,224041,229320,0,175058,179300,0,0,397260,0,844073,466060,0.4478439661024579,95506,99840,0,390563,398450,0,547478,558760,0,376808,385240,0,181935,186830,0,0,0,,,4538461,4632790,0,1
KP-HQ,589,4708,4703,0.0010620220900594557,4756,4752,0.000841042893187538,9923,9751,0.017333467701300065,10567,8652,0.1812245670483581,10183,7504,0.2630855347147206,9796,14379,0,9831,9821,0.0010171905197843278,9579,9551,0.002923060862302984,9855,9864,0,9399,9360,0.004149377593360981,9409,9690,0,9905,9630,0.027763755678950064,,107911,107657,0.0023537915504443507,1
KP-HQ,59,7590,7650,0,7740,7800,0,8820,8940,0,1920,1860,0.03125,0,0,,22365,22397,0,7473,7485,0,7772,7717,0.007076685537828142,7764,7858,0,7332,7319,0.0017730496453900457,7679,7861,0,7710,7486,0.029053177691309995,,94165,94373,0,1
KP-HQ,590,14234,12231,0.14071940424336093,15907,14132,0.11158609417237697,15950,15033,0.05749216300940441,16448,15644,0.04888132295719849,14657,14194,0.03158900184212321,13721,13339,0.027840536404052152,13173,12878,0.022394291353526108,13625,13341,0.02084403669724766,12726,12528,0.01555869872701554,13996,13305,0.049371248928265166,14052,12946,0.07870765727298601,12685,13688,0,,171174,163259,0.04623949898933244,110
KP-HQ,591,0,0,,0,0,,0,0,,0,0,,0,0,,0,0,,0,0,,0,0,,0,0,,0,0,,0,0,,0,0,,,0,0,,0
KP-HQ,592,1066,787,0.2617260787992496,680,735,0,783,889,0,834,921,0,968,1066,0,900,1051,0,823,956,0,827,1060,0,780,968,0,736,843,0,776,923,0,599,729,0,,9772,10928,0,14
KP-HQ,593,0,0,,0,6797,0,0,7049,0,0,8398,0,0,8312,0,0,10089,0,0,9460,0,29082,9494,0.673543772780414,9276,8969,0.033096162138852914,9523,9466,0.005985508768245329,9942,9729,0.021424260712130327,9587,9304,0.029519140502764163,,67410,97067,0,77
KP-HQ,594,3107,3172,0,1318,1347,0,1572,1612,0,1713,1756,0,0,1922,0,0,1781,0,0,1627,0,2219,1712,0.22848129788192884,1764,1807,0,1712,1785,0,1695,1703,0,1752,1792,0,,16852,22016,0,1
KP-HQ,595,3834,3916,0,4533,4512,0.0046326935804102964,1888,2046,0,3349,3421,0,3145,3212,0,2798,2857,0,2801,2860,0,2853,2913,0,2741,2798,0,2406,2456,0,2671,2726,0,2427,2451,0,,35446,36168,0,1
KP-HQ,596,55,51,0.07272727272727275,188,185,0.015957446808510634,209,214,0,201,202,0,244,249,0,267,266,0.0037453183520599342,271,278,0,258,296,0,370,366,0.010810810810810811,312,234,0.25,251,248,0.01195219123505975,492,484,0.016260162601625994,,3118,3073,0.014432328415651008,1
KP-HQ,597,1224,1225,0,1283,1285,0,1325,1328,0,1484,1488,0,1517,1520,0,1516,1519,0,1703,1707,0,1687,1691,0,1679,1676,0.0017867778439547566,1507,1516,0,1640,1643,0,1508,1515,0,,18073,18113,0,1
KP-HQ,598,1273,1270,0.00235663786331497,2179,2178,0.00045892611289577445,3038,3037,0.0003291639236340238,3378,3379,0,2757,2758,0,2854,2855,0,2804,2804,0,2954,2955,0,3056,3066,0,2821,2813,0.0028358738036157183,2856,2856,0,2797,2798,0,,32767,32769,0,1
KP-HQ,599,640,640,0,655,662,0,671,667,0.005961251862891204,771,771,0,661,664,0,835,835,0,810,813,0,841,841,0,1000,1007,0,935,940,0,995,1006,0,1038,1030,0.0077071290944122905,,9852,9876,0,1
KP-HQ,60,4680,5310,0,5002,5036,0,4936,4970,0,6021,6065,0,6112,6151,0,1899,1912,0,0,7996,0,0,4928,0,0,5229,0,0,5310,0,0,5687,0,0,5452,0,,28650,64046,0,1
KP-HQ,600,163,162,0.006134969325153339,255,253,0.007843137254901933,551,550,0.001814882032667886,2201,2200,0.00045433893684687643,2761,2759,0.0007243752263672576,2997,2996,0.0003336670003336595,3150,3149,0.0003174603174602719,3079,3069,0.0032478077297823926,3324,3337,0,3384,3382,0.0005910165484633856,3689,3700,0,3417,3408,0.0026338893766462146,,28971,28965,0.0002071036553795702,1
KP-HQ,601,0,0,,4306,7098,0,3321,4171,0,1239,2085,0,2316,3132,0,3785,4674,0,11938,12856,0,4237,5047,0,4026,4903,0,14111,11801,0.16370207639430234,17380,21780,0,14396,15457,0,,81055,93004,0,1
KP-HQ,602,0,19699,0,55359,20565,0.628515688505934,48083,96696,0,77241,76505,0.009528618220893015,76557,75962,0.0077719868855885554,76108,75524,0.007673306354128329,68248,67685,0.008249325987574774,71185,70635,0.007726346842733767,64862,64297,0.008710801393728262,62696,62197,0.007959040449151411,69475,68856,0.008909679740913945,63904,67908,0,,733718,766529,0,26
KP-HQ,603,19475,19490,0,19587,19603,0,18452,18463,0,19703,19711,0,20062,20070,0,18196,18205,0,17276,17286,0,17789,17658,0.007364101410984314,18507,18658,0,20427,20259,0.008224408870612376,19492,20132,0,19987,19495,0.02461600040026013,,228953,229030,0,1
KP-HQ,604,4485,4491,0,4524,4532,0,5252,5260,0,5729,5739,0,5620,5631,0,5572,5583,0,5208,5219,0,5360,5319,0.007649253731343286,5593,5657,0,5528,5539,0,5243,5401,0,5411,5194,0.040103492884864145,,63525,63565,0,1
KP-HQ,605,932,933,0,2634,2631,0.001138952164009166,3557,3559,0,3893,3895,0,4905,4907,0,3723,3727,0,4630,4633,0,3618,3622,0,5545,5549,0,3613,3618,0,4584,4589,0,2034,1993,0.02015732546705995,,43668,43656,0.0002748007694421961,1
KP-HQ,606,0,0,,0,0,,2329,3977,0,3588,4283,0,4145,4834,0,5219,5878,0,5934,6395,0,6104,6606,0,4816,5527,0,5376,6059,0,4212,4890,0,3591,4250,0,,45314,52699,0,1
KP-HQ,607,0,0,,0,0,,8262,8285,0,3793,3804,0,3322,3331,0,3168,3177,0,3255,3264,0,3648,3659,0,4175,4163,0.0028742514970060418,3494,3526,0,3438,3447,0,3508,3460,0.013683010262257711,,40063,40116,0,1
KP-HQ,608,0,0,,0,0,,14260,24317,0,11258,12498,0,0,6591,0,0,5708,0,16038,7711,0.51920438957476,3434,4693,0,1097,2306,0,13728,15033,0,12969,14027,0,0,0,,,72784,92884,0,1
KP-HQ,609,0,0,,0,0,,13561,13589,0,7502,7500,0.00026659557451347293,3163,3186,0,5291,5301,0,5280,5290,0,5262,5252,0.0019004180919802716,5565,5646,0,5078,5039,0.007680189050807362,5305,5335,0,5298,5251,0.0088712721781804,,61305,61389,0,1
KP-HQ,61,27906,27906,0,26911,26910,3.7159525844487895e-05,13317,13317,0,45062,75378,0,31405,31415,0,27723,27728,0,28036,28043,0,27540,27546,0,28139,28146,0,28920,28927,0,30715,30722,0,34991,35000,0,,350665,381038,0,1
KP-HQ,610,0,0,,0,0,,46493,36032,0.22500161314606504,41255,37029,0.1024360683553509,44979,43756,0.027190466662220136,47154,45133,0.042859566526699755,41791,40880,0.021798951927448518,46546,45100,0.03106604219481801,46651,45149,0.03219652311847554,43857,42663,0.027224844380600577,47614,46428,0.024908640315873476,46022,44283,0.037786276128807916,,452362,426453,0.057274925833734947,69
KP-HQ,611,0,0,,0,8368,0,0,13445,0,0,11111,0,0,11051,0,30054,15407,0.48735609236707256,15264,14722,0.03550838574423476,20523,19621,0.0439506894703503,18893,18120,0.040914624464087224,20769,19840,0.04473012663103659,20733,19843,0.042926735156513796,21483,20522,0.044733044733044736,,147719,172050,0,25
KP-HQ,612,0,0,,0,0,,0,0,,0,0,,0,0,,26041,31523,0,28186,26751,0.05091180018448871,31713,30166,0.048781256897802217,26961,27484,0,26683,26362,0.012030131544429001,28320,27825,0.017478813559322015,24193,23969,0.009258876534534832,,192097,194080,0,64
KP-HQ,613,0,0,,0,0,,0,0,,0,0,,0,0,,138072,3822,0.9723187901964192,3319,3030,0.08707442000602594,3726,4041,0,3579,3491,0.024587873707739627,5519,5290,0.04149302409856859,4448,4301,0.033048561151079126,4096,3987,0.026611328125,,162759,27962,0.8281999766525968,40
KP-HQ,614,0,0,,0,0,,695,695,0,872,880,0,1109,1122,0,1366,1382,0,1533,1553,0,1717,1743,0,1520,1536,0,1623,1611,0.007393715341959317,0,1383,0,0,1901,0,,10435,13806,0,1
KP-HQ,615,0,0,,0,0,,1375,1376,0,907,908,0,1075,1078,0,1206,1210,0,1156,1160,0,1205,1202,0.0024896265560165887,1304,1307,0,1283,1304,0,1417,1409,0.0056457304163726185,1275,1285,0,,12203,12239,0,1
KP-HQ,616,0,0,,0,0,,0,0,,0,0,,28306,28363,0,26571,26640,0,32405,32468,0,29256,29314,0,34748,34819,0,40412,40477,0,28203,28280,0,28232,28016,0.007650892604137094,,248133,248377,0,1
KP-HQ,617,0,0,,0,0,,0,0,,5588,6352,0,3429,4155,0,2742,3528,0,6128,788,0.8714099216710183,120,6557,0,3032,4311,0,3099,4248,0,5227,6323,0,2287,3092,0,,31652,39354,0,1
KP-HQ,618,0,0,,0,0,,0,0,,0,0,,8675,8839,0,3677,3745,0,3719,3788,0,4205,3887,0.07562425683709872,4054,4059,0,3344,3841,0,3702,3784,0,3477,3514,0,,34853,35457,0,1
KP-HQ,619,0,0,,0,0,,0,0,,0,0,,6436,6542,0,2648,2689,0,2713,2756,0,3171,3233,0,3479,3618,0,3335,3302,0.0098950524737631,3013,3063,0,3001,3046,0,,27796,28249,0,1
KP-HQ,62,48220,24126,0.49966818747407715,28075,27525,0.019590382902938575,30491,29896,0.019513954937522504,31000,30485,0.01661290322580644,32760,32105,0.019993894993895034,32548,31785,0.02344230060218755,31038,30407,0.020329918164830207,32565,31864,0.021526178412406005,30615,29941,0.022015351951657713,27698,26980,0.025922449274315862,30115,29455,0.021915988709945156,24760,24412,0.014054927302100118,,379885,348981,0.08135093515142744,170
KP-HQ,620,0,0,,0,0,,0,0,,0,0,,814,815,0,0,0,,1,1,0,1,1,0,0,0,,0,0,,35739,0,1,-35739,0,0,,816,817,0,1
KP-HQ,621,0,0,,0,0,,0,0,,0,0,,0,0,,59146,60899,0,14575,15056,0,12942,13410,0,7221,7681,0,6767,7252,0,2478,2870,0,2155,2611,0,,105284,109779,0,1
KP-HQ,622,0,0,,0,0,,0,0,,0,0,,0,0,,1053,2613,0,4549,5211,0,5203,5894,0,0,6878,0,3537,3677,0,26,2026,0,0,929,0,,14368,27228,0,1
KP-HQ,623,0,0,,0,0,,0,0,,0,0,,0,0,,5034,7742,0,0,0,,0,0,,0,0,,0,0,,0,0,,0,0,,,5034,7742,0,0
KP-HQ,624,0,0,,0,0,,0,0,,0,0,,0,0,,3997,3969,0.007005253940455369,1837,1895,0,1647,1612,0.021250758955676963,1690,1655,0.020710059171597628,0,1462,0,0,1647,0,0,1892,0,,9171,14132,0,1
KP-HQ,625,0,0,,0,0,,0,0,,0,0,,0,0,,1942872,1775930,0.085925372335388,0,0,,0,0,,0,0,,0,0,,0,0,,0,0,,,1942872,1775930,0.085925372335388,0
KP-HQ,626,0,0,,0,0,,0,0,,0,0,,0,0,,19522,33860,0,40260,40250,0.00024838549428718437,0,0,,0,0,,0,0,,0,0,,0,0,,,59782,74110,0,0
KP-HQ,627,0,0,,0,0,,0,0,,0,0,,0,0,,0,0,,0,0,,4908,8742,0,2446,4070,0,7488,9066,0,6477,8219,0,3655,5387,0,,24974,35484,0,1
KP-HQ,628,0,0,,0,0,,0,0,,0,0,,0,0,,0,0,,2595,2596,0,3177,3177,0,2469,2467,0.000810044552450373,3366,3363,0.0008912655971479166,2829,2827,0.0007069635913750094,6953,6952,0.00014382281029767796,,21389,21382,0.000327271027163456,1
KP-HQ,629,0,0,,0,0,,0,0,,0,0,,0,0,,0,0,,0,0,,0,0,,7573,7569,0.0005281922619833068,5183,5180,0.0005788153579008304,4851,4849,0.00041228612657184804,5472,5469,0.0005482456140351033,,23079,23067,0.0005199532042116095,1
KP-HQ,63,0,0,,0,0,,0,0,,0,0,,0,0,,0,0,,0,0,,0,0,,0,0,,0,0,,0,0,,0,0,,,0,0,,0
KP-HQ,630,0,0,,0,0,,0,0,,0,0,,0,0,,0,0,,0,0,,0,15690,0,0,38760,0,95815,45420,0.5259614882847153,40179,48030,0,68723,71840,0,,204717,219740,0,1
KP-HQ,631,0,0,,0,0,,0,0,,0,0,,0,0,,0,0,,0,0,,0,0,,3843,1937,0.4959666926880042,3721,2696,0.2754635850577801,3727,2644,0.2905822377247116,3101,2098,0.3234440503063528,,14392,9375,0.3485964424680378,22
KP-HQ,632,0,0,,0,0,,0,0,,0,0,,0,0,,0,0,,0,0,,0,0,,0,9608,0,0,5968,0,0,8144,0,0,6452,0,,0,30172,0,1
KP-HQ,633,0,0,,0,0,,0,0,,0,0,,0,0,,0,0,,0,0,,0,0,,0,0,,0,0,,0,713,0,0,1695,0,,0,2408,0,1
KP-HQ,634,0,0,,0,0,,0,0,,0,0,,0,0,,0,0,,0,0,,0,0,,7772,10416,0,9811,9806,0.000509632045663011,8882,8880,0.00022517451024539614,9490,9493,0,,35955,38595,0,1
KP-HQ,635,0,0,,0,0,,0,0,,0,0,,0,0,,0,0,,0,0,,0,0,,0,0,,0,0,,83532,52219,0.37486232820954846,54024,50863,0.058511032133866436,,137556,103082,0.25061793015208356,72
KP-HQ,636,0,0,,0,0,,0,0,,0,0,,0,0,,0,0,,0,0,,0,0,,0,0,,24344,20381,0.16279165297403875,16372,16022,0.021377962374786175,16860,16361,0.029596678529062892,,57576,52764,0.08357649020425173,77
KP-HQ,637,0,0,,0,0,,0,0,,0,0,,0,0,,0,0,,0,0,,0,0,,0,0,,0,0,,0,0,,0,0,,,0,0,,2
KP-HQ,638,0,0,,0,0,,0,0,,0,0,,0,0,,0,0,,0,0,,0,0,,0,0,,0,0,,0,0,,0,0,,,0,0,,1
KP-HQ,639,0,0,,0,0,,0,0,,0,0,,0,0,,0,0,,0,0,,0,0,,0,0,,0,0,,13927,13948,0,11152,11166,0,,25079,25114,0,1
KP-HQ,64,27947,27875,0.0025763051490320654,29877,29796,0.0027111155738528403,28485,28414,0.0024925399332982323,32058,31970,0.0027450246428348812,29704,29626,0.0026259089684891324,28141,28067,0.0026296151522688938,24173,24108,0.00268895048194262,24118,24055,0.00261215689526495,26835,26765,0.002608533631451415,24657,24593,0.00259561179381107,25795,25727,0.0026361698003488643,26233,26165,0.002592154919376366,,328023,327161,0.00262786450950081,1
KP-HQ,640,0,0,,0,0,,0,0,,0,0,,0,0,,0,0,,0,0,,0,0,,0,0,,0,0,,10267,10273,0,9627,9631,0,,19894,19904,0,1
KP-HQ,641,0,0,,0,0,,0,0,,0,0,,0,0,,0,0,,0,0,,0,0,,0,0,,0,0,,0,0,,35,35,0,,35,35,0,1
KP-HQ,65,18745,18686,0.0031475060016004086,10727,10694,0.003076349398713485,14705,14659,0.0031281876912614415,13413,13372,0.0030567360023857626,15589,15541,0.0030790942331131443,22418,22348,0.0031224908555624875,14561,14517,0.003021770482796504,17776,17719,0.003206570657065755,17739,17684,0.0031005129939680742,18960,18901,0.0031118143459916148,21118,21052,0.003125295956056484,21821,21752,0.0031620915631730417,,207572,206925,0.003116990730927083,1
KP-HQ,66,0,3253,0,0,2949,0,0,2876,0,0,3269,0,0,3212,0,0,2990,0,0,3041,0,0,3240,0,0,3152,0,0,3238,0,0,2948,0,0,2782,0,,0,36950,0,1
KP-HQ,67,63050,31802,0.4956066613798572,30082,29242,0.027923675287547356,32805,31895,0.02773967383020881,32718,31797,0.028149642398679675,42221,41059,0.027521849316690772,44186,43057,0.02555107952745217,34601,33644,0.0276581601687812,40220,39918,0.007508702138239731,39528,38543,0.024919044727787942,40036,38810,0.030622439804176227,40309,39437,0.02163288595599,33405,32418,0.029546475078581103,,473161,431622,0.08779041383376907,173
KP-HQ,68,76193,76202,0,80566,84711,0,79965,82186,0,67532,69559,0,97413,100011,0,97900,100619,0,96580,99297,0,94392,96942,0,99310,102245,0,83980,86287,0,55990,57479,0,60263,61695,0,,990084,1017233,0,1
KP-HQ,69,28582,28704,0,28400,28523,0,27424,27540,0,28374,28497,0,27426,27545,0,28618,28744,0,25919,26033,0,26721,26839,0,26322,26438,0,26960,27078,0,28232,28357,0,28127,28249,0,,331105,332547,0,1
KP-HQ,70,7615,8890,0,7621,8886,0,10183,11328,0,10963,12101,0,13600,14753,0,14555,15748,0,14002,15164,0,14209,15354,0,13831,15012,0,14661,15850,0,11823,12937,0,12570,13688,0,,145633,159711,0,1
KP-HQ,71,3194,3187,0.002191609267376382,2771,2766,0.0018044027426922238,4133,4125,0.0019356399709653527,3788,3782,0.0015839493136219351,4545,4535,0.002200220022002153,4498,4491,0.001556247220987128,3178,3171,0.0022026431718061845,2893,2888,0.001728309713100562,2744,2740,0.001457725947521915,3466,3459,0.002019619157530239,3538,3532,0.0016958733747880483,2421,2416,0.0020652622883106098,,41169,41092,0.0018703393329932982,1
KP-HQ,72,0,0,,0,0,,0,0,,0,0,,0,0,,0,0,,0,0,,0,0,,0,0,,0,0,,0,0,,0,0,,,0,0,,0
KP-HQ,73,134790,63327,0.5301802804362341,65022,62833,0.033665528590323235,66175,64146,0.030661125802795564,72957,70175,0.03813205038584366,81275,78657,0.032211627191633396,83057,78926,0.049736927652094365,76543,74097,0.03195589407261279,81874,78635,0.03956078852871481,80300,77186,0.03877957658779574,76303,73406,0.037967052409472735,84096,80428,0.043616818873668195,70692,68640,0.02902732982515699,,973084,870456,0.10546674285056579,181
KP-HQ,74,21783,10111,0.5358306936601938,1944,9523,0,10323,9698,0.06054441538312505,11158,10481,0.06067395590607638,11239,10567,0.05979179642316934,11641,10959,0.058586032127824095,10600,9999,0.05669811320754714,8613,10273,0,12706,10075,0.2070675271525264,11255,10465,0.07019102621057305,11577,10808,0.06642480780858595,10459,9733,0.06941390190266761,,133298,122692,0.07956608501252826,57
KP-HQ,75,39560,19993,0.49461577350859454,16696,16075,0.03719453761379976,17274,16459,0.04718073405117518,21401,20290,0.05191346198775759,22532,21665,0.03847860820166871,22529,21673,0.03799547250210844,21246,20317,0.04372587781229409,23015,21943,0.046578318487942694,21293,20374,0.04315972385290945,22398,21523,0.039065988034646004,20727,19704,0.049355912577797034,18790,17942,0.045130388504523666,,267461,237958,0.11030767102493444,123
KP-HQ,76,0,0,,0,0,,0,0,,0,0,,0,0,,0,0,,0,0,,0,0,,0,0,,0,0,,0,0,,0,0,,,0,0,,1
KP-HQ,77,1094780,1098920,0,1264590,1269320,0,1583450,1587620,0,1808570,1812150,0,2159760,2164100,0,2498080,2503049,0,2598660,2603920,0,3123669,3129371,0,2745520,2751760,0,2938581,2944949,0,2909080,2914251,0,3001629,3007090,0,,27726369,27786500,0,1
KP-HQ,78,0,13168,0,0,14326,0,0,15189,0,0,17956,0,0,21618,0,0,26367,0,0,19384,0,45442,21817,0.5198934906034065,19333,18678,0.03387989448093931,20466,19494,0.0474934036939314,22057,21151,0.04107539556603346,14820,14278,0.03657219973009451,,122118,223426,0,35
KP-HQ,79,27912,27849,0.002257093723129877,25942,25882,0.002312851746203104,37811,37731,0.0021157864113617864,39938,39840,0.002453803395262688,45853,45751,0.002224500032713239,47909,47798,0.0023168924419211256,39860,39772,0.002207727044656327,44116,44017,0.00224408377912777,39212,39123,0.002269713353055147,37361,37281,0.0021412703086105545,26129,26070,0.002258027479046243,29022,28960,0.002136310385224993,,441065,440074,0.002246834366816719,1
KP-HQ,80,0,17379,0,0,39659,0,0,25620,0,0,36606,0,0,49521,0,0,12391,0,0,8783,0,22174,9596,0.5672409127807342,8275,8340,0,8361,8423,0,8500,8565,0,11451,11277,0.015195179460309127,,58761,236160,0,76
KP-HQ,81,198010,197908,0.0005151254987121323,206838,206727,0.0005366518724798652,230301,230181,0.0005210572251097556,267629,267444,0.000691255431959914,251860,251685,0.0006948304613674239,234725,234599,0.0005367983810842247,211119,210976,0.0006773431098101579,217908,217780,0.0005874038585090835,233915,233773,0.000607058119402315,0,219494,0,153774,218808,0,505927,221208,0.5627669604508161,,2712006,2710583,0.0005247038539000215,1
KP-HQ,82,238320,238280,0.00016784155756965902,213510,213480,0.00014050864128145601,218310,218270,0.0001832256882414729,141130,141100,0.00021256997094876162,250430,250400,0.00011979395439842833,216560,216530,0.00013852973771699695,79980,79970,0.00012503125781448965,23590,23590,0,21480,21470,0.0004655493482309536,20120,20120,0,16020,16010,0.0006242197253433224,17530,17530,0,,1456980,1456750,0.00015786078051860386,1
KP-HQ,83,129209,129245,0,143693,143731,0,150483,150525,0,114526,114557,0,130052,130093,0,127042,127077,0,138098,138131,0,163626,163669,0,155125,155175,0,158627,158680,0,126544,125400,0.009040333796940248,165890,167114,0,,1702915,1703397,0,1
KP-HQ,84,0,6852,0,29425,7576,0.7425318606627018,8154,7811,0.04206524405199907,8377,7942,0.051927897815447044,8671,8246,0.04901395456118096,9008,8545,0.051398756660746,7863,7458,0.05150705837466618,8760,8220,0.06164383561643838,8221,7905,0.03843814621092323,9159,8683,0.051970739163664126,8683,8226,0.052631578947368474,8061,7610,0.05594839349956582,,114382,95074,0.16880278365477086,86
KP-HQ,85,0,25567,0,79920,26631,0.6667792792792793,28880,27952,0.03213296398891963,29600,28508,0.036891891891891904,31200,30101,0.03522435897435894,32080,30883,0.03731296758104741,26600,25860,0.02781954887218041,28840,27943,0.03110263522884882,26360,25918,0.016767830045523513,30760,29373,0.04509102730819248,28720,27853,0.03018802228412254,26360,25549,0.03076631259484064,,369320,332138,0.10067691974439508,250
KP-HQ,86,0,15737,0,51750,16951,0.6724444444444444,18330,17695,0.03464266230223678,19200,18299,0.046927083333333286,20100,19508,0.029452736318407946,20670,20574,0.004644412191581959,18390,17897,0.026808047852093564,20430,19720,0.03475281448849732,18360,17798,0.030610021786492414,9060,20712,0,32371,19553,0.39597170306756047,18166,17709,0.025156886491247366,,246827,222153,0.09996475264051341,209
KP-HQ,87,0,17919,0,60280,19595,0.6749336429993364,21600,20557,0.04828703703703707,23320,22276,0.04476843910806172,22360,21346,0.04534883720930227,23440,22368,0.04573378839590447,20160,19060,0.05456349206349209,22200,21040,0.052252252252252274,21080,20450,0.029886148007590152,24080,22869,0.05029069767441863,23000,21888,0.048347826086956536,20600,19705,0.04344660194174754,,282120,249073,0.11713809726357582,277
KP-HQ,88,34725,16084,0.5368178545716342,19378,18826,0.028485911858809,20094,19561,0.026525330944560555,20123,19538,0.02907121204591756,22993,22150,0.036663332318531694,23281,21674,0.06902624457712303,22814,21628,0.051985622863154224,23338,22789,0.023523866655240422,20943,20265,0.03237358544621116,23617,22888,0.030867595376212087,22046,21431,0.02789621700081646,19821,19265,0.028051056959790155,,273173,246099,0.09910935560981504,195
KP-HQ,89,36293,35082,0.03336731601135201,37647,36681,0.02565941509283609,39395,38068,0.03368447772559968,39206,37839,0.03486711217670768,38847,38281,0.014569979663809351,41211,39995,0.029506685108344866,39361,38077,0.032621122430832594,41716,40636,0.0258893470131365,44515,43017,0.03365157811973496,39152,38119,0.026384348181446637,45570,44119,0.03184112354619262,37736,36642,0.028990884036463882,,480649,466556,0.029320772538796502,327
KP-HQ,90,27330,13331,0.5122210025612879,14391,14088,0.021054825932874666,14975,14655,0.021368948247078468,16113,15748,0.022652516601501915,16477,16100,0.022880378709716598,15916,15469,0.02808494596632316,14120,13794,0.02308781869688381,15918,15388,0.033295640155798445,15004,14795,0.013929618768328433,14484,14094,0.02692626346313176,14914,14687,0.015220598095748938,14309,13992,0.022153889160668072,,193951,176141,0.09182731720898574,102
KP-HQ,91,18337,9270,0.4944647434149534,10148,9733,0.040894757587702,10477,10089,0.03703350195666699,12443,11904,0.043317527927348665,12147,11572,0.04733679097719601,11745,11277,0.03984674329501914,11246,10762,0.04303752445313891,12520,12004,0.041214057507987234,10879,10402,0.043845941722584825,10942,10369,0.05236702613781763,12125,11656,0.038680412371134065,10566,10113,0.04287336740488357,,143575,129151,0.10046317255789661,54
KP-HQ,92,0,42523,0,131009,40787,0.6886702440290362,42556,41631,0.021736065419682316,47668,46643,0.021502895023915447,50076,48926,0.02296509305855099,48945,47889,0.021575237511492484,46798,45726,0.022906961835975848,48603,47722,0.018126453099602924,46148,44421,0.03742307358932129,43725,42712,0.023167524299599784,46868,45869,0.02131518306733804,42295,41424,0.02059345076250152,,594691,536273,0.09823252748065803,201
KP-HQ,93,0,31457,0,0,31208,0,360244,31326,0.9130422713494187,33960,32780,0.034746760895170814,35166,33857,0.03722345447307063,36455,35086,0.037553147716362645,33328,32207,0.03363538166106572,34786,33499,0.03699764272983386,34485,33280,0.03494272872263304,33744,32543,0.03559151256519677,37660,36262,0.03712161444503448,33712,32425,0.038176317038443264,,673540,395930,0.4121655729429581,167
KP-HQ,94,831170,20784,0.9749942851642865,19967,18991,0.04888065307757805,22768,21439,0.058371398453970436,27217,25532,0.061909835764412,28251,26415,0.0649888499522141,26562,22316,0.15985242075144945,26001,25074,0.03565247490481138,24732,22500,0.09024745269286749,24589,21558,0.12326650128106065,26913,29536,0,26251,24664,0.06045483981562605,24300,22938,0.05604938271604942,,1108721,281747,0.7458810647584018,147
KP-HQ,95,46901,14311,0.6948679132641096,15050,14867,0.012159468438538212,18917,18514,0.02130358936406407,21647,21101,0.025222894627431103,22668,21996,0.029645314981471715,22104,21572,0.02406804198335144,21001,20440,0.02671301366601586,22373,21729,0.02878469583873422,19885,19463,0.021222026653256232,21377,20805,0.02675773027085182,18442,18132,0.016809456674981016,18178,17804,0.020574320607327556,,268543,230734,0.14079309458820377,169
KP-HQ,96,53026,17654,0.6670689850262135,17761,17396,0.02055064467090817,18367,18324,0.0023411553329341084,19801,19568,0.011767082470582335,19890,19635,0.012820512820512775,17676,17477,0.011258203213396656,18917,18647,0.014272876248876631,18796,18552,0.012981485422430272,16147,15756,0.02421502446274848,19416,19215,0.01035228677379485,18230,18045,0.010148107515084992,18318,17946,0.020307893874877192,,256345,218215,0.14874485556574146,126
KP-HQ,97,0,0,,0,0,,0,0,,0,0,,0,0,,0,0,,0,0,,0,0,,0,0,,0,0,,0,0,,0,0,,,0,0,,0
KP-HQ,98,2127,2129,0,4081,4084,0,3447,3449,0,1395,1346,0.03512544802867379,0,1,0,0,0,,0,0,,0,0,,0,0,,0,0,,0,0,,0,0,,,11050,11009,0.003710407239818969,1
KP-HQ,99,14633,7267,0.503382764983257,7989,7792,0.024658905995744163,8386,8282,0.012401621750536607,8202,8054,0.018044379419653755,8792,8678,0.012966333030027255,8829,8565,0.029901461094121617,8181,7919,0.03202542476469872,9087,8787,0.03301419610432488,8461,8175,0.033802151045975615,8368,8110,0.03083173996175903,8614,8335,0.03238913396795917,7934,7671,0.033148474918074156,,107476,97635,0.0915646283821504,102
KP-KT,F01,0,0,,0,0,,0,0,,0,0,,0,0,,0,0,,0,0,,0,0,,0,0,,0,0,,0,0,,0,0,,,0,0,,0
KP-KT,P01,0,104762,0,0,105884,0,0,106197,0,0,142459,0,0,123600,0,0,133349,0,4241134,123261,0.970936782473744,151070,139616,0.07581915668233274,161746,149150,0.07787518702162655,140799,129233,0.08214546978316606,139510,129449,0.07211669414378896,135747,125980,0.07195002467826173,,4970006,1512940,0.6955858805804258,316
KP-KT,P02,0,72573,0,0,77149,0,0,77470,0,0,106256,0,0,91606,0,0,97171,0,0,87623,0,100782,96641,0.04108868647179065,96108,94010,0.021829608357264774,101587,98011,0.035201354504021176,91961,88451,0.038168353976142044,90796,87879,0.032126965945636354,,481234,1074840,0,278
KP-KT,P03,0,27283,0,0,25944,0,0,28052,0,0,33734,0,0,39230,0,0,35360,0,34844,33138,0.048961083687291906,35302,33525,0.050337091382924526,31968,30496,0.04604604604604601,35414,33713,0.04803185181001868,32445,30951,0.0460471567267684,29750,28366,0.046521008403361375,,199723,379792,0,170
KP-KT,P04,0,14861,0,0,14379,0,0,14647,0,0,17036,0,0,19370,0,0,16924,0,18080,16791,0.07129424778761062,17400,16448,0.054712643678160866,17680,16546,0.06414027149321266,18880,17740,0.060381355932203395,17600,16455,0.06505681818181819,16720,15742,0.05849282296650715,,106360,196939,0,87
KP-KT,P05,0,7897,0,0,7872,0,0,7604,0,0,8698,0,0,10042,0,0,9089,0,9000,8515,0.053888888888888875,8920,8525,0.04428251121076232,8760,8488,0.031050228310502304,10080,8707,0.13621031746031742,9400,10118,0,8360,8075,0.03409090909090906,,54520,103630,0,68
KP-KT,P06,0,33715,0,0,33916,0,0,34706,0,0,25113,0,0,20697,0,0,22939,0,21300,20268,0.04845070422535214,22290,21344,0.042440556303275034,22050,21137,0.04140589569161002,23580,22423,0.0490670059372349,23040,22079,0.04171006944444444,21420,20499,0.04299719887955178,,133680,298836,0,174
KP-KT,P07,0,36553,0,0,35957,0,0,36844,0,0,49388,0,0,40527,0,0,43694,0,42399,40915,0.03500082549116723,45059,43375,0.03737322177589386,44393,42536,0.04183091928907712,45835,44307,0.03333696956474308,43807,42124,0.038418517588513224,39969,38353,0.0404313342840702,,261462,494573,0,214
KP-KT,P08,0,107059,0,0,106393,0,0,107336,0,0,124330,0,0,130212,0,0,131603,0,0,120268,0,263400,128912,0.5105846621108581,126960,120787,0.04862161310649027,134400,127122,0.054151785714285694,135720,127907,0.05756704980842908,119880,114703,0.04318485151818485,,780360,1446632,0,419
KP-KT,P09,0,82079,0,0,72783,0,0,73649,0,0,92591,0,0,100707,0,0,95712,0,0,87045,0,186740,92442,0.5049694762771768,93032,89319,0.03991099836615353,97918,94042,0.03958414183296233,91000,86871,0.04537362637362641,84010,80460,0.04225687418164503,,552700,1047700,0,301
KP-KT,P10,0,29749,0,0,29284,0,0,28539,0,0,34594,0,0,36151,0,0,40753,0,0,34560,0,37346,35723,0.04345846944786591,35637,33587,0.0575244829811713,38812,36668,0.05524064722250854,37690,37035,0.017378615017245913,33898,32716,0.03486931382382441,,183383,409359,0,216
KP-KT,P100,0,6406,0,0,6920,0,0,6929,0,0,8990,0,0,7829,0,0,9228,0,13960,13454,0.03624641833810893,15693,15031,0.04218441343274071,15986,14732,0.07844363818341049,15507,15533,0,17468,16854,0.03514998855049234,16744,16096,0.03870043000477785,,95358,138002,0,55
KP-KT,P101,3668,3673,0,4586,4580,0.0013083296990841209,5744,5748,0,5945,5948,0,6453,6425,0.004339067100573413,5801,5828,0,5678,5662,0.002817893624515677,6393,6419,0,6255,6243,0.0019184652278178005,6391,6404,0,6299,6307,0,5525,5505,0.0036199095022624306,,68738,68742,0,1
KP-KT,P102,0,106871,0,0,115352,0,0,120900,0,0,177168,0,0,156403,0,0,165905,0,159042,147012,0.07564039687629687,165986,154193,0.07104816068825082,159982,148314,0.07293320498556088,173126,160265,0.07428693552672616,158718,146795,0.07512065424211489,150371,140117,0.06819134008552186,,967225,1739295,0,315
KP-KT,P103,537194,544750,0,579229,587160,0,584878,591750,0,670143,678910,0,651122,658000,0,660968,670030,0,635864,643350,0,665632,674440,0,614552,622840,0,539083,545820,0,462405,468660,0,469819,471540,0,,7070889,7157250,0,1
KP-KT,P104,237148,241163,0,271283,275352,0,255376,259621,0,325633,330864,0,290408,294644,0,279108,283856,0,259724,263812,0,310644,315836,0,177622,180832,0,186153,189420,0,177463,180772,0,233050,236828,0,,3003612,3053000,0,1
KP-KT,P105,0,5934,0,0,6151,0,0,6274,0,0,8537,0,0,7445,0,0,7809,0,6748,6642,0.01570835803200954,7297,7181,0.01589694394956831,7487,6928,0.07466274876452517,6769,7268,0,6898,6778,0.01739634676717894,6664,6570,0.014105642256902806,,41863,83517,0,39
KP-KT,P106,0,3426,0,0,3949,0,0,3080,0,0,3638,0,0,2738,0,0,2734,0,0,2591,0,5234,2514,0.5196790217806648,2565,2778,0,2937,2571,0.12461695607763024,2623,2557,0.025162028211971,2611,2541,0.02680965147453085,,15970,35117,0,36
KP-KT,P107,0,1271,0,0,1195,0,0,1231,0,0,1539,0,0,1616,0,0,1518,0,0,1526,0,3070,1467,0.5221498371335505,1512,1504,0.005291005291005346,1794,1726,0.03790412486064665,1678,1638,0.023837902264600697,1714,1675,0.022753792298716435,,9768,17906,0,25
KP-KT,P108,6392,6400,0,7449,7461,0,7118,7083,0.004917111548187747,7309,7334,0,7496,7360,0.018143009605122717,7774,7857,0,7304,7327,0,8261,8238,0.0027841665657910575,7415,7424,0,7473,7446,0.0036130068245684432,7472,7469,0.0004014989293361637,7631,7120,0.0669637006945355,,89094,88519,0.0064538577233034244,1
KP-KT,P109,0,15056,0,0,15657,0,0,13969,0,0,18995,0,0,15404,0,0,16401,0,16321,15072,0.07652717358005023,17127,16415,0.0415717872365271,19068,17863,0.06319488147681984,16461,15450,0.06141789684709309,16708,15692,0.060809193200861866,15686,14758,0.059161035318118116,,101371,190732,0,41
KP-KT,P11,0,13352,0,0,11847,0,0,11624,0,0,13891,0,0,15595,0,0,15068,0,0,13141,0,14240,13583,0.046137640449438244,13520,12832,0.05088757396449706,15040,14555,0.0322473404255319,14680,14374,0.020844686648501365,13280,12992,0.02168674698795181,,70760,162854,0,118
KP-KT,P110,0,10643,0,0,9907,0,0,10118,0,0,12079,0,0,13275,0,0,13669,0,0,11836,0,24517,12665,0.4834196679854794,12774,12718,0.004383904806638528,13776,13619,0.011396631823461068,13277,13251,0.0019582737064095523,12720,12555,0.01297169811320753,,77064,146335,0,96
KP-KT,P111,0,9219,0,0,8668,0,0,8650,0,0,9791,0,0,10702,0,0,10303,0,0,10557,0,22099,11141,0.4958595411557084,11377,11192,0.01626087720840297,12768,12529,0.01871867167919794,12015,13059,0,11027,9540,0.13485082071279586,,69286,125351,0,67
KP-KT,P112,0,7689,0,0,7334,0,0,7217,0,0,8060,0,0,9084,0,0,8452,0,0,8740,0,18187,8551,0.5298289987353604,8671,8136,0.06169991927113372,9707,9118,0.06067786133717934,9223,9955,0,8837,6629,0.24985854928143036,,54625,98965,0,58
KP-KT,P113,25996,26037,0,28365,28456,0,30164,30128,0.001193475666357302,34742,34807,0,32309,32258,0.0015785075365997159,32637,32842,0,31748,31635,0.0035592793246819188,29563,29726,0,27458,27391,0.0024400903197611123,26421,26446,0,26425,26439,0,24989,24926,0.002521109288086798,,350817,351091,0,1
KP-KT,P114,227712,230673,0,245848,248694,0,243384,247039,0,277720,281093,0,270227,273338,0,250843,254356,0,241952,245013,0,250290,253853,0,250757,254287,0,253987,257369,0,231885,235222,0,223293,225992,0,,2967898,3006929,0,1
KP-KT,P115,0,48149,0,0,43112,0,0,48114,0,0,56370,0,0,61829,0,0,60726,0,0,52350,0,109200,52930,0.5152930402930402,54413,52304,0.03875912006322013,56605,54333,0.04013779701439801,55558,53470,0.03758234637675939,51763,49880,0.036377335162181446,,327539,633567,0,255
KP-KT,P116,154507,155871,0,154382,158387,0,161939,165471,0,268455,272748,0,279297,282753,0,293350,298357,0,286453,290711,0,308460,313508,0,308836,313565,0,302692,306932,0,305032,309390,0,294681,299392,0,,3118084,3167085,0,1
KP-KT,P117,146106,149501,0,170282,173952,0,178618,182460,0,202404,206562,0,189447,192983,0,190744,194685,0,181911,185649,0,190201,194283,0,171016,174820,0,160747,164240,0,157516,160929,0,157127,160583,0,,2096119,2140647,0,1
KP-KT,P118,58695,59902,0,79071,80369,0,70260,71453,0,92221,93846,0,105544,107001,0,114666,116303,0,106946,108447,0,116173,117925,0,113250,114862,0,111889,113381,0,111792,113351,0,98019,99321,0,,1178526,1196161,0,1
KP-KT,P119,0,0,,0,0,,0,5454,0,0,10529,0,0,12623,0,0,13639,0,0,12983,0,27381,13186,0.5184251853475037,13687,13117,0.04164535690801485,14894,14217,0.045454545454545414,13946,13896,0.003585257421482857,12973,12042,0.07176443382409625,,82881,121686,0,75
KP-KT,P12,0,7632,0,0,7965,0,0,7678,0,0,10554,0,0,9090,0,0,10237,0,9390,9093,0.031629392971246006,10290,10073,0.021088435374149617,11280,10989,0.02579787234042552,10050,9726,0.032238805970149276,10290,10109,0.017589893100097176,10110,9873,0.02344213649851634,,61410,113019,0,74
KP-KT,P120,0,0,,0,0,,83207,85820,0,98752,102610,0,137504,139600,0,173099,177070,0,200518,204730,0,234742,240020,0,237396,242760,0,266292,271650,0,280119,285640,0,270099,275200,0,,1981728,2025100,0,1
KP-KT,P121,0,0,,0,0,,0,0,,0,16720,0,0,13699,0,0,14748,0,14395,13853,0.037651962486974666,15249,14596,0.04282248016263357,14460,13739,0.04986168741355468,15756,15190,0.035922823051535935,14786,14182,0.04084945218449887,14120,13595,0.03718130311614731,,88766,130322,0,102
KP-KT,P122,0,0,,0,0,,0,0,,0,18920,0,0,16604,0,0,19671,0,18983,18229,0.03971974924932831,20606,19770,0.04057070756090464,19579,18754,0.04213698350273254,20969,20108,0.041060613286279746,20586,19559,0.04988827358398917,17891,17076,0.04555363031691917,,118614,168691,0,170
KP-KT,P123,0,0,,0,0,,0,46320,0,193395,150631,0.221122572972414,183389,185933,0,222480,225930,0,237964,241342,0,264113,268068,0,260418,264285,0,219859,223021,0,216853,219866,0,207882,209681,0,,2006353,2035077,0,1
KP-KT,P124,0,0,,0,0,,0,0,,0,0,,0,0,,0,0,,0,0,,26907,26250,0.024417437841453893,26554,25797,0.0285079460721549,30375,29393,0.03232921810699585,31115,30776,0.010895066688092592,26982,25345,0.06067007634719446,,141933,137561,0.030803266329888057,83
KP-KT,P125,0,0,,0,0,,0,0,,0,0,,0,0,,0,0,,0,0,,5133,6055,0,6619,7523,0,7180,5955,0.17061281337047352,7378,7246,0.017891027378693414,6234,6093,0.022617901828681397,,32544,32872,0,46
KP-KT,P126,0,0,,0,0,,0,0,,0,0,,0,0,,0,0,,0,58030,0,124720,60558,0.5144483643361129,64362,61949,0.037491066157049224,59809,59741,0.0011369526325469836,64874,63522,0.020840398310571273,61157,59939,0.019915954019981363,,374922,363739,0.02982753746112521,39
KP-KT,P127,0,0,,0,0,,0,0,,0,0,,0,0,,0,0,,70326,71470,0,147926,150390,0,150971,154802,0,164891,166230,0,172085,174887,0,163978,166640,0,,870177,884419,0,1
KP-KT,P128,0,0,,0,0,,0,0,,0,0,,0,0,,0,0,,0,0,,0,0,,0,0,,0,0,,0,0,,0,48647,0,,0,48647,0,1
KP-KT,P13,0,27193,0,0,41763,0,0,39609,0,0,54225,0,0,45305,0,0,50269,0,61800,60061,0.02813915857605176,50360,49274,0.021564733915806156,43640,42789,0.01950045829514202,33480,32704,0.02317801672640385,32200,31593,0.01885093167701868,31360,30792,0.01811224489795915,,252840,505577,0,42
KP-KT,P14,0,31354,0,0,34634,0,0,32499,0,0,45173,0,0,37624,0,0,40169,0,37331,36038,0.034636093327261475,40528,39037,0.036789380181602827,44964,43140,0.04056578596210303,41135,39683,0.03529840768202264,43608,42035,0.03607136305265091,40805,39233,0.03852469060164199,,248371,460619,0,192
KP-KT,P15,0,6540,0,0,7155,0,0,6814,0,0,9412,0,0,7541,0,0,8422,0,7840,7525,0.0401785714285714,8120,7891,0.02820197044334971,9440,9138,0.03199152542372885,8800,8408,0.044545454545454555,9160,8682,0.05218340611353711,8480,8151,0.03879716981132075,,51840,95679,0,73
KP-KT,P16,0,0,,0,0,,0,0,,0,0,,0,0,,0,0,,0,0,,0,0,,0,0,,0,0,,0,0,,0,0,,,0,0,,1
KP-KT,P17,0,30206,0,597413,28885,0.9516498636621566,27005,27015,0,31005,31037,0,28699,28583,0.004041952681278049,24284,24378,0,25588,25510,0.0030483038924495887,23478,23578,0,21802,21775,0.001238418493716198,19042,19061,0,19710,19693,0.0008625063419583912,21752,21667,0.003907686649503472,,839778,301388,0.6411099123816056,1
KP-KT,P18,0,15368,0,0,15751,0,0,13646,0,0,18244,0,0,19865,0,0,19298,0,0,17346,0,18120,16901,0.06727373068432674,18880,18019,0.04560381355932208,19560,18647,0.04667689161554189,18880,17918,0.050953389830508455,17360,16384,0.05622119815668203,,92800,207387,0,184
KP-KT,P19,0,15440,0,0,16026,0,0,10119,0,0,13781,0,0,17187,0,0,16580,0,16813,16365,0.026646047701183617,16170,15853,0.019604205318491053,16043,15570,0.029483263728729003,18523,18046,0.025751768072126535,17413,17271,0.008154826853500219,16787,16022,0.045570977542145674,,101749,188260,0,118
KP-KT,P20,0,5100,0,0,5670,0,0,5310,0,0,5430,0,0,4470,0,0,5160,0,0,5160,0,0,5730,0,0,4650,0,0,4500,0,0,4530,0,0,4950,0,,0,60660,0,1
KP-KT,P21,0,0,,0,0,,0,0,,0,0,,0,0,,0,0,,0,0,,0,0,,0,0,,0,0,,0,0,,0,0,,,0,0,,1
KP-KT,P22,203451,207241,0,216175,219315,0,208562,212991,0,223612,227418,0,219668,223166,0,218706,223141,0,208468,212055,0,216635,220697,0,211760,215643,0,204510,207962,0,199881,203570,0,190776,194056,0,,2522204,2567255,0,1
KP-KT,P23,0,5935,0,0,5592,0,0,5842,0,0,7019,0,0,7614,0,0,7478,0,0,6798,0,14040,6876,0.5102564102564102,7320,7172,0.020218579234972722,7950,7963,0,7500,7110,0.052000000000000046,7290,7191,0.013580246913580285,,44100,82590,0,75
KP-KT,P24,0,0,,0,60,0,0,0,,0,300,0,0,420,0,0,240,0,0,0,,0,0,,0,0,,0,0,,0,0,,0,0,,,0,1020,0,0
KP-KT,P25,0,47900,0,0,45295,0,0,42421,0,0,52830,0,0,55850,0,0,54798,0,0,49076,0,55280,49407,0.10624095513748189,52560,50229,0.044349315068493156,53600,51149,0.04572761194029851,52720,50220,0.04742033383915023,49920,47920,0.04006410256410253,,264080,597095,0,173
KP-KT,P26,0,6305,0,0,5736,0,0,6025,0,0,7468,0,0,7812,0,0,7812,0,0,6836,0,14440,6960,0.5180055401662049,7380,7083,0.040243902439024426,7920,7600,0.04040404040404044,7860,7484,0.04783715012722645,7500,7188,0.04159999999999997,,45100,84309,0,96
KP-KT,P27,0,12733,0,0,12155,0,0,12326,0,0,15059,0,0,16200,0,0,16176,0,0,14140,0,31260,15072,0.5178502879078695,16320,15077,0.07616421568627452,18270,17045,0.06704980842911878,17970,16682,0.07167501391207565,17310,15996,0.07590987868284227,,101130,178661,0,180
KP-KT,P28,576,559,0.02951388888888884,3712,3612,0.026939655172413812,3509,3404,0.029923055001424892,3219,3143,0.02360981671326501,3016,2933,0.027519893899204284,0,119,0,0,0,,0,0,,0,0,,0,0,,0,0,,0,0,,,14032,13770,0.0186716077537058,1
KP-KT,P29,0,9671,0,0,10566,0,0,11091,0,0,12373,0,0,12664,0,0,13119,0,0,12856,0,0,13715,0,0,11359,0,0,12207,0,0,11349,0,0,10057,0,,0,141027,0,8
KP-KT,P30,0,14460,0,0,13117,0,0,12232,0,0,14642,0,0,16482,0,0,15817,0,0,14965,0,32358,15357,0.5254033005748192,16100,15183,0.05695652173913046,18915,17827,0.057520486386465786,16755,15805,0.05669949268874963,15643,14744,0.05746979479639458,,99771,180631,0,199
KP-KT,P31,0,12117,0,0,11679,0,0,11663,0,0,14136,0,0,16478,0,0,15676,0,0,15136,0,32066,15191,0.5262583421692759,15876,14965,0.05738221214411687,17977,16842,0.06313622962674525,16606,15486,0.06744550162591834,16322,15413,0.055691704447984325,,98847,174782,0,144
KP-KT,P32,0,41542,0,12938,53257,0,252,52600,0,44400,46497,0,30400,33256,0,43800,45499,0,46600,47433,0,48600,51518,0,41600,43515,0,52600,55433,0,55600,56853,0,43600,45699,0,,420390,573102,0,1
KP-KT,P33,0,16730,0,70013,6780,0.9031608415579964,987,10310,0,7440,7450,0,6650,6680,0,7840,7790,0.0063775510204081565,8300,8310,0,8670,8660,0.0011534025374856371,8960,8960,0,17820,17780,0.002244668911335568,5760,5420,0.05902777777777779,5970,5940,0.005025125628140725,,148410,110810,0.2533521999865238,1
KP-KT,P34,0,12027,0,0,11738,0,0,11781,0,0,15771,0,0,12307,0,0,13495,0,13198,12722,0.03606607061676015,13313,12812,0.03763238939382563,12343,11872,0.0381592805638824,14379,13768,0.042492523819458894,13176,12647,0.04014875531268969,12306,11829,0.03876157971721117,,78715,152769,0,162
KP-KT,P35,0,8548,0,0,8436,0,0,8108,0,0,10929,0,0,8393,0,0,8827,0,8416,8229,0.022219581749049477,8868,8673,0.02198917456021654,8624,8432,0.02226345083487946,9382,9150,0.024728202941803445,8387,8212,0.020865625372600505,7738,7551,0.024166451279400314,,51415,103488,0,67
KP-KT,P36,0,1509,0,0,1693,0,0,1883,0,0,2181,0,0,1812,0,0,1704,0,0,1563,0,0,1507,0,0,1419,0,0,1442,0,0,1461,0,0,1185,0,,0,19359,0,1
KP-KT,P37,261660,262060,0,266060,266480,0,277420,277850,0,353570,354140,0,306420,306920,0,290790,291290,0,275010,275470,0,298560,299050,0,311890,312390,0,280110,280570,0,279280,279710,0,275340,275740,0,,3476110,3481670,0,1
KP-KT,P38,0,23972,0,0,22111,0,0,18129,0,0,21313,0,0,21937,0,0,25899,0,0,24502,0,50250,24295,0.5165174129353234,27300,24372,0.10725274725274725,28200,28308,0,27210,25811,0.051414920984932055,24060,22792,0.05270157938487119,,157020,283441,0,111
KP-KT,P39,0,14050,0,0,14296,0,0,13841,0,0,17326,0,0,18109,0,0,18465,0,0,16344,0,33400,16438,0.5078443113772455,16640,16322,0.01911057692307694,18200,17802,0.021868131868131857,17560,17106,0.025854214123006813,15520,15226,0.01894329896907221,,101320,195325,0,139
KP-KT,P40,0,21819,0,0,22914,0,0,21244,0,0,27194,0,0,27859,0,0,27408,0,0,23642,0,49880,24100,0.5168404170008019,25480,24357,0.04407378335949763,28000,27219,0.027892857142857164,27200,25647,0.05709558823529415,23920,22870,0.04389632107023411,,154480,296273,0,208
KP-KT,P41,0,19878,0,0,19720,0,0,18373,0,0,24565,0,0,20475,0,0,22542,0,21780,20691,0.050000000000000044,16280,14156,0.1304668304668305,14680,14035,0.04393732970027253,14700,14031,0.045510204081632644,14100,13455,0.04574468085106387,12320,11753,0.04602272727272727,,93860,213674,0,86
KP-KT,P42,0,33463,0,0,36607,0,0,35416,0,0,50723,0,0,41320,0,0,44492,0,41560,40025,0.03693455245428301,42280,40903,0.03256859035004733,41400,40224,0.028405797101449304,42960,41731,0.028608007448789552,44280,42035,0.050700090334236725,38240,38335,0,,250720,485274,0,147
KP-KT,P43,0,28527,0,0,29819,0,0,28584,0,0,16532,0,0,14519,0,0,15071,0,13400,13011,0.029029850746268626,14040,13721,0.022720797720797714,13360,13066,0.02200598802395215,14560,14199,0.024793956043956067,14680,14220,0.03133514986376018,12640,12335,0.024129746835443,,82680,213604,0,111
KP-KT,P44,0,32766,0,0,31410,0,0,28349,0,0,37014,0,0,39190,0,0,37965,0,0,35272,0,37340,34996,0.06277450455275846,38518,35851,0.06924035515862714,40900,37625,0.08007334963325186,38157,35486,0.07000026207511068,35862,33536,0.06485974011488482,,190777,419460,0,342
KP-KT,P45,0,11158,0,0,10546,0,0,10368,0,0,14440,0,0,11029,0,0,11482,0,11964,11002,0.0804078903376797,12826,11654,0.09137689069078436,12589,11491,0.08721900071490984,14299,13103,0.08364221274214978,12923,11856,0.08256596765456936,12282,11233,0.08540954241980137,,76883,139362,0,146
KP-KT,P46,0,9171,0,0,8502,0,0,9110,0,0,12755,0,0,10346,0,0,11073,0,10380,10259,0.011657032755298613,11280,11031,0.02207446808510638,10770,10496,0.025441039925719555,12060,11749,0.02578772802653395,10800,10574,0.020925925925925903,9510,9303,0.021766561514195537,,64800,124369,0,114
KP-KT,P47,0,9297,0,0,8455,0,0,8158,0,0,10033,0,0,11885,0,0,10445,0,0,10250,0,20820,10290,0.5057636887608069,10020,9648,0.037125748502993994,11910,11767,0.012006717044500403,10590,10289,0.028423040604343752,10200,9978,0.021764705882352908,,63540,120495,0,107
KP-KT,P48,0,3888,0,0,3656,0,0,3431,0,0,4381,0,0,4897,0,0,4527,0,0,4748,0,9570,4550,0.5245559038662486,4710,4563,0.03121019108280254,5010,4875,0.026946107784431184,4560,3351,0.2651315789473684,4680,5589,0,,28530,52456,0,53
KP-KT,P49,0,17781,0,0,17424,0,0,16827,0,0,20247,0,0,22689,0,0,21096,0,0,19781,0,41550,20098,0.5162936221419976,20130,19242,0.04411326378539493,22890,21842,0.045784185233726515,20910,19932,0.0467718794835007,19740,18898,0.04265450861195541,,125220,235857,0,260
KP-KT,P50,0,7380,0,0,5400,0,0,4800,0,0,6120,0,0,6180,0,0,6060,0,0,7080,0,0,6900,0,0,6240,0,0,7500,0,0,5820,0,0,5760,0,,0,75240,0,1
KP-KT,P51,0,10488,0,0,10523,0,0,10621,0,0,14112,0,0,11199,0,0,12066,0,12210,11476,0.06011466011466016,12420,11698,0.05813204508856684,12150,11423,0.05983539094650203,13530,12747,0.05787139689578713,12900,12143,0.05868217054263569,11310,10574,0.0650751547303271,,74520,139070,0,161
KP-KT,P52,0,7013,0,0,6534,0,0,6654,0,0,8059,0,0,7228,0,0,8205,0,8000,7508,0.0615,7800,7374,0.05461538461538462,7640,7199,0.05772251308900522,8720,8189,0.060894495412844085,8280,7759,0.06292270531400967,7880,7385,0.06281725888324874,,48320,89107,0,111
KP-KT,P53,0,11010,0,0,10805,0,0,10789,0,0,14731,0,0,11973,0,0,13061,0,10680,12406,0,13520,12563,0.070784023668639,14000,12869,0.08078571428571424,15840,14637,0.07594696969696968,14680,13529,0.07840599455040875,13240,12182,0.07990936555891237,,81960,150555,0,273
KP-KT,P54,0,13063,0,0,12609,0,0,12730,0,0,16997,0,0,14536,0,0,15413,0,15257,14151,0.07249131546175525,15938,14709,0.07711130631195884,15897,14576,0.0830974397685098,17802,16452,0.07583417593528818,16551,15131,0.08579542021630115,14295,13103,0.08338579923050016,,95740,173470,0,229
KP-KT,P55,0,7780,0,871567,9007,0.9896657399832716,9445,9440,0.000529380624669118,9201,9243,0,9178,9052,0.013728481150577454,9242,9327,0,9295,9325,0,11050,11018,0.0028959276018099,9320,9363,0,8926,8874,0.005825677795205042,7922,7936,0,7815,7831,0,,962961,108196,0.8876423863479415,1
KP-KT,P56,0,31057,0,4969346,8734,0.9982424246570877,20428,20446,0,37520,37544,0,43094,43082,0.0002784610386596942,52720,52826,0,59453,59427,0.00043732023615294935,72578,72712,0,73855,73954,0,78132,78187,0,79846,79922,0,79463,79275,0.0023658809760517263,,5566435,637166,0.8855342782229559,1
KP-KT,P57,0,6259,0,0,6052,0,0,6037,0,0,7107,0,0,8019,0,0,7182,0,0,6549,0,13840,7043,0.49111271676300583,6240,6658,0,8000,7570,0.053749999999999964,7440,7013,0.05739247311827955,6520,6224,0.04539877300613493,,42040,81713,0,138
KP-KT,P58,0,10933,0,0,10801,0,0,10688,0,0,11856,0,0,13610,0,0,12891,0,0,12362,0,25140,12272,0.5118536197295147,11970,11696,0.02289055973266496,13680,13408,0.019883040935672502,12300,12060,0.019512195121951237,10860,10635,0.02071823204419887,,73950,143212,0,179
KP-KT,P59,0,4766,0,0,4449,0,0,4389,0,0,5239,0,0,5787,0,0,5337,0,0,5058,0,10937,5437,0.5028801316631617,5415,5192,0.04118190212373041,6314,6052,0.04149509027557807,5904,5658,0.04166666666666663,5442,5205,0.04355016538037482,,34012,62569,0,118
KP-KT,P60,0,11985,0,0,11466,0,0,11659,0,0,13444,0,0,15232,0,0,14163,0,0,13187,0,28994,14991,0.4829619921363041,15098,14703,0.026162405616637963,17018,17003,0.0008814196732871427,16191,15428,0.04712494595763084,15513,14513,0.06446206407529165,,92814,167774,0,105
KP-KT,P61,0,7063,0,0,6944,0,0,6548,0,0,7478,0,0,8183,0,0,7447,0,0,7457,0,15420,7697,0.5008430609597925,7480,7237,0.032486631016042766,8780,8827,0,7760,7184,0.0742268041237113,7260,6999,0.03595041322314052,,46700,89064,0,123
KP-KT,P62,0,8989,0,0,3140,0,1130142,17257,0.9847302374391891,23258,23263,0,31091,31083,0.0002573091891544532,32107,32168,0,30322,30304,0.000593628388628753,44766,44834,0,46680,46737,0,49813,49850,0,48718,48753,0,44683,44576,0.00239464673365708,,1481580,380954,0.7428731489355958,1
KP-KT,P63,0,15632,0,999096,17529,0.9824551394460592,17483,17387,0.00549104844706283,17309,17360,0,17735,17645,0.005074711023400069,22232,22230,8.996041741637928e-05,23116,23040,0.003287766049489549,21466,21590,0,16386,16470,0,21222,21174,0.002261803788521366,20896,20815,0.003876339969372089,18309,18335,0,,1195250,229207,0.8082350972599874,1
KP-KT,P64,0,3478,0,0,3255,0,0,3315,0,0,3864,0,0,4417,0,0,4352,0,0,3942,0,8600,4182,0.5137209302325582,4020,3810,0.052238805970149294,4380,4153,0.05182648401826484,4240,4003,0.055896226415094286,3920,3711,0.053316326530612246,,25160,46482,0,79
KP-KT,P65,0,3841,0,0,3746,0,0,3475,0,0,4141,0,0,4831,0,0,4349,0,0,4274,0,9120,4419,0.5154605263157894,4660,4452,0.0446351931330472,5240,4882,0.06832061068702289,4800,4733,0.013958333333333295,4020,3835,0.04601990049751248,,27840,50978,0,60
KP-KT,P66,0,11878,0,0,11132,0,0,11011,0,0,13010,0,0,15710,0,0,14375,0,0,13932,0,29480,14166,0.5194708276797829,14180,13529,0.045909732016925275,16600,15868,0.04409638554216866,15280,14587,0.04535340314136127,13600,12954,0.04749999999999999,,89140,162152,0,166
KP-KT,P67,0,10969,0,0,10705,0,0,10187,0,0,11913,0,0,12739,0,0,11971,0,0,11750,0,23970,11438,0.5228201919065498,11760,11376,0.03265306122448974,13350,12835,0.038576779026217256,13680,12795,0.0646929824561403,13110,13294,0,,75870,141972,0,111
KP-KT,P68,0,909,0,748172,996,0.9986687553129494,1275,1276,0,1296,1300,0,1293,1298,0,1280,1279,0.0007812499999999556,888,889,0,1053,1054,0,2718,2719,0,2404,2412,0,753,755,0,770,768,0.0025974025974025983,,761902,15655,0.9794527380161753,1
KP-KT,P69,0,81554,0,0,90744,0,0,88975,0,0,122719,0,0,120017,0,0,142098,0,71252,69182,0.029051816089372906,75888,73300,0.034102888467214876,80485,77950,0.031496552152574964,78893,73430,0.06924568719658275,74870,75814,0,70328,68746,0.022494596746672757,,451716,1084529,0,123
KP-KT,P70,0,29047,0,2710964,42019,0.9845003474778713,39077,40057,0,36084,37203,0,38143,38514,0,43203,44364,0,36196,37252,0,38012,38733,0,31435,32242,0,44183,44879,0,39088,40080,0,45418,46241,0,,3101803,470631,0.8482717954686355,1
KP-KT,P71,0,8638,0,0,8200,0,0,8424,0,0,9667,0,0,10868,0,0,10595,0,0,10365,0,11100,11390,0,10060,10213,0,11820,10826,0.08409475465313032,11320,10945,0.033127208480565384,10060,9776,0.02823061630218693,,54360,119907,0,83
KP-KT,P72,0,29653,0,0,29728,0,0,31413,0,0,38013,0,0,34941,0,0,37519,0,35770,35357,0.011545988258316986,12851,12844,0.0005447046922418819,11126,11041,0.007639762717957965,11405,11141,0.023147742218325273,11646,11371,0.023613257770908502,10332,10082,0.024196670538133902,,93130,293103,0,48
KP-KT,P73,0,3368,0,0,3089,0,0,3132,0,0,3755,0,0,4177,0,0,3762,0,0,3693,0,7620,3521,0.5379265091863517,3500,3686,0,4200,3638,0.13380952380952382,3720,3530,0.051075268817204256,3980,3772,0.052261306532663365,,23020,43123,0,64
KP-KT,P74,0,5325,0,0,5746,0,0,5557,0,0,6794,0,0,5496,0,0,6246,0,6009,5743,0.04426693293393247,6470,6183,0.04435857805255028,7507,7162,0.045957106700412975,6310,6028,0.04469096671949291,6554,6270,0.04333231614281352,6256,5968,0.04603580562659848,,39106,72518,0,72
KP-KT,P75,0,3100,0,0,3152,0,0,2801,0,0,3807,0,0,3162,0,0,3344,0,3040,2866,0.05723684210526314,3500,3220,0.07999999999999996,3500,3639,0,3100,2940,0.05161290322580647,3120,3024,0.03076923076923077,3220,3107,0.035093167701863326,,19480,38162,0,58
KP-KT,P76,0,3141,0,0,3340,0,0,3417,0,0,4285,0,0,3600,0,0,3907,0,3840,3672,0.043749999999999956,4160,4002,0.03798076923076921,4560,4380,0.03947368421052633,4080,3919,0.03946078431372546,4280,4130,0.03504672897196259,3860,3729,0.033937823834196856,,24780,45522,0,63
KP-KT,P77,0,3605,0,0,3776,0,0,3733,0,0,4747,0,0,4279,0,0,4807,0,4780,4576,0.04267782426778244,5320,5082,0.044736842105263186,5760,5543,0.037673611111111116,4460,4261,0.04461883408071754,4240,4070,0.04009433962264153,4220,4028,0.04549763033175358,,28780,52507,0,60
KP-KT,P78,0,3282,0,0,3489,0,0,3347,0,0,4338,0,0,3367,0,0,4017,0,3860,3674,0.04818652849740934,4000,3862,0.034499999999999975,4160,4046,0.027403846153846168,3940,3742,0.05025380710659899,4460,4267,0.043273542600896886,4100,3929,0.04170731707317077,,24520,45360,0,73
KP-KT,P79,0,4311,0,0,4657,0,0,4184,0,0,5963,0,0,4825,0,0,5413,0,5320,4997,0.06071428571428572,5500,5168,0.0603636363636364,5960,5776,0.03087248322147651,5520,5025,0.08967391304347827,5940,5579,0.060774410774410814,5520,5176,0.062318840579710155,,33760,61074,0,70
KP-KT,P80,0,3516,0,0,3724,0,0,3476,0,0,4508,0,0,3879,0,0,4341,0,4040,3866,0.04306930693069311,4260,4106,0.036150234741784026,4500,4359,0.031333333333333324,4320,4159,0.037268518518518534,4660,4482,0.038197424892703835,4560,4380,0.03947368421052633,,26340,48796,0,46
KP-KT,P81,0,5558,0,0,5585,0,0,5731,0,0,7751,0,0,6036,0,0,6908,0,9102,6472,0.28894748406943527,6648,6173,0.07145006016847177,6988,5787,0.1718660560961649,5892,6578,0,6065,5837,0.0375927452596867,5726,5642,0.014669926650366705,,40421,74058,0,52
KP-KT,P82,0,4542,0,0,5056,0,0,4926,0,0,6507,0,0,5310,0,0,5774,0,5195,5012,0.03522617901828684,5439,5245,0.035668321382607115,5455,5354,0.018515123739688333,5907,5610,0.05027932960893855,5780,5569,0.036505190311418634,5062,4806,0.05057289608850257,,32838,63711,0,65
KP-KT,P83,0,2205,0,0,2373,0,0,2247,0,0,2999,0,0,2606,0,0,2678,0,2680,2657,0.008582089552238825,2740,2665,0.027372262773722622,3180,3115,0.020440251572327095,2860,2834,0.009090909090909038,3340,3260,0.0239520958083832,2940,2871,0.02346938775510199,,17740,32510,0,35
KP-KT,P84,0,266628,0,2396344,275175,0.8851688238416521,289060,292825,0,322840,328156,0,213227,316977,0,415092,320260,0.22846019677565454,299102,303373,0,288101,292797,0,264390,268615,0,233733,237352,0,210800,214185,0,193746,196427,0,,5126435,3312770,0.35378679335639684,1
KP-KT,P85,0,175644,0,5866172,191466,0.9673609979386898,208348,211695,0,247864,251191,0,230315,233395,0,207353,210356,0,189708,192302,0,166601,169226,0,186157,190125,0,185678,186941,0,177444,180058,0,162756,164803,0,,7828396,2357202,0.6988908072611555,1
KP-KT,P86,0,1115,0,59710,1232,0.9793669402110199,326,1193,0,35,980,0,0,895,0,0,919,0,0,949,0,0,980,0,0,986,0,0,956,0,0,982,0,0,900,0,,60071,12087,0.7987881007474489,1
KP-KT,P87,0,54868,0,0,50404,0,0,50051,0,0,61273,0,0,66795,0,0,63870,0,0,59951,0,126045,62511,0.5040580744972034,60019,58268,0.029174094869957812,65531,63437,0.03195434221971283,60578,59057,0.02510812506190363,57539,55780,0.030570569526755742,,369712,706265,0,300
KP-KT,P88,0,32070,0,1185872,38190,0.967795849805038,4230,42260,0,64060,64040,0.0003122073056509578,50960,50620,0.006671899529042347,58250,58410,0,51100,51140,0,56370,55710,0.011708355508249113,51860,52620,0,54910,54680,0.004188672372973934,40000,40170,0,33080,32670,0.012394195888754567,,1650692,572580,0.6531272944922493,1
KP-KT,P89,0,96200,0,0,20590,0,0,23220,0,0,31780,0,0,21160,0,21730,21720,0.00046019328117807845,20440,20280,0.007827788649706457,21870,22010,0,22180,22160,0.0009017132551848439,23380,23300,0.0034217279726261873,16740,16750,0,21150,21180,0,,147490,340350,0,1
KP-KT,P90,0,362602,0,1300586,390440,0.6997968607996703,39177,398462,0,453940,460700,0,437570,451424,0,442050,436520,0.012509897070467124,384560,386710,0,421300,431530,0,421880,425870,0,401590,407420,0,392890,399300,0,362890,368940,0,,5058433,4919918,0.027382985995860754,1
KP-KT,P91,0,19393,0,0,18881,0,0,19242,0,0,22849,0,0,26430,0,0,27550,0,0,24923,0,52880,26004,0.5082450832072618,26000,24983,0.03911538461538466,26400,25399,0.03791666666666671,26880,25683,0.04453125000000002,23520,22690,0.03528911564625847,,155680,284027,0,83
KP-KT,P92,0,11490,0,0,12071,0,0,10862,0,0,13952,0,0,14141,0,0,14337,0,0,12826,0,27040,12977,0.5200813609467456,14400,13768,0.043888888888888866,15080,14424,0.04350132625994696,14920,14117,0.05382037533512063,13320,12772,0.04114114114114109,,84760,157737,0,118
KP-KT,P93,0,198192,0,6712973,207209,0.9691330502893427,196120,199986,0,141651,144064,0,221359,225282,0,250731,255006,0,232456,236447,0,263266,267914,0,251256,255644,0,258178,262455,0,300560,305680,0,292452,297131,0,,9121002,2855010,0.6869850483532401,1
KP-KT,P94,0,722,0,0,801,0,0,809,0,0,1137,0,0,911,0,0,913,0,835,831,0.004790419161676662,873,866,0.008018327605956443,1029,1022,0.006802721088435382,916,908,0.008733624454148492,955,950,0.005235602094240788,900,893,0.007777777777777772,,5508,10763,0,16
KP-KT,P95,0,2994,0,0,3104,0,0,2989,0,0,4025,0,0,3401,0,0,3866,0,3589,3533,0.015603232098077457,3978,3924,0.013574660633484115,4443,4385,0.013054242628854351,3948,3896,0.01317122593718334,4025,3971,0.013416149068323002,4081,4021,0.014702278853222284,,24064,44109,0,42
KP-KT,P96,0,5453,0,0,5760,0,0,5537,0,0,6933,0,0,5705,0,0,6439,0,6177,5977,0.03237817710862878,6431,6218,0.033120821023169045,6181,5723,0.07409804238796314,6688,6730,0,6625,6414,0.03184905660377357,6156,5955,0.032651072124756375,,38258,72844,0,74
KP-KT,P97,0,5345,0,0,5546,0,0,5112,0,0,7367,0,0,6252,0,0,7267,0,6607,6425,0.027546541546844217,6584,6387,0.02992102065613611,7585,7356,0.030191166776532663,6524,6318,0.03157572041692214,7082,7013,0.009743010449025702,6350,6143,0.03259842519685041,,40732,76531,0,100
KP-KT,P98,0,4120,0,0,3546,0,0,3598,0,0,4493,0,0,5211,0,0,5003,0,0,4888,0,5141,4988,0.029760746936393745,5057,4924,0.026300177971129157,5874,5685,0.03217568947906024,5364,5219,0.027032065622669688,5083,4919,0.032264410781034814,,26519,56594,0,96
KP-KT,P99,0,266108,0,4694208,283838,0.9395344219940829,277752,282529,0,301064,305759,0,292442,296215,0,295598,300739,0,289815,294148,0,309936,314909,0,300632,305157,0,291690,295969,0,286381,290735,0,270438,274414,0,,7609956,3510520,0.5386937848260884,1
