Unnamed: 0,Unnamed: 1,January,Unnamed: 3,Unnamed: 4,February,Unnamed: 6,Unnamed: 7,March,Unnamed: 9,Unnamed: 10,April,Unnamed: 12,Unnamed: 13,May,Unnamed: 15,Unnamed: 16,June,Unnamed: 18,Unnamed: 19,July,Unnamed: 21,Unnamed: 22,August,Unnamed: 24,Unnamed: 25,September,Unnamed: 27,Unnamed: 28,October,Unnamed: 30,Unnamed: 31,November,Unnamed: 33,Unnamed: 34,December,Unnamed: 36,Unnamed: 37,Unnamed: 38,Accumulate for Year 2025,Unnamed: 40,Unnamed: 41,Unnamed: 42
Region,Cabin,Total kWh,Sales kWh,Losses,Total kWh,Sales kWh,Losses,Total kWh,Sales kWh,Losses,Total kWh,Sales kWh,Losses,Total kWh,Sales kWh,Losses,Total kWh,Sales kWh,Losses,Total kWh,Sales kWh,Losses,Total kWh,Sales kWh,Losses,Total kWh,Sales kWh,Losses,Total kWh,Sales kWh,Losses,Total kWh,Sales kWh,Losses,Total kWh,Sales kWh,Losses,,Total kWh,Sales kWh,Losses,Consumer
KT-HQ,P001,36260,35085,0.032404853833425284,37261,36136,0.030192426397573913,39593,38298,0.03270780188417144,45098,43142,0.04337221162801008,47352,43410,0.083248859604663,42888,41478,0.032876329043089014,37526,36403,0.029925918030165755,40595,39233,0.033550929917477545,40576,39367,0.02979593848580442,38961,37726,0.03169836503169832,40239,38919,0.03280399612316409,38835,37651,0.030487961890047655,,485184,466848,0.03779184804115554,189
KT-SN,P001,33350,33080,0.008095952023988051,28636,28382,0.008869953904176553,34369,34010,0.010445459571125193,40173,39707,0.011599830732083705,39713,39342,0.009342029058494683,38467,38119,0.00904671536641799,38863,38481,0.009829400715333336,38249,37849,0.010457789746137203,34253,33939,0.009167080255743976,36215,35742,0.013060886373049807,34863,34654,0.005994894300547893,35701,35340,0.010111761575306022,,432852,428645,0.009719257390516822,116
KT-HQ,P002,18361,18154,0.011273895757311747,18546,18346,0.0107839965491211,21628,21381,0.01142038098760867,21597,21342,0.011807195443811591,22399,22147,0.01125050225456492,24569,24284,0.011599983719321139,21324,21091,0.010926655411742647,22733,22491,0.01064531738002028,23625,23346,0.011809523809523825,19097,18906,0.010001570927370751,21560,21339,0.01025046382189243,19039,18836,0.010662324701927628,,254478,251663,0.011061859964319076,91
KT-SN,P002,4879,4740,0.02848944455831115,4421,4326,0.02148835105179825,4703,4594,0.023176695726132235,4894,4783,0.022680833673886402,5661,5511,0.026497085320614677,5382,5216,0.03084355258268301,4862,4737,0.025709584533113894,5942,5722,0.037024570851565075,4544,4398,0.03213028169014087,6208,5848,0.0579896907216495,5864,5637,0.03871077762619368,5340,5127,0.039887640449438155,,62700,60639,0.03287081339712916,25
KT-HQ,P003,10323,10408,0,12656,12764,0,14147,14246,0,15122,15217,0,15578,15677,0,18796,18968,0,13671,13760,0,17231,17395,0,17352,17478,0,12051,12127,0,16348,16424,0,14038,14117,0,,177313,178581,0,50
KT-SN,P003,674,653,0.03115727002967361,464,453,0.023706896551724088,486,475,0.02263374485596703,522,509,0.02490421455938696,443,434,0.020316027088036148,409,400,0.022004889975550168,539,527,0.02226345083487946,701,687,0.0199714693295292,773,759,0.018111254851228997,690,679,0.01594202898550723,810,796,0.01728395061728394,678,666,0.017699115044247815,,7189,7038,0.021004312143552695,4
KT-HQ,P004,3363,3325,0.011299435028248594,2828,2799,0.010254596888260248,3233,3198,0.010825858335910876,4378,4323,0.012562814070351758,3872,3825,0.012138429752066138,4025,2818,0.2998757763975155,3163,4713,0,4224,4161,0.014914772727272707,3781,3732,0.012959534514678683,4263,4201,0.014543748533896284,4260,4200,0.014084507042253502,3314,3269,0.013578756789378366,,44704,44564,0.003131710808876198,8
KT-SN,P004,1361,1311,0.03673769287288753,1532,1478,0.03524804177545693,1253,1209,0.035115722266560234,1188,1153,0.02946127946127941,1355,1307,0.0354243542435424,1322,1287,0.02647503782148264,1145,1114,0.02707423580786028,1292,1256,0.02786377708978327,1310,1271,0.02977099236641223,1475,1433,0.028474576271186436,1506,1458,0.031872509960159334,1699,1651,0.028251912889935227,,16438,15928,0.031025672222898204,23
KT-HQ,P005,979,959,0.020429009193054126,1101,1082,0.01725703905540421,1240,1215,0.020161290322580627,1592,1561,0.019472361809045213,1332,1304,0.02102102102102099,1334,1313,0.015742128935532285,1049,1030,0.018112488083889433,1283,1259,0.0187061574434918,1189,1165,0.020185029436501245,1391,1363,0.020129403306973437,1442,1415,0.018723994452149784,1237,1214,0.018593371059013708,,15169,14880,0.019052013975871862,19
KT-SN,P005,14012,13764,0.017699115044247815,13331,13086,0.018378216187832863,14896,14583,0.02101235230934484,17836,17441,0.022146221125812993,17819,17428,0.021942869970256518,18189,17804,0.021166639177524926,17263,16885,0.021896541736662223,19733,19285,0.02270308620078043,18090,17668,0.023327805417357683,19302,18749,0.02864988084136355,21459,20885,0.026748683536045537,18403,17894,0.027658533934684537,,210333,205472,0.023110971649717316,41
KT-HQ,P006,25937,26394,0,26791,26828,0,32751,31659,0.03334249335898143,34656,33915,0.021381578947368474,34753,34107,0.01858832331021787,35412,34714,0.0197108324861629,30341,29595,0.02458719224811312,31916,31283,0.019833312445168616,32019,31737,0.008807270683031998,28902,28483,0.014497266625147054,33767,32992,0.02295140225664105,27222,26058,0.0427595327308794,,374467,367765,0.017897438225531248,79
KT-SN,P006,17337,16864,0.02728269020014995,16288,15816,0.028978388998035398,21466,20846,0.02888288456163235,25859,25148,0.027495262771182194,27585,26825,0.0275512053652347,25290,24550,0.02926057730328191,24073,23391,0.028330494745150148,25119,24404,0.028464508937457667,19684,19154,0.02692542166226375,17591,17100,0.02791200045477804,23271,22639,0.02715826565252888,20785,20240,0.026220832331007915,,264348,256977,0.027883698760724496,41
KT-HQ,P007,111339,109531,0.016238694437708312,115411,113763,0.014279401443536566,140679,137848,0.02012382800560142,147891,145074,0.019047812240095774,154055,151079,0.019317776118918606,152731,149822,0.019046558982786732,133600,131217,0.017836826347305434,145822,143293,0.01734306208939662,143954,141205,0.019096378009641923,131068,128742,0.017746513260292418,149502,147014,0.01664191783387514,119747,117519,0.018605894093380204,,1645799,1616107,0.018041085211499053,280
KT-SN,P007,51267,52659,0,6955,7698,0,88414,90410,0,38015,39134,0,69130,71358,0,45556,47641,0,22958,24676,0,61934,64422,0,71489,74153,0,117627,121239,0,20535,22129,0,20939,22626,0,,614819,638145,0,1
KT-HQ,P008,24352,24044,0.012647831800262854,23840,23544,0.01241610738255039,26206,25875,0.012630695260627323,30696,30795,0,36156,37457,0,36555,36063,0.013459171112022994,31734,31124,0.01922228524610825,33773,33275,0.014745506765759586,33984,33323,0.019450329566854996,30455,29939,0.016943030701034312,32851,32219,0.01923837934918271,28209,27560,0.023006841788081767,,368811,365218,0.009742117236199554,215
KT-SN,P008,38732,38190,0.013993597025715121,35102,34614,0.013902341746908964,42247,41623,0.014770279546476694,40816,40222,0.0145531164249314,43500,42832,0.015356321839080422,44783,44130,0.014581425987539864,39450,38870,0.01470215462610902,41628,41006,0.014941866051696007,40742,40115,0.01538952432379359,36470,35961,0.01395667672059231,40510,39896,0.015156751419402648,37357,36823,0.014294509730438776,,481337,474282,0.014657090562329556,202
KT-HQ,P009,56017,54856,0.020725851080921842,53426,52532,0.016733425672893376,56914,55690,0.021506132058895844,65019,63479,0.02368538427228961,79510,77727,0.02242485221984658,70347,68754,0.022644888907842553,68323,66895,0.020900721572530534,74285,72773,0.020354041865787154,68169,66704,0.02149070691956756,64303,63197,0.017199819604062028,70109,68677,0.020425337688456557,57209,56328,0.015399674876330649,,783631,767612,0.02044201926672118,211
KT-SN,P009,17159,16886,0.015910018066320863,15498,15281,0.014001806684733498,17182,16925,0.014957513677103962,18222,17907,0.017286796180441266,16511,16223,0.017442916843316558,16976,16655,0.018909048067860534,16810,16546,0.015704937537180275,16098,15805,0.01820101876009439,13990,13754,0.016869192280200118,13769,13579,0.01379911395163047,14244,14001,0.017059814658803685,16815,16523,0.017365447517097787,,193274,190085,0.016499891345964746,27
KT-HQ,P010,63000,61760,0.019682539682539635,64195,62806,0.021637199158813014,85769,83107,0.031036854807681147,95698,92671,0.031630755083700834,95529,92213,0.03471197228066869,95425,92519,0.030453235525281674,83339,80448,0.03468964110440487,92260,89343,0.03161716887058319,49728,87806,0,0,73226,0,63595,83829,0,76260,73962,0.030133752950432746,,864798,973690,0,119
KT-SN,P010,1279,1254,0.019546520719311955,1314,1291,0.017503805175038023,694,680,0.02017291066282423,424,412,0.028301886792452824,772,763,0.011658031088082943,1200,1184,0.013333333333333308,1538,1516,0.014304291287386195,957,937,0.020898641588296796,2780,2748,0.01151079136690647,2828,2787,0.014497878359264527,2044,2016,0.013698630136986356,1863,1836,0.01449275362318836,,17693,17424,0.015203752896625788,1
KT-HQ,P011,122863,119540,0.027046384997924555,122912,119340,0.029061442332725895,156902,152157,0.030241806987801323,163657,158266,0.032940845793336115,172478,166533,0.03446816405570563,171304,165890,0.03160463269976188,146415,142141,0.0291909981900762,161324,156126,0.03222087228186754,164512,159349,0.03138372884652796,145072,140658,0.030426271092974577,166064,160786,0.03178292706426433,133612,129674,0.029473400592761156,,1827115,1770460,0.031007900433196567,484
KT-SN,P011,2109,2121,0,2098,2110,0,1565,1574,0,1750,1761,0,1859,1869,0,2116,2127,0,3206,3218,0,2789,2801,0,2838,2850,0,2609,2621,0,3862,3878,0,3496,3510,0,,30297,30440,0,1
KT-HQ,P012,2699,2634,0.024082993701370903,2770,2705,0.023465703971119134,2747,2681,0.024026210411357884,3078,3010,0.022092267706302793,2661,2593,0.025554302893649017,2795,2719,0.027191413237924844,2683,2626,0.021244875139768915,3183,3106,0.024191014765944097,2905,2828,0.026506024096385583,2725,2645,0.029357798165137616,3438,3341,0.0282140779522978,2741,2678,0.022984312294782927,,34425,33566,0.02495279593318811,26
KT-SN,P012,102388,102618,0,30268,30350,0,8665,8682,0,8194,8210,0,70652,70802,0,69645,69793,0,88118,88300,0,94092,94298,0,56847,56970,0,85908,86108,0,93267,93501,0,117666,117938,0,,825710,827570,0,1
KT-HQ,P013,12355,12088,0.02161068393363008,13935,13633,0.021672048797990673,13288,13030,0.019416014449126995,16131,15757,0.023185171409088046,16733,16383,0.020916751329707717,15609,15291,0.020372861810493914,17472,16910,0.03216575091575091,34292,32533,0.05129476262685173,27471,26360,0.04044264861126279,14808,14475,0.02248784440842788,15479,15126,0.022805090768137526,14054,13760,0.020919311228120074,,211627,205346,0.02967957774764085,64
KT-SN,P013,9241,10117,0,19216,20280,0,39238,40462,0,48565,49958,0,112632,114788,0,185839,189287,0,175583,178950,0,21332,22109,0,0,0,,0,0,,0,0,,0,0,,,611646,625951,0,1
KT-HQ,P014,4252,4246,0.0014111006585136865,4592,4586,0.0013066202090592505,4531,4524,0.0015449128227764675,7120,7107,0.0018258426966292207,4456,4450,0.0013464991023339756,1716,2187,0,0,0,,2534,11167,0,4817,4821,0,3147,3149,0,2984,2986,0,4107,4111,0,,44256,53334,0,1
KT-SN,P014,7372,7384,0,8324,8339,0,8685,8703,0,8809,8827,0,9176,9195,0,8431,8448,0,8911,8930,0,9757,9777,0,8835,8854,0,9287,9307,0,8389,8406,0,8525,8543,0,,104501,104713,0,1
KT-HQ,P015,47220,46123,0.02323168149089372,46228,45134,0.023665311066885852,48147,47016,0.023490560159511453,56253,54857,0.024816454233551943,67327,65564,0.026185631321757996,60929,59457,0.02415926734395768,3970,52542,0,44082,55629,0,57919,56338,0.027296742001761132,53290,51903,0.02602739726027392,55941,54404,0.027475375842405336,50303,48953,0.026837365564678084,,591609,637920,0,401
KT-SN,P015,2937,3287,0,3503,3838,0,3484,3857,0,2682,2997,0,2859,3177,0,2197,2498,0,2154,2478,0,3077,3418,0,1831,2184,0,1656,2046,0,1467,1752,0,1323,1634,0,,29170,33166,0,1
KT-HQ,P016,50203,48561,0.032707208732545845,52193,50367,0.03498553445864383,65216,62885,0.035742762512266935,69053,66628,0.03511795287677577,72389,69781,0.03602757325007944,72061,69544,0.03492874092782505,62390,60277,0.03386760698829938,67610,65253,0.034861706848099416,68784,66413,0.03447022563386837,62555,60555,0.031971864759012036,71976,69502,0.034372568633989076,58048,55970,0.035797960308710075,,772478,745736,0.03461846162609161,216
KT-SN,P016,40,503,0,22,321,0,0,0,,0,0,,0,0,,0,0,,0,0,,0,0,,0,0,,0,0,,0,0,,0,0,,,62,824,0,1
KT-HQ,P017,6183,6161,0.003558143296134575,9867,9831,0.00364852538765581,9401,9369,0.0034038932028507274,13172,13127,0.003416337686000581,10243,10209,0.0033193400370985504,8287,8260,0.003258115120067573,9112,9080,0.0035118525021948788,7909,7882,0.0034138323429004913,8854,8824,0.003388299073864953,7710,7683,0.0035019455252918164,8755,8725,0.0034266133637921303,7186,7160,0.003618146395769517,,106679,106311,0.0034496011398682525,1
KT-SN,P017,321474,321416,0.00018041894523346258,340580,340496,0.0002466380879675434,391634,391505,0.00032938917458646966,436037,435888,0.00034171412059069706,420203,420058,0.00034507131077121667,355901,355795,0.0002978356340668231,364430,364327,0.00028263315314325244,391745,391613,0.00033695388581855834,367941,367860,0.00022014399047676214,389287,389176,0.0002851366729430538,351954,351854,0.00028412803945965237,377314,377248,0.0001749206231415057,,4508500,4507236,0.0002803593212820088,1
KT-HQ,P018,6241,6635,0,9352,9777,0,8412,8763,0,10571,11004,0,10152,10551,0,8665,9087,0,9857,10296,0,8373,8818,0,8798,9211,0,7136,7563,0,8075,8495,0,7996,8421,0,,103628,108621,0,1
KT-SN,P018,19304,19387,0,26272,26277,0,30947,30956,0,30304,30311,0,35718,35725,0,27028,27031,0,28121,28129,0,27149,27157,0,19622,19627,0,19311,19317,0,16418,16422,0,15645,15650,0,,295839,295989,0,1
KT-HQ,P019,57531,59097,0,60513,61998,0,57950,59362,0,63369,64908,0,54573,55991,0,53411,54877,0,54800,56329,0,56335,57892,0,50031,51455,0,53846,55368,0,54177,55653,0,60093,61602,0,,676629,694532,0,1
KT-SN,P019,25816,26308,0,31301,31796,0,40654,41143,0,44953,45458,0,57301,57975,0,47523,48148,0,44670,45348,0,54334,55113,0,43289,43995,0,50793,51550,0,45065,45811,0,45670,46472,0,,531369,539117,0,1
KT-HQ,P020,64628,65785,0,70363,71684,0,67589,68770,0,76678,78037,0,64815,66027,0,59700,60869,0,53406,54493,0,49240,50270,0,42932,43909,0,45800,46711,0,49327,50342,0,64036,65186,0,,708514,722083,0,1
KT-SN,P020,8008,8042,0,7949,8014,0,3458,3466,0,6380,6412,0,8971,9007,0,8038,8069,0,12007,12043,0,13183,13218,0,11162,11197,0,11720,11756,0,10471,10505,0,10508,10545,0,,111855,112274,0,1
KT-HQ,P021,15301,14958,0.02241683550094764,15195,14832,0.023889437314906226,16146,15746,0.024773937817416103,18418,17926,0.02671299815397976,22831,22234,0.026148657527046537,20158,19657,0.024853656116678224,17504,17055,0.025651279707495478,19319,19296,0.0011905378125162125,19059,19006,0.002780838449026657,17306,16967,0.01958858199468394,19089,18612,0.024988213107025037,16732,16343,0.02324886445135066,,217058,212632,0.020390863271567916,134
KT-SN,P021,1871,1897,0,2639,2677,0,3229,3275,0,3118,3162,0,3635,3686,0,2635,2673,0,3502,3551,0,3785,3839,0,2501,2541,0,2718,2758,0,2403,2438,0,2283,2315,0,,34319,34812,0,1
KT-HQ,P022,9156,9180,0,9615,9640,0,9896,9923,0,11060,11088,0,10449,10582,0,9915,9842,0.007362581946545599,11001,11032,0,11459,11492,0,9996,10023,0,10543,10571,0,9804,9830,0,8892,8916,0,,121786,122119,0,1
KT-SN,P022,42560,44100,0,27128,28565,0,54784,56506,0,55125,56856,0,52744,54472,0,47334,48941,0,54285,56011,0,55899,57723,0,43395,44983,0,69290,71344,0,62061,63927,0,59336,61197,0,,623941,644625,0,1
KT-HQ,P023,5920,5906,0.0023648648648648685,6172,6158,0.002268308489954629,6546,6532,0.0021387106630003094,5936,5922,0.002358490566037763,6246,6233,0.002081332052513596,6536,6521,0.0022949816401468537,6889,6873,0.002322543184787307,7285,7268,0.0023335621139327634,6538,6523,0.002294279596206761,5304,5289,0.002828054298642524,6014,5998,0.0026604589291653324,5597,5584,0.0023226728604609503,,74983,74807,0.002347198698371633,1
KT-SN,P023,4906,4718,0.038320423970648165,4759,4584,0.03677243118302165,5198,5000,0.03809157368218541,4784,4605,0.03741638795986624,4157,4014,0.03439980755352423,3738,3602,0.03638309256286787,3813,3677,0.035667453448728015,4040,3891,0.036881188118811914,3400,3283,0.034411764705882364,3919,3780,0.035468231691758056,3595,3475,0.033379694019471495,4440,4289,0.03400900900900905,,50749,48918,0.03607952866066322,47
KT-HQ,P024,3650,4206,0,4323,4898,0,4127,4659,0,4786,5332,0,4763,5293,0,4853,5424,0,4326,4917,0,4899,5511,0,4232,4788,0,3841,4440,0,4594,5169,0,4044,4585,0,,52438,59222,0,1
KT-SN,P024,34010,33458,0.01623052043516615,30878,30312,0.01833020273333763,38196,37641,0.014530317310713192,40580,39886,0.017102020699852116,43776,43041,0.016790021929824595,40449,39826,0.015402111300650168,40149,39528,0.015467383994619999,38383,37715,0.017403538024646337,34806,34166,0.018387634315922496,29684,29213,0.015867133809459588,35515,34946,0.01602139940870051,34347,33448,0.026174047223920582,,440773,433180,0.0172265542580875,69
KT-HQ,P025,1458941,1458960,0,1739100,1739330,0,1787360,1787800,0,2043568,2044200,0,1939412,1940740,0,1786908,1787270,0,1825783,1826800,0,1755289,1756160,0,1651847,1652760,0,1694291,1694810,0,1642669,1643250,0,1706201,1706540,0,,21031369,21038620,0,1
KT-SN,P025,15811,15412,0.02523559547150722,15730,15338,0.02492053401144312,19986,19488,0.024917442209546725,18303,17845,0.02502322023711956,20082,19579,0.025047306045214657,19484,18990,0.025354136727571364,17937,17430,0.02826559625355407,19650,19163,0.024783715012722696,16921,16487,0.02564860232846755,16892,16458,0.025692635567132416,17554,17111,0.02523641335308191,17785,17324,0.025920719707618778,,216135,210625,0.025493325930552646,142
KT-HQ,P026,6333,6332,0.000157903047528829,7019,7017,0.00028494087476849117,8238,8237,0.00012138868657440849,8718,8717,0.0001147052076164723,8340,8339,0.00011990407673856396,8200,8197,0.0003658536585365857,8500,8499,0.00011764705882355564,8903,8902,0.00011232168931818443,7505,7504,0.00013324450366425378,7271,7271,0,6995,6994,0.00014295925661189646,7184,7182,0.0002783964365256075,,93206,93191,0.00016093384546056466,1
KT-SN,P026,470,466,0.008510638297872353,464,445,0.04094827586206895,629,604,0.03974562798092207,537,516,0.03910614525139666,574,550,0.04181184668989546,606,583,0.037953795379537913,885,842,0.0485875706214689,1027,975,0.05063291139240511,920,878,0.04565217391304344,978,931,0.04805725971370145,967,912,0.056876938986556325,1011,956,0.054401582591493525,,9068,8658,0.04521393912659899,10
KT-HQ,P027,11068,11712,0,12689,13372,0,11384,11982,0,11221,11857,0,9704,10325,0,11134,11866,0,10982,11702,0,11543,12296,0,7055,7665,0,7150,7787,0,4934,5528,0,12238,12911,0,,121102,129003,0,1
KT-SN,P027,240940,245484,0,171175,174743,0,345024,351487,0,286480,291990,0,380706,387678,0,322835,328755,0,224441,228738,0,307879,313697,0,304015,309629,0,356990,363402,0,308272,313676,0,308945,314503,0,,3557702,3623782,0,1
KT-HQ,P028,13288,12865,0.031833232992173444,15167,14667,0.0329663084327817,15456,14901,0.03590838509316774,18529,17798,0.039451670354579305,16875,16215,0.039111111111111097,17368,16663,0.040591893136803336,14871,14252,0.04162463855826781,18751,17943,0.04309103514479229,16532,15843,0.041676748124848784,15902,15232,0.042133065023267524,17720,16928,0.04469525959367948,15419,14960,0.029768467475192906,,195878,188267,0.03885581841758645,116
KT-SN,P028,11140,10747,0.03527827648114901,11706,11296,0.0350247736203656,11775,11392,0.03252653927813165,10086,9765,0.031826293872694866,10105,9811,0.029094507669470526,7441,7230,0.028356403709178912,7239,7044,0.02693742229589724,8591,8298,0.034105459201489885,7112,7110,0.0002812148481440291,7213,7008,0.028420906696242865,8585,8315,0.03145020384391384,11776,11341,0.03693953804347827,,112769,109357,0.030256542134806552,91
KT-HQ,P029,3598,3480,0.03279599777654252,4135,4006,0.031197097944377306,4168,4046,0.02927063339731284,5412,5257,0.028640059127864048,5151,4995,0.030285381479324358,5344,5194,0.028068862275449136,4233,4109,0.029293645168910976,5331,5177,0.028887638341774546,4713,4573,0.02970507107999154,4291,4167,0.028897692845490597,5007,4864,0.02856001597763136,4096,3974,0.02978515625,,55479,53842,0.029506660177724853,50
KT-SN,P029,29747,28574,0.039432547819948205,29124,27997,0.03869660760884497,36986,35424,0.04223219596604122,33830,32451,0.04076263671297664,36467,34946,0.04170894233142297,38961,37339,0.041631374964708256,34853,33520,0.03824634895130974,37837,36377,0.038586568702592694,31872,30635,0.03881149598393574,32483,31250,0.037958316657944136,35217,33855,0.038674503790782855,36339,34915,0.0391865488868709,,413716,397283,0.039720484583627425,176
KT-HQ,P030,8405,8321,0.009994051160023831,10101,10002,0.009801009801009841,10326,10223,0.009974820840596532,12989,12861,0.009854492262683756,9687,11047,0,9295,10939,0,11386,11242,0.012647110486562418,11371,11228,0.012575850848650094,10876,10742,0.01232070614196401,10746,10611,0.012562814070351758,10189,10063,0.012366277357935052,9856,9737,0.012073863636363646,,125227,127016,0,1
KT-SN,P030,109373,104652,0.0431642178599837,112898,107757,0.045536679126291,138974,132377,0.04746931080633787,134980,128354,0.0490887538894651,141902,135177,0.04739186198926015,121615,116411,0.04279077416437116,121390,115707,0.046816047450366605,135866,129705,0.04534614988297292,121490,116015,0.045065437484566595,116547,111373,0.04439410709842384,120704,114973,0.047479785259809115,114535,109342,0.04533985244685035,,1490274,1421843,0.0459184015825278,547
KT-HQ,P031,34506,34498,0.0002318437373209914,32169,32161,0.0002486866237682017,28885,28875,0.0003462004500606186,32297,32286,0.0003405889091866454,29763,29759,0.00013439505426204867,30158,30156,6.631739505269518e-05,31424,31422,6.364562118121864e-05,30059,30055,0.00013307162580256104,28864,28862,6.929046563197705e-05,29860,29857,0.00010046885465508915,30018,30139,0,32683,32554,0.003947006088792393,,370686,370624,0.00016725746318990709,1
KT-SN,P031,3748,3746,0.0005336179295624133,1472,1472,0,1451,1451,0,1135,1135,0,1253,1251,0.0015961691939345712,888,889,0,1021,1018,0.002938295788442735,1317,1316,0.0007593014426727773,1080,1078,0.0018518518518518823,974,973,0.0010266940451745254,844,843,0.0011848341232227888,1870,1869,0.0005347593582887278,,17053,17041,0.0007036885005571314,1
KT-HQ,P032,5661,5724,0,7013,6966,0.006701839441038082,6572,6528,0.0066950699939135605,8236,8183,0.006435162700339947,7111,7035,0.01068766699479684,7201,7113,0.012220524927093468,7547,7457,0.01192526831853713,7463,7375,0.011791504756800242,6428,6423,0.000777846919726155,6900,6926,0,6343,6379,0,6057,6008,0.008089813438996174,,82532,82117,0.0050283526389763855,1
KT-SN,P032,10172,10674,0,12097,12636,0,15045,15560,0,15690,16224,0,15780,16343,0,11752,12272,0,14963,15502,0,7841,8417,0,3823,4375,0,4886,5447,0,4876,5399,0,4677,5220,0,,121602,128069,0,1
KT-HQ,P033,10885,10947,0,14819,15005,0,15091,15091,0,18058,18180,0,16749,16776,0,15315,15316,0,16190,16192,0,16583,16587,0,15547,15568,0,16403,16394,0.0005486801194903856,16880,17010,0,14814,14694,0.008100445524503841,,187334,187760,0,1
KT-SN,P033,4080,4080,0,4200,4200,0,5400,5400,0,5360,5360,0,6360,6360,0,5840,5840,0,5280,5280,0,6480,6480,0,8440,8440,0,10640,10640,0,10640,10640,0,9480,9480,0,,82200,82200,0,1
KT-HQ,P034,5247,5190,0.010863350485991963,6121,6052,0.011272667864728025,5828,5761,0.011496225120109838,6632,6558,0.01115802171290714,6114,6040,0.012103369316323165,6223,6129,0.015105254700305326,6479,6381,0.015125791017132295,6443,6343,0.01552072016141548,5714,5636,0.013650682534126712,5768,5668,0.01733703190013869,6166,6071,0.01540707103470651,5814,5722,0.0158238734090127,,72549,71551,0.013756219934113467,1
KT-SN,P034,4584,4561,0.005017452006980783,4238,4205,0.007786691835771631,4428,4392,0.008130081300813052,4445,4412,0.0074240719910011466,5569,5540,0.005207398096606197,4152,4129,0.005539499036608886,4175,4152,0.0055089820359280894,4892,4856,0.007358953393295176,4552,4503,0.010764499121265425,5030,4976,0.01073558648111328,4433,4374,0.013309271373787457,4469,4411,0.012978294920563904,,54967,54511,0.008295886622882831,1
KT-HQ,P035,32414,32408,0.0001851052014562038,38609,38600,0.00023310627055872502,38988,38982,0.00015389350569405824,43551,43547,9.184634107139988e-05,41019,41018,2.437894634188531e-05,40032,40009,0.000574540367705878,41548,41522,0.0006257822277847547,39990,39956,0.0008502125531383298,37202,37173,0.000779527982366579,36708,36695,0.0003541462351530633,37575,37551,0.0006387225548901698,36905,36878,0.0007316081831729715,,464541,464339,0.00043483782916897695,1
KT-SN,P035,7933,7902,0.003907727215429202,7151,7126,0.0034960145434205225,8548,8513,0.004094525035095886,10066,10023,0.004271806079872875,11546,11495,0.0044171141520873425,9905,9860,0.004543160020191839,9442,9399,0.00455411988985388,10442,10397,0.004309519249185989,9085,9045,0.004402861860209106,9333,9290,0.004607307403835859,9360,9315,0.004807692307692291,8112,8075,0.004561143984220917,,110923,110440,0.0043543719517142865,1
KT-HQ,P036,20092,20097,0,24034,24031,0.00012482316717987718,22909,22909,0,26998,27001,0,21157,21163,0,19044,19052,0,19029,19038,0,19766,19773,0,17686,17695,0,18798,18902,0,20457,20371,0.004203939971647808,22426,22433,0,,252396,252465,0,1
KT-SN,P036,110,110,0,267,266,0.0037453183520599342,508,508,0,386,395,0,220,210,0.045454545454545414,120,120,0,102,102,0,113,113,0,104,102,0.019230769230769273,128,128,0,122,121,0.008196721311475419,104,103,0.009615384615384581,,2284,2278,0.0026269702276707774,1
KT-HQ,P037,3569,3558,0.0030820958251610575,4429,4418,0.0024836306163920074,4626,4616,0.002161694768698652,5429,5416,0.002394547798857949,5171,5136,0.006768516727905682,5252,5211,0.007806549885757796,5499,5455,0.008001454809965503,5500,5460,0.0072727272727273196,5155,5138,0.0032977691561590916,5141,5082,0.011476366465668186,5252,5251,0.00019040365575018203,4950,4880,0.014141414141414121,,59973,59621,0.0058693078552014555,1
KT-SN,P037,117456,119116,0,131720,133640,0,172007,174488,0,194087,196933,0,193527,196283,0,141209,143268,0,138984,141009,0,153377,155640,0,130778,132696,0,139587,141639,0,125109,126966,0,123751,125594,0,,1761592,1787272,0,1
KT-HQ,P038,15110,14980,0.008603573792190566,17094,16949,0.008482508482508533,15661,15530,0.00836472766745422,18714,18559,0.008282569199529743,17519,17286,0.013299845881614258,17377,17136,0.013868907176152412,18739,18479,0.013874806553177854,18162,17910,0.013875123885034646,18235,18128,0.005867836578009378,17635,17307,0.018599376240430954,18334,18035,0.01630849787280464,17574,17334,0.01365653806759981,,210154,207633,0.011995964863861786,1
KT-SN,P038,9600,9606,0,10841,10849,0,11979,11990,0,13055,13063,0,13820,13829,0,11275,11280,0,11832,11839,0,13337,13343,0,12012,12018,0,12315,12321,0,10595,10600,0,10150,10156,0,,140811,140894,0,1
KT-HQ,P039,3047,3024,0.007548408270429907,3555,3526,0.008157524613220835,3489,3459,0.008598452278589908,4012,3982,0.0074775672981056696,4084,4034,0.012242899118511286,4035,4037,0,4030,4055,0,3976,3925,0.012826961770623702,3706,3675,0.008364813815434413,3631,3597,0.009363811622142615,3754,3713,0.010921683537559956,3547,3508,0.010995207217366798,,44866,44535,0.0073775241831230964,1
KT-SN,P039,18512,18509,0.00016205704407956656,21181,21177,0.00018884849629385858,24550,24546,0.00016293279022405738,29381,29376,0.00017017800619445467,24576,24573,0.0001220703125,18861,18859,0.00010603891628224726,19311,19308,0.000155351871990006,21548,21546,9.281603861144294e-05,19328,19326,0.00010347682119205004,19465,19463,0.0001027485229899705,16302,16300,0.00012268433321060979,16167,16165,0.00012370878950951347,,249182,249148,0.00013644645279353718,1
KT-HQ,P040,13940,13931,0.0006456241032998244,16410,16399,0.0006703229737964334,15353,15344,0.0005862046505569207,17856,17848,0.00044802867383508804,15917,15907,0.0006282590940503985,16086,16073,0.0008081561606365639,15769,15757,0.0007609867461475517,16466,16453,0.0007895056480019536,15763,15767,0,15091,15063,0.0018554105095752726,16181,16173,0.0004944070205796791,15274,15265,0.000589236611234778,,190106,189980,0.00066278812872822,1
KT-SN,P040,3716,3714,0.0005382131324004336,4240,4238,0.0004716981132075748,4106,4105,0.000243546030199715,3343,3342,0.00029913251570445887,2224,2223,0.0004496402877698369,1637,1637,0,1506,1505,0.0006640106241699861,1927,1927,0,1389,1389,0,1511,1509,0.001323626737260053,1661,1660,0.0006020469596628164,4643,4642,0.00021537798836956945,,31903,31891,0.0003761401749051707,1
KT-HQ,P041,19159,19176,0,21634,21652,0,21408,21426,0,24873,24893,0,23423,23445,0,23669,23696,0,24159,24188,0,23119,23146,0,21921,21954,0,21596,21647,0,21674,21661,0.0005997969917873602,20965,20987,0,,267600,267871,0,1
KT-SN,P041,3468,3473,0,3824,3829,0,4198,4202,0,4213,4219,0,4483,4489,0,3214,3217,0,3335,3341,0,3026,3031,0,2821,2827,0,3238,3242,0,2617,2623,0,2400,2404,0,,40837,40897,0,1
KT-HQ,P042,12931,12809,0.009434691825844888,14678,14540,0.009401825861834023,14362,14227,0.009399805041080622,16412,16258,0.009383378016085797,15506,15302,0.013156197600928676,15924,15714,0.013187641296156793,16913,16689,0.013244249985218448,16433,16220,0.012961723361528676,16342,16144,0.01211602007098278,16027,15810,0.013539651837524147,16041,15871,0.010597843027242648,15673,15428,0.01563197856185794,,187242,185012,0.011909721109580107,1
KT-SN,P042,5206,5278,0,6680,6692,0,7435,7447,0,6656,6667,0,7689,7702,0,6405,6415,0,5776,5785,0,5908,5919,0,4756,4763,0,6449,6460,0,5366,5377,0,5144,5152,0,,73470,73657,0,1
KT-HQ,P043,4594,4567,0.005877231171092734,5092,5064,0.0054988216810683,4838,4812,0.005374121537825571,5521,5493,0.005071545009961986,5141,5085,0.010892822408091862,5108,5051,0.011158966327329711,5371,5310,0.011357289145410565,5204,5158,0.008839354342813244,5118,5053,0.012700273544353213,5113,5060,0.010365734402503435,5010,4966,0.008782435129740529,4836,4766,0.014474772539288638,,60946,60385,0.009204869884816058,1
KT-SN,P043,19965,19715,0.012521913348359615,20393,20090,0.01485803952336584,22630,22399,0.010207688908528523,30262,29851,0.013581389200978178,35289,34812,0.013516959959194108,35732,35264,0.013097503638195507,32186,31714,0.01466476107624437,36962,36639,0.008738704615551152,34372,33784,0.017106947515419524,30860,30477,0.012410887880751731,33017,32613,0.012236120786261573,27654,27268,0.013958197729080801,,359322,354626,0.013069057836703535,32
KT-HQ,P044,5359,5319,0.007464079119238631,6136,6088,0.007822685788787531,5951,5907,0.007393715341959317,7589,7532,0.007510870997496366,6990,6914,0.010872675250357622,7125,7037,0.012350877192982446,7732,7635,0.012545266425245782,7214,7125,0.012337122262267797,6761,6680,0.011980476260908146,6485,6393,0.014186584425597504,6627,6552,0.011317338162064261,6375,6296,0.012392156862745085,,80344,79478,0.010778651797271777,1
KT-SN,P044,1859,1807,0.027972027972028024,1938,1884,0.02786377708978327,2120,2069,0.024056603773584873,2306,2241,0.028187337380745858,2725,2659,0.024220183486238556,2471,2413,0.023472278429785498,2385,2323,0.02599580712788263,2508,2446,0.02472089314194581,2381,2321,0.025199496010079758,2520,2454,0.02619047619047621,2874,2804,0.02435629784272786,2604,2535,0.026497695852534586,,28691,27956,0.02561778955073024,44
KT-HQ,P045,25823,25840,0,29244,29266,0,28083,28100,0,31109,31129,0,30702,30724,0,29786,29811,0,30873,30902,0,29877,29908,0,27184,27217,0,27656,27681,0,27907,27936,0,26908,26934,0,,345152,345448,0,1
KT-SN,P045,1631,1635,0,1202,1205,0,978,981,0,992,995,0,975,988,0,845,839,0.007100591715976323,726,727,0,709,712,0,734,737,0,683,685,0,736,738,0,752,751,0.0013297872340425343,,10963,10993,0,1
KT-HQ,P046,18148,18155,0,21087,21095,0,20782,20791,0,23758,23768,0,21924,21936,0,21719,21733,0,22469,22485,0,22139,22154,0,21101,21218,0,20753,20725,0.0013492025249361994,21207,21174,0.0015560899702927733,19626,19642,0,,254713,254876,0,1
KT-SN,P046,12781,12403,0.029575150614192913,11740,11420,0.027257240204429323,14166,13800,0.02583650995340958,14832,14437,0.02663160733549086,14293,13919,0.026166655005946948,14556,14135,0.028922780983786756,12635,12343,0.02311040759794225,13112,12796,0.0241000610128127,12419,12106,0.025203317497383027,13133,12801,0.025279829437295342,12574,12264,0.024654048035629095,13211,12869,0.025887517977443042,,159452,155293,0.02608308456463382,45
KT-HQ,P047,2459,2452,0.002846685644570912,3117,3106,0.0035290343278793213,2980,2971,0.0030201342281879207,3525,3514,0.003120567375886507,3133,3115,0.005745292052345974,3455,3428,0.007814761215629518,3632,3604,0.00770925110132159,3473,3446,0.00777425856608116,3237,3225,0.003707136237256714,3328,3302,0.0078125,3259,3220,0.011966861000306861,3006,2981,0.008316699933466398,,38604,38364,0.006216972334473159,1
KT-SN,P047,22524,22047,0.021177410761853976,22657,22173,0.021362051463123977,29789,29119,0.02249152371680818,27503,26868,0.0230883903574155,29574,28811,0.025799688915939645,30030,29268,0.025374625374625426,27498,26827,0.02440177467452176,29838,29097,0.024834104162477333,24225,23621,0.02493292053663576,22073,21574,0.022606804693516946,24624,24025,0.024325860948667954,25606,24962,0.025150355385456513,,315941,308392,0.02389370167214766,56
KT-HQ,P048,9772,9809,0,11303,11349,0,10419,10464,0,12243,12298,0,11517,11569,0,11688,11740,0,12498,12552,0,11958,12009,0,12490,12541,0,11681,11730,0,12147,12198,0,11298,11348,0,,139014,139607,0,1
KT-SN,P048,13697,13380,0.023143754106738745,13495,13181,0.023267876991478365,16972,16563,0.024098515201508408,15881,15488,0.024746552484100515,16206,15796,0.025299271874614337,16656,16246,0.02461575408261285,15595,15224,0.02378967617826222,17923,17478,0.02482843274005464,14902,14702,0.013421017313112293,14333,13966,0.02560524663364261,15383,15009,0.024312552818045896,15284,15049,0.015375556137136925,,186327,182082,0.022782527491989835,49
KT-HQ,P049,16158,16166,0,18818,18825,0,18431,18435,0,20871,20878,0,19891,19887,0.00020109597305317806,19102,19095,0.00036645377447386274,20165,20159,0.00029754525167369206,19558,19551,0.00035790980672867345,19039,19052,0,17864,17897,0,18448,18394,0.0029271465741543823,17517,17523,0,,225862,225862,0,1
KT-SN,P049,1900,2402,0,1707,2221,0,5449,5980,0,5627,6167,0,5172,5729,0,10399,10954,0,11499,12079,0,6482,7046,0,2056,2580,0,3400,3947,0,3675,4173,0,3313,3819,0,,60679,67097,0,1
KT-HQ,P050,47894,46590,0.027226792500104402,47993,46868,0.023440918467276473,64264,62220,0.03180629901655674,71052,68748,0.03242695490626579,75046,72445,0.03465874263784874,76590,74042,0.03326805065935501,62071,59991,0.03351001272736065,64120,62244,0.029257641921397348,65249,63127,0.03252157121181931,57718,55966,0.030354482137288197,67769,65672,0.030943351679971642,55825,54061,0.0315987460815047,,755591,731974,0.031256327828150465,129
KT-SN,P050,14998,14614,0.02560341378850517,15693,15297,0.02523418084496276,17349,16922,0.02461236958902535,16553,16140,0.024950160091826268,19246,18829,0.02166683986282869,15915,15543,0.023374175306314804,15796,15431,0.02310711572550017,17755,17345,0.023092086736130613,14600,14260,0.023287671232876672,14810,14470,0.022957461174881844,17065,16672,0.02302959273366545,16020,15613,0.02540574282147312,,195800,191136,0.02382022471910117,165
KT-HQ,P051,14214,13780,0.030533277050795005,13848,13427,0.030401502021952576,14784,14338,0.03016774891774887,16673,16154,0.03112817129490797,19177,18555,0.03243468738593103,17714,17163,0.031105340408716264,15901,15418,0.030375448085026124,16731,16233,0.029765106688183662,16326,15871,0.027869655763812284,15042,14616,0.028320702034303924,16489,16034,0.02759415367820972,14681,14244,0.029766364689053915,,191580,185833,0.029997912099384072,116
KT-SN,P051,10806,10606,0.01850823616509345,11083,10857,0.020391590724533115,12983,12743,0.018485712085034245,12657,12406,0.019830923599589156,14552,14281,0.01862286970863114,12651,12411,0.018970832345269195,11947,11716,0.0193353980078681,13183,12939,0.018508685428202942,11613,11395,0.018772065788340675,11363,11152,0.018569039866232484,12689,12440,0.019623295767988047,11360,11148,0.018661971830985946,,146887,144094,0.01901461667812676,91
KT-HQ,P052,13655,13159,0.03632369095569388,13621,13109,0.03758901695910721,14258,13705,0.03878524337214195,16036,15375,0.04121975555001245,19207,18398,0.042120060394647774,17501,16752,0.042797554425461404,15195,14589,0.039881539980256675,16202,15629,0.035366004197012746,16717,16066,0.03894239397020993,15715,15316,0.02538975501113583,16862,16191,0.03979361878780685,15422,14816,0.03929451433017772,,190391,183105,0.03826861563834427,139
KT-SN,P052,12857,12278,0.04503383370926339,13328,12731,0.04479291716686673,14256,13591,0.04664702581369251,14095,13440,0.04647037956722244,16111,15369,0.04605549003786236,14261,13615,0.045298366173480153,14393,13730,0.046064058917529405,15891,15178,0.04486816436976904,13339,12751,0.04408126546217861,13215,12652,0.042603102534998105,14244,13637,0.042614434147711266,12991,12431,0.043106766222769655,,168981,161403,0.04484527846325914,119
KT-HQ,P053,0,0,,0,0,,0,0,,0,0,,0,0,,0,0,,0,0,,0,0,,0,0,,0,0,,0,0,,0,0,,,0,0,,0
KT-SN,P053,523,509,0.026768642447418722,707,694,0.018387553041018356,631,622,0.014263074484944571,735,726,0.01224489795918371,755,739,0.021192052980132492,663,650,0.019607843137254943,659,646,0.019726858877086473,814,800,0.017199017199017175,1064,1049,0.014097744360902276,1469,1452,0.011572498298161982,1217,1202,0.01232539030402624,1033,1018,0.014520813165537216,,10270,10107,0.0158714703018501,1
KT-HQ,P054,3282,3281,0.00030469226081653034,3757,3754,0.0007985094490284839,5831,5829,0.0003429943405933722,7968,7966,0.00025100401606426015,7696,7694,0.00025987525987525295,6900,6898,0.00028985507246381825,7215,7212,0.0004158004158003603,6680,6678,0.0002994011976047428,5900,5899,0.00016949152542378165,5371,5369,0.00037237013591506773,5475,5472,0.0005479452054794054,4767,4765,0.00041955108034408273,,70842,70817,0.00035289799836257796,1
KT-SN,P054,3492,3466,0.0074455899198166975,3156,3125,0.009822560202788377,4194,4156,0.009060562708631426,4053,4012,0.010115963483839141,4663,4618,0.009650439631138763,4772,4728,0.009220452640402388,4710,4667,0.009129511677282376,4554,4510,0.009661835748792313,4075,4034,0.010061349693251564,4154,4117,0.008907077515647566,4208,4171,0.008792775665399266,4077,4043,0.008339465293107695,,50108,49647,0.009200127724115936,8
KT-HQ,P055,16626,17240,0,22098,22770,0,24452,25075,0,28183,28889,0,24424,25046,0,21739,22379,0,25289,25978,0,23731,24422,0,20151,20776,0,22778,23454,0,22302,22969,0,20492,21138,0,,272265,280136,0,1
KT-SN,P055,9627,9103,0.05443024826010179,9841,9286,0.05639670765166138,12277,11630,0.052700171051559774,11752,11118,0.05394826412525533,11054,10465,0.053283879138773305,10629,10071,0.052497883149873026,10189,9646,0.05329276670919614,10660,10079,0.05450281425891179,10741,10168,0.05334698817614747,9564,9060,0.05269761606022583,10295,9748,0.053132588635259825,12076,11345,0.0605332891685989,,128705,121719,0.054279165533584584,130
KT-HQ,P056,1442,1441,0.0006934812760055475,1516,1514,0.0013192612137202797,1526,1524,0.001310615989515096,1669,1667,0.0011983223487117556,1496,1495,0.0006684491978609097,1483,1481,0.0013486176668914274,1505,1503,0.0013289036544850141,1639,1637,0.0012202562538132788,1628,1626,0.0012285012285012664,1550,1548,0.001290322580645209,1362,1359,0.0022026431718061845,1376,1375,0.0007267441860464574,,18192,18170,0.0012093227792435712,1
KT-SN,P056,3710,3592,0.03180592991913744,3919,3792,0.03240622607808119,4770,4630,0.02935010482180289,4402,4268,0.030440708768741498,4128,4012,0.0281007751937985,4222,4101,0.0286594031264803,3798,3685,0.029752501316482327,4259,4141,0.027706034280347458,4053,3917,0.03355539106834449,4145,4023,0.02943305186972256,4197,4065,0.03145103645461045,4722,4577,0.03070732740364257,,50325,48803,0.030243417784401427,60
KT-HQ,P057,42128,41831,0.007049943030763339,40504,39653,0.021010270590558933,45614,44940,0.014776165212434744,53402,52635,0.014362757949140437,56498,55645,0.015097879570958317,52248,51452,0.015235032919920344,51944,51184,0.014631141229015876,51963,51197,0.014741258202952134,50986,50231,0.014807986506099713,51969,51222,0.014373953703169184,52527,51688,0.015972737830068362,45102,44841,0.005786883065052595,,594885,586519,0.014063222303470457,285
KT-SN,P057,7625,7410,0.028196721311475437,7675,7460,0.028013029315960947,9892,9631,0.02638495754144765,9570,9321,0.02601880877742946,9991,9739,0.025222700430387324,9761,9495,0.02725130621862515,9214,8978,0.02561319730844369,9525,9280,0.0257217847769029,9499,9243,0.02695020528476677,8855,8632,0.025183512140033892,9221,8998,0.024183927990456544,9024,8759,0.029366134751773076,,109852,106946,0.026453774168881727,65
KT-HQ,P058,12550,13345,0,14960,15817,0,15938,16676,0,14427,15236,0,15710,16487,0,17491,18315,0,17546,18404,0,17958,18831,0,14729,15526,0,13953,14797,0,14770,15593,0,13925,14738,0,,183957,193765,0,1
KT-SN,P058,9409,9118,0.030927835051546393,9091,8806,0.031349686503134966,10278,9953,0.03162093792566645,10083,9779,0.030149757016760925,10108,9826,0.027898694103680288,8499,8209,0.03412166137192607,9186,8815,0.040387546266057006,8525,8190,0.03929618768328447,8372,8162,0.025083612040133763,8017,7742,0.03430210802045652,9707,9437,0.027814978881219754,9484,9193,0.03068325601012234,,110759,107230,0.03186197058478313,107
KT-HQ,P059,1710,2006,0,1975,2291,0,2687,2974,0,2659,2974,0,3110,3415,0,2935,3256,0,3223,3551,0,3360,3702,0,2898,3210,0,2605,2925,0,2868,3192,0,1848,2154,0,,31878,35650,0,1
KT-SN,P059,4084,3959,0.030607247796278214,4215,4079,0.03226571767497033,4733,4576,0.0331713500950771,5064,4901,0.03218799368088465,4917,4754,0.033150294895261334,4638,4510,0.027598102630444155,5184,5023,0.031057098765432056,4981,4827,0.03091748644850434,4474,4332,0.03173893607510059,5116,5018,0.01915559030492575,4526,4317,0.0461776403004861,4557,4421,0.029844195742813273,,56489,54717,0.03136893908548566,47
KT-HQ,P060,7392,7221,0.023133116883116922,7926,7742,0.02321473631087556,8847,8650,0.022267435288798487,8955,8767,0.020993858179787828,10195,9985,0.020598332515939233,10270,10054,0.021032132424537497,9227,9034,0.02091687439037604,10327,10110,0.021012878861237483,9348,9158,0.020325203252032575,9494,9284,0.02211923319991571,10291,10086,0.019920318725099584,7625,7459,0.021770491803278724,,109897,107550,0.021356360956167997,108
KT-SN,P060,23158,22179,0.0422748078417825,22200,21234,0.04351351351351351,25033,23888,0.045739623696720355,27086,25844,0.0458539466883261,24277,23202,0.04428059480166413,22157,21217,0.04242451595432595,24202,23157,0.04317824973142714,23575,22506,0.04534464475079536,21560,20672,0.04118738404452693,24096,23009,0.045111221779548516,21329,20407,0.043227530592151564,22645,21549,0.04839920512254359,,281318,268864,0.04427018534185512,151
KT-HQ,P061,14438,14211,0.015722399224269323,16127,15848,0.017300179822657635,16116,15827,0.01793248945147674,17140,16638,0.029288214702450355,16885,16774,0.006573882143914744,16998,16574,0.024944111071890762,16587,16159,0.025803339965032812,19666,19187,0.024356757856198508,16306,15925,0.02336563228259536,15237,14896,0.022379733543348435,19329,18813,0.026695638677634692,16048,15609,0.027355433698903253,,200877,196461,0.021983601905643746,93
KT-SN,P061,11337,11079,0.022757343212490122,11435,11168,0.023349365981635284,13238,12934,0.02296419398700711,11918,11614,0.025507635509313675,12092,11763,0.027208071452199833,11571,11292,0.024112004148301835,10493,10257,0.022491184599256697,11250,11003,0.021955555555555506,9655,9437,0.022578974624546833,9514,9291,0.02343914231658606,10393,10110,0.027229866256133883,11171,10890,0.025154417688658115,,134067,130838,0.02408497243915353,56
KT-HQ,P062,12605,12418,0.014835382784609275,13637,13442,0.014299332697807476,15441,15234,0.013405867495628554,16746,16490,0.015287232772005277,18067,17800,0.014778325123152691,17616,17366,0.01419164396003636,15424,15208,0.014004149377593311,17832,17580,0.014131897711978425,15937,15604,0.020894773169354286,15572,15456,0.007449267916773694,17513,17282,0.013190201564552084,13531,13344,0.013820116768901047,,189921,187224,0.014200641319285334,118
KT-SN,P062,8344,7878,0.05584851390220513,8667,8154,0.05919003115264798,10423,9728,0.06667945888899551,10222,9561,0.06466444922715708,12102,11307,0.06569162121963312,10337,9730,0.05872109896488342,10107,9518,0.05827644206985261,11306,10601,0.06235627100654517,9271,8748,0.05641246898932151,9276,8730,0.058861578266494186,10226,9637,0.05759827889692937,9093,8607,0.05344770702738366,,119374,112199,0.06010521554107262,59
KT-HQ,P063,10918,10709,0.019142700128228607,11730,11515,0.018329070758738242,13130,12879,0.019116527037319142,13278,13036,0.018225636391022704,14147,13868,0.019721495723474924,13889,13630,0.018647850817193445,11878,11666,0.01784812257955881,13830,13595,0.016992046276211092,12104,11890,0.01768010575016521,12136,11911,0.018539881344759368,13946,13703,0.017424351068406674,11628,11416,0.018231854145166815,,152614,149818,0.01832073073243612,107
KT-SN,P063,5670,5553,0.020634920634920673,5970,5847,0.020603015075376874,8007,7853,0.019233170975396563,7906,7748,0.01998482165443971,8191,8031,0.019533634476864847,7204,7057,0.02040533037201553,6611,6475,0.020571774315534697,7082,6940,0.020050833097994936,6485,6352,0.020508866615265964,6221,6092,0.020736216042436917,7248,7097,0.02083333333333337,6497,6361,0.020932738186855482,,83092,81406,0.020290762046887734,73
KT-HQ,P064,13073,12641,0.033045207679951005,12781,12367,0.032391831625068424,14381,13966,0.02885752033933664,15616,15155,0.02952100409836067,17634,17091,0.030792786662129923,14589,14035,0.037973815888683204,13245,12901,0.025972064930162353,15103,14675,0.028338740647553484,13743,13331,0.02997889834825007,15025,14573,0.03008319467554077,16133,15652,0.02981466559226431,12917,12532,0.029805682434001723,,174240,168919,0.03053833792470151,198
KT-SN,P064,4021,3900,0.030092016911216102,4267,4137,0.030466369814858174,4313,4188,0.02898214699744961,4566,4436,0.02847130968024525,4965,4823,0.028600201409869075,4434,4303,0.029544429409111395,4318,4195,0.02848540991199633,4577,4443,0.029276818876993627,4331,4206,0.02886169475871625,4324,4198,0.02913968547641077,4895,4758,0.027987742594484222,4481,4344,0.030573532693595196,,53492,51931,0.029181933747102318,52
KT-HQ,P065,8430,8202,0.027046263345195776,8399,8144,0.03036075723300391,9919,9615,0.030648250831737056,10709,10335,0.03492389578858901,11940,11570,0.030988274706867713,10736,10523,0.019839791356184744,9401,9292,0.011594511222210446,10679,10436,0.02275493960108621,10250,10049,0.019609756097560993,10792,10507,0.026408450704225372,11389,11109,0.024585125998770718,9225,8991,0.025365853658536608,,121869,118773,0.02540432759766631,104
KT-SN,P065,3217,3222,0,4007,4013,0,4492,4498,0,5648,5654,0,5828,5834,0,9019,9026,0,9260,9268,0,4274,4280,0,2182,2187,0,2321,2327,0,1724,1729,0,1356,1361,0,,53328,53399,0,1
KT-HQ,P066,17425,16919,0.029038737446198004,16290,15866,0.026028238182934316,17799,17340,0.025787965616045794,18803,18338,0.024730096261234902,19722,19243,0.024287597606733602,17589,17158,0.024503951333219587,15496,15117,0.024457924625709837,17492,17120,0.021266864852503953,16249,15857,0.024124561511477682,16422,16078,0.020947509438558054,18237,17827,0.02248176783462197,14811,14487,0.02187563297549122,,206335,201350,0.02415974022826961,200
KT-SN,P066,9025,8764,0.02891966759002773,9788,9572,0.022067838169186782,10951,10627,0.02958633914710984,11436,11083,0.03086743616649179,12885,12501,0.02980209545983703,11567,11210,0.030863663871358193,10837,10511,0.030082126049644775,12391,12013,0.030506012428375473,10092,9788,0.03012286959968291,10602,10281,0.030277306168647433,11822,11467,0.030028759939096594,11669,11303,0.03136515554032049,,133065,129120,0.029647164919400337,94
KT-HQ,P067,19709,18863,0.042924552235019564,19338,18498,0.043437790878063876,20737,19844,0.04306312388484357,22171,21154,0.04587073203734604,24327,23247,0.04439511653718087,21807,20878,0.042600999679002105,21392,19321,0.09681189229618548,20780,21023,0,20860,19916,0.04525407478427612,21600,20638,0.04453703703703704,21783,20691,0.05013083597300649,19367,18668,0.03609232199101564,,253871,242741,0.04384116342551925,191
KT-SN,P067,4897,4778,0.024300592199305693,5187,5052,0.026026604973973355,5713,5571,0.024855592508314373,5793,5643,0.025893319523562885,6531,6369,0.02480477721635277,5725,5582,0.024978165938864594,5739,5596,0.02491723296741588,6799,6615,0.02706280335343436,5899,5749,0.02542803865061871,5980,5826,0.02575250836120402,6117,5966,0.024685303253228708,5872,5722,0.025544959128065425,,70252,68469,0.025380060354153633,43
KT-HQ,P068,13201,12721,0.03636088175138252,12608,12136,0.0374365482233503,15079,14566,0.03402082366204651,15418,14864,0.035932027500324315,17196,16616,0.03372877413351938,15402,14903,0.03239838981950394,15317,13943,0.08970425017953909,14991,15387,0,14093,13636,0.03242744624991134,14989,14516,0.0315564747481486,15220,14729,0.03226018396846253,13197,12771,0.03228006365082969,,176711,170788,0.03351800397258797,180
KT-SN,P068,10304,9836,0.045419254658385144,11377,10866,0.044915179748615586,12876,12329,0.0424821373097235,12951,12386,0.04362597482819863,14842,14166,0.045546422315051904,12688,12151,0.042323455233291285,11831,11338,0.04167018848787085,13735,13117,0.04499453949763377,11593,11093,0.043129474682998326,12366,11788,0.04674106420831314,12951,12341,0.04710060999150645,11950,11364,0.049037656903765714,,149464,142775,0.04475325161911903,139
KT-HQ,P069,16740,16075,0.03972520908004784,16218,15574,0.039708965347145186,17690,16960,0.041266252119841695,18553,17808,0.04015523095995255,19749,18945,0.040710922072003664,16726,16136,0.03527442305392803,16567,15906,0.03989859358966619,16355,15724,0.03858147355548758,16085,15551,0.033198632266086436,17641,16974,0.03780964797913955,17997,17324,0.03739512140912371,16155,15540,0.03806870937790163,,206476,198517,0.03854685290300086,172
KT-SN,P069,20357,19575,0.03841430466178708,19492,18753,0.03791298994459269,24795,23936,0.03464408146803788,16298,11948,0.26690391459074736,11844,11400,0.037487335359675744,9517,9166,0.03688137017967852,9486,9099,0.04079696394686905,9221,8855,0.039692007374471316,7672,7374,0.03884254431699685,8693,8380,0.03600598182445647,8495,8180,0.037080635668039985,8942,8570,0.0416014314471036,,154812,145236,0.061855670103092786,80
KT-HQ,P070,12810,12468,0.02669789227166275,12808,12450,0.02795128044971895,14121,13863,0.01827066071807948,15372,14881,0.031941191777257405,15282,14923,0.023491689569428043,14464,14040,0.029314159292035402,14697,14339,0.024358712662448156,15462,15033,0.02774544043461391,15171,14696,0.031309735679915573,15512,15010,0.032362042289840076,16806,16507,0.017791265024396097,14589,14188,0.027486462403180534,,177094,172398,0.026516990976543475,164
KT-SN,P070,4233,4099,0.03165603590833921,4076,3949,0.031157998037291468,4510,4390,0.026607538802660757,4989,4845,0.028863499699338546,4494,4375,0.026479750778816147,4215,4098,0.0277580071174377,4433,4313,0.02706970448905932,4351,4235,0.02666053780740063,3880,3765,0.029639175257731964,4465,4344,0.027099664053751416,4227,4112,0.02720605630470785,4374,4242,0.03017832647462282,,52247,50767,0.02832698528145161,66
KT-HQ,P071,13067,12640,0.032677737812810914,12450,12029,0.03381526104417676,12947,12555,0.030277284312968278,12709,12287,0.033204815485089356,13156,12786,0.02812404986318029,11354,10999,0.031266514003875256,11363,11026,0.02965766082900645,11449,11123,0.02847410254170668,11686,11366,0.02738319356494956,12163,11830,0.02737811395214995,12072,11733,0.028081510934393594,10794,10475,0.02955345562349454,,145210,140849,0.03003236691687905,143
KT-SN,P071,13718,13133,0.04264470039364343,13195,12629,0.04289503599848432,13248,12707,0.040836352657004804,12305,11786,0.042177976432344555,10586,10142,0.0419421877952012,9032,8651,0.04218334809565982,9724,9308,0.04278074866310155,10520,10069,0.04287072243346013,8936,8544,0.043867502238137845,9934,9496,0.0440910006039863,9588,9169,0.043700458906967055,12714,12173,0.0425515180116407,,133500,127807,0.04264419475655434,162
KT-HQ,P072,10093,9822,0.026850292281779486,9638,9361,0.028740402573147916,12258,11975,0.023086963615597922,14592,14216,0.025767543859649078,13119,12803,0.02408720176842749,11390,11090,0.026338893766461813,10950,10673,0.025296803652968047,12094,11790,0.025136431288242056,12215,11895,0.026197298403602076,11128,10849,0.02507189072609628,13379,13033,0.0258614246206742,10355,10098,0.024818928054080147,,141211,137605,0.025536254257812807,123
KT-SN,P072,13096,12647,0.03428527794746483,12555,12127,0.03409000398247708,13092,12676,0.031775129850290296,14666,14206,0.03136506204827494,12849,12425,0.03299867693983971,12273,11867,0.03308074635378477,12420,12021,0.03212560386473429,12487,12080,0.03259389765355969,11508,11129,0.03293361140076467,12980,12568,0.0317411402157165,11637,11239,0.03420125461888801,12907,12461,0.03455489269388701,,152470,147446,0.03295074440873613,167
KT-HQ,P073,44632,42475,0.04832855350421228,42203,40161,0.04838518588725915,50547,48019,0.05001285931904964,61915,58939,0.04806589679399176,57365,54610,0.04802579970365206,50433,47805,0.05210873832609597,47862,45597,0.04732355522126108,51880,49408,0.04764841942945264,51033,48915,0.04150255716889073,45731,43635,0.045833242220812975,55344,52938,0.04347354726799657,45633,43646,0.04354304998575598,,604578,576148,0.04702453612271695,344
KT-SN,P073,2875,2776,0.0344347826086957,3242,3135,0.03300431832202344,3535,3411,0.035077793493635046,3717,3591,0.03389830508474578,3807,3688,0.03125820856317307,3203,3106,0.03028410864814235,2808,2723,0.03027065527065531,3663,3554,0.029757029757029763,2944,2856,0.029891304347826053,3390,3290,0.029498525073746285,3340,3241,0.029640718562874202,4031,3919,0.027784668816670854,,40555,39290,0.031192208112439945,52
KT-HQ,P074,35119,34503,0.017540362766593542,35069,34126,0.02688984573269837,41123,40088,0.025168397247282592,50521,49163,0.026879911324003913,44599,43444,0.025897441646673736,42306,41256,0.02481917458516525,36434,35491,0.025882417522094747,45114,45370,0,38314,37492,0.021454298689774,38847,38055,0.020387674723916893,42601,41687,0.021454895424990017,33361,32596,0.02293096729714339,,483408,473271,0.02096986396584255,249
KT-SN,P074,9235,9010,0.024363833243096877,10076,9842,0.023223501389440293,10956,10720,0.021540708287696275,11283,11031,0.022334485509173052,11749,11499,0.021278406672908368,9684,9459,0.02323420074349447,9267,9224,0.004640120858961927,11078,10661,0.037642173677559176,9221,9004,0.023533239344973422,10073,9843,0.022833316787451596,10494,10252,0.023060796645702264,9914,9669,0.024712527738551593,,123030,120214,0.02288872632691219,132
KT-HQ,P075,34639,35516,0,30225,31042,0,26753,27479,0,22396,23094,0,23875,24552,0,17715,18339,0,12074,12639,0,16629,17267,0,14004,14570,0,11435,11997,0,12804,13360,0,15619,16221,0,,238168,246076,0,1
KT-SN,P075,21879,21114,0.034965034965035,23312,22510,0.03440288263555247,28650,27574,0.037556719022687646,27741,26687,0.0379943044591039,29993,28776,0.04057613443136732,26342,25209,0.04301116088375978,26794,25639,0.043106665671418964,29799,28493,0.043826974059532176,25650,24476,0.04576998050682257,25278,24101,0.046562228024369046,25034,23899,0.04533833985779345,23529,22588,0.03999319988099792,,314001,301066,0.041194136324406605,141
KT-HQ,P076,22958,22279,0.02957574701629062,21658,21011,0.02987348785668109,25171,24424,0.02967700925668426,30575,29696,0.028748977923139796,27862,27063,0.028677051180819757,25500,24789,0.02788235294117647,22176,21538,0.02876984126984128,26942,26190,0.02791181055600922,24197,23517,0.028102657354217464,25081,24356,0.028906343447230975,26176,25429,0.02853759168704162,19872,19319,0.02782809983896939,,298168,289611,0.028698586032035678,211
KT-SN,P076,1148,1082,0.057491289198606244,1107,1048,0.053297199638663084,1314,1244,0.05327245053272456,1576,1467,0.0691624365482234,1502,1450,0.03462050599201061,1531,1452,0.051600261267145675,1403,1315,0.06272273699215969,1659,1578,0.0488245931283906,1469,1388,0.055139550714771945,1702,1608,0.05522914218566388,1771,1667,0.05872388481084134,2073,1963,0.053063193439459755,,18255,17262,0.05439605587510277,33
KT-HQ,P077,10851,10541,0.028568795502718625,10438,10164,0.026250239509484574,11525,11201,0.02811279826464208,13724,13344,0.027688720489653207,12216,11879,0.027586771447282277,11285,10966,0.028267611874169263,10111,9836,0.027198101078033776,12003,11685,0.026493376655836065,11184,10880,0.027181688125894166,11124,10836,0.02588996763754048,12159,11840,0.026235710173533988,10134,9867,0.026346950858496143,,136754,133039,0.02716556736914455,98
KT-SN,P077,1397,1403,0,807,812,0,1518,1525,0,1855,1862,0,3208,3216,0,3359,3366,0,3551,3559,0,4369,4377,0,5683,5691,0,6276,6284,0,5592,5599,0,5103,5110,0,,42718,42804,0,1
KT-HQ,P078,9315,9078,0.02544283413848636,9027,8810,0.0240389941287249,10063,9827,0.02345225081983504,12956,12664,0.022537820314912027,11108,10850,0.02322650342095789,10748,10524,0.020841086713807244,9180,8894,0.03115468409586053,11337,11165,0.015171562141660044,10324,10077,0.023924835335141448,10635,10392,0.022849083215796928,11999,11699,0.025002083506958872,9567,9334,0.024354552106198413,,126259,123314,0.023325069896007466,148
KT-SN,P078,3147,3042,0.03336510962821737,3190,3085,0.0329153605015674,4089,3959,0.03179261433113234,4379,4250,0.029458780543503038,3947,3827,0.030402837598175858,3796,3680,0.030558482613277094,3450,3337,0.0327536231884058,3571,3463,0.030243629235508274,3092,2986,0.034282018111254864,3569,3456,0.03166152984029136,3133,3032,0.032237472071496964,3331,3218,0.033923746622635864,,42694,41335,0.03183117065629826,60
KT-HQ,P079,23503,22733,0.03276177509254141,22657,21924,0.03235203248444185,25597,24793,0.03140993085127164,32478,31498,0.03017427181476695,27513,26631,0.03205757278377497,25939,25138,0.030880141871313493,22290,21631,0.02956482727680576,28522,27631,0.031239043545333467,26543,25706,0.03153373770862378,26313,25498,0.03097328316801584,28720,27815,0.03151114206128136,23886,23070,0.03416227078623457,,313961,304068,0.031510283124337124,369
KT-SN,P079,4972,4786,0.0374094931617055,4791,4593,0.04132748904195371,6284,6064,0.03500954805856138,6236,6054,0.02918537524053877,6098,5903,0.031977697605772404,6070,5884,0.030642504118616132,5648,5462,0.032932011331444744,6081,5891,0.03124486104259172,5133,4968,0.03214494447691407,5898,5709,0.032044760935910466,5382,5201,0.03363062058714228,5895,5692,0.03443596268023752,,68488,66207,0.03330510454386171,86
KT-HQ,P080,4934,5439,0,4302,4804,0,6002,6451,0,7583,8100,0,6285,6750,0,5811,6304,0,6585,7101,0,5592,6112,0,4162,4632,0,5220,5726,0,4743,5230,0,4907,5396,0,,66126,72045,0,1
KT-SN,P080,6055,5842,0.03517753922378197,5777,5569,0.036004846806300894,7093,6854,0.03369519244325392,7568,7364,0.026955602536997914,7396,7216,0.024337479718766875,7416,7182,0.03155339805825241,6877,6662,0.03126363239784791,7283,7055,0.03130578058492384,6500,6290,0.03230769230769226,7491,7253,0.0317714590842344,6842,6628,0.031277404267757936,7338,7103,0.03202507495230311,,83636,81018,0.03130231001004358,108
KT-HQ,P081,299,298,0.0033444816053511683,488,488,0,489,487,0.004089979550102263,432,431,0.0023148148148147696,611,96,0.8428805237315875,525,971,0,510,575,0,481,479,0.004158004158004158,337,334,0.008902077151335286,379,376,0.0079155672823219,354,350,0.011299435028248594,424,421,0.007075471698113178,,5329,5306,0.0043160067554888215,1
KT-SN,P081,7110,6905,0.028832630098452938,7018,6811,0.029495582787118835,7912,7651,0.032987866531850374,7128,6926,0.028338945005611627,5870,5713,0.026746166950596284,6099,5941,0.025905886210854212,5513,5360,0.02775258479956466,6075,5912,0.026831275720164638,5221,5076,0.02777245738364298,6019,5858,0.026748629340421992,5474,5324,0.027402265253927638,6855,6659,0.02859226841721374,,76294,74136,0.028285317325084547,75
KT-HQ,P082,70063,67056,0.04291851619256959,76411,72871,0.04632840821347717,91337,86739,0.050341044702584936,100606,95037,0.05535455141840451,108313,101970,0.058561760822800624,101606,96280,0.052418164281636925,83761,80188,0.04265708384570388,92550,88513,0.043619665045921074,92590,88579,0.04332001296036292,81598,77875,0.04562611828721297,91353,87268,0.04471664860486246,73598,70499,0.042107122476154224,,1063786,1012875,0.0478583098480333,205
KT-SN,P082,4924,4755,0.034321689683184387,5043,4852,0.03787428118183622,5932,5703,0.038604180714767344,5264,5074,0.03609422492401215,4403,4240,0.03702021349080176,4316,4163,0.035449490268767425,3748,3614,0.03575240128068302,4237,4080,0.03705451970734008,3926,3781,0.03693326541008657,4600,4425,0.03804347826086951,3958,3803,0.03916119252147554,4481,4318,0.03637580897121173,,54832,52808,0.03691275167785235,48
KT-HQ,P083,8313,8052,0.031396607722843695,9133,8837,0.03240994196868496,9942,9652,0.029169181251257337,13212,12781,0.03262185891613689,11961,11584,0.031519103753866684,11728,11378,0.02984311050477495,9838,9500,0.03435657653994717,11299,10951,0.030799185768652038,10111,9803,0.030461873207397905,11439,11082,0.03120902176763707,11093,10754,0.03055981249436579,9698,9407,0.030006186842647997,,127767,123781,0.03119741404274967,112
KT-SN,P083,5513,5398,0.020859785960457122,5468,5407,0.011155815654718348,5602,5865,0,5574,5898,0,5750,5734,0.0027826086956521667,6636,6439,0.02968655816757082,5305,5149,0.029406220546654094,5568,5403,0.029633620689655138,5046,4900,0.028933808957590124,6165,5981,0.029845904298459014,5771,5598,0.02997747357477043,6559,6360,0.03033999085226402,,68957,68132,0.011963977551227578,60
KT-HQ,P084,13688,13170,0.03784336645236708,14329,13818,0.035661944308744475,16123,15531,0.03671773243192955,22335,21448,0.0397134542198343,17713,17054,0.037204313216281815,17065,16457,0.03562847934368596,13800,13339,0.03340579710144931,16669,16086,0.03497510348551203,14380,13881,0.03470097357440893,17059,16473,0.034351368778943625,16770,16152,0.03685152057245078,14417,13884,0.03697024346257893,,194348,187293,0.036300862370592935,149
KT-SN,P084,3380,3237,0.04230769230769227,3187,3031,0.048948854722309365,3548,3333,0.060597519729425064,3660,3518,0.03879781420765027,3901,3751,0.038451679056652144,3900,3754,0.03743589743589748,3367,3239,0.038016038016038034,3689,3556,0.03605313092979123,3223,3104,0.03692212224635438,3763,3628,0.03587563114536274,3183,3066,0.03675777568331762,3467,3339,0.03691952696856071,,42268,40556,0.04050345414971135,52
KT-HQ,P085,5059,4922,0.027080450681952972,5343,5198,0.027138311809844606,5187,5046,0.02718334297281666,6317,6135,0.028811144530631605,5461,5295,0.030397363120307608,5443,5274,0.031049053830608075,4573,4434,0.030395801443253934,5154,4994,0.031043849437330184,4423,4282,0.03187881528374403,5124,4958,0.032396565183450465,4783,4630,0.031988291867029006,4579,4441,0.03013758462546412,,61446,59609,0.02989616899391334,54
KT-SN,P085,4186,4027,0.03798375537505971,4106,3948,0.03848027277155386,4788,4571,0.04532163742690054,4927,4742,0.037548203775116695,4688,4538,0.03199658703071673,4693,4526,0.03558491370125716,3883,3748,0.03476693278392995,4075,3936,0.03411042944785281,3719,3596,0.033073406829792984,4274,4132,0.03322414599906409,3692,3558,0.03629469122426865,4391,4240,0.03438852197677067,,51422,49562,0.03617128855353735,75
KT-HQ,P086,404660,404870,0,339610,339720,0,389770,390000,0,185730,185770,0,20990,21010,0,14050,14060,0,14240,14240,0,14680,14690,0,25700,25710,0,17500,17500,0,52100,52140,0,258120,252210,0.022896327289632756,,1737150,1731920,0.0030106784100394357,1
KT-SN,P086,823,802,0.025516403402187082,990,959,0.03131313131313129,1116,1086,0.026881720430107503,1166,1133,0.028301886792452824,1239,1197,0.03389830508474578,1242,1200,0.033816425120772986,1054,1021,0.03130929791271342,1146,1111,0.030541012216404928,1108,1070,0.03429602888086647,1298,1250,0.036979969183358996,1177,1138,0.03313508920985553,1167,1128,0.033419023136246784,,13526,13095,0.03186455714919412,28
KT-HQ,P087,99843,96539,0.03309195436835832,104265,100897,0.032302306622548294,116462,112741,0.03195033573182671,124907,120393,0.036138887332175185,131557,127049,0.0342665156548112,132151,127601,0.03443031078084913,113860,110285,0.031398208326014365,121091,117064,0.03325598103905325,119905,115870,0.033651640882365164,107323,103613,0.03456854541896892,120390,116487,0.032419636182407174,98144,95015,0.031881724812520384,,1389898,1343554,0.03334345398007621,628
KT-SN,P087,55538,55524,0.0002520796571716666,27250,27225,0.0009174311926605228,12483,12461,0.0017623968597292317,12153,12134,0.0015633999835431567,18304,18287,0.0009287587412587506,53834,53826,0.00014860497083624136,58977,58954,0.0003899825355646591,83285,83305,0,64656,64648,0.00012373174956692434,70044,70029,0.0002141511050196554,67030,67018,0.0001790243174697448,97168,97124,0.00045282397497115046,,620722,620535,0.00030126207867609,1
KT-HQ,P088,17380,16651,0.04194476409666281,16304,15622,0.04183022571148187,18416,17718,0.037901824500434445,22316,21427,0.039836888331242104,20626,19827,0.038737515756811836,18108,17385,0.039927104042412176,15856,15218,0.040237134207870784,18860,16831,0.10758218451749735,19550,20261,0,17756,17078,0.03818427573777883,20641,19848,0.03841868126544257,17505,16365,0.06512425021422452,,223318,214231,0.04069085340187539,246
KT-SN,P088,3117,3022,0.03047802374077635,3269,3175,0.028754970939125157,3342,3251,0.027229204069419533,2839,2761,0.02747446283902788,2869,2786,0.028929940745904492,2446,2371,0.030662305805396528,2450,2385,0.026530612244897944,2846,2758,0.03092059030217853,2167,2105,0.028610982925703743,2166,2101,0.03000923361034169,2437,2363,0.03036520311858848,3361,3257,0.030943171675096748,,33309,32335,0.029241346182713346,36
KT-HQ,P089,10172,9895,0.02723161620133696,9699,9446,0.026085163418909207,10552,10285,0.025303260045488996,12329,12018,0.025225079081839574,11785,11488,0.025201527365294907,10746,10429,0.029499348594825947,9411,9251,0.017001381362235723,10706,10450,0.02391182514477863,10782,10399,0.03552216657391949,10645,10541,0.009769844997651433,11771,11486,0.024212046555093014,10114,9865,0.024619339529365236,,128712,125553,0.024543166138355388,134
KT-SN,P089,3615,3489,0.03485477178423235,4068,3930,0.03392330383480824,4078,3953,0.030652280529671394,4646,4493,0.032931554024967724,5425,5252,0.03188940092165904,4109,3980,0.031394499878315885,3993,3863,0.03255697470573504,4557,4422,0.029624753127057257,3938,3803,0.034281361097003527,3940,3820,0.030456852791878153,4113,3974,0.03379528324823733,3857,3727,0.03370495203526058,,50339,48706,0.03244005641748937,64
KT-HQ,P090,5094,4915,0.035139379662347814,4667,4497,0.03642596957360189,4765,4612,0.03210912906610708,5493,5318,0.03185872929182598,5128,4959,0.032956318252730155,4634,4488,0.03150625809236085,4148,4049,0.023866923818707808,4954,4806,0.029874848607186144,5131,4966,0.032157474176573775,5109,4962,0.02877275396359369,6198,6020,0.02871894159406263,5543,5362,0.0326537975825365,,60864,58954,0.03138144058885384,91
KT-SN,P090,2664,2580,0.03153153153153154,2464,2387,0.03125,3230,3133,0.03003095975232195,3031,2935,0.03167271527548665,3405,3302,0.03024963289280469,3227,3132,0.029439107530213837,3249,3202,0.014465989535241586,3427,3305,0.035599649839509806,2962,2872,0.030384875084402463,3092,3002,0.029107373868046627,3028,2932,0.031704095112285335,3445,3335,0.03193033381712629,,37224,36117,0.029738878143133474,52
KT-HQ,P091,14744,14025,0.04876559956592508,14399,13659,0.051392457809570136,14606,13956,0.04450225934547447,18148,17311,0.04612078465946656,17196,16387,0.04704582461037454,16021,15257,0.04768741027401535,13644,12978,0.04881266490765168,15576,14848,0.04673857216230093,16206,15374,0.05133901024311982,15747,14902,0.05366101479646912,17463,16563,0.05153753650575499,15062,14297,0.050790067720090315,,188812,179557,0.04901701163061667,233
KT-SN,P091,7332,7056,0.03764320785597386,7363,7077,0.03884286296346595,9475,9120,0.03746701846965694,8825,8490,0.0379603399433428,10199,9848,0.03441513873909208,8273,7987,0.034570288891574985,8264,7969,0.035696999031945786,8732,8553,0.020499312872194198,7499,7228,0.03613815175356716,7992,7718,0.034284284284284317,8447,8142,0.036107493784775624,9750,9391,0.036820512820512796,,102151,98579,0.034967841724505844,74
KT-HQ,P092,4047,3918,0.03187546330615265,3716,3604,0.030139935414424057,3716,3603,0.03040904198062433,4304,4193,0.02578996282527879,3995,3889,0.026533166458072577,3626,3517,0.03006067291781578,3210,3110,0.031152647975077885,3582,3468,0.031825795644891075,3913,3784,0.03296703296703296,4007,3877,0.03244322435737457,4432,4285,0.03316787003610111,3417,3299,0.034533216271583234,,45965,44547,0.03084955944740564,70
KT-SN,P092,8883,8439,0.04998311381290099,8880,8429,0.0507882882882883,11800,11190,0.051694915254237306,10492,9950,0.05165840640487995,12202,11514,0.05638419931158822,10600,10094,0.047735849056603774,11678,11096,0.049837300907689674,12976,12310,0.051325524044389614,11229,10651,0.05147386232077655,11522,10937,0.050772435341086664,11378,10787,0.05194234487607663,12400,11702,0.05629032258064515,,134040,127099,0.0517830498358699,104
KT-HQ,P093,9438,8921,0.054778554778554756,8931,8442,0.05475310715485393,9354,8850,0.05388069275176399,10929,10245,0.06258578094976663,10283,9777,0.0492074297384032,9230,8710,0.05633802816901412,7953,7499,0.057085376587451275,9291,8749,0.058336024109353124,9821,9263,0.05681702474289785,9984,9408,0.05769230769230771,10502,9848,0.06227385259950491,8419,7935,0.05748901294690578,,114135,107647,0.05684496429666619,55
KT-SN,P093,4125,4026,0.02400000000000002,4006,3919,0.021717423864203722,4691,4580,0.023662332125346408,4122,4028,0.02280446385249879,5621,5486,0.024017078811599313,5575,5429,0.026188340807174915,6477,6301,0.027173073953991045,7154,6960,0.027117696393625934,6325,6162,0.0257707509881423,6402,6241,0.025148391127772562,6468,6299,0.026128633271490398,6652,6467,0.02781118460613352,,67618,65898,0.025437013812890097,16
KT-HQ,P094,6042,6115,0,6342,6419,0,6875,6960,0,8107,8203,0,7361,7448,0,7597,7686,0,7115,7200,0,6783,6866,0,6915,6998,0,6977,7058,0,6928,7009,0,6732,6807,0,,83774,84769,0,1
KT-SN,P094,4842,4689,0.03159851301115246,4322,4190,0.030541416011105937,6398,6194,0.03188496405126606,5578,5399,0.032090354965937595,6444,6225,0.03398510242085662,5299,5121,0.033591243630873735,5633,5447,0.03301970530800635,5775,5582,0.03341991341991346,5323,5134,0.03550629344354683,4820,4695,0.025933609958506243,4842,4698,0.029739776951672847,4741,4591,0.03163889474794346,,64017,61965,0.032053985660059015,41
KT-HQ,P095,14639,14641,0,15538,15540,0,15713,15714,0,18049,18051,0,16571,16572,0,16259,16260,0,15508,15509,0,15525,15526,0,15087,15087,0,15206,15207,0,15249,15251,0,14512,14512,0,,187856,187870,0,1
KT-SN,P095,3569,3515,0.015130288596245434,3503,3446,0.01627176705680844,4419,4328,0.020592894319981903,4254,4973,0,4583,3684,0.19615972070696053,4092,3977,0.028103616813294208,4066,3973,0.022872602065912462,4390,4308,0.01867881548974948,3988,3910,0.019558676028084254,4067,3993,0.018195229899188536,4035,3957,0.019330855018587334,4446,4358,0.019793072424651337,,49412,48422,0.020035618878005312,17
KT-HQ,P096,7961,8023,0,8869,8935,0,8408,8470,0,10344,10410,0,9018,9073,0,8817,8881,0,8878,8946,0,9109,9178,0,8764,8831,0,8670,8739,0,9173,9246,0,9366,9440,0,,107377,108172,0,1
KT-SN,P096,1143,1116,0.023622047244094446,1179,1146,0.027989821882951627,1419,1384,0.02466525722339674,1564,1532,0.020460358056266004,1656,1613,0.02596618357487923,1773,1731,0.02368866328257191,1450,1416,0.02344827586206899,1659,1616,0.02591922845087402,1513,1475,0.025115664243225422,1779,1743,0.0202360876897133,1507,1470,0.024552090245520852,1713,1662,0.02977232924693518,,18355,17904,0.02457096159084715,38
KT-HQ,P097,8370,8434,0,9518,9590,0,9365,9434,0,10808,10885,0,9965,10039,0,9824,9900,0,9368,9437,0,9264,9332,0,9045,9115,0,9058,9126,0,9234,9305,0,9302,9371,0,,113121,113968,0,1
KT-SN,P097,1827340,1822130,0.002851138813794951,1879240,1873660,0.0029692854558225346,2026650,2021390,0.002595416080724333,2371630,2370580,0.00044273347866230495,1317100,1316570,0.00040239921038642823,824670,824020,0.0007881940655050101,969300,968500,0.0008253378726916782,1323290,1322230,0.0008010337870005824,1000450,999580,0.0008696086760957566,1242050,1241050,0.0008051205668049288,1438840,1437679,0.0008069000027800532,2642140,2641051,0.0004121658958268215,,18862700,18838440,0.0012861361310947395,1
KT-HQ,P098,18800,18775,0.0013297872340425343,20848,20827,0.0010072908672295044,19914,19891,0.0011549663553278577,23029,22993,0.0015632463415693465,21283,21247,0.001691490861250755,20492,20464,0.001366386882685977,20426,20395,0.001517673553314447,21065,21033,0.0015191075243294883,21089,21060,0.0013751244724737877,20949,20921,0.0013365793116616453,21665,21642,0.0010616201246249624,20476,20449,0.0013186169173666773,,250036,249697,0.0013558047641140103,1
KT-SN,P098,16336,17230,0,127932,130518,0,228120,232776,0,195605,199460,0,254473,259724,0,228550,233296,0,176095,179523,0,217787,222152,0,192902,196771,0,227624,232325,0,133836,136657,0,11625,12465,0,,2010885,2052897,0,1
KT-HQ,P099,5581,5622,0,5867,5909,0,5660,5700,0,6713,6760,0,6777,6825,0,6169,6213,0,5999,6044,0,5864,5908,0,5823,5866,0,6076,6121,0,6001,6046,0,6065,6109,0,,72595,73123,0,1
KT-SN,P099,22009,22001,0.0003634876641374074,23518,23506,0.0005102474700229287,25525,25508,0.0006660137120469978,28870,28854,0.000554208520956001,26375,26363,0.0004549763033175891,23647,23639,0.00033830929927691766,25688,25680,0.00031142946122708626,24701,24692,0.0003643577183110036,25387,25384,0.00011817071729625095,25325,25318,0.00027640671273443385,23492,23486,0.00025540609569218997,24161,24154,0.00028972310748731633,,298698,298585,0.000378308525668114,1
KT-HQ,P100,5057,5226,0,5253,5433,0,5081,5254,0,5831,6034,0,5524,5717,0,5760,5960,0,5429,5613,0,5338,5527,0,5349,5536,0,5326,5513,0,5636,5826,0,5242,5416,0,,64826,67055,0,1
KT-SN,P100,0,0,,0,0,,0,0,,0,0,,0,0,,0,0,,0,0,,0,0,,0,0,,0,0,,0,0,,0,0,,,0,0,,1
KT-HQ,P101,21816,21746,0.003208654198753158,24427,24346,0.003316002783804839,25755,25665,0.0034944670937682165,29744,29639,0.003530123722431444,28413,28319,0.0033083447717594527,27690,27600,0.00325027085590468,27025,26931,0.003478260869565264,26380,26288,0.003487490523123582,25647,25558,0.003470191445393178,25402,25517,0,25707,25425,0.010969774769517993,24572,24493,0.003215041510662542,,312578,311527,0.0033623607547556,1
KT-SN,P101,3190,3104,0.026959247648902784,3342,3258,0.025134649910233398,4046,3954,0.022738507167572863,3898,3806,0.02360184710107749,4399,4310,0.02023187087974543,4203,4102,0.02403045443730667,4094,4004,0.021983390327308228,4098,4002,0.02342606149341142,3879,3784,0.024490848156741407,3623,3539,0.023185205630692818,3711,3625,0.023174346537321422,3864,3769,0.024585921325051774,,46347,45257,0.023518242820462998,67
KT-HQ,P102,8631,8741,0,10080,10207,0,10107,10236,0,11336,11480,0,10916,11053,0,11021,11162,0,10733,10869,0,10894,11033,0,10016,10142,0,10354,10486,0,9701,9826,0,10713,10850,0,,124502,126085,0,1
KT-SN,P102,5491,5261,0.04188672372973956,5757,5503,0.044120201493833555,7549,7250,0.039607895085441824,7489,7172,0.042328748831619745,7095,6815,0.03946441155743485,6512,6240,0.041769041769041726,6445,6181,0.04096198603568657,6446,6175,0.042041576171269024,6396,6125,0.042370231394621594,6251,5981,0.04319308910574304,6457,6181,0.04274430850240052,6982,6673,0.04425665998281292,,78870,75557,0.04200583238240141,109
KT-HQ,p103,0,0,,0,0,,0,0,,0,0,,0,0,,0,0,,0,0,,0,0,,0,0,,0,0,,0,0,,0,0,,,0,0,,0
KT-HQ,P103,0,0,,0,0,,0,0,,0,0,,0,0,,0,0,,0,0,,0,0,,7,9,0,139,142,0,558,568,0,534,543,0,,1238,1262,0,1
KT-SN,P103,4024,3860,0.040755467196819106,3915,3760,0.03959131545338446,0,4295,0,3977,3944,0.0082977118430978,4155,4001,0.037063778580024076,3789,3640,0.03932435998944317,3792,3644,0.039029535864978926,4152,3990,0.039017341040462394,4046,3886,0.039545229856648545,3825,3678,0.03843137254901963,3943,3785,0.04007101191985796,4108,3938,0.041382667964946496,,43726,46421,0,51
KT-HQ,P104,2457,2457,0,2809,2808,0.0003559985760056561,2540,2538,0.0007874015748031704,3071,3069,0.0006512536633018762,3860,3856,0.0010362694300518616,3821,3816,0.001308557969117996,3676,3672,0.0010881392818280489,3471,3466,0.0014405070584846413,3094,3089,0.001616031027795728,3008,3004,0.0013297872340425343,2810,2809,0.000355871886120962,2866,2858,0.002791346824842944,,37483,37442,0.0010938292025718388,1
KT-SN,P104,3702,3628,0.019989195029713636,3453,3384,0.019982623805386623,3746,3677,0.018419647624132396,3994,3911,0.020781171757636496,3827,3746,0.021165403710478148,3633,3562,0.01954307734654559,5991,5838,0.02553830746119179,3896,3819,0.019763860369609865,3738,3662,0.02033172819689677,3877,3802,0.019344854268764533,3739,3661,0.02086119283230814,4350,4260,0.020689655172413834,,47946,46950,0.020773370041296424,15
KT-HQ,P105,6961,6767,0.02786955897141219,6521,6343,0.027296426928385187,8255,8060,0.023622047244094446,10158,9915,0.023922031896042473,9368,9138,0.024551665243381704,7968,7785,0.022966867469879526,7800,7612,0.02410256410256406,8145,7952,0.023695518723143016,8187,7989,0.02418468303407839,7878,7665,0.02703731911652707,8710,8429,0.03226176808266357,6667,6580,0.013049347532623323,,96618,94235,0.024664141257322636,130
KT-SN,P105,43738,41774,0.04490374502720751,37956,36231,0.04544736010116979,44507,42348,0.04850922326824991,48396,46068,0.048103149020580216,47634,45188,0.051349876138892414,46572,44252,0.04981533968908358,47451,45090,0.04975659100967311,44647,42442,0.049387416847716525,39408,37530,0.04765529841656513,39754,37940,0.04563062836444132,40310,38364,0.0482758620689655,44584,42566,0.04526287457383815,,524957,499793,0.04793535470524257,224
KT-HQ,P106,0,0,,0,0,,0,0,,0,0,,0,0,,0,0,,0,0,,0,0,,794,796,0,1068,1070,0,989,994,0,1097,1104,0,,3948,3964,0,1
KT-SN,P106,55778,52593,0.057101366130015374,52313,49241,0.05872345306138049,59801,55769,0.0674236216785673,60366,56250,0.06818407712951002,68746,64256,0.06531289093183601,63406,59086,0.06813235340504054,64248,60000,0.06611878968995144,61010,56937,0.06675954761514502,56999,53277,0.06529939121738981,51903,48634,0.06298287189565155,55952,52493,0.061820846439805566,53503,50239,0.06100592490140744,,704025,658775,0.06427328574979585,144
KT-HQ,P107,1430,1361,0.04825174825174827,1305,1243,0.04750957854406135,1461,1391,0.04791238877481174,1603,1525,0.04865876481597009,1341,1284,0.04250559284116329,1525,1456,0.04524590163934428,1312,1252,0.04573170731707321,1900,1811,0.04684210526315791,1522,1450,0.047306176084099816,1385,1319,0.0476534296028881,1612,1534,0.048387096774193505,1523,1449,0.04858831254103746,,17919,17075,0.04710084268095316,23
KT-SN,P107,4626,4517,0.02356247297881542,4284,4197,0.02030812324929976,4691,4592,0.021104242165849496,3671,3600,0.0193407790792699,4136,4061,0.018133462282398427,3304,3243,0.018462469733656173,3653,3579,0.020257322748425954,3703,3630,0.019713745611666167,3233,3167,0.02041447571914634,3402,3342,0.01763668430335097,3717,3638,0.021253699219800914,4199,4115,0.020004763038818818,,46619,45681,0.020120551706385825,58
KT-HQ,P108,6513,6519,0,8277,8281,0,8552,8557,0,9632,9636,0,7947,7951,0,7500,7505,0,7526,7532,0,7338,7348,0,6278,6285,0,7095,7102,0,5687,5700,0,6219,6232,0,,88564,88648,0,1
KT-SN,P108,22166,20906,0.056843814851574526,20172,19089,0.0536882807852469,22764,21562,0.05280267088385171,20995,20007,0.04705882352941182,24092,23017,0.044620620953013446,21310,20387,0.04331299859221027,21823,20851,0.04454016404710626,21311,20350,0.04509408286800243,19053,18202,0.04466488217078679,19586,18686,0.04595118962524247,22174,21142,0.04654099395688649,21399,20255,0.053460442076732506,,256845,244454,0.04824310381747743,269
KT-HQ,P109,11406,10770,0.05576012624934246,12191,11552,0.05241571651218113,13051,12409,0.049191632825070886,15804,15006,0.05049354593773725,11538,11021,0.044808459005026835,10863,10439,0.03903157507134314,9314,8940,0.04015460596950826,11014,10556,0.04158343925912478,9840,9470,0.03760162601626016,11781,11259,0.044308632543926696,11047,10583,0.04200235358015747,10425,9926,0.04786570743405272,,138274,131931,0.04587268756237617,166
KT-SN,P109,3536,3314,0.06278280542986425,3348,3136,0.06332138590203107,4054,3803,0.06191415885545137,4067,3817,0.06147037128104249,4639,4353,0.061651217934899805,3971,3724,0.062200956937799035,4256,4002,0.0596804511278195,4100,3847,0.061707317073170787,3847,3609,0.0618663893943332,3920,3678,0.06173469387755104,4309,4035,0.06358783940589463,3842,3600,0.06298802706923479,,47889,44918,0.062039299212762855,64
KT-HQ,P110,16046,17113,0,17452,17765,0,15167,18194,0,14324,19642,0,11507,13405,0,12697,11832,0.06812632905410732,10905,10154,0.06886749197615771,13971,12848,0.08038078877675181,9963,9398,0.05670982635752286,13050,12132,0.07034482758620686,13986,13065,0.06585156585156582,15153,13881,0.083943773510196,,164221,169429,0,173
KT-SN,P110,5160,4968,0.037209302325581395,4728,4557,0.03616751269035534,5786,5582,0.035257518147251976,6000,5786,0.035666666666666624,6672,6424,0.037170263788968816,5753,5557,0.03406918129671477,6053,5839,0.03535436973401618,5837,5631,0.03529210210724687,5317,5129,0.03535828474703784,5370,5180,0.035381750465549366,5820,5609,0.03625429553264603,5028,4857,0.03400954653937949,,67524,65119,0.03561696581956042,75
KT-HQ,P111,7115,6762,0.04961349262122272,7175,6860,0.04390243902439028,8005,7713,0.036477201748906896,9188,8705,0.05256856769699603,6495,6215,0.043110084680523464,3897,5739,0,0,4517,0,3166,5482,0,4956,4753,0.04096045197740117,5946,5696,0.04204507231752441,5772,5521,0.04348579348579351,5915,5296,0.10464919695688923,,67630,73259,0,83
KT-SN,P111,4683,4498,0.03950459107409776,4760,4574,0.03907563025210081,6176,5944,0.03756476683937826,6066,5839,0.037421694691724405,6262,6050,0.03385499840306616,4961,4790,0.03446885708526504,5166,4979,0.03619821912504839,4965,4789,0.03544813695871096,4248,4097,0.035546139359698636,4494,4335,0.035380507343124146,4956,4777,0.03611783696529458,4723,4541,0.03853482955748466,,61460,59213,0.03656036446469246,81
KT-HQ,P112,3525,3662,0,4116,4278,0,3839,3989,0,4668,4849,0,4086,4245,0,4118,4278,0,4101,4260,0,4056,4215,0,4144,4305,0,3933,4086,0,4105,4265,0,3802,3950,0,,48493,50382,0,1
KT-SN,P112,4981,4771,0.04216020879341498,4745,4559,0.039199157007376195,5582,5353,0.041024722321748475,5566,5320,0.04419690980955804,6642,6327,0.04742547425474253,5480,5247,0.04251824817518246,5617,5366,0.044685775324906585,5389,5156,0.04323622193356835,4820,4614,0.042738589211618216,4991,4774,0.04347826086956519,5435,5201,0.04305427782888682,5092,4868,0.04399057344854673,,64340,61556,0.043270127447932905,49
KT-HQ,P113,8576,8914,0,9517,9890,0,9835,10220,0,12265,12745,0,11005,11439,0,10357,10767,0,10458,10873,0,10551,10967,0,10304,10714,0,10237,10641,0,9915,10308,0,10008,10403,0,,123028,127881,0,1
KT-SN,P113,53010,53842,0,62671,63575,0,86469,87547,0,100459,101632,0,91903,93044,0,67037,67943,0,62217,63111,0,66318,67327,0,53572,54464,0,57554,58502,0,54103,54977,0,57152,58067,0,,812465,824031,0,1
KT-HQ,P114,3647,3680,0,3964,4000,0,3648,3682,0,4140,4179,0,4030,4068,0,3888,3925,0,3963,4002,0,3773,3809,0,3580,3613,0,3530,3563,0,3995,4034,0,3969,4007,0,,46127,46562,0,1
KT-SN,P114,6895,6818,0.011167512690355319,6275,6206,0.010996015936254988,8279,8188,0.0109916656601039,7028,6947,0.011525327262379093,7623,7524,0.012987012987012991,6796,6721,0.011035903472630948,7122,7041,0.011373209772535753,10060,9952,0.01073558648111328,8915,8793,0.013684800897364013,8438,8294,0.017065655368570742,7921,7788,0.01679080924125742,8251,8112,0.01684644285541148,,93603,92384,0.013023086866873923,1
KT-HQ,P115,2446,2539,0,2531,2625,0,2709,2810,0,3414,3544,0,3141,0,1,2893,6026,0,2595,2586,0.003468208092485603,2580,2571,0.0034883720930232176,2615,2607,0.003059273422562181,2699,2690,0.003334568358651313,2831,2822,0.0031790886612504954,2650,2641,0.0033962264150942945,,33104,33461,0,1
KT-SN,P115,5104,5034,0.01371473354231978,6495,6412,0.012779060816012322,7611,7656,0,6022,5911,0.018432414480239134,5429,5329,0.01841959845275376,3864,3793,0.01837474120082816,4249,4172,0.018121911037891292,4591,4505,0.018732302330646933,3916,3844,0.018386108273748758,4324,4215,0.02520814061054577,3298,3269,0.008793208004851394,3941,3869,0.01826947475260088,,58844,58009,0.014190061858473269,1
KT-HQ,P116,3165,3197,0,3604,3641,0,3673,3712,0,4558,4605,0,4093,4136,0,3739,3780,0,3686,3726,0,3857,3899,0,3673,3717,0,3754,3789,0,3621,3661,0,3378,3414,0,,44801,45277,0,1
KT-SN,P116,658,637,0.03191489361702127,737,727,0.013568521031207648,1006,988,0.017892644135188873,1120,1096,0.021428571428571463,1042,1022,0.019193857965451033,1048,1025,0.021946564885496178,1046,1021,0.02390057361376674,1230,1202,0.02276422764227637,1226,1194,0.02610114192495927,1583,1549,0.021478205938092243,1295,1265,0.02316602316602312,1651,1610,0.024833434282253153,,13642,13336,0.02243072863216533,33
KT-HQ,P117,5849,6079,0,6238,6484,0,6325,6574,0,7439,7731,0,6693,6958,0,6420,6676,0,6333,6589,0,6336,6590,0,6117,6362,0,5907,6145,0,5940,6180,0,5978,6216,0,,75575,78584,0,1
KT-SN,P117,509,497,0.023575638506876273,400,376,0.06000000000000005,608,601,0.011513157894736836,681,667,0.02055800293685761,809,786,0.028430160692212603,1006,988,0.017892644135188873,961,943,0.018730489073881418,946,928,0.019027484143763207,955,928,0.028272251308900542,1291,1273,0.013942680092951187,1235,1249,0,1281,1238,0.0335675253708041,,10682,10474,0.019472008987081124,26
KT-HQ,P118,4786,4966,0,5302,5503,0,5539,5749,0,6377,6622,0,5929,6151,0,5574,5782,0,5493,0,1,5466,10949,0,5496,5484,0.0021834061135370675,5474,5460,0.002557544757033292,5783,5770,0.0022479681826041986,5687,5673,0.0024617548795498045,,66906,68109,0,1
KT-SN,P118,18846,18408,0.02324100604902901,19412,18901,0.02632392334638367,16571,16095,0.028724880815883203,14204,13504,0.04928189242466907,4945,4857,0.017795753286147575,2828,2777,0.018033946251768018,2849,2800,0.017199017199017175,5122,5038,0.01639984381101134,2771,2720,0.018404907975460127,2886,2829,0.01975051975051978,2442,2395,0.01924651924651921,9996,9765,0.02310924369747902,,102872,100089,0.027053036783575735,36
KT-HQ,P119,4380,4542,0,5070,5257,0,5322,5521,0,6121,6350,0,5248,5447,0,4763,4944,0,4858,5043,0,4902,5091,0,4963,5179,0,4803,4964,0,4753,4937,0,4876,5064,0,,60059,62339,0,1
KT-SN,P119,6351,5678,0.10596756416312392,6064,6249,0,6976,6818,0.022649082568807377,8115,7905,0.025878003696857665,7370,7172,0.0268656716417911,6526,6363,0.024977015016855675,6999,6825,0.02486069438491212,6672,6518,0.02308153477218222,7154,6968,0.025999440872239266,7268,7076,0.02641717116125486,6645,6468,0.026636568848758424,6927,6781,0.02107694528655979,,83067,80821,0.02703841477361646,1
KT-HQ,P120,2974,3084,0,3475,3603,0,3457,3584,0,3804,3945,0,3680,3817,0,3611,3745,0,3540,3672,0,3499,3628,0,3622,3757,0,4246,4404,0,4181,4337,0,4013,4163,0,,44102,45739,0,1
KT-SN,P120,3076,3066,0.0032509752925877766,3120,3111,0.0028846153846153744,3783,3772,0.0029077451757864026,3731,3722,0.002412221924417035,3632,3621,0.003028634361233462,3271,3262,0.002751452155304146,3348,3338,0.0029868578255675127,3174,3165,0.002835538752362976,3095,3083,0.0038772213247172393,3065,3054,0.0035889070146818414,2852,2841,0.0038569424964937093,3190,3179,0.0034482758620689724,,39337,39214,0.003126827160179979,1
KT-HQ,P121,88069,88144,0,97788,97862,0,99517,99600,0,121657,121757,0,110829,110922,0,106217,106310,0,104160,104251,0,103172,103258,0,100278,100361,0,97685,97766,0,96778,96858,0,95800,95884,0,,1221950,1222973,0,1
KT-SN,P121,4264,4116,0.03470919324577859,4489,4336,0.03408331476943638,5745,5547,0.034464751958224515,6005,5790,0.035803497085761915,5187,5003,0.03547329863119342,4490,4332,0.03518930957683741,4676,4513,0.03485885372112918,4461,4304,0.03519390271239631,4248,4094,0.03625235404896421,4321,4290,0.0071742652163850895,4162,4020,0.034118212397885594,4590,4432,0.03442265795206967,,56638,54777,0.03285779865108229,1
KT-HQ,P122,3432,3478,0,5061,5132,0,5743,5826,0,6034,6121,0,6127,6214,0,6025,6114,0,6117,1918,0.686447605035148,6230,10428,0,4863,4861,0.00041126876413732916,5500,5500,0,5001,5033,0,4913,4878,0.007123956849175661,,65046,65503,0,1
KT-SN,P122,1310,1262,0.036641221374045796,1312,1265,0.035823170731707266,1549,1492,0.03679793415106525,1749,1685,0.036592338479130904,1586,1528,0.03656998738965955,1418,1366,0.03667136812411853,1430,1380,0.034965034965035,1441,1391,0.034698126301179744,1460,1410,0.03424657534246578,1385,1338,0.033935018050541554,1196,1155,0.03428093645484953,1385,1339,0.033212996389891725,,17221,16611,0.03542186864874286,1
KT-HQ,P123,7472,7226,0.03292291220556742,8717,8386,0.037971779281863016,9315,8966,0.037466451959205616,11961,11514,0.03737145723601709,10831,10411,0.03877758286400146,10130,9770,0.03553800592300094,8227,7929,0.036222195210890984,9422,9077,0.03661642963277434,8756,8428,0.037460027409776164,10266,9873,0.03828170660432495,10151,9764,0.03812432272682498,9101,8736,0.04010548291396554,,114349,110080,0.037333076808717225,23
KT-SN,P123,2275,2194,0.035604395604395656,2573,2484,0.034589972794403456,2786,2687,0.03553481694185212,2833,2734,0.03494528768090366,2599,2506,0.035782993459022694,2327,2244,0.035668242372152936,2288,2208,0.034965034965035,2189,2114,0.03426222019186842,2213,2136,0.03479439674649798,2312,2233,0.03416955017301038,2142,2068,0.034547152194211006,2284,2206,0.03415061295971977,,28821,27814,0.034939800839665525,1
KT-HQ,P124,1887,1905,0,1983,2004,0,2017,2038,0,2244,2268,0,1972,1992,0,1872,1892,0,1909,1930,0,1986,2008,0,1799,1819,0,1931,1952,0,1974,1995,0,2009,2029,0,,23583,23832,0,1
KT-SN,P124,1516,1468,0.0316622691292876,1762,1705,0.032349602724177084,1810,1751,0.032596685082872945,1775,1722,0.02985915492957747,1646,1595,0.030984204131227266,1575,1526,0.03111111111111109,1702,1649,0.031139835487661527,1607,1558,0.030491599253266943,1665,1613,0.031231231231231282,1843,1784,0.03201302224633751,1851,1791,0.03241491085899517,1883,1822,0.032395114179500806,,20635,19984,0.03154834019869157,1
KT-HQ,P125,2329,2408,0,2410,2492,0,2795,2890,0,2962,3064,0,2403,2483,0,2071,2145,0,2015,2105,0,2311,2365,0,1966,2040,0,2104,2184,0,2339,2398,0,2246,2404,0,,27951,28978,0,1
KT-SN,P125,4276,4125,0.035313376987839096,4429,4272,0.035448182433957975,4699,4532,0.0355394764843584,5403,5210,0.03572089579863036,4487,4326,0.03588143525741028,4107,3958,0.03627952276600921,4264,4111,0.035881801125703605,4282,4128,0.03596450256889305,4825,4652,0.0358549222797927,4355,4200,0.03559127439724452,4110,3961,0.03625304136253038,4404,4237,0.03792007266121711,,53641,51712,0.03596129826065886,1
KT-HQ,P126,25791,26060,0,28482,28782,0,29816,30112,0,36482,36824,0,33610,33941,0,32699,33029,0,31916,32235,0,32074,32384,0,31748,32084,0,30973,31298,0,28849,29162,0,27603,27905,0,,370043,373816,0,1
KT-SN,P126,5277,4939,0.06405154443812777,5102,4777,0.0637005096040768,5868,5504,0.06203135650988412,7165,6742,0.059036985345429116,6893,6478,0.060206006093137976,6533,6135,0.060921475585489104,5708,5349,0.0628941836019622,6385,5995,0.061080657791699244,5356,5027,0.06142643764002986,6331,5935,0.0625493602906334,6188,5794,0.0636716224951519,7146,6677,0.06563112230618529,,73952,69352,0.06220250973604502,111
KT-HQ,P127,14352,13808,0.03790412486064665,13879,13326,0.03984436919086387,15028,14438,0.03926004791056692,16105,15465,0.039739211425023235,17229,16559,0.038887921527656855,15436,14852,0.037833635656905895,14036,13502,0.0380450270732402,16446,15826,0.037699136568162483,14635,14080,0.037922787837376126,15442,14852,0.03820748607693303,16504,15868,0.038536112457586036,13176,12665,0.03878263509411051,,182268,175241,0.038553119582153794,134
KT-SN,P127,2189,2074,0.05253540429419823,2059,1946,0.054881010199125835,2261,2151,0.04865103936311366,2627,2493,0.051008755234107306,2257,2142,0.0509525919361985,2080,1970,0.05288461538461542,1748,1655,0.05320366132723109,1894,1800,0.0496304118268216,1414,1337,0.054455445544554504,1685,1596,0.052818991097922874,1474,1397,0.052238805970149294,1721,1626,0.0552004648460197,,23409,22187,0.052202144474347456,27
KT-HQ,P128,6121,5911,0.0343081195883026,5884,5700,0.03127124405166548,7392,7150,0.03273809523809523,7779,7518,0.03355187042036256,7807,7541,0.03407198667862177,6531,6317,0.03276680447098457,5741,5565,0.03065668002090227,6892,6660,0.03366221706326178,5995,5785,0.0350291909924938,6177,5985,0.031083050024283687,7281,7029,0.034610630407911014,6015,5808,0.034413965087281784,,79615,76969,0.03323494316397668,80
KT-SN,P128,3599,3330,0.07474298416226732,3700,3424,0.07459459459459461,4514,4185,0.07288435976960572,5598,5181,0.07449088960342976,4770,4442,0.0687631027253669,4994,4632,0.07248698438125756,4266,3960,0.07172995780590719,4777,4436,0.07138371362779983,4262,3950,0.07320506804317217,4982,4619,0.0728623042954637,4313,3987,0.07558543936934847,4410,4077,0.07551020408163267,,54185,50223,0.07311986712189722,87
KT-HQ,P129,4343,4289,0.012433801519686871,4352,4190,0.03722426470588236,4497,4279,0.04847676228596842,5038,4957,0.01607780865422792,4937,4787,0.030382823577071116,4184,4051,0.0317877629063098,3953,3840,0.028585884138628836,4790,4647,0.029853862212943616,4198,4067,0.031205335874225804,4124,4005,0.02885548011639183,4563,4418,0.031777339469647115,4224,4093,0.03101325757575757,,53203,51623,0.029697573445106484,54
KT-SN,P129,3721,3728,0,3745,3752,0,4159,4165,0,4512,4520,0,4045,4051,0,3639,3646,0,4002,4008,0,4108,4115,0,3993,4002,0,3936,3943,0,3570,3575,0,3631,3637,0,,47061,47142,0,1
KT-HQ,P130,4305,4069,0.05481997677119632,3625,3453,0.04744827586206901,3834,3665,0.04407929055816384,4286,4079,0.048296780214652335,3527,3473,0.015310462149135229,2926,2830,0.03280929596719073,2532,2439,0.03672985781990523,3005,2888,0.03893510815307821,2752,2656,0.03488372093023251,2768,2667,0.03648843930635837,3255,3144,0.03410138248847927,3087,2969,0.03822481373501785,,39902,38332,0.03934639867675804,40
KT-SN,P130,196473,196519,0,232678,232736,0,245808,245886,0,241367,241427,0,270616,270688,0,234852,234873,0,241977,242021,0,271841,271890,0,259267,259277,0,270465,270499,0,238338,238390,0,239368,239425,0,,2943050,2943631,0,1
KT-HQ,P131,4367,4289,0.01786123196702538,4561,4486,0.016443762332821743,5520,5449,0.012862318840579756,6302,6222,0.012694382735639498,5176,5097,0.015262751159196286,4874,4797,0.015798112433319633,4088,4011,0.018835616438356184,4990,4923,0.01342685370741481,3785,3719,0.017437252311756968,4339,4264,0.017285088730122133,4657,4573,0.01803736310929782,4495,4423,0.0160177975528365,,57154,56253,0.015764425936942272,72
KT-SN,P131,176093,176112,0,160058,160068,0,131466,131498,0,63455,63448,0.00011031439602871007,33198,33204,0,19311,19314,0,18316,18317,0,15225,15227,0,13127,13128,0,9652,9653,0,5451,5452,0,5699,5699,0,,651051,651120,0,1
KT-HQ,P132,9039,8747,0.03230445845779395,9513,9167,0.03637128140439394,10041,9744,0.029578727218404488,12314,11921,0.03191489361702127,10422,10117,0.029265016311648462,10743,10339,0.03760588290049338,9327,9107,0.023587434330438528,10260,9932,0.03196881091617931,9786,9477,0.03157572041692214,11225,10844,0.0339420935412027,11451,10378,0.09370360667190636,9520,9171,0.0366596638655462,,123641,118944,0.03798901658834852,61
KT-SN,P132,6528,6406,0.018688725490196068,6375,6255,0.018823529411764683,7651,7513,0.018036857927068328,7508,7369,0.018513585508790675,8362,8234,0.015307342740971008,7451,7341,0.014763119044423623,7335,7222,0.01540558963871852,7411,7290,0.016327081365537732,6970,6815,0.02223816355810615,6832,6663,0.024736533957845475,7650,7482,0.0219607843137255,6462,6265,0.030485917672547158,,86535,84855,0.019414109897729293,110
KT-HQ,P133,4150,4152,0,4512,4315,0.04366134751773054,4431,4634,0,5174,5177,0,4893,4895,0,5004,5007,0,5029,5032,0,5090,5093,0,4878,4880,0,5002,5005,0,5140,5144,0,5217,5219,0,,58520,58553,0,1
KT-SN,P133,864,858,0.00694444444444442,833,836,0,866,866,0,950,951,0,1108,1108,0,1002,1004,0,999,1001,0,1092,1095,0,991,992,0,1229,1229,0,1069,1071,0,1119,1120,0,,12122,12131,0,1
KT-HQ,P134,3519,3522,0,3444,3448,0,3110,3113,0,3643,3647,0,3456,3460,0,3581,3585,0,3227,3230,0,3077,3081,0,3057,3061,0,3167,3171,0,3384,3388,0,3176,3180,0,,39841,39886,0,1
KT-SN,P134,3458,3410,0.0138808559861191,3048,3008,0.013123359580052507,3163,3121,0.01327853303825477,3303,3253,0.015137753557372124,3215,3172,0.013374805598755812,2954,2912,0.014218009478673022,3288,3241,0.014294403892944008,3232,3188,0.013613861386138626,2822,2776,0.016300496102055306,3426,3373,0.015469935785172195,2898,2853,0.01552795031055898,3352,3300,0.015513126491646823,,38159,37607,0.014465787887523285,23
KT-HQ,P135,202616,202511,0.0005182216606782752,228295,228170,0.0005475371777743376,231750,231619,0.0005652642934196317,285121,284946,0.0006137745027550157,247506,247350,0.0006302877506000337,232578,232429,0.0006406452888922942,235672,235521,0.0006407210020706877,239005,238852,0.0006401539716742732,243211,243055,0.0006414183569000143,231708,231557,0.0006516822897785213,231529,231384,0.0006262714389989599,225101,224769,0.001474893492254603,,2834092,2832163,0.000680641277700178,1
KT-SN,P135,2847,2644,0.07130312609764666,2680,2493,0.06977611940298512,3208,2989,0.06826683291770574,3245,3019,0.06964560862865943,3690,3435,0.06910569105691056,3062,2852,0.06858262573481388,3253,3011,0.07439286812173374,3285,3036,0.07579908675799085,2908,2705,0.06980742778541948,3439,3194,0.07124164001163125,3137,2921,0.06885559451705447,3308,3070,0.07194679564691653,,38062,35369,0.07075298197677471,48
KT-HQ,P136,16159,16207,0,17772,17826,0,17424,17478,0,21841,21892,0,18913,18967,0,18967,18408,0.029472241261137788,17345,17975,0,18063,18077,0,18859,18892,0,18266,18292,0,18385,18411,0,17911,17933,0,,219905,220358,0,1
KT-SN,P136,916,870,0.05021834061135366,847,806,0.04840613931523019,986,940,0.04665314401622722,1082,1027,0.0508317929759704,1195,1138,0.04769874476987446,1069,1018,0.04770813844714683,1080,1025,0.05092592592592593,1069,1017,0.04864359214218894,929,881,0.05166846071044129,1007,953,0.053624627606752684,922,875,0.05097613882863339,877,832,0.05131128848346633,,11979,11382,0.049837215126471324,17
KT-HQ,P137,6608,6670,0,7490,7562,0,7179,7248,0,8417,8497,0,6948,7014,0,6909,6982,0,7206,7270,0,7115,7185,0,7648,7722,0,7521,7594,0,7246,7317,0,7436,7105,0.044513179128563785,,87723,88166,0,1
KT-SN,P137,2979,2785,0.06512252433702581,2814,2623,0.0678749111584932,3348,3131,0.06481481481481477,3502,3276,0.06453455168475153,4036,3796,0.05946481665014869,3397,3186,0.06211362967324108,3612,3378,0.06478405315614622,3449,3231,0.06320672658741666,2992,2802,0.06350267379679142,3347,3130,0.06483417986256346,3379,3162,0.06422018348623848,3210,3002,0.06479750778816196,,40065,37502,0.06397104704854606,57
KT-HQ,P138,7813,7872,0,8256,8318,0,8241,8302,0,9456,9528,0,8627,8693,0,8188,8249,0,8514,8579,0,8514,8578,0,8583,8649,0,8360,8423,0,8467,8533,0,8098,8160,0,,101117,101884,0,1
KT-SN,P138,1473,1375,0.06653088934147999,1350,1260,0.06666666666666665,1508,1417,0.06034482758620685,1541,1445,0.06229720960415319,1569,1475,0.05991077119184196,1635,1537,0.05993883792048926,1602,1499,0.0642946317103621,1517,1425,0.060646011865524097,1276,1199,0.06034482758620685,1524,1433,0.05971128608923881,1510,1413,0.06423841059602653,1467,1377,0.06134969325153372,,17972,16855,0.062152236812819894,30
KT-HQ,P139,49713,47954,0.03538309898819225,45983,44341,0.03570884892242787,54871,51683,0.05809990705472834,61569,59276,0.037242768276242955,70239,66437,0.05412947223052722,61575,59755,0.02955745026390577,55205,54357,0.015360927452223505,61752,60992,0.012307293690892562,57571,55397,0.037762067707700075,56587,54510,0.03670454344637464,56841,54872,0.03464048837986666,44956,43518,0.0319868315686449,,676862,653092,0.03511794132334212,295
KT-SN,P139,6077,5820,0.042290603916406155,6477,6176,0.04647213215995061,6797,6509,0.04237163454465209,6125,5910,0.03510204081632651,6291,6066,0.03576537911301858,5416,5241,0.032311669128508136,5706,5512,0.03399929898352616,5622,5426,0.034863038064745666,4727,4563,0.03469430928707429,5333,5151,0.03412713294580916,5132,4946,0.03624318004676541,5399,5199,0.03704389701796629,,69102,66519,0.03737952591820781,107
KT-HQ,P140,2319,2269,0.02156101768003449,2425,2382,0.01773195876288658,2523,2477,0.01823226317875548,3294,3241,0.016089860352155427,2717,2663,0.019874861980125114,2779,2740,0.014033825116948506,2442,2396,0.018837018837018826,3012,2951,0.020252324037184577,2838,2783,0.019379844961240345,3153,3093,0.01902949571836343,2926,2563,0.12406015037593987,2281,2232,0.021481806225339795,,32709,31790,0.028096242624354173,42
KT-SN,P140,6598,6018,0.0879054258866323,6667,6091,0.0863956802159892,7308,6759,0.07512315270935965,6768,6263,0.0746158392434988,6619,6144,0.07176310620939719,5824,5408,0.0714285714285714,6304,5875,0.06805203045685282,6562,6102,0.07010057909174028,5496,5118,0.06877729257641918,6220,5789,0.06929260450160768,6119,5691,0.06994606961921879,6795,6313,0.07093451066960998,,77280,71571,0.07387422360248452,76
KT-HQ,P141,6696,6700,0,6843,6834,0.0013152126260411734,7342,7336,0.0008172160174338972,8956,8850,0.011835640911120993,7615,7640,0,7463,7445,0.0024118987002546,6036,6010,0.004307488402915838,7108,7089,0.0026730444569499356,6193,6116,0.01243339253996445,7047,7043,0.0005676174258549826,7213,7209,0.0005545542769999079,6487,6491,0,,84999,84763,0.002776503252979401,92
KT-SN,P141,14912,14218,0.046539699570815496,14385,13715,0.04657629475147729,16731,15958,0.04620166158627692,15934,15204,0.04581398267854897,18022,17114,0.05038286538674952,16882,16064,0.04845397464755363,17400,16562,0.04816091954022994,16751,15949,0.047877738642469136,15231,14489,0.04871643358939004,16395,15599,0.048551387618176234,16093,15310,0.04865469458770899,15270,14501,0.05036018336607728,,194006,184683,0.04805521478717156,158
KT-HQ,P142,3916,3832,0.021450459652706866,3848,3766,0.021309771309771297,4099,4007,0.0224444986582093,4543,4442,0.02223200528285274,4239,4143,0.02264685067232841,4207,4115,0.021868314713572645,3641,3562,0.021697335896731618,4416,4320,0.021739130434782594,4136,4045,0.02200193423597674,3769,3684,0.022552401167418412,4361,4259,0.023389130933272217,4095,3992,0.025152625152625174,,49270,48167,0.02238684798051549,26
KT-SN,P142,6250,6051,0.03183999999999998,6439,6237,0.03137133095201117,7146,6916,0.032185838231178265,8424,8156,0.03181386514719853,7607,7363,0.03207571973182599,7099,6871,0.03211719960557824,7294,7063,0.03166986564299423,7020,6795,0.03205128205128205,7208,6980,0.03163152053274143,7147,6920,0.031761578284594916,6808,6591,0.03187426556991779,7094,6870,0.03157597970115589,,85536,82813,0.03183454919566031,1
KT-HQ,P143,7782,7529,0.0325109226419944,8301,8032,0.03240573424888571,10117,9812,0.03014727686072949,12160,11798,0.029769736842105265,10983,10644,0.03086588363835019,10126,9818,0.030416748963065343,8966,8679,0.03200981485612309,11652,11300,0.030209406110539017,11046,10650,0.03585008147745794,9967,9698,0.02698906391090594,11416,11053,0.03179747722494741,9914,9590,0.03268105709098246,,122430,118603,0.03125867842848973,131
KT-SN,P143,35459,34769,0.01945909360106035,32687,32049,0.019518462997521913,43035,42146,0.020657604275589603,42646,41841,0.01887633072269379,44741,43859,0.019713461925303433,47187,46271,0.01941212622120503,41620,40835,0.018861124459394474,43794,42954,0.0191807096862584,40370,39599,0.0190983403517464,35052,34355,0.01988474266803608,39311,38495,0.020757548777695756,37415,36655,0.020312708806628388,,483317,473828,0.01963307725571417,65
KT-HQ,P144,24805,23658,0.0462406772828059,24274,23125,0.047334596687814146,25588,24435,0.04506018446146631,30734,29216,0.049391553328561155,28652,27353,0.04533714923914556,27483,26244,0.04508241458356077,23012,22006,0.04371632191899877,29653,28267,0.04674063332546452,26931,25712,0.04526382236084814,25105,23904,0.04783907588129854,28852,27375,0.05119229169554973,25065,23805,0.050269299820466795,,320154,305100,0.047021121085477624,290
KT-SN,P144,0,0,,0,0,,0,0,,0,0,,0,0,,0,0,,0,0,,0,0,,0,0,,0,0,,0,0,,0,0,,,0,0,,1
KT-HQ,P145,9362,9026,0.03588976714377268,9520,9138,0.040126050420168036,10722,10234,0.04551389666107064,12894,12371,0.04056150147355364,11639,11068,0.04905919752556065,10727,10373,0.033000839004381444,8970,8641,0.036677814938684494,11185,10760,0.037997317836388045,9972,9654,0.031889290012033666,9400,9015,0.040957446808510656,2751,9737,0,0,8307,0,,107142,118324,0,98
KT-SN,P145,20481,21518,0,40786,42352,0,31153,32615,0,16446,17718,0,33221,34699,0,22644,23932,0,29738,31225,0,37412,38945,0,24282,25605,0,27828,29289,0,12183,13296,0,20936,22197,0,,317110,333391,0,1
KT-HQ,P146,15377,14826,0.03583273720491642,15989,15402,0.03671274000875602,17000,16381,0.036411764705882366,20271,19514,0.03734398894973112,18457,17530,0.050224846941539836,17364,16665,0.04025570145127855,14442,13976,0.03226699903060515,18923,18218,0.03725624900914226,16253,15626,0.03857749338583649,14911,14386,0.03520890617664807,17275,16650,0.0361794500723589,15186,14575,0.0402344264454102,,201448,193749,0.038218299511536435,170
KT-SN,P146,9585,9257,0.03422013562858628,10381,10028,0.03400443117233409,11382,10995,0.034001054296257216,13246,12795,0.03404801449494188,12317,11895,0.0342615896728099,11190,10807,0.03422698838248439,11757,11355,0.03419239601939272,11420,11031,0.034063047285464054,11508,11110,0.03458463677441781,11282,10901,0.03377060804821841,10930,10561,0.03376029277218662,11038,10666,0.033701757564776225,,136036,131401,0.03407186333029488,1
KT-HQ,P147,2449,2370,0.032258064516129004,2532,2458,0.02922590837282779,2706,2631,0.027716186252771613,3448,3357,0.02639211136890951,3009,2933,0.025257560651379185,2751,2680,0.025808796801163214,2221,2156,0.029266096352994153,3021,2945,0.02515723270440251,2656,2581,0.028237951807228878,2454,2385,0.028117359413202925,2814,2730,0.02985074626865669,2641,2565,0.02877697841726623,,32702,31791,0.02785762338694886,45
KT-SN,P147,5473,5362,0.020281381326511916,5323,5240,0.015592710877324834,5898,5805,0.01576805696846384,7700,7573,0.01649350649350645,6925,6824,0.014584837545126406,5086,5013,0.014353126228863533,3799,3730,0.01816267438799679,4567,4501,0.01445149989051897,3818,3748,0.01833420639078054,5667,5578,0.015704958531851054,4743,4658,0.017921146953404965,7119,6955,0.023036943390925657,,66118,64987,0.01710578057412504,21
KT-HQ,P148,4211,4074,0.032533839943006404,4100,3968,0.03219512195121954,4183,4038,0.03466411666268232,4925,4762,0.0330964467005076,4673,4519,0.032955274983950344,4623,4475,0.03201384382435646,4139,4005,0.03237496979946852,4997,4831,0.0332199319591755,4829,4662,0.034582729343549334,4345,4190,0.03567318757192173,5243,5059,0.03509441159641424,4382,4233,0.034002738475581884,,54650,52816,0.033559011893870117,38
KT-SN,P148,983,946,0.03763987792472023,921,888,0.03583061889250816,1099,1054,0.04094631483166511,1324,1266,0.04380664652567978,1276,1215,0.04780564263322884,1128,1065,0.05585106382978722,1243,1176,0.053901850362027326,1127,1059,0.06033717834960073,1157,1097,0.05185825410544509,1214,1146,0.05601317957166396,1050,974,0.07238095238095243,1117,1064,0.047448522829006246,,13639,12950,0.05051690006598719,23
KT-HQ,P149,5838,5580,0.04419321685508737,5818,5622,0.033688552767274005,6353,6121,0.03651818038721866,8005,7727,0.034728294815740135,7266,7008,0.035507844756399676,6882,6617,0.038506248183667546,5759,5508,0.043583955547838116,7032,6808,0.03185437997724683,6479,6237,0.0373514431239389,6192,5968,0.036175710594315236,8169,7847,0.0394173093401885,8114,7758,0.04387478432339165,,81907,78801,0.037921056808331355,107
KT-SN,P149,0,0,,0,0,,106,0,1,0,0,,0,0,,0,0,,0,0,,0,0,,0,0,,0,0,,0,0,,0,0,,,106,0,1,1
KT-HQ,P150,6113,6110,0.0004907574022574579,6445,6443,0.0003103180760278823,6026,6021,0.0008297378028543356,7121,7123,0,5763,5761,0.0003470414714558112,5247,5244,0.0005717552887364308,4733,4731,0.0004225649693639921,1924,4921,0,7384,4383,0.4064192849404117,4342,4338,0.0009212344541685846,4727,4726,0.00021155066638456343,5964,5960,0.0006706908115359234,,65789,65761,0.0004256030643420283,1
KT-SN,P150,6109,6108,0.00016369291209694659,6594,6591,0.00045495905368519995,6545,6540,0.0007639419404125158,6836,6829,0.0010239906377998986,6520,6513,0.0010736196319018898,5915,5908,0.0011834319526626835,6538,6530,0.0012236157846435836,5606,5600,0.001070281840884757,4135,4133,0.0004836759371221744,3265,3262,0.0009188361408881685,3314,3312,0.0006035003017501595,3346,3346,0,,64723,64672,0.0007879733634101882,1
KT-HQ,P151,240380,240360,8.320159747066125e-05,224400,224369,0.00013814616755791764,120870,120941,0,162430,162440,0,74460,74570,0,153590,153609,0,295910,295941,0,285260,285200,0.0002103344317464506,244169,244139,0.00012286572005459906,293871,293861,3.4028536330610315e-05,286900,286880,6.971070059258455e-05,263490,263490,0,,2645730,2645800,0,1
KT-SN,P151,5987,5690,0.049607482879572395,6570,6218,0.0535768645357686,6218,5894,0.0521067867481505,7294,6932,0.04962983273923771,7740,7359,0.04922480620155034,6971,6640,0.04748242719839335,6504,6204,0.04612546125461259,6616,6303,0.04730955259975811,7071,6732,0.04794229953330509,6151,5864,0.04665907982441875,6977,6656,0.04600831302852226,6411,6083,0.05116206520043676,,80510,76575,0.04887591603527508,92
KT-HQ,P152,4575,4619,0,4746,4791,0,4340,4380,0,4970,5013,0,4658,4701,0,4548,4589,0,4614,4657,0,4633,4678,0,4572,4617,0,4845,4891,0,5476,5530,0,4993,5040,0,,56970,57506,0,1
KT-SN,P152,28333,28005,0.011576606783609167,28247,27910,0.01193047049244167,34805,34390,0.011923574199109277,35533,35109,0.011932569723918651,34803,34406,0.01140706260954516,35201,34792,0.011618988096929073,31696,31317,0.01195734477536603,31976,31591,0.012040280210157572,31616,31236,0.012019230769230727,28125,27796,0.011697777777777807,30654,30290,0.01187446988973706,29130,28769,0.012392722279436996,,380119,375611,0.01185944401621597,85
KT-HQ,P153,958,972,0,1058,1072,0,1011,1025,0,1156,1172,0,1069,1084,0,1056,1070,0,975,987,0,986,1000,0,1011,1025,0,937,949,0,1036,1056,0,897,907,0,,12150,12319,0,1
KT-SN,P153,19193,19307,0,29572,29651,0,20753,20868,0,16023,16211,0,19992,20121,0,27278,27393,0,23311,23453,0,34158,34240,0,25599,25733,0,26756,26870,0,25477,25575,0,28511,28649,0,,296623,298071,0,1
KT-HQ,P154,632,631,0.0015822784810126667,725,727,0,604,605,0,570,569,0.0017543859649122862,753,756,0,740,744,0,619,619,0,595,596,0,628,631,0,621,622,0,786,791,0,1073,1077,0,,8346,8368,0,1
KT-SN,P154,57435,58263,0,61373,62244,0,88477,89595,0,109729,111204,0,92501,93783,0,72658,73729,0,72228,73320,0,72794,73872,0,66570,67574,0,68360,69308,0,65042,65408,0,71470,72946,0,,898637,911246,0,1
KT-HQ,P155,10762,10276,0.04515889239918236,7918,7585,0.04205607476635509,7601,7277,0.04262597026707016,10895,10450,0.04084442404772837,8506,8161,0.04055960498471667,7882,7562,0.04059883278355747,6708,6419,0.04308288610614197,8861,8490,0.04186886355941766,8215,7873,0.04163116250760801,9418,9007,0.04363983860692289,10313,9845,0.04537961795791723,11154,10526,0.05630267168728709,,108233,103471,0.043997671689780415,161
KT-SN,P155,35432,34875,0.01572025287875367,33643,33123,0.015456409951550065,38553,37863,0.017897439887946454,42647,41864,0.018360025324172913,50405,49432,0.01930364051185396,43936,43149,0.017912418062636548,43895,43156,0.016835630481831676,41442,40720,0.017421939095603522,41308,40551,0.018325748039120793,42636,41751,0.020757106670419412,47628,46581,0.021982867220962432,45764,44800,0.02106459225592172,,507289,497865,0.018577181843091428,110
KT-HQ,P156,16172,15004,0.07222359633935194,6139,5753,0.06287669001466034,4994,4715,0.0558670404485383,6982,6610,0.05327986250358063,6133,5806,0.05331811511495188,5563,5276,0.051590868236563,4606,4362,0.05297438124185849,6123,5808,0.05144536991670745,5392,5113,0.0517433234421365,6636,6289,0.052290536467751614,6758,6365,0.05815329979283812,12149,11248,0.07416248250884849,,87647,82349,0.06044702043424188,100
KT-SN,P156,10037,9765,0.027099730995317373,11147,10793,0.03175742352202382,11206,10847,0.03203640906657146,13327,12858,0.03519171606513094,14747,14199,0.0371601003593951,12916,12492,0.032827500774233465,10786,10475,0.02883367328017805,11519,11160,0.031165899817692466,12072,11693,0.031394963552021204,10922,10611,0.02847463834462549,12381,12052,0.026572974719327958,10427,10155,0.02608612256641407,,141487,137100,0.031006382211793304,57
KT-HQ,P157,4643,4472,0.03682963601119971,4270,4109,0.03770491803278686,4017,3877,0.03485187951207369,5657,5459,0.03500088386070355,4614,4453,0.03489380147377552,4412,4251,0.03649138712601996,3735,3601,0.03587684069611785,4898,4728,0.03470804409963246,4235,4085,0.0354191263282172,4499,4334,0.03667481662591687,4855,4676,0.0368692070030896,4794,4623,0.035669586983729684,,54629,52668,0.035896684910944776,72
KT-SN,P157,30376,29388,0.03252567816697394,31654,30623,0.03257092310608456,30187,29187,0.03312684268062416,34249,33149,0.032117726064994634,37057,35792,0.034136600372399295,33901,32847,0.031090528302999965,29636,28917,0.024261033877716276,30145,29188,0.031746558301542493,31708,30726,0.030970102182414583,29319,28409,0.03103789351614994,32756,31701,0.032207839785077574,28743,27810,0.032460077236196594,,379731,367737,0.03158551711606372,202
KT-HQ,P158,5427,5474,0,5582,5630,0,5347,5394,0,6610,6668,0,5782,5834,0,5869,5919,0,5871,5920,0,5548,5597,0,5981,6033,0,5775,5825,0,5664,5711,0,5451,5498,0,,68907,69503,0,1
KT-SN,P158,1967,1971,0,2198,2203,0,2485,2489,0,2676,2680,0,2416,2421,0,2227,2232,0,2497,2502,0,2172,2176,0,2093,2098,0,2387,2391,0,2283,2287,0,2663,2669,0,,28064,28119,0,1
KT-HQ,P159,6401,6456,0,7344,7427,0,6991,7087,0,8196,8324,0,7593,7704,0,7543,7641,0,7918,8022,0,7978,8079,0,8098,8190,0,8562,8664,0,8557,8628,0,8515,8595,0,,93696,94817,0,1
KT-SN,P159,1069,1065,0.003741814780168329,1118,1114,0.003577817531305927,1373,1366,0.0050983248361252675,1427,1414,0.009110021023125414,1195,1153,0.035146443514644354,1230,1269,0,1376,1366,0.007267441860465129,1330,1322,0.006015037593984918,1150,1144,0.00521739130434784,1367,1360,0.00512070226773953,1175,1168,0.005957446808510625,1185,1184,0.0008438818565400519,,14995,14925,0.004668222740913608,8
KT-HQ,P160,1623,1639,0,1839,1850,0,1758,1768,0,2202,2219,0,1952,1976,0,2004,2032,0,2192,2227,0,1964,2006,0,1920,1972,0,2000,2051,0,1904,1947,0,2024,2049,0,,23382,23736,0,1
KT-SN,P160,5033,4880,0.0303993641963044,5008,4847,0.03214856230031948,6008,5835,0.028794940079893472,6258,6059,0.03179929689996808,5367,5221,0.027203279299422345,4997,4863,0.02681608965379223,5005,4873,0.02637362637362639,4889,4741,0.03027203927183475,4463,4332,0.029352453506609866,5065,4923,0.028035538005922955,4813,4674,0.028880116351547858,5010,4837,0.03453093812375252,,61916,60085,0.0295723237935267,71
KT-HQ,P161,9712,9797,0,10911,11007,0,10807,10904,0,12997,13116,0,11503,11607,0,11051,11153,0,11636,11740,0,10986,11085,0,10569,10652,0,10684,10795,0,10999,11098,0,10729,10824,0,,132584,133778,0,1
KT-SN,P161,4352,4068,0.06525735294117652,4184,3921,0.0628585086042065,5486,5151,0.06106452788917249,6006,5620,0.06426906426906431,5358,5033,0.06065696155281819,4775,4481,0.0615706806282722,4834,4523,0.06433595366156397,4523,4236,0.06345346009285868,4171,3906,0.063533924718293,4877,4576,0.06171826942792702,4511,4222,0.06406561737973837,4815,4504,0.06458982346832809,,57892,54241,0.06306570856076832,72
KT-HQ,P162,1099,1076,0.020928116469517755,1098,1067,0.02823315118397085,1217,1179,0.03122432210353332,1624,1603,0.012931034482758674,1233,1203,0.024330900243308973,1182,1157,0.02115059221658211,1053,1078,0,1492,1410,0.05495978552278824,1363,1333,0.022010271460014663,1196,1170,0.021739130434782594,1248,1221,0.02163461538461542,1185,1156,0.024472573839662393,,14990,14653,0.02248165443629091,22
KT-SN,P162,3075,2891,0.05983739837398372,3088,2902,0.06023316062176165,3557,3348,0.058757379814450394,3866,3632,0.06052767718572172,3404,3207,0.05787309048178613,3135,2950,0.05901116427432218,3367,3168,0.05910305910305913,3351,3154,0.058788421366756216,2969,2787,0.061300101044122646,3409,3207,0.05925491346435907,3097,2909,0.060703907006780744,3553,3342,0.059386433999437105,,39871,37497,0.059542023024253266,47
KT-HQ,P163,6050,5819,0.038181818181818206,5887,5676,0.0358416850687957,6486,6209,0.042707369719395594,8323,8098,0.02703352156674277,6885,6657,0.03311546840958601,6557,6323,0.03568705200549027,5830,5641,0.0324185248713551,7464,7208,0.03429796355841375,7301,7023,0.038076975756745624,6389,6125,0.041321020503991224,6418,6224,0.030227485197880988,6204,5977,0.036589297227595075,,79794,76980,0.035265809459357866,89
KT-SN,P163,2102,2071,0.014747859181731715,2523,2473,0.019817677368212494,2635,2583,0.01973434535104368,2526,2477,0.01939825811559781,2922,2862,0.02053388090349073,2080,2053,0.012980769230769185,2326,2290,0.015477214101461745,2840,2794,0.016197183098591528,2385,2364,0.008805031446540879,2756,2701,0.019956458635703944,2671,2625,0.0172220142268813,3197,3124,0.022833906787613434,,30963,30417,0.017633950198624126,25
KT-HQ,P164,2028,1996,0.015779092702169595,2591,2542,0.018911617136240788,3170,3082,0.027760252365930604,4153,4024,0.03106188297616186,2875,2794,0.02817391304347827,3380,3345,0.010355029585798814,3174,3137,0.011657214870825494,2706,2646,0.022172949002217335,3047,2962,0.027896291434197584,3020,2941,0.026158940397351005,3115,3000,0.036918138041733495,3501,3432,0.019708654670094305,,36760,35901,0.023367791077257838,1
KT-SN,P164,7778,7478,0.038570326562098245,8555,8246,0.036119228521332536,9568,9262,0.03198160535117056,7841,7538,0.03864303022573656,7067,6889,0.025187491156077546,5855,5720,0.02305721605465416,5581,5439,0.02544346891238125,6450,6285,0.025581395348837188,5126,5033,0.018142801404604003,5909,5733,0.029785073616517166,5332,5183,0.027944486121530332,7364,7085,0.03788701792504079,,82426,79891,0.030754858903743965,69
KT-HQ,P165,12315,12025,0.02354851806739744,12509,12214,0.02358302022543768,13330,13041,0.021680420105026244,14897,14358,0.03618178156675844,18251,17347,0.049531532518766075,16536,15666,0.0526124818577649,14771,13957,0.05510798185634014,15837,14980,0.054113784176295976,16208,15320,0.05478775913129319,15424,14579,0.05478475103734437,15778,14910,0.05501330967169471,14161,13330,0.058682296447990945,,180017,171727,0.04605120627496295,124
KT-SN,P165,4846,4744,0.021048287247214192,5963,5824,0.02331041422102964,6415,6296,0.018550272798129375,5468,5352,0.02121433796634964,5277,5160,0.022171688459351913,4224,4133,0.021543560606060552,4310,4214,0.022273781902552248,5064,4963,0.01994470774091628,4376,4304,0.01645338208409508,4889,4766,0.02515851912456535,4322,4214,0.02498843128181394,5342,5215,0.023773867465368803,,60496,59185,0.021670854271356732,79
KT-HQ,P166,8642,8950,0,9791,10138,0,10148,10507,0,11878,12094,0,10759,11333,0,10274,10629,0,10461,10824,0,10728,11100,0,9998,10343,0,9945,10290,0,10378,10739,0,9934,10283,0,,122936,127230,0,1
KT-SN,P166,3601,3507,0.0261038600388781,4197,4078,0.028353585894686728,4642,4538,0.022404136148212017,4664,4540,0.02658662092624353,4632,4515,0.025259067357512932,3862,3765,0.02511651993785602,3832,3745,0.022703549060542838,4326,4217,0.02519648636153493,3740,3659,0.02165775401069514,4061,3944,0.028810637773947323,3399,3309,0.026478375992939118,3705,3612,0.025101214574898778,,48661,47429,0.02531801648137111,63
KT-HQ,P167,10127,10497,0,11338,11753,0,11657,12086,0,14534,15069,0,12953,13430,0,12365,12814,0,12561,13018,0,12011,12446,0,11398,11812,0,11863,12295,0,11844,12276,0,11796,12228,0,,144447,149724,0,1
KT-SN,P167,9256,8962,0.031763180639585165,10092,9753,0.033590963139120134,10976,10623,0.0321610787172012,10569,10238,0.031318005487747214,11108,10716,0.03528988116672671,9479,9198,0.02964447726553432,9463,9170,0.030962696819190505,10206,9870,0.03292181069958844,8639,8396,0.028128255585137207,10284,9927,0.034714119019836676,9570,9245,0.03396029258098221,10259,9873,0.03762549956136074,,119901,115971,0.03277704105887358,90
KT-HQ,P168,3904,3694,0.05379098360655743,3870,3660,0.054263565891472854,4208,4069,0.03303231939163498,5169,4903,0.051460630682917397,5199,5268,0,5728,5455,0.0476606145251397,4770,4530,0.05031446540880502,6045,5732,0.05177832919768399,5441,5143,0.05476934387061205,4800,4529,0.05645833333333339,13981,5427,0.611830341177312,15024,5101,0.6604765708200213,,78139,57511,0.26399109279617095,74
KT-SN,P168,1098,1081,0.015482695810564717,1234,1219,0.012155591572123203,1394,1369,0.01793400286944047,1471,1440,0.021074099252209377,1530,1505,0.016339869281045805,1285,1254,0.024124513618677068,1283,1260,0.017926734216679674,1395,1376,0.013620071684587787,1272,1258,0.011006289308176154,1479,1448,0.02096010818120353,1444,1415,0.020083102493074767,1404,1387,0.012108262108262102,,16289,16012,0.01700534102768736,13
KT-HQ,P169,0,0,,0,0,,0,0,,0,0,,0,0,,0,0,,0,0,,0,0,,0,0,,456,451,0.010964912280701733,1069,1060,0.008419083255378879,1093,1082,0.010064043915828047,,2618,2593,0.009549274255156615,1
KT-SN,P169,4913,4658,0.05190311418685123,4346,4069,0.06373676944316609,4162,3913,0.05982700624699666,4721,4434,0.06079220504130478,4312,4064,0.0575139146567718,3988,3771,0.05441323971915746,3466,3282,0.0530871321407963,3752,3552,0.05330490405117272,3430,3258,0.05014577259475217,3828,3627,0.05250783699059558,3412,3237,0.051289566236811246,4382,4117,0.060474669100867184,,48712,45982,0.056043685334209226,42
KT-HQ,P170,288891,289016,0,300998,301177,0,362802,362983,0,441038,441281,0,367390,367589,0,338365,338570,0,318023,318212,0,339560,339759,0,331430,331641,0,312707,312905,0,316186,316386,0,310076,310256,0,,4027466,4029775,0,1
KT-SN,P170,2671,2527,0.05391239236241108,2784,2626,0.05675287356321834,3278,3125,0.046674801708358804,4131,3941,0.045993706124425104,3278,3118,0.04881025015253204,3269,3120,0.04557968797797496,2790,2774,0.005734767025089571,3127,2975,0.048608890310201436,2553,2429,0.048570309439874615,3096,2944,0.04909560723514217,2728,2594,0.04912023460410553,3511,3339,0.04898889205354595,,37216,35512,0.045786758383491,49
KT-HQ,P171,28628,28550,0.0027246052815425026,30005,29927,0.002599566738876846,36201,36109,0.0025413662606005305,41989,41957,0.0007621043606659272,33173,33009,0.004943779579778762,31718,31637,0.0025537549656347025,28342,28268,0.0026109660574412663,30374,30296,0.002567985777309545,30620,30692,0,28960,28733,0.00783839779005524,29371,29430,0,29854,29633,0.0074026931064513635,,379235,378241,0.0026210660935831465,1
KT-SN,P171,2271,2118,0.06737120211360637,2353,2198,0.06587335316617082,2579,2409,0.06591702210158978,3000,2802,0.06599999999999995,2646,2468,0.06727135298563869,2733,2554,0.06549579216977686,2431,2268,0.06705059646236122,2786,2595,0.06855707106963393,2670,2488,0.06816479400749065,2746,3123,0,3074,2850,0.0728692257644763,3252,3008,0.07503075030750306,,32541,30881,0.05101256875941118,31
KT-HQ,P172,22450,22266,0.008195991091314081,24403,24205,0.008113756505347736,30546,30306,0.007857002553525838,35470,35195,0.00775303073019451,31854,31603,0.007879701136434991,30051,29811,0.007986423080762695,28489,28262,0.007967987644353913,31161,30915,0.00789448348897659,29835,29601,0.007843137254901933,29517,29287,0.007792119795372199,29120,29028,0.003159340659340648,28992,28628,0.012555187637969145,,351888,349107,0.00790308279907248,1
KT-SN,P172,1086,1026,0.05524861878453036,1334,1293,0.03073463268365817,1394,1339,0.039454806312768986,1777,1725,0.02926280247608326,2001,1934,0.03348325837081456,1854,1792,0.033441208198489725,1709,1656,0.031012287887653645,1719,1660,0.03432228039557883,1846,1780,0.03575297941495126,1623,1565,0.03573629081947016,2009,1942,0.03334992533598802,2125,2056,0.03247058823529414,,20477,19768,0.03462421253113246,45
KT-HQ,P173,23838,23821,0.0007131470760970426,22707,22687,0.0008807856608094022,25820,25803,0.0006584043377226845,31342,31318,0.0007657456448216804,26716,26696,0.0007486150621350829,26326,26304,0.0008356757578059648,24723,24704,0.0007685151478380448,26354,26332,0.0008347878879866322,26149,26130,0.0007266052239091048,24577,24559,0.0007323920738901979,24006,24113,0,23675,23543,0.0055755015839492605,,306233,306010,0.0007282036880414955,1
KT-SN,P173,10385,10176,0.020125180548868582,9922,9694,0.022979238056843432,10640,10414,0.021240601503759393,10495,10273,0.021152929966650746,12196,11951,0.020088553624139083,11914,11705,0.017542387107604474,11119,10930,0.016997931468657246,10444,10250,0.018575258521639215,9961,9792,0.016966168055416175,9020,8818,0.022394678492239417,9573,9355,0.022772380653922508,10421,10161,0.024949620957681606,,126090,123519,0.020390197477991867,51
KT-HQ,P174,9848,9843,0.0005077173030056947,10851,10846,0.0004607870242373524,12238,12234,0.00032685079261318695,15810,15804,0.0003795066413662118,13853,13846,0.000505305709954551,12945,13314,0,13209,12822,0.02929820576879405,14180,14170,0.0007052186177715081,13784,13829,0,12993,12928,0.005002693758177523,12915,12956,0,12700,12643,0.004488188976377927,,155326,155235,0.0005858645687135677,1
KT-SN,P174,3482,3443,0.01120045950603099,3699,3655,0.011895106785617782,3581,3546,0.009773806199385615,4040,4007,0.008168316831683176,4302,4261,0.009530450953045055,4256,4216,0.009398496240601517,3888,3847,0.010545267489711962,3698,3660,0.010275824770145991,3914,3869,0.011497189575881417,3862,3820,0.010875194199896465,4220,4174,0.010900473933649235,3777,3731,0.012178978024887432,,46719,46229,0.010488238190029753,69
KT-HQ,P175,12912,12915,0,13619,13619,0,15532,15531,6.438320885915338e-05,18336,18336,0,16079,16082,0,15880,15887,0,14796,14802,0,15875,15878,0,15891,15896,0,14968,15023,0,14494,14443,0.0035186973920242615,13947,13947,0,,182329,182359,0,1
KT-SN,P175,3161,3178,0,3282,3299,0,3611,3630,0,3716,3733,0,4004,4022,0,3510,3525,0,3665,3682,0,3893,3910,0,3234,3251,0,3236,3252,0,2664,2678,0,2875,2892,0,,40851,41052,0,1
KT-HQ,P176,262895,262917,0,272263,272285,0,350637,350660,0,438900,438929,0,353407,353435,0,319285,319300,0,299289,299324,0,312300,312329,0,308792,308819,0,290418,290444,0,283912,283942,0,272390,272412,0,,3764488,3764796,0,1
KT-SN,P176,1351,1307,0.032568467801628476,1379,1341,0.027556200145032683,1479,1441,0.025693035835023692,1796,1749,0.02616926503340755,2041,1986,0.026947574718275358,1954,1964,0,1876,1844,0.017057569296375252,1807,1763,0.02434975096845604,1932,1889,0.02225672877846796,1867,1823,0.023567220139260825,2104,2056,0.02281368821292773,1844,1805,0.021149674620390413,,21430,20968,0.02155856276248247,38
KT-HQ,P177,0,0,,0,0,,0,0,,0,0,,0,0,,0,0,,0,0,,0,0,,0,0,,0,0,,139,1098,0,1059,1034,0.023607176581680878,,1198,2132,0,21
KT-SN,P177,4645,4712,0,4527,4606,0,4725,4793,0,4490,4567,0,3343,3404,0,3109,3165,0,3376,3432,0,3655,3717,0,3336,3396,0,3310,3373,0,3087,3153,0,3825,3894,0,,45428,46212,0,1
KT-HQ,P178,8080,8070,0.0012376237623762387,30890,30890,0,70270,70280,0,99870,99870,0,83050,83030,0.00024081878386517097,79960,79950,0.0001250625312656517,81050,81060,0,86690,86670,0.00023070711731454363,65610,65630,0,73800,73790,0.0001355013550135009,108990,109000,0,77590,77570,0.0002577651759246846,,865850,865810,4.619737829880677e-05,1
KT-SN,P178,5720,5725,0,7605,7616,0,7682,7688,0,8337,8334,0.00035984166966529507,7557,7575,0,4965,4969,0,5148,5153,0,5386,5388,0,4789,4791,0,5582,5587,0,5578,5582,0,5785,5790,0,,74134,74198,0,1
KT-HQ,P179,5957,6035,0,6170,6247,0,6740,6823,0,8587,8696,0,7395,7483,0,7008,7085,0,6399,6475,0,7059,7143,0,6859,6935,0,6179,6290,0,6519,6598,0,6429,6485,0,,81301,82295,0,1
KT-SN,P179,314,318,0,349,349,0,242,246,0,259,264,0,344,341,0.008720930232558155,349,349,0,318,319,0,342,342,0,329,328,0.003039513677811523,355,355,0,347,347,0,311,311,0,,3859,3869,0,7
KT-HQ,P180,5919,5981,0,6211,6291,0,7116,7204,0,9104,9204,0,7533,7621,0,6900,6981,0,6580,6659,0,7127,7211,0,7794,7887,0,6877,6957,0,7032,7116,0,6433,6509,0,,84626,85621,0,1
KT-SN,P180,3797,3693,0.027390044772188538,4044,3915,0.03189910979228483,4017,3892,0.031117749564351538,4481,4356,0.027895559027002914,4861,4722,0.028594939312898582,4829,4698,0.02712776972458064,4444,4319,0.028127812781278183,4827,4693,0.02776051377667288,4368,4246,0.027930402930402942,4240,4120,0.028301886792452824,4498,4368,0.028901734104046284,4352,4221,0.030101102941176516,,52758,51243,0.028716024110087557,64
KT-HQ,P181,5329,5398,0,5487,5554,0,6107,6183,0,7489,7581,0,6513,6592,0,6091,6167,0,5741,5812,0,6231,6306,0,6016,6090,0,6007,6080,0,5804,5875,0,5456,5522,0,,72271,73160,0,1
KT-SN,P181,0,0,,0,0,,0,0,,0,0,,0,0,,0,0,,0,0,,0,0,,0,0,,0,0,,0,0,,0,0,,,0,0,,1
KT-HQ,P182,4905,4963,0,4801,4857,0,5821,5887,0,6717,6794,0,6352,6425,0,5851,5917,0,5325,5387,0,5389,5450,0,5400,5463,0,5206,824,0.8417210910487899,5283,9653,0,5043,5018,0.0049573666468372135,,66093,66638,0,1
KT-SN,P182,12297,11966,0.026917134260388664,12362,12037,0.0262902442970393,11205,10900,0.02721999107541273,12688,12332,0.028058007566204246,14849,14373,0.03205603070913865,13367,12971,0.029625196379142626,12950,12547,0.03111969111969115,13864,13300,0.04068090017311021,14328,13722,0.042294807370184206,12210,11831,0.031040131040131036,13792,13355,0.03168503480278417,10529,10225,0.028872637477443286,,154441,149559,0.03161077693099634,42
KT-HQ,P183,4728,4721,0.0014805414551607443,4479,4469,0.0022326412145567964,5164,5148,0.0030983733539891034,6193,6183,0.0016147263038914783,5533,5523,0.0018073377914332722,5551,5540,0.001981624932444581,6909,6888,0.003039513677811523,7141,7132,0.001260327685198126,7287,7260,0.003705228489090162,6940,6927,0.0018731988472622252,6560,6556,0.0006097560975609762,5842,5815,0.004621704895583667,,72327,72162,0.0022813057364469147,1
KT-SN,P183,3156,3078,0.024714828897338448,3285,3207,0.0237442922374429,3500,3406,0.0268571428571428,4217,4094,0.029167654730851367,4228,4101,0.03003784295175027,3888,3772,0.029835390946502005,3492,3370,0.034936998854524615,3086,2994,0.029812054439403712,3197,3089,0.033781670315921164,2725,2646,0.02899082568807343,3350,3254,0.028656716417910455,3247,3150,0.029873729596550658,,41371,40161,0.029247540547726714,16
KT-HQ,P184,13561,14090,0,13704,14236,0,15204,15790,0,17157,17817,0,16016,16630,0,14932,15506,0,14528,14844,0,15894,15908,0,15492,15506,0,14740,14755,0,15107,15139,0,14761,14767,0,,181096,184988,0,1
KT-SN,P184,17934,17143,0.04410616705698678,18479,17694,0.04248065371502785,18511,17676,0.04510831397547399,20900,19906,0.047559808612440246,22503,21435,0.047460338621517106,23811,22697,0.046785099323841894,22611,21512,0.04860466144796782,25303,24030,0.05031023989250283,22865,21662,0.05261316422479767,23020,21826,0.05186794092093827,25316,23917,0.05526149470690478,22741,21522,0.05360362341145952,,263994,251020,0.049145056327037695,180
KT-HQ,P185,15714,16346,0,16131,16776,0,18846,19599,0,22341,23227,0,19680,20461,0,18580,18650,0,17579,17623,0,19001,19049,0,18905,18955,0,18116,18168,0,17992,18046,0,17122,17178,0,,220007,224078,0,1
KT-SN,P185,5344,5230,0.021332335329341312,5792,5738,0.009323204419889541,6726,6625,0.015016354445435587,7156,7035,0.016908887646730042,7665,7529,0.017742987606001348,6861,6752,0.01588689695379686,6399,6294,0.016408813877168305,6809,6690,0.017476868850051397,5965,5872,0.015590947191953086,7004,6882,0.017418617932609903,5981,5860,0.020230730647048945,6140,6053,0.014169381107491885,,77842,76560,0.016469258241052387,32
KT-HQ,P186,6885,7164,0,6632,6900,0,7551,7855,0,8206,8544,0,7101,7373,0,7681,7696,0,8328,8326,0.00024015369836694056,6431,6431,0,5510,5511,0,5979,5979,0,7065,7084,0,6387,6376,0.0017222483168937153,,83756,85239,0,1
KT-SN,P186,3320,3288,0.009638554216867434,3944,3909,0.008874239350912805,6127,6078,0.007997388607801525,7389,7332,0.007714169711733665,8448,8384,0.007575757575757569,9295,9233,0.006670252824098943,8524,8466,0.006804317221961509,9697,9631,0.006806228730535269,11573,11500,0.006307785362481666,9772,9703,0.007060990585345928,11320,11249,0.006272084805653666,10456,10394,0.005929609793420054,,99865,99167,0.006989435738246619,48
KT-HQ,P187,3016,3133,0,2946,3062,0,3188,3312,0,3838,3986,0,3490,3626,0,3089,3209,0,2744,2850,0,3192,3315,0,3053,3169,0,2953,3067,0,2872,2986,0,3006,2808,0.06586826347305386,,37387,38523,0,1
KT-SN,P187,11875,11303,0.04816842105263153,12277,11730,0.044554858678830356,13245,12473,0.05828614571536428,15903,14833,0.06728290259699432,16547,15509,0.06273040430289478,17923,16754,0.0652234558946605,15816,14898,0.05804248861911987,17688,16622,0.06026684758028045,16625,15618,0.06057142857142861,16762,15767,0.05936045817921487,19212,18022,0.06194045388298974,17118,16238,0.05140787475172337,,190991,179767,0.05876716703928453,73
KT-HQ,P188,4004,4155,0,4288,4446,0,4212,4369,0,5161,5352,0,4802,4982,0,4801,4981,0,4697,4873,0,4686,4861,0,4605,4776,0,4165,4321,0,4304,4463,0,4326,4485,0,,54051,56064,0,1
KT-SN,P188,13696,13418,0.020297897196261627,11403,11188,0.018854687362974687,14027,13745,0.020104084978969095,14822,14529,0.019767912562407286,16163,15801,0.02239683227123679,16707,16303,0.02418148081642424,15270,14951,0.020890635232482024,15929,15529,0.02511143197940857,14839,14456,0.02581036457982344,14471,14123,0.024048096192384794,14470,14118,0.024326192121631007,13445,13137,0.022908144291558186,,175242,171298,0.022506020246288005,56
KT-HQ,P189,2609,2703,0,2799,2897,0,2663,2759,0,3254,3369,0,3187,3302,0,2862,2964,0,2839,2940,0,3169,3282,0,3090,3201,0,2874,2976,0,2898,3001,0,2856,2958,0,,35100,36352,0,1
KT-SN,P189,10308,10746,0,15879,16411,0,12175,12626,0,12697,13144,0,17576,18114,0,12677,13099,0,7670,8051,0,8930,9346,0,6703,7104,0,7747,8148,0,7657,8029,0,11230,11680,0,,131249,136498,0,1
KT-HQ,P190,4233,4391,0,4628,4800,0,4644,4817,0,5384,5587,0,4759,4973,0,4850,5117,0,4856,5121,0,4802,5031,0,4667,4849,0,4643,4818,0,4667,4843,0,4361,4525,0,,56494,58872,0,1
KT-SN,P190,3283,3224,0.017971367651538173,3034,2979,0.018127883981542525,3820,3755,0.017015706806282727,3831,3765,0.017227877838684402,4079,4013,0.016180436381466046,5059,4982,0.015220399288396913,6678,6578,0.014974543276430108,6737,6629,0.016030874276384166,7042,6928,0.016188582788980388,6653,6547,0.01593266195701193,6901,6788,0.01637443848717579,7512,7387,0.01664004259850904,,64629,63575,0.016308468334648496,25
KT-HQ,P191,4271,4427,0,4359,4520,0,4308,4468,0,5332,5533,0,4712,4895,0,4733,4910,0,4848,5030,0,4803,4985,0,5074,5271,0,4927,5112,0,4835,5015,0,4737,4814,0,,56939,58980,0,1
KT-SN,P191,338,333,0.014792899408283988,329,326,0.00911854103343468,362,359,0.008287292817679592,303,302,0.0033003300330033403,264,261,0.011363636363636354,276,275,0.0036231884057971175,232,229,0.012931034482758674,238,236,0.008403361344537785,244,241,0.012295081967213073,260,256,0.01538461538461533,224,222,0.008928571428571397,211,209,0.009478672985781977,,3281,3249,0.009753124047546469,4
KT-HQ,P192,14067,14907,0,16518,17411,0,13054,13810,0,15951,16799,0,11490,12262,0,19113,19996,0,22091,22975,0,21821,22824,0,17727,18600,0,14355,15246,0,20339,21239,0,22752,23647,0,,209278,219716,0,1
KT-SN,P192,1109,1078,0.027953110910730383,1164,1131,0.028350515463917536,1481,1442,0.026333558406482105,1466,1427,0.02660300136425653,1518,1479,0.025691699604743046,1387,1353,0.024513338139870222,1421,1384,0.026038001407459488,1467,1431,0.024539877300613466,1437,1396,0.028531663187195577,1290,1253,0.028682170542635665,1412,1379,0.02337110481586402,1460,1414,0.03150684931506853,,16612,16167,0.026787864194558142,29
KT-HQ,P193,7209,7476,0,7679,7973,0,7923,8221,0,9116,9450,0,7751,8034,0,8213,8514,0,8168,8470,0,7978,8275,0,8192,8498,0,8006,8308,0,7986,8289,0,8266,8576,0,,96487,100084,0,1
KT-SN,P193,2734,2651,0.03035844915874175,2594,2517,0.029683885890516626,2773,2690,0.02993148214929675,2239,2205,0.01518535060294779,2003,1969,0.016974538192710886,1534,1510,0.01564537157757495,1346,1325,0.015601783060921193,1514,1490,0.015852047556142668,1510,1485,0.01655629139072845,1446,1419,0.018672199170124526,1531,1508,0.015022860875244959,2391,2350,0.017147636971978297,,23615,23119,0.02100359940715646,24
KT-HQ,P194,2404,2407,0,2303,2307,0,2370,2372,0,3055,2827,0.07463175122749588,2177,2412,0,2335,2339,0,2623,2626,0,3002,3006,0,2612,2533,0.03024502297090348,2548,2626,0,2328,2330,0,2512,2512,0,,30269,30297,0,1
KT-SN,P194,4160,4035,0.030048076923076872,4294,4181,0.02631578947368418,4593,4451,0.030916612236011276,4356,4214,0.03259871441689621,4213,4073,0.033230477094706834,3563,3462,0.02834689868088691,3577,3477,0.027956388034665935,4408,4283,0.02835753176043554,3594,3500,0.026154702281580455,3952,3831,0.03061740890688258,3931,3812,0.030272195370134813,4207,4080,0.030187782267649177,,48848,47399,0.0296634457910252,16
KT-HQ,P195,8120,8070,0.006157635467980316,8951,8896,0.006144564853089007,8703,8648,0.006319659887395135,11242,11168,0.006582458637253152,8672,8728,0,8304,8143,0.01938824662813099,7752,7706,0.0059339525283798045,7611,7563,0.006306661411115466,7635,7586,0.006417812704649695,7398,7351,0.006353068396864003,7977,7926,0.0063933809702896305,9306,9251,0.005910165484633523,,101671,101036,0.006245635431932461,1
KT-SN,P195,1097,1081,0.01458523245214216,926,924,0.002159827213822907,966,960,0.006211180124223614,1194,1187,0.005862646566164198,1067,1098,0,886,906,0,907,921,0,1029,1020,0.008746355685131157,916,916,0,1047,1042,0.0047755491881565915,1039,1029,0.009624639076034613,1262,1251,0.008716323296354966,,12336,12335,8.106355382619945e-05,8
KT-HQ,P196,4276,4260,0.003741814780168329,4791,4790,0.00020872469213106815,5162,5161,0.00019372336303757898,6489,6493,0,5779,5766,0.0022495241391243814,5609,5610,0,5410,5412,0,5432,5429,0.0005522827687776122,5625,5630,0,5532,5528,0.000723065798987732,5596,5584,0.0021443888491780028,5288,5236,0.009833585476550666,,64989,64899,0.0013848497438028184,1
KT-SN,P196,3128,3027,0.032289002557544744,3249,3148,0.031086488150200098,3348,3258,0.026881720430107503,3035,2952,0.027347611202635957,3296,3192,0.03155339805825241,3015,2972,0.014262023217247122,2941,2877,0.02176130567834067,3364,3286,0.023186682520808577,2945,2886,0.020033955857385433,3382,3299,0.024541691306918967,3047,2977,0.022973416475221553,3333,3234,0.02970297029702973,,38083,37108,0.02560197463435132,24
KT-HQ,P197,125200,125220,0,137870,137900,0,126850,126880,0,146180,146210,0,109980,110010,0,99390,99420,0,108140,108160,0,106540,106570,0,168830,168870,0,166450,166480,0,225960,226010,0,258040,258110,0,,1779430,1779840,0,1
KT-SN,P197,6998,7694,0,6376,7055,0,3683,4307,0,2014,2596,0,2505,3190,0,2277,2842,0,3284,3946,0,2971,3611,0,2145,2715,0,2623,3220,0,2869,3430,0,2566,3143,0,,40311,47749,0,1
KT-HQ,P198,897779,898090,0,0,0,,0,0,,5511,5520,0,103840,103891,0,2691,2688,0.0011148272017836858,11661,11670,0,5149,5152,0,8988,8999,0,6103,6108,0,6189,6183,0.0009694619486184664,6089,6089,0,,1054000,1054390,0,1
KT-SN,P198,1159,1117,0.036238136324417636,1189,1149,0.033641715727502075,1521,1471,0.03287310979618674,1300,1459,0,1635,1393,0.1480122324159021,1624,1576,0.029556650246305383,1464,1424,0.02732240437158473,1630,1580,0.030674846625766916,1306,1263,0.032924961715160794,1512,1473,0.025793650793650813,1337,1293,0.03290949887808525,1546,1498,0.031047865459249646,,17223,16696,0.030598618126923327,39
KT-HQ,P199,24814,24809,0.00020149915370359928,22511,22789,0,29697,29130,0.019092837660369733,37991,39508,0,34137,34622,0,29883,30383,0,28360,28862,0,30470,31004,0,24333,24806,0,27158,27659,0,25330,25828,0,20893,21375,0,,335577,340775,0,1
KT-SN,P199,0,0,,0,0,,1068,1039,0.027153558052434468,937,924,0.0138740661686233,963,949,0.014537902388369717,914,904,0.01094091903719907,1384,1375,0.006502890173410436,1916,1903,0.006784968684759862,2413,2395,0.007459593866556147,9255,9268,0,15324,15343,0,20172,20211,0,,54346,54311,0.0006440216391270237,1
KT-HQ,P200,5781,5801,0,6488,6511,0,6643,6663,0,8692,8715,0,7287,7311,0,7148,7168,0,6748,6769,0,6842,6864,0,7217,7238,0,7036,7058,0,6939,6962,0,6793,6817,0,,83614,83877,0,1
KT-HQ,P201,5958,5719,0.040114132259147395,6669,6316,0.05293147398410558,6944,6500,0.06394009216589858,8677,8582,0.010948484499250899,7473,7490,0,7268,7307,0,7150,7077,0.010209790209790182,7375,7404,0,7149,7084,0.009092180724576848,6727,6672,0.008176007135424435,6879,6919,0,6588,6597,0,,84857,83667,0.014023592632310788,1
KT-SN,P201,0,0,,0,0,,0,0,,14397,18309,0,17810,17398,0.023133071308253816,13959,13685,0.01962891324593452,15023,14730,0.019503428076948714,15618,15285,0.021321552055320825,12686,12436,0.019706763361185597,14341,14041,0.02091904330241967,14051,13750,0.02142196284961928,16063,15669,0.024528419348814,,133948,135303,0,45
KT-HQ,P202,8620,8913,0,9969,10301,0,9579,9898,0,11915,12314,0,9674,9998,0,9662,9986,0,9801,10014,0,9533,9976,0,9494,9815,0,9665,10289,0,9438,9536,0,9145,9369,0,,116495,120409,0,1
KT-SN,P202,0,0,,0,0,,0,0,,0,0,,0,0,,0,0,,245,89,0.636734693877551,2483,2594,0,4794,4720,0.015435961618689986,7060,6954,0.01501416430594904,8449,8272,0.02094922476032668,7680,7516,0.021354166666666674,,30711,30145,0.01842987854514666,67
KT-HQ,P203,2173,2178,0,2158,2164,0,2206,2212,0,2473,2480,0,2213,2219,0,2236,2242,0,2292,2299,0,2427,2433,0,2181,2220,0,2313,2319,0,2374,2348,0.010951979780960408,2404,2412,0,,27450,27526,0,1
KT-SN,P203,744,743,0.0013440860215053752,711,709,0.002812939521800284,708,705,0.004237288135593209,812,810,0.0024630541871921707,805,802,0.003726708074534124,790,788,0.0025316455696202667,898,895,0.0033407572383074013,881,880,0.0011350737797957144,895,892,0.003351955307262622,982,977,0.005091649694501044,927,924,0.003236245954692518,994,989,0.005030181086519092,,10147,10114,0.003252192766334927,1
KT-HQ,P204,2934,2935,0,3067,3067,0,2919,2917,0.0006851661527920161,3730,3728,0.0005361930294905948,3171,3169,0.0006307158625039611,3121,3120,0.00032041012495998,3863,3862,0.00025886616619208436,4396,4395,0.00022747952684254447,4540,4540,0,4242,4304,0,4516,4455,0.013507528786536716,4454,4454,0,,44953,44946,0.00015571819455872937,1
KT-SN,P204,511,504,0.013698630136986356,473,469,0.008456659619450302,428,422,0.014018691588784993,167,164,0.017964071856287456,131,127,0.03053435114503822,62,58,0.06451612903225812,87,85,0.02298850574712641,790,783,0.008860759493670933,338,331,0.020710059171597628,253,247,0.02371541501976282,341,331,0.029325513196480912,268,262,0.02238805970149249,,3849,3783,0.017147310989867548,1
KT-HQ,P205,5032,5241,0,5748,5987,0,5586,5815,0,6311,6573,0,5448,5671,0,5260,5477,0,5115,5326,0,5113,5331,0,5048,5338,0,5150,5280,0,5100,5313,0,5311,5530,0,,64222,66882,0,1
KT-SN,P205,3341,3266,0.02244836875187073,4100,3847,0.061707317073170787,5824,5913,0,6830,6694,0.019912152269399686,6947,6820,0.018281272491723066,6990,6816,0.02489270386266096,6911,6737,0.025177253653595688,6984,6801,0.02620274914089349,7723,7520,0.026285122361776492,7124,6946,0.024985962942167372,7633,7440,0.025284946940914432,6842,6602,0.03507746273019585,,77249,75402,0.023909694623878597,82
KT-HQ,P206,1799,1764,0.01945525291828798,2043,2002,0.0200685266764562,2463,2410,0.021518473406414995,2540,2480,0.023622047244094446,2482,2420,0.02497985495568089,2211,2155,0.025327905924920846,2090,2035,0.02631578947368418,2825,2746,0.027964601769911557,2819,2757,0.021993614757006008,3051,2961,0.029498525073746285,2556,2473,0.03247261345852892,2446,2377,0.028209321340964877,,29325,28580,0.02540494458653031,1
KT-SN,P206,2010,1907,0.05124378109452732,2291,2148,0.06241815800960282,2307,2201,0.04594711746857394,2845,2730,0.040421792618629215,2963,2815,0.04994937563280455,2965,2840,0.042158516020236125,2726,2620,0.038884812912692635,2522,2435,0.03449643140364789,2878,2784,0.032661570535093776,2580,2496,0.032558139534883734,2942,2846,0.03263086335825971,2623,2527,0.03659931376286696,,31652,30349,0.04116643498041195,57
KT-HQ,P207,1162,1163,0,1132,1132,0,1360,1359,0.0007352941176470562,1541,1540,0.0006489292667098967,1469,1468,0.000680735194009574,1274,1274,0,1250,1249,0.0008000000000000229,1308,1307,0.000764525993883769,1272,1271,0.0007861635220125507,1190,1190,0,1269,1270,0,1390,1386,0.0028776978417266452,,15617,15609,0.0005122622782864905,1
KT-SN,P207,45960,45930,0.0006527415143603443,46830,46860,0,59080,59060,0.0003385240352065111,60250,60270,0,68860,68860,0,73940,73940,0,76540,76550,0,79820,79810,0.00012528188423954756,82390,82400,0,121880,121880,0,110610,110610,0,98120,98110,0.00010191602119857812,,924280,924280,0,1
KT-HQ,P208,3070,2979,0.029641693811074954,3202,3108,0.029356652092442204,4028,3909,0.029543197616683226,4676,4627,0.010479041916167664,3867,3659,0.05378846651150759,3711,3599,0.030180544327674474,3439,3344,0.027624309392265234,3367,3259,0.032076032076032046,3726,3628,0.02630166398282341,3905,3787,0.030217669654289403,3498,3384,0.032590051457976,3407,3297,0.03228646903434107,,43896,42580,0.02997995261527242,1
KT-SN,P208,0,0,,0,0,,0,0,,0,0,,0,0,,0,0,,292,258,0.11643835616438358,1277,1240,0.028974158183242005,1669,1572,0.05811863391252248,1609,1509,0.062150403977625834,2147,2061,0.040055891942245014,1864,1791,0.03916309012875541,,8858,8431,0.048205012418153115,39
KT-HQ,P209,11065,11152,0,10852,11604,0,12199,12668,0,13987,14525,0,12328,12802,0,11041,11466,0,10742,11155,0,11420,11857,0,9881,10258,0,10336,10730,0,10509,10912,0,10073,10457,0,,134433,139586,0,1
KT-SN,P209,2575,3372,0,3271,4106,0,4106,4858,0,3725,4484,0,5035,5875,0,4451,5177,0,5035,5780,0,4647,5448,0,3256,4071,0,3379,4188,0,3402,4149,0,3269,4056,0,,46151,55564,0,1
KT-HQ,P210,5492,5684,0,5521,5713,0,5915,6122,0,6749,6985,0,5776,5976,0,5700,5895,0,5339,5524,0,5801,5999,0,5329,5512,0,5529,5729,0,5590,5814,0,5551,5703,0,,68292,70656,0,1
KT-SN,P210,0,0,,0,0,,0,0,,0,0,,0,0,,0,0,,0,0,,4684,4628,0.011955593509820672,5634,5568,0.011714589989350377,6066,5994,0.011869436201780381,7893,7795,0.01241606486760416,8719,8613,0.012157357495125587,,32996,32598,0.012062068129470194,1
KT-HQ,P211,25967,25957,0.00038510417067816327,27371,27358,0.00047495524460194893,31559,31558,3.168668208752834e-05,35386,35385,2.8259763748428313e-05,32274,32272,6.196938712277333e-05,29655,29646,0.00030349013657060553,28815,28809,0.00020822488287353114,30565,30566,0,29149,29143,0.00020583896531611856,29526,29507,0.0006435006435006052,29542,29688,0,28690,28525,0.005751132798884617,,358499,358414,0.00023709968507579227,1
KT-SN,P211,0,0,,0,0,,0,0,,0,0,,0,0,,0,0,,0,0,,0,0,,0,0,,129,131,0,410,391,0.04634146341463419,581,559,0.03786574870912218,,1120,1081,0.03482142857142856,14
KT-HQ,P212,5994,6218,0,7080,7343,0,8146,8449,0,8840,9169,0,7831,8121,0,7477,7755,0,7583,7864,0,7688,7972,0,0,8201,0,4545,7991,0,7588,7917,0,6777,7068,0,,79549,94068,0,1
KT-SN,P212,4212,4169,0.010208926875593494,4272,4222,0.011704119850187267,2412,2353,0.024461028192371503,3747,3689,0.01547904990659199,1327,1260,0.05048982667671442,678,0,1,1744,2407,0,1137,1074,0.0554089709762533,134,60,0.5522388059701493,242,158,0.3471074380165289,711,639,0.10126582278481011,3306,3253,0.016031457955232864,,23922,23284,0.026670010868656502,1
KT-HQ,P213,5763,5982,0,6082,6320,0,6564,6816,0,7194,7472,0,6142,6377,0,5903,6129,0,5948,6096,0,6387,6710,0,4955,5120,0,5380,5612,0,6720,6975,0,5884,6109,0,,72922,75718,0,1
KT-SN,P213,0,0,,0,0,,0,0,,0,0,,0,0,,0,0,,0,0,,0,0,,0,0,,399,394,0.01253132832080206,791,781,0.012642225031605614,1967,1939,0.014234875444839812,,3157,3114,0.013620525815647766,16
KT-HQ,P214,5387,5589,0,5739,5956,0,6331,6566,0,7159,7430,0,6712,6965,0,6112,6344,0,5776,5992,0,5761,5978,0,5525,5732,0,5645,5859,0,5434,5640,0,5517,5725,0,,71098,73776,0,1
KT-SN,P214,1275,1274,0.0007843137254901489,1128,1127,0.0008865248226950229,1174,1173,0.0008517887563883608,1824,1823,0.0005482456140351033,1214,1214,0,1038,1038,0,1439,1437,0.001389854065323104,2727,2727,0,530,529,0.0018867924528301883,369,369,0,758,757,0.0013192612137202797,3696,3694,0.0005411255411255089,,17172,17162,0.0005823433496389141,1
KT-HQ,P215,5476,5689,0,6217,6459,0,7805,8112,0,7854,8162,0,6580,6838,0,5786,6014,0,5868,6098,0,6017,6253,0,5501,5715,0,5963,6196,0,5731,5956,0,5652,5872,0,,74450,77364,0,1
KT-SN,P215,0,0,,0,0,,0,0,,0,0,,0,0,,0,0,,0,0,,0,0,,0,0,,0,0,,0,0,,337,388,0,,337,388,0,18
KT-HQ,P216,3372,3371,0.00029655990510080166,3440,3446,0,4292,4304,0,4712,4727,0,4528,4526,0.0004416961130742081,4270,4269,0.00023419203747077066,4303,4302,0.0002323960027887928,4439,4437,0.0004505519261094326,4200,4201,0,4367,4364,0.0006869704602702198,4500,4499,0.00022222222222223476,4237,4236,0.00023601604909129215,,50660,50682,0,1
KT-SN,P216,0,0,,0,0,,0,0,,0,0,,0,0,,0,0,,0,0,,0,0,,0,0,,0,0,,0,0,,440,440,0,,440,440,0,16
KT-HQ,P217,6578,6600,0,7359,7382,0,7458,7478,0,9078,9102,0,7343,7365,0,6937,6959,0,6876,6899,0,6712,6734,0,6551,6570,0,6354,6374,0,6638,6661,0,6786,6808,0,,84670,84932,0,1
KT-SN,P217,0,0,,0,0,,0,0,,0,0,,0,0,,0,0,,0,0,,0,0,,0,0,,0,0,,0,0,,557,541,0.02872531418312385,,557,541,0.02872531418312385,22
KT-HQ,P218,10673,9818,0.08010868546800343,9205,9942,0,9412,9352,0.006374840628984302,11600,11523,0.006637931034482736,10961,10890,0.006477511175987605,10768,10708,0.005572065378900426,10427,10353,0.007096959815862669,10079,10022,0.005655322948705188,10410,10345,0.006243996157540788,9813,9772,0.004178131050647127,10187,10168,0.0018651222145872337,10230,10108,0.011925708699902282,,123765,123001,0.006172989132630424,1
KT-SN,P218,0,0,,0,0,,0,0,,0,0,,0,0,,0,0,,0,0,,0,0,,0,0,,0,0,,0,0,,0,0,,,0,0,,36
KT-HQ,P219,4455,4471,0,5243,5260,0,5069,5083,0,5984,6002,0,5033,5049,0,4831,4015,0.16890912854481477,4805,5610,0,4923,4940,0,4929,4938,0,5110,5134,0,5204,5222,0,5653,5674,0,,61239,61398,0,1
KT-SN,P219,0,0,,0,0,,0,0,,0,0,,0,0,,0,0,,0,0,,0,0,,0,0,,0,0,,0,0,,0,0,,,0,0,,17
KT-HQ,P220,3380,3330,0.014792899408283988,3587,3536,0.014218009478673022,3630,3583,0.01294765840220391,4483,4441,0.009368726299353147,3829,3792,0.00966309741446858,3870,1935,0.5,3934,5813,0,3824,3799,0.006537656903765732,3960,3936,0.0060606060606061,3563,3533,0.008419870895312931,3699,3661,0.01027304676939711,3913,3850,0.01610017889087656,,45672,45209,0.01013750218952536,1
KT-HQ,P221,1135,1142,0,1278,1285,0,1318,1323,0,1586,1593,0,1446,1453,0,1424,1431,0,1542,1548,0,1454,1461,0,1518,0,1,1416,2933,0,1498,1496,0.001335113484646211,1562,1560,0.001280409731113985,,17177,17225,0,1
KT-HQ,P222,3384,3394,0,3951,3961,0,3888,3899,0,4991,5002,0,4234,4246,0,4119,4131,0,3977,3989,0,3939,3951,0,4205,4215,0,3980,3990,0,3862,3872,0,3715,3727,0,,48245,48377,0,1
KT-HQ,P223,4450,4421,0.006516853932584277,4050,4055,0,3857,3561,0.0767435830956702,5014,5313,0,4087,4081,0.0014680694886224366,3509,3524,0,3476,3482,0,3570,3575,0,4048,4055,0,3630,3633,0,3897,3903,0,3796,3801,0,,47384,47404,0,1
KT-HQ,P224,3015,3021,0,3205,3213,0,3449,3458,0,4063,4072,0,3652,3661,0,3321,3329,0,3105,3111,0,2990,2997,0,2957,2964,0,2673,2679,0,3040,3048,0,2999,3006,0,,38469,38559,0,1
KT-HQ,P225,3479,3479,0,3782,3782,0,3916,3916,0,4730,4729,0.00021141649048628253,4186,4286,0,4391,4292,0.022546117057617887,4227,4228,0,4147,4148,0,4197,4197,0,4061,4062,0,4397,4398,0,4160,4161,0,,49673,49678,0,1
KT-HQ,P226,14761,14773,0,15731,15738,0,14587,14595,0,16933,16940,0,15169,15176,0,15341,15346,0,15323,15333,0,15413,15422,0,15694,15704,0,15278,15287,0,15224,15233,0,14845,14852,0,,184299,184399,0,1
KT-HQ,P227,7915,7938,0,8670,8688,0,8837,8848,0,10292,10302,0,9153,9171,0,9110,9120,0,8710,8694,0.0018369690011481588,8326,8364,0,8914,8923,0,8809,9121,0,9212,8927,0.030937907077724702,9036,9051,0,,106984,107147,0,1
KT-HQ,P228,8680,8679,0.00011520737327186392,8869,8871,0,7761,7764,0,9438,9441,0,8791,8795,0,8764,8769,0,8929,8933,0,7950,7954,0,6596,6599,0,6873,6876,0,8088,8092,0,8172,8175,0,,98911,98948,0,1
KT-HQ,P229,5988,5993,0,7093,6892,0.02833779782884538,6943,6754,0.02722166210571797,8331,8099,0.02784779738326737,6823,6638,0.02711417265132643,5348,5216,0.024682124158563967,4273,4162,0.025977065293704693,5536,5394,0.02565028901734101,4623,4511,0.024226692623837365,4489,4370,0.02650924482067274,5382,5242,0.026012634708286853,5009,4876,0.02655220602914754,,69838,68147,0.024213179071565616,42
KT-HQ,P230,2128,2106,0.010338345864661647,2539,2511,0.011027963765261939,2333,2306,0.01157308186883843,2472,2440,0.012944983818770184,2130,2102,0.013145539906103232,1945,1925,0.010282776349614386,2330,2275,0.023605150214592308,4028,3912,0.028798411122144985,3315,3217,0.029562594268476627,2771,2701,0.025261638397690356,2582,2544,0.014717273431448463,2572,2526,0.017884914463452528,,31145,30565,0.018622571841387048,24
KT-HQ,P231,4361,4367,0,5285,5291,0,5922,5927,0,5317,5324,0,1473,1475,0,2156,2157,0,3393,3400,0,3142,3143,0,2530,2533,0,2858,2862,0,813,814,0,4783,4788,0,,42033,42081,0,1
KT-HQ,P232,1315,1318,0,1540,1542,0,1437,1439,0,1676,1679,0,1436,1438,0,1384,1385,0,1314,1316,0,1406,1408,0,1312,1314,0,1279,1282,0,1367,1369,0,1304,1306,0,,16770,16796,0,1
KT-HQ,P233,2063,2064,0,2128,2128,0,2330,2330,0,2592,2592,0,2161,2161,0,2179,2180,0,2093,2094,0,2351,2351,0,2376,2377,0,2277,2277,0,2014,2014,0,2153,2154,0,,26717,26722,0,1
KT-HQ,P234,14500,14354,0.010068965517241346,16781,16347,0.025862582682796065,16823,16390,0.025738572192831266,19822,19331,0.024770457067904372,17963,17531,0.024049434949618642,18010,17541,0.02604108828428653,14862,14459,0.0271161351096757,19251,18747,0.026180458158017728,17017,16577,0.025856496444731758,16126,15712,0.025672826491380363,19406,18862,0.028032567247243123,16524,16062,0.027959331880900495,,207085,201913,0.02497525170823578,197
KT-HQ,P235,991,988,0.003027245206861706,1169,1173,0,1113,1109,0.003593890386343168,1452,1452,0,1278,1272,0.0046948356807511304,1291,1282,0.006971340046475594,1386,1377,0.00649350649350644,1260,1251,0.0071428571428571175,1218,1211,0.005747126436781658,1279,1271,0.006254886630179812,1267,1259,0.006314127861089203,1005,999,0.005970149253731294,,14709,14644,0.0044190631586104034,1
KT-HQ,P236,4886,4878,0.0016373311502251298,5608,5600,0.0014265335235378318,5599,5592,0.0012502232541525826,6611,6602,0.001361367417939796,6312,6281,0.004911280101394189,6240,6201,0.006249999999999978,6167,6129,0.006161829090319482,6387,6348,0.006106153123532132,5859,5852,0.0011947431302270495,6124,6096,0.004572175048987548,5820,5746,0.01271477663230236,5763,5728,0.006073225750477196,,71376,71053,0.004525330643353476,1
KT-HQ,P237,9707,9707,0,11077,11080,0,10848,10848,0,13425,13430,0,11708,11643,0.005551759480696972,11011,10930,0.007356280083552824,11272,11191,0.007185947480482624,11710,11625,0.0072587532023911105,11048,11017,0.0028059377262853458,10938,10811,0.011610897787529662,10765,10689,0.007059916395726895,10280,10208,0.007003891050583633,,133789,133179,0.00455941818834138,1
KT-HQ,P238,2821,2826,0,3542,3549,0,2982,2988,0,3663,3669,0,3163,3147,0.005058488776478076,3130,3113,0.005431309904153303,3324,3307,0.005114320096269553,3279,3261,0.0054894784995425105,3095,3079,0.00516962843295643,3021,3005,0.005296259516716306,2708,2695,0.004800590841949726,3082,3066,0.005191434133679396,,37810,37705,0.0027770431102882576,1
KT-HQ,P239,5466,5467,0,5472,5473,0,5852,5854,0,6417,6419,0,6854,6855,0,6793,6795,0,7005,7007,0,7371,7373,0,6223,6224,0,6229,6232,0,6058,6055,0.0004952129415648487,5836,5841,0,,75576,75595,0,1
KT-HQ,P240,6713,6502,0.03143155072247872,7382,7176,0.02790571660796537,8842,8531,0.035173037774259175,9366,9199,0.01783045056587662,7948,7723,0.02830900855561147,7530,7314,0.028685258964143423,7298,7089,0.02863798300904352,7901,7684,0.027464877863561554,8470,8229,0.028453364817001225,8049,7836,0.026462914647782387,7200,6987,0.029583333333333295,7562,7347,0.028431631843427674,,94261,91617,0.028049776683888306,109
KT-HQ,P241,6936,6683,0.03647635524798154,7845,7596,0.031739961759082225,9498,9171,0.03442830069488312,9726,9386,0.034957844951675865,7429,7195,0.031498182797146335,6554,6335,0.03341470857491613,6279,6073,0.03280777193820672,5779,5605,0.0301090154005883,6042,5846,0.03243958953988746,6041,5848,0.03194835292170173,6645,6430,0.03235515425131674,8502,8245,0.030228181604328386,,87276,84413,0.03280397818415137,114
KT-HQ,P242,6674,6399,0.041204674857656554,6997,6705,0.041732170930398715,8414,7790,0.07416211076776802,8775,8070,0.08034188034188039,0,6774,0,4100,6758,0,6758,6454,0.04498372299496889,6507,6126,0.058552328261871844,6565,6181,0.05849200304645852,6563,6164,0.060795367971964054,7255,7243,0.0016540317022742945,9890,9399,0.04964610717896867,,78498,84063,0,84
KT-HQ,P243,2902,2773,0.044452101998621596,2915,2792,0.042195540308747836,3156,3023,0.042141951837769365,3021,2903,0.0390599139357829,2497,2397,0.04004805766920305,2370,2268,0.04303797468354431,2261,2170,0.04024767801857587,2505,2395,0.043912175648702645,2456,2306,0.06107491856677527,2334,2278,0.023993144815766976,2227,2143,0.03771890435563541,2230,2125,0.047085201793722,,30874,29573,0.042139016648312544,46
KT-HQ,P244,2880,2747,0.04618055555555556,3002,2866,0.04530313124583607,3206,3090,0.03618215845290085,3306,3179,0.038415003024803385,2707,2600,0.039527151828592566,2573,2460,0.043917605907500934,2671,2557,0.0426806439535754,2834,2719,0.04057868736767822,2709,2590,0.043927648578811374,2733,2616,0.04281009879253572,2983,2854,0.043245055313442804,3253,3108,0.04457423916384873,,34857,33386,0.04220099262701893,49
KT-HQ,P245,4868,4647,0.045398520953163546,5028,4789,0.04753381066030227,5353,5021,0.06202129646926957,5798,5576,0.038289065194894834,4250,4067,0.043058823529411816,4075,3907,0.0412269938650307,4211,4033,0.04227024459748274,4844,4431,0.08526011560693647,4467,4384,0.018580702932616933,4507,4328,0.039715997337474995,4337,4156,0.041733917454461644,4381,4203,0.040629993152248356,,56119,53542,0.045920276555177386,49
KT-HQ,P246,3729,3589,0.0375435773665862,4055,3905,0.036991368680641235,4505,4289,0.04794672586015536,4606,4486,0.026052974381241878,3708,3573,0.036407766990291246,3824,3677,0.038441422594142294,3699,3562,0.03703703703703709,4125,3972,0.03709090909090906,4200,4048,0.03619047619047622,4088,3938,0.03669275929549898,3892,3749,0.036742034943473834,4086,3935,0.0369554576603035,,48517,46723,0.03697672980604738,79
KT-HQ,P247,217630,217790,0,111450,111460,0,159390,159370,0.0001254783863479103,164040,163970,0.00042672518897834966,142740,142660,0.0005604595768530229,121620,121430,0.0015622430521295971,110650,110470,0.0016267510167193855,122659,122490,0.0013778035040233894,133280,133110,0.0012755102040816757,163320,163240,0.0004898359049718692,181911,181750,0.0008850481829025814,205689,205770,0,,1834379,1833510,0.00047372980174764656,1
KT-HQ,P248,8279,8319,0,9345,9389,0,9486,9533,0,11579,11636,0,10328,10382,0,10168,10219,0,9635,9686,0,9716,9768,0,9631,9675,0,8712,8752,0,8327,8521,0,8843,8727,0.01311772023069091,,114049,114607,0,1
KT-HQ,P249,6419,6425,0,7226,7225,0.00013838915029062981,7408,7405,0.0004049676025917881,9141,9137,0.00043758888524236816,7899,7897,0.00025319660716549564,7802,7798,0.0005126890540887441,8362,8362,0,8680,8681,0,8278,8283,0,7608,7610,0,7637,7705,0,7694,7626,0.008838055627761854,,94154,94154,0,1
KT-HQ,P250,8500,12297,0,13210,13486,0,13065,13098,0,16545,16586,0,14944,14983,0,14674,14711,0,15317,15358,0,15357,15399,0,16238,16281,0,14780,14818,0,13772,13810,0,13451,13486,0,,169853,174313,0,1
KT-HQ,P251,1975,1946,0.01468354430379748,1843,1813,0.016277807921866505,1853,1826,0.014570966001079322,2032,2005,0.013287401574803126,1675,1651,0.014328358208955172,1642,1616,0.015834348355663774,1505,1479,0.017275747508305628,1930,1901,0.015025906735751327,1762,1738,0.01362088535754824,1630,1601,0.017791411042944794,1524,1490,0.022309711286089273,1645,1625,0.012158054711246202,,21016,20691,0.015464408070041902,24
KT-HQ,P252,716,703,0.018156424581005637,666,658,0.012012012012011963,687,678,0.013100436681222738,848,835,0.015330188679245293,690,680,0.01449275362318836,689,678,0.01596516690856309,624,613,0.017628205128205177,863,849,0.016222479721900385,841,828,0.015457788347205681,738,727,0.01490514905149054,752,740,0.015957446808510634,753,734,0.025232403718459473,,8867,8723,0.016239990977782837,13
KT-HQ,P253,4652,4665,0,4683,4695,0,4455,4467,0,5648,5661,0,5525,5540,0,5545,5561,0,5405,5420,0,5505,5521,0,5481,5496,0,5456,5472,0,5355,5370,0,5222,5236,0,,62932,63104,0,1
KT-HQ,P254,7396,7376,0.0027041644131963194,8084,8062,0.00272142503711037,8411,8386,0.0029722981809534588,9651,9629,0.0022795565226401138,9261,9150,0.011985746679624265,8796,8906,0,8721,8732,0,9003,9010,0,8386,8410,0,8317,8343,0,8277,8353,0,8033,8009,0.0029876758371716328,,102336,102366,0,1
KT-HQ,P255,11447,11474,0,12524,12554,0,12677,12707,0,15616,15679,0,14560,14600,0,15578,15616,0,14878,14915,0,15302,15346,0,14733,15047,0,14217,14254,0,14341,14378,0,13355,13394,0,,169228,169964,0,1
KT-HQ,P256,3290,3296,0,3583,3589,0,3839,3846,0,4545,4559,0,3784,3793,0,3639,3646,0,3647,3656,0,3644,3652,0,3635,3665,0,3564,3563,0.0002805836139169182,3661,3673,0,3722,3711,0.0029554003224072645,,44553,44649,0,1
KT-HQ,P257,4772,4778,0,5317,5321,0,5769,5776,0,6806,6822,0,6573,6582,0,6720,6727,0,6488,6496,0,6677,6687,0,6354,6364,0,6265,6272,0,6121,6127,0,5834,5841,0,,73696,73793,0,1
KT-HQ,P258,1269,1285,0,1461,1480,0,1592,1612,0,1691,1713,0,1806,1831,0,1683,1705,0,1978,2004,0,1753,1780,0,1826,1852,0,1742,1768,0,1732,1759,0,1763,1788,0,,20296,20577,0,1
KT-HQ,P259,5302,5304,0,5629,5631,0,5372,5374,0,6070,6073,0,5750,5754,0,5710,5714,0,6057,6062,0,5800,5804,0,5789,5794,0,5787,5790,0,5739,5744,0,5166,5170,0,,68171,68214,0,1
KT-HQ,P260,1018,1016,0.0019646365422396617,1095,1097,0,941,941,0,1128,1126,0.0017730496453900457,1022,1022,0,966,966,0,988,989,0,983,986,0,442,1015,0,937,962,0,1029,1038,0,1094,1095,0,,11643,12253,0,1
KT-HQ,P261,2614,2683,0,2952,3028,0,3275,3360,0,4076,4183,0,3650,3744,0,3443,3532,0,3518,3609,0,3603,3696,0,3519,3610,0,3327,3412,0,3200,3282,0,3119,3200,0,,40296,41339,0,1
KT-HQ,P262,994,967,0.02716297786720323,1035,1005,0.02898550724637683,1156,1133,0.019896193771626325,1373,1344,0.02112163146394752,1152,1123,0.02517361111111116,1047,1019,0.026743075453677156,990,964,0.02626262626262621,1253,1220,0.026336791699920203,1206,1176,0.02487562189054726,1107,1077,0.027100271002710064,0,1236,0,718,1254,0,,12031,13518,0,23
KT-HQ,P263,1795,1750,0.02506963788300831,1633,1590,0.026331904470300094,1723,1700,0.013348810214741769,2216,2178,0.017148014440433235,1972,1934,0.01926977687626774,1725,1689,0.02086956521739125,1511,1476,0.023163467902051593,1910,1871,0.02041884816753925,1902,1746,0.082018927444795,1663,1768,0,1791,1746,0.025125628140703515,1780,1742,0.02134831460674158,,21621,21190,0.019934323111789443,32
KT-HQ,P264,1613,1618,0,1777,1787,0,1876,1886,0,1978,1988,0,1491,1491,0,1286,1287,0,1183,1184,0,1318,1319,0,1194,1195,0,1418,1419,0,1285,1286,0,1344,1346,0,,17763,17806,0,1
KT-HQ,P265,9709,9680,0.0029869193531775196,10959,10952,0.000638744410986436,10144,10131,0.0012815457413248854,11594,11583,0.000948766603415585,11088,11029,0.005321067821067782,10837,10770,0.0061825228384239095,11154,11085,0.006186121570736947,11008,10940,0.0061773255813953876,10666,10601,0.0060941308831802266,10736,10672,0.005961251862891204,11179,11114,0.00581447356650866,10741,10681,0.005586072060329572,,129815,129238,0.0044447868120016665,1
KT-HQ,P266,1779,1774,0.0028105677346823565,2001,2000,0.0004997501249375258,1982,1979,0.0015136226034309086,2307,2307,0,2132,2123,0.004221388367729784,2041,2032,0.00440960313571781,2018,2008,0.0049554013875123815,2168,2158,0.004612546125461248,2264,2253,0.004858657243816289,2529,2515,0.005535784895215445,2280,2269,0.004824561403508731,2113,2102,0.005205868433506899,,25614,25520,0.0036698680409150697,1
KT-HQ,P267,1086,1093,0,1163,1171,0,1073,1081,0,1216,1224,0,1166,1174,0,1105,1113,0,1079,318,0.7052826691380909,1117,1872,0,1016,1010,0.0059055118110236116,1127,1121,0.0053238686779059075,1207,1210,0,1233,1216,0.013787510137875048,,13588,13603,0,1
KT-HQ,P268,40595,40307,0.007094469762286004,40831,40549,0.0069065171070999964,40282,40014,0.006653095675487775,44848,44537,0.006934534427399219,47182,46859,0.006845831037259997,49031,48694,0.006873202667699974,55625,55236,0.006993258426966298,56940,56547,0.006902002107481597,49610,49262,0.007014714775246955,43695,43399,0.0067742304611511095,49555,49207,0.007022500252244934,45956,45635,0.006984942118548165,,564150,560246,0.006920145351413609,1
KT-HQ,P269,0,0,,0,0,,0,0,,0,0,,0,0,,0,0,,254,254,0,3309,3308,0.0003022061045633295,9274,9277,0,9641,9642,0,10091,10092,0,10150,10153,0,,42719,42726,0,1
KT-HQ,P270,4451,4608,0,4624,4789,0,4772,4946,0,5743,5952,0,5547,5749,0,5476,5672,0,5558,5758,0,5382,5575,0,5175,5359,0,5172,5356,0,5172,5359,0,5082,5265,0,,62154,64388,0,1
KT-HQ,P271,17113,17624,0,15290,15749,0,11635,11982,0,13470,13873,0,12060,12420,0,12106,12466,0,11966,12319,0,11872,12223,0,11340,11674,0,11201,11532,0,12065,12422,0,12182,12542,0,,152300,156826,0,1
KT-HQ,P272,0,0,,6270,6270,0,1620,1630,0,0,0,,11250,11240,0.000888888888888939,0,0,,0,0,,0,0,,3240,3240,0,5150,5150,0,0,0,,0,0,,,27530,27530,0,1
KT-HQ,P273,21450,21462,0,23364,23377,0,23907,23916,0,28767,28774,0,27558,27562,0,27227,27238,0,27032,27040,0,26476,26464,0.00045324067079621777,25119,25099,0.0007962100402085781,24427,18518,0.2419044499938593,24158,30051,0,24050,24069,0,,303535,303570,0,1
KT-HQ,P274,14313,14843,0,15502,16076,0,17275,17928,0,19524,20284,0,19740,20474,0,17867,18529,0,19147,19124,0.001201232569070898,18116,18095,0.0011591962905718178,16203,16181,0.0013577732518669228,16454,16430,0.0014586118876869225,17409,17380,0.0016658050433683291,17303,17276,0.0015604230480263936,,208853,212620,0,1
KT-HQ,P275,890,993,0,900,933,0,763,759,0.005242463958060273,890,885,0.005617977528089901,734,729,0.006811989100817484,716,709,0.009776536312849138,681,673,0.011747430249632873,993,987,0.0060422960725075026,856,847,0.010514018691588745,748,743,0.006684491978609652,900,893,0.007777777777777772,879,871,0.009101251422070522,,9950,10022,0,10
KT-HQ,P276,2220,2172,0.021621621621621623,2143,2090,0.02473168455436303,2215,2164,0.023024830699774235,2464,2415,0.019886363636363646,1979,1934,0.022738756947953465,1854,1811,0.023193096008629954,1522,1483,0.02562417871222078,1811,1772,0.021535063500828233,1954,1910,0.022517911975434957,1632,1596,0.022058823529411797,1725,1685,0.023188405797101463,1657,1620,0.022329511164755567,,23176,22652,0.022609596133931653,19
KT-HQ,P277,2395,2335,0.025052192066805867,2224,2167,0.025629496402877705,2304,2250,0.0234375,3129,3062,0.02141259188239053,2366,2314,0.02197802197802201,2201,2154,0.021353930031803747,1883,1829,0.028677642060541686,2590,2532,0.02239382239382237,2579,2520,0.02287708414113998,2182,2132,0.022914757103574712,2321,2262,0.025420077552778975,2237,2193,0.019669199821189087,,28411,27750,0.023265636549223867,50
KT-HQ,P278,988,970,0.018218623481781382,1149,1128,0.018276762402088753,1385,1362,0.016606498194945862,1575,1544,0.019682539682539635,1167,1151,0.013710368466152478,1052,1040,0.011406844106463865,950,938,0.012631578947368438,1245,1052,0.15502008032128511,965,1123,0,1196,1181,0.012541806020066937,1320,1294,0.019696969696969657,1088,1074,0.012867647058823484,,14080,13857,0.01583806818181821,18
KT-HQ,P279,116026,116225,0,158425,158619,0,191075,191211,0,241017,241170,0,208600,208685,0,169653,169828,0,164404,164586,0,169342,169523,0,140616,140781,0,151768,151995,0,146656,146892,0,136232,136496,0,,1993814,1996011,0,1
KT-HQ,P280,14829,14381,0.03021107289770042,16344,15780,0.03450807635829667,20865,20123,0.03556194584231964,21648,20840,0.03732446415373247,22803,22003,0.03508310310046925,22564,21696,0.03846835667434856,18827,18183,0.034206193233122684,21646,20860,0.03631155871754599,16890,15656,0.073060982830077,12827,13336,0,13407,13389,0.0013425822331617487,11269,11020,0.02209601561806729,,213919,207267,0.03109588208621017,97
KT-HQ,P281,1929,1861,0.035251425609123865,1701,1646,0.03233392122281009,1733,1683,0.028851702250432765,2325,2254,0.030537634408602132,1955,1899,0.028644501278772383,1823,1700,0.0674712013165113,1616,1644,0,2264,2189,0.033127208480565384,2244,2147,0.04322638146167557,1974,1895,0.0400202634245187,2219,2142,0.034700315457413256,2164,2077,0.04020332717190389,,23947,23137,0.03382469620411743,41
KT-HQ,P282,3984,3847,0.034387550200803196,4446,4294,0.03418803418803418,4522,4367,0.0342768686421937,5511,5322,0.03429504627109414,5201,5008,0.03710824841376659,4941,4751,0.03845375430074882,5026,4835,0.038002387584560315,4873,4689,0.03775908064847122,4680,4504,0.037606837606837584,4928,4742,0.03774350649350644,4934,4748,0.037697608431293106,5084,4891,0.03796223446105429,,58130,55998,0.03667641493204887,1
KT-HQ,P283,3573,3446,0.035544360481388204,3956,3812,0.03640040444893833,3844,3701,0.03720083246618111,4267,4113,0.036090930396062815,3961,3810,0.03812168644281744,3986,3825,0.04039136979427993,4201,4033,0.03999047845751014,4011,3851,0.039890301670406414,4188,4021,0.03987583572110798,4195,4030,0.03933253873659115,4371,4197,0.03980782429649965,4511,4332,0.03968078031478606,,49064,47171,0.03858225990542963,1
KT-HQ,P284,4499,4348,0.03356301400311179,5218,5042,0.03372939823687238,5480,5294,0.03394160583941608,6162,5953,0.03391755923401496,5605,5385,0.039250669045495123,5439,5225,0.039345467916896526,5944,5709,0.03953566621803495,5718,5490,0.039874081846799525,5705,5478,0.039789658194566146,5541,5321,0.039704024544306105,5321,5129,0.03608344296184929,5421,5194,0.041874192953329614,,66053,63568,0.037621304104279885,1
KT-HQ,P285,3482,3502,0,3913,3935,0,3689,3710,0,4214,4224,0,3731,3744,0,3624,3630,0,3585,3591,0,3663,3670,0,3760,3787,0,3897,3883,0.0035925070567103257,4037,4073,0,3778,3754,0.0063525674960296374,,45373,45503,0,1
KT-HQ,P286,2761,2677,0.03042375950742482,3010,2918,0.030564784053156102,2798,2714,0.030021443888491817,3232,3135,0.03001237623762376,2891,2805,0.029747492217225835,2587,2512,0.02899110939311944,2443,2431,0.004911993450675389,2517,2385,0.05244338498212153,2401,2324,0.03206997084548102,2482,2415,0.02699435938759065,3202,3107,0.029668956901936272,2593,2517,0.029309679907443154,,32917,31940,0.029680712094054762,1
KT-HQ,P287,3139,3041,0.031220133800573424,3325,3224,0.030375939849624056,2963,2872,0.030712116098548736,3718,3605,0.03039268423883812,3382,3280,0.030159668835008868,3329,3228,0.03033944127365573,3313,3212,0.030485964382734654,3351,3250,0.030140256639809015,3475,3370,0.030215827338129442,3403,3301,0.029973552747575627,3422,3318,0.03039158386908236,3240,3141,0.030555555555555558,,40060,38842,0.03040439340988521,1
KT-HQ,P288,4002,3875,0.03173413293353322,4487,4345,0.031646980164920846,4461,4319,0.03183142793095717,5452,5279,0.03173147468818782,4781,4629,0.03179251202677269,4281,4146,0.03153468815697269,4288,4155,0.03101679104477617,4301,4167,0.031155545222041336,4247,4119,0.03013892159171183,4194,4062,0.03147353361945637,4128,4000,0.03100775193798455,4031,3905,0.031257752418754614,,52653,51001,0.031375230281275535,1
KT-HQ,P289,3159,3061,0.03102247546691994,3357,3253,0.03098004170390234,3207,3108,0.030869971936389184,3977,3854,0.030927835051546393,3739,3624,0.030756886868146593,3782,3666,0.03067160232681121,4020,3896,0.030845771144278555,4105,3980,0.030450669914738104,4211,4081,0.03087152695321771,4132,0,1,4049,8103,0,3730,3585,0.03887399463806973,,45468,44211,0.027645816838215875,1
KT-HQ,P290,493,490,0.006085192697768749,549,544,0.00910746812386154,579,572,0.012089810017271163,842,828,0.016627078384798155,851,837,0.016451233842538215,1031,1010,0.020368574199805978,973,955,0.018499486125385434,436,433,0.006880733944954143,352,353,0,569,563,0.010544815465729385,470,467,0.006382978723404209,379,379,0,,7524,7431,0.012360446570972905,1
KT-HQ,P291,9510,9199,0.03270241850683486,9895,9572,0.032642748863062176,17863,28525,0,16739,16752,0,16162,16173,0,12117,12128,0,12292,12304,0,12626,12637,0,12319,12330,0,12176,12188,0,12301,12421,0,11743,11641,0.008686025717448698,,155743,165870,0,1
KT-HQ,P292,3912,3782,0.03323108384458073,4230,4089,0.033333333333333326,5150,4977,0.033592233009708705,5145,4973,0.033430515063168076,3985,3855,0.03262233375156842,3663,3543,0.03276003276003281,3596,3478,0.03281423804226924,3603,3486,0.032472939217318864,3623,3505,0.032569693624068474,3580,3464,0.03240223463687153,3719,3598,0.032535627856950744,4018,3886,0.03285216525634649,,48224,46636,0.032929661579296665,1
KT-HQ,P293,0,0,,0,0,,0,0,,0,0,,0,0,,0,0,,0,0,,0,0,,0,0,,0,0,,365,330,0.09589041095890416,477,485,0,,842,815,0.03206650831353919,11
KT-HQ,P294,3174,2943,0.07277882797731572,3192,2951,0.07550125313283207,3572,3303,0.07530795072788354,3355,3121,0.0697466467958271,3447,3217,0.06672468813460986,3059,2865,0.06341941811049367,2792,2610,0.06518624641833815,3369,3149,0.06530127634312854,3062,2857,0.06694970607446116,3131,2889,0.07729160012775471,3867,3321,0.14119472459270754,3187,3244,0,,39207,36470,0.06980896268523473,47
KT-HQ,P295,1914,1792,0.06374085684430508,2024,1886,0.06818181818181823,2195,2049,0.06651480637813212,2231,2071,0.07171671896010756,2287,2118,0.07389593353738522,1681,1569,0.06662700773349195,1363,1283,0.05869405722670584,1655,1552,0.06223564954682781,1590,1490,0.06289308176100628,1502,1394,0.07190412782956057,1611,1515,0.059590316573556845,1251,1178,0.058353317346123146,,21304,19897,0.06604393541119036,19
KT-HQ,P296,1148,1071,0.06707317073170727,1268,1176,0.0725552050473186,1306,1222,0.06431852986217457,1528,1431,0.06348167539267013,1362,1272,0.06607929515418498,1128,1056,0.06382978723404253,986,922,0.06490872210953347,1206,1130,0.06301824212271978,1168,1088,0.06849315068493156,1151,1078,0.06342311033883574,1225,1140,0.06938775510204087,1177,1090,0.07391673746813932,,14653,13676,0.0666757660547328,9
KT-HQ,P297,791,747,0.055625790139064435,758,719,0.05145118733509235,845,801,0.05207100591715974,1026,970,0.05458089668615984,786,747,0.04961832061068705,670,630,0.05970149253731338,572,540,0.05594405594405594,642,605,0.05763239875389403,601,567,0.056572379367720416,563,532,0.05506216696269983,616,579,0.06006493506493504,641,608,0.05148205928237126,,8511,8045,0.05475267301139697,11
KT-HQ,P298,30898,30373,0.01699139102854552,29992,29471,0.017371299013070107,32231,31652,0.017964071856287456,36613,35993,0.016933875945702392,47027,46133,0.019010355753077968,37441,36815,0.016719638898533673,33832,33264,0.01678883896902339,37591,36963,0.01670612646644143,35164,34536,0.01785917415538618,34417,33846,0.016590638347328324,36904,36287,0.016719054845003245,32563,31997,0.017381690876147826,,424673,417330,0.017290950919884196,237
KT-HQ,P299,13549,13567,0,14983,15011,0,12775,12776,0,12543,12559,0,13016,13028,0,16226,16240,0,12552,12561,0,15669,15680,0,9641,9655,0,8308,8323,0,12775,12788,0,12918,12933,0,,154955,155121,0,1
KT-HQ,P300,72757,70949,0.024849842626826324,66816,65242,0.0235572318007663,75692,73712,0.026158642921312647,88315,85936,0.026937666308101682,89382,87110,0.02541898816316479,83992,81610,0.028359843794647066,81419,79291,0.026136405507313998,81212,79184,0.02497167906220754,77528,75566,0.025306985863172038,80663,78285,0.0294806788738331,86124,83589,0.02943430402675218,77159,73901,0.042224497466270994,,961059,934375,0.027765204841742275,305
KT-HQ,P301,1225,1184,0.033469387755102,1168,1130,0.03253424657534243,1122,1083,0.03475935828877008,995,961,0.0341708542713568,669,648,0.03139013452914796,744,723,0.028225806451612878,788,767,0.026649746192893398,720,699,0.029166666666666674,706,686,0.028328611898016942,700,681,0.027142857142857135,719,700,0.026425591098748313,781,759,0.028169014084507005,,10337,10021,0.030569797813678967,1
KT-HQ,P302,1233,1193,0.032441200324412,1400,1352,0.03428571428571425,1256,1213,0.03423566878980888,1409,1361,0.03406671398154715,1343,1297,0.034251675353685784,1320,1275,0.03409090909090906,1373,1327,0.03350327749453752,1333,1289,0.03300825206301572,1109,1073,0.0324616771866546,1212,1171,0.03382838283828382,1365,1321,0.03223443223443223,1540,1488,0.03376623376623378,,15893,15360,0.03353677719750836,1
KT-HQ,P303,2352,2282,0.029761904761904767,2081,2016,0.031234983181162912,2518,2435,0.03296266878474985,3866,3736,0.03362648732540097,2222,2150,0.03240324032403241,1765,1708,0.032294617563739414,1899,1836,0.033175355450236976,1912,1849,0.03294979079497906,1656,1601,0.033212560386473466,1805,1747,0.03213296398891963,1938,1880,0.029927760577915352,3109,3000,0.03505950466387908,,27123,26240,0.032555395789551356,1
KT-HQ,P304,1741,1690,0.029293509477311908,1987,1931,0.028183190739808794,2016,1955,0.03025793650793651,2321,2252,0.029728565273589025,2089,2027,0.029679272379128818,2144,2082,0.028917910447761153,2147,2084,0.02934326967862133,2066,2006,0.029041626331074544,2119,2059,0.028315243039169435,2025,1967,0.028641975308641987,2230,2166,0.028699551569506765,2156,2094,0.0287569573283859,,25041,24313,0.0290723213929156,1
KT-HQ,P305,776,757,0.02448453608247425,994,967,0.02716297786720323,933,906,0.02893890675241162,1055,1025,0.028436018957345932,1016,988,0.027559055118110187,968,946,0.022727272727272707,1070,1041,0.02710280373831775,1036,1010,0.025096525096525046,1002,978,0.0239520958083832,943,922,0.022269353128313907,1020,993,0.026470588235294135,922,901,0.022776572668112838,,11735,11434,0.025649765658287138,1
KT-HQ,P306,581,583,0,571,570,0.0017513134851138146,688,693,0,739,741,0,767,770,0,717,718,0,782,785,0,726,729,0,569,570,0,633,636,0,558,559,0,871,473,0.4569460390355913,,8202,7827,0.04572055596196045,1
KT-HQ,P307,2684,2702,0,2997,3016,0,3302,3325,0,4096,4125,0,3500,3524,0,3232,3252,0,3178,3202,0,3490,3610,0,3656,3590,0.018052516411378505,3388,3402,0,3097,3116,0,3387,3410,0,,40007,40274,0,1
KT-HQ,P308,3363,3358,0.0014867677668748414,3701,3696,0.0013509862199405642,3685,3680,0.0013568521031207537,4632,4628,0.0008635578583765513,4173,4165,0.0019170860292355707,4282,4257,0.0058383932741709055,4532,4506,0.005736981465136792,4735,4708,0.0057022175290391,4527,4525,0.000441793682350311,4589,4555,0.007409021573327568,4237,4195,0.009912674061836158,3917,3894,0.005871840694408936,,50373,50167,0.004089492386794458,1
KT-HQ,P309,1214,1211,0.0024711696869851307,1370,1371,0,1325,1324,0.0007547169811320531,1629,1626,0.0018416206261510082,1511,1509,0.001323626737260053,1548,1544,0.0025839793281653423,1670,1665,0.0029940119760478723,1523,1518,0.0032829940906106136,1441,1437,0.002775850104094424,1443,1438,0.0034650034650034467,1500,1512,0,1505,1483,0.0146179401993356,,17679,17638,0.0023191356977204647,1
KT-HQ,P310,69835,68805,0.014749051335290364,64861,63705,0.017822728604246052,72412,69974,0.0336684527426393,88047,85691,0.026758435835406047,89217,86598,0.02935539190961367,82682,80508,0.02629351007474423,81130,79366,0.02174288179465056,83042,80275,0.03332048842754265,79772,77585,0.02741563455849172,79577,77591,0.024956959925606648,83762,81379,0.028449654974809557,71917,69955,0.027281449448669948,,946254,921432,0.026231857408264614,411
KT-HQ,P311,50406,49809,0.011843828115700505,45751,45176,0.012568031299862281,53172,52483,0.012957947792071045,59582,58801,0.01310798563324489,63790,62926,0.01354444270261801,57089,56300,0.013820525845609444,52855,52190,0.01258159114558699,58630,57864,0.013064983796691076,54136,53195,0.01738214866262744,54011,53459,0.010220140341782202,57855,57037,0.014138795264022175,48155,47407,0.015533174125220595,,655432,646647,0.01340337365279698,197
KT-HQ,P312,19792,19562,0.011620856911883637,19087,18862,0.01178812804526641,21438,21173,0.012361227726466972,24546,24231,0.012833048154485494,28070,27657,0.014713216957605968,24637,24273,0.014774526119251563,22884,22575,0.0135028841111694,25038,24722,0.012620816359134146,22925,22645,0.012213740458015265,21627,20827,0.036990798538863445,23350,23590,0,19726,19475,0.012724323228226697,,273120,269592,0.012917398945518466,96
KT-HQ,P313,1256,1211,0.035828025477707026,1377,1244,0.09658678286129263,1509,1503,0.003976143141153132,1481,1476,0.0033760972316002613,1637,1630,0.004276114844227297,1523,1517,0.003939592908732803,1226,1223,0.002446982055464897,1203,1199,0.0033250207813798616,2116,2103,0.0061436672967863926,1978,1964,0.00707785642062686,2000,1988,0.006000000000000005,1767,1756,0.006225240520656428,,19073,18814,0.013579405442248227,6
KT-HQ,P314,1255,1228,0.021513944223107595,1453,1422,0.021335168616655187,1559,1524,0.022450288646568284,1829,1787,0.02296336796063425,1636,1599,0.02261613691931541,1729,1690,0.022556390977443663,1800,1757,0.02388888888888885,1836,1794,0.022875816993464082,1741,1701,0.022975301550832827,1848,1806,0.022727272727272707,1804,1763,0.022727272727272707,1805,1763,0.023268698060941784,,20295,19834,0.02271495442227145,1
KT-HQ,P315,1793,1742,0.02844394868934741,1794,1749,0.025083612040133763,1705,1659,0.02697947214076246,2103,2054,0.023300047551117475,1832,1790,0.022925764192139764,1917,1868,0.02556077203964524,1536,1501,0.02278645833333337,2022,1971,0.02522255192878342,1698,1663,0.020612485276796266,1896,1855,0.021624472573839704,1908,1868,0.02096436058700213,1392,1360,0.02298850574712641,,21596,21080,0.023893313576588304,24
KT-HQ,P316,14513,14522,0,2142,2145,0,12603,12610,0,5845,5852,0,13467,13479,0,4099,4105,0,12116,12130,0,5669,5677,0,10270,10283,0,6354,6364,0,7303,7314,0,7652,7663,0,,102033,102144,0,1
KT-HQ,P317,1060,990,0.06603773584905659,1220,1140,0.06557377049180324,1160,1090,0.06034482758620685,820,760,0.07317073170731703,600,550,0.08333333333333337,680,620,0.08823529411764708,680,600,0.11764705882352944,790,730,0.07594936708860756,800,730,0.08750000000000002,910,850,0.06593406593406592,770,690,0.10389610389610393,860,780,0.09302325581395354,,10350,9530,0.07922705314009659,1
KT-HQ,P318,53097,52024,0.020208298020603754,48905,47981,0.01889377364277678,54758,53506,0.022864239015303656,60579,59215,0.022516053417851123,71220,69633,0.02228306655433865,64460,62963,0.023223704623022035,58787,57436,0.02298127136952044,64128,62784,0.020958083832335328,59323,57952,0.02311076648180299,59881,58469,0.02358010053272319,62502,61264,0.01980736616428269,49442,49243,0.004024918085837936,,707082,692470,0.02066521280417266,341
KT-HQ,P319,28604,27889,0.02499650398545661,26128,25407,0.02759491733006736,29250,28563,0.023487179487179488,31525,30694,0.026360031720856436,35997,35137,0.0238908797955385,31767,30994,0.02433342777095726,29256,28578,0.023174733388023006,32736,31936,0.024437927663734094,30547,29809,0.024159491930467847,30279,29468,0.026784239902242435,32487,31791,0.021423954197063444,25587,24959,0.024543713604564865,,364163,355225,0.024543954218303354,204
KT-HQ,P320,1326,1273,0.039969834087481115,1349,1294,0.04077094143810234,1590,1520,0.04402515723270439,1420,1363,0.04014084507042248,1485,1417,0.04579124579124583,1528,1465,0.04123036649214662,1004,964,0.03984063745019917,1562,1493,0.04417413572343154,1830,1730,0.05464480874316935,962,929,0.03430353430353428,1583,1512,0.04485154769425137,1514,1448,0.04359313077939231,,17153,16408,0.04343263569054978,17
KT-HQ,P321,1757,1661,0.0546385885031303,1605,1517,0.0548286604361371,1735,1645,0.05187319884726227,2396,2265,0.05467445742904842,1911,1816,0.049712192569335456,1648,1555,0.056432038834951403,1687,1599,0.052163604030823985,2278,2153,0.0548726953467954,2209,2031,0.08057944771389769,2058,1703,0.17249757045675418,2211,2345,0,2175,2051,0.05701149425287355,,23670,22341,0.056147021546261056,39
KT-HQ,P322,324,324,0,438,430,0.0182648401826484,566,551,0.026501766784452263,304,302,0.006578947368421018,226,227,0,245,242,0.01224489795918371,226,229,0,264,265,0,253,310,0,207,148,0.285024154589372,212,216,0,176,180,0,,3441,3424,0.0049404242952629795,5
KT-HQ,P323,351,330,0.05982905982905984,357,339,0.050420168067226934,404,382,0.054455445544554504,530,500,0.05660377358490565,373,355,0.04825737265415553,388,366,0.05670103092783507,317,299,0.056782334384858024,426,401,0.05868544600938963,350,337,0.037142857142857144,384,311,0.19010416666666663,370,398,0,403,378,0.06203473945409432,,4653,4396,0.05523318289275736,16
KT-HQ,P324,2063,1930,0.06446921958313134,2140,2008,0.06168224299065417,2282,2144,0.060473269062226165,2844,2678,0.058368495077355864,2189,2053,0.06212882594792146,2110,1982,0.0606635071090047,1958,1835,0.06281920326864143,2528,2378,0.05933544303797467,2493,2316,0.07099879663056563,2132,2014,0.05534709193245779,2188,2054,0.06124314442413159,2091,1954,0.06551889048302251,,27018,25346,0.061884669479606136,50
KT-HQ,P325,999,940,0.05905905905905906,884,835,0.05542986425339369,952,897,0.057773109243697496,1132,1146,0,0,948,0,1128,1769,0,1596,1544,0.03258145363408527,1896,1839,0.030063291139240556,1912,1642,0.14121338912133896,1692,1770,0,1722,1691,0.018002322880371624,1516,1459,0.03759894459102897,,15429,16480,0,34
KT-HQ,P326,786,763,0.029262086513994867,813,790,0.028290282902828978,877,852,0.02850627137970352,1119,1069,0.04468275245755138,884,929,0,0,0,,0,0,,0,0,,0,0,,0,0,,281,261,0.07117437722419928,951,933,0.018927444794952675,,5711,5597,0.019961477849763654,19
KT-HQ,P327,2998,2816,0.06070713809206141,3148,2955,0.06130876747141045,3325,3116,0.06285714285714283,4315,4047,0.06210892236384702,3258,3042,0.06629834254143652,3187,3021,0.05208660181989333,2845,2675,0.05975395430579966,3695,3475,0.05953991880920162,3464,3175,0.08342956120092382,3084,2935,0.048313878080415096,3254,3004,0.07682851874615859,3378,3183,0.05772646536412074,,39951,37444,0.06275187104202651,59
KT-HQ,P328,1392,1413,0,1683,1710,0,1574,1599,0,1788,1814,0,1589,1554,0.022026431718061623,1594,0,1,1719,3396,0,1513,1483,0.019828155981493678,1371,1342,0.02115244347191836,1286,1290,0,1516,1451,0.04287598944591031,1602,1568,0.02122347066167296,,18627,18620,0.00037579857196545774,1
KT-HQ,P329,1281,1273,0.006245120999219367,1458,1451,0.004801097393689946,1598,1591,0.004380475594493172,1986,1979,0.0035246727089627283,1762,1756,0.0034052213393870323,1632,1623,0.005514705882352922,1685,1677,0.004747774480712175,1892,1884,0.0042283298097252064,1724,1716,0.004640371229698403,1576,1625,0,1624,1574,0.030788177339901468,1709,1690,0.011117612638970154,,19927,19839,0.0044161188337431545,1
KT-HQ,P330,4114,4111,0.000729217306757457,4659,4655,0.0008585533376260779,4790,4786,0.0008350730688935215,0,5407,0,2597,5364,0,5428,5426,0.0003684598378776993,5199,5197,0.0003846893633391302,5070,5068,0.00039447731755426485,4569,4567,0.0004377325454147929,5051,5047,0.0007919223916056373,5214,5208,0.0011507479861909697,5161,5154,0.0013563262933540265,,51852,59990,0,1
KT-HQ,P331,1225,1224,0.0008163265306122547,1488,1486,0.0013440860215053752,1562,1559,0.001920614596670922,2332,2327,0.002144082332761532,1883,1881,0.0010621348911311612,1663,1661,0.0012026458208057589,1756,1755,0.0005694760820045275,1517,1516,0.0006591957811470373,1599,1624,0,1442,1436,0.004160887656033285,1290,1271,0.014728682170542684,1228,1228,0,,18985,18968,0.0008954437713984964,1
KT-HQ,P332,46983,47833,0,52137,53077,0,60607,61620,0,81083,82389,0,70327,71443,0,57832,58768,0,57905,58837,0,61015,62003,0,51513,52362,0,57757,58679,0,51340,52219,0,46474,47403,0,,694973,706633,0,1
KT-HQ,P333,2761,3195,0,3595,4053,0,4056,4454,0,3806,4174,0,4393,4865,0,4391,4838,0,4831,5295,0,4877,5354,0,4332,4777,0,4054,4516,0,3908,4350,0,3517,3979,0,,48521,53850,0,1
KT-HQ,P334,3011,2929,0.02723347725008307,3465,3369,0.027705627705627678,3199,3109,0.028133791809940578,3790,3684,0.027968337730870707,3323,3229,0.028287691844718577,3054,2970,0.027504911591355596,3108,3022,0.02767052767052769,3118,3031,0.02790250160359209,2975,2892,0.02789915966386558,3072,2987,0.02766927083333337,3182,3093,0.02796983029541167,3505,3406,0.02824536376604847,,38802,37721,0.027859388691304554,1
KT-HQ,P335,432,431,0.0023148148148147696,452,451,0.0022123893805309214,388,390,0,522,519,0.005747126436781658,507,503,0.007889546351084853,472,472,0,532,532,0,529,527,0.003780718336483968,622,616,0.009646302250803873,595,591,0.006722689075630228,589,584,0.008488964346349714,556,552,0.007194244604316502,,6196,6168,0.004519044544867623,1
KT-HQ,P336,1890,1835,0.02910052910052907,2294,2226,0.02964254577157799,2306,2235,0.03078924544666084,2682,2598,0.031319910514541416,2553,2472,0.031727379553466495,2415,2342,0.030227743271221574,2270,2207,0.027753303964757725,2526,2451,0.029691211401425166,2265,2199,0.029139072847682135,2177,2116,0.028020211299954023,2131,2070,0.0286250586579071,2315,2247,0.02937365010799131,,27824,26998,0.029686601495112153,1
KT-HQ,P337,0,0,,0,0,,0,0,,8,8,0,202,205,0,431,440,0,485,496,0,566,578,0,513,523,0,538,551,0,511,522,0,475,485,0,,3729,3808,0,1
KT-HQ,P338,11451,10816,0.055453672168369605,11555,11082,0.04093466032020765,14211,13971,0.016888325944690696,14763,14514,0.016866490550701108,15191,15224,0,15871,15365,0.03188204902022562,13308,13105,0.015253982566877045,14824,14599,0.015178089584457655,14095,13885,0.01489890031926211,12078,11895,0.015151515151515138,14677,14443,0.01594331266607618,13326,13083,0.018235029266096325,,165350,161982,0.02036891442394917,69
KT-HQ,P339,15579,15310,0.017266833557994743,15088,14830,0.017099681866383887,17741,17448,0.01651541626740316,21621,21255,0.016927986679617035,19777,19441,0.016989432168680763,18525,18217,0.016626180836707194,16209,15960,0.015361836017027564,20097,19776,0.015972533213912565,18125,17838,0.01583448275862065,17273,17005,0.0155155444914028,19298,18973,0.01684112343248001,15289,15035,0.016613251357184944,,214622,211088,0.016466159107640377,104
KT-HQ,P340,11159,10835,0.029034859754458298,11915,11550,0.030633655056651277,12506,12122,0.030705261474492263,12711,12285,0.033514278970970035,14039,13528,0.03639860388916594,14150,13864,0.020212014134275647,13144,12909,0.01787888009738281,15028,14759,0.01789992014905506,13450,13206,0.018141263940520402,13202,12946,0.01939100136342975,14831,14574,0.017328568538871325,11987,11748,0.019938266455326592,,158122,154326,0.024006779575264647,116
KT-HQ,P341,13344,12719,0.0468375299760192,13401,12985,0.031042459517946375,15317,14749,0.03708297969576291,16539,15942,0.036096499183747466,18365,17718,0.03523005717397221,15245,14733,0.033584781895703464,13838,13282,0.04017921664980484,15450,14912,0.034822006472491895,13922,13413,0.03656083895991957,15227,14667,0.03677677809154789,16158,15580,0.03577175392994181,12697,12243,0.03575647790816727,,179503,172943,0.036545350216988015,175
KT-HQ,P342,17120,16744,0.021962616822429948,18143,17749,0.021716364438075342,20135,19680,0.022597467097094648,21575,21083,0.02280417149478564,22546,22058,0.021644637629734786,21461,21016,0.02073528726527185,18335,18061,0.014944095991273554,21008,20563,0.021182406702208723,18775,18419,0.01896138482023968,19219,18808,0.021385087673656322,20626,20204,0.0204596140793174,16450,16121,0.020000000000000018,,235393,230506,0.020761025179168446,144
KT-HQ,P343,1377,1401,0,1749,1778,0,1744,1769,0,1617,1645,0,1541,1570,0,1356,1384,0,1541,1574,0,1427,1456,0,1382,1412,0,1484,1512,0,1352,1382,0,1277,1304,0,,17847,18187,0,1
KT-HQ,P344,11168,10730,0.03921919770773641,12496,12031,0.03721190781049932,12179,11735,0.03645619508990883,14127,13631,0.03511007291003043,12895,12442,0.03512989530825905,13775,13345,0.03121597096188744,11536,11170,0.031726768377253856,13772,13363,0.02969793784490271,12283,11880,0.032809574208255365,11358,11014,0.03028702236309211,13275,12796,0.03608286252354054,11326,10867,0.04052622285007945,,150190,145004,0.03452959584526272,89
KT-HQ,P345,9476,9533,0,10267,10298,0,10391,10417,0,10203,10232,0,9876,9822,0.005467800729040073,10165,9316,0.08352188883423517,8990,9110,0,11756,11416,0.028921401837359695,10610,10266,0.03242224316682374,9946,9612,0.033581339231852025,11880,11490,0.03282828282828287,11045,10665,0.03440470801267537,,124605,122177,0.019485574415151863,79
KT-HQ,P346,633,613,0.03159557661927326,708,683,0.035310734463276816,543,525,0.03314917127071826,729,705,0.03292181069958844,667,646,0.03148425787106446,703,681,0.031294452347083945,729,705,0.03292181069958844,791,764,0.034134007585335024,726,703,0.031680440771349905,760,736,0.03157894736842104,800,776,0.030000000000000027,754,732,0.02917771883289122,,8543,8269,0.032073042256818396,1
KT-HQ,P347,2043,1982,0.02985805188448365,2592,2511,0.03125,2433,2358,0.03082614056720101,2794,2707,0.031138153185397255,2576,2497,0.03066770186335399,2454,2379,0.030562347188264005,2438,2364,0.03035274815422473,2414,2340,0.030654515327257714,2144,2080,0.02985074626865669,2485,2408,0.030985915492957705,2596,2532,0.024653312788906034,2427,2338,0.03667078697981041,,29396,28496,0.030616410395972293,1
KT-HQ,P348,1602,1556,0.028714107365792718,2067,2006,0.029511369134010645,2175,2109,0.030344827586206935,2451,2375,0.03100775193798455,2221,2153,0.030616839261593864,1880,1825,0.0292553191489362,2243,2176,0.029870708872046348,2402,2329,0.030391340549542067,2136,2071,0.030430711610486938,1949,1891,0.02975885069266293,1880,1824,0.029787234042553234,1815,1762,0.029201101928374662,,24821,24077,0.029974618266790265,1
KT-HQ,P349,2372,2301,0.029932546374367597,2853,2767,0.03014370837714686,2542,2466,0.02989771833202204,3182,3086,0.030169704588309254,2601,2524,0.02960399846212991,2832,2750,0.028954802259887003,2781,2699,0.029485796476087733,2887,2799,0.0304814686525805,3205,3109,0.029953198127925074,3117,3022,0.03047802374077635,2968,2878,0.03032345013477089,2907,2816,0.03130374957000348,,34247,33217,0.03007562706222444,1
KT-HQ,P350,2382,2310,0.030226700251889116,2865,2780,0.029668411867364797,2697,2615,0.03040415276232855,3088,2994,0.030440414507772018,2626,2547,0.030083777608530093,2509,2434,0.029892387405340726,2395,2324,0.029645093945720236,2365,2296,0.029175475687103547,2235,2170,0.029082774049216997,2241,2175,0.029451137884872858,2171,2108,0.02901888530631047,2268,2203,0.02865961199294531,,29842,28956,0.029689699081830945,1
KT-HQ,P351,2181,2132,0.022466758367721273,2467,2412,0.02229428455614102,2338,2288,0.021385799828913643,2870,2807,0.02195121951219514,2324,2274,0.02151462994836484,2209,2162,0.021276595744680882,2221,2174,0.021161638901395774,2397,2346,0.021276595744680882,2422,2369,0.021882741535920736,2406,2355,0.021197007481296715,2278,2228,0.02194907813871816,2398,2346,0.021684737281067568,,28511,27893,0.021675844410929068,1
KT-HQ,P352,3442,3350,0.026728646135967482,4183,4070,0.027014104709538578,3858,3755,0.02669777086573355,4797,4667,0.027100271002710064,4208,4114,0.022338403041825106,4656,4514,0.030498281786941583,4856,4727,0.02656507413509057,4557,4435,0.026771999122229495,5254,5115,0.026456033498287068,4925,4793,0.02680203045685281,4477,4358,0.026580299307571997,4055,3945,0.027127003699136898,,53268,51843,0.026751520612750657,1
KT-HQ,P353,3797,3565,0.061100869107189926,4164,3916,0.05955811719500481,4278,4019,0.06054230949041606,4894,4611,0.05782590927666531,4356,4072,0.06519742883379243,4497,4189,0.06849010451412052,3547,3469,0.021990414434733596,4368,4106,0.05998168498168499,3854,3629,0.05838090295796572,4448,4184,0.059352517985611475,4740,4456,0.059915611814346015,5056,4745,0.06151107594936711,,51999,48961,0.05842420046539354,57
KT-HQ,P354,2983,2897,0.028830036875628573,3348,3249,0.029569892473118253,3181,3088,0.029236089280100575,3805,3692,0.029697766097240508,3412,3311,0.02960140679953105,3445,3345,0.029027576197387495,3508,3405,0.02936145952109459,3510,3407,0.029344729344729314,3656,1703,0.5341903719912473,3517,5413,0,3649,3515,0.0367223896958071,3518,3388,0.03695281409891982,,41532,40413,0.02694308003467205,1
KT-HQ,P355,1084,1053,0.02859778597785978,1148,1115,0.028745644599303177,1026,996,0.0292397660818714,1356,1314,0.030973451327433676,1188,1154,0.028619528619528656,1065,1035,0.028169014084507005,1138,1105,0.02899824253075567,1069,1039,0.028063610851262855,1094,1062,0.029250457038391242,1022,994,0.0273972602739726,960,934,0.027083333333333348,1003,975,0.02791625124626118,,13153,12776,0.028662662510453907,1
KT-HQ,P356,1040,1010,0.028846153846153855,1136,1104,0.028169014084507005,1328,1287,0.030873493975903665,1474,1349,0.08480325644504749,1490,0,1,1351,2794,0,1525,1473,0.03409836065573768,1387,1340,0.03388608507570301,1208,1168,0.0331125827814569,1261,1219,0.03330689928628072,1120,1091,0.025892857142857162,1087,1044,0.03955841766329349,,15407,14879,0.03427013695073666,1
KT-HQ,P357,922,927,0,1006,1013,0,1308,1318,0,1426,1437,0,1166,1175,0,1137,1145,0,1096,1107,0,1216,1220,0,1219,1226,0,1264,1272,0,1373,1382,0,1392,1400,0,,14525,14622,0,1
KT-HQ,P358,2656,1869,0.2963102409638554,1934,1949,0,2382,2402,0,2768,2790,0,2661,2683,0,2640,2659,0,2472,2489,0,2222,2238,0,2035,2048,0,2158,2174,0,2094,2108,0,2108,2123,0,,28130,27532,0.021258442943476674,1
KT-HQ,P359,1068,1077,0,1145,1154,0,1321,1332,0,1330,1341,0,1311,1322,0,1194,1203,0,984,992,0,1019,1026,0,820,826,0,908,915,0,926,932,0,939,945,0,,12965,13065,0,1
KT-HQ,P360,988,945,0.04352226720647778,1018,971,0.046168958742632604,1138,1091,0.041300527240773266,1234,1176,0.04700162074554293,1488,1422,0.04435483870967738,1277,1221,0.04385277995301484,1145,1094,0.044541484716157154,1315,1260,0.041825095057034245,1286,1238,0.03732503888024885,1263,1196,0.05304829770387964,1469,1407,0.04220558202859093,1205,1154,0.04232365145228212,,14826,14175,0.0439093484419264,20
KT-HQ,P361,327,336,0,380,391,0,421,433,0,473,486,0,433,446,0,385,397,0,349,360,0,374,385,0,301,310,0,387,400,0,281,299,0,242,235,0.02892561983471076,,4353,4478,0,1
KT-HQ,P362,6858,6872,0,7136,7150,0,8546,8559,0,9279,9291,0,8539,8552,0,7638,7654,0,7679,7691,0,8015,8035,0,8096,8117,0,7969,7979,0,8052,8083,0,8052,7560,0.06110283159463492,,95859,95543,0.003296508413398791,1
KT-HQ,P363,5768,5774,0,5486,5494,0,6575,6579,0,7160,7164,0,6516,6522,0,5562,5568,0,5407,5412,0,5140,5151,0,4688,4698,0,4721,4722,0,4915,4922,0,5020,5026,0,,66958,67032,0,1
KT-HQ,P364,907,1267,0,1448,1836,0,1405,1742,0,1459,1834,0,1222,1570,0,1256,1629,0,1201,1587,0,1125,1523,0,1102,1463,0,1068,1452,0,1009,1383,0,1222,1591,0,,14424,18877,0,1
KT-HQ,P365,761,794,0,929,969,0,899,936,0,1157,1205,0,1085,1132,0,892,930,0,1101,1148,0,1061,1106,0,958,1020,0,999,1033,0,1083,1116,0,907,945,0,,11832,12334,0,1
KT-HQ,P366,1023,1056,0,1106,1143,0,1130,1171,0,1219,1265,0,1191,1237,0,1139,1183,0,1432,1485,0,1146,1190,0,978,1026,0,1044,1078,0,1135,1161,0,981,1019,0,,13524,14014,0,1
KT-HQ,P367,1302,1355,0,1381,1435,0,1487,1546,0,1691,1759,0,1685,1752,0,1567,1632,0,1423,1480,0,1472,1532,0,1273,1349,0,1459,1514,0,1507,1543,0,1337,1391,0,,17584,18288,0,1
KT-HQ,P368,1941,2014,0,2160,2240,0,2138,2217,0,2165,2246,0,2219,2302,0,2133,2210,0,2171,2249,0,2015,2087,0,1731,1801,0,1986,2047,0,1950,2022,0,2224,2308,0,,24833,25743,0,1
KT-HQ,P369,5680,5650,0.005281690140845119,6199,6210,0,7289,7300,0,8181,8192,0,6905,6916,0,5028,5039,0,3254,3261,0,3799,3806,0,3308,3315,0,2507,2514,0,3511,3518,0,4752,4761,0,,60413,60482,0,1
KT-HQ,P370,2570,2575,0,2623,2625,0,3648,3649,0,4340,4342,0,3864,3867,0,3507,3507,0,3218,3223,0,3416,3417,0,3341,3345,0,3672,3679,0,3659,3659,0,3461,3465,0,,41319,41353,0,1
KT-HQ,P371,3232,3366,0,0,3808,0,3057,3707,0,4476,4666,0,4437,4626,0,4296,4476,0,4176,4349,0,4305,4484,0,4125,4300,0,3808,3970,0,3725,3893,0,3720,3856,0,,43357,49501,0,1
KT-HQ,P372,2076,2150,0,2502,2591,0,2611,2706,0,3159,3277,0,2649,2748,0,2525,2622,0,2674,2776,0,2674,2778,0,2397,2492,0,2656,2835,0,2539,2560,0,2786,2895,0,,31248,32430,0,1
KT-HQ,P373,3242,3385,0,3767,3933,0,3964,4138,0,4598,4797,0,5091,5310,0,5680,5921,0,6044,6300,0,4466,4661,0,3640,3869,0,3980,4090,0,3795,3977,0,3572,3720,0,,51839,54101,0,1
KT-HQ,P374,4554,4712,0,4991,5147,0,4665,4836,0,5422,5620,0,5141,5317,0,5231,5415,0,5468,5646,0,5287,5476,0,5193,5368,0,5340,5552,0,5593,5742,0,5489,5679,0,,62374,64510,0,1
KT-HQ,P375,8418,8442,0,9591,9620,0,10964,11001,0,13706,13748,0,12429,12468,0,10911,10946,0,10910,10944,0,10728,10763,0,8663,8690,0,9351,9587,0,9194,9019,0.01903415270828801,8623,8652,0,,123488,123880,0,1
KT-HQ,P376,5996,5988,0.0013342228152101177,6631,6621,0.0015080681646810756,7212,7199,0.0018025513033832485,8405,8389,0.001903628792385481,7785,7770,0.0019267822736031004,7480,7466,0.0018716577540106583,7727,7715,0.001552995988093664,7622,7610,0.0015743899239044623,7369,7356,0.0017641471027276534,7397,7541,0,7253,7084,0.02330070315731425,7103,7090,0.0018302125862311724,,87980,87829,0.0017162991588997034,1
KT-HQ,P377,7912,7906,0.0007583417593528541,8331,8324,0.0008402352658744006,8328,8315,0.0015609990393852247,8789,8773,0.0018204573899192056,7387,7377,0.0013537295248409187,6142,6141,0.00016281341582546904,5378,5378,0,6045,6046,0,4108,4114,0,5059,5059,0,5824,5919,0,8401,8307,0.011189144149506003,,81704,81659,0.0005507686282189006,1
KT-HQ,P378,2171,2247,0,2275,2353,0,2142,2217,0,2606,2696,0,2574,2666,0,2434,2519,0,2563,2654,0,2655,2748,0,2563,2652,0,2513,2744,0,2516,2461,0.021860095389507173,2645,2738,0,,29657,30695,0,1
KT-HQ,P379,1936,2013,0,2345,2440,0,2401,2499,0,2525,2629,0,1644,1708,0,1281,1328,0,1221,1267,0,1359,1412,0,1176,1243,0,1187,1265,0,1263,1258,0.003958828186856667,1920,2002,0,,20258,21064,0,1
KT-HQ,P380,200,196,0.020000000000000018,216,213,0.01388888888888884,209,206,0.014354066985645897,267,263,0.014981273408239737,269,266,0.01115241635687736,352,356,0,364,367,0,311,310,0.003215434083601254,366,366,0,376,383,0,299,394,0,512,417,0.185546875,,3741,3737,0.0010692328254477967,1
KT-HQ,P381,1242,1289,0,1519,1577,0,1712,1779,0,1927,2002,0,1646,1707,0,1398,1449,0,1257,1301,0,1352,1400,0,1379,1427,0,1702,1792,0,1379,1404,0,1551,1608,0,,18064,18735,0,1
KT-HQ,P382,973,1012,0,904,936,0,977,1018,0,1142,1188,0,1013,1052,0,988,1028,0,994,1034,0,1004,1044,0,940,998,0,962,999,0,951,970,0,1018,1060,0,,11866,12339,0,1
KT-HQ,P383,1065,1105,0,1220,1266,0,1534,1588,0,2103,2177,0,1992,2062,0,1184,1225,0,901,933,0,841,868,0,759,783,0,1067,1129,0,967,977,0,923,949,0,,14556,15062,0,1
KT-HQ,P384,1018,1059,0,1183,1231,0,1425,1484,0,1709,1780,0,1465,1525,0,1430,1486,0,1430,1488,0,1391,1449,0,1184,1239,0,1308,1376,0,1249,1277,0,1159,1165,0,,15951,16559,0,1
KT-HQ,P385,1432,1493,0,1799,1873,0,2619,2730,0,3404,3549,0,2529,2635,0,1896,1977,0,1699,1769,0,1458,1519,0,1223,1272,0,1468,1531,0,1427,1486,0,1526,1590,0,,22480,23424,0,1
KT-HQ,P386,2084,2139,0,2070,2124,0,2610,2680,0,3072,3153,0,3037,3117,0,2935,3012,0,2788,2861,0,2825,2898,0,2733,2804,0,2788,2859,0,2856,2943,0,2719,2775,0,,32517,33365,0,1
KT-HQ,P387,1949,2003,0,2120,2181,0,2298,2364,0,2595,2669,0,2494,2563,0,2474,2542,0,2306,2370,0,2510,2578,0,2656,2730,0,2817,2895,0,2653,2730,0,2682,2760,0,,29554,30385,0,1
KT-HQ,P388,923,951,0,903,936,0,767,785,0,770,796,0,1163,1192,0,991,1018,0,830,853,0,941,967,0,1054,1082,0,1068,1096,0,977,1009,0,963,987,0,,11350,11672,0,1
KT-HQ,P389,1562,1582,0,1728,1751,0,1866,1890,0,2096,2123,0,1809,1834,0,1668,1690,0,1663,1686,0,1646,1670,0,1360,1406,0,1561,1584,0,1783,1778,0.0028042624789680337,1764,1789,0,,20506,20783,0,1
KT-HQ,P390,1083,1109,0,1220,1256,0,1349,1385,0,1575,1629,0,1462,1513,0,1571,1626,0,1689,1751,0,1687,1749,0,1503,1592,0,1561,1618,0,1578,1607,0,1568,1626,0,,17846,18461,0,1
KT-HQ,P391,3364,3365,0,3565,3568,0,3770,3774,0,4546,4551,0,4329,4332,0,3719,3720,0,3793,3794,0,3632,3634,0,3603,3604,0,3614,3686,0,3510,3439,0.020227920227920193,3522,3524,0,,44967,44991,0,1
KT-HQ,P392,2591,2689,0,2874,2981,0,2942,3058,0,3535,3687,0,3119,3255,0,3112,3249,0,3215,3350,0,2691,2807,0,3104,3242,0,3083,3281,0,3143,3218,0,3082,3217,0,,36491,38034,0,1
KT-HQ,P393,1679,1692,0,1796,1812,0,1901,1921,0,2299,2323,0,1919,1937,0,0,1865,0,996,2074,0,1881,1899,0,1756,1771,0,1839,1894,0,1991,1963,0.01406328478151686,2068,2087,0,,20125,23238,0,1
KT-HQ,P394,50958,52521,0,61416,63105,0,76633,78424,0,101434,103713,0,96791,98874,0,83838,85771,0,82492,84432,0,84752,86831,0,76194,78029,0,77699,79574,0,80066,81959,0,74295,76068,0,,946568,969301,0,1
KT-HQ,P395,1609,1655,0,1804,1855,0,1672,1719,0,1962,2016,0,1736,1785,0,1813,1866,0,2024,2081,0,2197,2311,0,2343,2363,0,2225,2291,0,2375,2446,0,2451,2527,0,,24211,24915,0,1
KT-HQ,P396,2583,2588,0,2971,2971,0,2795,2794,0.0003577817531306149,3718,3718,0,3789,3787,0.0005278437582475481,3490,3491,0,3537,3538,0,3345,3347,0,3248,3248,0,3281,3282,0,2823,3425,0,3965,3371,0.14981084489281216,,39545,39560,0,1
KT-HQ,P397,119,637,0,585,704,0,671,674,0,814,817,0,788,790,0,819,823,0,772,776,0,762,767,0,803,0,1,830,1643,0,852,857,0,791,799,0,,8606,9287,0,1
KT-HQ,P398,983,986,0,1074,1074,0,1104,1105,0,1255,1255,0,1288,1287,0.0007763975155279379,1370,1370,0,1256,1257,0,1275,1277,0,1328,1329,0,1396,1398,0,1487,1486,0.0006724949562878502,1349,1358,0,,15165,15182,0,1
KT-HQ,P399,1131,1136,0,1160,1161,0,1038,1038,0,1261,1261,0,1175,1176,0,1310,1312,0,1066,1067,0,1005,1007,0,966,967,0,1226,1227,0,1617,1617,0,1659,1664,0,,14614,14633,0,1
KT-HQ,P400,3132,3143,0,2986,2990,0,2816,2818,0,2908,2909,0,2730,2736,0,2810,2813,0,2680,2686,0,2482,2496,0,2407,2399,0.0033236393851266977,2644,2647,0,2959,2967,0,3427,3449,0,,33981,34053,0,1
KT-HQ,P401,28222,29421,0,28164,29384,0,24376,25498,0,25697,26920,0,22920,24075,0,22760,24036,0,24874,26319,0,22271,23723,0,20156,21407,0,17873,19151,0,23050,24380,0,25446,26631,0,,285809,300945,0,1
KT-HQ,P402,485,486,0,537,538,0,568,568,0,693,694,0,697,699,0,730,731,0,709,711,0,764,766,0,778,782,0,814,815,0,851,848,0.003525264394829586,905,915,0,,8531,8553,0,1
KT-HQ,P403,223,213,0.04484304932735428,252,242,0.03968253968253965,244,236,0.032786885245901676,321,329,0,320,313,0.021874999999999978,377,370,0.018567639257294433,519,516,0.005780346820809301,504,503,0.001984126984126977,524,525,0,603,605,0,585,587,0,548,548,0,,5020,4987,0.006573705179282907,1
KT-HQ,P404,2614,2614,0,2894,2893,0.0003455425017276914,2756,1813,0.3421625544267054,3324,4255,0,3048,3035,0.00426509186351709,3270,3256,0.004281345565749217,3448,3433,0.004350348027842177,3377,3362,0.004441812259401878,3367,3390,0,3162,3113,0.015496521189120815,3243,3248,0,3104,3072,0.010309278350515427,,37607,37484,0.003270667694844076,1
KT-HQ,P405,4364,4367,0,5185,5186,0,4799,4800,0,5517,5518,0,5126,5125,0.00019508388607103466,5133,5133,0,5587,5589,0,5514,5515,0,5532,5579,0,5544,5515,0.005230880230880253,5630,5623,0.001243339253996445,5263,5260,0.0005700171005129651,,63194,63210,0,1
KT-HQ,P406,1295,1301,0,1496,1501,0,1402,1409,0,1635,1641,0,1430,1437,0,1362,1368,0,1326,1331,0,1285,1492,0,1725,1533,0.111304347826087,1630,1211,0.25705521472392634,1956,2380,0,2019,2027,0,,18561,18631,0,1
KT-HQ,P407,1548,1473,0.04844961240310075,1667,1590,0.04619076184763049,1637,1558,0.048259010384850365,2060,1956,0.05048543689320384,1662,1579,0.04993983152827919,1524,1444,0.05249343832021003,1189,1116,0.061396131202691384,1599,1547,0.03252032520325199,1404,1334,0.049857549857549865,1285,1223,0.048249027237354136,1474,1401,0.049525101763907786,1378,1312,0.04789550072568938,,18427,17533,0.048515764910186165,10
KT-HQ,P408,1253,1255,0,1471,1472,0,1521,1526,0,1985,1986,0,1875,1923,0,1958,1911,0.02400408580183866,1967,1970,0,2013,2014,0,1851,1853,0,1933,1935,0,2000,2004,0,1808,1811,0,,21635,21660,0,1
KT-HQ,P409,5525,5534,0,6654,6675,0,6136,6139,0,7285,7319,0,6719,6721,0,6509,6512,0,6810,6821,0,6725,6730,0,6999,7007,0,6555,6563,0,6257,6271,0,6735,6743,0,,78909,79035,0,1
KT-HQ,P410,625,626,0,683,685,0,554,553,0.0018050541516245744,795,789,0.007547169811320753,766,774,0,606,607,0,660,661,0,649,650,0,548,549,0,635,635,0,728,731,0,839,841,0,,8088,8101,0,1
KT-HQ,P411,1275,1231,0.03450980392156866,1272,1227,0.035377358490566,1455,1417,0.026116838487972527,1593,1549,0.02762084118016317,1312,1245,0.05106707317073167,1202,1185,0.014143094841930104,1148,1111,0.03222996515679444,1467,1423,0.02999318336741652,1351,1310,0.030347890451517423,1442,1395,0.032593619972260734,1607,1560,0.029247044181705095,1265,1223,0.033201581027668015,,16389,15876,0.03130148270181221,36
KT-HQ,P412,479,489,0,435,446,0,559,568,0,755,764,0,637,646,0,468,477,0,417,424,0,594,603,0,551,557,0,498,505,0,601,608,0,473,479,0,,6467,6566,0,5
KT-HQ,P413,24563,23956,0.024711965150836623,24650,24009,0.026004056795131847,27271,26554,0.02629166513879211,30837,30059,0.025229432175633115,36381,35460,0.025315411890822093,31476,30759,0.022779260388867684,28286,27590,0.02460581206250445,32014,31264,0.023427250577872205,29975,29244,0.024386989157631378,28764,27318,0.0502711722987067,31083,31040,0.00138339285139788,27200,26557,0.02363970588235298,,352500,343810,0.02465248226950356,249
KT-HQ,P414,31783,32291,0,38065,38599,0,38234,38691,0,53723,54319,0,49242,49821,0,41732,42339,0,41710,41927,0,38685,38208,0.01233036060488557,36718,34202,0.06852225066724771,39610,42976,0,37077,37682,0,32897,33474,0,,479476,484529,0,1
KT-HQ,P415,1524,1530,0,1542,1548,0,1369,1374,0,1652,1658,0,1613,1618,0,1672,1680,0,1702,1708,0,1710,1717,0,1509,1515,0,1428,1435,0,1493,1499,0,1606,1612,0,,18820,18894,0,1
KT-HQ,P416,1933,1935,0,2198,2199,0,2087,2090,0,2379,2382,0,2239,2242,0,2440,2443,0,2533,2537,0,2413,2418,0,2315,2328,0,2304,2297,0.0030381944444444198,2306,2311,0,2217,2221,0,,27364,27403,0,1
KT-HQ,P417,1146,1149,0,1444,1447,0,1341,1343,0,1630,1632,0,1523,1527,0,1393,1395,0,1502,1505,0,1428,1434,0,1471,1475,0,1448,1455,0,1554,1554,0,1465,1468,0,,17345,17384,0,1
KT-HQ,P418,324,324,0,429,429,0,428,429,0,476,476,0,436,437,0,349,350,0,401,402,0,377,378,0,359,360,0,422,423,0,363,364,0,374,374,0,,4738,4746,0,1
KT-HQ,P419,695,695,0,867,866,0.0011534025374856371,899,903,0,1161,1158,0.0025839793281653423,1089,1088,0.0009182736455464191,847,849,0,995,989,0.0060301507537688925,1315,1323,0,1208,1210,0,1390,1392,0,1484,1486,0,1356,1359,0,,13306,13318,0,1
KT-HQ,P420,826,827,0,1207,1209,0,1114,1116,0,1211,1213,0,1087,1090,0,934,935,0,1034,1037,0,1110,1112,0,1024,1028,0,1084,1089,0,1001,1003,0,1026,1030,0,,12658,12689,0,1
KT-HQ,P421,2108,2121,0,2250,2263,0,2795,2810,0,3201,3220,0,2754,2767,0,2512,2527,0,2362,2375,0,2639,2654,0,2481,2503,0,2737,2749,0,2814,2839,0,2662,2665,0,,31315,31493,0,1
KT-HQ,P422,1869,1862,0.0037453183520599342,1290,1284,0.0046511627906976605,1725,1717,0.004637681159420315,1657,1650,0.004224502112251005,1341,1335,0.004474272930648726,932,929,0.0032188841201716833,948,943,0.0052742616033755185,1103,1099,0.0036264732547597323,1104,1101,0.0027173913043477826,1132,1126,0.005300353356890497,1249,1277,0,2111,2066,0.02131691141639036,,16461,16389,0.004373974849644635,1
KT-HQ,P423,3548,3559,0,3855,3861,0,3597,3603,0,4232,4239,0,4358,4367,0,4221,4227,0,4067,4077,0,4358,4361,0,3516,3530,0,3927,3940,0,3995,4007,0,4270,4286,0,,47944,48057,0,1
KT-HQ,P424,614,614,0,810,869,0,933,880,0.05680600214362275,996,999,0,1013,1014,0,1015,1014,0.0009852216748768017,1040,1046,0,1105,1107,0,1281,1282,0,1191,1192,0,1294,1326,0,1221,1191,0.02457002457002455,,12513,12534,0,1
KT-HQ,P425,1983,2027,0,2160,2209,0,1869,1911,0,2030,2074,0,1822,1859,0,1813,1851,0,1887,1927,0,1898,1938,0,2096,2145,0,2054,2096,0,2058,2103,0,2107,2154,0,,23777,24294,0,1
KT-HQ,P426,2523,2589,0,2698,2767,0,2478,2540,0,2954,3030,0,2566,2633,0,2455,2517,0,2465,2528,0,2532,2596,0,2225,2279,0,2258,2314,0,2059,2109,0,2250,2307,0,,29463,30209,0,1
KT-HQ,P427,5752,5800,0,6319,6373,0,5675,5722,0,6908,6968,0,6209,6264,0,5998,6052,0,6265,6321,0,5960,6014,0,5968,6022,0,5767,5818,0,5517,5565,0,5790,5840,0,,72128,72759,0,1
KT-HQ,P428,8340,8889,0,11719,12350,0,9118,9653,0,10204,10778,0,10206,10763,0,11210,11810,0,9225,9836,0,5087,5709,0,5574,6145,0,4046,4652,0,5813,6399,0,6048,6620,0,,96590,103604,0,1
KT-HQ,P429,1527,1546,0,1834,1852,0,1775,1799,0,2024,2048,0,2110,2132,0,1963,1983,0,1940,1960,0,2026,2049,0,1870,1891,0,2059,2084,0,2211,2235,0,2188,2214,0,,23527,23793,0,1
KT-HQ,P430,35028,35104,0,40786,40831,0,21530,21595,0,9121,9196,0,23653,23722,0,32089,32163,0,38554,38619,0,45046,45119,0,26833,26896,0,3119,3193,0,2958,3063,0,6358,6453,0,,285075,285954,0,1
KT-HQ,P431,53840,53900,0,40100,40140,0,38940,39010,0,39140,39210,0,38160,38220,0,39500,39530,0,38870,38970,0,49060,49100,0,62980,63000,0,87460,87500,0,132700,132840,0,170430,170560,0,,791180,791980,0,1
KT-HQ,P432,1889,1900,0,1949,1960,0,1848,0,1,2344,4190,0,2142,2142,0,1873,1872,0.0005339028296850179,1700,1700,0,1849,1849,0,1742,1742,0,1713,1713,0,1852,1852,0,1947,1947,0,,22848,22867,0,1
KT-HQ,P433,5117,5151,0,8390,8445,0,12039,12119,0,14017,14113,0,13998,14095,0,13749,13845,0,13676,13769,0,13044,13133,0,13272,13362,0,13204,13294,0,13448,13537,0,13214,13299,0,,147168,148162,0,1
KT-HQ,P434,4215,4219,0,4915,4921,0,5563,5570,0,6350,6359,0,6080,6089,0,6049,6059,0,6227,6237,0,6409,6421,0,6145,6155,0,6248,6258,0,6269,6278,0,6046,6055,0,,70516,70621,0,1
KT-HQ,P435,1275,1284,0,1443,1453,0,1427,1438,0,1803,1815,0,1685,1697,0,1683,1694,0,1751,1764,0,1705,1717,0,1588,1599,0,1621,1635,0,1650,1660,0,1543,1554,0,,19174,19310,0,1
KT-HQ,P436,2181,2196,0,2299,2314,0,2319,2334,0,2895,2914,0,2885,2905,0,2999,3019,0,3100,3122,0,3078,3100,0,3034,3055,0,2996,3017,0,3107,3128,0,2846,2865,0,,33739,33969,0,1
KT-HQ,P437,2074,2051,0.011089681774349103,1976,1957,0.009615384615384581,2000,1981,0.009499999999999953,2454,2430,0.009779951100244544,2457,2433,0.009768009768009733,2188,2165,0.010511882998171851,2241,2217,0.010709504685408322,2399,2373,0.010837849103793262,3195,3163,0.010015649452269182,2584,2558,0.010061919504643968,1976,1952,0.012145748987854255,1935,1914,0.010852713178294615,,27479,27194,0.010371556461297726,1
KT-HQ,P438,99,431,0,98,452,0,545,851,0,592,931,0,828,1137,0,12725,13112,0,18913,19358,0,21062,21522,0,16900,17324,0,1086,1433,0,228,567,0,795,1140,0,,73871,78258,0,1
KT-HQ,P439,25647,25236,0.016025266112995706,25479,24979,0.01962400408179288,25585,25082,0.01965995700605827,28212,27690,0.01850276478094426,33136,32950,0.005613230323515239,28771,28050,0.025059956205901734,25541,24901,0.025057750283857372,26437,25942,0.01872375836895257,26774,26227,0.02043026817061333,25335,24831,0.01989342806394312,27184,26574,0.022439670394349576,24400,23998,0.016475409836065547,,322501,316460,0.01873172486286867,179
KT-HQ,P440,846,863,0,998,1019,0,841,859,0,1005,1029,0,972,993,0,933,954,0,1017,1041,0,930,951,0,843,863,0,952,977,0,851,872,0,829,849,0,,11017,11270,0,1
KT-HQ,P441,3796,3842,0,4210,4261,0,4559,4615,0,5447,5516,0,4854,4917,0,4859,4928,0,5103,5174,0,4981,5050,0,4988,5055,0,4688,4751,0,4771,4838,0,4570,4631,0,,56826,57578,0,1
KT-HQ,P442,697,711,0,772,789,0,834,852,0,959,978,0,824,840,0,839,857,0,913,932,0,891,910,0,900,919,0,996,1017,0,1100,1125,0,1067,1092,0,,10792,11022,0,1
KT-HQ,P443,751,757,0,873,880,0,950,957,0,1131,1139,0,1034,1041,0,1037,1047,0,1046,1053,0,1035,1044,0,890,897,0,1036,1044,0,1094,1103,0,1067,1075,0,,11944,12037,0,1
KT-HQ,P444,2191,2256,0,2566,2640,0,2140,2200,0,2615,2687,0,2658,2734,0,2599,2674,0,2762,2836,0,2867,2948,0,2775,2855,0,2731,2809,0,2869,2951,0,2843,2926,0,,31616,32516,0,1
KT-HQ,P445,11629,11638,0,12438,12451,0,14995,15007,0,15717,15729,0,16310,16218,0.005640711220110339,15019,15125,0,13152,13158,0,9625,9631,0,4039,4044,0,3783,3787,0,8797,8806,0,9705,9715,0,,135209,135309,0,1
KT-HQ,P446,6269,6278,0,7172,7183,0,7020,7032,0,8993,9012,0,7041,7055,0,6591,6605,0,6512,6526,0,5843,5854,0,4718,4725,0,4467,4471,0,4705,4710,0,4736,4739,0,,74067,74190,0,1
KT-HQ,P447,9038,9410,0,9852,10234,0,9774,10102,0,12870,13236,0,10472,10802,0,8230,8563,0,7688,8034,0,10027,10372,0,7967,8292,0,6575,6923,0,6934,7272,0,7965,8307,0,,107392,111547,0,1
KT-HQ,P448,19294,18805,0.025344666735772736,19777,19278,0.02523132932193961,19234,18764,0.024435894769678668,20994,20488,0.024102124416499948,24606,23989,0.02507518491424854,22530,22028,0.0222814025743453,21246,20699,0.02574602278075877,22091,21041,0.047530668598071646,22153,20965,0.05362704825531528,21253,20666,0.027619630169858356,21289,20772,0.024284841937150636,20288,19771,0.025483044164037905,,254755,247266,0.02939687150399406,125
KT-HQ,P449,9694,9680,0.0014441922838869248,9669,9655,0.0014479263626021588,10486,10469,0.0016212092313561133,8420,8406,0.001662707838479771,6157,6145,0.0019490011369173166,5107,5098,0.0017622870569805604,4556,5093,0,548,0,1,0,0,,0,0,,0,0,,420,388,0.07619047619047614,,55057,54934,0.0022340483498919372,13
KT-HQ,P450,139999,140289,0,141438,141720,0,101338,101533,0,95862,96082,0,110998,111220,0,101325,101524,0,93518,93731,0,78229,78404,0,66672,66814,0,67422,67562,0,87370,88135,0,90458,90092,0.004046076632249207,,1174629,1177106,0,1
KT-HQ,P451,27370,27018,0.01286079649251004,25998,25734,0.0101546272790215,30320,29912,0.013456464379947186,30822,30426,0.012847965738758016,33830,33349,0.01421814957138634,30217,28940,0.04226097891915148,26003,24144,0.07149175095181326,33109,30956,0.0650276359902141,30045,29585,0.015310367781660839,27827,27465,0.013008948143888976,28020,27633,0.013811563169164875,25005,24668,0.013477304539092128,,348566,339830,0.02506268540247758,22
KT-HQ,P452,1336,1309,0.02020958083832336,1440,1411,0.02013888888888893,1630,1598,0.019631901840490795,1695,1662,0.019469026548672552,1736,1702,0.019585253456221197,1796,1760,0.020044543429844075,1911,1874,0.019361590790162198,1976,1937,0.019736842105263164,1852,1815,0.019978401727861805,1897,1859,0.02003162888771748,1912,1873,0.02039748953974896,1800,1763,0.02055555555555555,,20981,20563,0.019922787283732868,1
KT-HQ,P453,801,791,0.012484394506866447,953,938,0.015739769150052485,991,977,0.014127144298688221,1204,1185,0.01578073089700993,1111,1094,0.015301530153015275,1177,1159,0.015293118096856406,1147,1131,0.013949433304272008,1180,1163,0.014406779661017,1167,1151,0.013710368466152478,1165,1147,0.015450643776824036,1293,1268,0.01933488012374318,1422,1395,0.01898734177215189,,13611,13399,0.015575637352141625,1
KT-HQ,P454,1273,1246,0.02120974076983506,1423,1393,0.0210822206605763,1738,1702,0.020713463751438455,2301,2251,0.021729682746631895,2395,2344,0.02129436325678502,2590,2534,0.021621621621621623,2510,2457,0.021115537848605537,2614,2558,0.021423106350420773,2728,2670,0.02126099706744866,2559,2503,0.021883548261039443,2741,2680,0.02225465158701201,2532,2477,0.02172195892575035,,27404,26815,0.021493212669683293,1
KT-HQ,P455,500,498,0.0040000000000000036,619,614,0.008077544426494332,698,689,0.012893982808022897,779,772,0.00898587933247752,669,664,0.007473841554558991,693,687,0.008658008658008698,641,639,0.0031201248049922414,643,639,0.0062208398133748455,584,581,0.005136986301369828,616,612,0.00649350649350644,679,674,0.007363770250368162,789,781,0.010139416983523497,,7910,7850,0.007585335018963302,1
KT-HQ,P456,341,336,0.014662756598240456,390,383,0.017948717948717996,485,477,0.016494845360824795,726,712,0.019283746556473802,734,719,0.02043596730245234,811,795,0.019728729963008673,848,833,0.017688679245283057,825,808,0.020606060606060628,758,744,0.01846965699208447,759,745,0.01844532279314892,773,758,0.019404915912031084,742,728,0.018867924528301883,,8192,8038,0.018798828125,1
KT-HQ,P457,2064,2020,0.02131782945736438,2364,2312,0.021996615905245376,2523,2463,0.02378121284185497,3104,3031,0.02351804123711343,2908,2840,0.023383768913342484,2810,2744,0.02348754448398571,2854,2787,0.023475823405746277,2984,2913,0.0237935656836461,2873,2806,0.023320570831883103,3060,2988,0.02352941176470591,3032,2961,0.023416886543535576,3255,3178,0.023655913978494647,,33831,33043,0.023292246755933887,1
KT-HQ,P458,946,932,0.014799154334038,1000,986,0.014000000000000012,1086,1072,0.012891344383057057,1312,1292,0.015243902439024404,1219,1201,0.014766201804757961,1259,1240,0.015091342335186608,1215,1197,0.014814814814814836,1121,1106,0.01338090990187335,1116,1101,0.013440860215053752,1137,1120,0.014951627088830244,1145,1128,0.014847161572052348,1231,1211,0.01624695369618201,,13787,13586,0.014578951185899802,1
KT-HQ,P459,812,1145,0,1064,1404,0,864,1155,0,1246,1572,0,1201,1503,0,1372,1698,0,1495,1832,0,1582,1932,0,1277,1597,0,3246,3595,0,2811,3149,0,2061,2394,0,,19031,22976,0,1
KT-HQ,P460,291,289,0.0068728522336769515,363,363,0,386,390,0,579,590,0,493,500,0,518,524,0,627,632,0,622,629,0,663,672,0,613,621,0,760,769,0,796,807,0,,6711,6786,0,1
KT-HQ,P461,475,480,0,567,572,0,565,580,0,606,601,0.008250825082508295,681,687,0,612,617,0,668,674,0,670,676,0,695,702,0,848,857,0,654,661,0,778,785,0,,7819,7892,0,1
KT-HQ,P462,28838,28417,0.01459879325889446,28011,27589,0.015065509978222869,29524,29116,0.013819265682156856,34249,33736,0.014978539519401979,38294,37751,0.014179767065336635,36555,35977,0.01581179045274239,34193,33640,0.016172900886146313,37134,36615,0.013976409759250297,36642,35948,0.01894001419136515,34858,34411,0.012823455160938635,36696,36060,0.01733158927403533,33633,33056,0.01715576963101717,,408627,402316,0.015444402841711335,135
KT-HQ,P463,2462,2476,0,2787,2801,0,2820,2832,0,3275,3290,0,5127,5152,0,5430,5468,0,5492,5534,0,4321,4444,0,3168,3382,0,3864,3975,0,4210,4237,0,4144,4164,0,,47100,47755,0,1
KT-HQ,P464,286,287,0,410,413,0,469,478,0,651,666,0,612,626,0,680,698,0,675,693,0,720,739,0,703,718,0,806,824,0,900,923,0,909,932,0,,7821,7997,0,1
KT-HQ,P465,300,303,0,329,332,0,356,361,0,430,436,0,445,453,0,555,564,0,554,565,0,534,544,0,511,519,0,571,582,0,597,608,0,550,559,0,,5732,5826,0,1
KT-HQ,P466,363,360,0.008264462809917328,535,557,0,607,621,0,864,882,0,783,799,0,773,786,0,749,760,0,791,804,0,823,836,0,967,959,0.008273009307135482,1024,1070,0,830,845,0,,9109,9279,0,1
KT-HQ,P467,870,888,0,1124,1150,0,1204,1232,0,1517,1553,0,1455,1489,0,1443,1475,0,1425,1456,0,1316,1344,0,1511,1544,0,1701,1740,0,1935,1978,0,1925,1969,0,,17426,17818,0,1
KT-HQ,P468,421,426,0,542,549,0,559,568,0,971,993,0,859,878,0,894,914,0,1052,1079,0,1082,1108,0,1145,1173,0,1113,1143,0,1305,1338,0,1327,1362,0,,11270,11531,0,1
KT-HQ,P469,0,0,,182,183,0,98,98,0,125,126,0,0,0,,0,0,,6,8,0,8,10,0,11,12,0,30,30,0,11,14,0,41,40,0.024390243902439046,,512,521,0,1
KT-HQ,P470,0,0,,467,885,0,756,1215,0,945,1429,0,755,1229,0,940,1449,0,1409,1937,0,1567,2108,0,1400,1884,0,1206,1718,0,1816,2320,0,3062,3540,0,,14323,19714,0,1
KT-HQ,P471,0,0,,0,0,,113,113,0,983,996,0,939,959,0,390,394,0,204,201,0.014705882352941124,319,319,0,208,205,0.014423076923076872,318,318,0,358,359,0,562,570,0,,4394,4434,0,1
KT-HQ,P472,0,0,,0,0,,4275,4272,0.00070175438596487,9858,9854,0.00040576181781293297,9332,9326,0.0006429489927132215,9197,9188,0.0009785799717298982,10949,10938,0.0010046579596310057,10591,10580,0.0010386176942687175,8218,8207,0.0013385251886103289,10474,10460,0.0013366431162880055,9597,9587,0.0010419922892570543,8038,8030,0.0009952724558347503,,90529,90442,0.0009610180163263093,1
KT-HQ,P473,0,0,,0,0,,0,0,,0,0,,0,0,,0,0,,1594,1592,0.0012547051442910462,1958,1956,0.0010214504596527396,1995,1991,0.002005012531328343,2260,2257,0.0013274336283185528,2397,2404,0,2336,2323,0.005565068493150638,,12540,12523,0.0013556618819776656,1
KT-HQ,P474,0,0,,0,0,,0,0,,0,0,,0,0,,0,0,,258,0,1,-258,0,0,0,0,,0,0,,11,12,0,12,13,0,,23,25,0,1
KT-HQ,P475,0,0,,0,0,,0,0,,0,0,,0,0,,0,0,,0,0,,805,805,0,318,617,0,912,613,0.32785087719298245,756,756,0,776,778,0,,3567,3569,0,1
KT-HQ,P476,0,0,,0,0,,0,0,,0,0,,0,0,,0,0,,415,410,0.012048192771084376,442,432,0.022624434389140302,535,529,0.01121495327102806,495,485,0.02020202020202022,658,649,0.01367781155015202,637,633,0.006279434850863463,,3182,3138,0.013827781269641681,13
KT-HQ,P477,0,0,,0,0,,0,0,,0,0,,0,0,,0,0,,378,379,0,384,385,0,339,339,0,363,363,0,379,380,0,375,376,0,,2218,2222,0,1
KT-HQ,P478,0,0,,0,0,,0,0,,0,0,,0,0,,0,0,,35,35,0,252,254,0,314,316,0,272,198,0.2720588235294118,500,574,0,616,617,0,,1989,1994,0,1
KT-HQ,P479,0,0,,0,0,,0,0,,0,0,,0,0,,0,0,,0,0,,1930,1929,0.0005181347150259308,1992,2009,0,2494,2504,0,2476,2448,0.011308562197092087,2260,2260,0,,11152,11150,0.0001793400286943525,1
KT-HQ,P480,0,0,,0,0,,0,0,,0,0,,0,0,,0,0,,0,0,,0,0,,0,0,,0,0,,0,0,,0,0,,,0,0,,0
KT-HQ,P481,0,0,,0,0,,0,0,,0,0,,0,0,,0,0,,0,0,,0,0,,0,0,,0,0,,0,0,,0,0,,,0,0,,1
