Unnamed: 0,Unnamed: 1,January,Unnamed: 3,Unnamed: 4,February,Unnamed: 6,Unnamed: 7,March,Unnamed: 9,Unnamed: 10,April,Unnamed: 12,Unnamed: 13,May,Unnamed: 15,Unnamed: 16,June,Unnamed: 18,Unnamed: 19,July,Unnamed: 21,Unnamed: 22,August,Unnamed: 24,Unnamed: 25,September,Unnamed: 27,Unnamed: 28,October,Unnamed: 30,Unnamed: 31,November,Unnamed: 33,Unnamed: 34,December,Unnamed: 36,Unnamed: 37,Unnamed: 38,Accumulate for Year 2025,Unnamed: 40,Unnamed: 41,Unnamed: 42
Region,Cabin,Total kWh,Sales kWh,Losses,Total kWh,Sales kWh,Losses,Total kWh,Sales kWh,Losses,Total kWh,Sales kWh,Losses,Total kWh,Sales kWh,Losses,Total kWh,Sales kWh,Losses,Total kWh,Sales kWh,Losses,Total kWh,Sales kWh,Losses,Total kWh,Sales kWh,Losses,Total kWh,Sales kWh,Losses,Total kWh,Sales kWh,Losses,Total kWh,Sales kWh,Losses,,Total kWh,Sales kWh,Losses,Consumer
SHV-HQ,04L,0,0,,0,0,,0,0,,0,0,,0,0,,0,0,,0,0,,0,0,,0,0,,0,0,,0,0,,0,0,,,0,0,,0
SHV-HQ,192,0,0,,0,0,,0,0,,0,0,,0,0,,0,0,,0,0,,0,0,,0,0,,0,0,,0,0,,0,0,,,0,0,,0
SHV-HQ,92,0,0,,0,0,,0,0,,0,0,,0,0,,0,0,,0,0,,0,0,,0,0,,0,0,,0,0,,0,0,,,0,0,,0
SHV-HQ,ASL01,0,0,,0,0,,0,0,,0,0,,0,0,,0,0,,0,0,,0,0,,0,0,,0,0,,0,0,,0,0,,,0,0,,0
SHV-HQ,BAC-908,0,0,,0,0,,0,0,,0,0,,0,0,,0,0,,0,0,,0,0,,0,0,,0,0,,0,0,,0,0,,,0,0,,0
SHV-HQ,C-001,0,51730,0,0,52940,0,0,50470,0,0,52010,0,0,53520,0,0,54000,0,0,51150,0,0,52520,0,0,47970,0,0,49320,0,0,48690,0,0,48260,0,,0,612580,0,2
SHV-HQ,CPK14,0,0,,0,0,,0,0,,0,0,,0,0,,0,0,,0,0,,0,0,,0,0,,0,0,,0,0,,0,0,,,0,0,,0
SHV-HQ,EDC CHECK PMT-166,0,0,,0,0,,0,0,,0,0,,0,0,,0,0,,0,0,,0,0,,0,0,,0,0,,0,0,,0,0,,,0,0,,0
SHV-HQ,MLY01,0,0,,0,0,,0,0,,0,0,,0,0,,0,0,,0,0,,0,0,,0,0,,0,0,,0,0,,0,0,,,0,0,,0
SHV-HQ,MSL05,0,0,,0,0,,0,0,,0,0,,0,0,,0,0,,0,0,,0,0,,0,0,,0,0,,0,0,,0,0,,,0,0,,0
SHV-HQ,OPS-1487,5730,5734,0,4399,4399,0,3774,3776,0,5686,5689,0,4349,4352,0,5136,5140,0,4051,4054,0,4577,4580,0,5177,5181,0,3060,3061,0,5085,5089,0,4857,4860,0,,55881,55915,0,1
SHV-HQ,OPS-1652,18909,18915,0,22352,22359,0,22758,22764,0,32492,32513,0,35346,35349,0,35909,35920,0,35902,35915,0,37701,37714,0,39834,39848,0,43989,44004,0,51464,51482,0,49154,49169,0,,425810,425952,0,1
SHV-HQ,OPS-1765,59,589,0,54,548,0,54,516,0,66,584,0,65,565,0,62,578,0,46,550,0,67,583,0,71,589,0,72,603,0,83,613,0,100,644,0,,799,6962,0,1
SHV-HQ,OPS-1888,99594,95453,0.041578809968471964,108034,103226,0.044504507840124385,102298,97712,0.04482981094449545,113645,108801,0.04262396057899598,109193,104261,0.04516773053217693,114936,110104,0.0420407879167537,108005,103627,0.04053516040924032,112108,107404,0.041959539015948955,113374,108220,0.04546015841374562,103202,99276,0.03804189841282146,120205,115171,0.041878457634873745,110627,100880,0.08810688168349501,,1315221,1254135,0.0464454262819709,268
SHV-HQ,PBT02,0,0,,0,0,,0,0,,0,0,,0,0,,0,0,,0,0,,0,0,,0,0,,0,0,,0,0,,0,0,,,0,0,,0
SHV-HQ,PCBT,0,0,,0,0,,0,0,,0,0,,0,0,,0,0,,0,0,,0,0,,0,0,,0,0,,0,0,,0,0,,,0,0,,0
SHV-HQ,PCTR,0,0,,0,0,,0,0,,0,0,,0,0,,0,0,,0,0,,0,0,,0,0,,0,0,,0,0,,0,0,,,0,0,,0
SHV-HQ,PHK01,0,0,,0,0,,0,0,,0,0,,0,0,,0,0,,0,0,,0,0,,0,0,,0,0,,0,0,,0,0,,,0,0,,0
SHV-HQ,PKC01,0,0,,0,0,,0,0,,0,0,,0,0,,0,0,,0,0,,0,0,,0,0,,0,0,,0,0,,0,0,,,0,0,,0
SHV-HQ,PKC02,0,0,,0,0,,0,0,,0,0,,0,0,,0,0,,0,0,,0,0,,0,0,,0,0,,0,0,,0,0,,,0,0,,0
SHV-HQ,PKC03,0,0,,0,0,,0,0,,0,0,,0,0,,0,0,,0,0,,0,0,,0,0,,0,0,,0,0,,0,0,,,0,0,,0
SHV-HQ,PKC04,0,0,,0,0,,0,0,,0,0,,0,0,,0,0,,0,0,,0,0,,0,0,,0,0,,0,0,,0,0,,,0,0,,0
SHV-HQ,PKC05,0,0,,0,0,,0,0,,0,0,,0,0,,0,0,,0,0,,0,0,,0,0,,0,0,,0,0,,0,0,,,0,0,,0
SHV-HQ,PKC06,0,0,,0,0,,0,0,,0,0,,0,0,,0,0,,0,0,,0,0,,0,0,,0,0,,0,0,,0,0,,,0,0,,0
SHV-HQ,PKC07,0,0,,0,0,,0,0,,0,0,,0,0,,0,0,,0,0,,0,0,,0,0,,0,0,,0,0,,0,0,,,0,0,,0
SHV-HQ,PKC08,0,0,,0,0,,0,0,,0,0,,0,0,,0,0,,0,0,,0,0,,0,0,,0,0,,0,0,,0,0,,,0,0,,0
SHV-HQ,PKC09,0,0,,0,0,,0,0,,0,0,,0,0,,0,0,,0,0,,0,0,,0,0,,0,0,,0,0,,0,0,,,0,0,,0
SHV-HQ,PKC10,0,0,,0,0,,0,0,,0,0,,0,0,,0,0,,0,0,,0,0,,0,0,,0,0,,0,0,,0,0,,,0,0,,0
SHV-HQ,PKC11,0,0,,0,0,,0,0,,0,0,,0,0,,0,0,,0,0,,0,0,,0,0,,0,0,,0,0,,0,0,,,0,0,,0
SHV-HQ,PKP,0,0,,0,0,,0,0,,0,0,,0,0,,0,0,,0,0,,0,0,,0,0,,0,0,,0,0,,0,0,,,0,0,,0
SHV-HQ,PLYP03,0,0,,0,0,,0,0,,0,0,,0,0,,0,0,,0,0,,0,0,,0,0,,0,0,,0,0,,0,0,,,0,0,,0
SHV-HQ,PM1017,0,0,,0,0,,0,0,,0,0,,0,0,,0,0,,0,0,,0,0,,0,0,,0,0,,0,0,,0,0,,,0,0,,0
SHV-HQ,PM102,0,0,,0,0,,0,0,,0,0,,0,0,,0,0,,0,0,,0,0,,0,0,,0,0,,0,0,,0,0,,,0,0,,0
SHV-HQ,PM1020,0,0,,0,0,,0,0,,0,0,,0,0,,0,0,,0,0,,0,0,,0,0,,0,0,,0,0,,0,0,,,0,0,,0
SHV-HQ,PM1021,0,0,,0,0,,0,0,,0,0,,0,0,,0,0,,0,0,,0,0,,0,0,,0,0,,0,0,,0,0,,,0,0,,0
SHV-HQ,PM1031,0,0,,0,0,,0,0,,0,0,,0,0,,0,0,,0,0,,0,0,,0,0,,0,0,,0,0,,0,0,,,0,0,,0
SHV-HQ,PM1032,0,0,,0,0,,0,0,,0,0,,0,0,,0,0,,0,0,,0,0,,0,0,,0,0,,0,0,,0,0,,,0,0,,0
SHV-HQ,PM104,0,0,,0,0,,0,0,,0,0,,0,0,,0,0,,0,0,,0,0,,0,0,,0,0,,0,0,,0,0,,,0,0,,0
SHV-HQ,PM1044,0,0,,0,0,,0,0,,0,0,,0,0,,0,0,,0,0,,0,0,,0,0,,0,0,,0,0,,0,0,,,0,0,,0
SHV-HQ,PM1048,0,0,,0,0,,0,0,,0,0,,0,0,,0,0,,0,0,,0,0,,0,0,,0,0,,0,0,,0,0,,,0,0,,0
SHV-HQ,PM105,0,0,,0,0,,0,0,,0,0,,0,0,,0,0,,0,0,,0,0,,0,0,,0,0,,0,0,,0,0,,,0,0,,0
SHV-HQ,PM106,0,0,,0,0,,0,0,,0,0,,0,0,,0,0,,0,0,,0,0,,0,0,,0,0,,0,0,,0,0,,,0,0,,0
SHV-HQ,PM1068,0,0,,0,0,,0,0,,0,0,,0,0,,0,0,,0,0,,0,0,,0,0,,0,0,,0,0,,0,0,,,0,0,,0
SHV-HQ,PM107,0,0,,0,0,,0,0,,0,0,,0,0,,0,0,,0,0,,0,0,,0,0,,0,0,,0,0,,0,0,,,0,0,,0
SHV-HQ,PM1073,0,0,,0,0,,0,0,,0,0,,0,0,,0,0,,0,0,,0,0,,0,0,,0,0,,0,0,,0,0,,,0,0,,0
SHV-HQ,PM108,0,0,,0,0,,0,0,,0,0,,0,0,,0,0,,0,0,,0,0,,0,0,,0,0,,0,0,,0,0,,,0,0,,0
SHV-HQ,PM1081,0,0,,0,0,,0,0,,0,0,,0,0,,0,0,,0,0,,0,0,,0,0,,0,0,,0,0,,0,0,,,0,0,,0
SHV-HQ,PM109,0,0,,0,0,,0,0,,0,0,,0,0,,0,0,,0,0,,0,0,,0,0,,0,0,,0,0,,0,0,,,0,0,,0
SHV-HQ,PM1100,0,0,,0,0,,0,0,,0,0,,0,0,,0,0,,0,0,,0,0,,0,0,,0,0,,0,0,,0,0,,,0,0,,0
SHV-HQ,PM111,0,0,,0,0,,0,0,,0,0,,0,0,,0,0,,0,0,,0,0,,0,0,,0,0,,0,0,,0,0,,,0,0,,0
SHV-HQ,PM1114,0,0,,0,0,,0,0,,0,0,,0,0,,0,0,,0,0,,0,0,,0,0,,0,0,,0,0,,0,0,,,0,0,,0
SHV-HQ,PM112,0,0,,0,0,,0,0,,0,0,,0,0,,0,0,,0,0,,0,0,,0,0,,0,0,,0,0,,0,0,,,0,0,,0
SHV-HQ,PM1122,0,0,,0,0,,0,0,,0,0,,0,0,,0,0,,0,0,,0,0,,0,0,,0,0,,0,0,,0,0,,,0,0,,0
SHV-HQ,PM1138,0,0,,0,0,,0,0,,0,0,,0,0,,0,0,,0,0,,0,0,,0,0,,0,0,,0,0,,0,0,,,0,0,,0
SHV-HQ,PM114,0,0,,0,0,,0,0,,0,0,,0,0,,0,0,,0,0,,0,0,,0,0,,0,0,,0,0,,0,0,,,0,0,,0
SHV-HQ,PM1143,0,0,,0,0,,0,0,,0,0,,0,0,,0,0,,0,0,,0,0,,0,0,,0,0,,0,0,,0,0,,,0,0,,0
SHV-HQ,PM1146,0,0,,0,0,,0,0,,0,0,,0,0,,0,0,,0,0,,0,0,,0,0,,0,0,,0,0,,0,0,,,0,0,,0
SHV-HQ,PM115,0,0,,0,0,,0,0,,0,0,,0,0,,0,0,,0,0,,0,0,,0,0,,0,0,,0,0,,0,0,,,0,0,,0
SHV-HQ,PM1174,0,0,,0,0,,0,0,,0,0,,0,0,,0,0,,0,0,,0,0,,0,0,,0,0,,0,0,,0,0,,,0,0,,0
SHV-HQ,PM1177,0,0,,0,0,,0,0,,0,0,,0,0,,0,0,,0,0,,0,0,,0,0,,0,0,,0,0,,0,0,,,0,0,,0
SHV-HQ,PM119,0,0,,0,0,,0,0,,0,0,,0,0,,0,0,,0,0,,0,0,,0,0,,0,0,,0,0,,0,0,,,0,0,,0
SHV-HQ,PM120,0,0,,0,0,,0,0,,0,0,,0,0,,0,0,,0,0,,0,0,,0,0,,0,0,,0,0,,0,0,,,0,0,,0
SHV-HQ,PM121,0,0,,0,0,,0,0,,0,0,,0,0,,0,0,,0,0,,0,0,,0,0,,0,0,,0,0,,0,0,,,0,0,,0
SHV-HQ,PM1217,0,0,,0,0,,0,0,,0,0,,0,0,,0,0,,0,0,,0,0,,0,0,,0,0,,0,0,,0,0,,,0,0,,0
SHV-HQ,PM1219,0,0,,0,0,,0,0,,0,0,,0,0,,0,0,,0,0,,0,0,,0,0,,0,0,,0,0,,0,0,,,0,0,,0
SHV-HQ,PM122,0,0,,0,0,,0,0,,0,0,,0,0,,0,0,,0,0,,0,0,,0,0,,0,0,,0,0,,0,0,,,0,0,,0
SHV-HQ,PM123,0,0,,0,0,,0,0,,0,0,,0,0,,0,0,,0,0,,0,0,,0,0,,0,0,,0,0,,0,0,,,0,0,,0
SHV-HQ,PM124,0,0,,0,0,,0,0,,0,0,,0,0,,0,0,,0,0,,0,0,,0,0,,0,0,,0,0,,0,0,,,0,0,,0
SHV-HQ,PM1247,0,0,,0,0,,0,0,,0,0,,0,0,,0,0,,0,0,,0,0,,0,0,,0,0,,0,0,,0,0,,,0,0,,0
SHV-HQ,PM1264,0,0,,0,0,,0,0,,0,0,,0,0,,0,0,,0,0,,0,0,,0,0,,0,0,,0,0,,0,0,,,0,0,,0
SHV-HQ,PM1265,0,0,,0,0,,0,0,,0,0,,0,0,,0,0,,0,0,,0,0,,0,0,,0,0,,0,0,,0,0,,,0,0,,0
SHV-HQ,PM127,0,0,,0,0,,0,0,,0,0,,0,0,,0,0,,0,0,,0,0,,0,0,,0,0,,0,0,,0,0,,,0,0,,0
SHV-HQ,PM1272,0,0,,0,0,,0,0,,0,0,,0,0,,0,0,,0,0,,0,0,,0,0,,0,0,,0,0,,0,0,,,0,0,,0
SHV-HQ,PM1291,0,0,,0,0,,0,0,,0,0,,0,0,,0,0,,0,0,,0,0,,0,0,,0,0,,0,0,,0,0,,,0,0,,0
SHV-HQ,PM130,0,0,,0,0,,0,0,,0,0,,0,0,,0,0,,0,0,,0,0,,0,0,,0,0,,0,0,,0,0,,,0,0,,0
SHV-HQ,PM1312,0,0,,0,0,,0,0,,0,0,,0,0,,0,0,,0,0,,0,0,,0,0,,0,0,,0,0,,0,0,,,0,0,,0
SHV-HQ,PM132,0,0,,0,0,,0,0,,0,0,,0,0,,0,0,,0,0,,0,0,,0,0,,0,0,,0,0,,0,0,,,0,0,,0
SHV-HQ,PM133,0,0,,0,0,,0,0,,0,0,,0,0,,0,0,,0,0,,0,0,,0,0,,0,0,,0,0,,0,0,,,0,0,,0
SHV-HQ,PM1331,0,0,,0,0,,0,0,,0,0,,0,0,,0,0,,0,0,,0,0,,0,0,,0,0,,0,0,,0,0,,,0,0,,0
SHV-HQ,PM1336,0,0,,0,0,,0,0,,0,0,,0,0,,0,0,,0,0,,0,0,,0,0,,0,0,,0,0,,0,0,,,0,0,,0
SHV-HQ,PM1338,0,0,,0,0,,0,0,,0,0,,0,0,,0,0,,0,0,,0,0,,0,0,,0,0,,0,0,,0,0,,,0,0,,0
SHV-HQ,PM134,0,0,,0,0,,0,0,,0,0,,0,0,,0,0,,0,0,,0,0,,0,0,,0,0,,0,0,,0,0,,,0,0,,0
SHV-HQ,PM135,0,0,,0,0,,0,0,,0,0,,0,0,,0,0,,0,0,,0,0,,0,0,,0,0,,0,0,,0,0,,,0,0,,0
SHV-HQ,PM1357,0,0,,0,0,,0,0,,0,0,,0,0,,0,0,,0,0,,0,0,,0,0,,0,0,,0,0,,0,0,,,0,0,,0
SHV-HQ,PM1369,0,0,,0,0,,0,0,,0,0,,0,0,,0,0,,0,0,,0,0,,0,0,,0,0,,0,0,,0,0,,,0,0,,0
SHV-HQ,PM137,0,0,,0,0,,0,0,,0,0,,0,0,,0,0,,0,0,,0,0,,0,0,,0,0,,0,0,,0,0,,,0,0,,0
SHV-HQ,PM138,0,0,,0,0,,0,0,,0,0,,0,0,,0,0,,0,0,,0,0,,0,0,,0,0,,0,0,,0,0,,,0,0,,0
SHV-HQ,PM1383,0,0,,0,0,,0,0,,0,0,,0,0,,0,0,,0,0,,0,0,,0,0,,0,0,,0,0,,0,0,,,0,0,,0
SHV-HQ,PM1387,0,0,,0,0,,0,0,,0,0,,0,0,,0,0,,0,0,,0,0,,0,0,,0,0,,0,0,,0,0,,,0,0,,0
SHV-HQ,PM139,0,0,,0,0,,0,0,,0,0,,0,0,,0,0,,0,0,,0,0,,0,0,,0,0,,0,0,,0,0,,,0,0,,0
SHV-HQ,PM141,0,0,,0,0,,0,0,,0,0,,0,0,,0,0,,0,0,,0,0,,0,0,,0,0,,0,0,,0,0,,,0,0,,0
SHV-HQ,PM142,0,0,,0,0,,0,0,,0,0,,0,0,,0,0,,0,0,,0,0,,0,0,,0,0,,0,0,,0,0,,,0,0,,0
SHV-HQ,PM143,0,0,,0,0,,0,0,,0,0,,0,0,,0,0,,0,0,,0,0,,0,0,,0,0,,0,0,,0,0,,,0,0,,0
SHV-HQ,PM1436,0,0,,0,0,,0,0,,0,0,,0,0,,0,0,,0,0,,0,0,,0,0,,0,0,,0,0,,0,0,,,0,0,,0
SHV-HQ,PM145,0,0,,0,0,,0,0,,0,0,,0,0,,0,0,,0,0,,0,0,,0,0,,0,0,,0,0,,0,0,,,0,0,,0
SHV-HQ,PM1456,0,0,,0,0,,0,0,,0,0,,0,0,,0,0,,0,0,,0,0,,0,0,,0,0,,0,0,,0,0,,,0,0,,0
SHV-HQ,PM1465,0,0,,0,0,,0,0,,0,0,,0,0,,0,0,,0,0,,0,0,,0,0,,0,0,,0,0,,0,0,,,0,0,,0
SHV-HQ,PM147,0,0,,0,0,,0,0,,0,0,,0,0,,0,0,,0,0,,0,0,,0,0,,0,0,,0,0,,0,0,,,0,0,,0
SHV-HQ,PM1479,0,0,,0,0,,0,0,,0,0,,0,0,,0,0,,0,0,,0,0,,0,0,,0,0,,0,0,,0,0,,,0,0,,0
SHV-HQ,PM148,0,0,,0,0,,0,0,,0,0,,0,0,,0,0,,0,0,,0,0,,0,0,,0,0,,0,0,,0,0,,,0,0,,0
SHV-HQ,PM149,0,0,,0,0,,0,0,,0,0,,0,0,,0,0,,0,0,,0,0,,0,0,,0,0,,0,0,,0,0,,,0,0,,0
SHV-HQ,PM1492,0,0,,0,0,,0,0,,0,0,,0,0,,0,0,,0,0,,0,0,,0,0,,0,0,,0,0,,0,0,,,0,0,,0
SHV-HQ,PM1493,0,0,,0,0,,0,0,,0,0,,0,0,,0,0,,0,0,,0,0,,0,0,,0,0,,0,0,,0,0,,,0,0,,0
SHV-HQ,PM1496,0,0,,0,0,,0,0,,0,0,,0,0,,0,0,,0,0,,0,0,,0,0,,0,4133,0,0,0,,0,0,,,0,4133,0,0
SHV-HQ,PM150,0,0,,0,0,,0,0,,0,0,,0,0,,0,0,,0,0,,0,0,,0,0,,0,0,,0,0,,0,0,,,0,0,,0
SHV-HQ,PM152,0,0,,0,0,,0,0,,0,0,,0,0,,0,0,,0,0,,0,0,,0,0,,0,0,,0,0,,0,0,,,0,0,,0
SHV-HQ,PM1523,0,0,,0,0,,0,0,,0,0,,0,0,,0,0,,0,0,,0,0,,0,0,,0,0,,0,0,,0,0,,,0,0,,0
SHV-HQ,PM1526,0,0,,0,0,,0,0,,0,0,,0,0,,0,0,,0,0,,0,0,,0,0,,0,0,,0,0,,0,0,,,0,0,,0
SHV-HQ,PM153,0,0,,0,0,,0,0,,0,0,,0,0,,0,0,,0,0,,0,0,,0,0,,0,0,,0,0,,0,0,,,0,0,,0
SHV-HQ,PM154,0,0,,0,0,,0,0,,0,0,,0,0,,0,0,,0,0,,0,0,,0,0,,0,0,,0,0,,0,0,,,0,0,,0
SHV-HQ,PM155,0,0,,0,0,,0,0,,0,0,,0,0,,0,0,,0,0,,0,0,,0,0,,0,0,,0,0,,0,0,,,0,0,,0
SHV-HQ,PM157,0,0,,0,0,,0,0,,0,0,,0,0,,0,0,,0,0,,0,0,,0,0,,0,0,,0,0,,0,0,,,0,0,,0
SHV-HQ,PM158,0,0,,0,0,,0,0,,0,0,,0,0,,0,0,,0,0,,0,0,,0,0,,0,0,,0,0,,0,0,,,0,0,,0
SHV-HQ,PM1592,0,0,,0,0,,0,0,,0,0,,0,0,,0,0,,0,0,,0,0,,0,0,,0,0,,0,0,,0,0,,,0,0,,0
SHV-HQ,PM160,0,0,,0,0,,0,0,,0,0,,0,0,,0,0,,0,0,,0,0,,0,0,,0,0,,0,0,,0,0,,,0,0,,0
SHV-HQ,PM161,0,0,,0,0,,0,0,,0,0,,0,0,,0,0,,0,0,,0,0,,0,0,,0,0,,0,0,,0,0,,,0,0,,0
SHV-HQ,PM162,0,0,,0,0,,0,0,,0,0,,0,0,,0,0,,0,0,,0,0,,0,0,,0,0,,0,0,,0,0,,,0,0,,0
SHV-HQ,PM163,0,0,,0,0,,0,0,,0,0,,0,0,,0,0,,0,0,,0,0,,0,0,,0,0,,0,0,,0,0,,,0,0,,0
SHV-HQ,PM164,0,0,,0,0,,0,0,,0,0,,0,0,,0,0,,0,0,,0,0,,0,0,,0,0,,0,0,,0,0,,,0,0,,0
SHV-HQ,PM1648,0,0,,0,0,,0,0,,0,0,,0,0,,0,0,,0,0,,0,0,,0,0,,0,0,,0,0,,0,0,,,0,0,,0
SHV-HQ,PM165,0,0,,0,0,,0,0,,0,0,,0,0,,0,0,,0,0,,0,0,,0,0,,0,0,,0,0,,0,0,,,0,0,,0
SHV-HQ,PM166,0,0,,0,0,,0,0,,0,0,,0,0,,0,0,,0,0,,0,0,,0,0,,0,0,,0,0,,0,0,,,0,0,,0
SHV-HQ,PM167,0,0,,0,0,,0,0,,0,0,,0,0,,0,0,,0,0,,0,0,,0,0,,0,0,,0,0,,0,0,,,0,0,,0
SHV-HQ,PM168,0,0,,0,0,,0,0,,0,0,,0,0,,0,0,,0,0,,0,0,,0,0,,0,0,,0,0,,0,0,,,0,0,,0
SHV-HQ,PM169,0,0,,0,0,,0,0,,0,0,,0,0,,0,0,,0,0,,0,0,,0,0,,0,0,,0,0,,0,0,,,0,0,,0
SHV-HQ,PM170,0,0,,0,0,,0,0,,0,0,,0,0,,0,0,,0,0,,0,0,,0,0,,0,0,,0,0,,0,0,,,0,0,,0
SHV-HQ,PM171,0,0,,0,0,,0,0,,0,0,,0,0,,0,0,,0,0,,0,0,,0,0,,0,0,,0,0,,0,0,,,0,0,,0
SHV-HQ,PM172,0,0,,0,0,,0,0,,0,0,,0,0,,0,0,,0,0,,0,0,,0,0,,0,0,,0,0,,0,0,,,0,0,,0
SHV-HQ,PM173,0,0,,0,0,,0,0,,0,0,,0,0,,0,0,,0,0,,0,0,,0,0,,0,0,,0,0,,0,0,,,0,0,,0
SHV-HQ,PM174,0,0,,0,0,,0,0,,0,0,,0,0,,0,0,,0,0,,0,0,,0,0,,0,0,,0,0,,0,0,,,0,0,,0
SHV-HQ,PM175,0,117,0,0,119,0,0,109,0,0,0,,0,0,,0,0,,0,0,,0,0,,0,0,,0,0,,0,0,,0,0,,,0,345,0,0
SHV-HQ,PM-176,0,0,,0,0,,0,0,,0,0,,0,0,,0,0,,0,0,,0,0,,0,0,,0,0,,0,0,,0,0,,,0,0,,0
SHV-HQ,PM177,0,0,,0,0,,0,0,,0,0,,0,0,,0,0,,0,0,,0,0,,0,0,,0,0,,0,0,,0,0,,,0,0,,0
SHV-HQ,PM181,0,0,,0,0,,0,0,,0,0,,0,0,,0,0,,0,0,,0,0,,0,0,,0,0,,0,0,,0,0,,,0,0,,0
SHV-HQ,PM185,0,0,,0,0,,0,0,,0,0,,0,0,,0,0,,0,0,,0,0,,0,0,,0,0,,0,0,,0,0,,,0,0,,0
SHV-HQ,PM186,0,0,,0,0,,0,0,,0,0,,0,0,,0,0,,0,0,,0,0,,0,0,,0,0,,0,0,,0,0,,,0,0,,0
SHV-HQ,PM196,0,0,,0,0,,0,0,,0,0,,0,0,,0,0,,0,0,,0,0,,0,0,,0,0,,0,0,,0,0,,,0,0,,0
SHV-HQ,PM198,0,0,,0,0,,0,0,,0,0,,0,0,,0,0,,0,0,,0,0,,0,0,,0,0,,0,0,,0,0,,,0,0,,0
SHV-HQ,PM199,0,0,,0,0,,0,0,,0,0,,0,0,,0,0,,0,0,,0,0,,0,0,,0,0,,0,0,,0,0,,,0,0,,0
SHV-HQ,PM201,0,0,,0,0,,0,0,,0,0,,0,0,,0,0,,0,0,,0,0,,0,0,,0,0,,0,0,,0,0,,,0,0,,0
SHV-HQ,PM208,0,0,,0,0,,0,0,,0,0,,0,0,,0,0,,0,0,,0,0,,0,0,,0,0,,0,0,,0,0,,,0,0,,0
SHV-HQ,PM209,0,0,,0,0,,0,0,,0,0,,0,0,,0,0,,0,0,,0,0,,0,0,,0,0,,0,0,,0,0,,,0,0,,0
SHV-HQ,PM210,0,0,,0,0,,0,0,,0,0,,0,0,,0,0,,0,0,,0,0,,0,0,,0,0,,0,0,,0,0,,,0,0,,0
SHV-HQ,PM211,0,0,,0,0,,0,0,,0,0,,0,0,,0,0,,0,0,,0,0,,0,0,,0,0,,0,0,,0,0,,,0,0,,0
SHV-HQ,PM214,0,0,,0,0,,0,0,,0,0,,0,0,,0,0,,0,0,,0,0,,0,0,,0,0,,0,0,,0,0,,,0,0,,0
SHV-HQ,PM217,0,0,,0,0,,0,0,,0,0,,0,0,,0,0,,0,0,,0,0,,0,0,,0,0,,0,0,,0,0,,,0,0,,0
SHV-HQ,PM221,0,0,,0,0,,0,0,,0,0,,0,0,,0,0,,0,0,,0,0,,0,0,,0,0,,0,0,,0,0,,,0,0,,0
SHV-HQ,PM222,0,0,,0,0,,0,0,,0,0,,0,0,,0,0,,0,0,,0,0,,0,0,,0,0,,0,0,,0,0,,,0,0,,0
SHV-HQ,PM223,0,0,,0,0,,0,0,,0,0,,0,0,,0,0,,0,0,,0,0,,0,0,,0,0,,0,0,,0,0,,,0,0,,0
SHV-HQ,PM41,0,0,,0,0,,0,0,,0,0,,0,0,,0,0,,0,0,,0,0,,0,0,,0,0,,0,0,,0,0,,,0,0,,0
SHV-HQ,PM42,0,0,,0,0,,0,0,,0,0,,0,0,,0,0,,0,0,,0,0,,0,0,,0,0,,0,0,,0,0,,,0,0,,0
SHV-HQ,PMC01,0,0,,0,0,,0,0,,0,0,,0,0,,0,0,,0,0,,0,0,,0,0,,0,0,,0,0,,0,0,,,0,0,,0
SHV-HQ,PMP01,0,0,,0,0,,0,0,,0,0,,0,0,,0,0,,0,0,,0,0,,0,0,,0,0,,0,0,,0,0,,,0,0,,0
SHV-HQ,PMT,0,0,,0,0,,0,0,,0,0,,0,0,,0,0,,0,0,,0,0,,0,0,,0,0,,0,0,,0,0,,,0,0,,0
SHV-HQ,PMT ASL-01,376018,376039,0,420112,420139,0,422566,422617,0,335205,473845,0,500830,501280,0,420510,420776,0,362990,363273,0,335310,335595,0,351960,352173,0,324460,324580,0,408270,408400,0,309310,309357,0,,4567541,4708074,0,1
SHV-HQ,PMT AW-01,2624,2579,0.017149390243902385,2770,2729,0.014801444043321288,2392,2359,0.013795986622073597,2839,2792,0.01655512504402956,2495,2446,0.019639278557114226,2630,2588,0.01596958174904939,2347,2309,0.016190881976991922,2728,2667,0.022360703812316696,2248,2161,0.03870106761565839,2124,2083,0.019303201506591372,2709,2672,0.013658176448874126,3550,3492,0.016338028169014085,,31456,30877,0.01840666327568663,1
SHV-HQ,PMT BH-01,217580,217757,0,225703,225920,0,192983,193174,0,213988,214192,0,217012,217212,0,238870,239093,0,243339,243559,0,255404,255642,0,252664,252885,0,243145,243357,0,258009,258234,0,261338,261572,0,,2820035,2822597,0,1
SHV-HQ,PMT CAT-01,5888,5894,0,6145,6154,0,5728,5736,0,7122,7137,0,6649,6662,0,6717,6736,0,6419,6438,0,7007,7030,0,6265,6285,0,7329,7355,0,7212,7232,0,6993,7014,0,,79474,79673,0,1
SHV-HQ,PMT CBT-01,413213,413059,0.00037268914579158263,417333,417187,0.0003498405350164102,370138,370014,0.00033501018539028316,367665,367559,0.00028830593067052934,378975,378860,0.0003034500956528019,341889,341799,0.0002632433333625839,307870,307785,0.000276090557702946,345449,345358,0.00026342528130052223,326387,326303,0.00025736319154867626,329190,329097,0.000282511619429493,334938,334841,0.0002896058374982635,331851,331735,0.0003495544687224239,,4264898,4263597,0.00030504832706435003,1
SHV-HQ,PMT CK-01,0,0,,0,0,,0,0,,0,0,,0,0,,0,0,,0,0,,0,0,,0,0,,0,0,,0,0,,0,0,,,0,0,,0
SHV-HQ,PMT CK-02,84285,84257,0.0003322062051372976,84621,84598,0.00027180014417227394,81445,81404,0.0005034072073177853,92269,92231,0.00041183929597155,89020,88985,0.0003931700741406363,85630,85600,0.00035034450543036666,91779,91746,0.00035955937632792256,97022,96990,0.0003298221022036696,83522,83496,0.0003112952276047576,85799,85770,0.00033799927738087376,88643,88614,0.0003271549924980244,85783,85756,0.0003147476772786817,,1049818,1049447,0.0003533945883953393,1
SHV-HQ,PMT CK-03,0,0,,0,0,,0,0,,0,0,,0,0,,0,0,,0,0,,0,0,,0,0,,0,0,,0,0,,0,0,,,0,0,,0
SHV-HQ,PMT CK-04,0,0,,0,0,,0,0,,0,0,,0,0,,0,0,,0,0,,0,0,,0,0,,0,0,,0,0,,0,0,,,0,0,,0
SHV-HQ,PMT CK-05,9969,9981,0,9403,9429,0,8424,8415,0.0010683760683760646,8768,8758,0.0011405109489051046,9158,9155,0.00032758244158115346,9370,9375,0,8515,8520,0,8239,8231,0.0009709916251972039,7420,7430,0,9015,8952,0.006988352745424309,10794,10817,0,10733,10654,0.007360477033448221,,109808,109717,0.0008287192190004067,1
SHV-HQ,PMT CK-06,5824,5819,0.000858516483516536,5729,5726,0.0005236515971374089,5167,5162,0.0009676795045481246,5949,5945,0.0006723819129265118,5615,5610,0.0008904719501335867,5828,5821,0.0012010981468771886,5746,5742,0.0006961364427428007,5820,5814,0.0010309278350515427,5633,5628,0.0008876264867743178,5159,5154,0.0009691800736576495,5152,5148,0.0007763975155279379,4923,4919,0.0008125126955108586,,66545,66488,0.0008565632278908497,1
SHV-HQ,PMT CK-07,2008,2037,0,1953,1982,0,1839,1866,0,2136,2168,0,2070,2100,0,1948,1950,0,1665,1664,0.0006006006006006315,1672,1673,0,1807,1807,0,1802,1802,0,36124,1823,0.9495349352231204,-32491,1809,0,,22533,22681,0,1
SHV-HQ,PMT CK-08,166,170,0,181,0,1,210,395,0,128,134,0,114,119,0,95,94,0.010526315789473717,95,95,0,104,103,0.009615384615384581,96,96,0,117,116,0.008547008547008517,181,181,0,212,211,0.004716981132075526,,1699,1714,0,1
SHV-HQ,PMT CK-09,0,0,,0,0,,0,0,,0,0,,0,0,,0,0,,0,0,,0,0,,0,0,,0,0,,0,0,,0,0,,,0,0,,0
SHV-HQ,PMT CK-10,23274,23278,0,23793,23796,0,23754,23757,0,26505,26508,0,27265,27270,0,28138,28141,0,27423,27429,0,38915,38923,0,38499,38508,0,38959,38969,0,49463,49478,0,42753,42764,0,,388741,388821,0,1
SHV-HQ,PMT CK-11,2275,2273,0.0008791208791208982,2107,2107,0,2120,2120,0,2428,2205,0.09184514003294897,1569,1793,0,1552,1555,0,1406,1409,0,1646,1649,0,1898,1902,0,2156,2160,0,2293,2297,0,2147,2151,0,,23597,23621,0,1
SHV-HQ,PMT CK-12,232,235,0,291,286,0.01718213058419249,362,361,0.002762430939226568,413,411,0.004842615012106588,425,424,0.0023529411764705577,407,406,0.002457002457002422,259,258,0.0038610038610038533,254,253,0.003937007874015741,301,299,0.006644518272425293,283,283,0,262,260,0.007633587786259555,216,215,0.00462962962962965,,3705,3691,0.0037786774628879582,1
SHV-HQ,PMT CK-13,755,739,0.021192052980132492,968,960,0.008264462809917328,1176,1177,0,1206,1207,0,866,864,0.002309468822170868,720,719,0.001388888888888884,1040,1040,0,1230,1230,0,778,777,0.0012853470437017567,1006,1006,0,1145,1145,0,876,874,0.0022831050228310223,,11766,11738,0.002379738228794781,1
SHV-HQ,PMT CK-14,301,301,0,391,390,0.002557544757033292,441,440,0.0022675736961451642,296,296,0,368,367,0.0027173913043477826,358,358,0,253,252,0.0039525691699604515,196,196,0,104,104,0,127,127,0,157,161,0,260,254,0.023076923076923106,,3252,3246,0.0018450184501844769,1
SHV-HQ,PMT CK-15,0,0,,0,0,,0,0,,0,0,,0,0,,0,0,,0,0,,0,0,,0,0,,0,0,,0,0,,0,0,,,0,0,,1
SHV-HQ,PMT CK-16,0,0,,0,0,,0,0,,0,0,,0,0,,0,0,,0,0,,0,0,,0,0,,0,0,,0,0,,0,0,,,0,0,,0
SHV-HQ,PMT CK-17,0,0,,0,0,,0,0,,22,22,0,35,36,0,20,20,0,25,25,0,25,26,0,16,16,0,18,19,0,27,27,0,18,18,0,,206,209,0,1
SHV-HQ,PMT CK-18,54123,54110,0.00024019363302107966,56064,56051,0.00023187785388123494,56790,56775,0.0002641310089804838,63912,63894,0.0002816372512204346,63046,63030,0.0002537829521301882,58146,58131,0.0002579713135899553,54215,54201,0.0002582311168495277,59112,59096,0.00027067262146429627,56219,56204,0.00026681371066716864,56067,56053,0.00024970125028977996,57304,57289,0.00026176183163484357,53930,53917,0.0002410532171333024,,688928,688751,0.0002569208973942638,1
SHV-HQ,PMT CK-19,29938,29938,0,30181,30180,3.313342831579025e-05,30957,30957,0,36853,36851,5.4269665970219094e-05,35660,35659,2.8042624789725856e-05,31530,31529,3.1715826197320496e-05,31090,31090,0,33031,33028,9.082377160851696e-05,31366,31366,0,30554,30553,3.272893892780626e-05,33580,33580,0,31829,31828,3.1417889346241346e-05,,386569,386559,2.5868603017786818e-05,1
SHV-HQ,PMT CK-20,1565,1566,0,1428,1428,0,1336,1337,0,1737,1736,0.0005757052389177009,1438,1439,0,1411,1411,0,1410,1411,0,1459,1459,0,1448,1449,0,1338,1339,0,1417,1417,0,1661,1662,0,,17648,17654,0,1
SHV-HQ,PMT CKT-01,1454,1489,0,1401,1438,0,1203,1224,0,1391,1434,0,1878,1919,0,1491,1526,0,1993,1995,0,1526,1527,0,1075,1076,0,1224,1224,0,1332,1334,0,1233,1234,0,,17201,17420,0,1
SHV-HQ,PMT CKT-02,5994,6053,0,5985,6049,0,5770,5826,0,6817,6884,0,6780,6853,0,6489,6553,0,6725,6728,0,7201,7203,0,6950,6952,0,6809,6811,0,6884,6886,0,6429,6433,0,,78833,79231,0,1
SHV-HQ,PMT CKT-03,2558,2558,0,2611,2609,0.0007659900421294052,2759,2759,0,3477,3477,0,3022,3021,0.00033090668431501324,2846,2847,0,2744,2743,0.00036443148688047877,3002,3003,0,3034,3033,0.0003295978905735186,2811,2811,0,2960,2960,0,2700,2701,0,,34524,34522,5.793071486503987e-05,1
SHV-HQ,PMT CKT-04,15063,15087,0,14692,14715,0,14722,14744,0,17284,17314,0,17277,17306,0,15943,15970,0,14774,14799,0,16084,16112,0,15969,15997,0,16228,16254,0,17589,17621,0,16868,16895,0,,192493,192814,0,1
SHV-HQ,PMT CKT-05,58243,58357,0,56132,56247,0,46593,46690,0,54586,54706,0,51650,51762,0,48727,48836,0,46085,46190,0,50469,50585,0,53385,53509,0,52324,52443,0,54284,54408,0,52692,52802,0,,625170,626535,0,1
SHV-HQ,PMT CKT-06,9474,10482,0,11328,10337,0.08748234463276838,10142,10152,0,11922,11932,0,11673,11685,0,11506,11517,0,10369,10378,0,11601,11612,0,11601,11611,0,12132,12143,0,12399,12410,0,11731,11742,0,,135878,136001,0,1
SHV-HQ,PMT CKT-07,10520,10600,0,10520,10520,0,10480,10560,0,13040,13080,0,12640,12680,0,12537,12668,0,11515,11537,0,11745,11767,0,11805,11832,0,11453,11457,0,12190,12262,0,12295,12129,0.013501423342822338,,140740,141092,0,1
SHV-HQ,PMT CKT-08,45524,45601,0,45268,45349,0,43425,43508,0,51788,51894,0,49370,49472,0,47335,47436,0,44284,44379,0,49088,49196,0,49915,50023,0,48845,48874,0,50279,50709,0,48712,47997,0.014678108063721496,,573833,574438,0,1
SHV-HQ,PMT CKT-09,38725,38825,0,40104,40208,0,40012,40116,0,45511,45625,0,43871,43981,0,39832,39926,0,37132,37231,0,39596,39693,0,39558,39660,0,38928,39028,0,39930,40031,0,37452,37549,0,,480651,481873,0,1
SHV-HQ,PMT CKT-10,44720,44771,0,46265,46317,0,45648,45694,0,53897,53957,0,51868,51927,0,50832,50896,0,47629,47688,0,51255,51321,0,50959,51020,0,49961,50146,0,52196,52501,0,50537,49648,0.017591071887923748,,595767,595886,0,1
SHV-HQ,PMT CKT-11,33450,33462,0,34779,34790,0,33837,33830,0.00020687413186748493,40025,40036,0,38594,38606,0,37124,37142,0,34165,34184,0,36503,36519,0,37307,37323,0,34572,34585,0,36774,36785,0,35765,35774,0,,432895,433036,0,1
SHV-HQ,PMT CKT-12,25494,25498,0,25679,25683,0,25013,25016,0,29072,29080,0,27553,27557,0,27339,27344,0,25392,25397,0,27770,27775,0,27659,27665,0,26744,26746,0,28007,28012,0,27656,27660,0,,323378,323433,0,1
SHV-HQ,PMT CKT-13,14198,14198,0,14350,14349,6.968641114979413e-05,13609,13606,0.00022044235432439052,14943,14940,0.0002007628990162713,14365,14363,0.00013922728854853794,14339,14333,0.0004184392217030375,13821,13818,0.00021706099413931756,14771,14766,0.0003385011170536911,15338,15334,0.000260790194288707,15407,15402,0.0003245278120335149,17244,17240,0.0002319647413593362,16335,16333,0.00012243648607279667,,178720,178682,0.00021262309758285358,1
SHV-HQ,PMT CKT-14,2308,2312,0,2474,2479,0,2252,2256,0,2340,2334,0.002564102564102555,2278,2294,0,2530,2534,0,2188,2193,0,2293,2297,0,2165,2169,0,2247,2252,0,2133,2136,0,2867,2873,0,,28075,28129,0,1
SHV-HQ,PMT CKT-15,7584,7593,0,7728,7735,0,7414,7423,0,9551,9561,0,8631,8640,0,8646,8658,0,8384,8393,0,8581,8592,0,9428,9442,0,8509,8517,0,9086,9100,0,8645,8656,0,,102187,102310,0,1
SHV-HQ,PMT CKT-16,5568,5567,0.0001795977011493921,5409,5406,0.0005546311702717688,5210,5207,0.000575815738963481,5842,5841,0.000171174255392037,5766,5764,0.0003468609087755592,5689,5686,0.0005273334505185856,5267,5266,0.00018986140117716044,5585,5583,0.0003581020590868178,5857,5855,0.0003414717432131953,5857,5854,0.0005122076148198484,5942,5940,0.00033658700774152894,5539,5538,0.00018053800324968616,,67531,67507,0.00035539233833348227,1
SHV-HQ,PMT CKT-17,7265,7268,0,6491,6496,0,5951,5954,0,6380,6384,0,6354,6357,0,6905,6909,0,5759,5762,0,5650,5653,0,5509,5513,0,5651,5653,0,7131,7137,0,5622,5625,0,,74668,74711,0,1
SHV-HQ,PMT CKT-18,87602,87581,0.00023972055432519568,86647,86629,0.00020773944856722348,87863,87841,0.00025038981141090044,101292,101270,0.00021719385538843117,99798,99778,0.00020040481773186958,116940,116915,0.00021378484693002076,102143,102124,0.0001860137258549166,109199,109177,0.00020146704640156,99995,99976,0.00019000950047498577,109342,109320,0.0002012035631322462,110223,110202,0.00019052284913312345,108093,108072,0.00019427715023179193,,1219137,1218885,0.00020670359442787056,1
SHV-HQ,PMT CKT-19,0,0,,0,0,,0,0,,0,0,,0,0,,0,0,,0,0,,0,0,,0,0,,0,0,,0,0,,0,0,,,0,0,,0
SHV-HQ,PMT CKT-20,6029,6047,0,5326,5341,0,5483,5500,0,3344,3361,0,7102,7124,0,5081,5095,0,5669,5685,0,5059,5078,0,4005,3937,0.016978776529338324,5143,5237,0,6752,6771,0,5980,5996,0,,64973,65172,0,1
SHV-HQ,PMT CKT-21,28370,28374,0,30779,30783,0,40179,40186,0,46556,46570,0,45022,45035,0,42849,42860,0,39174,39183,0,41952,41962,0,41669,41676,0,41837,41844,0,43387,43393,0,41359,41363,0,,483133,483229,0,1
SHV-HQ,PMT CKT-22,11221,11211,0.0008911861687906919,11745,11735,0.0008514261387824185,10679,10669,0.0009364172675344618,13089,13077,0.0009168003667201496,12764,12751,0.001018489501723563,11007,10997,0.0009085127646043523,10357,10347,0.0009655305590422492,10596,10586,0.0009437523593809338,9770,9759,0.0011258955987717423,9862,9852,0.0010139931048468442,12187,12174,0.0010667104291458562,11286,11273,0.0011518695729222372,,134563,134431,0.0009809531594866527,1
SHV-HQ,PMT CKT-23,1391,1392,0,1277,1279,0,1312,1314,0,1651,1655,0,1069,1071,0,1406,1213,0.13726884779516357,1474,1668,0,1431,1432,0,2016,2019,0,1499,1505,0,1520,1525,0,1201,1177,0.019983347210657754,,17247,17250,0,1
SHV-HQ,PMT CKT-24,7911,7914,0,26142,26159,0,21595,21610,0,29157,29177,0,28523,28542,0,17577,17589,0,15610,15620,0,19659,19672,0,21792,21807,0,20884,20896,0,21467,21482,0,20242,20243,0,,250559,250711,0,1
SHV-HQ,PMT CKT-25,45502,45508,0,38391,38392,0,53972,53984,0,40046,40054,0,45602,45606,0,69644,69660,0,62943,62953,0,52117,52128,0,48539,48548,0,69732,69741,0,84307,84326,0,99327,99343,0,,710122,710243,0,1
SHV-HQ,PMT CKT-26,18232,18238,0,19040,19046,0,13233,13237,0,13374,13380,0,19422,19429,0,20005,20012,0,22044,22049,0,20059,20070,0,24796,24805,0,26650,26661,0,24436,24448,0,20531,20536,0,,241822,241911,0,1
SHV-HQ,PMT CKT-27,3957,3966,0,4115,4121,0,4087,4096,0,4442,4452,0,4688,4692,0,4956,4959,0,4738,4741,0,4148,4151,0,4142,4137,0.0012071463061322785,4207,4224,0,4545,4615,0,4268,4145,0.02881911902530454,,52293,52299,0,1
SHV-HQ,PMT CKT-28,4222,4243,0,4405,4427,0,3803,3822,0,3916,3941,0,3680,3692,0,3218,3214,0.0012430080795524656,3209,3205,0.0012464942349641461,3340,3336,0.0011976047904191933,3870,3851,0.004909560723514228,3336,0,1,3146,6466,0,3458,3456,0.0005783689994216523,,43603,43653,0,1
SHV-HQ,PMT CKT-29,323375,323127,0.0007669114804793598,245879,245670,0.0008500115910671235,223331,223154,0.0007925455937599635,255681,255467,0.0008369804561152439,285829,285587,0.000846660065983551,325902,325644,0.0007916490233260687,340290,340038,0.0007405448294102168,375324,375023,0.0008019737613368383,389451,389067,0.0009860033739802487,413389,413144,0.0005926621172793745,355384,355100,0.0007991355829187752,413328,412987,0.0008250106452986072,,3947163,3944008,0.0007993082626686077,1
SHV-HQ,PMT CKT-30,30284,30145,0.004589882446176197,26401,26282,0.004507405022536992,28835,28699,0.004716490376278859,30573,30427,0.00477545546724234,37927,37738,0.004983257310095746,30382,30246,0.004476334671845161,18998,18923,0.00394778397726081,23362,23101,0.01117198869959768,17767,17769,0,14904,14836,0.004562533548040815,13889,13856,0.0023759809921520825,10689,10545,0.013471793432500712,,284011,282567,0.00508431011474908,1
SHV-HQ,PMT CKT-31,41843,41645,0.004731974284826634,42168,41973,0.004624359704040959,40634,40453,0.004454397794950049,47608,47409,0.004179969752982737,45642,45401,0.005280224354760943,44147,0,1,42168,86152,0,44358,44131,0.0051174534469543564,46323,46173,0.0032381322453208794,45321,45017,0.006707707243882477,46828,46947,0,44561,43512,0.023540764345503895,,531601,528813,0.005244534904938147,1
SHV-HQ,PMT CKT-32,7132,7136,0,5704,5709,0,4970,4973,0,5545,5548,0,5772,5775,0,5809,5814,0,5371,5375,0,5240,5244,0,4114,4117,0,5195,5197,0,4702,4705,0,3778,3780,0,,63332,63373,0,1
SHV-HQ,PMT CKT-33,1007,1010,0,946,947,0,871,874,0,1121,1126,0,776,781,0,991,996,0,1138,1146,0,1332,1338,0,1107,1114,0,1115,1138,0,1109,1123,0,1218,1230,0,,12731,12823,0,1
SHV-HQ,PMT CKT-34,16822,16835,0,17706,17716,0,16944,16955,0,19518,19528,0,18658,18665,0,17726,17728,0,16769,16774,0,18386,18388,0,19409,19415,0,18260,18249,0.00060240963855418,19173,19296,0,18222,17944,0.01525628361321485,,217593,217493,0.0004595736076068446,1
SHV-HQ,PMT CKT-35,0,0,,0,0,,0,0,,0,0,,0,0,,0,0,,0,0,,0,0,,0,0,,0,0,,0,0,,0,0,,,0,0,,0
SHV-HQ,PMT CKT-36,26005,26110,0,27040,27151,0,27032,27144,0,29774,29902,0,29235,29354,0,27352,27470,0,24792,24900,0,26324,26435,0,26448,26561,0,26152,26261,0,28501,28622,0,26773,26885,0,,325428,326795,0,1
SHV-HQ,PMT CKT-37,35889,35869,0.000557273816489734,37208,37189,0.0005106428725005774,34766,34748,0.0005177472242996473,42081,42058,0.0005465649580570497,42380,42356,0.000566304860783351,41692,41668,0.0005756500047970903,40283,40259,0.0005957848223816509,42683,42659,0.0005622847503690132,46949,46922,0.0005750921212379634,50203,50174,0.0005776547218293571,51562,51532,0.0005818238237461637,45780,45755,0.000546089995631327,,511476,511189,0.0005611211474243483,1
SHV-HQ,PMT CKT-38,36045,36018,0.0007490636704119424,60396,60344,0.0008609841711371136,54483,54429,0.0009911348494026084,69651,69585,0.0009475815135461252,89891,89793,0.0010902092534291752,79729,79645,0.0010535689648685231,76565,76494,0.0009273166590478832,90150,90065,0.0009428729894620513,74350,74279,0.0009549428379287406,84340,84260,0.000948541617263432,57463,57410,0.0009223326314323765,77996,77933,0.000807733729934923,,851059,850255,0.0009447053612029466,1
SHV-HQ,PMT CKT-39,8786,8788,0,9427,9433,0,8307,8303,0.00048152160828218715,8900,8902,0,8208,8209,0,7460,7461,0,6943,6944,0,8836,8839,0,8424,8425,0,7395,7396,0,7942,7944,0,8426,8429,0,,99054,99073,0,1
SHV-HQ,PMT CKT-40,52977,53006,0,51179,51207,0,48599,48628,0,56856,56889,0,55403,55435,0,56520,56553,0,60203,60235,0,77160,77207,0,75025,75064,0,74219,74269,0,70865,70905,0,68557,68590,0,,747563,747988,0,1
SHV-HQ,PMT CKT-41,26286,26257,0.0011032488777296123,26754,26720,0.0012708380055318491,26386,26354,0.0012127643447282788,31350,31308,0.0013397129186603074,31037,30995,0.001353223571865847,31747,31692,0.0017324471603615832,28582,28530,0.0018193268490658276,28749,28666,0.0028870569411110214,28750,28463,0.009982608695652151,28119,28113,0.0002133788541555104,30049,30245,0,28510,28155,0.012451771308312876,,346319,345498,0.0023706467158891575,1
SHV-HQ,PMT CKT-42,0,0,,0,0,,0,0,,0,0,,0,0,,0,0,,0,0,,0,0,,0,0,,0,0,,0,0,,0,0,,,0,0,,0
SHV-HQ,PMT CKT-43,502,503,0,683,684,0,546,547,0,554,556,0,644,645,0,587,589,0,529,530,0,533,534,0,471,473,0,523,524,0,566,567,0,514,515,0,,6652,6667,0,1
SHV-HQ,PMT CKT-44,42558,42565,0,44045,44051,0,43811,43819,0,50167,50174,0,49129,49137,0,47528,47526,4.2080457835380614e-05,43615,43614,2.2927891780377685e-05,47631,47641,0,5356,46801,0,34833,46802,0,47640,47653,0,45922,45927,0,,502235,555710,0,1
SHV-HQ,PMT CKT-45,0,0,,0,0,,0,0,,0,0,,0,0,,0,0,,0,0,,0,0,,0,0,,0,0,,0,0,,0,0,,,0,0,,1
SHV-HQ,PMT CKT-46,8206,8205,0.00012186205215691803,7923,7921,0.00025242963523919304,7573,7571,0.0002640961309916534,6955,6953,0.00028756290438536336,9268,9264,0.0004315925766076312,9408,9354,0.005739795918367374,8776,8774,0.00022789425706470912,9365,9362,0.00032034169781103294,8295,8292,0.0003616636528028794,7303,7300,0.00041079008626587754,7758,7756,0.0002577984016498558,7758,7755,0.0003866976024748947,,98588,98507,0.0008216010062076506,1
SHV-HQ,PMT CKT-47,28778,28801,0,30403,30428,0,29444,29467,0,33452,33477,0,32252,32276,0,30547,30570,0,28348,28368,0,30541,30502,0.0012769719393601608,29471,29551,0,31935,31956,0,36465,36491,0,34423,34447,0,,376059,376334,0,1
SHV-HQ,PMT CKT-48,4791,4794,0,5027,5030,0,5332,5336,0,6184,6187,0,5621,5625,0,5487,5491,0,3426,4710,0,3038,2832,0.0678077682685978,4915,5122,0,4305,4307,0,4628,4629,0,4288,4287,0.00023320895522382923,,57042,58350,0,1
SHV-HQ,PMT CKT-49,12308,12306,0.0001624959376015367,12546,12544,0.0001594133588395108,12130,12130,0,12738,12738,0,13065,13065,0,12405,12404,8.061265618697355e-05,11693,11693,0,13070,13066,0.0003060443764345555,12055,12058,0,12341,12342,0,12686,12685,7.882705344475216e-05,12113,12112,8.255593164363528e-05,,149150,149143,4.693261816968164e-05,1
SHV-HQ,PMT CKT-50,56654,56684,0,41400,41414,0,40511,40511,0,47077,47084,0,46328,46335,0,46192,46199,0,42079,42083,0,44905,44914,0,44800,44812,0,44356,44370,0,46565,46580,0,45804,45821,0,,546671,546807,0,1
SHV-HQ,PMT CKT-51,34239,34257,0,34950,34976,0,33660,33688,0,37850,37886,0,37748,37784,0,36054,36085,0,32864,32892,0,35710,35744,0,35175,35209,0,34146,34169,0,36744,36778,0,35161,35178,0,,424301,424646,0,1
SHV-HQ,PMT CKT-52,2244,2248,0,2292,2294,0,2456,2459,0,2586,2589,0,3002,3005,0,3101,3104,0,2712,2716,0,3017,3020,0,2880,2883,0,2571,2587,0,2676,2684,0,2399,2368,0.012922050854522693,,31936,31957,0,1
SHV-HQ,PMT CKT-53,150,150,0,208,209,0,201,200,0.00497512437810943,232,232,0,193,194,0,200,200,0,212,213,0,174,174,0,187,187,0,276,278,0,274,273,0.0036496350364964014,138,138,0,,2445,2448,0,1
SHV-HQ,PMT CKT-54,2569,2582,0,2616,2627,0,2575,2587,0,3258,3274,0,3244,3258,0,3297,3309,0,2771,2783,0,2621,2633,0,2529,2541,0,2414,2423,0,2522,2549,0,2378,2345,0.013877207737594599,,32794,32911,0,1
SHV-HQ,PMT CKT-55,38059,38371,0,38358,38368,0,38445,38455,0,46195,46202,0,42769,42775,0,39618,39624,0,36276,36285,0,38987,38997,0,39933,39939,0,36913,36814,0.002681981957575963,40153,40429,0,38423,37802,0.01616219451890799,,474129,474061,0.00014342088334606817,1
SHV-HQ,PMT CKT-56,747,754,0,3666,3671,0,7115,7118,0,1608,1612,0,517,522,0,388,394,0,2714,2720,0,10548,10551,0,10029,10029,0,11140,11146,0,5784,5787,0,7547,7548,0,,61803,61852,0,1
SHV-HQ,PMT CKT-57,6600,6600,0,358,358,0,380,381,0,375,374,0.002666666666666706,298,298,0,285,285,0,243,243,0,245,245,0,268,268,0,237,237,0,273,272,0.00366300366300365,317,318,0,,9879,9879,0,1
SHV-HQ,PMT CKT-58,2392,2386,0.0025083612040134318,1987,1982,0.0025163563160544022,2032,2028,0.0019685039370078705,2301,2295,0.0026075619295958807,2209,2204,0.002263467632412808,1977,1973,0.002023267577137111,1800,1803,0,2000,2000,0,2152,2139,0.0060408921933085,1808,1805,0.0016592920353982743,1800,1796,0.0022222222222222365,1735,1722,0.007492795389049012,,24193,24133,0.002480056214607562,1
SHV-HQ,PMT CKT-59,5,5,0,5,5,0,101,101,0,84,84,0,20,20,0,3,3,0,3,3,0,13,13,0,15,14,0.06666666666666665,10,8,0.19999999999999996,17,13,0.23529411764705888,21,14,0.33333333333333337,,297,283,0.047138047138047146,1
SHV-HQ,PMT CKT-60,0,0,,0,0,,1511,1545,0,1252,1274,0,2024,2049,0,3322,3341,0,9041,9046,0,23011,22514,0.021598365998870106,19397,19782,0,9868,9818,0.0050668828536684085,19715,19617,0.0049708343900582985,26576,26129,0.016819686935581002,,115717,115115,0.005202347105438321,1
SHV-HQ,PMT CKT-61,0,0,,0,0,,0,0,,0,0,,0,0,,996,1004,0,683,690,0,385,391,0,392,397,0,388,397,0,460,467,0,426,417,0.021126760563380254,,3730,3763,0,1
SHV-HQ,PMT CT-01,7473,7490,0,8693,8713,0,6280,6297,0,7170,7189,0,6636,6655,0,6251,6268,0,6090,6105,0,6416,6434,0,6107,6123,0,6640,6711,0,7042,7193,0,8671,8679,0,,83469,83857,0,1
SHV-HQ,PMT CT-02,10267,10313,0,9565,9594,0,6119,6142,0,8320,8350,0,7858,7889,0,7309,7336,0,7355,7384,0,8004,8167,0,6434,6441,0,6196,6194,0.00032278889606196515,6918,6972,0,8264,8175,0.010769603097773528,,92609,92957,0,1
SHV-HQ,PMT CT-03,21587,21688,0,21911,22014,0,18999,19084,0,21672,21762,0,21121,21213,0,20869,20963,0,17989,18070,0,20336,20427,0,18891,18978,0,17937,18015,0,19676,19766,0,19768,19853,0,,240756,241833,0,1
SHV-HQ,PMT CT-04,35558,35507,0.001434276393497913,36148,36094,0.0014938585813876193,31941,31890,0.001596693904386215,36074,36016,0.0016078061761933826,34510,34455,0.0015937409446536988,35780,35721,0.001648965902738997,34627,34570,0.0016461143038669634,40023,39958,0.001624066161956872,38543,38530,0.0003372856290376758,38703,38685,0.0004650802263390652,40545,40481,0.0015784930324330704,41782,41719,0.0015078263366999911,,444234,443626,0.001368648054853927,1
SHV-HQ,PMT CT-05,18948,18908,0.002111040743086323,17639,17605,0.0019275469130902723,10965,10935,0.002735978112175075,11042,11018,0.002173519289983661,10693,10665,0.002618535490507834,10302,10275,0.002620850320326107,9842,9815,0.0027433448486080536,10509,10482,0.0025692263773907653,9679,9654,0.0025829114577952117,9970,9943,0.0027081243731194027,10321,10294,0.002616025578916825,13562,13532,0.002212063117534302,,143472,143126,0.002411620385859292,1
SHV-HQ,PMT CT-06,60929,60906,0.00037748855224939426,62427,62413,0.00022426193794355953,56782,56770,0.00021133457785915688,64404,64377,0.000419228619340406,61615,61599,0.0002596770266980464,56811,56805,0.00010561334952741142,53778,53745,0.0006136338279594256,50496,50481,0.00029705323193918165,50832,50813,0.00037378029587664674,48877,48864,0.0002659737708943233,55302,55286,0.0002893204585728837,55344,55326,0.0003252385082394005,,677597,677385,0.0003128703344318362,1
SHV-HQ,PMT CT-07,609,614,0,642,647,0,609,596,0.021346469622331665,668,691,0,657,662,0,687,693,0,656,661,0,720,726,0,725,732,0,701,706,0,718,724,0,693,697,0,,8085,8149,0,1
SHV-HQ,PMT CT-08,25684,25707,0,29678,29703,0,22678,22699,0,24016,24037,0,25405,25428,0,23618,23641,0,20645,20665,0,19917,19938,0,19147,19169,0,18466,18484,0,22184,22207,0,24016,24038,0,,275454,275716,0,1
SHV-HQ,PMT CT-09,472,472,0,566,566,0,544,544,0,589,589,0,605,606,0,695,696,0,714,713,0.0014005602240896309,580,582,0,532,534,0,504,504,0,464,465,0,443,445,0,,6708,6716,0,1
SHV-HQ,PMT CT-10,2142,2144,0,1904,1907,0,1631,1633,0,2206,2208,0,2230,2234,0,1655,1657,0,1340,1342,0,1569,1571,0,1668,1671,0,957,958,0,0,2955,0,4682,1751,0.6260145237078172,,21984,22031,0,1
SHV-HQ,PMT CT-11,1463,1469,0,1056,1059,0,520,520,0,692,732,0,923,928,0,868,872,0,1030,1035,0,728,731,0,943,946,0,960,966,0,2049,2058,0,1913,1922,0,,13145,13238,0,1
SHV-HQ,PMT CT-12,0,0,,0,0,,0,0,,0,0,,0,0,,0,0,,0,0,,0,0,,0,0,,0,0,,0,0,,0,0,,,0,0,,1
SHV-HQ,PMT CT-13,4333,4462,0,4109,4232,0,3355,3454,0,3942,4057,0,3263,3358,0,3387,3485,0,3133,3224,0,5549,3872,0.30221661560641555,1806,3697,0,3672,3776,0,3693,3804,0,4680,4817,0,,44922,46238,0,1
SHV-HQ,PMT CT-14,2185,2186,0,2306,2306,0,2091,2091,0,2562,2563,0,2083,2083,0,2123,2124,0,1840,1839,0.0005434782608695343,2168,2166,0.0009225092250922939,2103,2099,0.0019020446980504424,2279,2279,0,2267,2264,0.0013233348037053894,2705,2703,0.0007393715341958984,,26712,26703,0.0003369272237196963,1
SHV-HQ,PMT CT-15,784,767,0.02168367346938771,871,850,0.024110218140068862,922,901,0.022776572668112838,1102,1077,0.02268602540834841,958,934,0.025052192066805867,876,855,0.023972602739726012,789,773,0.020278833967046883,978,956,0.02249488752556239,1077,1052,0.0232126276694522,1068,1044,0.022471910112359605,1007,981,0.02581926514399202,934,913,0.0224839400428265,,11366,11103,0.02313918704909379,1
SHV-HQ,PMT CT-16,1250,1219,0.024800000000000044,1299,1267,0.024634334103156297,1240,1211,0.023387096774193594,1496,1461,0.023395721925133728,1365,1331,0.02490842490842493,1378,1345,0.02394775036284469,1286,1255,0.024105754276827374,1399,1367,0.022873481057898548,1418,1385,0.023272214386459766,1587,1548,0.02457466918714557,1454,1420,0.023383768913342484,1393,1359,0.024407753050969094,,16565,16168,0.023966193782070655,1
SHV-HQ,PMT CT-17,381,373,0.02099737532808399,399,392,0.01754385964912286,396,390,0.015151515151515138,210,585,0,484,704,0,711,698,0.01828410689170179,586,576,0.017064846416382284,653,641,0.018376722817764146,705,693,0.017021276595744705,685,672,0.01897810218978102,736,721,0.020380434782608647,735,713,0.029931972789115635,,6681,7158,0,1
SHV-HQ,PMT CT-18,729,714,0.020576131687242816,894,876,0.020134228187919434,845,828,0.020118343195266286,1144,1120,0.020979020979020935,970,950,0.020618556701030966,952,935,0.017857142857142905,928,909,0.020474137931034475,1060,1039,0.019811320754717032,1303,1277,0.01995395241749809,1067,1047,0.018744142455482615,1227,1201,0.021189894050529734,1195,1170,0.02092050209205021,,12314,12066,0.020139678414812456,1
SHV-HQ,PMT CT-19,699,689,0.014306151645207432,697,685,0.017216642754662836,523,513,0.019120458891013437,595,585,0.01680672268907568,664,651,0.01957831325301207,807,790,0.02106567534076831,631,619,0.019017432646592725,688,663,0.036337209302325535,779,786,0,753,733,0.026560424966799445,916,862,0.058951965065502154,910,918,0,,8662,8494,0.019395058877857307,1
SHV-HQ,PMT CT-20,28321,28262,0.002083259771900714,42165,42061,0.0024665006521996657,62728,62595,0.0021202652722867033,18348,18313,0.001907564857205113,17783,17743,0.00224933925659343,8776,8752,0.0027347310847766204,11500,11479,0.0018260869565217552,15860,15880,0,5850,5870,0,8790,8960,0,17490,18380,0,42840,43960,0,,280451,282255,0,1
SHV-HQ,PMT CT-21,6790,6792,0,7543,7542,0.00013257324671878123,6777,6777,0,7035,7033,0.0002842928216062468,7019,7018,0.00014247043738424559,7086,7085,0.00014112334180071961,7070,7069,0.00014144271570015743,8000,8191,0,7407,7358,0.0066153638450114904,7346,7330,0.0021780560849441466,9134,9145,0,10227,10301,0,,91434,91641,0,1
SHV-HQ,PMT CTR-01,5840,5841,0,13811,13814,0,14779,14781,0,13220,13219,7.564296520423675e-05,14072,14074,0,16022,16023,0,18438,18443,0,15497,15496,6.452861844230551e-05,16060,16064,0,19649,19650,0,20987,20990,0,24248,24251,0,,192623,192646,0,1
SHV-HQ,PMT HEH-01,0,0,,0,0,,10090,10070,0.001982160555004997,0,0,,430,430,0,0,0,,6890,6890,0,0,0,,0,0,,11540,11520,0.0017331022530329143,0,0,,0,0,,,28950,28910,0.001381692573402371,1
SHV-HQ,PMT HEH-02,0,0,,0,0,,0,0,,0,0,,0,0,,0,0,,0,0,,0,0,,0,0,,0,0,,0,0,,0,0,,,0,0,,1
SHV-HQ,PMT HEH-03,646330,585204,0.09457397923661293,713190,650517,0.08787700332309767,697590,632310,0.09357932309809491,745170,670353,0.1004025926969685,1136310,608721,0.46430023497109063,1529380,575205,0.6238966116988583,1037360,524015,0.49485713734865433,1537990,602599,0.6081905604067647,1340010,581607,0.5659681644166834,1459990,578176,0.6039863286734841,646740,591174,0.08591706095185081,654670,598894,0.08519712221424536,,12144730,7198775,0.40725112867885904,1
SHV-HQ,PMT HEH-100,833,833,0,1108,1109,0,1260,1261,0,1118,1119,0,1602,1603,0,1643,1644,0,1746,1746,0,1931,1923,0.004142931123770066,1973,1972,0.0005068423720222537,2111,2102,0.00426338228327805,2216,2243,0,1559,1594,0,,19100,19149,0,1
SHV-HQ,PMT HEH-101,47183,47172,0.0002331348155055757,51007,50989,0.00035289274021210737,52308,52283,0.0004779383650684865,54601,54579,0.0004029230233878467,63475,63445,0.00047262701851125133,57734,57715,0.00032909550698023704,50997,50984,0.0002549169558994091,66113,65501,0.009256878374903521,63936,63890,0.0007194694694694359,64698,64478,0.003400414232279214,70256,70386,0,68460,67934,0.007683318726263488,,710768,709356,0.0019865835265515663,1
SHV-HQ,PMT HEH-102,0,0,,0,0,,0,0,,3959,3956,0.0007577671129073149,5124,5117,0.001366120218579181,5074,5061,0.00256208119826562,0,0,,0,0,,0,0,,0,0,,451,450,0.0022172949002217113,9357,9547,0,,23965,24131,0,1
SHV-HQ,PMT HEH-103,0,0,,0,0,,0,0,,0,0,,0,0,,12170,12170,0,30700,30710,0,52460,52480,0,68530,68550,0,83970,84000,0,94280,94310,0,88800,88550,0.0028153153153153143,,430910,430770,0.0003248938293378689,1
SHV-HQ,PMT HEH-104,0,0,,0,0,,0,0,,0,0,,0,0,,0,0,,13650,13670,0,21750,21780,0,23750,23780,0,28420,28460,0,43360,43400,0,44020,44040,0,,174950,175130,0,1
SHV-HQ,PMT HEH-105,0,0,,0,0,,0,0,,0,0,,0,0,,0,0,,912,913,0,1413,1415,0,1496,1498,0,1524,1526,0,1438,1440,0,1457,1459,0,,8240,8251,0,1
SHV-HQ,PMT HEH-106,0,0,,0,0,,0,0,,0,0,,0,0,,0,0,,0,0,,575,576,0,1234,1234,0,1168,1168,0,1216,1217,0,1216,1216,0,,5409,5411,0,1
SHV-HQ,PMT HEH-107,0,0,,0,0,,0,0,,0,0,,0,0,,0,0,,0,0,,0,0,,0,0,,141510,141620,0,107460,107510,0,158690,161460,0,,407660,410590,0,1
SHV-HQ,PMT HEH-108,0,0,,0,0,,0,0,,0,0,,0,0,,0,0,,0,0,,0,0,,10620,11395,0,10059,10516,0,23077,23965,0,24496,25733,0,,68252,71609,0,1
SHV-HQ,PMT HEH-109,0,0,,0,0,,0,0,,0,0,,0,0,,0,0,,0,0,,0,0,,0,0,,0,0,,0,0,,53,631,0,,53,631,0,1
SHV-HQ,PMT HEH-19,9643,9684,0,9828,9843,0,8860,8882,0,0,9968,0,5434,9417,0,9775,9778,0,9332,9333,0,9733,9739,0,9769,9774,0,10153,10156,0,11428,11430,0,11113,11109,0.0003599388104021939,,105068,119113,0,1
SHV-HQ,PMT HEH-20,486,476,0.020576131687242816,492,479,0.026422764227642226,432,420,0.02777777777777779,481,468,0.027027027027026973,455,442,0.02857142857142858,472,459,0.02754237288135597,455,443,0.02637362637362639,469,455,0.02985074626865669,484,471,0.02685950413223137,466,454,0.025751072961373356,499,485,0.028056112224448926,485,472,0.026804123711340222,,5676,5524,0.026779422128259345,1
SHV-HQ,PMT HEH-21,3895,3794,0.025930680359435132,4071,3963,0.026529108327192352,3994,3889,0.026289434151226865,2874,2794,0.02783576896311757,0,1838,0,1988,1674,0.15794768611670018,1840,1793,0.025543478260869557,1908,1858,0.026205450733752578,1969,1918,0.02590147282884714,1901,1853,0.025249868490268335,1709,1663,0.02691632533645405,1572,1531,0.026081424936386766,,27721,28568,0,1
SHV-HQ,PMT HEH-22,5380,5364,0.0029739776951672736,5600,5601,0,5420,5413,0.0012915129151291893,6240,6240,0,0,6115,0,4277,6140,0,5369,5424,0,6041,6103,0,5564,5618,0,6623,6690,0,7448,7524,0,7529,7607,0,,65491,73839,0,1
SHV-HQ,PMT HEH-23,12376,12075,0.024321266968325816,13316,13002,0.02358065485130667,13111,12810,0.02295782167645488,15404,15047,0.023175798493897726,13645,13326,0.02337852693294251,13047,12741,0.023453667509772402,12380,12087,0.02366720516962839,12757,12458,0.023438112408873613,13424,13106,0.02368891537544693,14040,13712,0.023361823361823353,13918,13591,0.023494754993533595,13359,13050,0.023130473837862153,,160777,157005,0.023461067192446672,1
SHV-HQ,PMT HEH-24,6580,6671,0,6320,6393,0,6400,6438,0,7620,7729,0,6320,6402,0,7080,7167,0,6906,7006,0,8454,8584,0,8018,8144,0,9625,9779,0,9129,9273,0,9661,9815,0,,92113,93401,0,1
SHV-HQ,PMT HEH-25,2243,2251,0,2490,2497,0,1883,1670,0.11311736590546995,2283,0,1,1651,3938,0,1790,1793,0,1635,1640,0,2270,2274,0,1725,1795,0,1609,1544,0.0403977625854568,1237,1291,0,1169,1143,0.022241231822070162,,21985,21836,0.006777348191949084,1
SHV-HQ,PMT HEH-27,11730,11711,0.0016197783461210369,11250,11209,0.00364444444444445,11310,11253,0.005039787798408524,12420,12386,0.0027375201288244444,11220,11178,0.0037433155080214275,10500,10467,0.003142857142857114,9960,9937,0.002309236947791171,10680,10870,0,9660,9665,0,10080,9691,0.038591269841269815,11400,11750,0,11820,11678,0.012013536379018586,,132030,131795,0.0017798985079148233,1
SHV-HQ,PMT HEH-28,968,980,0,1042,1056,0,995,1007,0,1184,1196,0,1047,1060,0,886,899,0,960,973,0,901,913,0,965,978,0,915,929,0,921,932,0,935,944,0,,11719,11867,0,1
SHV-HQ,PMT HEH-29,3740,3769,0,3880,3880,0,3400,3435,0,3860,3866,0,3440,3438,0.0005813953488371659,3200,3217,0,2918,2962,0,2808,2906,0,2849,2882,0,2889,2826,0.02180685358255452,2981,3126,0,3278,3304,0,,39243,39611,0,1
SHV-HQ,PMT HEH-30,2400,2440,0,2260,2290,0,2020,2020,0,1900,393,0.7931578947368421,1580,3124,0,1780,1800,0,1729,1766,0,1851,1872,0,1710,1788,0,1876,1839,0.01972281449893387,1925,1949,0,2359,2438,0,,23390,23719,0,1
SHV-HQ,PMT HEH-31,4380,4359,0.004794520547945158,4260,4204,0.013145539906103232,4140,4100,0.009661835748792313,4680,4634,0.009829059829059794,4710,4682,0.005944798301486198,3900,3903,0,3720,3689,0.008333333333333304,4110,4055,0.01338199513381999,3900,3891,0.002307692307692344,4470,4389,0.018120805369127524,3780,3958,0,4290,4169,0.028205128205128216,,50340,50033,0.006098529996027002,1
SHV-HQ,PMT HEH-32,20400,20521,0,20610,20757,0,20880,20973,0,24690,24822,0,22890,22978,0,21180,21303,0,19740,19944,0,20460,20591,0,20910,21065,0,21090,21139,0,21300,22530,0,22710,22370,0.014971378247468081,,256860,258993,0,1
SHV-HQ,PMT HEH-33,46256,46328,0,48452,48532,0,46290,46369,0,54599,54707,0,50459,50559,0,49827,49929,0,47879,47981,0,50069,50175,0,51104,51210,0,50415,50514,0,47748,47836,0,47251,47327,0,,590349,591467,0,1
SHV-HQ,PMT HEH-34,13530,13482,0.0035476718403547602,13350,13355,0,12420,12359,0.004911433172302693,15840,15500,0.02146464646464652,13590,13851,0,13590,13600,0,12780,12742,0.0029733959311424307,12900,12887,0.0010077519379845246,14610,14559,0.0034907597535934753,13170,13182,0,12990,12968,0.001693610469592044,13470,13450,0.0014847809948033142,,162240,161935,0.0018799309664694341,1
SHV-HQ,PMT HEH-35,8720,8608,0.012844036697247652,9220,9106,0.012364425162689763,9060,8951,0.012030905077262677,9480,9323,0.01656118143459917,10320,10159,0.015600775193798433,9820,9658,0.016496945010183284,9913,9854,0.005951780490265346,10915,10908,0.0006413192853871319,9577,9546,0.0032369217917928017,9851,9849,0.0002030250735965966,10757,10918,0,10813,10650,0.015074447424396564,,118446,117530,0.007733481924252383,1
SHV-HQ,PMT HEH-36,9120,9178,0,9500,9518,0,9260,9241,0.0020518358531317338,9820,9848,0,9260,9248,0.0012958963282937441,8320,8346,0,8538,8612,0,9248,9414,0,9342,9510,0,8422,8572,0,8449,8599,0,9136,9297,0,,108415,109383,0,1
SHV-HQ,PMT HEH-37,2453,2475,0,2612,2639,0,2899,2929,0,3134,3164,0,2316,2335,0,2316,2336,0,2275,2293,0,2303,2324,0,2991,3057,0,2674,2660,0.005235602094240788,2437,2458,0,3019,3047,0,,31429,31717,0,1
SHV-HQ,PMT HEH-38,5264,5297,0,5227,5260,0,5313,5346,0,6000,6038,0,5904,5941,0,5836,5872,0,6108,6147,0,6182,6222,0,5802,5839,0,5806,5841,0,5852,5891,0,6008,6045,0,,69302,69739,0,1
SHV-HQ,PMT HEH-39,9810,9789,0.002140672782874664,9360,9293,0.007158119658119633,8790,8708,0.009328782707622274,9870,9820,0.005065856129685908,9420,6299,0.33131634819532907,9630,12695,0,9600,9556,0.004583333333333384,9420,9386,0.0036093418259023347,9900,9861,0.003939393939393909,9990,9758,0.023223223223223233,9690,10009,0,9780,9384,0.04049079754601226,,115260,114558,0.006090577824049981,1
SHV-HQ,PMT HEH-40,5550,5647,0,6090,6119,0,6180,6196,0,6120,6187,0,5370,5375,0,5490,5498,0,4920,4984,0,5550,5624,0,5520,5530,0,5640,5696,0,5790,5824,0,5880,5925,0,,68100,68605,0,1
SHV-HQ,PMT HEH-41,8550,8552,0,8910,8965,0,9690,9673,0.0017543859649122862,10560,10622,0,10860,10877,0,10260,10300,0,9120,9204,0,4860,4936,0,3330,3409,0,3210,3264,0,3600,3724,0,3540,3631,0,,86490,87157,0,1
SHV-HQ,PMT HEH-42,33011,32880,0.0039683741783042015,34328,34320,0.00023304591004424946,35763,35720,0.0012023599809859453,38520,38560,0,42747,42840,0,38253,38280,0,38554,38520,0.0008818799605747607,41273,41160,0.0027378673709204104,42080,42000,0.0019011406844106071,43373,43360,0.000299725635764192,41965,42000,0,41786,41760,0.0006222179677404238,,471653,471400,0.0005364113023769157,1
SHV-HQ,PMT HEH-43,7460,7444,0.00214477211796249,8500,8465,0.004117647058823559,7580,7506,0.009762532981530292,8020,7982,0.004738154613466383,7840,7780,0.007653061224489832,6360,6356,0.0006289308176100628,5469,5496,0,6999,7064,0,6515,6573,0,6389,6448,0,6587,6647,0,6464,6521,0,,84183,84282,0,1
SHV-HQ,PMT HEH-44,6080,6214,0,5920,6074,0,5700,5824,0,6540,6682,0,6360,6491,0,6200,6325,0,6380,6559,0,6342,6610,0,6728,7012,0,6647,6756,0,6862,7153,0,7294,7604,0,,77053,79304,0,1
SHV-HQ,PMT HEH-45,1340,1321,0.014179104477611948,1180,1169,0.009322033898305104,1100,1090,0.009090909090909038,1280,1263,0.013281250000000022,1060,1047,0.01226415094339628,1080,1052,0.025925925925925908,996,1007,0,1045,1052,0,1074,1082,0,1078,1087,0,1246,1255,0,1313,1324,0,,13792,13749,0.003117749419953575,1
SHV-HQ,PMT HEH-46,4140,4191,0,4320,4354,0,4120,4160,0,5440,0,1,4920,10405,0,4840,4885,0,4529,4580,0,4858,4898,0,4817,5007,0,4459,4347,0.025117739403453743,4453,4703,0,4577,4488,0.019445051343674913,,55473,56018,0,1
SHV-HQ,PMT HEH-47,7460,7430,0.004021447721179627,7640,7579,0.007984293193717296,4200,4190,0.0023809523809523725,6640,6602,0.005722891566265043,5500,5458,0.007636363636363663,6980,6910,0.01002865329512892,6856,6880,0,6939,7003,0,8092,8164,0,5164,5211,0,6114,6141,0,7389,7422,0,,78974,78990,0,1
SHV-HQ,PMT HEH-48,312,313,0,205,206,0,182,182,0,136,137,0,110,111,0,20,118,0,116,117,0,130,130,0,139,142,0,116,112,0.03448275862068961,124,134,0,151,140,0.07284768211920534,,1741,1842,0,1
SHV-HQ,PMT HEH-49,6560,6540,0.0030487804878048808,6200,6201,0,6020,6023,0,5960,5953,0.0011744966442952531,5860,5857,0.0005119453924914419,5321,5318,0.00056380379627885,5161,5197,0,5399,5437,0,5639,5679,0,5394,5432,0,6039,6081,0,6199,6244,0,,69752,69962,0,1
SHV-HQ,PMT HEH-50,4520,4588,0,4400,4432,0,3960,4006,0,4880,4939,0,4160,4182,0,3993,3996,0,3794,3796,0,3821,3824,0,4071,4073,0,4241,4244,0,4162,4163,0,4133,4135,0,,50135,50378,0,1
SHV-HQ,PMT HEH-51,14540,14320,0.015130674002751032,15300,15111,0.012352941176470567,15720,15479,0.015330788804071238,16560,16320,0.01449275362318836,17880,17585,0.016498881431767365,17460,17207,0.014490263459335573,15133,15125,0.000528646005418576,18965,19113,0,17871,18009,0,17679,17817,0,19313,19469,0,19893,20043,0,,206314,205598,0.0034704382640053932,1
SHV-HQ,PMT HEH-52,3343,3364,0,1719,3440,0,1870,3487,0,4156,4182,0,3614,3637,0,3560,3581,0,3088,3108,0,3589,3588,0.00027862914460852206,3597,3602,0,3630,3635,0,3782,3814,0,3605,3611,0,,39553,43049,0,1
SHV-HQ,PMT HEH-53,4716,4606,0.023324851569126337,4682,4573,0.02328064929517304,4603,4495,0.023462958939821865,5085,4963,0.02399213372664699,4249,4151,0.023064250411861664,4645,4537,0.02325080731969864,4583,4479,0.02269255945886972,4760,4708,0.01092436974789912,4813,4702,0.023062538956991507,4741,4648,0.019616114743724933,4999,4857,0.028405681136227212,5105,5005,0.019588638589618013,,56981,55724,0.022059984907249808,1
SHV-HQ,PMT HEH-54,3371,3377,0,3190,3195,0,2862,2868,0,3552,3559,0,3594,3600,0,3417,3424,0,3273,3280,0,3372,3380,0,3448,3457,0,3524,3533,0,3863,3872,0,3799,3808,0,,41265,41353,0,1
SHV-HQ,PMT HEH-55,151,153,0,104,105,0,70,72,0,133,46,0.6541353383458647,47,134,0,78,79,0,56,56,0,70,71,0,46,46,0,50,51,0,104,104,0,273,268,0.01831501831501836,,1182,1185,0,1
SHV-HQ,PMT HEH-56,2165,2154,0.005080831408776021,2074,2064,0.004821600771456103,2224,2212,0.0053956834532373765,2536,2525,0.004337539432176629,2137,2125,0.005615348619560145,2141,2128,0.006071929005137755,2273,2260,0.005719313682358118,2440,2426,0.0057377049180328266,2483,2469,0.005638340716874746,2427,2415,0.0049443757725586845,2522,2507,0.0059476605868358234,2785,2772,0.0046678635547576786,,28207,28057,0.005317828907717925,1
SHV-HQ,PMT HEH-57,1753,1703,0.02852253280091277,2132,2070,0.02908067542213888,1492,1453,0.026139410187667522,1758,1711,0.026734926052332186,2122,2062,0.02827521206409045,4496,4347,0.03314056939501775,584,8178,0,7071,10219,0,4877,5114,0,8500,7775,0.08529411764705885,2754,2800,0,2733,2580,0.05598243688254667,,40272,50012,0,1
SHV-HQ,PMT HEH-58,3791,3671,0.03165391717225008,3860,3737,0.031865284974093244,3590,3476,0.031754874651810594,4059,3931,0.031534860803153486,3364,3259,0.03121284185493456,3510,3401,0.031054131054131018,3272,3170,0.03117359413202936,3427,3319,0.03151444412022175,3639,3526,0.031052486946963498,3232,3135,0.03001237623762376,3280,3179,0.03079268292682924,3461,3351,0.0317827217567177,,42485,41155,0.031305166529363326,1
SHV-HQ,PMT HEH-59,2311,2315,0,2289,2293,0,1857,1860,0,2233,2236,0,2014,2015,0,1935,1937,0,1972,1974,0,1988,1990,0,2176,2179,0,2042,2027,0.007345739471106727,2088,2227,0,2225,2111,0.05123595505617973,,25130,25164,0,1
SHV-HQ,PMT HEH-60,0,0,,0,0,,0,0,,0,0,,0,0,,0,0,,0,0,,0,0,,0,0,,0,0,,0,0,,0,0,,,0,0,,0
SHV-HQ,PMT HEH-61,22260,22255,0.0002246181491464272,23313,23306,0.00030026165658647574,22230,22224,0.00026990553306338594,27170,27160,0.0003680529996319404,24793,24785,0.0003226717218569597,25212,25202,0.0003966365222909385,24566,24555,0.0004477733452739052,24414,24405,0.00036864094372079936,24286,24277,0.000370583875483832,23508,23500,0.00034030968181042454,23089,23081,0.00034648533933911985,22854,22848,0.00026253609871362826,,287695,287598,0.00033716262013594456,1
SHV-HQ,PMT HEH-62,3823,3815,0.002092597436568089,3277,3269,0.0024412572474824534,3185,3178,0.00219780219780219,3804,3797,0.0018401682439537215,3164,3157,0.0022123893805309214,3144,3137,0.0022264631043257266,2974,2968,0.0020174848688634395,3133,3126,0.00223428024257899,2796,2791,0.0017882689556509845,2840,2834,0.0021126760563380254,3171,3164,0.002207505518763808,3107,3100,0.0022529771483746908,,38418,38336,0.002134416159092045,1
SHV-HQ,PMT HEH-63,2000,1999,0.0004999999999999449,2077,2076,0.000481463649494418,2209,2208,0.00045269352648258376,2590,2588,0.0007722007722007485,2451,2451,0,1904,1903,0.0005252100840336116,1896,1895,0.0005274261603375185,1975,1974,0.0005063291139240089,1992,1991,0.0005020080321285203,1959,1958,0.0005104645227156368,1863,1862,0.0005367686527106841,2152,2150,0.0009293680297397522,,25068,25055,0.0005185894367321087,1
SHV-HQ,PMT HEH-64,8805,8794,0.0012492901760363662,7841,7828,0.0016579517918632325,7147,7136,0.0015391073177557502,7874,7860,0.0017780035560071017,7244,7232,0.001656543346217565,6734,6720,0.0020790020790020236,6790,6776,0.0020618556701030855,7262,7248,0.0019278435692646756,7606,7854,0,7493,7147,0.04617643133591354,5883,5939,0,6858,6723,0.019685039370078705,,87537,87257,0.0031986474290871536,1
SHV-HQ,PMT HEH-65,2625,2629,0,3192,3196,0,6080,6082,0,9294,10517,0,6639,10270,0,5556,5568,0,5984,5994,0,9309,9521,0,8947,8894,0.00592377333184313,10286,9968,0.03091580789422521,14327,14907,0,13817,13697,0.008684953318375932,,96056,101243,0,1
SHV-HQ,PMT HEH-66,3098,8365,0,3356,3357,0,3135,3136,0,2718,2718,0,3049,3050,0,3055,3057,0,2517,2518,0,2876,2878,0,2598,2602,0,2642,2633,0.003406510219530645,3048,3066,0,3371,3345,0.007712844853159262,,35463,40725,0,1
SHV-HQ,PMT HEH-67,2105,2108,0,2290,2293,0,2320,2322,0,2534,2536,0,0,2741,0,1928,2656,0,2445,2448,0,2733,2736,0,2868,2871,0,2820,2823,0,2725,2728,0,2667,2668,0,,27435,30930,0,1
SHV-HQ,PMT HEH-68,3585,3592,0,3606,3612,0,3377,3382,0,3695,3701,0,3527,3532,0,3509,3514,0,3121,3125,0,3616,3621,0,3734,3740,0,3619,3610,0.002486874827300367,3736,3816,0,3592,3488,0.028953229398663738,,42717,42733,0,1
SHV-HQ,PMT HEH-69,11584,11588,0,12367,12372,0,13674,13678,0,13249,13255,0,14240,14244,0,13496,13501,0,11835,11841,0,13568,13574,0,13305,13311,0,13418,13424,0,14371,14377,0,13122,13128,0,,158229,158293,0,1
SHV-HQ,PMT HEH-70,24250,24252,0,25256,25255,3.959455178970117e-05,29528,29528,0,27116,27132,0,33466,33468,0,25318,25320,0,26421,26425,0,32036,32045,0,27467,27471,0,23632,23636,0,25576,25584,0,29424,29426,0,,329490,329542,0,1
SHV-HQ,PMT HEH-71,71453,71451,2.7990427273860696e-05,69575,69566,0.00012935680919867742,72822,72828,0,104687,104666,0.000200597973005201,103072,103062,9.701955914309668e-05,99896,99883,0.00013013534075434485,99078,99067,0.00011102363794179837,105211,105200,0.00010455180541957265,99755,99743,0.00012029472206909197,111362,111349,0.00011673640918807848,113072,113053,0.00016803452667324414,109998,109994,3.6364297532731626e-05,,1159981,1159862,0.00010258788721539958,1
SHV-HQ,PMT HEH-72,1305,1307,0,1433,1435,0,662,663,0,741,743,0,669,671,0,734,759,0,468,632,0,483,615,0,500,501,0,615,616,0,945,947,0,1172,1173,0,,9727,10062,0,1
SHV-HQ,PMT HEH-73,2657,2665,0,2785,2795,0,3072,3083,0,3292,3304,0,3010,3021,0,2470,2479,0,2135,2139,0,2524,2526,0,2565,2563,0.000779727095516547,2509,2501,0.0031885213232363263,2753,2755,0,2737,2735,0.00073072707343802,,32509,32566,0,1
SHV-HQ,PMT HEH-74,2615,2623,0,2891,2896,0,3045,3049,0,3526,3532,0,2711,2715,0,2619,2625,0,2439,2444,0,3120,3126,0,2857,2863,0,2946,2951,0,4678,4687,0,3732,3738,0,,37179,37249,0,1
SHV-HQ,PMT HEH-75,656,659,0,728,729,0,670,671,0,763,765,0,757,759,0,792,793,0,691,692,0,864,866,0,810,812,0,849,850,0,835,837,0,747,750,0,,9162,9183,0,1
SHV-HQ,PMT HEH-76,177994,177925,0.0003876535164106798,194212,194116,0.0004943051922641217,196081,196005,0.00038759492250650673,208964,208860,0.0004976933825922014,162323,162243,0.0004928445137164505,182014,181915,0.0005439142044018075,165345,165266,0.0004777888657050422,190631,190530,0.0005298193892913083,208737,208631,0.000507816055610677,223345,223230,0.0005148984754528296,221550,221436,0.0005145565335138436,202427,202328,0.0004890651938723733,,2333623,2332485,0.00048765374698478414,1
SHV-HQ,PMT HEH-77,8777,8807,0,9110,9141,0,9169,9205,0,11273,11319,0,10442,10479,0,10762,10798,0,10381,10415,0,10371,10406,0,10789,10826,0,10536,10569,0,10224,10254,0,9607,9628,0,,121441,121847,0,1
SHV-HQ,PMT HEH-78,20,19,0.050000000000000044,24,22,0.08333333333333337,13,12,0.07692307692307687,4,3,0.25,13,11,0.15384615384615385,25,22,0.12,44,40,0.09090909090909094,55,51,0.07272727272727275,47,45,0.04255319148936165,60,56,0.06666666666666665,58,55,0.051724137931034475,67,64,0.04477611940298509,,430,400,0.06976744186046513,1
SHV-HQ,PMT HEH-79,62554,63802,0,64027,65300,0,64952,66153,0,75277,76634,0,75269,76593,0,72025,73329,0,65378,66620,0,66827,68099,0,64620,65877,0,70740,72060,0,66836,68096,0,56937,58104,0,,805442,820667,0,1
SHV-HQ,PMT HEH-80,4864,4865,0,4957,4959,0,4507,4509,0,5169,5171,0,4842,4845,0,4996,4997,0,4844,4847,0,5012,5015,0,5078,5080,0,4979,4982,0,5263,5266,0,5082,5083,0,,59593,59619,0,1
SHV-HQ,PMT HEH-81,348,348,0,328,330,0,299,300,0,346,347,0,400,403,0,376,378,0,281,282,0,251,252,0,245,247,0,274,276,0,298,299,0,526,528,0,,3972,3990,0,1
SHV-HQ,PMT HEH-82,956,956,0,1204,1203,0.0008305647840531893,1127,1126,0.0008873114463177068,1377,1376,0.000726216412490932,1189,1190,0,1064,1062,0.001879699248120259,697,697,0,676,676,0,732,732,0,817,816,0.001223990208078285,868,868,0,860,860,0,,11567,11562,0.00043226419987896225,1
SHV-HQ,PMT HEH-83,1173,1175,0,1077,1079,0,1021,1023,0,1213,1216,0,1281,1284,0,932,933,0,736,739,0,807,808,0,762,766,0,846,847,0,943,945,0,927,929,0,,11718,11744,0,1
SHV-HQ,PMT HEH-84,1398,1404,0,1344,1350,0,1026,1032,0,1376,1382,0,0,1493,0,1252,1648,0,1405,1410,0,1293,1299,0,0,1484,0,1373,1517,0,1640,1646,0,1307,1312,0,,13414,16977,0,1
SHV-HQ,PMT HEH-85,1500,1507,0,1535,1540,0,1596,1602,0,1612,1618,0,1537,1542,0,1349,1354,0,1174,1179,0,1240,1233,0.005645161290322553,1240,1250,0,1264,1263,0.0007911392405063333,1291,1296,0,1454,1454,0,,16792,16838,0,1
SHV-HQ,PMT HEH-86,795,795,0,868,869,0,770,771,0,1003,1004,0,938,939,0,813,814,0,707,708,0,730,731,0,775,775,0,778,780,0,870,870,0,1077,1078,0,,10124,10134,0,1
SHV-HQ,PMT HEH-87,1825,1826,0,1912,1914,0,1773,1774,0,1947,1949,0,1889,1891,0,1704,1705,0,1824,1826,0,2173,2175,0,2117,2118,0,2045,2047,0,2055,2057,0,2049,2049,0,,23313,23331,0,1
SHV-HQ,PMT HEH-88,1252,1243,0.007188498402555865,1364,1353,0.008064516129032251,1325,1315,0.007547169811320753,1747,1733,0.00801373783629078,3491,3460,0.008879977083930068,2905,2880,0.008605851979345935,2625,2602,0.008761904761904749,3083,3056,0.008757703535517303,2738,2713,0.009130752373995632,2719,2696,0.008458992276572319,3017,2990,0.008949287371561199,2961,2935,0.008780817291455634,,29227,28976,0.00858794949875119,1
SHV-HQ,PMT HEH-89,1366,1385,0,1506,1526,0,1275,1291,0,1142,1158,0,1034,1049,0,1248,1263,0,1159,1175,0,870,885,0,952,967,0,888,900,0,825,837,0,1084,1096,0,,13349,13532,0,1
SHV-HQ,PMT HEH-90,799,799,0,616,618,0,706,707,0,509,509,0,674,674,0,465,465,0,250,251,0,271,271,0,640,640,0,716,715,0.0013966480446927498,389,389,0,626,627,0,,6661,6665,0,1
SHV-HQ,PMT HEH-91,425,429,0,314,316,0,302,303,0,337,337,0,324,0,1,438,762,0,398,398,0,437,438,0,469,470,0,365,363,0.005479452054794498,404,416,0,428,413,0.03504672897196259,,4641,4645,0,1
SHV-HQ,PMT HEH-92,195,196,0,242,243,0,93,93,0,1,2,0,2,1,0.5,0,1,0,0,0,,0,0,,0,0,,1,0,1,0,0,,1,1,0,,535,537,0,1
SHV-HQ,PMT HEH-93,951,950,0.001051524710830698,1047,1045,0.0019102196752626144,949,948,0.0010537407797681642,1040,1037,0.0028846153846153744,995,994,0.0010050251256281673,976,975,0.0010245901639344135,935,933,0.002139037433155133,971,970,0.001029866117404743,974,972,0.002053388090349051,1033,1033,0,1076,1075,0.0009293680297397522,1017,1016,0.000983284169124854,,11964,11948,0.0013373453694416337,1
SHV-HQ,PMT HEH-94,9709,9707,0.00020599443815016993,9356,9354,0.00021376656690896834,8500,8496,0.00047058823529411153,10405,10404,9.610764055745236e-05,8576,8574,0.00023320895522382923,7966,7964,0.0002510670348983002,7752,7750,0.00025799793601655185,8115,8115,0,8166,8164,0.0002449179524859346,7960,7958,0.0002512562814069863,7833,7830,0.00038299502106475813,8772,8772,0,,103110,103088,0.00021336436815055926,1
SHV-HQ,PMT HEH-95,3221,3229,0,2486,2487,0,1422,1424,0,2374,2375,0,1503,1502,0.0006653359946773296,2516,2524,0,2818,2825,0,2562,2562,0,3454,3460,0,3483,3484,0,2387,2438,0,3119,3069,0.016030779095864034,,31345,31379,0,1
SHV-HQ,PMT HEH-96,10133,10138,0,10745,10750,0,10537,10543,0,12933,12944,0,10828,10838,0,10599,10611,0,9756,9767,0,9585,9837,0,10511,10507,0.0003805537056417174,9821,9491,0.03360146624579985,10117,10455,0,9696,9665,0.0031971947194719963,,125261,125546,0,1
SHV-HQ,PMT HEH-97,241,241,0,209,209,0,213,213,0,227,227,0,214,215,0,237,237,0,204,205,0,244,243,0.004098360655737654,201,202,0,274,274,0,313,313,0,309,310,0,,2886,2889,0,1
SHV-HQ,PMT HEH-98,499,494,0.01002004008016033,538,536,0.0037174721189591198,385,376,0.023376623376623384,429,421,0.018648018648018683,272,263,0.03308823529411764,374,367,0.018716577540106916,111,100,0.09909909909909909,229,223,0.026200873362445365,215,205,0.046511627906976716,219,214,0.022831050228310557,514,508,0.011673151750972721,772,765,0.0090673575129534,,4557,4472,0.01865262233925824,1
SHV-HQ,PMT HEH-99,684,687,0,775,769,0.007741935483870921,759,759,0,1216,1214,0.00164473684210531,916,915,0.0010917030567685337,1022,1019,0.0029354207436399493,1413,1412,0.0007077140835102247,1174,1158,0.013628620102214661,1168,1176,0,987,974,0.01317122593718334,749,765,0,588,579,0.015306122448979553,,11451,11427,0.0020958868221115923,1
SHV-HQ,PMT HH-01,9255,9241,0.0015126958400863977,1792,1790,0.0011160714285713969,0,1,0,0,0,,0,0,,0,0,,0,0,,0,0,,0,0,,0,0,,0,0,,0,0,,,11047,11032,0.0013578347062550566,0
SHV-HQ,PMT HH-02,3393,3389,0.0011788977306218529,546,546,0,0,0,,0,0,,0,0,,0,0,,0,0,,0,0,,0,0,,0,0,,0,0,,0,0,,,3939,3935,0.0010154861640010449,0
SHV-HQ,PMT HH-03,0,0,,0,0,,0,0,,0,0,,0,0,,0,0,,0,0,,0,0,,0,0,,0,0,,0,0,,0,0,,,0,0,,0
SHV-HQ,PMT HH-04,0,0,,0,0,,0,0,,0,0,,0,0,,0,0,,0,0,,0,0,,0,0,,0,0,,0,0,,0,0,,,0,0,,0
SHV-HQ,PMT HH-05,59108,59030,0.0013196183257765393,69339,69241,0.0014133460246037455,66280,66178,0.0015389257694629066,74168,74045,0.0016583971524107843,37182,37121,0.0016405787746759382,0,0,,0,0,,0,0,,0,0,,0,0,,0,0,,0,0,,,306077,305615,0.001509424099164547,0
SHV-HQ,PMT HH-06,0,0,,0,0,,0,0,,0,0,,0,0,,0,0,,0,0,,0,0,,0,0,,0,0,,0,0,,0,0,,,0,0,,0
SHV-HQ,PMT HH-07,0,0,,0,0,,0,0,,0,0,,0,0,,0,0,,0,0,,0,0,,0,0,,0,0,,0,0,,0,0,,,0,0,,0
SHV-HQ,PMT HH-08,18047,18051,0,18854,18856,0,18424,18426,0,18819,18821,0,1460,1460,0,0,0,,0,0,,0,0,,0,0,,0,0,,0,0,,0,0,,,75604,75614,0,0
SHV-HQ,PMT HH-09,3808,3885,0,4623,4737,0,4179,4298,0,3738,3821,0,4154,4200,0,0,0,,0,0,,0,0,,0,0,,0,0,,0,0,,0,0,,,20502,20941,0,0
SHV-HQ,PMT HH-10,0,0,,0,0,,0,0,,0,0,,0,0,,0,0,,0,0,,0,0,,0,0,,0,0,,0,0,,0,0,,,0,0,,0
SHV-HQ,PMT HH-11,0,0,,0,0,,0,0,,0,0,,0,0,,0,0,,0,0,,0,0,,0,0,,0,0,,0,0,,0,0,,,0,0,,0
SHV-HQ,PMT HH-12,0,0,,0,0,,0,0,,0,0,,0,0,,0,0,,0,0,,0,0,,0,0,,0,0,,0,0,,0,0,,,0,0,,0
SHV-HQ,PMT HH-13,0,0,,0,0,,0,0,,0,0,,0,0,,0,0,,0,0,,0,0,,0,0,,0,0,,0,0,,0,0,,,0,0,,0
SHV-HQ,PMT HH-14,0,0,,0,0,,0,0,,0,0,,0,0,,0,0,,0,0,,0,0,,0,0,,0,0,,0,0,,0,0,,,0,0,,0
SHV-HQ,PMT HH-15,0,0,,0,0,,0,0,,0,0,,0,0,,0,0,,0,0,,0,0,,0,0,,0,0,,0,0,,0,0,,,0,0,,0
SHV-HQ,PMT HH-16,0,0,,0,0,,0,0,,0,0,,0,0,,0,0,,0,0,,0,0,,0,0,,0,0,,0,0,,0,0,,,0,0,,0
SHV-HQ,PMT HH-17,331930,331400,0.001596722200463918,343450,342910,0.0015722812636482786,335290,334830,0.0013719466730293117,386550,385966,0.0015108006726167744,433910,433274,0.0014657417436795273,458390,457720,0.001461637470276389,424940,424320,0.001459029510048504,457200,456909,0.0006364829396325877,452090,450631,0.0032272335154505116,444860,440960,0.008766803039158333,470560,469350,0.0025714042842570617,454730,453680,0.0023090625206165782,,4993900,4981950,0.0023929193616212263,1
SHV-HQ,PMT KCR-01,112683,112645,0.000337229218249413,87404,87368,0.00041188046313667126,89063,89027,0.0004042082570764327,92358,92311,0.0005088893219862278,91246,91210,0.000394537842754783,120980,120927,0.0004380889403207133,80489,80456,0.00040999391221163695,86609,86570,0.0004502996224410305,101206,101162,0.00043475683259885933,74995,74962,0.0004400293352889717,84188,84152,0.00042761438684846276,97678,73353,0.2490325354736993,,1118899,1094143,0.022125321409707244,1
SHV-HQ,PMT KCR-02,532059,531925,0.0002518517683188781,597424,597355,0.00011549586223524866,602285,602142,0.0002374291240857529,685647,685546,0.00014730612107982655,599483,599402,0.0001351164253198256,524554,524598,0,573012,572917,0.00016579059426324871,554839,554976,0,564058,563817,0.00042726102634838004,631962,631910,8.22834284339713e-05,646238,646120,0.00018259526675934445,615929,615837,0.00014936786545205472,,7127490,7126545,0.0001325852438937014,1
SHV-HQ,PMT KCR-03,9135,9146,0,9611,9622,0,9040,9053,0,10527,10540,0,9612,9617,0,9614,9632,0,9242,9253,0,10192,10204,0,10395,10406,0,10143,10155,0,9798,9810,0,8832,8841,0,,116141,116279,0,1
SHV-HQ,PMT KCR-04,6137,6153,0,6652,6667,0,6586,6598,0,7641,7653,0,7574,7589,0,7637,7653,0,6745,6761,0,7925,7936,0,7107,7117,0,6879,6890,0,8818,8814,0.0004536176003628878,9539,9535,0.0004193311667889388,,89240,89366,0,1
SHV-HQ,PMT KCR-05,5537,5556,0,3886,3888,0,2566,0,1,2479,3872,0,934,0,1,841,2949,0,999,999,0,1437,1437,0,921,901,0.021715526601520097,1704,1712,0,3937,3954,0,9525,9231,0.030866141732283414,,34766,34499,0.0076799171604441385,1
SHV-HQ,PMT KCR-06,2218,2224,0,2318,2325,0,2017,0,1,2347,4453,0,2248,2281,0,2220,2247,0,2095,2123,0,2125,2154,0,2124,2155,0,2008,2036,0,2089,2127,0,2229,2218,0.004934948407357531,,26038,26343,0,1
SHV-HQ,PMT KCR-07,2356,2369,0,2481,2495,0,2313,2327,0,2729,2742,0,2307,2309,0,2269,2271,0,2081,2082,0,2175,2176,0,2137,2128,0.004211511464670137,2038,2049,0,2122,2128,0,1946,1909,0.01901336073997939,,26954,26985,0,1
SHV-HQ,PMT KCR-08,3142,3203,0,3565,3639,0,3435,3508,0,3746,3825,0,3459,3491,0,4247,4250,0,4498,4501,0,5883,5887,0,4857,4835,0.004529544986617284,4997,5025,0,5668,5671,0,7242,7082,0.022093344380005542,,54739,54917,0,1
SHV-HQ,PMT KCR-09,990,1020,0,990,1018,0,973,1002,0,1096,1127,0,989,1000,0,1017,1020,0,967,967,0,1002,1004,0,974,970,0.004106776180698102,971,973,0,1030,1044,0,936,919,0.01816239316239321,,11935,12064,0,1
SHV-HQ,PMT KCR-10,1457,1450,0.0048043925875085325,1786,1779,0.003919372900335949,1342,1336,0.0044709388971684305,1620,1615,0.0030864197530864335,1615,1609,0.0037151702786377694,1835,1826,0.004904632152588517,1677,1670,0.004174120453190211,1750,1745,0.0028571428571428914,1761,1823,0,1658,1655,0.001809408926417344,1938,1932,0.003095975232198178,1761,1753,0.004542873367404887,,20200,20193,0.00034653465346534684,1
SHV-HQ,PMT KCR-11,1041,1043,0,1132,1134,0,1192,1194,0,1269,1270,0,1503,1505,0,1837,1838,0,1753,1753,0,1389,1390,0,1318,1319,0,1556,1556,0,1843,1845,0,1628,1627,0.0006142506142505777,,17461,17474,0,1
SHV-HQ,PMT KCR-12,352039,352006,9.373961407688203e-05,761530,761486,5.777841976017939e-05,828011,827951,7.246280544581651e-05,791613,791777,0,954292,954572,0,760781,761271,0,697814,698704,0,631276,631076,0.0003168186340047896,460284,460032,0.0005474880725813147,299002,298898,0.0003478237603762313,554451,554307,0.00025971636808297394,642964,642858,0.00016486148524641475,,7734057,7734938,0,1
SHV-HQ,PMT KCR-13,1539,1548,0,1237,1247,0,1420,1425,0,1456,1468,0,1183,1194,0,1000,1010,0,1066,1076,0,1284,1294,0,1177,1187,0,0,1012,0,592,739,0,892,899,0,,12846,14099,0,1
SHV-HQ,PMT KCR-14,1962,2413,0,1900,2344,0,2052,2447,0,2180,2624,0,2355,2777,0,2699,3148,0,2652,3085,0,2886,3335,0,2871,3328,0,2597,3042,0,2180,2639,0,2226,2663,0,,28560,33845,0,1
SHV-HQ,PMT KCR-18,147,147,0,159,159,0,110,111,0,86,86,0,49,49,0,84,85,0,47,47,0,31,31,0,0,0,,0,0,,2,2,0,5,5,0,,720,722,0,1
SHV-HQ,PMT KKSEZ-01,162530,162270,0.0015997046699071094,192460,192200,0.0013509300633898214,298360,297970,0.0013071457299905775,370030,369650,0.0010269437613166232,496970,496690,0.0005634142906010275,638760,638120,0.001001941261193573,773300,772760,0.0006983059614638076,996630,995770,0.0008629079999599165,1099130,1098280,0.0007733389135042845,1136540,1136100,0.0003871399158850153,1246930,1245680,0.0010024620467868894,1665250,1663600,0.000990842215883525,,9076890,9069090,0.0008593251653374878,1
SHV-HQ,PMT KSP-01,11807,11813,0,11936,11940,0,13081,13086,0,14586,14596,0,13068,13076,0,12336,12342,0,12011,12019,0,13581,13560,0.001546277888226144,12655,12643,0.0009482418016594218,11589,11560,0.0025023729398567784,12177,12205,0,12038,11759,0.02317660740986871,,150865,150599,0.001763165744208428,1
SHV-HQ,PMT KSP-02,11522,11319,0.01761846901579589,11887,11648,0.020105998149238635,10721,10513,0.01940117526350149,11858,11626,0.01956485073368186,11523,11303,0.019092250282044643,11534,11325,0.018120339864747703,11111,10916,0.017550175501754972,11634,11529,0.009025270758122761,11219,11390,0,10736,10559,0.016486587183308532,10686,10780,0,10762,10452,0.028805054822523712,,135193,133360,0.013558394295562604,1
SHV-HQ,PMT KSP-03,7171,7172,0,7324,7325,0,6910,6911,0,8188,8189,0,7968,7969,0,7492,7494,0,7092,7092,0,7646,7647,0,7430,7432,0,6793,6795,0,7074,7075,0,6565,6563,0.00030464584920031346,,87653,87664,0,1
SHV-HQ,PMT KSP-04,5237,5242,0,5900,5906,0,5523,5528,0,6411,6416,0,5900,5907,0,5819,5822,0,5490,5496,0,5914,5909,0.000845451471085612,5836,5813,0.0039410555174776984,6022,6017,0.0008302889405512603,6318,6291,0.004273504273504258,6780,6631,0.02197640117994104,,71150,70978,0.0024174279690794,1
SHV-HQ,PMT KSP-05,14476,14467,0.0006217187068250363,15709,15699,0.0006365777579731002,15122,15114,0.0005290305515143201,17840,17831,0.000504484304932773,16833,16826,0.0004158498188082671,16504,16494,0.0006059137178865415,14933,14928,0.0003348289024308615,15961,15922,0.0024434559238143416,17046,16971,0.004399859204505474,16718,16643,0.0044861825577222625,16667,16604,0.0037799244015119804,16667,16379,0.017279654406911815,,194476,193878,0.0030749295542894517,1
SHV-HQ,PMT KSP-06,11729,11734,0,12960,12977,0,12297,12311,0,14322,14344,0,13126,13146,0,13180,13200,0,12611,12630,0,13728,13715,0.0009469696969697239,13901,13852,0.0035249262642975676,13228,13183,0.003401874811006955,14980,14926,0.0036048064085447695,13434,13220,0.01592973053446478,,159496,159238,0.00161759542559059,1
SHV-HQ,PMT KSP-07,19574,19584,0,20792,20803,0,20060,20077,0,22819,22835,0,21181,21188,0,21456,21462,0,18689,18699,0,19723,19679,0.002230897936419396,19556,19460,0.004908979341378572,19172,19078,0.004902983517629855,20080,19991,0.004432270916334691,20829,20500,0.015795285419367255,,243931,243356,0.00235722396907323,1
SHV-HQ,PMT KSP-08,16802,16784,0.0010713010355910546,18492,18472,0.0010815487778498278,17913,17890,0.0012839836989895215,21177,21148,0.0013694102091892368,18769,18746,0.0012254249027652264,18675,18652,0.001231593038821921,17486,17463,0.0013153379846734259,19029,18986,0.0022597088654159325,20050,19945,0.0052369077306733125,18571,18472,0.005330892251359631,19711,19614,0.004921110040079113,19532,19200,0.01699774728650416,,226207,225372,0.0036913092875110465,1
SHV-HQ,PMT KSP-09,18975,18976,0,19554,19551,0.00015342129487572187,18219,18217,0.00010977550908397582,20406,20407,0,19298,19296,0.00010363768266141715,19855,19856,0,18186,18187,0,19837,19793,0.002218077330241486,19775,19691,0.004247787610619502,20344,20245,0.004866299646087313,19778,19709,0.003488724845788216,19924,19594,0.01656293916884155,,234151,233522,0.0026863007204752654,1
SHV-HQ,PMT KSP-10,13002,13039,0,13905,13942,0,10594,10633,0,11625,11665,0,11224,11266,0,11528,11568,0,10574,10612,0,11135,11143,0,11328,11285,0.0037959039548022266,10967,10927,0.0036473055530227283,11511,11470,0.003561810442185731,11147,11103,0.00394725038126853,,138540,138653,0,1
SHV-HQ,PMT KSP-11,4213,4220,0,4478,4490,0,4672,4681,0,5285,5297,0,5293,5306,0,5084,5097,0,4734,4745,0,5117,5121,0,5175,5165,0.0019323671497584183,4892,4885,0.0014309076042517965,5157,5147,0.0019391118867558843,5028,5014,0.0027844073190135266,,59128,59168,0,1
SHV-HQ,PMT KSP-12,12141,12151,0,11975,11989,0,11279,11295,0,12916,12934,0,12372,12389,0,12781,12796,0,12251,12267,0,13086,6284,0.5197921442763258,12563,15881,0,12513,12473,0.003196675457524223,13459,13417,0.0031205884538226814,13155,13112,0.0032687191182060316,,150491,146988,0.02327713949671406,1
SHV-HQ,PMT KSP-13,13787,13803,0,14198,14196,0.00014086491055076422,13355,13355,0,15721,15730,0,14698,14697,6.803646754660608e-05,14009,13989,0.0014276536512242144,13016,12998,0.0013829133374309022,14114,14096,0.0012753294601105525,14172,14238,0,14301,14136,0.011537654709460887,14998,15150,0,15201,14902,0.019669758568515272,,171570,171290,0.001631986944104491,1
SHV-HQ,PMT KSP-14,0,0,,0,0,,0,0,,0,0,,0,0,,0,0,,0,0,,0,0,,0,0,,0,0,,0,0,,0,0,,,0,0,,1
SHV-HQ,PMT KSP-15,5678,5760,0,6047,6090,0,5881,5940,0,6700,6750,0,6231,6270,0,6434,6480,0,6131,6210,0,6311,6390,0,6293,6330,0,6277,6300,0,6485,6540,0,6192,6240,0,,74660,75300,0,1
SHV-HQ,PMT KSP-16,2337,2333,0.0017115960633290461,2513,2510,0.0011937922801432688,2399,2395,0.0016673614005835447,2912,2907,0.001717032967032961,2691,2688,0.0011148272017836858,2732,2728,0.0014641288433382416,2853,2849,0.001402032947774301,3220,3216,0.001242236024844745,3337,3332,0.0014983518130057272,3611,3607,0.0011077263915812985,3154,3149,0.0015852885225110525,2818,2814,0.0014194464158977516,,34577,34528,0.0014171269919310836,1
SHV-HQ,PMT KSP-17,298,295,0.010067114093959773,191,188,0.015706806282722474,91,260,0,0,364,0,81,134,0,226,222,0.017699115044247815,128,129,0,147,147,0,109,110,0,114,113,0.00877192982456143,153,154,0,195,196,0,,1733,2312,0,1
SHV-HQ,PMT KSP-18,2106,2043,0.02991452991452992,2380,2318,0.026050420168067245,2168,2105,0.02905904059040587,2462,2385,0.03127538586515033,2295,2230,0.028322440087146017,2648,2595,0.020015105740181283,2648,2644,0.0015105740181269312,2620,2617,0.0011450381679389832,2876,2872,0.0013908205841446364,2693,2691,0.0007426661715559391,2547,2546,0.00039261876717711086,2577,2574,0.0011641443538998875,,30020,29620,0.01332445036642238,1
SHV-HQ,PMT KSP-19,5176,5234,0,5315,5379,0,4879,4939,0,5794,5865,0,5706,5779,0,5789,5858,0,5663,5669,0,5980,5978,0.0003344481605350724,5945,5944,0.0001682085786375298,5954,5952,0.0003359086328518224,6082,6082,0,5922,5919,0.0005065856129685686,,68205,68598,0,1
SHV-HQ,PMT KSP-20,7033,7046,0,7301,7336,0,6691,6739,0,7386,7445,0,7091,7155,0,7115,7193,0,7095,7094,0.00014094432699085502,7537,7526,0.0014594666312857107,7744,7735,0.0011621900826446208,7349,7339,0.0013607293509321217,7492,7483,0.001201281366791207,7545,7534,0.0014579191517560819,,87379,87625,0,1
SHV-HQ,PMT KSP-21,1936,1934,0.0010330578512396382,8885,8892,0,25497,23675,0.07145938737890734,16986,0,1,2297,21111,0,21300,21336,0,28347,28390,0,29218,29258,0,22469,22504,0,25076,25115,0,21950,21982,0,25598,25635,0,,229559,229832,0,1
SHV-HQ,PMT KSP-22,84506,84559,0,71517,71568,0,65581,65630,0,57581,57627,0,81357,81418,0,81769,81832,0,89140,89203,0,84620,84683,0,69590,69646,0,65117,65159,0,76039,76105,0,80744,80802,0,,907561,908232,0,1
SHV-HQ,PMT KSP-23,0,0,,0,0,,0,0,,0,0,,0,0,,0,0,,0,0,,0,0,,0,0,,0,0,,0,0,,0,0,,,0,0,,1
SHV-HQ,PMT KSP-24,2792,2794,0,3906,3908,0,3965,3966,0,5908,5906,0.0003385240352065111,6448,6458,0,5769,5770,0,6604,6606,0,5729,5734,0,5872,5874,0,8389,8394,0,6661,6665,0,11148,11154,0,,73191,73229,0,1
SHV-HQ,PMT KSP-25,332270,332760,0,18150,18200,0,28800,28850,0,32430,32510,0,80660,80880,0,601520,602670,0,781890,783320,0,847770,849390,0,908950,910580,0,925659,927100,0,339951,340460,0,41660,41690,0,,4939710,4948410,0,1
SHV-HQ,PMT KSP-26,0,0,,0,0,,0,0,,0,0,,0,0,,0,0,,0,0,,0,0,,0,0,,0,0,,0,0,,0,0,,,0,0,,1
SHV-HQ,PMT KSP-27,14311,14313,0,26769,26772,0,17815,17816,0,19332,19333,0,24251,24251,0,24853,24853,0,32745,32745,0,40373,40377,0,54353,54360,0,44840,44834,0.0001338090990187224,22461,22465,0,34039,34042,0,,356142,356161,0,1
SHV-HQ,PMT KSP-28,38672,38717,0,40394,40446,0,39970,40022,0,37818,37873,0,31922,31980,0,36752,36798,0,26502,26545,0,17460,17486,0,18301,18329,0,27019,27061,0,38601,38653,0,39410,39037,0.009464602892666818,,392821,392947,0,1
SHV-HQ,PMT KSP-29,0,0,,0,0,,0,0,,4803,4803,0,2577,2577,0,1728,1641,0.05034722222222221,2040,2039,0.0004901960784313708,2302,2302,0,1730,1729,0.0005780346820809523,1828,1828,0,1935,1935,0,1502,1502,0,,20445,20356,0.004353142577647295,1
SHV-HQ,PMT KSP-30,224640,224426,0.0009526353276353428,246270,246156,0.0004629065659641496,261180,260990,0.0007274676468336239,254250,253885,0.0014355948869223534,304000,303944,0.00018421052631578672,373000,372797,0.0005442359249330231,460730,460311,0.0009094263451479012,443150,442624,0.0011869570122983175,320340,320125,0.000671161890491323,0,0,,14330,14338,0,570,570,0,,2902460,2900166,0.0007903640360246156,1
SHV-HQ,PMT KSP-31,2454,2452,0.0008149959250203231,2649,2649,0,2780,2779,0.0003597122302158029,3120,3120,0,3255,3255,0,2796,2796,0,2315,2315,0,2864,2865,0,2924,2926,0,2334,2335,0,2207,2208,0,2054,2053,0.0004868549172346581,,31752,31753,0,1
SHV-HQ,PMT KSP-32,19672,19667,0.0002541683611223533,13507,13504,0.00022210705560077315,18334,18328,0.0003272608268790611,17752,17744,0.00045065344749883884,21504,21497,0.00032552083333337034,23269,23259,0.0004297563281618899,24308,24299,0.00037024847786737425,19103,19093,0.0005234779877506535,24636,24627,0.0003653190452995725,24205,24191,0.0005783928940301664,28230,28228,7.08466170740163e-05,41078,41072,0.00014606358634794425,,275598,275509,0.000322934128694663,1
SHV-HQ,PMT KSP-33,10123,10130,0,10829,10828,9.234463015972416e-05,9606,9603,0.00031230480949406836,10877,10877,0,10504,10503,9.520182787514653e-05,11101,11098,0.00027024592379065737,10337,10338,0,10760,10757,0.00027881040892197007,10599,10598,9.434852344558653e-05,9933,9932,0.00010067451927919802,10556,10555,9.473285335359627e-05,9553,9554,0,,124778,124773,4.007116639148656e-05,1
SHV-HQ,PMT KSP-34,0,0,,0,0,,0,0,,0,0,,0,0,,0,0,,0,0,,0,0,,0,0,,0,0,,0,0,,0,0,,,0,0,,1
SHV-HQ,PMT KSP-35,5125,5132,0,5429,5438,0,5306,5313,0,6602,6607,0,6218,6224,0,6490,6496,0,6277,6284,0,6593,6543,0.007583801001061707,7048,7044,0.0005675368898978572,6731,6814,0,6923,6922,0.0001444460494005595,6637,6547,0.013560343528702723,,75379,75364,0.00019899441489013014,1
SHV-HQ,PMT KSP-36,925050,926070,0,933740,934790,0,995650,996920,0,1055650,1057170,0,1217410,1219070,0,1350730,1352500,0,1160320,1161930,0,1215480,1217100,0,1033470,1034880,0,1171770,1173250,0,1069190,1070620,0,1075570,1076780,0,,13204030,13221080,0,1
SHV-HQ,PMT KSP-37,1078,1079,0,1147,1147,0,1104,1104,0,1173,1171,0.0017050298380221207,1151,1148,0.0026064291920069316,1049,1047,0.0019065776930410339,983,980,0.003051881993896277,1271,1267,0.0031471282454760274,1154,1151,0.0025996533795493715,1035,1033,0.0019323671497584183,1038,1035,0.0028901734104046506,1042,1040,0.0019193857965451588,,13225,13202,0.0017391304347825765,1
SHV-HQ,PMT KSP-38,103,104,0,112,113,0,262,262,0,366,367,0,396,397,0,307,308,0,331,332,0,493,495,0,434,434,0,590,592,0,461,471,0,359,339,0.055710306406685284,,4214,4214,0,1
SHV-HQ,PMT KSP-39,19679,19670,0.00045734031200772574,21230,21219,0.0005181347150259308,21728,21720,0.0003681885125184081,23724,23715,0.0003793626707132569,22399,22392,0.0003125139515156583,21948,21942,0.0002733734281027411,20014,20008,0.0002997901468971831,22797,22376,0.018467342194148362,21617,21834,0,21448,21364,0.003916449086161844,23058,23087,0,23619,23330,0.01223591176595118,,263261,262657,0.0022943010928317964,1
SHV-HQ,PMT KSP-40,7161,7168,0,7530,7536,0,7502,7509,0,8884,8891,0,8610,8615,0,8717,8724,0,7865,7873,0,8410,8416,0,8560,8569,0,8033,8014,0.0023652433710942278,8624,8695,0,8312,8156,0.01876804619826755,,98208,98166,0.00042766373411540215,1
SHV-HQ,PMT KSP-41,4727,4729,0,4819,4819,0,8759,8762,0,8508,8512,0,8328,8330,0,8226,8227,0,7655,7657,0,8186,8188,0,7998,8001,0,8019,8017,0.0002494076568150261,8244,8316,0,7706,7591,0.014923436283415525,,91175,91149,0.00028516588977245405,1
SHV-HQ,PMT KSP-42,12580,12572,0.0006359300476947993,12994,12983,0.000846544559027218,12558,12547,0.00087593565854438,14222,14208,0.0009843903810996535,13695,13683,0.0008762322015334334,13581,13569,0.0008835873647007331,12844,12833,0.0008564310183742929,13889,13875,0.0010079919360644896,14106,14092,0.0009924854671771177,13678,13664,0.0010235414534288667,14145,14131,0.0009897490279250354,13609,13596,0.0009552502020722109,,161901,161753,0.0009141388873447065,1
SHV-HQ,PMT KSP-43,23187,23199,0,23737,23750,0,23641,23652,0,20445,20460,0,24167,24176,0,22701,22717,0,22942,22959,0,19649,19661,0,17055,17067,0,17323,17294,0.0016740749292847301,21961,22230,0,23019,22516,0.021851513966723135,,259827,259681,0.0005619123493709743,1
SHV-HQ,PMT KSP-44,11991,11981,0.0008339588024351974,12557,12542,0.0011945528390538973,12383,12371,0.0009690704998788213,14498,14481,0.0011725755276590366,12777,12764,0.0010174532362839939,12480,12468,0.0009615384615384581,11463,11454,0.0007851347814707976,12598,12586,0.0009525321479599835,12644,12634,0.0007908889591901058,12808,12740,0.005309181761399162,13108,13159,0,13179,12928,0.01904545109644129,,152486,152108,0.002478916097215511,1
SHV-HQ,PMT KSP-45,10543,10547,0,11379,11381,0,11043,11047,0,12102,12105,0,11554,11558,0,12044,12047,0,11516,11518,0,12411,12415,0,12313,12315,0,12013,11975,0.0031632398235245107,12128,12225,0,11554,11299,0.022070278691362244,,140600,140432,0.0011948790896159078,1
SHV-HQ,PMT KSP-46,8424,8436,0,9015,9029,0,8712,8725,0,10034,10050,0,9647,9662,0,9756,9771,0,9288,9303,0,9836,9851,0,9782,9796,0,9187,9201,0,9331,9345,0,8933,8863,0.007836113287809199,,111945,112032,0,1
SHV-HQ,PMT KSP-47,145,145,0,217,218,0,282,282,0,285,286,0,288,288,0,499,500,0,281,282,0,373,373,0,298,298,0,419,418,0.0023866348448687846,709,719,0,1163,1137,0.022355975924333582,,4959,4946,0.002621496269409107,1
SHV-HQ,PMT KSP-48,8256,8261,0,11919,11921,0,11367,11370,0,14488,14491,0,11969,11968,8.354916868580364e-05,8317,8321,0,7626,7621,0.0006556517178074595,8416,8423,0,5126,5127,0,4960,4960,0,5759,5762,0,5580,5580,0,,103783,103805,0,1
SHV-HQ,PMT KSP-49,951,953,0,981,982,0,717,718,0,956,958,0,756,756,0,834,835,0,564,566,0,948,948,0,532,533,0,506,507,0,853,853,0,678,669,0.013274336283185861,,9276,9278,0,1
SHV-HQ,PMT KSP-50,0,0,,0,0,,0,0,,0,0,,0,0,,137,138,0,108,109,0,7,8,0,5,5,0,4,5,0,6,8,0,228,230,0,,495,503,0,1
SHV-HQ,PMT KSP-51,0,0,,0,0,,0,0,,0,0,,0,0,,0,0,,0,0,,0,0,,139330,139190,0.0010048087274815432,513560,513610,0,408400,408290,0.0002693437806072785,528590,528090,0.0009459127111750565,,1589880,1589180,0.0004402848013687066,1
SHV-HQ,PMT LBT-01,0,0,,0,0,,0,0,,0,0,,0,0,,0,0,,0,0,,0,0,,0,0,,0,0,,0,0,,0,0,,,0,0,,0
SHV-HQ,PMT LBT-03,0,0,,0,0,,0,0,,0,0,,0,0,,0,0,,0,0,,0,0,,0,0,,0,0,,0,0,,0,0,,,0,0,,0
SHV-HQ,PMT LBT-04,0,0,,0,0,,0,0,,0,0,,0,0,,0,0,,0,0,,0,0,,0,0,,0,0,,0,0,,0,0,,,0,0,,0
SHV-HQ,PMT LBT-05,0,0,,0,0,,0,0,,0,0,,0,0,,0,0,,0,0,,0,0,,0,0,,0,0,,0,0,,0,0,,,0,0,,0
SHV-HQ,PMT LBT-06,0,0,,0,0,,0,0,,0,0,,0,0,,0,0,,0,0,,0,0,,0,0,,0,0,,0,0,,0,0,,,0,0,,0
SHV-HQ,PMT LBT-07,53270,53257,0.00024403979725928782,54363,54350,0.00023913323400104325,53454,53441,0.00024319976054176795,57527,57513,0.00024336398560675931,56582,56567,0.00026510197589335593,52962,52949,0.0002454590083456054,50215,50202,0.0002588867868167366,52503,52490,0.0002476048987677393,51887,51874,0.00025054445236760703,50460,50447,0.0002576298057868076,49824,49812,0.0002408477842004153,47558,47546,0.00025232347869974525,,630605,630448,0.00024896726159795435,1
SHV-HQ,PMT LBT-08,0,0,,0,0,,0,0,,0,0,,0,0,,0,0,,0,0,,0,0,,0,0,,0,0,,0,0,,0,0,,,0,0,,0
SHV-HQ,PMT LBT-09,0,0,,0,0,,0,0,,0,0,,0,0,,0,0,,0,0,,0,0,,0,0,,0,0,,0,0,,0,0,,,0,0,,0
SHV-HQ,PMT LBT-10,352680,351890,0.0022399909266190843,365440,364680,0.0020796847635726756,347930,347140,0.002270571666714516,389590,388740,0.0021817808465309785,386280,385450,0.0021487004245624997,381030,380210,0.002152061517465831,348560,348040,0.0014918521918751981,363899,363180,0.001975822961865825,360400,359700,0.0019422863485016872,349821,349250,0.001632263357545738,364730,364060,0.0018369752967949404,342529,341570,0.002799762939780237,,4352889,4343910,0.002062767968583623,1
SHV-HQ,PMT LTD-01,0,0,,0,0,,0,0,,0,0,,0,0,,0,0,,0,13768,0,0,4128,0,0,2615,0,0,1832,0,1633,4697,0,2137,2230,0,,3770,29270,0,1
SHV-HQ,PMT LTD-02,0,0,,0,0,,0,0,,0,0,,0,0,,0,0,,15069,15081,0,49,50,0,59,60,0,143,143,0,766,814,0,1642,1659,0,,17728,17807,0,1
SHV-HQ,PMT LTD-03,0,0,,0,0,,0,0,,0,0,,0,0,,0,0,,1528,1530,0,1937,1939,0,1896,1898,0,2332,2333,0,3119,3121,0,1936,1937,0,,12748,12758,0,1
SHV-HQ,PMT LTD-04,0,0,,0,0,,0,0,,0,0,,0,0,,0,0,,0,0,,559,560,0,514,515,0,601,602,0,654,654,0,206,207,0,,2534,2538,0,1
SHV-HQ,PMT LYP-01,0,0,,0,0,,22960,22950,0.0004355400696863798,132640,132500,0.0010554885404101544,82810,82900,0,541030,540850,0.00033269874128971644,1665830,1665360,0.0002821416351008743,2993970,2993060,0.0003039442612985388,3064510,3063780,0.00023821100273779816,3077740,3077070,0.00021769220272016554,3123790,3123200,0.00018887313167659237,2243740,2243520,9.805057626999236e-05,,16949020,16945190,0.00022597176709926448,1
SHV-HQ,PMT MKPR-01,4782,4671,0.023212045169385243,5512,5380,0.02394775036284469,4131,4034,0.023480997337206433,4526,4420,0.02342023862129916,4165,4068,0.02328931572629056,4645,4536,0.023466092572658748,4843,4729,0.02353912863927321,5782,5643,0.024040124524385975,5442,5312,0.023888276368981942,5208,5184,0.004608294930875556,4983,4990,0,5770,5555,0.03726169844020799,,59789,58522,0.02119118901470174,1
SHV-HQ,PMT MKPR-02,4243,4148,0.022389818524628846,4691,4586,0.022383287145598008,4114,4021,0.022605736509479835,4924,4811,0.022948822095857024,5022,4906,0.023098367184388735,5779,5645,0.02318740266482089,5514,5387,0.02303228146536085,5890,5753,0.02325976230899829,6182,6038,0.02329343254610161,5933,5912,0.003539524692398488,5787,5824,0,5997,5705,0.04869101217275307,,64076,62736,0.020912666208876995,1
SHV-HQ,PMT MOG-01,267840,266920,0.0034348864994026007,267610,266670,0.003512574268525137,207730,207020,0.003417898233283534,200850,200180,0.0033358227532984674,215220,214520,0.00325248582845461,259810,258970,0.003233131904083808,286290,285430,0.0030039470467009277,308300,307360,0.003048978267920832,266860,266040,0.0030727722401259205,238340,237590,0.0031467651254510898,258810,257990,0.0031683474363433106,314020,309719,0.01369657983567929,,3091680,3078409,0.004292488226465885,1
SHV-HQ,PMT MRT-01,980280,978810,0.0014995715509854568,612480,611700,0.001273510971786851,620440,619600,0.0013538778931081463,568780,568040,0.0013010302753261316,781930,780760,0.0014962976225493252,821180,819580,0.0019484156944884479,1295610,1293090,0.0019450297543242012,1147200,1145320,0.0016387726638772415,1434670,1432410,0.0015752751503830265,1082000,1080250,0.0016173752310536527,1248810,1247170,0.0013132502142039204,1413000,1410890,0.0014932767162066929,,12006380,11987620,0.0015625026027829003,1
SHV-HQ,PMT MRT-02,685110,685290,0,686550,686720,0,591570,591690,0,522660,522770,0,562600,562720,0,554420,554520,0,510900,511020,0,475420,475510,0,443940,444040,0,534250,534340,0,545700,545790,0,542700,542820,0,,6655820,6657230,0,1
SHV-HQ,PMT MRT-03,6417,6359,0.009038491506934698,4991,4954,0.007413344019234658,4882,4846,0.007374027038099085,5317,5269,0.009027647169456476,5304,5261,0.008107088989441902,5649,5610,0.006903876792352603,5113,5075,0.007432035986700614,1190,1183,0.00588235294117645,161,160,0.006211180124223614,195,194,0.00512820512820511,242,252,0,453,435,0.039735099337748325,,39914,39598,0.007917021596432372,1
SHV-HQ,PMT MRT-05,500,493,0.014000000000000012,951,939,0.012618296529968487,1066,1052,0.013133208255159512,789,779,0.012674271229404344,971,959,0.012358393408856805,667,659,0.01199400299850073,562,555,0.01245551601423489,637,630,0.01098901098901095,607,600,0.011532125205930832,464,453,0.023706896551724088,433,436,0,313,304,0.028753993610223683,,7960,7859,0.01268844221105525,1
SHV-HQ,PMT MRT-06,206398,206440,0,190213,190270,0,198107,198190,0,236699,236840,0,240578,240800,0,236281,236520,0,242668,242900,0,259766,260040,0,278511,278740,0,255997,256270,0,237791,238020,0,226544,226670,0,,2809553,2811700,0,1
SHV-HQ,PMT MRT-08,0,0,,958730,956420,0.002409437485006216,657990,656540,0.0022036809070046237,671800,670300,0.002232807383149793,654730,653200,0.002336841140622825,691490,689910,0.002284920967765225,639810,638330,0.002313186727309624,722480,720800,0.0023253238843982116,762980,761210,0.0023198511101208963,757920,756180,0.0022957568081063418,796170,794160,0.002524586457666067,827789,825670,0.002559831068062013,,8141889,8122720,0.0023543676412193237,1
SHV-HQ,PMT ONG-01,261708,261547,0.0006151894477814945,246252,246120,0.0005360362555431042,0,0,,0,0,,0,0,,0,0,,0,0,,0,0,,0,0,,0,0,,0,0,,0,0,,,507960,507667,0.000576817072210356,0
SHV-HQ,PMT ONG-02,72896,72953,0,76311,76378,0,78404,78481,0,92149,92252,0,89344,89450,0,85559,85672,0,80680,80792,0,79068,79176,0,73144,73240,0,72417,72507,0,76099,76178,0,72600,72665,0,,948671,949744,0,1
SHV-HQ,PMT ONG-03,103967,103917,0.00048092183096559715,155361,155213,0.0009526200269051044,161404,161282,0.0007558672647518527,175318,175142,0.001003890074036895,214177,214043,0.0006256507468122008,245286,245114,0.0007012222466834528,147799,147636,0.0011028491397100382,101877,101806,0.0006969188334953191,83888,83884,4.768262445165039e-05,98090,98078,0.00012233662962590763,96158,96165,0,97998,98007,0,,1681323,1680287,0.0006161814237953811,1
SHV-HQ,PMT ONG-04,63641,63713,0,47166,47163,6.360513929526412e-05,0,0,,0,0,,0,0,,0,0,,0,0,,0,0,,0,0,,0,0,,0,0,,0,0,,,110807,110876,0,0
SHV-HQ,PMT ONG-05,8687,8668,0.0021871762403591344,9059,9045,0.0015454244397836714,8182,8165,0.0020777316059643613,0,0,,17194,21573,0,9257,9170,0.009398293183536799,9015,8920,0.010537992235163607,9251,9170,0.0087558101826829,9012,8997,0.0016644474034620549,8979,8870,0.012139436462857756,9263,9186,0.00831264169275614,8826,8663,0.01846816224790393,,106725,110427,0,1
SHV-HQ,PMT ONG-06,0,105270,0,200791,95688,0.5234447759112709,91110,91206,0,77530,77628,0,65090,65173,0,69490,69582,0,78590,78699,0,73690,73796,0,62470,62556,0,72200,72308,0,73580,73669,0,89860,89978,0,,954401,955553,0,1
SHV-HQ,PMT ONG-07,0,0,,0,0,,0,0,,0,0,,0,0,,0,0,,0,0,,0,0,,0,0,,0,0,,0,0,,0,0,,,0,0,,0
SHV-HQ,PMT ONG-09,292260,291940,0.001094915486210879,415690,415230,0.0011065938559984279,55310,55290,0.0003615982643283555,0,0,,0,0,,0,0,,0,0,,0,0,,0,0,,0,0,,0,0,,0,0,,,763260,762460,0.0010481356287503907,0
SHV-HQ,PMT PS-33,0,0,,0,0,,0,0,,0,0,,0,0,,0,0,,0,0,,0,0,,0,0,,0,0,,0,0,,0,0,,,0,0,,0
SHV-HQ,PMT PS-34,0,0,,0,0,,0,0,,0,0,,0,0,,0,0,,0,0,,0,0,,0,0,,0,0,,0,0,,0,0,,,0,0,,0
SHV-HQ,PMT PST-01,30810,30810,0,31950,31950,0,30150,30180,0,34980,34980,0,32970,33000,0,30870,30840,0.0009718172983479434,27748,27823,0,30639,30667,0,29219,30222,0,28969,28991,0,29970,30090,0,35453,35410,0.0012128733816602066,,373728,374963,0,1
SHV-HQ,PMT PST-02,6126,6120,0.0009794319294809117,6711,6701,0.001490090895544638,6414,6397,0.002650452135952608,6850,6838,0.0017518248175182327,6680,6669,0.0016467065868263076,7238,7225,0.0017960762641613393,4811,4803,0.0016628559551028488,9262,9270,0,6833,6995,0,6473,6334,0.021473814305577044,6405,6641,0,5201,5058,0.0274947125552778,,79004,79051,0,1
SHV-HQ,PMT PST-03,10013,10005,0.000798961350244709,10854,10845,0.0008291873963516272,10383,10377,0.0005778676683039219,12217,12209,0.0006548252435131241,12171,12160,0.0009037876920549026,10992,10986,0.0005458515283842669,8964,8958,0.0006693440428380271,8025,8026,0,7579,7577,0.0002638870563398399,7577,7573,0.0005279134221987114,8508,8504,0.0004701457451810054,2620,5377,0,,109903,112597,0,1
SHV-HQ,PMT PST-04,7000,7049,0,6971,7021,0,6562,6610,0,6678,6726,0,6579,6625,0,6006,6049,0,3938,3966,0,3828,3856,0,3297,3404,0,3207,3148,0.018397256002494533,4189,4219,0,3568,3592,0,,61823,62265,0,1
SHV-HQ,PMT PST-05,5857,5862,0,6042,6049,0,5362,5366,0,5376,5380,0,4897,4902,0,5222,5227,0,4404,4408,0,4731,4737,0,4489,4493,0,4564,4566,0,4749,4755,0,6143,6234,0,,61836,61979,0,1
SHV-HQ,PMT PST-06,14163,14019,0.010167337428510947,13625,13475,0.011009174311926606,13721,13566,0.011296552729392895,14751,14578,0.011728018439427834,16184,16100,0.00519031141868509,14487,14498,0,12520,12530,0,12516,12527,0,11790,11844,0,11293,11194,0.008766492517488733,11250,11702,0,11590,11147,0.03822260569456426,,157890,157180,0.004496801570713749,1
SHV-HQ,PMT PST-07,664,664,0,307,301,0.019543973941368087,405,401,0.00987654320987652,683,683,0,2457,2461,0,866,865,0.0011547344110854896,575,576,0,532,534,0,252,253,0,97,97,0,420,422,0,191,190,0.005235602094240788,,7449,7447,0.0002684924150893053,1
SHV-HQ,PMT PST-08,28328,28435,0,28727,28839,0,29232,29341,0,30596,30714,0,30480,30600,0,29195,29315,0,27215,27331,0,30693,30815,0,27450,27564,0,28512,28625,0,31238,31359,0,39073,39218,0,,360739,362156,0,1
SHV-HQ,PMT PST-09,7746,7674,0.009295120061967421,9299,9219,0.008603075599526777,7467,7403,0.008571045935449328,7970,7899,0.008908406524466783,8437,8359,0.009244992295839749,6878,6824,0.007851119511485871,4842,4805,0.007641470466749234,4918,4881,0.007523383489223212,3919,3893,0.0066343454963000426,4301,4265,0.0083701464775634,4269,4236,0.007730147575544577,4379,4344,0.007992692395524137,,74425,73802,0.008370843130668493,1
SHV-HQ,PMT PST-10,8588,8439,0.01734979040521656,8144,8007,0.016822200392927256,7800,7679,0.015512820512820547,8464,8330,0.015831758034026477,8301,8172,0.015540296349837335,7684,3092,0.5976054138469546,6969,11318,0,7288,7166,0.016739846322722296,6845,6946,0,6818,6693,0.01833382223525959,6710,6654,0.008345752608047707,7536,7337,0.026406581740976653,,91147,89833,0.014416272614567682,1
SHV-HQ,PMT PST-11,1221,1194,0.02211302211302213,1249,1225,0.019215372297838318,1170,1152,0.01538461538461533,1326,1309,0.012820512820512775,1237,1220,0.013742926434923253,1311,1296,0.011441647597253968,1294,1278,0.012364760432766575,1360,1347,0.00955882352941173,1465,1454,0.007508532423208147,1394,1382,0.008608321377331474,1483,1467,0.01078894133513153,1452,195,0.865702479338843,,15962,14519,0.09040220523743892,1
SHV-HQ,PMT PST-12,464,459,0.010775862068965525,463,457,0.01295896328293733,421,416,0.01187648456057011,469,463,0.01279317697228144,428,421,0.016355140186915862,444,438,0.013513513513513487,425,418,0.016470588235294126,439,433,0.013667425968109326,552,544,0.01449275362318836,526,519,0.013307984790874472,589,581,0.01358234295415961,563,555,0.014209591474245165,,5783,5704,0.013660729725056164,1
SHV-HQ,PMT PST-13,651,645,0.009216589861751112,650,642,0.012307692307692353,585,581,0.006837606837606813,654,651,0.004587155963302725,632,627,0.007911392405063333,652,646,0.009202453987730008,618,614,0.006472491909385147,650,644,0.009230769230769265,770,763,0.009090909090909038,771,764,0.009079118028534339,1106,1095,0.009945750452079571,1060,1048,0.01132075471698113,,8799,8720,0.008978292987839476,1
SHV-HQ,PMT PST-14,845,846,0,892,892,0,752,753,0,880,880,0,798,799,0,618,618,0,836,838,0,26,25,0.038461538461538436,0,0,,0,0,,0,0,,0,0,,,5647,5651,0,1
SHV-HQ,PMT PST-15,1189,1188,0.000841042893187538,1221,1220,0.0008190008190007703,1015,1014,0.0009852216748768017,1191,1190,0.0008396305625524292,1135,1134,0.0008810572687224516,1149,1147,0.0017406440382942145,1133,1133,0,1154,1152,0.0017331022530329143,1135,1135,0,1144,1142,0.0017482517482517723,1127,1126,0.0008873114463177068,1150,1150,0,,13743,13731,0.0008731717965509977,1
SHV-HQ,PMT PST-16,2071,2073,0,2169,2172,0,2952,2955,0,2059,2062,0,1933,1936,0,1785,1788,0,1677,1681,0,1608,1612,0,1583,1585,0,1564,1568,0,1670,1673,0,3074,3077,0,,24145,24182,0,1
SHV-HQ,PMT PST-17,6138,6131,0.001140436624307628,5894,5890,0.000678656260604038,4903,4898,0.0010197838058331188,4371,4367,0.0009151223976207046,1640,1638,0.0012195121951219523,1574,1572,0.0012706480304955914,964,965,0,1508,1506,0.0013262599469495706,1255,1255,0,1222,1221,0.0008183306055646877,2068,2067,0.0004835589941972751,2031,3028,0,,33568,34538,0,1
SHV-HQ,PMT PST-18,3021,2997,0.00794438927507446,2561,2541,0.007809449433814897,2347,2328,0.008095440988495906,2709,2690,0.007013658176448834,2383,2366,0.007133864876206486,2057,2042,0.007292173067574126,1804,1790,0.0077605321507761005,1929,1915,0.007257646448937227,1878,1867,0.005857294994675133,2053,2043,0.004870920603994189,2347,2337,0.004260758414997845,2508,2495,0.0051834130781499566,,27597,27411,0.006739863028590087,1
SHV-HQ,PMT PST-19,3169,3133,0.01136005048911326,3209,3174,0.01090682455593639,2373,2345,0.01179941002949858,2723,2692,0.011384502387073114,2669,2638,0.01161483701760957,2490,2458,0.012851405622489986,2221,2196,0.011256190904997743,2354,2327,0.011469838572642277,2256,2234,0.009751773049645363,2314,2292,0.009507346585998278,2541,2519,0.008658008658008698,2565,2541,0.009356725146198785,,30884,30549,0.010847040538790265,1
SHV-HQ,PMT PST-20,12767,12769,0,11993,11995,0,11502,11502,0,11569,11568,8.643789437290383e-05,11098,11098,0,11079,11078,9.026085386765192e-05,10249,10249,0,9917,9917,0,9851,9850,0.00010151253679824279,9575,9576,0,10001,9999,0.00019998000199983323,9871,9874,0,,129472,129475,0,1
SHV-HQ,PMT PST-21,4147,4156,0,4354,4364,0,4354,4362,0,4665,4676,0,4085,4097,0,3591,3603,0,3088,3101,0,3166,3176,0,3163,3174,0,3387,3397,0,3612,3621,0,3362,3370,0,,44974,45097,0,1
SHV-HQ,PMT PST-22,3175,3187,0,3191,3200,0,3084,3096,0,3345,3353,0,3322,3331,0,3428,3437,0,3264,3273,0,3225,3234,0,3330,3338,0,3046,3054,0,3173,3182,0,2939,2954,0,,38522,38639,0,1
SHV-HQ,PMT PST-23,529,538,0,538,547,0,463,471,0,514,521,0,489,497,0,547,556,0,696,706,0,695,705,0,734,745,0,670,680,0,662,672,0,668,678,0,,7205,7316,0,1
SHV-HQ,PMT PST-24,2696,2698,0,2835,2837,0,2656,2659,0,2837,2838,0,2861,2862,0,2999,3001,0,2702,2703,0,2867,2867,0,2866,2868,0,2783,2785,0,2773,2774,0,2754,2755,0,,33629,33647,0,1
SHV-HQ,PMT PST-25,517,512,0.009671179883945835,543,539,0.007366482504604033,459,456,0.006535947712418277,522,517,0.009578544061302652,482,479,0.006224066390041472,502,497,0.009960159362549792,499,495,0.008016032064128265,520,516,0.007692307692307665,517,513,0.007736943907156624,541,536,0.009242144177449174,508,504,0.007874015748031482,504,499,0.009920634920634885,,6114,6063,0.008341511285574144,1
SHV-HQ,PMT PST-26,5749,5746,0.0005218298834579471,5527,5524,0.0005427899402931091,5515,5512,0.0005439709882140153,7769,7766,0.00038615008366582604,7715,7712,0.00038885288399226337,1818,1818,0,0,0,,7736,18607,0,6091,6358,0,5602,5496,0.018921813637986395,6109,6232,0,5386,5192,0.03601930932046049,,65017,75963,0,1
SHV-HQ,PMT PST-27,1246,1246,0,710,1035,0,595,993,0,610,1019,0,945,1014,0,1127,1127,0,928,929,0,850,845,0.00588235294117645,791,793,0,757,754,0.003963011889035695,806,813,0,807,806,0.0012391573729864103,,10172,11374,0,1
SHV-HQ,PMT PST-28,5483,5481,0.0003647638154294919,5534,5531,0.0005421033610408799,5436,5433,0.0005518763796908965,6265,6263,0.00031923383878695866,6019,6014,0.0008307027745472206,5734,5732,0.00034879665155218564,5343,5340,0.0005614823133071045,5712,5709,0.0005252100840336116,5492,5488,0.0007283321194464509,5611,5607,0.000712885403671315,5565,5563,0.0003593890386343057,4798,4794,0.0008336807002917723,,66992,66955,0.0005523047528063207,1
SHV-HQ,PMT PST-29,248,247,0.0040322580645161255,308,308,0,202,202,0,157,220,0,252,349,0,185,186,0,205,210,0,229,234,0,108,107,0.0092592592592593,250,252,0,202,201,0.004950495049504955,311,312,0,,2657,2828,0,1
SHV-HQ,PMT PST-30,32744,33226,0,33636,34023,0,34206,34797,0,40338,40900,0,37837,38372,0,35195,35678,0,32469,32917,0,32871,33324,0,34915,35387,0,31567,31997,0,34510,34986,0,28779,29185,0,,409067,414792,0,1
SHV-HQ,PMT PST-31,16647,17533,0,18502,19406,0,19072,19899,0,19141,20062,0,20345,21228,0,16274,17184,0,12154,13001,0,9431,10298,0,6167,7042,0,5909,6739,0,4957,5841,0,4543,5322,0,,153142,163555,0,1
SHV-HQ,PMT PST-33,9553,9467,0.00900240762064275,10198,10119,0.007746616983722254,7706,7656,0.006488450558006731,8116,8038,0.00961064563824543,9712,9621,0.009369851729818746,9475,9399,0.008021108179419478,9400,9336,0.006808510638297904,7603,7571,0.00420886492174144,6947,6917,0.004318410824816432,8913,8881,0.003590261415909346,9746,9715,0.0031807921198440114,8399,8370,0.0034527919990474665,,105768,105090,0.0064102564102563875,1
SHV-HQ,PMT PST-34,536,537,0,582,581,0.0017182130584192379,458,459,0,548,549,0,681,682,0,640,640,0,544,545,0,670,671,0,541,543,0,681,676,0.007342143906020504,890,906,0,884,870,0.015837104072398245,,7655,7659,0,1
SHV-HQ,PMT PST-35,1514,1517,0,1614,1617,0,1621,1625,0,1975,1978,0,1736,1740,0,1786,1790,0,1564,1567,0,1644,1648,0,1638,1641,0,1516,1519,0,1559,1562,0,1426,1429,0,,19593,19633,0,1
SHV-HQ,PMT PST-36,2779,2782,0,3078,3081,0,2774,2777,0,3187,3191,0,2924,2928,0,3182,3185,0,2931,2933,0,3120,3156,0,2956,2993,0,2874,2777,0.03375086986778009,2948,3058,0,3229,3195,0.01052957572003721,,35982,36056,0,1
SHV-HQ,PMT PST-37,14228,14223,0.0003514197357323834,14716,14711,0.00033976624082632245,13953,13948,0.0003583458754389257,15239,15234,0.00032810551873485583,16236,16230,0.0003695491500369519,13701,13695,0.00043792423910660183,13578,13574,0.0002945941964943577,12522,12518,0.0003194377894905065,12074,12070,0.0003312903760145369,11636,11632,0.00034376074252318034,12755,12751,0.0003136025088200656,12932,12927,0.00038663779771108686,,163570,163513,0.00034847465916731934,1
SHV-HQ,PMT PST-38,931,931,0,943,944,0,853,853,0,959,959,0,910,910,0,940,941,0,921,920,0.0010857763300760048,941,942,0,956,957,0,911,910,0.001097694840834218,960,961,0,917,917,0,,11142,11145,0,1
SHV-HQ,PMT PST-39,5519,5528,0,5534,5542,0,5244,5252,0,5992,6000,0,5392,5399,0,5167,5174,0,4718,4724,0,5197,5340,0,4949,4967,0,4824,4772,0.010779436152570487,5411,5406,0.0009240436148586495,8542,8717,0,,66489,66821,0,1
SHV-HQ,PMT PST-40,1050,1069,0,2389,2432,0,2446,2493,0,2848,2898,0,2700,2746,0,2889,2926,0,2776,2814,0,2838,2876,0,3015,3055,0,3547,3748,0,3989,4108,0,5088,5115,0,,35575,36280,0,1
SHV-HQ,PMT PST-41,1495,1485,0.006688963210702337,1650,1640,0.0060606060606061,1662,1654,0.004813477737665495,1805,1794,0.006094182825484795,1800,1791,0.0050000000000000044,2028,2017,0.005424063116370781,1988,1978,0.005030181086519092,2008,1998,0.004980079681274896,2665,2654,0.004127579737335796,3469,3568,0,3649,3528,0.03315976979994517,4632,4716,0,,28851,28823,0.0009705036220581942,1
SHV-HQ,PMT PST-42,0,0,,0,0,,0,0,,0,0,,0,0,,0,2,0,0,0,,0,0,,0,0,,682,747,0,1226,1321,0,1229,1306,0,,3137,3376,0,1
SHV-HQ,PMT PST-43,0,0,,0,0,,0,0,,0,0,,0,0,,0,0,,0,0,,0,0,,0,0,,0,0,,35,36,0,17,18,0,,52,54,0,1
SHV-HQ,PMT PST-44,0,0,,0,0,,0,0,,0,0,,0,0,,0,0,,0,0,,0,0,,0,0,,0,0,,350,351,0,143,144,0,,493,495,0,1
SHV-HQ,PMT PST-45,0,0,,0,0,,0,0,,0,0,,0,0,,0,0,,0,0,,0,0,,0,0,,0,0,,3019,3027,0,2130,2125,0.0023474178403756207,,5149,5152,0,1
SHV-HQ,PMT PST-46,0,0,,0,0,,0,0,,0,0,,0,0,,0,0,,0,0,,0,0,,0,0,,0,0,,0,0,,1051,1540,0,,1051,1540,0,1
SHV-HQ,PMT RGKRU-01,1068250,1068250,0,1174570,1174570,0,1160140,1160140,0,1265478,1260790,0.0037045290396198194,1090350,1090150,0.00018342733984499926,926970,926970,0,959440,959140,0.00031268239806558906,2096082,1046870,0.5005586613500808,928860,928460,0.00043063540253640564,1011740,1011440,0.0002965188684840303,1304130,1302170,0.0015029176539148592,1217120,1216460,0.0005422637044827372,,14203130,13145410,0.07447090887712782,1
SHV-HQ,PMT RTS-01,34708,34713,0,35251,35314,0,32162,32210,0,32871,32912,0,31995,32052,0,29074,29144,0,25290,25350,0,30679,30736,0,25322,25370,0,31320,31355,0,36383,36407,0,36634,36669,0,,381689,382232,0,1
SHV-HQ,PMT SK-01,51607,51620,0,53707,53720,0,53124,53139,0,57967,57981,0,58441,58457,0,55556,55568,0,50336,50346,0,55116,55127,0,53217,53227,0,53787,53799,0,56654,56665,0,52105,52119,0,,651617,651768,0,1
SHV-HQ,PMT SK-02,43518,43513,0.00011489498598282744,45061,45056,0.00011096069772087436,45315,45311,8.827099194530508e-05,55582,55581,1.7991436076392198e-05,85924,85923,1.1638191890539495e-05,81893,81887,7.326633533999427e-05,67060,67050,0.00014912019087387485,73396,73388,0.0001089977655458485,80712,80700,0.00014867677668750634,78853,78845,0.00010145460540500473,80394,80385,0.00011194865288455258,77242,77233,0.00011651692084613252,,814950,814872,9.571139333697243e-05,1
SHV-HQ,PMT SK-03,37722,37718,0.00010603891628224726,37657,37654,7.966646307455694e-05,36437,36439,0,40674,40678,0,40226,40230,0,39869,39864,0.0001254107201084098,37078,37072,0.0001618210259453079,40014,39768,0.006147848253111432,30720,30779,0,19632,19644,0,20298,20268,0.0014779781259237623,19177,19137,0.0020858319862334662,,399504,399251,0.0006332852737394035,1
SHV-HQ,PMT SK-04,1240,1247,0,962,969,0,919,924,0,1442,1448,0,971,975,0,1154,1156,0,739,741,0,699,701,0,673,676,0,853,855,0,1055,1068,0,836,818,0.021531100478468845,,11543,11578,0,1
SHV-HQ,PMT SK-05,6375,6415,0,5859,5876,0,5923,5941,0,6984,7022,0,6479,6483,0,5992,5997,0,5991,5995,0,6945,6950,0,6949,6952,0,6271,6276,0,6007,6011,0,5933,5936,0,,75708,75854,0,1
SHV-HQ,PMT SK-06,0,0,,0,0,,0,0,,0,0,,0,0,,0,0,,0,0,,0,0,,0,0,,0,0,,0,0,,0,0,,,0,0,,1
SHV-HQ,PMT SK-07,34144,34085,0.001727975632614842,34546,34482,0.0018526023273316428,33931,33865,0.001945123927971526,37181,37107,0.0019902638444366794,40146,40068,0.0019429083843969241,39493,39418,0.0018990707213936142,36660,36595,0.0017730496453900457,38752,38683,0.0017805532617671815,37221,36846,0.010074957685177743,37664,37900,0,38057,37990,0.0017605171190582247,37694,37230,0.012309651403406341,,445489,444269,0.0027385636906859245,1
SHV-HQ,PMT SK-08,4701,4701,0,5209,5207,0.00038395085429066,6595,6593,0.00030326004548897334,5318,5316,0.00037608123354648804,6088,6083,0.0008212877792378448,6543,6541,0.00030567018187377393,6169,6167,0.0003242016534283909,6121,6118,0.0004901159941186339,5807,5806,0.0001722059583261215,6128,6136,0,6014,6107,0,6069,5929,0.023068050749711633,,70762,70704,0.0008196489641333349,1
SHV-HQ,PMT SK-09,0,0,,0,0,,0,0,,0,0,,0,0,,0,0,,0,0,,0,0,,0,0,,0,0,,0,0,,0,0,,,0,0,,1
SHV-HQ,PMT SK-10,3980,3969,0.0027638190954774045,4522,4509,0.002874834144183991,5504,5481,0.004178779069767491,6623,6596,0.004076702400724774,7841,7807,0.004336181609488565,7617,7583,0.004463699619272732,6553,6526,0.004120250267053205,6938,6905,0.004756413952147542,6283,6258,0.003978990927900661,6268,6242,0.004148053605615876,6134,6108,0.004238669709814125,5992,5968,0.004005340453938633,,74255,73952,0.004080533297421085,1
SHV-HQ,PMT SK-11,22795,22621,0.007633252906339094,23532,23352,0.007649158592554772,23713,23511,0.008518534137393008,27508,27233,0.009997091755125753,28160,28114,0.0016335227272726849,0,0,,0,0,,0,0,,0,0,,0,0,,18215,18221,0,28099,28112,0,,172022,171164,0.004987734127030241,1
SHV-HQ,PMT SK-12,7025,6984,0.005836298932384354,7076,7033,0.006076879592990414,7484,7439,0.006012827365045381,8276,8224,0.006283228612856462,7935,7890,0.005671077504725952,6737,6696,0.006085794864182925,7571,7571,0,7543,7543,0,7699,7708,0,7454,7460,0,7543,7583,0,6858,6735,0.017935258092738438,,89201,88866,0.003755563278438623,1
SHV-HQ,PMT SK-13,0,0,,0,0,,0,0,,0,0,,0,0,,0,0,,0,0,,0,0,,0,0,,0,0,,115467,115620,0,44776,44836,0,,160243,160456,0,1
SHV-HQ,PMT SK-14,132440,132399,0.0003095741467834534,136140,136097,0.00031585132951372774,136003,135961,0.00030881671727833737,145894,145850,0.00030158882476316595,115562,115534,0.00024229417974763745,110826,110782,0.00039701875011277643,103160,103122,0.00036835982939120715,112399,112359,0.00035587505226919447,108587,108545,0.0003867866319172686,112173,112130,0.00038333645351373846,116281,116238,0.0003697938614218854,110748,110706,0.00037923935420958177,,1440213,1439723,0.0003402274524670901,1
SHV-HQ,PMT SK-15,56290,56346,0,56420,56476,0,57601,57666,0,62516,62583,0,59717,59780,0,53012,53062,0,48034,48077,0,52068,52117,0,38196,38233,0,0,0,,0,0,,0,0,,,483854,484340,0,0
SHV-HQ,PMT SK-16,0,0,,0,0,,0,0,,0,0,,0,0,,0,0,,0,0,,0,0,,0,0,,0,0,,0,0,,0,0,,,0,0,,0
SHV-HQ,PMT SK-17,1380,1383,0,1355,1358,0,1233,1237,0,1550,1553,0,1579,1582,0,1461,1464,0,16669,16682,0,23123,23139,0,19904,19917,0,19854,19868,0,20312,20327,0,20164,20177,0,,128584,128687,0,1
SHV-HQ,PMT SK-18,7021,7021,0,6708,6693,0.0022361359570661765,6429,6416,0.0020220874163944247,7065,7062,0.000424628450106157,7260,7258,0.0002754820936639035,6895,6896,0,6932,6933,0,6571,6568,0.0004565515142291865,6375,6370,0.0007843137254901489,7683,7677,0.0007809449433815452,6399,6405,0,6396,6403,0,,81734,81702,0.00039151393544911706,1
SHV-HQ,PMT SK-19,6142,6137,0.0008140670791273452,7332,7328,0.0005455537370431252,6950,6948,0.0002877697841726645,7058,7058,0,8257,8257,0,7498,7498,0,8259,8261,0,8463,8464,0,9304,9305,0,9639,9639,0,9836,9837,0,9369,9369,0,,98107,98101,6.11577155554821e-05,1
SHV-HQ,PMT SK-20,27859,27841,0.0006461107721024151,28792,28767,0.0008682967490969418,31390,31363,0.0008601465434852074,33553,33522,0.000923911423717727,41071,41035,0.0008765308855396281,68559,68503,0.0008168147143335913,48114,48071,0.0008937107702540192,45986,45941,0.000978558691775766,40600,40558,0.001034482758620725,39967,39927,0.0010008256811869787,21032,21010,0.0010460251046024993,10203,10200,0.00029403116730375434,,437126,436738,0.0008876159276730577,1
SHV-HQ,PMT SK-21,569,570,0,705,705,0,543,544,0,467,468,0,360,361,0,396,398,0,449,451,0,545,546,0,498,497,0.002008032128514081,526,530,0,449,451,0,389,386,0.007712082262210762,,5896,5907,0,1
SHV-HQ,PMT SK-22,0,0,,0,0,,0,0,,0,0,,0,0,,0,0,,0,0,,0,0,,0,0,,0,0,,0,0,,0,0,,,0,0,,0
SHV-HQ,PMT SK-23,849,850,0,877,880,0,971,972,0,1147,1149,0,1110,1112,0,1263,1265,0,1157,1158,0,214,215,0,0,0,,0,0,,0,0,,0,0,,,7588,7601,0,0
SHV-HQ,PMT SK-24,1657,1656,0.0006035003017501595,2000,1999,0.0004999999999999449,1790,1790,0,1764,1763,0.0005668934240362633,1782,1782,0,1958,1957,0.0005107252298263143,1905,1904,0.0005249343832021136,1865,1864,0.0005361930294905948,2011,2011,0,2101,2100,0.0004759638267491928,2072,2072,0,1969,1967,0.001015744032503818,,22874,22865,0.00039345982338023777,1
SHV-HQ,PMT SK-25,0,0,,0,0,,0,0,,0,0,,0,0,,0,0,,0,0,,0,0,,9177,9183,0,18332,18339,0,19475,19486,0,17678,17505,0.00978617490666367,,64662,64513,0.0023042900003092948,1
SHV-HQ,PMT SK-26,34280,35097,0,35505,36343,0,37095,37892,0,40464,41326,0,40661,41512,0,40203,41088,0,51710,52734,0,72023,73291,0,59284,59900,0,57693,59269,0,60197,61324,0,58641,59087,0,,587756,598863,0,1
SHV-HQ,PMT SK-27,30401,30410,0,28025,28033,0,37918,37930,0,38445,38457,0,28471,28480,0,21597,21601,0,22301,22307,0,27638,27646,0,25511,25518,0,28760,28771,0,29792,29801,0,32812,32821,0,,351671,351775,0,1
SHV-HQ,PMT SK-28,57667,57686,0,20334,20344,0,49300,49319,0,36426,36440,0,39743,39759,0,59209,59238,0,50610,50627,0,48172,48190,0,55953,55973,0,60406,60428,0,49680,49699,0,46973,46992,0,,574473,574695,0,1
SHV-HQ,PMT SK-31,10124,10135,0,9435,9441,0,6657,6662,0,5556,5558,0,6645,6646,0,6203,6204,0,1940,1944,0,2423,2426,0,2586,2586,0,2525,2533,0,2158,2162,0,3138,3127,0.0035054174633524227,,59390,59424,0,1
SHV-HQ,PMT SK-32,5021,5013,0.001593308105955038,4962,4953,0.0018137847642080152,4895,4886,0.001838610827374909,5676,5662,0.0024665257223396297,4521,4514,0.001548330015483268,3767,3765,0.0005309264666844005,3782,3780,0.0005288207297725611,3999,3959,0.010002500625156285,3795,3821,0,3719,3699,0.0053777897284216225,3949,3943,0.001519371992909635,3658,3636,0.006014215418261304,,51744,51631,0.002183828076685268,1
SHV-HQ,PMT SK-33,0,0,,0,0,,0,0,,0,0,,0,0,,0,0,,0,0,,0,0,,0,0,,0,0,,0,0,,0,0,,,0,0,,1
SHV-HQ,PMT SK-34,189914,216976,0,148750,183040,0,0,176769,0,186642,193344,0,210896,211115,0,188457,188657,0,168472,168649,0,187598,187787,0,156151,156298,0,157861,158018,0,187168,187347,0,186696,186835,0,,1968605,2214835,0,1
SHV-HQ,PMT SK-35,4,3,0.25,417,423,0,379,384,0,844,850,0,872,879,0,766,771,0,901,909,0,1122,1130,0,1144,1150,0,992,999,0,1089,1096,0,1091,1097,0,,9621,9691,0,1
SHV-HQ,PMT SK-36,0,0,,0,0,,0,0,,0,0,,0,0,,0,0,,0,0,,0,0,,0,0,,0,0,,0,0,,0,0,,,0,0,,1
SHV-HQ,PMT SK-37,0,0,,0,0,,0,0,,0,0,,0,0,,0,0,,0,0,,0,0,,0,0,,0,0,,0,0,,0,0,,,0,0,,0
SHV-HQ,PMT SK-38,35333,35370,0,30055,30083,0,29342,29371,0,33127,33159,0,37832,37870,0,30652,30681,0,28162,28189,0,35596,35629,0,37149,37186,0,36579,36616,0,41012,41054,0,39207,39250,0,,414046,414458,0,1
SHV-HQ,PMT SK-39,1227,1222,0.004074979625101838,1491,1485,0.004024144869215318,2906,2896,0.0034411562284927255,4114,4099,0.003646086533787063,3675,3662,0.003537414965986363,4331,4315,0.0036942969291157146,4635,4620,0.003236245954692518,4886,4870,0.0032746623004502595,4518,4502,0.0035413899955732964,4776,4758,0.0037688442211055717,4751,4733,0.0037886760681962173,4694,4673,0.004473796335747737,,46004,45835,0.003673593600556524,1
SHV-HQ,PMT SK-40,0,0,,0,0,,0,0,,0,0,,0,0,,0,0,,0,0,,0,0,,0,0,,0,0,,11707,11721,0,7040,6996,0.006249999999999978,,18747,18717,0.0016002560409665856,1
SHV-HQ,PMT SK-41,0,0,,0,0,,0,0,,0,0,,0,0,,0,0,,0,0,,0,0,,0,0,,2414,2419,0,2072,2069,0.0014478764478764727,3661,3609,0.01420376946189561,,8147,8097,0.006137228427642083,1
SHV-HQ,PMT SR-01,0,0,,0,0,,0,0,,0,0,,0,0,,0,0,,0,0,,0,0,,0,0,,0,0,,0,0,,0,0,,,0,0,,1
SHV-HQ,PMT SSEZTP-01,1280,3700,0,84190,86240,0,712130,711710,0.0005897799559069217,687910,687830,0.00011629428268233877,543671,543850,0,462060,461980,0.0001731376877461832,338469,338680,0,243581,244070,0,4720,5600,0,4800,5710,0,5219,6310,0,159400,160080,0,,3247430,3255760,0,1
SHV-HQ,PMT SST-01,782240,790380,0,831790,823390,0.010098702797581072,830490,830380,0.00013245192597144406,941100,940900,0.00021251726702797846,867890,867740,0.00017283296270265147,820770,820650,0.00014620417412913866,759640,759530,0.00014480543415307245,804990,804880,0.00013664766021936892,790990,790910,0.00010113907887587814,792480,792370,0.00013880476478900228,837090,836980,0.000131407614473944,848140,847950,0.00022401961940243797,,9907610,9906060,0.00015644539904169363,1
SHV-HQ,PMT SST-02,13449,13431,0.0013383894713361322,13805,13789,0.0011590003621876344,13563,13544,0.0014008700140086816,15828,15808,0.0012635835228708148,14363,14345,0.001253220079370565,14380,14362,0.0012517385257301283,13813,13797,0.0011583291102584825,15356,15336,0.0013024225058608785,14831,14811,0.0013485267345425545,15260,15242,0.0011795543905636086,15691,15671,0.0012746160219233582,16117,16092,0.0015511571632438326,,176456,176228,0.001292106814163252,1
SHV-HQ,PMT SST-03,18667,18693,0,19088,19115,0,18892,18921,0,21922,21958,0,19862,16546,0.16695196858322425,20064,23402,0,18804,18850,0,18962,19012,0,19879,20223,0,20111,19969,0.007060812490676693,21577,21784,0,21222,20831,0.01842427669399682,,239050,239304,0,1
SHV-HQ,PMT SST-04,0,0,,0,0,,0,0,,0,0,,0,0,,0,0,,0,0,,0,0,,0,0,,0,0,,0,0,,0,0,,,0,0,,0
SHV-HQ,PMT SST-05,0,0,,0,0,,0,0,,0,0,,0,0,,0,0,,0,0,,0,0,,0,0,,495,1096,0,1773,1780,0,3953,3963,0,,6221,6839,0,1
SHV-HQ,PMT ST-01,166496,166483,7.807995387276723e-05,188939,188921,9.526884338328934e-05,180207,180195,6.659008806542133e-05,199125,199108,8.537350910231556e-05,193213,193200,6.728325733773577e-05,185042,185025,9.187103468399904e-05,176186,176169,9.648893782709944e-05,185013,184991,0.0001189105630414744,180589,180563,0.00014397333170901305,176600,176579,0.00011891279728204474,181414,181391,0.000126781836021439,178872,178854,0.00010063061854281852,,2191696,2191479,9.901008169010961e-05,1
SHV-HQ,PMT ST-02,75482,75270,0.0028086166238308063,85255,85016,0.002803354641956468,81750,81503,0.0030214067278288015,89384,89130,0.0028416718875861058,90184,89933,0.0027831987935775793,87348,87137,0.002415624856894283,81781,81582,0.0024333280346290342,86647,86439,0.0024005447389984225,84408,83709,0.008281205572931438,85272,84725,0.006414766863683252,89490,90154,0,88671,88063,0.006856807749997196,,1025672,1022661,0.002935636343782466,1
SHV-HQ,PMT ST-03,55852,56354,0,61362,61914,0,57578,58089,0,63131,63706,0,61152,61715,0,60115,60694,0,57400,57958,0,60677,61270,0,59501,59559,0,57517,57977,0,59673,60884,0,59936,59688,0.00413774693005875,,713894,719808,0,1
SHV-HQ,PMT ST-04,62120,62152,0,68487,68527,0,65082,65121,0,75453,75503,0,72703,72750,0,69443,69486,0,68012,68054,0,74648,74695,0,75716,75762,0,76095,76141,0,83712,83763,0,83483,83529,0,,874954,875483,0,1
SHV-HQ,PMT ST-05,27816,28929,0,35737,37877,0,30386,30464,0,35680,35761,0,33958,34027,0,34272,34332,0,32151,32204,0,33709,33760,0,34899,35096,0,34471,34374,0.002813959560210022,36751,37300,0,35455,34781,0.019010012692144973,,405285,408905,0,1
SHV-HQ,PMT ST-06,24011,24015,0,26854,26856,0,26779,26781,0,28942,28948,0,27358,27359,0,27592,27595,0,25616,25617,0,27402,27404,0,26902,26902,0,26683,26685,0,26979,26981,0,26982,26988,0,,322100,322131,0,1
SHV-HQ,PMT ST-07,33830,33855,0,37747,37779,0,35270,35299,0,40640,40675,0,37184,37216,0,37740,37774,0,35973,36004,0,37118,37152,0,36903,36936,0,35933,35965,0,36448,36481,0,35057,35088,0,,439843,440224,0,1
SHV-HQ,PMT ST-08,3702,6109,0,4364,4369,0,4260,4266,0,4943,4949,0,4627,4632,0,4465,4470,0,4280,4283,0,4796,4761,0.0072977481234361985,4637,4653,0,4618,4610,0.0017323516673884987,4872,4879,0,4509,4500,0.001996007984031989,,54073,56481,0,1
SHV-HQ,PMT ST-09,11619,11611,0.0006885274119975415,12525,12518,0.0005588822355289125,11688,11683,0.00042778918548935785,13921,13916,0.00035916959988502306,12898,12896,0.0001550628004342025,12903,12898,0.0003875067813686739,12680,12673,0.000552050473186072,13367,13360,0.0005236777137727078,13692,13838,0,12544,12427,0.009327168367346927,12832,12785,0.003662718204488824,12442,12336,0.008519530622086435,,153111,152941,0.001110305595287131,1
SHV-HQ,PMT ST-10,9560,9560,0,10338,10339,0,9290,9293,0,10573,10575,0,10798,10803,0,10774,10780,0,10390,10394,0,10758,10762,0,10537,10542,0,10677,10680,0,11212,11213,0,11152,11154,0,,126059,126095,0,1
SHV-HQ,PMT ST-11,14361,14350,0.0007659633730241477,13686,13678,0.0005845389449071758,13242,13237,0.0003775864673010165,13959,13950,0.0006447453255964408,12587,12582,0.0003972352427107362,12565,12557,0.0006366892160764026,12477,12466,0.000881622184820019,12934,12923,0.0008504716251739319,12818,12807,0.0008581682009674019,12939,12927,0.000927428703918376,14629,14615,0.000957003212796459,14543,14528,0.0010314240528088714,,160740,160620,0.000746547219111604,1
SHV-HQ,PMT ST-12,1855,1877,0,2051,2074,0,1879,1901,0,2290,2315,0,2296,2321,0,2513,2516,0,2144,2145,0,2225,2126,0.04449438202247191,2134,2236,0,1902,1902,0,2313,2314,0,2359,2359,0,,25961,26086,0,1
SHV-HQ,PMT ST-13,1764,1765,0,1884,1888,0,1506,1507,0,1577,1580,0,1342,1342,0,1346,1347,0,1364,1367,0,1457,1457,0,1454,1455,0,1133,132,0.883495145631068,1358,2802,0,1537,1521,0.010409889394925154,,17722,18163,0,1
SHV-HQ,PMT ST-14,9564,9575,0,10081,10091,0,10627,10640,0,10351,10362,0,10893,10906,0,12302,12298,0.00032515038205171987,9669,9665,0.0004136932464577914,9910,9905,0.0005045408678102659,9722,9790,0,9536,9466,0.007340604026845665,9617,9604,0.0013517729021524927,10102,10015,0.008612156008711125,,122374,122317,0.0004657852158138631,1
SHV-HQ,PMT ST-15,79205,79465,0,89207,89505,0,88890,89194,0,93541,93869,0,94838,95169,0,92271,92596,0,79180,79453,0,84124,84426,0,79082,79361,0,79811,80099,0,84818,85121,0,87559,87868,0,,1032526,1036126,0,1
SHV-HQ,PMT ST-16,40023,40011,0.0002998275991304977,45068,45053,0.0003328303896334983,42393,42378,0.0003538320005661566,46600,0,1,44620,91291,0,43580,43677,0,41492,41577,0,42698,42788,0,41617,41872,0,41416,41321,0.002293799497778637,43338,43866,0,46113,45203,0.019734131372931674,,518958,519037,0,1
SHV-HQ,PMT ST-17,56022,56009,0.00023205169397733094,62692,62682,0.0001595099853251014,60954,60945,0.00014765232798508166,68601,68586,0.00021865570472734408,64594,64578,0.00024770102486304513,64158,64138,0.0003117304155366707,60336,60317,0.00031490320869798083,64447,64428,0.0002948158952317259,64472,64448,0.0003722546221615053,63135,63112,0.00036429872495447047,49135,49119,0.00032563345883784844,47124,47117,0.00014854426619137495,,725670,725479,0.00026320503810273177,1
SHV-HQ,PMT ST-18,23741,23735,0.00025272734931136576,25800,125891,0,23879,23787,0.0038527576531680596,27108,-73442,3.709237125571787,27884,27413,0.01689140725864291,28162,27720,0.01569490803209994,27435,27011,0.01545471113541097,28783,28432,0.012194698259389236,27948,27755,0.006905681980821532,30443,29737,0.023190881319186674,31990,31357,0.01978743357299151,31939,30824,0.03491029775509569,,335112,330220,0.01459810451431165,1
SHV-HQ,PMT ST-21,20,20,0,20,30,0,40,30,0.25,30,30,0,30,30,0,20,30,0,30,20,0.33333333333333337,10,10,0,10,10,0,0,10,0,10,10,0,0,0,,,220,230,0,1
SHV-HQ,PMT ST-22,3281949,3288880,0,1730400,1735570,0,2027062,2033210,0,1628288,1633390,0,2244071,2250740,0,2320038,2326630,0,2038141,2043850,0,2327091,2333560,0,1634989,1639660,0,1688832,1693490,0,2402598,2409460,0,1711120,1715930,0,,25034579,25104370,0,1
SHV-HQ,PMT ST-24,23150,23152,0,10996,23405,0,22895,22865,0.0013103297663245028,28301,28262,0.0013780431786862835,30260,30215,0.0014871116986120425,30419,30378,0.0013478418093954003,29485,29445,0.0013566220111921323,31317,31274,0.0013730561675767694,30958,31181,0,35257,34913,0.0097569277023003,37246,37867,0,37027,35910,0.03016717530450752,,347311,358867,0,1
SHV-HQ,PMT ST-25,1465,1461,0.0027303754266211344,1562,1558,0.002560819462227859,1534,1531,0.001955671447196883,1976,1971,0.0025303643724696734,1832,1829,0.0016375545851528006,2103,2098,0.002377555872563053,2212,2207,0.0022603978300180794,2469,2463,0.002430133657351119,2825,2819,0.002123893805309751,2778,2772,0.002159827213822907,2972,2966,0.0020188425302826163,2951,2945,0.0020332090816672643,,26679,26620,0.0022114771917988163,1
SHV-HQ,PMT ST-26,3037,3036,0.0003292723081989024,2853,2853,0,2598,2598,0,1110,1109,0.0009009009009008917,0,0,,0,0,,0,0,,0,0,,0,0,,0,0,,0,0,,0,0,,,9598,9596,0.00020837674515528093,1
SHV-HQ,PMT ST-27,4371,4374,0,4654,4656,0,4784,4787,0,5331,5334,0,4349,4353,0,3535,3537,0,3087,3089,0,3119,3120,0,3096,3098,0,2897,2900,0,3200,3201,0,2839,2841,0,,45262,45290,0,1
SHV-HQ,PMT ST-28,1743,1743,0,1309,1309,0,2877,2876,0.0003475842891901282,5646,5645,0.00017711654268504073,6295,6292,0.00047656870532164497,4581,4579,0.00043658589827544336,1968,1967,0.000508130081300795,3263,3262,0.00030646644192455774,2997,2996,0.0003336670003336595,1772,1772,0,3230,3229,0.0003095975232197956,3271,3271,0,,38952,38941,0.000282398849866472,1
SHV-HQ,PMT ST-29,7617,7620,0,9174,9179,0,8592,8597,0,9851,9856,0,9296,9302,0,10265,10271,0,10285,10291,0,13105,13112,0,13894,13902,0,14244,14251,0,15061,15068,0,16197,16205,0,,137581,137654,0,1
SHV-HQ,PMT ST-31,202110,202182,0,262820,262893,0,224742,224791,0,215459,215515,0,237310,237360,0,283434,283513,0,262844,262906,0,247990,248061,0,221569,221630,0,153656,153698,0,127817,127854,0,197515,197581,0,,2637266,2637984,0,1
SHV-HQ,PMT ST-32,4114,4111,0.000729217306757457,4386,4383,0.0006839945280437965,3887,3884,0.000771803447388697,4150,4148,0.00048192771084332175,3728,3725,0.0008047210300429208,3942,3939,0.0007610350076103778,3394,3392,0.0005892751915144157,3237,3235,0.0006178560395427857,3220,3217,0.0009316770186335033,3061,3059,0.000653381247958218,3713,3711,0.000538647993536201,3883,3880,0.0007725985063095075,,44715,44684,0.0006932796600693791,1
SHV-HQ,PMT ST-33,0,0,,0,0,,0,0,,0,0,,0,0,,0,0,,0,0,,0,0,,0,0,,0,0,,683,682,0.0014641288433382416,3388,3384,0.0011806375442738881,,4071,4066,0.001228199459592183,1
SHV-HQ,PMT ST-34,269,266,0.01115241635687736,314,312,0.006369426751592355,160,159,0.006249999999999978,93,93,0,87,87,0,67,68,0,53,62,0,70,61,0.12857142857142856,79,83,0,63,68,0,76,75,0.013157894736842146,127,127,0,,1458,1461,0,1
SHV-HQ,PMT ST-35,2538,2540,0,2221,2222,0,2275,2277,0,2664,2664,0,2961,2963,0,2795,2795,0,2288,2090,0.08653846153846156,2264,2465,0,2594,2595,0,2701,2702,0,2392,2393,0,2872,2873,0,,30565,30579,0,1
SHV-HQ,PMT ST-36,1736,1737,0,1969,1969,0,1948,1949,0,3152,3152,0,3026,3027,0,2569,2570,0,1570,1570,0,1739,1740,0,1848,1848,0,1785,1785,0,1933,1934,0,1582,1582,0,,24857,24863,0,1
SHV-HQ,PMT ST-37,222,253,0,174,208,0,284,315,0,636,672,0,420,457,0,223,259,0,215,253,0,216,261,0,283,328,0,124,163,0,149,190,0,60,101,0,,3006,3460,0,1
SHV-HQ,PMT ST-38,93150,92910,0.0025764895330112614,1075490,1073520,0.0018317232145347306,1924730,1921590,0.0016313976505795136,1473830,1470850,0.0020219428292272967,2376200,2372060,0.0017422775860618245,1892590,1889070,0.0018598851309581388,1955800,1952620,0.0016259331219961037,1551550,1548690,0.0018433179723502668,1475500,1472610,0.001958658082006126,2395970,2391960,0.0016736436599790183,2395990,2391780,0.0017571024920804978,1772030,1768840,0.0018001952562879397,,20382830,20346500,0.001782382524899595,1
SHV-HQ,PMT ST-39,53511,53502,0.00016818971800192095,60791,60783,0.00013159842739873806,58141,58127,0.0002407939319929442,64811,64801,0.0001542947956365559,62721,62715,9.566174008701633e-05,62874,62863,0.00017495308076465044,59875,59643,0.003874739039665953,63893,63511,0.005978745715493061,63020,63003,0.0002697556331323625,62931,62666,0.004210961211485564,64961,65236,0,62106,62541,0,,739635,739391,0.00032989244695014186,1
SHV-HQ,PMT ST-40,41933,41972,0,45776,45818,0,45948,45982,0,48758,48808,0,46837,46883,0,45820,45868,0,43821,43867,0,49948,49427,0.01043084808200534,46014,46204,0,43058,43048,0.00023224487900042057,44612,44736,0,43663,43565,0.0022444632755421745,,546188,546178,1.8308714215597988e-05,1
SHV-HQ,PMT ST-41,0,0,,0,0,,0,0,,0,0,,0,0,,0,0,,0,0,,0,0,,0,0,,0,0,,0,0,,0,0,,,0,0,,1
SHV-HQ,PMT ST-42,938,943,0,841,845,0,680,683,0,480,480,0,553,553,0,480,480,0,375,373,0.005333333333333301,320,318,0.006249999999999978,491,488,0.006109979633401208,248,247,0.0040322580645161255,572,583,0,536,514,0.04104477611940294,,6514,6507,0.0010746085354620405,1
SHV-HQ,PMT ST-43,48971,48949,0.00044924547180980046,56183,56157,0.0004627734368046754,51278,51255,0.0004485354342993464,51980,51962,0.0003462870334743906,56017,55999,0.000321331024510374,58075,58057,0.0003099440378820928,57200,57184,0.0002797202797202303,59383,59368,0.0002525975447518203,57014,56999,0.00026309327533591276,61521,61693,0,61311,62114,0,60661,58976,0.027777319859547345,,679594,678713,0.0012963622398078911,1
SHV-HQ,PMT ST-44,0,0,,0,0,,0,0,,0,0,,0,0,,0,0,,0,0,,0,0,,0,0,,2583,2586,0,4856,4865,0,4957,4933,0.004841638087553002,,12396,12384,0.0009680542110358514,1
SHV-HQ,PMT ST-45,0,0,,0,0,,0,0,,0,0,,0,0,,0,0,,0,0,,0,0,,0,0,,0,0,,0,0,,1136,1140,0,,1136,1140,0,1
SHV-HQ,PMT TSL-01,20246,20459,0,21040,21257,0,20478,20704,0,22392,22655,0,22462,22761,0,22967,23305,0,21926,22020,0,23571,23599,0,22601,22663,0,23148,23175,0,24051,24229,0,23403,23092,0.013288894586164113,,268285,269919,0,1
SHV-HQ,PMT TSL-02,37230,37260,0,38340,38340,0,37050,37080,0,39570,39630,0,41070,41100,0,36630,36630,0,34560,34590,0,38520,38610,0,35550,35580,0,37380,37305,0.0020064205457464013,38940,38846,0.0024139702105804295,37860,37402,0.012097200211304782,,452700,452373,0.0007223326706428113,1
SHV-HQ,PMT TSL-03,22942,22950,0,23623,23633,0,24091,24102,0,29753,29767,0,26196,26217,0,26502,26521,0,25714,25732,0,27671,27692,0,27853,27874,0,27295,27314,0,28352,28375,0,27122,26693,0.01581741759457267,,317114,316870,0.0007694393814211553,1
SHV-HQ,PMT TSL-04,34680,34530,0.004325259515570945,36090,35970,0.0033250207813798616,34020,33900,0.003527336860670194,39090,38940,0.0038372985418265726,38370,38250,0.0031274433150899617,39330,39210,0.0030511060259343914,36810,36690,0.0032599837000815146,39450,39270,0.004562737642585524,38460,38400,0.0015600624024960652,38760,38486,0.007069143446852388,41250,41006,0.00591515151515154,38520,37895,0.01622533748701971,,454830,452547,0.005019457819405049,1
SHV-HQ,PMT TSL-05,2620,2607,0.004961832061068705,3170,3165,0.001577287066246047,3131,3130,0.0003193867773874093,3438,3431,0.0020360674810936397,1623,1719,0,1609,1505,0.06463642013673088,1348,1345,0.002225519287833877,1380,1375,0.0036231884057971175,1358,1355,0.0022091310751104487,1306,1300,0.004594180704441064,1467,1462,0.0034083162917518672,2686,2677,0.003350707371556183,,25136,25071,0.002585932527052859,1
SHV-HQ,PMT TSL-06,25524,25693,0,26807,26982,0,26151,26318,0,29290,29458,0,28811,28976,0,28519,28678,0,26313,26461,0,26961,27058,0,25828,25918,0,25070,25165,0,25920,26018,0,25455,25539,0,,320649,322264,0,1
SHV-HQ,PMT TSL-07,7786,7797,0,7402,7411,0,7063,7077,0,8185,8200,0,8629,8646,0,8959,8986,0,8184,8201,0,8587,8599,0,8022,8030,0,7817,7823,0,7991,7989,0.00025028156676265567,7761,7750,0.0014173431258858171,,96386,96509,0,1
SHV-HQ,PMT TSL-08,9852,9814,0.003857084855866777,9852,9823,0.0029435647584247215,9049,9011,0.004199359045198414,11453,11386,0.0058499956343316395,10155,10099,0.005514524864598691,10426,10375,0.004891617111068447,10316,10294,0.002132609538580854,10493,10479,0.0013342228152101177,11092,11078,0.0012621709340064902,10725,10712,0.00121212121212122,11524,11508,0.0013884068031932983,11085,11073,0.0010825439783491708,,126022,125652,0.0029359953024075125,1
SHV-HQ,PMT TSL-09,1739,1735,0.0023001725129384587,1984,1969,0.007560483870967749,2521,2512,0.0035700119000396935,3373,3357,0.00474355173436114,3049,3039,0.003279763857002349,2797,2790,0.0025026814444046863,2652,2648,0.0015082956259426794,4164,4147,0.0040826128722382116,4123,4116,0.001697792869269965,5302,5296,0.0011316484345530453,5035,5030,0.0009930486593843213,3954,3941,0.0032878098128477085,,40693,40580,0.0027768903742658724,1
SHV-HQ,PMT TSL-10,0,0,,34870,34860,0.0002867794665901702,12800,12800,0,109860,109840,0.00018204988166758973,61520,61500,0.00032509752925879987,744570,744420,0.00020145855997422135,1188460,1188210,0.00021035625936083324,1187100,1186920,0.00015163002274454218,1112100,1111939,0.0001447711536732843,1267000,1277040,0,1129669,1140300,0,1225160,1202860,0.018201704267197805,,8073109,8070689,0.000299760600284249,1
SHV-HQ,PMT TSL-11,7209,7202,0.0009710084616452175,7639,7624,0.001963607802068279,7054,7038,0.00226821661468668,8963,8936,0.0030123842463460893,7839,7805,0.004337287919377486,8517,8506,0.0012915345779029863,7692,7687,0.0006500260010400272,8292,8293,0,8772,12773,0,8523,4526,0.4689663264108882,8334,8336,0,8577,8579,0,,97411,97305,0.0010881727936270513,1
SHV-HQ,PMT TSL-12,2576,2568,0.0031055900621117516,2703,2698,0.0018497965223824853,2381,2375,0.002519949601007987,2893,2886,0.0024196335983408535,2478,2475,0.001210653753026647,2693,2686,0.0025993316004455647,2637,2637,0,2576,2578,0,2621,2622,0,2306,2307,0,2478,2479,0,2403,2403,0,,30745,30714,0.0010082940315498945,1
SHV-HQ,PMT TSL-13,4799,4819,0,5095,5124,0,4999,5025,0,5843,5870,0,5867,5902,0,6082,6115,0,5849,5860,0,5955,5962,0,5011,5015,0,5706,5712,0,5936,5941,0,5378,5384,0,,66520,66729,0,1
SHV-HQ,PMT TSL-14,3048,3051,0,3373,3372,0.00029647198339755043,2759,2754,0.0018122508155128392,3560,3560,0,3854,3871,0,3753,3776,0,2930,2919,0.003754266211604129,2928,2933,0,2779,2783,0,3546,3552,0,3740,3747,0,3581,3587,0,,39851,39905,0,1
SHV-HQ,PMT TSL-15,3310,3316,0,3075,3079,0,2879,2883,0,3551,3556,0,3183,3188,0,3348,3353,0,3125,3130,0,3327,3331,0,3064,3068,0,3072,3077,0,3224,3229,0,3247,3252,0,,38405,38462,0,1
SHV-HQ,PMT TSL-16,8483,8504,0,9064,9087,0,8145,8167,0,10322,10349,0,8759,8782,0,8709,8732,0,7839,7860,0,7964,7985,0,8412,8434,0,8111,8134,0,8821,8844,0,8388,8410,0,,103017,103288,0,1
SHV-HQ,PMT TSL-18,9594,9601,0,9455,9461,0,9676,9681,0,11076,11081,0,10993,10997,0,11032,11039,0,10898,10905,0,10725,10731,0,10607,10608,0,10645,10645,0,11451,11456,0,10182,10184,0,,126334,126389,0,1
SHV-HQ,PMT TSL-19,4424,4417,0.0015822784810126667,3986,3979,0.001756146512794765,3908,3903,0.0012794268167860556,4515,4482,0.0073089700996678,4282,4277,0.0011676786548341367,3419,3419,0,3698,3700,0,4323,4318,0.0011566042100392693,3694,3692,0.0005414185165132368,4924,4919,0.0010154346060113895,4295,4294,0.0002328288707800219,5108,5107,0.00019577133907600075,,50576,50507,0.0013642834546029325,1
SHV-HQ,PMT TSL-20,3203,3204,0,2715,2716,0,2752,2753,0,2951,2952,0,2924,2924,0,2958,2955,0.0010141987829614951,2652,2652,0,2462,2459,0.0012185215272136896,2364,2364,0,2476,2475,0.00040387722132473325,2555,2555,0,2542,2539,0.001180173092053538,,32554,32548,0.00018430914787737063,1
SHV-HQ,PMT TSL-21,70097,70081,0.000228255132173949,53749,53725,0.00044651993525457456,12676,12675,7.888923950771787e-05,5032,5031,0.0001987281399046248,2655,2655,0,3051,3050,0.00032776138970824764,2511,2510,0.00039824771007568316,28380,28368,0.00042283298097256505,10388,10384,0.0003850596842510656,17760,17753,0.00039414414414418175,21958,21946,0.0005464978595500769,12757,12754,0.0002351650074469136,,241014,240932,0.0003402291983037875,1
SHV-HQ,PMT TSL-22,0,0,,0,0,,0,0,,0,0,,0,0,,0,0,,0,0,,0,0,,0,0,,0,0,,0,0,,0,0,,,0,0,,1
SHV-HQ,PMT TSL-24,22069,22067,9.062485839861356e-05,22707,22697,0.00044039283040475663,25666,25660,0.0002337723057741492,31145,31141,0.00012843152994057583,14616,14615,6.841817186642452e-05,9773,9778,0,17310,17312,0,16476,16485,0,22883,22883,0,23132,23126,0.000259380944146681,23881,23879,8.374858674264907e-05,15863,15865,0,,245521,245508,5.2948627612292576e-05,1
SHV-HQ,PMT TSL-25,58579,58591,0,61005,61021,0,58660,58671,0,64793,64802,0,67165,67174,0,73918,73928,0,80669,80689,0,87417,87435,0,85525,85850,0,88388,88226,0.0018328279856993923,72891,73416,0,54109,52966,0.021124027426121295,,853119,852769,0.00041025929559646013,1
SHV-HQ,PMT TSL-26,1210,1378,0,1137,1308,0,899,1043,0,1205,1262,0,1121,1107,0.012488849241748423,1267,1252,0.011838989739542227,1132,1120,0.010600706713780883,1166,1153,0.011149228130360234,1243,1229,0.011263073209975882,1276,1262,0.010971786833855801,1377,1362,0.01089324618736387,1193,1211,0,,14226,14687,0,1
SHV-HQ,PMT TSL-27,4709,4650,0.012529199405393876,4675,4617,0.012406417112299506,4537,4480,0.012563367864227515,5758,5684,0.0128516846127128,4917,4855,0.0126093146227374,5055,4991,0.012660731948565762,4686,4628,0.01237729406743493,5229,5164,0.012430675081277487,5606,5539,0.011951480556546601,5358,5295,0.011758118701007847,5177,5112,0.01255553409310406,5068,5111,0,,60775,60126,0.010678733031674215,1
SHV-HQ,PMT TSL-28,21955,21982,0,22595,22624,0,21778,21805,0,24327,24357,0,26222,26260,0,23105,23138,0,17907,17929,0,20419,20447,0,20966,20992,0,24349,24389,0,27656,27694,0,28188,28227,0,,279467,279844,0,1
SHV-HQ,PMT TSL-29,0,0,,924,925,0,731,732,0,1188,1189,0,1156,1157,0,1125,1126,0,1078,1079,0,1412,1413,0,1530,1532,0,1659,1662,0,1728,1728,0,1768,1771,0,,14299,14314,0,1
SHV-HQ,PMT UCK-01,70487,72201,0,63725,65327,0,55772,57235,0,64497,66153,0,75405,77103,0,81613,83407,0,78313,80085,0,86332,88169,0,76269,78035,0,94932,96851,0,96778,98702,0,82854,84388,0,,926977,947656,0,1
SHV-HQ,PMT UDP-02,0,483,0,0,481,0,0,428,0,0,449,0,0,313,0,275,805,0,1143,1607,0,2274,2765,0,1666,2149,0,1423,1909,0,2418,2891,0,2218,2662,0,,11417,16942,0,1
SHV-HQ,PMT UDP-03,1716690,1716260,0.00025048203228306143,1607210,1606110,0.0006844158510711518,1952670,1951610,0.0005428464615117035,2714080,2712550,0.0005637269350939889,2435030,2434140,0.0003654985770196184,2409000,2407940,0.0004400166044001841,2754750,2753460,0.0004682820582629921,2785370,2783510,0.0006677748378133286,2380560,2379360,0.0005040830728904044,1504990,1504310,0.0004518302447192868,1655160,1654500,0.00039875299064739966,1734870,1734150,0.0004150166871292882,,25650380,25637900,0.00048654249956525675,1
SHV-HQ,PMT UDP-04,0,0,,0,0,,0,0,,0,0,,0,0,,0,419,0,0,103,0,0,729,0,0,477,0,0,372,0,0,694,0,0,365,0,,0,3159,0,1
SHV-HQ,PMT UDP-05,0,0,,0,0,,0,0,,0,0,,0,0,,0,0,,0,0,,2477780,2478730,0,2269320,2270250,0,709940,710240,0,672400,672600,0,1112010,1110720,0.001160061510238175,,7241450,7242540,0,1
SHV-HQ,PMT UDP-06,0,0,,0,0,,0,0,,0,0,,0,0,,0,0,,0,0,,0,0,,0,0,,89630,89510,0.0013388374428204841,154720,154360,0.002326783867631854,141430,138890,0.01795941455136818,,385780,382760,0.007828295919954376,1
SHV-HQ,PMT UDP-07,0,0,,0,0,,0,0,,0,0,,0,0,,0,0,,0,0,,0,0,,0,0,,0,0,,4875000,4875000,0,2679290,2679230,2.239399243830764e-05,,7554290,7554230,7.94250684044151e-06,1
SHV-HQ,PMT UDP-08,0,0,,0,0,,0,0,,0,0,,0,0,,0,0,,0,0,,0,0,,0,0,,0,0,,0,0,,0,0,,,0,0,,1
SHV-HQ,PMT VRTN-01,684440,685850,0,736150,737680,0,842480,844150,0,983140,985120,0,975010,976910,0,983100,985080,0,947500,949410,0,1022990,1025060,0,964320,966250,0,943360,945220,0,978010,980020,0,952530,954470,0,,11013030,11035220,0,1
SHV-HQ,PMT VRTN-02,85510,85480,0.000350836159513479,85690,85660,0.0003500991947718024,80740,80730,0.0001238543472875664,78380,78370,0.0001275835672365222,88470,88430,0.0004521306657624402,79180,79160,0.00025258903763580864,81900,81870,0.000366300366300365,78470,78440,0.000382311711482064,73950,73920,0.00040567951318459805,66190,66170,0.0003021604471974415,76790,76760,0.00039067586925378706,69140,69120,0.0002892681515764828,,944410,944110,0.00031765864402111266,1
SHV-HQ,PMT VRTN-03,0,0,,0,0,,0,0,,0,0,,0,0,,0,0,,0,0,,0,0,,0,0,,0,0,,0,0,,0,0,,,0,0,,1
SHV-HQ,PMT VRTN-04,111870,111780,0.0008045052292839916,109890,109740,0.0013650013650013948,107870,107760,0.0010197459905442186,127870,127720,0.0011730663955580312,116730,116530,0.0017133556069561795,112500,112310,0.001688888888888851,112430,112220,0.001867828871297661,119280,119040,0.002012072434607659,105490,105300,0.0018011185894397652,108910,109060,0,103250,102959,0.0028184019370459668,87440,86390,0.012008234217749325,,1323530,1320809,0.0020558657529485824,1
SHV-HQ,PMT VRTN-05,0,0,,0,0,,0,0,,0,0,,0,0,,0,0,,959,951,0.008342022940563076,22621,22572,0.002166128818354651,38429,38368,0.0015873428920867294,23094,23043,0.0022083658093011715,22439,22426,0.0005793484558135331,15987,15998,0,,123529,123358,0.0013842903285867791,1
SHV-HQ,PMT-01,65196,63333,0.028575372722252856,69972,67677,0.03279883381924198,72496,69878,0.03611233723239904,82613,79667,0.03566024717659444,81617,78393,0.03950157442689639,81718,78733,0.03652805991336061,73709,71068,0.03583008859162384,78637,75725,0.037030914200694376,79388,76283,0.0391117045397289,72832,70268,0.035204305799648505,89734,86163,0.03979539527938125,73242,74330,0,,921154,891518,0.03217268773733817,129
SHV-HQ,PMT-08,32379,31771,0.01877760276722562,39112,38204,0.023215381468603025,40085,39041,0.026044655107895776,43091,42074,0.02360121603118981,45264,44048,0.02686461647225169,45710,44518,0.026077444760446267,42580,41530,0.02465946453734147,48955,47724,0.025145541824124207,46970,45791,0.025101128379816928,43615,42503,0.02549581565975012,44739,43541,0.02677753190728449,42714,41749,0.022592124362035837,,515214,502494,0.024688770103296842,73
SHV-HQ,PMT-1000,102003,99192,0.027558012999617687,103448,100602,0.027511406697084517,98246,94829,0.03478004193554951,94772,91786,0.031507196218292344,97333,95559,0.0182260898153761,103046,98331,0.04575626419269063,89072,86409,0.029897161846595965,109798,105809,0.036330352101131114,100372,97801,0.025614713266648104,94858,91883,0.03136266840962276,103989,101058,0.028185673484695473,108923,105593,0.030572055488739758,,1205860,1168852,0.03069012986582187,55
SHV-HQ,PMT-1001,80795,80115,0.00841636239866328,75824,75250,0.007570162481536191,75319,75301,0.0002389835234137827,93342,91769,0.016852006599387237,87282,86432,0.009738548612543196,91946,90644,0.014160485502360043,77938,75897,0.026187482357771574,86985,87470,0,86982,86199,0.009001862454300902,82717,80675,0.02468658196017748,91805,91706,0.0010783726376558667,82437,81678,0.00920703082353802,,1013372,1003136,0.010100930359236315,71
SHV-HQ,PMT-1002,36858,36410,0.01215475609094363,35810,35407,0.011253839709578384,36858,36425,0.011747788811112936,42524,42046,0.011240711127833647,40423,39957,0.011528090443559402,39341,38925,0.010574210111588433,31177,29836,0.04301247714661449,38916,39619,0,38711,38156,0.014337010152153162,31552,31610,0,37683,37444,0.006342382506700606,41518,41179,0.008165133195240593,,451371,447014,0.00965281331764778,29
SHV-HQ,PMT-1003,3492,3490,0.000572737686139746,3241,3241,0,4791,4789,0.0004174493842621363,5013,5011,0.0003989626969878035,6432,6430,0.0003109452736318463,5858,5856,0.00034141345169003134,4932,4930,0.00040551500405516805,5500,5499,0.0001818181818181719,4991,4990,0.00020036064916850727,5290,5288,0.0003780718336483524,6013,6011,0.00033261267254280913,5433,5432,0.000184060371801964,,60986,60967,0.000311546912406091,1
SHV-HQ,PMT-1004,22224,22216,0.0003599712023037993,18017,18010,0.000388521951490306,20084,20074,0.0004979087831109563,24423,24401,0.0009007902387093703,26347,26326,0.0007970546931339584,22677,22661,0.0007055607002689479,20957,20942,0.0007157513002815641,22091,22076,0.0006790095514009886,21661,21645,0.0007386547250819442,21595,21580,0.0006946052326927132,21977,21963,0.0006370296218773941,26399,27163,0,,268452,269057,0,1
SHV-HQ,PMT-1006,0,0,,0,0,,737,1795,0,1615,2481,0,2985,3828,0,3496,4368,0,3045,3884,0,4122,4976,0,4319,5181,0,5366,6259,0,6070,6976,0,6647,7575,0,,38402,47323,0,1
SHV-HQ,PMT-1007,838,825,0.015513126491646823,953,967,0,1068,1069,0,496,498,0,352,354,0,361,362,0,306,307,0,334,335,0,335,331,0.011940298507462699,376,381,0,439,438,0.002277904328018221,425,438,0,,6283,6305,0,1
SHV-HQ,PMT-1008,0,0,,0,0,,0,0,,0,0,,0,0,,0,0,,0,0,,0,0,,0,0,,0,0,,0,0,,0,0,,,0,0,,1
SHV-HQ,PMT-101,17274,17124,0.008683570684265396,17364,17214,0.00863856254319284,16374,16244,0.007939416147551004,18927,18764,0.008612035716172639,18777,18614,0.008680832933908533,19189,19025,0.00854656313512947,17953,17799,0.0085779535453685,18984,18837,0.007743362831858391,18406,18248,0.008584157339997844,19695,19533,0.008225437928408241,20108,19926,0.009051123930773786,18268,18100,0.009196409021239305,,221319,219428,0.008544228014766064,49
SHV-HQ,PMT-1010,1998,1984,0.00700700700700696,1968,1953,0.007621951219512146,1874,1867,0.003735325506937004,1997,1986,0.0055082623935903685,2184,2171,0.005952380952380931,1724,1710,0.008120649651972123,1342,1330,0.008941877794336861,1834,1823,0.005997818974918245,2039,2027,0.005885237861696924,1994,1983,0.005516549648946878,2220,2210,0.0045045045045044585,556,588,0,,21730,21632,0.004509894155545369,1
SHV-HQ,PMT-1011,0,0,,0,0,,0,0,,0,0,,0,0,,0,0,,0,0,,0,0,,0,0,,0,0,,0,0,,0,0,,,0,0,,0
SHV-HQ,PMT-1012,50757,50737,0.00039403432038931374,46307,46289,0.00038871013021790635,42476,42458,0.0004237687164516668,41120,41101,0.0004620622568093369,51997,51974,0.00044233321153142047,48013,47994,0.0003957261574990545,43168,43152,0.0003706449221645425,45181,45162,0.0004205307540779968,47686,47668,0.0003774692781948197,48344,48326,0.00037233162336591796,52160,52139,0.0004026073619631809,50802,50783,0.00037400102358176035,,568011,567783,0.0004014006770995948,1
SHV-HQ,PMT-1013,16172,17362,0,14220,15346,0,15799,16833,0,20440,21610,0,19047,20169,0,28183,29432,0,24883,26057,0,23577,24742,0,21931,23131,0,20331,21478,0,24630,25892,0,20326,21507,0,,249539,263559,0,1
SHV-HQ,PMT-1014,1467,1468,0,1048,1051,0,1131,1133,0,1369,1371,0,1442,1444,0,1664,1668,0,1869,1871,0,1649,1651,0,1494,1496,0,1428,1430,0,1200,1202,0,1240,1241,0,,17001,17026,0,1
SHV-HQ,PMT-1015,0,0,,0,0,,0,0,,0,0,,0,0,,0,0,,7,7,0,605,603,0.0033057851239669533,1676,1673,0.0017899761336515052,1422,1418,0.002812939521800284,1903,1899,0.0021019442984760994,1591,1587,0.0025141420490257804,,7204,7187,0.002359800111049415,1
SHV-HQ,PMT-1016,0,0,,0,0,,0,0,,0,0,,0,0,,1,1,0,0,0,,0,0,,0,0,,0,0,,0,0,,0,0,,,1,1,0,0
SHV-HQ,PMT-1018,406,406,0,387,387,0,250,251,0,931,930,0.0010741138560687036,1519,1519,0,2252,2251,0.000444049733570151,24994,24987,0.0002800672161318296,38922,38911,0.00028261651508143526,37938,37927,0.0002899467552321955,37607,37596,0.00029249873693726336,41436,41425,0.0002654696399266854,37443,37434,0.00024036535534011083,,224085,224024,0.00027221813151256935,1
SHV-HQ,PMT-1019,0,0,,0,0,,0,0,,0,0,,0,0,,0,0,,0,0,,0,0,,0,0,,0,0,,0,0,,0,0,,,0,0,,1
SHV-HQ,PMT-102,2540,2538,0.0007874015748031704,26774,26753,0.0007843430193471557,40632,40577,0.0013536129159282817,31558,31520,0.0012041320742759432,56508,56434,0.0013095490903942686,40959,40906,0.0012939769037330073,34196,34150,0.0013451865715288225,42919,42864,0.0012814837251566846,37620,37569,0.0013556618819776656,43629,43572,0.001306470466891252,52949,52879,0.001322026856031222,44614,44561,0.001187967902452125,,454898,454323,0.001264019626377788,1
SHV-HQ,PMT-1022,2453,2465,0,2560,2565,0,2667,2671,0,2730,2735,0,2906,2910,0,2984,2989,0,2632,2636,0,2945,2950,0,2896,2900,0,2940,2945,0,1809,3154,0,1583,3060,0,,31105,33980,0,1
SHV-HQ,PMT-1024,0,0,,0,0,,0,0,,0,0,,0,0,,0,0,,0,0,,0,0,,0,0,,0,0,,0,0,,0,0,,,0,0,,0
SHV-HQ,PMT-1025,78945,77829,0.014136424092722755,65109,64077,0.0158503432705156,71585,70059,0.021317315079974808,82985,81648,0.016111345423871826,82406,81951,0.005521442613401928,94612,92290,0.024542341352048358,78968,77684,0.016259750785128202,84390,82941,0.017170280838961993,82537,81187,0.01635630081054562,90061,88208,0.020574943649304345,96231,94810,0.014766551319221444,83567,82277,0.015436715449878569,,991396,974961,0.016577633962614358,59
SHV-HQ,PMT-1026,19505,19514,0,19430,19437,0,18448,18455,0,22496,22504,0,20882,20891,0,24025,24035,0,20006,20014,0,23994,24004,0,25026,25035,0,22981,22991,0,24136,24146,0,21299,21308,0,,262228,262334,0,1
SHV-HQ,PMT-1027,0,0,,0,0,,0,0,,0,0,,0,0,,0,0,,0,0,,0,0,,0,0,,0,0,,713,713,0,828,828,0,,1541,1541,0,1
SHV-HQ,PMT-1028,0,0,,0,0,,0,0,,0,0,,0,0,,0,0,,0,0,,0,0,,0,0,,0,0,,0,0,,0,0,,,0,0,,1
SHV-HQ,PMT-1029,0,0,,0,0,,0,0,,0,0,,0,0,,0,0,,0,0,,0,0,,0,0,,0,0,,0,0,,0,0,,,0,0,,1
SHV-HQ,PMT-1030,11118,11123,0,10052,10055,0,9592,9595,0,12540,12546,0,13288,13293,0,13698,13703,0,11880,11885,0,12949,12954,0,12576,12581,0,13762,13767,0,14899,14905,0,13803,13809,0,,150157,150216,0,1
SHV-HQ,PMT-1033,0,0,,0,0,,0,0,,0,0,,0,0,,0,0,,0,0,,0,0,,0,0,,0,0,,0,0,,0,0,,,0,0,,0
SHV-HQ,PMT-1034,0,0,,0,0,,0,0,,0,0,,0,0,,0,0,,0,0,,0,0,,0,0,,0,0,,0,0,,0,0,,,0,0,,1
SHV-HQ,PMT-1035,0,0,,0,0,,0,0,,0,0,,0,0,,0,0,,0,0,,0,0,,0,0,,0,0,,0,0,,0,0,,,0,0,,1
SHV-HQ,PMT-1036,189294,186007,0.017364522911449964,173766,167664,0.03511619073927008,177119,172384,0.026733439100265932,242756,235994,0.027855130254247018,251534,243580,0.031621967606764945,267720,259228,0.03171970715673089,234492,227771,0.02866195861692511,260009,254071,0.022837671003696047,227010,220916,0.02684463239504864,225239,219500,0.025479601667562024,263192,255718,0.028397519681449324,249899,243117,0.027138964141513178,,2762030,2685950,0.02754495787518596,182
SHV-HQ,PMT-1037,0,0,,0,0,,0,0,,0,0,,0,0,,0,0,,0,0,,0,0,,0,0,,0,0,,0,0,,0,0,,,0,0,,1
SHV-HQ,PMT-1038,6433,6434,0,4745,4748,0,4754,4755,0,6973,6974,0,7134,7135,0,5242,5244,0,6085,6087,0,7026,7027,0,7700,7699,0.00012987012987009106,8249,8250,0,8673,8673,0,7072,7074,0,,80086,80100,0,1
SHV-HQ,PMT-1039,0,0,,0,0,,0,0,,0,0,,0,0,,0,0,,0,0,,0,0,,0,0,,0,0,,0,0,,0,0,,,0,0,,1
SHV-HQ,PMT-1040,70312,68576,0.024689953350779392,71822,69985,0.02557712121634037,71543,69648,0.026487566917797634,87686,85437,0.025648336108386793,80990,78734,0.027855290776639063,80525,78359,0.026898478733312636,74772,72892,0.025143101695822012,78109,76000,0.027000729749452668,76355,74384,0.025813633684761972,71571,69697,0.026183789523689716,84859,82622,0.026361375929483066,68623,66875,0.025472509217026373,,917167,893209,0.026121742278123805,275
SHV-HQ,PMT-1041,2958,2958,0,2820,2819,0.00035460992907798694,2702,2702,0,3060,3061,0,2649,2648,0.0003775009437523291,2899,2900,0,2902,2901,0.000344589937973816,3002,2996,0.0019986675549633626,3169,3175,0,3040,3039,0.0003289473684210398,3176,3176,0,2807,2801,0.002137513359458443,,35184,35176,0.0002273760800364233,1
SHV-HQ,PMT-1042,5807,5811,0,6058,6060,0,6083,6086,0,6365,6365,0,6620,6621,0,7095,7097,0,5785,5786,0,7236,7237,0,5217,5219,0,4116,4119,0,3522,3525,0,3534,3536,0,,67438,67462,0,1
SHV-HQ,PMT-1043,16864,16868,0,18262,18267,0,18017,18022,0,16144,16150,0,23191,23193,0,18781,18794,0,17536,17543,0,20863,20870,0,17230,17235,0,19444,19457,0,19953,19953,0,17775,17781,0,,224060,224133,0,1
SHV-HQ,PMT-1045,8412,8412,0,8617,8617,0,8604,8604,0,9236,9236,0,9754,9754,0,10711,10711,0,9911,9910,0.00010089799212997796,10829,10827,0.00018468926031955935,9922,9921,0.00010078613182828988,10226,10225,9.778994719344958e-05,10435,10434,9.583133684709644e-05,9925,9925,0,,116582,116576,5.14659209827073e-05,1
SHV-HQ,PMT-1046,20216,20219,0,21750,21753,0,19580,19582,0,25995,25996,0,25815,25816,0,25499,25500,0,23477,23476,4.259488009539236e-05,25500,25500,0,24886,24886,0,25589,25590,0,27242,27244,0,27185,27187,0,,292734,292749,0,1
SHV-HQ,PMT-1047,87995,86333,0.01888743678618099,88193,84563,0.04115972923021105,85890,86067,0,97289,95422,0.01919024761278254,102608,100765,0.017961562451270896,96524,94606,0.019870705731217075,91939,90127,0.019708719912115646,107426,105228,0.020460596131290365,105606,103414,0.020756396416870215,98432,96057,0.024128332249674922,109842,107378,0.022432220826277716,99862,98222,0.016422663275319938,,1171606,1148182,0.019993069342423953,104
SHV-HQ,PMT-1049,30400,30412,0,25906,25915,0,21355,21363,0,28463,28474,0,28520,28529,0,30721,30730,0,28841,28852,0,30037,30049,0,29376,29388,0,31840,31849,0,35759,35772,0,30214,30229,0,,351432,351562,0,1
SHV-HQ,PMT-1050,6483,6484,0,7258,7258,0,8218,8219,0,8272,8273,0,10302,10301,9.706853038249363e-05,7365,7365,0,5760,5760,0,6199,6200,0,3647,3648,0,1752,1753,0,8134,8128,0.0007376444553724992,12018,12023,0,,85408,85412,0,1
SHV-HQ,PMT-1051,5250,5253,0,4724,4718,0.0012701100762065876,4611,4621,0,5609,5611,0,5731,5733,0,5298,5300,0,4825,4827,0,5889,5892,0,4536,4538,0,5179,5181,0,5871,5874,0,4861,4863,0,,62384,62411,0,1
SHV-HQ,PMT-1052,195876,190963,0.025082194857971363,195467,191844,0.018535097996081218,182797,179133,0.020044092627340748,237034,232179,0.02048229367938781,225008,220379,0.02057260186304488,226407,221068,0.02358142636932603,196908,193658,0.016505169927072516,224878,219902,0.022127553606844597,217319,212624,0.02160418555211463,206503,202164,0.021011801281337283,235195,228387,0.028946193584047264,218947,215917,0.013838965594413222,,2562339,2508218,0.02112171730594581,201
SHV-HQ,PMT-1053,1546,1549,0,1491,1494,0,1557,1560,0,1444,1448,0,1913,1917,0,1956,1960,0,1636,1640,0,1820,1823,0,1097,1099,0,1002,1005,0,1699,1703,0,1565,1569,0,,18726,18767,0,1
SHV-HQ,PMT-1054,20022,20021,4.994506043354274e-05,15609,15604,0.000320328015888216,20665,20659,0.000290345995644814,23845,23834,0.00046131264416016116,23825,23811,0.0005876180482686788,22363,22345,0.0008049009524661033,22191,22175,0.0007210130232977452,25409,25479,0,27889,27452,0.015669260281831576,26190,26995,0,27771,27207,0.020308955385114014,24080,24606,0,,279859,280188,0,1
SHV-HQ,PMT-1055,542,543,0,214,215,0,297,297,0,376,377,0,333,333,0,339,340,0,390,390,0,400,393,0.01749999999999996,366,374,0,337,337,0,849,851,0,1647,1649,0,,6090,6099,0,1
SHV-HQ,PMT-1056,101820,99364,0.02412099783932431,91770,93570,0,111561,102585,0.08045822464839858,106618,105627,0.009294865782513262,121077,118484,0.021416123623809624,111637,108441,0.028628501303331277,96661,94270,0.024735932796060456,113796,110637,0.027760202467573603,114306,111691,0.02287718929889948,105103,102413,0.025593941181507707,130115,126756,0.02581562463974174,114730,111973,0.024030332084023387,,1319194,1285811,0.02530560326987541,172
SHV-HQ,PMT-1057,93832,91626,0.023510103163099982,84348,85667,0,98405,91061,0.07463035414867125,87305,86359,0.010835576427466909,112532,110006,0.022446948423559543,106018,103184,0.026731309777584977,92905,90895,0.021635003498197136,96813,94646,0.022383357606932996,92508,90481,0.021911618454620196,82255,80252,0.024351103276396557,92470,90490,0.021412349951335563,85248,83362,0.02212368618618621,,1124639,1098029,0.023660925861543114,105
SHV-HQ,PMT-1059,7442,7442,0,7649,7682,0,7701,7707,0,8853,8856,0,8949,8949,0,7205,7218,0,6337,6337,0,6813,6814,0,7555,7548,0.0009265387160820593,8096,8111,0,9729,9737,0,9640,9607,0.0034232365145228094,,95969,96008,0,1
SHV-HQ,PMT-1060,0,0,,0,0,,0,0,,0,0,,0,0,,0,0,,0,0,,0,0,,0,0,,0,0,,0,0,,0,0,,,0,0,,1
SHV-HQ,PMT-1061,28098,28133,0,32918,32964,0,33197,33245,0,35975,36029,0,40109,40178,0,37626,37698,0,37111,37190,0,51861,51975,0,39350,39423,0,39833,39920,0,42129,42204,0,40167,40216,0,,458374,459175,0,1
SHV-HQ,PMT-1062,5997,5998,0,4910,4913,0,6011,6013,0,5242,5244,0,6702,6704,0,6033,6035,0,6243,6244,0,6723,6726,0,6948,6949,0,7014,7015,0,7196,7198,0,5386,5388,0,,74405,74427,0,1
SHV-HQ,PMT-1063,33858,33834,0.0007088428141059921,23673,23657,0.0006758754699446312,27553,27534,0.0006895800820236886,30916,30894,0.0007116056410919613,32531,32508,0.0007070179213672922,29602,29579,0.0007769745287480312,25820,25799,0.0008133230054221396,31150,31127,0.000738362760834721,27403,27383,0.000729847097033165,23469,23451,0.0007669691934040213,26126,26108,0.0006889688432978325,25020,25004,0.0006394884092726372,,337121,336878,0.0007208094423070133,1
SHV-HQ,PMT-1064,98710,96075,0.026694357207982966,103169,99049,0.03993447644156678,96105,92921,0.03313043025857132,107405,106359,0.009738838973976982,112387,108806,0.03186311584080004,113344,110526,0.024862365894974592,93346,91021,0.024907334004670822,110180,107377,0.025440188781993056,98599,95812,0.028266006754632422,107548,105017,0.023533677985643653,113425,110388,0.026775402248181646,107124,103871,0.030366677868638225,,1261342,1227222,0.027050554092387324,314
SHV-HQ,PMT-1065,5444,5446,0,5616,5618,0,6583,6585,0,5887,5890,0,6833,6836,0,6169,6170,0,6500,6502,0,7801,7804,0,6354,6356,0,6995,6996,0,7745,7745,0,6489,6435,0.00832177531206657,,78416,78383,0.00042083248316671096,1
SHV-HQ,PMT-1066,10283,10283,0,10677,10677,0,10465,10465,0,10428,10428,0,16771,16773,0,14698,14699,0,13892,13894,0,15507,15508,0,13288,13289,0,14626,14628,0,16399,16400,0,15865,15864,6.303183107470023e-05,,162899,162908,0,1
SHV-HQ,PMT-1067,12507,12505,0.0001599104501479598,13442,13440,0.0001487873828299735,11730,11727,0.0002557544757033625,14931,14928,0.0002009242515571552,14645,14641,0.0002731307613520473,13855,13852,0.00021652832912311126,11085,11083,0.00018042399639150997,12604,12601,0.00023801967629322185,12219,12217,0.00016367951550866344,12397,12394,0.00024199403081393012,12690,12688,0.0001576044129235621,11787,11784,0.0002545176889794387,,153892,153860,0.00020793803446572667,1
SHV-HQ,PMT-1069,3397,3385,0.0035325287017956564,3734,3720,0.003749330476700563,3162,3151,0.0034788108791903305,7421,7399,0.0029645600323406907,40152,40031,0.0030135485156406183,31684,31595,0.002808988764044895,30674,30588,0.002803677381495784,39636,39513,0.003103239479261277,54519,54349,0.003118178983473663,60981,60797,0.0030173332677391196,65747,65544,0.0030875933502669817,57751,57566,0.0032034077331993815,,398858,397638,0.003058732681806564,1
SHV-HQ,PMT-1072,87485,87485,0,87373,87373,0,84322,84324,0,101220,101222,0,101204,101209,0,101475,101480,0,90727,90732,0,100424,100431,0,107360,107367,0,108177,108188,0,115438,115450,0,103669,103677,0,,1188874,1188938,0,1
SHV-HQ,PMT-1074,103812,101969,0.017753246252841692,100339,98456,0.018766381965138135,101588,99498,0.020573296058589596,123480,120583,0.023461289277615816,118685,115940,0.02312844925643509,112841,110367,0.021924655045595154,96557,94817,0.018020443882887816,107783,105668,0.019622760546653906,106908,104593,0.021654132525161796,94035,91915,0.022544797149997353,104123,101684,0.023424219432786275,95770,93625,0.022397410462566603,,1265921,1239115,0.021175097024221934,57
SHV-HQ,PMT-1075,122325,118332,0.03264255058246479,125882,118579,0.058014648639201805,121284,120500,0.006464166749117761,133840,129033,0.035916019127316234,129708,125737,0.030614919665710727,123340,119400,0.0319442192313929,113150,109741,0.03012814847547507,126068,121461,0.036543770028873324,118594,114894,0.031198880213164193,109471,105704,0.034410939883622094,115628,112131,0.03024353962707993,104903,102912,0.01897943814762204,,1444193,1398424,0.03169174757113491,109
SHV-HQ,PMT-1076,80704,78321,0.029527656621728737,83757,81523,0.02667239753095263,82812,80064,0.033183596580205754,76006,73833,0.028589848169881305,103446,100251,0.03088567948494869,90664,88128,0.027971410923850692,77860,75198,0.03418957102491649,93004,90456,0.027396671110919923,85938,83484,0.02855547022271876,88542,86254,0.025840843893293552,105206,102125,0.029285401973271452,89477,86116,0.03756272561663887,,1057416,1025753,0.029943749669004482,65
SHV-HQ,PMT-1077,74299,73329,0.01305535740723296,66741,66110,0.009454458279018918,69259,68404,0.01234496599719892,75212,74363,0.011288092325692722,82367,81434,0.011327351973484556,79059,78126,0.011801312943497844,69224,68346,0.012683462382988564,78452,77608,0.010758170601131933,76050,75151,0.011821170282708793,78838,77870,0.012278342931073882,94763,93354,0.01486867237212841,84921,83807,0.013118074445661265,,929185,917902,0.012142899422612263,54
SHV-HQ,PMT-1078,0,0,,0,0,,0,0,,0,0,,0,0,,0,0,,0,0,,0,0,,0,0,,0,0,,0,0,,0,0,,,0,0,,1
SHV-HQ,PMT-1079,39371,39366,0.00012699702826957093,38355,38349,0.00015643332029724455,33180,33177,9.041591320069209e-05,36405,36404,2.7468754292048203e-05,36150,36147,8.298755186719742e-05,39602,39601,2.5251249936908415e-05,33937,33938,0,35662,35658,0.00011216420840109986,37592,37592,0,39627,39627,0,37746,37747,0,39559,39558,2.5278697641462067e-05,,447186,447164,4.9196531197281956e-05,1
SHV-HQ,PMT-108,197,198,0,273,273,0,201,202,0,236,238,0,126,127,0,322,319,0.009316770186335366,259,259,0,116,120,0,110,114,0,147,150,0,149,152,0,204,207,0,,2340,2359,0,1
SHV-HQ,PMT-1080,0,0,,0,0,,0,0,,0,0,,0,0,,0,0,,0,0,,0,0,,0,0,,0,0,,0,0,,0,0,,,0,0,,0
SHV-HQ,PMT-1082,39862,39834,0.0007024233605940067,36888,36862,0.0007048362611147274,36999,36976,0.0006216384226600535,41212,41184,0.0006794137629816399,41830,41803,0.000645469758546513,33841,33818,0.0006796489465441535,12882,12872,0.0007762769756248789,473,473,0,0,0,,0,0,,0,0,,0,0,,,243987,243822,0.0006762655387376748,1
SHV-HQ,PMT-1083,35787,35208,0.016179059434990317,39642,38986,0.01654810554462438,39541,38863,0.01714675906021601,47102,46287,0.017302874612542984,46330,45433,0.01936110511547595,41336,40627,0.017152119218114992,36436,35776,0.018113953233066193,51907,51004,0.0173964975822144,46903,45951,0.02029720913374411,55263,54425,0.015163852849103376,59465,58373,0.01836374337845792,55247,54129,0.02023639292631274,,554959,545062,0.017833749880621808,73
SHV-HQ,PMT-1084,74037,71892,0.028972000486243377,69855,67964,0.027070360031493768,71759,69505,0.03141069412895947,84698,81943,0.0325273324045432,85017,82367,0.0311702365409271,86838,84367,0.028455284552845517,76764,74481,0.029740503360950465,77263,75591,0.021640371199668662,71840,69896,0.027060133630289585,67884,65943,0.02859289375994345,81039,78697,0.028899665593109525,74938,72725,0.02953107902532759,,921932,895371,0.028810150857113137,80
SHV-HQ,PMT-1085,54804,53830,0.017772425370410905,63530,62470,0.016685030694160274,61552,60737,0.013240837015856544,64984,64301,0.010510279453403881,59430,58893,0.009035840484603708,60130,59479,0.010826542491268909,58785,57972,0.013830058688440894,67830,66618,0.017868199911543536,60649,59818,0.013701792280169545,54641,53910,0.013378232462802675,49331,48685,0.013095213962822538,54621,53907,0.013071895424836555,,710287,700620,0.013609991454158643,53
SHV-HQ,PMT-1086,91461,90402,0.011578705677829926,96747,95467,0.013230384404684381,96430,94990,0.014933112102042956,105042,103509,0.014594162335065941,108356,106786,0.014489276089925784,101228,99894,0.013178172047259684,110365,119468,0,137590,135927,0.012086634203067104,131696,130069,0.012354209695055296,126002,124795,0.00957921302836462,154571,151913,0.017195981134882965,145069,142608,0.016964341106645797,,1404557,1395828,0.006214770920653256,104
SHV-HQ,PMT-1087,81286,81276,0.000123022414683982,76021,76010,0.00014469686007811955,96169,96154,0.00015597541827405692,80012,79998,0.0001749737539369356,56377,56367,0.0001773772992532674,55970,55960,0.00017866714311243204,56276,56266,0.0001776956429028198,63666,63409,0.004036691483680466,57313,0,1,83126,140579,0,84968,84874,0.0011062988419169306,81397,81160,0.0029116552207083535,,872581,872053,0.0006051014175187941,1
SHV-HQ,PMT-1088,0,0,,319,718,0,1928,2438,0,2458,3047,0,11852,12466,0,12984,13621,0,11683,12289,0,17069,17760,0,23424,24178,0,28795,29602,0,35461,36374,0,41171,42136,0,,187144,194629,0,1
SHV-HQ,PMT-1089,799,798,0.0012515644555695093,755,751,0.005298013245033095,761,754,0.009198423127463884,708,702,0.008474576271186418,1270,1260,0.007874015748031482,987,981,0.006079027355623046,932,925,0.007510729613733891,1077,1072,0.00464252553389044,877,867,0.011402508551881407,1175,1175,0,1210,1210,0,998,1006,0,,11549,11501,0.004156204000346331,1
SHV-HQ,PMT-109,402,399,0.007462686567164201,426,423,0.007042253521126751,324,233,0.2808641975308642,444,287,0.35360360360360366,296,542,0,287,286,0.0034843205574912606,281,281,0,442,440,0.004524886877828038,336,335,0.0029761904761904656,319,316,0.009404388714733591,311,309,0.006430868167202619,417,414,0.007194244604316502,,4285,4265,0.004667444574095736,1
SHV-HQ,PMT-1090,13153,13155,0,9946,9941,0.0005027146591594089,10467,10466,9.55383586509484e-05,14552,14557,0,13354,13358,0,16439,16455,0,10980,10976,0.00036429872495447047,12559,12563,0,12330,12335,0,9919,9920,0,16591,16593,0,12516,12522,0,,152806,152841,0,1
SHV-HQ,PMT-1091,2177,2177,0,2075,2075,0,3221,3221,0,3343,3344,0,3026,3026,0,3094,3095,0,2165,2166,0,2066,2067,0,1834,1834,0,2261,2256,0.00221141088014154,2495,2501,0,2401,2402,0,,30158,30164,0,1
SHV-HQ,PMT-1092,11627,11622,0.00043003354261628157,9386,9381,0.0005327082889410306,9514,9508,0.0006306495690561187,12134,12123,0.0009065435965056601,11229,11221,0.0007124410009795579,11502,11493,0.0007824726134585402,9403,9394,0.0009571413378708371,10389,10379,0.0009625565501972799,11645,11635,0.0008587376556461468,13015,13005,0.0007683442182097044,12437,12427,0.0008040524242181046,11403,11394,0.0007892659826361781,,133684,133582,0.000762993327548589,1
SHV-HQ,PMT-1093,10368,10373,0,7072,7074,0,10033,10036,0,8810,8814,0,9543,9544,0,9899,9901,0,12299,12302,0,14786,14789,0,14479,14483,0,21034,21047,0,15639,15647,0,5707,5709,0,,139669,139719,0,1
SHV-HQ,PMT-1094,701,706,0,690,694,0,755,758,0,633,638,0,567,570,0,597,601,0,1372,1377,0,643,647,0,668,673,0,778,782,0,633,637,0,594,600,0,,8631,8683,0,1
SHV-HQ,PMT-1096,0,0,,0,0,,0,0,,0,0,,0,0,,0,0,,0,0,,0,0,,0,0,,0,0,,0,0,,0,0,,,0,0,,0
SHV-HQ,PMT-1097,3519,3521,0,3287,3287,0,3122,3124,0,3534,3535,0,4107,4110,0,3254,3255,0,3843,3844,0,4547,4549,0,4529,4531,0,5499,5503,0,5752,5755,0,4320,4323,0,,49313,49337,0,1
SHV-HQ,PMT-1098,39675,39683,0,39021,39027,0,35235,35242,0,43705,43712,0,47447,47456,0,48033,48042,0,44785,44792,0,45992,45999,0,49187,49198,0,50208,50208,0,54703,54736,0,49169,49179,0,,547160,547274,0,1
SHV-HQ,PMT-1099,7993,7988,0.0006255473539347189,7426,7421,0.000673309991920279,5515,5512,0.0005439709882140153,5980,5976,0.0006688963210702559,5629,5626,0.0005329543435779183,5635,5631,0.0007098491570540766,5375,5372,0.0005581395348837059,5222,5298,0,5825,5742,0.014248927038626569,5813,5809,0.0006881128505075162,6489,6485,0.0006164278008937707,6165,6160,0.0008110300081103361,,73067,73020,0.0006432452406694988,1
SHV-HQ,PMT-11,104772,100841,0.03751956629633868,95957,101687,0,117403,103794,0.1159169697537542,114438,108742,0.049773676575962544,137347,130977,0.04637887977167321,124822,119408,0.04337376424027817,112603,107633,0.04413736756569542,133066,127013,0.045488704853230755,132179,126600,0.042207915024323084,123593,118247,0.0432548768943225,146632,140733,0.04022996344590535,128676,123789,0.03797911032360346,,1471488,1409464,0.042150530619345816,207
SHV-HQ,PMT-110,38314,37577,0.019235788484627037,33796,33174,0.018404544916558185,32966,32285,0.020657647272947832,36136,35407,0.020173787912331154,36216,35436,0.02153744201457919,32587,31899,0.021112713658820947,29588,28891,0.023556847370555634,33707,33023,0.020292520841368233,32564,31861,0.021588256970888065,28614,28078,0.018732089187111223,34607,33889,0.02074724766665703,32924,32256,0.020289150771473752,,402019,393776,0.020504006029565813,58
SHV-HQ,PMT-1102,0,0,,0,0,,0,0,,0,0,,0,0,,0,0,,0,0,,0,0,,0,0,,0,0,,0,0,,0,0,,,0,0,,1
SHV-HQ,PMT-1103,149,156,0,157,149,0.05095541401273884,163,163,0,146,146,0,183,183,0,128,128,0,167,167,0,135,135,0,169,169,0,185,186,0,193,193,0,1685,1684,0.0005934718100890635,,3460,3459,0.00028901734104047616,1
SHV-HQ,PMT-1104,7812,7810,0.0002560163850486852,8306,8304,0.0002407897905128964,8311,8310,0.0001203224642040146,10343,10342,9.668374746207853e-05,10426,10425,9.591406100128985e-05,8961,8964,0,7510,7511,0,8016,8016,0,6438,6438,0,5950,5948,0.0003361344537815558,5607,5606,0.00017834849295528254,4055,4059,0,,91735,91733,2.180192947076609e-05,1
SHV-HQ,PMT-1105,0,0,,0,0,,0,0,,0,0,,0,0,,0,0,,0,0,,0,0,,0,0,,0,0,,0,0,,0,0,,,0,0,,1
SHV-HQ,PMT-1106,1221,1221,0,1061,1060,0.0009425070688030557,1040,1041,0,1317,1316,0.0007593014426727773,1195,1195,0,1401,1401,0,1676,1675,0.0005966587112171684,1761,1761,0,1900,1900,0,1805,1804,0.0005540166204985875,2088,2088,0,16169,16166,0.0001855402313067911,,32634,32628,0.00018385732671444277,1
SHV-HQ,PMT-1107,42879,42346,0.012430327199794755,34002,33651,0.010322922181048133,40707,40130,0.014174466308006006,47234,46664,0.012067578439259874,54350,54768,0,60150,58103,0.034031587697423094,51939,50324,0.031094168158801616,57594,57410,0.0031947772337396207,46364,45796,0.012250884306789778,47652,46938,0.01498363132712166,44052,43396,0.014891491873240681,37573,36969,0.01607537327336117,,564496,556495,0.014173705393837999,25
SHV-HQ,PMT-1108,97428,94315,0.03195180030381406,97550,94328,0.03302921578677598,100408,97242,0.03153135208349933,112832,109046,0.033554310833806,116062,111715,0.037454119350002535,110605,106890,0.03358799330952489,94257,91144,0.03302672480558477,110331,105964,0.03958089748121563,101655,98240,0.03359401898578529,97634,94236,0.034803449617961,106484,102648,0.036024191427820096,105082,101541,0.033697493386117494,,1250328,1207309,0.03440617182051431,151
SHV-HQ,PMT-1109,26189,26208,0,21127,21142,0,25720,25740,0,31447,31471,0,35212,35239,0,30547,30571,0,21742,21759,0,28926,28948,0,25597,25618,0,14047,14060,0,16194,16206,0,18070,18085,0,,294818,295047,0,1
SHV-HQ,PMT-111,3990,3995,0,3705,3710,0,3984,3988,0,4426,4432,0,4879,4884,0,4788,4795,0,3630,3632,0,4412,4416,0,3934,3938,0,4335,4282,0.012226066897347176,5010,5073,0,4334,4331,0.0006922011998153899,,51427,51476,0,1
SHV-HQ,PMT-1110,78271,78230,0.0005238210831597367,68834,68797,0.0005375250602899229,63986,63950,0.000562623073797397,76941,76899,0.0005458728116348732,82506,82459,0.0005696555402031622,73170,73125,0.0006150061500614923,69965,69925,0.0005717144286428999,74831,74789,0.0005612647164945361,71936,71894,0.0005838523131672657,75776,75733,0.0005674619932432012,82294,82248,0.0005589714924538747,78930,78887,0.0005447865197010238,,897440,896936,0.0005615974326974582,1
SHV-HQ,PMT-1111,0,0,,0,0,,0,0,,0,0,,0,0,,0,0,,0,0,,0,0,,0,0,,0,0,,0,0,,0,0,,,0,0,,1
SHV-HQ,PMT-1112,31681,31676,0.00015782330103220055,25789,25792,0,22420,22419,4.46030330062408e-05,33664,33671,0,30399,30399,0,37477,37486,0,29060,29068,0,29046,29045,3.442814845422415e-05,28924,28927,0,25571,25574,0,25809,25812,0,22854,22857,0,,342694,342726,0,1
SHV-HQ,PMT-1113,0,0,,0,0,,0,0,,0,0,,0,0,,0,0,,0,0,,0,0,,0,0,,0,0,,0,0,,0,0,,,0,0,,1
SHV-HQ,PMT-1115,16599,16582,0.0010241580818121099,15480,15461,0.0012273901808785848,17445,17428,0.0009744912582402288,20720,20694,0.0012548262548262024,17930,17906,0.0013385387618516376,15432,15411,0.0013608087091757648,12039,12021,0.0014951407924246318,13451,13430,0.0015612222139618215,13249,13231,0.0013585931013661012,12380,12363,0.0013731825525040708,16674,16543,0.007856543121026793,11845,11869,0,,183244,182939,0.0016644474034620549,1
SHV-HQ,PMT-1116,4631,4627,0.000863744331677796,2894,2893,0.0003455425017276914,4300,4295,0.0011627906976744429,4737,4734,0.0006333122229259525,4579,4577,0.0004367765887748343,4783,4780,0.0006272214091573858,4438,4435,0.0006759801712482583,5788,5785,0.0005183137525915926,4501,4497,0.0008886914019107239,4764,4762,0.0004198152812762146,4773,4787,0,5505,5524,0,,55693,55696,0,1
SHV-HQ,PMT-1117,11487,11472,0.0013058239749281775,10047,10036,0.0010948541853289528,10562,10549,0.0012308274947926412,11694,11671,0.0019668205917564574,11797,11793,0.0003390692548953522,11848,11834,0.001181634031060086,10591,10578,0.0012274572750448076,1273,1272,0.0007855459544383603,105,104,0.00952380952380949,302,301,0.0033112582781457123,233,230,0.012875536480686733,3325,3336,0,,83264,83176,0.0010568793235972151,1
SHV-HQ,PMT-1118,0,0,,0,0,,0,0,,0,0,,1125,1503,0,1945,2435,0,3822,4275,0,6564,7037,0,9641,10082,0,6974,7404,0,9998,10501,0,13023,13505,0,,53092,56742,0,1
SHV-HQ,PMT-1119,0,0,,0,0,,0,0,,0,0,,0,0,,0,0,,0,0,,0,0,,0,0,,0,0,,0,0,,0,0,,,0,0,,1
SHV-HQ,PMT-112,0,0,,0,0,,0,0,,0,0,,0,0,,0,0,,0,0,,0,0,,0,0,,0,0,,0,0,,0,0,,,0,0,,1
SHV-HQ,PMT-1120,0,0,,0,0,,0,0,,0,0,,0,0,,0,0,,0,0,,0,0,,0,0,,0,0,,0,0,,0,0,,,0,0,,0
SHV-HQ,PMT-1121,2410,2381,0.012033195020746845,2356,2328,0.011884550084889645,2112,2089,0.010890151515151492,482,2482,0,0,2835,0,0,3592,0,0,3316,0,3780,3896,0,4043,4018,0.006183527083848617,3657,3632,0.006836204539239832,4046,4017,0.007167572911517595,3614,3588,0.007194244604316502,,26500,38174,0,6
SHV-HQ,PMT-1123,93802,92415,0.014786465107353819,93033,91586,0.015553620758225528,88877,87374,0.01691101184783461,112105,110362,0.015547923821417453,104067,102422,0.01580712425648856,104484,102861,0.015533478810152768,96554,95042,0.015659630880129227,103634,102062,0.015168767006966788,106930,105189,0.016281679603478927,92660,91308,0.014590977768184743,107755,105964,0.016621038466892446,100315,98633,0.016767183372377037,,1204216,1185218,0.015776239478631715,61
SHV-HQ,PMT-1124,59567,59610,0,58475,58350,0.0021376656690893503,56673,56527,0.0025761826619378203,69899,69830,0.0009871385856735637,69284,69158,0.0018186016973615882,42794,42643,0.0035285320372014928,41056,40930,0.0030689789555728986,44082,41648,0.05521528061340231,47377,47492,0,42859,44674,0,54499,54374,0.0022936200664231965,53258,53009,0.004675353937436677,,639823,638245,0.002466307088054065,13
SHV-HQ,PMT-1125,85089,83510,0.018557040275476222,86431,84779,0.019113512512871522,84300,82657,0.01948991696322655,97157,95298,0.01913397902364211,98736,96787,0.019739507373197185,96350,93960,0.02480539699014006,89659,87933,0.01925071660402189,108713,107025,0.015527121871349303,104935,103142,0.017086767999237584,94119,92484,0.017371625282886605,108469,106349,0.019544754722547464,101934,99701,0.021906331547864255,,1155892,1133625,0.01926391046914422,117
SHV-HQ,PMT-1126,22706,22703,0.00013212366775305906,21092,21088,0.0001896453631708983,21938,21935,0.00013674901996540978,30072,30067,0.0001662676243682215,31855,31849,0.0001883534766912165,35527,35521,0.00016888563627659448,29924,29920,0.00013367196898805833,28385,28380,0.0001761493746696985,21205,21202,0.00014147606696535142,19260,19257,0.00015576323987542828,19975,19971,0.00020025031289105932,18362,18358,0.0002178411937697744,,300301,300251,0.0001664996120559481,1
SHV-HQ,PMT-1127,0,0,,0,0,,0,0,,0,0,,0,0,,0,0,,0,0,,0,0,,0,0,,0,0,,0,0,,0,0,,,0,0,,0
SHV-HQ,PMT-1128,0,0,,0,0,,0,0,,0,0,,0,0,,0,0,,0,0,,0,0,,0,0,,0,0,,0,0,,0,0,,,0,0,,1
SHV-HQ,PMT-1129,94934,94547,0.004076516316598888,92105,91738,0.003984582813093773,88459,88060,0.00451056421619056,103540,102907,0.006113579293026805,119280,118358,0.007729711602950995,109856,109009,0.0077100932129332556,94392,93509,0.00935460632256968,99592,97708,0.018917182102980212,90914,90139,0.008524539674857556,84629,83495,0.01339966205437848,97683,96225,0.014925831516231058,104058,103359,0.0067174075996079274,,1179442,1169054,0.008807554758945346,164
SHV-HQ,PMT-113,44671,42911,0.03939916276779121,42920,42133,0.018336439888164024,41971,41658,0.007457530199423412,49889,49510,0.0075968650403897,46786,46438,0.007438122515282308,48106,47771,0.0069637883008356605,51410,51005,0.007877844777280707,58303,57830,0.00811279007941268,57998,57524,0.008172695610193403,50797,50426,0.007303580920133057,66861,66396,0.006954726970879843,57416,57028,0.006757698202591644,,617128,610630,0.010529420152707414,86
SHV-HQ,PMT-1130,60323,58977,0.022313213865358117,67290,65688,0.02380740080249666,67345,65787,0.023134605390155216,72958,71316,0.022506099399654644,74843,73123,0.022981441150141002,64460,63005,0.02257213775985112,54401,53128,0.02340030514144964,61217,59894,0.021611643824427818,58080,56843,0.021298209366391152,57825,56500,0.022913964548205823,64829,63347,0.022860139752271413,61158,59774,0.022629909414958016,,764729,747382,0.022683852711221864,130
SHV-HQ,PMT-1131,45212,44016,0.02645315402990356,46950,45749,0.025580404685836,45655,44454,0.026305990581535377,44869,43629,0.027636007042724398,59606,58138,0.02462839311478715,54344,53144,0.022081554541439674,47052,45730,0.028096574003230512,53067,51754,0.024742306895057187,51476,50236,0.024088895796099186,48978,47692,0.026256686675650287,56823,55296,0.02687292117628426,48524,47091,0.02953177808919294,,602556,586929,0.02593451894927612,135
SHV-HQ,PMT-1132,20200,19806,0.019504950495049522,21003,20813,0.009046326715231201,23639,23440,0.008418291805913913,26946,26705,0.008943813553031976,29834,29565,0.009016558289200227,24800,24573,0.009153225806451615,20202,20018,0.00910800910800913,19389,19277,0.00577647119500746,22087,21928,0.007198804726762376,26339,26123,0.00820076692357341,30252,30005,0.008164749438053676,25446,25217,0.008999449815295102,,290137,287470,0.009192209197723789,24
SHV-HQ,PMT-1133,0,0,,0,0,,0,0,,0,0,,0,0,,0,0,,0,0,,0,0,,0,0,,0,0,,0,0,,0,0,,,0,0,,1
SHV-HQ,PMT-1134,12222,12216,0.0004909180166912108,14499,14493,0.00041382164287195877,12813,12808,0.000390228674002957,16297,16291,0.0003681659201080212,14887,14882,0.00033586350507153195,15724,15718,0.00038158229458151727,14446,14448,0,17510,17506,0.00022844089091944575,17762,17758,0.00022519986488012123,17844,17838,0.00033624747814386957,17300,17293,0.00040462427745668883,16019,16014,0.00031212934640112433,,187323,187265,0.000309625619918541,1
SHV-HQ,PMT-1135,0,0,,0,0,,0,0,,0,0,,0,0,,0,0,,0,0,,0,0,,0,0,,0,0,,0,0,,0,0,,,0,0,,0
SHV-HQ,PMT-1136,111629,111657,0,107091,107118,0,104560,104585,0,121483,121511,0,130149,130180,0,128299,128330,0,114784,114812,0,124214,124244,0,119795,119824,0,121650,121680,0,125827,125861,0,112117,112148,0,,1421598,1421950,0,1
SHV-HQ,PMT-1137,20094,20121,0,36841,36877,0,41474,41506,0,37843,37872,0,56871,56906,0,49150,49199,0,39617,39663,0,33058,33093,0,28801,28839,0,34044,34083,0,52581,52645,0,49872,49374,0.00998556304138598,,480246,480178,0.00014159409969061176,1
SHV-HQ,PMT-1139,62948,62298,0.010325983351337609,66116,65610,0.007653215560530002,67231,66127,0.016420996266603205,58190,57555,0.010912527925760473,101639,100018,0.01594860240655649,93927,92861,0.011349239302862912,73868,72207,0.02248605620837174,65885,65131,0.01144418304621686,67478,66638,0.012448501733898443,76227,75148,0.014155089404016996,68698,68044,0.009519927799935934,62314,61173,0.018310492024264158,,864521,852810,0.013546229646243413,64
SHV-HQ,PMT-114,15638,15619,0.001214989129044608,16770,16751,0.0011329755515802065,15649,15630,0.001214135088504098,15610,15590,0.0012812299807815064,15037,15019,0.0011970472833676693,15314,15299,0.000979495886117232,15937,15919,0.001129447198343514,12883,12869,0.0010867034075914273,6878,6873,0.0007269555103227576,1,0,1,0,0,,0,0,,,129717,129569,0.0011409452885897675,0
SHV-HQ,PMT-1140,18604,18444,0.008600301010535327,22131,21967,0.007410419773168808,21060,20905,0.007359924026590692,26547,26374,0.00651674388819834,28586,28414,0.006016931365003808,25113,24932,0.007207422450523637,28224,28030,0.006873582766439901,23547,23181,0.01554338132246147,25093,25084,0.00035866576336029965,19051,18895,0.008188546532990393,23783,23574,0.008787789597611728,26224,25981,0.009266320927394767,,287963,285781,0.007577362369471041,22
SHV-HQ,PMT-1141,49606,47970,0.032979881465951655,51233,49590,0.03206917416508892,49108,47569,0.0313390893540767,44053,42185,0.04240346854924748,67479,65497,0.02937210094992515,58402,56946,0.02493065305982667,52709,51057,0.03134189607087978,60332,58795,0.02547570112046671,52699,50963,0.0329418015522116,50474,48719,0.0347703768276737,56094,54036,0.03668841587335547,73450,46528,0.3665350578624915,,665639,619855,0.06878202749538409,123
SHV-HQ,PMT-1142,139588,137882,0.012221680946786218,126951,122399,0.035856354026356674,118594,119065,0,138140,135738,0.017388156942232502,129005,126701,0.01785977287702023,136664,134544,0.015512497804835212,121939,120104,0.015048507860487614,126522,121765,0.03759820426487093,122617,124956,0,109295,107716,0.014447138478429933,126792,124807,0.015655561865101864,126134,124117,0.015990930280495363,,1522241,1499794,0.01474602247607315,73
SHV-HQ,PMT-1144,45441,45442,0,49220,49222,0,45905,45906,0,56987,56982,8.773930896521787e-05,53309,53316,0,51891,51892,0,48478,48481,0,54142,54145,0,51850,51852,0,53734,53737,0,62349,62352,0,51088,51089,0,,624394,624416,0,1
SHV-HQ,PMT-1145,32465,32466,0,32492,32492,0,27999,27998,3.571556127002218e-05,33207,33208,0,29064,29063,3.4406826314392625e-05,27974,27972,7.149495960534491e-05,26214,26213,3.814755474174092e-05,31275,31272,9.592326139085117e-05,28797,28790,0.00024308087648017285,32937,32941,0,33936,33935,2.946723243757443e-05,27309,27307,7.323592954699976e-05,,363669,363657,3.299703851578073e-05,1
SHV-HQ,PMT-1147,0,0,,0,0,,0,0,,0,0,,0,0,,0,0,,0,0,,0,0,,0,0,,0,0,,0,0,,0,0,,,0,0,,1
SHV-HQ,PMT-1148,18154,18161,0,15978,15984,0,17955,17962,0,22312,22323,0,24103,24113,0,20866,20875,0,19512,19522,0,21973,21983,0,19347,19356,0,20191,20201,0,21227,21237,0,20379,20387,0,,241997,242104,0,1
SHV-HQ,PMT-1149,0,0,,0,0,,0,0,,0,0,,0,0,,0,0,,0,0,,0,0,,0,0,,0,0,,0,0,,0,0,,,0,0,,1
SHV-HQ,PMT-115,2899,2893,0.002069679199724006,3042,3053,0,3632,3626,0.0016519823788546661,3932,3932,0,3453,3453,0,3579,3577,0.0005588153115395622,4183,4182,0.00023906287353570033,4535,4534,0.00022050716648291946,3800,3800,0,3871,3870,0.00025833118057350113,3882,3881,0.00025759917568268786,3415,3416,0,,44223,44217,0.0001356760056984152,1
SHV-HQ,PMT-1150,0,0,,0,0,,0,0,,0,0,,0,0,,0,0,,0,0,,0,0,,0,0,,0,0,,0,0,,0,0,,,0,0,,0
SHV-HQ,PMT-1153,33372,33372,0,27688,27689,0,33640,33641,0,31882,31881,3.136566087447168e-05,37257,37259,0,37711,37712,0,42735,42737,0,43787,45115,0,33971,34194,0,40258,40418,0,36141,36143,0,38040,38083,0,,436482,438244,0,1
SHV-HQ,PMT-1154,8980,8983,0,12058,12061,0,14461,14465,0,9083,9086,0,13459,13464,0,18570,18577,0,19634,19640,0,24030,24040,0,26868,26876,0,29227,29235,0,30021,30031,0,28327,28334,0,,234718,234792,0,1
SHV-HQ,PMT-1155,0,0,,0,0,,0,0,,0,0,,0,0,,0,0,,0,0,,0,0,,0,0,,0,0,,0,0,,0,0,,,0,0,,1
SHV-HQ,PMT-1156,0,0,,0,0,,0,0,,0,0,,0,0,,0,0,,0,0,,0,0,,0,0,,0,0,,0,0,,0,0,,,0,0,,1
SHV-HQ,PMT-1157,0,0,,0,0,,0,0,,0,0,,0,0,,0,0,,0,0,,0,0,,0,0,,0,0,,0,0,,0,0,,,0,0,,1
SHV-HQ,PMT-1158,0,0,,0,0,,0,0,,0,0,,0,0,,0,0,,0,0,,0,0,,0,0,,0,0,,0,0,,0,0,,,0,0,,1
SHV-HQ,PMT-1159,8653,8655,0,9568,9570,0,9882,9884,0,12924,12928,0,13348,13354,0,13464,13474,0,10617,10624,0,10483,10491,0,7867,7873,0,3772,3777,0,4258,4262,0,3841,3844,0,,108677,108736,0,1
SHV-HQ,PMT-116,88040,87724,0.0035892776010904015,92079,90585,0.016225197927866253,87240,85882,0.015566254011921132,102633,102373,0.002533298256895966,95013,94029,0.010356477534653186,99954,98758,0.011965504131900673,95418,94195,0.012817288142698446,98061,96970,0.01112572786326882,98787,97741,0.010588437749906365,89264,88221,0.011684441656210742,107899,106569,0.012326342227453435,91977,90996,0.010665709905737342,,1146365,1134043,0.010748758030819205,306
SHV-HQ,PMT-1160,14390,14392,0,11975,11979,0,11527,11525,0.00017350568231111474,16360,16362,0,16007,16001,0.00037483600924592686,13933,13928,0.0003588602598147972,10767,10771,0,17148,17150,0,18184,18186,0,17721,17726,0,19320,19321,0,17658,17573,0.0048136821837128085,,184990,184914,0.0004108330180009334,1
SHV-HQ,PMT-1161,708,708,0,692,691,0.0014450867052022698,651,651,0,717,746,0,742,712,0.040431266846361225,712,712,0,723,722,0.0013831258644536604,753,744,0.01195219123505975,808,816,0,1232,1231,0.0008116883116883189,1614,1613,0.0006195786864932051,2095,2094,0.0004773269689737347,,11447,11440,0.0006115139337817821,1
SHV-HQ,PMT-1162,14248,14252,0,11369,11372,0,10748,10752,0,12301,12305,0,10654,10658,0,12028,12032,0,5581,5584,0,1093,1094,0,1009,1009,0,583,584,0,837,838,0,4908,4909,0,,85359,85389,0,1
SHV-HQ,PMT-1163,0,0,,0,0,,0,0,,0,0,,0,0,,0,0,,0,0,,0,0,,0,0,,0,0,,0,0,,0,0,,,0,0,,1
SHV-HQ,PMT-1164,48321,48340,0,45583,45599,0,40074,40092,0,46792,46810,0,50620,50642,0,52100,52121,0,45552,45571,0,53333,53353,0,53572,53595,0,54465,54488,0,58442,58466,0,50038,50057,0,,598892,599134,0,1
SHV-HQ,PMT-1165,48978,48867,0.0022663236555188204,44114,44011,0.0023348596817336364,41273,41178,0.0023017469047561523,46411,46305,0.0022839413070177006,44246,44144,0.0023052931338426452,46841,46737,0.0022202771076620387,43417,43322,0.0021880830089596737,51415,51304,0.0021589030438587953,50194,50085,0.0021715742917479686,48560,48454,0.00218286655683686,54672,54553,0.0021766169154229242,48284,48425,0,,568405,567385,0.0017944951223159977,1
SHV-HQ,PMT-1167,0,0,,0,0,,0,0,,0,0,,0,0,,0,0,,0,0,,0,0,,0,0,,0,0,,0,0,,0,0,,,0,0,,1
SHV-HQ,PMT-1168,3141,3146,0,2858,2867,0,2919,2926,0,3358,3363,0,3937,3940,0,4229,4225,0.0009458500827619343,3208,3216,0,3487,3497,0,3730,3742,0,4722,4734,0,5782,5791,0,4538,4550,0,,45909,45997,0,1
SHV-HQ,PMT-1169,0,0,,0,0,,0,0,,0,0,,0,0,,0,0,,0,0,,0,0,,0,0,,0,0,,0,0,,0,0,,,0,0,,0
SHV-HQ,PMT-1170,0,0,,0,0,,0,0,,0,0,,0,0,,0,0,,0,0,,0,0,,0,0,,0,0,,0,0,,0,0,,,0,0,,1
SHV-HQ,PMT-1171,0,0,,0,0,,0,0,,0,0,,0,0,,0,0,,0,0,,0,0,,0,0,,0,0,,0,0,,0,0,,,0,0,,1
SHV-HQ,PMT-1172,0,0,,0,0,,0,0,,0,0,,0,0,,0,0,,0,0,,0,0,,0,0,,0,0,,0,0,,0,0,,,0,0,,1
SHV-HQ,PMT-1173,0,0,,0,0,,0,0,,0,0,,0,0,,0,0,,0,0,,0,0,,0,0,,0,0,,0,0,,0,0,,,0,0,,1
SHV-HQ,PMT-1175,0,0,,0,0,,0,0,,0,0,,0,0,,0,0,,0,0,,0,0,,0,0,,0,0,,0,0,,0,0,,,0,0,,1
SHV-HQ,PMT-1176,0,0,,0,0,,0,0,,0,0,,0,0,,0,0,,0,0,,0,0,,0,0,,0,0,,0,0,,0,0,,,0,0,,1
SHV-HQ,PMT-1178,186766,187160,0,171986,172366,0,94720,94915,0,108177,108410,0,157127,157488,0,221948,222461,0,207399,207889,0,251572,252147,0,212127,211245,0.004157886549095546,233982,234719,0,260570,262367,0,225549,226053,0,,2331923,2337220,0,1
SHV-HQ,PMT-1179,81761,81801,0,89440,89475,0,88508,88553,0,101768,101814,0,111340,111391,0,110334,110389,0,95747,95790,0,103259,103305,0,96309,96356,0,108712,108758,0,110118,110168,0,94917,94957,0,,1192213,1192757,0,1
SHV-HQ,PMT-118,66368,64591,0.02677495178399225,69347,67554,0.02585548041011143,66599,64835,0.026486884187450266,63004,61528,0.023427083994666975,84598,82705,0.022376415518097326,80952,78935,0.02491599960470403,67057,65601,0.021712871139478396,81473,79503,0.02417978962355627,75695,73979,0.022669925358346,71994,70423,0.021821262883018,80624,78721,0.02360339353046237,67666,66124,0.02278840185617592,,875377,854499,0.023850295358456952,58
SHV-HQ,PMT-1180,103323,103281,0.0004064922621294098,102535,102495,0.0003901106939093735,101631,101587,0.0004329387686827779,117207,117155,0.00044365950839109214,114433,114381,0.000454414373476153,107731,107684,0.00043627182519423435,98657,98614,0.00043585351267527717,105345,105300,0.0004271678769756093,107281,107234,0.00043810180740300186,103517,103472,0.0004347112068548986,100754,100709,0.0004466323917661219,96767,96731,0.00037202765405564,,1259181,1258643,0.0004272618471847789,1
SHV-HQ,PMT-1181,0,0,,0,0,,0,0,,0,0,,0,0,,0,0,,0,0,,0,0,,0,0,,0,0,,0,0,,0,0,,,0,0,,1
SHV-HQ,PMT-1183,32031,31569,0.014423527208017206,30182,29723,0.015207739712411406,34788,34189,0.017218581119926357,41370,40757,0.014817500604302647,42963,42353,0.014198263622186569,41565,40979,0.014098400096234864,39897,39734,0.0040855202145524405,45743,41131,0.10082416981833286,41601,40643,0.023028292589120425,38338,31745,0.17197036882466488,45803,54247,0,35161,34648,0.014590028725007809,,469442,461718,0.01645357679968984,17
SHV-HQ,PMT-1184,52989,52161,0.01562588461756209,52886,52061,0.015599591574329663,57582,56529,0.018286964676461404,70166,68671,0.02130661573981696,69910,68196,0.024517236446860213,78338,76573,0.02253057264673597,67757,66205,0.02290538246970797,70562,68922,0.02324197159944441,69087,67562,0.022073617323085437,64045,62635,0.022015770161605164,76095,74315,0.023391812865497075,68057,66574,0.0217905579146892,,797474,780404,0.021405086560815745,54
SHV-HQ,PMT-1185,11814,11719,0.008041306923988523,12837,12744,0.007244683337228275,12444,12370,0.005946640951462578,13492,13405,0.0064482656388971105,12870,12782,0.006837606837606813,12088,11994,0.007776307081403089,11661,11575,0.007375010719492314,13549,13435,0.008413905085246198,13785,13652,0.009648168298875603,13826,13690,0.00983653985245192,15608,15449,0.010187083546899012,16003,15829,0.010872961319752572,,159977,158644,0.008332447789369701,11
SHV-HQ,PMT-1186,13502,13668,0,14284,14127,0.010991318958274987,13780,13614,0.0120464441219158,14851,14681,0.011447040603326353,15564,15388,0.011308147005911096,15098,14925,0.011458471320704766,13405,13253,0.011339052592316268,15652,15483,0.010797342192691017,14799,14640,0.010743969187107183,14545,14387,0.010862839463733232,16302,16131,0.010489510489510523,15373,15295,0.00507383074221035,,177155,175592,0.008822782309277133,100
SHV-HQ,PMT-1187,0,0,,0,0,,0,0,,0,0,,0,0,,0,0,,0,0,,0,0,,0,0,,0,0,,0,0,,0,0,,,0,0,,1
SHV-HQ,PMT-1189,0,0,,0,0,,0,0,,0,0,,0,0,,0,0,,0,0,,0,0,,0,0,,0,0,,0,0,,0,0,,,0,0,,1
SHV-HQ,PMT-119,248080,247480,0.002418574653337613,229220,228660,0.0024430677951312596,200560,200040,0.00259274032708412,176640,176220,0.0023777173913043237,234070,233490,0.0024778912291194555,255070,254460,0.002391500372446731,290510,289840,0.0023062889401397335,305770,305060,0.002322006737089932,274620,273980,0.0023304930449348227,295570,294870,0.002368305308387164,326280,325620,0.002022802500919463,317070,316310,0.002396947046393594,,3153460,3146030,0.0023561421422818585,1
SHV-HQ,PMT-1190,7789,7794,0,7171,7175,0,7436,7440,0,7727,7733,0,7900,7905,0,10637,10644,0,9824,9831,0,10469,10475,0,8569,8575,0,9323,9330,0,10538,10546,0,9007,9012,0,,106390,106460,0,1
SHV-HQ,PMT-1191,826,825,0.001210653753026647,821,821,0,846,846,0,975,975,0,903,904,0,1035,1034,0.0009661835748792091,970,970,0,975,975,0,1049,1049,0,1100,1100,0,1136,1136,0,1023,1023,0,,11659,11658,8.577064928383393e-05,1
SHV-HQ,PMT-1193,0,0,,0,0,,0,0,,0,0,,0,0,,0,0,,0,0,,0,0,,0,0,,0,0,,0,0,,0,0,,,0,0,,0
SHV-HQ,PMT-1194,16760,16766,0,15584,15590,0,14506,14512,0,19555,19562,0,20582,20590,0,20037,20043,0,16185,16191,0,17163,17168,0,15234,15240,0,14957,14963,0,18247,18253,0,16826,16834,0,,205636,205712,0,1
SHV-HQ,PMT-1195,0,0,,0,0,,0,0,,0,0,,0,0,,0,0,,0,0,,0,0,,0,0,,0,0,,0,0,,0,0,,,0,0,,1
SHV-HQ,PMT-1196,0,0,,0,0,,0,0,,0,0,,0,0,,0,0,,0,0,,0,0,,0,0,,0,0,,0,0,,0,0,,,0,0,,0
SHV-HQ,PMT-1197,34252,34249,8.758612635761942e-05,34359,34356,8.731336767664466e-05,34987,34984,8.574613427847488e-05,38244,38240,0.0001045915699194877,40348,40343,0.0001239218796470487,38644,38641,7.763171514341138e-05,34239,34236,8.761938140722236e-05,39920,39916,0.00010020040080160886,38151,38148,7.863489816783975e-05,36074,36071,8.316238842376311e-05,35049,35046,8.559445347944283e-05,35305,35302,8.497379974503616e-05,,439572,439532,9.099760676289925e-05,1
SHV-HQ,PMT-1198,34171,34181,0,29712,29721,0,33314,33325,0,40481,40495,0,40173,40188,0,35613,35624,0,33668,33681,0,40831,40844,0,38265,38278,0,37938,37950,0,40897,40912,0,37303,37316,0,,442366,442515,0,1
SHV-HQ,PMT-1199,0,0,,0,0,,0,0,,0,0,,0,0,,0,0,,0,0,,0,0,,0,0,,0,0,,0,0,,0,0,,,0,0,,1
SHV-HQ,PMT-120,0,0,,0,0,,0,0,,0,0,,0,0,,0,0,,0,0,,0,0,,0,0,,0,0,,0,0,,0,0,,,0,0,,0
SHV-HQ,PMT-1201,23489,23489,0,22855,22855,0,22846,22845,4.3771338527509585e-05,27412,27412,0,24964,24963,4.005768306358792e-05,26072,26070,7.671064743786093e-05,24106,24104,8.296689620845843e-05,23263,23262,4.298671710445401e-05,23409,23408,4.2718612499492714e-05,24627,24626,4.060583911968951e-05,24818,24817,4.029333548227765e-05,23594,23594,0,,291455,291445,3.431061398839752e-05,1
SHV-HQ,PMT-1203,0,0,,0,0,,0,0,,0,0,,0,0,,0,0,,0,0,,0,0,,0,0,,0,0,,0,0,,0,0,,,0,0,,1
SHV-HQ,PMT-1204,0,0,,0,0,,0,0,,0,0,,0,0,,0,0,,0,0,,0,0,,0,0,,0,0,,0,0,,0,0,,,0,0,,0
SHV-HQ,PMT-1205,0,0,,0,0,,0,0,,0,0,,0,0,,0,0,,0,104,0,436,1466,0,1317,2383,0,1697,2732,0,2954,4050,0,2604,3657,0,,9008,14392,0,1
SHV-HQ,PMT-1206,3039,3039,0,3370,3370,0,3001,3000,0.0003332222592469236,3983,3983,0,2564,2565,0,2873,3473,0,3669,3069,0.16353229762878163,3387,3387,0,3719,3719,0,3240,3240,0,3671,3671,0,3264,3264,0,,39780,39780,0,1
SHV-HQ,PMT-1207,0,0,,0,0,,0,0,,0,0,,0,0,,0,0,,0,0,,0,0,,0,0,,0,0,,0,0,,0,0,,,0,0,,0
SHV-HQ,PMT-1209,38931,38915,0.00041098353497215356,38630,38614,0.0004141858659073572,46574,46554,0.00042942414222524317,53278,53256,0.0004129284132287081,53658,53637,0.0003913675500391012,51417,51396,0.00040842522900985667,40783,40768,0.0003678003089522264,46464,46445,0.0004089187327823707,39428,39413,0.00038044029623618414,40539,40521,0.00044401687264117307,47971,47948,0.00047945633820434264,43486,43466,0.0004599181345720238,,541159,540933,0.00041762217758556375,1
SHV-HQ,PMT-121,0,0,,0,0,,0,0,,0,0,,0,0,,0,0,,0,0,,0,0,,0,0,,0,0,,0,0,,13087,13106,0,,13087,13106,0,1
SHV-HQ,PMT-1210,0,0,,0,0,,0,0,,0,0,,0,0,,0,0,,0,0,,0,0,,0,0,,0,0,,0,0,,0,0,,,0,0,,1
SHV-HQ,PMT-1211,0,0,,0,0,,0,0,,0,0,,0,0,,0,0,,0,0,,0,0,,0,0,,0,0,,0,0,,0,0,,,0,0,,0
SHV-HQ,PMT-1213,1066,1067,0,1217,1219,0,1187,1189,0,1252,1253,0,1383,1385,0,1212,1214,0,1216,1218,0,1224,1226,0,1189,1190,0,1368,1370,0,1378,1381,0,1252,1254,0,,14944,14966,0,1
SHV-HQ,PMT-1214,0,0,,39,39,0,69,69,0,4,5,0,0,0,,0,0,,0,0,,0,0,,0,0,,0,0,,0,0,,0,0,,,112,113,0,1
SHV-HQ,PMT-1215,8612,8620,0,8881,8890,0,9365,9374,0,9214,9223,0,10524,10534,0,9144,9153,0,9116,9125,0,10119,10129,0,8658,8668,0,8236,8244,0,9407,9417,0,9205,9216,0,,110481,110593,0,1
SHV-HQ,PMT-1216,0,0,,0,0,,0,0,,0,0,,0,0,,0,0,,0,0,,0,0,,0,0,,0,0,,0,0,,0,0,,,0,0,,1
SHV-HQ,PMT-1218,32495,32502,0,33742,33750,0,31000,31006,0,37124,37133,0,38580,38589,0,36737,36745,0,27986,27982,0.00014292860716069722,34475,34491,0,38310,38318,0,41071,41079,0,40972,40981,0,33609,33616,0,,426101,426192,0,1
SHV-HQ,PMT-1220,0,0,,0,0,,0,0,,0,0,,0,0,,0,0,,0,0,,0,0,,0,0,,0,0,,0,0,,0,0,,,0,0,,0
SHV-HQ,PMT-1221,6335,6336,0,6745,2082,0.6913269088213492,8495,13151,0,9729,9718,0.0011306403535821241,9842,9832,0.0010160536476325754,8250,8241,0.0010909090909091423,6661,6651,0.0015012760846719875,8375,8366,0.001074626865671613,6838,6830,0.0011699327288681172,7902,7892,0.0012655024044545549,7985,7975,0.00125234815278652,6695,6679,0.002389843166542227,,93852,93753,0.0010548523206751481,1
SHV-HQ,PMT-1222,0,0,,0,0,,0,0,,0,0,,0,0,,0,0,,0,0,,0,0,,0,0,,0,0,,0,0,,0,0,,,0,0,,0
SHV-HQ,PMT-1223,0,0,,0,0,,0,0,,0,0,,0,0,,0,0,,0,0,,0,0,,0,0,,0,0,,0,0,,0,0,,,0,0,,1
SHV-HQ,PMT-1224,48203,48286,0,46850,46934,0,47026,47107,0,47759,47838,0,61580,61681,0,51660,51746,0,49547,49629,0,55060,55149,0,52662,52751,0,52939,52665,0.005175768337142728,56205,56662,0,50300,49621,0.013499005964214716,,619791,620069,0,1
SHV-HQ,PMT-1225,0,0,,0,0,,0,0,,0,0,,0,0,,0,0,,0,0,,0,0,,0,0,,0,0,,0,0,,0,0,,,0,0,,1
SHV-HQ,PMT-1226,0,0,,0,0,,0,0,,0,0,,0,0,,0,0,,0,0,,0,0,,0,0,,0,0,,0,0,,0,0,,,0,0,,1
SHV-HQ,PMT-1227,0,0,,1,0,1,20,21,0,0,0,,0,0,,0,0,,1,0,1,0,0,,0,0,,0,0,,0,0,,0,0,,,22,21,0.045454545454545414,1
SHV-HQ,PMT-1228,149,149,0,164,163,0.0060975609756097615,231,231,0,218,218,0,127,126,0.007874015748031482,92,92,0,48,47,0.02083333333333337,87,88,0,49,48,0.020408163265306145,130,129,0.007692307692307665,135,135,0,187,188,0,,1617,1614,0.0018552875695733162,1
SHV-HQ,PMT-1229,0,0,,0,0,,0,0,,0,0,,0,0,,0,0,,0,0,,0,0,,0,0,,0,0,,0,0,,0,0,,,0,0,,1
SHV-HQ,PMT-1230,210,210,0,212,211,0.004716981132075526,36,35,0.02777777777777779,87,88,0,42,41,0.023809523809523836,72,72,0,3720,3719,0.0002688172043010528,7576,7574,0.000263991552270304,7214,7132,0.011366786803437723,7897,7886,0.0013929340255793843,8134,8156,0,7769,7635,0.017248037070408007,,42969,42759,0.004887244292396842,1
SHV-HQ,PMT-1231,2975,2977,0,3241,3238,0.0009256402344954839,3693,3693,0,4148,4147,0.00024108003857281624,3652,3652,0,3247,3246,0.0003079765937789025,2745,2745,0,4034,4034,0,3818,3816,0.0005238344683080598,3614,3615,0,3692,3691,0.0002708559046586956,4297,4297,0,,43156,43151,0.00011585874501807147,1
SHV-HQ,PMT-1232,0,0,,0,0,,0,0,,0,0,,0,0,,0,0,,0,0,,0,0,,0,0,,0,0,,0,0,,0,0,,,0,0,,1
SHV-HQ,PMT-1233,15481,15469,0.0007751437245655524,16564,16552,0.0007244626901714568,17556,17542,0.0007974481658692412,19311,19297,0.000724975402620287,18793,18778,0.0007981695312084813,16811,16797,0.0008327880554398481,15516,15503,0.0008378448053621979,16927,16914,0.0007680037809416618,16157,16145,0.0007427121371541556,15893,15880,0.0008179701755489655,15317,15304,0.0008487301690931481,14700,14690,0.0006802721088435826,,199026,198871,0.0007787927205490375,1
SHV-HQ,PMT-1234,25294,25312,0,26329,26348,0,29241,29264,0,31649,31674,0,30342,30366,0,29332,29357,0,28564,28588,0,33776,33803,0,23309,23329,0,24240,24262,0,28582,28606,0,27715,27740,0,,338373,338649,0,1
SHV-HQ,PMT-1235,0,0,,0,0,,0,0,,0,0,,0,0,,0,0,,0,0,,0,0,,0,0,,0,0,,0,0,,0,0,,,0,0,,1
SHV-HQ,PMT-1236,780,780,0,815,815,0,831,832,0,1379,1380,0,1119,1119,0,1585,1585,0,1109,1109,0,1520,1520,0,1149,1149,0,1411,1412,0,1986,1987,0,1654,1654,0,,15338,15342,0,1
SHV-HQ,PMT-1237,35943,35953,0,35634,35647,0,35432,35447,0,48492,48513,0,41890,41905,0,41534,41546,0,40686,40696,0,39994,40004,0,42703,42712,0,48586,48593,0,48934,48945,0,35024,35028,0,,494852,494989,0,1
SHV-HQ,PMT-1238,82981,82941,0.0004820380569046101,79192,79160,0.00040408122032531413,74987,74956,0.0004134049901982628,80407,80364,0.0005347793102590259,78398,78355,0.0005484833796780553,79206,79155,0.0006438906143474421,68646,68608,0.0005535646650933757,76331,76284,0.0006157393457442151,95067,95011,0.000589058243133822,105012,104952,0.0005713632727688545,108549,108487,0.0005711706234050595,97781,97732,0.0005011198494595526,,1026557,1026005,0.0005377197759111052,1
SHV-HQ,PMT-1239,45864,44835,0.022435897435897467,29595,29086,0.01719885115729003,22912,22433,0.020906075418994363,23034,22604,0.018668055917339554,25940,25549,0.01507324595219739,29767,29237,0.017804951792253165,25236,24802,0.0171976541448724,29868,29308,0.018749162983795364,29472,28970,0.017033116178067353,30904,30368,0.01734403313486932,38030,37241,0.020746778858795722,44973,44018,0.021234963200142287,,375595,368451,0.01902048749317753,108
SHV-HQ,PMT-124,984,982,0.002032520325203291,929,927,0.0021528525296017342,1168,1165,0.0025684931506849695,1372,1368,0.002915451895043719,1152,1148,0.00347222222222221,1045,1042,0.002870813397129135,883,880,0.003397508493771184,1044,1040,0.003831417624521105,707,703,0.005657708628005631,1075,1071,0.0037209302325581506,802,794,0.009975062344139696,879,881,0,,12040,12001,0.003239202657807305,1
SHV-HQ,PMT-1240,28012,27568,0.015850349850064283,27608,27148,0.016661837148652547,24371,23914,0.018751795166386254,28540,28026,0.018009810791871028,33798,33053,0.02204272442156341,37527,36522,0.026780717883124194,38395,37180,0.03164474540955853,42413,41067,0.03173555277862916,43271,42031,0.0286566060409974,44506,43097,0.03165865276591917,53742,52153,0.02956719139592867,54916,53159,0.031994318595673366,,457099,444918,0.026648494089901775,111
SHV-HQ,PMT-1241,1687,1688,0,1445,1445,0,1544,1544,0,1637,1638,0,1426,1426,0,1204,0,1,1379,4010,0,1613,1608,0.0030998140111593298,1959,1955,0.0020418580908626582,1996,1978,0.009018036072144242,1697,1739,0,1622,1577,0.027743526510480843,,19209,20608,0,1
SHV-HQ,PMT-1242,1079,1080,0,1083,1082,0.0009233610341643494,1096,1096,0,1032,1031,0.0009689922480620172,919,921,0,1232,1232,0,829,829,0,838,838,0,862,862,0,826,826,0,889,889,0,901,901,0,,11586,11587,0,1
SHV-HQ,PMT-1243,10006,10013,0,8859,8867,0,8132,8138,0,10588,10594,0,9494,9505,0,9477,9485,0,9309,9317,0,11632,11668,0,10287,10269,0.0017497812773403787,10791,10799,0,10644,10653,0,10339,10346,0,,119558,119654,0,1
SHV-HQ,PMT-1244,211,217,0,214,225,0,209,212,0,234,182,0.2222222222222222,314,383,0,309,320,0,345,350,0,345,347,0,333,335,0,254,254,0,140,151,0,776,831,0,,3684,3807,0,1
SHV-HQ,PMT-1245,0,0,,0,0,,0,0,,0,0,,0,0,,0,0,,0,0,,0,0,,0,0,,0,0,,0,0,,0,0,,,0,0,,1
SHV-HQ,PMT-1246,8917,8917,0,8714,8714,0,8433,8432,0.00011858176212498073,9449,9450,0,10017,10010,0.0006988120195667857,10321,10391,0,8770,8711,0.006727480045610079,9715,9716,0,9338,9340,0,9902,9875,0.0027267218743688426,10681,10653,0.0026214773897574872,9567,9610,0,,113824,113819,4.392746696657568e-05,1
SHV-HQ,PMT-1248,232,232,0,282,280,0.007092198581560294,211,209,0.009478672985781977,177,176,0.005649717514124242,159,158,0.0062893081761006275,159,157,0.012578616352201255,148,146,0.013513513513513487,183,184,0,201,201,0,297,297,0,402,403,0,474,475,0,,2925,2918,0.0023931623931623403,1
SHV-HQ,PMT-1249,19058,18872,0.009759680973869256,16404,16228,0.01072909046574011,13637,13435,0.014812642076703075,14881,14614,0.01794234258450378,14923,14507,0.027876432352744063,16806,16666,0.008330358205402844,11258,11055,0.018031621957718902,15134,14741,0.02596801902999868,19397,19324,0.0037634685776151144,19272,19102,0.008821087588210874,21764,21425,0.015576180849108612,26620,26279,0.012809917355371847,,209154,206248,0.013894068485422184,29
SHV-HQ,PMT-125,2861,2823,0.013282069206571157,2917,2885,0.01097017483716145,2853,2831,0.007711181212758489,3261,3236,0.007666360012266171,3505,3488,0.004850213980028495,3503,3489,0.003996574364830141,3040,3022,0.005921052631578938,3669,3689,0,3116,3068,0.015404364569961526,3510,3486,0.006837606837606813,3341,3348,0,2907,2894,0.004471964224286196,,38483,38259,0.005820752020372577,19
SHV-HQ,PMT-1250,56636,55551,0.019157426371918973,54244,53202,0.019209497824644206,53169,52134,0.0194662303221802,52236,51009,0.023489547438548142,65744,64206,0.023393769773667583,61560,58896,0.04327485380116958,59557,59307,0.0041976593851268396,62858,61224,0.025995100066817267,64297,62161,0.03322083456459868,59231,57516,0.028954432645067585,73726,71904,0.024713126983696432,64684,62678,0.031012305979840504,,727942,709788,0.024938800069236322,104
SHV-HQ,PMT-1251,41954,41943,0.0002621919244887305,42973,42956,0.00039559723547344383,43838,43834,9.12450385510688e-05,50386,50374,0.00023816139403798342,52435,52422,0.0002479260036235553,54612,54591,0.0003845308723356977,40522,40519,7.40338581510791e-05,45213,45201,0.0002654103908168448,41938,41927,0.000262291954790439,41448,41432,0.00038602586373281955,43331,43322,0.00020770349172649638,35943,35927,0.0004451492641126542,,534593,534448,0.00027123437830278707,1
SHV-HQ,PMT-1252,6206,6212,0,4395,4398,0,4425,4428,0,6166,6170,0,4987,4989,0,5706,5709,0,7222,7230,0,6007,6012,0,5868,5872,0,5775,5779,0,6295,6298,0,7951,7957,0,,71003,71054,0,1
SHV-HQ,PMT-1253,2117,2116,0.0004723665564477786,1664,1662,0.0012019230769231282,1454,1456,0,9267,9264,0.0003237293622531112,15323,15320,0.00019578411538212492,17377,17372,0.00028773666340564663,17026,17021,0.0002936685069893086,19348,19343,0.00025842464337400006,17469,17464,0.0002862213063140606,18892,18886,0.0003175947491002029,23007,23000,0.00030425522667010263,20671,20666,0.00024188476609743326,,163615,163570,0.00027503590746569273,1
SHV-HQ,PMT-1254,11870,11869,8.424599831502455e-05,11078,11078,0,10242,10241,9.763718023825252e-05,13140,13140,0,10992,10991,9.097525473067414e-05,13194,13194,0,12121,12120,8.250144377530688e-05,14255,14256,0,19972,19971,5.0070098137400265e-05,29657,29658,0,41718,41720,0,42323,42323,0,,230562,230561,4.337228164175144e-06,1
SHV-HQ,PMT-1255,1043,1042,0.0009587727708533222,909,908,0.0011001100110010764,831,830,0.001203369434416346,993,991,0.002014098690835797,909,908,0.0011001100110010764,1010,1009,0.000990099009900991,726,725,0.0013774104683195176,736,735,0.0013586956521739468,721,721,0,689,688,0.0014513788098693414,654,653,0.001529051987767538,629,627,0.0031796502384737746,,9850,9837,0.0013197969543147225,1
SHV-HQ,PMT-1257,10623,10616,0.0006589475666007871,8789,8783,0.0006826715212197021,10498,10491,0.0006667936749856773,11928,11919,0.0007545271629778583,15510,15499,0.0007092198581559739,15512,15502,0.0006446621970087607,17523,17510,0.0007418820978143392,20746,20732,0.0006748288826762261,17166,17155,0.0006408015845275061,21050,21035,0.0007125890736342511,18953,18939,0.0007386693399461519,17991,17977,0.0007781668612083514,,186289,186158,0.0007032084556790608,1
SHV-HQ,PMT-1258,0,0,,0,0,,0,0,,0,0,,0,0,,0,0,,0,0,,0,0,,0,0,,0,0,,0,0,,746,1140,0,,746,1140,0,1
SHV-HQ,PMT-1259,18459,18446,0.0007042635028983169,17851,17838,0.0007282505181782639,18904,18900,0.00021159542953874677,21925,21901,0.0010946408209806524,22106,22088,0.000814258572333304,21169,21154,0.0007085833057772772,19985,19968,0.0008506379784838369,22718,22700,0.0007923232678932468,20757,20742,0.0007226477814713528,22581,22564,0.0007528453124308054,22354,22337,0.0007604902925650858,21388,21372,0.0007480830372171843,,250197,250010,0.0007474110401004541,1
SHV-HQ,PMT-126,12824,12751,0.005692451653150354,12797,12723,0.005782605298116694,12733,12668,0.005104845676588421,14664,14588,0.005182760501909467,14196,14125,0.005001408847562727,13982,13921,0.004362752109855483,12880,12784,0.007453416149068359,13919,13862,0.004095121775989696,13111,13015,0.00732209594996569,14181,14083,0.006910655101896923,14244,14124,0.008424599831508006,13081,12728,0.026985704456845783,,162612,161372,0.0076255134922391665,80
SHV-HQ,PMT-1260,16285,16283,0.0001228124040527634,5190,5185,0.0009633911368015502,4141,4139,0.0004829751267809712,6087,6081,0.0009857072449482862,6304,6299,0.0007931472081218471,3840,3839,0.00026041666666665186,826,828,0,617,618,0,6630,6627,0.0004524886877828038,13716,13712,0.0002916302128900261,16965,16960,0.00029472443265543546,2899,2898,0.00034494653328731584,,83500,83469,0.00037125748502997435,1
SHV-HQ,PMT-1262,7087,7089,0,8984,8985,0,9831,9833,0,13733,13735,0,14605,14608,0,14342,14344,0,15619,15622,0,20611,20615,0,19004,19007,0,22767,22771,0,35154,35163,0,38263,38273,0,,220000,220045,0,1
SHV-HQ,PMT-1263,837,836,0.0011947431302270495,849,849,0,752,752,0,804,804,0,810,811,0,859,859,0,817,817,0,835,835,0,844,845,0,866,866,0,889,889,0,858,858,0,,10020,10021,0,1
SHV-HQ,PMT-1267,6182,6181,0.00016175994823686146,5724,5723,0.00017470300489164092,5524,5524,0,6249,6247,0.0003200512081933393,6550,6549,0.00015267175572519776,6438,6437,0.0001553277415345944,5383,5382,0.00018577001671926663,6477,6476,0.00015439246564763476,6018,6017,0.00016616816218018027,5511,5511,0,5492,5491,0.00018208302986166824,4340,4339,0.00023041474654372784,,69888,69877,0.00015739468864472972,1
SHV-HQ,PMT-1268,137,138,0,125,127,0,110,111,0,3170,3174,0,9771,9779,0,10279,10288,0,8643,8650,0,10597,10605,0,7117,7104,0.0018266123366587061,8721,8748,0,8525,8534,0,9617,9624,0,,76812,76882,0,1
SHV-HQ,PMT-127,1317,1309,0.0060744115413818855,1216,1203,0.010690789473684181,2072,2052,0.009652509652509633,2710,2701,0.0033210332103320583,1545,1534,0.007119741100323651,1670,1656,0.008383233532934131,1758,1744,0.007963594994311762,1743,1731,0.0068846815834767705,1734,1722,0.00692041522491349,2030,2014,0.007881773399014746,2054,2039,0.007302823758519983,1631,1616,0.009196811771919111,,21480,21321,0.0074022346368715075,8
SHV-HQ,PMT-1270,17123,17124,0,15427,15429,0,16689,16689,0,19344,19347,0,18526,18528,0,15457,15459,0,13769,13770,0,15940,15942,0,15464,15466,0,17542,17545,0,21086,21088,0,19167,19117,0.0026086502843428727,,205534,205504,0.00014596125215293743,1
SHV-HQ,PMT-1271,1336,1336,0,1106,1108,0,1253,1254,0,1614,1615,0,1619,1619,0,1838,1839,0,1499,1500,0,1550,1550,0,1414,1415,0,1478,1479,0,1503,1503,0,1476,1478,0,,17686,17696,0,1
SHV-HQ,PMT-1273,11690,11676,0.0011976047904191933,10574,10562,0.001134859088329887,15508,15492,0.0010317255610007292,13521,13506,0.0011093854004881054,19744,19722,0.0011142625607779566,20567,20546,0.0010210531433850756,18358,18342,0.0008715546355811954,25551,25525,0.0010175726977417199,21069,21048,0.0009967250462765698,24765,24831,0,23193,23046,0.006338119260121622,20628,20527,0.004896257514058533,,225168,224823,0.0015321892986569496,1
SHV-HQ,PMT-1274,63485,63528,0,57238,57276,0,54769,54809,0,63276,63325,0,63874,63926,0,63931,63982,0,60224,60271,0,67218,67272,0,62460,62510,0,57736,57781,0,65854,65906,0,61542,61586,0,,741607,742172,0,1
SHV-HQ,PMT-1275,733,734,0,735,735,0,718,719,0,764,756,0.010471204188481686,757,766,0,842,842,0,998,999,0,2575,2576,0,4121,4120,0.00024265954865321238,18706,18715,0,19137,19143,0,15599,15607,0,,65685,65712,0,1
SHV-HQ,PMT-1276,0,0,,0,0,,0,0,,0,0,,0,0,,0,0,,0,0,,0,0,,0,0,,0,0,,0,0,,0,0,,,0,0,,1
SHV-HQ,PMT-1277,15740,15734,0.000381194409148633,17427,17419,0.0004590577838985421,18139,18131,0.0004410386460113047,21605,21596,0.00041657023837071705,20805,20796,0.00043258832011539017,17574,17568,0.00034141345169003134,17615,17609,0.00034061879080327095,21334,21325,0.0004218618168182475,17877,17870,0.0003915645801868539,18748,18880,0,18057,17910,0.008140887190563162,15789,15770,0.001203369434416346,,220710,220608,0.0004621448960173691,1
SHV-HQ,PMT-1279,0,0,,0,0,,0,0,,0,0,,0,0,,0,0,,0,0,,0,0,,0,0,,0,0,,0,0,,0,0,,,0,0,,0
SHV-HQ,PMT-128,20792,20494,0.01433243555213548,21009,20703,0.014565186348707737,20997,20669,0.01562127923036627,24431,24056,0.015349351234087871,23242,22893,0.01501591945615699,22942,22612,0.01438409903234239,20720,20414,0.0147683397683398,22288,21996,0.013101220387652601,20552,20227,0.01581354612689767,22842,22338,0.022064617809298692,21848,21692,0.00714024166971805,19719,19429,0.014706628125158439,,261382,257523,0.014763832245525688,89
SHV-HQ,PMT-1280,0,0,,0,0,,0,0,,0,0,,0,0,,0,0,,0,0,,0,0,,0,0,,0,0,,0,0,,0,0,,,0,0,,0
SHV-HQ,PMT-1281,0,0,,625,631,0,22,18,0.18181818181818177,0,0,,0,0,,2,1,0.5,1964,1968,0,6345,6360,0,7890,7905,0,9195,9214,0,9428,9447,0,7602,7616,0,,43073,43160,0,1
SHV-HQ,PMT-1282,35995,37486,0,35465,34806,0.01858170026786976,33852,33797,0.0016247193666548698,41494,41340,0.0037113799585482,39865,39845,0.0005016932145992525,54154,53874,0.005170439856704956,46821,46709,0.0023920890198841915,50398,50239,0.003154887098694381,45520,45387,0.0029217926186291265,46190,49114,0,53085,51146,0.03652632570405956,54928,54831,0.0017659481503058405,,537767,538574,0,37
SHV-HQ,PMT-1283,25564,25030,0.020888749804412465,25927,25377,0.02121340687314388,25955,25330,0.024080138701598974,23674,23034,0.02703387682689873,35117,34042,0.030611954324116564,30515,29688,0.027101425528428646,26928,25424,0.05585264408793822,30662,30815,0,28245,27519,0.025703664365374412,24939,24402,0.021532539396126538,29182,28475,0.02422726338153658,25223,22468,0.1092257066962693,,331931,321604,0.03111188771160267,47
SHV-HQ,PMT-1284,0,0,,0,0,,0,0,,0,0,,0,0,,0,0,,0,0,,0,0,,0,0,,0,0,,0,0,,0,0,,,0,0,,0
SHV-HQ,PMT-1285,16011,16001,0.0006245706077071533,15738,15730,0.0005083238022620673,17437,17427,0.0005734931467569204,22278,22265,0.0005835353263309306,20969,20955,0.0006676522485573599,17378,17366,0.0006905282541144198,13014,13006,0.000614722606423812,16486,16474,0.0007278903311901397,17369,17359,0.0005757383844781083,19091,19080,0.0005761877324393927,22498,22485,0.0005778291403680802,19393,19382,0.0005672149744753163,,217662,217530,0.0006064448548667167,1
SHV-HQ,PMT-1286,33967,34008,0,33175,33226,0,29630,29674,0,41271,41334,0,36833,36889,0,36893,36950,0,40923,40985,0,36795,36856,0,36780,36843,0,34518,34576,0,39214,39279,0,37593,37647,0,,437592,438267,0,1
SHV-HQ,PMT-1287,0,0,,0,0,,0,0,,0,0,,0,0,,0,0,,0,0,,0,0,,0,0,,0,0,,0,0,,0,0,,,0,0,,1
SHV-HQ,PMT-1288,2483,2482,0.000402738622633958,2526,2526,0,1910,1908,0.0010471204188481353,1713,1715,0,2543,2541,0.0007864726700747005,3038,3038,0,3506,3505,0.00028522532800911993,3768,3769,0,4188,4188,0,3640,3640,0,4402,4402,0,4025,4026,0,,37742,37740,5.299136240788371e-05,1
SHV-HQ,PMT-1289,0,0,,0,0,,0,0,,0,0,,0,0,,0,0,,0,0,,0,0,,0,0,,0,0,,0,0,,0,0,,,0,0,,1
SHV-HQ,PMT-129,13107,12998,0.00831616693369952,13148,13043,0.007986005476118052,12379,12277,0.008239760885370373,14372,14258,0.007932090175340911,14276,14164,0.007845334827682793,15553,15447,0.006815405388028051,14801,14689,0.00756705627998111,16913,16421,0.029090049074676272,17628,14356,0.18561379623326524,16848,15430,0.0841642924976258,15354,15249,0.006838608831574833,12999,12909,0.006923609508423745,,177378,171241,0.03459842821544945,68
SHV-HQ,PMT-1293,115534,115547,0,123281,123294,0,114128,114142,0,127489,127506,0,134791,134809,0,146517,146538,0,129476,129496,0,141769,141788,0,125013,125033,0,122225,122243,0,115807,115825,0,102419,102434,0,,1498449,1498655,0,1
SHV-HQ,PMT-1294,0,0,,0,0,,0,0,,0,0,,0,0,,0,0,,0,0,,0,0,,0,0,,0,0,,0,0,,0,0,,,0,0,,1
SHV-HQ,PMT-1295,34,34,0,7,7,0,5,6,0,9,9,0,56,56,0,113,113,0,4,4,0,3,3,0,7,7,0,12,12,0,5,5,0,12,12,0,,267,268,0,1
SHV-HQ,PMT-1296,0,0,,0,0,,1,0,1,0,0,,0,0,,0,0,,0,0,,0,0,,0,0,,0,0,,0,0,,0,0,,,1,0,1,0
SHV-HQ,PMT-1297,74674,73102,0.02105150387015564,71607,70168,0.02009580068987671,69743,68380,0.019543179960712864,88023,86010,0.022869022869022815,85232,83201,0.023829078280457994,89889,88132,0.019546329361768366,82419,80878,0.01869714507577136,92521,90634,0.020395369699851895,86719,84856,0.02148318130974758,78337,74642,0.04716800490189821,88235,88449,0,90563,88704,0.02052714684805057,,997962,977156,0.02084848922103244,95
SHV-HQ,PMT-1298,0,0,,0,0,,0,0,,0,0,,0,0,,0,0,,0,0,,0,0,,0,0,,0,0,,0,0,,0,0,,,0,0,,0
SHV-HQ,PMT-1299,86585,83853,0.031552809378067814,71579,69553,0.02830439095265369,81939,79218,0.03320763006626881,91214,88111,0.0340189006073629,99357,96022,0.03356582827581345,91804,88846,0.03222081826499934,80970,78395,0.031801901938989796,94820,90415,0.04645644378823033,88749,86775,0.022242504140891683,81186,78543,0.03255487399305301,92124,86764,0.05818244974165254,81195,80780,0.005111152164542165,,1041522,1007275,0.03288168660863622,86
SHV-HQ,PMT-130,2865,2859,0.0020942408376963817,2945,2939,0.0020373514431238915,2698,2691,0.0025945144551520194,2803,2798,0.0017838030681412986,2785,2779,0.002154398563734339,2870,2865,0.0017421602787456303,2843,2786,0.020049243756595114,3087,3153,0,2838,2849,0,3014,3025,0,3142,3154,0,3351,3362,0,,35241,35260,0,2
SHV-HQ,PMT-1300,50,94,0,41,84,0,54,101,0,50,110,0,61,107,0,43,90,0,46,97,0,16,59,0,25,81,0,21,73,0,56,103,0,46,83,0,,509,1082,0,3
SHV-HQ,PMT-1301,36268,36270,0,44485,44490,0,49367,49377,0,45135,45146,0,41974,41985,0,39454,39464,0,39895,39905,0,49608,49620,0,46502,46512,0,41558,41566,0,45654,45660,0,39917,39919,0,,519817,519914,0,1
SHV-HQ,PMT-1303,81367,81333,0.0004178598203202766,78529,78496,0.0004202269225381805,28972,28959,0.00044870909843985896,6163,6152,0.001784845042998584,7219,7224,0,31035,31023,0.0003866602223295823,46756,46739,0.0003635896997177257,59604,59582,0.0003691027447821904,54534,54514,0.000366743682840065,61679,61653,0.00042153731415883744,72602,72579,0.00031679568055975604,64169,64146,0.0003584285246770458,,592629,592400,0.0003864137597046069,1
SHV-HQ,PMT-1304,0,0,,0,0,,0,0,,0,0,,0,0,,0,0,,0,0,,0,0,,0,0,,0,0,,0,0,,0,0,,,0,0,,1
SHV-HQ,PMT-1305,0,0,,0,0,,0,0,,0,0,,0,0,,0,0,,0,0,,0,0,,0,0,,0,0,,0,0,,0,0,,,0,0,,1
SHV-HQ,PMT-1306,0,0,,0,0,,0,0,,0,0,,0,0,,0,0,,0,0,,0,0,,0,0,,0,0,,0,0,,0,0,,,0,0,,0
SHV-HQ,PMT-1307,1293,1296,0,1523,1526,0,3134,3137,0,2770,2775,0,2069,2072,0,2231,2235,0,1561,1565,0,1782,1785,0,1634,1636,0,1849,1852,0,2642,2646,0,2342,2345,0,,24830,24870,0,1
SHV-HQ,PMT-1308,0,0,,0,0,,0,0,,0,0,,0,0,,0,0,,0,0,,0,0,,0,0,,0,0,,0,0,,0,0,,,0,0,,1
SHV-HQ,PMT-1309,52186,51240,0.01812746713677993,53516,52290,0.022909036549816908,53939,52761,0.02183948534455593,53639,52360,0.0238445906896102,70082,68488,0.022744784680802543,63233,61800,0.022662217513007454,61891,60529,0.02200643066035446,66459,64860,0.02405994673407663,66305,64674,0.02459844657265664,58942,57427,0.02570323368735372,72903,70901,0.02746114700355262,63634,62068,0.024609485495175498,,736729,719398,0.023524253830105812,212
SHV-HQ,PMT-1310,43681,42831,0.019459261463794286,44012,43159,0.01938107788784882,43017,42152,0.020108329265174252,45850,44933,0.020000000000000018,50676,49619,0.020857999842134323,46003,51631,0,56530,48836,0.13610472315584643,54754,53660,0.019980275413668425,52483,51444,0.01979688661090262,56833,55639,0.0210089208734362,59804,58581,0.02045013711457433,55464,54316,0.020698110486081056,,609107,596801,0.020203346866806693,134
SHV-HQ,PMT-1311,6912,6864,0.00694444444444442,7147,7113,0.0047572408003357936,7385,7311,0.01002031144211235,7660,7599,0.007963446475195868,10980,10904,0.006921675774134828,9175,9118,0.006212534059945485,8014,7901,0.014100324432243627,8874,8764,0.012395762902862262,8463,8353,0.012997754933238848,7410,7334,0.01025641025641022,8530,8441,0.01043376318874556,7644,7563,0.010596546310832067,,98194,97265,0.009460863189196922,19
SHV-HQ,PMT-1314,0,0,,0,0,,0,0,,0,0,,488,489,0,4752,4751,0.00021043771043771642,0,3847,0,5322,5149,0.03250657647500943,8323,8333,0,4656,4663,0,8288,8299,0,9772,9784,0,,41601,45315,0,1
SHV-HQ,PMT-1315,0,0,,0,0,,0,0,,0,0,,0,0,,0,0,,0,0,,0,0,,0,0,,0,0,,0,0,,0,0,,,0,0,,0
SHV-HQ,PMT-1316,851,851,0,846,846,0,780,781,0,863,863,0,797,789,0.010037641154328703,1113,1123,0,4040,4043,0,16950,16965,0,22716,22736,0,23096,23117,0,25316,25337,0,22541,22560,0,,119909,120011,0,1
SHV-HQ,PMT-1317,0,0,,0,0,,0,0,,0,0,,0,0,,0,0,,0,0,,0,0,,0,0,,0,0,,0,0,,0,0,,,0,0,,1
SHV-HQ,PMT-1318,0,0,,0,0,,0,0,,0,0,,0,0,,0,0,,0,0,,0,0,,0,0,,0,0,,0,0,,0,0,,,0,0,,1
SHV-HQ,PMT-132,12564,12458,0.00843680356574339,12032,11937,0.007895611702127714,11207,11114,0.008298384937985182,12501,12391,0.008799296056315464,12082,11990,0.007614633338851151,13458,13340,0.00876801902214297,11841,11757,0.007093995439574341,13966,13852,0.008162680796219401,14865,14679,0.012512613521695304,16667,16593,0.004439911201776003,17792,17585,0.01163444244604317,14457,14224,0.016116760047035994,,163432,161920,0.009251554163199338,7
SHV-HQ,PMT-1320,0,0,,0,0,,0,0,,0,0,,0,0,,0,0,,0,0,,0,0,,0,0,,0,0,,0,0,,0,0,,,0,0,,0
SHV-HQ,PMT-1321,0,0,,0,0,,0,0,,0,0,,0,0,,0,0,,0,0,,0,0,,0,0,,0,0,,0,0,,0,0,,,0,0,,1
SHV-HQ,PMT-1322,0,0,,0,0,,0,0,,0,0,,0,0,,0,0,,0,0,,0,0,,0,0,,0,0,,0,0,,0,0,,,0,0,,0
SHV-HQ,PMT-1323,0,0,,0,0,,0,0,,0,0,,0,0,,0,0,,0,0,,0,0,,0,0,,0,0,,0,0,,0,0,,,0,0,,0
SHV-HQ,PMT-1324,13087,13082,0.0003820585313669689,9763,9758,0.0005121376626037177,6631,6629,0.00030161363293623733,7333,7330,0.00040910950497752285,6693,6690,0.00044822949350065144,6427,6425,0.0003111871790881793,6447,6445,0.0003102218085931918,9175,9171,0.0004359673024523225,9153,9150,0.00032776138970824764,7571,7569,0.00026416589618283304,7907,7903,0.0005058808650563185,8620,8616,0.00046403712296982924,,98807,98768,0.0003947088769014062,1
SHV-HQ,PMT-1325,40240,40199,0.00101888667992045,35147,35113,0.0009673656357583882,33025,32998,0.0008175624526873815,35729,35693,0.0010075848750314975,34074,34040,0.0009978282561483587,35646,35617,0.0008135555181506549,35480,35451,0.0008173618940248151,37371,37336,0.0009365550828182023,39057,39019,0.0009729369895281614,41882,41843,0.0009311876223676574,41276,41232,0.001065994766934808,37881,37839,0.0011087352498614367,,446808,446380,0.0009579058566543397,1
SHV-HQ,PMT-1326,13550,13560,0,13396,13406,0,12359,12367,0,12873,12882,0,11684,11694,0,12497,12507,0,19145,19159,0,18198,18212,0,16835,16848,0,16809,16821,0,16949,16963,0,17919,17933,0,,182214,182352,0,1
SHV-HQ,PMT-1328,30036,30033,9.988014382744659e-05,30416,30413,9.863229879014668e-05,27584,27580,0.00014501160092805776,36784,36780,0.00010874293170948235,35521,35517,0.00011260944230173653,33004,33002,6.059871530728067e-05,31263,31261,6.397338707098132e-05,33678,33674,0.00011877189856879244,31164,31162,6.417661404178876e-05,32999,32995,0.0001212157944180392,33849,33846,8.862891075067658e-05,31845,31840,0.0001570105197048477,,388143,388103,0.00010305480196726169,1
SHV-HQ,PMT-1329,21652,21651,4.618510992060454e-05,22844,22843,4.377517072318149e-05,24116,24114,8.293249295077132e-05,28899,28904,0,29111,29100,0.00037786403764894505,29519,29518,3.3876486330797206e-05,27197,27194,0.00011030628378128071,27755,27753,7.205908845253628e-05,27307,27306,3.662064672060872e-05,26652,26650,7.504127269997163e-05,27442,27440,7.288098535096488e-05,24715,24716,0,,317209,317189,6.304991346395283e-05,1
SHV-HQ,PMT-133,16002,15812,0.01187351581052365,18296,18247,0.0026781810231745196,16730,16690,0.002390914524805776,18918,18878,0.00211438841315148,21364,21304,0.002808462834675174,24208,24129,0.003263384005287473,20834,20770,0.0030719016991456183,26018,25931,0.00334383888077483,26516,26432,0.0031678986272439813,24887,24800,0.0034958010206131984,27132,27038,0.0034645437122217126,22553,22469,0.003724559925508797,,263458,262500,0.0036362532168314754,4
SHV-HQ,PMT-1330,42312,42329,0,37264,37279,0,31903,31916,0,41139,41155,0,48460,48480,0,52056,52077,0,45563,45580,0,46095,46114,0,48497,48515,0,56713,56735,0,77047,77078,0,66862,66890,0,,593911,594148,0,1
SHV-HQ,PMT-1332,10135,10134,9.866798223978623e-05,7579,7579,0,6960,6960,0,10162,10160,0.00019681165124973976,10454,10453,9.565716472159647e-05,10838,10836,0.00018453589223099698,10309,10308,9.70026190707518e-05,11573,11572,8.640801866410808e-05,9385,9384,0.00010655301012252316,9539,9538,0.00010483279169726245,10611,10609,0.00018848364904344717,9420,9420,0,,116965,116953,0.00010259479331420351,1
SHV-HQ,PMT-1333,0,0,,0,0,,0,0,,0,0,,0,0,,0,0,,0,0,,0,0,,0,0,,0,0,,0,1380,0,118,1362,0,,118,2742,0,1
SHV-HQ,PMT-1335,46868,46902,0,39084,39111,0,16071,16079,0,8881,8887,0,7793,7798,0,12453,12464,0,14431,14436,0,16638,16649,0,9069,9074,0,3816,3818,0,4138,4139,0,4276,4279,0,,183518,183636,0,1
SHV-HQ,PMT-1337,8648,8660,0,8311,8323,0,9464,9478,0,11778,11796,0,11009,10996,0.0011808520301571646,11834,11883,0,9835,9851,0,9823,9839,0,9902,9918,0,12031,12050,0,14409,14432,0,12758,12770,0,,129802,129996,0,1
SHV-HQ,PMT-134,100944,100963,0,97132,97149,0,94287,94306,0,110251,110269,0,114882,114909,0,121697,121721,0,104573,104596,0,107784,107803,0,105909,105930,0,107028,107050,0,112783,112810,0,108645,108663,0,,1285915,1286169,0,1
SHV-HQ,PMT-1341,0,0,,0,0,,0,0,,0,0,,0,0,,0,0,,0,0,,0,0,,0,0,,0,0,,0,0,,0,0,,,0,0,,1
SHV-HQ,PMT-1343,3255,3255,0,2784,2783,0.00035919540229889524,3173,3173,0,5039,5039,0,3939,3940,0,5128,5127,0.00019500780031200815,3885,3885,0,4080,4079,0.0002450980392156854,4247,4246,0.00023546032493526603,3265,3265,0,5320,5319,0.0001879699248120703,4740,4739,0.00021097046413498521,,48855,48850,0.000102343670044025,1
SHV-HQ,PMT-1344,6735,6737,0,5394,5395,0,5676,5677,0,7385,7386,0,6559,6560,0,6976,6977,0,6031,6032,0,7144,7144,0,6840,6840,0,7185,7187,0,7913,7915,0,7671,7835,0,,81509,81685,0,1
SHV-HQ,PMT-1345,2622,2645,0,2911,2931,0,2218,2241,0,2759,2782,0,5325,5352,0,12055,12103,0,20521,20603,0,30619,30745,0,36403,36558,0,34214,34363,0,37991,38155,0,35524,35670,0,,223162,224148,0,1
SHV-HQ,PMT-1346,18962,18970,0,17947,17954,0,16966,16971,0,19896,19902,0,21012,21019,0,21022,21027,0,21823,21830,0,24068,24074,0,23615,23623,0,26641,26650,0,34697,34710,0,23193,23203,0,,269842,269933,0,1
SHV-HQ,PMT-1347,0,0,,0,0,,0,0,,0,0,,0,0,,0,0,,0,0,,0,0,,0,0,,0,0,,0,0,,0,0,,,0,0,,0
SHV-HQ,PMT-1348,0,0,,0,0,,0,0,,0,0,,0,0,,0,0,,0,0,,0,0,,0,0,,0,0,,0,0,,0,0,,,0,0,,0
SHV-HQ,PMT-1349,17964,17954,0.0005566688933422714,16966,16976,0,15355,15354,6.512536633018762e-05,19800,19798,0.00010101010101004615,20328,20325,0.0001475796930342499,21691,21689,9.220413996591237e-05,21203,21199,0.00018865254916755614,29128,29122,0.00020598736610821788,30998,30990,0.0002580811665269245,30315,30306,0.0002968827313211131,31976,31967,0.0002814610958218333,27806,27800,0.00021578076674100277,,283530,283480,0.0001763481818501944,1
SHV-HQ,PMT-135,2208,2209,0,2238,2240,0,16987,17001,0,83211,83238,0,83801,83835,0,88588,88622,0,79626,79616,0.0001255871197849423,108099,108191,0,131916,131980,0,134583,134641,0,144844,144909,0,112272,112321,0,,988373,988803,0,1
SHV-HQ,PMT-1350,0,0,,0,0,,0,0,,0,0,,0,0,,0,0,,0,0,,0,0,,0,0,,0,0,,0,0,,0,0,,,0,0,,1
SHV-HQ,PMT-1351,0,0,,0,0,,0,0,,0,0,,0,0,,0,0,,0,0,,0,0,,0,0,,0,0,,0,0,,0,0,,,0,0,,1
SHV-HQ,PMT-1352,32352,32373,0,30907,30925,0,28954,28973,0,33795,33819,0,35294,35320,0,36270,36297,0,33658,33681,0,34086,34112,0,34363,34387,0,31392,31414,0,32361,32385,0,31318,31338,0,,394750,395024,0,1
SHV-HQ,PMT-1353,6019,6013,0.0009968433294567092,4549,4544,0.0010991426687183559,1841,1839,0.0010863661053774898,0,7641,0,4091,4900,0,6356,6345,0.0017306482064191053,6704,6691,0.0019391408114558528,8425,8412,0.0015430267062314096,8132,8119,0.0015986227250368579,8105,8093,0.0014805675508945404,8627,8618,0.001043236350991128,7398,7388,0.0013517166801838565,,70247,78603,0,1
SHV-HQ,PMT-1354,1881,1882,0,1993,1994,0,1887,1889,0,2392,2393,0,2352,2353,0,2433,2435,0,2221,2225,0,2621,2622,0,2009,2010,0,2266,2268,0,2043,2044,0,1902,1905,0,,26000,26020,0,1
SHV-HQ,PMT-1355,9414,9412,0.00021244954323351717,9234,9233,0.00010829542993284758,9248,9247,0.00010813148788924032,9381,9380,0.00010659844366267546,9131,9130,0.00010951702989814294,10976,10974,0.00018221574344023939,11885,11884,8.413967185527671e-05,11977,11975,0.00016698672455539576,12098,12096,0.00016531658125307214,10789,10787,0.00018537399202889215,10915,10914,9.161704076954269e-05,10550,10548,0.00018957345971559736,,125598,125580,0.00014331438398695884,1
SHV-HQ,PMT-1356,129760,129805,0,136744,136786,0,21998,22001,0,0,0,,289487,289227,0.0008981405037186141,0,0,,0,0,,0,0,,0,0,,0,0,,0,0,,0,0,,,577989,577819,0.00029412324456001837,1
SHV-HQ,PMT-1359,12800,12800,0,13526,13524,0.00014786337424221863,13531,13530,7.390436774812326e-05,17452,17449,0.0001719000687600003,19214,19212,0.00010409076714890109,18561,18559,0.00010775281504227241,12748,12748,0,10648,10648,0,10709,10709,0,10370,10369,9.643201542908209e-05,15261,15261,0,14259,14256,0.0002103934357248205,,169079,169065,8.280153064543772e-05,1
SHV-HQ,PMT-136,156840,150696,0.03917368018362666,145560,139367,0.04254602912888161,157320,150387,0.04406941266208997,182040,173537,0.0467095143924412,197520,187898,0.04871405427298503,181080,172619,0.04672520432957805,173280,156553,0.09653162511542013,184200,177578,0.03595005428881648,170400,165535,0.028550469483568097,158040,151697,0.040135408757276614,170982,165430,0.03247125428407671,155007,150754,0.027437470565845445,,2032269,1942051,0.044392745251735866,98
SHV-HQ,PMT-1360,12824,12823,7.797878976922856e-05,15541,15540,6.43459236857602e-05,15701,15700,6.369021081464865e-05,16136,16135,6.197322756573698e-05,27055,27053,7.392348918866531e-05,19037,19036,5.2529285076374777e-05,17369,17369,0,20644,20639,0.0002422011238132349,18546,18539,0.0003774398792192324,19475,19468,0.00035943517329906083,21777,21769,0.00036736005877757716,18705,18699,0.0003207698476342946,,222810,222770,0.00017952515596253438,1
SHV-HQ,PMT-1361,0,0,,0,0,,0,0,,0,0,,0,0,,0,0,,0,0,,0,0,,0,0,,0,0,,0,0,,0,0,,,0,0,,1
SHV-HQ,PMT-1363,0,0,,0,0,,0,0,,0,0,,0,0,,0,0,,0,0,,738,740,0,6219,6202,0.0027335584499115217,9460,8369,0.11532769556025368,10741,11827,0,9368,9410,0,,36526,36548,0,1
SHV-HQ,PMT-1364,5770,5715,0.00953206239168114,7113,6921,0.026992830029523462,6983,7004,0,7364,7294,0.009505703422053258,7165,7085,0.011165387299371998,9593,9505,0.009173355571771125,7347,7275,0.009799918334013835,7092,7018,0.010434292160180436,6897,6824,0.010584312019718767,7438,7347,0.012234471632159183,8732,8669,0.007214841960604623,8227,8153,0.008994773307402504,,89721,88810,0.010153698688155521,24
SHV-HQ,PMT-1365,40238,39666,0.014215418261344981,33306,32732,0.017234131988230317,30229,29805,0.01402626616824898,36093,35510,0.016152716593245242,35568,34944,0.01754385964912286,38057,37251,0.02117875817852166,37218,36541,0.01819012305873502,38012,37379,0.016652636009681143,38073,37489,0.015338954114464287,35077,34587,0.013969267611255276,39602,38955,0.016337558709156097,37959,38669,0,,439432,433528,0.013435525860656439,80
SHV-HQ,PMT-1366,15852,15511,0.02151148120111024,16006,15670,0.02099212795201799,18986,18499,0.02565047930053721,24006,23263,0.030950595684412274,21691,21057,0.02922871236918534,21876,21226,0.029712927409032752,22150,21474,0.030519187358916455,24780,23581,0.048385794995964515,23063,22501,0.024368035381346798,21218,20411,0.03803374493354694,23321,22517,0.03447536555036235,22896,22246,0.0283892382948987,,255845,247956,0.030835075924876443,10
SHV-HQ,PMT-1367,14158,14145,0.0009182087865517996,16913,16882,0.0018329095961686637,17041,17013,0.0016430960624376212,17258,17255,0.0001738324255418089,25170,25152,0.0007151370679380209,22349,22311,0.0017002997896997663,21656,21625,0.0014314739564093015,24157,24149,0.0003311669495383862,24385,24359,0.0010662292392864536,22778,22775,0.00013170603213630283,26235,26194,0.0015627977892128664,21732,21676,0.002576845205227274,,253832,253536,0.0011661256263986175,15
SHV-HQ,PMT-1368,10314,10262,0.005041690905565277,9495,9438,0.006003159557661952,9732,9682,0.005137690094533465,8745,8698,0.005374499714122405,11518,11450,0.005903802743531861,9626,9570,0.005817577394556461,8505,8435,0.008230452674897082,9970,9941,0.002908726178535659,9613,8584,0.10704254655154477,8017,6733,0.160159660720968,8789,9124,0,7988,9282,0,,112312,111199,0.009909893867084518,8
SHV-HQ,PMT-137,215549,215489,0.00027835898102057666,209069,209006,0.0003013359225901846,182282,182224,0.0003181883016425413,220072,220000,0.00032716565487656,220345,220266,0.00035852867094787744,254734,254637,0.00038078937244345745,183658,183595,0.00034302889065540576,240187,240112,0.0003122566999879117,242820,242744,0.0003129890453834605,271914,271842,0.0002647896025949059,313173,313076,0.000309732959099307,279213,279152,0.00021847120298834621,,2833016,2832143,0.00030815216010071644,1
SHV-HQ,PMT-1370,54867,54823,0.000801939234877036,56039,55995,0.0007851674726530034,51613,51569,0.0008524984015655379,51587,51543,0.0008529280632717517,65782,65725,0.0008664984342221516,61234,61180,0.0008818630172779951,50620,50575,0.0008889766890557427,55308,55260,0.0008678672163159318,48113,48069,0.0009145137488828503,48170,48127,0.0008926717874195855,54705,54656,0.0008957133717210075,46439,46400,0.0008398113654471961,,644477,643922,0.000861163392952724,1
SHV-HQ,PMT-1372,0,0,,0,0,,0,0,,0,0,,0,0,,0,0,,0,0,,0,0,,2580,2580,0,11896,11896,0,16756,16756,0,12574,12574,0,,43806,43806,0,1
SHV-HQ,PMT-1373,5194,5193,0.0001925298421254773,2418,2417,0.00041356492969391034,3055,3054,0.0003273322422258085,0,0,,0,0,,0,0,,0,0,,0,0,,0,0,,0,0,,0,0,,0,0,,,10667,10664,0.000281241211212202,0
SHV-HQ,PMT-1375,23868,23853,0.0006284565108094498,20267,20254,0.0006414368184733954,21755,21743,0.0005515973339462743,25188,25170,0.0007146260123868098,26912,26894,0.0006688466111771652,24550,24539,0.00044806517311613003,21263,21255,0.0003762404176268497,23347,23339,0.0003426564440827118,23667,23649,0.0007605526682722408,23208,23188,0.0008617718028266497,26144,26125,0.0007267441860464574,20007,19990,0.0008497026040885647,,280176,279999,0.0006317457598080667,1
SHV-HQ,PMT-1376,0,0,,0,0,,0,0,,0,0,,0,0,,0,0,,0,0,,0,0,,0,0,,0,0,,0,0,,0,0,,,0,0,,0
SHV-HQ,PMT-1377,2939,2948,0,2607,2616,0,2264,2289,0,2624,2643,0,2333,2337,0,2192,2193,0,2127,2128,0,2346,2347,0,2275,2276,0,2025,2027,0,2422,2428,0,2430,2433,0,,28584,28665,0,1
SHV-HQ,PMT-1379,13563,13557,0.00044238000442375913,13396,13391,0.00037324574499852936,11570,11566,0.00034572169403634945,11866,11861,0.0004213719871902777,13190,13184,0.0004548900682335155,11118,11114,0.00035977693829825075,7762,7759,0.0003864983251739007,10399,10394,0.0004808154630252526,11993,11988,0.00041690986408737807,18910,18902,0.0004230565838181377,26734,26724,0.00037405550983771185,25370,25359,0.0004335829720142348,,175871,175799,0.00040939097406622604,1
SHV-HQ,PMT-138,0,15,0,256,951,0,1877,2418,0,6637,5207,0.21545879162272108,9712,7455,0.2323929159802306,8570,12252,0,8228,8918,0,9088,9709,0,8666,9409,0,8449,9199,0,9608,10419,0,8506,9104,0,,79597,85056,0,1
SHV-HQ,PMT-1380,48487,48487,0,54780,54783,0,52448,52451,0,62423,62429,0,65635,65641,0,59691,59696,0,53663,53669,0,51286,51290,0,43266,43268,0,45731,45735,0,44749,44752,0,61353,61355,0,,643512,643556,0,1
SHV-HQ,PMT-1381,0,0,,0,0,,0,0,,0,0,,0,0,,0,0,,0,0,,0,0,,0,0,,0,0,,0,0,,0,0,,,0,0,,1
SHV-HQ,PMT-1384,20286,20297,0,17571,17563,0.00045529565761770474,16758,16750,0.00047738393603058427,19780,19771,0.00045500505561169025,19221,19211,0.000520264294261441,20406,20395,0.0005390571400568644,16352,16344,0.0004892367906066397,19189,19179,0.0005211318984834623,17993,17984,0.0005001945200912017,20821,20811,0.0004802843283223668,23624,23611,0.0005502878428716995,24309,24298,0.0004525073018223358,,236310,236214,0.00040624603275363214,1
SHV-HQ,PMT-1385,19764,19781,0,18581,18597,0,17153,17117,0.0020987582347111733,20518,20583,0,21194,21209,0,21862,21879,0,19537,19551,0,20466,20480,0,18955,18969,0,19767,19783,0,22303,22321,0,19316,19333,0,,239416,239603,0,1
SHV-HQ,PMT-1386,0,0,,0,0,,0,0,,0,0,,0,0,,0,0,,0,0,,0,0,,0,0,,0,0,,0,0,,0,0,,,0,0,,1
SHV-HQ,PMT-1388,12491,12493,0,11193,11194,0,11054,11055,0,14445,14446,0,14761,14763,0,14960,14968,0,12764,12759,0.00039172673143217374,16463,16457,0.0003644536232764173,15196,15206,0,15236,15237,0,15407,15409,0,13264,13265,0,,167234,167252,0,1
SHV-HQ,PMT-1389,70160,69539,0.008851197263398003,56611,56212,0.007048100192542095,71490,71154,0.004699958036088914,75518,74730,0.010434598373897597,74473,73890,0.007828340472386008,89897,89112,0.008732215758034179,64241,63637,0.009402095235130248,86707,85545,0.013401455476489743,76381,70947,0.07114334716748927,64858,66707,0,74136,76013,0,64397,63902,0.0076866934795098985,,868869,861388,0.008610043631433473,34
SHV-HQ,PMT-139,241632,241298,0.001382267249370961,249985,249569,0.0016640998459908074,227720,227352,0.0016160196732829535,255186,254789,0.0015557279788076528,264700,264268,0.0016320362674726585,250950,250528,0.0016816098824466996,251656,251203,0.0018000762946244198,269140,268618,0.0019395110351489997,255487,254962,0.002054899075099703,240811,240273,0.002234117212253639,246436,246028,0.001655602265902667,224428,224150,0.0012387046179621608,,2978131,2973038,0.0017101329659440223,1
SHV-HQ,PMT-1390,150207,148266,0.01292216740897556,152721,152433,0.0018857917378749534,159921,155864,0.025368775833067625,174481,171902,0.014780979017772755,177067,174056,0.017004862566147305,164266,161801,0.015006148563914579,145618,143649,0.013521680012086423,171816,163499,0.04840643479070639,153086,144192,0.058098062526945604,144962,156535,0,163999,163380,0.0037744132586173818,160986,156956,0.025033232703464914,,1919130,1892533,0.013858883973467129,119
SHV-HQ,PMT-1391,0,0,,0,0,,0,0,,0,0,,0,0,,0,0,,0,0,,0,0,,1069,1068,0.00093545369504211,5749,4678,0.18629326839450344,26914,26911,0.00011146615144530525,33652,33647,0.00014857957922265186,,67384,66304,0.01602754363053549,1
SHV-HQ,PMT-1392,0,0,,0,0,,0,0,,0,0,,0,0,,0,0,,0,0,,0,0,,0,0,,0,0,,0,0,,0,0,,,0,0,,1
SHV-HQ,PMT-1393,5373,5373,0,3050,3051,0,3413,3413,0,4477,4458,0.004243913334822436,4901,4922,0,5230,5232,0,5743,5747,0,6003,6003,0,7354,7356,0,7434,7435,0,7260,7263,0,5875,5875,0,,66113,66128,0,1
SHV-HQ,PMT-1395,17344,17336,0.00046125461254609146,16152,16144,0.0004952947003467045,20160,20150,0.0004960317460317443,18754,18744,0.0005332195798229966,22618,22607,0.0004863383146166411,20637,20626,0.000533023210738004,18810,18800,0.0005316321105794941,21594,21582,0.0005557099194221093,20173,20163,0.0004957120904178769,20009,19998,0.0005497526113249496,23487,23475,0.0005109209349852817,22164,22153,0.0004963003068038097,,241902,241778,0.0005126042777653383,1
SHV-HQ,PMT-1396,522,1523,0,552,1541,0,672,1652,0,376,1386,0,52,960,0,0,0,,0,0,,0,0,,0,0,,0,0,,0,0,,0,0,,,2174,7062,0,1
SHV-HQ,PMT-1397,5732,5733,0,5689,5690,0,101,103,0,1743,1745,0,19062,19060,0.00010492078480750511,26325,26323,7.597340930676211e-05,26065,26063,7.673124880103188e-05,28212,28209,0.00010633772862611579,26325,26324,3.7986704653381054e-05,26630,24296,0.08764551257979725,27542,0,1,29964,59795,0,,223390,223341,0.00021934732978201588,1
SHV-HQ,PMT-1398,0,0,,0,0,,0,0,,0,0,,0,0,,0,0,,0,0,,0,0,,0,0,,0,0,,0,0,,0,0,,,0,0,,1
SHV-HQ,PMT-1399,46863,46865,0,25055,25052,0.00011973657952502048,4573,4572,0.0002186748305269548,9801,9796,0.0005101520253035785,13466,13456,0.0007426110203475611,17937,17910,0.0015052684395383542,34666,34614,0.0015000288467086342,52940,52910,0.0005666792595391268,50210,50185,0.0004979087831109563,52099,52074,0.0004798556594176606,51961,51943,0.000346413656396094,44093,43956,0.0031070691492980362,,403664,403333,0.0008199889016607953,1
SHV-HQ,PMT-140,128387,127228,0.009027393739241552,136704,133918,0.02037979868913853,133882,133665,0.0016208302833838895,153413,151586,0.0119090298736092,163587,161660,0.011779664643278509,150178,148527,0.01099362090319489,128367,126945,0.011077613405314435,139405,136534,0.020594670205516308,127695,127687,6.264928149102289e-05,118019,116250,0.014989111922656506,138595,136267,0.01679714275406763,131915,130223,0.012826441268999011,,1650147,1630490,0.011912272058186346,46
SHV-HQ,PMT-1400,218070,215985,0.009561150089420822,206094,204312,0.008646539928382158,210822,208581,0.010629820417224045,245673,242486,0.01297252852368802,238419,235239,0.013337863173656483,278478,272354,0.021990965174986887,234654,230635,0.01712734494191448,253246,249168,0.016102919690735518,234325,230743,0.015286461111703842,212909,210470,0.011455598401194922,248673,244873,0.015281112143256448,246021,242397,0.014730449839647886,,2827384,2787243,0.01419722259162537,151
SHV-HQ,PMT-1404,0,0,,0,0,,0,0,,0,0,,0,0,,0,0,,0,0,,0,0,,0,0,,0,0,,0,0,,0,0,,,0,0,,0
SHV-HQ,PMT-1405,0,0,,0,0,,0,0,,0,0,,0,0,,0,0,,0,0,,0,0,,0,0,,0,0,,0,0,,0,0,,,0,0,,1
SHV-HQ,PMT-1406,1655,1654,0.0006042296072507058,1700,1700,0,1626,1625,0.0006150061500614923,1700,1700,0,1546,1546,0,1683,1683,0,1623,1622,0.0006161429451633227,1760,1760,0,1667,1666,0.0005998800239952473,1629,1629,0,1606,1606,0,1429,1428,0.0006997900629811538,,19624,19619,0.0002547900529963343,1
SHV-HQ,PMT-1407,187353,183261,0.0218411234407776,183437,179675,0.02050840343006044,187887,183986,0.02076247957548949,212706,206974,0.026947993944693605,215168,209248,0.02751338488994648,226828,221177,0.02491315005202177,190085,186065,0.021148433595496785,228007,222971,0.022087041187331957,188758,184393,0.023124847688574812,187621,182789,0.02575404672184889,200092,194522,0.027837194890350414,198858,193934,0.02476138752275492,,2406800,2348995,0.024017367458866512,211
SHV-HQ,PMT-1408,62294,62583,0,63021,63327,0,56609,56774,0,60682,60892,0,65228,65439,0,65289,65543,0,57364,57543,0,54445,54459,0,63961,64162,0,55766,55758,0.00014345658645054105,62303,62322,0,66576,66685,0,,733538,735487,0,76
SHV-HQ,PMT-1409,1705,1710,0,1752,1756,0,1966,1974,0,2682,2701,0,2371,2381,0,2191,2200,0,2227,2236,0,2448,2460,0,1926,1932,0,2088,2096,0,2322,2329,0,2017,2024,0,,25695,25799,0,2
SHV-HQ,PMT-141,24256,24249,0.0002885883905012765,21128,21123,0.00023665278303675041,15621,15616,0.0003200819409768796,18891,18887,0.0002117410407072029,17132,17126,0.0003502218071445018,15806,15803,0.00018980134126278525,15056,15052,0.0002656748140276166,25592,25585,0.000273522975929974,28090,28087,0.00010679957280168573,27313,27303,0.00036612602057628507,31057,31049,0.00025759088128285423,30051,30043,0.0002662141026921194,,269993,269923,0.0002592659809699249,1
SHV-HQ,PMT-1410,48717,47868,0.017427181476691866,50919,50098,0.01612364736149574,50817,49959,0.016884113584036853,54889,53963,0.016870411193499635,59920,58930,0.016522029372496694,59274,58295,0.016516516516516533,54919,53997,0.0167883610408055,60553,59508,0.017257609036711696,55615,54671,0.016973837993347174,59260,58443,0.013786702666216621,61701,60864,0.01356542033354402,57323,56287,0.018073024789351577,,673907,662883,0.016358340245760883,137
SHV-HQ,PMT-1411,3217,3188,0.009014609884986036,2798,2747,0.018227305218012857,1775,3104,0,3347,3341,0.0017926501344487367,3736,3717,0.005085653104925036,3669,3665,0.0010902153175251783,4917,4905,0.0024405125076265577,5658,5648,0.0017674089784376346,4928,4933,0,4980,4971,0.0018072289156626509,5071,5074,0,4354,4379,0,,48450,49672,0,28
SHV-HQ,PMT-1412,5659,5657,0.00035341933203747455,5763,5762,0.00017352073572796112,6464,6462,0.0003094059405940319,6314,6314,0,6381,6379,0.0003134304967873369,7135,7135,0,6605,6605,0,7539,7539,0,8176,8174,0.00024461839530331986,6849,6850,0,7643,7644,0,5301,5301,0,,79829,79822,8.768743188569683e-05,1
SHV-HQ,PMT-1414,954,958,0,1248,1250,0,392,393,0,431,434,0,392,398,0,309,318,0,351,354,0,317,322,0,194,195,0,0,0,,0,0,,0,0,,,4588,4622,0,1
SHV-HQ,PMT-1415,0,0,,0,0,,0,0,,0,0,,0,0,,0,0,,0,0,,0,0,,0,0,,0,0,,0,0,,0,0,,,0,0,,1
SHV-HQ,PMT-1417,52612,52596,0.00030411313008438245,59575,59555,0.0003357112882920177,56474,56453,0.000371852533909367,58491,58468,0.0003932228889914624,63314,63289,0.000394857377515212,56144,56120,0.0004274722143060572,58854,58830,0.00040778876541947007,71096,71067,0.00040789917857542157,69186,69161,0.00036134478073601706,70849,70820,0.0004093212324803863,72079,72053,0.0003607153262392693,68036,68012,0.00035275442412840974,,756710,756424,0.0003779519234581308,1
SHV-HQ,PMT-1418,247,248,0,339,341,0,343,343,0,347,347,0,431,432,0,446,447,0,555,556,0,456,457,0,466,467,0,531,531,0,895,896,0,832,833,0,,5888,5898,0,1
SHV-HQ,PMT-1419,12699,12723,0,12454,12477,0,12805,12828,0,14049,14078,0,13042,13065,0,12327,12351,0,9029,9046,0,9210,9225,0,10549,10563,0,13588,13626,0,14498,14531,0,10268,10296,0,,144518,144809,0,1
SHV-HQ,PMT-142,61852,61854,0,54898,54899,0,51164,51165,0,62434,62435,0,70006,70009,0,62776,62778,0,55481,55485,0,61784,61781,4.855626052047146e-05,58246,58250,0,58232,58228,6.869075422444304e-05,61854,61853,1.6167103178421627e-05,67919,67922,0,,726646,726659,0,1
SHV-HQ,PMT-1420,0,0,,0,0,,0,0,,0,0,,0,0,,0,0,,0,0,,0,0,,0,0,,0,0,,0,0,,0,0,,,0,0,,1
SHV-HQ,PMT-1421,0,0,,0,0,,0,0,,0,0,,0,0,,0,0,,0,0,,0,0,,0,0,,0,0,,0,0,,0,0,,,0,0,,1
SHV-HQ,PMT-1422,447,448,0,539,540,0,323,324,0,356,356,0,352,353,0,431,432,0,278,146,0.47482014388489213,424,57,0.8655660377358491,488,1470,0,557,552,0.008976660682226245,518,512,0.01158301158301156,508,504,0.007874015748031482,,5221,5694,0,1
SHV-HQ,PMT-1423,154624,154168,0.002949089403973537,145554,144732,0.0056473885980460325,130669,129823,0.006474374182093734,123635,122942,0.005605208880980261,137254,136026,0.008946915936876132,132463,131363,0.008304205702724499,126581,125786,0.006280563433690656,147221,145094,0.014447667112708062,138183,132483,0.04124964720696467,134476,125208,0.06891936107558227,150399,147379,0.02007992074415388,138827,137928,0.006475685565487943,,1659886,1632932,0.016238464569253597,70
SHV-HQ,PMT-1424,24702,24690,0.0004857906242409227,23243,23234,0.00038721335455838,23000,22988,0.0005217391304347396,27651,27635,0.0005786409171458784,29609,29589,0.0006754702961937475,20460,20420,0.0019550342130987275,19897,19845,0.002613459315474742,22247,22210,0.001663145592664228,22804,22768,0.001578670408700189,23609,23579,0.0012707018509889867,23687,23663,0.0010132139992400369,24161,24149,0.0004966681842638598,,285070,284770,0.00105237310134354,1
SHV-HQ,PMT-1426,29493,29483,0.00033906350659473894,29461,29451,0.00033943179118156586,35071,35058,0.00037067662741296914,41569,41552,0.0004089585989559552,43852,43831,0.0004788835172854222,38301,38284,0.00044385264092317023,31325,31314,0.0003511572226656545,39126,39109,0.0004344936870622762,36565,36550,0.00041022836045401245,38526,38512,0.00036339095675652633,37368,37355,0.00034789124384504433,34391,34379,0.0003489284987351349,,435048,434878,0.00039076147919314685,1
SHV-HQ,PMT-1427,7695,7692,0.0003898635477582735,7559,7563,0,9153,9160,0,13491,13499,0,16776,16787,0,18430,18444,0,15157,15168,0,17928,17940,0,15773,15784,0,17164,17177,0,20662,20677,0,19805,19819,0,,179593,179710,0,1
SHV-HQ,PMT-1428,34385,34403,0,35858,35877,0,35159,35179,0,41502,41526,0,39376,39399,0,38859,38883,0,39243,39268,0,42510,42536,0,37388,37411,0,37158,37180,0,36613,36635,0,38078,38099,0,,456129,456396,0,1
SHV-HQ,PMT-143,13603,14046,0,13692,14138,0,13534,13971,0,15376,15856,0,14771,15233,0,14488,14947,0,13128,13547,0,13653,14087,0,11550,11917,0,9395,9697,0,8457,8729,0,4240,4377,0,,145887,150545,0,2
SHV-HQ,PMT-1431,51535,52905,0,55597,57004,0,54194,55493,0,64946,66419,0,65283,66736,0,67152,68661,0,56279,57651,0,62147,63588,0,59620,61076,0,59416,60840,0,64603,66128,0,59325,60775,0,,720097,737276,0,1
SHV-HQ,PMT-1432,32535,32533,6.14722606423479e-05,32158,32157,3.1096461222679395e-05,32581,32580,3.069273502964709e-05,36470,36467,8.225939128048143e-05,37150,37148,5.3835800807533474e-05,34996,34994,5.714938850154283e-05,33780,33779,2.9603315571335997e-05,37653,37649,0.00010623323506764315,35314,35313,2.831738120856464e-05,35892,35890,5.5722723726781e-05,40229,40219,0.00024857689726320853,35939,35929,0.000278249255683205,,424697,424658,9.18301753956019e-05,1
SHV-HQ,PMT-1433,42359,42402,0,31514,31545,0,36483,36522,0,53614,53671,0,54977,55038,0,55220,55281,0,49918,49972,0,54424,54480,0,56287,56352,0,57128,57189,0,65704,65775,0,16096,16112,0,,573724,574339,0,1
SHV-HQ,PMT-1437,220,256,0,228,261,0,334,367,0,303,338,0,317,377,0,239,295,0,274,327,0,274,328,0,199,249,0,223,292,0,441,514,0,333,403,0,,3385,4007,0,1
SHV-HQ,PMT-1439,21757,21569,0.008640897182515928,22972,22761,0.009185094898136903,23921,23711,0.008778897203294167,31584,31162,0.013361195542046622,29978,29508,0.015678163986923788,31347,30860,0.015535776948352287,25433,25130,0.011913655486965768,26624,26263,0.013559194711538436,28945,28559,0.013335636552081587,25138,24777,0.014360728777150111,28997,28602,0.013622098837810848,26243,25925,0.012117517052166238,,322939,318827,0.01273305484936782,43
SHV-HQ,PMT-144,106345,102625,0.03498048803422826,87032,84465,0.02949489842816433,103092,99223,0.03752958522484773,115297,110999,0.037277639487584224,124081,118472,0.045204342324771773,118425,113767,0.039332911125184666,100127,96713,0.034096697194562875,116365,111785,0.039358913762729375,107559,103114,0.04132615587723942,94288,92831,0.015452655693195316,115896,109976,0.05108027887071165,103433,91928,0.11123142517378404,,1291940,1235898,0.04337817545706457,171
SHV-HQ,PMT-1440,0,0,,0,0,,0,0,,0,0,,0,0,,0,0,,0,0,,0,0,,0,0,,0,0,,0,0,,0,0,,,0,0,,1
SHV-HQ,PMT-1441,0,0,,0,0,,0,0,,0,0,,0,0,,0,0,,0,0,,0,0,,0,0,,0,0,,0,0,,0,0,,,0,0,,0
SHV-HQ,PMT-1442,53253,55485,0,42385,44521,0,40529,42566,0,40942,42525,0,36374,38791,0,37403,38733,0,32753,34025,0,39351,40771,0,35078,36370,0,35555,36936,0,32174,33562,0,23754,24908,0,,449551,469193,0,1
SHV-HQ,PMT-1444,147733,147622,0.0007513554859104321,128160,128067,0.0007256554307115692,123292,123195,0.0007867501541056754,136685,136573,0.000819402275304526,129899,129794,0.0008083203103950165,127906,127800,0.0008287336012383628,109138,109046,0.0008429694515200703,113486,113390,0.0008459193204448656,117320,117222,0.0008353221957040358,120560,120483,0.0006386861313868453,135027,134901,0.0009331467039925823,120267,120167,0.0008314832830286223,,1509473,1508260,0.0008035917171091977,1
SHV-HQ,PMT-1445,6178,6180,0,6459,6461,0,12810,12814,0,13250,13255,0,16514,16519,0,16075,16080,0,16525,16530,0,24720,24728,0,17988,17994,0,17513,17519,0,19904,19911,0,21086,21093,0,,189022,189084,0,1
SHV-HQ,PMT-1447,11702,11702,0,6965,6965,0,5842,5844,0,7842,7843,0,6230,6231,0,849,850,0,571,573,0,0,0,,0,0,,0,0,,0,0,,0,0,,,40001,40008,0,1
SHV-HQ,PMT-1448,1946,1947,0,2228,2230,0,2044,2044,0,2357,2358,0,2810,2812,0,2808,2809,0,2349,2350,0,2595,2596,0,2522,2522,0,3202,3203,0,2993,2995,0,2602,2602,0,,30456,30468,0,1
SHV-HQ,PMT145,0,0,,0,0,,0,0,,0,0,,0,0,,0,0,,0,0,,0,0,,0,0,,0,0,,0,0,,0,0,,,0,0,,0
SHV-HQ,PMT-1450,14900,14903,0,12779,12781,0,12015,12022,0,14211,14214,0,15486,15487,0,15832,15837,0,14124,14128,0,15181,15185,0,15093,15097,0,15633,15637,0,16767,16771,0,14235,14238,0,,176256,176300,0,1
SHV-HQ,PMT-1451,43447,42694,0.017331461320689523,46342,45535,0.017414008890423327,47245,46282,0.02038310932373799,51218,50264,0.018626264203990828,48682,47759,0.018959779795406972,47843,47058,0.016407833956900708,40349,39724,0.01548985104959233,47913,47106,0.016843027988228676,43057,42162,0.020786399424019275,39522,39242,0.007084661707403517,39445,38947,0.012625174293319774,37127,36647,0.01292859643924904,,532190,523420,0.01647907702136453,53
SHV-HQ,PMT-1452,760,760,0,759,760,0,712,712,0,769,769,0,730,731,0,763,764,0,737,738,0,751,751,0,779,779,0,753,754,0,803,804,0,776,776,0,,9092,9098,0,1
SHV-HQ,PMT-1453,5941,5939,0.0003366436626830449,8045,8040,0.0006215040397762328,9980,9974,0.0006012024048096531,9296,9290,0.000645438898450923,9745,9740,0.0005130836326321386,0,7671,0,3197,8828,0,6620,6632,0,6010,6020,0,7754,7771,0,4809,4819,0,4840,4849,0,,76237,89573,0,1
SHV-HQ,PMT-1454,513,513,0,9607,9607,0,11002,11001,9.089256498817644e-05,12653,12651,0.00015806528096107275,11025,11024,9.070294784585542e-05,10564,10563,9.466111321465576e-05,7695,7693,0.000259909031838812,13666,13665,7.317430118547463e-05,13103,13101,0.00015263680073263064,12762,12761,7.835762419683423e-05,13006,13004,0.0001537751806858223,12298,12296,0.0001626280696047644,,127894,127879,0.0001172846263312044,1
SHV-HQ,PMT-1460,40954,40792,0.003955657567026427,36776,36766,0.0002719164672612129,35416,35407,0.0002541224305399048,42872,42861,0.00025657771972387167,47097,47086,0.00023356052402490057,52046,52032,0.00026899281404912934,45496,45484,0.00026375945138035206,46613,46603,0.00021453242657631932,46620,46608,0.0002574002574002865,47072,47060,0.0002549286199864387,49173,49161,0.00024403636141789864,46929,46917,0.0002557054273476522,,537064,536777,0.0005343869631925235,1
SHV-HQ,PMT-1461,10401,10408,0,10501,10507,0,9439,9440,0,11860,11861,0,11046,11051,0,11205,11212,0,11014,11023,0,11028,11034,0,11071,11079,0,10933,10940,0,10607,10614,0,9220,9229,0,,128325,128398,0,1
SHV-HQ,PMT-1462,73853,73347,0.006851448146994676,80345,79924,0.005239902918663275,76303,75908,0.005176729617446196,81845,81396,0.005485979595576951,85947,85466,0.005596472244522754,89271,88719,0.006183419027455672,79240,78722,0.0065371024734982575,79935,79588,0.004341027084506122,80319,79478,0.010470747892777577,73276,72828,0.006113870844478453,89906,89291,0.006840477832402714,89786,89117,0.007451050275098514,,980026,973784,0.006369218775828411,21
SHV-HQ,PMT-1463,0,0,,0,0,,0,0,,0,0,,0,0,,0,0,,0,0,,0,0,,0,0,,0,0,,0,0,,0,0,,,0,0,,1
SHV-HQ,PMT-1464,233,233,0,232,232,0,297,298,0,235,234,0.004255319148936176,101,102,0,161,163,0,120,120,0,171,172,0,314,314,0,372,373,0,273,273,0,78,80,0,,2587,2594,0,1
SHV-HQ,PMT-1466,19439,19417,0.001131745460157374,17944,17924,0.0011145786892554632,18091,18063,0.001547730915925083,25567,25539,0.0010951617319200357,24903,24875,0.0011243625266031954,22857,22825,0.0014000087500546377,19627,19602,0.0012737555408366408,24711,24677,0.0013759054672007887,22088,22063,0.00113183629119884,20175,20141,0.0016852540272614958,24903,24869,0.0013652973537324753,24096,24068,0.0011620185922974757,,264401,264063,0.001278361276999762,1
SHV-HQ,PMT-1467,42486,42479,0.00016476015628674734,39873,39870,7.523888345495333e-05,39788,39788,0,42282,42282,0,40718,40718,0,55839,55844,0,67457,67461,0,73160,73162,0,73248,73252,0,76414,76411,3.9259821498660585e-05,77181,77186,0,81890,81884,7.326901941628883e-05,,710336,710337,0,1
SHV-HQ,PMT-1468,25459,25490,0,26458,26489,0,24140,24169,0,28577,28613,0,28956,28991,0,29464,19059,0.35314281835460226,25017,35419,0,27956,27950,0.0002146229789669052,26290,26291,0,28248,28204,0.0015576323987538387,32367,32372,0,27186,27032,0.005664680350180196,,330118,330079,0.00011813957433404187,1
SHV-HQ,PMT-147,21207,20292,0.043146130994482945,24067,23091,0.040553454938297206,21091,20309,0.037077426390403456,18763,18076,0.03661461386771836,29104,27965,0.03913551401869164,24098,22717,0.057307660386754056,19936,19373,0.028240369181380398,30805,29486,0.04281772439539033,43744,40914,0.06469458668617412,50432,47053,0.06700111040609136,53154,49849,0.062177822929600834,31642,28722,0.09228240945578658,,368043,347847,0.054874022872327455,20
SHV-HQ,PMT-1470,0,0,,0,0,,0,0,,0,0,,0,0,,0,0,,0,0,,0,0,,0,0,,0,0,,0,0,,0,0,,,0,0,,0
SHV-HQ,PMT-1471,7824,7775,0.006262781186094024,6238,6298,0,6934,6939,0,8370,8373,0,8711,8710,0.000114797382619658,8064,8072,0,6582,6587,0,7021,7030,0,2246,2249,0,695,694,0.0014388489208633226,1813,1817,0,1247,1254,0,,65745,65798,0,1
SHV-HQ,PMT-1473,8203,8200,0.00036571985858835365,7953,7949,0.0005029548598013411,7723,7726,0,9350,9340,0.0010695187165775666,9139,9135,0.0004376846482109231,9692,9688,0.0004127115146512761,9026,9021,0.0005539552404165704,8495,8490,0.0005885815185403542,9476,9470,0.0006331785563529202,8671,8667,0.00046130780763464774,8609,8605,0.00046463003833197014,8095,8091,0.0004941321803582088,,104432,104382,0.0004787804504366999,1
SHV-HQ,PMT-1475,21414,21434,0,21540,21555,0,19067,19090,0,23284,23304,0,25055,25079,0,24423,24446,0,22859,22880,0,15589,15605,0,17509,17527,0,24806,24828,0,28441,28466,0,25193,25214,0,,269180,269428,0,1
SHV-HQ,PMT-1476,43374,44366,0,39007,38012,0.02550824211039049,43426,43427,0,41934,41929,0.000119234988315009,59014,59010,6.77805266546816e-05,51956,51952,7.698822080226542e-05,49885,49877,0.00016036884835124443,54898,54891,0.00012750919887793977,59147,59142,8.453514125816852e-05,56521,58771,0,57874,55619,0.03896395618066839,40416,39950,0.011530087094220098,,597452,596946,0.0008469299625744053,1
SHV-HQ,PMT-1477,85101,85143,0,76515,76553,0,82760,82804,0,95717,95765,0,98867,98924,0,98793,98869,0,83160,83209,0,101216,101281,0,94960,95063,0,96387,101010,0,100318,111278,0,91327,55060,0.39711147853318296,,1105121,1084959,0.018244156069787798,1
SHV-HQ,PMT-1478,1236,1236,0,1128,1127,0.0008865248226950229,1191,1192,0,1363,1370,0,1895,1889,0.0031662269129287823,1757,1758,0,1624,1625,0,1743,1743,0,1571,1572,0,2462,2462,0,1277,1278,0,21,20,0.04761904761904767,,17268,17272,0,1
SHV-HQ,PMT-148,4245,4246,0,26150,26154,0,14076,14077,0,16375,16377,0,18574,18576,0,8921,8921,0,15905,15906,0,4424,4425,0,11407,11408,0,15509,15509,0,15814,15817,0,18064,18066,0,,169464,169482,0,1
SHV-HQ,PMT-1480,35409,35398,0.0003106554830692998,38249,38236,0.00033987816674940774,36107,36095,0.0003323455285678678,42877,42861,0.00037316043566482104,41184,41171,0.00031565656565657463,7852,36490,0,16127,32537,0,35655,35724,0,36639,36707,0,35319,35384,0,30920,30977,0,30878,30929,0,,387216,432509,0,1
SHV-HQ,PMT-1481,16250,16252,0,13380,13383,0,13367,13369,0,15958,15961,0,16995,16997,0,15417,15420,0,14545,14548,0,13726,13729,0,12206,12209,0,14769,14772,0,17260,17263,0,15842,15845,0,,179715,179748,0,1
SHV-HQ,PMT-1482,12104,12122,0,11677,11703,0,11245,11267,0,13589,13606,0,12413,12427,0,12898,12931,0,11606,11636,0,13576,13608,0,12469,12504,0,11988,12018,0,13246,13273,0,11777,11801,0,,148588,148896,0,1
SHV-HQ,PMT-1483,0,0,,0,0,,0,0,,0,0,,0,0,,0,0,,0,0,,0,0,,0,0,,0,0,,0,0,,0,0,,,0,0,,0
SHV-HQ,PMT-1484,33181,32903,0.008378288779723353,35658,35352,0.008581524482584535,42931,42481,0.010481936130069203,44972,44482,0.010895668415903281,55765,55139,0.011225679189455717,44496,44000,0.011147069399496612,45938,45414,0.011406678566763917,49073,48494,0.01179874880280396,49430,48945,0.009811855148695092,41239,40900,0.008220373917893209,46692,46286,0.008695279705302816,42459,42105,0.008337454956546364,,531834,526501,0.010027564992084015,45
SHV-HQ,PMT-1485,0,0,,0,0,,0,0,,0,0,,0,0,,0,0,,0,0,,0,0,,0,0,,0,0,,0,0,,0,0,,,0,0,,1
SHV-HQ,PMT-1486,8941,8944,0,1465,1466,0,15948,15950,0,41158,41167,0,51272,51284,0,48123,48134,0,40410,40419,0,46893,46899,0,0,43942,0,0,47251,0,24636,50716,0,47172,47241,0,,326018,443413,0,1
SHV-HQ,PMT-1489,109061,106957,0.019291955877903222,113168,111090,0.018362081153682985,115624,113193,0.021025046703106676,104014,101681,0.022429672928644173,49231,137618,0,0,115625,0,106345,103636,0.02547369410879685,127589,126210,0.01080814176770728,119237,116517,0.02281171112993452,117655,114337,0.028201096425991223,134032,131434,0.019383430822490166,117166,112246,0.04199170407797481,,1213122,1390544,0,216
SHV-HQ,PMT-149,182222,182175,0.0002579271438135633,173161,172953,0.0012011942642974338,169332,168459,0.005155552405924468,200926,193277,0.03806874172580954,213793,200374,0.06276632069338095,183894,170807,0.07116599780308219,138997,168350,0,228445,188948,0.1728950075510517,179976,180025,0,182757,182782,0,185094,185123,0,193283,193296,0,,2231880,2186569,0.020301718730397655,1
SHV-HQ,PMT-1490,230205,224632,0.024208857322820965,203526,201011,0.01235714355905393,201477,198905,0.012765725119988858,237013,233566,0.014543506052410615,236393,233039,0.014188237384355706,261337,257271,0.015558455174736086,210365,207726,0.012544862500891263,0,226548,0,99866,227798,0,216331,212557,0.017445488626225525,238051,233032,0.021083717354684506,209311,204614,0.02244029219677901,,2343875,2660699,0,64
SHV-HQ,PMT-1491,7530,7534,0,5722,5738,0,5959,5971,0,7690,7698,0,6994,7013,0,8366,8372,0,7135,7142,0,7100,7105,0,6080,6083,0,5557,5561,0,6605,6612,0,9401,9418,0,,84139,84247,0,1
SHV-HQ,PMT-1494,8229,8243,0,6434,6445,0,7939,7952,0,8702,8718,0,10959,10978,0,8841,8858,0,12985,13011,0,15195,15225,0,14144,14174,0,14895,14926,0,14470,14499,0,12852,12876,0,,135645,135905,0,1
SHV-HQ,PMT-1495,36773,36764,0.00024474478557634516,33006,32999,0.00021208265163907836,35246,35234,0.00034046416614652575,34455,34445,0.0002902336380786741,44851,44915,0,38044,38031,0.0003417095994111552,36708,36694,0.00038138825324185444,37252,39214,0,35177,35164,0.0003695596554567082,36003,35990,0.0003610810210260551,41555,41540,0.0003609673926121548,36492,36480,0.0003288391976323801,,445562,447470,0,1
SHV-HQ,PMT-1496,148186,146071,0.014272603349844148,148265,146146,0.014291977202981143,153271,150896,0.015495429663798133,169435,166729,0.015970726237200084,177078,174082,0.016919097798710148,171740,169291,0.014259927797833916,156317,146953,0.05990391320201893,177580,181418,0,151826,146189,0.03712802813747318,145973,142246,0.025532118953505045,157434,155028,0.015282594611075062,153584,151478,0.013712365871444976,,1910689,1876527,0.017879414179911013,172
SHV-HQ,PMT-1497,44057,43350,0.016047393149783207,45343,44553,0.017422755441854343,45139,44340,0.017700879505527345,45085,44489,0.013219474326272573,57297,56514,0.01366563694434264,51357,50621,0.014331055162879469,49255,48573,0.013846310019287378,49682,48964,0.014451914174147595,49334,48595,0.014979527303685125,44261,43582,0.015340819231377534,54125,53321,0.01485450346420325,48562,47141,0.029261562538610453,,583497,574043,0.016202311237247136,268
SHV-HQ,PMT-1498,17346,17346,0,16802,16802,0,13078,13080,0,13137,13138,0,9853,9854,0,14495,14497,0,17098,17100,0,19870,19873,0,18173,18174,0,15842,15847,0,23841,23843,0,24588,24593,0,,204123,204147,0,1
SHV-HQ,PMT-1499,46193,46103,0.0019483471521659634,47835,47673,0.003386641580432781,49420,49204,0.0043707001214083885,57537,57415,0.002120374715400497,62946,62772,0.002764274139738787,64606,64578,0.00043339627898342226,63722,63607,0.0018047142274253414,71760,68000,0.05239687848383501,64619,68067,0,59275,59122,0.002581189371573145,70086,69826,0.0037097280483976425,66291,66043,0.0037410809913864806,,724290,722410,0.0025956453906584853,29
SHV-HQ,PMT150,0,0,,0,0,,0,0,,0,0,,0,0,,0,0,,0,0,,0,0,,0,0,,0,0,,0,0,,0,0,,,0,0,,0
SHV-HQ,PMT-1500,22313,21849,0.02079505221171518,20398,20000,0.019511716834983872,21381,20980,0.018754969365324392,24258,23764,0.020364415862808127,23376,22899,0.0204055441478439,22655,22112,0.023968218936217145,23438,22837,0.025642119634781135,24639,24007,0.025650391655505533,22865,22284,0.025410015307238187,21999,21383,0.028001272785126652,24194,23527,0.02756881871538397,21345,20201,0.053595689857109385,,272861,265843,0.025720055266234443,19
SHV-HQ,PMT-1501,28501,28511,0,29620,29629,0,27436,27444,0,28535,28545,0,28784,28793,0,31381,31393,0,28558,28566,0,31178,31188,0,29436,29443,0,33121,32348,0.023338667310769612,32262,33052,0,29503,29507,0,,358315,358419,0,1
SHV-HQ,PMT-1502,205320,200423,0.023850574712643624,208060,203264,0.023051042968374458,208786,203047,0.027487475213855306,205371,199443,0.02886483485983904,264710,256284,0.03183106040572703,245303,234217,0.045193087732314674,211688,209138,0.012046030006424568,251546,242912,0.0343237419795982,235490,227831,0.032523674041360584,224024,218305,0.02552851480198548,250242,243107,0.028512399996803106,215626,209704,0.027464220455789223,,2726166,2647675,0.028791717012096818,136
SHV-HQ,PMT-1503,38504,37748,0.019634323706627876,41604,40798,0.019373137198346324,40464,38392,0.05120601028074334,44124,43767,0.008090834919771583,44678,43732,0.021173732038139548,44958,44171,0.017505227100849674,43956,43066,0.0202475202475203,48095,47202,0.01856741865058742,45658,44785,0.0191204170134478,43784,42941,0.019253608624154928,47034,46052,0.020878513415826805,45090,43503,0.03519627411842985,,527949,516157,0.02233549073868879,188
SHV-HQ,PMT-1504,0,0,,0,0,,0,0,,0,0,,0,0,,0,0,,0,0,,0,0,,0,0,,0,0,,0,0,,0,0,,,0,0,,1
SHV-HQ,PMT-1505,95958,94830,0.011755142875007785,102031,100811,0.01195715027785671,96690,95452,0.012803805977867455,108695,107336,0.012502875017250115,108155,106657,0.013850492348943644,102104,100804,0.012732116273603378,97917,96591,0.013542081558871266,99899,97022,0.02879908707794876,85206,85420,0,81024,80250,0.009552725118483374,86728,86338,0.004496817636749362,91327,90620,0.007741412725699948,,1155734,1142131,0.011770009362015776,61
SHV-HQ,PMT-1506,1418,1417,0.0007052186177715081,1398,1396,0.0014306151645206988,1451,1450,0.000689179875947632,1461,1461,0,1643,1643,0,1826,1826,0,1786,1785,0.0005599104143336753,2116,2116,0,1734,1733,0.0005767012687427631,1605,1604,0.0006230529595016021,1605,1604,0.0006230529595016021,1697,1681,0.009428403064230984,,19740,19716,0.0012158054711246535,1
SHV-HQ,PMT-1507,1514,1513,0.0006605019815059121,1336,1335,0.0007485029940119681,1284,1283,0.0007788161993769194,1475,1474,0.0006779661016949046,1291,1290,0.0007745933384972759,1272,1271,0.0007861635220125507,1108,1107,0.0009025270758122872,1183,1182,0.0008453085376162184,1096,1096,0,1174,1173,0.0008517887563883608,1537,1535,0.0013012361743656164,1396,1395,0.0007163323782235498,,15666,15654,0.0007659900421294052,1
SHV-HQ,PMT-1508,967,969,0,2160,2162,0,3351,3351,0,5611,5608,0.0005346640527534863,5603,5601,0.0003569516330537148,5800,5798,0.00034482758620690834,4877,4875,0.00041008816895637956,6852,6848,0.0005837711617046049,8188,8185,0.0003663898387884501,3519,3518,0.00028417163967031644,22598,22585,0.0005752721479777012,19949,19938,0.0005514060855180691,,89475,89438,0.00041352333053923385,1
SHV-HQ,PMT-151,0,0,,0,0,,0,0,,0,0,,0,0,,0,0,,0,0,,0,0,,0,0,,0,0,,0,0,,0,0,,,0,0,,0
SHV-HQ,PMT-1510,2351,2353,0,2358,2361,0,6696,6699,0,7155,7160,0,2894,2897,0,1831,1833,0,1784,1786,0,1537,1539,0,1088,1089,0,0,0,,0,0,,0,0,,,27694,27717,0,0
SHV-HQ,PMT-1511,25289,25282,0.0002768001898058037,18209,18202,0.00038442528420012945,20418,20412,0.0002938583602704048,16363,16357,0.00036668092648051154,16708,16702,0.00035910940866645813,15253,15248,0.00032780436635415633,17197,17191,0.0003488980636157102,20547,20539,0.0003893512434904878,15356,15351,0.0003256056264652196,16969,16964,0.00029465495904290595,16424,16497,0,18400,18320,0.004347826086956497,,217133,217065,0.00031317211110237775,1
SHV-HQ,PMT-1512,38859,38852,0.0001801384492653435,37356,37347,0.0002409251525858913,38877,38870,0.0001800550453996408,53904,53892,0.00022261798753342443,51798,51786,0.00023166917641603835,54651,54638,0.00023787304898359451,47418,47408,0.0002108903791808725,48342,48330,0.0002482313516196655,46603,46594,0.0001931206145526776,42234,42224,0.0002367760572050681,33550,33542,0.00023845007451561706,32150,32142,0.0002488335925350249,,525742,525625,0.00022254261595988645,1
SHV-HQ,PMT-1513,37686,37133,0.014673884201029552,32027,34248,0,44837,40224,0.10288377902179002,45985,46599,0,55859,55425,0.007769562648812234,51962,51072,0.017127901158538905,42907,42283,0.014543081548465286,40400,39880,0.012871287128712883,40644,40118,0.012941639602401356,39784,39214,0.014327367786044598,45349,44757,0.013054312112725786,48245,47610,0.013161985697999756,,525685,518563,0.013548037322731243,74
SHV-HQ,PMT-1515,15964,15967,0,14174,14178,0,17727,17732,0,18613,18618,0,24208,24215,0,24106,24113,0,28939,28948,0,49148,49162,0,47186,47202,0,43824,43837,0,51559,51574,0,49425,49438,0,,384873,384984,0,1
SHV-HQ,PMT-1517,275552,265877,0.03511134014632444,292609,281618,0.03756207088640473,290044,279878,0.03504985450483378,263550,254594,0.03398216657180797,392795,379040,0.03501826652579587,313361,302837,0.03358426862308961,282749,273179,0.03384627355003911,345078,329573,0.04493187047566061,307509,296703,0.03514043491410013,303972,291910,0.03968128643427682,351757,336523,0.0433083065866493,274323,289233,0,,3693299,3580965,0.030415625704823812,222
SHV-HQ,PMT-1519,3958,4005,0,3160,3196,0,2726,2746,0,3020,3045,0,4239,4283,0,3413,3439,0,3575,3603,0,4438,4479,0,4890,4938,0,4158,4200,0,5083,5132,0,3584,3605,0,,46244,46671,0,13
SHV-HQ,PMT-152,31039,31034,0.00016108766390665608,30215,30211,0.00013238457719677577,33264,33261,9.018759018764033e-05,40709,40709,0,41590,41602,0,37462,37516,0,33395,33432,0,36252,36259,0,24364,24362,8.208832703993085e-05,29201,29202,0,28101,28096,0.00017792961104590166,28002,24166,0.13699021498464392,,393594,389850,0.009512340127136087,1
SHV-HQ,PMT-1520,7132,6952,0.025238362310712303,6659,6628,0.004655353656705219,6130,6101,0.004730831973898897,6549,6526,0.003511986562834024,6106,6076,0.004913200131018702,5498,5489,0.001636958894143281,5468,5455,0.002377468910021996,6813,5614,0.17598708351680614,6575,4378,0.33414448669201524,6415,7198,0,6748,6322,0.06312981624184943,10592,10952,0,,80685,77691,0.037107269009109545,6
SHV-HQ,PMT-1522,65565,64376,0.018134675512849863,70911,69696,0.017134154080467034,78657,77201,0.0185107492022325,92525,90883,0.017746554985139107,95981,94140,0.019180879549077434,94323,92578,0.01850025974576719,90465,88949,0.016757862156635217,104610,102743,0.017847242137462915,78662,90855,0,64771,66979,0,64758,64738,0.0003088421507767558,67394,65875,0.02253909843606261,,968622,969013,0,30
SHV-HQ,PMT-1524,70200,69969,0.003290598290598301,69000,68882,0.0017101449275361835,73800,74061,0,81200,83750,0,87849,84779,0.034946328358888556,77239,76725,0.006654669273294611,69380,69057,0.004655520322859652,75363,75051,0.0041399625811074925,69565,68846,0.010335657298929046,68036,68091,0,69125,68684,0.0063797468354430675,55914,55472,0.00790499695961655,,866671,863367,0.00381228863086458,28
SHV-HQ,PMT-1529,122474,124241,0,129002,130870,0,130748,132672,0,157644,160013,0,158886,161248,0,161269,163581,0,149815,151954,0,167702,168986,0,157590,160607,0,156054,157661,0,144952,147110,0,129523,131331,0,,1765659,1790274,0,1
SHV-HQ,PMT153,0,0,,0,0,,0,0,,0,0,,0,0,,0,0,,0,0,,0,0,,0,0,,0,0,,0,0,,0,0,,,0,0,,0
SHV-HQ,PMT-1530,67177,66744,0.006445658484302674,67101,67221,0,77872,78241,0,98340,98569,0,106737,107226,0,106054,106081,0,93684,93961,0,106062,102380,0.034715543738568,105144,108121,0,98624,98105,0.0052624107722257785,94984,94247,0.00775920154973464,80625,79849,0.009624806201550373,,1102404,1100745,0.0015048929430589997,36
SHV-HQ,PMT-1531,14507,14512,0,19324,19333,0,22623,22635,0,15319,15327,0,24467,24480,0,28997,29016,0,29688,29708,0,32733,32757,0,31422,31445,0,35703,35730,0,38421,38450,0,36104,36130,0,,329308,329523,0,1
SHV-HQ,PMT-1532,9725,9718,0.0007197943444730015,10060,10054,0.0005964214711730031,9567,9561,0.0006271558482282558,11017,11011,0.0005446128710174802,11884,11878,0.0005048805116122379,11237,11230,0.0006229420663877994,11442,11434,0.0006991784653033184,11689,11681,0.0006844041406450785,11117,11110,0.0006296662768732197,10825,10818,0.0006466512702077987,11482,11474,0.0006967427277477789,10149,10101,0.004729530002955951,,130194,130070,0.0009524248429266802,1
SHV-HQ,PMT-1533,24830,24832,0,22790,22792,0,20664,20665,0,23410,23412,0,23506,23506,0,24812,24813,0,21633,21634,0,26172,26173,0,25737,25737,0,29837,29837,0,37120,37122,0,37170,37170,0,,317681,317693,0,1
SHV-HQ,PMT-1534,62133,60570,0.025155714354690772,70358,68391,0.02795701981295662,77898,75420,0.031810829546329855,88341,85428,0.03297449655312934,87409,84721,0.030751982061343774,86010,83406,0.030275549354726206,76503,74133,0.03097917728716526,100775,98460,0.022971967253783143,106335,102586,0.03525650068180752,117113,113684,0.029279413899396256,130308,126259,0.031072535838168047,122908,119260,0.029680736811273478,,1126091,1092318,0.02999135949048526,140
SHV-HQ,PMT-1535,8286,8114,0.020757904899831092,8551,8350,0.02350602268740498,7979,7851,0.01604211054016791,9708,9518,0.019571487433044932,10345,10102,0.02348960850652493,9839,9631,0.021140359792661823,7221,7091,0.018003046669436418,8575,8397,0.020758017492711334,7847,7699,0.018860711099783378,9258,9046,0.022899114279542054,10992,10794,0.01801310043668125,10020,9854,0.016566866267465064,,108621,106447,0.02001454599018604,20
SHV-HQ,PMT-1537,36424,35937,0.013370305293213258,40304,39794,0.012653830885271944,40124,39604,0.012959824543913867,46133,45515,0.013396050549498217,48372,47731,0.013251467791284166,49119,48491,0.01278527657322015,42405,41871,0.012592854616200966,52377,51681,0.013288275388051995,46214,45560,0.014151555805600013,53091,52366,0.013655798534591534,56538,55752,0.01390215430330044,50441,49840,0.011914910489482788,,561542,554142,0.013177999152334086,157
SHV-HQ,PMT-1538,46301,46173,0.002764519124856868,43569,43428,0.003236245954692518,46847,46677,0.0036288342903494364,55800,55619,0.0032437275985662817,52143,51979,0.0031451968624743865,57342,56779,0.009818283282759577,51395,51695,0,48075,48020,0.00114404576183047,44307,44250,0.0012864784345588687,42908,42832,0.0017712314719865452,52262,52157,0.0020091079560674574,40089,40005,0.002095337873232017,,581038,579614,0.002450786351323009,21
SHV-HQ,PMT-1539,32366,32105,0.008064017796453049,29675,29432,0.00818871103622576,31057,30789,0.008629294522973896,37263,37022,0.00646754152913076,34304,34035,0.007841651119402937,33911,33679,0.006841437881513368,30994,30814,0.005807575659805164,33734,33541,0.005721230805715294,33289,32793,0.014899816756285822,32476,32506,0,39970,39570,0.010007505629221924,35089,34939,0.004274843968195108,,404128,401225,0.007183367645894334,30
SHV-HQ,PMT154,0,0,,0,0,,0,0,,0,0,,0,0,,0,0,,0,0,,0,0,,0,0,,0,0,,0,0,,0,0,,,0,0,,0
SHV-HQ,PMT-1540,194505,188172,0.03255957430400247,185314,180667,0.025076356886149953,169882,164894,0.029361556845339698,228032,220029,0.03509595144541122,220330,214658,0.025743203376753065,224065,217597,0.028866623524423707,194026,188764,0.02712007669075278,216385,209875,0.03008526469025119,206738,199933,0.03291605800578512,209705,205595,0.019598960444433877,228540,221434,0.03109302529097746,223340,215972,0.03299005999820903,,2500862,2427590,0.02929869780899541,97
SHV-HQ,PMT-1541,18183,18192,0,17386,17393,0,16658,16665,0,24028,24038,0,28574,28586,0,25686,25697,0,22641,22650,0,25927,25937,0,23896,23905,0,26086,26096,0,26907,26918,0,24352,24363,0,,280324,280440,0,1
SHV-HQ,PMT-1543,21275,21338,0,22162,22228,0,25140,25216,0,22508,22581,0,24427,24500,0,23523,23595,0,21712,21778,0,27525,27611,0,22756,22825,0,21159,21227,0,23171,23243,0,22483,22554,0,,277841,278696,0,2
SHV-HQ,PMT-1544,15094,14912,0.012057771299854192,16551,16062,0.029545042595613524,16382,16384,0,18232,17962,0.014809126810004347,20451,20136,0.015402669796097945,20778,20482,0.014245836942920365,19569,19232,0.017221115028872247,23311,22944,0.01574364034146969,21551,21229,0.014941302027748127,22827,22467,0.01577079773951895,23013,22608,0.01759874853343757,20846,20498,0.016693850139115396,,238605,234916,0.015460698644202742,84
SHV-HQ,PMT-1546,104458,102363,0.02005590763751941,99587,97626,0.019691325172964347,97528,95558,0.020199327372651954,108818,106790,0.0186366226175817,106984,105068,0.017909220070290832,100700,98936,0.017517378351539215,90791,89322,0.01618001784317824,106487,107023,0,100105,93714,0.0638429648868688,93544,93581,0,109557,107492,0.018848635869912478,106407,104160,0.021117031774225414,,1224966,1201633,0.019047875614506826,117
SHV-HQ,PMT-1547,12538,12517,0.001674908278832321,12177,12156,0.001724562700172405,13038,13015,0.0017640742445160784,14994,14969,0.0016673336001067351,12619,12598,0.0016641572232347634,12115,12096,0.0015683037556747381,12091,12069,0.0018195351914647162,14377,14353,0.0016693329623704845,14575,14550,0.0017152658662092923,13809,13783,0.001882830038380745,16114,16086,0.0017376194613379914,13278,13254,0.0018075011296881938,,161725,161446,0.0017251507188128512,1
SHV-HQ,PMT-1548,1023,1023,0,1341,1339,0.001491424310216205,975,974,0.0010256410256410664,887,886,0.0011273957158962622,784,784,0,0,0,,0,0,,1071,2856,0,921,918,0.0032573289902280145,1862,1869,0,1297,1311,0,1222,1191,0.0253682487725041,,11383,13151,0,1
SHV-HQ,PMT-1549,0,0,,0,0,,0,0,,0,0,,0,0,,0,0,,0,0,,0,0,,0,0,,0,0,,0,0,,0,0,,,0,0,,1
SHV-HQ,PMT-155,18822,18825,0,17930,17933,0,18067,18070,0,20318,20322,0,16756,16759,0,6455,6456,0,1937,1937,0,2088,2088,0,1671,1671,0,1327,1327,0,1678,1678,0,1502,1503,0,,108551,108569,0,1
SHV-HQ,PMT-1550,40829,39100,0.04234735114746868,35269,33857,0.04003515835436222,33193,31832,0.04100262103455543,39416,37787,0.04132839456058457,45653,43802,0.04054498061463652,57466,54336,0.05446698917620851,49846,47639,0.04427637122336803,56123,53170,0.052616574309997666,59400,53808,0.09414141414141419,57250,55015,0.03903930131004363,74002,71676,0.031431582930191104,76384,72441,0.051620758273984046,,624831,594463,0.048601941965107365,59
SHV-HQ,PMT-1551,0,0,,0,0,,0,0,,0,0,,0,0,,0,0,,0,0,,0,0,,0,0,,0,0,,0,0,,0,0,,,0,0,,1
SHV-HQ,PMT-1552,142232,140008,0.01563642499578155,149561,147113,0.016367903397276007,158802,156310,0.01569249757559732,142138,139930,0.015534199158564244,213857,210037,0.017862403381698977,177981,175264,0.01526567442592186,162613,159824,0.017151150277038174,193263,190044,0.016656059359525632,171948,169334,0.015202270453858135,159813,157172,0.016525564253220937,181396,177839,0.019609032172705043,162556,159564,0.018405964713698708,,2016160,1982439,0.01672535909848427,241
SHV-HQ,PMT-1553,7676,7663,0.0016935904116727185,10541,10525,0.0015178825538374463,13168,13149,0.00144289185905222,16733,16709,0.001434291519751385,17269,17247,0.0012739591174937281,16794,16770,0.0014290818149339524,14979,14960,0.0012684424861473254,17394,17370,0.0013797861331493744,16129,16108,0.001302002604005259,14092,14071,0.0014902072097644492,18519,18496,0.001241967708839553,16153,16134,0.0011762520893952022,,179447,179202,0.0013653056334181901,1
SHV-HQ,PMT-1555,336,339,0,287,290,0,275,278,0,298,302,0,292,295,0,247,254,0,311,316,0,470,471,0,346,350,0,260,266,0,264,270,0,309,315,0,,3695,3746,0,1
SHV-HQ,PMT-1556,28515,28520,0,30657,30661,0,30207,30210,0,29890,29893,0,29473,29475,0,28239,28241,0,25405,25407,0,26149,26151,0,26204,26207,0,26476,26480,0,28803,28807,0,21433,21437,0,,331451,331489,0,1
SHV-HQ,PMT-1557,119086,118377,0.005953680533396066,112563,111989,0.005099366576939102,86380,85724,0.007594350544107398,112858,111531,0.011758138545783225,108941,107622,0.012107471016421734,117971,116489,0.012562409405701414,109390,108211,0.0107779504525094,118123,116958,0.009862600848268288,116471,115188,0.011015617621553897,113192,111793,0.01235953070888407,123163,121739,0.01156191388647565,134340,132674,0.012401369659074013,,1372478,1358295,0.010333863275039712,25
SHV-HQ,PMT-1558,30525,30534,0,31017,31028,0,29775,29787,0,32323,32338,0,30056,30070,0,30558,30573,0,28769,28783,0,31507,31522,0,27925,27938,0,28419,28432,0,30292,30305,0,26225,26235,0,,357391,357545,0,1
SHV-HQ,PMT-156,159,158,0.0062893081761006275,1,1,0,5,6,0,0,0,,27,27,0,3,3,0,8,8,0,7,7,0,56,60,0,572,570,0.0034965034965035446,1013,1016,0,1723,1746,0,,3574,3602,0,1
SHV-HQ,PMT-1560,4744,4717,0.005691399662731911,4848,4811,0.00763201320132012,3757,3728,0.007718924673941974,4313,4278,0.008115001159285873,4081,4052,0.0071061014457241,4148,4110,0.009161041465766684,3384,3356,0.008274231678486954,3470,3440,0.008645533141210415,3181,3150,0.009745363093366821,3314,3289,0.007543753771876882,3475,3445,0.008633093525179825,3428,3396,0.009334889148191361,,46143,45772,0.008040222785687945,27
SHV-HQ,PMT-1561,55973,55964,0.0001607918103371242,53181,53174,0.00013162595663862575,62983,62976,0.00011114110156706936,70158,70152,8.552125203109551e-05,76735,76728,9.122304033359896e-05,69001,68994,0.00010144780510423779,66621,66616,7.505141021602046e-05,73996,73991,6.757122006595395e-05,73399,73393,8.174498290169918e-05,76575,76570,6.529546196543112e-05,81729,81722,8.564891287055065e-05,75718,75709,0.00011886209355771449,,836069,835989,9.568588238528797e-05,1
SHV-HQ,PMT-1562,626390,626620,0,147030,147080,0,459789,459880,0,35400,35440,0,87591,87630,0,347540,347800,0,943560,944240,0,586629,586940,0,293210,293350,0,506981,507240,0,122660,122680,0,140,140,0,,4156920,4159040,0,1
SHV-HQ,PMT-1563,12216,12217,0,9269,9269,0,11239,11238,8.897588753442598e-05,10732,10731,9.31792769287565e-05,15300,15299,6.535947712416057e-05,11061,11062,0,10424,10425,0,11738,11737,8.51933889930434e-05,12533,12533,0,12413,12414,0,11569,11567,0.00017287578874580767,13846,13847,0,,142340,142339,7.025432064100556e-06,1
SHV-HQ,PMT-1564,6131,6128,0.0004893165878323558,6112,6109,0.0004908376963350669,6480,6477,0.0004629629629629983,13552,13544,0.0005903187721369996,15739,15731,0.0005082915051781711,17015,17005,0.0005877167205406986,16976,16967,0.0005301602262016702,20106,20095,0.0005471003680493913,23068,23055,0.0005635512398127762,24542,24529,0.0005297041805883973,25591,25576,0.0005861435660974301,22419,22407,0.0005352602703064813,,197731,197623,0.0005461966004318697,1
SHV-HQ,PMT-1565,6548,6527,0.0032070861331704448,6581,6560,0.0031910044066251197,6538,6515,0.0035178953808504554,7164,7140,0.00335008375209378,6724,6700,0.0035693039857227493,6899,6880,0.0027540223220756666,6317,6296,0.00332436283045745,6767,6745,0.003251071375794279,6803,6774,0.004262825224165767,7935,7897,0.0047889098928796114,8357,8312,0.005384707430896252,7654,7445,0.027305983799320588,,84287,83791,0.005884655996772903,4
SHV-HQ,PMT-1566,16172,16176,0,16138,16143,0,16218,16223,0,14707,14710,0,14798,14804,0,15395,15399,0,13824,13827,0,14185,14189,0,9145,9146,0,1470,1470,0,1755,1756,0,1455,1455,0,,135262,135298,0,1
SHV-HQ,PMT-1567,34513,34544,0,33487,33516,0,23371,23391,0,790,792,0,390,390,0,239,240,0,0,0,,0,0,,288,288,0,4095,4099,0,18570,18586,0,20266,20283,0,,136009,136129,0,1
SHV-HQ,PMT-1568,12407,12420,0,13790,13803,0,14195,14209,0,11810,11820,0,19398,19415,0,12629,12640,0,11642,11653,0,12890,12897,0,12769,12777,0,15670,15679,0,15137,15148,0,13460,13482,0,,165797,165943,0,1
SHV-HQ,PMT-1569,69899,71615,0,66041,67730,0,64821,66369,0,74848,76607,0,74208,75933,0,71121,72853,0,66396,68043,0,71180,72941,0,66371,68011,0,69495,71195,0,71101,72846,0,66458,68085,0,,831939,852228,0,1
SHV-HQ,PMT-157,280,281,0,295,297,0,252,253,0,259,261,0,250,252,0,290,291,0,377,378,0,342,343,0,352,353,0,367,369,0,327,327,0,229,230,0,,3620,3635,0,1
SHV-HQ,PMT-1570,15008,14907,0.006729744136460547,14892,14792,0.0067150147730324905,13297,13209,0.006618034143039742,14333,14236,0.00676759924649406,14819,14726,0.006275727107092233,14830,14735,0.006405933917734363,15101,14999,0.006754519568240469,17433,17312,0.006940859289852552,13819,13727,0.006657500542731065,14867,14763,0.006995358848456368,14439,14339,0.006925687374471967,13027,12700,0.025101711829277673,,175865,174445,0.008074375231001074,9
SHV-HQ,PMT-1571,3870,3903,0,3835,3866,0,3436,3464,0,3796,3826,0,3195,3221,0,3250,3176,0.022769230769230764,3166,3288,0,3079,3102,0,3096,3117,0,2920,2959,0,3375,3401,0,3185,3213,0,,40203,40536,0,2
SHV-HQ,PMT-1572,9697,9466,0.02382180055687322,10446,10264,0.01742293700938158,9692,9522,0.017540239372678457,11605,11393,0.01826798793623441,10070,9869,0.019960278053624658,10513,10081,0.041091981356415896,10150,10189,0,10768,10546,0.020616641901931687,10767,10560,0.019225410977988244,10687,10476,0.01974361373631517,11924,11670,0.021301576652130172,11190,10965,0.020107238605898137,,127509,125001,0.019669199821189087,8
SHV-HQ,PMT-1573,9650,9760,0,9239,9351,0,9233,9365,0,8372,8464,0,9220,9263,0,7188,7249,0,5551,5604,0,5749,5816,0,5469,5524,0,5105,5165,0,6332,6414,0,5897,5955,0,,87005,87930,0,5
SHV-HQ,PMT-1574,6361,6343,0.0028297437509825496,6330,6302,0.004423380726698234,5499,5478,0.003818876159301654,6085,6056,0.004765817584223453,5437,5412,0.004598123965422141,5816,5790,0.004470426409903694,5005,4967,0.007592407592407646,4410,4353,0.01292517006802718,5043,4961,0.016260162601625994,5697,5585,0.019659469896436743,6845,6689,0.02279035792549311,6988,6591,0.05681167716084712,,69516,68527,0.014226940560446488,2
SHV-HQ,PMT-1576,3237,3150,0.026876737720111232,4927,4927,0,9904,9978,0,9270,9329,0,8085,8135,0,8593,8638,0,8341,8383,0,8725,8770,0,8428,8457,0,7633,7673,0,8140,8179,0,10275,10293,0,,95558,95912,0,3
SHV-HQ,PMT-1577,84900,84089,0.009552414605418114,91073,90123,0.010431192559814617,87657,86717,0.010723615912020756,81032,80058,0.01201994273867113,112585,112063,0.004636496869032336,95288,94900,0.004071866342036823,92559,92009,0.0059421558141293795,101528,100823,0.006943897250019648,90154,89572,0.006455620382900373,91376,90509,0.009488268254246202,106188,105377,0.007637397822729541,98145,98015,0.00132457078811965,,1132485,1124255,0.007267204422133577,59
SHV-HQ,PMT-1578,49277,48769,0.010309069139760929,26141,43305,0,67149,48828,0.2728409953982933,50761,50045,0.014105317074131762,71247,70136,0.01559363903041533,65151,64277,0.013414989792942533,48981,48398,0.01190257446765075,64886,64042,0.013007428412908806,62430,61662,0.012301777991350349,56253,55564,0.012248235649654271,68533,67710,0.01200881327243808,54080,53107,0.017991863905325478,,684889,675843,0.013207979687219429,57
SHV-HQ,PMT-1579,10898,10880,0.0016516792071940012,9314,9295,0.0020399398754562537,10996,10976,0.0018188432157147938,14514,14491,0.001584676863717771,15097,15073,0.0015897198118831612,6780,6766,0.0020648967551621933,3032,3023,0.002968337730870685,10728,10705,0.002143922445935864,9573,9551,0.0022981301577352786,10293,10268,0.0024288351306713807,9976,9950,0.002606255012028824,9455,9470,0,,120656,120448,0.001723909295849313,1
SHV-HQ,PMT158,0,0,,0,0,,0,0,,0,0,,0,0,,0,0,,0,0,,0,0,,0,0,,0,0,,0,0,,0,0,,,0,0,,0
SHV-HQ,PMT-1580,9270,9280,0,8144,8153,0,11101,11115,0,14756,14773,0,15111,15128,0,13397,13414,0,11160,11175,0,13664,13680,0,14431,14448,0,14713,14729,0,15669,15689,0,14365,14380,0,,155781,155964,0,1
SHV-HQ,PMT-1581,143345,146723,0,144812,148143,0,141493,144733,0,151320,155223,0,175886,180595,0,161952,166069,0,137228,140192,0,163378,166566,0,161795,164719,0,165600,169079,0,161598,164746,0,175909,179591,0,,1884316,1926379,0,1
SHV-HQ,PMT-1582,16161,16227,0,16238,16170,0.004187707845793809,17087,17092,0,19434,19433,5.145621076463325e-05,19503,19501,0.0001025483258986215,17712,17710,0.00011291779584465811,16853,13902,0.17510235566368004,19836,22780,0,17881,18013,0,18949,18887,0.003271940471792689,18304,18544,0,16319,15851,0.028678227832587777,,214277,214110,0.0007793650275110808,1
SHV-HQ,PMT-1583,109544,107964,0.014423428028919938,101541,100167,0.013531479894820841,113967,112091,0.016460905349794275,114678,112986,0.014754355674148512,156827,154286,0.016202567159991577,135853,133657,0.01616453077959268,123308,121343,0.015935705712524784,131679,129559,0.01609975774421135,123672,121663,0.016244582443883826,109524,107771,0.016005624338044644,121998,127891,0,126887,116187,0.08432699961382961,,1469478,1445565,0.016273125558871948,218
SHV-HQ,PMT-1584,29329,29334,0,27255,27259,0,27944,27949,0,33699,33706,0,32606,32612,0,33403,33410,0,28258,28263,0,30872,30878,0,28791,28797,0,25936,25939,0,28098,28104,0,28018,28022,0,,354209,354273,0,1
SHV-HQ,PMT-1585,44598,44595,6.72675904749287e-05,30957,30955,6.460574345057424e-05,29546,29544,6.76910580111878e-05,41203,41201,4.854015484312413e-05,31708,31706,6.307556452633811e-05,45068,45067,2.2188692642255425e-05,60169,60167,3.3239708155385905e-05,70674,70670,5.6597900217947306e-05,73256,73254,2.730151796437319e-05,69655,69653,2.8712942358732896e-05,76121,76118,3.941093784898264e-05,11439,11437,0.0001748404580820262,,584394,584367,4.6201706383031116e-05,1
SHV-HQ,PMT-1586,3669,3669,0,3819,3824,0,3996,3998,0,4381,4384,0,4450,4454,0,3875,3878,0,3797,3798,0,4852,4853,0,4333,4333,0,5296,5299,0,4396,4394,0.00045495905368519995,6179,6177,0.00032367697038360177,,53043,53061,0,1
SHV-HQ,PMT-1587,12181,12184,0,12516,12518,0,13332,13335,0,12569,12571,0,11677,11681,0,10843,10844,0,10568,10570,0,10313,10316,0,8196,8197,0,7980,7982,0,8433,8433,0,11133,11136,0,,129741,129767,0,1
SHV-HQ,PMT-1588,50462,50446,0.00031707027069871607,49293,49278,0.00030430284218851966,47961,47944,0.00035445466107875134,43926,43910,0.00036424896416697994,58267,58245,0.0003775722106852397,52845,52826,0.00035954205695898356,48700,48681,0.0003901437371662819,52390,52371,0.00036266463065470766,48933,48916,0.0003474138107207869,47098,47082,0.00033971718544312246,49107,49089,0.00036654652086265394,44383,44369,0.00031543609039497156,,593365,593157,0.0003505430889924055,1
SHV-HQ,PMT-1589,21892,21882,0.00045678786771419233,23416,23408,0.0003416467372736598,21314,21309,0.00023458759500794013,19749,19744,0.0002531773760696687,27067,27060,0.00025861750471056766,25545,25537,0.0003131728322568472,23478,23471,0.00029815146094214207,23269,23262,0.00030082942971332294,19212,19206,0.00031230480949406836,18931,18925,0.0003169404680154475,18832,18825,0.0003717077315208428,14473,14469,0.0002763767014440921,,257178,257098,0.0003110685984026862,1
SHV-HQ,PMT-1590,16263,16259,0.0002459570804894673,18274,18271,0.0001641676699135619,18718,18714,0.0002136980446628689,20765,20762,0.00014447387430771563,21656,21653,0.00013852973771699695,21741,21738,0.00013798813302057233,16838,16834,0.00023755790473922733,18739,18737,0.00010672928117827496,16687,16684,0.00017978066758550515,21010,21004,0.00028557829604947127,19558,19554,0.0002045198895592737,16871,16866,0.0002963665461442888,,227120,227076,0.00019373018668544795,1
SHV-HQ,PMT-1591,27009,27013,0,25789,25794,0,28465,28470,0,35748,35754,0,38096,38103,0,35369,35375,0,29602,29608,0,31725,31732,0,27544,27550,0,27333,27338,0,31431,31437,0,27880,27886,0,,365991,366060,0,1
SHV-HQ,PMT-1593,16526,16529,0,15441,15443,0,17263,17267,0,20765,20769,0,22153,22159,0,23043,23049,0,19187,19191,0,23495,23500,0,19512,19517,0,20448,20452,0,22943,22948,0,20301,20305,0,,241077,241129,0,1
SHV-HQ,PMT-1595,2007,2002,0.0024912805181863673,1866,1863,0.001607717041800627,1856,1852,0.0021551724137931494,2256,2252,0.0017730496453900457,2326,2322,0.0017196904557179593,2359,2356,0.0012717253073336598,1971,1970,0.0005073566717402889,2246,2241,0.0022261798753339113,2143,2142,0.00046663555762949116,2331,2326,0.0021450021450021284,2394,2389,0.002088554720133695,2237,2234,0.0013410818059901297,,25992,25949,0.0016543551862111538,18
SHV-HQ,PMT-1596,25917,25920,0,22544,22558,0,26125,26134,0,26729,26737,0,19366,19375,0,26396,26408,0,24457,24465,0,26449,26459,0,19479,19488,0,23375,23381,0,24230,24241,0,26661,26668,0,,291728,291834,0,1
SHV-HQ,PMT-1597,17259,16942,0.01836722869227647,17918,17612,0.017077798861480087,17674,17370,0.017200407378069493,18878,18558,0.016950948193664606,19297,18986,0.016116494791936553,19465,19143,0.01654251220138714,18568,18271,0.015995260663507094,20281,19952,0.016222079779103615,18502,18206,0.015998270457247887,20322,19974,0.01712429878948918,20982,20647,0.01596606615193974,19465,19124,0.017518623169791914,,228611,224785,0.016735852605517687,255
SHV-HQ,PMT-1599,16286,16266,0.0012280486307257865,15115,15098,0.0011247105524313517,16277,16257,0.0012287276525158042,19288,19263,0.0012961426793861586,19277,19253,0.0012450070031644334,20203,20178,0.0012374399841608152,16899,16878,0.001242677081484067,19124,19098,0.0013595482116711688,19197,19174,0.0011981038703964275,19283,19243,0.0020743660218845994,20972,20793,0.008535189776845309,20565,20716,0,,222486,222217,0.0012090648400349124,1
SHV-HQ,PMT-160,12531,12524,0.0005586146357035027,9347,9342,0.0005349309939017832,24175,24161,0.0005791106514995148,38257,38237,0.0005227801448101088,149192,149115,0.0005161134645289556,0,0,,0,0,,0,0,,0,0,,0,0,,0,0,,0,0,,,233502,233379,0.0005267620834082942,1
SHV-HQ,PMT-160,0,0,,0,0,,0,0,,0,0,,0,23587,0,0,0,,0,0,,0,0,,0,0,,0,0,,0,0,,0,0,,,0,23587,0,0
SHV-HQ,PMT-1600,2830,2822,0.002826855123674865,2742,2734,0.0029175784099197966,3145,3134,0.0034976152623211743,3207,3198,0.00280636108512633,2222,2219,0.0013501350135013412,2697,2738,0,2843,2776,0.02356665494196275,2594,2587,0.002698535080956077,2768,2756,0.00433526011560692,2476,2463,0.00525040387722131,3718,3701,0.004572350726196883,3433,3415,0.0052432274978153615,,34675,34543,0.003806777217015167,1
SHV-HQ,PMT-1601,21381,21384,0,20401,20405,0,18070,18072,0,17275,17275,0,15803,15805,0,19759,19765,0,18199,18209,0,19126,19133,0,19439,19444,0,18960,18967,0,20851,20857,0,21624,21629,0,,230888,230945,0,1
SHV-HQ,PMT-1602,211597,207149,0.021021091981455298,204362,199542,0.023585598105322902,194320,189809,0.023214285714285743,226784,221106,0.02503703965006354,222171,216653,0.024836724865081372,249460,242922,0.026208610598893567,213338,208336,0.023446362110828844,248767,242428,0.025481675624178468,217571,212302,0.024217381912111424,222961,217149,0.026067339131058742,237646,231294,0.02672883196014242,237091,230720,0.02687153877625048,,2686068,2619410,0.024816199738800337,407
SHV-HQ,PMT-1603,75666,75690,0,73544,73570,0,63585,63611,0,68901,68929,0,68463,68490,0,68162,68191,0,61447,61476,0,6963,6963,0,2,2,0,2,2,0,0,0,,0,0,,,486735,486924,0,1
SHV-HQ,PMT-1604,11821,11823,0,11500,11502,0,11505,11506,0,13263,13265,0,14733,14737,0,14123,14128,0,13736,13742,0,14774,14777,0,11500,11504,0,10451,10455,0,10367,10371,0,9428,9432,0,,147201,147242,0,1
SHV-HQ,PMT-1605,4733,4731,0.0004225649693639921,3803,3800,0.0007888509071785066,4454,4452,0.00044903457566236593,5381,5375,0.0011150343802267537,5659,5652,0.0012369676621311054,6892,6886,0.0008705745792222386,5468,5465,0.000548646671543529,5882,5879,0.0005100306018360756,5367,5365,0.00037264766163591645,5234,5230,0.0007642338555597927,6372,6367,0.0007846829880727713,5423,5418,0.000921998893601339,,64668,64620,0.0007422527370569698,1
SHV-HQ,PMT-1606,26782,26676,0.0039578821596594205,23772,23801,0,26113,26146,0,23434,23465,0,21697,21726,0,22215,22244,0,18867,18893,0,22639,22668,0,20127,20154,0,21273,21300,0,23187,23217,0,21505,21533,0,,271611,271823,0,1
SHV-HQ,PMT-1607,8333,8330,0.0003600144005759809,8813,8809,0.00045387495744919626,9861,9858,0.00030422878004254805,10989,10986,0.00027300027300025675,15475,15468,0.0004523424878837279,11443,11439,0.0003495586821637975,10769,10765,0.00037143653078275385,9303,9300,0.00032247662044504466,8486,8482,0.00047136460051855344,9220,9217,0.00032537960954448497,7624,7622,0.0002623294858341563,6649,6646,0.00045119566852158677,,116965,116922,0.0003676313427093403,1
SHV-HQ,PMT-1608,10656,10654,0.00018768768768773203,7901,7899,0.00025313251487157906,10124,10122,0.00019755037534574527,12063,12061,0.00016579623642543062,14424,14423,6.93288962839711e-05,12391,12389,0.00016140747316595316,10211,10209,0.00019586720203701447,11116,11114,0.00017992083483264754,9609,9607,0.00020813820376730519,10049,10047,0.00019902477858491086,11164,11161,0.0002687208885704395,10657,10654,0.00028150511400959477,,130365,130340,0.00019176926322250765,1
SHV-HQ,PMT-1609,9331,9326,0.0005358482477761939,13544,13538,0.0004430005906674861,9176,9171,0.0005448997384481791,18125,18116,0.0004965517241379835,14171,14164,0.0004939665514077651,12113,12107,0.0004953355898621448,12169,12163,0.0004930561262224131,12790,12784,0.0004691164972634443,12754,12747,0.0005488474204171645,14079,14071,0.000568222174870403,20580,20573,0.0003401360544217358,39480,39461,0.00048125633232021237,,188312,188221,0.0004832405794639172,1
SHV-HQ,PMT-161,61928,60366,0.025222839426430665,61307,59575,0.028251260051870064,59281,57530,0.02953728850727888,69392,67417,0.0284614941203597,68325,66225,0.03073545554335899,69824,67895,0.027626604032997215,64005,62274,0.0270447621279587,66418,64593,0.027477491041585145,65894,63895,0.030336601208000746,60899,59461,0.023612867206358024,71359,69346,0.028209476029652847,60934,59136,0.029507335805953994,,779566,757713,0.02803226410592563,232
SHV-HQ,PMT-1610,7102,7357,0,6569,6795,0,7405,7668,0,7341,7600,0,8360,8653,0,8258,8550,0,7585,7856,0,7680,7952,0,6436,6660,0,6198,6411,0,9522,9802,0,8587,8848,0,,91043,94152,0,2
SHV-HQ,PMT-1611,1792,1793,0,2063,2064,0,2369,2369,0,2105,2106,0,2551,2551,0,2853,2853,0,2924,2924,0,2739,2786,0,1713,2618,0,1281,2978,0,2024,2916,0,2771,2771,0,,27185,30729,0,1
SHV-HQ,PMT-1612,2604,2609,0,2753,2758,0,2632,2636,0,2477,2481,0,2443,2447,0,3264,3267,0,2917,2922,0,3185,3188,0,2739,2744,0,3371,3374,0,2596,2600,0,2886,2891,0,,33867,33917,0,1
SHV-HQ,PMT-1613,1461,1462,0,1471,1473,0,1472,1474,0,2031,2034,0,1802,1804,0,1713,1716,0,1736,1738,0,2066,2069,0,1832,1834,0,2105,2107,0,2069,2071,0,2016,2017,0,,21774,21799,0,1
SHV-HQ,PMT-1614,2851,2850,0.00035075412136087447,4026,4024,0.0004967709885742577,2715,2714,0.00036832412523024605,3562,3560,0.0005614823133071045,2688,2687,0.00037202380952383596,4229,4227,0.00047292504138096714,3230,3229,0.0003095975232197956,4573,4571,0.0004373496610540206,5035,5033,0.0003972194637537063,4009,4007,0.0004988775255674316,4130,4128,0.0004842615012106144,2801,2800,0.000357015351660106,,43849,43830,0.00043330520650408655,1
SHV-HQ,PMT-1615,50380,49047,0.02645891226677255,55224,53700,0.027596697088222544,68659,66083,0.037518752093680385,68406,65271,0.04582931321813877,102477,98534,0.03847692652985546,90635,87609,0.03338666078225849,86236,83602,0.03054408831578459,111182,107065,0.03702937525858507,103540,99747,0.03663318524241843,105408,101267,0.0392854432301154,121691,117287,0.03619002226951873,96258,93309,0.030636414635666687,,1060096,1022521,0.03544490310311521,81
SHV-HQ,PMT-1616,71260,70240,0.014313780522032027,75045,73750,0.01725631287893925,78310,76540,0.02260247733367382,0,83784,0,90814,97988,0,99111,90998,0.08185771508712458,87237,92426,0,107514,105379,0.019857878973901122,92258,90436,0.01974896485941602,104919,102639,0.021731049666885882,121104,118237,0.023673867089443745,112207,109772,0.021700963398005424,,1039779,1112189,0,263
SHV-HQ,PMT-1617,45521,45625,0,31577,31578,0,34226,34137,0.002600362297668468,42818,42930,0,49759,49774,0,52331,52348,0,50406,50421,0,62355,62375,0,54456,54473,0,58387,58406,0,65286,65309,0,52379,52396,0,,599501,599772,0,1
SHV-HQ,PMT-1618,1689,1691,0,1674,1674,0,980,980,0,1139,1139,0,1427,1429,0,1121,1121,0,983,983,0,1073,1074,0,861,861,0,978,979,0,0,918,0,394,623,0,,12319,13472,0,1
SHV-HQ,PMT-1619,156,175,0,182,201,0,116,138,0,119,136,0,137,154,0,144,163,0,146,162,0,115,132,0,160,177,0,144,158,0,162,182,0,115,138,0,,1696,1916,0,1
SHV-HQ,PMT-162,2343,2319,0.010243277848911658,5124,5062,0.012099921935987523,2519,2495,0.009527590313616496,2324,2302,0.009466437177280573,2259,2232,0.01195219123505975,2281,2253,0.012275317843051248,2253,2226,0.011984021304926817,2235,2201,0.015212527964205802,2098,2071,0.012869399428026673,2044,2017,0.013209393346379605,2462,2429,0.013403736799350141,2098,2068,0.014299332697807476,,30040,29675,0.012150466045272923,4
SHV-HQ,PMT-1621,25950,25955,0,28250,28255,0,34065,34070,0,29578,29583,0,27997,28000,0,26335,26339,0,30359,30364,0,26760,26763,0,26616,26621,0,28797,28801,0,44590,44598,0,28882,28888,0,,358179,358237,0,1
SHV-HQ,PMT-1622,1413,1411,0.0014154281670205604,1639,1636,0.0018303843807199183,1912,1909,0.001569037656903749,1994,1989,0.0025075225677031465,2068,2061,0.0033849129593810368,3021,3018,0.0009930486593843213,1731,1730,0.0005777007510109344,2604,2602,0.0007680491551459445,3516,3517,0,2296,2297,0,1686,1687,0,1400,1401,0,,25280,25258,0.0008702531645569112,1
SHV-HQ,PMT-1623,17150,17644,0,19210,19777,0,17524,18029,0,19257,19823,0,18582,19129,0,17667,18222,0,16381,16916,0,14827,15369,0,13799,14333,0,12651,13141,0,12644,13143,0,12608,13054,0,,192300,198580,0,1
SHV-HQ,PMT-1624,577,579,0,486,486,0,339,341,0,525,525,0,352,352,0,351,353,0,397,398,0,502,503,0,476,476,0,504,506,0,439,435,0.009111617312072884,316,314,0.006329113924050667,,5264,5268,0,1
SHV-HQ,PMT-1625,3784,3775,0.0023784355179704564,3719,3711,0.002151115891368627,3317,3310,0.002110340669279509,3595,3589,0.0016689847009735415,3397,3391,0.0017662643508978837,797,3475,0,2076,3308,0,3524,3518,0.0017026106696935717,3329,3324,0.0015019525382997667,3610,3603,0.0019390581717451116,3672,3665,0.0019063180827886272,3594,3466,0.035614913745130816,,38414,42135,0,1
SHV-HQ,PMT-1626,7919,7866,0.006692764237908877,6682,6632,0.0074827895839568725,5729,5685,0.007680223424681443,7708,7650,0.007524649714582221,12679,12587,0.007256092751794285,10372,10303,0.006652526031623585,9481,9422,0.0062229722603101,8779,8718,0.006948399589930543,11669,11574,0.00814122889707769,12404,12317,0.007013866494679166,13203,13109,0.007119594031659515,12128,12047,0.0066787598944590965,,118753,117910,0.007098768031123415,14
SHV-HQ,PMT-1628,6646,7148,0,6906,7411,0,6688,7147,0,7411,7939,0,7646,8125,0,7445,7958,0,6491,7009,0,7583,8092,0,6705,7196,0,6751,7281,0,6170,6697,0,5978,6474,0,,82420,88477,0,1
SHV-HQ,PMT-163,4097,4213,0,4211,4155,0.013298503918309224,3751,3705,0.01226339642761931,4490,4432,0.012917594654788367,3684,3617,0.01818675352877308,4580,4594,0,4903,4768,0.02753416275749543,3715,5708,0,3648,3594,0.014802631578947345,3376,3357,0.005627962085308025,3715,3674,0.01103633916554514,3230,3196,0.010526315789473717,,47400,49013,0,16
SHV-HQ,PMT-1630,19442,19454,0,19109,19115,0,17077,17075,0.0001171165895649251,16591,16580,0.0006630100656982441,17566,17563,0.00017078446999885255,17056,17041,0.0008794559099437604,15131,15114,0.0011235212477694878,13448,13441,0.0005205234979178686,14465,14458,0.0004839267196681263,11659,11656,0.0002573119478513908,15103,15099,0.00026484804343507307,13396,13398,0,,190043,189994,0.00025783638439724754,1
SHV-HQ,PMT-1632,1498,1568,0,1263,1340,0,1063,1122,0,2339,2361,0,1656,1686,0,1331,1385,0,1239,1311,0,1002,1097,0,915,971,0,1108,1161,0,1140,1192,0,1056,1136,0,,15610,16330,0,1
SHV-HQ,PMT-1633,64,61,0.046875,56,53,0.0535714285714286,58,54,0.06896551724137934,69,66,0.04347826086956519,0,51,0,17,36,0,20,42,0,28,62,0,21,56,0,35,69,0,28,60,0,37,68,0,,433,678,0,1
SHV-HQ,PMT-1634,22598,22639,0,19086,19116,0,16179,16206,0,18982,19013,0,20461,20497,0,24046,24088,0,26156,26205,0,24554,24598,0,29424,29478,0,26802,26849,0,24995,25034,0,24654,24701,0,,277937,278424,0,1
SHV-HQ,PMT-1635,4202,4100,0.0242741551642075,4170,4191,0,3855,3818,0.009597924773022015,4580,4534,0.010043668122270755,4411,4400,0.0024937655860348684,4793,4620,0.0360943041936157,5457,5498,0,7657,7588,0.009011362152278934,8664,8574,0.010387811634348987,8129,8046,0.010210357977611051,10859,10761,0.009024772078460308,11127,11022,0.009436505796710737,,77904,77152,0.009652906140891315,7
SHV-HQ,PMT-1636,133292,133484,0,123394,123575,0,128366,128550,0,160512,160720,0,162954,163165,0,165067,165275,0,143151,143339,0,162792,163001,0,160516,160716,0,161550,161749,0,172555,172760,0,162053,162240,0,,1836202,1838574,0,1
SHV-HQ,PMT-1638,13336,14091,0,11935,12696,0,12244,12926,0,15380,16149,0,15077,15820,0,14590,15354,0,12302,13033,0,12908,13664,0,13420,14208,0,11849,12602,0,12614,13414,0,12044,12818,0,,157699,166775,0,1
SHV-HQ,PMT-164,2753,2715,0.0138031238648747,3006,2980,0.008649367930805063,2930,2892,0.012969283276450527,3321,3281,0.012044564890093312,3063,3030,0.010773751224289918,2978,2937,0.013767629281396965,2808,2780,0.009971509971509973,2961,2925,0.012158054711246202,2869,2837,0.011153712094806534,2978,2936,0.01410342511752849,2877,2837,0.013903371567605127,2775,2745,0.010810810810810811,,35319,34895,0.012004869900053783,24
SHV-HQ,PMT-1640,28442,29490,0,27741,28806,0,27810,28756,0,33964,35069,0,37585,38707,0,36461,37575,0,29939,30994,0,31789,32865,0,34888,35994,0,36135,37260,0,45075,46353,0,37065,38211,0,,406894,420080,0,1
SHV-HQ,PMT-1641,48407,49290,0,47493,48356,0,43955,44736,0,47705,48555,0,47113,47960,0,44835,45697,0,42182,43016,0,46886,47781,0,42644,43458,0,44684,45532,0,46519,47396,0,32035,32643,0,,534458,544420,0,1
SHV-HQ,PMT-1643,30166,30168,0,28856,28858,0,27827,27826,3.5936320839424774e-05,33256,33259,0,32098,32101,0,35758,35764,0,29782,29787,0,33187,33191,0,33935,33935,0,31945,31950,0,35574,35582,0,32732,33036,0,,385116,385457,0,1
SHV-HQ,PMT-1644,47244,47258,0,47090,47091,0,41820,41834,0,41382,41385,0,45036,45046,0,44602,44623,0,41082,41083,0,46169,46189,0,43376,43066,0.007146809295462964,42807,43131,0,44586,44644,0,33574,33530,0.0013105379162446917,,518768,518880,0,1
SHV-HQ,PMT-1646,12432,12450,0,10705,10726,0,10940,10948,0,13380,13411,0,11362,11390,0,11167,10671,0.044416584579564766,10853,27129,0,11655,7243,0.3785499785499785,10575,10576,0,10888,10885,0.00027553269654667645,11252,11161,0.008087451119800915,11574,11640,0,,136783,148230,0,1
SHV-HQ,PMT-1649,19268,19257,0.0005708947477682802,19025,19015,0.0005256241787122695,17328,17311,0.0009810710987996352,15469,15465,0.00025858167948800137,19856,19843,0.0006547139403706437,16315,16303,0.0007355194606191162,15206,15196,0.0006576351440220618,17155,17141,0.0008160886039055848,16289,16276,0.0007980845969672856,16800,16787,0.0007738095238095655,17091,17076,0.00087765490609093,16241,16229,0.0007388707591896582,,206043,205899,0.0006988832428181935,1
SHV-HQ,PMT-165,111600,109763,0.01646057347670249,106000,104193,0.017047169811320706,115400,113337,0.01787694974003462,142800,139822,0.020854341736694648,136200,133525,0.019640234948605007,156800,153932,0.018290816326530623,148200,146744,0.009824561403508736,153600,141969,0.07572265624999996,153800,156866,0,147200,143397,0.02583559782608691,181521,176978,0.0250274072972273,171791,168067,0.02167750347806341,,1724912,1688593,0.021055566892687838,43
SHV-HQ,PMT-1650,9052,9057,0,884,883,0.0011312217194570096,738,737,0.0013550135501354532,427,422,0.011709601873536313,390,394,0,353,351,0.005665722379603388,279,278,0.0035842293906810374,275,274,0.0036363636363636598,364,362,0.005494505494505475,5625,5627,0,10944,10950,0,10966,10903,0.005745030093014747,,40297,40238,0.0014641288433382416,1
SHV-HQ,PMT-1651,9597,9603,0,8222,8259,0,9307,9283,0.002578704201138926,12053,12060,0,11675,11684,0,12357,12365,0,10095,10099,0,10729,10741,0,9645,9653,0,9069,9076,0,10488,10499,0,9820,9826,0,,123057,123148,0,1
SHV-HQ,PMT-1653,4940,4944,0,5016,5022,0,5031,5026,0.0009938382031404736,4450,0,1,4686,9131,0,4029,4030,0,4175,4176,0,4309,4311,0,4157,4150,0.0016839066634591893,3903,3984,0,3765,3773,0,4199,4172,0.006430102405334592,,52660,52719,0,1
SHV-HQ,PMT-1654,13104,12869,0.01793345543345548,18102,17901,0.011103745442492596,21365,21159,0.009641937748654295,17802,17459,0.019267498033928798,24254,23916,0.013935845633709865,24740,24378,0.014632174616006521,21593,21279,0.014541749641087343,20742,20586,0.007520971940989329,32788,32356,0.013175552031230886,33457,32858,0.0179035777266342,41304,40633,0.01624539996126284,42007,41594,0.00983169471754708,,311258,306988,0.013718522897403496,42
SHV-HQ,PMT-1656,3311,3293,0.00543642404107525,3851,3819,0.008309529992209796,4128,4097,0.007509689922480578,5495,5447,0.008735213830755262,4341,4302,0.008984105044920532,5252,5205,0.008948971820259,6184,6135,0.007923673997412672,5863,5798,0.011086474501108667,5657,5621,0.006363797065582433,5241,5183,0.011066590345353955,6665,6619,0.006901725431357808,6631,6574,0.008595988538681931,,62619,62093,0.008400006387837555,6
SHV-HQ,PMT-1658,223,224,0,258,259,0,145,145,0,377,378,0,608,609,0,369,369,0,159,159,0,249,249,0,621,621,0,802,803,0,550,550,0,480,482,0,,4841,4848,0,1
SHV-HQ,PMT-1659,437,967,0,471,1009,0,409,905,0,841,1437,0,1602,2163,0,1045,1535,0,238,742,0,246,758,0,239,772,0,175,700,0,230,749,0,196,694,0,,6129,12431,0,1
SHV-HQ,PMT-166,31291,31269,0.0007030775622383079,18675,18664,0.0005890227576974549,15735,15726,0.0005719733079122546,37526,37500,0.0006928529552843177,17299,17285,0.000809295334990412,17574,17571,0.00017070672584496016,32032,32019,0.00040584415584410394,20432,20420,0.0005873140172278912,42060,42036,0.0005706134094151105,22845,22836,0.0003939592908732692,15914,15910,0.00025135101168782814,21579,21564,0.0006951202558042047,,292962,292800,0.0005529727404919305,1
SHV-HQ,PMT-1661,1782,1782,0,1720,1720,0,1537,1536,0.0006506180871828082,1520,1520,0,1735,1735,0,1698,1697,0.0005889281507656108,1727,1726,0.0005790387955992848,1666,1665,0.0006002400960384291,950,1578,0,0,1857,0,965,2116,0,3120,3127,0,,18420,22059,0,1
SHV-HQ,PMT-1662,0,0,,242,246,0,1233,1240,0,1331,1340,0,797,805,0,1269,1281,0,932,942,0,1307,1317,0,1058,1069,0,967,973,0,1041,1070,0,1054,1039,0.014231499051233443,,11231,11322,0,1
SHV-HQ,PMT-1663,13980,13889,0.006509298998569335,13401,13316,0.0063428102380419515,12642,12565,0.006090808416389759,12064,11993,0.005885278514588865,14700,14615,0.005782312925170063,11466,11403,0.005494505494505475,10842,10786,0.005165098690278591,15934,15820,0.007154512363499399,13577,13481,0.007070781468660248,16927,16805,0.007207420098068185,16628,16510,0.007096463796006702,16988,16866,0.007181539910525059,,169149,168049,0.006503142200072087,1
SHV-HQ,PMT-1664,0,0,,0,0,,0,0,,0,0,,0,0,,0,0,,0,0,,0,0,,0,0,,0,0,,0,0,,0,0,,,0,0,,1
SHV-HQ,PMT-1665,3613,3581,0.008856905618599531,3554,3528,0.007315700619020871,3879,3840,0.010054137664346485,5127,5103,0.004681100058513743,5175,5135,0.007729468599033784,5265,5223,0.007977207977208023,4117,4090,0.006558173427252845,4604,4573,0.006733275412684647,4410,4336,0.016780045351473927,4739,4766,0,5168,5143,0.004837461300309598,5368,5350,0.003353204172876323,,55019,54668,0.006379614315054849,24
SHV-HQ,PMT-1666,56436,57095,0,54379,55051,0,53128,53917,0,65116,66056,0,63524,64434,0,63774,64677,0,59158,59997,0,63036,63915,0,64787,65672,0,62373,63245,0,64714,65603,0,59946,60785,0,,730371,740447,0,4
SHV-HQ,PMT-1668,51760,51549,0.0040765069551776945,27069,26953,0.0042853448594333265,13585,13517,0.0050055207949945,6180,6138,0.006796116504854344,7353,7310,0.005847953216374324,7071,7026,0.0063640220619431975,6487,6446,0.006320332973639542,4086,4056,0.007342143906020504,3823,3792,0.00810881506670158,3866,3835,0.008018623900672539,3424,3391,0.00963785046728971,4087,4053,0.008319060435527326,,138791,138066,0.0052236816508275385,1
SHV-HQ,PMT-1669,14893,14736,0.01054186530584833,14097,13960,0.00971837979711998,15007,14860,0.009795428799893369,15998,15840,0.009876234529316186,18404,18207,0.010704194740273842,18679,18452,0.012152684833235172,16824,16639,0.010996195910603856,19226,19009,0.011286799126183245,19422,19197,0.011584800741427204,20598,20336,0.012719681522477932,22238,21879,0.016143538087957543,21196,20893,0.01429515002830728,,216582,214008,0.011884644153253743,44
SHV-HQ,PMT-167,3012,3014,0,2151,2153,0,2778,2780,0,3217,3220,0,2766,2768,0,2828,2830,0,2829,2832,0,2583,2584,0,2885,2887,0,2900,2903,0,4741,4743,0,4132,4135,0,,36822,36849,0,1
SHV-HQ,PMT-1670,17286,17740,0,16356,16802,0,15464,15873,0,14921,15315,0,20144,20651,0,17362,17824,0,15970,16402,0,17429,17885,0,16045,16501,0,16711,17159,0,17782,18257,0,16709,17168,0,,202179,207577,0,1
SHV-HQ,PMT-1671,45382,46325,0,46243,47193,0,45913,46804,0,43424,44284,0,57930,59042,0,54310,55322,0,50787,51766,0,55033,56068,0,51609,52633,0,52017,53024,0,56861,57959,0,41740,42295,0,,601249,612715,0,1
SHV-HQ,PMT-1673,8020,10803,0,11438,12175,0,10695,10522,0.01617578307620382,14059,13823,0.016786400170709204,16743,16350,0.023472495968464457,16725,16431,0.01757847533632284,14414,14155,0.01796864159844591,15033,14706,0.02175214528038316,14876,14536,0.022855606345791868,12744,12483,0.020480225988700584,15640,15336,0.019437340153452665,11757,11528,0.019477757931445128,,162144,162848,0,19
SHV-HQ,PMT-1674,1879,1859,0.010643959552953719,1370,1356,0.010218978102189746,1366,1352,0.010248901903367469,1447,1433,0.009675190048375915,1401,1387,0.009992862241256284,2276,2255,0.009226713532513142,1542,1527,0.009727626459143934,1526,1511,0.009829619921362998,1340,1325,0.011194029850746245,1008,998,0.009920634920634885,1628,1609,0.011670761670761642,3020,2981,0.012913907284768267,,19803,19593,0.010604453870625696,8
SHV-HQ,PMT-1675,29606,29673,0,30884,30959,0,28181,28190,0,28863,28867,0,32909,32912,0,34879,34881,0,34628,34633,0,36778,36785,0,28502,28505,0,30654,30656,0,30143,30150,0,29256,29256,0,,375283,375467,0,1
SHV-HQ,PMT-1676,3032,3959,0,3777,4690,0,4110,4926,0,5377,6328,0,4168,4979,0,5283,6170,0,4985,5907,0,5070,5915,0,3739,4653,0,4339,5268,0,3994,4985,0,4543,5464,0,,52417,63244,0,1
SHV-HQ,PMT-1677,1182,1174,0.006768189509306244,1290,1277,0.010077519379844913,1255,1243,0.009561752988047845,1326,1320,0.004524886877828038,1771,1752,0.010728402032749829,1850,1832,0.009729729729729741,2738,2715,0.008400292184076008,3532,3498,0.00962627406568517,3765,3711,0.014342629482071767,4385,4357,0.006385404789053584,5384,5358,0.004829123328380369,4855,4809,0.009474768280123613,,33333,33046,0.008610086100861003,22
SHV-HQ,PMT-168,59125,59160,0,58279,58317,0,56568,56604,0,66717,66769,0,66788,66833,0,73988,74037,0,64731,64775,0,75699,75749,0,72242,72281,0,72303,72343,0,86664,86711,0,78186,78226,0,,831290,831805,0,1
SHV-HQ,PMT-1681,4662,4592,0.01501501501501501,4495,4426,0.01535038932146826,4853,4779,0.015248300020605843,5790,5705,0.014680483592400706,5818,5732,0.014781711928497754,5239,5161,0.01488833746898266,4410,4341,0.0156462585034014,5216,5134,0.015720858895705514,4558,4483,0.016454585344449324,4857,4783,0.015235742227712623,5016,4937,0.01574960127591707,4185,4119,0.01577060931899643,,59099,58192,0.015347129393052383,16
SHV-HQ,PMT-1682,11987,11985,0.00016684741803618675,12499,12497,0.00016001280102406756,13153,13151,0.00015205656504224674,13963,13962,7.16178471674711e-05,13352,13350,0.00014979029358896945,13758,13755,0.0002180549498473905,13013,13011,0.0001536924613847468,13314,13312,0.00015021781583290927,13258,13309,0,12161,12099,0.005098264945316955,12789,12959,0,10483,10246,0.022608032051893545,,153730,153636,0.0006114616535484174,1
SHV-HQ,PMT-1683,12790,12615,0.013682564503518346,13953,13790,0.011682075539310555,14292,14115,0.012384550797648997,19480,19195,0.014630390143737126,17165,16945,0.012816778327992995,19013,18787,0.011886603902592996,17314,17109,0.011840129375072173,19477,19229,0.012732967089387537,23346,23051,0.012635997601302185,21265,20998,0.012555842934399264,27348,26966,0.013968114670177001,24787,24456,0.013353774155807518,,230230,227256,0.012917517265343403,84
SHV-HQ,PMT-1684,0,0,,0,0,,0,0,,0,0,,0,0,,0,0,,0,0,,0,0,,0,0,,0,0,,0,0,,0,0,,,0,0,,0
SHV-HQ,PMT-1685,11576,12122,0,11277,11849,0,4457,4934,0,1173,1693,0,992,1504,0,11697,12260,0,13012,13578,0,14084,14664,0,15329,15915,0,15888,16496,0,16770,17229,0,13835,14517,0,,130090,136761,0,1
SHV-HQ,PMT-1686,4819,4831,0,4978,4970,0.0016070711128967075,4894,4884,0.002043318348998735,9557,9541,0.0016741655331170557,4855,4847,0.0016477857878476332,3216,3212,0.0012437810945273853,3105,3100,0.0016103059581320522,2901,2897,0.0013788348845226173,6629,6617,0.0018102277869965766,5409,5398,0.002033647624329782,5920,5908,0.002027027027027062,6781,6765,0.0023595339920365888,,63064,62970,0.0014905492832677503,1
SHV-HQ,PMT-1687,8814,8773,0.0046516904923984415,9093,9069,0.002639392939623897,9527,9518,0.0009446835310170654,11322,11449,0,10589,10555,0.0032108792142789833,10849,10803,0.004240022121854592,10906,10863,0.003942783788740134,10943,10903,0.0036553047610344835,11090,11081,0.0008115419296663706,11198,11123,0.006697624575817129,12786,12729,0.004458000938526552,11046,10986,0.00543183052688756,,128163,127852,0.0024265973798990315,47
SHV-HQ,PMT-1688,2840,2831,0.0031690140845070935,3097,3086,0.00355182434614143,3451,3437,0.0040567951318458695,4040,4024,0.003960396039603964,3683,3670,0.0035297311973934153,3295,3284,0.0033383915022762167,1743,1737,0.0034423407917383297,1652,1651,0.000605326876513268,1784,1783,0.0005605381165919576,2737,2738,0,2684,2674,0.0037257824143069884,2228,2219,0.004039497307001816,,33234,33134,0.0030089667208280657,4
SHV-HQ,PMT-1689,748,748,0,737,738,0,779,778,0.0012836970474967568,978,979,0,1413,1412,0.0007077140835102247,1526,1527,0,997,996,0.0010030090270812808,693,693,0,731,732,0,796,795,0.0012562814070351536,1176,1158,0.015306122448979553,822,841,0,,11396,11397,0,1
SHV-HQ,PMT-169,0,0,,8,477,0,7,483,0,138,695,0,292,854,0,852,1413,0,832,1330,0,1664,2218,0,4223,4756,0,2806,3354,0,3167,3721,0,2842,3382,0,,16831,22683,0,1
SHV-HQ,PMT-1692,0,0,,0,0,,0,0,,0,0,,3,2,0.33333333333333337,1044,1045,0,4406,4410,0,5344,5348,0,5240,5241,0,5538,5540,0,6256,6260,0,5741,5744,0,,33572,33590,0,1
SHV-HQ,PMT-1693,25316,25946,0,22591,23204,0,21239,21790,0,32636,33321,0,34754,35418,0,35070,35757,0,29881,30513,0,23386,24007,0,15295,15878,0,18513,19124,0,22886,23487,0,43246,45124,0,,324813,333569,0,1
SHV-HQ,PMT-1694,79127,80409,0,78284,79539,0,80832,82041,0,95111,96507,0,103137,104611,0,100283,101747,0,86629,87928,0,103510,104974,0,90133,91467,0,96907,98325,0,96809,98259,0,90596,91498,0,,1101358,1117305,0,1
SHV-HQ,PMT-1695,558,1053,0,503,995,0,675,1123,0,419,909,0,230,574,0,391,883,0,375,852,0,436,927,0,364,824,0,452,999,0,486,1023,0,441,931,0,,5330,11093,0,1
SHV-HQ,PMT-1697,756,759,0,603,606,0,498,500,0,453,455,0,407,409,0,375,377,0,412,414,0,337,340,0,336,338,0,406,409,0,425,428,0,417,420,0,,5425,5455,0,1
SHV-HQ,PMT-1698,1670,1670,0,1880,1874,0.0031914893617021045,1539,1542,0,2410,2410,0,2389,2383,0.002511511092507357,2325,2319,0.002580645161290307,2018,2016,0.0009910802775024985,1828,1824,0.002188183807439792,1415,1412,0.0021201413427561766,1505,1511,0,2355,2353,0.000849256900212314,2305,2302,0.0013015184381778289,,23639,23616,0.000972968399678531,4
SHV-HQ,PMT-1699,29177,29188,0,29488,29502,0,28708,28722,0,31337,31353,0,31165,31182,0,29801,29817,0,28249,28265,0,31576,31590,0,28013,28026,0,29049,29066,0,29134,29152,0,27184,27198,0,,352881,353061,0,1
SHV-HQ,PMT-17,86896,85512,0.015927085251334905,83500,82282,0.014586826347305348,80789,79301,0.01841834903266537,90479,89397,0.011958576023165635,96568,93791,0.028756938116146102,100164,100748,0,89262,88172,0.012211243306222141,99552,98102,0.01456525233044037,89789,87519,0.025281493278686673,87615,86415,0.013696284882725562,101040,101128,0,97450,96377,0.011010774756285313,,1103104,1088744,0.013017811557205827,62
SHV-HQ,PMT-170,8877,8724,0.017235552551537636,9025,8874,0.01673130193905814,9475,9326,0.015725593667546223,9893,9741,0.015364399070049495,10400,10235,0.01586538461538467,10153,9995,0.015561902885846579,8502,8367,0.015878616796047962,9577,9430,0.01534927430301769,8775,8647,0.01458689458689455,9204,9058,0.015862668405041247,9928,9771,0.015813859790491547,9137,8991,0.015978986538251028,,112946,111159,0.01582172011403682,24
SHV-HQ,PMT-1700,2087,2068,0.009103977000479158,2188,2168,0.009140767824497242,1919,1902,0.008858780614903639,2083,2063,0.009601536245799291,2062,2045,0.008244422890397618,1952,1933,0.009733606557377095,2504,2484,0.007987220447284393,2557,2537,0.007821666014861117,2310,2291,0.008225108225108246,2883,2861,0.007630939993062746,4314,4291,0.00533147890588781,2881,2859,0.007636237417563363,,29740,29502,0.008002689979825117,1
SHV-HQ,PMT-1701,11607,12167,0,9600,10148,0,9886,10392,0,13801,14376,0,14246,14806,0,14335,14911,0,10751,11287,0,14234,14825,0,12602,13155,0,11889,12446,0,13418,14024,0,11720,12287,0,,148089,154824,0,1
SHV-HQ,PMT-1702,0,0,,0,0,,0,0,,0,0,,0,0,,0,0,,0,0,,0,0,,0,0,,0,0,,0,0,,0,0,,,0,0,,1
SHV-HQ,PMT-1703,0,0,,0,0,,0,0,,0,0,,0,0,,0,0,,0,0,,0,0,,0,0,,0,0,,0,0,,0,0,,,0,0,,1
SHV-HQ,PMT-1705,0,269,0,0,245,0,0,238,0,0,245,0,0,251,0,0,236,0,0,225,0,0,239,0,0,217,0,0,233,0,0,248,0,0,246,0,,0,2892,0,1
SHV-HQ,PMT-1706,27876,28032,0,27212,26896,0.011612523886520676,29174,28925,0.008534996915061321,43353,42961,0.00904205014647197,42068,41406,0.015736426737662845,50024,49841,0.0036582440428594154,42692,42294,0.009322589712358331,45384,44964,0.009254362771020652,48329,47859,0.009725009828467357,43157,42727,0.009963621197024763,39658,39296,0.009128044782893752,35102,34732,0.010540709931058045,,474029,469933,0.008640821553111744,23
SHV-HQ,PMT-1707,24952,25656,0,17862,18490,0,19470,20069,0,26814,27493,0,32440,33172,0,39780,40554,0,32433,33129,0,37494,38300,0,34262,35039,0,36061,36838,0,43715,44585,0,39948,40758,0,,385231,394083,0,1
SHV-HQ,PMT-1709,34578,34560,0.0005205622071837723,33534,33524,0.0002982048070614418,33172,33151,0.0006330640299047063,39361,39335,0.000660552323365815,35538,35509,0.0008160279137824356,37746,37714,0.0008477719493455993,33103,33069,0.0010270972419418323,33726,33689,0.001097076439542155,33341,33305,0.0010797516571188215,34901,34864,0.0010601415432222039,33859,33820,0.0011518355533240987,31622,31590,0.0010119537031181292,,414481,414130,0.0008468421954203054,1
SHV-HQ,PMT-171,109975,109278,0.006337804046374185,102369,101751,0.006036983852533484,92480,91907,0.006195934256055358,124985,124026,0.0076729207504900865,113341,112439,0.00795828517482644,112614,111577,0.009208446551938532,109814,108910,0.008232101553535931,117531,116441,0.0092741489479371,119406,114148,0.044034638125387326,101800,104867,0,119630,118583,0.008751985287971276,108025,107080,0.008747975005785724,,1331970,1321007,0.008230665855837649,48
SHV-HQ,PMT-1712,26548,27288,0,24529,25253,0,27213,27906,0,33941,34759,0,33686,34458,0,34872,35681,0,28830,29585,0,30271,31020,0,28088,28839,0,28212,28984,0,29693,30490,0,27981,28748,0,,353864,363011,0,1
SHV-HQ,PMT-1713,104661,104630,0.0002961943799505429,95802,95772,0.0003131458633431894,93242,93240,2.144956135652354e-05,102664,102638,0.0002532533312553653,95668,95641,0.0002822260316929226,103281,103249,0.0003098343354537292,100803,100809,0,104872,104856,0.00015256693874432514,103863,103850,0.00012516488066005582,102047,102027,0.00019598812311971692,106306,106279,0.0002539837826651681,109314,109286,0.0002561428545291289,,1222523,1222277,0.0002012232080704779,1
SHV-HQ,PMT-1714,30993,31648,0,34615,34504,0.0032067022966921765,35324,36787,0,40203,40956,0,43913,44697,0,37898,38611,0,35741,36435,0,40932,41690,0,37670,38391,0,42202,42985,0,44822,45639,0,42444,43229,0,,466757,475572,0,1
SHV-HQ,PMT-1715,228958,232834,0,223425,227228,0,206489,209992,0,236194,240169,0,242798,246893,0,263102,267537,0,215770,219472,0,222807,226641,0,233387,237365,0,232194,236204,0,246307,250562,0,227587,231550,0,,2779018,2826447,0,1
SHV-HQ,PMT-1716,15140,16489,0,13716,15081,0,12209,13421,0,15344,16749,0,10415,11681,0,11427,12792,0,8497,9825,0,13770,15061,0,12440,13792,0,14869,16318,0,18651,20117,0,17327,18740,0,,163805,180066,0,1
SHV-HQ,PMT-1717,35945,35889,0.0015579357351509504,35300,35245,0.001558073654390979,31951,31901,0.0015648962473787664,37638,37585,0.0014081513364153642,35662,35616,0.001289888396612593,35993,35940,0.0014725085433279217,36495,36435,0.0016440608302507043,37716,37658,0.0015378088874747897,38281,38219,0.001619602413730048,37106,38168,0,40645,39454,0.029302497232131852,38093,37872,0.005801590843462101,,440825,439982,0.0019123234843758663,1
SHV-HQ,PMT-1718,3066,3067,0,3002,3003,0,2987,2986,0.00033478406427855933,2857,2858,0,3467,3467,0,3210,3210,0,2308,2308,0,1484,1485,0,1379,1379,0,722,724,0,7834,7835,0,10351,10352,0,,42667,42674,0,1
SHV-HQ,PMT-1719,12933,12888,0.00347947112038971,12327,12283,0.003569400502960951,10539,10500,0.0037005408482778668,12010,11965,0.003746877601998322,12682,12635,0.00370604005677333,14293,14239,0.0037780731826768665,12994,12946,0.00369401262120983,13302,13252,0.003758833258156624,13802,13749,0.0038400231850456157,10783,10744,0.0036168042288787783,12836,12788,0.0037394827048924384,17316,17253,0.0036382536382536523,,155817,155242,0.0036902263552757164,1
SHV-HQ,PMT-172,71700,69207,0.03476987447698743,70680,68230,0.03466327108092815,75000,72039,0.03947999999999996,78360,75361,0.03827207759060747,84840,81283,0.041925978312116974,82860,79284,0.04315713251267195,73980,70785,0.04318734793187351,85080,81173,0.04592148566055476,76800,73467,0.04339843750000005,85140,81303,0.045066948555320674,88455,83211,0.05928438188909613,85001,81347,0.042987729556122845,,957896,916690,0.04301719602127996,191
SHV-HQ,PMT-1720,5555,5530,0.004500450045004545,5465,5427,0.006953339432753891,5872,5840,0.00544959128065392,6898,6860,0.005508843142939979,6835,6798,0.00541331382589616,6773,6735,0.005610512328362627,3805,3785,0.005256241787122251,136,138,0,37,38,0,14,14,0,0,0,,0,0,,,41390,41165,0.005436095675283914,1
SHV-HQ,PMT-1721,9195,9132,0.006851549755301778,9930,9723,0.020845921450151073,9457,9535,0,12184,12111,0.00599146421536445,13599,13519,0.005882785498933729,10355,10298,0.0055045871559632475,8358,8313,0.00538406317300788,12097,12023,0.006117219145242658,9363,9314,0.005233365374345822,11086,10984,0.009200793793974427,12400,12350,0.0040322580645161255,11640,11557,0.007130584192439837,,129664,128859,0.00620835389930896,20
SHV-HQ,PMT-1722,800,801,0,807,808,0,855,857,0,834,836,0,868,868,0,925,923,0.00216216216216214,845,846,0,940,939,0.0010638297872340718,910,906,0.00439560439560438,880,879,0.001136363636363602,932,932,0,913,913,0,,10509,10508,9.515653249592138e-05,1
SHV-HQ,PMT-1724,0,0,,0,0,,0,0,,0,0,,0,0,,0,0,,0,0,,0,0,,0,0,,0,0,,0,0,,0,0,,,0,0,,0
SHV-HQ,PMT-1725,45863,46807,0,43096,44017,0,41069,41931,0,41288,42137,0,55674,56780,0,48296,49272,0,50387,51385,0,44827,45754,0,40132,41020,0,38269,39151,0,40056,40984,0,32313,33143,0,,521270,532381,0,1
SHV-HQ,PMT-1728,3232,3234,0,3006,3008,0,2381,2383,0,2311,2313,0,2030,2032,0,2385,2387,0,1360,1362,0,2090,2092,0,1903,1905,0,1864,1866,0,1627,1630,0,1694,1696,0,,25883,25908,0,1
SHV-HQ,PMT-1729,18101,17924,0.009778465278161397,18090,18321,0,16503,16527,0,16014,16038,0,22241,22256,0,18607,18638,0,25777,25750,0.0010474453970593656,29665,29548,0.003944041800101106,32492,32561,0,33151,32988,0.004916895417936162,36890,36946,0,47846,47809,0.0007733143836475831,,315377,315306,0.0002251273872222459,1
SHV-HQ,PMT-173,105279,101330,0.03750985476685764,107072,102955,0.038450762104004776,102591,98539,0.039496642005634075,106158,102062,0.0385839974377814,112784,108108,0.04145978152929497,112281,107514,0.042455980976300545,103845,99563,0.04123453223554341,114872,108041,0.059466188453234925,108808,103900,0.0451069774281303,113203,108446,0.04202185454449092,116973,111901,0.04336043360433606,111640,106432,0.046649946255822305,,1315506,1258791,0.043112688197545324,160
SHV-HQ,PMT-1730,22591,23338,0,19364,20022,0,19332,19961,0,24165,24879,0,26554,27304,0,27179,27950,0,21599,22291,0,24695,25443,0,22228,22941,0,23385,24124,0,24291,25041,0,24226,24987,0,,279609,288281,0,1
SHV-HQ,PMT-1731,73857,72256,0.021677024520356913,74287,72863,0.01916889899982499,71882,70075,0.025138421301577618,76246,74533,0.02246675235422191,80255,79013,0.015475671297738414,80574,78892,0.02087522029438782,75704,74104,0.021134946634259744,82065,80231,0.022348138670566065,77504,75802,0.02196015689512798,81062,79256,0.022279243048530795,83486,81697,0.021428742543660007,77731,76230,0.019310185125625545,,934653,914952,0.02107841091827667,132
SHV-HQ,PMT-1732,17694,18341,0,14647,15258,0,14468,15032,0,15105,15724,0,12786,13370,0,13894,14510,0,12342,12940,0,12962,13583,0,11951,12556,0,12052,12690,0,11869,12502,0,11871,12512,0,,161641,169018,0,1
SHV-HQ,PMT-1733,40645,41807,0,41448,42639,0,36584,37647,0,41575,42736,0,42858,44029,0,44715,45926,0,40612,41786,0,41249,42463,0,42480,43699,0,41829,43046,0,43877,45127,0,39509,40691,0,,497381,511596,0,1
SHV-HQ,PMT-1734,15866,15884,0,15405,15423,0,14330,14347,0,16823,16843,0,15841,15860,0,16957,16977,0,15901,15918,0,15553,15570,0,13382,13398,0,12632,12646,0,12990,13004,0,12428,12443,0,,178108,178313,0,1
SHV-HQ,PMT-1735,1358,2660,0,1416,2791,0,1187,2310,0,1563,2896,0,1415,2689,0,1563,2883,0,1382,2628,0,1448,2726,0,1486,2789,0,1470,2810,0,1382,2758,0,1378,2697,0,,17048,32637,0,1
SHV-HQ,PMT-1736,30536,30569,0,33091,33127,0,29243,29274,0,31610,31647,0,30833,30869,0,30629,30661,0,28969,28982,0,28353,28373,0,28681,28700,0,22058,22110,0,23799,23764,0.0014706500273120593,21678,21763,0,,339480,339839,0,1
SHV-HQ,PMT-1737,4524,5223,0,4782,5502,0,4421,5045,0,5487,6153,0,5291,5959,0,5614,6321,0,5409,6093,0,6536,7237,0,5637,6366,0,5742,6584,0,6014,6675,0,5261,5998,0,,64718,73156,0,1
SHV-HQ,PMT-1738,188163,190827,0,201384,204205,0,213350,216281,0,287421,292233,0,276723,281200,0,321397,326229,0,334791,339421,0,366574,371608,0,371165,375995,0,362349,367310,0,374644,378469,0,320960,324863,0,,3618921,3668641,0,1
SHV-HQ,PMT-174,44665,43743,0.020642561289600403,42544,41627,0.02155415569763064,41653,40945,0.01699757520466716,44084,43311,0.01753470646946742,53461,52502,0.017938310170030447,48062,47219,0.017539844367691737,47451,46665,0.01656445596510081,48527,47603,0.019040946277330106,49260,48348,0.018514007308160774,42039,41313,0.017269678155998003,53924,52876,0.019434760032638554,49803,48876,0.018613336545991177,,565473,555028,0.01847126211154204,130
SHV-HQ,PMT-1740,74430,75675,0,85531,86872,0,94439,95860,0,87081,88468,0,96798,98302,0,78361,79654,0,72730,73884,0,98720,99594,0,78636,80569,0,77404,78302,0,92802,94384,0,90158,91371,0,,1027090,1042935,0,1
SHV-HQ,PMT-1741,1592,1589,0.0018844221105527303,1818,1809,0.004950495049504955,1793,1782,0.006134969325153339,2109,2097,0.005689900426742556,2412,2393,0.007877280265339959,2456,2437,0.007736156351791479,2231,2213,0.008068130883012059,2400,2385,0.006249999999999978,2164,2149,0.006931608133086908,2227,2220,0.0031432420296362285,2571,2559,0.004667444574095736,2243,2243,0,,26016,25876,0.005381303813038141,10
SHV-HQ,PMT-1742,11725,12791,0,12388,13522,0,13454,14466,0,14551,15654,0,14350,15460,0,7201,8235,0,5533,6548,0,6974,8028,0,6125,7183,0,11156,12265,0,12960,14108,0,12210,13324,0,,128627,141584,0,1
SHV-HQ,PMT-1743,11861,11867,0,11228,11232,0,9195,9200,0,9906,9911,0,3222,3224,0,0,0,,0,0,,0,0,,0,0,,0,0,,0,0,,0,0,,,45412,45434,0,1
SHV-HQ,PMT-1745,123596,118149,0.04407100553415966,126046,119941,0.048434698443425406,130493,123018,0.057282766125386075,145148,137081,0.055577755118913164,151125,142712,0.05566914805624479,146998,138224,0.05968788691002602,143840,135378,0.05882925472747502,160395,149648,0.06700333551544624,150895,144121,0.044892143543523666,148684,140788,0.05310591590218183,95075,151115,0,211826,141750,0.33081869081227044,,1734121,1641925,0.05316584021530213,48
SHV-HQ,PMT-1746,41171,40792,0.009205508731874423,44489,43721,0.01726269414911552,47038,46087,0.02021769633062631,59723,58465,0.0210639117258008,66208,64892,0.01987675205413242,58695,57680,0.01729278473464524,55777,54612,0.02088674543270519,63919,62443,0.02309172546504168,54553,53514,0.019045698678349487,48912,47955,0.01956575073601574,56513,55379,0.020066179463132383,57377,56200,0.020513446154382442,,654375,641740,0.019308500477554946,54
SHV-HQ,PMT-1747,62828,62794,0.0005411599923600408,63991,63954,0.0005782063102623969,62362,62325,0.0005933100285430148,71148,71108,0.000562208354416116,74456,74412,0.0005909530460943557,75983,75940,0.000565916060171312,70374,70330,0.0006252309091425712,75305,75249,0.0007436425204169206,80695,80264,0.005341099200693922,78436,78244,0.002447855576520941,84682,82610,0.024468009730521212,73969,75685,0,,874229,872915,0.0015030386775090054,1
SHV-HQ,PMT-1748,16936,16722,0.012635805384978771,19426,19161,0.01364151137650571,16732,16511,0.01320822376284958,18040,17797,0.013470066518846968,18402,18217,0.010053255080969437,17640,17039,0.03407029478458046,16253,16384,0,16632,16406,0.013588263588263594,15960,15750,0.013157894736842146,13699,13522,0.012920651142419137,15016,14836,0.011987213638785299,14896,14716,0.012083780880773332,,199632,197061,0.012878696802115841,7
SHV-HQ,PMT-1749,6496,6497,0,6753,6753,0,6860,6861,0,7107,7109,0,8863,8864,0,7689,7689,0,6415,6417,0,9080,9079,0.00011013215859034808,7719,7719,0,8609,8609,0,8899,8898,0.00011237217664905597,8101,7985,0.014319219849401321,,92591,92480,0.0011988206197146578,1
SHV-HQ,PMT-175,193861,187764,0.031450369078876106,191439,186343,0.026619445358573746,191601,186547,0.026377732892834627,187167,181106,0.03238284526652668,236205,228621,0.03210770305455002,217764,211124,0.030491724986682844,205331,199365,0.02905552498161501,216864,209823,0.032467352810978345,206079,199734,0.030789163379092432,183142,177789,0.029228685937687682,225397,218004,0.03279990416908829,195786,195875,0,,2450636,2382095,0.02796865793206338,428
SHV-HQ,PMT-1750,16827,16993,0,16162,16333,0,16455,16591,0,17484,17630,0,17784,17930,0,22962,23136,0,19918,20054,0,20696,20833,0,21435,21546,0,21198,21352,0,22282,22377,0,20356,20440,0,,233559,235215,0,19
SHV-HQ,PMT-1751,7784,7733,0.006551901336073973,7689,7644,0.005852516582130263,7829,7788,0.005236939583599387,7634,7598,0.004715745349751166,6812,6778,0.004991192014092816,8953,7580,0.15335641684351609,12669,12502,0.013181782303259948,11642,12027,0,11,13204,0,0,13217,0,13228,15728,0,12840,17024,0,,97091,128823,0,9
SHV-HQ,PMT-1752,17053,17058,0,16109,16113,0,16841,16845,0,20340,20345,0,21026,21029,0,21284,21290,0,16468,16471,0,19202,19207,0,20941,20947,0,22781,22784,0,29837,29836,3.351543385732292e-05,27200,27199,3.6764705882319504e-05,,249082,249124,0,1
SHV-HQ,PMT-1754,11219,11150,0.006150280773687511,8193,7929,0.03222262907359941,7773,7940,0,8532,8477,0.006446319737459016,8785,8727,0.006602162777461618,8449,8393,0.006628003314001707,10262,8651,0.1569869421165465,16405,18085,0,13850,13788,0.0044765342960289,15538,15442,0.006178401338653661,15583,15523,0.0038503497401013442,12481,13831,0,,137070,137936,0,16
SHV-HQ,PMT-1755,22134,21944,0.008584078792807426,21559,21358,0.009323252469966126,22098,21851,0.011177482125079186,23223,22980,0.010463764371528184,28801,28484,0.011006562272143361,26230,25963,0.010179184140297393,24553,24279,0.011159532440027653,25486,25187,0.01173193125637606,24915,24639,0.011077664057796532,22513,22275,0.010571669701950004,28039,27728,0.01109169371232921,26170,25572,0.02285059228123809,,295721,292260,0.011703599000409182,79
SHV-HQ,PMT-1757,87388,84754,0.030141438183732272,93066,90094,0.031934326177121664,100211,96829,0.03374879005298814,99279,95733,0.035717523343305246,132652,127929,0.0356044386816633,108574,105050,0.03245712601543649,100887,97818,0.03042017306491418,116595,112689,0.03350057892705516,109566,105943,0.03306682730043997,90978,88108,0.0315460880652465,107090,103662,0.03201045849285644,92593,89817,0.02998066808506039,,1238879,1198426,0.03265290637745899,68
SHV-HQ,PMT-1758,9713,9713,0,9589,9588,0.00010428616122637457,9072,9072,0,10201,10199,0.00019605920988141623,9578,9577,0.00010440593025684564,10031,10029,0.00019938191606017064,8350,8350,0,8765,8764,0.00011409013120367018,7756,7755,0.00012893243940170773,6971,6971,0,7005,7004,0.0001427551748750533,6406,6406,0,,103437,103428,8.700948403372877e-05,1
SHV-HQ,PMT-1759,90000,92318,0,80738,82850,0,81592,83531,0,92774,94989,0,98039,100259,0,81183,83127,0,114202,116587,0,81951,83895,0,64568,66318,0,61228,62994,0,47043,48651,0,38161,39662,0,,931479,955181,0,1
SHV-HQ,PMT-176,5959,5905,0.009061923141466699,6407,6346,0.009520836584985148,6402,6350,0.008122461730709185,7194,7133,0.008479288295802023,6844,6786,0.008474576271186418,6507,6447,0.009220839096357736,6238,6182,0.008977236293683855,7168,7105,0.0087890625,7167,7096,0.009906515976001118,7242,7174,0.009389671361502372,7331,7259,0.009821306779429828,6618,6557,0.009217286189181051,,81077,80340,0.009090124202918215,31
SHV-HQ,PMT-1760,12565,12553,0.0009550338241146594,11352,11342,0.0008809020436927328,10006,9995,0.001099340395762538,13616,13604,0.000881316098707452,16727,16711,0.0009565373348477957,20702,20680,0.0010626992561104665,16268,16250,0.0011064666830588044,18594,18575,0.001021835000537763,19458,19439,0.000976462123548183,19039,19022,0.0008929040390777132,21759,21575,0.0084562709683349,19659,19682,0,,199745,199428,0.0015870234549050233,1
SHV-HQ,PMT-1762,60188,59627,0.009320794842825775,59957,59370,0.009790349750654626,58300,57718,0.00998284734133792,56982,56418,0.009897862482889375,76313,75536,0.010181751470915823,65903,65292,0.009271201614494018,60200,59624,0.009568106312292324,64742,64118,0.009638256464119088,67062,66381,0.010154782141898577,59422,58810,0.01029921577866788,69003,68101,0.013071895424836555,64750,63780,0.014980694980694986,,762822,754775,0.010548987837267432,65
SHV-HQ,PMT-1763,1034800,1034100,0.0006764592191728092,802900,802400,0.0006227425582264745,814000,813399,0.0007383292383292828,1032300,1031701,0.0005802576770318479,1094000,1093300,0.0006398537477148025,849000,848400,0.0007067137809186885,639000,638500,0.0007824726134585402,664200,663699,0.0007542908762421252,562800,581801,0,631699,625700,0.009496611519093756,1041200,1083599,0,1342000,1321300,0.015424739195231019,,10507899,10537899,0,1
SHV-HQ,PMT-1764,514,515,0,468,469,0,333,335,0,235,237,0,116,117,0,92,94,0,272,274,0,208,209,0,165,167,0,236,239,0,229,231,0,446,452,0,,3314,3339,0,1
SHV-HQ,PMT-1767,1782,2201,0,1760,2194,0,219,586,0,902,1298,0,22743,23415,0,28135,28902,0,26398,27128,0,32232,33056,0,31976,32803,0,34191,35064,0,36288,37204,0,32558,33397,0,,249184,257248,0,1
SHV-HQ,PMT-1768,195229,192233,0.015346080756444946,182011,178939,0.01687810077412899,163664,160750,0.01780477074982889,201449,197421,0.019995135245148843,202403,198259,0.02047400483194417,195970,192315,0.018650813900086716,183304,180107,0.017440972373761632,197580,194079,0.01771940479805645,192330,189779,0.013263661415275796,175576,171963,0.020577983323461058,198592,194583,0.020187117305833113,178112,175049,0.017197044556234276,,2266220,2225477,0.017978395742690445,51
SHV-HQ,PMT-1769,32832,32829,9.137426900585055e-05,33195,33115,0.002410001506250925,31133,31204,0,35775,35773,5.5904961565378386e-05,38233,38230,7.846624643637057e-05,39654,39654,0,35160,35160,0,39370,39366,0.00010160020320038043,38320,38318,5.2192066805845094e-05,38531,38530,2.5953128649613966e-05,40650,40652,0,37391,37390,2.6744403733514055e-05,,440244,440221,5.2243755735426056e-05,1
SHV-HQ,PMT-177,2658,2646,0.004514672686230292,2566,2547,0.0074045206547155296,2371,2359,0.005061155630535663,2817,2802,0.005324813631522929,2726,2711,0.0055025678650036935,2639,2620,0.00719969685486932,2118,2301,0,2739,2716,0.008397225264695107,2653,2631,0.0082924990576706,2267,2244,0.010145566828407615,2473,2448,0.010109179134654256,2822,2799,0.008150248051027598,,30849,30824,0.0008103990404875194,21
SHV-HQ,PMT-1771,23437,23182,0.010880232111618371,25304,25443,0,27627,27557,0.0025337532124370954,31394,31312,0.0026119640695674295,34005,33898,0.003146596088810516,31619,31538,0.002561750846010291,31736,31657,0.002489286614570152,36347,36256,0.0025036454177785883,31775,31709,0.0020771046420141603,34271,34214,0.001663213795920715,35629,35577,0.0014594852507788802,33847,33791,0.0016545040919431209,,376991,376134,0.0022732638179691067,1
SHV-HQ,PMT-1772,2021,2700,0,2182,2889,0,1957,2581,0,2166,2880,0,2469,3161,0,4131,4878,0,1902,2540,0,3355,4075,0,2667,3339,0,1679,2456,0,3638,4421,0,1886,2584,0,,30053,38504,0,1
SHV-HQ,PMT-1774,5193,5874,0,5071,5786,0,4863,5482,0,5851,6564,0,5934,6631,0,5614,6293,0,5113,5781,0,5593,6281,0,5578,6271,0,4765,5480,0,5340,6059,0,5300,6019,0,,64215,72521,0,1
SHV-HQ,PMT-1775,110679,108149,0.022858898255314952,100965,98675,0.022681127123260536,114397,111825,0.022483107074486197,128314,125590,0.02122917218697884,137759,134076,0.026735095347672377,115427,112383,0.026371646148648065,103480,100786,0.026034016235021218,112430,108789,0.03238459485902334,107136,99805,0.06842704599761051,104933,102860,0.019755463009729968,112819,112394,0.0037670959678777205,96863,94015,0.029402351775187685,,1345202,1309347,0.026653989512355758,122
SHV-HQ,PMT-1776,59277,58285,0.016734989962379987,56270,55366,0.016065398969255407,61114,60084,0.01685374873187817,79890,78337,0.01943922893979222,68657,67294,0.01985230930567894,82843,81141,0.020544886109870486,76811,75083,0.02249677780526227,83353,81274,0.024942113661175935,71761,70180,0.022031465559287033,69685,67983,0.024424194589940496,84648,82599,0.02420612418485968,69490,67428,0.029673334292704023,,863799,845054,0.021700650267018173,94
SHV-HQ,PMT-1778,15118,15115,0.00019843894695070752,10858,10855,0.0002762939767912975,10830,10828,0.00018467220683282548,10939,10938,9.141603437246015e-05,10539,10537,0.00018977132555275666,12769,12767,0.00015662933667470735,10047,10045,0.0001990643973325268,11214,11109,0.009363295880149836,10804,10812,0,9541,9607,0,12222,12216,0.0004909180166912108,12937,12395,0.04189533895029762,,137818,137224,0.004310032071282444,1
SHV-HQ,PMT-1779,26618,26631,0,21597,21607,0,21590,21600,0,24424,24436,0,23463,23473,0,21759,21768,0,21029,21036,0,23000,23009,0,21641,21654,0,22004,22022,0,22188,22208,0,22201,22221,0,,271514,271665,0,1
SHV-HQ,PMT-1781,30372,30357,0.0004938759383642521,33098,33080,0.0005438395069188307,34713,34694,0.0005473453749316182,41333,41312,0.000508068613456536,40217,40197,0.0004973021359127028,38064,38046,0.00047288776796972076,35634,35617,0.0004770724588876174,36101,36085,0.00044320101936234924,33846,33831,0.0004431838326537374,37682,37665,0.00045114378217714357,34652,34638,0.00040401708415094273,34725,34710,0.0004319654427645814,,430437,430232,0.0004762601728011129,1
SHV-HQ,PMT-1782,71651,72785,0,67304,68379,0,67212,68255,0,107635,109266,0,169098,171941,0,161127,163813,0,157957,160607,0,152859,155350,0,142363,144614,0,134934,137006,0,150292,152687,0,121441,123377,0,,1503873,1528080,0,1
SHV-HQ,PMT-1785,13699,13695,0.00029199211621289134,16303,16296,0.0004293688278230734,13469,13464,0.00037122280792933893,10663,10559,0.009753352714995778,10925,11020,0,10438,10435,0.00028741138149068757,9248,9243,0.0005406574394463126,9681,9676,0.0005164755707055546,11150,11146,0.00035874439461880403,12058,12053,0.0004146624647537456,17984,17979,0.00027802491103201543,13033,13028,0.0003836415253587466,,148651,148594,0.0003834484799967175,1
SHV-HQ,PMT-1788,771,1296,0,560,1099,0,642,1113,0,1277,1787,0,1748,2256,0,5605,6147,0,15382,15973,0,21618,22264,0,36967,37742,0,38745,39530,0,45026,45894,0,42716,43541,0,,211057,218642,0,1
SHV-HQ,PMT-1790,21145,21141,0.00018917001655238685,17839,17835,0.0002242278154604982,20330,20324,0.0002951303492375601,20828,20823,0.00024006145573263193,16619,16615,0.00024068836873458732,4715,4715,0,7164,7163,0.0001395868230038566,26874,26867,0.0002604748083649966,26784,26779,0.00018667861409793485,28299,28294,0.00017668468850484675,29187,29183,0.00013704731558572547,26557,26553,0.00015061942237448722,,246341,246292,0.0001989112652786007,1
SHV-HQ,PMT-1791,0,0,,0,0,,0,0,,0,0,,0,0,,0,0,,0,0,,0,0,,0,0,,0,0,,0,0,,0,0,,,0,0,,0
SHV-HQ,PMT-1792,14562,14433,0.008858673259167671,14511,14373,0.00951002687616287,14255,14132,0.0086285513854788,16490,16337,0.009278350515463885,18137,17981,0.008601201962838423,17452,17320,0.0075636030254412345,14732,14629,0.006991582948683184,16987,16873,0.006711014305056828,16748,16633,0.0068664915213756395,15557,15425,0.00848492639969145,18598,18449,0.00801161415205931,17435,17312,0.007054774878118675,,195464,193897,0.008016821511889649,57
SHV-HQ,PMT-1793,22014,22881,0,21416,22288,0,19432,20220,0,23694,24596,0,23578,24478,0,24236,25096,0,23692,24553,0,24914,25809,0,26387,27285,0,26710,27627,0,31498,32288,0,28714,29901,0,,296285,307022,0,1
SHV-HQ,PMT-1794,39776,40794,0,37737,38723,0,38321,39277,0,46899,47990,0,53591,54740,0,64500,65776,0,55767,56908,0,64147,65430,0,51557,52719,0,52084,53261,0,55953,57192,0,46795,47847,0,,607127,620657,0,1
SHV-HQ,PMT-1795,361,833,0,532,1008,0,408,836,0,127,609,0,108,574,0,124,610,0,149,616,0,348,840,0,415,876,0,854,1336,0,926,1453,0,2443,2946,0,,6795,12537,0,1
SHV-HQ,PMT-1796,27668,27814,0,23694,23823,0,20581,20693,0,30692,30853,0,35076,35260,0,34924,35113,0,27183,27337,0,28885,29039,0,28841,29006,0,30161,30337,0,32824,33014,0,30379,30546,0,,350908,352835,0,1
SHV-HQ,PMT-1797,784,1798,0,926,1942,0,894,1832,0,1381,2425,0,2364,3340,0,1641,2726,0,941,1955,0,1651,2719,0,1162,2180,0,1507,2666,0,1117,2303,0,1082,2228,0,,15450,28114,0,1
SHV-HQ,PMT-1798,59239,58690,0.009267543341379803,57259,56812,0.00780663301839013,55098,54631,0.008475806744346448,66149,65444,0.010657757486885688,91276,90269,0.011032472939217275,73592,72864,0.00989237960647893,69030,68354,0.009792843691148745,75560,74747,0.01075966119640026,66562,65923,0.009600072113217784,65257,64601,0.010052561411036387,78580,77786,0.010104352252481519,66152,65434,0.010853791268593538,,823754,815555,0.009953214187730763,43
SHV-HQ,PMT-1799,1958,1956,0.0010214504596527396,1261,1260,0.0007930214115781098,1754,1755,0,2555,2555,0,2115,2116,0,2429,2430,0,2776,2778,0,3121,3120,0.00032041012495998,3473,3473,0,3086,3084,0.0006480881399870686,3486,3483,0.000860585197934638,3618,3616,0.0005527915975677145,,31632,31626,0.00018968133535657294,1
SHV-HQ,PMT-18,99612,97833,0.017859294060956543,91493,90484,0.01102816608920898,89917,87871,0.02275431787092541,106499,104643,0.01742739368444779,106522,104766,0.01648485758810392,109327,107212,0.01934563282629176,102347,100564,0.017421126168817858,113654,111360,0.020184067432734487,114092,109845,0.03722434526522456,102611,103261,0,118529,115839,0.0226948679226181,109074,107359,0.01572327044025157,,1263677,1241037,0.017915970615908994,109
SHV-HQ,PMT-1800,40723,41535,0,41927,42757,0,37528,38258,0,46058,46889,0,49347,50201,0,50992,51875,0,46056,46887,0,47098,47944,0,44373,45200,0,48205,49079,0,50791,51792,0,47427,47961,0,,550525,560378,0,1
SHV-HQ,PMT-1801,73604,74921,0,66959,68209,0,60897,62027,0,79882,81281,0,83249,84660,0,88052,89551,0,81175,82556,0,83804,85246,0,83756,85179,0,85847,87311,0,87362,88645,0,77341,79145,0,,951928,968731,0,1
SHV-HQ,PMT-1802,15976,16399,0,15028,15448,0,14141,14507,0,18487,18929,0,19223,19675,0,19348,19812,0,20383,20845,0,20382,20861,0,18748,19192,0,20142,20595,0,21804,22290,0,19457,19902,0,,223119,228455,0,1
SHV-HQ,PMT-1804,0,0,,0,0,,0,0,,1168,1153,0.012842465753424626,4300,4245,0.01279069767441865,4524,4465,0.013041556145004463,4534,4475,0.01301279223643581,4535,4477,0.012789415656008774,4784,4721,0.013168896321070211,4929,4864,0.01318725907892071,5198,5131,0.012889572912658687,5423,5349,0.013645583625299662,,39395,38880,0.013072724965097149,1
SHV-HQ,PMT-1805,3895,3896,0,3848,3849,0,4099,4099,0,4216,4216,0,4852,4852,0,5481,5481,0,5437,5436,0.00018392495861685454,6358,6357,0.0001572821642026323,4391,4392,0,5874,5873,0.0001702417432754011,4847,4848,0,4041,4041,0,,57339,57340,0,1
SHV-HQ,PMT-1806,35904,36797,0,31468,32291,0,30888,31671,0,35030,35903,0,34140,35001,0,35967,36892,0,31715,32542,0,35282,36200,0,34874,35780,0,37007,37962,0,37612,38593,0,34642,35568,0,,414529,425200,0,1
SHV-HQ,PMT-1807,1185,2003,0,850,1720,0,1148,1889,0,1202,2025,0,822,1609,0,1441,2327,0,1091,1930,0,1267,2162,0,938,1987,0,953,2009,0,2862,3866,0,1688,2572,0,,15447,26099,0,1
SHV-HQ,PMT-1808,7776,8262,0,7623,8085,0,7865,8315,0,8423,8912,0,9501,9977,0,9531,10028,0,8551,9027,0,9998,10481,0,8838,9306,0,9958,10438,0,8550,9039,0,8200,8653,0,,104814,110523,0,1
SHV-HQ,PMT-1809,23605,24251,0,22237,22885,0,21390,21993,0,24969,25655,0,22110,22729,0,24136,24812,0,24811,25486,0,26947,27631,0,27113,27837,0,24611,25290,0,24220,24928,0,22884,23560,0,,289033,297057,0,1
SHV-HQ,PMT181,0,0,,0,0,,0,0,,0,0,,0,0,,0,0,,0,0,,0,0,,0,0,,0,0,,0,0,,0,0,,,0,0,,0
SHV-HQ,PMT-1810,34464,33956,0.014740018570102098,37684,37100,0.01549729328096805,38105,37418,0.018029130035428387,49500,48560,0.018989898989899,52623,51646,0.018566026262280766,51902,50909,0.019132210704789765,50314,49359,0.018980800572405254,57585,56473,0.019310584353564253,49827,48927,0.018062496236979975,44540,43805,0.016502020655590477,53412,52453,0.017954766719089355,48158,47293,0.017961709373312873,,568114,557899,0.017980546157989385,64
SHV-HQ,PMT-1813,0,0,,0,0,,0,0,,0,0,,0,0,,0,0,,0,0,,0,0,,0,0,,0,0,,0,0,,0,0,,,0,0,,1
SHV-HQ,PMT-1814,1254,1257,0,1332,1334,0,974,976,0,531,532,0,359,360,0,610,611,0,412,412,0,403,403,0,342,342,0,365,366,0,411,413,0,523,526,0,,7516,7532,0,1
SHV-HQ,PMT-1815,237275,240406,0,206365,209025,0,226187,229257,0,341419,346583,0,356865,362464,0,357710,363272,0,355736,361138,0,358707,364255,0,362708,365609,0,355110,371706,0,390747,385276,0.014001387086785,334772,339370,0,,3883601,3938361,0,1
SHV-HQ,PMT-1816,4134,4725,0,2585,3156,0,1786,2287,0,1909,2411,0,1965,2506,0,1815,2348,0,1774,2287,0,2499,3035,0,3375,3853,0,5317,5901,0,13065,13581,0,14541,15265,0,,54765,61355,0,1
SHV-HQ,PMT-1817,81625,80798,0.010131699846860687,84123,83303,0.00974763144443258,87298,86363,0.010710440101720509,99926,98857,0.01069791645817908,98643,97605,0.010522794318907569,94448,93506,0.009973742165000798,86856,86037,0.009429400386847142,100328,99233,0.010914201419344516,101328,94332,0.0690431075319754,103427,89916,0.13063320022818026,121284,135034,0,117350,115758,0.013566254793353272,,1176636,1160742,0.013508000775091067,114
SHV-HQ,PMT-1819,2745,2714,0.011293260473588362,2785,2754,0.011131059245960473,2533,2504,0.011448874851954227,2271,2245,0.011448701012769735,3613,3572,0.011347910323830646,2518,2490,0.011119936457505974,2249,2223,0.011560693641618491,2635,2606,0.011005692599620476,2509,2481,0.011159824631327253,2404,2376,0.011647254575707144,3101,3069,0.010319251854240541,3003,2951,0.017316017316017285,,32366,31985,0.011771612185626945,1
SHV-HQ,PMT-182,195232,191136,0.020980167185707277,182049,178473,0.019643063131354777,185047,181782,0.017644166076726475,228387,222981,0.023670349012859804,223747,218543,0.023258412403294848,239928,234063,0.02444483345003501,204687,200264,0.02160860240269291,223180,213794,0.04205573976162735,218989,218683,0.0013973304595208402,187179,182956,0.022561291597882227,228792,225260,0.01543760271338157,209970,205488,0.021345906558079775,,2527187,2473423,0.02127424682067458,187
SHV-HQ,PMT-1820,2988,2992,0,2693,2696,0,2069,2070,0,2992,2994,0,2375,2377,0,2938,2942,0,3110,3113,0,2317,2319,0,0,0,,4069,4073,0,2072,2074,0,1726,1729,0,,29349,29379,0,1
SHV-HQ,PMT-1823,1037,1029,0.0077145612343297865,1237,1226,0.008892481810832686,1377,1364,0.009440813362382006,1442,1429,0.009015256588072118,1751,1734,0.009708737864077666,2083,2062,0.0100816130580893,1797,1781,0.008903728436282732,2215,2193,0.009932279909706576,2116,2095,0.00992438563327036,2530,2502,0.011067193675889375,2835,2798,0.013051146384479684,3229,3184,0.013936203158872673,,23649,23397,0.010655841684637846,10
SHV-HQ,PMT-1824,53942,52755,0.022005116606725772,57273,55934,0.02337925374958527,56895,55486,0.02476491783109236,59094,57661,0.02424950079534305,64191,62503,0.026296521319188026,62921,61303,0.02571478520684667,58890,57399,0.025318390219052467,65206,62213,0.045900683986136226,64387,61380,0.046701974000962876,70131,70305,0,73062,71737,0.01813528236292461,70638,68764,0.0265296299442227,,756630,737440,0.025362462498182747,87
SHV-HQ,PMT-1825,6773,7474,0,7290,8023,0,6723,7379,0,6632,7363,0,7075,7810,0,6321,7020,0,5978,6664,0,7363,8082,0,6939,7648,0,6223,6950,0,8199,8968,0,10319,11080,0,,85835,94461,0,1
SHV-HQ,PMT-1826,19999,20418,0,19104,19536,0,18644,19028,0,24158,24621,0,24958,25427,0,26670,27130,0,22452,22897,0,26857,27361,0,24840,25329,0,23466,23921,0,27456,27744,0,26239,26848,0,,284843,290260,0,1
SHV-HQ,PMT-1827,79042,79056,0,62028,62034,0,61552,61557,0,74051,74061,0,60934,60938,0,68131,68138,0,61260,61264,0,49034,49029,0.00010197006158996214,41197,41188,0.00021846250940604772,39326,39312,0.0003559985760056561,38077,38064,0.00034141345169003134,34352,34344,0.00023288309268743035,,668984,668985,0,1
SHV-HQ,PMT-1829,1739,1739,0,1512,1513,0,1438,1439,0,1478,1479,0,1748,1749,0,1764,1764,0,2149,2150,0,1965,1967,0,2056,2059,0,2066,2068,0,2652,2655,0,2936,2938,0,,23503,23520,0,1
SHV-HQ,PMT-183,15684,15413,0.01727875541953583,15314,15052,0.017108528144181845,15641,15375,0.017006585256697182,18911,18584,0.017291523451959168,19256,18915,0.01770876609887828,17802,17483,0.017919334906190354,14950,14665,0.019063545150501682,18849,18486,0.01925831609103934,18962,18529,0.022835143972154803,18722,18399,0.017252430295908505,20226,19696,0.02620389597547712,17428,15501,0.11056919899013085,,211745,206098,0.026668870575456305,46
SHV-HQ,PMT-1830,2017,2012,0.0024789291026277027,3817,3813,0.0010479434110558516,4497,4493,0.0008894818768067081,9540,9538,0.00020964360587005793,15087,15086,6.628222973426023e-05,15445,15443,0.0001294917449012889,12645,12642,0.00023724792408064133,14795,14571,0.01514025008448805,15039,15107,0,13094,13137,0,14206,14202,0.000281571167112471,13950,14067,0,,134132,134111,0.00015656219246706904,1
SHV-HQ,PMT-1832,87051,88228,0,98911,100217,0,87087,88238,0,93053,94246,0,94060,95289,0,90872,92057,0,81997,83084,0,86542,86558,0,79907,81987,0,77874,78350,0,76677,77816,0,76768,77677,0,,1030799,1043747,0,1
SHV-HQ,PMT-1833,6489,6486,0.000462320850670328,4401,4399,0.0004544421722335601,5632,5630,0.00035511363636364646,6229,6226,0.00048161823727721487,4704,4702,0.00042517006802722523,5456,5456,0,6021,6020,0.00016608536787909856,7041,7041,0,6485,6484,0.00015420200462601397,6896,6895,0.00014501160092805776,6535,6489,0.007039020657995443,7354,7409,0,,73243,73237,8.191909124422025e-05,1
SHV-HQ,PMT-1834,42786,42772,0.0003272098349927921,42348,42334,0.0003305941248701316,38817,38806,0.00028338099286395746,46645,46640,0.0001071926251473565,44851,44850,2.2296046910841305e-05,47259,47259,0,42396,42395,2.3587130861368877e-05,45366,45362,8.817175858577553e-05,44342,44341,2.2551982319263253e-05,47082,47086,0,47564,47570,0,41064,40991,0.0017777128384960372,,530520,530406,0.0002148835105180158,1
SHV-HQ,PMT-1835,0,0,,0,0,,0,0,,0,0,,0,0,,0,0,,0,0,,0,0,,0,0,,0,0,,0,0,,0,0,,,0,0,,1
SHV-HQ,PMT-184,13200,12816,0.029090909090909056,13120,13019,0.00769817073170731,15760,15503,0.016307106598984822,19040,18940,0.005252100840336116,19440,19299,0.007253086419753085,19446,19409,0.0019027049264630502,15305,15224,0.005292388108461332,19017,18915,0.005363622022401038,18077,17925,0.008408474857553805,18419,18288,0.007112221076062797,17685,17680,0.00028272547356511524,16380,13507,0.17539682539682544,,204889,200525,0.0212993376901639,53
SHV-HQ,PMT-1840,18200,18940,0,17167,17906,0,16757,17431,0,11061,11704,0,18643,19371,0,18356,19102,0,18758,19497,0,22057,22849,0,23714,24533,0,22552,23322,0,25157,26021,0,27125,27933,0,,239547,248609,0,1
SHV-HQ,PMT-1841,18753,18723,0.0015997440409534214,19286,19259,0.001399979259566475,14210,14192,0.001266713581984491,15415,15400,0.0009730781706129843,16896,16879,0.0010061553030302761,18836,18823,0.0006901677638564419,15717,15709,0.0005090029903925819,18214,18135,0.0043373229383990575,16561,16617,0,16310,16276,0.0020846106683016785,21423,21314,0.005087989543948068,18728,19039,0,,210349,210366,0,1
SHV-HQ,PMT-1842,1871,1864,0.0037413148049171285,2013,2006,0.003477396920019915,1893,1884,0.004754358161648153,1794,1787,0.0039018952062430667,1915,1902,0.006788511749347248,1868,1861,0.0037473233404711204,1804,1795,0.004988913525498906,1843,1837,0.0032555615843733454,1959,1948,0.005615109749872338,2076,2068,0.003853564547206201,2104,2095,0.004277566539923949,2115,2104,0.005200945626477549,,23255,23151,0.004472156525478388,19
SHV-HQ,PMT-1843,45,39,0.1333333333333333,405,419,0,580,577,0.005172413793103403,674,666,0.011869436201780381,690,683,0.010144927536231862,780,777,0.0038461538461538325,725,712,0.017931034482758568,782,771,0.014066496163682829,833,824,0.010804321728691502,810,800,0.012345679012345734,901,891,0.011098779134295245,889,882,0.007874015748031482,,8114,8041,0.008996795661819101,15
SHV-HQ,PMT-1847,4161,4171,0,4599,4610,0,5065,5074,0,6452,6461,0,8503,8510,0,8672,8680,0,6176,6185,0,5963,5974,0,6556,6564,0,6348,6357,0,8205,8213,0,8186,8192,0,,78886,78991,0,1
SHV-HQ,PMT-1849,9728,10270,0,8353,8887,0,3299,3755,0,11305,11878,0,5130,5621,0,3226,3735,0,2053,2548,0,2454,2936,0,2245,2746,0,2471,2988,0,4423,4942,0,1864,2394,0,,56551,62700,0,1
SHV-HQ,PMT-185,0,0,,0,0,,0,0,,0,0,,0,0,,0,0,,0,0,,0,0,,0,0,,0,0,,0,0,,0,0,,,0,0,,1
SHV-HQ,PMT-1850,33254,34469,0,32071,33316,0,30392,31482,0,33657,34816,0,37503,38673,0,37054,38259,0,33598,34766,0,34425,35604,0,35992,37150,0,34435,35617,0,39224,40269,0,33151,34600,0,,414756,429021,0,1
SHV-HQ,PMT-1851,832,1629,0,232,1057,0,344,1056,0,0,620,0,86,908,0,115,922,0,4,790,0,1488,2250,0,5793,6549,0,26095,27005,0,28523,29484,0,29183,30127,0,,92695,102397,0,1
SHV-HQ,PMT-1852,46818,47955,0,42024,43117,0,48102,49223,0,63002,64276,0,66419,67781,0,68572,70001,0,56586,57758,0,62601,63815,0,62315,63555,0,61596,62808,0,65387,66676,0,61268,62510,0,,704690,719475,0,1
SHV-HQ,PMT-1855,103543,101724,0.017567580618680134,108655,106094,0.02357001518567947,105298,103611,0.016021196983798336,123248,121566,0.013647280280410179,131734,130170,0.011872409552583285,128756,128945,0,122724,124274,0,132573,133153,0,130108,131207,0,116363,116821,0,136810,137314,0,123187,123758,0,,1462999,1458637,0.002981546808986213,132
SHV-HQ,PMT-1856,29397,29532,0,27094,27219,0,22233,22336,0,28658,28787,0,29016,29146,0,30857,30990,0,29272,29396,0,32139,32273,0,31537,31672,0,29640,29771,0,32563,32711,0,29028,29162,0,,351434,352995,0,1
SHV-HQ,PMT-1857,105,101,0.03809523809523807,173,181,0,834,833,0.0011990407673860837,695,697,0,751,789,0,601,637,0,832,863,0,980,994,0,996,1035,0,1395,1433,0,1322,1360,0,1690,1676,0.008284023668639007,,10374,10599,0,31
SHV-HQ,PMT-1858,77455,78590,0,74003,75396,0,61731,62746,0,74069,75233,0,81310,81821,0,81943,83764,0,75739,76898,0,81776,82294,0,76445,78533,0,76580,77792,0,73343,74811,0,71533,71306,0.0031733605468804438,,905927,919184,0,1
SHV-HQ,PMT-1859,29461,29494,0,26154,26183,0,27459,27490,0,26828,26858,0,32021,32059,0,29607,29639,0,26342,26371,0,27883,27917,0,27731,27667,0.0023078864808336874,27962,28053,0,29896,29986,0,25014,24878,0.00543695530502919,,336358,336595,0,1
SHV-HQ,PMT-186,129331,127732,0.012363625116947996,130055,128450,0.012340932682326722,132897,131111,0.013438979058970513,153824,151482,0.015225192427709588,159199,156533,0.016746336346333823,158014,155706,0.014606300707532216,141863,139975,0.013308614649344741,167447,164504,0.017575710523329735,147063,144808,0.015333564526767485,142941,140969,0.013795901805640054,154738,152426,0.014941384792358736,149149,146838,0.015494572541552398,,1766521,1740534,0.014710835591538407,84
SHV-HQ,PMT-1860,9825,10276,0,9739,10204,0,10657,11077,0,9504,9900,0,15015,15544,0,13620,14120,0,11586,12033,0,12954,13426,0,13464,13941,0,16456,16962,0,17387,17915,0,14003,14171,0,,154210,159569,0,1
SHV-HQ,PMT-1862,119785,121485,0,118793,120493,0,86875,88169,0,102457,103991,0,101971,103488,0,102753,104290,0,94506,95908,0,97662,99126,0,101865,103356,0,102025,103497,0,102943,104470,0,95716,97157,0,,1227351,1245430,0,1
SHV-HQ,PMT-1863,81313,78644,0.03282377971542061,86721,82708,0.04627483539165833,77668,75447,0.028596075603852245,90930,89844,0.011943253051798108,92947,89987,0.0318461058452667,95136,92387,0.028895475950218685,78245,76023,0.028397980701642234,93309,90424,0.03091877525211928,83326,80903,0.029078558913184338,94423,91677,0.029081897419061087,98720,95621,0.031391815235008114,93668,90447,0.034387410855361455,,1066406,1034112,0.030283025414335585,181
SHV-HQ,PMT-1864,2205,3127,0,3366,4267,0,1929,2740,0,1374,2347,0,1425,2333,0,1502,2472,0,1585,2550,0,1488,2422,0,1545,2498,0,1601,2631,0,1438,2588,0,1243,2338,0,,20701,32313,0,1
SHV-HQ,PMT-1865,10,710,0,5,708,0,1,643,0,7,765,0,0,680,0,7,739,0,5,732,0,0,706,0,1,728,0,3686,4463,0,19220,20115,0,26919,27865,0,,49861,58854,0,1
SHV-HQ,PMT-1867,47740,48279,0,63453,63674,0,66471,66495,0,101624,100754,0.00856096984964183,103752,102988,0.007363713470583733,122993,121909,0.008813509711934842,123376,122048,0.01076384385942164,147750,146026,0.011668358714044036,151077,149366,0.011325350649006749,155836,153911,0.012352729792859174,206831,204388,0.011811575634213423,204905,202146,0.013464776359776498,,1495808,1481984,0.009241827828170512,75
SHV-HQ,PMT-1868,25385,25883,0,26339,26862,0,26293,26786,0,31504,32090,0,29571,30115,0,29444,30017,0,25395,25905,0,28827,29298,0,24748,25191,0,30685,31240,0,30067,30859,0,26977,28176,0,,335235,342422,0,1
SHV-HQ,PMT-1869,22469,22471,0,22265,22277,0,21836,21843,0,23432,23439,0,24101,24108,0,25650,25659,0,21496,21501,0,24049,24055,0,21940,21944,0,22466,22476,0,23034,23040,0,21737,21748,0,,274475,274561,0,1
SHV-HQ,PMT-187,68640,67945,0.01012529137529139,75600,74840,0.010052910052910091,75200,74340,0.011436170212765995,84240,83158,0.012844254510921194,88640,87419,0.013774819494584811,87785,86040,0.019878111294640344,74750,73262,0.019906354515050184,89944,87980,0.021835808947789692,78332,77953,0.004838380227748518,89245,86232,0.033760995013726314,89307,86352,0.03308811179414828,79717,79369,0.0043654427537414,,981400,964890,0.01682290605257797,161
SHV-HQ,PMT-1870,14995,14993,0.00013337779259747773,18825,18824,5.312084993358557e-05,18986,18985,5.2670388707487525e-05,20680,20675,0.00024177949709869306,20267,20262,0.00024670646864355383,18408,18398,0.0005432420686658501,18307,18299,0.0004369913147975746,20772,20767,0.00024070864625458377,20307,20303,0.00019697641207461203,20177,20173,0.00019824552708525012,18932,18927,0.00026410310585256447,16755,17074,0,,227411,227680,0,1
SHV-HQ,PMT-1871,42211,42138,0.0017294070266044015,32745,32691,0.0016491067338525456,35556,35495,0.0017156035549555915,42047,41969,0.0018550669488904825,41443,41366,0.0018579736022971138,36857,36793,0.0017364408389179964,40935,40877,0.0014168804201782903,45134,45061,0.0016174059467364277,44062,43753,0.007012845535835921,43731,43631,0.002286707370057872,41591,41516,0.0018032747469404198,30931,30620,0.010054637742071049,,477243,475910,0.0027931263528223615,1
SHV-HQ,PMT-1872,13766,13765,7.26427429900145e-05,13317,13316,7.509198768496095e-05,14057,14056,7.113893433874363e-05,17379,17379,0,18618,18618,0,16949,16953,0,15344,15348,0,17648,17650,0,17103,17106,0,16328,16330,0,18564,18465,0.005332902391725902,18841,18857,0,,197914,197843,0.00035874167567728765,1
SHV-HQ,PMT-1873,23444,23432,0.0005118580447022181,25283,25273,0.00039552268322584627,24682,24664,0.0007292763957540416,22582,22574,0.00035426445841824084,0,0,,61024,62458,0,30354,31076,0,33374,34118,0,25828,26463,0,21939,22582,0,26673,27356,0,37113,37860,0,,332296,337856,0,1
SHV-HQ,PMT-1874,28406,28415,0,27897,27906,0,25312,25313,0,27351,27369,0,29025,29041,0,32377,32396,0,32123,32138,0,36639,36654,0,37619,37631,0,39024,39034,0,40062,40075,0,37112,37127,0,,392947,393099,0,1
SHV-HQ,PMT-1875,6550,7394,0,9665,10541,0,18561,19383,0,31632,32629,0,49297,50423,0,51033,52166,0,46976,48068,0,53549,54708,0,44442,45540,0,47816,48915,0,48874,50006,0,48991,50100,0,,457386,469873,0,1
SHV-HQ,PMT-1876,23334,24114,0,22711,23589,0,25966,26738,0,34008,34886,0,33256,34117,0,29538,30399,0,27499,28323,0,32377,33271,0,29990,30836,0,30293,31156,0,30705,31593,0,26927,27678,0,,346604,356700,0,1
SHV-HQ,PMT-1877,28146,28150,0,24733,24734,0,19015,19017,0,22566,22571,0,25199,25206,0,25670,25677,0,24262,24269,0,28186,28197,0,29723,29731,0,33133,33144,0,35055,34850,0.005847953216374324,30872,30969,0,,326560,326515,0.00013780009799113646,1
SHV-HQ,PMT-1878,27279,27280,0,28783,28784,0,26456,26459,0,28875,28878,0,24429,24423,0.0002456097261451795,23182,23181,4.31369165732054e-05,22016,22015,4.542151162789665e-05,24936,24935,4.010266281684327e-05,22991,22990,4.3495280762084754e-05,24328,24327,4.1104899703992004e-05,26437,26436,3.782577448274704e-05,24160,24161,0,,303872,303869,9.87257792750551e-06,1
SHV-HQ,PMT-1879,1428,1442,0,1633,1646,0,1488,1500,0,1648,1660,0,1184,1195,0,862,875,0,1715,1729,0,1660,1670,0,1392,1401,0,2097,2107,0,2411,2422,0,3276,3290,0,,20794,20937,0,1
SHV-HQ,PMT-188,302759,295064,0.02541625517325663,278061,271643,0.023081266340838846,282395,275113,0.025786575541351664,327540,318888,0.026415094339622636,323733,314844,0.027457812456561426,339455,330574,0.02616252522425655,291809,284665,0.02448176718332884,334320,325269,0.027072864321608048,308080,301056,0.022799272916125712,286176,279373,0.023772084311752262,331981,323961,0.024158009042686168,317330,320334,0,,3723639,3640784,0.02225108287887201,277
SHV-HQ,PMT-1880,44356,44404,0,37159,37202,0,33319,33353,0,32319,32351,0,27002,27027,0,25694,25716,0,24702,24721,0,31792,31816,0,35994,36030,0,42934,42976,0,53850,53868,0,50259,50254,9.948466941245293e-05,,439380,439718,0,1
SHV-HQ,PMT-1881,3524,3525,0,2817,2817,0,2546,2547,0,2685,2687,0,2934,2937,0,6112,6116,0,14512,14514,0,15705,15704,6.367398917539457e-05,15000,14998,0.00013333333333331865,17261,17260,5.7934071027165857e-05,10863,10864,0,7811,7812,0,,101770,101781,0,1
SHV-HQ,PMT-1882,6176,20824,0,7265,21255,0,19496,23179,0,26915,28166,0,20762,21866,0,20721,21912,0,16096,17243,0,16685,17802,0,20672,21853,0,21685,22908,0,19042,20124,0,11756,13064,0,,207271,250196,0,1
SHV-HQ,PMT-1883,12680,14043,0,14064,15423,0,14198,15468,0,12396,13792,0,8378,9637,0,7272,8605,0,4486,5802,0,4773,6042,0,4315,5645,0,3563,4922,0,4697,5998,0,10158,11602,0,,100980,116979,0,1
SHV-HQ,PMT-1884,4014,4743,0,2764,3516,0,3831,4531,0,7394,8196,0,5880,6629,0,5031,5839,0,7935,8639,0,9675,10406,0,16731,17491,0,50020,51164,0,47885,48946,0,47364,48372,0,,208524,218472,0,1
SHV-HQ,PMT-1885,3138,3135,0.0009560229445506607,4933,4921,0.002432596797080855,5543,5546,0,7312,7294,0.002461706783369766,8475,8399,0.008967551622418912,8412,8402,0.001188777936281471,8165,8112,0.0064911206368646335,13028,12906,0.009364445809026734,12408,12296,0.009026434558349505,19443,19300,0.007354832073239725,21998,21783,0.009773615783252976,20994,20835,0.007573592454987121,,133849,132929,0.006873417059522269,61
SHV-HQ,PMT-1886,0,0,,0,0,,250,252,0,159,164,0,174,180,0,245,250,0,88,94,0,108,111,0,131,135,0,314,318,0,428,432,0,446,449,0,,2343,2385,0,1
SHV-HQ,PMT-1887,4765,4770,0,3478,3483,0,2315,2318,0,1873,1876,0,352,352,0,281,282,0,190,190,0,76,76,0,84,84,0,44,51,0,68,63,0.07352941176470584,81,81,0,,13607,13626,0,1
SHV-HQ,PMT-1889,10325,10732,0,7594,7985,0,1288,1680,0,200,654,0,174,604,0,114,564,0,524,933,0,1931,2349,0,7048,7434,0,5890,6281,0,6004,6375,0,741,1248,0,,41833,46839,0,1
SHV-HQ,PMT-189,36959,36596,0.009821694309910978,34935,34549,0.011049091169314407,34596,34164,0.012486992715920908,39105,38572,0.013629970591995888,39296,38803,0.01254580618892509,41187,40679,0.01233398887998638,37418,37009,0.010930568175744337,38852,37742,0.028569957788530886,43519,43659,0,41574,41430,0.0034637032760860276,50444,49481,0.0190904765680755,44893,44291,0.013409662976410552,,482778,476975,0.01202001748215531,25
SHV-HQ,PMT-1890,74467,73399,0.014341923268024748,74100,73159,0.012699055330634312,70014,68768,0.017796440711857597,75030,73745,0.017126482740237203,80934,79087,0.02282106407690221,79075,76243,0.03581410053746448,76096,73533,0.03368113961312025,86871,83203,0.04222352683864583,75924,72343,0.04716558663927084,67584,67591,0,82322,80565,0.021343018877092446,73439,74945,0,,915856,896581,0.02104588494261106,37
SHV-HQ,PMT-1891,11609,11614,0,16407,16415,0,12094,12100,0,13750,13757,0,15503,15509,0,19868,19877,0,17913,17919,0,20964,20973,0,18082,18085,0,21055,21061,0,22066,22073,0,18879,18885,0,,208190,208268,0,1
SHV-HQ,PMT-1892,16056,16078,0,15951,15974,0,14398,14419,0,13954,13970,0,18727,18754,0,15377,15397,0,15437,15458,0,15127,15103,0.001586567065511968,15155,15162,0,14599,14665,0,15573,15636,0,14607,14471,0.009310604504689568,,184961,185087,0,1
SHV-HQ,PMT-1893,2939,2942,0,2935,2937,0,3537,3539,0,4384,4388,0,0,3880,0,1656,5011,0,4437,4438,0,4415,4416,0,5007,5008,0,4219,4219,0,5821,5823,0,5492,5492,0,,44842,52093,0,1
SHV-HQ,PMT-1894,7102,7865,0,7807,8573,0,7752,8443,0,8142,8817,0,9956,10771,0,7790,8525,0,7634,8352,0,6834,7550,0,11575,12354,0,11251,11993,0,16002,16800,0,9960,10522,0,,111805,120565,0,1
SHV-HQ,PMT-1896,0,0,,122,122,0,248,249,0,523,523,0,1112,1112,0,1729,1730,0,1801,1801,0,1764,1764,0,1352,1353,0,988,988,0,985,985,0,796,796,0,,11420,11423,0,1
SHV-HQ,PMT-1898,6967,7830,0,34428,35490,0,62465,63722,0,85904,87431,0,91786,93369,0,110545,112367,0,102560,104240,0,132124,83734,0.3662468590112319,173758,227221,0,203678,207676,0,245322,247149,0,218172,232878,0,,1467709,1503107,0,1
SHV-HQ,PMT-1899,14276,14994,0,10007,10679,0,9117,9733,0,11300,11975,0,9574,10223,0,10032,10688,0,10106,10752,0,11509,12191,0,12137,12841,0,11083,11759,0,13470,14476,0,11082,11424,0,,133693,141735,0,1
SHV-HQ,PMT-19,152253,148477,0.02480082494269409,160137,156451,0.02301779101644219,163193,158517,0.028653189781424393,195441,190472,0.025424552678301904,185034,180373,0.02518996508749738,193725,188963,0.024581236288553354,152376,148935,0.02258229642463383,169807,164455,0.03151813529477587,161912,157115,0.029627204901427895,155112,151861,0.020959048945278225,173311,169154,0.023985782783551013,158143,153570,0.028916866380427786,,2020444,1968343,0.025786906244370078,91
SHV-HQ,PMT-1901,31689,32737,0,28776,29813,0,24039,24937,0,32328,33407,0,30916,31924,0,48710,49927,0,47208,48390,0,55254,56535,0,59612,60939,0,89693,91367,0,145941,148697,0,146084,147560,0,,740250,756233,0,1
SHV-HQ,PMT-1902,114,898,0,351,1214,0,185,782,0,170,1001,0,258,977,0,556,1336,0,506,1317,0,456,1298,0,601,1443,0,869,1681,0,2371,3215,0,2371,3184,0,,8808,18346,0,1
SHV-HQ,PMT-1903,48901,47909,0.020285883724259213,46531,45628,0.019406417227224915,47932,46903,0.021467912876575124,52254,51128,0.02154858958165884,45672,45328,0.0075319670695392915,50793,49477,0.025909081960112657,45774,44764,0.022064927688207225,58551,57307,0.02124643473211385,49787,48810,0.019623596521180176,43826,43000,0.018847259617578604,48080,47088,0.020632279534109843,47163,46293,0.018446663698237997,,585264,573635,0.019869665655157354,95
SHV-HQ,PMT-1906,19275,19962,0,24424,25167,0,29548,30275,0,38483,39335,0,42074,42959,0,42113,43014,0,36135,36965,0,38955,39835,0,34671,35505,0,37805,38682,0,39178,40087,0,36179,37040,0,,418840,428826,0,1
SHV-HQ,PMT-1907,18896,20439,0,1059,2429,0,18674,20079,0,27797,29516,0,21086,22591,0,19408,20931,0,17071,18656,0,19220,21622,0,19452,20246,0,12702,13987,0,18130,19753,0,34337,36084,0,,227832,246333,0,1
SHV-HQ,PMT-1908,1082,1723,0,4458,5078,0,20058,20648,0,30689,31394,0,33035,33757,0,30173,30876,0,27074,27736,0,32722,33446,0,29613,30315,0,30590,31311,0,32846,33601,0,28744,29573,0,,301084,309458,0,1
SHV-HQ,PMT-1909,3209,4092,0,5152,5866,0,7415,8081,0,10463,11260,0,10449,11195,0,11985,12764,0,11216,11961,0,11999,12768,0,10781,11540,0,12174,12968,0,16817,17618,0,11029,11917,0,,122689,132030,0,1
SHV-HQ,PMT-1910,5120,5195,0,6300,6232,0.0107936507936508,10776,10644,0.012249443207126953,11129,10997,0.011860903944649115,12275,12126,0.012138492871690443,12965,12808,0.012109525645969899,9155,9050,0.011469142545057376,9990,9874,0.011611611611611616,9741,9631,0.011292475105225352,7946,7856,0.011326453561540384,10127,10009,0.011652019354201681,8961,8926,0.003905814083249637,,114485,113348,0.009931432065336088,6
SHV-HQ,PMT-1911,31451,32579,0,25917,26797,0,33633,34564,0,51201,52424,0,49425,50565,0,55328,56579,0,46736,47885,0,47707,48860,0,49513,50694,0,50283,51489,0,54567,55846,0,48607,49804,0,,544368,558086,0,1
SHV-HQ,PMT-1912,1092,1094,0,697,699,0,438,439,0,381,382,0,1089,1090,0,1010,1012,0,566,567,0,1417,1408,0.00635144671841914,1617,1626,0,1679,1682,0,1956,1960,0,1640,1628,0.007317073170731714,,13582,13587,0,1
SHV-HQ,PMT-1913,0,0,,0,755,0,749,1200,0,3679,4172,0,2629,3095,0,1394,1855,0,1717,2171,0,1648,2116,0,1732,2170,0,3540,4060,0,3372,3881,0,3171,3647,0,,23631,29122,0,1
SHV-HQ,PMT-1914,0,0,,0,0,,18,18,0,1844,1848,0,2881,2892,0,12357,12354,0.00024277737314881698,11450,11449,8.733624454149158e-05,12228,12227,8.177952240762121e-05,11490,11491,0,10870,10874,0,13170,13140,0.002277904328018221,12462,12442,0.001604878831648171,,88770,88735,0.00039427734595021136,1
SHV-HQ,PMT-1915,0,0,,6210,6220,0,67120,67170,0,36840,36810,0.0008143322475570036,54040,54070,0,92590,92640,0,121580,121630,0,411560,411790,0,277680,277740,0,1002550,997660,0.004877562216348275,973480,990149,0,903630,886141,0.019354160441773738,,3947280,3942020,0.0013325631827486584,1
SHV-HQ,PMT-1916,0,0,,0,0,,2991,4835,0,1705,2964,0,660,1834,0,739,2006,0,953,2198,0,5106,6353,0,13320,14607,0,22234,23691,0,28774,30266,0,28191,29601,0,,104673,118355,0,1
SHV-HQ,PMT-1917,0,0,,70,70,0,237,238,0,1463,1465,0,2047,2050,0,2122,2125,0,3121,3125,0,3448,3451,0,3533,3537,0,4035,4039,0,4189,4192,0,4317,4321,0,,28582,28613,0,1
SHV-HQ,PMT-1918,0,0,,0,0,,448,446,0.004464285714285698,1157,1155,0.0017286084701815252,3991,3993,0,16751,16766,0,14584,14599,0,17623,17641,0,17142,17159,0,17306,17216,0.005200508494163869,19641,19695,0,18301,18397,0,,126944,127067,0,1
SHV-HQ,PMT-1919,0,0,,0,0,,15414,15426,0,19551,19570,0,14905,14918,0,12401,12412,0,9202,9210,0,8292,8298,0,8682,8690,0,8049,8055,0,9909,9845,0.006458774851145432,8440,8483,0,,114845,114907,0,1
SHV-HQ,PMT-192,86410,85285,0.013019326466844117,94272,92925,0.01428844195519352,88142,86814,0.015066597081981326,95766,94317,0.015130630912850052,101575,100110,0.01442284026581342,101862,100471,0.0136557303017808,96559,95079,0.015327416398264293,102120,100461,0.016245593419506488,96075,102298,0,75760,74960,0.010559662090813049,89629,89420,0.002331834562474211,86355,85882,0.0054773898442476154,,1114525,1108022,0.005834772660999077,119
SHV-HQ,PMT-1920,0,0,,0,0,,8262,8276,0,7836,7850,0,6142,6154,0,4997,5007,0,4374,4384,0,5916,5926,0,4813,4821,0,4786,4796,0,4691,4701,0,5835,5848,0,,57652,57763,0,1
SHV-HQ,PMT-1921,0,0,,0,0,,0,0,,180,181,0,67,67,0,59,60,0,76,76,0,73,74,0,48,48,0,45,45,0,38,39,0,110,109,0.009090909090909038,,696,699,0,1
SHV-HQ,PMT-1922,0,0,,0,0,,0,0,,0,0,,0,0,,0,0,,0,0,,0,0,,0,0,,0,0,,0,0,,294,307,0,,294,307,0,2
SHV-HQ,PMT-1923,0,0,,209,900,0,1489,2279,0,5666,6554,0,14443,15383,0,26838,27894,0,28165,29174,0,42831,44051,0,46114,47327,0,61722,63109,0,67877,69363,0,63374,64749,0,,358728,370783,0,1
SHV-HQ,PMT-1924,0,0,,0,0,,0,0,,0,0,,29776,31819,0,47307,48275,0,122035,123837,0,163955,166438,0,159366,161779,0,161751,164199,0,180521,183265,0,167380,169917,0,,1032091,1049529,0,1
SHV-HQ,PMT-1925,0,0,,345200,345580,0,539360,539930,0,597890,598460,0,595700,596230,0,579100,578580,0.0008979450872043104,430060,429380,0.0015811747198065662,522850,522100,0.0014344458257626869,406150,405500,0.0016003939431245007,428090,425350,0.006400523254455837,363760,369529,0,307860,300921,0.022539465991034846,,5116020,5111560,0.0008717714160616508,1
SHV-HQ,PMT-1927,0,0,,0,0,,0,0,,0,0,,0,0,,0,0,,48,56,0,249,262,0,420,442,0,408,407,0.002450980392156854,674,676,0,609,629,0,,2408,2472,0,8
SHV-HQ,PMT-1928,0,0,,0,0,,0,0,,0,0,,1904,4106,0,1007,1813,0,561,1350,0,434,1272,0,642,1422,0,2851,3596,0,12600,13456,0,31446,32184,0,,51445,59199,0,1
SHV-HQ,PMT-1929,0,0,,0,0,,0,0,,0,0,,0,0,,51202,54029,0,22131,23094,0,22339,23336,0,19800,20781,0,20999,22035,0,24558,25633,0,28505,29568,0,,189534,198476,0,1
SHV-HQ,PMT-193,24246,23842,0.016662542275014403,28345,27770,0.02028576468512966,26020,25712,0.01183704842428901,28614,28032,0.020339693856154306,29381,28739,0.021850855995371177,29396,28852,0.01850591917267652,25843,25510,0.012885500909337155,30191,29589,0.01993971713424525,28117,27545,0.020343564391649194,30385,29833,0.018166858647358897,30903,29720,0.038281073034980406,27618,27619,0,,339059,332763,0.018569039606676108,111
SHV-HQ,PMT-1932,0,0,,0,0,,0,0,,0,0,,25316,26553,0,30592,31702,0,27928,28961,0,23866,24870,0,17865,18789,0,16073,17008,0,15812,16761,0,15810,16739,0,,173262,181383,0,1
SHV-HQ,PMT-1933,0,0,,0,0,,0,0,,0,0,,5081,5091,0,5330,5340,0,1339,1341,0,5209,5222,0,5446,5457,0,4943,4954,0,5886,5853,0.005606523955147824,5188,5259,0,,38422,38517,0,1
SHV-HQ,PMT-1934,0,0,,0,0,,0,0,,0,0,,0,0,,0,0,,1470,1473,0,750,751,0,852,854,0,642,697,0,2216,2158,0.026173285198555996,2569,2606,0,,8499,8539,0,1
SHV-HQ,PMT-1935,0,0,,0,0,,0,0,,0,0,,0,0,,29604,29608,0,15643,15643,0,17297,17303,0,13498,13500,0,17191,17193,0,19985,19987,0,18671,18672,0,,131889,131906,0,1
SHV-HQ,PMT-1936,0,0,,0,0,,0,0,,0,0,,17031,17778,0,19863,20228,0,24738,25203,0,37151,37795,0,36527,37140,0,38389,39057,0,35653,36357,0,34100,34778,0,,243452,248336,0,1
SHV-HQ,PMT-1937,0,0,,0,0,,0,0,,0,0,,0,0,,19,19,0,1712,1711,0.0005841121495326895,5319,5320,0,4527,4525,0.000441793682350311,4560,4559,0.00021929824561406353,4927,4949,0,4592,4564,0.0060975609756097615,,25656,25647,0.0003507951356407357,1
SHV-HQ,PMT-1938,0,0,,0,0,,0,0,,0,0,,4286,5122,0,4763,5696,0,4153,5076,0,2641,3573,0,4223,5202,0,2936,3860,0,5377,6412,0,21849,22958,0,,50228,57899,0,1
SHV-HQ,PMT-1939,0,0,,0,0,,0,0,,0,0,,0,0,,0,0,,0,2074,0,82,940,0,306,1178,0,569,1443,0,366,1256,0,58,951,0,,1381,7842,0,1
SHV-HQ,PMT-194,23827,24218,0,25306,25678,0,23983,24408,0,28308,28776,0,30203,30580,0,28528,29308,0,20964,21765,0,21463,22294,0,17386,18141,0,16136,16983,0,15582,16411,0,15600,16398,0,,267286,274960,0,1
SHV-HQ,PMT-1940,0,0,,0,0,,0,0,,0,0,,0,0,,291,293,0,144,145,0,195,196,0,1957,1954,0.0015329586101174852,13828,13747,0.005857680069424331,23421,23717,0,35428,35292,0.0038387715930902067,,75264,75344,0,1
SHV-HQ,PMT-1941,0,0,,0,0,,0,0,,0,0,,0,0,,0,0,,1357,2358,0,2302,2825,0,2809,3314,0,5038,5562,0,8958,9552,0,10119,10690,0,,30583,34301,0,1
SHV-HQ,PMT-1942,0,0,,0,0,,0,0,,0,0,,0,0,,90638,40270,0.55570511264591,73261,72283,0.01334953112843118,87719,82776,0.05635039159133137,91038,91991,0,82990,81649,0.016158573322087033,91488,89845,0.01795863938440012,79009,77845,0.01473249882924732,,596143,536659,0.09978142828146941,45
SHV-HQ,PMT-1943,0,0,,0,0,,0,0,,0,0,,0,0,,0,0,,62,0,1,1302,1446,0,3953,3960,0,3977,3973,0.001005783253708814,4365,4366,0,4664,4245,0.08983704974271012,,18323,17990,0.01817387982317309,5
SHV-HQ,PMT-1944,0,0,,0,0,,0,0,,0,0,,0,0,,1232,2064,0,1845,2428,0,3159,3765,0,10347,10954,0,10830,11425,0,17380,18051,0,24521,25240,0,,69314,73927,0,1
SHV-HQ,PMT-1945,0,0,,0,0,,0,0,,0,0,,0,0,,0,789,0,3,590,0,4664,5297,0,12279,12921,0,37533,38540,0,42553,43622,0,87684,89387,0,,184716,191146,0,1
SHV-HQ,PMT-1949,0,0,,0,0,,0,0,,0,0,,0,0,,0,0,,0,0,,0,0,,0,0,,0,0,,0,0,,0,0,,,0,0,,0
SHV-HQ,PMT-195,0,0,,0,0,,0,0,,0,0,,0,0,,0,0,,0,0,,0,0,,0,0,,0,0,,0,733,0,0,524,0,,0,1257,0,1
SHV-HQ,PMT-1950,0,0,,0,0,,0,0,,0,0,,0,0,,0,0,,0,0,,5699,7172,0,817,1494,0,119,817,0,7,744,0,0,386,0,,6642,10613,0,0
SHV-HQ,PMT-1951,0,0,,0,0,,0,0,,0,0,,0,0,,0,0,,435,1647,0,2018,2970,0,2832,3613,0,2590,3439,0,2436,3422,0,1343,2260,0,,11654,17351,0,1
SHV-HQ,PMT-1952,0,0,,0,0,,0,0,,0,0,,0,0,,0,0,,31419,32603,0,42140,43203,0,41879,42933,0,48361,49516,0,54181,55421,0,50396,51583,0,,268376,275259,0,1
SHV-HQ,PMT-1953,0,0,,0,0,,0,0,,0,0,,0,0,,0,0,,0,0,,0,0,,5650,5622,0.004955752212389419,5631,5536,0.0168708932694015,11198,10990,0.018574745490266165,13553,13240,0.023094517818933125,,36032,35388,0.017873001776198882,5
SHV-HQ,PMT-1955,0,0,,0,0,,0,0,,0,0,,0,0,,0,0,,0,0,,2911,2838,0.02507729302645134,2821,2877,0,37626,40767,0,50221,49825,0.00788514764739845,60733,48726,0.19770141438756528,,154312,145033,0.060131422054020445,70
SHV-HQ,PMT-1956,0,0,,0,0,,0,0,,0,0,,0,0,,0,0,,0,0,,0,0,,0,0,,75,75,0,10934,10940,0,36688,36711,0,,47697,47726,0,1
SHV-HQ,PMT-1957,0,0,,0,0,,0,0,,0,0,,0,0,,0,0,,0,0,,27,30,0,674,669,0.007418397626112738,718,712,0.00835654596100277,2408,2387,0.008720930232558155,2257,2237,0.00886132033673015,,6084,6035,0.008053911900065769,6
SHV-HQ,PMT-1958,0,0,,0,0,,0,0,,0,0,,0,0,,0,0,,214,0,1,1526,2006,0,1990,1984,0.0030150753768843908,3029,2902,0.0419280290524926,4383,4367,0.0036504677161761645,13359,13250,0.008159293360281428,,24501,24509,0,60
SHV-HQ,PMT-1959,0,0,,0,0,,0,0,,0,0,,0,0,,0,0,,0,0,,0,0,,0,0,,0,0,,63,61,0.031746031746031744,3394,3340,0.015910430170889778,,3457,3401,0.01619901648828459,1
SHV-HQ,PMT196,0,0,,0,0,,0,0,,0,0,,0,0,,0,0,,0,0,,0,0,,0,0,,0,0,,0,0,,0,0,,,0,0,,0
SHV-HQ,PMT-1961,0,0,,0,0,,0,0,,0,0,,0,0,,0,0,,0,0,,0,0,,487,1604,0,2741,3638,0,8477,9298,0,14950,15783,0,,26655,30323,0,1
SHV-HQ,PMT-1962,0,0,,0,0,,0,0,,0,0,,0,0,,0,0,,0,0,,0,0,,444,444,0,204,206,0,340,338,0.00588235294117645,421,424,0,,1409,1412,0,1
SHV-HQ,PMT-1963,0,0,,0,0,,0,0,,0,0,,0,0,,0,0,,0,0,,0,0,,438,438,0,314,315,0,477,473,0.008385744234800874,612,615,0,,1841,1841,0,1
SHV-HQ,PMT-1964,0,0,,0,0,,0,0,,0,0,,0,0,,0,0,,0,0,,0,0,,15095,15891,0,12308,12942,0,14558,15043,0,12208,12948,0,,54169,56824,0,1
SHV-HQ,PMT-1965,0,0,,0,0,,0,0,,0,0,,0,0,,0,0,,0,0,,0,0,,4232,2228,0.47353497164461245,1764,1776,0,2118,2124,0,1984,1948,0.01814516129032262,,10098,8076,0.20023767082590616,2
SHV-HQ,PMT-1967,0,0,,0,0,,0,0,,0,0,,0,0,,0,0,,0,0,,0,0,,41233,42184,0,48633,49495,0,49278,50135,0,52071,52745,0,,191215,194559,0,1
SHV-HQ,PMT-1968,0,0,,0,0,,0,0,,0,0,,0,0,,0,0,,0,0,,0,0,,88,774,0,695,1608,0,1424,2293,0,2637,3478,0,,4844,8153,0,1
SHV-HQ,PMT-1969,0,0,,0,0,,0,0,,0,0,,0,0,,0,0,,0,0,,0,0,,5678,6428,0,5756,6597,0,7860,8745,0,10628,11575,0,,29922,33345,0,1
SHV-HQ,PMT-197,39010,39656,0,38261,38885,0,39120,39744,0,39823,40448,0,35077,35685,0,0,28519,0,14275,30938,0,39032,39655,0,37846,38404,0,41018,41659,0,41510,31135,0.24993977354854247,43164,54404,0,,408136,459132,0,5
SHV-HQ,PMT-1970,0,0,,0,0,,0,0,,0,0,,0,0,,0,0,,0,0,,0,0,,4957,5417,0,33245,34223,0,39358,40423,0,51884,53323,0,,129444,133386,0,1
SHV-HQ,PMT-1971,0,0,,0,0,,0,0,,0,0,,0,0,,0,0,,0,0,,0,0,,85369,67296,0.21170448289191623,71053,68472,0.036324996833349776,75272,75573,0,69547,57650,0.17106417243015515,,301241,268991,0.10705714029630764,204
SHV-HQ,PMT-1972,0,0,,0,0,,0,0,,0,0,,0,0,,0,0,,0,0,,0,0,,0,0,,898,1227,0,1049,1040,0.008579599618684486,955,947,0.008376963350785305,,2902,3214,0,1
SHV-HQ,PMT-1973,0,0,,0,0,,0,0,,0,0,,0,0,,0,0,,0,0,,0,0,,0,0,,356,355,0.002808988764044895,421,419,0.004750593824228044,484,487,0,,1261,1261,0,1
SHV-HQ,PMT-1974,0,0,,0,0,,0,0,,0,0,,0,0,,0,0,,0,0,,0,0,,0,0,,379,1366,0,141,952,0,326,1102,0,,846,3420,0,1
SHV-HQ,PMT-1975,0,0,,0,0,,0,0,,0,0,,0,0,,0,0,,0,0,,0,0,,0,0,,271,1030,0,7907,8708,0,24616,25470,0,,32794,35208,0,1
SHV-HQ,PMT-1976,0,0,,0,0,,0,0,,0,0,,0,0,,0,0,,0,0,,0,0,,0,0,,239,239,0,815,814,0.0012269938650306678,731,730,0.001367989056087593,,1785,1783,0.0011204481792717047,1
SHV-HQ,PMT-1977,0,0,,0,0,,0,0,,0,0,,0,0,,0,0,,0,0,,0,0,,0,0,,114,114,0,737,737,0,3178,3175,0.0009439899307740474,,4029,4026,0.0007446016381236209,1
SHV-HQ,PMT-1978,0,0,,0,0,,0,0,,0,0,,0,0,,0,0,,0,0,,0,0,,0,0,,2456,2456,0,4594,4595,0,6887,6886,0.00014520110352833626,,13937,13937,0,1
SHV-HQ,PMT-1979,0,0,,0,0,,0,0,,0,0,,0,0,,0,0,,0,0,,0,0,,0,0,,0,751,0,808,2217,0,432,1812,0,,1240,4780,0,1
SHV-HQ,PMT-1980,0,0,,0,0,,0,0,,0,0,,0,0,,0,0,,0,0,,0,0,,0,0,,0,0,,17062,17980,0,16485,17292,0,,33547,35272,0,1
SHV-HQ,PMT-1983,0,0,,0,0,,0,0,,0,0,,0,0,,0,0,,0,0,,0,0,,0,0,,0,0,,322,1201,0,2022,2616,0,,2344,3817,0,1
SHV-HQ,PMT-1984,0,0,,0,0,,0,0,,0,0,,0,0,,0,0,,0,0,,0,0,,0,0,,0,0,,1059,1064,0,10083,10070,0.00128929881979567,,11142,11134,0.0007180039490217727,1
SHV-HQ,PMT-1985,0,0,,0,0,,0,0,,0,0,,0,0,,0,0,,0,0,,0,0,,0,0,,0,0,,38932,39873,0,36125,36529,0,,75057,76402,0,1
SHV-HQ,PMT-1986,0,0,,0,0,,0,0,,0,0,,0,0,,0,0,,0,0,,0,0,,0,0,,0,0,,0,0,,4438,5629,0,,4438,5629,0,1
SHV-HQ,PMT-1987,0,0,,0,0,,0,0,,0,0,,0,0,,0,0,,0,0,,0,0,,0,0,,0,0,,0,0,,361,360,0.0027700831024930483,,361,360,0.0027700831024930483,2
SHV-HQ,PMT-1988,0,0,,0,0,,0,0,,0,0,,0,0,,0,0,,0,0,,0,0,,0,0,,0,0,,0,0,,44399,44655,0,,44399,44655,0,1
SHV-HQ,PMT-1989,0,0,,0,0,,0,0,,0,0,,0,0,,0,0,,0,0,,0,0,,0,0,,0,0,,689,1632,0,1440,2303,0,,2129,3935,0,1
SHV-HQ,PMT-199,0,0,,0,0,,0,0,,83,649,0,368,1331,0,586,1545,0,433,1382,0,245,1257,0,203,1141,0,382,1372,0,486,1480,0,369,1295,0,,3155,11452,0,1
SHV-HQ,PMT-1990,0,0,,0,0,,0,0,,0,0,,0,0,,0,0,,0,0,,0,0,,0,0,,0,0,,0,0,,14641,15833,0,,14641,15833,0,1
SHV-HQ,PMT-1991,0,0,,0,0,,0,0,,0,0,,0,0,,0,0,,0,0,,0,0,,0,0,,0,0,,0,0,,80,1681,0,,80,1681,0,1
SHV-HQ,PMT-1993,0,0,,0,0,,0,0,,0,0,,0,0,,0,0,,0,0,,0,0,,0,0,,0,0,,0,0,,146884,85861,0.4154502873015441,,146884,85861,0.4154502873015441,18
SHV-HQ,PMT-1995,0,0,,0,0,,0,0,,0,0,,0,0,,0,0,,0,0,,0,0,,0,0,,0,0,,0,0,,544,1451,0,,544,1451,0,1
SHV-HQ,PMT-1996,0,0,,0,0,,0,0,,0,0,,0,0,,0,0,,0,0,,0,0,,0,0,,0,0,,0,0,,72,87,0,,72,87,0,5
SHV-HQ,PMT-1997,0,0,,0,0,,0,0,,0,0,,0,0,,0,0,,0,0,,0,0,,0,0,,0,0,,0,0,,95,1435,0,,95,1435,0,1
SHV-HQ,PMT-1998,0,0,,0,0,,0,0,,0,0,,0,0,,0,0,,0,0,,0,0,,0,0,,0,0,,0,0,,94,791,0,,94,791,0,1
SHV-HQ,PMT-1999,0,0,,0,0,,0,0,,0,0,,0,0,,0,0,,0,0,,0,0,,0,0,,0,0,,0,0,,2275,4911,0,,2275,4911,0,14
SHV-HQ,PMT-200,168131,162091,0.03592436849837333,171251,163321,0.0463062989413201,164430,156371,0.049011737517484666,194742,185180,0.049100861652853545,183638,174845,0.047882246593842215,190142,180944,0.04837437283714274,181532,173381,0.044901174448582104,189977,181149,0.04646878306321289,186554,178374,0.043847893907394075,171029,163548,0.04374111992702989,198618,189606,0.04537353109990028,168387,161541,0.04065634520479611,,2168431,2070351,0.045230860470081846,369
SHV-HQ,PMT-2000,0,0,,0,0,,0,0,,0,0,,0,0,,0,0,,0,0,,0,0,,0,0,,0,0,,0,0,,0,0,,,0,0,,1
SHV-HQ,PMT-2002,0,0,,0,0,,0,0,,0,0,,0,0,,0,0,,0,0,,0,0,,0,0,,0,0,,0,0,,0,0,,,0,0,,1
SHV-HQ,PMT-2003,0,0,,0,0,,0,0,,0,0,,0,0,,0,0,,0,0,,0,0,,0,0,,0,0,,0,0,,0,0,,,0,0,,1
SHV-HQ,PMT-201,0,0,,0,0,,0,0,,0,0,,0,0,,0,0,,0,0,,0,0,,0,1,0,0,56,0,0,0,,0,0,,,0,57,0,1
SHV-HQ,PMT-202,22600,22547,0.0023451327433627878,21981,21934,0.0021382102725080454,20486,20458,0.0013667870740994292,23443,23102,0.014545919890799008,22510,22775,0,25928,25916,0.00046282011724774197,30090,30149,0,46216,46190,0.0005625757313484359,52089,51691,0.0076407686843671385,51819,51796,0.00044385264092317023,58112,58258,0,52345,52205,0.00267456299551061,,427619,427021,0.001398441135683881,16
SHV-HQ,PMT-203,74101,72284,0.024520586766710317,61546,59941,0.026078055438208847,63254,61828,0.022544028836121055,71560,69589,0.027543320290665196,76829,74534,0.029871532884718,77005,74976,0.026348938380624687,67978,66286,0.02489040571949752,73301,71427,0.02556581765596655,73319,71442,0.02560045827138946,69243,67751,0.021547304420663438,79792,78140,0.02070382995789055,74695,72987,0.022866323047058046,,862623,841185,0.024852108047200172,71
SHV-HQ,PMT-204,41580,41388,0.0046176046176046315,40800,40660,0.0034313725490195957,40560,40395,0.004068047337278058,48000,47782,0.004541666666666666,44640,44374,0.005958781362007115,48660,48464,0.004027949034114298,40860,40676,0.004503181595692629,43800,42234,0.03575342465753428,40380,41133,0,33900,33749,0.004454277286135677,38524,38283,0.006255840515003608,30909,30688,0.007150021029473597,,492613,489826,0.00565758516320114,35
SHV-HQ,PMT-205,41748,41661,0.0020839321644150477,41083,40996,0.0021176642406834922,44547,44450,0.00217747547534064,48280,48174,0.0021955260977630786,50536,50436,0.0019787873990818605,49806,49776,0.0006023370678231998,43595,43435,0.003670145658905888,47112,47002,0.0023348616063847416,42567,42008,0.013132238588578038,40889,41249,0,44200,44084,0.0026244343891402844,39511,39410,0.002556250158183837,,533874,532681,0.002234609664452658,17
SHV-HQ,PMT-206,64287,62696,0.02474839392101047,61153,59639,0.024757575262047693,62302,60716,0.025456646656608184,69054,67254,0.02606655660787205,70454,68540,0.027166661935447256,73669,71482,0.029686842498201416,62380,61162,0.01952548893876238,78081,75587,0.03194118927780121,65961,64394,0.023756462151877655,66262,64156,0.031782922338595254,74637,72430,0.02956978442327529,74599,72432,0.02904864676470198,,822839,800488,0.027163272523543447,80
SHV-HQ,PMT-207,26755,26430,0.012147262193982433,26666,26332,0.012525313132828342,25109,24783,0.012983392409096295,34043,33527,0.015157301060423567,34735,34178,0.016035698862818526,37086,36478,0.016394326700102435,32926,32396,0.016096701694709337,34522,33937,0.016945715775447567,34591,33968,0.01801046514989446,33120,32496,0.018840579710144967,35060,34354,0.0201369081574444,33031,32377,0.01979958221065059,,387644,381256,0.016479037467367008,13
SHV-HQ,PMT-208,17945,17944,5.572582892166e-05,18132,18131,5.515111405252071e-05,16590,16591,0,21739,21738,4.600027600165646e-05,21711,21709,9.211920224772019e-05,22139,22139,0,18487,18486,5.4092064694089004e-05,18621,18619,0.00010740561731381604,18736,18735,5.337318531173363e-05,17715,17713,0.00011289867344055349,21609,21606,0.00013883104262113477,18770,18768,0.00010655301012252316,,232194,232179,6.460115248452247e-05,1
SHV-HQ,PMT-209,170679,170677,1.1717903198427138e-05,163013,163012,6.134480072139681e-06,163925,163923,1.2200701540288073e-05,182189,182189,0,174101,174098,1.7231377189119712e-05,187090,187089,5.345021112823645e-06,191178,191180,0,185111,185107,2.1608656427751782e-05,186242,186240,1.073871629386769e-05,181800,181798,1.100110010998634e-05,193042,193039,1.5540659545565383e-05,169677,169674,1.7680652062423974e-05,,2148047,2148026,9.77632239895776e-06,1
SHV-HQ,PMT-21,4378,4382,0,3809,3812,0,3761,3763,0,4479,4483,0,5020,5026,0,5528,5535,0,4672,4678,0,4914,4919,0,2752,2754,0,2654,2656,0,2857,2858,0,2409,2409,0,,47233,47275,0,1
SHV-HQ,PMT-210,0,0,,0,0,,0,0,,0,0,,0,0,,0,0,,0,0,,0,0,,0,0,,0,0,,0,0,,0,0,,,0,0,,1
SHV-HQ,PMT-211,17060,16853,0.0121336459554513,18203,17928,0.015107399879140782,17416,17144,0.015617822691777694,17996,17690,0.0170037786174706,19192,18916,0.014380992080033295,18386,18044,0.018601109539867267,16821,16489,0.019737233220379236,18460,18098,0.01960996749729149,18335,18024,0.016962094355058577,16261,15894,0.022569337679109513,18552,18067,0.026142733937041807,16505,16177,0.01987276582853681,,213187,209324,0.018120241853396335,14
SHV-HQ,PMT-212,1144,1211,0,1147,1214,0,1038,1101,0,1145,1217,0,1158,1178,0,1122,1199,0,1068,1160,0,1032,1210,0,0,1124,0,0,1201,0,0,1199,0,0,1161,0,,8854,14175,0,1
SHV-HQ,PMT-213,22713,22564,0.006560119755206317,22781,22566,0.009437689302488894,21840,21681,0.007280219780219754,23298,23183,0.0049360460125332795,24893,24595,0.01197123689390589,24794,24548,0.009921755263370136,24593,24276,0.012889846704346786,27501,27449,0.001890840333078847,25260,25205,0.0021773555027712055,27627,27582,0.0016288413508523947,30359,30318,0.0013505056161270401,27982,27974,0.000285898077335478,,303641,301941,0.005598716905819701,66
SHV-HQ,PMT-214,19000,18441,0.029421052631578903,18800,18262,0.02861702127659571,18600,18432,0.00903225806451613,21200,20509,0.032594339622641466,23974,22523,0.06052390089263371,24355,25596,0,23364,23080,0.0121554528334189,28237,27893,0.012182597301413023,20238,19985,0.012501235299930857,19661,20231,0,20435,19769,0.03259114264741869,22797,23265,0,,260661,257986,0.010262371432627093,51
SHV-HQ,PMT-215,86305,85404,0.010439719599096176,82308,81488,0.009962579579141706,78106,77479,0.008027552300719498,72860,72068,0.010870161954433133,111659,110478,0.010576845574472249,95615,94639,0.010207603409506882,84239,83458,0.009271240161920269,94148,93197,0.010101117389641812,90622,89747,0.009655492043874503,85305,84321,0.011535080007033627,98964,97823,0.011529445050725506,83012,78284,0.05695562087409045,,1063143,1048386,0.01388054099965852,67
SHV-HQ,PMT-216,39843,39603,0.006023642797982065,42058,41573,0.011531694326881947,37065,36616,0.012113854040199601,36932,36325,0.01643561139391314,39999,39653,0.008650216255406407,34082,33405,0.019863857754826575,31293,30861,0.01380500431406384,32924,32550,0.01135949459360952,31907,31665,0.0075845425768640284,29492,29414,0.0026447850264478268,32549,32516,0.0010138560324434165,41339,38930,0.05827426885023823,,429483,423111,0.014836442885981516,22
SHV-HQ,PMT-218,88656,88984,0,90351,89720,0.0069838740025013335,84393,84631,0,100611,100141,0.004671457395314604,93575,93436,0.0014854394870424947,102428,102281,0.0014351544499551228,89969,89922,0.0005224021607442841,100125,99886,0.002387016229712824,97365,97097,0.002752529142915794,89130,88997,0.0014922024009873525,95184,95106,0.0008194654563792314,90515,90502,0.0001436226039882582,,1122302,1120703,0.0014247502009263613,43
SHV-HQ,PMT-219,187031,189365,0,164603,166444,0,176203,178616,0,205056,207981,0,209208,212102,0,197421,200204,0,200725,203481,0,238871,242238,0,234259,237629,0,249381,252554,0,240339,243039,0,227357,230203,0,,2530454,2563856,0,1
SHV-HQ,PMT-220,5640,5405,0.04166666666666663,6300,6045,0.04047619047619044,6540,6351,0.028899082568807355,7620,7416,0.026771653543307128,8400,8167,0.02773809523809523,7020,6771,0.035470085470085455,6741,6675,0.009790832220738732,8349,8247,0.01221703197987778,8355,8266,0.010652304009575064,7574,7453,0.015975706363876463,9082,8904,0.01959920722307862,9626,9508,0.01225846665281527,,91247,89208,0.022345940140497733,10
SHV-HQ,PMT-221,14272,14278,0,14179,14182,0,13631,13633,0,14593,14596,0,13046,13048,0,14334,14336,0,15210,15213,0,15377,15379,0,15379,15381,0,15654,15657,0,15765,15767,0,14945,14947,0,,176385,176417,0,1
SHV-HQ,PMT-222,17830,17828,0.00011217049915868138,19306,19305,5.179736869365126e-05,16541,16540,6.0455837011086366e-05,20283,20281,9.860474288814203e-05,19443,19442,5.1432392120576154e-05,20001,20000,4.99975001250208e-05,17830,17829,5.608524957934069e-05,19465,19464,5.137426149504076e-05,20548,20546,9.733307377846057e-05,20908,20907,4.7828582360853744e-05,32795,32794,3.0492453117814122e-05,18187,18186,5.498432946615672e-05,,243137,243122,6.169361306584964e-05,1
SHV-HQ,PMT-223,5930,5933,0,5661,5665,0,5934,5937,0,6926,6929,0,6486,6490,0,7128,7130,0,5855,5859,0,6705,6708,0,6448,6451,0,6360,6364,0,6355,6358,0,6347,6349,0,,76135,76173,0,1
SHV-HQ,PMT224,0,0,,0,0,,0,0,,0,0,,0,0,,0,0,,0,0,,0,0,,0,0,,0,0,,0,0,,0,0,,,0,0,,0
SHV-HQ,PMT225,0,0,,0,0,,0,0,,0,0,,0,0,,0,0,,0,0,,0,0,,0,0,,0,0,,0,0,,0,0,,,0,0,,0
SHV-HQ,PMT226,0,0,,0,0,,0,0,,0,0,,0,0,,0,0,,0,0,,0,0,,0,0,,0,0,,0,0,,0,0,,,0,0,,0
SHV-HQ,PMT228,0,0,,0,0,,0,0,,0,0,,0,0,,0,0,,0,0,,0,0,,0,0,,0,0,,0,0,,0,0,,,0,0,,0
SHV-HQ,PMT-230,18482,18476,0.0003246401904555274,23232,23225,0.00030130853994492224,22649,22642,0.0003090644178550539,25094,25088,0.00023910098031398874,23549,23542,0.0002972525372627599,20294,20288,0.00029565388784857927,15805,15800,0.00031635558367604233,20679,20674,0.00024179118912903697,16922,16917,0.0002954733483039318,19045,19041,0.0002100288789708138,19716,19710,0.00030432136335967197,19110,19106,0.00020931449502881172,,244577,244509,0.0002780310495262839,1
SHV-HQ,PMT-234,23085,22910,0.007580680095299996,23101,22921,0.007791870481797303,19415,19269,0.0075199587947463176,17877,17745,0.007383789226380277,27184,26948,0.008681577398469642,23995,23806,0.007876640966868131,19947,19772,0.008773249110141879,23341,23141,0.008568613169958494,23471,23269,0.008606365301861874,33838,33415,0.012500738814350765,36840,36396,0.012052117263843698,38074,35945,0.0559174239638599,,310168,305537,0.014930618245595939,19
SHV-HQ,PMT-235,95880,94970,0.009491030454735094,95880,94768,0.01159783062161035,98040,96997,0.010638514891880835,103920,102752,0.01123941493456504,104400,103447,0.009128352490421432,87960,87042,0.01043656207366983,86040,85195,0.009821013482101293,109320,108467,0.007802780826930089,97800,96833,0.009887525562372157,93120,92254,0.009299828178694125,104496,103217,0.012239702955136988,101780,101454,0.003202986834348609,,1178636,1167396,0.009536447215255595,65
SHV-HQ,PMT-236,51750,51333,0.008057971014492793,51360,50948,0.008021806853582558,47227,46885,0.007241620259597292,47478,47190,0.006065967395425198,52083,51762,0.006163239444732405,44715,44468,0.005523873420552383,40054,39717,0.00841364158386182,44545,44259,0.006420473678302785,44983,44633,0.007780717159815875,39809,39351,0.011504936069733018,43666,43221,0.010190995282370774,45839,45362,0.010405986168982695,,553509,549129,0.007913150463678131,35
SHV-HQ,PMT-237,27919,27925,0,26790,26795,0,135131,135159,0,201433,201472,0,44840,44747,0.0020740410347903637,777,616,0.2072072072072072,521,412,0.20921305182341654,0,0,,0,0,,0,0,,0,0,,0,0,,,437411,437126,0.0006515611175759162,1
SHV-HQ,PMT-239,0,0,,0,0,,0,0,,0,0,,0,0,,0,0,,0,0,,0,0,,0,0,,0,0,,0,0,,0,0,,,0,0,,1
SHV-HQ,PMT-240,37913,37924,0,35825,35835,0,34530,34539,0,42787,42800,0,45206,45221,0,45724,45738,0,44328,44341,0,47377,47391,0,45496,45510,0,45806,45819,0,45265,45278,0,48401,48415,0,,518658,518811,0,1
SHV-HQ,PMT-241,1652,1686,0,1750,1766,0,1923,1931,0,2087,2094,0,2143,2147,0,2176,2180,0,2263,2267,0,2757,2758,0,2677,2683,0,3264,3273,0,4503,4502,0.0002220741727737563,4117,4113,0.0009715812484819564,,31312,31400,0,16
SHV-HQ,PMT-242,31040,30560,0.015463917525773141,29120,28786,0.011469780219780179,28400,28032,0.012957746478873267,35440,34921,0.014644469525959325,39280,38712,0.014460285132382844,35440,35114,0.009198645598194166,31600,31090,0.01613924050632909,34960,34565,0.011298627002288342,28841,28537,0.010540549911584152,32878,32567,0.009459212847496845,32858,32522,0.010225820195994939,29302,28968,0.011398539348849934,,389159,384374,0.01229574544080958,88
SHV-HQ,PMT-243,137219,137240,0,138521,138553,0,131609,131643,0,152450,152496,0,151423,151465,0,135884,136028,0,114135,114275,0,128982,129059,0,123526,123562,0,134934,134993,0,130756,130800,0,127855,127879,0,,1607294,1607993,0,1
SHV-HQ,PMT-244,299747,299923,0,301258,301428,0,283951,284122,0,325368,325582,0,312404,312606,0,299168,299344,0,283181,283340,0,320755,320942,0,300437,300610,0,308571,308739,0,314867,315037,0,293693,293634,0.0002008900450470863,,3643400,3645307,0,1
SHV-HQ,PMT245,0,0,,0,0,,0,0,,0,0,,0,0,,0,0,,0,0,,0,0,,0,0,,0,0,,0,0,,0,0,,,0,0,,0
SHV-HQ,PMT246,0,0,,0,0,,0,0,,0,0,,0,0,,0,0,,0,0,,0,0,,0,0,,0,0,,0,0,,0,0,,,0,0,,0
SHV-HQ,PMT-247,235768,232562,0.013598113399613143,210099,207841,0.010747314361324922,203147,200946,0.010834518845958874,255207,251779,0.01343223344187272,247741,244694,0.012299134983712823,262696,259488,0.012211834211407813,211813,208263,0.016760066662575013,243314,241162,0.008844538333182661,235730,232831,0.012297968014253646,220339,217419,0.01325230667289945,246456,242959,0.014189145324114638,226580,223508,0.013558125165504475,,2798890,2763452,0.012661447931144099,117
SHV-HQ,PMT-248,111386,111426,0,86429,86461,0,69674,69701,0,79556,79586,0,58896,58919,0,60543,60566,0,49499,49517,0,25066,25075,0,17623,17629,0,18747,18754,0,20055,20062,0,19332,19340,0,,616806,617036,0,1
SHV-HQ,PMT249,0,0,,0,0,,0,0,,0,0,,0,0,,0,0,,0,0,,0,0,,0,0,,0,0,,0,0,,0,0,,,0,0,,0
SHV-HQ,PMT-250,0,0,,0,0,,0,0,,0,0,,0,0,,0,0,,0,0,,0,0,,0,0,,0,0,,0,0,,0,0,,,0,0,,1
SHV-HQ,PMT251,0,0,,0,0,,0,0,,0,0,,0,0,,0,0,,0,0,,0,0,,0,0,,0,0,,0,0,,0,0,,,0,0,,0
SHV-HQ,PMT-252,20941,20945,0,19741,19742,0,20120,20123,0,18944,18945,0,23538,23541,0,20265,20266,0,17414,17418,0,19551,19552,0,19097,19098,0,26663,26667,0,26549,26553,0,23656,23659,0,,256479,256509,0,1
SHV-HQ,PMT-253,51361,51359,3.8940051790281593e-05,43060,43060,0,38735,38734,2.5816445075488303e-05,54315,54317,0,60988,60989,0,61934,61933,1.614622016987699e-05,49879,49877,4.0097034824326805e-05,54885,54883,3.6439828732803825e-05,59251,59249,3.375470456190577e-05,56967,56964,5.266206751275426e-05,61640,61638,3.2446463335444875e-05,56955,56952,5.267316302348668e-05,,649970,649955,2.3077988214881273e-05,1
SHV-HQ,PMT-254,44771,44155,0.01375890643496902,43377,42766,0.014085805841805521,39304,38754,0.01399348666802358,47751,47065,0.014366191283952223,39658,39353,0.007690755963487783,46458,45450,0.02169701666020918,44958,44263,0.015458872725655048,51050,45704,0.104720861900098,56553,60074,0,45453,44721,0.016104547554616877,49713,49111,0.012109508579244865,49624,49046,0.01164758987586656,,558670,550462,0.014692036443696654,22
SHV-HQ,PMT-255,149256,147427,0.012254113737471206,138713,137120,0.011484143519352896,136852,134904,0.014234355361996909,163988,161638,0.014330316852452674,169265,167028,0.013215963134729614,177549,174235,0.018665269869162837,159581,157202,0.014907789774471936,167541,164808,0.016312425018353727,155503,153123,0.015305170961331882,145821,143446,0.016287091708327317,159595,156918,0.01677370844951287,153525,151192,0.015196222113662228,,1877189,1849041,0.01499476078327755,143
SHV-HQ,PMT-256,33123,33179,0,29998,29993,0.00016667777851853138,26565,26607,0,33109,33359,0,31742,31882,0,19726,20086,0,17701,17937,0,17951,18189,0,17761,18050,0,17289,17578,0,18574,18839,0,17440,17698,0,,280979,283397,0,12
SHV-HQ,PMT-257,60025,59507,0.008629737609329391,53587,53218,0.00688599846977811,57394,56911,0.0084155138167753,62249,61728,0.008369612363250845,58412,57910,0.00859412449496677,55676,55221,0.008172282491558325,49948,49647,0.006026267318010703,44645,44433,0.004748572068540735,43959,43647,0.007097522691599023,44590,44351,0.0053599461762726675,57402,56609,0.01381484965680635,45671,45693,0,,633558,628875,0.0073915884575681545,3
SHV-HQ,PMT-258,95998,94406,0.016583678826642245,91134,91665,0,95885,94252,0.01703081816759655,109859,108090,0.016102458606031322,113156,111335,0.016092827600834192,114829,112804,0.01763491800851702,109078,107254,0.01672197876748749,130329,127548,0.02133830536565151,131455,128506,0.022433532387509003,125590,122661,0.023321920535074425,136912,133398,0.025666121304195433,120733,117948,0.023067429783075077,,1374958,1349867,0.018248557410480926,71
SHV-HQ,PMT259,0,0,,0,0,,0,0,,0,0,,0,0,,0,0,,0,0,,0,0,,0,0,,0,0,,0,0,,0,0,,,0,0,,0
SHV-HQ,PMT-260,0,0,,0,0,,0,0,,0,0,,0,0,,0,0,,0,0,,0,0,,0,0,,0,0,,0,0,,0,0,,,0,0,,0
SHV-HQ,PMT-261,6634,6641,0,5672,5666,0.0010578279266573176,5706,5706,0,7406,7405,0.0001350256548744433,7661,7660,0.00013053126223727674,6679,6679,0,7092,7092,0,10670,10669,9.372071227742307e-05,9465,9464,0.00010565240359217132,11325,11325,0,13048,13048,0,12928,12928,0,,104286,104283,2.8767044473854142e-05,1
SHV-HQ,PMT-262,76227,76226,1.3118711217785517e-05,76840,76838,2.6028110359233025e-05,62872,62868,6.362132586845703e-05,72049,72044,6.939721578369529e-05,68268,68262,8.788890841970876e-05,64027,64017,0.00015618410982864983,62628,62620,0.0001277383917736019,66071,66064,0.00010594663316731978,61140,61132,0.00013084723585210511,65470,65468,3.054834275240115e-05,63388,63383,7.887928314509463e-05,61468,61465,4.8805882735702966e-05,,800448,800387,7.620732389856943e-05,1
SHV-HQ,PMT-263,0,0,,0,0,,0,0,,0,0,,0,0,,0,0,,0,0,,0,0,,0,0,,0,0,,0,0,,0,0,,,0,0,,1
SHV-HQ,PMT-264,232904,232796,0.0004637103699378642,224598,224501,0.00043188274160943507,225583,225475,0.0004787594809892992,259340,259208,0.0005089843448754516,245841,245716,0.000508458719253535,267370,267229,0.0005273590903990266,226123,226021,0.0004510819332841365,249200,249077,0.0004935794542536565,250089,249954,0.0005398078284131191,251024,250889,0.0005377971827394967,257626,257486,0.0005434234122332349,239572,239452,0.0005008932596464177,,2929270,2927804,0.0005004659864061844,1
SHV-HQ,PMT-265,21425,21423,9.334889148193692e-05,18608,18607,5.3740326741213984e-05,21319,21315,0.00018762606125988235,19507,19507,0,26019,26018,3.843345247700469e-05,24455,24452,0.00012267429973422672,24374,24373,4.1027324197862036e-05,25833,25832,3.8710176905487614e-05,23282,23282,0,10327,10326,9.683354313938519e-05,46560,46541,0.000408075601374569,35000,35810,0,,296709,297486,0,1
SHV-HQ,PMT-266,34068,34080,0,27852,27261,0.02121930202498923,30107,30718,0,36781,36795,0,38093,38106,0,40818,40833,0,37949,37963,0,41268,41284,0,37711,37724,0,38956,38960,0,40165,40189,0,37655,37668,0,,441423,441581,0,1
SHV-HQ,PMT-267,4990,4989,0.00020040080160321772,4013,4012,0.000249190132070809,3951,3951,0,4378,4377,0.00022841480127910874,3733,3732,0.0002678810608089943,3021,3021,0,3236,3235,0.00030902348578487615,3539,3538,0.0002825656965244061,3115,3114,0.00032102728731941976,2483,2484,0,2769,2768,0.0003611412062116681,2088,2088,0,,41316,41309,0.00016942588827573157,1
SHV-HQ,PMT268,0,0,,0,0,,0,0,,0,0,,0,0,,0,0,,0,0,,0,0,,0,0,,0,0,,0,0,,0,0,,,0,0,,0
SHV-HQ,PMT-27,7638,7589,0.00641529196124635,7132,7149,0,7358,7265,0.012639304158738818,9008,8956,0.005772646536412074,9017,8968,0.005434179882444323,9323,9275,0.005148557331331127,6230,6204,0.004173354735152457,6764,6725,0.00576581904198703,8413,8369,0.0052300011886365905,8590,8546,0.005122235157159483,7862,7815,0.005978122615110659,7770,7735,0.0045045045045044585,,95105,94596,0.005351979391199246,6
SHV-HQ,PMT-270,66932,66943,0,58485,58490,0,59047,59058,0,75062,75078,0,66488,66503,0,75068,75087,0,62796,62176,0.009873240333779232,73504,73161,0.0046664127122333365,72952,72692,0.003563987279306957,70484,70113,0.005263605924748838,77146,76911,0.003046172192984753,68180,68107,0.0010706952185391971,,826144,824319,0.002209057985048557,1
SHV-HQ,PMT-271,21758,21754,0.00018384042650976262,19521,19518,0.00015368065160592526,17744,17740,0.00022542831379623873,23406,23402,0.0001708963513629147,23434,23427,0.0002987112742169895,21812,21810,9.169264624975249e-05,17618,17615,0.00017028039505051495,22819,22815,0.0001752925193917454,22614,22611,0.00013266118333776777,23268,23264,0.000171909919202351,25081,25077,0.00015948327419157415,21685,21681,0.00018445930366617347,,260760,260714,0.00017640742445157453,1
SHV-HQ,PMT-272,48931,48914,0.0003474280108725081,45853,45837,0.00034894118160211374,40648,40633,0.00036902184609333144,54204,54183,0.00038742528226698436,55442,55420,0.00039681108185130043,48062,48045,0.0003537097915192744,41769,41755,0.00033517680576500286,46428,46411,0.0003661583527181378,43293,43279,0.00032337791328851395,44585,44569,0.0003588650891555023,53494,53476,0.00033648633491611957,45737,45720,0.0003716903163740737,,568446,568242,0.00035887313834559453,1
SHV-HQ,PMT-273,10978,10974,0.00036436509382398174,19245,19239,0.0003117692907248504,24132,24125,0.0002900712746560785,31714,31705,0.0002837863404174801,36543,36532,0.00030101524231729293,45801,45787,0.00030567018187377393,69875,69853,0.00031484794275493666,114462,114426,0.00031451486082711977,174373,174320,0.00030394613845030616,222514,222448,0.00029661055034735373,221882,221818,0.0002884416040959126,148672,148633,0.0002623224278949232,,1120191,1119860,0.0002954853234850008,1
SHV-HQ,PMT-274,33565,33562,8.937881722026475e-05,36580,36580,0,33672,33672,0,39218,39214,0.00010199398235499757,38753,38750,7.741336154620804e-05,37322,37319,8.038154439737877e-05,34937,34935,5.724589976241479e-05,37072,37069,8.09236081139586e-05,35696,35693,8.40430300313999e-05,36996,36998,0,39272,39262,0.00025463434508044003,36727,36725,5.4455849919698984e-05,,439810,439779,7.048498215134202e-05,1
SHV-HQ,PMT-275,4343,4344,0,1548,1548,0,1162,1161,0.000860585197934638,1161,1161,0,1236,1236,0,1032,1032,0,1065,1066,0,1083,1084,0,960,961,0,1124,1125,0,1040,1040,0,812,813,0,,16566,16571,0,1
SHV-HQ,PMT-276,35283,35279,0.00011336904458236763,32600,32596,0.00012269938650311119,33406,33402,0.00011973896904748926,38429,38425,0.00010408805849748681,37893,37887,0.00015834059061037298,37276,37270,0.00016096147655331183,34932,34926,0.0001717622810031294,38569,38565,0.00010371023360733478,34561,34556,0.00014467173982235515,38340,38335,0.00013041210224307154,43327,43322,0.00011540148175503973,33488,33485,8.958432871475352e-05,,438104,438048,0.00012782353048590434,1
SHV-HQ,PMT-277,84339,84324,0.00017785366200695485,91122,91106,0.0001755887710981341,93985,93967,0.00019151992339205837,122231,122209,0.00017998707365562971,131835,131815,0.00015170478249326713,131602,131563,0.00029634807981637756,137121,137091,0.00021878486883841752,161361,161321,0.0002478913739999422,139039,139007,0.00023015125252623392,149140,149106,0.00022797371597160776,151262,151232,0.00019833137205638174,140750,140725,0.00017761989342801598,,1533787,1533466,0.0002092859047573281,1
SHV-HQ,PMT-278,0,0,,0,0,,0,0,,969,968,0.0010319917440660964,3870,3871,0,3755,3756,0,2483,2483,0,2773,2773,0,6214,6214,0,13480,13482,0,24598,24600,0,35052,35056,0,,93194,93203,0,1
SHV-HQ,PMT-279,854,854,0,819,819,0,664,665,0,717,717,0,687,687,0,750,750,0,764,765,0,816,815,0.001225490196078427,817,818,0,856,856,0,1606,1606,0,2490,2490,0,,11840,11842,0,1
SHV-HQ,PMT-280,11943,11829,0.009545340366742039,13768,13658,0.007989540964555508,12087,11985,0.008438818565400852,14543,14428,0.007907584404868273,14585,14460,0.008570449091532373,16135,16010,0.007747133560582542,12445,12345,0.00803535556448376,12067,11970,0.008038451976464689,11557,11460,0.008393181621528023,10097,9996,0.010002971179558284,10812,10716,0.008879023307436174,11461,11355,0.00924875665299707,,151500,150212,0.008501650165016472,12
SHV-HQ,PMT-281,74017,75988,0,67797,69631,0,68012,69827,0,76946,78987,0,75407,77393,0,78845,80882,0,65376,67146,0,72391,74306,0,72244,74170,0,70685,72607,0,70283,72262,0,63042,64818,0,,855045,878017,0,1
SHV-HQ,PMT-282,0,0,,0,0,,0,0,,99,99,0,16801,16817,0,21195,21222,0,20540,20552,0,27157,27183,0,35306,35337,0,37950,37984,0,38527,38565,0,30884,30916,0,,228459,228675,0,1
SHV-HQ,PMT-283,1525,1510,0.00983606557377048,1031,1022,0.008729388942773975,666,660,0.009009009009009028,303,303,0,219,219,0,208,209,0,187,186,0.005347593582887722,100,223,0,74,214,0,90,256,0,388,796,0,699,996,0,,5490,6594,0,1
SHV-HQ,PMT-284,0,0,,0,0,,0,0,,0,0,,0,0,,0,0,,0,0,,0,0,,0,0,,0,0,,0,0,,0,0,,,0,0,,1
SHV-HQ,PMT-285,0,0,,0,0,,0,0,,0,0,,0,0,,0,0,,0,0,,0,0,,0,0,,0,0,,0,0,,0,0,,,0,0,,1
SHV-HQ,PMT-286,87898,87865,0.00037543516348492734,71346,71322,0.0003363888655285585,70520,70498,0.0003119682359614684,83851,83817,0.0004054811510894041,89067,89031,0.00040419010407899414,83585,83553,0.0003828438116887378,75243,75214,0.00038541791262969305,85260,85226,0.00039878020173589324,76677,76648,0.0003782098934491662,76960,76931,0.00037681912681908347,73000,72974,0.00035616438356167457,67864,67840,0.0003536484734174561,,941271,940919,0.00037396244014742397,1
SHV-HQ,PMT-287,27517,27505,0.00043609405095035303,29109,29091,0.000618365453983305,28585,28571,0.0004897673605037678,29096,29082,0.0004811657959856719,30563,30547,0.0005235088178516811,30836,30821,0.0004864444156180703,30421,30404,0.0005588244962361211,30000,29982,0.0006000000000000449,29384,29367,0.0005785461475632525,28924,28908,0.0005531738348776294,30500,30481,0.000622950819672119,27730,27715,0.0005409304002884641,,352665,352474,0.0005415904612026123,1
SHV-HQ,PMT-288,4110,4110,0,3953,3952,0.0002529724260055266,3912,3889,0.005879345603271968,4424,4446,0,4575,4575,0,4570,4569,0.0002188183807440014,4002,4001,0.0002498750624687629,4282,4281,0.00023353573096684954,4345,4345,0,4708,4706,0.0004248088360238045,4384,4384,0,3751,3751,0,,51016,51009,0.00013721185510429112,1
SHV-HQ,PMT-289,106196,105395,0.007542656973897333,96018,95321,0.007259055593742847,83741,83115,0.00747543019548369,100797,99985,0.008055795311368352,105025,104167,0.00816948345631996,104079,103220,0.008253346016007024,85990,85290,0.008140481451331505,94988,94291,0.007337768981344972,96744,95943,0.008279583229967802,86880,86205,0.007769337016574562,104478,103462,0.009724535308868854,97234,96674,0.005759302301663993,,1162170,1153068,0.007831900668576863,69
SHV-HQ,PMT-290,255847,255819,0.00010944040774374386,263557,263534,8.726764988220559e-05,252707,252681,0.0001028859509234481,280384,280360,8.559689568587991e-05,275073,275055,6.543717485907319e-05,268475,268460,5.587112394078719e-05,261039,261019,7.66169039875253e-05,287068,287049,6.618640879507698e-05,265621,265598,8.658953923068591e-05,261610,261589,8.027216085015887e-05,267100,267078,8.236615499812583e-05,251526,251498,0.00011132049966999791,,3190007,3189740,8.369887589587677e-05,1
SHV-HQ,PMT-291,5027,5027,0,6239,6239,0,6547,6548,0,7566,7567,0,4667,4667,0,6498,6499,0,6068,6067,0.0001647989452867593,6266,6267,0,5873,5873,0,5511,5511,0,5895,5895,0,7257,7258,0,,73414,73418,0,1
SHV-HQ,PMT-292,20551,20614,0,18279,18336,0,16690,16743,0,18876,18935,0,19034,19096,0,17289,17342,0,14985,15033,0,18623,18684,0,15479,15528,0,18942,19004,0,21309,21376,0,22287,22357,0,,222344,223048,0,1
SHV-HQ,PMT293,0,0,,0,0,,0,0,,0,0,,0,0,,0,0,,0,0,,0,0,,0,0,,0,0,,0,0,,0,0,,,0,0,,0
SHV-HQ,PMT-294,3384,3385,0,2962,2962,0,3390,3389,0.0002949852507374562,3753,3753,0,3468,3468,0,3881,3880,0.0002576655501159708,3520,3520,0,3851,3851,0,3219,3219,0,2985,2985,0,3852,3852,0,3470,3469,0.0002881844380403509,,41735,41733,4.792140888942864e-05,1
SHV-HQ,PMT-295,4853,4853,0,3998,3998,0,3797,3797,0,3586,3587,0,4166,4166,0,4024,4025,0,3980,3980,0,4081,4082,0,4388,4388,0,4208,4209,0,4804,4805,0,4498,4497,0.0002223210315696056,,50383,50387,0,1
SHV-HQ,PMT-296,38721,38723,0,40235,40238,0,39343,39342,2.5417482144241e-05,44723,44727,0,41022,41022,0,47141,47141,0,48791,48787,8.19823328073177e-05,48946,48944,4.086135741432351e-05,48359,48356,6.203602225030025e-05,47480,47974,0,48171,47675,0.010296651512320731,41970,41970,0,,534902,534899,5.608503987675206e-06,1
SHV-HQ,PMT-297,0,0,,1541,1541,0,7984,8084,0,8256,8156,0.012112403100775215,10982,10983,0,4841,4841,0,2783,2783,0,1783,1784,0,1565,1564,0.0006389776357828003,1838,1839,0,1541,1541,0,1644,1644,0,,44758,44760,0,1
SHV-HQ,PMT-298,26513,26511,7.543469241499956e-05,25518,25514,0.00015675209655929834,25492,25486,0.00023536795857526105,27998,27992,0.00021430102150155061,28902,28894,0.00027679745346342877,25899,25895,0.00015444611761072924,27083,27081,7.384706273305675e-05,28445,28436,0.00031640007031108475,25879,25876,0.0001159241083503737,26409,26402,0.0002650611533946412,26701,26695,0.0002247106849930791,23707,23700,0.0002952714388155808,,318546,318482,0.00020091289798018774,1
SHV-HQ,PMT299,0,0,,0,0,,0,0,,0,0,,0,0,,0,0,,0,0,,0,0,,0,0,,0,0,,0,0,,0,0,,,0,0,,0
SHV-HQ,PMT-300,0,0,,0,0,,0,0,,0,0,,0,0,,0,0,,0,0,,0,0,,0,0,,0,0,,0,0,,0,0,,,0,0,,0
SHV-HQ,PMT-301,59960,59924,0.0006004002668446029,66313,66271,0.000633359974665626,60342,60297,0.0007457492293924117,65494,65442,0.0007939658594680044,67140,67083,0.000848972296693451,61272,61221,0.0008323540932236861,59449,59402,0.000790593618059221,65200,65146,0.0008282208588956674,66176,66123,0.0008008945841392334,69813,69759,0.0007734949078251896,69429,69374,0.0007921761799823956,66503,66461,0.0006315504563704222,,777091,776503,0.0007566681379658213,1
SHV-HQ,PMT-302,0,0,,0,0,,0,0,,0,0,,0,0,,0,0,,0,0,,0,0,,0,0,,0,0,,0,0,,0,0,,,0,0,,1
SHV-HQ,PMT-303,97052,97057,0,97140,97144,0,88569,88572,0,105663,105666,0,91912,91916,0,87110,87115,0,69894,69895,0,75513,75520,0,71712,71713,0,77219,77222,0,79542,79546,0,73422,73425,0,,1014748,1014791,0,1
SHV-HQ,PMT-304,0,0,,0,0,,0,0,,0,0,,0,0,,0,0,,0,0,,0,0,,0,0,,0,0,,0,0,,0,0,,,0,0,,1
SHV-HQ,PMT306,0,0,,0,0,,0,0,,0,0,,0,0,,0,0,,0,0,,0,0,,0,0,,0,0,,0,0,,0,0,,,0,0,,0
SHV-HQ,PMT-307,0,0,,0,0,,0,0,,0,0,,0,0,,0,0,,0,0,,0,0,,0,0,,0,0,,0,0,,0,0,,,0,0,,0
SHV-HQ,PMT-308,10,10,0,10,10,0,30,20,0.33333333333333337,50,50,0,30,30,0,20,20,0,0,0,,10,20,0,10,10,0,10,10,0,10,0,1,20,20,0,,210,200,0.04761904761904767,1
SHV-HQ,PMT-309,13647,13645,0.00014655235582916593,15673,15671,0.00012760798826005892,16063,16060,0.00018676461433109193,18562,18559,0.00016162051503065822,16921,16917,0.00023639264818864358,15445,15442,0.00019423761735193334,14692,14689,0.00020419275796357272,17011,17008,0.00017635647522196152,14680,14676,0.00027247956403264606,15621,15619,0.00012803277639072963,16698,16694,0.00023954964666428324,14254,14251,0.00021046723726669825,,189267,189231,0.00019020748466447301,1
SHV-HQ,PMT-310,209498,209482,7.637304413410373e-05,158347,158339,5.052195494703593e-05,135390,135397,0,139678,139683,0,114305,114303,1.749704737330493e-05,121583,121583,0,104509,104510,0,115932,115935,0,123891,123894,0,20930,20930,0,17905,17907,0,15387,15390,0,,1277355,1277353,1.5657354455189676e-06,1
SHV-HQ,PMT311,0,0,,0,0,,0,0,,0,0,,0,0,,0,0,,0,0,,0,0,,0,0,,0,0,,0,0,,0,0,,,0,0,,0
SHV-HQ,PMT-312,0,0,,0,0,,0,0,,0,0,,0,0,,0,0,,0,0,,0,0,,0,0,,0,0,,0,0,,0,0,,,0,0,,0
SHV-HQ,PMT-313,865,864,0.0011560693641619046,841,841,0,786,786,0,858,857,0.0011655011655011815,874,874,0,827,823,0.0048367593712213,806,818,0,848,840,0.009433962264150941,823,823,0,862,861,0.001160092807424573,852,853,0,827,826,0.0012091898428052694,,10069,10066,0.0002979441851226339,1
SHV-HQ,PMT314,0,0,,0,0,,0,0,,0,0,,0,0,,0,0,,0,0,,0,0,,0,0,,0,0,,0,0,,0,0,,,0,0,,0
SHV-HQ,PMT315,0,0,,0,0,,0,0,,0,0,,0,0,,0,0,,0,0,,0,0,,0,0,,0,0,,0,0,,0,0,,,0,0,,0
SHV-HQ,PMT316,0,0,,0,0,,0,0,,0,0,,0,0,,0,0,,0,0,,0,0,,0,0,,0,0,,0,0,,0,0,,,0,0,,0
SHV-HQ,PMT317,0,0,,0,0,,0,0,,0,0,,0,0,,0,0,,0,0,,0,0,,0,0,,0,0,,0,0,,0,0,,,0,0,,0
SHV-HQ,PMT-319,0,0,,0,0,,0,0,,0,0,,0,0,,0,0,,0,0,,0,0,,0,0,,0,0,,0,0,,0,0,,,0,0,,1
SHV-HQ,PMT-320,19300,19292,0.000414507772020678,17148,17140,0.0004665267086541025,17074,17067,0.0004099800866814718,20543,20533,0.00048678381930589154,19239,19232,0.0003638442746504156,17447,17440,0.0004012151086146831,16422,16416,0.00036536353671901,18484,18478,0.000324605063839023,5011,5009,0.0003991219317501793,4119,4117,0.00048555474629763395,5893,5891,0.00033938571186153954,5423,5421,0.0003687995574405134,,166103,166036,0.00040336417764885724,1
SHV-HQ,PMT-321,69730,69753,0,70884,70904,0,62677,62695,0,69580,69601,0,79297,79324,0,76997,77022,0,71242,71263,0,74559,74581,0,77438,77462,0,78872,78895,0,83233,83259,0,76131,76154,0,,890640,890913,0,1
SHV-HQ,PMT322,0,0,,0,0,,0,0,,0,0,,0,0,,0,0,,0,0,,0,0,,0,0,,0,0,,0,0,,0,0,,,0,0,,0
SHV-HQ,PMT-324,84240,82844,0.016571699905033266,80271,79190,0.013466880940812942,70140,69060,0.015397775876817787,95203,93652,0.016291503419009867,90035,88422,0.017915255178541645,104296,102839,0.013969855027997191,110131,89095,0.19100888941351668,151615,148894,0.017946773076542577,143051,139672,0.02362094637576806,146018,143050,0.020326261145886093,168577,164863,0.02203147523090343,166459,162506,0.023747589496512678,,1410036,1364087,0.032587111251060286,105
SHV-HQ,PMT-325,0,0,,0,0,,0,0,,0,1,0,0,0,,0,0,,0,0,,0,0,,0,0,,0,0,,0,0,,0,0,,,0,1,0,0
SHV-HQ,PMT-328,70050,70025,0.00035688793718768874,70380,70352,0.00039784029553846523,65223,65199,0.0003679683547215262,74044,74018,0.0003511425638809129,73242,73212,0.0004096010485786783,73312,73286,0.0003546486250545211,65399,65375,0.00036697808834995627,63595,63572,0.0003616636528028794,8439,8436,0.0003554923569143442,5242,5232,0.0019076688286913113,5747,5753,0,5499,5496,0.0005455537370431252,,580172,579956,0.0003723033858924474,1
SHV-HQ,PMT-330,183390,177134,0.03411309231692028,181773,177224,0.025025718891144466,194035,188704,0.027474424717190193,194439,189232,0.026779606971852332,243682,237030,0.027297871816547747,218157,212188,0.02736102898371351,201988,196681,0.026273838049785114,220075,214026,0.027486084289446766,205100,185725,0.0944661140906875,173954,182044,0,206430,202092,0.021014387443685556,192003,186380,0.02928600073957177,,2415026,2348460,0.027563264329245274,154
SHV-HQ,PMT-331,489,489,0,362,361,0.002762430939226568,365,364,0.002739726027397249,357,358,0,386,385,0.002590673575129543,23920,23923,0,27429,27431,0,31797,31800,0,32162,32162,0,25296,25296,0,26117,26124,0,15025,15018,0.00046589018302833907,,183705,183711,0,1
SHV-HQ,PMT-332,21470,21489,0,21866,21885,0,18893,18911,0,18663,18680,0,9289,9301,0,19488,19507,0,26806,26831,0,36673,36704,0,47802,47843,0,58364,58411,0,64011,64055,0,56025,56069,0,,399350,399686,0,1
SHV-HQ,PMT-333,120178,117674,0.02083576028890477,122482,120863,0.013218268806845068,124808,122884,0.015415678482148532,133133,130957,0.016344557697941187,130626,128821,0.013818076033867643,131357,128741,0.0199151929474638,127233,124874,0.018540787374344725,130626,128203,0.018549140293662836,120543,118520,0.01678239300498574,111287,109548,0.015626263624682113,119153,116696,0.020620546692068142,121972,120063,0.015651133046928778,,1493398,1467844,0.017111312590481598,70
SHV-HQ,PMT-334,145626,141674,0.027138011069451906,161832,157718,0.025421424687330108,140812,135696,0.03633213078430819,128187,123786,0.03433265463736568,191140,184213,0.03624045202469395,166920,162034,0.0292715073088905,146991,141499,0.03736283173799759,164548,159169,0.03268954955392955,144024,121180,0.15861245347997555,131550,146287,0,145300,140618,0.03222298692360637,138455,133448,0.036163374381568025,,1805385,1747322,0.03216100720898862,215
SHV-HQ,PMT-335,22050,21452,0.02712018140589567,20430,19878,0.027019089574155664,20658,20063,0.028802401006873812,25841,25059,0.030261986765218074,29807,28462,0.045123628677827377,37015,35160,0.05011481831689857,31986,30519,0.04586381541924589,33555,31895,0.049471017732081624,32958,31625,0.04044541537714663,29038,27814,0.04215166333769549,34401,32966,0.041713903665591134,31887,30614,0.03992222535829648,,349626,335507,0.04038315228272493,76
SHV-HQ,PMT-336,2265,2267,0,1978,1979,0,1737,1739,0,386,385,0.002590673575129543,125,124,0.008000000000000007,210,208,0.00952380952380949,236,235,0.004237288135593209,255,253,0.007843137254901933,436,433,0.006880733944954143,846,844,0.0023640661938534313,707,705,0.0028288543140028155,3944,4152,0,,13125,13324,0,1
SHV-HQ,PMT-337,3780,3789,0,5291,5304,0,4951,4963,0,7155,7173,0,7893,7915,0,5775,5789,0,4689,4699,0,5606,5623,0,3989,3997,0,4461,4466,0,6483,6491,0,5903,5911,0,,65976,66120,0,1
SHV-HQ,PMT338,0,0,,0,0,,0,0,,0,0,,0,0,,0,0,,0,0,,0,0,,0,0,,0,0,,0,0,,0,0,,,0,0,,0
SHV-HQ,PMT339,0,0,,0,0,,0,0,,0,0,,0,0,,0,0,,0,0,,0,0,,0,0,,0,0,,0,0,,0,0,,,0,0,,0
SHV-HQ,PMT-340,108047,108010,0.00034244356622581407,101183,101148,0.0003459079094314532,100004,99976,0.00027998880044799446,103169,103125,0.0004264846998613958,94901,94866,0.0003688053866660601,97281,97247,0.0003495029861946275,95490,95455,0.00036653052675672537,101417,101380,0.00036483035388545915,105202,105164,0.00036120986293031176,108455,108417,0.000350375731870356,105681,105644,0.00035011023741260416,102351,102313,0.0003712714091703706,,1223181,1222745,0.000356447655743497,1
SHV-HQ,PMT-341,19720,19734,0,19690,19701,0,20973,20987,0,23981,23996,0,25055,25073,0,26508,26527,0,20696,20710,0,21182,21196,0,20586,20601,0,20826,20840,0,24537,24554,0,14436,14446,0,,258190,258365,0,1
SHV-HQ,PMT-342,34328,34333,0,37436,37442,0,36393,36399,0,33090,33095,0,34166,34172,0,34109,34116,0,30890,30897,0,34616,34622,0,27918,27926,0,29130,29135,0,22797,22802,0,24089,24094,0,,378962,379033,0,1
SHV-HQ,PMT-343,54400,55412,0,50659,51629,0,48348,49250,0,52819,53794,0,54394,55386,0,52179,53203,0,46382,47372,0,60714,61838,0,68457,69661,0,71272,72541,0,70192,71018,0,63146,64878,0,,692962,705982,0,1
SHV-HQ,PMT-345,906,908,0,45,45,0,39,39,0,59,59,0,106,106,0,4242,4243,0,6472,6472,0,10478,10476,0.0001908761213972321,7937,7935,0.00025198437696860587,9429,9428,0.00010605578534306215,11268,11267,8.874689385873769e-05,10939,10937,0.00018283206874480928,,61920,61915,8.07493540051496e-05,1
SHV-HQ,PMT-347,5046,5050,0,4579,4570,0.0019654946494868097,4066,4060,0.0014756517461879115,5399,5400,0,5145,5140,0.0009718172983479434,5019,5010,0.0017931858936043321,5049,5050,0,7723,7710,0.001683283698044824,8449,8440,0.0010652148183216692,14639,14630,0.0006147960926292662,20401,20380,0.0010293613058183215,17782,18139,0,,103297,103579,0,1
SHV-HQ,PMT-348,15574,15583,0,15343,15352,0,15913,15923,0,18012,18023,0,19413,19427,0,19349,19361,0,17779,17790,0,20221,20233,0,19971,19984,0,23910,23924,0,31769,31790,0,29502,29519,0,,246756,246909,0,1
SHV-HQ,PMT-349,250584,250324,0.0010375762219455575,299342,299052,0.0009687915494651644,259334,259083,0.0009678638358255887,276108,275859,0.0009018210265547832,322075,321773,0.0009376697974073922,211817,211635,0.0008592322618109494,311511,311950,0,252030,252460,0,207460,207770,0,241440,241800,0,224840,225200,0,225410,225810,0,,3081951,3082716,0,1
SHV-HQ,PMT-350,114989,111813,0.02762003322056894,116499,113119,0.029013124576176663,111926,108528,0.030359344566946,98887,95645,0.03278489589126987,163545,158496,0.03087223699899111,150122,145625,0.029955636082652726,146315,141890,0.03024296893688272,158218,153466,0.030034509347861782,145647,140019,0.038641372633833826,149868,146107,0.025095417300557865,170549,165745,0.02816785791766585,155790,150709,0.032614416843186333,,1682355,1631162,0.030429368355668118,135
SHV-HQ,PMT-352,4119,4140,0,3839,3864,0,3809,3834,0,4893,4919,0,5001,5022,0,4968,4970,0,4477,4478,0,5053,5054,0,3976,3977,0,4074,4071,0.0007363770250368162,5079,5084,0,4156,4158,0,,53444,53571,0,1
SHV-HQ,PMT-353,34831,34830,2.8710057133007894e-05,32448,32447,3.081854043396337e-05,28710,28709,3.4831069313789875e-05,38981,38979,5.130704702294153e-05,40944,40941,7.327080890973114e-05,39639,39636,7.568303943084054e-05,36489,36487,5.4811038943225476e-05,40619,40614,0.00012309510327679352,37351,37349,5.3546089796796537e-05,40129,40126,7.475890253927364e-05,42843,42840,7.002310762549424e-05,38288,38286,5.2235687421631205e-05,,451272,451244,6.204683649768672e-05,1
SHV-HQ,PMT-354,60350,60337,0.00021541010770509406,51544,51535,0.00017460810181590958,48170,48164,0.00012455885405848743,59377,59363,0.0002357815315694456,64396,64379,0.000263991552270304,57906,57889,0.00029357924912787325,50846,50832,0.0002753412264484556,59522,59506,0.00026880817176844207,47525,47511,0.00029458179905317294,48363,48347,0.0003308314207142171,52455,18046,0.655971785339815,53591,88324,0,,654045,654233,0,1
SHV-HQ,PMT-355,60913,60911,3.283371365714327e-05,60758,60764,0,52202,52193,0.00017240718746402983,60426,60425,1.6549167576873636e-05,62322,62321,1.6045698148281495e-05,67446,67446,0,61001,61000,1.6393173882356393e-05,64083,64083,0,67006,67005,1.4924036653485295e-05,69914,69912,2.860657379066822e-05,68518,68518,0,63163,63161,3.166410715138568e-05,,757752,757739,1.715600882612467e-05,1
SHV-HQ,PMT-356,75883,75938,0,77034,77094,0,79491,79558,0,85935,86001,0,87259,87329,0,82090,82158,0,72132,72189,0,81824,81890,0,78725,78788,0,85656,85725,0,85589,85658,0,88653,88722,0,,980271,981050,0,1
SHV-HQ,PMT-357,11941,11955,0,11004,11015,0,10947,10959,0,13922,13936,0,14530,14546,0,14415,14431,0,12806,12820,0,17126,17144,0,14433,14449,0,15703,15719,0,17248,17267,0,14688,14705,0,,168763,168946,0,1
SHV-HQ,PMT-358,34735,34740,0,36990,36994,0,30891,30896,0,31571,31575,0,32650,32663,0,29413,29409,0.00013599428823984905,27315,27319,0,29177,29182,0,32622,32627,0,32265,32270,0,34249,34254,0,29681,29685,0,,381559,381614,0,1
SHV-HQ,PMT-359,14140,14137,0.00021216407355018063,13353,13349,0.00029955815172622025,11767,11765,0.0001699668564629775,12515,12511,0.00031961646024769585,13219,13217,0.0001512973749905333,13679,13676,0.0002193142773594392,13145,13142,0.00022822365918595544,14798,14796,0.00013515339910796786,15616,15613,0.00019211065573765396,16359,16356,0.00018338529249950497,16302,16299,0.0001840264998159702,14981,14978,0.00020025365462916778,,169874,169839,0.00020603506128069604,1
SHV-HQ,PMT-360,9044,9059,0,9202,9216,0,8493,8506,0,11373,11389,0,12301,12315,0,11584,11598,0,8936,8948,0,10646,10658,0,10809,10822,0,10052,10065,0,11262,11275,0,10649,10664,0,,124351,124515,0,1
SHV-HQ,PMT-361,17358,17360,0,16902,16905,0,16685,16688,0,18896,18899,0,18534,18538,0,19139,19143,0,1002,1002,0,428,428,0,283,284,0,0,0,,0,0,,0,0,,,109227,109247,0,0
SHV-HQ,PMT-363,60931,61027,0,62837,64750,0,65613,63571,0.031121881334491674,60885,60048,0.013747228381374765,77760,76599,0.014930555555555558,71057,69918,0.016029384860041906,67629,66663,0.014283813157077607,68699,67638,0.015444184049258403,68294,67128,0.01707324215890127,58531,57758,0.013206676803744988,71826,70919,0.012627739258764259,63035,60188,0.04516538431030381,,797097,786207,0.013662076259225664,208
SHV-HQ,PMT-364,36900,35119,0.04826558265582659,37290,35374,0.05138106731027081,37530,35710,0.048494537703170804,36420,35463,0.0262767710049423,48300,46993,0.02706004140786744,43320,42173,0.02647737765466296,42270,41126,0.027064111663118062,43440,42274,0.02684162062615103,18300,40856,0,60689,36506,0.3984741880736212,46539,45766,0.016609725176733536,41451,40612,0.020240766205881666,,492449,477972,0.0293979681144646,231
SHV-HQ,PMT-365,8147,8158,0,9341,9352,0,11718,11729,0,11666,11681,0,10220,10233,0,11777,11790,0,11204,11218,0,13168,13183,0,12846,12860,0,12728,12744,0,12173,12189,0,13920,13935,0,,138908,139072,0,1
SHV-HQ,PMT-367,94214,94290,0,77846,77976,0,73625,73749,0,80529,80688,0,81792,81912,0,86804,86110,0.007995023270817025,79966,80984,0,76772,76881,0,74332,74774,0,75727,75898,0,100424,100375,0.000487931171831435,80014,80376,0,,982045,984013,0,24
SHV-HQ,PMT-368,237525,230928,0.027773918534891084,247606,240488,0.028747283991502615,259525,251208,0.03204700895867452,292357,283897,0.02893722401037091,307259,294934,0.04011273876436494,289989,280496,0.032735724458513915,260802,253406,0.028358678230995138,305940,295517,0.03406877165457278,264895,257028,0.029698559806715874,251567,243218,0.03318797775542892,280687,271866,0.03142646435353258,267099,259166,0.0297005979056455,,3265251,3162152,0.03157460176874616,311
SHV-HQ,PMT-369,45295,45277,0.0003973948559443663,40926,40909,0.0004153838635586604,40416,40398,0.0004453681710213653,50058,50035,0.0004594670182588301,46439,46415,0.0005168069941212661,49200,49176,0.0004878048780487809,36922,36903,0.0005145983424515999,33762,33745,0.000503524672708977,37563,37545,0.00047919495247983335,40753,40732,0.0005152994871543415,43921,43898,0.0005236674939095298,39577,39559,0.0004548096116431255,,504832,504592,0.0004754056795132078,1
SHV-HQ,PMT-37,0,0,,0,0,,0,0,,0,0,,0,0,,0,0,,0,0,,0,0,,0,0,,0,0,,0,0,,0,0,,,0,0,,0
SHV-HQ,PMT-370,1597300,1601360,0,1504310,1508170,0,1673320,1677530,0,2188410,2193900,0,2042390,2047500,0,2243040,2248670,0,2205540,2210700,0,2238310,2243970,0,2177790,2183180,0,2253380,2259050,0,1504320,1508070,0,1544900,1548810,0,,23173010,23230910,0,1
SHV-HQ,PMT-371,1119,1121,0,352,353,0,203,204,0,168,168,0,187,188,0,283,284,0,242,243,0,252,253,0,262,263,0,255,256,0,257,258,0,142,143,0,,3722,3734,0,1
SHV-HQ,PMT-372,6047,6069,0,8611,8646,0,3195,3205,0,0,0,,0,0,,59,60,0,326,326,0,730,729,0.00136986301369868,765,766,0,1273,1276,0,2236,2242,0,1989,1995,0,,25231,25314,0,1
SHV-HQ,PMT-373,15191,15137,0.0035547363570535007,12498,12459,0.003120499279884781,12372,12320,0.0042030391205949424,13888,13839,0.0035282258064516236,9646,9614,0.003317437279701463,9910,9875,0.003531786074672083,8464,8435,0.00342627599243861,9030,8999,0.003433001107419731,9000,8972,0.0031111111111110645,9321,9278,0.004613238922862362,8938,8899,0.004363392257775822,7816,7796,0.0025588536335721113,,126074,125623,0.0035772641464536514,1
SHV-HQ,PMT-374,17687,17693,0,17875,17882,0,17651,17660,0,21113,21120,0,20757,20766,0,22277,22286,0,22029,22038,0,24008,24019,0,21762,21771,0,22876,22884,0,26895,26907,0,26117,26126,0,,261047,261152,0,1
SHV-HQ,PMT-375,0,0,,0,0,,0,0,,0,0,,0,0,,0,0,,0,0,,0,0,,0,0,,0,0,,0,0,,0,0,,,0,0,,0
SHV-HQ,PMT-376,46675,45660,0.021746116764863377,50735,49035,0.033507440622844165,51072,49309,0.03451989348370932,59560,54154,0.0907656145063801,64960,63103,0.028586822660098488,63274,60159,0.0492303315737902,57992,56769,0.021089115740102082,64373,62447,0.02991937613595763,64642,62726,0.029640172024380407,60786,58964,0.029974007172704265,64116,61514,0.04058269386736535,58432,57025,0.024079271631982424,,706617,680865,0.03644407083328027,268
SHV-HQ,PMT-377,88264,86314,0.022092812471675827,93355,91859,0.016024851373788174,85494,83840,0.019346386880950694,89724,91426,0,97006,95218,0.01843184957631483,95540,93442,0.021959388737701535,87785,85892,0.021564048527652813,97539,95437,0.02155035421728746,99052,96779,0.022947542704841895,89001,87061,0.0217975078931697,99456,96941,0.025287564350064295,92126,91037,0.01182076721012526,,1114342,1095246,0.01713657028093707,351
SHV-HQ,PMT-378,64092,61813,0.035558260001248176,70488,68064,0.034388832141641124,67577,64887,0.03980644302055436,78315,75196,0.039826342335440246,80317,77130,0.03968026694224136,74934,71222,0.04953692582806202,67650,65164,0.03674796747967479,78126,75174,0.03778511635051074,76878,74582,0.029865501183693688,70392,67660,0.03881122854869867,78196,74956,0.04143434446774774,71509,69176,0.032625263952789196,,878474,845024,0.03807739329792348,282
SHV-HQ,PMT-379,0,0,,0,0,,0,0,,0,0,,0,0,,0,0,,0,0,,0,0,,0,0,,0,0,,0,0,,0,0,,,0,0,,1
SHV-HQ,PMT-38,31670,31788,0,37159,37292,0,39571,39721,0,45907,46081,0,39067,39228,0,33591,33736,0,31720,31835,0,40782,40918,0,34194,34311,0,37201,37322,0,37537,37657,0,33864,33561,0.008947554925584744,,442263,443450,0,1
SHV-HQ,PMT-380,119370,119408,0,109066,109103,0,108665,108698,0,130427,130463,0,131760,131800,0,137807,137849,0,115135,115165,0,125089,125125,0,124844,124880,0,124475,124513,0,126908,126950,0,118982,119030,0,,1472528,1472984,0,1
SHV-HQ,PMT-381,5209,5209,0,5010,5010,0,5163,5163,0,5572,5571,0.0001794687724335775,6287,6286,0.0001590583744234264,5920,5918,0.00033783783783780663,5091,5091,0,6892,6891,0.00014509576320376194,7162,7162,0,5544,5543,0.00018037518037516964,6046,6046,0,5952,5951,0.00016801075268813026,,69848,69841,0.00010021761539347196,1
SHV-HQ,PMT-383,1342520,1341490,0.0007672138962547814,1397980,1396790,0.0008512282006896132,1318730,1317830,0.0006824748053051444,1468950,1467990,0.0006535280302256696,1420490,1419480,0.0007110222528845522,1383380,1382440,0.0006794951495612267,1352370,1351460,0.0006728927734274137,1498020,1497000,0.0006808987863980986,1375760,1374800,0.0006977961272315314,1460520,1459390,0.000773697039410659,1502090,1501060,0.0006857112423356293,1369470,1368480,0.0007229074021336546,,16890280,16878210,0.0007146121911537628,1
SHV-HQ,PMT-384,31020,31023,0,32000,32006,0,29056,29057,0,30052,30057,0,30596,30602,0,27509,27513,0,28148,28153,0,27884,27886,0,32574,32581,0,30079,30084,0,28438,28443,0,25259,25262,0,,352615,352667,0,1
SHV-HQ,PMT-385,232707,232740,0,221260,221307,0,214070,214074,0,259742,259747,0,262815,262764,0.00019405285086471213,263772,263748,9.09876711705504e-05,236654,236631,9.718830021887559e-05,244459,244416,0.00017589861694600195,239018,239024,0,245600,245166,0.0017671009771986768,245097,244973,0.0005059221451099161,247176,248452,0,,2912370,2913042,0,1
SHV-HQ,PMT-386,3688,3689,0,11298,11301,0,13321,13325,0,14839,14839,0,14224,14224,0,11630,11631,0,8568,8570,0,10442,10445,0,8595,8598,0,9229,10276,0,16326,15286,0.06370207031728536,9238,9242,0,,131398,131426,0,1
SHV-HQ,PMT-387,9457,9458,0,9455,9457,0,10042,10043,0,11224,11226,0,12278,12278,0,11340,11341,0,13774,13773,7.260055176416813e-05,17049,17048,5.8654466537633176e-05,15573,15573,0,15826,15826,0,16307,16307,0,15889,15888,6.293662282086387e-05,,158214,158218,0,1
SHV-HQ,PMT-388,15575,16645,0,13613,14669,0,12122,13089,0,15089,16183,0,12272,13255,0,12249,13312,0,10191,11240,0,10176,11191,0,10535,11594,0,12347,13436,0,16023,17156,0,12948,14037,0,,153140,165807,0,1
SHV-HQ,PMT-389,0,0,,0,0,,0,0,,0,0,,0,0,,0,0,,0,0,,0,0,,0,0,,0,0,,0,0,,0,0,,,0,0,,0
SHV-HQ,PMT-39,3270,3270,0,3354,3354,0,3088,3087,0.00032383419689119286,3335,3334,0.00029985007496247107,3323,3322,0.0003009328919650889,3431,3429,0.0005829204313611003,773,774,0,831,832,0,678,678,0,863,863,0,2391,2392,0,752,754,0,,26089,26089,0,1
SHV-HQ,PMT-391,324109,318333,0.017821165101863934,298366,293417,0.016587010584315887,305986,300427,0.01816749785937921,372396,365541,0.018407823929365463,381726,372525,0.024103676459030776,399850,391456,0.020992872327122658,318403,332620,0,320254,317237,0.009420647361157108,290905,285657,0.018040253691067543,269001,267105,0.007048300935684204,306767,305902,0.0028197296319356635,302018,299023,0.00991662748577904,,3889781,3849243,0.010421666412582131,186
SHV-HQ,PMT-392,95468,95179,0.0030271923576485893,93279,92993,0.003066070605388105,92304,92023,0.0030442884382041457,94573,94283,0.003066414304293996,94576,94282,0.00310861106411775,94476,94188,0.00304839324272832,72058,71852,0.0028588081822975564,79061,78819,0.0030609276381527994,86385,86132,0.00292874920414421,92600,92321,0.003012958963282908,99736,99442,0.0029477821448624653,93278,92997,0.0030125002680160273,,1087794,1084511,0.003018034664651559,1
SHV-HQ,PMT-394,27098,27111,0,26365,26462,0,26654,26560,0.0035266751707060395,29677,29684,0,33154,33160,0,29615,29622,0,28428,28434,0,32318,32326,0,29527,29533,0,30937,30945,0,31594,31601,0,30395,30397,0,,355762,355835,0,1
SHV-HQ,PMT-395,32876,32916,0,31130,31167,0,31293,31330,0,41557,41604,0,41147,41190,0,43387,43437,0,37268,37310,0,40444,40487,0,39945,39986,0,44129,44177,0,47066,47116,0,38619,38666,0,,468861,469386,0,1
SHV-HQ,PMT-397,65169,64321,0.013012321809449223,65088,64141,0.014549532940019705,70978,69796,0.016653047423145217,77834,76628,0.015494513965619183,80383,78965,0.01764054588656805,73040,71818,0.016730558598028522,71853,70727,0.01567088360959179,78763,77404,0.017254294529157055,79893,78466,0.017861389608601508,74507,73247,0.01691116270954407,81894,80673,0.014909517180745846,73174,72062,0.015196654549430089,,892576,878248,0.016052414584304286,19
SHV-HQ,PMT-398,700,707,0,733,739,0,776,781,0,637,644,0,610,614,0,554,560,0,383,391,0,674,680,0,2057,2061,0,2951,2954,0,2519,2522,0,10615,10623,0,,23209,23276,0,1
SHV-HQ,PMT4,0,0,,0,0,,0,0,,0,0,,0,0,,0,0,,0,0,,0,0,,0,0,,0,0,,0,0,,0,0,,,0,0,,0
SHV-HQ,PMT-40,240600,233676,0.028778054862842906,256000,247170,0.03449218750000005,253800,246434,0.02902285263987392,270200,258932,0.04170244263508516,269161,268045,0.004146217319745404,262233,253803,0.03214698378922565,261736,255744,0.022893297062689166,294813,286531,0.028092383985780844,308859,299423,0.030551157647988214,297127,286893,0.03444318422761983,255742,309570,0,248823,244945,0.015585375949972446,,3219094,3191166,0.008675732985740758,73
SHV-HQ,PMT-400,1190,1193,0,1233,1230,0.0024330900243308973,2937,2937,0,31395,31392,9.55566172957667e-05,24870,24868,8.041817450743505e-05,1469,1470,0,1495,1494,0.0006688963210702559,1412,1413,0,1663,1662,0.000601322910402935,1836,1836,0,1433,1432,0.0006978367062107083,1229,1230,0,,72162,72157,6.9288545217705e-05,1
SHV-HQ,PMT-401,16991,16948,0.0025307515743628883,15536,15495,0.0026390319258496886,15595,15554,0.002629047771721682,15153,15114,0.002573747772718238,16025,15983,0.002620904836193483,16671,16625,0.0027592825865274673,17086,17042,0.0025752077724452427,20015,19962,0.002648013989507869,18916,18866,0.002643264960879632,23086,23027,0.0025556614398336563,19949,19898,0.0025565191237656437,23314,23257,0.0024448829029767305,,218337,217771,0.002592322877020381,1
SHV-HQ,PMT-402,0,0,,0,0,,0,0,,601,849,0,5974,6504,0,11640,12242,0,12309,12895,0,18902,19536,0,17389,18023,0,19660,20299,0,22240,22932,0,18719,19356,0,,127434,132636,0,1
SHV-HQ,PMT-405,80533,75865,0.05796381607539769,72950,68828,0.05650445510623714,78915,73300,0.07115250586073618,71781,66549,0.072888368788398,111763,102955,0.07880962393636537,91246,84412,0.07489643381627686,86219,79462,0.07837019682436586,97422,92173,0.053879000636406604,92554,86417,0.06630723685632167,86422,80960,0.0632014996181528,95820,89423,0.06676059277812563,89180,83499,0.06370262390670556,,1054805,983843,0.06727499395622882,128
SHV-HQ,PMT-406,179694,176902,0.015537524903446953,168770,162774,0.03552764116845408,152671,153901,0,170283,167755,0.014845874221149469,166526,163755,0.016640044197302473,170404,168062,0.013743808830778637,151396,149267,0.01406245871753542,166722,164254,0.014803085375655334,164384,162117,0.013790879890986929,139871,138062,0.01293334572570437,161893,159577,0.014305745152662586,157482,154869,0.016592372461614713,,1950096,1921295,0.014769016499700527,84
SHV-HQ,PMT408,0,0,,0,0,,0,0,,0,0,,0,0,,0,0,,0,0,,0,0,,0,0,,0,0,,0,0,,0,0,,,0,0,,0
SHV-HQ,PMT-409,167427,163397,0.024070191785076522,156853,153250,0.022970552045545878,163358,158944,0.027020409162697878,188419,182976,0.02888774486649437,187285,181373,0.03156686333662595,193340,187054,0.03251267197682839,173233,168797,0.025607130281182,202632,196275,0.03137214260334009,177612,172892,0.026574780983266932,172797,168218,0.02649930264993028,187733,182170,0.0296325100009055,186929,182438,0.024025164634700835,,2157618,2097784,0.027731507616269413,221
SHV-HQ,PMT-41,1034,1048,0,1424,1445,0,696,704,0,798,800,0,1055,1067,0,947,958,0,1133,1148,0,1034,1042,0,1053,1063,0,1363,1372,0,1430,1440,0,1105,1113,0,,13072,13200,0,3
SHV-HQ,PMT-410,83325,82763,0.006744674467446754,76039,74683,0.017832954141953516,82801,81836,0.011654448617770319,94910,93745,0.012274786639974722,97322,96089,0.012669283409712073,95700,94284,0.014796238244514148,84329,83089,0.014704312869831204,90762,89198,0.017231881183755293,110906,109433,0.01328151768164032,111230,109860,0.01231682100152831,120729,119452,0.01057740890755332,111274,109355,0.017245717777737868,,1159327,1143787,0.01340432854578566,58
SHV-HQ,PMT-411,27946,27967,0,26525,26550,0,25587,25600,0,30012,30033,0,32961,32986,0,29042,29061,0,27645,27662,0,30364,30384,0,29712,29731,0,27020,27037,0,29031,29050,0,25078,25097,0,,340923,341158,0,1
SHV-HQ,PMT-412,151588,148496,0.02039739293347753,140914,138189,0.019338035965198674,141282,138403,0.020377684347616776,164924,161591,0.02020930852998959,154231,151093,0.020346104220292927,162813,159051,0.02310626301339569,145947,141204,0.03249809862484332,169667,168133,0.009041239604637319,159924,156209,0.023229784147470012,143578,139885,0.025721210770452307,160868,156613,0.02645025735385531,167151,162791,0.026084199316785406,,1862887,1821658,0.022131777182405554,153
SHV-HQ,PMT-413,0,0,,0,0,,0,0,,0,0,,0,0,,0,0,,0,0,,0,0,,0,0,,0,0,,0,0,,0,0,,,0,0,,1
SHV-HQ,PMT-414,21850,21855,0,21597,21592,0.00023151363615314668,23070,23070,0,25434,25435,0,29008,29009,0,26925,26925,0,20961,20962,0,26100,26101,0,22043,22043,0,21999,21998,4.545661166421855e-05,23180,23180,0,35119,35120,0,,297286,297290,0,1
SHV-HQ,PMT-415,83076,81935,0.013734411863835505,86376,83196,0.03681578216171155,95852,91824,0.04202311897508659,90481,86610,0.0427824626164609,119529,114341,0.04340369282768197,105444,100898,0.043112931982853486,87068,83664,0.039095879083015594,103678,99198,0.043210710083142034,101676,98082,0.035347574648884716,104273,101131,0.030132440804426897,124107,119217,0.03940148420314726,105159,94135,0.10483173099782239,,1206719,1154231,0.043496456092926405,206
SHV-HQ,PMT-416,0,0,,0,0,,0,0,,0,0,,0,0,,0,0,,0,0,,0,0,,0,0,,0,0,,0,0,,0,0,,,0,0,,1
SHV-HQ,PMT-417,12091,12062,0.002398478206930732,12137,12110,0.0022246024553019828,12820,12789,0.0024180967238689455,12953,12920,0.0025476723538948587,13166,13144,0.0016709706820599024,12816,12783,0.002574906367041163,12383,12362,0.0016958733747880483,13119,13092,0.002058083695403612,13252,13240,0.0009055236945366696,13144,13105,0.002967133292757107,13030,13005,0.0019186492709132308,12600,12530,0.005555555555555536,,153511,153142,0.002403736540052548,1
SHV-HQ,PMT-419,22022,22047,0,10573,10586,0,4532,4538,0,5035,5042,0,2932,2938,0,18825,18848,0,19833,19856,0,22384,22410,0,22315,22341,0,20975,21002,0,23073,23099,0,21026,21052,0,,193525,193759,0,1
SHV-HQ,PMT-42,13896,13535,0.025978698906160003,14088,13711,0.026760363429869427,14179,13774,0.028563368361661623,17949,17389,0.031199509721990037,16112,15619,0.03059831181727901,14498,14528,0,14706,13896,0.055079559363525044,15887,15443,0.027947378359665098,14890,14465,0.028542646071188726,13642,13281,0.026462395543175532,16743,16283,0.027474168309144065,14271,13917,0.024805549716207742,,180861,175841,0.027756122104820813,64
SHV-HQ,PMT-420,262065,257428,0.017694083528895455,241459,237309,0.017187182917182575,233968,229773,0.017929802366135505,273039,267938,0.018682312783155575,287849,282129,0.01987152986461649,286645,281339,0.018510701390221374,258658,254394,0.016485088417910965,289779,285505,0.014749170919907906,279587,272452,0.02551978453933834,255109,247755,0.028826893602342474,279995,281969,0,265611,261130,0.01687053623532153,,3213764,3159121,0.01700280418848432,72
SHV-HQ,PMT-421,40943,40967,0,38421,38436,0,39368,39384,0,48645,48662,0,48638,48659,0,51691,51718,0,44587,44613,0,51112,51137,0,54045,54072,0,59373,59475,0,67676,67636,0.0005910514805839151,59835,59548,0.004796523773711092,,604334,604307,4.467728110613134e-05,1
SHV-HQ,PMT-422,3973,3974,0,4818,4821,0,4398,4396,0.00045475216007273556,4973,4974,0,6084,6084,0,6623,6624,0,7210,7211,0,12545,12547,0,12194,12195,0,12846,12847,0,12899,12901,0,12463,12464,0,,101026,101038,0,1
SHV-HQ,PMT-423,686,685,0.001457725947521915,1643,1643,0,2222,2220,0.0009000900090009312,3730,3729,0.0002680965147453529,7797,7791,0.0007695267410542384,70991,70954,0.0005211928272598199,77426,77383,0.0005553689974944209,86961,86914,0.0005404721656834255,81096,81048,0.0005918910920390541,84977,84931,0.0005413229462090108,98484,98439,0.0004569270135250658,95462,95091,0.0038863631602102933,,611475,610828,0.0010580972239258024,1
SHV-HQ,PMT424,0,0,,0,0,,0,0,,0,0,,0,0,,0,0,,0,0,,0,0,,0,0,,0,0,,0,0,,0,0,,,0,0,,0
SHV-HQ,PMT-425,72497,72361,0.0018759396940563056,70260,70135,0.0017791061770566774,78739,78618,0.0015367225898220704,107873,107720,0.0014183345230038835,114607,114440,0.001457153577006598,111920,111758,0.0014474624731951602,80240,80110,0.0016201395812562858,85216,85084,0.0015490048817123903,83335,83199,0.0016319673606527418,79134,78995,0.0017565142669395684,79519,79382,0.0017228586878608176,70480,70343,0.0019438138479001,,1033820,1032145,0.0016202046777968881,1
SHV-HQ,PMT-426,141574,137825,0.026480851003715333,137457,133170,0.03118793513607887,133141,129160,0.029900631661171184,147803,143524,0.02895069788840554,150691,146100,0.030466318492809785,146072,142018,0.02775343666137242,126164,122827,0.026449700389968633,136592,132203,0.032132189293662905,137502,132507,0.036326744338264216,121347,117420,0.03236173947439991,141248,136463,0.03387658586316267,138760,134277,0.03230758143557222,,1658351,1607494,0.030667210982475934,60
SHV-HQ,PMT-427,150212,150437,0,150453,150696,0,148552,148782,0,174790,175059,0,190650,190944,0,171739,172011,0,153601,153850,0,173424,173707,0,156495,156754,0,160945,161198,0,153424,153683,0,145141,145587,0,,1929426,1932708,0,1
SHV-HQ,PMT-428,31820,31790,0.0009428032683846954,34258,34226,0.0009340883881137074,30076,30045,0.0010307221705013747,32289,32256,0.001022019882932268,31662,31629,0.0010422588592002846,30348,30320,0.0009226308158692964,26997,26973,0.0008889876652961037,28627,28602,0.0008733014287211072,31459,31431,0.000890047363234725,32924,32892,0.0009719353662981378,35262,35227,0.000992569905280516,32886,32623,0.007997324089278113,,378608,378014,0.0015689050416262118,1
SHV-HQ,PMT-43,22960,23091,0,22800,22854,0,21520,21549,0,24720,24824,0,22560,22603,0,18906,19070,0,19635,19767,0,26052,26238,0,25979,26154,0,27858,28050,0,27836,28029,0,32757,33107,0,,293583,295336,0,7
SHV-HQ,PMT-430,81703,80184,0.018591728577898037,74629,73071,0.020876602929156274,73055,71436,0.02216138525768252,95253,93276,0.02075525180309279,90134,88153,0.02197838773381855,92889,90717,0.023382747149824024,87213,85069,0.02458349099331525,93069,88302,0.05122006253424882,87015,87014,1.1492271447477442e-05,79310,77606,0.021485310805699154,98178,96823,0.01380146264947335,90989,88924,0.022695051050126924,,1043437,1020575,0.021910283035775024,75
SHV-HQ,PMT-431,0,0,,0,0,,0,0,,0,0,,0,0,,0,0,,0,0,,0,0,,0,0,,0,0,,0,0,,0,0,,,0,0,,1
SHV-HQ,PMT-432,25048,25042,0.00023954008304061247,25925,25920,0.0001928640308582752,21366,21362,0.00018721332958904213,22878,22872,0.0002622606871229838,26016,26012,0.00015375153751540083,24298,24293,0.0002057782533542163,24149,24144,0.00020704791088654861,25913,25910,0.00011577200632884033,24054,24048,0.0002494387627837158,24265,24261,0.00016484648670922475,23991,23988,0.00012504689258474588,18919,18915,0.00021142766531001556,,286822,286767,0.00019175655981762407,1
SHV-HQ,PMT-434,0,0,,0,0,,0,0,,0,0,,0,0,,0,0,,0,0,,0,0,,0,0,,0,0,,0,0,,0,0,,,0,0,,1
SHV-HQ,PMT-435,14895,14905,0,11392,11399,0,12955,12964,0,15659,15669,0,16105,16114,0,14360,14370,0,12556,12566,0,12109,12118,0,12562,12572,0,13900,13910,0,15687,15699,0,14459,14471,0,,166639,166757,0,1
SHV-HQ,PMT-438,0,0,,0,0,,0,0,,0,0,,0,0,,0,0,,0,0,,0,0,,0,0,,0,0,,0,0,,0,0,,,0,0,,1
SHV-HQ,PMT-439,36340,35858,0.01326362135388004,25081,24839,0.009648738088593012,25766,25548,0.008460762244818731,35770,35465,0.00852669835057307,36071,35692,0.010507055529372589,38637,38260,0.009757486347283684,35298,34882,0.011785370275936291,60462,59102,0.022493466970990084,68144,66764,0.020251232683728526,64603,63280,0.020478925127316083,73177,71589,0.021700807630812946,52872,51971,0.01704115599939482,,552221,543250,0.01624530758518783,15
SHV-HQ,PMT-44,79136,76987,0.027155782450465016,86295,83651,0.03063908685323602,85186,82104,0.036179653933745004,87539,85051,0.028421617793212173,95172,92458,0.028516790652712953,94261,91849,0.02558852547713264,89793,87354,0.027162473689485767,98708,95543,0.032064270373222015,98668,95561,0.03148943933190096,92327,89343,0.03231990641957394,100989,97653,0.033033300656507114,94035,92532,0.015983410432285905,,1102109,1070086,0.029056109695139054,202
SHV-HQ,PMT-441,10309,10299,0.000970026190707185,8470,8459,0.0012987012987012436,9692,9680,0.0012381345439538283,9990,9979,0.0011011011011010652,12487,12476,0.0008809161527989495,10788,10783,0.00046347793845014085,9082,9077,0.0005505395287381809,11331,11324,0.0006177742476392023,9813,9818,0,10587,10578,0.0008500991782374179,12750,12741,0.0007058823529412228,10853,10844,0.0008292637980281681,,126152,126058,0.000745132855602737,1
SHV-HQ,PMT-442,2432,2424,0.003289473684210509,2479,2471,0.0032271077047196783,3340,3332,0.0023952095808382756,4015,4005,0.00249066002490661,2688,2682,0.0022321428571429047,622,620,0.003215434083601254,616,613,0.004870129870129913,674,672,0.0029673590504450953,568,561,0.01232394366197187,564,566,0,592,589,0.0050675675675675436,548,540,0.014598540145985384,,19138,19075,0.003291880029261174,1
SHV-HQ,PMT-443,429,423,0.013986013986013957,428,422,0.014018691588784993,824,821,0.00364077669902918,1589,1587,0.0012586532410321372,2327,2330,0,1766,1769,0,2352,2354,0,3850,3854,0,3884,3887,0,4677,4653,0.005131494547787052,4541,4603,0,4077,4010,0.01643365219524162,,30744,30713,0.0010083268279990065,1
SHV-HQ,PMT-444,0,0,,0,0,,0,0,,0,0,,0,0,,0,0,,0,0,,0,0,,0,0,,0,0,,0,0,,0,0,,,0,0,,0
SHV-HQ,PMT-445,120339,117172,0.026317320236997177,108115,105426,0.02487166443139255,97192,94565,0.027028973578072324,113270,110340,0.025867396486271788,124002,120646,0.027064079611619163,133282,129586,0.02773067631037951,122869,119411,0.028143795424395046,126462,119993,0.051153706251680364,125183,124374,0.006462538843133636,107973,105274,0.02499698998823785,129016,125017,0.03099615551559498,115731,112433,0.028497118317477588,,1423434,1384237,0.027536928301558072,91
SHV-HQ,PMT-446,167452,163848,0.021522585576762343,160715,156104,0.028690539153159333,160833,156041,0.029794880403897217,185718,179663,0.03260319408996437,192773,185736,0.03650407474075723,190301,182113,0.04302657369115248,168312,157042,0.06695898094015873,193396,186811,0.034049308155287616,187648,179198,0.045031122100954946,169764,162295,0.04399637143328383,198044,188789,0.04673203934479209,180377,172119,0.04578189015229217,,2155333,2069759,0.03970337762192666,157
SHV-HQ,PMT447,0,0,,0,0,,0,0,,0,0,,0,0,,0,0,,0,0,,0,0,,0,0,,0,0,,0,0,,0,0,,,0,0,,0
SHV-HQ,PMT-448,10408,10415,0,6697,6704,0,7366,7371,0,7390,7394,0,10019,10028,0,11820,11829,0,11421,11431,0,12492,12502,0,10919,10930,0,13846,13858,0,16103,16118,0,12920,13348,0,,131401,131928,0,1
SHV-HQ,PMT-449,152050,147923,0.027142387372574794,133723,130513,0.024004845838038302,148890,144672,0.028329639331049816,185437,179960,0.029535637440208817,185382,179234,0.03316395335037925,199252,189782,0.04752775379920904,168861,163869,0.0295627764848011,181049,174883,0.03405707847046935,169864,164795,0.02984152027504361,151237,147115,0.027255235160708047,191211,185451,0.030123789949322965,166428,161891,0.027261037806138422,,2033384,1970088,0.0311284046692607,132
SHV-HQ,PMT45,0,0,,0,0,,0,0,,0,0,,0,0,,0,0,,0,0,,0,0,,0,0,,0,0,,0,0,,0,0,,,0,0,,0
SHV-HQ,PMT-451,54401,54375,0.0004779323909487321,20828,20817,0.0005281352026118569,38877,38858,0.000488720837513168,89192,89149,0.00048210601847697987,87074,87030,0.0005053173163056535,99067,99017,0.0005047089343575006,109779,109720,0.0005374434090308355,123777,123710,0.0005412960404598266,135364,135295,0.0005097367099080596,143418,143342,0.0005299195359020903,161500,161419,0.0005015479876161466,30094,30078,0.0005316674420150491,,1093371,1092810,0.0005130920794497174,1
SHV-HQ,PMT-452,21024,21015,0.00042808219178080975,18658,18648,0.0005359631257370046,20014,20003,0.0005496152693115208,20005,19995,0.0004998750312421585,34763,34741,0.00063285677300573,53177,53145,0.0006017639204919378,51854,51821,0.0006364022061943198,61723,61685,0.0006156538081428797,53938,53903,0.0006488931736438053,55132,55098,0.0006167017340201753,52074,52041,0.0006337135614702394,54192,54162,0.0005535872453498181,,496554,496257,0.0005981222586063373,1
SHV-HQ,PMT-453,112153,112011,0.001266127522224103,104945,104820,0.0011911001000524113,97692,97564,0.0013102403472137203,106233,106087,0.001374337541065418,95193,95062,0.0013761516077862579,88788,88675,0.0012726945082668362,40767,40715,0.0012755414918929064,53085,53020,0.0012244513516058708,58785,58718,0.0011397465339797463,64514,64443,0.001100536317698464,67394,67332,0.0009199632014719183,64677,64594,0.0012833000912225723,,954226,953041,0.001241844175279283,1
SHV-HQ,PMT-455,1172,1171,0.0008532423208190698,1228,1226,0.0016286644951140072,1096,1095,0.0009124087591241281,1231,1229,0.0016246953696181787,1212,1211,0.0008250825082508628,1293,1291,0.0015467904098994678,1142,1141,0.0008756567425569628,1245,1244,0.0008032128514056103,1223,1222,0.0008176614881438837,1310,1308,0.0015267175572518665,1227,1226,0.0008149959250203231,1412,1410,0.0014164305949008194,,14791,14774,0.0011493475762287542,1
SHV-HQ,PMT-457,0,0,,0,0,,0,0,,0,0,,0,0,,0,0,,0,0,,0,0,,0,1,0,0,959,0,1823,524,0.7125617114646188,35066,38473,0,,36889,39957,0,1
SHV-HQ,PMT458,0,0,,0,0,,0,0,,0,0,,0,0,,0,0,,0,0,,0,0,,0,0,,0,0,,0,0,,0,0,,,0,0,,0
SHV-HQ,PMT-459,18582,18543,0.002098805295447259,17320,17284,0.002078521939953837,15574,15541,0.0021189161422884295,16611,16577,0.002046836433688526,15070,15038,0.0021234240212342215,15308,15276,0.0020904102430101545,15432,15398,0.0022032141005702277,17666,17628,0.00215102456696481,15303,15329,0,16069,15974,0.00591200448067708,16984,16947,0.0021785209609044287,15588,15553,0.0022453169104439397,,195507,195088,0.0021431457697166367,1
SHV-HQ,PMT-46,118446,116999,0.012216537493879076,111965,109225,0.02447193319340868,114913,110033,0.0424669097491146,130475,127052,0.026234910902471764,137412,133827,0.026089424504410097,129269,124611,0.03603338774184062,123277,118956,0.03505114498243789,144157,137145,0.048641411794085654,143030,140361,0.018660420890722174,135131,130501,0.03426304844928252,147193,142256,0.03354099719416004,135875,131553,0.03180864765409386,,1571143,1522519,0.03094816958099933,53
SHV-HQ,PMT-460,0,0,,0,0,,0,0,,0,0,,0,0,,0,0,,0,0,,0,0,,0,0,,0,0,,0,0,,0,0,,,0,0,,0
SHV-HQ,PMT-461,0,2,0,0,2,0,0,2,0,0,2,0,0,2,0,0,2,0,35,54,0,11,27,0,975,986,0,560,567,0,806,809,0,776,779,0,,3163,3234,0,1
SHV-HQ,PMT-462,0,0,,0,0,,0,0,,0,0,,0,0,,0,0,,0,0,,0,0,,0,0,,0,0,,0,0,,0,0,,,0,0,,1
SHV-HQ,PMT-463,0,0,,0,0,,0,0,,0,0,,0,0,,0,0,,0,0,,0,0,,0,0,,0,0,,0,0,,0,0,,,0,0,,1
SHV-HQ,PMT-464,5018,5016,0.0003985651654045963,5155,5158,0,5127,5121,0.001170275014628408,5619,5617,0.00035593521979004894,5578,5576,0.00035855145213337103,5837,5836,0.00017132088401572432,6271,6268,0.0004783926008611328,6699,6698,0.0001492760113449565,6459,6456,0.0004644681839294229,5976,5975,0.00016733601070950677,6617,6615,0.0003022517757291787,6087,6084,0.0004928536224740876,,70443,70420,0.00032650511761278533,1
SHV-HQ,PMT-465,3530,3527,0.0008498583569405138,3914,3912,0.0005109862033725321,4331,4327,0.0009235742322789564,4625,4622,0.0006486486486486642,4702,4698,0.0008507018290089263,3957,3953,0.0010108668182966518,4194,4190,0.0009537434430137992,5524,5518,0.0010861694424330048,6779,6771,0.0011801150612185118,8152,8141,0.0013493621197252503,9774,9760,0.0014323715981174878,13085,12981,0.007948032097821911,,72567,72400,0.0023013215373378637,1
SHV-HQ,PMT-467,52982,52976,0.00011324600807816054,56126,56120,0.00010690232690735435,47576,47571,0.00010509500588529175,52412,52407,9.539800045788027e-05,51918,51915,5.778342771289857e-05,51556,51552,7.758553805570223e-05,57584,57581,5.2097804945860915e-05,60314,60308,9.947939118615245e-05,60073,60069,6.658565412076545e-05,57774,57767,0.00012116176826948433,64391,64384,0.00010871084468322412,54752,54746,0.00010958503798952357,,667458,667396,9.288973987875426e-05,1
SHV-HQ,PMT-468,0,0,,0,0,,0,0,,0,0,,0,0,,0,0,,0,0,,0,0,,0,0,,0,0,,0,0,,0,0,,,0,0,,0
SHV-HQ,PMT-469,37861,37799,0.0016375690024035272,37546,37484,0.001651307729185536,38091,38030,0.0016014281588826451,42422,42356,0.0015557965206732804,41806,41741,0.001554800746304319,40344,40273,0.0017598651596272274,37551,37485,0.0017576096508747918,42636,42563,0.0017121681208368544,42145,42070,0.001779570530311969,43618,43542,0.0017423999266358292,45461,45382,0.0017377532390400185,45019,44690,0.007308025500344262,,494500,493415,0.0021941354903943777,1
SHV-HQ,PMT-470,0,0,,0,0,,0,0,,0,0,,0,0,,0,0,,0,0,,0,0,,0,0,,0,0,,0,0,,0,0,,,0,0,,0
SHV-HQ,PMT471,0,0,,0,0,,0,0,,0,0,,0,0,,0,0,,0,0,,0,0,,0,0,,0,0,,0,0,,0,0,,,0,0,,0
SHV-HQ,PMT-474,64409,64440,0,52475,52501,0,52681,52706,0,72491,72528,0,74585,74625,0,84402,84447,0,0,62572,0,39739,69953,0,74251,74388,0,71296,71421,0,79331,79469,0,61928,62027,0,,727588,821077,0,1
SHV-HQ,PMT-475,6502,6503,0,7045,7047,0,9826,9826,0,11415,11414,8.760402978535975e-05,30255,30251,0.00013220955214010566,38716,38712,0.00010331645831185288,37681,37677,0.00010615429526816822,43573,43569,9.179996787000988e-05,32166,32164,6.217745445502576e-05,39110,39107,7.670672462289918e-05,42645,42644,2.3449407902442765e-05,33033,33033,0,,331967,331947,6.024695225725907e-05,1
SHV-HQ,PMT-476,1306,1308,0,2053,2056,0,1954,1957,0,2506,2509,0,2013,2016,0,1826,1829,0,1581,1624,0,1702,1655,0.02761457109283194,1825,1837,0,2515,2515,0,2950,2949,0.0003389830508474523,2574,2575,0,,24805,24830,0,1
SHV-HQ,PMT-477,185386,185376,5.394150583104551e-05,173329,173318,6.346312503968665e-05,168584,168574,5.931761021216175e-05,196692,196676,8.134545380600322e-05,210403,210388,7.129175914788455e-05,214680,214662,8.38457238681034e-05,198731,198717,7.044698612701517e-05,203209,203197,5.90525025958577e-05,207600,207587,6.26204238920458e-05,206385,206372,6.29890738182981e-05,211332,211322,4.731891052944803e-05,197325,197307,9.122006841499886e-05,,2373656,2373496,6.74065660736245e-05,1
SHV-HQ,PMT-478,128109,128036,0.000569827256476918,97483,96588,0.009181087984571623,115433,111583,0.03335268077586129,116678,111887,0.04106172543238662,117785,115008,0.023576856136180324,113796,113751,0.0003954444795950529,95695,95650,0.0004702440043889977,108551,108503,0.00044218846440846615,108319,0,1,125405,233571,0,125421,125230,0.001522870970571133,139896,138618,0.009135357694287194,,1392571,1378425,0.010158189420862551,1
SHV-HQ,PMT-48,17637,17487,0.00850484776322502,16528,16416,0.006776379477250738,16478,16372,0.006432819516931643,15804,15697,0.006770437863831913,17632,17510,0.006919237749546281,17623,17504,0.006752539295239224,16264,16164,0.006148548942449539,19122,19007,0.006014015270369155,0,0,,0,0,,0,0,,0,0,,,137088,136157,0.006791258169934644,32
SHV-HQ,PMT-480,88293,89151,0,84232,85045,0,82329,83136,0,98671,99633,0,94705,95652,0,126945,128210,0,125313,126545,0,131079,132369,0,122095,123277,0,115219,116331,0,121003,122178,0,115591,116716,0,,1305475,1318243,0,1
SHV-HQ,PMT-482,2290,2282,0.003493449781659441,2214,2205,0.004065040650406471,2251,2244,0.003109729009329154,2748,2740,0.0029112081513827937,2802,2795,0.0024982155603140432,2959,2950,0.0030415680973301384,2334,2326,0.003427592116538092,2842,2833,0.003166783954961283,2860,2853,0.002447552447552459,2720,2713,0.0025735294117646967,2951,2941,0.003388681802778737,2604,2595,0.003456221198156695,,31575,31477,0.0031037212984956764,1
SHV-HQ,PMT-484,30009,30012,0,25249,25256,0,24250,24259,0,31802,31817,0,29710,29727,0,28139,28158,0,23746,23757,0,32625,32653,0,37397,37438,0,18141,18165,0,0,0,,0,0,,,281068,281242,0,1
SHV-HQ,PMT-485,86393,88492,0,88755,90879,0,83516,85460,0,89499,91575,0,88860,90927,0,83059,85072,0,81585,83566,0,89798,92066,0,83158,85429,0,86480,87753,0,86900,90428,0,80983,81337,0,,1028986,1052984,0,1
SHV-HQ,PMT-486,1920896,1909050,0.006166913773572369,1921305,1910067,0.00584914940626291,1966311,1954471,0.006021427942985658,2264192,2250521,0.006037915512465353,2228966,2215552,0.006018037062925141,2133171,2120218,0.006072180805008154,1992116,1980019,0.0060724375488174775,2162240,2148992,0.00612697942874052,1955596,1943590,0.006139304846195182,2033831,2021338,0.0061425949353707265,2153997,2140736,0.00615646168495132,2014233,2000451,0.006842306724197278,,24746854,24595005,0.006136093096924533,1
SHV-HQ,PMT-487,8061,9166,0,16215,17328,0,13608,14605,0,19782,20836,0,16158,17226,0,16275,17367,0,16335,17396,0,17817,18907,0,17185,18265,0,22063,23204,0,25485,26675,0,32327,33500,0,,221311,234475,0,1
SHV-HQ,PMT-488,17901,17894,0.0003910396067259292,18012,18001,0.0006107039751277465,19838,19827,0.0005544913801794893,23209,23191,0.0007755612047051219,23052,23033,0.0008242234947075655,19943,19927,0.0008022865165722148,17561,17550,0.000626388018905577,21620,21604,0.0007400555041627843,17369,17359,0.0005757383844781083,16419,16531,0,17782,17965,0,16042,15680,0.022565764867223503,,228748,228562,0.0008131218633605775,1
SHV-HQ,PMT-49,19417,18929,0.025132615749085874,18895,18400,0.026197406721354843,17830,17359,0.026416152551878902,18452,17968,0.02623021894645572,17517,17028,0.02791573899640354,16694,16640,0.0032346951000359336,17978,17918,0.0033374123929247324,19929,19860,0.0034622911335240314,17395,17326,0.003966657085369363,19008,18631,0.019833754208754217,25273,35217,0,40575,31326,0.22794824399260627,,248963,246602,0.00948333688138403,5
SHV-HQ,PMT-491,122120,117335,0.03918277104487389,125663,120959,0.03743345296547118,120624,115596,0.04168324711500204,131665,125796,0.04457524778794664,138697,132074,0.04775157357404991,142210,134646,0.05318894592504042,126419,119895,0.051606166794548325,150071,142275,0.051948744261049784,133074,127803,0.03960954055638222,0,140913,0,148610,142498,0.04112778413296547,138608,131910,0.048323329100773416,,1477761,1551700,0,172
SHV-HQ,PMT-493,42671,42654,0.0003983970378008683,40421,40408,0.00032161500210281524,39740,39724,0.00040261701056865107,48911,48895,0.0003271247776573949,53793,53776,0.00031602624876847507,58312,58292,0.0003429825764851291,48143,48127,0.0003323432274681126,53817,53799,0.00033446680416970853,54105,54087,0.000332686443027419,55722,55704,0.0003230321955421944,57488,57468,0.00034789869190088307,44851,44836,0.0003344407036632857,,597974,597770,0.0003411519564395782,1
SHV-HQ,PMT-494,14625,14430,0.013333333333333308,16207,15997,0.012957364101931268,18044,17827,0.012026158279760613,20556,20315,0.01172407083090099,21484,21220,0.012288214485198234,22145,21874,0.012237525400767613,18680,18469,0.011295503211991464,23369,23099,0.011553767812058746,19258,18939,0.01656454460483958,21063,20807,0.012154014148032077,22657,22397,0.011475482190934416,20417,20181,0.01155899495518442,,238505,235555,0.012368713444162571,76
SHV-HQ,PMT-495,0,0,,0,0,,0,0,,0,0,,0,0,,0,0,,0,0,,0,0,,0,0,,0,0,,0,0,,0,0,,,0,0,,0
SHV-HQ,PMT-496,0,0,,0,0,,0,0,,0,0,,0,0,,0,0,,0,0,,0,0,,0,0,,0,0,,0,0,,0,0,,,0,0,,0
SHV-HQ,PMT-498,78941,78508,0.005485109132136623,71271,71242,0.0004068976161412108,84323,84286,0.0004387889425186975,97910,97870,0.0004085384536819392,91212,91164,0.0005262465465070143,88370,88330,0.0004526422994228785,75244,75200,0.0005847642336930248,78031,77991,0.0005126167805102888,80735,80700,0.0004335170619929052,82212,82174,0.0004622196273049717,89648,89607,0.0004573442798501137,92440,92398,0.0004543487667676427,,1010337,1009470,0.0008581295152013668,1
SHV-HQ,PMT-50,5150,5440,0,6037,6240,0,5210,5360,0,6452,6640,0,6567,6720,0,4808,5200,0,4916,5120,0,6085,6240,0,5996,6240,0,5403,5680,0,5958,6080,0,6884,7200,0,,69466,72160,0,1
SHV-HQ,PMT-500,804,803,0.0012437810945273853,810,810,0,750,753,0,812,809,0.003694581280788145,791,791,0,840,474,0.4357142857142857,849,1929,0,886,962,0,885,885,0,858,861,0,929,927,0.0021528525296017342,909,909,0,,10123,10913,0,1
SHV-HQ,PMT-501,549530,549290,0.0004367368478518374,529900,529620,0.0005284015852047297,489460,489300,0.000326890859314366,614970,614730,0.00039026293965560566,557080,556890,0.0003410641200545239,496970,496790,0.0003621949011006764,371050,370920,0.0003503570947311907,374520,374380,0.0003738118124533285,387460,387320,0.0003613276209156746,419140,418980,0.000381734026816849,476380,476190,0.0003988412611780623,432650,432470,0.0004160406795331584,,5699110,5696880,0.0003912891662031237,1
SHV-HQ,PMT-503,0,0,,0,0,,0,0,,0,0,,0,0,,0,0,,0,0,,0,0,,0,0,,0,0,,0,0,,0,0,,,0,0,,0
SHV-HQ,PMT-504,3627,3621,0.0016542597187758634,4869,4862,0.001437666872047605,10697,10684,0.0012152940076657348,35749,35705,0.0012308036588436488,33187,33145,0.0012655557899177161,40060,40008,0.0012980529206190194,35395,35346,0.0013843763243396312,33831,33784,0.0013892583724985919,29716,29679,0.0012451204738188615,43496,43440,0.0012874747103182038,43709,43653,0.001281200668054594,29154,29187,0,,343490,343114,0.0010946461323473322,1
SHV-HQ,PMT505,0,0,,0,0,,0,0,,0,0,,0,0,,0,0,,0,0,,0,0,,0,0,,0,0,,0,0,,0,0,,,0,0,,0
SHV-HQ,PMT-506,51434,51453,0,53055,53072,0,52916,52934,0,60528,60549,0,62169,62190,0,63842,63863,0,59354,59371,0,62694,62714,0,61709,61728,0,68377,68398,0,76187,76212,0,72062,72086,0,,744327,744570,0,1
SHV-HQ,PMT507,0,0,,0,0,,0,0,,0,0,,0,0,,0,0,,0,0,,0,0,,0,0,,0,0,,0,0,,0,0,,,0,0,,0
SHV-HQ,PMT-508,85294,82863,0.028501418622646324,78776,81258,0,68765,68790,0,73403,73432,0,72850,72883,0,78770,78800,0,72497,72516,0,71093,71115,0,72674,72698,0,74654,74680,0,78448,78432,0.00020395676116657935,74509,74598,0,,901733,902065,0,1
SHV-HQ,PMT509,0,0,,0,0,,0,0,,0,0,,0,0,,0,0,,0,0,,0,0,,0,0,,0,0,,0,0,,0,0,,,0,0,,0
SHV-HQ,PMT51,0,0,,0,0,,0,0,,0,0,,0,0,,0,0,,0,0,,0,0,,0,0,,0,0,,0,0,,0,0,,,0,0,,0
SHV-HQ,PMT-510,98778,96020,0.027921197027678257,101297,98428,0.028322655162541843,101832,98869,0.02909694398617335,103987,100859,0.030080683162318378,127707,123818,0.03045252022207079,117104,113664,0.02937559775925669,107744,104512,0.029997029997030022,125657,121556,0.032636462751776674,136287,132246,0.02965066367298419,124207,120645,0.028677932805719508,143525,139810,0.025883992335829942,135322,131604,0.027475207283368608,,1423447,1382031,0.02909556871453589,94
SHV-HQ,PMT-511,78,75,0.038461538461538436,73,71,0.0273972602739726,87,85,0.02298850574712641,211,211,0,208,207,0.004807692307692291,207,207,0,211,210,0.004739336492891044,218,218,0,226,224,0.008849557522123908,226,226,0,124,122,0.016129032258064502,62,62,0,,1931,1918,0.006732263076126399,1
SHV-HQ,PMT-512,51180,49891,0.025185619382571356,57802,55568,0.03864918168921494,61229,58972,0.03686161786081754,69124,66735,0.03456107864128233,71126,68644,0.03489581868796221,70657,68457,0.031136334687292155,66503,63997,0.03768251056343319,74025,71620,0.03248902397838571,69626,67258,0.03401028351477897,70129,68140,0.028362018565785907,71371,68858,0.035210379565930094,67378,64838,0.03769776484906051,,800150,772978,0.03395863275635813,177
SHV-HQ,PMT-513,33455,32790,0.019877447317291908,33763,33296,0.013831709267541403,28655,28275,0.013261210957947966,33263,32847,0.012506388479692099,37680,37145,0.014198513800424584,36889,36388,0.013581284393721749,30891,30476,0.013434333624680272,34031,33208,0.02418383238811672,32223,32119,0.0032275083015237405,30711,30248,0.015076031389404498,38006,37389,0.01623427879808448,36653,36081,0.015605816713502252,,406220,400262,0.014666929250159999,19
SHV-HQ,PMT-514,21811,21817,0,19800,19806,0,17050,17053,0,23126,23129,0,27253,27257,0,26236,26240,0,24491,24496,0,30686,30687,0,33461,33462,0,35973,35978,0,39024,39029,0,35320,35326,0,,334231,334280,0,1
SHV-HQ,PMT-515,18392,18410,0,17259,17276,0,17111,17129,0,20376,20395,0,10687,10699,0,10455,10466,0,13077,13091,0,15899,15915,0,14846,14863,0,14909,14923,0,15890,15906,0,14758,14771,0,,183659,183844,0,1
SHV-HQ,PMT-516,17701,17704,0,18429,18433,0,19448,19450,0,18739,18742,0,25619,25623,0,22826,22829,0,19749,19750,0,25623,25626,0,25036,25040,0,25250,25253,0,25787,25791,0,24669,24673,0,,268876,268914,0,1
SHV-HQ,PMT-517,3269,3267,0.0006118078923218473,3291,3289,0.0006077180188392983,3331,3329,0.0006004202942059278,3318,3317,0.0003013863773357883,4081,4080,0.00024503798088704176,3562,3559,0.0008422234699606568,2992,2989,0.00100267379679142,3510,3508,0.0005698005698006048,2878,2876,0.0006949270326616075,3435,3432,0.0008733624454148048,3420,3418,0.0005847953216374657,3066,3004,0.02022178734507507,,40153,40068,0.0021169028466117012,1
SHV-HQ,PMT-518,307835,307812,7.471535075609381e-05,282498,282465,0.00011681498630078391,270287,270264,8.50947326360707e-05,320486,309957,0.03285322915821598,320799,308787,0.03744400699503425,341387,363358,0,279984,279553,0.0015393736784958811,323308,322803,0.001561978051888624,321028,317083,0.012288647719202017,328068,330651,0,343949,341742,0.0064166489799359905,297814,300022,0,,3737443,3734497,0.0007882394460597686,1
SHV-HQ,PMT-519,22268,22273,0,20356,20357,0,21672,21676,0,24368,24372,0,25206,25214,0,24819,24827,0,22328,22334,0,25385,25394,0,27596,27602,0,28993,29002,0,28517,28523,0,28876,28881,0,,300384,300455,0,1
SHV-HQ,PMT52,0,0,,0,0,,0,0,,0,0,,0,0,,0,0,,0,0,,0,0,,0,0,,0,0,,0,0,,0,0,,,0,0,,0
SHV-HQ,PMT-520,22858,22862,0,21960,21966,0,20899,20905,0,22469,22478,0,22818,22830,0,21992,22004,0,20166,20178,0,22004,22016,0,20413,20422,0,21552,21561,0,21441,21449,0,19210,19214,0,,257782,257885,0,1
SHV-HQ,PMT-521,98711,97316,0.014132163588657765,92035,90796,0.01346226978866738,94238,92921,0.01397525414376366,108932,107340,0.014614621965997165,103692,101285,0.02321297689310653,115197,110477,0.040973289234962684,106026,107891,0,121450,119189,0.018616714697406334,113166,111467,0.015013343230298903,84149,80660,0.04146216829671179,96558,95128,0.01480975165185694,91789,90467,0.014402597261109706,,1225943,1204937,0.01713456498385324,52
SHV-HQ,PMT-522,22264,22301,0,21198,21234,0,20537,20575,0,18879,18913,0,27054,27104,0,25345,24644,0.027658315249556087,23310,0,1,26792,50797,0,24764,24750,0.0005653367791955688,26613,26826,0,27468,27337,0.0047691859618465005,25842,25537,0.011802492067177428,,290066,290018,0.0001654795805092757,1
SHV-HQ,PMT-523,10168,10176,0,10086,10093,0,10071,10077,0,11540,11548,0,13311,13319,0,13799,13807,0,11199,11206,0,12432,12439,0,14367,14376,0,14138,14148,0,13569,13578,0,11602,11645,0,,146282,146412,0,1
SHV-HQ,PMT-524,127017,125341,0.013195084122597733,129594,129007,0.004529530688149097,124971,122311,0.021284938105640472,138578,136722,0.013393179292528368,148493,146278,0.014916528051827305,135455,133634,0.01344357904839244,124194,122611,0.012746187416461385,151599,149276,0.015323320074670632,133819,126889,0.05178636815399906,128664,132969,0,146163,144414,0.011966092649986604,136657,133963,0.019713589497793782,,1625204,1603415,0.013406932298960617,122
SHV-HQ,PMT-525,0,0,,0,0,,0,0,,0,0,,0,0,,0,0,,0,0,,0,0,,0,0,,0,0,,0,0,,0,0,,,0,0,,0
SHV-HQ,PMT-526,129179,123702,0.04239853226917689,118733,113996,0.03989623777719753,124504,118595,0.04746032255991772,140876,133941,0.049227689599363966,147440,140224,0.04894194248507866,145910,138587,0.050188472345966684,132538,125986,0.04943487905355448,154650,146627,0.051878435176204385,137715,133456,0.030926188142177735,133142,128751,0.0329798260503823,155235,149676,0.03581022320997196,145816,140812,0.03431722170406537,,1665738,1594353,0.04285487873843308,219
SHV-HQ,PMT-527,26240,26238,7.621951219516365e-05,24403,24401,8.195713641767632e-05,23681,23680,4.222794645492023e-05,26596,26595,3.759963904348407e-05,27341,27339,7.315021396436805e-05,24515,24515,0,23343,23344,0,27044,0,1,24478,48498,0,26802,26765,0.0013804939929855653,27472,27436,0.001310425160163109,22685,22657,0.0012342957901697593,,304600,301468,0.010282337491792526,1
SHV-HQ,PMT-528,0,0,,0,0,,0,0,,0,0,,0,0,,0,0,,0,0,,0,0,,0,0,,0,0,,0,0,,0,0,,,0,0,,1
SHV-HQ,PMT-529,117409,115781,0.013866057968298873,115008,113464,0.013425153032832537,121818,119995,0.01496494770887713,138550,136346,0.015907614579574125,143728,141506,0.015459757319381096,136768,134611,0.015771233036967702,126056,124179,0.01489020752681347,150184,147571,0.017398657646620186,133806,105408,0.21223263530783376,115506,138796,0,135374,132656,0.020077710638675028,122646,120335,0.018842848523392575,,1556853,1530648,0.016832032311335787,60
SHV-HQ,PMT-530,21313,22740,0,26440,27890,0,24162,25470,0,30233,31740,0,29700,31150,0,31034,32510,0,32208,33630,0,49263,50890,0,51690,53320,0,54797,56450,0,53800,55510,0,44819,46410,0,,449459,467710,0,1
SHV-HQ,PMT-533,43332,43334,0,43356,43358,0,39990,39993,0,46576,46580,0,45282,45283,0,44237,44239,0,41157,41159,0,45610,45612,0,41474,41477,0,42279,42280,0,43328,43329,0,40086,40090,0,,516707,516734,0,1
SHV-HQ,PMT-535,76843,76844,0,75900,75893,9.222661396579568e-05,65243,65241,3.0654629615489704e-05,82793,82792,1.2078315799635142e-05,79951,79952,0,80639,80642,0,80481,80482,0,85089,85092,0,91229,91236,0,94496,94500,0,104986,104988,0,89437,89439,0,,1007087,1007101,0,1
SHV-HQ,PMT-536,60892,60870,0.00036129540826379536,53135,53113,0.000414039710172176,51247,51228,0.00037075340995573747,64043,64020,0.0003591337070405487,64603,64580,0.0003560206182375847,66856,66835,0.0003141079334689767,58856,58837,0.00032282180236509195,68537,68515,0.00032099449932154744,68212,68189,0.0003371840731836162,68857,68834,0.00033402558926465264,75721,75692,0.00038298490511223804,64190,64167,0.0003583112634366614,,765149,764880,0.0003515655120767125,1
SHV-HQ,PMT-537,83,345,0,195,847,0,207,777,0,841,1459,0,701,1315,0,947,1588,0,751,1376,0,1202,1843,0,1327,1975,0,638,1295,0,752,1428,0,435,1081,0,,8079,15329,0,1
SHV-HQ,PMT538,0,0,,0,0,,0,0,,0,0,,0,0,,0,0,,0,0,,0,0,,0,0,,0,0,,0,0,,0,0,,,0,0,,0
SHV-HQ,PMT-539,24516,24515,4.078968836673802e-05,20579,20580,0,20684,20683,4.83465480565215e-05,25682,25679,0.00011681333229496271,25077,25073,0.00015950871316350312,24919,24917,8.026004253780528e-05,21507,21503,0.00018598595806018636,22223,22212,0.0004949826756063258,21801,21805,0,21547,21499,0.0022276883092774424,24136,24285,0,20685,20582,0.004979453710418191,,273356,273333,8.413936405271549e-05,1
SHV-HQ,PMT54,0,0,,0,0,,0,0,,0,0,,0,0,,0,0,,0,0,,0,0,,0,0,,0,0,,0,0,,0,0,,,0,0,,0
SHV-HQ,PMT-540,8620,8623,0,6896,6916,0,6991,6995,0,10476,10476,0,10588,10588,0,9501,9501,0,6345,6353,0,6606,6605,0.0001513775355737046,6316,6328,0,8073,8073,0,8615,8613,0.00023215322112590808,6664,6661,0.00045018007202879406,,95691,95732,0,1
SHV-HQ,PMT-541,38272,38117,0.004049958193979908,34680,34489,0.005507497116493676,38519,38292,0.005893195565824683,45472,45228,0.005365939479240023,44173,43931,0.005478459692572435,46278,46031,0.005337309304637161,38775,38577,0.005106382978723456,41133,40926,0.005032455692509652,36585,36423,0.0044280442804428555,33394,33225,0.005060789363358742,38156,38873,0,36976,35935,0.028153396797922947,,472413,470047,0.005008329576027704,13
SHV-HQ,PMT542,0,0,,0,0,,0,0,,0,0,,0,0,,0,0,,0,0,,0,0,,0,0,,0,0,,0,0,,0,0,,,0,0,,0
SHV-HQ,PMT543,0,0,,0,0,,0,0,,0,0,,0,0,,0,0,,0,0,,0,0,,0,0,,0,0,,0,0,,0,0,,,0,0,,0
SHV-HQ,PMT544,0,0,,0,0,,0,0,,0,0,,0,0,,0,0,,0,0,,0,0,,0,0,,0,0,,0,0,,0,0,,,0,0,,0
SHV-HQ,PMT545,0,0,,0,0,,0,0,,0,0,,0,0,,0,0,,0,0,,0,0,,0,0,,0,0,,0,0,,0,0,,,0,0,,0
SHV-HQ,PMT-546,763,762,0.001310615989515096,747,748,0,497,495,0.004024144869215318,351,347,0.01139601139601143,349,345,0.011461318051575908,342,339,0.00877192982456143,298,294,0.01342281879194629,286,284,0.006993006993006978,145,143,0.01379310344827589,1,1,0,0,0,,0,0,,,3779,3758,0.005557025668166182,0
SHV-HQ,PMT547,0,0,,0,0,,0,0,,0,0,,0,0,,0,0,,0,0,,0,0,,0,0,,0,0,,0,0,,0,0,,,0,0,,0
SHV-HQ,PMT-548,129,129,0,107,105,0.01869158878504673,99,99,0,129,129,0,174,173,0.005747126436781658,217,217,0,170,169,0.00588235294117645,184,184,0,209,209,0,237,236,0.00421940928270037,281,281,0,264,264,0,,2200,2195,0.002272727272727315,1
SHV-HQ,PMT-549,93877,93676,0.0021410995238450026,103770,103564,0.0019851594873276923,113326,113135,0.0016854031731464714,134242,134031,0.001571788262987761,136621,136405,0.001581016095622223,137210,137000,0.0015305006923693742,129113,128918,0.0015103049266921298,139768,139552,0.001545418121458364,121204,121012,0.001584106135111063,129157,128947,0.0016259281339764398,143860,143615,0.0017030446267204402,135158,134887,0.002005060743722198,,1517306,1514742,0.0016898371192100026,1
SHV-HQ,PMT-55,0,50,0,0,50,0,0,46,0,120,116,0.033333333333333326,0,50,0,0,0,,0,0,,0,0,,0,0,,0,0,,0,0,,0,0,,,120,312,0,1
SHV-HQ,PMT-550,15244,15241,0.0001967987404880578,14290,14288,0.00013995801259625296,14817,14815,0.00013498009043666492,12972,12971,7.708911501691507e-05,17134,17132,0.00011672697560405343,13203,13202,7.574036203894519e-05,11650,11648,0.00017167381974247942,13465,13463,0.0001485332343111878,12374,12373,8.081461128173206e-05,13548,13545,0.00022143489813997164,14016,14014,0.0001426940639269736,12194,12190,0.0003280301787764728,,164907,164882,0.00015160059912555646,1
SHV-HQ,PMT-552,1003,1005,0,1113,1114,0,861,863,0,760,762,0,1261,1263,0,409,1321,0,0,1295,0,1701,1123,0.3398001175778954,574,573,0.0017421602787456303,370,372,0,526,524,0.0038022813688213253,520,519,0.0019230769230769162,,9098,10734,0,1
SHV-HQ,PMT-553,4500,4508,0,4268,4276,0,4460,4469,0,4871,4880,0,4151,4159,0,4698,4708,0,4439,4450,0,4813,4823,0,4876,4887,0,4450,4459,0,4760,4772,0,4669,4678,0,,54955,55069,0,1
SHV-HQ,PMT-554,790,793,0,990,991,0,714,715,0,1091,1093,0,987,988,0,989,991,0,1096,1097,0,1588,1588,0,4352,4354,0,1106,1106,0,1796,1796,0,2934,2936,0,,18433,18448,0,1
SHV-HQ,PMT-555,50619,50631,0,39480,39488,0,37093,37101,0,48704,48715,0,49286,50618,0,0,59623,0,34115,51289,0,54442,54428,0.00025715440285078994,56428,56411,0.0003012688736088176,58244,58229,0.0002575372570565726,59805,59785,0.0003344201989800011,54401,54379,0.0004044043308026879,,542617,620697,0,1
SHV-HQ,PMT-556,0,0,,0,0,,0,0,,0,0,,0,0,,0,0,,0,0,,0,0,,0,0,,0,0,,0,0,,0,549,0,,0,549,0,1
SHV-HQ,PMT-558,27794,27792,7.195797654169223e-05,25722,25720,7.775445144231341e-05,27655,27652,0.00010847947929848445,27519,27516,0.00010901558922926657,33782,33779,8.88046888876115e-05,27143,27139,0.00014736764543343828,24374,24371,0.00012308197259369713,29053,29050,0.00010325956011425497,27125,27122,0.00011059907834098937,28548,28544,0.0001401148942132835,30783,30780,9.745638826630376e-05,28720,28718,6.96378830083999e-05,,338218,338183,0.00010348355202860482,1
SHV-HQ,PMT-559,5975,5974,0.00016736401673644874,7048,7048,0,6806,6804,0.0002938583602704048,8058,8057,0.00012410027302056648,8115,8114,0.00012322858903268674,7704,7703,0.00012980269989615323,7571,7568,0.00039624884427424956,7880,7880,0,8072,8071,0.00012388503468785395,7913,7913,0,7999,7998,0.00012501562695332868,7433,7392,0.005515942418942599,,90574,90522,0.0005741161922847571,1
SHV-HQ,PMT-560,189684,192890,0,165229,168096,0,153967,156717,0,208806,212268,0,199810,203126,0,221896,225660,0,188758,191974,0,194413,197850,0,193007,196346,0,195411,198816,0,235686,240092,0,219890,225195,0,,2366557,2409030,0,1
SHV-HQ,PMT-561,174529,168935,0.03205197990018849,145144,141482,0.025230116298296856,146867,143062,0.02590779412665878,172018,167121,0.028467951028380734,178060,172205,0.03288217454790521,186162,180156,0.032262223224933106,164155,159488,0.02843044683378515,174557,150243,0.13928974489708235,166905,180623,0,155651,151103,0.02921921478178746,176418,170805,0.03181648131143078,166030,160884,0.030994398602662177,,2006496,1946107,0.030096745769739863,96
SHV-HQ,PMT-562,24805,24851,0,21775,21814,0,21941,21984,0,26581,26635,0,23749,23798,0,22866,22911,0,20474,20506,0,23824,23857,0,17591,17612,0,4890,4893,0,13362,13368,0,12892,12898,0,,234750,235127,0,1
SHV-HQ,PMT-563,28833,28803,0.0010404744563521362,26765,26738,0.0010087801232953053,26198,26172,0.0009924421711581255,30133,30102,0.0010287724421730315,35287,35254,0.000935188596366987,36836,36804,0.0008687153871212994,31844,31816,0.0008792865217936985,33818,33788,0.0008871015435566454,32365,32336,0.0008960296616715713,32661,32632,0.0008879091270934669,34436,34404,0.0009292600766639403,32919,32889,0.0009113278046113393,,382095,381738,0.000934322616103378,1
SHV-HQ,PMT-564,0,0,,0,0,,0,0,,0,0,,0,0,,0,0,,0,0,,0,0,,0,0,,0,0,,0,0,,0,0,,,0,0,,0
SHV-HQ,PMT566,0,0,,0,0,,0,0,,0,0,,0,0,,0,0,,0,0,,0,0,,0,0,,0,0,,0,0,,0,0,,,0,0,,0
SHV-HQ,PMT567,0,0,,0,0,,0,0,,0,0,,0,0,,0,0,,0,0,,0,0,,0,0,,0,0,,0,0,,0,0,,,0,0,,0
SHV-HQ,PMT-569,100651,100716,0,110649,110724,0,105367,105430,0,121382,121445,0,121889,121951,0,114602,114667,0,101720,101783,0,114494,114561,0,105855,105914,0,103958,104017,0,106743,106799,0,100639,100688,0,,1307949,1308695,0,1
SHV-HQ,PMT-570,69290,67882,0.02032039255303797,65765,64396,0.02081654375427655,67473,65958,0.02245342581477039,77100,75264,0.023813229571984396,80090,78366,0.021525783493569706,74500,72971,0.020523489932885886,68819,67351,0.021331318385910847,77245,75532,0.02217619263382742,72306,58873,0.18577987995463718,68913,79113,0,74872,73135,0.023199593973715182,78483,76681,0.022960386325701077,,874856,855522,0.022099636968826886,56
SHV-HQ,PMT-571,42965,43046,0,50794,50895,0,52824,52929,0,52392,52495,0,89778,89933,0,80522,80660,0,104835,104975,0,130234,130392,0,136861,137026,0,168580,168781,0,183501,183712,0,175058,175231,0,,1268344,1270075,0,1
SHV-HQ,PMT-572,1639,1641,0,1500,1502,0,1474,1475,0,1711,1713,0,1607,1609,0,1789,1791,0,1612,1613,0,2031,2033,0,2120,2122,0,1862,1866,0,2016,2012,0.001984126984126977,1634,1632,0.001223990208078285,,20995,21009,0,1
SHV-HQ,PMT-573,144807,143560,0.008611462153072735,121105,120108,0.008232525494405674,124275,122557,0.013824180245423423,155214,154260,0.006146352777455677,153870,152259,0.0104698771690388,153141,151605,0.010029972378396423,130563,129323,0.009497330790499636,150024,149035,0.006592278568762322,144180,142067,0.014655291996115927,134282,132872,0.010500290433565151,157246,155321,0.012241964819454831,151845,151961,0,,1720552,1704928,0.009080806624850668,107
SHV-HQ,PMT-574,4299,4300,0,3950,3951,0,3449,3450,0,3663,3664,0,3570,3571,0,3837,3838,0,3583,3584,0,3787,3788,0,3781,3783,0,3848,3855,0,3961,3956,0.0012623074981065185,3873,3875,0,,45601,45615,0,1
SHV-HQ,PMT-575,0,0,,0,0,,0,0,,0,0,,0,0,,0,0,,0,0,,0,0,,0,0,,0,0,,0,0,,0,0,,,0,0,,0
SHV-HQ,PMT-576,0,0,,0,0,,0,0,,0,0,,0,0,,0,0,,0,0,,0,0,,0,0,,0,0,,0,0,,0,0,,,0,0,,0
SHV-HQ,PMT-577,3501,3501,0,3011,3010,0.00033211557622048193,2811,2811,0,3178,3177,0.0003146633102579788,1559,1554,0.003207184092366866,1094,1080,0.012797074954296161,180,178,0.011111111111111072,0,0,,0,0,,0,0,,0,0,,0,0,,,15334,15311,0.0014999347854440792,1
SHV-HQ,PMT-578,0,0,,0,0,,0,0,,0,0,,0,0,,0,0,,0,0,,0,0,,0,0,,0,0,,0,0,,0,0,,,0,0,,1
SHV-HQ,PMT-579,96000,95611,0.0040520833333332895,94200,92267,0.020520169851380055,91200,89877,0.014506578947368398,110400,108635,0.01598731884057969,107160,105175,0.018523702874206793,105600,104433,0.011051136363636416,90468,88017,0.02709245257991777,107708,106192,0.014075091915178084,100007,98096,0.019108662393632403,94661,93002,0.017525696960733583,111433,109341,0.018773612843592136,110473,108380,0.01894580576249405,,1219310,1199026,0.016635638188811752,106
SHV-HQ,PMT-58,23065,23057,0.0003468458703663746,20893,20884,0.0004307662853587635,21762,21752,0.00045951658854881394,25933,25923,0.0003856090695253389,20346,20337,0.00044234739015036606,20438,20443,0,21622,21629,0,22166,22167,0,19529,19527,0.00010241179783909704,19819,19816,0.0001513698975730282,20721,20711,0.00048260219101392554,19062,19112,0,,255356,255358,0,1
SHV-HQ,PMT-580,119277,116270,0.025210224938588377,116255,113474,0.023921551761214577,119418,116200,0.026947361369307865,119391,113280,0.05118476267055305,166546,165114,0.008598225114983205,141405,137940,0.02450408401400228,91122,89607,0.01662606176335024,111180,109187,0.01792588595071054,105529,103722,0.017123255218944533,105161,103297,0.017725202308840782,132884,130378,0.018858553324704208,117931,115671,0.019163748293493654,,1446099,1414140,0.022100146670456122,118
SHV-HQ,PMT-581,0,0,,0,0,,0,0,,0,0,,0,0,,0,0,,0,0,,0,0,,0,0,,0,0,,0,0,,0,0,,,0,0,,1
SHV-HQ,PMT-583,5770,5775,0,5970,5976,0,5782,5786,0,6085,6091,0,6486,6491,0,6704,6713,0,6187,6198,0,6751,6756,0,6603,6611,0,7335,7337,0,8083,8080,0.0003711493257454457,7608,7606,0.0002628811777076745,,79364,79420,0,3
SHV-HQ,PMT-586,0,0,,0,0,,0,0,,0,0,,0,0,,0,0,,0,0,,0,0,,0,0,,0,0,,0,0,,0,0,,,0,0,,1
SHV-HQ,PMT-587,65234,65206,0.0004292240242818046,57897,57886,0.00018999257301755001,18935,18928,0.0003696857670979492,760,760,0,4624,4622,0.0004325259515570723,43355,43439,0,55728,55606,0.0021892047085845245,63294,63269,0.00039498214680699917,61981,61958,0.0003710814604475088,65470,65443,0.000412402627157471,73408,73382,0.00035418482999127754,68986,68962,0.0003478966746875978,,579672,579461,0.0003639989511310393,1
SHV-HQ,PMT-588,56648,56601,0.0008296850727298466,59283,59236,0.0007928073815427483,59143,59095,0.0008115922425308009,65201,65145,0.0008588825324764571,63717,63663,0.0008474975281321795,59747,59691,0.0009372855540863423,52369,52335,0.0006492390536385617,56992,56944,0.0008422234699606568,58591,58544,0.0008021709818913925,57857,57811,0.0007950636915152742,57801,57754,0.0008131347208525375,52788,52746,0.0007956353716753739,,700137,699565,0.0008169829619060209,1
SHV-HQ,PMT-589,34299,34297,5.831073792239572e-05,31758,31758,0,28765,28764,3.4764470710935136e-05,35014,35011,8.568001370878875e-05,35229,35223,0.00017031422975388733,36706,36699,0.00019070451697267288,33600,33598,5.952380952378711e-05,37859,37853,0.00015848279141028598,0,32366,0,0,36618,0,40939,41128,0,38252,38494,0,,352421,421809,0,1
SHV-HQ,PMT-590,11664,13158,0,13604,13821,0,14068,13918,0.010662496445834502,23700,23798,0,24888,24982,0,21807,21893,0,15962,16001,0,16292,16311,0,18325,17567,0.04136425648021824,19952,20750,0,20649,20641,0.0003874279626131516,17585,17586,0,,218496,220426,0,9
SHV-HQ,PMT-591,0,0,,0,0,,0,0,,0,0,,0,0,,0,0,,0,0,,0,0,,0,0,,0,0,,0,0,,0,0,,,0,0,,0
SHV-HQ,PMT-592,13769,13779,0,21363,21381,0,26682,26696,0,44479,44503,0,53492,53525,0,50862,50888,0,46125,46147,0,49397,49424,0,50644,50674,0,52594,52620,0,55185,55173,0.00021745039412879308,52823,52662,0.003047914734112034,,517415,517472,0,1
SHV-HQ,PMT-593,1318,1318,0,1336,1342,0,2062,2066,0,3577,3585,0,1613,1616,0,794,796,0,669,671,0,952,955,0,1882,1802,0.04250797024442088,4436,4528,0,5047,5053,0,3700,3706,0,,27386,27438,0,1
SHV-HQ,PMT-594,30476,31826,0,32714,34085,0,36523,37776,0,46728,48004,0,51903,52940,0,55651,56786,0,45772,46799,0,54699,55812,0,47562,48549,0,52504,53573,0,61402,62638,0,54115,55236,0,,570049,584024,0,1
SHV-HQ,PMT-595,0,0,,0,0,,0,0,,0,0,,0,0,,0,0,,0,0,,0,0,,0,0,,0,0,,0,0,,0,0,,,0,0,,1
SHV-HQ,PMT-596,89001,88962,0.0004381973236255998,84149,84108,0.0004872309831370769,80172,80130,0.0005238736716060011,91816,91767,0.0005336760477476776,89128,89082,0.0005161116596356097,86747,0,1,79522,166156,0,90164,90008,0.0017301805598687325,74925,75191,0,82846,82321,0.006337059121743982,83700,84767,0,76356,74872,0.019435276861019424,,1008526,1007364,0.0011521765427960906,1
SHV-HQ,PMT-597,49678,49000,0.013647892427231412,59166,58225,0.01590440455667108,55231,54268,0.017435860295848316,61040,59841,0.019642857142857184,30196,67427,0,0,0,,0,0,,0,0,,0,0,,0,0,,0,0,,0,0,,,255311,288761,0,42
SHV-HQ,PMT-598,110821,108336,0.022423547883523853,112857,110478,0.021079773518700606,106930,104887,0.019105957168240928,118380,116978,0.011843216759587771,125954,123155,0.022222398653476638,130728,128822,0.014579891071537898,112696,110741,0.01734755448285652,146678,143987,0.01834630960334882,133964,131840,0.0158550058224598,151308,147812,0.023105189414968197,147739,144858,0.019500605798062787,133914,131617,0.017152799557925258,,1531969,1503511,0.018576093902683444,306
SHV-HQ,PMT-60,83235,81614,0.019474980476962833,90510,88170,0.02585349685117666,85942,83605,0.027192757906495113,96678,94122,0.02643827964997203,102168,99301,0.02806162399185652,101265,98722,0.025112329037673464,95857,93479,0.024807786598787795,97833,95384,0.025032453262191723,94369,92066,0.024404200531954356,93153,90630,0.02708447392998614,103118,100540,0.025000484881398055,98048,87736,0.10517297650130553,,1142176,1105369,0.03222533129745331,222
SHV-HQ,PMT-600,0,0,,0,0,,0,0,,0,0,,0,0,,0,0,,0,0,,0,0,,0,0,,0,0,,0,0,,0,0,,,0,0,,1
SHV-HQ,PMT-601,0,0,,0,0,,0,0,,0,0,,0,1,0,0,0,,0,0,,0,0,,5761,5675,0.014927963895157048,9646,9651,0,10521,10524,0,10739,10742,0,,36667,36593,0.0020181634712411745,1
SHV-HQ,PMT-602,25913,25909,0.00015436267510515744,23286,25699,0,28469,26841,0.05718500825459272,33822,34609,0,22496,23212,0,20944,21684,0,17797,18519,0,17681,18398,0,17115,17812,0,17567,18296,0,19334,20087,0,18280,18998,0,,262704,270064,0,1
SHV-HQ,PMT-603,21429,21445,0,20395,20364,0.0015199803873497952,19057,28777,0,24699,14969,0.3939430746184056,23887,23874,0.0005442290785783177,24283,24272,0.000452991804966385,24654,24644,0.0004056136935183252,24113,24102,0.00045618546012526906,26192,26183,0.0003436163714111151,26501,27372,0,27166,26208,0.035264669071633614,26322,26443,0,,288698,288653,0.0001558722263402812,1
SHV-HQ,PMT-604,61373,61371,3.258761996316473e-05,53512,53510,3.737479443866043e-05,53065,53064,1.884481296521301e-05,67479,67480,0,69796,69799,0,73559,73561,0,64520,64518,3.099814011164881e-05,66289,66290,0,60352,60351,1.65694591728327e-05,59196,59194,3.378606662607364e-05,66801,66801,0,61704,61700,6.482561908460749e-05,,757646,757639,9.239143346606582e-06,1
SHV-HQ,PMT-605,0,0,,0,0,,0,0,,0,0,,0,0,,0,0,,0,0,,0,0,,0,0,,0,0,,0,0,,0,0,,,0,0,,0
SHV-HQ,PMT-606,3023,3022,0.0003307972213033583,3251,3248,0.0009227929867733353,3284,3281,0.0009135200974421664,3295,3293,0.0006069802731411,5214,5210,0.0007671653241273502,3423,3419,0.0011685655857435195,3062,3059,0.0009797517962116808,4020,4017,0.0007462686567164534,3644,3640,0.001097694840834218,3934,3930,0.0010167768174885738,4058,4054,0.0009857072449482862,3466,3464,0.0005770340450086398,,43674,43637,0.0008471859687686489,1
SHV-HQ,PMT-608,24508,24514,0,22503,22512,0,26444,26453,0,21977,21987,0,19213,19222,0,18542,18551,0,23576,23584,0,23754,23764,0,23097,23106,0,22195,22141,0.0024329804009912692,25129,25034,0.0037804926578852704,22485,22662,0,,273423,273530,0,1
SHV-HQ,PMT-61,30148,30044,0.0034496484012206396,30304,30185,0.003926874340021147,27132,27026,0.003906825888250087,29555,29437,0.003992556251057322,34225,34090,0.003944485025566102,33715,33581,0.0039744920658461025,37561,37408,0.004073373978328632,38964,38804,0.00410635458371833,42942,42758,0.004284849331656626,50609,50395,0.004228496907664692,60314,60063,0.0041615545312863045,53653,53422,0.00430544424356516,,469122,467213,0.004069303933731505,2
SHV-HQ,PMT-610,1043,1047,0,2289,2293,0,2163,2169,0,1339,1344,0,847,853,0,1694,1699,0,1142,1147,0,918,922,0,548,552,0,561,560,0.0017825311942959443,753,756,0,657,662,0,,13954,14004,0,1
SHV-HQ,PMT-611,8875,8876,0,1060,1060,0,898,898,0,1054,1054,0,1083,1083,0,1009,1009,0,1207,1206,0.0008285004142501995,3664,3665,0,8799,8799,0,11657,11659,0,15105,15106,0,12438,12439,0,,66849,66854,0,1
SHV-HQ,PMT612,0,0,,0,0,,0,0,,0,0,,0,0,,0,0,,0,0,,0,0,,0,0,,0,0,,0,0,,0,0,,,0,0,,0
SHV-HQ,PMT-613,0,0,,0,0,,0,0,,0,0,,0,0,,0,0,,0,0,,0,0,,0,0,,0,0,,0,0,,0,0,,,0,0,,0
SHV-HQ,PMT614,0,0,,0,0,,0,0,,0,0,,0,0,,0,0,,0,0,,0,0,,0,0,,0,0,,0,0,,0,0,,,0,0,,0
SHV-HQ,PMT-615,189299,182630,0.03522998008441669,179829,172424,0.04117800799648552,170119,163176,0.04081260764523653,197161,189135,0.04070784790095405,198575,190295,0.04169709177892489,216244,207243,0.04162427628049792,193273,185276,0.04137670548912675,209771,200746,0.04302310614908633,214928,199256,0.07291744212015183,185893,185748,0.0007800186128579245,209487,200546,0.0426804527249901,195279,187179,0.04147911449771868,,2359858,2263654,0.04076685970088034,160
SHV-HQ,PMT-616,33389,33319,0.002096498846925643,32685,32691,0,33047,33055,0,31025,31043,0,29948,29944,0.00013356484573257,28787,28795,0,27996,28003,0,32034,32041,0,32089,32097,0,32147,32155,0,30228,30237,0,24352,26106,0,,367727,369486,0,1
SHV-HQ,PMT-617,75085,73991,0.01457015382566429,68454,67476,0.014286966430011372,67946,66921,0.015085509080740578,83870,82629,0.014796709192798407,84373,83125,0.01479146172353718,89845,88469,0.015315265178919235,74917,73747,0.01561728312666022,78852,77621,0.015611525389336967,82290,78841,0.04191274759995134,77325,78139,0,84323,83388,0.011088315169052287,75740,75011,0.009625033007657824,,943020,929358,0.014487497614048439,68
SHV-HQ,PMT-618,69161,69079,0.0011856393053888414,52127,52060,0.0012853223857117735,56819,56724,0.0016719759235467313,61722,61615,0.0017335795988464575,57641,57543,0.0017001786922502538,30082,30024,0.0019280632936640174,23067,23017,0.0021675987341223113,23709,23659,0.002108903791809058,20619,20575,0.002133954119986403,27074,27014,0.002216148334195145,28367,28319,0.0016921070257693849,33424,33381,0.0012865007180469235,,483812,483010,0.001657668681223301,1
SHV-HQ,PMT-619,1138,1138,0,1166,1167,0,1025,1026,0,1163,1163,0,1197,1198,0,1240,1241,0,1189,1189,0,1207,1208,0,1277,1278,0,1278,1279,0,1276,1276,0,1127,1128,0,,14283,14291,0,1
SHV-HQ,PMT-620,25199,25194,0.00019842057224495058,24849,24846,0.00012072920439454293,21650,21645,0.00023094688221714232,17411,17407,0.00022973981965423995,21648,21643,0.0002309682187731088,20633,20630,0.00014539814859693134,20588,20586,9.714396735960307e-05,24715,24710,0.0002023062917256846,20447,20443,0.00019562772044801058,24929,24925,0.00016045569417144634,27248,27245,0.00011009982384024841,25176,25172,0.0001588814744201139,,274493,274446,0.00017122476711606271,1
SHV-HQ,PMT-621,3903,3894,0.002305918524212136,3958,3946,0.003031834259727084,4069,4062,0.001720324404030471,5203,5197,0.0011531808571977331,5124,5118,0.0011709601873536313,5900,5895,0.0008474576271186862,5013,5013,0,5554,5557,0,4560,4562,0,4018,4021,0,5222,5227,0,4872,4884,0,,57396,57376,0.0003484563384208439,1
SHV-HQ,PMT-622,1339,1341,0,1335,1336,0,1385,1386,0,1506,1507,0,1738,1907,0,0,1669,0,0,1589,0,1783,1123,0.3701626472237801,104,126,0,132,181,0,16045,16063,0,27372,27392,0,,52739,55620,0,1
SHV-HQ,PMT-623,23064,23004,0.002601456815816805,24007,23941,0.0027491981505394225,25170,25096,0.0029400079459673822,30060,29963,0.003226879574184993,25101,25021,0.003187124018963372,27099,27005,0.0034687626849698727,25131,25041,0.003581234332099781,23253,23171,0.0035264266976303693,23522,23436,0.0036561516877816613,32828,32719,0.0033203362982819895,34571,34457,0.003297561540019145,33208,33102,0.003192001927246446,,327014,325956,0.003235335490223701,1
SHV-HQ,PMT-624,103579,103587,0,86803,86811,0,84088,84094,0,96785,96793,0,101494,101502,0,104855,104863,0,22024,22026,0,3294,3299,0,3305,3300,0.001512859304084735,3153,3153,0,11128,11128,0,27048,27051,0,,647556,647607,0,1
SHV-HQ,PMT-625,1412,1413,0,1428,1428,0,1238,1238,0,1378,1378,0,1439,1440,0,1512,1512,0,1331,1331,0,1397,1397,0,1327,1327,0,1537,1538,0,1527,1528,0,1375,1375,0,,16901,16905,0,1
SHV-HQ,PMT-626,0,0,,0,0,,0,0,,0,0,,0,0,,0,0,,0,0,,0,0,,0,0,,0,0,,0,0,,0,0,,,0,0,,1
SHV-HQ,PMT-627,11434,11438,0,12866,12871,0,10601,10605,0,9200,9203,0,12323,12328,0,6975,6975,0,8182,8184,0,10901,10904,0,8706,8650,0.006432345508844528,8699,8762,0,10136,10140,0,8336,8338,0,,118359,118398,0,1
SHV-HQ,PMT-628,11083,11082,9.022827754223695e-05,7679,7678,0.00013022528975126235,7792,7790,0.0002566735112936591,9654,9651,0.0003107520198881719,8892,8890,0.0002249212775528031,9982,9976,0.0006010819475055218,9529,9526,0.00031482841851193655,9027,9025,0.00022155754957353668,9461,9459,0.00021139414438220427,9295,9293,0.00021516944593868992,9886,9883,0.0003034594375884714,8619,8617,0.0002320454809142669,,110899,110870,0.0002614992019766005,1
SHV-HQ,PMT-629,19670,19681,0,18751,18761,0,25016,25029,0,34252,34271,0,56830,56864,0,63287,63324,0,59785,59822,0,67634,67675,0,66728,66765,0,66752,66796,0,74709,74757,0,66045,66084,0,,619459,619829,0,1
SHV-HQ,PMT-63,15258,15832,0,15286,15865,0,14439,14968,0,16887,17490,0,15858,16429,0,16638,17237,0,16267,16880,0,16142,16729,0,17226,17843,0,18800,19434,0,19508,20146,0,18564,19109,0,,200873,207962,0,1
SHV-HQ,PMT-630,4428,4427,0.0002258355916892052,4652,4651,0.00021496130696474491,4883,4883,0,5042,5042,0,5524,5523,0.00018102824040555632,5400,5406,0,4405,4407,0,5034,5034,0,4065,4065,0,4557,4557,0,3424,3423,0.00029205607476634476,1526,1526,0,,52940,52944,0,1
SHV-HQ,PMT-631,1501,1501,0,1360,1360,0,1320,1319,0.0007575757575757347,1660,1660,0,1277,1277,0,981,980,0.0010193679918450993,0,0,,0,0,,0,0,,0,0,,271,271,0,883,884,0,,9253,9252,0.00010807305738680384,1
SHV-HQ,PMT-633,0,0,,0,0,,0,0,,0,0,,0,0,,0,0,,0,0,,0,0,,0,0,,0,0,,0,0,,0,0,,,0,0,,1
SHV-HQ,PMT-634,22463,22462,4.4517651248687784e-05,20323,20230,0.004576096048811706,22521,20997,0.06767017450379642,25286,12367,0.5109151309024758,27250,40134,0,27761,27738,0.0008285004142501995,26847,26822,0.000931202741460857,30279,30251,0.0009247333135176117,28914,28832,0.002835996403126484,30155,30186,0,32066,32614,0,26613,26667,0,,320478,319300,0.0036757593344940442,1
SHV-HQ,PMT-635,0,0,,0,0,,0,0,,68,66,0.02941176470588236,150,147,0.020000000000000018,186,184,0.010752688172043001,162,162,0,104,101,0.028846153846153855,40,31,0.22499999999999998,117,105,0.10256410256410253,876,850,0.029680365296803624,1675,1653,0.013134328358208935,,3378,3299,0.023386619301361766,1
SHV-HQ,PMT636,0,0,,0,0,,0,0,,0,0,,0,0,,0,0,,0,0,,0,0,,0,0,,0,0,,0,0,,0,0,,,0,0,,0
SHV-HQ,PMT-637,80615,80622,0,71322,71326,0,66760,66766,0,75788,75794,0,80955,80963,0,91317,91328,0,78114,78125,0,84354,84365,0,89071,89083,0,86926,86937,0,92249,92264,0,81379,81385,0,,978850,978958,0,1
SHV-HQ,PMT-638,26388,26383,0.0001894800666969454,24689,24688,4.050386811937923e-05,26008,26004,0.00015379883112887072,30146,30142,0.00013268758707618566,31231,31224,0.00022413627485506904,33254,33247,0.0002105009923618617,28603,28598,0.00017480683844350864,34631,34622,0.0002598827639975765,34070,34063,0.00020545934840032753,31962,31956,0.00018772292096869148,34903,34897,0.0001719049938401218,34046,34040,0.00017623215649420487,,369931,369864,0.0001811148565543652,1
SHV-HQ,PMT-639,2858,2857,0.00034989503149052137,1689,1690,0,1664,1659,0.0030048076923077094,2479,2484,0,5483,5484,0,5194,5194,0,4434,4434,0,6067,6067,0,3852,3852,0,3506,3506,0,3116,3117,0,5169,5168,0.0001934610176049789,,45511,45512,0,1
SHV-HQ,PMT64,0,0,,0,0,,0,0,,0,0,,0,0,,0,0,,0,0,,0,0,,0,0,,0,0,,0,0,,0,0,,,0,0,,0
SHV-HQ,PMT-640,0,0,,0,0,,0,0,,0,0,,0,0,,0,0,,0,0,,0,0,,0,0,,0,0,,0,0,,0,0,,,0,0,,1
SHV-HQ,PMT-641,0,0,,0,0,,0,0,,0,0,,0,0,,0,0,,0,0,,0,0,,0,0,,0,0,,0,0,,0,0,,,0,0,,1
SHV-HQ,PMT-642,43247,43232,0.0003468448678520808,34889,34876,0.00037261027831125837,39728,39713,0.00037756745871930786,46153,46136,0.00036834008623487513,48189,48171,0.00037352922866218385,42732,42716,0.00037442665917808426,37929,37915,0.00036911070684697567,46120,46104,0.0003469210754553087,43160,43144,0.0003707136237256492,49597,49580,0.0003427626670967632,53500,53483,0.000317757009345776,48384,48365,0.00039269179894174666,,533628,533435,0.00036167517446605846,1
SHV-HQ,PMT-643,8349,8344,0.0005988741166607081,7737,7735,0.00025849812588862875,6749,6749,0,9418,9416,0.00021235931195584534,8007,8008,0,8144,8155,0,7482,7499,0,8755,8765,0,7636,7648,0,7339,7345,0,8319,8325,0,7431,7428,0.0004037141703673308,,95366,95417,0,1
SHV-HQ,PMT-644,76699,76752,0,71467,71513,0,62598,62631,0,76071,76114,0,71687,71730,0,69051,69090,0,68138,68173,0,94388,94429,0,99834,99887,0,95795,95842,0,109121,109170,0,100949,100996,0,,995798,996327,0,1
SHV-HQ,PMT-645,38505,38502,7.79119594858102e-05,35618,35618,0,31986,31983,9.37910335772063e-05,11075,11076,0,1543,1543,0,14194,14191,0.00021135691137097457,5845,5845,0,2037,2038,0,1956,1956,0,780,780,0,2033,2032,0.0004918839153960075,7288,7287,0.00013721185510429112,,152860,152851,5.887740416066212e-05,1
SHV-HQ,PMT-646,77561,77576,0,71398,71411,0,67625,67639,0,93219,93242,0,92151,92172,0,95850,95875,0,76910,76928,0,87000,87022,0,90772,90788,0,86869,86897,0,96292,96310,0,88147,88176,0,,1023794,1024036,0,1
SHV-HQ,PMT-647,29823,29385,0.014686651242329707,27199,26843,0.013088716496929997,27165,26772,0.014467145223633349,33911,33364,0.01613045914305089,30720,30345,0.01220703125,37741,36948,0.021011631912243978,36908,36125,0.021214912756042037,35732,35196,0.015000559722377682,37385,36856,0.014150060184565993,33055,32546,0.01539857812736345,44503,43794,0.015931510235265067,37812,37198,0.016238231249338875,,411954,405372,0.015977512052316567,46
SHV-HQ,PMT-648,2882,2880,0.000693962526023606,2824,2822,0.0007082152974504652,2532,2529,0.0011848341232227888,2951,2950,0.0003388681802778404,2688,2686,0.0007440476190476719,3427,3425,0.0005836008170411189,3493,3491,0.0005725737188663205,4229,4225,0.0009458500827619343,4578,4573,0.001092179991262543,4568,3534,0.22635726795096323,4918,5945,0,3779,3762,0.004498544588515507,,42869,42822,0.0010963633394760475,1
SHV-HQ,PMT-649,132958,129451,0.026376750552806194,131983,128459,0.026700408385928465,136767,132434,0.03168161910402367,135698,131273,0.0326091762590458,171565,165654,0.034453414157899376,154328,148475,0.037925716655435204,145844,140281,0.038143495790022186,159191,151359,0.04919876123650202,160534,155955,0.02852355264305384,140776,135590,0.036838665681650284,163858,159449,0.026907444250509616,147701,143345,0.029492014272076705,,1781203,1721725,0.03339203897590559,185
SHV-HQ,PMT-65,101145,99705,0.014236986504523208,98164,96798,0.013915488366407214,101488,100018,0.01448447107047135,136839,134761,0.015185729214624466,134886,132518,0.017555565440446008,139854,137598,0.016131108155648,126331,124428,0.015063602757834582,136255,134216,0.014964588455469552,124503,122802,0.013662321389846022,116089,114481,0.013851441566384404,152988,150519,0.016138520668287692,128934,127000,0.014999922440938729,,1497476,1474844,0.015113430866337763,88
SHV-HQ,PMT-650,3710,3713,0,3482,3485,0,3102,3105,0,3802,3806,0,4294,4298,0,5299,5305,0,6402,6409,0,8346,8356,0,9813,9823,0,11177,11190,0,15030,15047,0,12469,12482,0,,86926,87019,0,1
SHV-HQ,PMT-651,38800,38798,5.154639175253273e-05,37796,37793,7.937347867503775e-05,39973,39973,0,45953,45954,0,46309,46311,0,45824,45826,0,42076,42076,0,42771,42772,0,39385,39385,0,41147,41148,0,41971,41971,0,36474,36472,5.483358008440131e-05,,498479,498479,0,1
SHV-HQ,PMT-653,9709,9716,0,8822,8828,0,7959,7965,0,6039,6043,0,2021,2022,0,1366,2233,0,0,3116,0,974,2756,0,3171,3177,0,4708,4715,0,6970,6981,0,7222,7229,0,,58961,64781,0,1
SHV-HQ,PMT-654,3026,3027,0,2637,2638,0,1694,1695,0,1390,1391,0,624,624,0,975,976,0,983,983,0,955,957,0,934,933,0.0010706638115631772,969,970,0,2537,2538,0,4034,4036,0,,20758,20768,0,1
SHV-HQ,PMT-655,149847,147159,0.017938297063004316,142315,139895,0.017004532199697886,149215,146275,0.019703112957812574,145875,143023,0.01955098543273348,201966,197731,0.02096887594941721,171117,167545,0.020874606263550644,151693,148812,0.018992306830242667,168999,165001,0.023656944715649164,157727,156005,0.010917598128411754,148743,145968,0.018656340130291826,177822,174261,0.020025643621149225,156777,153845,0.01870172282924154,,1922096,1885520,0.019029226427816348,112
SHV-HQ,PMT-656,89160,88815,0.0038694481830416905,94080,93609,0.005006377551020402,102000,101665,0.0032843137254902066,98880,98196,0.006917475728155376,153360,151772,0.01035472091810119,123840,122826,0.008187984496124012,110892,109663,0.01108285539083076,126122,124264,0.014731767653541783,113160,111554,0.014192294096853963,111456,109898,0.01397861039333903,126301,124294,0.015890610525648996,103214,101218,0.019338461836572507,,1352465,1337774,0.010862388305797221,98
SHV-HQ,PMT-657,0,0,,0,0,,0,0,,0,0,,0,0,,0,0,,0,0,,0,0,,0,0,,0,0,,0,0,,0,0,,,0,0,,1
SHV-HQ,PMT-658,59313,59383,0,83941,84054,0,88392,88503,0,98611,98732,0,107191,107316,0,106341,106478,0,95789,95940,0,91870,91994,0,94222,94363,0,95933,86076,0.1027487934287471,89180,99306,0,76917,77020,0,,1087700,1089165,0,1
SHV-HQ,PMT-659,50311,50307,7.950547593960078e-05,49612,49607,0.00010078206885433261,44056,44057,0,32543,32544,0,50053,50056,0,46185,46190,0,44642,44649,0,48572,48580,0,48706,48709,0,51233,51389,0,52782,52390,0.007426774279110315,50452,50253,0.003944343138032158,,569147,568731,0.0007309183743391401,1
SHV-HQ,PMT-66,226,238,0,201,210,0,168,178,0,165,170,0,156,160,0,199,22,0.8894472361809045,206,337,0,230,239,0,399,388,0.027568922305764465,356,354,0.005617977528089901,251,251,0,215,220,0,,2772,2767,0.0018037518037518074,1
SHV-HQ,PMT-661,14792,14790,0.00013520822065982152,11614,11612,0.0001722059583261215,12994,12992,0.00015391719255042347,17800,17795,0.0002808988764044784,18225,18222,0.00016460905349791055,22910,22907,0.00013094718463557697,17111,17112,0,18851,18851,0,19662,19662,0,19527,19526,5.121114354478262e-05,20542,20541,4.868075163078078e-05,20328,20326,9.838646202287027e-05,,214356,214336,9.330273003793632e-05,1
SHV-HQ,PMT-662,115487,113049,0.021110601193207845,111417,109881,0.013786047012574354,113077,110619,0.021737400178639343,137844,134692,0.022866428716520115,134150,132133,0.015035408125232963,150028,146193,0.025561895112912292,145604,142789,0.019333260075272696,152127,148516,0.023736746271207587,149813,146679,0.02091941286804211,131434,128300,0.023844667285481735,166337,162002,0.02606154974539643,152040,148527,0.023105761641673217,,1659358,1623380,0.021681879377445923,90
SHV-HQ,PMT-663,16933,16961,0,15453,15479,0,15020,15044,0,19137,19168,0,24253,24285,0,27326,27361,0,22593,22620,0,27271,27303,0,25540,25572,0,25234,25264,0,23963,24001,0,20013,20046,0,,262736,263104,0,1
SHV-HQ,PMT-664,12581,12571,0.0007948493760432385,13471,13459,0.0008908024645535306,11043,11034,0.0008149959250203231,13303,13292,0.0008268811546268129,18078,18064,0.0007744219493306392,17543,17529,0.0007980391039160706,14454,14445,0.0006226650062266526,15539,15527,0.0007722504665680363,15753,15741,0.000761759664825723,16867,16854,0.000770735756210339,19290,19275,0.0007776049766718973,16055,16043,0.0007474307069448294,,183977,183834,0.0007772710719274878,1
SHV-HQ,PMT-665,22936,22928,0.00034879665155218564,22095,22087,0.00036207286716449794,20040,20032,0.0003992015968063978,20913,21141,0,23926,23917,0.0003761598261305954,21457,21460,0,21605,23162,0,0,26480,0,0,22587,0,35447,23686,0.33179112477783734,24284,24299,0,31170,31186,0,,243873,282965,0,1
SHV-HQ,PMT-666,48359,48343,0.0003308587853346756,47626,47610,0.0003359509511611236,45755,45738,0.00037154409354167584,52507,52489,0.0003428114346658573,55562,55543,0.0003419603326013654,54855,54835,0.0003645975754261732,50124,50108,0.00031920836325916024,55826,55810,0.0002866048077956318,54333,54314,0.00034969539690432594,52849,52831,0.0003405930102745591,54115,54095,0.0003695832948350519,48073,48056,0.0003536288561146739,,619984,619772,0.00034194430824019406,1
SHV-HQ,PMT-667,61307,61314,0,61415,61429,0,56612,56612,0,65234,65241,0,69237,69243,0,76482,76492,0,66333,66343,0,67337,67348,0,69561,69570,0,67414,67424,0,70296,70307,0,68719,68730,0,,799947,800053,0,1
SHV-HQ,PMT-668,14415,14415,0,14356,14354,0.00013931457230431654,15444,15444,0,16487,16486,6.065384848663591e-05,13923,13923,0,14799,14799,0,13307,17623,0,14102,9790,0.30577223088923555,14009,14020,0,14272,14284,0,11436,11437,0,892,890,0.0022421524663677195,,157442,157465,0,1
SHV-HQ,PMT-669,0,0,,0,0,,0,0,,0,0,,0,0,,0,0,,0,0,,0,0,,0,0,,0,0,,0,0,,0,0,,,0,0,,0
SHV-HQ,PMT-67,610210,610210,0,1121320,1121330,0,659370,659360,1.5165991780086152e-05,1120200,1120200,0,1036670,1036740,0,869840,869880,0,128940,128940,0,639090,693520,0,833080,894681,0,875400,912333,0,1212350,1282246,0,1129540,1201473,0,,10236010,10530913,0,2
SHV-HQ,PMT-670,11712,11728,0,10580,10594,0,12023,12039,0,16512,16535,0,21218,21243,0,30366,30395,0,26703,26728,0,31649,31678,0,32442,32470,0,34354,34381,0,35515,35546,0,35137,35022,0.0032729032074451103,,298211,298359,0,1
SHV-HQ,PMT-671,4389,4393,0,4089,4093,0,4316,4321,0,4367,4371,0,6126,6131,0,5489,5492,0,4383,4388,0,4968,4972,0,4278,4282,0,4766,4770,0,5085,5089,0,5112,5117,0,,57368,57419,0,1
SHV-HQ,PMT-672,35643,35646,0,34628,34630,0,34787,34789,0,22867,22869,0,883,884,0,3842,3844,0,6999,7003,0,11657,11661,0,13930,13933,0,16938,16939,0,16850,16852,0,23914,23916,0,,222938,222966,0,1
SHV-HQ,PMT-675,28780,28771,0.0003127171646977178,29442,29433,0.00030568575504386075,30627,30617,0.000326509289189314,36143,36131,0.00033201449796638194,36577,36563,0.00038275418979139,34298,34286,0.0003498746282581955,27637,27629,0.00028946701885157466,32796,32785,0.0003354067569215635,32938,32928,0.00030360070435364594,38532,38520,0.00031142946122708626,39618,39606,0.0003028926245646213,34473,34462,0.00031909030255561355,,401861,401731,0.00032349493979266786,1
SHV-HQ,PMT-676,15918,15929,0,11802,11810,0,13845,13856,0,15929,15941,0,16482,16494,0,15592,15602,0,16840,16852,0,17596,17610,0,17276,17287,0,18630,18643,0,16102,16114,0,4383,4386,0,,180395,180524,0,1
SHV-HQ,PMT-677,1218,1219,0,1182,1182,0,1109,1108,0.0009017132551848439,1172,1172,0,1255,1255,0,1130,1129,0.0008849557522123686,1047,1047,0,1149,1149,0,1272,1271,0.0007861635220125507,1112,1113,0,1015,1015,0,1094,1093,0.000914076782449702,,13755,13753,0.0001454016721191831,1
SHV-HQ,PMT-679,733,731,0.0027285129604365244,811,818,0,999,1001,0,1211,1214,0,815,817,0,1579,1582,0,1654,1657,0,2305,2307,0,22372,22385,0,33414,33433,0,33125,33145,0,32100,32113,0,,131118,131203,0,1
SHV-HQ,PMT-68,175,174,0.005714285714285672,174,174,0,159,158,0.0062893081761006275,169,168,0.00591715976331364,158,158,0,153,153,0,120,119,0.008333333333333304,159,159,0,146,145,0.006849315068493178,83,82,0.012048192771084376,87,87,0,115,113,0.017391304347826098,,1698,1690,0.004711425206124886,1
SHV-HQ,PMT-680,0,0,,0,0,,0,0,,0,0,,0,0,,0,0,,0,0,,0,0,,0,0,,0,0,,0,0,,0,0,,,0,0,,1
SHV-HQ,PMT-681,40165,40204,0,48311,48360,0,53575,53631,0,63363,63437,0,58226,58291,0,53025,53085,0,48642,48700,0,56452,56520,0,54206,54270,0,53524,53588,0,52343,52404,0,50055,50098,0,,631887,632588,0,1
SHV-HQ,PMT-682,0,0,,0,0,,0,0,,0,0,,0,0,,0,0,,0,0,,0,0,,0,0,,0,0,,1312,1318,0,12551,12453,0.007808142777467886,,13863,13771,0.00663637019404173,1
SHV-HQ,PMT-683,0,0,,5,5,0,13,13,0,9,9,0,0,0,,0,0,,81,78,0.03703703703703709,509,508,0.0019646365422396617,1701,1697,0.0023515579071134995,3030,3028,0.0006600660066006236,6083,6082,0.00016439256945588454,7392,7393,0,,18823,18813,0.0005312649418265369,1
SHV-HQ,PMT-685,44526,43895,0.01417149530611328,49790,49198,0.011889937738501666,44560,44032,0.011849192100538586,48639,48049,0.012130183597524602,51730,51060,0.012951865455248401,51440,50763,0.013160964230171102,46518,45938,0.01246829184401732,51101,50430,0.013130858495919884,36434,35946,0.013394082450458367,31617,31203,0.01309422146313688,37935,37416,0.013681296955318278,35893,35379,0.01432034101356805,,530183,523309,0.012965334610879675,67
SHV-HQ,PMT-686,19380,19378,0.00010319917440659854,15986,15986,0,13842,13841,7.224389539084441e-05,15377,15376,6.503219093456636e-05,15516,15515,6.444960041251946e-05,17537,17535,0.00011404459143526946,16308,16307,6.131959774346996e-05,13954,7919,0.4324924752759065,15647,21676,0,18628,18617,0.0005905089113162898,25457,25445,0.00047138311662808796,11607,11602,0.0004307745326096457,,199239,199197,0.00021080210199808658,1
SHV-HQ,PMT-687,422,422,0,412,412,0,368,368,0,414,413,0.0024154589371980784,390,390,0,352,353,0,0,0,,0,0,,0,0,,0,0,,0,0,,0,0,,,2358,2358,0,0
SHV-HQ,PMT-688,0,0,,0,0,,0,0,,0,0,,0,0,,0,0,,0,0,,0,0,,0,0,,0,0,,0,0,,0,0,,,0,0,,1
SHV-HQ,PMT-689,1595,1595,0,1707,1709,0,8011,8006,0.0006241418050181302,14757,14749,0.0005421156061530263,27367,27354,0.0004750246647422518,22798,22791,0.0003070444775857828,18477,18471,0.00032472804026628665,21194,21185,0.0004246484854204535,18604,18598,0.00032251128789506645,22171,22161,0.000451039646384932,24052,24041,0.00045734242474637643,21005,20696,0.0147107831468698,,201738,201356,0.0018935450931406583,1
SHV-HQ,PMT69,0,0,,0,0,,0,0,,0,0,,0,0,,0,0,,0,0,,0,0,,0,0,,0,0,,0,0,,0,0,,,0,0,,0
SHV-HQ,PMT-690,37292,37283,0.0002413386249061622,36658,36649,0.0002455125756997134,34586,34577,0.00026022089862953734,42233,42222,0.000260459829990789,44559,44547,0.0002693058641352053,50027,50011,0.00031982729326163195,45055,45042,0.0002885362334924535,52441,52427,0.00026696668637138377,50204,50189,0.00029878097362756595,50795,50780,0.0002953046559700523,54420,54404,0.0002940095553105593,49467,49454,0.00026280146360202483,,547737,547585,0.00027750544513149844,1
SHV-HQ,PMT-693,18596,18610,0,22006,22023,0,16235,16248,0,13231,13244,0,15933,15946,0,13510,13520,0,12577,12591,0,13702,13715,0,10931,10943,0,10302,10311,0,11271,11280,0,9933,9941,0,,168227,168372,0,1
SHV-HQ,PMT-694,20006,20011,0,14630,14635,0,21674,21681,0,22541,22548,0,29324,29332,0,25383,25392,0,22035,22043,0,26666,26674,0,23740,23749,0,25772,25782,0,27026,27035,0,23495,23502,0,,282292,282384,0,1
SHV-HQ,PMT-698,0,0,,0,0,,0,0,,0,0,,0,0,,0,0,,0,0,,0,0,,0,0,,0,0,,0,0,,0,0,,,0,0,,0
SHV-HQ,PMT-699,0,0,,0,0,,0,0,,0,0,,0,0,,0,0,,0,0,,0,0,,0,0,,0,0,,0,0,,0,0,,,0,0,,1
SHV-HQ,PMT70,0,0,,0,0,,0,0,,0,0,,0,0,,0,0,,0,0,,0,0,,0,0,,0,0,,0,0,,0,0,,,0,0,,0
SHV-HQ,PMT-701,48219,48017,0.004189220017005724,48623,48108,0.010591695288238112,45872,45578,0.006409138472270648,52208,51883,0.0062250996015936755,51827,51501,0.006290157639840199,56115,55861,0.004526418961062095,56772,51381,0.09495878249841472,62588,67513,0,59597,59368,0.003842475292380465,57898,57714,0.0031780026943936113,67996,67723,0.004014942055414972,66780,66303,0.0071428571428571175,,674495,670950,0.005255783956886306,73
SHV-HQ,PMT-702,0,0,,260,1048,0,1058,1960,0,2150,3101,0,2497,3448,0,5066,5988,0,4658,5413,0,24106,25068,0,38326,39408,0,49370,50584,0,74493,75948,0,81400,83660,0,,283384,295626,0,1
SHV-HQ,PMT-705,14868,14867,6.725854183475821e-05,15131,15131,0,17150,17151,0,17573,17576,0,21963,21964,0,21480,21482,0,19351,19354,0,23313,23316,0,23898,23903,0,23707,23712,0,26726,26733,0,25929,25935,0,,251089,251124,0,1
SHV-HQ,PMT-706,22616,22640,0,19784,19804,0,28926,28956,0,37123,37161,0,38879,38919,0,34812,34850,0,30705,30739,0,31640,31675,0,31496,31532,0,26236,26266,0,23505,23532,0,27736,27769,0,,353458,353843,0,1
SHV-HQ,PMT-707,0,0,,0,0,,0,0,,0,0,,0,0,,0,0,,0,0,,0,0,,0,0,,0,0,,0,0,,0,0,,,0,0,,1
SHV-HQ,PMT-708,40934,42174,0,36832,38044,0,33967,35034,0,46867,48179,0,64357,65943,0,61722,63251,0,57723,59194,0,64048,65627,0,63007,70569,0,63351,58929,0.06980158166406214,67238,68878,0,67284,68511,0,,667330,684333,0,1
SHV-HQ,PMT-709,0,0,,0,0,,0,0,,0,0,,0,0,,0,0,,0,0,,0,0,,0,0,,0,0,,0,0,,0,0,,,0,0,,0
SHV-HQ,PMT71,0,0,,0,0,,0,0,,0,0,,0,207,0,0,0,,0,0,,0,0,,0,0,,0,0,,0,0,,0,0,,,0,207,0,0
SHV-HQ,PMT-71,95904,94576,0.013847180513847146,85825,84721,0.01286338479464022,92900,90971,0.02076426264800857,124093,120327,0.03034820658699522,114616,114458,0.0013785160885042558,127252,124855,0.018836639109797826,111151,109364,0.016077228275049205,120698,118724,0.01635486917761686,116798,115272,0.013065292213907731,119335,117849,0.012452340051116617,152475,150515,0.012854566322347938,130066,128460,0.012347577383789776,,1391113,1370092,0.015110921973987779,117
SHV-HQ,PMT-710,13918,13943,0,12864,12886,0,12396,12420,0,16048,16078,0,15323,15352,0,16111,16142,0,13265,13291,0,13293,13319,0,11676,11699,0,13421,13449,0,15437,15464,0,13376,13335,0.0030651913875597847,,167128,167378,0,1
SHV-HQ,PMT711,0,0,,0,0,,0,0,,0,0,,0,0,,0,0,,0,0,,0,0,,0,0,,0,0,,0,0,,0,0,,,0,0,,0
SHV-HQ,PMT-712,43621,43399,0.0050892918548405275,41653,46039,0,58885,53989,0.0831451133565424,59289,58498,0.013341429270185001,75736,75195,0.007143234393155118,65132,64546,0.008997113554013336,53014,52808,0.0038857660240690928,67938,67355,0.00858135358709411,60835,60400,0.007150489027697882,56345,55822,0.009282101339959214,64812,64480,0.005122508177498042,53419,53068,0.006570695819839378,,700679,695599,0.00725011025020017,51
SHV-HQ,PMT-714,32517,32478,0.001199372635852014,26326,26292,0.00129149889842739,26478,26444,0.0012840849006722221,35167,35126,0.0011658657263912131,34590,34548,0.001214223764093636,35290,35251,0.0011051289317086654,27737,27703,0.0012257994736273314,28872,28834,0.0013161540592961929,30505,30469,0.0011801344041960649,29932,29893,0.001302953360951542,34152,34046,0.003103771375029263,27386,27377,0.00032863506901337214,,368952,368461,0.0013307964179621878,1
SHV-HQ,PMT-715,33452,33436,0.0004782972617481951,31209,31194,0.0004806305873306105,29225,29211,0.0004790419161676551,36764,36745,0.0005168099227504941,35441,35424,0.00047967043819308053,36192,36176,0.0004420866489831532,31106,31092,0.00045007394071883144,35492,35475,0.0004789811788572518,37355,37337,0.00048186320439025376,38333,38313,0.0005217436673362608,40439,40418,0.0005193006750908724,35536,35517,0.0005346690679873811,,420544,420338,0.0004898417288083934,1
SHV-HQ,PMT-716,417950,417660,0.0006938629022610332,355620,355380,0.0006748776784207822,364170,363900,0.0007414119779224349,472530,472200,0.0006983683575646493,486410,486080,0.0006784399991776047,538090,537730,0.0006690330613837725,462350,462040,0.0006704877257488473,516220,515850,0.0007167486730463857,509360,509010,0.0006871367991204691,518940,518560,0.0007322619185262669,554940,554530,0.000738818611020986,495500,495140,0.0007265388496467962,,5692080,5688080,0.0007027308119351705,1
SHV-HQ,PMT-717,0,0,,0,0,,0,0,,0,0,,0,0,,0,0,,0,0,,0,0,,0,0,,0,0,,0,0,,0,0,,,0,0,,0
SHV-HQ,PMT-718,8416,8418,0,9420,9424,0,9226,9230,0,10778,10781,0,11056,11072,0,10211,10210,9.793360101850723e-05,9880,9877,0.00030364372469637857,10839,10844,0,10971,10979,0,12857,12857,0,13514,13520,0,12306,12311,0,,129474,129523,0,1
SHV-HQ,PMT-719,75445,75328,0.0015507985950029557,75682,75554,0.001691287228138827,73224,73050,0.0023762700753851007,83299,83047,0.0030252464015174674,88297,88022,0.003114488600971743,79678,78918,0.009538392027912401,82388,77849,0.05509297470505414,83078,84831,0,85406,78972,0.07533428564737843,81562,81503,0.0007233760819990165,84675,84613,0.0007322113965161359,77603,77544,0.0007602798860868454,,970337,959231,0.011445508106977309,1
SHV-HQ,PMT-720,0,0,,0,0,,0,0,,0,0,,0,0,,0,0,,0,0,,0,0,,0,0,,0,0,,0,0,,0,0,,,0,0,,1
SHV-HQ,PMT-721,35129,35071,0.0016510575308149589,32933,32879,0.0016396927094404212,31558,31507,0.0016160719944229296,47538,47440,0.0020615086877866506,45320,45239,0.0017872903795234096,48072,47976,0.001997004493260124,41293,41217,0.0018405056547114995,43326,43248,0.0018003046669435863,36486,36425,0.0016718741435071127,38520,39571,0,52212,50990,0.023404581322301388,46938,46844,0.0020026417827773146,,499325,498407,0.0018384819506334082,1
SHV-HQ,PMT-722,0,0,,0,0,,0,0,,0,0,,0,0,,0,0,,0,0,,0,0,,0,0,,0,0,,0,0,,0,0,,,0,0,,0
SHV-HQ,PMT-723,12000,12000,0,12132,12132,0,11638,11638,0,13837,13836,7.227000072274059e-05,13719,13719,0,15933,15933,0,15554,15557,0,17854,17851,0.00016802957320483092,19036,19035,5.253204454713778e-05,21892,21893,0,20724,20725,0,17500,17500,0,,191819,191819,0,1
SHV-HQ,PMT-724,0,0,,0,0,,0,0,,0,0,,0,0,,0,0,,0,0,,0,0,,0,0,,0,0,,0,0,,0,0,,,0,0,,1
SHV-HQ,PMT-725,10107,10316,0,7634,7440,0.025412627718103264,7855,7860,0,10204,10218,0,11219,11224,0,9741,9754,0,8631,8637,0,10671,10672,0,8770,8777,0,10782,10784,0,12677,12692,0,10659,11103,0,,118950,119477,0,1
SHV-HQ,PMT-726,0,0,,0,0,,0,0,,82,101,0,2919,2993,0,5378,5380,0,4276,4277,0,5478,5478,0,9718,9719,0,9727,9728,0,10743,10745,0,10089,10088,9.911785112504123e-05,,58410,58509,0,1
SHV-HQ,PMT-727,1281,1284,0,1216,1220,0,1141,1143,0,1116,1119,0,2411,2417,0,16794,16841,0,31900,31989,0,34024,34116,0,29301,29383,0,31992,32078,0,32520,32607,0,20527,20583,0,,204223,204780,0,1
SHV-HQ,PMT-728,38663,38713,0,31632,31685,0,34934,34988,0,48301,48383,0,50492,50582,0,50718,50805,0,42808,42879,0,51085,51174,0,49362,49451,0,46524,46599,0,51826,51904,0,49125,49368,0,,545470,546531,0,1
SHV-HQ,PMT-729,13051,13046,0.00038311240517963085,11851,11847,0.0003375242595561323,11890,11886,0.0003364171572750596,14051,14045,0.000427015870756553,14841,14836,0.0003369045212586741,14106,14100,0.00042535091450446316,12864,12859,0.0003886815920397524,14052,14047,0.0003558212354113355,11980,11975,0.0004173622704507496,13694,13688,0.00043814809405584576,14702,14697,0.00034008978370292375,14341,14335,0.00041838086604839564,,161423,161361,0.00038408405245848876,1
SHV-HQ,PMT-730,21110,21090,0.000947418285172863,18874,18862,0.0006357952739217687,16169,16161,0.0004947739501515169,17517,17508,0.0005137866072957298,30178,30152,0.000861554775001605,38436,38408,0.0007284837131855681,31704,31680,0.0007570022710068347,38893,38863,0.0007713470290283686,46739,46703,0.0007702347076317118,65234,65185,0.0007511420424931581,64306,64256,0.0007775324231020786,66086,66149,0,,455246,455017,0.0005030247382733499,1
SHV-HQ,PMT-731,45507,45498,0.0001977717713758098,34354,34348,0.00017465215113232624,33310,33306,0.00012008405884122997,36711,36704,0.00019067854321597189,37365,37357,0.0002141041081226147,37667,37659,0.00021238750099561443,31566,31561,0.00015839827662678108,32266,32258,0.00024793900700426086,30124,30117,0.00023237285885013836,35227,35218,0.00025548584892265414,38658,38647,0.00028454653629261806,38374,38420,0,,431129,431093,8.350168974946559e-05,1
SHV-HQ,PMT-732,0,0,,0,0,,0,0,,0,0,,0,0,,0,0,,0,0,,0,0,,0,0,,0,0,,0,961,0,5162,6118,0,,5162,7079,0,1
SHV-HQ,PMT-733,4108,4091,0.00413826679649465,4159,4163,0,4604,4609,0,5487,5493,0,4558,4565,0,4290,4301,0,3710,3711,0,3097,3101,0,1885,1889,0,1875,1877,0,9737,9749,0,3145,3146,0,,50655,50695,0,1
SHV-HQ,PMT-734,22962,22949,0.0005661527741486205,20990,20983,0.00033349213911382236,20763,20753,0.0004816259692722591,25848,25836,0.0004642525533889996,19850,19842,0.0004030226700252326,19420,19412,0.0004119464469618528,18468,18463,0.00027073857483217445,19564,19558,0.0003066857493355668,20167,20162,0.00024792978628451756,19935,19930,0.00025081514923497306,21956,21949,0.0003188194570959979,19615,19590,0.0012745347947998864,,249538,249427,0.00044482203111351204,1
SHV-HQ,PMT735,0,0,,0,0,,0,0,,0,0,,0,0,,0,0,,0,0,,0,0,,0,0,,0,0,,0,0,,0,0,,,0,0,,0
SHV-HQ,PMT-736,20396,20015,0.018680133359482265,19189,18991,0.010318411589973375,22639,22191,0.019788859931975766,24242,24098,0.005940103951819209,24671,24354,0.012849094078067336,23136,22847,0.01249135546334712,23502,23148,0.015062547868266551,25029,24645,0.015342203044468428,22913,22523,0.017020905163007916,22480,22234,0.010943060498220691,23872,23579,0.0122737935656837,21890,22044,0,,273959,270669,0.012009096251628937,45
SHV-HQ,PMT-737,617,621,0,667,671,0,1005,1008,0,1765,1769,0,2523,2529,0,2891,2897,0,1436,1441,0,1221,1227,0,747,756,0,697,704,0,343,345,0,515,516,0,,14427,14484,0,1
SHV-HQ,PMT-738,25184,25224,0,21444,21478,0,20992,21023,0,27731,27774,0,28277,28327,0,29868,29919,0,24288,24353,0,27589,27600,0,27763,27818,0,22677,22742,0,36548,36585,0,27776,27381,0.014220910138248888,,320137,320224,0,1
SHV-HQ,PMT-739,0,0,,0,0,,0,0,,0,0,,0,0,,0,0,,0,0,,0,0,,0,0,,0,0,,0,0,,0,0,,,0,0,,1
SHV-HQ,PMT-74,85749,84460,0.01503224527399738,82226,81030,0.014545277649405275,82462,81179,0.015558681574543431,101530,100019,0.014882300797793735,96374,94570,0.018718741569302977,89439,86791,0.029606771095383455,84728,84144,0.0068926446983287315,86250,84435,0.021043478260869608,84233,82927,0.015504612206617363,74803,73541,0.01687098111038332,94018,92548,0.015635303877980844,78435,77338,0.013986103142729633,,1040247,1022982,0.016597019746271813,21
SHV-HQ,PMT-741,24034,24029,0.00020803861196638795,22704,22699,0.00022022551092315545,26448,26440,0.0003024803387779995,24251,24243,0.0003298833037812532,33791,33780,0.00032553046669236974,29157,29148,0.00030867373186538316,27148,27138,0.00036835125976131255,26812,26804,0.00029837386244968567,24903,24896,0.0002810906316508266,25761,25753,0.00031054695081711436,29164,29155,0.0003085996433959126,25875,25869,0.0002318840579710324,,320048,319954,0.00029370594410838,1
SHV-HQ,PMT-742,126,129,0,223,228,0,349,355,0,300,306,0,303,309,0,243,249,0,244,251,0,326,332,0,493,500,0,699,705,0,1021,1026,0,657,661,0,,4984,5051,0,1
SHV-HQ,PMT-743,17534,17527,0.00039922436409256523,16924,16918,0.00035452611675723666,18908,18901,0.0003702136661730693,21385,21376,0.0004208557400047219,28101,28089,0.00042703106651009737,25835,25825,0.0003870718018191832,20860,20853,0.0003355704697987072,24629,24621,0.00032482033375291763,22076,22067,0.0004076825511868387,24626,24615,0.00044668236822875684,26104,26094,0.0003830830524057527,23944,23933,0.00045940527898424843,,270926,270819,0.00039494179222365755,1
SHV-HQ,PMT-744,0,0,,0,0,,0,0,,0,0,,0,0,,0,0,,0,0,,0,0,,0,0,,0,0,,0,0,,0,0,,,0,0,,1
SHV-HQ,PMT-745,0,0,,0,0,,0,0,,0,0,,0,0,,0,0,,0,0,,0,0,,0,0,,0,0,,0,0,,0,0,,,0,0,,1
SHV-HQ,PMT-746,3123,3111,0.003842459173871271,6381,6357,0.003761165961448043,10367,10330,0.0035690170734059556,14622,14568,0.0036930652441526934,24094,24014,0.0033203287125425085,26278,26188,0.003424918182510117,20817,20747,0.0033626363068646192,19686,19617,0.0035050289545870417,20201,20131,0.0034651749913370278,23714,23634,0.0033735346208990658,27744,27649,0.00342416378316035,21732,21661,0.0032670715994845834,,218759,218007,0.0034375728541454764,1
SHV-HQ,PMT747,0,0,,0,0,,0,0,,0,0,,0,0,,0,0,,0,0,,0,0,,0,0,,0,0,,0,0,,0,0,,,0,0,,0
SHV-HQ,PMT748,0,0,,0,0,,0,0,,0,0,,0,0,,0,0,,0,0,,0,0,,0,0,,0,0,,0,0,,0,0,,,0,0,,0
SHV-HQ,PMT-75,28959,28369,0.020373631686177007,27819,27298,0.018728207340307,26153,25677,0.018200588842580245,30817,30260,0.018074439432780642,29766,28610,0.03883625613115638,32679,32870,0,29791,29394,0.0133261723339263,28335,27833,0.01771660490559379,35718,35265,0.012682681001175866,31597,31027,0.018039687312086605,34567,34123,0.012844620591893952,27163,26967,0.007215697824246248,,363364,357693,0.015606939597758718,11
SHV-HQ,PMT-750,0,0,,0,0,,0,0,,0,0,,0,0,,0,0,,0,0,,0,0,,0,0,,0,0,,0,0,,0,0,,,0,0,,1
SHV-HQ,PMT751,0,0,,0,0,,0,0,,0,0,,0,0,,0,0,,0,0,,0,0,,0,0,,0,0,,0,0,,0,0,,,0,0,,0
SHV-HQ,PMT-752,65496,65466,0.00045804323928178015,61093,61066,0.00044194915947814994,54274,54250,0.00044220068541100943,61500,61462,0.0006178861788618262,66424,66384,0.0006021919788028463,65055,65017,0.000584121128276105,60139,60107,0.000532100633532262,62911,62872,0.0006199233838279916,55693,55663,0.0005386673370082473,61647,61620,0.00043797751715413114,64661,50846,0.21365274276611868,63750,79091,0,,742643,743844,0,1
SHV-HQ,PMT-753,402,402,0,1832,1831,0.0005458515283842669,3165,3164,0.00031595576619269927,3205,3204,0.00031201248049916863,5568,5563,0.0008979885057470716,4401,4399,0.0004544421722335601,4135,4131,0.0009673518742442377,4145,4143,0.0004825090470446103,4448,4445,0.0006744604316546443,5045,5043,0.0003964321110010438,6869,6863,0.0008734895909157103,6140,6208,0,,49355,49396,0,1
SHV-HQ,PMT-754,0,0,,0,0,,0,0,,0,0,,0,0,,0,0,,0,0,,0,0,,0,0,,0,0,,0,0,,0,0,,,0,0,,1
SHV-HQ,PMT-755,26716,26507,0.007823027399311289,31249,30961,0.009216294921437496,36184,35846,0.009341145257572459,41730,41326,0.009681284447639604,39233,38873,0.009175948818596624,39026,38678,0.008917132168298036,34015,33724,0.008555049242981005,37672,37322,0.009290719898067512,32030,31752,0.008679363097096493,34514,34397,0.0033899287245755527,37335,36772,0.01507968394268111,39124,38716,0.010428381556078059,,428828,424874,0.009220480005969756,42
SHV-HQ,PMT-756,0,0,,0,0,,0,0,,0,0,,0,0,,0,0,,0,0,,0,0,,0,0,,0,0,,0,0,,0,0,,,0,0,,0
SHV-HQ,PMT-758,0,0,,0,0,,0,0,,0,0,,0,0,,0,0,,0,0,,0,0,,0,0,,0,0,,0,0,,0,0,,,0,0,,0
SHV-HQ,PMT-759,25247,25282,0,21992,22023,0,23040,22997,0.0018663194444444864,28790,28905,0,25117,25163,0,27401,27436,0,21931,21965,0,23818,23854,0,21868,21898,0,23304,22940,0.01561963611397188,23802,24129,0,23366,0,1,,289676,266592,0.07968903188389787,1
SHV-HQ,PMT-76,57154,68769,0,58522,59758,0,64601,64011,0.009132985557499085,74017,73422,0.008038693813583353,67892,67297,0.008763919165733824,66339,65180,0.017470869322721128,56162,56346,0,60360,59450,0.015076209410205488,53428,52987,0.008254098974320612,53482,52981,0.009367637709883692,74362,73575,0.01058336247007885,65998,66030,0,,752317,759806,0,22
SHV-HQ,PMT-761,169366,166185,0.018781809808344097,164403,161409,0.018211346508275383,152191,149551,0.0173466236505444,172822,169553,0.018915415861406548,179186,175950,0.018059446608551966,175214,172073,0.01792664969694202,162425,159679,0.01690626442973675,182776,179457,0.018158839234910462,192093,183871,0.042802184358617934,181411,182499,0,210131,206141,0.018988155008066387,197444,193839,0.01825834160572115,,2139462,2100207,0.018348070683190443,96
SHV-HQ,PMT-762,34663,34772,0,33899,34010,0,33013,33121,0,33940,34052,0,34482,34602,0,34650,34766,0,30806,30901,0,34315,34264,0.0014862305114381469,32057,32216,0,30061,30259,0,31928,31881,0.001472062139814545,29006,29086,0,,392820,393930,0,4
SHV-HQ,PMT-763,0,0,,0,0,,0,0,,0,0,,0,0,,0,0,,0,0,,0,0,,0,0,,11130,11867,0,19520,20641,0,18383,19447,0,,49033,51955,0,1
SHV-HQ,PMT-764,30313,30332,0,30947,30967,0,30174,30192,0,34981,35003,0,33676,33695,0,30879,30898,0,29086,29104,0,33308,33327,0,34114,34018,0.002814093920384564,37983,38120,0,38058,38080,0,33198,32936,0.007892041689258389,,396717,396672,0.00011343098480776082,1
SHV-HQ,PMT-765,191,193,0,218,221,0,299,300,0,209,209,0,251,252,0,304,306,0,402,403,0,358,360,0,294,295,0,262,263,0,324,326,0,204,205,0,,3316,3333,0,1
SHV-HQ,PMT-766,27684,27711,0,26567,26597,0,25571,25604,0,23843,23872,0,18844,18864,0,25543,25573,0,24708,24738,0,30381,30420,0,29578,29612,0,32162,32201,0,30275,30307,0,32546,32441,0.003226202912800291,,327702,327940,0,1
SHV-HQ,PMT-767,210212,208011,0.01047038228074515,227017,222136,0.021500592466643487,223402,217829,0.02494606136023847,248341,241705,0.026721322697420113,270875,262647,0.03037563451776648,233600,227244,0.027208904109589094,210568,205197,0.02550719957448422,243899,230637,0.054374966687030235,232548,233380,0,223485,218085,0.024162695482918273,234051,228600,0.023289795813732916,213850,208874,0.023268646247369684,,2771848,2704345,0.024353066979141746,158
SHV-HQ,PMT-768,14420,14406,0.000970873786407811,10485,10477,0.000762994754411106,10042,10031,0.0010953993228440817,11042,11031,0.0009961963412424835,12088,12076,0.0009927200529450397,14069,14051,0.0012794086289004136,14487,14470,0.0011734658659487973,17306,17288,0.0010401016988327294,14051,14035,0.0011387089886840673,17006,16991,0.0008820416323650493,17995,17977,0.001000277854959708,17591,17503,0.00500255812631456,,170582,170336,0.0014421216775509782,1
SHV-HQ,PMT-77,50192,49568,0.012432260121134853,47500,46874,0.013178947368421068,51213,50342,0.017007400464725708,66221,65484,0.011129400039262438,65051,64226,0.012682356919955118,69938,69110,0.011839057450885093,58437,57875,0.009617194585622157,63953,62561,0.02176598439478994,61364,61393,0,51420,50889,0.010326721120186733,63464,62745,0.011329257531829118,55052,54438,0.011153091622466027,,703805,695505,0.011793039265137306,52
SHV-HQ,PMT-770,28017,28051,0,27783,27813,0,25859,25890,0,32340,32380,0,31608,31646,0,31976,32011,0,28041,28069,0,31815,31847,0,29679,29709,0,30982,31017,0,33193,33232,0,29879,29915,0,,361172,361580,0,1
SHV-HQ,PMT-771,24240,24237,0.00012376237623756836,22973,22970,0.00013058808166110936,24650,24646,0.00016227180527383922,22683,22680,0.00013225763787860778,25918,25912,0.00023149934408517314,25050,25047,0.00011976047904194154,24158,24154,0.00016557662058114264,27460,27455,0.00018208302986166824,23939,23935,0.0001670913571995003,25862,25857,0.00019333384889030913,26028,26023,0.00019210081450748984,25919,25914,0.00019290867703225523,,298880,298830,0.00016729122055669787,1
SHV-HQ,PMT-772,7816,7818,0,7280,7281,0,5644,5645,0,6827,6829,0,6479,6479,0,7429,7430,0,7450,7452,0,8121,8121,0,8682,8685,0,8906,8906,0,9840,9842,0,7897,7900,0,,92371,92388,0,1
SHV-HQ,PMT-773,38762,38709,0.001367318507816906,35034,34984,0.001427185020266064,37527,37477,0.001332374024036076,45135,45078,0.0012628780325689704,50671,50613,0.0011446389453533268,45296,45242,0.0011921582479689219,19448,19427,0.0010798025503907516,20437,20410,0.0013211332387336183,20274,20249,0.0012331064417480109,10517,10507,0.0009508414947227983,8946,8937,0.001006036217303774,16872,16815,0.0033783783783783994,,348919,348448,0.0013498834973160179,1
SHV-HQ,PMT-774,107986,108000,0,95725,95732,0,95630,95638,0,112216,112226,0,120109,120122,0,126269,126280,0,99100,99107,0,107795,107802,0,105639,105647,0,114520,114529,0,128991,129001,0,114455,114464,0,,1328435,1328548,0,1
SHV-HQ,PMT-775,48305,48258,0.0009729841631300751,34242,34211,0.0009053209508790294,41065,41030,0.0008523073176671669,83762,83690,0.000859578329075239,94938,94877,0.0006425245949988057,111229,111172,0.0005124562838827451,117966,117907,0.0005001441093196446,163840,163765,0.000457763671875,213815,213684,0.0006126791852769653,272150,271992,0.0005805621899687141,318694,318489,0.0006432502651446681,307877,306560,0.004277682321186749,,1807883,1805635,0.0012434432980452659,1
SHV-HQ,PMT-776,0,0,,0,0,,0,0,,0,0,,0,0,,0,0,,0,0,,0,0,,0,0,,0,0,,0,0,,0,0,,,0,0,,1
SHV-HQ,PMT-777,77451,77501,0,68937,68981,0,74720,74767,0,86901,86955,0,84188,84237,0,81621,81668,0,62231,62269,0,26230,26248,0,29321,29340,0,32147,32169,0,49094,49127,0,47169,47201,0,,720010,720463,0,1
SHV-HQ,PMT-778,0,0,,0,0,,0,0,,0,0,,0,0,,0,0,,0,0,,0,0,,0,0,,0,0,,0,0,,0,0,,,0,0,,1
SHV-HQ,PMT-779,17418,17410,0.00045929498220231846,8742,8738,0.0004575611988103523,12179,12173,0.0004926512849987574,18509,18499,0.0005402777027392336,16917,16908,0.0005320092214932126,18169,18159,0.0005503880235565584,15800,15792,0.0005063291139240089,20237,20228,0.0004447299500913715,17807,17798,0.00050541921716174,19926,19917,0.0004516711833785214,22291,22281,0.0004486115472612795,20359,20350,0.000442064934427,,208354,208253,0.0004847519126102151,1
SHV-HQ,PMT-78,115862,113567,0.01980804750479015,111019,108941,0.018717516821444957,109584,107734,0.016882026573222353,124617,122092,0.020262083022380528,119474,117079,0.020046202521050605,126519,123742,0.02194927244129341,102446,100737,0.016681959276106384,112962,110721,0.019838529771073476,116466,114127,0.020083114385314182,99936,98207,0.01730107268651937,120641,118305,0.01936323472119761,111611,109517,0.01876159159939428,,1371137,1344769,0.019230755205351446,82
SHV-HQ,PMT-780,13116,13122,0,12768,12775,0,11513,11518,0,13362,13370,0,12300,12308,0,12546,12556,0,11472,11479,0,11541,11547,0,11636,11642,0,10664,10671,0,13613,13621,0,13278,13285,0,,147809,147894,0,1
SHV-HQ,PMT-781,4825,4822,0.0006217616580310725,5173,5169,0.000773245698820757,5005,5001,0.0007992007992008165,4818,4814,0.0008302200083022404,4665,4661,0.0008574490889603492,4565,4562,0.000657174151150075,4141,4138,0.0007244626901714568,4536,4532,0.0008818342151675207,4360,4357,0.0006880733944953921,4049,4045,0.0009878982464806008,4080,4077,0.0007352941176470562,4148,4145,0.0007232401157184487,,54365,54323,0.0007725558723443715,1
SHV-HQ,PMT-782,6902,6905,0,6495,6499,0,5728,5731,0,7625,7630,0,7389,7392,0,6976,6980,0,5400,5403,0,6223,6227,0,8345,8349,0,9166,9170,0,10005,10010,0,8685,8689,0,,88939,88985,0,1
SHV-HQ,PMT-783,638,637,0.0015673981191222097,603,603,0,566,565,0.0017667844522968323,861,862,0,870,867,0.0034482758620689724,705,705,0,646,646,0,679,679,0,665,666,0,628,636,0,2442,2430,0.004914004914004955,6493,6344,0.02294778992761437,,15796,15640,0.009875917953912405,1
SHV-HQ,PMT-784,8189,8198,0,6978,6988,0,6205,6211,0,4752,4754,0,7452,7464,0,6968,6976,0,5608,5616,0,6361,6368,0,5261,5268,0,5938,5945,0,6126,6133,0,5941,5930,0.001851540144756747,,75779,75851,0,1
SHV-HQ,PMT-785,119585,118209,0.01150645984028098,110950,109540,0.012708427219468188,109916,108569,0.012254812766112289,132634,130971,0.01253826319043383,126050,124404,0.013058310194367317,127677,125972,0.013354010510898573,109343,107898,0.013215294989162518,120389,118867,0.012642351045361266,118567,117122,0.012187202172611267,105298,103966,0.012649812911926128,124724,123089,0.01310894454956546,115356,113919,0.012457089358160811,,1420489,1402526,0.012645645267228445,93
SHV-HQ,PMT-786,38127,37593,0.014005822645369426,37293,35957,0.03582441745099618,43933,43124,0.01841440375116654,50075,50581,0,54508,53862,0.01185147134365594,51542,51138,0.007838267820418299,42561,42053,0.011935809778905626,54713,54262,0.00824301354339918,52196,51556,0.012261475975170466,55440,54451,0.017839105339105377,57335,56820,0.008982297026249197,53163,52221,0.01771909034478869,,590886,583618,0.012300172960604927,123
SHV-HQ,PMT-788,0,0,,0,0,,0,0,,0,0,,0,0,,0,0,,0,0,,0,0,,0,0,,0,0,,0,0,,0,0,,,0,0,,1
SHV-HQ,PMT-789,11479,11466,0.0011325028312570984,10888,10875,0.0011939750183688203,10342,10331,0.0010636240572423628,13609,13596,0.0009552502020722109,14711,14698,0.000883692475018738,13445,13433,0.0008925251022684488,12285,12272,0.0010582010582010914,12500,12489,0.0008799999999999919,13023,13009,0.0010750211164861634,15408,15299,0.007074247144340573,17395,17476,0,15140,15110,0.0019815059445178473,,160225,160054,0.0010672491808394469,1
SHV-HQ,PMT-79,107281,103596,0.03434904596340449,101136,97761,0.0333709065021357,103698,100020,0.035468379332291855,122309,116861,0.04454291998135873,111537,128908,0,44627,70515,0,26398,26255,0.0054170770512917965,29577,28132,0.04885552963451334,28382,29464,0,30512,30330,0.005964866282118564,43051,42755,0.006875566188938698,39018,38818,0.005125839356194595,,787526,813415,0,17
SHV-HQ,PMT-790,0,0,,0,0,,0,0,,0,0,,0,0,,0,0,,0,0,,0,0,,0,0,,0,0,,0,0,,0,0,,,0,0,,1
SHV-HQ,PMT-791,985,988,0,970,972,0,1363,1365,0,4947,4953,0,9571,9577,0,8767,8774,0,11228,11235,0,10821,10828,0,12378,12381,0,18623,18623,0,19298,19301,0,29097,28780,0.01089459394439285,,128048,127777,0.0021163938523053316,1
SHV-HQ,PMT-792,15531,16132,0,16844,16245,0.035561624317264284,15644,15644,0,19044,19125,0,19538,19460,0.003992220288668191,20710,20712,0,18892,18893,0,19179,19181,0,21299,21301,0,25262,25264,0,27675,27677,0,25964,25967,0,,245582,245601,0,1
SHV-HQ,PMT-793,0,0,,0,0,,0,0,,0,0,,0,0,,0,0,,0,0,,0,0,,0,0,,0,0,,0,0,,0,0,,,0,0,,1
SHV-HQ,PMT-794,33771,33772,0,32060,32059,3.1191515907691425e-05,31088,31089,0,42519,42521,0,41800,41800,0,41110,41113,0,36164,36169,0,40020,40022,0,35007,35012,0,36427,36431,0,37741,37745,0,33287,34048,0,,440994,441781,0,1
SHV-HQ,PMT-795,18644,18651,0,19152,19159,0,19734,19750,0,22222,22222,0,21925,21934,0,20729,20737,0,18865,18880,0,21533,21536,0,19275,19282,0,20252,20259,0,20555,20563,0,22026,21920,0.0048124943248887275,,244912,244893,7.757888547721414e-05,1
SHV-HQ,PMT-796,9977,10741,0,10360,11138,0,11217,11953,0,17433,18307,0,15314,16154,0,14323,15142,0,16123,16964,0,17045,17968,0,17496,18297,0,19002,19804,0,18870,19916,0,16487,17235,0,,183647,193619,0,1
SHV-HQ,PMT-797,70130,70182,0,72238,72285,0,78428,78472,0,94723,94773,0,94899,94951,0,90026,90079,0,79863,79919,0,94558,94611,0,89715,89771,0,95206,95260,0,99009,99062,0,94339,94035,0.0032224212679803355,,1053134,1053400,0,1
SHV-HQ,PMT-798,0,0,,0,0,,0,0,,0,0,,0,0,,0,0,,0,0,,0,0,,0,0,,0,0,,0,0,,0,0,,,0,0,,1
SHV-HQ,PMT-799,7500,7502,0,6555,6554,0.00015255530129676398,6916,6917,0,7447,7447,0,7878,7881,0,5852,5852,0,6922,6925,0,7107,7110,0,7186,7190,0,7643,7648,0,8068,8073,0,8216,8222,0,,87290,87321,0,1
SHV-HQ,PMT-80,57340,57223,0.002040460411580014,63297,62757,0.00853121000995305,81282,80310,0.011958367166162276,108011,103466,0.04207904750442082,122057,124719,0,69123,67812,0.01896619070352845,61657,60540,0.01811635337431272,66823,66051,0.011552908429732223,59610,58967,0.010786780741486313,47763,44872,0.060528023784100715,55037,57584,0,56010,56360,0,,848010,840661,0.00866617138948833,32
SHV-HQ,PMT-800,17519,17547,0,14744,14755,0,14251,14261,0,15658,15662,0,17164,17174,0,18760,18771,0,14113,14122,0,20681,20701,0,14752,14757,0,16363,16378,0,17837,17856,0,17165,18003,0,,199007,199987,0,1
SHV-HQ,PMT-801,346,348,0,367,369,0,313,314,0,451,453,0,950,951,0,1873,1875,0,6193,6192,0.00016147263038912563,9508,9507,0.00010517458981906813,8230,8213,0.0020656136087484622,11295,11145,0.013280212483399723,12913,13074,0,11512,11373,0.012074357192494833,,63951,63814,0.002142265171772184,1
SHV-HQ,PMT-802,17258,17314,0,13687,13731,0,13629,13674,0,12638,12679,0,14740,14794,0,17138,17180,0,15366,15411,0,14829,14873,0,15106,15150,0,15197,15241,0,16437,16485,0,15320,15364,0,,181345,181896,0,1
SHV-HQ,PMT803,0,0,,0,0,,0,0,,0,0,,0,0,,0,0,,0,0,,0,0,,0,0,,0,0,,0,0,,0,0,,,0,0,,0
SHV-HQ,PMT806,0,0,,0,0,,0,0,,0,0,,0,0,,0,0,,0,0,,0,0,,0,0,,0,0,,0,0,,0,0,,,0,0,,0
SHV-HQ,PMT-807,8239,8238,0.000121373953149706,6562,6562,0,8133,8132,0.00012295585884669613,11307,11306,8.844078889180818e-05,11685,11685,0,12344,12343,8.101101749835582e-05,10625,10623,0.0001882352941176002,12318,12317,8.118201006657166e-05,11767,11766,8.498342823148874e-05,11628,11627,8.599931200548028e-05,12221,12220,8.18263644546402e-05,10885,10885,0,,127714,127704,7.829995145403057e-05,1
SHV-HQ,PMT-809,96290,96435,0,87920,88058,0,86840,86975,0,109004,109167,0,111035,111197,0,114123,114287,0,93402,93549,0,97078,97229,0,95041,95200,0,95597,95751,0,108611,108780,0,101600,102537,0,,1196541,1199165,0,1
SHV-HQ,PMT-81,21390,21228,0.007573632538569464,25400,25035,0.0143700787401575,24058,24100,0,27815,27675,0.005033255437713491,24793,24637,0.006292098576211047,22006,21949,0.0025902026719984983,16222,16158,0.003945259524103073,21527,21463,0.0029730106378036414,20423,20354,0.003378543798658429,22800,22671,0.005657894736842084,22188,22115,0.0032900667027221386,21319,21212,0.0050189971387025745,,269941,268597,0.004978865752145789,9
SHV-HQ,PMT-810,18364,18387,0,20535,20543,0,19958,19973,0,23991,24008,0,23277,23294,0,22750,22767,0,20658,20675,0,24771,24797,0,24619,24631,0,24021,24040,0,26170,26200,0,22842,22936,0,,271956,272251,0,1
SHV-HQ,PMT-811,24096,24104,0,22499,22510,0,20196,20201,0,24200,24204,0,24860,24865,0,24985,24989,0,23094,23101,0,25678,25684,0,24678,24684,0,26054,26060,0,29908,29923,0,27897,27981,0,,298145,298306,0,1
SHV-HQ,PMT-812,5132,5145,0,7035,7049,0,8072,8087,0,7312,7326,0,8737,8751,0,9661,9676,0,8272,8283,0,11227,11245,0,8567,8580,0,8377,8390,0,7420,7432,0,8184,8137,0.005742913000977512,,97996,98101,0,1
SHV-HQ,PMT-814,3729,3727,0.0005363368195226981,3951,3949,0.0005062009617817775,3057,3056,0.0003271180896303738,3866,3864,0.0005173305742369738,5013,5009,0.000797925393975718,5872,5870,0.00034059945504083533,5083,5082,0.0001967342120794413,6303,6303,0,5457,5455,0.0003665017408832627,4763,4762,0.00020995171110649302,4481,4481,0,3910,3896,0.00358056265984652,,55485,55454,0.0005587095611426784,1
SHV-HQ,PMT-815,356,357,0,378,377,0.002645502645502673,348,349,0,1139,1139,0,1531,1530,0.0006531678641410466,1394,1393,0.0007173601147776321,1148,1148,0,1143,1142,0.0008748906386701893,1272,1271,0.0007861635220125507,1714,1714,0,1957,1956,0.0005109862033725321,1758,1754,0.0022753128555176305,,14138,14130,0.0005658508982883115,1
SHV-HQ,PMT-816,0,0,,0,0,,0,0,,0,0,,0,0,,0,0,,0,0,,0,0,,0,0,,0,0,,0,0,,0,0,,,0,0,,1
SHV-HQ,PMT818,0,0,,0,0,,0,0,,0,0,,0,0,,0,0,,0,0,,0,0,,0,0,,0,0,,0,0,,0,0,,,0,0,,0
SHV-HQ,PMT-819,49462,49439,0.00046500343698197,39842,39811,0.0007780733898901104,32012,32061,0,39448,39350,0.002484283106874874,45594,45569,0.000548317761108863,36269,36245,0.0006617221318481192,20310,20295,0.0007385524372230945,25827,25807,0.0007743833972199132,24641,24622,0.0007710726025729198,25986,25964,0.000846609712922386,31342,31318,0.0007657456448216804,35460,35259,0.005668358714044031,,406193,405740,0.0011152333989015162,1
SHV-HQ,PMT-82,4200,4043,0.037380952380952404,4320,4314,0.001388888888888884,4200,4236,0,4920,4826,0.019105691056910623,4920,4855,0.013211382113821113,5421,5386,0.006456373362848211,4414,4380,0.0077027639329406705,5729,5684,0.007854773957060579,5567,5514,0.009520388000718527,5862,5794,0.011600136472193823,6220,6170,0.008038585209003246,5581,5534,0.008421429851281137,,61354,60736,0.010072692896958668,21
SHV-HQ,PMT-820,0,0,,0,0,,0,0,,0,0,,0,0,,0,0,,0,0,,0,0,,0,0,,0,0,,0,0,,0,0,,,0,0,,0
SHV-HQ,PMT-821,146425,143300,0.021341983950828092,127659,125072,0.020264924525493666,128120,125567,0.01992663128317207,158040,154449,0.0227220956719818,151077,147742,0.022074836010775978,156608,153148,0.022093379648549294,137488,134871,0.01903438845571981,153744,150584,0.020553647622021054,149639,146680,0.019774256711151517,140690,137511,0.022595777951524676,162928,159003,0.024090395757635275,154562,151300,0.021104799368538152,,1766980,1729227,0.02136583322957819,96
SHV-HQ,PMT-822,8433,8447,0,7341,7355,0,6551,6563,0,9605,9621,0,9695,9708,0,13475,13492,0,22212,22234,0,23913,23938,0,26894,26909,0,31627,31681,0,22931,22911,0.000872181762679336,13544,13603,0,,196221,196462,0,1
SHV-HQ,PMT-823,30781,30795,0,18399,18411,0,19906,19917,0,29314,29352,0,21796,21792,0.0001835199119104569,14311,14329,0,13824,13827,0,11316,11329,0,8061,8070,0,12143,12153,0,13810,13820,0,15263,15263,0,,208924,209058,0,1
SHV-HQ,PMT824,0,0,,0,0,,0,0,,0,0,,0,0,,0,0,,0,0,,0,0,,0,0,,0,0,,0,0,,0,0,,,0,0,,0
SHV-HQ,PMT-825,55003,54895,0.0019635292620402423,56109,55270,0.01495303783706714,54221,53479,0.01368473469688869,65464,64545,0.014038250030551147,71324,70290,0.014497223935842074,58923,58060,0.01464623321962566,57149,56322,0.014470944373479844,65020,64095,0.014226391879421763,68212,66781,0.020978713422858175,71402,71284,0.0016526147726954044,79090,78228,0.010898975850297088,75044,73710,0.01777623794040828,,776961,766959,0.012873233019418007,55
SHV-HQ,PMT-826,15876,15889,0,14984,14994,0,13333,13346,0,15848,15862,0,16737,16755,0,14617,14640,0,15118,15137,0,18549,18568,0,17049,17066,0,17218,17235,0,18452,18471,0,18299,18201,0.005355483906224423,,196080,196164,0,1
SHV-HQ,PMT-827,15509,15512,0,15793,15797,0,14258,14263,0,16006,16014,0,25467,25470,0,21135,21140,0,29451,19456,0.3393772707208583,13714,23722,0,20901,20908,0,22286,22290,0,21934,21941,0,21370,21376,0,,237824,237889,0,1
SHV-HQ,PMT-828,124036,119325,0.037980908768422084,117014,112420,0.03926025945613343,117496,112630,0.04141417580172946,117416,112517,0.041723444845676916,154240,147716,0.04229771784232361,141930,133580,0.058831818502078526,138977,135711,0.023500291415126218,146656,140364,0.04290312022692555,143298,137310,0.0417870451785789,126097,121170,0.039073094522470764,157020,150314,0.04270793529486694,135253,130377,0.036050956355866415,,1619433,1553434,0.04075438749241245,455
SHV-HQ,PMT-83,14944,14899,0.00301124197002145,15400,15253,0.009545454545454524,13828,13696,0.009545849002024931,17927,17750,0.009873375355608838,18257,18062,0.010680834748315715,23139,22891,0.010717835688664135,21645,21448,0.009101409101409108,23125,22900,0.009729729729729741,25576,25349,0.00887550828902095,25701,25423,0.010816699739309765,27930,27648,0.010096670247046191,23615,23360,0.010798221469405012,,251087,248679,0.009590301369644783,39
SHV-HQ,PMT830,0,0,,0,0,,0,0,,0,0,,0,0,,0,0,,0,0,,0,0,,0,0,,0,0,,0,0,,0,0,,,0,0,,0
SHV-HQ,PMT-831,4028,4065,0,2795,2806,0,2062,2019,0.020853540252182334,2419,2492,0,1817,1857,0,2392,2428,0,2184,2222,0,2501,2539,0,2652,2671,0,3134,3120,0.00446713465220161,5246,5190,0.010674799847502858,3657,3617,0.010937927262783753,,34887,35026,0,10
SHV-HQ,PMT-832,0,0,,0,0,,0,0,,0,0,,0,0,,0,0,,0,0,,0,0,,0,0,,0,0,,0,0,,0,0,,,0,0,,1
SHV-HQ,PMT-833,64320,63603,0.011147388059701502,58320,57706,0.010528120713305889,54320,53750,0.010493372606774631,74720,73860,0.0115096359743041,83840,82884,0.01140267175572518,87064,85030,0.023362124414224028,69430,68088,0.01932882039464212,72086,71265,0.011389174042116368,65570,64625,0.014412078694524988,60843,59971,0.014331969166543446,68872,67762,0.016116854454640506,64477,63363,0.017277478790886702,,823862,811907,0.014510925373424244,109
SHV-HQ,PMT-834,1268,1288,0,1794,1798,0,1625,1625,0,1897,1897,0,2016,2014,0.0009920634920634885,2022,2023,0,1977,1976,0.0005058168942843055,2248,2246,0.000889679715302516,2290,2294,0,2152,2133,0.008828996282527868,2596,2603,0,2213,2199,0.006326253953908734,,24098,24096,8.299443937254125e-05,1
SHV-HQ,PMT-835,0,0,,0,0,,0,0,,0,0,,0,0,,0,0,,0,0,,0,0,,0,0,,0,0,,0,0,,0,0,,,0,0,,1
SHV-HQ,PMT-836,20328,20393,0,20540,20608,0,15510,15537,0,13567,13580,0,17211,17054,0.009122073092789451,13955,14116,0,16482,16499,0,24135,24084,0.002113113735239258,24456,17914,0.26750081779522406,22248,19793,0.11034699748291976,27202,33085,0,23931,23946,0,,239565,236609,0.012339031160645386,21
SHV-HQ,PMT-837,7479,7483,0,8920,8927,0,7973,7979,0,7845,7850,0,9076,9084,0,6647,6652,0,7049,7053,0,9513,9520,0,9787,9793,0,11527,11535,0,12101,12108,0,10597,10603,0,,108514,108587,0,1
SHV-HQ,PMT-838,36136,36155,0,34201,34130,0.0020759626911494022,34107,34215,0,41887,41906,0,42352,42371,0,43398,43408,0,37082,37101,0,38604,38621,0,37491,37504,0,37897,37911,0,43308,43326,0,40053,40153,0,,466516,466801,0,1
SHV-HQ,PMT-839,92620,91432,0.01282660332541563,94434,93227,0.012781413473960668,92849,91696,0.01241801204105586,107035,105638,0.013051805484187384,106921,105488,0.013402418608131184,115249,113712,0.013336341313156752,97082,95662,0.014626810325292006,108875,107501,0.012619977037887531,101230,99737,0.014748592314531295,94144,92891,0.013309398368456793,109531,107793,0.01586765390620004,101101,99578,0.015064143777015038,,1221071,1204355,0.0136896216518122,96
SHV-HQ,PMT-84,31073,30660,0.013291281820229761,31616,31199,0.013189524291498,30701,30298,0.013126608253802852,34685,34213,0.013608187977511843,33396,32918,0.014313091388190258,36764,36801,0,39531,38024,0.038121980218056684,37507,36830,0.018049964006718766,38403,37398,0.026169830481993617,34746,34395,0.010101882231048132,40728,39939,0.019372421921037164,32176,31601,0.017870462456489267,,421326,414276,0.016732886173651762,78
SHV-HQ,PMT841,0,0,,0,0,,0,0,,0,0,,0,0,,0,0,,0,0,,0,0,,0,0,,0,0,,0,0,,0,0,,,0,0,,0
SHV-HQ,PMT-842,0,0,,0,0,,0,0,,0,0,,0,0,,0,0,,0,0,,0,0,,0,0,,0,0,,0,0,,0,0,,,0,0,,1
SHV-HQ,PMT-843,87652,87684,0,82497,82561,0,79968,79314,0.008178271308523444,98342,98525,0,98466,97716,0.007616842361830467,110916,110012,0.008150311947780264,100904,100014,0.00882026480615239,113624,112746,0.007727240723790718,108185,107214,0.008975366270739915,91784,90788,0.010851564542839753,107389,106363,0.009554051159802235,101050,100217,0.00824344383968334,,1180777,1173154,0.006455918433370567,43
SHV-HQ,PMT-844,46027,45909,0.0025637126034718793,48488,48358,0.0026810757300775867,42708,42595,0.0026458743092628856,51226,51091,0.0026353804708546535,47819,47691,0.002676760283569335,56794,56635,0.0027995915061450605,44479,44355,0.002787832460262152,61550,61379,0.002778229082047168,53081,52932,0.002807030764303664,60579,60407,0.002839267733042772,66680,66295,0.005773845230953811,55707,55848,0,,635138,633495,0.002586839395532947,1
SHV-HQ,PMT-845,6114,6109,0.000817795224075879,6174,6171,0.0004859086491739717,5355,5350,0.0009337068160597539,4330,4324,0.0013856812933025209,8460,8453,0.0008274231678486732,6433,6428,0.0007772423441628762,5746,5742,0.0006961364427428007,6366,6361,0.0007854225573358242,6462,6457,0.0007737542556484067,4973,4969,0.0008043434546551875,6575,6570,0.0007604562737643095,6130,6126,0.0006525285481240317,,73118,73060,0.0007932383270877752,1
SHV-HQ,PMT-846,35252,35251,2.836718484056089e-05,38441,38440,2.601389141798638e-05,49636,49635,2.0146667741194335e-05,53041,53038,5.6560019607521106e-05,60451,60447,6.616929413905126e-05,56239,56236,5.3343765002988874e-05,57690,57686,6.93361067776177e-05,85251,85247,4.692027072994431e-05,78348,78343,6.381783836217902e-05,89541,89536,5.584034129613169e-05,90434,90428,6.634672800054364e-05,82749,82747,2.4169476368296472e-05,,777073,777034,5.018833494407904e-05,1
SHV-HQ,PMT-847,18187,18161,0.0014295925661186315,17594,17559,0.001989314539047382,16931,16918,0.0007678223377236559,20046,20002,0.002194951611294016,18906,18889,0.0008991854437744307,19258,19231,0.0014020147471180966,18141,18100,0.0022600738658288266,20158,20152,0.0002976485762475889,19440,19415,0.001286008230452662,19908,19877,0.0015571629495679806,22517,22482,0.0015543811342541014,18378,18354,0.0013059092393078453,,229464,229140,0.0014119861939128064,1
SHV-HQ,PMT-848,958,951,0.007306889352818424,977,973,0.004094165813715467,877,874,0.0034207525655644,1033,1030,0.0029041626331074433,972,969,0.0030864197530864335,1020,1023,0,976,966,0.010245901639344246,1013,1009,0.0039486673247778326,1028,1025,0.0029182879377431803,1013,1011,0.001974333662388972,1066,1061,0.004690431519699834,985,1000,0,,11918,11892,0.0021815740896123925,1
SHV-HQ,PMT-849,75,208,0,132,79,0.4015151515151515,18,56,0,158,200,0,3089,3144,0,20255,20306,0,21131,21181,0,23241,23294,0,19421,19464,0,21433,21451,0,23982,24066,0,19601,19638,0,,152536,153087,0,1
SHV-HQ,PMT-85,23276,23389,0,23871,23984,0,24285,24395,0,22674,22786,0,22375,22482,0,23318,23428,0,21372,21472,0,25438,25549,0,18315,18374,0,21810,21881,0,20444,20531,0,20835,20924,0,,268013,269195,0,2
SHV-HQ,PMT-850,809,809,0,649,648,0.0015408320493066618,677,677,0,694,694,0,1287,1285,0.0015540015540015384,2485,2484,0.0004024144869215762,2348,2346,0.0008517887563883608,5081,5077,0.0007872466049990701,7954,7949,0.0006286145335679949,21699,21684,0.0006912760956726549,27803,27787,0.0005754774664604723,28701,28683,0.0006271558482282558,,100187,100123,0.0006388054338387628,1
SHV-HQ,PMT-852,162996,157444,0.034062185575106096,157523,152005,0.03502980517130827,147746,141720,0.04078621417838724,196957,189341,0.038668338774453304,188251,180336,0.04204492937620519,192813,184194,0.04470134275178539,170731,164040,0.03919030521697875,202142,193196,0.044256018046719636,178260,171127,0.04001458543700209,174504,167320,0.041168110759638776,191326,184103,0.03775231803309531,191235,182879,0.043694930321332426,,2154484,2067705,0.04027832186268265,285
SHV-HQ,PMT-853,25918,25972,0,22443,22488,0,21082,21127,0,26954,27013,0,24242,24293,0,20640,20684,0,18740,18783,0,28499,28569,0,24601,24657,0,24919,24977,0,29094,29167,0,25604,25663,0,,292736,293393,0,1
SHV-HQ,PMT-854,7208,7208,0,6561,6563,0,6440,6441,0,6079,6080,0,9052,9055,0,7602,7606,0,8413,8416,0,10185,10189,0,8800,8802,0,8767,8770,0,9495,9498,0,8466,8467,0,,97068,97095,0,1
SHV-HQ,PMT-855,3125,3124,0.00031999999999998696,4722,4710,0.0025412960609910717,4224,4216,0.0018939393939394478,4606,4595,0.0023881893182805536,6397,6385,0.0018758793184304734,6391,6376,0.002347050539821649,7016,6999,0.00242303306727476,8452,8289,0.019285376242309527,8293,8329,0,9080,9131,0,14143,14267,0,51489,50011,0.028705160325506407,,127938,126432,0.011771326736387921,1
SHV-HQ,PMT-856,218,217,0.004587155963302725,182,180,0.01098901098901095,341,340,0.0029325513196480912,145,143,0.01379310344827589,163,162,0.006134969325153339,124,121,0.024193548387096753,411,410,0.0024330900243308973,158,157,0.006329113924050667,6991,0,1,12654,19637,0,14469,14450,0.0013131522565484888,12888,12789,0.007681564245810013,,48744,48606,0.0028311176760216217,1
SHV-HQ,PMT-857,129,128,0.007751937984496138,175,176,0,150,150,0,145,146,0,146,147,0,255,258,0,251,252,0,389,388,0.0025706940874036244,485,487,0,453,453,0,548,550,0,425,427,0,,3551,3562,0,1
SHV-HQ,PMT-858,0,0,,0,0,,0,0,,0,0,,0,0,,0,0,,0,0,,0,0,,0,0,,0,0,,0,0,,0,0,,,0,0,,0
SHV-HQ,PMT-86,5194,5184,0.0019252984212553281,5004,4991,0.002597921662669811,4934,4924,0.0020267531414673856,5274,5263,0.0020857034508912076,5123,5111,0.0023423775131758973,5177,5162,0.002897430944562518,4954,4943,0.002220427937020597,5529,5515,0.002532103454512602,4998,4985,0.002601040416166489,5331,5321,0.001875820671543793,5476,5462,0.0025566106647187947,5130,5038,0.017933723196881135,,62124,61899,0.003621788680703064,4
SHV-HQ,PMT-860,22134,22194,0,19720,19771,0,19775,19827,0,25121,25191,0,27790,27861,0,32161,32242,0,26448,26520,0,28675,28749,0,24762,24827,0,24792,24859,0,28700,28779,0,23588,23709,0,,303666,304529,0,1
SHV-HQ,PMT-862,7581,7580,0.0001319087191663515,10345,10346,0,12206,12207,0,14050,14049,7.117437722414799e-05,14331,14331,0,13093,13094,0,11477,11476,8.713078330568891e-05,12380,12380,0,12519,12519,0,13792,13793,0,13138,13138,0,12848,12849,0,,147760,147762,0,1
SHV-HQ,PMT-863,0,0,,0,0,,0,0,,0,0,,0,0,,0,0,,0,0,,0,0,,0,0,,0,0,,0,0,,0,0,,,0,0,,1
SHV-HQ,PMT-864,3482,3484,0,3129,3128,0.0003195909236177741,2946,2947,0,3194,3194,0,2819,2819,0,3435,3434,0.00029112081513826826,2284,2285,0,2310,2310,0,2322,2322,0,2523,2524,0,2884,2884,0,3017,3017,0,,34345,34348,0,1
SHV-HQ,PMT-865,10191,10279,0,9531,9458,0.007659217290945319,9753,9761,0,11489,11501,0,12515,12527,0,12863,12876,0,10525,10535,0,12346,12358,0,12058,12069,0,11163,11174,0,13134,13145,0,11957,11985,0,,137525,137668,0,1
SHV-HQ,PMT-866,104851,102893,0.018674118511029958,92892,91355,0.016546096542221056,73632,99599,0,83941,105458,0,104145,104648,0,100230,98592,0.01634241245136192,93418,91391,0.021698173799481912,108016,106537,0.013692415938379554,99040,97364,0.01692245557350569,93757,92123,0.01742803204027432,105810,103881,0.01823079104054437,97975,96286,0.017239091605001255,,1157707,1190127,0,75
SHV-HQ,PMT-867,15699,15673,0.001656156443085588,14971,14944,0.0018034867410327005,16188,16164,0.001482579688658281,17804,17775,0.0016288474500112393,18059,18030,0.0016058474998615901,17177,17149,0.0016300867439017486,17567,17522,0.0025616212216087453,20169,20131,0.0018840795279885247,19601,19560,0.0020917300137748285,22320,22274,0.002060931899641627,21187,21145,0.0019823476660215666,21032,20835,0.009366679345758855,,221774,221202,0.0025792022509401047,1
SHV-HQ,PMT-868,714,716,0,1184,1185,0,1045,1046,0,1036,1037,0,1404,1406,0,1877,1880,0,1533,1537,0,2722,2723,0,6633,6636,0,6458,6461,0,6333,6336,0,6178,6182,0,,37117,37145,0,1
SHV-HQ,PMT-869,9609,9610,0,7727,7727,0,7728,7729,0,5989,5990,0,6347,6348,0,4983,4983,0,4820,4821,0,6470,6472,0,5000,4999,0.00019999999999997797,5896,5897,0,6720,6721,0,7143,7144,0,,78432,78441,0,1
SHV-HQ,PMT-87,969,958,0.011351909184726505,1011,1003,0.007912957467853587,926,919,0.0075593952483801186,1028,1020,0.0077821011673151474,1047,1039,0.0076408787010505685,1046,1036,0.009560229445506718,955,947,0.008376963350785305,957,948,0.009404388714733591,984,974,0.010162601626016232,941,928,0.01381509032943673,1058,1042,0.015122873345935761,1042,1030,0.01151631477927062,,11964,11844,0.010030090270812475,10
SHV-HQ,PMT-870,4651,4651,0,3646,3646,0,2785,2786,0,3623,3625,0,5810,5811,0,5123,5124,0,5655,5657,0,7395,7397,0,6585,6587,0,6513,6516,0,6898,6901,0,6646,6648,0,,65330,65349,0,1
SHV-HQ,PMT-871,7003,7005,0,6429,6431,0,6734,6736,0,6871,6873,0,6402,6404,0,7001,7002,0,5755,5756,0,6578,6580,0,6480,6481,0,6107,6108,0,6618,6619,0,5964,5966,0,,77942,77961,0,1
SHV-HQ,PMT-872,25031,25029,7.990092285570238e-05,17199,17199,0,18002,18000,0.00011109876680370778,28924,28922,6.914672935964816e-05,45320,45314,0.00013239187996472168,47948,47943,0.00010427963627257508,42447,42442,0.00011779395481426036,46346,46335,0.0002373451862081044,48726,48717,0.00018470631695599593,54865,54857,0.0001458124487377921,59224,59214,0.000168850466027326,57911,57903,0.00013814301255377082,,491943,491875,0.00013822739626334624,1
SHV-HQ,PMT-873,11867,11866,8.42672958625279e-05,11301,11302,0,9709,9708,0.00010299721907514048,10366,10366,0,11114,11114,0,10057,10058,0,9848,9848,0,11290,11290,0,10453,10454,0,12253,12254,0,13943,13944,0,12107,12109,0,,134308,134313,0,1
SHV-HQ,PMT874,0,0,,0,0,,0,0,,0,0,,0,0,,0,0,,0,0,,0,0,,0,0,,0,0,,0,0,,0,0,,,0,0,,0
SHV-HQ,PMT-875,5105,5105,0,8548,8548,0,10915,10915,0,18483,18481,0.00010820754206564143,20732,20732,0,30156,30159,0,24710,24710,0,27300,27300,0,33062,33065,0,36738,36741,0,41611,41613,0,30900,30839,0.001974110032362475,,288260,288208,0.00018039270103376026,1
SHV-HQ,PMT-876,1040,1039,0.0009615384615384581,785,783,0.002547770700636942,702,702,0,806,804,0.002481389578163795,837,837,0,842,840,0.002375296912114022,746,745,0.0013404825737265424,807,806,0.0012391573729864103,749,748,0.001335113484646211,808,806,0.0024752475247524774,1163,1162,0.0008598452278589797,1329,1307,0.016553799849510886,,10614,10579,0.0032975315620877854,1
SHV-HQ,PMT-877,0,0,,0,0,,0,0,,0,0,,0,0,,0,0,,0,0,,0,0,,0,0,,0,0,,0,0,,0,0,,,0,0,,1
SHV-HQ,PMT-878,0,0,,0,0,,0,0,,0,0,,0,0,,0,0,,0,0,,0,0,,0,0,,0,0,,0,0,,0,0,,,0,0,,1
SHV-HQ,PMT-879,6424,6425,0,5084,5086,0,5325,5327,0,5309,5312,0,5310,5312,0,5957,5960,0,6559,6561,0,6975,6978,0,6006,6008,0,6427,6430,0,6987,6990,0,5969,5972,0,,72332,72361,0,1
SHV-HQ,PMT88,0,0,,0,0,,0,0,,0,0,,0,0,,0,0,,0,0,,0,0,,0,0,,0,0,,0,0,,0,0,,,0,0,,0
SHV-HQ,PMT-880,65569,65529,0.0006100443807286471,69952,69914,0.0005432296431838735,66424,66390,0.0005118631819823749,72351,72315,0.0004975743251648401,72102,72065,0.0005131619095171125,68932,68897,0.0005077467649277079,62801,62765,0.0005732392796292674,68334,68298,0.0005268241285451003,68287,68248,0.000571118953827221,61664,61630,0.000551375194603021,66732,66691,0.000614397890067786,53696,53668,0.0005214541120381888,,796844,796410,0.000544648638880374,1
SHV-HQ,PMT-881,0,0,,0,0,,0,0,,0,0,,0,0,,0,0,,0,0,,0,0,,0,0,,0,0,,0,0,,0,0,,,0,0,,1
SHV-HQ,PMT-883,7314,7316,0,5494,5496,0,5564,5565,0,7489,7490,0,8333,8335,0,8018,8019,0,5821,5823,0,8546,8548,0,9114,9116,0,8320,8321,0,10919,10920,0,8282,8239,0.0051919826128954405,,93214,93188,0.0002789280580169917,1
SHV-HQ,PMT-884,0,0,,0,0,,0,0,,0,0,,0,0,,0,0,,0,0,,0,0,,0,0,,0,0,,0,0,,0,0,,,0,0,,1
SHV-HQ,PMT-885,15624,15623,6.40040962621713e-05,15428,15426,0.00012963443090485693,16241,16239,0.0001231451265316652,20446,20445,4.8909322116763576e-05,18982,18979,0.00015804446317568832,20206,20206,0,18337,18335,0.00010906909527186315,17816,17813,0.00016838796587337335,17735,17732,0.00016915703411335414,18400,18397,0.0001630434782609047,19285,19280,0.00025926886180971387,16003,16001,0.00012497656689369752,,214503,214476,0.0001258723654214977,1
SHV-HQ,PMT-887,105254,103779,0.014013719193569862,89145,87823,0.014829771720231033,91612,91190,0.004606383443217066,113439,110986,0.021623956487627716,108219,106904,0.012151285818571611,115778,114371,0.01215256784535923,102827,101067,0.017116127087243638,114059,112905,0.010117570730937442,119438,117698,0.01456822786717793,113517,111992,0.013434111190394393,127615,125567,0.016048270187673852,119794,118116,0.014007379334524228,,1320697,1302398,0.013855562630944118,127
SHV-HQ,PMT-888,28989,28993,0,31313,31315,0,26856,26858,0,27519,27524,0,25011,25017,0,28687,28702,0,34421,34447,0,27347,27367,0,16789,16805,0,0,0,,0,0,,0,0,,,246932,247028,0,0
SHV-HQ,PMT-889,63375,63126,0.003928994082840198,62483,61810,0.010770929692876408,64064,63562,0.007835914085914109,70654,70114,0.007642879384040513,74133,73497,0.008579175266075878,68790,68227,0.00818432911760425,63243,62597,0.010214569201334567,76498,75972,0.0068759967580851455,74989,67434,0.10074810972275938,69686,75933,0,79266,78494,0.00973935861529529,74891,74229,0.00883951342617939,,842072,834995,0.008404269468644032,63
SHV-HQ,PMT-89,62128,60877,0.020135848570692727,58130,57019,0.019112334422845323,63686,62365,0.020742392362528617,68470,67062,0.02056375054768511,71841,70305,0.021380548711738445,65113,63922,0.01829127823936849,62402,61119,0.020560238453895763,78131,76359,0.022679858186891222,78588,76662,0.024507558405863494,92433,89974,0.026603053022189016,93311,90839,0.026492053455648312,80174,75455,0.058859480629630534,,874407,851958,0.02567339922942058,155
SHV-HQ,PMT-890,37597,37645,0,33317,33367,0,29986,30032,0,32888,32947,0,32302,32364,0,33614,33680,0,33195,33260,0,35256,35322,0,36694,36759,0,39027,39102,0,38708,38776,0,34585,35529,0,,417169,418783,0,1
SHV-HQ,PMT-891,1826,1823,0.0016429353778751876,1962,1957,0.0025484199796126372,958,964,0,1636,1641,0,1922,1924,0,2046,2044,0.0009775171065493637,2363,2363,0,2044,2043,0.0004892367906066397,1715,1712,0.001749271137026276,1638,1637,0.0006105006105006083,1904,1901,0.0015756302521008347,1295,1329,0,,21309,21338,0,1
SHV-HQ,PMT-892,56770,56794,0,57361,57384,0,55281,55302,0,70848,70876,0,79041,79069,0,76205,76223,0,68426,68435,0,80166,80174,0,79327,79339,0,81369,81113,0.0031461613145055134,99345,99551,0,91267,91355,0,,895406,895615,0,1
SHV-HQ,PMT-893,30,31,0,6,6,0,3,3,0,10,10,0,17,18,0,41,42,0,133,133,0,133,133,0,102,103,0,403,405,0,336,336,0,289,291,0,,1503,1511,0,1
SHV-HQ,PMT-895,862,862,0,796,794,0.002512562814070307,751,750,0.0013315579227696217,853,852,0.0011723329425556983,821,821,0,880,879,0.001136363636363602,793,792,0.0012610340479193294,889,831,0.06524184476940387,808,864,0,871,870,0.0011481056257175437,943,942,0.0010604453870625141,868,862,0.00691244239631339,,10135,10119,0.0015786877158362467,1
SHV-HQ,PMT-896,75943,75966,0,71208,71225,0,63583,63603,0,90132,90161,0,82665,82693,0,83080,83110,0,76042,76070,0,81617,81649,0,81174,81204,0,81936,81967,0,85280,85312,0,74324,74350,0,,946984,947310,0,1
SHV-HQ,PMT-897,0,0,,0,0,,0,0,,0,0,,0,0,,0,0,,0,0,,0,0,,0,0,,0,0,,0,0,,0,0,,,0,0,,0
SHV-HQ,PMT-898,0,0,,0,0,,0,0,,0,0,,0,0,,0,0,,0,0,,0,0,,0,0,,0,0,,0,0,,0,0,,,0,0,,1
SHV-HQ,PMT-899,40000,39963,0.0009249999999999536,35409,35362,0.0013273461549323518,35186,35146,0.001136815779003042,41010,40971,0.0009509875640087984,47991,47940,0.0010626992561104665,49350,49301,0.0009929078014184745,44298,44254,0.0009932728339879793,50047,50004,0.0008591923591824147,41009,40971,0.0009266258626154933,47591,47403,0.003950326742451327,51880,51961,0,44879,44696,0.004077630963256751,,528650,527972,0.0012825120590183037,1
SHV-HQ,PMT-90,27216,26935,0.010324808935920027,27546,27260,0.010382632687141458,27806,27548,0.009278572969862564,30521,30237,0.009305068641263348,31534,31209,0.010306336018266027,30544,30234,0.01014929282346777,28018,27786,0.008280391177100443,31411,31093,0.010123841966190206,28886,28622,0.009139375476009182,30413,30093,0.010521816328543765,30325,30023,0.009958779884583713,29154,28872,0.00967277217534468,,353374,349912,0.00979698562995579,64
SHV-HQ,PMT-900,126031,126028,2.380366735166284e-05,115786,115782,3.454649094014606e-05,119106,119102,3.3583530636538406e-05,142669,142664,3.5046155787199496e-05,136209,136206,2.202497632319833e-05,141368,141363,3.536868315323627e-05,115705,115703,1.728533771228058e-05,133500,133578,0,137119,137037,0.0005980206973504876,143999,143995,2.7777970680320507e-05,150290,150287,1.9961407944690812e-05,132108,132105,2.2708692887674076e-05,,1593890,1593850,2.5095834718880106e-05,1
SHV-HQ,PMT-901,0,0,,0,0,,0,0,,0,0,,0,0,,0,0,,0,0,,0,0,,0,0,,0,0,,0,0,,0,0,,,0,0,,1
SHV-HQ,PMT-902,90098,87564,0.02812493063109056,78149,76454,0.02168933703566267,79190,77317,0.023651976259628782,95673,92945,0.02851379176988278,103216,100006,0.031099829483800967,106238,103140,0.02916094052975393,92529,90061,0.02667271882328781,101416,98621,0.027559753884988547,96290,92187,0.04261086301796657,87495,86818,0.007737585004857439,99456,96836,0.026343307593307608,92518,90253,0.02448172247562641,,1122268,1092202,0.026790392312709632,57
SHV-HQ,PMT-903,987,987,0,945,945,0,817,817,0,1051,1052,0,1015,1015,0,1076,1076,0,982,982,0,361,361,0,0,0,,0,0,,0,0,,0,0,,,7234,7235,0,1
SHV-HQ,PMT-904,10911,10926,0,11386,11402,0,11075,11093,0,11406,11497,0,10535,10469,0.006264831514000924,11912,11929,0,8862,8877,0,11355,11370,0,9254,9270,0,9976,9991,0,10026,10042,0,9772,9788,0,,126470,126654,0,1
SHV-HQ,PMT-907,43290,43270,0.00046200046200051137,40427,40410,0.00042051104459894795,36153,36137,0.0004425635493596758,38950,38933,0.0004364569961489151,44235,44216,0.00042952413247432375,44332,44313,0.0004285843183253757,44873,44855,0.0004011320838811505,47166,47145,0.00044523597506673784,43251,43232,0.00043929620124394386,44455,44435,0.0004498931503768011,49347,49324,0.00046608709749329513,45863,45901,0,,522342,522171,0.0003273717219752781,1
SHV-HQ,PMT908,0,0,,0,0,,0,0,,0,0,,0,0,,0,0,,0,0,,0,0,,0,0,,0,0,,0,0,,0,0,,,0,0,,0
SHV-HQ,PMT-909,580,580,0,604,603,0.0016556291390728006,976,976,0,1052,1052,0,2416,2416,0,2957,2956,0.000338180588434267,2683,2682,0.000372717107715248,2707,2708,0,2360,2362,0,5659,5661,0,7131,7134,0,5828,6010,0,,34953,35140,0,1
SHV-HQ,PMT-91,9252,9186,0.007133592736705552,7604,7565,0.00512887953708574,7012,6970,0.0059897318881916295,8379,8326,0.0063253371524047974,7874,7821,0.006731013462026869,7289,7249,0.005487721223761843,6450,6412,0.005891472868217007,6867,6824,0.006261831949905372,7138,7096,0.00588400112076215,8050,8001,0.006086956521739184,7880,7831,0.006218274111675082,7798,7614,0.023595793793280362,,91593,90895,0.0076206697018330605,25
SHV-HQ,PMT-910,99445,99522,0,103954,104056,0,82045,82131,0,107135,107209,0,109245,109446,0,101593,101728,0,100202,100330,0,111705,111842,0,112692,112820,0,118307,117182,0.009509158376089344,123427,123197,0.0018634496504006393,120679,124815,0,,1290429,1294278,0,1
SHV-HQ,PMT-911,21903,21913,0,23666,23674,0,24212,24220,0,30356,30365,0,32398,32407,0,31202,31208,0,24525,24531,0,24277,23686,0.024344029328170702,22849,23457,0,22638,22646,0,17944,17952,0,13390,13398,0,,289360,289457,0,1
SHV-HQ,PMT-912,10259,10267,0,10083,10091,0,9135,9140,0,11157,11164,0,13458,13464,0,14445,14449,0,12665,12671,0,15240,15244,0,14028,14030,0,14734,14738,0,15530,15533,0,13484,13416,0.005043013942450325,,154218,154207,7.132760118788717e-05,1
SHV-HQ,PMT913,0,0,,0,0,,0,0,,0,0,,0,0,,0,0,,0,0,,0,0,,0,0,,0,0,,0,0,,0,0,,,0,0,,0
SHV-HQ,PMT-914,0,0,,0,0,,0,0,,0,0,,0,0,,0,0,,0,0,,0,0,,0,0,,0,0,,0,0,,0,0,,,0,0,,0
SHV-HQ,PMT915,0,0,,0,0,,0,0,,0,0,,0,0,,0,0,,0,0,,0,0,,0,0,,0,0,,0,0,,0,0,,,0,0,,0
SHV-HQ,PMT-916,351569,351447,0.0003470158062854889,344573,344462,0.00032213783436307875,330577,330483,0.00028435130090720406,370489,370418,0.00019163861815063576,394433,394365,0.00017239936820701018,378144,378087,0.00015073622746886173,344563,344512,0.00014801357081284383,368467,368397,0.00018997630724049142,369703,369648,0.00014876806517660768,402749,402687,0.00015394203337559809,429525,429446,0.00018392410220591238,392183,392088,0.00024223385511357165,,4476975,4476040,0.00020884637506346504,1
SHV-HQ,PMT-917,149209,147335,0.012559564101361165,134889,133317,0.011654026644129623,136381,134654,0.012663054237760374,156340,154346,0.012754253549955186,135982,134241,0.012803165124795957,141053,139211,0.01305892111475826,120142,117832,0.019227247756821053,139384,137617,0.012677208287895314,137013,135223,0.013064453737966497,123263,121610,0.013410350226750967,149633,147780,0.012383631952844643,136330,134621,0.012535758820509058,,1659619,1637787,0.013154826499335082,138
SHV-HQ,PMT918,0,0,,0,0,,0,0,,0,0,,0,0,,0,0,,0,0,,0,0,,0,0,,0,0,,0,0,,0,0,,,0,0,,0
SHV-HQ,PMT-919,118168,116820,0.011407487644709224,108698,107650,0.009641391745938255,101551,100399,0.011344053726698888,115359,113032,0.02017181147548086,119420,116500,0.024451515659018597,130469,129605,0.006622262759735986,113980,112698,0.011247587296016825,127847,126359,0.011638912137163948,135100,133348,0.01296817172464837,121648,120088,0.012823885308430927,139646,137923,0.012338341234263805,121543,120332,0.009963551993944497,,1453429,1434754,0.01284892485288236,56
SHV-HQ,PMT-92,5615,5584,0.005520926090828104,4930,4903,0.005476673427991852,5189,5157,0.006166891501252603,5060,5031,0.005731225296442655,5586,5560,0.0046544933762978635,5286,5244,0.007945516458569779,4867,4874,0,4197,4154,0.010245413390516989,3921,3872,0.012496812037745442,4813,4769,0.009141907334302979,4502,4465,0.008218569524655717,4052,4019,0.008144126357354398,,58018,57632,0.006653107656244606,18
SHV-HQ,PMT-921,26016,26008,0.00030750307503080165,29247,29236,0.00037610695114032033,34836,34823,0.00037317717303941844,42895,42876,0.00044294206784012413,42410,42391,0.0004480075453902055,40345,40328,0.0004213657206593169,37601,37584,0.0004521156352225164,46163,46144,0.000411585035634654,38962,38946,0.00041065653713878714,43437,43420,0.00039137141146949883,45219,45201,0.000398062761228668,39581,39568,0.0003284404133295782,,466712,466525,0.00040067536296473083,1
SHV-HQ,PMT-922,138659,134277,0.03160270880361171,130655,128302,0.018009261030959345,134735,131964,0.020566296804839124,138745,135488,0.02347471980972282,186261,181742,0.02426165434524674,161602,158096,0.021695276048563805,149079,145886,0.021418174256602196,168837,164675,0.02465099474641219,158804,143854,0.0941412055111962,135146,142718,0,151581,148231,0.0221003951682599,140760,136781,0.02826797385620916,,1794864,1752014,0.02387367510853189,138
SHV-HQ,PMT-924,0,0,,0,0,,0,0,,0,0,,0,0,,0,0,,0,0,,0,0,,0,0,,0,0,,0,0,,0,0,,,0,0,,1
SHV-HQ,PMT-925,250,257,0,189,190,0,203,203,0,435,436,0,554,555,0,550,551,0,398,399,0,449,449,0,471,470,0.002123142250530785,593,595,0,479,482,0,416,409,0.016826923076923128,,4987,4996,0,1
SHV-HQ,PMT-926,1518,1519,0,1322,1323,0,1328,1329,0,1206,1207,0,1295,1295,0,1285,1286,0,1688,1689,0,1331,1330,0.0007513148009016257,1605,1606,0,1454,1454,0,1545,1545,0,1449,1449,0,,17026,17032,0,1
SHV-HQ,PMT-927,24027,24037,0,22691,22701,0,24256,24256,0,25822,25838,0,25722,25732,0,26862,26870,0,22586,22593,0,26615,26623,0,21641,21646,0,22866,22874,0,24725,24733,0,20740,20746,0,,288553,288649,0,1
SHV-HQ,PMT-928,1297,1298,0,1508,1509,0,1302,1303,0,1813,1814,0,1773,1774,0,2321,2323,0,2143,2145,0,1818,1804,0.007700770077007646,1442,1437,0.0034674063800277377,2192,2196,0,6626,6525,0.015242982191367327,7540,7632,0,,31775,31760,0.0004720692368214152,1
SHV-HQ,PMT-929,6495,6499,0,5974,5977,0,6591,6594,0,6805,6810,0,6180,6182,0,4293,4295,0,4091,4093,0,5904,5907,0,4700,4703,0,4689,4691,0,4579,4580,0,4189,4192,0,,64490,64523,0,1
SHV-HQ,PMT-93,74670,72753,0.025672961028525565,80951,78796,0.026621042358957903,81480,79158,0.0284977908689249,89479,86931,0.028475955252070362,86377,82924,0.039975919515611746,79876,65863,0.17543442335620207,72213,69674,0.0351598742608672,82200,79944,0.027445255474452535,72795,83358,0,75756,69278,0.08551137863667568,74754,78463,0,67868,65940,0.028408086285141798,,938419,913082,0.026999666460291172,178
SHV-HQ,PMT-930,47608,47495,0.0023735506637539983,50491,50374,0.002317244657463746,50562,50446,0.0022942130453700305,54891,54765,0.00229545827184785,53656,53538,0.0021991948710302633,47375,47269,0.0022374670184696077,45412,45310,0.002246102351801338,48644,48533,0.0022818847134281617,44529,44425,0.0023355566035617725,43982,43878,0.0023646037015142563,41756,41653,0.0024667113708209953,41060,40743,0.007720409157330743,,569966,568429,0.0026966520810013384,1
SHV-HQ,PMT-931,0,0,,0,0,,0,0,,0,0,,0,0,,0,0,,0,0,,0,0,,0,0,,0,0,,0,0,,0,0,,,0,0,,1
SHV-HQ,PMT-932,44559,43735,0.01849233600394984,44764,43796,0.02162451970333301,45164,44164,0.022141528651138054,44580,43814,0.017182593091072285,61030,59390,0.026872030149106996,54110,52983,0.020827943078913336,52430,51478,0.018157543391188247,52934,51890,0.01972267351796575,49989,49146,0.01686371001620357,45036,44130,0.02011723954169997,54849,53761,0.019836277780816425,46156,45068,0.02357223329577951,,595601,583355,0.020560744525277785,89
SHV-HQ,PMT-933,26043,26055,0,27368,27383,0,28730,28750,0,34824,34846,0,30904,30923,0,29806,29824,0,28609,28628,0,32314,32333,0,28735,28748,0,24981,24992,0,25460,25470,0,24633,24522,0.0045061502862013825,,342407,342474,0,1
SHV-HQ,PMT-934,0,0,,0,0,,0,0,,0,0,,0,0,,0,0,,0,0,,0,0,,0,0,,0,0,,0,0,,0,0,,,0,0,,1
SHV-HQ,PMT-935,17963,17956,0.0003896899181651259,14027,14020,0.0004990375703999295,14620,14614,0.0004103967168263001,15168,15162,0.00039556962025311115,15920,15912,0.0005025125628140836,19526,19516,0.0005121376626037177,15546,15539,0.0004502765984819579,13115,13108,0.0005337399923751596,15556,15549,0.0004499871432245284,16520,16511,0.0005447941888619967,16457,16449,0.0004861153308622912,21050,21040,0.00047505938242276,,195468,195376,0.0004706652751345075,1
SHV-HQ,PMT-936,70552,70543,0.00012756548361492204,72698,72685,0.00017882197584528914,68682,68680,2.9119711132508108e-05,77759,77750,0.00011574222919530364,78301,78294,8.939860282752843e-05,79768,79756,0.0001504362651689739,68776,68767,0.00013085960218683912,72844,72833,0.00015100763274944473,72468,72459,0.00012419274714359219,72650,72641,0.00012388162422571902,77294,77286,0.0001035009185706981,73221,73215,8.194370467484724e-05,,885013,884909,0.00011751239812296532,1
SHV-HQ,PMT-937,29528,29515,0.00044026009211595163,27775,27762,0.00046804680468048865,24572,24561,0.00044766400781381943,31759,31745,0.0004408199250606204,34544,34530,0.00040528022232511063,31789,31777,0.0003774890685457333,29844,29832,0.00040209087253717524,31484,31471,0.0004129081438191129,36697,36681,0.0004360029430198198,36723,36705,0.0004901560330038413,42830,42811,0.0004436142890497097,36270,36253,0.0004687069203198613,,393815,393643,0.00043675329786829753,1
SHV-HQ,PMT-939,0,0,,0,0,,0,0,,0,0,,0,0,,0,0,,0,0,,0,0,,0,0,,0,0,,0,0,,6116,6111,0.0008175277959450167,,6116,6111,0.0008175277959450167,1
SHV-HQ,PMT-94,18477,18096,0.020620230556908536,18778,18395,0.02039620832889555,16476,16215,0.015841223597960696,11972,11876,0.008018710324089517,11482,11197,0.02482145967601468,13379,12976,0.030121832722924013,11211,11728,0,11746,11603,0.012174357227992538,10936,10853,0.007589612289685466,10798,10715,0.0076866086312280535,11734,11657,0.006562127151866326,8551,8469,0.00958952169336924,,155540,153780,0.011315417256011262,32
SHV-HQ,PMT-940,11221,11223,0,11554,11616,0,11545,11488,0.004937202252057182,10406,10408,0,15970,15974,0,14938,14942,0,11205,11207,0,14109,14111,0,14790,14792,0,16782,16785,0,16827,16831,0,15270,15272,0,,164617,164649,0,1
SHV-HQ,PMT-941,1348,1349,0,813,815,0,681,683,0,721,723,0,738,739,0,826,828,0,752,754,0,630,631,0,614,616,0,566,568,0,623,625,0,327,328,0,,8639,8659,0,1
SHV-HQ,PMT-942,29055,29059,0,27349,27355,0,24042,24045,0,28944,28949,0,28098,28105,0,32360,32367,0,28792,28796,0,33926,33932,0,32792,32798,0,32224,32230,0,35980,35986,0,33061,33064,0,,366623,366686,0,1
SHV-HQ,PMT-943,10463,10461,0.0001911497658415584,10554,10552,0.0001895016107636982,10565,10563,0.00018930430667296605,11808,11816,0,13034,13025,0.0006905017646156031,11659,11662,0,9960,9961,0,11362,11360,0.00017602534765004396,9770,9768,0.00020470829068575114,10023,9990,0.003292427416941024,10239,10269,0,10192,10111,0.007947409733124022,,129629,129538,0.0007020034097308114,1
SHV-HQ,PMT-945,0,0,,0,0,,0,0,,0,0,,0,0,,0,0,,0,0,,0,0,,0,0,,0,0,,0,0,,0,0,,,0,0,,1
SHV-HQ,PMT-946,2021,2027,0,2264,2270,0,2319,2326,0,2598,2607,0,2830,2838,0,2854,2862,0,2502,2510,0,3200,3210,0,3859,3870,0,3322,3332,0,3196,3205,0,2757,2752,0.0018135654697134518,,33722,33809,0,1
SHV-HQ,PMT-947,0,0,,0,0,,0,0,,0,0,,0,0,,0,0,,0,0,,0,0,,0,0,,0,0,,0,0,,0,0,,,0,0,,0
SHV-HQ,PMT-948,0,0,,0,0,,0,0,,0,0,,0,0,,0,0,,0,0,,0,0,,0,0,,0,0,,0,0,,0,0,,,0,0,,0
SHV-HQ,PMT-949,0,0,,0,0,,0,0,,0,0,,0,0,,0,0,,0,0,,0,0,,0,0,,0,0,,0,0,,0,0,,,0,0,,1
SHV-HQ,PMT-95,181863,178654,0.017645150470409043,175775,172616,0.017971838998719902,172779,169510,0.018920123394625454,227731,223496,0.018596502013340288,217438,212728,0.02166134714263379,238358,233579,0.02004967318067785,207936,203091,0.023300438596491224,229213,226286,0.012769781818657733,213285,209526,0.017624305506716342,186744,182535,0.022538876751060255,213545,209527,0.018815706291413936,211087,207627,0.016391345748435482,,2475754,2429175,0.01881406634100158,194
SHV-HQ,PMT-950,45993,45980,0.0002826517078685642,44866,44860,0.00013373155618956467,47447,47438,0.00018968533310848024,51491,51481,0.00019420869666542107,52747,52741,0.00011375054505469162,57510,57501,0.00015649452269173025,54141,54133,0.00014776232430135927,61045,61035,0.00016381358014583292,61926,61915,0.00017763136646964384,67616,67606,0.00014789398958825473,63990,63977,0.00020315674324111743,61702,61695,0.00011344851058314731,,670474,670362,0.00016704600029238126,1
SHV-HQ,PMT-951,0,0,,0,0,,0,0,,0,0,,0,0,,0,0,,0,0,,0,0,,0,677,0,220,1201,0,1078,2129,0,4330,5286,0,,5628,9293,0,1
SHV-HQ,PMT-952,18926,18926,0,17244,17243,5.799118533977854e-05,17743,17742,5.636025474831108e-05,19050,19049,5.249343832025577e-05,17844,17842,0.0001120824927146602,14949,14947,0.00013378821325837897,13520,13518,0.00014792899408289095,9893,9892,0.00010108157282928687,5546,5544,0.00036062026685901305,6842,6843,0,7779,7778,0.00012855122766419758,6238,6238,0,,155574,155562,7.713371128847957e-05,1
SHV-HQ,PMT-956,37700,37743,0,31864,31946,0,34226,34221,0.00014608776953195513,33296,33334,0,46990,47054,0,35736,35771,0,32110,32156,0,40629,40677,0,40381,40438,0,40338,40391,0,42056,42112,0,38194,38242,0,,453520,454085,0,1
SHV-HQ,PMT-957,0,0,,0,0,,0,0,,0,0,,0,0,,0,0,,0,0,,0,0,,0,0,,39,40,0,76,76,0,65,66,0,,180,182,0,1
SHV-HQ,PMT-958,2598,2601,0,2860,2863,0,1086,1087,0,783,783,0,5617,5621,0,4459,4462,0,4434,4436,0,6207,6214,0,5573,5578,0,5321,5126,0.03664724675812814,5416,5622,0,4840,4843,0,,49194,49236,0,1
SHV-HQ,PMT-959,149809,152366,0,116811,118885,0,112072,114036,0,196993,200419,0,278307,283221,0,260032,264662,0,247463,251781,0,258373,262936,0,212600,216185,0,195215,198533,0,236925,240996,0,229370,233322,0,,2493970,2537342,0,1
SHV-HQ,PMT-96,73760,72930,0.011252711496746226,76320,75801,0.006800314465408852,74640,73557,0.014509646302250823,90960,89442,0.016688654353562038,97920,95993,0.01967933006535949,94480,92478,0.02118966977138015,87440,84234,0.03666514181152791,93581,93160,0.004498776461033804,88953,87208,0.01961710116578419,81050,79843,0.014892041949413959,95635,93493,0.022397657761279888,89107,87081,0.02273670979833231,,1043846,1025220,0.0178436282746689,62
SHV-HQ,PMT-960,47293,47283,0.0002114477829699979,47371,47348,0.000485529121192263,45594,45578,0.0003509233671097345,60142,60119,0.0003824282531342815,64325,64298,0.00041974349008944145,67328,67301,0.00040102186311785637,55293,55271,0.00039788038268862014,62145,62120,0.0004022849786788907,57913,57889,0.00041441472553660486,58081,58058,0.0003959986914825464,61869,61844,0.00040407958751553785,54308,54287,0.0003866833615673304,,681662,681396,0.00039022272035116323,1
SHV-HQ,PMT-961,226694,226995,0,237963,238204,0,221702,221937,0,268087,268350,0,274915,275146,0,276122,276342,0,256590,256803,0,277402,277623,0,271632,271849,0,284405,284612,0,310956,311166,0,303484,303695,0,,3209952,3212722,0,1
SHV-HQ,PMT-962,24302,24316,0,27008,27022,0,24717,24732,0,28534,28553,0,30011,30031,0,27291,27307,0,26161,26177,0,28123,28140,0,27382,27395,0,20769,29006,0,0,29338,0,28215,26711,0.05330497962076908,,292513,328728,0,1
SHV-HQ,PMT-963,0,0,,0,0,,0,0,,0,0,,0,0,,2003,3111,0,13480,14410,0,21680,22677,0,24885,25913,0,25997,27041,0,26597,27650,0,25600,26675,0,,140242,147477,0,1
SHV-HQ,PMT-964,36277,36277,0,37429,37433,0,37377,37381,0,44306,44312,0,38788,38793,0,36182,36187,0,34508,34515,0,37355,37360,0,32606,32210,0.01214500398699625,33236,33638,0,11831,11832,0,7441,7442,0,,387336,387380,0,1
SHV-HQ,PMT-965,69006,68968,0.0005506767527461154,55209,55179,0.0005433896647285552,56697,56665,0.0005644037603400598,68513,68475,0.0005546392655408905,69915,69875,0.0005721232925695041,78365,78320,0.0005742359471703207,67037,67000,0.0005519340065933687,74513,74465,0.000644182894260048,77903,77864,0.0005006225690923349,74717,74675,0.0005621210701713952,80438,80394,0.0005470051468211556,72111,72072,0.0005408328826392861,,844424,843952,0.0005589609011587005,1
SHV-HQ,PMT-966,8573,8509,0.007465298028694778,8611,8622,0,8988,8998,0,10339,10352,0,7686,7696,0,8348,8359,0,5975,5983,0,6160,6167,0,4543,4548,0,3849,3853,0,7231,7239,0,7745,7760,0,,88048,88086,0,1
SHV-HQ,PMT-967,8503,8507,0,7510,7512,0,6261,6263,0,7874,7878,0,8342,8345,0,9234,9239,0,8025,8028,0,7241,7247,0,8555,8560,0,9967,9973,0,12033,12039,0,9623,9628,0,,103168,103219,0,1
SHV-HQ,PMT-968,18248,18247,5.48005260850859e-05,17152,17152,0,19363,19362,5.164488973818937e-05,23206,23205,4.309230371457584e-05,22294,22293,4.485511796892272e-05,20082,20081,4.9795837067989623e-05,20008,20007,4.9980007996830444e-05,25377,25376,3.940576112226868e-05,20151,20150,4.962532876784387e-05,22257,22255,8.985937008576528e-05,19256,19255,5.193186539265149e-05,19651,19650,5.088799552188661e-05,,247045,247033,4.857414641057378e-05,1
SHV-HQ,PMT-969,171,183,0,225,226,0,145,152,0,179,184,0,253,260,0,198,213,0,201,204,0,206,210,0,204,210,0,210,216,0,313,317,0,419,419,0,,2724,2794,0,1
SHV-HQ,PMT-97,19280,19154,0.006535269709543545,19086,18717,0.019333542911034285,19921,19657,0.01325234676974052,22099,21854,0.011086474501108667,20709,20519,0.009174754937466778,22894,22598,0.012929151742814726,20938,20677,0.012465373961218829,24812,24516,0.01192971142995325,23848,23514,0.014005367326400564,23331,22140,0.051047961939051034,27948,26854,0.03914412480320595,26653,26284,0.013844595355119504,,271519,266484,0.01854382197930904,27
SHV-HQ,PMT-970,0,0,,0,0,,0,0,,0,0,,0,0,,0,0,,0,0,,0,0,,0,0,,0,0,,0,0,,0,0,,,0,0,,1
SHV-HQ,PMT-971,13966,13968,0,8194,8195,0,5442,5442,0,7623,7624,0,10313,10314,0,9290,9291,0,6266,6266,0,6030,6031,0,6410,6410,0,10424,10426,0,18587,18582,0.00026900521870121263,15208,15216,0,,117753,117765,0,1
SHV-HQ,PMT-972,0,0,,0,0,,0,0,,0,0,,0,0,,0,0,,0,0,,0,0,,189,189,0,373,375,0,641,642,0,584,586,0,,1787,1792,0,1
SHV-HQ,PMT-973,8181,8179,0.0002444688913335602,5038,5036,0.0003969829297340022,1611,1611,0,3601,3600,0.00027770063871146444,16021,16016,0.00031209038137447465,11339,11335,0.00035276479407353456,12734,12731,0.0002355897596983958,17938,17933,0.00027873787490240165,6033,6031,0.00033151002817832786,808,807,0.0012376237623762387,3087,3086,0.00032393909944927746,16401,16397,0.00024388756783122467,,102792,102762,0.0002918515059537885,1
SHV-HQ,PMT-974,55908,54370,0.027509479859769592,55631,54009,0.02915640560119359,55864,54223,0.02937491049692109,62612,60848,0.028173513064588263,63959,62382,0.024656420519395206,57391,56235,0.020142531058876867,52245,46699,0.10615369891855675,60368,64266,0,66031,65156,0.01325135163786706,57041,56350,0.012114093371434542,67624,66821,0.011874482432272515,60442,59698,0.012309321332848011,,715116,701057,0.01965974750949495,22
SHV-HQ,PMT-975,0,0,,0,0,,0,0,,0,0,,0,0,,0,0,,0,0,,0,0,,0,0,,0,0,,0,0,,0,0,,,0,0,,0
SHV-HQ,PMT-976,34294,34304,0,36336,36345,0,39422,39435,0,43837,43850,0,44211,44216,0,39010,39020,0,34184,34204,0,42017,42031,0,36814,36825,0,34725,34736,0,33943,33954,0,33686,33699,0,,452479,452619,0,1
SHV-HQ,PMT-977,2604,2610,0,1534,1540,0,1737,1742,0,1871,1876,0,1896,1904,0,2520,2528,0,3200,3208,0,4019,4026,0,1961,1964,0,1743,1746,0,1788,1791,0,3245,3250,0,,28118,28185,0,1
SHV-HQ,PMT-978,10918,10916,0.00018318373328451987,11344,11341,0.0002644569816643294,10643,10640,0.0002818754110682775,11928,11925,0.00025150905432591575,11481,11479,0.00017420085358421655,12533,12531,0.00015957871219973718,11333,11330,0.0002647136680490325,12414,12412,0.00016110842597072406,12508,12505,0.00023984649824115856,12221,12219,0.0001636527289092804,12561,12558,0.0002388344877000126,11524,11521,0.00026032627559879895,,141408,141377,0.00021922380629102456,1
SHV-HQ,PMT-979,85000,84896,0.0012235294117647344,79715,79619,0.001204290284137266,82944,82759,0.0022304205246913567,97687,97600,0.0008905995680080769,92236,92090,0.0015828960492649813,99989,99954,0.00035003850423542815,94553,94438,0.0012162490878131482,100416,100298,0.0011751115360102427,96817,96698,0.001229122984599762,101532,101403,0.001270535397707162,102650,102529,0.0011787627861665761,92499,92383,0.001254067611541787,,1126038,1124667,0.0012175432800669572,1
SHV-HQ,PMT-98,7665,7761,0,7282,7293,0,7597,7645,0,8058,8109,0,9111,9128,0,10416,10523,0,8076,8135,0,8578,8630,0,9846,9910,0,9092,9155,0,5198,5423,0,5308,5336,0,,96227,97048,0,6
SHV-HQ,PMT-980,16423,16461,0,1352,1417,0,1717,1782,0,935,949,0,957,1032,0,582,653,0,3292,3302,0,6668,6681,0,7871,7876,0,7294,7297,0,9898,9900,0,10856,10860,0,,67845,68210,0,1
SHV-HQ,PMT981,0,0,,0,0,,0,0,,0,0,,0,0,,0,0,,0,0,,0,0,,0,0,,0,0,,0,0,,0,0,,,0,0,,0
SHV-HQ,PMT-982,17163,17187,0,17767,17789,0,17807,17832,0,17900,17923,0,18343,18367,0,15876,15897,0,12293,12316,0,13451,13463,0,15028,15047,0,15144,15163,0,16301,16321,0,14201,14247,0,,191274,191552,0,1
SHV-HQ,PMT-983,23661,23662,0,17726,17727,0,17325,17326,0,26597,26600,0,26962,26964,0,23378,23380,0,20088,20089,0,19369,19371,0,21647,21648,0,23645,23647,0,28244,28246,0,23970,23970,0,,272612,272630,0,1
SHV-HQ,PMT984,0,0,,0,0,,0,0,,0,0,,0,0,,0,0,,0,0,,0,0,,0,0,,0,0,,0,0,,0,0,,,0,0,,0
SHV-HQ,PMT-985,96656,96656,0,93949,93947,2.1288145696019e-05,108461,108458,2.765971178575466e-05,128267,128265,1.5592475071546374e-05,119579,119576,2.5088017126750906e-05,115737,115735,1.7280558507692945e-05,83588,83586,2.3926879456404038e-05,94115,94112,3.187589650954781e-05,93165,93161,4.293457843607129e-05,84109,84108,1.1889334078363234e-05,77922,77920,2.5666692333392582e-05,59737,59738,0,,1155285,1155262,1.990850742461525e-05,1
SHV-HQ,PMT-986,0,0,,0,0,,0,0,,0,0,,0,0,,0,0,,0,0,,0,0,,0,0,,0,0,,0,0,,0,0,,,0,0,,1
SHV-HQ,PMT-988,262525,256725,0.022093133987239333,268824,262770,0.022520310686545808,261048,254779,0.02401474058410713,240192,233352,0.02847721822541971,356876,347217,0.027065423284277967,298332,290069,0.027697330490862537,273965,266978,0.025503257715401628,302698,289152,0.04475087380821807,276751,276944,0,257968,254015,0.01532360602865468,282118,276552,0.01972933311593017,246420,239729,0.027152828504179882,,3327717,3248282,0.02387071977575017,151
SHV-HQ,PMT-989,0,0,,0,0,,0,0,,0,0,,0,0,,0,0,,0,0,,0,0,,0,0,,0,0,,0,0,,0,0,,,0,0,,1
SHV-HQ,PMT99,0,0,,0,0,,0,0,,0,0,,0,0,,0,0,,0,0,,0,0,,0,0,,0,0,,0,0,,0,0,,,0,0,,0
SHV-HQ,PMT-990,0,0,,0,0,,0,0,,0,0,,0,0,,0,0,,0,0,,0,0,,0,0,,0,0,,0,0,,0,0,,,0,0,,1
SHV-HQ,PMT-991,13679,13673,0.0004386285547188784,16820,16817,0.0001783590963139181,15142,15139,0.00019812442213706927,18789,18784,0.0002661131513119752,16990,16983,0.00041200706297817025,14729,14720,0.0006110394459909463,12873,12864,0.0006991377301328594,33370,33352,0.0005394066526820396,65675,65630,0.0006851922344880412,63264,63220,0.0006954982296408785,70590,70545,0.0006374840628984302,65529,65483,0.0007019792763509614,,407450,407210,0.0005890293287520443,1
SHV-HQ,PMT-992,0,0,,0,0,,0,0,,0,0,,0,0,,0,0,,0,0,,0,0,,0,0,,0,0,,0,0,,0,0,,,0,0,,1
SHV-HQ,PMT-993,11510,11524,0,15022,15043,0,13895,13913,0,16346,16369,0,16211,16233,0,15873,15889,0,12209,12219,0,13138,13151,0,13612,13624,0,13976,13987,0,15053,15067,0,13512,13527,0,,170357,170546,0,1
SHV-HQ,PMT-994,0,0,,0,0,,0,0,,0,0,,0,0,,0,0,,0,0,,0,0,,0,0,,0,0,,0,0,,0,0,,,0,0,,1
SHV-HQ,PMT-995,0,0,,0,0,,0,0,,0,0,,0,0,,0,0,,0,0,,0,0,,0,0,,0,0,,0,0,,0,0,,,0,0,,0
SHV-HQ,PMT-996,0,0,,0,0,,0,0,,0,0,,0,0,,0,0,,0,0,,0,0,,0,0,,0,0,,0,0,,0,290,0,,0,290,0,1
SHV-HQ,PMT-997,37965,37953,0.0003160806005531036,34351,34337,0.0004075572763529989,29721,29711,0.00033646243396923126,35463,35449,0.00039477765558471045,39331,39319,0.0003051028450840043,38638,38625,0.0003364563383198016,32675,32661,0.0004284621270084221,38770,38757,0.0003353108073252953,36015,36002,0.0003609607108149282,40531,41485,0,47509,46155,0.02849986318381781,43572,43986,0,,454541,454440,0.00022220217758128769,1
SHV-HQ,PMT-998,0,0,,0,0,,0,0,,0,0,,0,0,,0,0,,0,0,,0,0,,0,0,,0,0,,0,0,,0,0,,,0,0,,0
SHV-HQ,PMT-999,0,0,,0,0,,0,0,,0,0,,0,0,,0,0,,0,0,,0,0,,0,0,,0,0,,0,0,,4158,4907,0,,4158,4907,0,1
SHV-HQ,PMTL01,0,0,,0,0,,0,0,,0,0,,0,0,,0,0,,0,0,,0,0,,0,0,,0,0,,0,0,,0,0,,,0,0,,0
SHV-HQ,PMTL02,0,0,,0,0,,0,0,,0,0,,0,0,,0,0,,0,0,,0,0,,0,0,,0,0,,0,0,,0,0,,,0,0,,0
SHV-HQ,PMTL03,0,0,,0,0,,0,0,,0,0,,0,0,,0,0,,0,0,,0,0,,0,0,,0,0,,0,0,,0,0,,,0,0,,0
SHV-HQ,PMT-PST10,0,0,,0,0,,0,0,,0,0,,0,0,,0,0,,0,0,,0,0,,0,0,,0,0,,0,0,,0,0,,,0,0,,0
SHV-HQ,PMTVRTN 01,0,0,,0,0,,0,0,,0,0,,0,0,,0,0,,0,0,,0,0,,0,0,,0,0,,0,0,,0,0,,,0,0,,0
SHV-HQ,PMT-VRTN 03,0,0,,0,0,,0,0,,0,0,,0,0,,0,0,,0,0,,0,0,,0,0,,0,0,,0,0,,0,0,,,0,0,,0
SHV-HQ,PMT-VRTN 04,0,0,,0,0,,0,0,,0,0,,0,0,,0,0,,0,0,,0,0,,0,0,,0,0,,0,0,,0,0,,,0,0,,0
SHV-HQ,PMT-VRTN 05,0,0,,0,0,,0,0,,0,0,,0,0,,0,0,,0,0,,0,0,,0,0,,0,0,,0,0,,0,0,,,0,0,,0
SHV-HQ,PMY01,0,0,,0,0,,0,0,,0,0,,0,0,,0,0,,0,0,,0,0,,0,0,,0,0,,0,0,,0,0,,,0,0,,0
SHV-HQ,PPC01,0,0,,0,0,,0,0,,0,0,,0,0,,0,0,,0,0,,0,0,,0,0,,0,0,,0,0,,0,0,,,0,0,,0
SHV-HQ,PPCT,0,0,,0,0,,0,0,,0,0,,0,0,,0,0,,0,0,,0,0,,0,0,,0,0,,0,0,,0,0,,,0,0,,0
SHV-HQ,PPST16,0,0,,0,0,,0,0,,0,0,,0,0,,0,0,,0,0,,0,0,,0,0,,0,0,,0,0,,0,0,,,0,0,,0
SHV-HQ,PPST17,0,0,,0,0,,0,0,,0,0,,0,0,,0,0,,0,0,,0,0,,0,0,,0,0,,0,0,,0,0,,,0,0,,0
SHV-HQ,PPST29,0,0,,0,0,,0,0,,0,0,,0,0,,0,0,,0,0,,0,0,,0,0,,0,0,,0,0,,0,0,,,0,0,,0
SHV-HQ,PSEZ01,0,0,,0,0,,0,0,,0,0,,0,0,,0,0,,0,0,,0,0,,0,0,,0,0,,0,0,,0,0,,,0,0,,0
SHV-HQ,PSEZ02,0,0,,0,0,,0,0,,0,0,,0,0,,0,0,,0,0,,0,0,,0,0,,0,0,,0,0,,0,0,,,0,0,,0
SHV-HQ,PSEZ03,0,0,,0,0,,0,0,,0,0,,0,0,,0,0,,0,0,,0,0,,0,0,,0,0,,0,0,,0,0,,,0,0,,0
SHV-HQ,P-SEZ04,0,0,,0,0,,0,0,,0,0,,0,0,,0,0,,0,0,,0,0,,0,0,,0,0,,0,0,,0,0,,,0,0,,0
SHV-HQ,PSK29,0,0,,0,0,,0,0,,0,0,,0,0,,0,0,,0,0,,0,0,,0,0,,0,0,,0,0,,0,0,,,0,0,,0
SHV-HQ,PSK30,0,0,,0,0,,0,0,,0,0,,0,0,,0,0,,0,0,,0,0,,0,0,,0,0,,0,0,,0,0,,,0,0,,0
SHV-HQ,PSL10,0,0,,0,0,,0,0,,0,0,,0,0,,0,0,,0,0,,0,0,,0,0,,0,0,,0,0,,0,0,,,0,0,,0
SHV-HQ,PSL17,0,0,,0,0,,0,0,,0,0,,0,0,,0,0,,0,0,,0,0,,0,0,,0,0,,0,0,,0,0,,,0,0,,0
SHV-HQ,PSS01,0,0,,0,0,,0,0,,0,0,,0,0,,0,0,,0,0,,0,0,,0,0,,0,0,,0,0,,0,0,,,0,0,,0
SHV-HQ,PSS02,0,0,,0,0,,0,0,,0,0,,0,0,,0,0,,0,0,,0,0,,0,0,,0,0,,0,0,,0,0,,,0,0,,0
SHV-HQ,PSS03,0,0,,0,0,,0,0,,0,0,,0,0,,0,0,,0,0,,0,0,,0,0,,0,0,,0,0,,0,0,,,0,0,,0
SHV-HQ,PST19,0,0,,0,0,,0,0,,0,0,,0,0,,0,0,,0,0,,0,0,,0,0,,0,0,,0,0,,0,0,,,0,0,,0
SHV-HQ,PST20,0,0,,0,0,,0,0,,0,0,,0,0,,0,0,,0,0,,0,0,,0,0,,0,0,,0,0,,0,0,,,0,0,,0
SHV-HQ,PST23,0,0,,0,0,,0,0,,0,0,,0,0,,0,0,,0,0,,0,0,,0,0,,0,0,,0,0,,0,0,,,0,0,,0
SHV-HQ,PST30,0,0,,0,0,,0,0,,0,0,,0,0,,0,0,,0,0,,0,0,,0,0,,0,0,,0,0,,0,0,,,0,0,,0
SHV-HQ,PT1152,0,0,,0,0,,0,0,,0,0,,0,0,,0,0,,0,0,,0,0,,0,0,,0,0,,0,0,,0,0,,,0,0,,0
SHV-HQ,PT1342,0,0,,0,0,,0,0,,0,0,,0,0,,0,0,,0,0,,0,0,,0,0,,0,0,,0,0,,0,0,,,0,0,,0
SHV-HQ,PT1401,0,0,,0,0,,0,0,,0,0,,0,0,,0,0,,0,0,,0,0,,0,0,,0,0,,0,0,,0,0,,,0,0,,0
SHV-HQ,PT1402,0,0,,0,0,,0,0,,0,0,,0,0,,0,0,,0,0,,0,0,,0,0,,0,0,,0,0,,0,0,,,0,0,,0
SHV-HQ,PT1403,0,0,,0,0,,0,0,,0,0,,0,0,,0,0,,0,0,,0,0,,0,0,,0,0,,0,0,,0,0,,,0,0,,0
SHV-HQ,PT146,0,0,,0,0,,0,0,,0,0,,0,0,,0,0,,0,0,,0,0,,0,0,,0,0,,0,0,,0,0,,,0,0,,0
SHV-HQ,PT159,0,0,,0,0,,0,0,,0,0,,0,0,,0,0,,0,0,,0,0,,0,0,,0,0,,0,0,,0,0,,,0,0,,0
SHV-HQ,PT180,0,0,,0,0,,0,0,,0,0,,0,0,,0,0,,0,0,,0,0,,0,0,,0,0,,0,0,,0,0,,,0,0,,0
SHV-HQ,PT193,0,0,,0,0,,0,0,,0,0,,0,0,,0,0,,0,0,,0,0,,0,0,,0,0,,0,0,,0,0,,,0,0,,0
SHV-HQ,PT217,0,0,,0,0,,0,0,,0,0,,0,0,,0,0,,0,0,,0,0,,0,0,,0,0,,0,0,,0,0,,,0,0,,0
SHV-HQ,PTSL23,0,0,,0,0,,0,0,,0,0,,0,0,,0,0,,0,0,,0,0,,0,0,,0,0,,0,0,,0,0,,,0,0,,0
SHV-HQ,PTT,0,0,,0,0,,0,0,,0,0,,0,0,,0,0,,0,0,,0,0,,0,0,,0,0,,0,0,,0,0,,,0,0,,0
SHV-HQ,PTT-1021,119045,119073,0,96313,96335,0,97422,97451,0,143109,143144,0,148531,148567,0,138535,138567,0,127721,127746,0,137404,137434,0,139861,139893,0,132908,132938,0,134164,134195,0,128413,128445,0,,1543426,1543788,0,1
SHV-HQ,PTT-1023,0,0,,0,0,,0,0,,0,0,,0,0,,0,0,,0,0,,0,0,,0,0,,0,0,,0,0,,0,0,,,0,0,,1
SHV-HQ,PTT-1031,18856,18859,0,17858,17861,0,17387,17390,0,18220,18223,0,24718,24722,0,25463,25469,0,24283,24300,0,26570,26591,0,24994,25015,0,25330,25352,0,25798,25824,0,22984,23293,0,,272461,272899,0,1
SHV-HQ,PTT-1032,0,0,,0,0,,0,0,,0,0,,0,0,,0,0,,0,0,,0,0,,0,0,,0,0,,0,0,,0,0,,,0,0,,1
SHV-HQ,PTT-1100,5384,5386,0,4839,4840,0,5142,5143,0,6859,6861,0,6909,6910,0,5963,5964,0,4018,4019,0,4159,4157,0.00048088482808372746,4844,4847,0,5234,5237,0,5633,5633,0,4738,4740,0,,63722,63737,0,1
SHV-HQ,PTT-1101,0,0,,0,0,,0,0,,0,0,,0,0,,0,0,,0,0,,0,0,,0,0,,0,0,,0,0,,0,0,,,0,0,,1
SHV-HQ,PTT-1138,80716,80101,0.007619307200555037,78799,78180,0.00785542963743191,69300,69034,0.003838383838383863,84858,84169,0.00811944660491648,96056,95168,0.009244607312401065,99339,98369,0.009764543633416833,88664,87851,0.009169448705224181,95195,94302,0.009380744787016115,97146,96183,0.009912914582175247,89378,88610,0.008592718566090118,103390,102470,0.008898346068285101,96292,95393,0.009336185768288097,,1079133,1069830,0.008620809483168457,33
SHV-HQ,PTT-1151,46134,46142,0,36543,36547,0,39016,39027,0,46910,47277,0,47097,46735,0.00768626451790988,42619,42645,0,38055,38032,0.0006043883852319132,42392,42394,0,40910,40911,0,42525,42291,0.0055026455026454535,43233,43469,0,40844,42004,0,,506278,507474,0,1
SHV-HQ,PTT-1166,13135,13136,0,12295,12296,0,12389,12390,0,15934,15935,0,15784,15783,6.335529650280947e-05,15331,15329,0.00013045463440086724,10260,10261,0,10864,10863,9.204712812960203e-05,8612,8612,0,9894,9894,0,9837,9838,0,8556,8557,0,,142891,142894,0,1
SHV-HQ,PTT-117,106741,102096,0.043516549404633675,117878,112464,0.04592884168377476,119154,112808,0.05325880792923443,133173,126184,0.05248060793103704,143706,135544,0.056796515107232826,134721,127828,0.0511650002597962,121200,115188,0.04960396039603965,137330,130129,0.05243573873152263,138643,131365,0.05249453632711354,128980,122169,0.052806636687858566,141899,134486,0.05224138295548242,130034,120507,0.07326545365058368,,1553459,1470768,0.05323024296103085,161
SHV-HQ,PTT-1182,11230,11239,0,38031,38060,0,54976,55020,0,58557,58595,0,64002,64040,0,58902,58932,0,61245,61334,0,75234,75206,0.00037217215620599653,73068,73100,0,61881,61913,0,68281,68107,0.002548293082995312,64729,64918,0,,690136,690464,0,1
SHV-HQ,PTT-1192,0,0,,0,0,,0,0,,0,0,,0,0,,0,0,,0,0,,0,0,,0,0,,0,0,,0,0,,0,0,,,0,0,,1
SHV-HQ,PTT-1208,103320,105270,0,102514,104462,0,100066,101865,0,121735,123838,0,124923,127060,0,111482,113519,0,113980,116024,0,132368,134660,0,118920,121013,0,127493,129724,0,133393,135660,0,125763,127885,0,,1415957,1440980,0,1
SHV-HQ,PTT-122,247743,247571,0.0006942678501511423,222767,222614,0.0006868162699142921,227070,226916,0.0006782049588233141,270752,270563,0.0006980557853681901,265910,265721,0.0007107668007972912,288899,292407,0,247191,250330,0,271341,274745,0,279347,282625,0,302536,306367,0,312281,316259,0,283361,286952,0,,3219198,3243070,0,1
SHV-HQ,PTT-1256,0,0,,0,0,,0,0,,0,0,,0,0,,0,0,,0,0,,0,0,,0,0,,0,0,,0,0,,0,0,,,0,0,,0
SHV-HQ,PTT-1269,163040,165919,0,168768,171698,0,165412,168227,0,174119,177061,0,166020,168848,0,159974,162786,0,153440,156145,0,169370,172313,0,165364,168251,0,193869,197230,0,200970,204509,0,192881,196231,0,,2073227,2109218,0,1
SHV-HQ,PTT-1278,21891,21821,0.003197661139280994,15331,15281,0.003261365860022125,15916,15863,0.003329982407640153,20740,20666,0.0035679845708774804,16660,16601,0.003541416566626654,14315,14262,0.003702410059378325,13657,13609,0.0035146811159112445,18237,18172,0.003564182705488861,13811,13756,0.003982332923032406,11632,14036,0,15632,19215,0,20449,19972,0.023326324025624734,,198271,203254,0,1
SHV-HQ,PTT-1290,5355,6679,0,5000,6372,0,6575,7785,0,6137,7209,0,5467,6942,0,3450,4759,0,2510,3778,0,5338,6656,0,12647,13974,0,24425,25828,0,23448,24872,0,15206,16505,0,,115558,131359,0,1
SHV-HQ,PTT-1312,0,0,,0,0,,0,0,,0,0,,0,0,,0,0,,0,0,,0,0,,0,0,,0,0,,0,0,,0,0,,,0,0,,0
SHV-HQ,PTT-1313,0,0,,0,0,,0,0,,0,0,,0,0,,0,0,,0,0,,0,0,,0,0,,0,0,,0,0,,0,0,,,0,0,,1
SHV-HQ,PTT-1327,0,0,,0,0,,0,0,,0,0,,0,0,,0,0,,0,0,,0,0,,0,0,,0,0,,0,0,,0,0,,,0,0,,1
SHV-HQ,PTT-1334,0,0,,0,0,,0,0,,0,0,,0,0,,0,0,,0,0,,0,0,,0,0,,0,0,,0,0,,0,0,,,0,0,,0
SHV-HQ,PTT-1356,0,0,,0,0,,0,0,,0,0,,0,0,,328290,328001,0.0008803192299491336,278728,278478,0.0008969317757814288,303023,302719,0.0010032241777027107,315252,314941,0.000986512377399662,335826,335475,0.001045184113201425,346507,345821,0.0019797579846871916,331630,330226,0.004233633869070941,,2239256,2235661,0.001605443951026575,1
SHV-HQ,PTT-1358,0,0,,0,0,,0,0,,0,0,,0,0,,0,0,,0,0,,0,0,,0,0,,0,0,,0,0,,0,0,,,0,0,,0
SHV-HQ,PTT-1362,39869,39884,0,38526,38539,0,36974,36988,0,44773,44800,0,41976,41988,0,39975,39991,0,34939,34958,0,40080,40093,0,35795,35811,0,33875,33893,0,41932,41955,0,35819,35591,0.0063653368324073645,,464533,464491,9.041338290283196e-05,1
SHV-HQ,PTT-1371,13347,13355,0,6592,6597,0,20948,20964,0,10054,10062,0,3427,3429,0,7239,7245,0,19944,19959,0,70214,70266,0,76318,76376,0,67511,67563,0,48028,48066,0,38232,38262,0,,381854,382144,0,1
SHV-HQ,PTT-1374,23677,23677,0,23568,23579,0,24663,24193,0.01905688683452944,21901,22385,0,12719,12723,0,28041,28050,0,16568,16576,0,19887,19895,0,13359,13366,0,14566,14570,0,11470,11475,0,4845,4847,0,,215264,215336,0,1
SHV-HQ,PTT-1394,130314,133455,0,123935,126883,0,125022,127911,0,151001,154348,0,161015,164445,0,161599,165085,0,153873,157184,0,174910,178544,0,165836,169398,0,169728,173337,0,171404,175046,0,160457,163981,0,,1849094,1889617,0,1
SHV-HQ,PTT-1429,696,695,0.001436781609195359,1397,1398,0,0,888,0,0,1,0,0,0,,0,549,0,0,0,,0,0,,0,0,,0,0,,0,0,,0,0,,,2093,3531,0,0
SHV-HQ,PTT-1434,76797,76814,0,78031,78048,0,59619,59634,0,68095,68113,0,68320,68340,0,62555,62572,0,63490,63505,0,74180,74200,0,64561,64577,0,76451,76470,0,81414,81437,0,75852,75871,0,,849365,849581,0,1
SHV-HQ,PTT-1435,78999,77389,0.020380004810187424,82547,80897,0.019988612548002993,88769,87204,0.017630028500940642,102924,100927,0.019402666044848638,104260,102263,0.01915403798196813,91019,89206,0.01991891802810397,77724,76130,0.020508465853533053,104281,102307,0.018929622845964222,88703,87201,0.01693291095002425,103039,101206,0.017789380719921533,96451,94684,0.01832018330551266,86269,85228,0.01206690700019708,,1104985,1084642,0.0184102046634117,159
SHV-HQ,PTT-1455,20194,20200,0,17652,17658,0,17767,17771,0,22071,22080,0,24180,24188,0,26095,26104,0,19787,19795,0,22736,22744,0,17471,17477,0,19056,19063,0,21554,21562,0,19892,19898,0,,248455,248540,0,1
SHV-HQ,PTT-1458,1558,1444,0.07317073170731703,1978,1822,0.07886754297269971,4270,4200,0.016393442622950838,1481,1248,0.15732613099257253,1524,1292,0.15223097112860895,8296,8085,0.025433944069431003,3997,3788,0.05228921691268451,1613,1374,0.14817110973341596,1451,1209,0.1667815299793246,1478,1259,0.14817320703653591,1558,1327,0.1482670089858793,1442,1220,0.15395284327323167,,30646,28268,0.07759577106310778,1
SHV-HQ,PTT-146,0,0,,0,0,,0,0,,0,0,,0,0,,0,0,,0,0,,0,0,,0,0,,0,0,,0,0,,0,0,,,0,0,,0
SHV-HQ,PTT-1488,22240,22249,0,6863,6866,0,26065,26079,0,18738,18746,0,15330,15340,0,7307,7310,0,14043,14051,0,17578,17589,0,7407,7411,0,5802,5804,0,5964,5967,0,11430,11435,0,,158767,158847,0,1
SHV-HQ,PTT-1509,31952,31919,0.0010327991987981733,33052,33018,0.0010286820767275717,35637,35599,0.001066307489407059,39551,39507,0.0011124876741422929,40691,40647,0.001081320193654589,38991,38948,0.001102818599163946,36117,36076,0.001135199490544636,39589,39545,0.0011114198388441077,34063,34024,0.0011449373220209225,38434,38392,0.0010927824322214397,36726,36686,0.0010891466535969396,32935,32900,0.0010626992561104665,,437738,437261,0.001089692921336538,1
SHV-HQ,PTT-1514,74485,74437,0.0006444250520238892,86129,86078,0.0005921350532340774,67895,67857,0.0005596877531482969,64181,64149,0.000498589925367332,66812,66779,0.0004939232473208932,74112,74081,0.00041828583765113336,81581,81536,0.0005515990242825897,75275,75247,0.00037196944536699306,76371,76325,0.0006023228712469519,67417,67388,0.00043015856534700525,72902,72852,0.0006858522399934008,72000,71972,0.00038888888888888307,,879160,878701,0.0005220892670275701,1
SHV-HQ,PTT-1521,39360,38626,0.018648373983739863,37529,36837,0.018439073782941184,36353,35555,0.02195142079058121,42310,41493,0.01930985582604583,44136,43252,0.02002900126880547,42067,41216,0.020229633679606396,39839,39027,0.02038203770174951,51206,50111,0.021384212787563972,47062,46124,0.0199311546470613,47936,47067,0.01812833778371159,47266,45719,0.032729657682054714,51702,51602,0.0019341611543073345,,526766,516629,0.01924383882027314,54
SHV-HQ,PTT-1542,35445,35119,0.009197348003949779,36798,36479,0.008668949399423864,39751,39392,0.00903121934039397,37288,36947,0.009145033254666424,48670,48207,0.009513047051571855,42842,42436,0.009476681760888894,44263,43803,0.01039242708356869,44386,43904,0.010859279953138401,42491,42068,0.009955049304558594,38930,38570,0.009247367069098344,48521,48043,0.009851404546485032,42777,42365,0.009631343946513327,,502162,497333,0.009616418605947863,108
SHV-HQ,PTT-1559,208243,208099,0.0006914998343281464,211145,211001,0.0006819957848871461,206686,206550,0.0006580029610133709,234999,234845,0.0006553219375401431,234862,234702,0.0006812511176775837,235790,235628,0.0006870520378302603,215292,215142,0.0006967281645393619,251508,251330,0.0007077309668082066,227162,227001,0.0007087453007105227,239831,239656,0.0007296804833403225,248519,248343,0.0007081953492489301,214237,241857,0,,2728274,2754154,0,2
SHV-HQ,PTT-159,8318,8312,0.0007213272421254802,6787,6782,0.0007367025195226251,8917,8911,0.0006728720421665946,9341,9335,0.0006423295150411734,10125,10117,0.0007901234567900817,8024,8019,0.0006231306081754262,7788,7783,0.0006420133538778128,8971,8965,0.0006688217590011813,7088,7083,0.0007054176072234242,6190,6187,0.0004846526655896133,8124,8119,0.0006154603643525602,7848,7842,0.000764525993883769,,97521,97455,0.000676777309502552,1
SHV-HQ,PTT-1598,36307,36273,0.0009364585341670173,37441,37407,0.0009080954034347277,36604,36569,0.0009561796524969468,46334,46289,0.0009712090473518176,63101,63041,0.0009508565632874166,71851,71778,0.0010159914267025005,59412,59352,0.0010098969905070199,69578,69431,0.0021127367846158762,68602,68483,0.0017346433048599508,68971,68739,0.0033637325832596154,80053,79874,0.002236018637652548,74380,74294,0.0011562247916105939,,712634,711530,0.0015491823292180795,1
SHV-HQ,PTT-16,194000,185748,0.0425360824742268,189400,180005,0.04960401267159453,187400,177603,0.05227854855923164,207000,195759,0.05430434782608695,221600,216750,0.02188628158844763,189214,177177,0.06361580009935841,179377,162092,0.09636129492632839,204734,195059,0.04725644006369245,180208,167989,0.06780498091094733,163943,152686,0.06866410886710628,200254,186350,0.06943182158658501,187869,175339,0.06669541009959068,,2304999,2172557,0.057458593257524226,213
SHV-HQ,PTT-1637,86761,88231,0,85079,86568,0,78278,79599,0,66867,68021,0,100496,102153,0,84184,85631,0,77494,78869,0,88005,89520,0,79601,80972,0,83951,85425,0,88495,85416,0.034792926154019965,79352,85359,0,,998563,1015764,0,1
SHV-HQ,PTT-1647,32105,33659,0,119864,122188,0,227892,231202,0,278122,282188,0,288483,292730,0,294935,299243,0,276881,280895,0,339711,344747,0,311822,316323,0,324644,329411,0,318152,322870,0,301884,306269,0,,3114495,3161725,0,1
SHV-HQ,PTT-1655,110058,111471,0,102903,104263,0,98549,99821,0,120023,121558,0,108623,110021,0,118210,119720,0,107623,109022,0,109853,111269,0,104897,106263,0,110962,112403,0,110317,111760,0,103617,104989,0,,1305635,1322560,0,1
SHV-HQ,PTT-1657,1306040,1306140,0,1315480,1313090,0.0018168273177850969,1254170,1255750,0,1403280,1403450,0,1403320,1403270,3.5629792207059197e-05,1310770,1314940,0,1264860,1259850,0.003960912670176953,1363030,1365170,0,1244620,1240690,0.0031575902685156976,1254890,1258150,0,1311780,1307650,0.003148393785543324,1236830,1235910,0.0007438370673414907,,15669070,15664060,0.0003197381848444314,1
SHV-HQ,PTT-1679,0,0,,0,9938,0,0,0,,0,0,,0,0,,0,0,,9869,0,1,0,0,,0,0,,0,0,,0,0,,0,0,,,9869,9938,0,1
SHV-HQ,PTT-1680,9092,8822,0.029696436427628647,9737,9506,0.02372393961179009,9761,9527,0.023972953590820634,11231,10977,0.022615973644377174,9586,9408,0.01856874608804504,10509,10304,0.019507089161670987,10042,9838,0.020314678350926152,11248,10124,0.09992887624466573,18275,9385,0.4864569083447332,26859,25840,0.03793886592948359,28708,27640,0.03720217361014355,27608,26605,0.03633004926108374,,182656,167976,0.08036965662228446,69
SHV-HQ,PTT-1690,83484,85029,0,148714,151000,0,164002,166443,0,193901,196783,0,215821,219008,0,212136,215296,0,218954,222011,0,281755,285885,0,262472,266301,0,274260,278299,0,265185,269031,0,236665,240069,0,,2557349,2595155,0,1
SHV-HQ,PTT-1723,283995,287873,0,281514,285361,0,264562,268232,0,337127,341879,0,326230,330873,0,347948,352879,0,323565,328117,0,347532,352466,0,333570,338306,0,329662,334315,0,355372,360417,0,335362,340153,0,,3866439,3920871,0,1
SHV-HQ,PTT-1753,96752,98903,0,101251,103452,0,101496,103543,0,123319,125686,0,120983,123341,0,148035,150636,0,133259,135683,0,147664,150266,0,186857,189856,0,248426,252069,0,278046,282040,0,241270,244843,0,,1927358,1960318,0,1
SHV-HQ,PTT-1756,49901,51209,0,41365,42725,0,39381,40601,0,50993,52345,0,62520,63963,0,57402,58866,0,48593,49954,0,55559,57003,0,48679,50087,0,51955,53423,0,55797,57318,0,48114,49555,0,,610259,627049,0,1
SHV-HQ,PTT-1770,597195,611186,0,607158,621350,0,573094,586806,0,643871,659463,0,658320,674463,0,630515,645914,0,605320,619580,0,656672,672582,0,639130,654243,0,674498,690675,0,701192,718223,0,658265,673910,0,,7645230,7828395,0,1
SHV-HQ,PTT-1773,13752,14756,0,13552,14506,0,17926,18832,0,26462,27520,0,27717,28743,0,23550,24550,0,23266,24247,0,28228,29280,0,21601,22536,0,21615,22677,0,22017,23070,0,17031,18031,0,,256717,268748,0,1
SHV-HQ,PTT-1777,987,3579,0,1100,3984,0,1049,3806,0,1342,4877,0,1529,5565,0,1316,4802,0,1179,4311,0,1404,5148,0,1400,5154,0,1345,4947,0,1389,5118,0,2689,4412,0,,16729,55703,0,2
SHV-HQ,PTT-178,189536,183949,0.029477249704541575,188439,182694,0.03048731950392436,184884,178933,0.032187750156855155,191988,186421,0.028996603954413835,180285,176139,0.02299692154089361,176672,171147,0.03127264082593728,175138,169835,0.030278980004339484,221882,214168,0.03476622709368038,208321,202797,0.026516769792771733,193750,187355,0.033006451612903276,203685,197387,0.03092029359059334,196151,189426,0.03428481119137805,,2310731,2240251,0.030501170408844702,82
SHV-HQ,PTT-1783,2982,3704,0,2796,3529,0,4191,4860,0,4906,5671,0,2954,3631,0,4038,4784,0,3795,4552,0,3079,3802,0,3814,4527,0,3927,4672,0,5086,5913,0,3358,4134,0,,44926,53779,0,1
SHV-HQ,PTT-1789,971,2338,0,826,2133,0,758,1987,0,1110,2482,0,558,1748,0,876,2156,0,1233,2499,0,791,2112,0,877,2254,0,551,1932,0,1186,2539,0,1409,2697,0,,11146,26877,0,1
SHV-HQ,PTT-179,74230,73051,0.01588306614576318,88065,86559,0.01710100493953326,87415,85579,0.021003260310015426,91761,90106,0.018035984786565096,94489,92792,0.017959762512038457,80376,78928,0.018015327958594618,70026,67627,0.03425870390997632,83559,83234,0.003889467322490736,79696,78357,0.016801345111423394,72857,71618,0.017005915697873908,87944,86210,0.0197170926953516,89915,87953,0.021820608352332793,,1000333,982014,0.018312901803699377,58
SHV-HQ,PTT18,0,0,,0,0,,0,0,,0,0,,0,0,,0,0,,0,0,,0,0,,0,0,,0,0,,0,0,,0,0,,,0,0,,0
SHV-HQ,PTT-1821,10827,10840,0,10481,10491,0,10372,10381,0,11430,11440,0,14699,14712,0,11851,11865,0,10060,10071,0,14120,14132,0,10651,10671,0,12044,12064,0,12990,13009,0,11299,11316,0,,140824,140992,0,1
SHV-HQ,PTT-1828,13447,13413,0.0025284450063211006,13228,13206,0.0016631387964922695,13861,13817,0.0031743741432797012,15667,15609,0.003702048892576748,15127,15044,0.0054868777682289815,13620,13596,0.0017621145374449032,14670,14635,0.0023858214042262738,15620,15608,0.0007682458386684132,14975,14956,0.0012687813021702299,15200,15178,0.0014473684210526416,15993,16021,0,20435,20446,0,,181843,181529,0.0017267642966735108,50
SHV-HQ,PTT-1837,650145,659910,0,612733,622090,0,527005,534810,0,395430,401750,0,19466,21050,0,11890,13520,0,9260,10810,0,11361,12930,0,19360,21030,0,2427,3980,0,3179,4780,0,2254,3800,0,,2264510,2310460,0,1
SHV-HQ,PTT-1838,494077,501650,0,481813,489140,0,523568,531260,0,660755,670620,0,624113,633450,0,683378,693750,0,658414,668370,0,668756,678640,0,671591,682090,0,709527,720310,0,602673,611970,0,10545,12250,0,,6789210,6893500,0,1
SHV-HQ,PTT-1839,216609,220186,0,182123,186848,0,191005,192666,0,228646,232298,0,83339,85460,0,23371,24760,0,30082,31681,0,79981,81801,0,137575,140073,0,164191,166877,0,190207,193051,0,169738,172516,0,,1696867,1728217,0,1
SHV-HQ,PTT-1848,0,0,,0,0,,0,0,,0,0,,0,0,,0,0,,0,0,,0,0,,0,0,,0,0,,0,0,,0,0,,,0,0,,0
SHV-HQ,PTT-1853,4277,4277,0,4630,4630,0,4670,4670,0,1769,1768,0.0005652911249293124,0,0,,0,0,,0,0,,0,0,,0,0,,0,0,,31675,31685,0,20224,20225,0,,67245,67255,0,1
SHV-HQ,PTT-1854,191666,194920,0,165213,168410,0,152841,155770,0,194387,197620,0,212181,215400,0,298327,302220,0,291800,295570,0,303582,307660,0,314542,318670,0,357012,361770,0,547368,554190,0,527522,533950,0,,3556441,3606150,0,1
SHV-HQ,PTT-1861,3835,5141,0,3557,4816,0,3897,4955,0,3045,4182,0,3260,4391,0,3989,5181,0,4328,5514,0,4075,5170,0,4954,6027,0,5756,6792,0,10655,11647,0,11756,12756,0,,63107,76572,0,1
SHV-HQ,PTT19,0,0,,0,0,,0,0,,0,0,,0,0,,0,0,,0,0,,0,0,,0,0,,0,0,,0,0,,0,0,,,0,0,,0
SHV-HQ,PTT-1900,900710,901140,0,863760,863990,0,918200,918200,0,815700,815660,4.903763638597347e-05,952220,952029,0.00020058389867882997,943380,943221,0.00016854289893786234,857420,857270,0.00017494343495605413,613340,613320,3.2608341213657965e-05,731780,731740,5.466123698383285e-05,776300,776350,0,763509,763750,0,539040,530339,0.01614165924606703,,9675359,9667009,0.0008630170725447694,1
SHV-HQ,PTT-1905,5362,6772,0,4606,5905,0,4956,6187,0,6023,7386,0,4130,5426,0,4799,6151,0,4359,5659,0,4439,5777,0,4491,5837,0,3939,5323,0,5404,6750,0,7216,8661,0,,59724,75834,0,1
SHV-HQ,PTT-191,35369,34907,0.013062286182815463,30130,29639,0.016296050448058375,30138,29670,0.015528568584511238,35533,34964,0.01601328342667374,39581,38966,0.015537758015209291,41941,41231,0.016928542476335795,37802,37279,0.013835246812337942,38380,37758,0.01620635747785304,51919,50725,0.022997361274292638,53405,52586,0.015335642730081478,59881,58828,0.01758487667206632,55324,54417,0.016394331574000387,,509403,500970,0.01655467282289269,11
SHV-HQ,PTT-1947,0,0,,0,0,,0,0,,0,0,,0,0,,0,0,,126497,133260,0,79661,83050,0,79174,82570,0,84188,87600,0,85987,89450,0,89115,92720,0,,544622,568650,0,1
SHV-HQ,PTT-1948,0,0,,0,0,,0,0,,0,0,,0,0,,0,0,,0,1718,0,0,1254,0,770,2068,0,1131,2505,0,1858,3237,0,1525,2774,0,,5284,13556,0,1
SHV-HQ,PTT-1960,0,0,,0,0,,0,0,,0,0,,0,0,,0,0,,0,0,,0,0,,1348,18,0.9866468842729971,4870,5666,0,25778,25727,0.001978431220420518,52795,52579,0.004091296524292076,,84791,83990,0.009446757320942134,74
SHV-HQ,PTT-20,59332,58843,0.008241758241758212,58389,58053,0.005754508554693505,56366,55896,0.008338360004257916,66751,66023,0.010906203652379709,65963,65292,0.010172369358579791,68275,67596,0.009945075064079045,55038,54499,0.0097932337657618,62349,61721,0.010072334760782065,60695,60118,0.009506549139138287,52809,52458,0.006646594330511846,63516,62917,0.00943069462812518,66338,65630,0.010672615996864532,,735821,729046,0.009207402343776594,35
SHV-HQ,PTT-2004,0,0,,0,0,,0,0,,0,0,,0,0,,0,0,,0,0,,0,0,,0,0,,0,0,,0,0,,0,0,,,0,0,,0
SHV-HQ,PTT217,0,0,,0,0,,0,0,,0,0,,0,0,,0,0,,0,0,,0,0,,0,0,,0,0,,0,0,,0,0,,,0,0,,0
SHV-HQ,PTT-227,6277,6278,0,5476,5477,0,5322,5323,0,4454,4455,0,3692,3693,0,4153,4154,0,4649,4649,0,4490,4491,0,3496,3497,0,3102,3102,0,3055,3056,0,3680,3680,0,,51846,51855,0,1
SHV-HQ,PTT-229,0,0,,0,0,,0,0,,0,0,,0,0,,0,0,,0,0,,0,0,,0,0,,0,0,,0,0,,0,0,,,0,0,,0
SHV-HQ,PTT-231,513620,513830,0,466660,466840,0,459020,459210,0,516160,516400,0,512390,512630,0,513430,513670,0,420220,420430,0,452390,452620,0,416630,416840,0,461660,461880,0,478400,478640,0,313810,313960,0,,5524390,5526950,0,1
SHV-HQ,PTT-232,48033,48026,0.00014573314179833208,44570,44563,0.00015705631590756663,40298,42183,0,48544,48788,0,46592,48667,0,47011,49252,0,40337,42360,0,44250,46421,0,45369,47543,0,45434,47675,0,45946,48223,0,44779,46970,0,,541163,560671,0,1
SHV-HQ,PTT-233,234408,229512,0.020886659158390497,242448,236755,0.02348132383026469,236392,230503,0.024912010558732933,271234,264841,0.023570053901797006,299432,292295,0.023835127842047665,265487,259312,0.023259142632219287,249577,236226,0.05349451271551464,276728,277182,0,280368,273945,0.022909176510871432,265814,259273,0.024607432264666218,299176,291253,0.026482739257159715,285877,279511,0.022268318192789183,,3206941,3130608,0.02380243353401268,234
SHV-HQ,PTT-238,114435,108421,0.0525538515314371,112575,106412,0.05474572507217412,114209,106902,0.06397919603533875,122179,115033,0.058487956195418245,126494,119390,0.05616076651857005,126055,118775,0.05775256832335096,121205,114269,0.05722536199001693,116774,126447,0,58982,57844,0.019294021904987968,57713,56502,0.0209831407135308,61300,60031,0.02070146818923324,60158,59072,0.0180524618504605,,1192079,1149098,0.036055496321971914,93
SHV-HQ,PTT-28,227772,224583,0.014000842948211356,200794,197959,0.014118947777324031,208863,205676,0.015258806011596127,249330,245125,0.016865198732603393,246687,242584,0.016632412733544988,256727,252279,0.017325797442419355,239740,235471,0.017806790689914087,266090,260523,0.02092149272802435,257690,248999,0.03372657068570761,228256,226612,0.007202439366325475,254875,249793,0.01993918587542909,242544,237691,0.02000874068210301,,2879368,2827295,0.0180848714023355,121
SHV-HQ,PTT-29,297300,292971,0.014561049445005025,284100,284899,0,291300,285148,0.021119121180913192,352500,346885,0.015929078014184417,340200,334581,0.01651675485008819,366396,358851,0.020592473716961934,301127,295848,0.017530809259880376,351332,344387,0.019767627201621285,334545,328988,0.016610620394864717,316444,310954,0.017349041220563466,358179,351358,0.019043550850273205,329509,323878,0.017089062817707612,,3922932,3858748,0.01636123185413363,319
SHV-HQ,PTT-299,83553,83513,0.0004787380465094415,98487,98430,0.0005787565871637756,101328,101286,0.0004144954997631345,119535,119475,0.000501945037018392,116737,116681,0.000479710802915978,113327,113272,0.00048532123853983755,129473,129413,0.00046341708309838303,155754,155675,0.0005072100877023811,134372,134307,0.0004837317298246324,135566,135494,0.0005311066196539427,138472,138401,0.0005127390374949359,137687,137608,0.0005737651339632333,,1464291,1463555,0.0005026323319613502,1
SHV-HQ,PTT-30,152283,147838,0.02918907560266082,142845,139298,0.024831110644404797,142421,138496,0.027559138048461995,184940,179788,0.02785768357305074,191791,186427,0.027967944272671796,208666,202738,0.02840903645059567,180151,175233,0.027299321125056175,196836,190537,0.032001259932126214,186831,182562,0.022849527112738244,163812,157471,0.038709007887090086,173455,166841,0.03813092732985501,147115,144002,0.0211603167589981,,2071146,2011231,0.02892842899534842,98
SHV-HQ,PTT-305,225184,228556,0,242842,246401,0,265413,269365,0,297488,301915,0,304095,308561,0,292144,296554,0,256265,260186,0,309313,313940,0,282762,287024,0,282985,287113,0,309083,313765,0,279270,283528,0,,3346844,3396908,0,1
SHV-HQ,PTT-31,145200,142398,0.019297520661156975,130200,126994,0.024623655913978526,127800,124928,0.02247261345852891,156600,152273,0.027630906768837837,151800,147578,0.027812911725955236,167279,161374,0.03530030667328232,139588,135047,0.03253144969481614,153700,148744,0.03224463240078079,164149,158500,0.03441385570426869,161641,156041,0.03464467554642692,187520,180462,0.03763865187713311,192852,185217,0.03958994462074539,,1878329,1819556,0.031290045567097136,134
SHV-HQ,PTT318,0,0,,0,0,,0,0,,0,0,,0,0,,0,0,,0,0,,0,0,,0,0,,0,0,,0,0,,0,0,,,0,0,,0
SHV-HQ,PTT-323,122875,122887,0,113273,113284,0,108876,108885,0,102143,102151,0,108333,108343,0,111460,111468,0,67778,67783,0,10158,10159,0,10274,10274,0,11182,11183,0,10043,10045,0,8903,8904,0,,785298,785366,0,1
SHV-HQ,PTT-329,216582,216478,0.00048018764255575164,220850,220744,0.0004799637763187592,200049,199939,0.0005498652830057127,230985,230879,0.0004589042578522218,251752,251630,0.0004846038958975507,240963,240850,0.00046895166477844974,207207,207109,0.0004729569946960721,227585,227475,0.00048333589647819863,231254,231138,0.0005016129450733375,199722,199613,0.0005457586044601559,223974,223859,0.0005134524543026764,203300,203189,0.0005459911460895528,,2654223,2652903,0.0004973206848105649,1
SHV-HQ,PTT344,0,0,,0,0,,0,0,,0,0,,0,0,,0,0,,0,0,,0,0,,0,0,,0,0,,0,0,,0,0,,,0,0,,0
SHV-HQ,PTT-346,76910,76875,0.00045507736315175684,78855,77576,0.016219643649736826,74135,72545,0.021447359546772793,83478,82239,0.014842233881980915,93653,91943,0.018258891866784865,82436,80994,0.017492357707797557,75637,74314,0.017491439374909157,82333,75432,0.08381815310993157,80495,84385,0,76533,75046,0.019429527132086788,91091,89215,0.020594789825559068,85820,83889,0.022500582614775055,,981376,964453,0.01724415514542843,70
SHV-HQ,PTT-351,329587,329522,0.00019721651642812255,326499,326455,0.00013476304674742146,330362,330310,0.00015740309115452877,352438,352377,0.00017308008784522322,348936,348876,0.0001719513033908715,328557,328505,0.00015826781958683256,298826,298768,0.00019409288348404274,333179,333143,0.00010805002716263168,305967,305916,0.00016668464246138992,341447,341392,0.0001610791718773541,339313,339264,0.00014440943907245707,312442,312385,0.00018243385972438464,,3947553,3946913,0.0001621257523332087,1
SHV-HQ,PTT-366,0,0,,0,0,,0,0,,0,0,,0,0,,0,0,,0,0,,0,0,,0,0,,0,0,,0,0,,0,0,,,0,0,,0
SHV-HQ,PTT382,0,0,,0,0,,0,0,,0,0,,0,0,,0,0,,0,0,,0,0,,0,0,,0,0,,0,0,,0,0,,,0,0,,0
SHV-HQ,PTT-390,55809,57178,0,44174,45405,0,41884,43015,0,44244,45484,0,49918,51166,0,50749,52048,0,40014,41224,0,36388,37522,0,42082,43122,0,53214,54763,0,59167,59982,0,43752,45520,0,,561395,576429,0,1
SHV-HQ,PTT-393,214213,214015,0.000924313650431996,201661,201467,0.0009620105027744463,220415,220234,0.0008211782319714755,254169,253974,0.0007672060715507856,260839,260647,0.0007360862447717276,245072,244911,0.0006569497943461622,255650,255495,0.000606297672599232,306161,305966,0.0006369197905676804,280418,280238,0.000641898879529812,303240,303047,0.0006364595699775988,302834,302639,0.0006439171295165025,288570,288344,0.0007831721939217662,,3133242,3130977,0.0007228934119994923,1
SHV-HQ,PTT-396,0,0,,0,0,,0,0,,0,0,,0,0,,0,0,,0,0,,0,0,,0,0,,0,0,,0,0,,0,0,,,0,0,,0
SHV-HQ,PTT-399,184362,187294,0,182301,185172,0,176571,179334,0,195743,198828,0,190968,194000,0,195753,198890,0,181413,184275,0,194905,198086,0,186548,189546,0,186514,189412,0,195629,198626,0,204299,207501,0,,2275006,2310964,0,1
SHV-HQ,PTT-403,28775,28788,0,25803,25816,0,29820,29835,0,30062,30079,0,33532,33551,0,31892,31909,0,30528,30548,0,35001,35021,0,9668,9675,0,5016,5019,0,1048,1050,0,994,995,0,,262139,262286,0,1
SHV-HQ,PTT-408,321205,357599,0,330096,335613,0,175672,178886,0,196588,200188,0,182506,185915,0,163570,166670,0,158647,161714,0,174282,177625,0,175990,179323,0,213216,217104,0,284409,289406,0,315172,320541,0,,2691353,2770584,0,1
SHV-HQ,PTT424,0,0,,0,0,,0,0,,0,0,,0,0,,0,0,,0,0,,0,0,,0,0,,0,0,,0,0,,0,0,,,0,0,,0
SHV-HQ,PTT-429,0,0,,0,0,,0,0,,0,0,,0,0,,0,0,,0,0,,0,0,,0,0,,0,0,,0,0,,0,0,,,0,0,,1
SHV-HQ,PTT433,0,0,,0,0,,0,0,,0,0,,0,0,,0,0,,0,0,,0,0,,0,0,,0,0,,0,0,,0,0,,,0,0,,0
SHV-HQ,PTT-436,31440,31450,0,30110,30130,0,30000,30030,0,33350,33380,0,37380,37430,0,43230,43270,0,40250,40280,0,44360,44380,0,51980,52030,0,58800,58290,0.00867346938775515,67270,67769,0,57200,57551,0,,525370,525990,0,1
SHV-HQ,PTT-437,39925,40987,0,35549,36612,0,31323,32216,0,34698,35653,0,34806,35750,0,33289,34269,0,96590,98349,0,211900,215219,0,227512,231134,0,261356,265450,0,235634,239189,0,332964,338198,0,,1575546,1603026,0,1
SHV-HQ,PTT-440,0,0,,0,0,,0,0,,0,0,,0,0,,0,0,,0,0,,0,0,,0,0,,0,0,,0,0,,0,0,,,0,0,,0
SHV-HQ,PTT-447,104716,104597,0.0011364070438137919,88725,88628,0.001093265708650315,92682,92561,0.001305539371183162,115332,115225,0.0009277563902473362,111766,111640,0.0011273553674641112,123473,123343,0.0010528617592510114,101771,101665,0.001041554077291118,117926,117800,0.0010684666655360608,116219,116111,0.0009292800660821721,120651,120519,0.0010940646990078573,129530,129858,0,116148,117242,0,,1338939,1339189,0,1
SHV-HQ,PTT-450,79463,79600,0,78759,78902,0,65669,65778,0,79926,80051,0,79361,79485,0,79645,79768,0,71376,71476,0,75111,75220,0,71841,71968,0,75491,75608,0,83627,83759,0,77852,78504,0,,918121,920119,0,1
SHV-HQ,PTT-454,307756,312950,0,293433,298465,0,279532,284277,0,349172,355013,0,360281,366325,0,356384,362158,0,325584,331440,0,397102,403968,0,403785,410694,0,404701,411622,0,392826,399457,0,365968,372142,0,,4236524,4308511,0,1
SHV-HQ,PTT-456,181555,184204,0,158325,160680,0,153023,155345,0,196084,198925,0,190589,193324,0,206885,209800,0,179450,182031,0,208769,211782,0,203245,206032,0,214096,217116,0,225115,228233,0,187288,189961,0,,2304424,2337433,0,1
SHV-HQ,PTT459,0,0,,0,0,,0,0,,0,0,,0,0,,0,0,,0,0,,0,0,,0,0,,0,0,,0,0,,0,0,,,0,0,,0
SHV-HQ,PTT-466,1178,1178,0,1349,1350,0,1080,1079,0.0009259259259258856,1155,1154,0.0008658008658009031,1203,1204,0,1235,1234,0.0008097165991902688,1159,1158,0.0008628127696289623,1185,1186,0,1204,1204,0,1329,1328,0.0007524454477050302,2021,2021,0,2374,2373,0.0004212299915753448,,16472,16469,0.00018212724623600796,1
SHV-HQ,PTT-472,228390,228530,0,211200,211320,0,447390,447650,0,684220,684610,0,941240,941790,0,1177290,1177950,0,1177140,1177840,0,1467740,1468590,0,1336440,1337210,0,1319020,1319870,0,1461210,1461010,0.00013687286563879297,1406810,1400400,0.004556407759398917,,11858090,11856770,0.00011131640930372999,1
SHV-HQ,PTT473,0,0,,0,0,,0,0,,0,0,,0,0,,0,0,,0,0,,0,0,,0,0,,0,0,,0,0,,0,0,,,0,0,,0
SHV-HQ,PTT-479,1120,1121,0,1153,1153,0,1065,1066,0,0,1178,0,0,1216,0,1705,1192,0.30087976539589445,1150,1152,0,1231,1233,0,1183,1183,0,1166,1168,0,1776,1777,0,3005,3008,0,,14554,16447,0,1
SHV-HQ,PTT-490,0,0,,0,0,,0,0,,0,0,,0,0,,0,0,,0,0,,0,0,,0,0,,0,0,,0,0,,0,0,,,0,0,,0
SHV-HQ,PTT-492,58081,60019,0,71182,71163,0.0002669214127166697,70858,72655,0,80142,81957,0,76865,78124,0,69493,71794,0,67191,68903,0,80622,82514,0,71437,73200,0,65987,67609,0,66777,68578,0,36587,38175,0,,815222,834691,0,1
SHV-HQ,PTT-499,366176,366018,0.000431486498295941,385570,385414,0.00040459579324114703,385684,385518,0.0004304041650677881,429508,429309,0.0004633208228950192,393768,393579,0.00047997805814592454,403508,403310,0.0004906965908978433,388675,388489,0.0004785489161895917,450897,450677,0.0004879163090462102,453582,453361,0.0004872327385125885,449512,449289,0.0004960935414405343,455159,454930,0.0005031208874261006,413771,413572,0.0004809423570042437,,4975810,4973466,0.0004710790805918519,1
SHV-HQ,PTT-502,103603,100516,0.029796434466183408,98828,96831,0.02020682397701057,106323,103264,0.028770820988873513,124930,121086,0.03076923076923077,127520,123263,0.03338299874529482,119453,115855,0.030120633219760107,107322,104300,0.028158252734760802,119427,115764,0.030671456203371084,93089,89440,0.039199046074187116,78964,75296,0.046451547540651394,90216,85853,0.048361709674558884,83682,79962,0.044454004445400486,,1253357,1211430,0.03345176194811217,85
SHV-HQ,PTT-52,4281,4379,0,4021,4112,0,5167,5291,0,5690,5825,0,6576,6737,0,4895,4998,0,5316,5431,0,8352,8513,0,11091,11230,0,17414,17420,0,15838,16014,0,17608,17019,0.033450704225352124,,106249,106969,0,2
SHV-HQ,PTT-531,50734,50659,0.0014782985768911905,55758,55665,0.001667922091897145,59821,59715,0.001771952993096071,68996,68874,0.0017682184474462348,75487,75359,0.0016956562057043323,0,68464,0,21999,59651,0,68986,68984,2.8991389557253555e-05,62683,62194,0.0078011582087647025,64067,64087,0,69695,69695,0,65992,65697,0.0044702388168262885,,664218,769044,0,1
SHV-HQ,PTT-532,0,0,,0,0,,0,0,,0,0,,0,0,,0,0,,0,0,,0,0,,0,0,,0,0,,0,0,,0,0,,,0,0,,0
SHV-HQ,PTT-534,0,0,,0,0,,0,0,,0,0,,0,0,,0,0,,0,0,,0,0,,0,0,,0,0,,0,0,,0,0,,,0,0,,0
SHV-HQ,PTT-538,188094,190690,0,191450,194027,0,193867,194883,0,228300,224600,0.01620674551029344,221937,221704,0.0010498474792396406,200669,196916,0.018702440337072468,185864,187060,0,199177,198835,0.001717065725460265,188380,190065,0,194094,194055,0.00020093356827100006,182055,179839,0.01217214578012138,182614,133256,0.27028595836025715,,2356501,2305930,0.021460207315846636,1
SHV-HQ,PTT-542,13709,13689,0.0014588956160186406,12291,12272,0.0015458465543893851,37421,37410,0.0002939525934635423,81945,81919,0.0003172859845017584,86789,86753,0.00041479911048636353,77220,77187,0.00042735042735042583,73621,73591,0.0004074924274324321,88712,88667,0.0005072594462981472,87838,87798,0.00045538377467613245,98167,98107,0.0006112033575438325,104357,104283,0.0007091043245781581,97388,97312,0.0007803836201585312,,859458,858988,0.0005468562745357675,1
SHV-HQ,PTT-543,0,0,,0,0,,0,0,,0,0,,0,0,,0,0,,0,0,,0,0,,0,0,,0,0,,0,0,,0,0,,,0,0,,1
SHV-HQ,PTT-544,63092,63065,0.0004279464908387709,59382,59356,0.0004378431174429931,58316,58285,0.0005315865285684396,74634,74592,0.0005627462014631268,83001,82954,0.0005662582378525016,84941,84894,0.0005533252492906371,82008,81970,0.0004633694273729061,95727,95682,0.00047008680936411196,90400,90352,0.0005309734513274655,96437,96391,0.00047699534411060895,102495,102441,0.0005268549685349955,93564,92975,0.006295156256679868,,983997,982957,0.001056913791403824,1
SHV-HQ,PTT547,0,0,,0,0,,0,0,,0,0,,0,0,,0,0,,0,0,,0,0,,0,0,,0,0,,0,0,,0,0,,,0,0,,0
SHV-HQ,PTT-551,231856,231729,0.0005477537782071495,198160,198124,0.00018167137666535993,201982,201987,0,290169,290110,0.00020332978367776366,240053,240100,0,268746,263320,0.020190067945197288,412800,422040,0,496541,377740,0.2392571811793991,534743,648750,0,595857,587659,0.013758334633981018,609509,611040,0,554870,560730,0,,4635286,4633329,0.00042219617085115235,1
SHV-HQ,PTT-557,150490,150520,0,114930,114920,8.700948403372877e-05,101600,101670,0,110280,110310,0,111040,111070,0,89240,89270,0,85490,85510,0,98760,98790,0,96100,96130,0,106140,106230,0,100130,100090,0.000399480675122299,106110,106140,0,,1270310,1270650,0,1
SHV-HQ,PTT-565,342600,341608,0.002895504962054929,351641,350636,0.002858028500658305,343905,342918,0.002869978627818681,370100,369040,0.0028640907862740317,346670,345658,0.002919202699974033,342949,341941,0.0029392125359747334,325701,324743,0.002941348046214154,353425,352405,0.0028860437150739493,344046,343076,0.0028193904303494,353931,352930,0.0028282348819402836,350486,349496,0.00282464920139458,315144,314242,0.002862183636686666,,4140598,4128693,0.002875188559720132,1
SHV-HQ,PTT-567,263311,263061,0.0009494476113797168,248310,248070,0.000966533768273492,254440,254220,0.0008646439239113901,273360,273139,0.0008084577114427782,298819,298584,0.0007864292431204456,273491,273286,0.0007495676274539287,266140,265931,0.0007853009694146484,304670,304480,0.0006236255620836184,274960,274743,0.0007892057026476218,294920,294707,0.000722229757222248,317533,317309,0.0007054384898577126,383016,382071,0.0024672598533742596,,3452970,3449601,0.000975681804359696,1
SHV-HQ,PTT-584,20965,20957,0.0003815883615549964,17519,29377,0,19089,7219,0.6218240871706218,31240,31186,0.0017285531370038187,28108,28061,0.0016721218158531892,37980,37920,0.0015797788309637184,38706,38648,0.0014984756885237926,52845,52773,0.0013624751632131948,65531,65442,0.001358135844104269,75790,75798,0,106810,105740,0.010017788596573318,33378,34140,0,,527961,527261,0.0013258555082666934,1
SHV-HQ,PTT-585,0,0,,0,0,,0,0,,0,0,,0,0,,0,0,,0,0,,0,0,,0,0,,0,0,,0,0,,1257,1284,0,,1257,1284,0,1
SHV-HQ,PTT-609,0,0,,0,0,,0,0,,0,0,,0,0,,0,0,,0,0,,0,0,,0,0,,0,0,,0,0,,0,0,,,0,0,,1
SHV-HQ,PTT632,0,0,,0,0,,0,0,,0,0,,0,0,,0,0,,0,0,,0,0,,0,0,,0,0,,0,0,,0,0,,,0,0,,0
SHV-HQ,PTT-652,0,0,,0,0,,0,0,,0,0,,0,0,,0,0,,0,0,,0,0,,0,0,,0,0,,0,0,,0,0,,,0,0,,1
SHV-HQ,PTT-660,62921,62919,3.1785890243329895e-05,70661,70660,1.4152078232743115e-05,56647,56647,0,79552,79554,0,62977,63459,0,55145,55720,0,49711,50265,0,67566,68233,0,69459,69971,0,65144,65522,0,80839,81161,0,65662,65852,0,,786284,789963,0,1
SHV-HQ,PTT662,0,0,,0,0,,0,0,,0,0,,0,0,,0,0,,0,0,,0,0,,0,0,,0,0,,0,0,,0,0,,,0,0,,0
SHV-HQ,PTT-673,1396,1396,0,1433,1432,0.0006978367062107083,1218,1217,0.0008210180623974273,1365,1364,0.00073260073260073,1559,1559,0,1522,1521,0.0006570302233902536,1375,1374,0.0007272727272726875,1542,1541,0.0006485084306095956,1355,1354,0.0007380073800737907,1370,1370,0,1519,1519,0,1365,1364,0.00073260073260073,,17019,17011,0.0004700628709090049,1
SHV-HQ,PTT-684,94240,94250,0,0,0,,0,0,,0,0,,0,0,,0,0,,0,0,,0,0,,0,0,,0,0,,0,0,,0,0,,,94240,94250,0,0
SHV-HQ,PTT-691,0,0,,0,0,,0,0,,0,0,,0,0,,0,0,,0,0,,0,0,,0,0,,0,0,,0,0,,0,0,,,0,0,,1
SHV-HQ,PTT-692,59352,57874,0.024902277935031636,62275,60544,0.027796065837013217,63704,61833,0.02937021223157099,69441,67312,0.0306591206923863,59904,58209,0.028295272435897467,60160,56955,0.05327460106382975,53661,53795,0,74067,72250,0.024531842790986524,61354,59084,0.03699840271212962,64530,63243,0.0199442119944212,67667,65745,0.02840380096649775,67654,65407,0.03321311378484637,,763769,742251,0.028173439875145534,146
SHV-HQ,PTT-696,12213,13344,0,5259,6334,0,3340,4168,0,3469,4430,0,25703,26837,0,54827,56266,0,73184,74787,0,93684,95531,0,91950,93787,0,93627,95512,0,93031,94919,0,88924,90758,0,,639211,656673,0,1
SHV-HQ,PTT-697,1093,1096,0,0,0,,0,0,,0,0,,0,0,,0,0,,0,0,,0,0,,0,0,,0,0,,766,720,0.06005221932114879,372,416,0,,2231,2232,0,1
SHV-HQ,PTT-700,0,0,,0,0,,0,0,,0,0,,0,0,,232,232,0,1710,1710,0,6203,6206,0,8267,8270,0,5980,5982,0,8048,8051,0,8571,8573,0,,39011,39024,0,1
SHV-HQ,PTT-703,35025,36110,0,31922,32992,0,31614,32589,0,21223,22229,0,14736,15701,0,11800,12768,0,10721,11650,0,7733,8664,0,6506,7443,0,4874,5817,0,4685,5687,0,3549,4519,0,,184388,196169,0,1
SHV-HQ,PTT-713,130588,130582,4.594602873153608e-05,131395,131388,5.327447771985572e-05,116553,116552,8.579787736051614e-06,138549,138553,0,122643,122644,0,131546,131547,0,84591,84594,0,23348,23348,0,10847,10847,0,5635,5637,0,7029,7032,0,6646,6648,0,,909370,909372,0,1
SHV-HQ,PTT-740,38438,38393,0.001170716478484879,36709,36667,0.0011441335912174555,35998,35957,0.001138952164009166,38479,38433,0.001195457262402888,40144,40095,0.001220605819051368,38106,38062,0.0011546738046501748,34004,33966,0.0011175155864016073,40663,40615,0.0011804343014534258,32268,31866,0.012458162885831126,38163,38484,0,38511,38466,0.0011684973124561626,36084,35778,0.008480212836714296,,447567,446782,0.0017539273449561632,1
SHV-HQ,PTT-747,2250,2250,0,2220,2230,0,2020,2020,0,2200,2190,0.004545454545454519,2210,2220,0,2470,2470,0,2120,2120,0,2550,2550,0,2390,2390,0,2180,2190,0,2410,2410,0,2230,2240,0,,27250,27280,0,1
SHV-HQ,PTT-749,41446,41468,0,48446,48472,0,52615,52645,0,64431,64470,0,64199,64239,0,59665,59701,0,53991,54025,0,64909,64949,0,52344,52376,0,58163,58199,0,63097,63135,0,56178,56211,0,,679484,679890,0,1
SHV-HQ,PTT-757,319529,323352,0,300419,304022,0,275695,278930,0,295757,299171,0,286370,289697,0,286778,290182,0,240559,243501,0,252277,255425,0,274142,277470,0,294102,297625,0,327491,331243,0,312997,316731,0,,3466116,3507349,0,1
SHV-HQ,PTT-760,219304,222744,0,208851,212198,0,157594,160174,0,160360,163000,0,190743,193694,0,195386,198454,0,181526,184457,0,225696,229167,0,237298,241044,0,251845,255810,0,272478,276707,0,237811,241550,0,,2538892,2578999,0,1
SHV-HQ,PTT-769,0,0,,0,0,,0,0,,0,0,,0,0,,0,0,,0,0,,0,0,,0,0,,0,0,,0,0,,0,0,,,0,0,,0
SHV-HQ,PTT-805,3463,3350,0.032630667051689266,3749,3640,0.029074419845292132,3590,3490,0.027855153203342642,3177,3080,0.030531948378973883,4398,4280,0.02683037744429284,4527,4480,0.01038215153523303,3854,3830,0.0062272963155163286,4286,4190,0.022398506766215576,4170,4210,0,4140,4140,0,4786,4760,0.0054325114918512,4264,4220,0.010318949343339545,,48404,47670,0.015164036030080208,1
SHV-HQ,PTT-813,123735,121128,0.021069220511577114,142029,138325,0.026079181012328423,135805,132232,0.0263097824086006,103014,101475,0.01493971693167917,125176,122828,0.018757589314245537,129227,127145,0.01611118419525326,110500,108254,0.020325791855203668,133979,123308,0.0796468103210205,142893,144428,0,137097,133079,0.029307716434349373,151367,146669,0.031037148123435054,133741,130495,0.024270792053297074,,1568563,1529366,0.024989114240231314,64
SHV-HQ,PTT-817,0,0,,0,0,,0,0,,0,0,,0,0,,0,0,,0,0,,0,0,,0,0,,0,0,,0,0,,0,0,,,0,0,,0
SHV-HQ,PTT-818,194876,194807,0.0003540713068823642,195347,195250,0.0004965522890036933,186932,190246,0,222554,226853,0,246879,251224,0,248485,252982,0,224996,229146,0,223991,228118,0,213198,217208,0,213086,216346,0,232169,237090,0,154492,157821,0,,2557005,2597091,0,1
SHV-HQ,PTT-829,102545,104663,0,104631,106888,0,92412,94270,0,108195,110376,0,103179,105261,0,101864,104030,0,104911,107135,0,114734,117099,0,102534,103883,0,96525,99415,0,91376,93401,0,92464,93687,0,,1215370,1240108,0,1
SHV-HQ,PTT-840,382581,382611,0,350020,350054,0,375979,376012,0,431164,431203,0,418673,418714,0,390988,391038,0,363226,363285,0,444625,444664,0,394725,394188,0.001360440813224395,440244,440881,0,468893,468943,0,480278,480265,2.7067656648838145e-05,,4941396,4941858,0,1
SHV-HQ,PTT-841,5392,5394,0,7603,7597,0.0007891621728265408,14442,14457,0,14061,14066,0,18742,18749,0,26031,26042,0,32844,32859,0,35741,35755,0,28925,28937,0,30680,30692,0,32387,32401,0,22179,22164,0.0006763154335182042,,269027,269113,0,1
SHV-HQ,PTT-851,170816,170392,0.0024822030723117283,216523,215980,0.0025078167215492053,211957,211446,0.002410866354968233,258672,258068,0.0023350034019916643,268034,267402,0.002357909817411241,269601,268912,0.0025556285028616177,261340,260647,0.0026517180684165753,299757,299029,0.0024286338600932877,249312,248656,0.0026312411757155596,267153,266476,0.0025341283833608674,274712,274032,0.0024753196074434047,248438,247878,0.0022540835137941917,,2996315,2988918,0.002468699052002199,1
SHV-HQ,PTT-861,48924,48937,0,59501,59514,0,51077,51087,0,66695,66699,0,81962,81988,0,74558,74573,0,69515,69530,0,82998,83015,0,72741,72753,0,79096,79113,0,90334,90348,0,78634,78657,0,,856035,856214,0,1
SHV-HQ,PTT-894,16205,16211,0,14338,14343,0,13978,13983,0,14136,14142,0,12390,12396,0,15596,15603,0,13415,13423,0,11207,11210,0,13925,13932,0,13660,13666,0,13603,13609,0,10756,10760,0,,163209,163278,0,1
SHV-HQ,PTT906,0,0,,0,0,,0,0,,0,0,,0,0,,0,0,,0,0,,0,0,,0,0,,0,0,,0,0,,0,0,,,0,0,,0
SHV-HQ,PTT-938,177639,177552,0.0004897573168054503,152286,152209,0.0005056275691790457,156709,156624,0.000542406626294567,166980,166890,0.0005389867049946373,184038,183941,0.0005270650626501006,196743,196665,0.0003964562906939584,175312,175224,0.0005019622159350146,169342,169267,0.00044289071819159087,70410,70358,0.0007385314585995895,53457,53414,0.0008043848326692027,54882,54839,0.0007834991436171945,51165,51123,0.0008208736440926678,,1608963,1608106,0.0005326412105187694,1
SHV-HQ,PTT-954,64460,64350,0.0017064846416382506,60070,59940,0.0021641418345264007,58360,58240,0.0020562028786840214,56150,56040,0.0019590382902938686,40480,40410,0.0017292490118576698,52090,52030,0.00115185256287198,76970,76900,0.0009094452384045271,78650,78740,0,92460,92620,0,78250,78420,0,88090,88340,0,89830,90040,0,,835860,836070,0,1
SHV-HQ,PTT-955,18130,18093,0.0020408163265306367,15524,15543,0,15295,15289,0.00039228506047728207,18577,18570,0.0003768100339128777,21404,21408,0,22003,21977,0.0011816570467663157,20137,20128,0.0004469384714704816,24686,24672,0.0005671230657052773,28806,28786,0.0006942997986530974,33131,33111,0.000603664241948576,38518,38497,0.0005451996469183484,41723,41775,0,,297934,297849,0.0002852980861532961,1
SHV-HQ,PTT-987,2727,2727,0,2705,2704,0.0003696857670979492,3059,3060,0,3598,3597,0.00027793218454696955,2962,2961,0.0003376097231599928,2833,2832,0.0003529827038475375,2731,2732,0,3261,3260,0.00030665440049060244,2600,2600,0,2286,2285,0.0004374453193350947,2375,2375,0,2260,2259,0.0004424778761061843,,33397,33392,0.0001497140461718116,1
SHV-HQ,S KCR-15,33176,34163,0,35166,36153,0,33505,34398,0,38177,39183,0,37415,38378,0,35760,36761,0,36133,37103,0,39755,40193,0,40944,42021,0,40730,41595,0,41821,42945,0,38971,39861,0,,451553,462754,0,1
SHV-HQ,S KCR-16,28592,29307,0,28867,29548,0,27487,28118,0,31212,31929,0,30709,31419,0,31052,31784,0,28432,29124,0,31509,31737,0,27234,27995,0,26833,27456,0,28350,29096,0,27747,28359,0,,348024,355872,0,1
SHV-HQ,S KCR-17,63367,63439,0,66802,66878,0,64103,64174,0,73844,73924,0,73568,73646,0,62389,62464,0,65038,65113,0,66499,66568,0,60985,61059,0,57930,57998,0,61599,61670,0,57915,57984,0,,774039,774917,0,1
SHV-HQ,S LS-01,151918,151981,0,147067,147126,0,156314,156381,0,159549,159617,0,163351,163410,0,171356,171430,0,171190,171257,0,174315,174378,0,157034,157099,0,155179,155240,0,164697,164760,0,154360,154433,0,,1926330,1927112,0,1
SHV-HQ,S MRT-04,31983,32917,0,37106,38129,0,39088,40016,0,42270,43326,0,40391,41371,0,39648,40668,0,38549,39548,0,44187,45227,0,44228,46239,0,40890,41064,0,40960,42592,0,43473,43589,0,,482773,494686,0,1
SHV-HQ,S MRT-07,3224,3235,0,3905,3915,0,3311,3313,0,3546,3544,0.0005640157924421407,3762,3761,0.00026581605528974706,3786,3797,0,3614,3627,0,2859,2869,0,2697,2709,0,2712,2723,0,5392,5398,0,7331,7322,0.0012276633474287424,,46139,46213,0,1
SHV-HQ,S ONG-08,13964,13977,0,13929,13942,0,13561,13573,0,14730,14739,0,14597,14605,0,14346,14354,0,13408,13415,0,14057,14079,0,14104,14114,0,14167,14197,0,14350,14424,0,13948,13772,0.012618296529968487,,169161,169191,0,1
SHV-HQ,S PCT-01,129700,129740,0,137890,137910,0,153690,153730,0,166550,166590,0,151240,151280,0,100540,100550,0,93430,93440,0,103410,103420,0,111110,111130,0,97340,97360,0,104070,104080,0,111360,111390,0,,1460330,1460620,0,1
SHV-HQ,S PST-32,156030,155980,0.00032045119528301136,185050,185060,0,197790,197740,0.000252793366702031,219310,219250,0.00027358533582599875,205410,205240,0.0008276130665498815,190790,190670,0.0006289637821689231,191990,191940,0.0002604302307411821,213080,213110,0,195740,195630,0.0005619699601512318,289510,289450,0.00020724672722871595,298080,297850,0.0007716049382715529,177810,177830,0,,2520590,2519750,0.00033325530927286184,1
SHV-HQ,S01,0,0,,0,0,,0,0,,0,0,,0,0,,0,0,,0,0,,0,0,,0,0,,0,0,,0,0,,0,0,,,0,0,,0
SHV-HQ,S-02,187271,179248,0.04284165727742151,195423,186601,0.045143099839834666,192693,183077,0.04990321392058872,236121,222903,0.05597977308244506,222482,211496,0.04937927562679223,217818,211452,0.029226234746439705,210405,204650,0.027352011596682546,216445,210034,0.02961953383076532,207780,201421,0.030604485513523905,199049,192623,0.03228350808092484,222023,215661,0.02865468892862455,192063,186821,0.027293127775781856,,2499573,2405987,0.03744079488776686,504
SHV-HQ,S-03,77534,76158,0.017747052905822014,77326,75498,0.02364017277500452,69973,68125,0.02641018678633189,80381,78258,0.026411714211069803,79945,77827,0.026493214084683192,79187,77134,0.025925972697538713,75237,73371,0.024801626859125125,82820,81124,0.02047814537551318,77002,75189,0.023544842991091164,70820,69255,0.022098277322790127,80250,78414,0.022878504672897204,73231,71562,0.022790894566508735,,923706,901915,0.023590839509540884,107
SHV-HQ,S-04,36160,35956,0.005641592920353933,31022,30825,0.006350332022435734,29676,29449,0.007649278878555044,39555,39153,0.010163064087978735,42003,41472,0.01264195414613245,38497,37720,0.02018339091357768,35894,35378,0.014375661670474216,36864,36174,0.01871744791666663,35272,34658,0.017407575413926013,32216,31615,0.018655326545815698,34755,34054,0.02016975974679902,36006,35040,0.026828861856357245,,427920,421494,0.015016825574873827,22
SHV-HQ,S-05,64599,62004,0.0401709004783356,62582,60139,0.039036783739733516,60860,58346,0.04130791981597104,60944,58424,0.04134943554738779,79641,76119,0.044223452744189595,74594,71039,0.04765798857816983,70409,67448,0.04205428283316048,68696,65589,0.04522825200885061,65354,62578,0.0424763595189277,60743,58040,0.04449895461205411,74758,71330,0.045854624254260457,65804,62837,0.045088444471460654,,808984,773893,0.04337663044015705,82
SHV-HQ,S-06,41161,41578,0,37813,37892,0,40609,40667,0,43407,43339,0.0015665676043034038,44726,44866,0,45547,45575,0,40210,40301,0,47132,47286,0,41074,40921,0.003724984174903856,42832,42874,0,51334,51399,0,46987,47041,0,,522832,523739,0,13
SHV-HQ,S-07,180922,175509,0.02991897060611759,165149,160398,0.028767961053351776,190823,184206,0.03467611346640609,206070,198873,0.03492502547677978,219384,211434,0.03623782955912924,208608,201565,0.033761888326430456,198766,191990,0.0340903373816448,214044,206613,0.03471716095756017,201965,195206,0.03346619463768474,198847,192320,0.0328242316957259,218671,210278,0.03838186133506505,218739,209652,0.04154266043092447,,2421988,2338044,0.03465913125911446,329
SHV-HQ,S08,0,0,,0,0,,0,0,,0,0,,0,0,,0,0,,0,0,,0,0,,0,0,,0,0,,0,0,,0,0,,,0,0,,0
SHV-HQ,S-09,147812,143901,0.02645928612020676,154381,154110,0.001755397361074218,155156,146393,0.05647864085178789,144360,139897,0.03091576614020508,194693,188289,0.03289281073279471,171274,165741,0.03230496164041241,161862,154981,0.04251152216085308,181894,176118,0.03175475826580321,176144,170995,0.029231764919611214,155704,150830,0.0313029851513128,177697,172073,0.03164938068734979,159544,155219,0.02710850925136643,,1980521,1918547,0.03129176615648099,112
SHV-HQ,S-10,137347,134269,0.022410391198934065,139917,136850,0.021920138367746644,133829,130890,0.021960860501087254,122179,119869,0.01890668609171786,173389,168906,0.025855158055009264,144773,140922,0.02660026386135539,135613,124146,0.08455679027821816,149572,155622,0,141965,138612,0.02361849751699363,136570,133203,0.02465402357765245,157718,154036,0.023345464690143203,140295,137039,0.023208239780462603,,1713167,1674364,0.022649864257249908,98
SHV-HQ,S-1005,53168,54440,0,50414,51651,0,47988,49131,0,57880,59130,0,62259,63499,0,55602,56854,0,58847,60110,0,65168,65741,0,64068,65355,0,62502,64351,0,63258,64161,0,60467,61646,0,,701621,716069,0,1
SHV-HQ,S-1020,1060900,1060740,0.00015081534546135256,1235200,1234890,0.00025097150259068,1252020,1251660,0.0002875353428859473,1414390,1413970,0.000296947800818681,1446550,1445710,0.000580691991289628,1414530,1414500,2.120845793307513e-05,1335910,1335500,0.000306906902411086,1486360,1485900,0.0003094808794639192,1369460,1369040,0.0003066902282651274,1462910,1462480,0.00029393469181293597,1315190,1314810,0.0002889316372539641,1208980,1208710,0.00022332875647235184,,16002400,15997910,0.00028058291256316537,1
SHV-HQ,S-103,36665,36667,0,40072,40061,0.00027450588939903486,39149,39150,0,31653,31661,0,44203,44210,0,49152,49154,0,49429,49417,0.0002427724615104987,51081,51084,0,44002,43995,0.00015908367801464873,45011,44993,0.0003999022461176338,50871,50861,0.00019657565213970773,41574,41345,0.005508250348775667,,522862,522598,0.0005049133423350449,1
SHV-HQ,S-1058,1232650,1232250,0.00032450411714601834,1374010,1373590,0.0003056746311890235,1692580,1692250,0.0001949686277753493,2397190,2396690,0.0002085775428730674,2095850,2095490,0.0001717680177493186,2444830,2444460,0.00015133976595504972,2422770,2422480,0.00011969770139141911,2609540,2609220,0.00012262697640197384,2808930,2808610,0.0001139223832562486,3063900,3063550,0.00011423349326022958,3351640,3351260,0.00011337733169436426,3081350,3080900,0.00014603988511530108,,28575240,28570750,0.00015712903898623676,1
SHV-HQ,S-1070,70410,70460,0,64500,64460,0.0006201550387596733,79660,79110,0.006904343459703699,87600,101980,0,0,120080,0,31810,125480,0,114130,114360,0,137920,138200,0,138590,138880,0,151130,151450,0,149120,149410,0,150050,150320,0,,1174920,1404190,0,1
SHV-HQ,S-1071,7580,7580,0,7300,7300,0,7290,7290,0,8250,8250,0,9630,9630,0,8640,8640,0,6890,6890,0,7040,7040,0,9000,9000,0,94280,94270,0.00010606703436566445,220280,239690,0,306280,320830,0,,692460,726410,0,1
SHV-HQ,S-1095,362040,362040,0,317660,317670,0,305550,305570,0,333570,333600,0,377610,377660,0,367590,367440,0.0004080633314290649,340300,340520,0,532220,532310,0,580550,580580,0,619520,619600,0,657850,657900,0,617730,617760,0,,5412190,5412650,0,1
SHV-HQ,S-10A,0,0,,0,0,,0,0,,0,0,,0,0,,0,0,,0,0,,0,0,,0,0,,0,0,,0,0,,0,0,,,0,0,,0
SHV-HQ,S11,0,0,,0,0,,0,0,,0,0,,0,0,,0,0,,0,0,,0,0,,0,0,,0,0,,0,0,,0,0,,,0,0,,0
SHV-HQ,S-1188,457258,457358,0,496294,496398,0,464943,465035,0,523675,523778,0,510592,510692,0,488936,489034,0,461940,462038,0,501920,502028,0,478086,478189,0,456620,456722,0,471831,471932,0,460913,461010,0,,5773008,5774214,0,1
SHV-HQ,S-12,55329,54088,0.022429467367926392,55597,54330,0.022788999406442745,61636,60281,0.021983905509767032,64059,62644,0.022089011692346117,88995,87118,0.02109107253216469,79325,77971,0.017069019855026735,68892,67551,0.0194652499564536,83342,81771,0.01885003959588205,74981,73600,0.018417999226470694,69730,68614,0.016004589129499536,78723,77315,0.01788549724985078,69003,67761,0.017999217425329284,,849612,833044,0.019500666186447413,149
SHV-HQ,S-1200,3059,3057,0.0006538084341287664,3805,3803,0.0005256241787122695,4341,4338,0.0006910850034553828,5175,5173,0.00038647342995168366,4041,4039,0.0004949269982678084,5030,5026,0.0007952286282306709,4712,4709,0.0006366723259761953,4477,4475,0.0004467277194549757,5129,5126,0.0005849093390524196,4822,4819,0.0006221484861053117,4474,4472,0.0004470272686634136,5211,5208,0.0005757052389177009,,54276,54245,0.0005711548382342224,1
SHV-HQ,S-1202,0,0,,0,0,,0,0,,0,0,,0,0,,0,0,,0,0,,0,0,,0,0,,0,0,,0,0,,0,0,,,0,0,,0
SHV-HQ,S-1212,42181,42161,0.00047414712785376345,37313,37298,0.00040200466325412965,37764,37743,0.0005560851604703432,41996,41981,0.00035717687398795217,39660,39641,0.00047907211296016605,41253,41233,0.00048481322570481655,37538,37520,0.000479514092386335,44376,44354,0.0004957634757526419,42477,42458,0.00044730089224753744,42964,42943,0.0004887813052788514,46195,46172,0.0004978893819677088,42075,42056,0.0004515745692216244,,495792,495560,0.0004679381676186978,1
SHV-HQ,S-1261,135450,135410,0.000295311923218855,138360,138310,0.0003613761202659882,129620,129570,0.00038574294090421013,146670,146620,0.00034090134315134524,147120,147090,0.0002039151712887044,144840,144790,0.00034520850593755537,139660,139620,0.0002864098524989478,148550,148500,0.00033658700774152894,134960,134920,0.00029638411381149865,136520,136480,0.00029299736302368373,144520,144490,0.00020758372543594472,140970,140930,0.00028374831524435873,,1687240,1686730,0.00030226879400674367,1
SHV-HQ,S-1266,23838,23841,0,24253,24251,8.246402506906225e-05,27944,27945,0,35985,35987,0,16684,16687,0,20383,20385,0,16217,16219,0,15994,16002,0,20614,20610,0.0001940428834772412,28947,28950,0,32745,32749,0,32877,32879,0,,296481,296505,0,1
SHV-HQ,S-1292,131989,135220,0,128506,131340,0,115948,118800,0,94310,97230,0,74699,77760,0,73241,76300,0,69370,72120,0,117551,118350,0,134207,138410,0,151316,154860,0,190070,194010,0,221395,222169,0,,1502602,1536569,0,1
SHV-HQ,S-13,152578,149665,0.019091874320019908,159581,156154,0.021474987623839925,162775,158074,0.028880356320073686,158978,154346,0.029136106882713286,212495,206477,0.028320666368620406,200039,194301,0.028684406540724572,174941,169158,0.033056859169662944,199124,194203,0.024713244008758406,174618,169922,0.0268929892680021,165863,161358,0.02716097019829622,191698,186262,0.02835710336049413,166689,162010,0.02807023858802915,,2119379,2061930,0.027106525071730947,118
SHV-HQ,S-1302,172540,172580,0,158220,158260,0,196330,196380,0,200800,200860,0,257260,257330,0,214730,214800,0,183790,183840,0,208050,208090,0,194320,194380,0,201990,202040,0,224220,224280,0,194550,194600,0,,2406800,2407440,0,1
SHV-HQ,S-131,146677,150275,0,146251,149844,0,148702,152181,0,136717,139918,0,200841,205412,0,172143,176126,0,156458,100229,0.3593871837809508,174214,238189,0,167036,171001,0,155408,159151,0,194205,198596,0,167951,172026,0,,1966603,2012948,0,1
SHV-HQ,S-1319,87218,90260,0,93649,96840,0,95639,98590,0,106889,110170,0,105332,108570,0,100033,103240,0,111241,114530,0,134298,137920,0,123899,127380,0,121564,124960,0,125317,128810,0,127097,130510,0,,1332176,1371780,0,1
SHV-HQ,S-1339,1064920,1064680,0.00022536904180592288,1120150,1119850,0.00026782127393654154,1118160,1117820,0.0003040709737426317,1284760,1284340,0.0003269093060181971,1279330,1278810,0.00040646275784983477,1276660,1276280,0.00029765168486517446,1221350,1220920,0.00035206943136689706,1368790,1368390,0.0002922289028995939,1248660,1248140,0.00041644643057359154,1278650,1278210,0.0003441129316075209,1282040,1281020,0.000795607001341625,1207040,1207290,0,,14750510,14745750,0.00032270070661966077,1
SHV-HQ,S-1340,72836,72811,0.00034323686089299255,65704,65681,0.0003500547911846619,55483,55462,0.0003784943135735075,18157,18151,0.0003304510657047288,31295,31284,0.00035149384885768686,29067,29056,0.0003784360271097409,13407,13402,0.00037293950921157837,34456,34445,0.00031924773624336655,52244,52223,0.00040196003368808686,55134,55113,0.0003808901947981447,61194,61172,0.0003595123704938086,51864,51846,0.0003470615455807291,,540841,540646,0.000360549588511172,1
SHV-HQ,S-1378,0,0,,0,0,,0,0,,0,0,,6410,6420,0,7250,7260,0,12840,12850,0,18950,18980,0,30740,30800,0,50790,50870,0,105390,105600,0,281160,280760,0.0014226774790154773,,513530,513540,0,1
SHV-HQ,S-1382,246930,246960,0,231200,231150,0.00021626297577859166,213730,213790,0,264560,264610,0,225410,225450,0,252160,252120,0.00015862944162436943,381140,381120,5.247415647791076e-05,448670,448720,0,429500,429510,0,411740,411750,0,392470,392490,0,346680,346640,0.0001153801776854202,,3844190,3844310,0,1
SHV-HQ,S-14,67523,67352,0.002532470417487387,68608,68378,0.0033523787313433084,64786,64464,0.004970209613188059,67029,66772,0.0038341613331542845,65985,65505,0.007274380541032022,60339,59788,0.00913173900793851,58077,57588,0.00841985639754117,62008,61487,0.008402141659140772,59587,59007,0.009733666739389468,56052,55590,0.008242346392635436,59344,58858,0.0081895389592882,57934,57471,0.007991852798011512,,747272,742260,0.006707062488625293,77
SHV-HQ,S-1413,50006,49981,0.0004999400071991067,39755,39796,0,52421,53137,0,55903,55076,0.014793481566284461,45445,45425,0.0004400924194081224,54005,53978,0.0004999537079900529,45514,45492,0.00048336775497648254,45923,45823,0.002177558086361997,44084,44140,0,39637,39619,0.00045412114943110815,48579,48556,0.0004734556083904051,55902,55869,0.0005903187721369996,,577174,576892,0.0004885874970113058,1
SHV-HQ,S-1416,0,0,,0,0,,0,0,,0,0,,0,0,,0,0,,0,0,,0,0,,0,0,,0,0,,0,0,,0,0,,,0,0,,1
SHV-HQ,S-1425,393672,399610,0,358635,364120,0,363369,368860,0,409791,415930,0,410787,417000,0,416528,422790,0,367426,373090,0,398657,404840,0,401272,407500,0,458680,465770,0,476470,483840,0,416049,422460,0,,4871336,4945810,0,1
SHV-HQ,S-1430,948500,947220,0.001349499209277849,877090,874590,0.0028503346292855225,768500,768890,0,880540,879350,0.0013514434324392033,854500,853460,0.001217086015213531,918050,916850,0.001307118348673808,893140,892100,0.0011644311082249503,944050,942870,0.0012499337958794543,943710,942400,0.001388138305199682,978100,976820,0.0013086596462529299,1053310,1051880,0.0013576250106805965,1052890,1051250,0.0015576176048780477,,11112380,11097680,0.001322848930652154,1
SHV-HQ,S-1438,6514,6515,0,5092,5092,0,3024,3024,0,3753,3753,0,3401,3402,0,0,0,,0,0,,0,0,,0,0,,0,0,,0,0,,0,0,,,21784,21786,0,0
SHV-HQ,S-1443,0,0,,0,0,,0,0,,0,0,,0,0,,0,0,,0,0,,0,0,,0,0,,0,0,,0,0,,0,0,,,0,0,,0
SHV-HQ,S-1446,449330,449320,2.2255357977396528e-05,440950,440930,4.535661639637478e-05,383650,383640,2.6065424214793964e-05,404130,404130,0,405730,405730,0,386150,386170,0,368540,368540,0,401730,401740,0,393870,393890,0,412480,412490,0,448440,448450,0,445410,445400,2.2451224714337137e-05,,4940410,4940430,0,1
SHV-HQ,S-1449,104027,104015,0.00011535466753820334,101254,101253,9.876153040822011e-06,86660,86645,0.00017309023771061582,123415,123405,8.102742778426375e-05,111081,111068,0.00011703171559496184,108078,108065,0.00012028349895443213,88261,88253,9.064026013749782e-05,90341,90329,0.000132830055013744,89422,89412,0.0001118293037507545,88955,88943,0.00013489966837165746,94462,94457,5.2931337469086515e-05,91053,91045,8.786091616974634e-05,,1177009,1176890,0.00010110372987803817,1
SHV-HQ,S-1457,40110,40113,0,34622,34625,0,38845,38849,0,46344,46346,0,50398,50399,0,48922,48924,0,42386,42389,0,51055,51057,0,52404,52407,0,54611,54613,0,57246,57251,0,56787,56792,0,,573730,573765,0,1
SHV-HQ,S-1459,935500,935200,0.0003206841261357285,958700,958380,0.0003337853343068353,889820,889530,0.00032590861073023003,1093080,992650,0.09187799612105241,910980,1010610,0,1019580,1019190,0.0003825104454775463,1010280,1009950,0.0003266421190165625,1121920,1121510,0.0003654449515116953,1020470,1020140,0.00032338040314761063,1029940,1029570,0.0003592442278190777,1049080,1048740,0.0003240934914401361,958060,957740,0.00033400830845664586,,11997410,11993210,0.0003500755579746162,1
SHV-HQ,S-1469,157807,157819,0,139586,139600,0,158347,158357,0,186465,186479,0,202048,162566,0.19540901171998737,191194,230552,0,180447,180240,0.0011471512410846652,204609,204407,0.0009872488502460364,178902,178733,0.0009446512615846059,188712,188536,0.000932638094026883,192482,192308,0.0009039806319551813,176453,176318,0.0007650762525998056,,2157052,2155915,0.0005271082940976335,1
SHV-HQ,S-1472,505343,513638,0,427208,434351,0,424730,431816,0,573506,582953,0,633105,643593,0,664797,675687,0,557497,566632,0,659041,669955,0,700659,712056,0,663410,674305,0,738361,750655,0,710513,722418,0,,7258170,7378059,0,1
SHV-HQ,S-1474,0,0,,0,0,,0,0,,0,0,,0,0,,0,0,,0,0,,0,0,,0,0,,0,0,,0,0,,0,0,,,0,0,,1
SHV-HQ,S15,0,0,,0,0,,0,0,,0,0,,0,0,,0,0,,0,0,,0,0,,0,0,,0,0,,0,0,,0,0,,,0,0,,0
SHV-HQ,S-1516,56143,56183,0,52244,52281,0,41901,41932,0,49165,49203,0,46679,46714,0,45205,45238,0,43336,43372,0,45914,45950,0,44065,44098,0,31712,31736,0,40129,40159,0,38094,38119,0,,534587,534985,0,1
SHV-HQ,S-1518,4807,4809,0,4076,4078,0,1852,1853,0,1084,1085,0,0,607,0,578,1140,0,1241,1242,0,1156,1156,0,1248,1249,0,1264,1264,0,1266,1266,0,1295,1297,0,,19867,21046,0,1
SHV-HQ,S-1523,4285,4265,0.004667444574095736,4159,4135,0.005770617937004063,2996,2990,0.0020026702269693164,3344,3334,0.0029904306220095433,3100,3082,0.005806451612903274,3161,3164,0,2813,2822,0,2973,2961,0.004036326942482349,3005,3005,0,2910,2890,0.0068728522336769515,3160,3161,0,3273,3281,0,,39179,39090,0.0022716251052860015,6
SHV-HQ,S-1525,101403,101353,0.0004930820587162321,104096,104046,0.0004803258530586829,97525,97473,0.000533196616252285,110647,110590,0.0005151517890227275,108858,108801,0.0005236179242683603,104292,104244,0.00046024623173401835,102368,102325,0.00042005314160675766,122708,122659,0.0003993219675978432,120393,120342,0.0004236126685106534,123217,123166,0.00041390392559470524,112574,112527,0.0004175031534812135,87495,87458,0.00042288130750323116,,1295576,1294984,0.0004569396160472028,1
SHV-HQ,S-1526,43631,43485,0.003346244642570606,35074,34921,0.0043622056223983074,33666,33501,0.004901087150240624,34276,34094,0.00530983778737304,36172,35986,0.005142098860997479,38273,38160,0.0029524730227575846,39319,39000,0.008113125969632984,48930,48600,0.006744328632740659,45934,45637,0.006465798754735075,45206,44992,0.004733884882537676,50785,54065,0,45584,45288,0.00649350649350644,,496850,497729,0,21
SHV-HQ,S-1527,127565,127515,0.00039195704150829513,124527,124478,0.0003934889622331239,151751,151680,0.00046787171089479607,191570,191478,0.0004802422091141345,182572,182476,0.0005258199504852845,175790,175716,0.00042095682348253227,161044,160971,0.0004532922679516549,160351,160276,0.0004677239306272174,130480,130424,0.00042918454935625405,140864,140801,0.00044723989095862837,137126,137065,0.0004448463456966367,131974,131920,0.0004091715034779675,,1815614,1814800,0.000448333180951499,1
SHV-HQ,S-1528,108874,108946,0,110535,110611,0,108659,108730,0,128577,128661,0,125467,125550,0,119005,119090,0,108251,108331,0,122914,123002,0,113708,113791,0,115637,115720,0,101785,101859,0,86946,101174,0,,1350358,1365465,0,2
SHV-HQ,S-1536,55692,55685,0.00012569130216188995,50248,50241,0.0001393090272249209,51143,51136,0.0001368711260583133,64716,64707,0.00013906916373074285,67385,67375,0.00014840097944646136,70364,70355,0.0001279063157296756,62363,62355,0.00012828119237373592,71820,71810,0.00013923698134221674,64885,64877,0.00012329506049169048,62826,62817,0.0001432527934295269,62308,62300,0.00012839442768186604,58663,58654,0.00015341867957652244,,742413,742312,0.00013604287640434087,1
SHV-HQ,S-1545,62803,62718,0.0013534385300065788,54139,54073,0.0012190842091652776,45412,45350,0.0013652779001145365,52434,52363,0.001354083228439551,55465,55382,0.0014964391958892653,52676,52598,0.0014807502467917288,38651,38594,0.0014747354531577939,38356,38300,0.0014600062571696881,42249,42188,0.0014438211555303226,30755,30716,0.001268086490001652,45153,45095,0.0012845215157354373,43442,43393,0.0011279407025459598,,561535,560770,0.0013623371650921534,1
SHV-HQ,S-1554,895880,896130,0,907290,907530,0,896880,897110,0,1003110,1003390,0,1015500,1015790,0,1010340,1010610,0,999530,999780,0,1039510,1039780,0,945530,945780,0,994720,994980,0,1000480,1000740,0,939360,939610,0,,11648130,11651230,0,1
SHV-HQ,S-1575,173977,173953,0.0001379492691562234,155386,155364,0.0001415828967861188,180500,180481,0.0001052631578947194,230688,230658,0.0001300457761131968,222739,222716,0.00010325986917425478,238658,238630,0.00011732269607556134,214125,214105,9.340338587271457e-05,231094,231069,0.00010818108648424918,233486,233462,0.00010278988890122243,233070,233044,0.00011155446861454976,263453,263420,0.00012525953395858824,235146,235119,0.00011482228062564825,,2612322,2612021,0.00011522316161638457,1
SHV-HQ,S-1594,316430,316720,0,301540,301820,0,255780,255990,0,283330,283590,0,275410,275650,0,264340,264630,0,244570,244830,0,260990,261250,0,241490,241740,0,245390,245630,0,248410,248660,0,215670,215830,0,,3153350,3156340,0,1
SHV-HQ,S16,0,0,,0,0,,0,0,,0,0,,0,0,,0,0,,0,0,,0,0,,0,0,,0,0,,0,0,,0,0,,,0,0,,0
SHV-HQ,S-160,0,0,,0,0,,0,0,,0,0,,0,0,,273080,250080,0.08422440310531709,420380,421110,0,597460,598440,0,716960,718100,0,856590,857900,0,977740,979120,0,709670,710630,0,,4551880,4535380,0.003624875875462452,1
SHV-HQ,S-1629,1284790,1285800,0,1191270,1192180,0,1268560,1269520,0,1622100,1623330,0,1550160,1551320,0,1801860,1803210,0,1832100,1833520,0,2025090,2026640,0,2073920,2075510,0,2234860,2236520,0,1966120,1967530,0,1939290,1940710,0,,20790120,20805790,0,1
SHV-HQ,S-1631,354580,354580,0,344460,344480,0,311580,311630,0,331120,331180,0,337560,337610,0,346570,346630,0,365720,365780,0,409070,409140,0,383480,383560,0,391720,391830,0,404150,404360,0,376500,375699,0.002127490039840585,,4356510,4356479,7.115787637346216e-06,1
SHV-HQ,S-1639,164298,167940,0,146176,149700,0,138182,141410,0,129491,132940,0,93062,95990,0,98650,101800,0,107194,110420,0,146202,149580,0,166463,170140,0,193886,197910,0,209890,214040,0,196502,200500,0,,1789996,1832370,0,1
SHV-HQ,S-1645,3314,3403,0,3267,3371,0,3011,3088,0,3449,3596,0,3529,3644,0,3479,3471,0.0022995113538373246,3364,3513,0,3232,3291,0,3371,3426,0,3097,3154,0,3739,3801,0,3469,3536,0,,40321,41294,0,6
SHV-HQ,S-1660,148142,147672,0.0031726316642141095,151998,148826,0.020868695640732127,151826,153901,0,193309,192453,0.0044281435422044435,175269,173979,0.0073601150231928925,163705,163583,0.0007452429675330885,133147,132704,0.00332714969169412,188240,187449,0.0042020824479388486,149152,148704,0.0030036472859901187,169829,169217,0.0036036248226156697,167434,166786,0.0038701816835290392,146381,144457,0.013143782321476172,,1938432,1929731,0.0044886795100369525,183
SHV-HQ,S-1667,546040,545910,0.00023807779649842598,534208,534120,0.00016472984305737626,560792,560550,0.00043153254682659625,641569,641340,0.00035693744554365914,646530,646210,0.0004949499636520693,592661,592380,0.00047413276729868503,567860,567560,0.0005282992286831378,653029,652820,0.0003200470423212476,492880,492640,0.00048693393929555295,848491,847550,0.001109027673835028,743680,742890,0.0010622848537005236,731780,730990,0.0010795594304299216,,7559520,7554960,0.0006032129024065025,1
SHV-HQ,S-1672,75074,75068,7.992114447075149e-05,77822,77820,2.5699673614099083e-05,76960,76957,3.898128898127684e-05,88597,88588,0.00010158357506462323,85832,85808,0.00027961599403480975,83340,83321,0.0002279817614591062,76177,76169,0.00010501857516043156,84292,84271,0.00024913396289094614,74834,74814,0.0002672581981452149,92225,92213,0.000130116562754079,86981,86971,0.00011496763661034137,78581,78572,0.0001145315025260496,,980715,980572,0.00014581198411367513,1
SHV-HQ,S-1678,50694,52111,0,37212,38522,0,36426,37633,0,38191,39509,0,36275,37471,0,37180,38478,0,34231,35482,0,33456,34664,0,35961,37201,0,39622,40905,0,48859,50268,0,38763,40066,0,,466870,482310,0,1
SHV-HQ,S-1691,89346,103573,0,104604,105373,0,83746,91911,0,109455,91864,0.1607144488602622,106861,114284,0,122370,99552,0.1864672713900466,91588,113628,0,100693,75102,0.2541487491682639,107880,115759,0,121596,149719,0,143157,146084,0,149878,128027,0.14579191075407993,,1331174,1334876,0,36
SHV-HQ,S-1696,11504,12710,0,12017,13353,0,12515,13722,0,15234,16584,0,18266,19639,0,18076,19406,0,19058,20404,0,23446,24865,0,24607,26051,0,30026,31518,0,27877,29391,0,21212,22648,0,,233838,250291,0,1
SHV-HQ,S17,0,0,,0,0,,0,0,,0,0,,0,0,,0,0,,0,0,,0,0,,0,0,,0,0,,0,0,,0,0,,,0,0,,0
SHV-HQ,S-1704,107301,109351,0,105591,107640,0,101897,103716,0,120958,123029,0,122122,124244,0,122675,124843,0,105503,107506,0,120634,122933,0,107116,109031,0,108340,110351,0,124771,127185,0,116303,118488,0,,1363211,1388317,0,1
SHV-HQ,S-1708,75123,73797,0.017651052274270218,71317,69669,0.023108094844146554,67357,66228,0.016761435337084518,76078,74346,0.02276610846762528,80767,79071,0.020998675201505557,70708,69262,0.020450302653165164,75902,74421,0.019512002318779476,81513,80317,0.014672506226000803,80104,78992,0.013881953460501362,77687,76628,0.013631624338692472,101244,99720,0.015052743866303175,109117,107674,0.013224337179357892,,966917,950125,0.01736653714848324,41
SHV-HQ,S-1710,378200,378880,0,371100,371800,0,23360,23430,0,858860,860310,0,569820,571070,0,534050,535180,0,496370,497440,0,586260,587350,0,588350,589630,0,640330,641650,0,655340,656620,0,622820,622149,0.0010773578240904635,,6324860,6335509,0,1
SHV-HQ,S-1711,19915,27339,0,29475,29348,0.0043087362171331245,39789,39655,0.0033677649601648874,58638,58459,0.0030526279886763374,65186,64950,0.0036204092903384666,81829,81482,0.004240550416111599,84703,84370,0.003931383776253461,109032,108574,0.004200601658228775,125404,124943,0.003676118784089799,125062,124571,0.0039260526778718274,156625,155999,0.003996807661612145,140937,140403,0.0037889269673684334,,1036595,1040093,0,142
SHV-HQ,S-1726,34915,36047,0,37538,38743,0,34970,36035,0,39679,40860,0,38624,39762,0,36321,37467,0,35025,36125,0,38026,38671,0,36471,37904,0,37766,38641,0,39727,41087,0,37876,38735,0,,446938,460077,0,1
SHV-HQ,S-1727,23709,24522,0,24178,24986,0,22896,23658,0,24418,25230,0,23476,24296,0,23665,24484,0,22047,22842,0,23516,24337,0,22696,23510,0,22450,23248,0,23874,24702,0,21691,22473,0,,278616,288288,0,1
SHV-HQ,S-1739,205467,209160,0,184892,188361,0,158953,161985,0,174608,177867,0,170952,174077,0,176974,180292,0,144894,147708,0,159627,162664,0,158911,161928,0,164616,167721,0,170536,173743,0,156090,160129,0,,2026520,2065635,0,1
SHV-HQ,S-1744,17350,17319,0.0017867435158501754,17427,17361,0.003787226717163028,14810,14786,0.0016205266711680766,16193,16174,0.0011733465077502503,17086,17288,0,18303,18024,0.01524340272086544,12567,12531,0.002864645500119334,15848,15791,0.003596668349318488,18276,18080,0.010724447362661427,14311,14386,0,14564,14531,0.0022658610271902857,14501,14471,0.002068822839804141,,191236,190742,0.002583195632621438,5
SHV-HQ,S-1761,96054,99048,0,89191,92148,0,90811,93588,0,106856,110061,0,99012,101888,0,114280,117495,0,115420,118597,0,124358,127571,0,143984,147373,0,170110,173841,0,189501,193506,0,176216,180087,0,,1515793,1555203,0,1
SHV-HQ,S-1766,0,0,,0,0,,0,0,,0,0,,0,0,,0,0,,0,0,,0,0,,0,0,,0,0,,0,0,,0,0,,,0,0,,0
SHV-HQ,S-1780,89953,92200,0,90671,92910,0,45546,47250,0,58,1490,0,0,1380,0,0,1400,0,0,1370,0,0,1420,0,0,1330,0,0,1560,0,0,1520,0,0,1470,0,,226228,245300,0,1
SHV-HQ,S-1784,77540,79417,0,64875,66711,0,60455,61987,0,60599,62274,0,51605,53170,0,41383,42826,0,46264,47732,0,52778,54358,0,43623,45140,0,50623,52175,0,43254,44760,0,63816,65569,0,,656815,676119,0,1
SHV-HQ,S-1786,135788,138261,0,114020,116222,0,68792,70472,0,14516,15767,0,13541,14737,0,14068,15300,0,12970,14161,0,14260,15509,0,12250,13409,0,14419,15776,0,14575,15906,0,13294,14568,0,,442493,460088,0,1
SHV-HQ,S-1787,365531,370219,0,293894,297811,0,234654,237890,0,223768,227070,0,95249,97370,0,128830,131299,0,142811,145371,0,168022,170749,0,171842,174651,0,178267,181160,0,205044,208250,0,211860,215090,0,,2419772,2456930,0,1
SHV-HQ,S18,0,0,,0,0,,0,0,,0,0,,0,0,,0,0,,0,0,,0,0,,0,0,,0,0,,0,0,,0,0,,,0,0,,0
SHV-HQ,S-1803,85686,87028,0,78727,79982,0,73441,74616,0,84468,85801,0,85819,87147,0,109081,110662,0,101489,102937,0,97329,98780,0,99811,100346,0,108776,109836,0,112963,114642,0,110030,111833,0,,1147620,1163610,0,1
SHV-HQ,S-181,524400,524420,0,568440,568460,0,568780,568820,0,675120,675170,0,707360,707400,0,704500,704550,0,657940,658020,0,827880,827950,0,837370,837450,0,859470,859530,0,864450,864520,0,778740,778790,0,,8574450,8575080,0,1
SHV-HQ,S-1811,850507,856931,0,841142,849970,0,810163,819859,0,925966,936501,0,902705,913010,0,1017461,1029070,0,908720,918630,0,1001656,1013220,0,1022698,1034230,0,1055307,1067029,0,1089561,1096640,0,1005189,1016970,0,,11431075,11552060,0,1
SHV-HQ,S-1812,355660,356050,0,397980,398350,0,304490,304740,0,290440,290750,0,389280,389570,0,418530,418930,0,434670,435090,0,563290,563870,0,572560,573090,0,639390,640020,0,669390,670100,0,671080,671730,0,,5706760,5712290,0,1
SHV-HQ,S-1813,0,0,,37470,37370,0.002668801708033075,23050,23020,0.0013015184381778289,17410,17390,0.0011487650775416913,16980,16940,0.002355712603062443,18360,18310,0.002723311546840912,18410,18380,0.0016295491580662347,16820,16790,0.00178359096313907,17440,17390,0.0028669724770642446,18480,18470,0.0005411255411255089,23860,23900,0,29460,29190,0.009164969450101812,,237740,237150,0.0024817027004290226,1
SHV-HQ,S-1818,1358210,1358150,4.4175790194445064e-05,1396450,1396340,7.877116975185672e-05,1429470,1429490,0,1813010,1812910,5.515689378432498e-05,1893850,1893750,5.280249227768152e-05,1318960,1318890,5.307211742588969e-05,2777140,2777050,3.24074407483943e-05,1940050,1940030,1.030901265430817e-05,1997890,1998430,0,1971280,1971570,0,617690,617790,0,3482750,3494540,0,,21996750,22008940,0,1
SHV-HQ,S-1822,179945,182870,0,168399,171150,0,143841,146200,0,141598,143870,0,190709,193770,0,169770,172490,0,162768,165320,0,173658,176420,0,170719,173410,0,178503,181350,0,186228,189160,0,171397,172790,0,,2037535,2068800,0,1
SHV-HQ,S-1831,89351,91134,0,89665,91452,0,90278,91938,0,107661,109572,0,105379,107308,0,100768,102774,0,96900,98820,0,104365,106410,0,84076,85781,0,81943,83640,0,82176,83925,0,77131,78571,0,,1109693,1131325,0,1
SHV-HQ,S-1836,16275,17091,0,19475,20316,0,13861,14599,0,16208,17009,0,19421,20227,0,14192,14988,0,14109,14836,0,9810,10496,0,13346,14020,0,12029,12692,0,18955,19683,0,12303,12957,0,,179984,188914,0,1
SHV-HQ,S-1844,1874,2351,0,1629,2097,0,1334,1757,0,1060,1509,0,1078,1519,0,1108,1566,0,1287,1699,0,1250,1656,0,654,1034,0,876,1261,0,1415,1814,0,1380,1764,0,,14945,20027,0,1
SHV-HQ,S-1845,181,182,0,140,140,0,176,181,0,211,216,0,145,198,0,178,187,0,163,174,0,31,34,0,130,137,0,142,148,0,200,208,0,99,103,0,,1796,1908,0,1
SHV-HQ,S-1846,256030,256350,0,235120,235420,0,244680,244970,0,281650,282080,0,270140,270450,0,323060,323370,0,309380,309640,0,378310,378670,0,418610,418980,0,434360,433490,0.0020029468643520953,585200,586009,0,666050,669901,0,,4402590,4409330,0,1
SHV-HQ,S-1866,629466,639534,0,631009,641010,0,588439,598070,0,718558,730490,0,710479,722319,0,714481,726302,0,698323,709758,0,729245,741426,0,719810,731903,0,740979,753480,0,758523,771000,0,669676,680439,0,,8308988,8445731,0,1
SHV-HQ,S-1895,216533,220096,0,58821,61389,0,2322,4294,0,2836,4957,0,6382,8218,0,4271,6402,0,19956,22119,0,322883,327447,0,317188,321649,0,309146,313526,0,315940,320447,0,308680,312970,0,,1884958,1923514,0,1
SHV-HQ,S-1897,111771,113937,0,121369,123643,0,134918,137194,0,210698,213785,0,208081,211103,0,202495,205465,0,209945,212948,0,223018,226143,0,249072,252492,0,301434,305582,0,304648,308824,0,286754,288783,0,,2564203,2599899,0,1
SHV-HQ,S19,0,0,,0,0,,0,0,,0,0,,0,0,,0,0,,0,0,,0,0,,0,0,,0,0,,0,0,,0,0,,,0,0,,0
SHV-HQ,S-190,297410,286174,0.03777949631821387,306658,292288,0.046860019957085775,273606,263273,0.03776598466407899,297868,286220,0.039104569809445766,305417,293811,0.03800050422864476,331978,322897,0.027354222267740647,314536,300404,0.044929674186738544,316356,304915,0.036164953406921274,317310,305946,0.03581355771958017,300785,289788,0.03656099872001595,317242,305437,0.03721134023868211,240257,284194,0,,3619423,3535347,0.023229116906202996,65
SHV-HQ,S-1904,0,0,,336410,337000,0,66350,66530,0,63550,63990,0,76050,76400,0,128270,128580,0,201880,202300,0,279940,280420,0,324070,324440,0,467750,467900,0,574830,575020,0,699190,692670,0.009325076159556023,,3218290,3215250,0.0009446010148246309,1
SHV-HQ,S-1926,0,0,,0,0,,42389,43127,0,69799,70840,0,68935,69931,0,77132,78220,0,72682,73751,0,67896,68891,0,72648,73708,0,68739,69794,0,71288,72359,0,65148,66148,0,,676656,686769,0,1
SHV-HQ,S-1930,0,0,,0,0,,0,0,,478220,479410,0,521490,522590,0,463080,464120,0,502840,504030,0,463130,464220,0,500270,501420,0,568520,569720,0,518710,519960,0,503000,503870,0,,4519260,4529340,0,1
SHV-HQ,S-1931,0,0,,0,0,,0,0,,95850,95820,0.0003129890453834605,48710,48830,0,46960,47080,0,46620,46730,0,51850,51970,0,53510,53640,0,64530,64670,0,55680,55810,0,62170,62290,0,,525880,526840,0,1
SHV-HQ,S-1946,0,0,,0,0,,0,0,,0,0,,0,0,,0,0,,1308,1374,0,0,0,,16859,16926,0,14848,14906,0,19740,19805,0,32293,32348,0,,85048,85359,0,1
SHV-HQ,S-1954,0,0,,0,0,,0,0,,0,0,,0,0,,0,0,,0,2004,0,398,2526,0,931,3078,0,1164,3358,0,1657,3911,0,1653,3817,0,,5803,18694,0,1
SHV-HQ,S-1966,0,0,,0,0,,0,0,,0,0,,0,0,,0,0,,0,0,,0,0,,93980,93920,0.0006384337092998349,116740,116640,0.0008566044200788436,128180,128070,0.0008581682009674019,111740,110750,0.008859853230714143,,450640,449380,0.0027960234333392897,1
SHV-HQ,S-1981,0,0,,0,0,,0,0,,0,0,,0,0,,0,0,,0,0,,0,0,,0,0,,13046,15356,0,54695,56788,0,50063,52092,0,,117804,124236,0,1
SHV-HQ,S-1982,0,0,,0,0,,0,0,,0,0,,0,0,,0,0,,0,0,,0,0,,0,0,,0,0,,13359,13398,0,16592,16659,0,,29951,30057,0,1
SHV-HQ,S-1992,0,0,,0,0,,0,0,,0,0,,0,0,,0,0,,0,0,,0,0,,0,0,,0,0,,0,0,,49892,0,1,,49892,0,1,18
SHV-HQ,S-1994,0,0,,0,0,,0,0,,0,0,,0,0,,0,0,,0,0,,0,0,,0,0,,0,0,,0,0,,206450,203080,0.016323565027851816,,206450,203080,0.016323565027851816,1
SHV-HQ,S20,0,0,,0,0,,0,0,,0,0,,0,0,,0,0,,0,0,,0,0,,0,0,,0,0,,0,0,,0,0,,,0,0,,0
SHV-HQ,S-2001,0,0,,0,0,,0,0,,0,0,,0,0,,0,0,,0,0,,0,0,,0,0,,0,0,,0,0,,94637,96770,0,,94637,96770,0,1
SHV-HQ,S204,0,0,,0,0,,0,0,,0,0,,0,0,,0,0,,0,0,,0,0,,0,0,,0,0,,0,0,,0,0,,,0,0,,0
SHV-HQ,S-22,156877,153146,0.02378296372317168,161891,157684,0.025986620627459267,146222,142377,0.026295632668134727,177548,172747,0.02704057494311396,174291,169451,0.027769649608987312,170467,165770,0.02755372007485324,154971,150838,0.0266695059075569,167051,162694,0.02608185524181239,170953,166148,0.028107140559101018,162370,157704,0.02873683562234408,187020,181274,0.030723986739386144,179983,174438,0.030808465243939653,,2009644,1954271,0.027553636365445833,86
SHV-HQ,S-23,141294,139650,0.011635313601426778,134705,133183,0.01129876396570284,138670,136504,0.015619816831326183,155194,153336,0.011972112323930029,140855,139293,0.011089418196017164,163975,161641,0.014233877115413907,140379,138677,0.012124320589261939,163633,161017,0.01598699528823644,153431,151663,0.011523095072051959,152858,150906,0.012770021850344815,167115,164978,0.012787601352362121,171731,169823,0.011110399403718607,,1823840,1800671,0.012703416966400538,88
SHV-HQ,S-24,231624,228251,0.01456239422512351,206289,202930,0.016282981642259164,175740,172400,0.019005348810743117,185937,181581,0.023427289888510616,186910,182187,0.02526884596864798,198338,193169,0.026061571660498717,173427,169931,0.02015833751376661,193866,189791,0.021019673382645765,193171,188822,0.022513731357191258,157119,153580,0.022524328693538043,181825,177637,0.02303313625739034,174496,170259,0.024281358885017368,,2258742,2210538,0.02134108277970659,59
SHV-HQ,S-246,1028710,1028100,0.0005929756685557619,956840,955730,0.0011600685590067439,954210,954270,0,1112710,1112100,0.0005482111241922327,1092890,1092300,0.0005398530501696808,1175670,1175080,0.0005018415031429191,1035010,1034460,0.0005313958319242973,1205170,1204510,0.0005476405818266583,1204970,1204320,0.0005394325169921776,1261280,1260560,0.0005708486616770037,1313510,1312720,0.0006014419380133695,1205920,1205210,0.0005887621069391447,,13546890,13539360,0.0005558471353941385,1
SHV-HQ,S-249,1269360,1268960,0.00031511943026407696,1148390,1148090,0.00026123529462984685,1028310,1028010,0.00029174081745775293,1197400,1197070,0.00027559712710878426,1115330,1114990,0.00030484251297824283,1235990,1235610,0.0003074458531218127,1104510,1104190,0.000289721233850293,1117200,1116840,0.0003222341568206444,1078190,1077870,0.00029679370055368803,1129080,1128750,0.0002922733552981338,1168330,1167970,0.00030813212020575076,1116210,1115910,0.00026876662993524647,,13708300,13704260,0.00029471196282548906,1
SHV-HQ,S25,0,0,,0,0,,0,0,,0,0,,0,0,,0,0,,0,0,,0,0,,0,0,,0,0,,0,0,,0,0,,,0,0,,0
SHV-HQ,S-251,307620,307100,0.0016903972433521819,299460,298930,0.0017698524009884808,255230,254780,0.0017631156212044585,277990,277490,0.001798625849850688,266330,265850,0.0018022753726579799,286690,286180,0.001778924971223228,257560,257130,0.0016695138996738468,267800,267340,0.0017176997759521528,269030,268580,0.0016726759097498434,273280,272830,0.0016466627634660336,279570,279080,0.0017526916335801612,261820,261300,0.0019860973187686426,,3302380,3296590,0.0017532809670600669,1
SHV-HQ,S-26,67120,66793,0.004871871275327733,62056,62120,0,64921,64784,0.002110257081683886,76875,76155,0.009365853658536594,80464,80952,0,95706,96562,0,84650,83455,0.014116952155936224,88421,88055,0.004139288178147682,90177,89864,0.0034709515730174667,86970,77310,0.11107278371852358,109048,115610,0,79916,80061,0,,986324,981721,0.004666823477883497,16
SHV-HQ,S-268,242533,242681,0,251188,251344,0,247182,247333,0,325072,325271,0,351178,351388,0,336681,336890,0,321984,322180,0,385114,385355,0,426825,427104,0,339722,339937,0,404096,404355,0,336482,336713,0,,3968057,3970551,0,1
SHV-HQ,S-269,907642,909152,0,937408,938979,0,953622,955101,0,787178,788560,0,411619,412429,0,356134,356889,0,322957,323648,0,345581,346323,0,338509,339252,0,483590,484480,0,588410,589465,0,665344,663514,0.002750456906502552,,7097994,7107792,0,1
SHV-HQ,S28,0,0,,0,0,,0,0,,0,0,,0,0,,0,0,,0,0,,0,0,,0,0,,0,0,,0,0,,0,0,,,0,0,,0
SHV-HQ,S29,0,0,,0,0,,0,0,,0,0,,0,0,,0,0,,0,0,,0,0,,0,0,,0,0,,0,0,,0,0,,,0,0,,0
SHV-HQ,S30,0,0,,0,0,,0,0,,0,0,,0,0,,0,0,,0,0,,0,0,,0,0,,0,0,,0,0,,0,0,,,0,0,,0
SHV-HQ,S31,0,0,,0,0,,0,0,,0,0,,0,0,,0,0,,0,0,,0,0,,0,0,,0,0,,0,0,,0,0,,,0,0,,0
SHV-HQ,S-316,247720,247700,8.073631519456281e-05,278780,278770,3.5870578951158194e-05,276310,276280,0.00010857370344907746,302940,302910,9.902951079421296e-05,309120,309080,0.00012939958592128598,308530,308500,9.7235276958485e-05,287390,287360,0.0001043877657538328,329630,329590,0.00012134817826048305,303600,303560,0.00013175230566531138,316560,316530,9.476876421532499e-05,307230,307200,9.764671418810433e-05,293890,293870,6.805267276877025e-05,,3561700,3561350,9.826768116349971e-05,1
SHV-HQ,S-32,316160,316050,0.00034792510121461895,303080,302980,0.00032994588887425014,287880,287750,0.0004515770459914137,319000,318870,0.00040752351097184114,329090,328940,0.000455802364094926,257130,257020,0.0004277991677361648,268700,268580,0.00044659471529584494,276910,276800,0.000397240980824054,258630,258530,0.00038665274716775944,246100,246000,0.000406338886631441,302690,302530,0.0005285936106247391,274380,274260,0.0004373496610540206,,3439750,3438310,0.0004186350752234391,1
SHV-HQ,S-326,395635,401877,0,305579,310626,0,323549,328756,0,416007,422507,0,426840,433366,0,435942,442633,0,392208,398348,0,445568,452463,0,425352,431869,0,449316,456199,0,467949,475104,0,475935,483260,0,,4959880,5037008,0,1
SHV-HQ,S-327,436960,436030,0.0021283412669351742,381750,381080,0.0017550753110674444,433610,433300,0.0007149281612508496,520350,519990,0.0006918420294033112,557170,556620,0.0009871313961627992,603750,603280,0.0007784679089026803,481230,480840,0.0008104232903185515,523590,523240,0.0006684619645141998,529280,528770,0.0009635731559854976,446800,446220,0.0012981199641898256,425970,425460,0.0011972674131981442,368320,368060,0.0007059079061685347,,5708780,5702890,0.0010317440854262783,1
SHV-HQ,S-33,261332,252503,0.033784611145975196,270863,261426,0.03484049131848943,267184,257136,0.037607042337864494,303648,291404,0.040323005585414684,319013,304877,0.044311673818935304,299610,287526,0.04033243216181037,269734,260282,0.035041930197898696,314799,302684,0.0384848744754589,273900,263908,0.036480467323840804,258954,249148,0.037867729403677886,296715,282949,0.04639468850580519,293907,283008,0.03708315895844605,,3429659,3296851,0.038723383286793256,476
SHV-HQ,S-34,236650,229611,0.029744348193534775,196555,191576,0.025331332197094936,198495,193088,0.027239980855940926,240050,232885,0.029847948344094988,239074,231437,0.03194408425843043,238751,231368,0.03092343068720127,213945,206077,0.036775806866250704,238861,232144,0.02812095737688447,240942,232300,0.03586755318707402,224440,216826,0.0339244341472108,258223,248243,0.0386487648273004,240471,231120,0.03888618586024928,,2766457,2676675,0.03245378475067573,163
SHV-HQ,S-344,750190,749710,0.0006398379077300342,680740,680290,0.0006610453330199162,774480,773930,0.0007101539097200682,812660,812090,0.000701400339625402,1057230,1056460,0.0007283183413259176,965960,965260,0.0007246676881029757,838280,837690,0.0007038221119435306,1030210,1029450,0.0007377136700283948,1001310,1000600,0.0007090711168369346,1090740,1089970,0.0007059427544602315,1162900,1162090,0.0006965345257545774,1074070,1073390,0.0006331058497118791,,11238770,11230930,0.0006975852339713429,1
SHV-HQ,S-35,219780,211228,0.03891163891163896,204779,196945,0.03825587584664447,213470,204758,0.040811355225558676,251912,239399,0.04967210772015629,263171,252008,0.042417287619076594,245706,234680,0.04487476903290921,221410,212120,0.04195835779775081,254814,243023,0.04627296773332701,232223,222557,0.041623784035173084,220388,211168,0.04183530863749385,247931,237476,0.0421689905659236,225784,216707,0.040202140098501205,,2801368,2682069,0.04258597942148268,284
SHV-HQ,S-36,358800,350090,0.024275362318840532,320100,311361,0.027300843486410487,329100,320262,0.026855059252506863,379500,367028,0.032864295125164644,339000,364290,0,413114,365076,0.11628267257948166,348451,338196,0.02943024987731413,392806,380690,0.030844742697412997,371738,359436,0.03309320004949723,332907,322915,0.030014388402767156,354074,341298,0.036082852736998516,327334,317829,0.02903761906798563,,4266924,4138471,0.03010435620601637,323
SHV-HQ,S362,0,0,,0,0,,0,0,,0,0,,0,0,,0,0,,0,0,,0,0,,0,0,,0,0,,0,0,,0,0,,,0,0,,0
SHV-HQ,S-362,524050,523970,0.0001526571891995454,529720,529640,0.00015102318205839627,517130,517050,0.00015469997872874508,598400,598310,0.0001504010695186908,599070,599040,5.007762031150609e-05,588140,588000,0.0002380385622471337,537640,537560,0.00014879845249604617,599680,599580,0.00016675560298828884,548040,547980,0.00010948105977670597,560970,560880,0.00016043638697260665,558920,558850,0.0001252415372504645,488030,495960,0,,6649790,6656820,0,1
SHV-HQ,S37,0,0,,0,0,,0,0,,0,0,,0,0,,0,0,,0,0,,0,0,,0,0,,0,0,,0,0,,0,0,,,0,0,,0
SHV-HQ,S-404,0,0,,0,0,,0,0,,0,0,,0,0,,0,0,,0,0,,0,0,,0,0,,0,0,,0,0,,0,0,,,0,0,,0
SHV-HQ,S-407,830940,831430,0,834460,834980,0,859760,860300,0,961270,961900,0,950100,950740,0,875820,876370,0,812110,812600,0,920380,920980,0,852070,852580,0,873260,873810,0,890970,891550,0,831930,832420,0,,10493070,10499660,0,1
SHV-HQ,S-418,4530,4540,0,126630,126940,0,115170,115440,0,116980,117280,0,122410,122720,0,165880,166300,0,185190,185640,0,214400,214940,0,241300,241910,0,218270,218230,0.00018325926604667586,220120,220770,0,209230,210270,0,,1940110,1944980,0,1
SHV-HQ,S42,0,0,,0,0,,0,0,,0,0,,0,0,,0,0,,0,0,,0,0,,0,0,,0,0,,0,0,,0,0,,,0,0,,0
SHV-HQ,S43,0,0,,0,0,,0,0,,0,0,,0,0,,0,0,,0,0,,0,0,,0,0,,0,0,,0,0,,0,0,,,0,0,,0
SHV-HQ,S433,0,0,,0,0,,0,0,,0,0,,0,0,,0,0,,0,0,,0,0,,0,0,,0,0,,0,0,,0,0,,,0,0,,0
SHV-HQ,S-45,192324,192360,0,193526,193560,0,168143,168166,0,188216,188243,0,187763,187793,0,178343,178378,0,179695,179734,0,194496,194531,0,163825,163858,0,166973,167012,0,201314,201358,0,188338,188376,0,,2202956,2203369,0,1
SHV-HQ,S-47,0,0,,0,0,,0,0,,0,373,0,605,1795,0,8952,10236,0,6499,7853,0,248,1697,0,392,1851,0,1092,2502,0,692,2264,0,1229,2691,0,,19709,31262,0,1
SHV-HQ,S-473,738600,738550,6.76956404007667e-05,726150,726090,8.262755629007135e-05,639680,639650,4.6898449224563876e-05,793040,792970,8.826793099969699e-05,793570,793520,6.300641405299068e-05,813610,813610,0,735930,735830,0.00013588248882367981,813270,813220,6.148019722851394e-05,767630,767600,3.9081328244039426e-05,801520,801470,6.238147519710413e-05,824210,824150,7.279698135187473e-05,788300,788250,6.342762907518562e-05,,9235510,9234910,6.496663421939886e-05,1
SHV-HQ,S-48,0,0,,0,0,,0,0,,0,0,,0,0,,0,0,,0,0,,0,0,,35292,18496,0.47591522157996147,47590,47134,0.009581844925404481,46200,45233,0.02093073593073591,51467,51543,0,,180549,162406,0.10048795617810125,32
SHV-HQ,S-481,255290,255330,0,255570,255620,0,271230,271270,0,324020,324080,0,372850,372920,0,337180,337230,0,316870,316930,0,385860,385920,0,348200,348250,0,388860,388920,0,384720,384780,0,357320,357370,0,,3997970,3998620,0,1
SHV-HQ,S-483,317860,317610,0.0007865097841817104,335120,334870,0.0007460014323227293,337730,337460,0.0007994551860953658,397350,397040,0.0007801686170881839,389040,388730,0.0007968332305161585,396880,396580,0.0007558959887119521,342160,389160,0,465280,464910,0.0007952200825309674,403350,403010,0.0008429403743647201,427970,427630,0.0007944482089866645,426920,426560,0.0008432493207157776,372350,372040,0.0008325500201423752,,4612010,4655600,0,1
SHV-HQ,S-489,357048,357076,0,349183,349201,0,325464,325486,0,355386,355406,0,387636,387662,0,385286,385317,0,377262,377289,0,391517,391549,0,359404,359433,0,314680,314703,0,253968,253992,0,194206,194221,0,,4051040,4051335,0,1
SHV-HQ,S-497,213990,213970,9.346231132301153e-05,199740,199710,0.00015019525382997667,184490,184470,0.00010840695972680336,212140,212130,4.713868200245663e-05,204040,204050,0,208200,208200,0,196350,196350,0,226360,226360,0,237150,237150,0,245020,245000,8.162598971517276e-05,267790,267790,0,166690,166670,0.00011998320235162563,,2561960,2561850,4.293587721904135e-05,1
SHV-HQ,S498,0,0,,0,0,,0,0,,0,0,,0,0,,0,0,,0,0,,0,0,,0,0,,0,0,,0,0,,0,0,,,0,0,,0
SHV-HQ,S-505,366160,366090,0.00019117325759232529,388550,388510,0.00010294685368683609,460730,460620,0.00023875154645891516,628700,628580,0.00019087004930806728,645140,644970,0.00026350869578695146,678310,678120,0.00028010791526000833,595640,595470,0.00028540729299575407,653400,653170,0.00035200489745945696,650470,650250,0.0003382169815672187,647410,647230,0.00027803092321709855,506410,506310,0.00019746845441437344,961180,964259,0,,7182100,7183579,0,1
SHV-HQ,S-507,41605,43202,0,35515,37243,0,41565,42984,0,36859,38337,0,21011,22119,0,48428,50231,0,48196,49695,0,61131,62867,0,60787,62454,0,56769,58337,0,58853,60540,0,55946,57446,0,,566665,585455,0,1
SHV-HQ,S-509,156100,156150,0,169130,169200,0,179840,179910,0,219980,220070,0,206860,206950,0,62020,62040,0,227560,227720,0,935270,935680,0,1077960,1078480,0,1435860,1436560,0,1443510,1444170,0,1356660,1357250,0,,7470750,7474180,0,1
SHV-HQ,S-53,59939,60106,0,60919,61087,0,56553,56698,0,72087,72255,0,76513,76685,0,77326,77530,0,78015,78237,0,100565,100818,0,95767,96034,0,101186,101460,0,100093,100369,0,87819,87919,0,,966782,969198,0,1
SHV-HQ,S-547,391300,390870,0.001098901098901095,406670,407440,0,390100,390280,0,435290,435490,0,479430,479650,0,492010,492240,0,533090,533340,0,567940,567600,0.0005986547874775594,541590,542450,0,573970,574260,0,595590,595880,0,633590,633880,0,,6040570,6043380,0,1
SHV-HQ,S-56,11200,11400,0,11100,11100,0,8900,9200,0,10600,10800,0,10900,10900,0,11700,12000,0,9900,9900,0,11850,11854,0,10234,10238,0,9797,9800,0,11685,11688,0,11036,11039,0,,128902,129919,0,1
SHV-HQ,S-568,22330,22260,0.0031347962382445305,19040,18980,0.0031512605042016695,19920,19860,0.003012048192771122,21203,21140,0.0029712776493892035,21237,21180,0.00268399491453597,20590,20530,0.0029140359397765714,18350,18300,0.0027247956403270157,22538,22490,0.002129736445114938,21072,21010,0.0029422930903568734,24420,24350,0.002866502866502918,32130,32040,0.0028011204481792618,64850,64250,0.009252120277563614,,307680,306390,0.004192667706708231,1
SHV-HQ,S-57,16841,17931,0,17872,19055,0,15369,16357,0,18628,19744,0,15708,16696,0,15169,16374,0,16273,17331,0,14311,15422,0,12940,14053,0,12189,13106,0,13009,14187,0,14310,15416,0,,182619,195672,0,1
SHV-HQ,S-582,0,0,,0,0,,0,0,,0,0,,0,0,,0,0,,0,0,,0,0,,0,0,,0,0,,0,0,,0,0,,,0,0,,1
SHV-HQ,S-59,203626,203346,0.0013750699812401512,213418,213130,0.001349464431303793,217085,216813,0.001252965428288455,206214,205952,0.0012705247946308562,291773,291421,0.001206417317572206,229359,229061,0.0012992731918084477,191326,191076,0.0013066702904989125,222595,222301,0.0013207843841954725,186692,186436,0.00137124247423559,214258,213971,0.0013395065761838687,232516,232198,0.0013676478177845341,211680,211393,0.001355820105820138,,2620542,2617098,0.0013142319413311787,1
SHV-HQ,S-597,0,0,,0,0,,0,0,,0,0,,0,0,,124443,75498,0.39331260094983245,71841,69305,0.03530017677927644,76760,78264,0,73316,72197,0.015262698455998702,70841,69525,0.018576812862607817,81800,81031,0.009400977995109971,78333,77028,0.016659645360193043,,577334,522848,0.09437517970533527,42
SHV-HQ,S-599,819788,831445,0,788192,799430,0,724291,734583,0,854789,866848,0,846918,859026,0,893773,906393,0,847743,859688,0,858743,870902,0,844785,856872,0,863286,875466,0,880845,893211,0,800085,811387,0,,10023238,10165251,0,1
SHV-HQ,S-607,125241,128330,0,104813,107680,0,71633,72900,0,92190,92310,0,80280,80280,0,152520,152580,0,330600,330860,0,481780,482160,0,595030,595400,0,642230,642650,0,753300,753700,0,757470,757810,0,,4187087,4196660,0,1
SHV-HQ,S-614,1530,1540,0,1430,1420,0.006993006993006978,1320,1320,0,1440,1440,0,1390,1400,0,1430,1420,0.006993006993006978,1430,1430,0,1440,1450,0,1460,1450,0.006849315068493178,1480,1490,0,1520,1510,0.006578947368421018,1570,1570,0,,17440,17440,0,1
SHV-HQ,S-62,10940,10930,0.000914076782449702,36810,36750,0.0016299918500407573,0,0,,0,0,,0,0,,27330,27300,0.001097694840834218,0,0,,0,0,,0,0,,0,0,,16970,16950,0.0011785503830288313,0,0,,,92050,91930,0.0013036393264530544,1
SHV-HQ,S--62,0,0,,0,0,,0,0,,0,0,,0,0,,0,0,,0,0,,0,0,,0,0,,0,0,,0,0,,0,0,,,0,0,,0
SHV-HQ,S-632,551550,551560,0,457309,457250,0.00012901561088896063,411290,411310,0,354361,354360,2.821980974232474e-06,37020,37000,0.0005402485143165547,39409,39400,0.0002283742292369384,174371,174440,0,288759,288890,0,483710,483760,0,584680,584830,0,763050,763240,0,524990,525030,0,,4670499,4671070,0,1
SHV-HQ,S-64,74393,77040,0,80090,82760,0,77194,79680,0,87705,90560,0,83274,85830,0,78361,80990,0,73805,76540,0,71391,73950,0,76411,79110,0,75611,78350,0,77586,80400,0,76716,79410,0,,932537,964620,0,1
SHV-HQ,S-674,1702090,1689870,0.007179408844420698,1670650,1658810,0.007087061922006366,1672210,1660130,0.007223973065583866,2030010,2015310,0.007241343638701325,1955860,1941660,0.007260233350035228,2183020,2167160,0.0072651647717382195,2055010,2040180,0.00721650989532896,2132670,2117190,0.007258506942002252,2082470,2067390,0.007241400836506595,2100740,2085630,0.007192703523520305,1548430,1537310,0.007181467680166365,1548190,1537100,0.007163203482776659,,22681350,22517740,0.007213415427212211,1
SHV-HQ,S-678,937240,937500,0,882110,882330,0,857650,857910,0,1081980,1082300,0,938410,938740,0,1003730,1004030,0,970190,970460,0,1006730,1007030,0,988640,988460,0.000182068295840776,984420,874390,0.11177139838686745,1003410,1112460,0,916510,915820,0.0007528559426520642,,11571020,11571430,0,1
SHV-HQ,S-695,0,0,,0,0,,0,0,,0,0,,0,0,,0,0,,0,0,,0,0,,0,0,,0,0,,0,0,,0,0,,,0,0,,1
SHV-HQ,S-704,1023840,1021560,0.002226910454758535,1113810,1111520,0.002056005961519447,1185370,1183050,0.0019571947999358352,1358750,1356110,0.0019429622815086978,1278860,1276550,0.0018062962325821053,1240930,1238670,0.0018212147341106766,1025730,1023760,0.0019205833893909396,1210670,1208510,0.0017841360568940923,1034560,1032590,0.0019041911537271972,1243560,1248610,0,1113440,1121319,0,939420,951980,0,,13768940,13774229,0,1
SHV-HQ,S-711,271810,272430,0,254020,254570,0,234040,234580,0,304580,305310,0,298550,299290,0,322630,323380,0,286610,287340,0,298819,299570,0,290880,291600,0,297671,298410,0,325630,326420,0,282770,283420,0,,3468010,3476320,0,1
SHV-HQ,S-72,162265,160364,0.01171540381474745,161064,159173,0.011740674514478688,171787,169667,0.012340863976901595,199327,196942,0.011965263110366386,212737,212355,0.0017956443872011452,239862,235023,0.02017410010756182,203125,201341,0.00878276923076926,235317,232839,0.010530475911217585,217044,215059,0.009145611028178569,219490,217427,0.00939906146065883,270655,268000,0.009809536125325646,261409,258164,0.012413497622499658,,2554082,2526354,0.010856346820501406,193
SHV-HQ,S-73,111921,111023,0.008023516587593038,102989,102167,0.007981434910524388,104973,104091,0.008402160555571414,115847,114774,0.009262216544235091,124257,123093,0.00936768149882905,116940,115897,0.008919103813921692,97539,96719,0.008406893652795344,111738,110786,0.008519930551826649,96247,94449,0.018681101748625917,96032,95743,0.003009413528823779,121404,120966,0.003607788870218398,110932,109746,0.010691234269642691,,1310819,1299454,0.00867015201946264,108
SHV-HQ,S-748,2150,2150,0,2018,2016,0.0009910802775024985,1940,1939,0.0005154639175257714,2187,2185,0.0009144947416552807,2275,2275,0,2261,2259,0.0008845643520566382,2088,2086,0.0009578544061302763,2146,2141,0.002329916123019582,2062,2029,0.01600387972841899,2108,2142,0,2004,1979,0.012475049900199653,2206,2205,0.0004533091568449388,,25445,25406,0.0015327176262527331,1
SHV-HQ,S-787,24520,24520,0,9760,9760,0,7780,7780,0,2820,2830,0,120,110,0.08333333333333337,0,0,,0,0,,0,0,,0,0,,0,0,,0,0,,0,0,,,45000,45000,0,0
SHV-HQ,S-808,335930,336020,0,314260,314340,0,318720,318820,0,397820,397940,0,407740,407880,0,439440,439590,0,372010,372130,0,478920,479080,0,500940,501130,0,521650,521820,0,593790,593950,0,524540,524760,0,,5205760,5207460,0,1
SHV-HQ,S-830,68443,68425,0.0002629925631547625,57755,57762,0,59636,59599,0.0006204306123818171,76463,76445,0.00023540797509902234,88772,88744,0.00031541477042307253,99670,99647,0.00023076151299283865,87629,87605,0.00027388193406296946,103697,103663,0.00032787833784975184,110396,110363,0.0002989238740533917,110418,110382,0.0003260337988371109,81535,81509,0.0003188814619488056,24729,24723,0.00024263011039671323,,969143,968867,0.000284787693869748,1
SHV-HQ,S-858,0,0,,0,0,,0,0,,0,0,,0,0,,0,0,,0,0,,0,0,,0,0,,0,0,,0,0,,0,0,,,0,0,,0
SHV-HQ,S-859,193230,193141,0.00046059100553741406,200299,200206,0.0004643058627351593,197977,197883,0.0004748026285881224,217177,217070,0.000492685689552741,212013,211908,0.0004952526496017073,181264,181170,0.000518580633771748,159506,159423,0.0005203566010055782,170010,169926,0.0004940885830245767,154183,154110,0.00047346335199083267,150815,150742,0.00048403673374664,158332,158253,0.0004989515701184777,151760,151693,0.0004414865577226923,,2146566,2145525,0.00048496063014136226,1
SHV-HQ,S-882,108540,108590,0,91160,91190,0,92220,92240,0,93090,93100,0,90040,90050,0,91460,91480,0,93730,93740,0,111650,111660,0,117070,117090,0,125720,125760,0,140750,140790,0,119270,119330,0,,1274700,1275020,0,1
SHV-HQ,S-886,179797,179940,0,184086,184232,0,196299,196445,0,224295,224459,0,223045,223205,0,178257,178386,0,170109,170242,0,201598,201747,0,191625,191761,0,191241,191384,0,198365,198519,0,193477,193343,0.0006925887831628064,,2332194,2333663,0,1
SHV-HQ,S-905,107974,107996,0,93990,94007,0,98915,98893,0.00022241318303595214,122702,122767,0,122302,122327,0,121155,121188,0,98576,98584,0,90475,90488,0,111005,111026,0,117082,117103,0,124874,124894,0,112051,112071,0,,1321101,1321344,0,1
SHV-HQ,S-920,223884,223794,0.0004019938896928643,221055,220961,0.00042523353916446016,212864,212771,0.0004368986770896255,222828,222737,0.00040838673775289713,222734,222630,0.00046692467247932967,207125,207043,0.00039589619794810904,192343,192255,0.0004575160000623857,212003,211904,0.00046697452394539596,166160,166087,0.00043933558016373553,173484,173402,0.0004726660671877658,173452,173371,0.00046698798514865913,206486,206401,0.00041165018451616575,,2434418,2433356,0.00043624389895247084,1
SHV-HQ,S-923,777830,777620,0.00026998187264570817,602000,601840,0.0002657807308970028,347670,347570,0.0002876290735467357,429580,429450,0.0003026211648586852,507820,507630,0.00037414832027093947,576960,576750,0.0003639767054908205,523980,523790,0.0003626092598953967,583420,583200,0.0003770868328134558,630710,630490,0.000348813242219137,731060,730790,0.0003693267310480586,818050,817750,0.0003667257502597554,729490,729270,0.00030158055627904634,,7258570,7256150,0.00033339900283391177,1
SHV-HQ,S-944,123000,123472,0,137259,137579,0,133147,114335,0.14128744921027137,131175,131797,0,171614,172568,0,150316,151077,0,140656,141317,0,137344,137070,0.0019949906803354844,132144,133180,0,140295,140712,0,149876,150378,0,141669,141902,0,,1688495,1675387,0.007763126334398351,1
SHV-HQ,S-953,489270,496380,0,451989,458690,0,440966,447400,0,541998,549840,0,500705,508020,0,521722,529330,0,507501,515030,0,525744,533370,0,523835,531420,0,536320,544120,0,568920,577050,0,560945,569090,0,,6169915,6259740,0,1
SHV-HQ,Sx31,0,0,,0,0,,0,0,,0,0,,0,0,,0,0,,0,0,,0,0,,0,0,,0,0,,0,0,,0,0,,,0,0,,0
SHV-HQ,Sx32,0,0,,0,0,,0,0,,0,0,,0,0,,0,0,,0,0,,0,0,,0,0,,0,0,,0,0,,0,0,,,0,0,,0
SHV-HQ,Sx33,0,0,,0,0,,0,0,,0,0,,0,0,,0,0,,0,0,,0,0,,0,0,,0,0,,0,0,,0,0,,,0,0,,0
SHV-HQ,Sx34,0,0,,0,0,,0,0,,0,0,,0,0,,0,0,,0,0,,0,0,,0,0,,0,0,,0,0,,0,0,,,0,0,,0
SHV-HQ,Sx35,0,0,,0,0,,0,0,,0,0,,0,0,,0,0,,0,0,,0,0,,0,0,,0,0,,0,0,,0,0,,,0,0,,0
SHV-HQ,Sx36,0,0,,0,0,,0,0,,0,0,,0,0,,0,0,,0,0,,0,0,,0,0,,0,0,,0,0,,0,0,,,0,0,,0
SHV-HQ,Sx37,0,0,,0,0,,0,0,,0,0,,0,0,,0,0,,0,0,,0,0,,0,0,,0,0,,0,0,,0,0,,,0,0,,0
SHV-HQ,Sx40,0,0,,0,0,,0,0,,0,0,,0,0,,0,0,,0,0,,0,0,,0,0,,0,0,,0,0,,0,0,,,0,0,,0
SHV-HQ,Sx41,0,0,,0,0,,0,0,,0,0,,0,0,,0,0,,0,0,,0,0,,0,0,,0,0,,0,0,,0,0,,,0,0,,0
SHV-HQ,Sx41A,0,0,,0,0,,0,0,,0,0,,0,0,,0,0,,0,0,,0,0,,0,0,,0,0,,0,0,,0,0,,,0,0,,0
SHV-HQ,Sx42,0,0,,0,0,,0,0,,0,0,,0,0,,0,0,,0,0,,0,0,,0,0,,0,0,,0,0,,0,0,,,0,0,,0
SHV-HQ,Sx43,0,0,,0,0,,0,0,,0,0,,0,0,,0,0,,0,0,,0,0,,0,0,,0,0,,0,0,,0,0,,,0,0,,0
SHV-HQ,UDP01,0,0,,0,0,,0,0,,0,0,,0,0,,0,0,,0,0,,0,0,,0,0,,0,0,,0,0,,0,0,,,0,0,,0
SHV-HQ,UDP-01,2859710,2854370,0.001867322210993394,3486600,3487269,0,3404840,3405240,0,4094730,4093991,0.00018047587997249703,4174969,4174139,0.00019880387135806643,4288311,4287801,0.00011892794156020958,3813750,3813031,0.0001885283513601843,2886448,2886589,0,3497942,3497788,4.402588722163259e-05,3865940,3865623,8.199816862131115e-05,4065129,4064838,7.158444418364773e-05,1589151,4027331,0,,42027520,44458010,0,1
