Unnamed: 0,Unnamed: 1,January,Unnamed: 3,Unnamed: 4,February,Unnamed: 6,Unnamed: 7,March,Unnamed: 9,Unnamed: 10,April,Unnamed: 12,Unnamed: 13,May,Unnamed: 15,Unnamed: 16,June,Unnamed: 18,Unnamed: 19,July,Unnamed: 21,Unnamed: 22,August,Unnamed: 24,Unnamed: 25,September,Unnamed: 27,Unnamed: 28,October,Unnamed: 30,Unnamed: 31,November,Unnamed: 33,Unnamed: 34,December,Unnamed: 36,Unnamed: 37,Unnamed: 38,Accumulate for Year 2025,Unnamed: 40,Unnamed: 41,Unnamed: 42
Region,Cabin,Total kWh,Sales kWh,Losses,Total kWh,Sales kWh,Losses,Total kWh,Sales kWh,Losses,Total kWh,Sales kWh,Losses,Total kWh,Sales kWh,Losses,Total kWh,Sales kWh,Losses,Total kWh,Sales kWh,Losses,Total kWh,Sales kWh,Losses,Total kWh,Sales kWh,Losses,Total kWh,Sales kWh,Losses,Total kWh,Sales kWh,Losses,Total kWh,Sales kWh,Losses,,Total kWh,Sales kWh,Losses,Consumer
TBK-MM,023A,0,0,,0,0,,0,0,,0,0,,0,0,,0,0,,0,0,,0,0,,0,0,,0,0,,0,0,,0,0,,,0,0,,0
TBK-MM,043C,0,0,,0,0,,0,0,,0,0,,0,0,,0,0,,0,0,,0,0,,0,0,,0,0,,0,0,,0,0,,,0,0,,0
TBK-MM,102A,0,0,,0,0,,0,0,,0,0,,0,0,,0,0,,0,0,,0,0,,0,0,,0,0,,0,0,,0,0,,,0,0,,0
TBK-MM,325A,0,0,,0,0,,0,0,,0,0,,0,0,,0,0,,0,0,,0,0,,0,0,,0,0,,0,0,,0,0,,,0,0,,0
TBK-MM,328,0,0,,0,0,,0,0,,0,0,,0,0,,0,0,,0,0,,0,0,,0,0,,0,0,,0,0,,0,0,,,0,0,,0
TBK-HQ,FR,0,0,,0,0,,0,0,,0,0,,0,0,,0,0,,0,0,,0,0,,0,0,,0,0,,0,0,,0,0,,,0,0,,0
TBK-PK,FR,0,0,,0,0,,0,0,,0,0,,0,0,,0,0,,0,0,,0,0,,0,0,,0,0,,0,0,,0,0,,,0,0,,0
TBK-PK,K.MV01,376644,376806,0,416451,416616,0,442440,442607,0,548175,548372,0,627820,628101,0,689291,689541,0,796115,796430,0,851518,851887,0,903629,904021,0,952452,952897,0,956386,956818,0,810638,811040,0,,8371559,8375136,0,1
TBK-PK,K.MV02,42527,42544,0,42932,42963,0,38152,38162,0,23305,23300,0.00021454623471361955,32926,32923,9.111340581913208e-05,33554,33562,0,45410,45422,0,62912,62982,0,51611,51591,0.0003875142895893857,61809,61853,0,75742,75804,0,75077,75074,3.995897545183702e-05,,585957,586180,0,1
TBK-PK,K.MV03,91311,91310,1.095158305131072e-05,62176,62176,0,36731,36734,0,26348,26345,0.00011386063458329598,57969,57973,0,65467,65452,0.00022912306963818185,63933,63930,4.6924123692004827e-05,70150,70149,1.425516749820055e-05,55038,55033,9.084632435774065e-05,63346,63343,4.735894926277684e-05,61690,61685,8.105041335715324e-05,76006,76003,3.9470568113042503e-05,,730165,730133,4.3825710626999026e-05,1
TBK-PK,K.MV04,134941,134972,0,147511,147549,0,156950,156999,0,178076,178120,0,168506,168577,0,167268,167324,0,149355,149404,0,108183,108218,0,74594,74621,0,163426,163480,0,146569,146618,0,151297,151341,0,,1746676,1747223,0,1
TBK-PK,K.MV05,160868,160662,0.001280552999975093,163046,162816,0.0014106448486930212,162379,162195,0.0011331514543136967,186210,185955,0.0013694216207507104,180019,179774,0.001360967453435502,178264,178023,0.0013519274783466706,173033,172789,0.0014101356388666053,125372,125143,0.0018265641451041814,105535,105348,0.001771924006253811,186029,185850,0.0009622155685403699,186573,186364,0.0011202049599888797,188904,188642,0.0013869478676999947,,1996232,1993561,0.0013380208312461228,1
TBK-PK,K.MV06,96345,96776,0,98611,99055,0,80798,80825,0,77824,78597,0,77295,77688,0,61647,61964,0,47540,47785,0,24663,24750,0,94935,95419,0,111896,111772,0.0011081718738829016,106281,106168,0.0010632192019269793,106964,106854,0.0010283833813246046,,984799,987653,0,1
TBK-PK,K.MV07,225219,225657,0,250123,250616,0,266179,266769,0,283445,284141,0,263107,264023,0,211772,211952,0,193757,194194,0,212808,213222,0,191227,191691,0,206196,206609,0,204837,205246,0,124648,124886,0,,2633318,2639006,0,1
TBK-PK,K.MV08,0,0,,0,0,,0,0,,0,0,,0,0,,0,0,,0,0,,0,0,,0,0,,0,0,,0,0,,0,0,,,0,0,,1
TBK-PK,K.MV09,183048,185959,0,189512,192480,0,196777,199898,0,264747,268850,0,217131,220289,0,215465,218992,0,200756,203840,0,216343,219673,0,228052,231582,0,235835,239409,0,210371,213628,0,201918,205158,0,,2559955,2599758,0,1
TBK-PK,K.MV10,2057,2056,0.000486144871171601,8239,8237,0.00024274790629930099,6152,6151,0.00016254876462939993,34302,34296,0.00017491691446558377,79037,79024,0.0001644799271227626,79349,79336,0.0001638331926048231,57851,57842,0.00015557207308425358,12081,12079,0.0001655492095025135,1057,1058,0,1042,1042,0,1107,1106,0.0009033423667570428,1503,1503,0,,283777,283730,0.00016562300679756614,1
TBK-PK,K.MV11,81809,81723,0.0010512290823747605,77798,77707,0.001169695879071453,75178,75084,0.0012503657985049044,66870,66769,0.0015103933004336767,83739,83622,0.0013971984380037883,42603,42546,0.0013379339483134967,36518,36465,0.0014513390656663017,43786,43714,0.0016443612113461459,39467,39403,0.0016216079256087257,49091,49018,0.0014870342832697947,37129,37071,0.001562121252928983,30147,30103,0.001459515042956161,,664135,663225,0.001370203347211052,1
TBK-PK,K.MV12,42962,42920,0.000977608118802653,43051,43036,0.0003484239622773,31562,31536,0.0008237754261453123,26131,26104,0.001033255520263343,38435,38402,0.0008585924287758395,36205,36174,0.0008562353266123868,35373,35344,0.0008198343369236749,29783,29760,0.0007722526273377106,29878,29851,0.00090367494477539,30823,30798,0.0008110826330987031,37593,37565,0.0007448195142712999,39404,39377,0.0006852096233884719,,421200,420867,0.0007905982905982434,1
TBK-PK,K.MV13,0,0,,0,0,,0,0,,0,0,,0,0,,1,1,0,0,0,,0,0,,0,0,,0,0,,0,0,,0,0,,,1,1,0,1
TBK-PK,K.MV14,67562,67447,0.0017021402563571764,69298,69382,0,66135,66124,0.00016632645346636998,56381,56372,0.00015962824355719718,69853,69859,0,73330,73334,0,80446,80443,3.729209656166965e-05,92790,92763,0.00029097963142576955,78229,78202,0.00034514054890133483,81450,81428,0.00027010435850216563,81255,81245,0.00012306934957850846,84507,84487,0.00023666678500000593,,901236,901086,0.0001664380916873709,1
TBK-PK,K.MV15,59374,60273,0,52698,53546,0,71856,72911,0,90053,91349,0,99065,100428,0,83397,84670,0,83017,84247,0,50246,51141,0,31640,32302,0,69443,70581,0,68765,69859,0,66981,68030,0,,826535,839337,0,1
TBK-PK,K.MV16,19639,19640,0,25049,25058,0,27835,27835,0,37107,37114,0,20619,20625,0,6450,6452,0,5930,5931,0,15440,15443,0,8276,8276,0,19267,19274,0,21336,21338,0,38834,38824,0.0002575063089045315,,245782,245810,0,1
TBK-PK,K.MV17,1569663,1569534,8.218324570308244e-05,1753935,1753903,1.8244689797497493e-05,1785434,1785468,0,2067646,2068033,0,2021447,2021113,0.00016522817565833847,1922370,1922635,0,2087142,2087187,0,2233997,2234174,0,2231538,2231587,0,2357586,2357567,8.05909095147328e-06,2139892,2140070,0,2163983,2164017,0,,24334633,24335288,0,1
TBK-PK,K.MV18,168935,171456,0,189821,192601,0,192723,195429,0,265207,268984,0,243073,246587,0,231393,234754,0,214808,217938,0,244567,248107,0,235125,238619,0,233352,236785,0,197184,200063,0,192970,195771,0,,2609158,2647094,0,1
TBK-PK,K.MV19,890460,892360,0,986630,988820,0,990630,992760,0,1238940,1241550,0,1338180,1340920,0,1351770,1354600,0,1335160,1337960,0,1480390,1483390,0,1384610,1387469,0,1434949,1437931,0,1323801,1326640,0,1323730,1326549,0,,15079250,15110949,0,1
TBK-PK,K.MV20,632110,632210,0,690110,690260,0,879610,879820,0,1118260,1118520,0,1103290,1103590,0,1120450,1120790,0,1162390,1162720,0,1316900,1317200,0,1262400,1262960,0,1283260,1283760,0,1186140,1186599,0,1172150,1172661,0,,12927070,12931090,0,1
TBK-PK,K.MV21,8725,8741,0,4386,4401,0,8161,8175,0,7390,7402,0,7659,7671,0,7715,7730,0,12135,12150,0,13143,13161,0,11600,11617,0,12955,12974,0,10455,10471,0,8341,8356,0,,112665,112849,0,1
TBK-PK,K.MV22,1670,1750,0,51340,51450,0,168310,168510,0,301920,302270,0,445320,445560,0,516620,516810,0,625000,625260,0,858820,859470,0,930950,931350,0,973530,974240,0,945380,946210,0,941389,942060,0,,6760249,6764940,0,1
TBK-PK,K.MV23,0,0,,279848,281415,0,486906,487016,0,674064,674269,0,652323,652460,0,681711,682042,0,736840,737580,0,867090,868080,0,817760,818620,0,841800,842640,0,768380,769040,0,688360,688810,0,,7495082,7501972,0,1
TBK-PK,K.MV24,0,0,,0,0,,0,0,,255,263,0,0,0,,0,0,,0,0,,0,0,,603,616,0,1129,1152,0,671,698,0,641,669,0,,3299,3398,0,1
TBK-PK,K.MV25,0,0,,885,933,0,915,953,0,1108,1153,0,1504,1534,0,2493,2539,0,1900,1942,0,3052,3111,0,12765,12866,0,12874,12910,0,11352,11382,0,10715,10796,0,,59563,60119,0,1
TBK-PK,K.MV26,0,0,,8269,8291,0,31586,31603,0,75774,75813,0,95890,95928,0,105196,105248,0,109559,109607,0,118417,118468,0,122218,122275,0,128884,128948,0,131791,131847,0,134066,134120,0,,1061650,1062148,0,1
TBK-PK,K.MV27,0,0,,0,0,,0,0,,35581,35578,8.431466231972884e-05,88788,88797,0,122336,122363,0,130169,130209,0,143571,143622,0,130790,130839,0,147996,148015,0,134651,134698,0,133421,133432,0,,1067303,1067553,0,1
TBK-PK,K.MV28,0,0,,0,0,,0,0,,0,0,,0,0,,8650,8645,0.0005780346820809523,14763,14757,0.00040642145905300797,19760,19752,0.0004048582995951344,19885,19875,0.0005028916268544625,23949,23933,0.0006680863501608014,25265,25247,0.0007124480506629505,31514,31483,0.000983689788665365,,143786,143692,0.0006537493219089807,1
TBK-PK,K.MV29,0,0,,0,0,,0,0,,967200,966250,0.0009822167080231203,1070050,1069210,0.0007850100462595266,1289740,1288630,0.0008606385783180848,1533210,1532080,0.0007370158034450958,1793620,1792350,0.0007080652535096377,1828040,1827110,0.0005087416030283842,1850130,1849690,0.00023782112608305983,1744579,1744080,0.00028602889293061207,1745811,1745480,0.00018959669746609897,,13822380,13814880,0.0005425983079614394,1
TBK-PK,K.MV30,0,0,,0,0,,0,0,,428070,428020,0.00011680332655872316,679600,679390,0.00030900529723365544,799140,798950,0.0002377555872562498,618500,618350,0.00024252223120457828,809330,809130,0.00024711798648269223,1033990,1033760,0.00022243928858112216,1329120,1328830,0.00021818947875285044,1294590,1294200,0.00030125367877087417,1400380,1399880,0.0003570459446721186,,8392720,8390510,0.00026332345175339444,1
TBK-PK,K.MV31,0,0,,0,0,,0,0,,0,0,,0,0,,0,0,,0,0,,0,56366,0,0,91357,0,0,101420,0,0,100135,0,0,98998,0,,0,448276,0,1
TBK-PK,K.MV32,0,0,,0,0,,0,0,,183752,183807,0,334081,334208,0,374308,374400,0,455874,455908,0,534248,534248,0,435584,435690,0,465130,465349,0,493750,494020,0,751480,751650,0,,4028207,4029280,0,1
TBK-PK,K.MV33,0,0,,0,0,,0,0,,0,0,,0,0,,0,0,,1356,1361,0,3935,3940,0,5523,5523,0,8511,8520,0,9583,9587,0,9552,9556,0,,38460,38487,0,1
TBK-PK,K.MV34,0,0,,0,0,,0,0,,0,0,,0,0,,0,0,,219,219,0,35322,35333,0,58228,58245,0,77126,77153,0,64977,65007,0,59510,59544,0,,295382,295501,0,1
TBK-PK,K.MV35,0,0,,0,0,,0,0,,0,0,,0,0,,0,0,,0,0,,0,0,,0,66241,0,0,57998,0,0,54733,0,0,56407,0,,0,235379,0,1
TBK-PK,K.MV36,0,0,,0,0,,0,0,,0,0,,0,0,,0,0,,0,0,,0,0,,0,0,,0,0,,0,37222,0,0,30785,0,,0,68007,0,1
TBK-PK,K.P001,94261,90646,0.03835096169147367,91519,88038,0.03803581769905706,96566,92770,0.039309902035913225,112664,109082,0.03179365192075556,123231,116843,0.051837605797242614,116135,110194,0.05115598226202267,104356,99904,0.04266165817011003,117205,113710,0.029819546947655762,105401,100561,0.04591986793294178,96782,91935,0.05008162674877559,109725,107025,0.024606971975393077,99229,95021,0.04240695764343083,,1267074,1215729,0.04052249513445938,287
TBK-PK,K.P002,640,642,0,557,558,0,676,677,0,946,949,0,414,416,0,119,120,0,117,118,0,421,424,0,150,150,0,119,122,0,216,217,0,402,403,0,,4777,4796,0,1
TBK-PK,K.P003,5003,4897,0.0211872876274235,4442,4352,0.020261143628995892,4299,4208,0.021167713421725964,4410,4309,0.022902494331065726,2843,2775,0.023918396060499503,2091,2043,0.022955523672883782,1845,1804,0.022222222222222254,3637,3554,0.022821006323893278,1808,1756,0.028761061946902644,1788,1738,0.027964205816554788,1792,1740,0.029017857142857095,3348,3262,0.025686977299880565,,37306,36438,0.02326703479333081,24
TBK-PK,K.P004,171532,164765,0.03945036494648224,180284,173415,0.03810099620598606,175839,168572,0.04132757806857412,217961,208316,0.04425103573575084,224936,215990,0.03977131272895407,178958,173238,0.03196280691558917,166586,161554,0.03020662000408203,180684,174844,0.032321622279781304,175909,169897,0.03417676184845575,159618,154903,0.029539275019108135,179621,173531,0.03390472160827518,156887,152198,0.029887753606098633,,2168815,2091223,0.03577621881073301,744
TBK-PK,K.P005,86835,84986,0.021293257327114623,82798,80986,0.021884586584216992,92262,90214,0.022197654505646924,113366,109926,0.030344194908526356,115076,111230,0.0334213910806771,119446,115709,0.03128610418096878,114818,111550,0.028462436203382735,125028,121369,0.029265444540422902,108928,105919,0.027623751468860203,96458,93615,0.029473967944597668,99802,97103,0.02704354622151861,88084,85780,0.02615685027927883,,1242901,1208387,0.027768905166219993,180
TBK-PK,K.P006,42225,41240,0.023327412670219094,43855,42734,0.02556150952000913,46389,45244,0.02468257561059739,53604,52364,0.02313260204462353,59296,57866,0.024116297895304895,55014,53640,0.024975460791798465,49896,48171,0.03457190957190959,58186,57324,0.014814560203485372,50995,49512,0.029081282478674364,49852,48834,0.020420444515766634,51741,49979,0.03405423165381416,43542,43230,0.0071654953837674285,,604595,590138,0.023911874891456297,318
TBK-PK,K.P007,97099,96479,0.0063852356872882154,105595,105354,0.002282305033382226,90415,90139,0.003052590831167379,84522,84225,0.0035138780435862715,35116,34944,0.004898052169950984,0,0,,0,0,,0,0,,0,0,,0,0,,0,1,0,0,0,,,412747,411142,0.0038885806559466607,0
TBK-PK,K.P008,42197,39592,0.06173424651041548,37991,36994,0.02624305756626566,42260,41926,0.007903454803596777,48136,47730,0.008434435765331538,50432,54223,0,48439,47688,0.015504036004046373,41660,40453,0.028972635621699494,46067,46369,0,46548,46148,0.008593280054997043,43833,42959,0.019939315127871726,45327,45868,0,39944,39050,0.022381333867414366,,532834,529000,0.007195486774492665,22
TBK-PK,K.P009,35343,33582,0.049825991002461545,26189,25444,0.028447057925083064,31643,30000,0.05192301614891126,38396,36496,0.049484321283467025,30430,29044,0.045547157410450234,43224,40710,0.05816213214880617,31027,29404,0.052309279015051446,33321,32386,0.02806038234146635,32285,31372,0.0282793867120954,32990,32120,0.02637162776598967,36618,35117,0.04099076956687964,40289,38207,0.05167663630271291,,411755,393882,0.04340688030503581,103
TBK-PK,K.P010,105230,102717,0.023881022522094453,95749,91528,0.04408401132126705,111586,105775,0.05207642535801982,155016,144654,0.06684471280383963,164790,151945,0.07794769100066756,167404,155333,0.07210699863802539,173416,159803,0.07849910042902619,189663,172643,0.08973811444509472,163164,149509,0.08368880390282174,149688,141701,0.05335765057987285,158710,149316,0.05918971709407095,153260,140155,0.08550828657183873,,1787676,1665079,0.06857898187367284,82
TBK-PK,K.P011,62258,59944,0.037167914163641624,61732,59477,0.03652886671418387,78158,74736,0.04378310601601887,99335,93626,0.05747219006392512,107904,101666,0.05781064650059309,129303,124975,0.03347176786308126,128162,120550,0.05939358000031214,109021,104546,0.041047137707414194,102211,96879,0.05216659655027345,92030,87805,0.04590894273606427,96688,91640,0.05220916763197092,90746,85820,0.05428338439159852,,1157548,1101664,0.04827791158552386,142
TBK-PK,K.P012,27471,27577,0,30373,30491,0,30704,30814,0,34550,34675,0,34044,34159,0,32548,32657,0,29148,29247,0,28172,28271,0,28083,28181,0,32537,32659,0,29971,30084,0,29302,29412,0,,366903,368227,0,1
TBK-PK,K.P013,21502,20582,0.0427867175146498,21752,20992,0.03493931592497246,23516,22501,0.04316210239836704,29311,27886,0.04861656033571016,32364,30625,0.05373254233098501,33715,32174,0.04570665875722968,31653,30142,0.047736391495276864,31046,29611,0.046221735489273996,33481,31927,0.04641438427764999,32022,30514,0.047092623821123,32601,30899,0.05220698751572039,29602,28115,0.05023309235862439,,352565,335968,0.04707500744543558,261
TBK-PK,K.P014,37499,35531,0.05248139950398678,38588,37059,0.0396237172177879,40596,38481,0.052098728938811734,50845,47083,0.07398957616284785,47053,45285,0.037574649862920584,42711,40140,0.06019526585657087,42013,40006,0.04777092804608096,43412,40958,0.05652814889892199,47991,45055,0.0611781375674606,47408,44534,0.06062267971650359,47200,44710,0.05275423728813555,41202,39223,0.048031648949080186,,526518,498065,0.0540399378558758,254
TBK-PK,K.P015,70361,70354,9.948693168093659e-05,78959,78959,0,73719,73726,0,75131,75140,0,74652,74664,0,71290,71302,0,70439,70449,0,25123,25127,0,0,0,,0,0,,0,0,,0,0,,,539674,539721,0,0
TBK-PK,K.P016,32656,32147,0.015586722195002456,31681,31074,0.019159748745304794,32656,32020,0.019475747182753578,39711,38801,0.022915564956813017,42291,41405,0.020950083942209874,39616,38714,0.022768578352180935,37366,36550,0.021838034576888044,39284,38235,0.026702983402912106,37305,36324,0.02629674306393248,35217,34610,0.017235993980180053,38011,37394,0.01623214332693168,34943,34097,0.024210857682511522,,440737,431371,0.021250768598960357,134
TBK-PK,K.P017,15196,14309,0.0583706238483811,14924,14088,0.0560171535781292,16628,15511,0.06717584796728415,20492,18861,0.07959203591645525,21932,20134,0.08198066751778221,17784,18658,0,24280,22632,0.06787479406919272,26465,25403,0.04012847156621957,25247,24309,0.037152929060878526,22799,22173,0.027457344620378077,25106,24600,0.020154544730343393,22715,22493,0.009773277569887773,,253568,243171,0.04100280792529021,86
TBK-PK,K.P018,4258,4144,0.026773132926256493,3644,3542,0.02799121844127328,5134,5003,0.025516166731593293,6275,6127,0.023585657370517876,5141,5031,0.021396615444466027,4735,4629,0.022386483632523713,5331,5232,0.01857062464828363,6231,6104,0.02038196116193225,5790,5669,0.020898100172711542,6790,6657,0.019587628865979423,8536,8368,0.019681349578256846,6553,6383,0.02594231649626122,,68418,66889,0.022347920137975374,70
TBK-PK,K.P019,45863,43975,0.0411660815908248,46107,44197,0.04142538009412888,48200,46021,0.04520746887966809,58137,55147,0.05143024235856686,63686,59992,0.05800332883208237,65164,61717,0.052897305260573346,61833,58246,0.05801109439943075,67229,64278,0.04389474780228775,74675,63266,0.1527820555741547,75060,77682,0,79105,73720,0.06807407875608373,72398,67739,0.06435260642559182,,757457,715980,0.05475822389917839,490
TBK-PK,K.P020,182,183,0,113,115,0,93,92,0.010752688172043001,41,41,0,39,41,0,75,76,0,56,56,0,83,84,0,182,184,0,722,727,0,1837,1853,0,3231,3259,0,,6654,6711,0,1
TBK-PK,K.P021,28946,28961,0,33160,33178,0,32995,33003,0,31407,31423,0,31806,31819,0,33320,33332,0,34377,34393,0,27407,27425,0,22659,22670,0,20986,20999,0,16814,16826,0,15363,15372,0,,329240,329401,0,1
TBK-PK,K.P022,25632,25718,0,33116,33212,0,32761,32849,0,34969,35064,0,34312,34409,0,35361,35456,0,32831,32925,0,34686,34775,0,29207,29289,0,30764,30854,0,28629,28719,0,26861,26950,0,,379129,380220,0,1
TBK-PK,K.P023,14461,14040,0.02911278611437662,14000,13616,0.02742857142857147,14339,13686,0.045540135295348394,18124,17787,0.018594129331273468,19254,18610,0.033447595304871736,18947,18018,0.049031508946007274,17762,17656,0.005967796419322102,18663,18126,0.028773509082141158,18720,18181,0.02879273504273505,18143,17615,0.02910213305407039,17438,16842,0.03417823144856058,16705,16282,0.025321759952110168,,206556,200459,0.029517419005015588,164
TBK-PK,K.P024,16131,15739,0.024301035273696647,16510,16074,0.026408237431859494,15358,14981,0.024547467118114286,18642,18156,0.026070164145477914,18475,17764,0.03848443843031124,17051,16911,0.008210662131253321,16383,15970,0.025209058170054366,18227,17562,0.03648433642398641,16893,16569,0.0191795418220565,17360,16983,0.02171658986175118,17243,16526,0.04158209128341939,17981,17690,0.0161837495133752,,206254,200925,0.02583707467491536,269
TBK-PK,K.P025,38714,35706,0.07769799039107295,38248,36915,0.03485149550303279,37398,34380,0.08069950264720038,44620,41017,0.08074854325414615,38526,39850,0,32305,29230,0.09518650363720782,8226,8158,0.008266472161439387,9097,8994,0.011322413982631674,8594,8447,0.017104956946706995,9192,8975,0.023607484769364695,9096,8903,0.02121811785400174,8598,8530,0.007908816003721841,,282614,269105,0.04780017975047235,106
TBK-PK,K.P026,14728,14735,0,25402,25409,0,33448,33456,0,43400,43391,0.00020737327188935506,35455,35454,2.820476660558846e-05,38829,38822,0.0001802776275464657,38467,38465,5.199261704835756e-05,37796,37791,0.00013228913112495189,28745,28749,0,31112,31117,0,28577,28581,0,30831,30833,0,,386790,386803,0,1
TBK-PK,K.P027,53412,51601,0.033906238298509694,65072,62738,0.03586796164248829,54859,52940,0.034980586594724694,46818,45859,0.020483574693493933,49083,48024,0.021575698306949498,46080,45169,0.019769965277777746,49579,48620,0.01934286693963172,53824,52552,0.023632580261593317,55050,54024,0.018637602179836565,50224,49318,0.018039184453647605,55103,53995,0.020107798123514153,54706,53570,0.0207655467407597,,633810,618410,0.02429750240608386,25
TBK-PK,K.P028,24335,23701,0.026053010067803584,25569,24891,0.026516484805819585,24902,24205,0.027989719701228766,28146,27320,0.029346976479784015,28318,27606,0.02514301857475809,25774,25573,0.007798556685031377,26075,25377,0.02676893576222439,27136,26827,0.011387087264150941,26209,25279,0.03548399404784619,25200,24542,0.026111111111111085,25968,25282,0.026417128773875587,24138,23531,0.02514707100836855,,311770,304134,0.02449241427975757,160
TBK-PK,K.P029,11593,11597,0,12270,12273,0,12781,12790,0,13287,13299,0,10936,10946,0,11166,11174,0,10724,10733,0,15207,15224,0,12918,12924,0,12963,12969,0,9713,9715,0,10193,10197,0,,143751,143841,0,1
TBK-PK,K.P030,4765,4770,0,3867,3873,0,2293,2297,0,2412,2416,0,3849,3857,0,5983,5994,0,6140,6153,0,7471,7484,0,6217,6228,0,6957,6969,0,4715,4722,0,4738,4745,0,,59407,59508,0,1
TBK-PK,K.P031,1569,1571,0,4115,4121,0,5476,5487,0,8678,8691,0,15554,15578,0,21212,21245,0,21131,21164,0,20880,20908,0,19138,19166,0,20497,20525,0,16115,16137,0,14194,14332,0,,168559,168925,0,1
TBK-PK,K.P032,0,0,,0,0,,0,0,,0,0,,0,0,,44232,42346,0.04263881352866705,41854,40280,0.037606919290868235,44352,42687,0.03754058441558439,44218,42568,0.037315120539146984,41888,40343,0.03688407181054243,45343,43470,0.0413073682817634,38788,37390,0.03604207486851607,,300675,289084,0.03854992932568391,268
TBK-PK,K.P033,6437,6444,0,6143,6150,0,6029,6037,0,7109,7119,0,6606,6615,0,6132,6142,0,7037,7048,0,11922,11945,0,13317,13342,0,12297,12319,0,10576,10595,0,10548,10567,0,,104153,104323,0,1
TBK-PK,K.P034,40418,38397,0.050002474145182885,37806,36466,0.03544410940062426,41542,39465,0.04999759279765059,52278,48552,0.07127281074256853,50992,48092,0.056871666143708866,51181,48233,0.05759949981438428,50283,47642,0.052522721396893624,58190,54947,0.0557312252964427,58151,54717,0.05905315471788963,62006,58955,0.049204915653323855,63791,59451,0.06803467573795674,67505,64155,0.04962595363306421,,634143,599072,0.055304560643261835,354
TBK-PK,K.P035,18548,17960,0.031701531162389496,20056,19370,0.034204228161148764,20606,19750,0.04154129865087841,24062,23126,0.0388995096001995,23557,22915,0.027253045803795062,23078,22091,0.04276800415980586,21601,20795,0.03731308735706684,24696,24064,0.02559118885649503,22885,22112,0.03377758357002403,23867,22899,0.04055809276406752,23732,22911,0.03459464014832292,21645,20756,0.04107184107184103,,268333,258749,0.03571681455504916,222
TBK-PK,K.P036,15149,15148,6.601095781899602e-05,19165,19164,5.217845030003332e-05,22663,22660,0.00013237435467505776,26228,26224,0.00015250876925421153,25713,25714,0,26019,26021,0,24035,24035,0,30514,30510,0.00013108736973188595,30054,30051,9.982032341782077e-05,32852,32845,0.00021307682941673622,26224,26220,0.00015253203172671537,23700,23701,0,,302316,302293,7.60793342066135e-05,1
TBK-PK,K.P037,0,0,,0,0,,0,0,,1830,1823,0.0038251366120218844,5725,5709,0.0027947598253275086,6762,6741,0.0031055900621117516,7017,6996,0.0029927319367251126,7538,7516,0.002918546033430669,6311,6290,0.0033275233718903507,5877,5858,0.003232941977199255,4741,4724,0.0035857414047669733,4543,4531,0.0026414263702398966,,50344,50188,0.0030986810742094084,1
TBK-PK,K.P038,15952,15029,0.05786108324974926,18936,17965,0.05127798901563163,17320,16354,0.05577367205542727,20504,19145,0.06627975029262578,20185,19231,0.04726281892494422,19738,18691,0.05304488803323537,19163,17873,0.06731722590408595,21298,20278,0.047891820828246834,20778,19580,0.057657137356819765,20085,19038,0.05212845407020161,21326,20311,0.04759448560442647,19467,18300,0.059947603636923974,,234752,221795,0.05519441793893132,252
TBK-PK,K.P039,14636,13791,0.05773435364853785,15216,14321,0.05881966351209256,14568,13689,0.060337726523888024,15948,14963,0.061763230499122135,17368,16355,0.05832565637954856,16588,15640,0.057149746804919244,16556,15674,0.05327373761778209,17756,16583,0.06606217616580312,18428,17277,0.06245930106359887,18288,17181,0.06053149606299213,18864,17775,0.05772900763358779,17108,16066,0.06090717792845457,,201324,189315,0.05965011623055372,216
TBK-PK,K.P040,3976,3757,0.05508048289738432,4304,4057,0.05738847583643125,4116,3864,0.061224489795918324,4448,4165,0.06362410071942448,4700,4420,0.05957446808510636,4336,4113,0.05142988929889303,4324,4099,0.05203515263644776,4968,4581,0.0778985507246377,4560,4271,0.06337719298245614,4588,4337,0.05470793374019178,5000,4676,0.06479999999999997,4732,4452,0.059171597633136064,,54052,50792,0.06031229186709097,66
TBK-PK,K.P041,8610,8283,0.03797909407665501,8778,8359,0.047732968785600405,7950,7604,0.04352201257861632,8613,8265,0.04040404040404044,7872,7592,0.03556910569105687,8091,7736,0.0438759115066123,7029,6738,0.04139991463935122,9354,8988,0.03912764592687623,7725,7412,0.040517799352750794,7641,7335,0.0400471142520612,7488,7189,0.03993055555555558,8508,8192,0.037141513869299536,,97659,93693,0.04061069640278925,100
TBK-PK,K.P042,11520,11123,0.03446180555555556,12402,11797,0.0487824544428318,11832,11326,0.0427653820148749,13905,13336,0.04092053218266811,12165,11677,0.040115084258117495,13404,12877,0.03931662190390928,12273,11767,0.041228713435997766,13509,12962,0.040491524169072424,13272,12815,0.03443339361060882,12924,12345,0.04480037140204274,12435,11935,0.0402090872537193,12003,11487,0.042989252686828294,,151644,145447,0.040865448023001294,187
TBK-PK,K.P043,7383,7149,0.03169443315725318,8552,8317,0.02747895229186159,8387,8111,0.032908072016215595,8878,8625,0.02849740932642486,8531,8291,0.028132692533114567,7996,7772,0.028014007003501762,7257,7003,0.0350006889899408,8203,7912,0.035474826283067196,7487,7230,0.03432616535327904,7999,7705,0.03675459432429051,8159,8016,0.017526657678637036,7648,7426,0.02902719665271969,,96480,93557,0.030296434494195723,113
TBK-PK,K.P044,0,0,,0,0,,418,419,0,431,430,0.002320185614849146,1403,1403,0,16608,16616,0,23497,23514,0,27884,27904,0,30869,30887,0,32758,32779,0,36932,36954,0,47242,47285,0,,218042,218191,0,1
TBK-PK,K.P045,0,0,,7742,7776,0,8916,8955,0,14265,14332,0,15520,15592,0,14409,14474,0,14169,14235,0,14744,14811,0,14231,14295,0,14981,15124,0,13805,13793,0.0008692502716407535,13369,13427,0,,146151,146814,0,1
TBK-PK,K.P046,16939,16761,0.010508294468386525,18973,18747,0.01191166394349863,17617,17397,0.012487937787364456,21036,20727,0.014689104392470065,18840,18714,0.0066878980891720285,18618,18499,0.006391663981093587,17205,16965,0.013949433304272008,19969,19818,0.007561720667033867,19419,19158,0.013440444925073347,18990,18905,0.004476040021063721,17889,17639,0.013975068477835584,18295,18099,0.010713309647444658,,223790,221429,0.01055006926136115,212
TBK-PK,K.P047,23354,23161,0.008264108932088732,22940,22467,0.020619006102877036,22261,21932,0.014779210278064725,26886,26508,0.014059361749609423,27886,27486,0.014344115326687223,29088,28693,0.013579482948294808,24685,24290,0.01600162041725739,26432,26001,0.016305992736077468,27382,26960,0.015411584252428612,25629,25236,0.015334191735924096,25466,24999,0.018338176392052152,23357,22832,0.02247720169542322,,305366,300565,0.015722117066078067,159
TBK-PK,K.P048,22340,21283,0.04731423455684869,22796,21324,0.06457273205825587,20613,19250,0.06612332023480327,24786,23590,0.048253046074396844,24366,23518,0.034802593778215596,22315,21590,0.032489356934797264,18695,18165,0.028349826156726432,20536,19902,0.030872613946240746,21994,21298,0.03164499408929711,19764,19176,0.029751062537947792,19683,19284,0.020271300106691093,20187,19332,0.04235399019170749,,258075,247712,0.040154993703380826,266
TBK-PK,K.P049,31993,30455,0.04807301597224389,41548,40732,0.019639934533551506,20185,18853,0.06598959623482781,26233,24822,0.05378721457705948,27521,26024,0.05439482576941246,28642,27183,0.05093918022484467,29032,27267,0.060794984844309674,39242,37510,0.04413638448600987,48969,46506,0.05029712675366049,50092,47814,0.04547632356464104,54785,51698,0.05634754038514189,43874,41980,0.04316907507863432,,442116,420844,0.048114069610690424,186
TBK-PK,K.P050,15312,15148,0.0107105538140021,16056,15779,0.017252117588440474,14960,14722,0.015909090909090873,17568,17279,0.01645036429872493,17512,17149,0.020728643216080367,16848,16634,0.012701804368471015,15400,15186,0.01389610389610385,16872,16712,0.009483167377904222,15800,15624,0.011139240506329084,15360,15161,0.012955729166666652,14288,14099,0.0132278835386338,13792,13722,0.005075406032482577,,189768,187215,0.013453269255090383,229
TBK-PK,K.P051,44052,41516,0.05756832833923542,44651,42268,0.053369465409509265,42226,39361,0.06784919244067633,59562,55586,0.06675397065242938,52012,48885,0.06012074136737677,55982,52849,0.05596441713407885,52775,48666,0.07785883467550925,51838,49249,0.049944056483660626,53129,50010,0.058706168006173676,51339,48393,0.05738327587214398,51487,48575,0.056557966088527256,50033,47265,0.05532348649891072,,609086,572623,0.05986510936058287,450
TBK-PK,K.P052,1710,1716,0,1504,1509,0,1228,1231,0,1661,1665,0,1541,1548,0,1363,1368,0,1203,1207,0,1460,1465,0,1468,1473,0,1577,1582,0,1527,1534,0,1340,1343,0,,17582,17641,0,1
TBK-PK,K.P053,0,0,,0,0,,802,803,0,6475,6477,0,9024,9014,0.0011081560283687786,11822,11806,0.0013534088986635329,15000,14985,0.0010000000000000009,22265,22240,0.0011228385358185156,17644,17625,0.0010768533212422993,17686,17674,0.0006785027705529245,15879,15868,0.0006927388374582399,15400,15393,0.00045454545454548523,,131997,131885,0.0008485041326696807,1
TBK-PK,K.P054,0,0,,0,0,,0,0,,21684,21673,0.0005072864785095055,24489,24470,0.0007758585487361858,33523,33485,0.0011335500999314352,34242,34204,0.0011097482623678712,34386,34347,0.0011341825161402808,31765,31740,0.0007870297497245549,35814,35776,0.0010610375830680807,30130,30104,0.000862927314968509,28073,28049,0.0008549139742813905,,274106,273848,0.0009412417094116776,1
TBK-PK,K.P055,2179,2103,0.03487838458008263,2143,2070,0.034064395706952855,1976,1907,0.03491902834008098,2156,2080,0.03525046382189234,1648,1591,0.034587378640776656,1236,1194,0.03398058252427183,1090,1054,0.03302752293577982,1593,1539,0.03389830508474578,967,936,0.03205791106514999,931,900,0.03329752953813103,1389,1343,0.03311735061195109,1645,1684,0,,18953,18401,0.0291246768321638,1
TBK-PK,K.P056,12301,12399,0,10384,10470,0,9745,9828,0,10060,10156,0,7772,7847,0,1892,1919,0,667,683,0,6911,6982,0,3036,3077,0,2056,2085,0,2231,2257,0,6450,6508,0,,73505,74211,0,2
TBK-PK,K.P057,11142,10965,0.015885837372105582,10880,10748,0.012132352941176427,9489,9458,0.0032669406681420377,12682,12485,0.0155338274720076,10899,10797,0.009358656757500694,10425,10339,0.008249400479616309,10382,10250,0.012714313234444274,11699,11570,0.01102658346867258,11201,11085,0.010356218194804034,10057,9941,0.01153425474793679,10116,10089,0.002669039145907437,11116,10854,0.02356962936308027,,130088,128581,0.011584465900006169,183
TBK-PK,K.P058,3228,3098,0.040272614622057,3828,3674,0.04022988505747127,3484,3351,0.03817451205510902,3748,3596,0.04055496264674496,2700,2597,0.03814814814814815,2308,2227,0.03509532062391685,2304,2216,0.03819444444444442,2832,2729,0.036370056497175174,2248,2172,0.03380782918149461,2120,2046,0.03490566037735854,2148,2088,0.027932960893854775,3024,2895,0.04265873015873012,,33972,32689,0.037766395855410306,54
TBK-PK,K.P059,6460,6254,0.031888544891640835,6700,6517,0.027313432835820883,6432,6235,0.030628109452736307,7584,7356,0.030063291139240556,6300,6124,0.027936507936507926,5996,5692,0.05070046697798536,5540,5641,0,7056,6774,0.03996598639455784,6572,6415,0.02388922702373708,6180,6008,0.02783171521035599,5704,5600,0.018232819074333828,6328,6102,0.0357142857142857,,76852,74718,0.02776765731535935,79
TBK-PK,K.P060,10587,10134,0.042788325304618846,12216,11550,0.05451866404715122,12477,11841,0.05097379177686945,14334,13758,0.040184177480117156,10105,9760,0.03414151410192978,9449,9058,0.04138004021589581,8631,8297,0.03869771752983431,10022,9702,0.03192975454001201,9811,9361,0.04586688410967277,9476,9110,0.038623891937526356,9262,8905,0.038544590801122824,10526,10141,0.03657609728291844,,126896,121617,0.04160099609128731,134
TBK-PK,K.P061,8361,7858,0.06016026791053697,8562,8075,0.05687923382387294,9354,8751,0.06446440025657474,11064,10381,0.06173174258857561,8739,8295,0.050806728458633765,8991,8362,0.06995884773662553,8406,7906,0.05948132286462049,9555,9052,0.052642595499738376,9528,8839,0.07231318219983207,8430,7920,0.06049822064056942,8361,7833,0.06315034086831717,9723,9081,0.06602900339401419,,109074,102353,0.061618717567889725,133
TBK-PK,K.P062,23681,23259,0.017820193403994766,24596,23974,0.025288664823548523,23649,22962,0.02904985411645311,28216,27475,0.02626169549191948,25373,25215,0.006227091790485972,27817,26764,0.037854549376280744,25330,24679,0.02570075009869721,27295,26564,0.026781461806191564,28777,27894,0.03068422698682971,26734,26060,0.02521134136305825,26813,26232,0.021668593592660268,25718,24945,0.030056769577727627,,313999,306023,0.02540135478138461,355
TBK-PK,K.P063,8037,7800,0.029488615154908526,8791,8344,0.05084745762711862,8916,8540,0.04217137729923737,10226,9813,0.040387248190886016,8520,8332,0.022065727699530524,8561,8182,0.04427052914379159,7799,7361,0.05616104628798568,9100,8957,0.01571428571428568,8703,8358,0.03964150293002411,7956,7617,0.042609351432880804,7971,7590,0.04779826872412496,8164,7763,0.049118079372856394,,102744,98657,0.039778478548625706,162
TBK-PK,K.P064,0,0,,0,0,,0,0,,0,0,,0,0,,69228,69329,0,77972,78080,0,93009,93151,0,119037,119226,0,125354,125570,0,122597,122817,0,118486,118708,0,,725683,726881,0,1
TBK-PK,K.P065,13332,12391,0.07058205820582053,14026,12980,0.07457578782261509,14074,12973,0.07822935910189,15364,14221,0.07439468888310341,15983,14757,0.07670650065694806,16696,15518,0.07055582175371344,16310,15022,0.07896995708154508,17324,16027,0.07486723620410995,17074,15327,0.10231931591894106,16134,14601,0.09501673484566753,17620,17180,0.024971623155505163,15894,15238,0.04127343651692461,,189831,176235,0.07162160026549935,150
TBK-PK,K.P066,9504,9074,0.0452441077441077,10416,9938,0.04589093701996927,9882,9398,0.0489779396883222,11064,10439,0.05648951554591464,11928,11255,0.056421864520456055,9864,9443,0.04268045417680455,9402,8901,0.05328653477983403,10968,10395,0.05224288840262581,10470,9898,0.05463228271251197,10368,9729,0.06163194444444442,10248,9555,0.06762295081967218,10170,9477,0.06814159292035393,,124284,117502,0.054568568761868,121
TBK-PK,K.P067,38211,36030,0.05707780482060143,36771,34678,0.05691985532076904,37071,34745,0.06274446332712902,43732,40759,0.06798225555657189,48726,46019,0.05555555555555558,48339,45539,0.057924243364571026,41133,38890,0.054530425692266515,47575,44723,0.0599474513925381,45848,43290,0.055793055313208884,43504,41186,0.053282456785582966,44039,41497,0.05772156497649805,39540,37611,0.04878603945371773,,514489,484967,0.05738120737275243,291
TBK-PK,K.P068,15332,14638,0.04526480563527269,17450,16629,0.047048710601719224,16711,15876,0.049967087547124645,21008,19611,0.06649847677075404,20542,19453,0.05301333852594681,20554,19215,0.06514547046803543,19193,18151,0.05429062679101759,20330,19121,0.059468765371372356,20351,20082,0.013218023684339886,19294,18153,0.059137555716803125,18665,17794,0.046664880792927965,17345,16656,0.03972326318823871,,226775,215379,0.050252452871789255,209
TBK-PK,K.P069,2270,2189,0.0356828193832599,2346,2268,0.03324808184143224,2534,2449,0.03354380426203629,2808,2711,0.03454415954415957,2716,2617,0.036450662739322515,3086,2980,0.03434867141931308,2964,2851,0.038124156545209176,3228,3107,0.037484510532837634,3150,3024,0.040000000000000036,3046,2913,0.04366382140512148,3062,2947,0.0375571521881124,2892,2763,0.04460580912863066,,34102,32819,0.03762242683713568,36
TBK-PK,K.P070,9282,8697,0.06302521008403361,9152,8584,0.062062937062937085,9386,8760,0.06669507777541017,11120,10329,0.07113309352517982,11574,10731,0.07283566614826331,10726,9981,0.06945739325004663,5596,5337,0.046283059328091514,6000,5728,0.04533333333333334,6140,5807,0.05423452768729642,6028,5747,0.04661579296615792,5984,5700,0.047459893048128365,5678,5402,0.0486086650228954,,96666,90803,0.06065214242856842,85
TBK-PK,K.P071,0,0,,0,0,,73178,68927,0.05809122960452595,90074,85762,0.047871749894531135,110516,104453,0.0548608346302798,120419,114652,0.047891113528595985,119588,113456,0.05127604776398975,136957,130392,0.047934753243718875,141311,135630,0.04020210740848196,112884,106949,0.052576095815173085,128999,125691,0.025643609640384812,124982,120249,0.037869453201261005,,1158908,1106161,0.045514398036772596,132
TBK-PK,K.P072,1411,1390,0.014883061658398256,1273,1257,0.01256873527101332,1156,1134,0.01903114186851207,1384,1365,0.013728323699422007,1387,1370,0.012256669069935167,1410,1386,0.017021276595744705,1208,1188,0.01655629139072845,1314,1288,0.019786910197869156,1363,1315,0.035216434336023505,1408,1402,0.0042613636363636465,1574,1562,0.007623888182973326,1543,1519,0.01555411535968887,,16431,16176,0.015519444951615835,22
TBK-PK,K.P073,134291,131927,0.0176035624129689,123110,120946,0.017577775972707377,143329,140315,0.021028542723384613,167360,163267,0.02445626195028683,167717,163622,0.024416129551566024,152330,148602,0.024473183220639405,155509,153237,0.014610086876000739,156693,153006,0.02353008749593155,130265,127239,0.023229570490922336,131478,128415,0.023296673207684915,123052,121452,0.01300263303318927,111776,109699,0.018581806470083007,,1696910,1661727,0.020733568663040436,58
TBK-PK,K.P074,7331,7027,0.041467739735370324,7006,6713,0.0418212960319726,6546,6278,0.040941032691720114,6666,6383,0.04245424542454246,5401,5159,0.044806517311609007,4974,4747,0.04563731403297144,4569,4353,0.04727511490479319,6923,6616,0.044344937165968545,4380,4169,0.04817351598173514,3990,3823,0.0418546365914787,3966,3787,0.04513363590519415,5778,5511,0.046209761163032215,,67530,64566,0.04389160373167478,48
TBK-PK,K.P075,6016,5797,0.03640292553191493,6054,5803,0.041460191608853614,5479,5255,0.04088337287826249,6837,6525,0.04563405002193943,7546,7297,0.032997614630267735,6545,6245,0.04583651642475173,5679,5483,0.034513118506779406,6393,6140,0.039574534647270454,6031,5799,0.03846791576852926,6250,5990,0.04159999999999997,5927,5639,0.04859119284629665,5340,5052,0.053932584269662964,,74097,71025,0.04145916838738406,129
TBK-PK,K.P076,4568,4446,0.026707530647986033,5821,5646,0.030063562961690438,4434,4322,0.02525935949481284,5148,5018,0.025252525252525304,3645,3615,0.008230452674897082,3525,3409,0.03290780141843974,3324,3263,0.01835138387484958,3735,3652,0.022222222222222254,3659,3593,0.01803771522273845,3474,3404,0.020149683362118642,3387,3319,0.020076764098021838,4105,4007,0.02387332521315466,,48825,47694,0.023164362519201176,51
TBK-PK,K.P077,41326,41354,0,41185,41209,0,48071,48100,0,52966,52999,0,53884,53914,0,57952,57989,0,57342,57379,0,44531,44561,0,35894,35919,0,43184,43214,0,41541,41572,0,39671,39704,0,,557547,557914,0,1
TBK-PK,K.P078,4295,4298,0,4736,4739,0,4656,4659,0,4754,4756,0,4310,4311,0,3805,3807,0,3648,3650,0,4602,4604,0,4252,4253,0,4124,4125,0,4308,4310,0,4678,4680,0,,52168,52192,0,1
TBK-PK,K.P079,4042,4038,0.0009896091044037103,4048,4043,0.0012351778656126688,3861,3857,0.0010360010360009886,4390,4386,0.0009111617312073106,4026,4024,0.0004967709885742577,3729,3726,0.0008045052292839916,3574,3571,0.0008393956351426812,4322,4320,0.00046274872744100914,3797,3794,0.0007900974453516341,3906,3905,0.0002560163850486852,3855,3853,0.0005188067444876765,4126,4122,0.0009694619486184664,,47676,47639,0.0007760718181055726,1
TBK-PK,K.P080,265,274,0,348,357,0,308,316,0,246,250,0,387,385,0.0051679586563307955,606,609,0,516,513,0.005813953488372103,795,788,0.008805031446540879,740,743,0,1008,1012,0,665,667,0,588,592,0,,6472,6506,0,1
TBK-PK,K.P081,17249,16761,0.028291495159139646,17394,16883,0.029377946418305156,17886,17345,0.030247120653024706,20503,19887,0.03004438374871965,24027,23302,0.03017438714779208,22832,22184,0.028381219341275354,19117,18553,0.029502537008944896,23124,22205,0.03974225912471896,21303,20936,0.01722762052293103,21731,20631,0.05061893148037366,21659,20828,0.03836742231866663,19688,19036,0.033116619260463276,,246513,238551,0.03229849947061614,240
TBK-PK,K.P082,0,0,,0,0,,0,0,,1058,1066,0,3633,3638,0,5591,5600,0,4556,4564,0,4681,4688,0,4060,4066,0,3466,3472,0,2184,2189,0,1956,1962,0,,31185,31245,0,1
TBK-PK,K.P083,3877,3879,0,4279,4281,0,4190,4192,0,4836,4838,0,4416,4418,0,4690,4696,0,4256,4256,0,4853,4855,0,4918,4922,0,4329,4331,0,4921,4924,0,4378,4382,0,,53943,53974,0,1
TBK-PK,K.P084,532,533,0,664,665,0,518,518,0,580,581,0,856,857,0,576,577,0,415,416,0,518,518,0,444,445,0,410,411,0,561,561,0,573,575,0,,6647,6657,0,1
TBK-PK,K.P085,16668,16472,0.011759059275258,16096,15751,0.02143389662027828,17726,17393,0.01878596412050093,20846,20651,0.009354312577952606,22016,21369,0.029387718023255793,17036,20482,0,21189,19509,0.07928642220019821,22811,21024,0.0783393976590242,22857,20761,0.09170057312858204,19971,19681,0.0145210555305193,22230,21848,0.0171839856050382,19702,19309,0.019947213480864923,,239148,234250,0.02048104102898618,93
TBK-PK,K.P086,25797,25038,0.02942202581695541,26253,25472,0.029748981068830282,25780,25181,0.02323506594259117,29267,28595,0.022961014111456568,31023,30352,0.021629113883247952,28593,27954,0.02234812716399115,26306,25323,0.03736790085911956,31560,31219,0.01080481622306717,27518,26691,0.030053056181408522,27137,26749,0.01429782216162434,27667,26744,0.03336104384284522,25625,24902,0.02821463414634151,,332526,324220,0.024978497921967047,216
TBK-PK,K.P087,5058,4847,0.0417160933175168,5223,5018,0.039249473482672825,4842,4628,0.044196612969847116,5187,4903,0.054752265278581014,5808,5479,0.05664600550964183,5757,5507,0.043425395171096004,5982,5664,0.053159478435305885,5937,5704,0.03924541013980121,6288,6012,0.043893129770992356,6027,5778,0.04131408661025382,6315,6033,0.04465558194774344,6006,5716,0.048285048285048315,,68430,65289,0.04590092064883822,51
TBK-PK,K.P088,17671,17562,0.006168298341916123,20326,20415,0,20893,20879,0.0006700808883357556,21237,21223,0.0006592268211140784,21469,21455,0.0006521030322791388,20056,20043,0.0006481850817710022,20449,20437,0.000586825761650922,21716,21701,0.0006907349419782438,16303,16292,0.0006747224437220201,19132,19117,0.0007840267614468432,19383,19369,0.0007222824124232252,18889,18874,0.000794112975806005,,237524,237367,0.000660985837220629,1
TBK-PK,K.P089,25758,25233,0.020382017237363104,26583,25875,0.02663356280329532,35288,33902,0.039276807980049844,45789,43897,0.04131996767782653,55592,52820,0.049863289681968626,67290,63112,0.06208946351612421,69802,66484,0.04753445460015471,80003,76152,0.048135694911440874,71530,67511,0.056186215573885034,66002,61932,0.06166479803642311,76388,76921,0,77334,74015,0.04291773346781491,,697359,667854,0.042309628182901515,139
TBK-PK,K.P090,0,0,,0,0,,0,0,,0,0,,11289,11150,0.012312870936309728,12869,12682,0.014531043593130732,14374,13594,0.05426464449700852,17486,17677,0,16068,15728,0.021160069703759055,15240,15035,0.013451443569553856,18472,18158,0.016998700736249428,15436,15155,0.018204197978750947,,121234,119179,0.016950690400382773,36
TBK-PK,K.P091,0,0,,0,0,,0,0,,0,0,,0,0,,11610,10931,0.05848406546080964,11004,10275,0.06624863685932392,12078,11222,0.07087266103659551,11608,10664,0.08132322536181946,11887,10965,0.07756372507781606,12436,11456,0.07880347378578323,13854,11179,0.19308502959434104,,84477,76692,0.092155261195355,166
TBK-PK,K.P092,0,0,,0,0,,0,0,,0,0,,0,0,,0,0,,21758,21034,0.03327511719827192,23622,22777,0.03577173821014312,21966,21092,0.03978876445415647,22573,21611,0.04261728613830684,23148,22612,0.023155348194228487,21893,21175,0.03279587082629154,,134960,130301,0.034521339656194416,233
TBK-PK,K.P093,0,0,,0,0,,0,0,,0,0,,0,0,,4066,3864,0.04968027545499265,3682,3647,0.009505703422053258,6105,6231,0,6186,6088,0.015842224377626946,5152,5073,0.015333850931677051,5615,5535,0.014247551202137165,4795,4723,0.015015641293013582,,35601,35161,0.012359203393163098,21
TBK-PK,K.P094,0,0,,0,0,,0,0,,0,0,,0,0,,0,0,,0,0,,55890,54670,0.021828591876901005,65263,63966,0.01987343517766571,76728,74803,0.025088624752372057,70066,68245,0.02598978106356864,77016,74618,0.031136387244208974,,344963,336302,0.025107040465209285,88
TBK-PK,K.P095,0,0,,0,0,,0,0,,0,0,,0,0,,0,0,,0,0,,0,0,,3070,4424,0,16479,13955,0.1531646337763214,22786,22611,0.007680154480821599,20756,20565,0.00920215841202543,,63091,61555,0.024345786245264733,19
TBK-PK,K.P096,0,0,,0,0,,0,0,,0,0,,0,0,,0,0,,465,466,0,115,114,0.008695652173912993,97,96,0.010309278350515427,67,67,0,311,312,0,327,327,0,,1382,1382,0,1
TBK-PK,K.P097,0,0,,0,0,,0,0,,0,0,,0,0,,0,0,,1617,1626,0,2790,2801,0,9055,9076,0,8654,8672,0,5623,5636,0,5868,5881,0,,33607,33692,0,1
TBK-PK,K.P098,0,0,,0,0,,0,0,,0,0,,0,0,,0,0,,0,0,,9873,9885,0,7489,7498,0,8200,8210,0,8475,8481,0,10248,10257,0,,44285,44331,0,1
TBK-PK,K.P099,0,0,,0,0,,0,0,,0,0,,0,0,,0,0,,0,0,,0,0,,0,0,,0,0,,0,40128,0,0,17978,0,,0,58106,0,1
TBK-PK,K.P100,0,0,,0,0,,0,0,,0,0,,0,0,,0,0,,0,0,,0,0,,0,0,,0,0,,0,310,0,0,289,0,,0,599,0,1
TBK-PK,K.P101,0,0,,0,0,,0,0,,0,0,,0,0,,0,0,,0,0,,0,0,,0,0,,0,0,,0,0,,0,0,,,0,0,,2
TBK-PK,K.P102,0,0,,0,0,,0,0,,0,0,,0,0,,0,0,,0,0,,0,0,,0,0,,0,0,,0,34898,0,0,23949,0,,0,58847,0,1
TBK-PK,K.P103,0,0,,0,0,,0,0,,0,0,,0,0,,0,0,,0,0,,0,0,,0,0,,0,0,,0,0,,0,1554,0,,0,1554,0,1
TBK-MM,M.MV01,0,0,,0,0,,0,0,,0,0,,0,0,,0,0,,0,0,,0,0,,0,0,,0,0,,0,0,,0,0,,,0,0,,1
TBK-MM,M.MV02,10096,10620,0,21702,22077,0,20683,21065,0,7408,7968,0,7429,7990,0,3823,4362,0,11497,12117,0,12652,13307,0,6782,7523,0,7336,7875,0,2090,2859,0,1935,2757,0,,113433,120520,0,1
TBK-MM,M.MV03,73138,72982,0.0021329541414859543,50489,50365,0.0024559805106062482,58325,58356,0,50218,50234,0,69630,69662,0,63210,63241,0,65370,65406,0,74470,74510,0,58263,58292,0,66167,66204,0,62713,62734,0,75348,75377,0,,767341,767363,0,1
TBK-MM,M.MV04,71570,71716,0,24990,25040,0,36980,37076,0,47760,47865,0,65890,66021,0,65520,65613,0,72430,72556,0,72820,72910,0,47970,48036,0,67360,67437,0,71410,71476,0,92850,92921,0,,737550,738667,0,1
TBK-MM,M.MV05,174341,174801,0,182705,183172,0,196114,196674,0,256145,256870,0,225186,225811,0,197389,197910,0,192640,193106,0,200680,201168,0,185417,185882,0,183192,183628,0,182235,182695,0,180171,180619,0,,2356215,2362336,0,1
TBK-MM,M.MV06,152722,152684,0.00024881811395871534,164807,164770,0.00022450502709225884,154118,154085,0.00021412164704970316,186612,186573,0.00020898977557715082,165649,165615,0.00020525327650633418,160361,160322,0.00024320127711852102,149060,149025,0.0002348047765999839,160531,160493,0.0002367144040714697,148323,148285,0.0002561976227557494,140407,140373,0.0002421531690015577,147930,147893,0.0002501182991955231,166844,166801,0.00025772577977034583,,1897364,1896919,0.00023453591403654883,1
TBK-MM,M.MV07,267696,267735,0,329315,323391,0.017988855654920033,297457,303520,0,311996,312067,0,316760,316826,0,328866,328943,0,313032,313100,0,344549,344637,0,291142,291203,0,341217,341291,0,371106,371187,0,357165,357244,0,,3870301,3871144,0,1
TBK-MM,M.MV08,96340,96290,0.0005189952252439012,136946,136876,0.000511150380441916,154617,154539,0.0005044723413337726,48945,48920,0.0005107774032077073,59456,59417,0.0006559472551129764,109901,109841,0.0005459458967616015,150090,150017,0.0004863748417616165,188962,188868,0.0004974545146643194,172866,172791,0.0004338620665718107,211872,211757,0.0005427805467451696,173008,172930,0.00045084620364377326,200803,200710,0.00046314049092888165,,1703806,1702956,0.0004988830888024154,1
TBK-MM,M.MV09,7949,7944,0.0006290099383570169,5804,5801,0.0005168849069606685,2144,2143,0.0004664179104477695,4498,4494,0.0008892841262783113,5796,5793,0.0005175983436852549,5410,5406,0.0007393715341958984,6584,6580,0.0006075334143378353,6731,6727,0.0005942653394740427,5647,5643,0.0007083407118824159,5841,5836,0.000856017805170306,5114,5111,0.0005866249511146115,5968,5964,0.0006702412868632157,,67486,67442,0.0006519870788015414,1
TBK-MM,M.MV10,8658,8665,0,9833,9843,0,10788,10799,0,10885,10882,0.0002756086357372789,11997,11993,0.0003334166875051947,13123,13115,0.000609616703497684,11121,11156,0,11865,11909,0,11058,11084,0,9512,9540,0,8789,8805,0,10183,10206,0,,127812,127997,0,1
TBK-MM,M.MV11,98812,98679,0.0013459903655426153,110387,110204,0.001657803908068911,121978,121861,0.0009591893620161107,167181,167072,0.0006519879651395444,141478,141304,0.0012298731958325648,130113,129990,0.0009453321343755317,124827,124862,0,130364,130224,0.0010739161118099583,118134,118045,0.000753381752924609,121035,120957,0.0006444416904201056,114749,114644,0.0009150406539490952,119824,119726,0.0008178662037655604,,1498882,1497568,0.0008766533990000047,1
TBK-MM,M.MV12,0,0,,0,0,,0,0,,0,0,,0,0,,0,0,,0,0,,0,0,,0,0,,0,0,,0,0,,0,0,,,0,0,,0
TBK-MM,M.MV13,70336,70315,0.0002985668789808882,61610,61594,0.00025969810095760604,51087,51070,0.0003327656742420082,77574,77553,0.0002707092582566739,60408,60390,0.00029797377830753646,62855,62833,0.0003500119322249473,56081,56059,0.0003922897237923495,63496,63475,0.0003307294947713091,63948,63925,0.00035966722962410547,57575,57555,0.00034737299174991687,63420,63398,0.0003468937243771286,39002,38985,0.00043587508332909586,,727392,727152,0.00032994588887425014,1
TBK-MM,M.MV14,9193,9217,0,11096,11065,0.002793799567411659,8810,8791,0.0021566401816117686,2762,2746,0.005792903692976137,2111,2095,0.007579346281383237,8542,8504,0.004448606883633799,11635,11641,0,12448,12420,0.0022493573264781297,6482,6488,0,4956,4981,0,5575,5589,0,7892,7924,0,,91502,91461,0.000448077637647315,1
TBK-MM,M.MV15,908,907,0.0011013215859030367,784,783,0.0012755102040816757,750,748,0.002666666666666706,940,940,0,1206,1206,0,3039,3041,0,25844,25883,0,48579,48643,0,10060,10079,0,7755,7766,0,1526,1527,0,5106,5111,0,,106497,106634,0,1
TBK-MM,M.MV16,2,2,0,0,0,,0,0,,0,0,,0,0,,147,144,0.020408163265306145,90,89,0.011111111111111072,0,0,,0,0,,0,0,,0,0,,0,0,,,239,235,0.01673640167364021,1
TBK-MM,M.MV17,97344,97300,0.0004520052596975743,109611,109555,0.0005108976288875633,119534,119486,0.0004015593889604707,156267,156191,0.00048634708543715544,132980,132919,0.0004587155963302614,118064,118008,0.00047431901341643545,109797,109749,0.00043717041449220506,120592,120535,0.0004726681703595137,111302,111253,0.0004402436613897276,102008,101957,0.0004999607873892309,58229,96803,0,0,91137,0,,1235728,1364893,0,1
TBK-MM,M.MV18,314217,314221,0,337824,337820,1.184048498625856e-05,297384,297366,6.052780243726019e-05,334771,334718,0.0001583171780112913,329559,329472,0.0002639891491356128,350132,350090,0.00011995475991910531,327947,327864,0.00025308967607573507,339083,339014,0.00020349000097319436,322739,322694,0.0001394315530506285,319634,319581,0.00016581465050646838,316911,316870,0.0001293738620622431,308885,308842,0.00013921038574227218,,3899086,3898552,0.00013695517359713083,1
TBK-MM,M.MV19,0,0,,0,0,,0,0,,0,0,,0,0,,0,0,,0,0,,0,0,,0,0,,0,0,,0,0,,0,0,,,0,0,,0
TBK-MM,M.MV20,58226,58335,0,41460,41576,0,29778,29681,0.0032574383773255056,58511,58779,0,58522,58636,0,42391,42473,0,45910,45986,0,60369,60485,0,60338,60448,0,73495,73640,0,95354,95569,0,90099,90289,0,,714453,715897,0,1
TBK-MM,M.MV21,154471,154659,0,163522,163683,0,150748,150908,0,125208,125340,0,144816,144954,0,141502,141669,0,138161,138297,0,116708,116818,0,112830,112986,0,143756,143894,0,131229,131371,0,146467,146661,0,,1669418,1671240,0,1
TBK-MM,M.MV22,0,0,,0,0,,0,0,,0,0,,10000,10003,0,52245,52239,0.0001148435256962399,17527,17525,0.00011410965938263296,2983,2983,0,1854,1856,0,2052,2053,0,1564,1566,0,1739,1741,0,,89964,89966,0,1
TBK-MM,M.MV23,0,0,,0,0,,0,0,,0,0,,0,0,,0,0,,830,830,0,2690,2690,0,51540,51520,0.00038804811796666616,119770,119700,0.0005844535359439407,83770,83740,0.0003581234332099559,214070,213970,0.00046713691783062394,,472670,472450,0.0004654410053526181,1
TBK-MM,M.MV24,0,0,,0,0,,0,0,,0,0,,0,0,,0,0,,0,0,,0,0,,0,0,,0,551,0,0,934,0,0,1799,0,,0,3284,0,1
TBK-MM,M.P001,22617,21518,0.04859176725471992,22531,21160,0.06084949624961167,26618,25502,0.04192651589150198,32448,30696,0.05399408284023666,29414,27920,0.0507921397973754,25735,24465,0.04934913541869046,23428,22486,0.0402082977633601,26007,24664,0.0516399430922444,21656,20882,0.03574067233099376,20932,20089,0.04027326581310908,19707,18923,0.039782818287917965,22307,21223,0.04859461155691036,,293400,279528,0.04728016359918197,102
TBK-MM,M.P002,2058,1978,0.0388726919339164,2163,2079,0.03883495145631066,2070,1990,0.03864734299516903,2161,2084,0.03563165201295693,2417,2331,0.035581299131154376,1946,1875,0.0364850976361768,1888,1822,0.03495762711864403,1987,1912,0.037745344740815256,1767,1700,0.03791737408036222,1611,1555,0.03476101800124143,1584,1530,0.03409090909090906,1889,1821,0.03599788247750135,,23541,22677,0.03670192430228114,8
TBK-MM,M.P003,62136,59426,0.043614007982490044,63866,61647,0.034744621551373145,62770,60529,0.03570176836068184,75145,71802,0.04448732450595516,78058,75092,0.037997386558712765,72108,69628,0.034392855161701874,61891,59810,0.03362362863744328,74419,71578,0.038175734691409446,69244,66747,0.03606088614175962,68448,65809,0.0385548153342683,67457,65326,0.031590494685503345,63400,63080,0.0050473186119873725,,818942,790474,0.03476192453189608,570
TBK-MM,M.P004,41650,38994,0.0637695078031213,42091,39633,0.05839728207930439,43615,40757,0.0655279147082426,49424,46420,0.06078018776303007,52624,49356,0.06210094253572518,44171,41397,0.06280138552443915,43577,40973,0.05975629345755784,49419,46317,0.06276938019789957,43929,41439,0.05668237383049923,43903,41377,0.05753593148531988,43753,41305,0.05595044911206093,41853,39530,0.05550378706424863,,540009,507498,0.06020455214635312,331
TBK-MM,M.P005,12582,11854,0.05786043554283893,12119,11599,0.04290783067909898,10402,9962,0.042299557777350505,11203,10764,0.03918593233955192,9122,8770,0.03858802894102176,7002,6699,0.04327335047129388,6770,6557,0.03146233382570163,8325,8013,0.03747747747747743,7075,6763,0.04409893992932867,7480,7103,0.05040106951871659,6660,6311,0.05240240240240235,9630,9135,0.051401869158878455,,108370,103530,0.04466180677309217,54
TBK-MM,M.P006,12134,11705,0.03535520026372174,11626,11185,0.03793222088422499,12564,12171,0.031279847182425935,14890,14437,0.030423102753525888,14161,14356,0,1007,10607,0,4074,10173,0,12143,11838,0.025117351560569823,11157,10850,0.027516357443757244,11386,11066,0.02810468997013882,11318,10999,0.02818519172998768,11457,11259,0.01728201099764337,,127917,140646,0,66
TBK-MM,M.P007,25408,24462,0.03723236775818639,23495,23011,0.02060012768674191,25280,23947,0.05272943037974687,27882,26884,0.035793702029983554,27944,27000,0.03378184941311191,25385,24476,0.035808548355327985,22335,21545,0.03537049473919862,25289,24376,0.03610265332753371,20449,19770,0.033204557680082125,19982,19359,0.031178060254228757,19833,19156,0.034135027479453406,18786,18051,0.039124880229958525,,282068,272037,0.03556234666817926,92
TBK-MM,M.P008,121313,118288,0.024935497432261977,131148,127165,0.030370268704059566,143046,136667,0.04459404667030187,172430,167035,0.03128805892246134,155980,150127,0.037524041543787634,164651,159461,0.03152121760572357,154153,149580,0.029665332494340002,175894,170851,0.028670676657532423,157799,155074,0.017268803984816117,147566,143306,0.028868438529200513,150867,144101,0.044847448414828905,135693,134534,0.008541339641691126,,1810540,1756189,0.030019220784959222,441
TBK-MM,M.P009,7409,7188,0.02982858685382639,8418,8154,0.031361368496079844,7086,6905,0.025543324865932804,5451,7310,0,6830,4656,0.3183016105417277,2154,2099,0.02553389043639742,2132,2074,0.027204502814258902,3612,3517,0.026301218161683293,2066,2005,0.029525653436592414,1902,1845,0.029968454258675115,2031,1974,0.028064992614475592,4244,4111,0.0313383600377003,,53335,51838,0.0280678728789725,60
TBK-MM,M.P010,80638,77313,0.04123366154914554,84108,80336,0.04484710134588865,93921,90411,0.03737183377519404,103627,100725,0.02800428459764348,123493,118381,0.041395058829245435,112006,107939,0.03631055479170764,111275,106670,0.041383958660975106,119342,114073,0.044150424829481616,110281,105594,0.04250052139534466,96958,93122,0.03956352234988347,107293,102849,0.04141929110007181,96243,92406,0.03986783454381093,,1239185,1189819,0.0398374738235211,327
TBK-MM,M.P011,33286,32006,0.03845460553986657,35922,34529,0.03877846445075439,37494,35900,0.04251346882167817,40564,38900,0.04102159550340201,46011,44285,0.03751276868574904,39770,38356,0.035554438018607026,39556,38123,0.03622712104358383,41518,39618,0.0457632833951539,38010,36683,0.03491186529860568,33407,32317,0.0326278923578891,36803,35478,0.036002499796212284,34093,32853,0.036371102572375524,,456434,439048,0.03809093976347078,147
TBK-MM,M.P012,31598,30419,0.03731248813216026,36314,34732,0.04356446549540127,37656,35740,0.05088166560441898,39046,36985,0.05278389591763566,41701,39614,0.050046761468549916,41841,39802,0.04873210487321045,38077,36006,0.054389789111537135,43091,40707,0.05532477779582745,35571,33885,0.047398161423631624,37388,35534,0.04958810313469564,37219,35161,0.05529433891292079,35491,33977,0.042658702206193166,,454993,432562,0.04929965955520199,149
TBK-MM,M.P013,16930,16153,0.04589486119314823,18745,18013,0.03905041344358495,17896,17622,0.015310683951721082,21988,20697,0.05871384391486267,21316,20827,0.022940514167761328,17091,16522,0.033292376104382404,14662,14198,0.031646432955940496,17304,16698,0.03502080443828015,16442,15919,0.03180878238657092,14627,14131,0.03390989266425104,15483,14960,0.0337789834011496,16623,16038,0.03519220357336217,,209107,201778,0.035049041878081555,200
TBK-MM,M.P014,19041,18199,0.044220366577385595,20613,19419,0.057924610682578925,20910,19486,0.06810138689622192,23921,22093,0.07641820994105597,23448,22559,0.03791368133742745,16422,15847,0.03501400560224088,14196,13719,0.0336010143702451,17352,16737,0.03544260027662516,16420,15863,0.03392204628501827,14034,13569,0.033133817870884985,15216,14673,0.03568611987381698,15602,15048,0.03550826817074737,,217175,207212,0.04587544606883853,94
TBK-MM,M.P015,2950,2951,0,3727,3728,0,3595,3596,0,3419,3419,0,3792,3793,0,3548,3548,0,3778,3779,0,4141,4142,0,3197,3198,0,3985,3986,0,3174,3174,0,3766,3768,0,,43072,43082,0,1
TBK-MM,M.P016,2023,2025,0,2072,2074,0,1998,1998,0,2657,2658,0,2735,2736,0,2555,2556,0,3150,3152,0,2854,2855,0,2355,2356,0,2413,2415,0,2240,2241,0,2487,2488,0,,29539,29554,0,1
TBK-MM,M.P017,14266,13995,0.018996214776391462,13961,13685,0.01976935749588138,15164,14826,0.02228963334212608,16810,16457,0.0209994051160024,15765,15430,0.021249603552172536,14297,13992,0.02133314681401688,14449,14098,0.024292338570143235,17650,17178,0.02674220963172802,13963,13633,0.023633889565279675,13063,12770,0.02242976345403047,14010,13660,0.024982155603140654,14189,13839,0.024666995559940785,,177587,173563,0.022659316278781705,15
TBK-MM,M.P018,24468,23800,0.027300964525094007,24196,23841,0.014671846586212567,24367,23794,0.023515410185907193,29170,28513,0.022523140212547088,29777,29034,0.02495214427242498,26901,26304,0.022192483550797393,25427,24993,0.017068470523459278,27357,26792,0.020652849362137626,24969,24536,0.01734150346429575,23715,23282,0.018258486190175005,22908,22436,0.02060415575344854,22889,22407,0.02105815020315438,,306144,299732,0.02094439218145705,163
TBK-MM,M.P019,48424,46186,0.04621675202378983,52926,50746,0.04118958545894269,53445,51369,0.03884367106371034,64123,62000,0.033108245091464816,60071,58251,0.03029748131377874,57982,56356,0.02804318581628784,54989,53175,0.03298841586499113,59345,56740,0.04389586317297156,49959,48016,0.03889189135090776,57775,55854,0.03324967546516655,52075,50136,0.03723475756120975,50429,48611,0.03605068512165621,,661543,637440,0.036434517484124185,404
TBK-MM,M.P020,12253,11732,0.04252019913490579,13303,12764,0.040517176576712055,14102,13469,0.04488725003545602,16500,15797,0.04260606060606065,16644,15944,0.042057197788993084,15176,14460,0.047179757511860876,15801,15058,0.047022340358205184,16411,15625,0.047894704771190066,15256,14516,0.04850550603041426,14574,13935,0.043845203787566955,16351,15835,0.031557702892789474,14940,14463,0.031927710843373536,,181311,173598,0.0425401657924781,104
TBK-MM,M.P021,17532,16790,0.04232261008441707,19139,18230,0.04749464444328333,19283,18262,0.0529481927086034,22128,21127,0.04523680404916852,21667,20426,0.0572760419070476,19386,18487,0.04637367172186113,19825,18707,0.05639344262295087,21048,19818,0.05843785632839227,20208,19199,0.049930720506729975,20315,19277,0.05109524981540736,19543,18885,0.03366934452233539,18216,17463,0.041337285902503296,,238290,226671,0.04875991439002891,144
TBK-MM,M.P022,2033,2026,0.0034431874077717195,1992,2114,0,2029,2000,0.01429275505174965,2323,2296,0.01162290142057687,1641,1620,0.012797074954296161,1303,1289,0.010744435917114381,1573,1556,0.010807374443738027,1845,1798,0.025474254742547386,1144,1157,0,1370,1359,0.008029197080291928,1244,1232,0.009646302250803873,2625,2595,0.011428571428571455,,21122,21042,0.0037875201212006493,9
TBK-MM,M.P023,372,373,0,472,473,0,533,533,0,461,463,0,574,575,0,509,510,0,401,402,0,504,505,0,251,252,0,339,339,0,312,314,0,321,322,0,,5049,5061,0,1
TBK-MM,M.P024,28532,27598,0.032735174540866385,28934,27981,0.032937029100711945,30736,29675,0.034519781363873014,28801,28206,0.020659004895663302,34223,33280,0.02755456856500016,33007,31973,0.03132668827824403,32554,31469,0.03332923757449158,33995,32991,0.029533754963965264,27155,26236,0.033842754557171784,25315,24459,0.033813944301797405,29818,28851,0.03243007579314505,33015,31991,0.031016204755414223,,366085,354710,0.031072018793449563,149
TBK-MM,M.P025,0,0,,0,0,,0,0,,0,0,,0,0,,0,0,,0,0,,0,0,,0,0,,0,0,,0,0,,0,0,,,0,0,,0
TBK-MM,M.P026,1549,1509,0.02582311168495799,1547,1510,0.023917259211376884,1300,1265,0.02692307692307694,1515,1482,0.0217821782178218,1562,1524,0.02432778489116516,1366,1327,0.02855051244509521,1190,1160,0.025210084033613467,1417,1373,0.031051517290049402,1226,1202,0.019575856443719397,1433,1386,0.032798325191905064,1559,1528,0.019884541372674813,1603,1561,0.026200873362445365,,17267,16827,0.025482133549545427,45
TBK-MM,M.P027,22258,21035,0.05494653607691613,23520,22654,0.036819727891156506,21462,20515,0.04412449911471439,22928,21553,0.05997034193998607,24411,23308,0.04518454794969484,22373,21296,0.04813838108434276,20291,19308,0.04844512345374796,21544,20609,0.04339955440029708,22041,20993,0.04754775191688221,20048,19043,0.050129688747007184,21060,19945,0.0529439696106363,19642,18703,0.047805722431524256,,261578,248962,0.04823035576386392,412
TBK-MM,M.P028,9476,9463,0.0013718868720978827,10909,10887,0.0020166834723622795,9766,9745,0.0021503174278107995,11560,11532,0.0024221453287197603,12078,12047,0.0025666501076336834,12179,12148,0.002545364972493691,11256,11229,0.002398720682302735,12022,11994,0.002329063383796348,11015,10993,0.0019972764412165,11193,11166,0.002412221924417035,11298,11277,0.0018587360594795044,9275,10904,0,,132027,133385,0,3
TBK-MM,M.P029,24454,23718,0.03009732559090539,21843,21243,0.027468754291992803,22687,22013,0.029708643716665928,26408,25714,0.02627991517721906,28334,27658,0.02385826215853748,27075,26471,0.02230840258541089,25398,24790,0.02393889282620676,27950,27204,0.026690518783542005,27021,26305,0.026497909033714517,28822,28087,0.025501353133023374,25241,24553,0.027257240204429323,24583,23902,0.027702070536549606,,309816,301658,0.026331758204869993,243
TBK-MM,M.P030,2,82,0,2,40,0,0,0,,0,0,,0,0,,0,0,,0,0,,0,0,,0,0,,0,0,,0,0,,0,0,,,4,122,0,1
TBK-MM,M.P031,43053,41734,0.030636657143520818,41695,40533,0.02786904904664833,42669,40630,0.047786449178560564,50688,48975,0.03379498106060608,53687,52122,0.02915044610427109,53917,52346,0.029137377821466304,47860,46325,0.032072712076890886,53700,51980,0.032029795158286745,49273,48014,0.025551519087532726,49377,47878,0.03035826396905439,50308,48766,0.030651188677745078,45926,44462,0.03187736793972917,,582153,563765,0.03158619813004482,501
TBK-MM,M.P032,31798,30227,0.04940562299515694,30722,29209,0.04924809582709455,30952,29188,0.05699147066425436,36104,33819,0.06328938621759361,40145,37519,0.0654128783161041,36649,37696,0,35084,33566,0.04326758636415462,37545,36050,0.039818884005859645,37867,36331,0.04056302321282379,36326,34904,0.03914551560865498,37385,35886,0.04009629530560388,34496,33158,0.03878710575139144,,425073,407553,0.04121644988037354,290
TBK-MM,M.P033,24045,23011,0.043002703264712006,22088,21258,0.03757696486780149,23060,21976,0.047007805724197715,27049,26065,0.036378424341010795,27837,26457,0.04957430757624748,27994,27125,0.031042366221333162,25391,24359,0.04064432279154029,26955,25924,0.038248933407531105,27541,26518,0.03714462074724956,26185,25197,0.03773152568264271,24721,23784,0.03790299745155945,24451,23602,0.03472250623696371,,307317,295276,0.0391810410748511,206
TBK-MM,M.P034,8900,8489,0.046179775280898894,9477,9039,0.04621715732826848,10724,10228,0.046251398731816495,7591,7245,0.045580292451587456,3020,2886,0.04437086092715237,1040,997,0.04134615384615381,2049,1956,0.0453879941434846,3671,3503,0.04576409697630068,1477,1416,0.04129993229519291,3490,3332,0.04527220630372497,3242,3089,0.04719309068476252,14169,13511,0.046439409979532775,,68850,65691,0.045882352941176485,1
TBK-MM,M.P035,14897,14845,0.003490635698462752,14582,13595,0.06768618845151553,15100,15495,0,17362,17012,0.020158967860845478,14460,14295,0.011410788381742698,9413,9322,0.00966748114310001,8775,8688,0.009914529914529902,11776,11654,0.010360054347826053,8744,8648,0.010978956999085132,8191,8112,0.009644732022952018,7834,7738,0.01225427623181008,11056,10907,0.013476845151953687,,142190,140311,0.013214712708347953,43
TBK-MM,M.P036,1083,1054,0.026777469990766356,1158,1123,0.030224525043177852,1109,1009,0.09017132551848517,1222,1244,0,1097,1098,0,1046,1012,0.0325047801147228,998,966,0.03206412825651306,1391,1349,0.030194104960460155,1130,1100,0.026548672566371723,1099,1064,0.031847133757961776,1193,1159,0.02849958088851634,1249,1211,0.0304243394715773,,13775,13389,0.028021778584392032,41
TBK-MM,M.P037,2470,2469,0.0004048582995951344,2750,2748,0.0007272727272726875,2391,2391,0,3028,3027,0.00033025099075301156,2578,2579,0,2260,2260,0,2667,2667,0,3016,3015,0.0003315649867373649,2229,2230,0,2152,2152,0,2421,2421,0,3556,3555,0.0002812148481440291,,31518,31514,0.00012691160606637109,1
TBK-MM,M.P038,2987,2925,0.020756611985269457,3585,3443,0.03960948396094843,2900,2800,0.03448275862068961,3227,3119,0.03346761698171674,2628,2545,0.03158295281582957,2002,1930,0.03596403596403597,1721,1649,0.04183614177803607,2523,2422,0.0400317082837891,1657,1577,0.04828002414001209,1709,1635,0.043300175541252206,1630,1548,0.05030674846625771,2552,2444,0.042319749216300995,,29121,28037,0.03722399642869412,49
TBK-MM,M.P039,51780,49969,0.03497489378138274,59225,56778,0.041317011397214,60381,57517,0.0474321392491015,71648,68605,0.04247152746761951,69579,67014,0.03686457120682962,67578,64788,0.04128562549942294,61518,59210,0.03751747456029131,69463,65971,0.050271367490606456,59519,57825,0.028461499689174885,65453,61578,0.059202786732464485,61673,60205,0.02380296077700128,57218,54793,0.04238176797511273,,755035,724253,0.040768970974855434,321
TBK-MM,M.P040,11336,11418,0,12956,13296,0,4868,12185,0,4512,13925,0,24110,13823,0.4266694317710493,13803,13038,0.05542273418821997,12577,11832,0.059235111711855026,14514,13786,0.05015846768637178,12510,11891,0.04948041566746608,14316,13675,0.044775076837105354,13676,13088,0.04299502778590236,13559,12947,0.04513607198170955,,152737,154904,0,248
TBK-MM,M.P041,14168,13710,0.03232636928289101,15664,15102,0.03587844739530133,15396,14640,0.049103663289166044,18324,17754,0.03110674525212831,16044,15549,0.030852655198204904,16216,15599,0.038048840651208726,15508,15136,0.02398761929326798,17552,16978,0.03270282588878759,16380,15875,0.030830280830280832,16048,15623,0.026483050847457612,17344,16744,0.03459409594095941,14248,13831,0.02926726558113424,,192892,186541,0.03292516019326874,114
TBK-MM,M.P042,17341,16787,0.031947407877285006,20086,19453,0.03151448770287768,18160,17625,0.029460352422907454,19910,19349,0.028176795580110547,15751,15368,0.024315916449749175,13964,13628,0.024061873388713795,13365,13044,0.024017957351290642,14823,14410,0.027862106186332003,12503,12168,0.02679356954330958,12973,12627,0.026670777769213005,12821,12467,0.027610950783870214,14715,14305,0.02786272511043153,,186412,181231,0.027793275111044347,116
TBK-MM,M.P043,35184,33532,0.04695316052751253,38079,36330,0.04593082801544157,36117,34457,0.04596173547083093,41328,39429,0.045949477351916346,37228,35923,0.035054260234232304,30948,30121,0.026722243763732667,32098,31161,0.029191849959499083,35948,34727,0.03396572827417377,31526,30551,0.030926854025248973,29419,28250,0.03973622488867734,31072,30242,0.02671215242018543,32815,31977,0.025537101935090623,,411762,396700,0.036579383235947005,254
TBK-MM,M.P044,9039,8854,0.020466865803739354,10299,10078,0.021458394018836757,8700,8526,0.020000000000000018,9355,9175,0.019241047568145375,9082,8904,0.01959920722307862,4651,4583,0.014620511717910123,4783,4711,0.015053313819778369,7524,7391,0.017676767676767624,4699,4609,0.01915301127899549,4001,3936,0.01624593851537115,5038,4973,0.012901945216355681,8349,8198,0.018085998323152497,,85520,83938,0.018498596819457425,54
TBK-MM,M.P045,16810,15883,0.055145746579417065,18242,17245,0.05465409494572959,16910,15937,0.05753991720875218,17746,16800,0.05330778767046096,18093,17241,0.047090034820096216,16441,15654,0.047868134541694585,15275,14511,0.050016366612111285,17351,16108,0.07163852227537315,15615,14793,0.0526416906820365,15615,14901,0.04572526416906819,15449,14656,0.051330183183377565,14921,14071,0.05696669124053344,,198468,187800,0.05375173831549673,262
TBK-MM,M.P046,8184,7391,0.09689638318670579,8890,8021,0.09775028121484819,7204,6523,0.09453081621321491,8816,7219,0.18114791288566245,8426,8864,0,6606,6305,0.04556463820768997,6138,5823,0.0513196480938416,4998,4771,0.04541816726690673,3290,3302,0,3548,3544,0.0011273957158962622,3324,3279,0.013537906137184086,3210,3173,0.011526479750778806,,72634,68215,0.06083927637194697,44
TBK-MM,M.P047,5756,5526,0.039958304378040266,6524,6120,0.061925199264255104,6180,5663,0.08365695792880257,4684,6194,0,8998,6927,0.23016225827961767,6455,6142,0.048489542989930245,5862,5559,0.0516888433981576,6949,6605,0.04950352568714922,6177,5850,0.052938319572608084,6505,6191,0.048270561106840915,6677,6318,0.05376666167440469,6111,5783,0.05367370315823927,,76878,72878,0.052030489867062046,159
TBK-MM,M.P048,11800,11659,0.011949152542372832,12280,12124,0.012703583061889234,11370,11117,0.022251539138082643,12064,11686,0.03133289124668437,12108,11968,0.01156260323752889,9320,10106,0,10544,9946,0.05671471927162364,11414,10772,0.056246714561065336,11040,10314,0.06576086956521743,10497,9883,0.05849290273411456,11159,10921,0.02132807599247244,10454,9957,0.04754161086665387,,134050,130453,0.026833271167474804,101
TBK-MM,M.P049,7368,7085,0.038409337676438615,7224,6951,0.03779069767441856,7422,7127,0.039746699002964125,8304,7985,0.03841522157996147,8388,8068,0.03814973772055319,7647,7357,0.037923368641297195,7428,7141,0.0386375875067313,7896,7576,0.04052684903748738,7647,7327,0.04184647574212108,7083,6788,0.041649018777354274,7338,7031,0.04183701281002994,7134,6830,0.042612839921502665,,90879,87266,0.03975615928872456,121
TBK-MM,M.P050,4480,4367,0.02522321428571428,4272,4160,0.02621722846441943,4244,4124,0.02827521206409045,5310,5164,0.02749529190207156,4858,4791,0.01379168382050222,4236,4111,0.029508970727101014,4198,4119,0.018818484992853768,4666,4582,0.018002571795970868,4478,4401,0.0171951764180438,4472,4377,0.021243291592128788,4324,4254,0.01618871415356149,4270,4192,0.01826697892271667,,53808,52642,0.021669640202200413,62
TBK-MM,M.P051,12500,11174,0.10607999999999995,13416,11752,0.12403100775193798,12156,10802,0.1113853241197762,12824,11660,0.09076731129132876,12212,11373,0.06870291516541105,11984,11392,0.04939919893190925,11196,10685,0.045641300464451584,11944,11308,0.05324849296718015,11276,10734,0.048066690315714755,11648,11116,0.04567307692307687,4536,10480,0,16748,9697,0.4210054931932171,,142440,132173,0.07207947205841059,166
TBK-MM,M.P052,7034,6689,0.049047483650838775,7284,6983,0.04132344865458537,7115,6784,0.04652143359100491,7301,6946,0.04862347623613206,6944,6676,0.03859447004608296,6287,6048,0.0380149514871958,5792,5551,0.04160911602209949,6264,6008,0.040868454661558085,6019,5763,0.04253198205682007,5574,5344,0.04126300681736639,5698,5463,0.04124254124254123,6209,5946,0.0423578676115316,,77521,74201,0.042827104913507275,100
TBK-MM,M.P053,8375,7752,0.07438805970149254,10706,9953,0.07033439192975899,7779,7319,0.0591335647255431,8121,7675,0.05491934490826256,3666,3489,0.048281505728314245,1875,1840,0.01866666666666672,1620,1593,0.01666666666666672,4108,3966,0.03456669912366117,1293,1266,0.02088167053364265,1271,1246,0.019669551534225005,1069,1045,0.022450888681010306,3880,3743,0.03530927835051545,,53763,50887,0.053494038651116904,24
TBK-MM,M.P054,16382,15227,0.07050421193993406,17599,16351,0.07091312006364003,16822,15641,0.070205683034122,19842,18400,0.07267412559217823,19255,17829,0.07405868605556998,18302,17218,0.059228499617528185,17993,16814,0.0655254821319402,15625,14719,0.057984000000000036,15632,14750,0.05642272262026615,15642,14719,0.0590077995141286,15658,14958,0.044705581811214756,15529,14622,0.058406851696825246,,204281,191248,0.06379937439115724,243
TBK-MM,M.P055,4316,4005,0.0720574606116775,4740,4407,0.07025316455696207,4056,3764,0.07199211045364895,4806,4461,0.07178526841448185,4630,4285,0.0745140388768899,4212,3911,0.07146248812915479,4238,3920,0.075035394053799,4298,3969,0.07654723127035834,4114,3839,0.0668449197860963,4130,3829,0.07288135593220335,3978,3717,0.06561085972850678,3826,3553,0.07135389440669104,,51344,47660,0.07175132440012466,111
TBK-MM,M.P056,0,0,,0,0,,0,0,,0,0,,0,0,,0,0,,0,0,,0,0,,297,289,0.026936026936026924,330,321,0.027272727272727226,443,432,0.02483069977426633,2251,2214,0.016437139049311433,,3321,3256,0.019572417946401632,5
TBK-MM,M.P057,0,0,,0,0,,0,0,,0,0,,0,0,,0,0,,0,0,,2376,2325,0.02146464646464652,2414,2365,0.020298260149130054,2353,2304,0.02082447938801535,2146,2100,0.02143522833178002,2077,2035,0.020221473278767443,,11366,11129,0.020851662854126318,42
TBK-MM,M.P058,14876,14465,0.02762839472976608,16888,16400,0.028896257697773597,15960,15452,0.031829573934837097,18462,17875,0.03179503845737186,18139,17576,0.03103809471304919,16641,16123,0.031127937023015417,16167,15666,0.030989051772128406,18991,18393,0.03148859986309305,16114,15605,0.031587439493608094,15772,15250,0.03309662693380677,16847,16322,0.031162818305929818,16149,15612,0.033252832992754944,,201006,194739,0.03117817378585719,69
TBK-MM,M.P059,0,0,,0,0,,0,0,,0,0,,0,0,,0,0,,0,0,,0,5117,0,3263,3276,0,3266,3253,0.003980404164115159,3784,3768,0.0042283298097252064,5079,5053,0.0051191179366016915,,15392,20467,0,18
TBK-MM,M.P060,19712,19159,0.028053977272727293,21719,21655,0.002946728670749077,21504,20962,0.025204613095238138,20844,20381,0.022212627134906904,21995,21546,0.020413730393271212,14416,14164,0.017480577136514963,12273,11886,0.0315326326081643,15958,15649,0.019363328737937113,9300,9167,0.014301075268817187,7360,7291,0.009375000000000022,8285,8196,0.010742305371152727,11254,11062,0.01706060067531545,,184620,181118,0.018968692449355395,25
TBK-MM,M.P061,6336,6159,0.027935606060606077,6445,6214,0.03584173778122579,6571,6409,0.024653781768376182,7273,7042,0.031761308950914335,7336,7100,0.03217011995637953,5827,5557,0.04633602196670672,5650,5353,0.05256637168141598,6459,6448,0.0017030500077411803,5708,5492,0.03784162578836725,6046,5886,0.026463777704267333,5773,5575,0.03429759223973672,5519,5317,0.036600833484326856,,74943,72552,0.0319042472278932,136
TBK-MM,M.P062,3376,3184,0.056872037914691975,4000,3762,0.0595,4246,4003,0.05723033443240699,4670,4366,0.06509635974304073,5314,4942,0.0700037636432066,3454,3335,0.03445280833815867,3200,3052,0.04625000000000001,3670,3447,0.06076294277929151,3618,3326,0.08070757324488664,3374,3199,0.051867219917012486,3320,3077,0.0731927710843373,3624,3309,0.08692052980132448,,45866,43002,0.06244276806348925,75
TBK-MM,M.P063,5338,4867,0.08823529411764708,6002,5429,0.09546817727424195,5474,4949,0.09590792838874684,5660,5134,0.09293286219081276,5100,4791,0.06058823529411761,3434,3261,0.05037856726849155,3148,2989,0.05050825921219826,3794,3573,0.05824986821296785,3420,3237,0.05350877192982462,3422,3242,0.05260081823495033,3398,3225,0.05091230135373748,4150,3911,0.05759036144578311,,52340,48608,0.07130301872372946,50
TBK-MM,M.P064,14189,13796,0.027697512157304982,12798,12454,0.02687919987498044,13469,12856,0.04551191625213458,15576,15443,0.008538777606574177,15471,15076,0.02553163984228557,16261,15833,0.02632064448680893,15179,14795,0.02529810922985709,15610,15222,0.024855861627162024,15832,15431,0.02532844871147044,15077,14690,0.025668236386549026,16926,16527,0.023573200992555776,16483,16067,0.025238124127889394,,182871,178190,0.025597278956204117,40
TBK-MM,M.P065,9388,9385,0.0003195568811248384,10743,10738,0.00046541934282784414,9752,9747,0.0005127153404429485,5363,5360,0.0005593884020137496,3194,3194,0,708,708,0,1363,1363,0,2632,2631,0.00037993920972645423,879,879,0,1898,1898,0,705,706,0,4995,4994,0.00020020020020017348,,51620,51603,0.00032932971716392867,1
TBK-MM,M.P066,20939,20350,0.028129328048139834,22033,21402,0.02863885989198023,19357,18835,0.02696698868626335,21339,20793,0.025586953465485784,17688,17299,0.021992311171415646,14898,14544,0.023761578735400746,14227,13888,0.02382793280382367,17454,17003,0.02583934914632746,13483,13205,0.020618556701030966,15729,15050,0.04316866933689367,14432,14038,0.027300443458980084,17930,17328,0.03357501394311213,,209509,203735,0.027559675240681814,202
TBK-MM,M.P067,0,0,,0,0,,0,0,,0,0,,0,0,,0,0,,0,0,,0,0,,478,561,0,751,776,0,808,816,0,753,744,0.01195219123505975,,2790,2897,0,14
TBK-MM,M.P068,13010,12591,0.032205995388162934,13879,13468,0.029613084516175503,12201,11847,0.02901401524465208,13570,13145,0.03131908621960211,14403,13987,0.028882871623967188,12351,11988,0.029390332766577654,11277,10969,0.027312228429546836,11540,11219,0.027816291161178563,11048,10739,0.027968863142650235,8907,8657,0.028067811833389467,9996,9703,0.029311724689875973,11089,10733,0.03210388673460185,,143271,139046,0.02948956871941988,41
TBK-MM,M.P069,22469,21792,0.03013040188704441,24607,23762,0.03433982200186936,24096,23293,0.03332503320053126,29589,28739,0.028726891750312622,25115,24365,0.02986263189329086,25729,25122,0.0235920556570407,24140,23303,0.03467274233637119,26509,25656,0.032177750952506745,24460,23732,0.029762878168438256,23733,22932,0.03375047402351161,25469,24707,0.02991872472417445,22471,21515,0.042543723020782354,,298387,288918,0.03173395623803987,143
TBK-MM,M.P070,176,177,0,192,194,0,229,231,0,260,261,0,174,175,0,294,296,0,737,739,0,794,795,0,509,511,0,632,633,0,398,399,0,327,329,0,,4722,4740,0,1
TBK-MM,M.P071,1355,1354,0.0007380073800737907,867,866,0.0011534025374856371,718,716,0.0027855153203342198,685,684,0.0014598540145985828,47,46,0.021276595744680882,40,38,0.050000000000000044,126,126,0,155,153,0.012903225806451646,69,67,0.02898550724637683,15,14,0.06666666666666665,74,73,0.013513513513513487,679,715,0,,4830,4852,0,1
TBK-MM,M.P072,4268,4292,0,4418,4443,0,3900,3928,0,4166,4187,0,3756,3753,0.0007987220447284171,0,3157,0,3079,2466,0.19909061383566096,4022,3344,0.1685728493286922,3654,3616,0.010399562123700079,3300,4868,0,3661,3627,0.009287080032777895,4187,4143,0.010508717458800998,,42411,45824,0,12
TBK-MM,M.P073,3940,3802,0.03502538071065986,4232,4121,0.02622873345935728,3840,3752,0.022916666666666696,4184,4077,0.025573613766730396,4274,4213,0.014272344408048698,3952,3854,0.0247975708502024,3614,3433,0.05008301051466524,4328,4258,0.016173752310536083,3995,4015,0,4124,4036,0.02133850630455869,4050,3964,0.02123456790123457,3487,3361,0.03613421279036422,,48020,46886,0.023615160349854225,92
TBK-MM,M.P074,0,0,,0,0,,0,0,,0,0,,0,0,,0,0,,0,0,,2607,2503,0.03989259685462221,2055,1947,0.052554744525547425,2091,1976,0.05499760879961746,2182,2090,0.0421631530705775,2537,2431,0.041781631848640144,,11472,10947,0.04576359832635979,68
TBK-MM,M.P075,0,0,,0,0,,0,0,,0,0,,0,0,,0,0,,142,338,0,448,444,0.008928571428571397,5217,5152,0.01245926777841666,4807,4723,0.017474516330351575,4834,4871,0,4190,4276,0,,19638,19804,0,25
TBK-MM,M.P076,4923,4648,0.05586024781637211,4802,4552,0.05206164098292376,4950,4684,0.05373737373737375,5631,5311,0.05682827206535246,6248,5895,0.0564980793854033,5845,5631,0.03661248930710004,5317,5085,0.04363362798570625,6021,5728,0.04866301278857332,6142,5853,0.04705307717355911,5758,5511,0.042896839180270874,5593,5337,0.045771500089397454,5321,5069,0.04735951888742718,,66551,63304,0.04878965004282432,115
TBK-MM,M.P077,3912,3601,0.07949897750511248,4644,4248,0.0852713178294574,3862,3527,0.08674262040393577,3464,3137,0.09439953810623558,2498,2275,0.08927141713370701,1652,1560,0.05569007263922521,1048,1006,0.040076335877862634,1020,966,0.05294117647058827,1584,1479,0.06628787878787878,716,679,0.0516759776536313,932,882,0.05364806866952787,1664,1553,0.06670673076923073,,26996,24913,0.07715957919691807,20
TBK-MM,M.P078,0,0,,0,0,,0,0,,0,0,,0,0,,0,0,,0,0,,215,515,0,470,465,0.010638297872340385,563,557,0.010657193605683846,568,560,0.014084507042253502,555,551,0.007207207207207245,,2371,2648,0,8
TBK-MM,M.P079,0,0,,0,0,,0,0,,0,0,,0,0,,0,0,,0,0,,0,0,,1322,1249,0.05521936459909227,1406,1334,0.05120910384068278,1393,1476,0,1300,1270,0.023076923076923106,,5421,5329,0.016971038553772355,34
TBK-MM,M.P080,23057,22349,0.030706509953593253,25792,24777,0.039353287841191076,27733,26658,0.038762485126023094,29746,28620,0.03785382908626367,31365,30236,0.035995536425952546,30063,29099,0.03206599474437011,26957,25934,0.03794932670549389,29486,28276,0.04103642406565833,28005,27006,0.035672201392608516,27422,26463,0.03497192035591856,27346,26312,0.037811745776347494,24626,23822,0.03264842036871596,,331598,319552,0.03632711898141727,115
TBK-MM,M.P081,24121,22738,0.05733593134612991,24468,23001,0.05995586071603731,24597,23102,0.06077976989063705,28523,26824,0.05956596430950456,30303,28633,0.05511005511005507,28960,27294,0.05752762430939229,28179,26719,0.05181163277618084,32453,30605,0.056943888084306504,27894,26322,0.056356205635620604,28883,27220,0.05757712149014993,29119,27459,0.057007452178989615,26647,25076,0.05895598003527602,,334147,314993,0.05732207681050561,387
TBK-MM,M.P082,1425,1399,0.01824561403508773,1740,1715,0.014367816091954033,2187,2165,0.010059442158207643,2170,2152,0.00829493087557609,2125,2105,0.009411764705882342,1917,1896,0.010954616588419452,1742,1721,0.012055109070034487,1296,1273,0.017746913580246937,1734,1713,0.01211072664359858,1813,1788,0.013789299503585206,1184,1163,0.017736486486486513,1441,1418,0.015961138098542715,,20774,20508,0.012804467122364493,1
TBK-MM,M.P083,36929,36207,0.019551030355547172,41956,41018,0.02235675469539522,43245,41974,0.029390681003584218,50796,49153,0.032345066540672485,48020,46904,0.023240316534777206,46088,44911,0.02553810102412779,44931,43866,0.02370301128396879,49617,48122,0.030130801942882535,42451,41591,0.02025865115073855,43799,42343,0.03324276809972826,43192,41767,0.032992220781626225,40342,39461,0.021838282683059873,,531366,517317,0.026439403349103996,189
TBK-MM,M.P084,69267,65899,0.048623442620584156,84514,80376,0.04896230210379349,79437,75567,0.04871785188262401,96184,91798,0.045600099808699945,88100,83680,0.05017026106696931,84155,81237,0.034674113243419846,80963,77351,0.0446129713572867,86393,82492,0.04515412128297436,83540,79894,0.043643763466602814,78549,74900,0.04645507899527679,82485,78766,0.04508698551251744,75141,71772,0.04483570886732946,,988728,943732,0.04550897719089575,500
TBK-MM,M.P085,28006,27623,0.013675640934085576,29584,28505,0.036472417522985356,29886,28818,0.03573579602489463,36074,34692,0.038310140267228454,32256,30978,0.0396205357142857,30629,29253,0.044924744523164306,31575,31793,0,30567,29508,0.03464520561389739,30169,29108,0.03516855049885648,21309,36907,0,0,33503,0,15165,25757,0,,315220,366445,0,123
TBK-MM,M.P086,10092,9472,0.06143479984145861,10470,10044,0.04068767908309456,11628,11084,0.04678362573099415,10003,9564,0.043886833949815074,11575,10943,0.05460043196544273,8997,8554,0.04923863510058912,9043,8596,0.04943049872829808,10169,4546,0.5529550594945423,3537,3376,0.0455188012439921,3329,3166,0.04896365274857317,3236,3077,0.04913473423980219,3936,3745,0.048526422764227695,,96015,86167,0.10256730719158469,25
TBK-MM,M.P087,14738,14346,0.026597910164201433,15562,15162,0.025703637064644624,12905,12579,0.02526152654010072,14432,14118,0.021757206208425695,11683,11455,0.019515535393306527,9789,9654,0.01379098988660743,8969,8678,0.03244508863864426,11201,11151,0.004463887152932777,9276,9068,0.022423458387235917,9536,9206,0.03460570469798663,9767,9439,0.03358247158800043,11821,11348,0.04001353523390572,,139679,136204,0.024878471352171805,91
TBK-MM,M.P088,0,0,,0,0,,0,0,,0,0,,0,0,,0,0,,0,0,,0,0,,0,0,,0,0,,68,71,0,401,388,0.032418952618453845,,469,459,0.021321961620469065,14
TBK-MM,M.P089,7162,6744,0.05836358559061716,7870,7428,0.05616264294790341,5787,5454,0.05754276827371696,7524,7097,0.05675172780435933,4230,3991,0.05650118203309695,1644,1543,0.061435523114355184,1740,1635,0.06034482758620685,3417,3197,0.06438396254023993,1839,3089,0,1459,1369,0.061686086360520864,1496,1201,0.1971925133689839,4183,4058,0.029882859191967537,,48351,46806,0.031953837562821885,22
TBK-MM,M.P090,17356,16525,0.047879695782438336,18988,18027,0.05061091215504532,11694,11105,0.050367709936719685,11701,11141,0.04785915733697976,3889,3744,0.03728464901002826,1164,1112,0.044673539518900296,2750,2592,0.057454545454545425,5956,5673,0.04751511081262594,603,581,0.036484245439469265,847,819,0.03305785123966942,730,708,0.03013698630136985,7643,7359,0.03715818395917836,,83321,79386,0.047226989594460034,20
TBK-MM,M.P091,2046,1942,0.050830889540566915,1936,1838,0.05061983471074383,1520,1441,0.05197368421052628,1323,1255,0.05139833711262287,1086,1027,0.05432780847145491,565,538,0.04778761061946901,615,579,0.05853658536585371,1027,972,0.05355404089581306,526,462,0.12167300380228141,508,517,0,555,528,0.048648648648648596,1373,1297,0.05535324107793149,,13080,12396,0.05229357798165135,11
TBK-MM,M.P092,995,984,0.011055276381909507,1036,1024,0.01158301158301156,1075,1067,0.007441860465116301,1086,1074,0.011049723756906049,968,957,0.011363636363636354,928,918,0.010775862068965525,822,811,0.01338199513381999,840,828,0.014285714285714235,845,836,0.010650887573964485,863,852,0.01274623406720743,915,903,0.013114754098360604,859,850,0.010477299185098987,,11232,11104,0.01139601139601143,18
TBK-MM,M.P093,9923,9533,0.03930263025294767,9609,9247,0.03767301488188157,9717,9359,0.036842646907481735,11275,10899,0.03334811529933479,13218,12857,0.027311242245422918,11744,11355,0.03312329700272476,11536,11141,0.03424063800277388,13032,12616,0.031921424186617586,12590,12178,0.032724384432088915,12265,11943,0.026253567060742,12441,11945,0.03986817779921226,11464,11149,0.027477320307048192,,138814,134222,0.03308023686371686,158
TBK-MM,M.P094,3893,3656,0.06087849987156435,3665,3449,0.0589358799454297,3584,3377,0.0577566964285714,4047,3829,0.053867062021250356,4397,4156,0.05481009779395041,4319,4098,0.05116925214169943,4587,4339,0.054065838238500086,4856,4578,0.05724876441515647,4780,4506,0.05732217573221754,4574,4324,0.05465675557498906,4661,4393,0.057498390903239605,4305,4063,0.05621370499419276,,51668,48768,0.05612758380428895,57
TBK-MM,M.P095,7296,6640,0.08991228070175439,8196,7875,0.03916544655929721,7014,6569,0.06344453949244366,6671,6272,0.0598111227701994,4282,4038,0.0569827183559084,1967,1844,0.06253177427554657,1861,1738,0.06609349811929066,3348,3157,0.05704898446833928,1775,1833,0,1744,1643,0.057912844036697275,1670,1568,0.061077844311377194,4184,3955,0.05473231357552577,,50008,47132,0.05751079827227645,27
TBK-MM,M.P096,5271,5176,0.0180231455131854,4867,4788,0.016231764947606364,4762,4689,0.015329693406131883,4955,4883,0.014530776992936478,4438,4387,0.011491662911221279,3360,3324,0.010714285714285676,2998,2956,0.014009339559706513,4230,4165,0.015366430260047248,3234,3187,0.014533085961657366,2763,2727,0.013029315960912058,2739,2699,0.014603870025556742,3724,3662,0.016648764769065516,,47341,46643,0.014744090745865135,42
TBK-MM,M.P097,4274,4189,0.019887693027608844,4640,4551,0.019181034482758652,4255,4179,0.017861339600469983,5384,5313,0.013187221396731008,4590,4505,0.01851851851851849,4034,3960,0.01834407535944471,4092,3984,0.02639296187683282,4649,4612,0.007958700795870133,4221,4136,0.02013740819710974,4261,4188,0.01713212860830793,4355,4295,0.013777267508610747,5188,5105,0.015998457979953695,,53943,53017,0.01716626809780697,87
TBK-MM,M.P098,61408,58978,0.039571391349661256,68203,65251,0.043282553553362746,70261,66852,0.04851909309574298,83542,79532,0.047999808479567196,79591,75849,0.04701536605897649,77934,74436,0.04488413272769265,74455,71581,0.0386004969444631,81873,78539,0.040721605413261974,71259,68430,0.03970024838967712,74179,70984,0.04307148923549786,72209,69290,0.040424323837748743,68668,65785,0.0419846216578319,,883582,845507,0.04309164288090972,298
TBK-MM,M.P099,15340,14955,0.02509778357235981,16144,15721,0.026201684836471784,16666,16239,0.0256210248409936,17929,17482,0.024931674940041226,20931,20406,0.02508241364483299,18501,18099,0.021728555213231693,18218,17782,0.023932374574596516,19542,19080,0.02364138778016578,19011,18567,0.02335489979485561,17903,17475,0.023906607831089777,18854,18406,0.023761536013578,18839,18306,0.028292372206592753,,217878,212518,0.024600923452574364,146
TBK-MM,M.P100,0,0,,0,0,,0,0,,0,0,,0,0,,0,0,,0,0,,226,871,0,2138,2112,0.012160898035547207,2465,2487,0,3199,3160,0.012191309784307602,3242,3226,0.004935225169648394,,11270,11856,0,22
TBK-MM,M.P101,2124,2077,0.022128060263653437,1982,1932,0.025227043390514625,1942,1903,0.020082389289392433,2232,2196,0.016129032258064502,2289,2241,0.020969855832241202,2178,2135,0.01974288337924701,2181,2134,0.02154974782209995,2173,2135,0.017487344684767647,2240,2190,0.022321428571428603,2069,2032,0.017883035282745263,2215,2173,0.01896162528216705,2054,2014,0.019474196689386547,,25679,25162,0.02013318275633791,55
TBK-MM,M.P102,2408,2396,0.004983388704318914,2607,2593,0.005370157268891451,2524,2513,0.004358161648177483,2755,2748,0.002540834845734974,3099,3087,0.0038722168441432947,2585,2577,0.003094777562862694,2577,2570,0.002716336825766441,2473,2461,0.0048524059846341006,2728,2719,0.0032991202346041026,2834,2824,0.003528581510232831,2953,2942,0.0037250253979004277,2589,2582,0.0027037466203166938,,32132,32012,0.003734594796464541,15
TBK-MM,M.P103,3523,3433,0.025546409310246987,3606,3521,0.023571824736550173,3553,3468,0.02392344497607657,3897,3814,0.021298434693353907,4906,4815,0.01854871585813289,4745,4622,0.025922023182297194,4844,4716,0.02642444260941368,4793,4794,0,4758,4675,0.017444304329550242,4644,4558,0.01851851851851849,4866,4775,0.018701191944101914,4594,4505,0.019373095341750135,,52729,51696,0.01959073754480456,92
TBK-MM,M.P104,8108,8016,0.011346817957572752,8157,8060,0.011891626823587131,8003,7917,0.010745970261152094,8263,8183,0.009681713663318381,9216,9139,0.00835503472222221,8664,8593,0.008194829178208685,8427,8350,0.00913729678414621,8420,8350,0.008313539192399078,8428,8353,0.008898908400569505,8555,8477,0.009117475160724697,8980,8895,0.009465478841870878,8512,8437,0.008811090225563922,,101733,100770,0.009465954999852588,60
TBK-MM,M.P105,2831,2710,0.042741080890144834,2967,2842,0.042130097741826744,2261,2170,0.04024767801857587,2582,2475,0.041440743609604924,1463,1407,0.038277511961722466,730,713,0.023287671232876672,618,607,0.017799352750809017,1077,1037,0.03714020427112352,793,775,0.022698612862547263,634,624,0.01577287066246058,719,701,0.025034770514603566,2403,2296,0.04452767374115685,,19078,18357,0.03779222140685612,13
TBK-MM,M.P106,13687,13495,0.014027909695331298,13806,13715,0.006591337099811634,12113,12030,0.006852142326426169,10068,10007,0.006058800158919353,4828,4805,0.00476387738193873,1548,1549,0,852,865,0,5092,5070,0.0043205027494108705,2267,2263,0.0017644464049404451,3638,3623,0.004123144584936789,5292,5268,0.0045351473922902175,13309,13223,0.006461792771808583,,86500,85913,0.006786127167630052,3
TBK-MM,M.P107,0,0,,0,0,,233,233,0,346,348,0,368,369,0,395,396,0,393,392,0.0025445292620864812,488,489,0,372,374,0,429,429,0,437,437,0,893,895,0,,4354,4362,0,1
TBK-MM,M.P108,29494,28096,0.04739947107886344,30027,28443,0.05275252272954345,30635,28933,0.05555736902236008,10768,33059,0,0,31977,0,37441,29846,0.20285248791431854,29680,31278,0,31982,30624,0.04246138452879744,28896,27780,0.03862126245847175,28773,27650,0.03902964584853852,27058,26097,0.035516298322122886,28399,27311,0.03831120814113176,,313153,351094,0,124
TBK-MM,M.P109,16847,16158,0.04089748916721081,16511,15821,0.04179032160377927,11735,11275,0.039198977417980396,16128,15462,0.041294642857142905,10637,10267,0.0347842436777287,6775,6618,0.023173431734317296,6400,6231,0.026406249999999964,10080,9745,0.03323412698412698,6285,6102,0.029116945107398595,7333,7179,0.02100095458884499,6732,6561,0.025401069518716568,13468,12914,0.04113454113454118,,128931,124333,0.03566248613599521,40
TBK-MM,M.P110,11203,11083,0.010711416584843314,11224,11110,0.010156806842480437,11687,11557,0.011123470522803158,13027,12898,0.009902510171182932,13179,13000,0.013582214128537773,12442,12299,0.011493329046777023,11948,11801,0.012303314362236306,13953,13767,0.013330466566329857,12201,12001,0.016392099008277983,11468,11226,0.021102197418904733,12176,11903,0.022421156373193196,11988,11713,0.02293960627293956,,146496,144358,0.01459425513324597,51
TBK-MM,M.P111,15532,15483,0.0031547772340972946,17498,17442,0.0032003657560863985,16531,16475,0.003387574859355147,26175,26091,0.003209169054441241,19977,19910,0.003353856935475852,18212,18153,0.003239622227103056,19469,19403,0.0033900046227335334,20364,20295,0.0033883323512080565,15646,15589,0.0036431036686692675,19664,19588,0.0038649308380797054,14599,14542,0.003904377012124094,16053,15993,0.003737619136609971,,219720,218964,0.003440742763517246,1
TBK-MM,M.P112,93,91,0.021505376344086002,35,34,0.02857142857142858,35,34,0.02857142857142858,328,327,0.0030487804878048808,62,61,0.016129032258064502,75,74,0.013333333333333308,133,131,0.015037593984962405,97,95,0.020618556701030966,40,38,0.050000000000000044,25,23,0.07999999999999996,29,26,0.10344827586206895,266,264,0.007518796992481258,,1218,1198,0.016420361247947435,1
TBK-MM,M.P113,3605,3603,0.0005547850208044158,3791,3787,0.0010551305724083582,2519,2517,0.0007939658594680044,3011,3009,0.0006642311524410749,1249,1248,0.0008006405124099114,453,454,0,463,464,0,1687,1685,0.0011855364552459946,353,355,0,304,304,0,330,331,0,3118,3116,0.0006414368184733954,,20883,20873,0.00047885840157069204,1
TBK-MM,M.P114,18714,18809,0,19939,20038,0,18852,18941,0,23343,23447,0,21852,21949,0,19013,19103,0,18376,18462,0,20914,21005,0,18660,18745,0,19501,19592,0,19609,19701,0,23488,23599,0,,242261,243391,0,1
TBK-MM,M.P115,8826,8869,0,9280,9330,0,8276,8320,0,10198,10254,0,7906,7948,0,6799,6833,0,6980,7015,0,7935,7977,0,6749,6785,0,6553,6586,0,6799,6833,0,9015,9066,0,,95316,95816,0,1
TBK-MM,M.P116,6211,6332,0,5962,6111,0,4780,4822,0,6401,6467,0,5550,5552,0,4550,4567,0,4452,4481,0,5177,5234,0,4668,4738,0,4531,4582,0,4574,4579,0,6201,6194,0.0011288501854539446,,63057,63659,0,1
TBK-MM,M.P117,3874,3874,0,3201,3200,0.0003124023742580029,1802,1805,0,1993,1990,0.0015052684395383542,2438,2438,0,2500,2499,0.00039999999999995595,2851,2851,0,3287,3285,0.0006084575600852071,3047,3047,0,3184,3183,0.0003140703517587884,2759,2758,0.00036245016310254563,3129,3128,0.0003195909236177741,,34065,34058,0.0002054895053573702,1
TBK-MM,M.P118,6502,6514,0,6878,6870,0.0011631288165164788,6909,0,1,8053,14962,0,7500,7967,0,7224,7225,0,7264,7266,0,7917,7918,0,7564,7565,0,6697,6699,0,6940,6943,0,7478,7482,0,,86926,87411,0,1
TBK-MM,M.P119,3271,3271,0,3527,3528,0,3508,3508,0,4151,4149,0.00048181161165983255,4023,4023,0,3707,3706,0.00026975991367683694,3293,3292,0.0003036744609777875,3388,3386,0.0005903187721369996,2950,2950,0,2755,2755,0,2583,2582,0.00038714672861017707,2603,2603,0,,39759,39753,0.0001509092280993496,1
TBK-MM,M.P120,4540,4540,0,5280,5280,0,4512,4516,0,4440,4440,0,4560,4556,0.0008771929824561431,4548,4544,0.0008795074758135568,4172,4172,0,4484,4480,0.000892060660124927,4272,4268,0.000936329588014928,4276,4276,0,4280,4280,0,4348,4344,0.0009199632014719183,,53712,53696,0.00029788501638372544,1
TBK-MM,M.P121,3260,3265,0,3568,3572,0,3420,3424,0,4628,4634,0,5362,5368,0,4385,4389,0,3346,3350,0,3610,3614,0,3313,3317,0,3439,3442,0,3344,3348,0,3436,3440,0,,45111,45163,0,1
TBK-MM,M.P122,3149,3149,0,3403,3401,0.0005877167205406986,2995,2993,0.0006677796327212437,4097,4094,0.0007322431047107614,3642,3640,0.000549148819329992,3597,3593,0.0011120378092854821,3431,3424,0.0020402215097639065,3835,3820,0.003911342894393766,3739,3736,0.0008023535704734241,3718,3714,0.0010758472296933386,3765,3763,0.0005312084993359667,3936,3933,0.0007621951219511924,,43307,43260,0.001085274897822508,1
TBK-MM,M.P123,10405,10396,0.0008649687650168492,10598,10590,0.0007548594074353598,9291,9281,0.0010763104079216657,11551,11538,0.0011254436845294924,9360,9349,0.001175213675213671,8876,8864,0.0013519603424966276,9318,9306,0.0012878300064391723,10868,10853,0.001380198748619832,9010,8997,0.0014428412874584184,8678,8667,0.0012675731735423135,8613,8601,0.0013932427725531493,9632,9621,0.001142026578073052,,116200,116063,0.0011790017211703585,1
TBK-MM,M.P124,10209,10212,0,11385,11386,0,10400,10403,0,14427,14503,0,15656,15737,0,12155,12219,0,12993,13062,0,13411,13481,0,11718,11781,0,12563,12631,0,14660,14741,0,14901,14987,0,,154478,155143,0,1
TBK-MM,M.P125,1657,1658,0,1719,1720,0,1757,1758,0,2154,2155,0,1962,1963,0,1857,1858,0,1782,1783,0,1916,1918,0,1842,1842,0,1932,1935,0,1975,1975,0,2076,2077,0,,22629,22642,0,1
TBK-MM,M.P126,1680,1683,0,1911,1913,0,1822,1824,0,2279,2283,0,1790,1793,0,1140,1142,0,1066,1068,0,1377,1380,0,1181,1184,0,1220,1221,0,1116,1118,0,1837,1841,0,,18419,18450,0,1
TBK-MM,M.P127,1158,1159,0,1263,1263,0,1386,1386,0,1554,1554,0,1362,1362,0,1278,1279,0,1212,1214,0,1415,1417,0,1367,1369,0,1291,1293,0,1343,1345,0,1559,1561,0,,16188,16202,0,1
TBK-MM,M.P128,6776,6787,0,6464,6474,0,3758,3763,0,4402,4408,0,1982,1985,0,583,586,0,772,773,0,1241,1243,0,681,682,0,913,915,0,973,975,0,8481,8497,0,,37026,37088,0,1
TBK-MM,M.P129,5936,5932,0.0006738544474393926,5703,5698,0.0008767315448009461,3842,3841,0.00026028110359188616,3573,3572,0.00027987685418418007,1610,1611,0,773,774,0,1053,1055,0,1434,1435,0,814,816,0,836,840,0,1082,1081,0.0009242144177449285,5692,5686,0.0010541110330287706,,32348,32341,0.00021639668603934403,1
TBK-MM,M.P130,1553,1555,0,1733,1736,0,1709,1712,0,2074,2077,0,1881,1885,0,1388,1844,0,1719,1720,0,1834,1835,0,1770,1772,0,1722,1722,0,1709,1710,0,1746,1747,0,,20838,21315,0,1
TBK-MM,M.P131,1255,1196,0.04701195219123511,1238,1299,0,1245,1246,0,1447,1448,0,1356,1357,0,1375,1375,0,1297,1298,0,1381,1383,0,1363,1363,0,1423,1424,0,1542,1543,0,1597,1598,0,,16519,16530,0,1
TBK-MM,M.P132,26553,26498,0.002071329040033154,28952,28886,0.0022796352583586144,30710,30635,0.0024422012373819246,34156,34065,0.002664246398875747,31936,31849,0.002724198396793609,33755,33667,0.0026070211820471423,30745,30663,0.0026671003415189576,33339,33248,0.0027295359788835905,31186,31102,0.002693516321426226,31343,31254,0.0028395495006859894,30818,30737,0.0026283340904665886,30964,30892,0.002325280971450683,,374457,373496,0.002566382788945054,1
TBK-MM,M.P133,18670,18685,0,20339,20351,0,20964,20972,0,22866,22869,0,21216,21214,9.426847662141746e-05,20251,20251,0,18730,18728,0.00010678056593704799,20211,20210,4.9478007025927084e-05,16926,16932,0,17348,17356,0,18008,18020,0,19969,19986,0,,235498,235574,0,1
TBK-MM,M.P134,10480,10503,0,10273,10297,0,10155,10180,0,11327,11357,0,10194,10220,0,9146,9169,0,8492,8511,0,9638,9663,0,8207,8227,0,8384,8403,0,9089,9110,0,10754,10777,0,,116139,116417,0,1
TBK-MM,M.P135,8470,8483,0,8935,8951,0,9127,9143,0,9990,10007,0,9212,9226,0,8735,8748,0,8165,8178,0,8691,8705,0,8078,8091,0,8417,8433,0,8357,8370,0,9220,9238,0,,105397,105573,0,1
TBK-MM,M.P136,27068,27049,0.0007019358652282648,30012,29995,0.000566440090630449,30014,29994,0.0006663557006729715,34699,34678,0.0006052047609441669,33887,33869,0.0005311771475786653,33194,33176,0.0005422666747002536,31423,31406,0.0005410049963402441,33428,33414,0.0004188105779585616,31683,31669,0.0004418773474733628,30954,30940,0.00045228403437358455,31100,31085,0.0004823151125401548,29971,29955,0.0005338493877414807,,377433,377230,0.0005378438027411336,1
TBK-MM,M.P137,5100,5110,0,5572,5582,0,5973,5986,0,7254,7271,0,6651,6666,0,7325,7343,0,6781,6797,0,7179,7197,0,6582,6597,0,6403,6419,0,6359,6374,0,6368,6381,0,,77547,77723,0,1
TBK-MM,M.P138,5365,5368,0,5545,5550,0,5250,5254,0,5993,5998,0,5699,5705,0,5546,5550,0,5226,5230,0,5664,5669,0,5604,5609,0,5339,5343,0,5503,5508,0,5673,5677,0,,66407,66461,0,1
TBK-MM,M.P139,9351,9349,0.0002138808683562754,10020,10017,0.0002994011976047428,9270,9259,0.0011866235167206085,11082,11083,0,10089,10082,0.0006938249578749556,9713,9706,0.0007206836198908606,9192,9186,0.0006527415143603443,9835,9828,0.000711743772242035,10339,10333,0.0005803269174968761,9843,9836,0.0007111652951335978,9764,9759,0.0005120852109791185,10066,10062,0.0003973773097556421,,118564,118500,0.0005397928544921271,1
TBK-MM,M.P140,21828,21814,0.0006413780465457375,22574,22558,0.0007087800124035981,22362,22345,0.0007602182273499514,26137,26119,0.0006886788843402103,25434,25418,0.000629079185342496,24421,24404,0.0006961221899185466,24238,24220,0.0007426355309844146,25577,25560,0.000664659655158939,23746,23733,0.0005474606249473712,22758,22745,0.0005712277001493904,23341,23329,0.0005141167901975274,23792,23778,0.0005884330867518273,,286208,286023,0.0006463830500894607,1
TBK-MM,M.P141,11729,11722,0.0005968113223633331,12085,12077,0.0006619776582540426,11967,11959,0.0006685050555694794,13972,13960,0.0008588605782994252,12454,12444,0.0008029548739361125,12100,12092,0.0006611570247934129,12045,12036,0.0007471980074720275,13283,13272,0.0008281261763155578,11913,11905,0.0006715352975741329,11333,11325,0.000705903114797457,11600,11593,0.0006034482758621174,12500,12492,0.0006399999999999739,,146981,146877,0.000707574448398085,1
TBK-MM,M.P142,20864,20918,0,21149,21201,0,19667,19718,0,23524,23585,0,20860,20913,0,20161,20213,0,19731,19782,0,21815,21874,0,19470,19527,0,18941,18999,0,20214,20278,0,21706,21773,0,,248102,248781,0,1
TBK-MM,M.P143,6998,6991,0.001000285795941691,7320,7313,0.0009562841530054156,6846,6839,0.0010224948875255935,8435,8425,0.0011855364552459946,6799,6791,0.0011766436240623346,5814,5807,0.001203990368077057,5619,5612,0.0012457732692650048,7296,7288,0.0010964912280702066,6241,6234,0.001121615125781128,6270,6262,0.0012759170653907637,6784,6776,0.001179245283018826,8353,8343,0.0011971746677840178,,82775,82681,0.0011356085774690827,1
TBK-MM,M.P144,9126,9112,0.0015340784571553634,9516,9503,0.001366120218579181,9013,9000,0.001442361034061923,10549,10535,0.0013271400132713884,9450,9437,0.0013756613756613634,9301,9290,0.001182668530265607,9471,9460,0.0011614401858304202,9998,9985,0.001300260052010449,9165,9155,0.0010911074740862503,8725,8715,0.0011461318051575464,8914,8903,0.0012340139107022141,9816,9802,0.0014262428687856765,,113044,112897,0.0013003786136371875,1
TBK-MM,M.P145,9607,9592,0.0015613615072342935,10360,10342,0.0017374517374517673,9772,9757,0.0015349979533361147,10372,10357,0.001446201311222528,9399,9386,0.0013831258644536604,10158,10147,0.0010828903327426698,9796,9784,0.001224989791751785,11216,11201,0.0013373751783166687,9597,9586,0.0011461915181827376,9412,9401,0.0011687207819804923,10165,10153,0.0011805213969503514,11844,11826,0.001519756838905817,,121698,121532,0.001364032276619187,1
TBK-MM,M.P146,8237,8228,0.0010926308121889106,8766,8756,0.0011407711613050653,8147,8138,0.0011047011169755816,9573,9560,0.0013579860022980839,8972,8959,0.0014489522960321466,8994,8979,0.0016677785190126748,8747,8735,0.0013718989367783596,9604,9590,0.001457725947521915,8853,8840,0.001468428781204123,8490,8477,0.0015312131919905658,8889,8878,0.0012374845314433447,9759,9747,0.0012296341838302638,,107031,106887,0.0013454046024049537,1
TBK-MM,M.P147,4944,4942,0.0004045307443365509,5362,5358,0.0007459903021260761,5437,5432,0.0009196247930843837,6056,6051,0.0008256274768824179,5604,5600,0.0007137758743754885,5796,5792,0.0006901311249137843,5324,5321,0.000563486100676136,5782,5777,0.0008647526807332717,6124,6119,0.0008164598301763082,5501,5498,0.0005453553899290586,5605,5602,0.0005352363960748896,5638,5634,0.0007094714437744232,,67173,67126,0.0006996858856981314,1
TBK-MM,M.P148,5261,5263,0,5856,5857,0,5768,5768,0,6290,6291,0,5788,5788,0,5503,5504,0,5435,5436,0,5697,5698,0,5743,5744,0,5279,5280,0,5404,5405,0,5893,5893,0,,67917,67927,0,1
TBK-MM,M.P149,12264,12272,0,13352,13364,0,11864,11876,0,14412,14424,0,12380,12388,0,11488,11500,0,11388,11396,0,12508,12520,0,12472,12480,0,11888,11896,0,14284,14296,0,13444,13456,0,,151744,151868,0,1
TBK-MM,M.P150,13741,13746,0,14518,14524,0,13982,13986,0,16058,16065,0,15443,15449,0,0,14860,0,9361,14676,0,16038,16030,0.0004988153136301632,14818,14809,0.0006073694155755982,14782,14773,0.0006088485996482706,15004,14992,0.0007997867235404188,16405,16393,0.0007314843035659546,,160150,180303,0,1
TBK-MM,M.P151,9632,9628,0.00041528239202659467,10600,10596,0.00037735849056608206,10700,10704,0,12740,12736,0.0003139717425432176,12444,12440,0.00032144005143042165,11956,11956,0,11640,11636,0.0003436426116838476,12076,12076,0,11528,11524,0.000346981263011803,10992,10992,0,11316,11316,0,11192,11188,0.00035739814152968563,,136816,136792,0.0001754180797567395,1
TBK-MM,M.P152,6209,6204,0.0008052826542116476,6447,6441,0.0009306654257794644,6092,6086,0.000984898227183173,7242,7235,0.0009665838166252883,6878,6871,0.001017737714451905,6607,6600,0.0010594823671863374,6432,6425,0.0010883084577114621,7115,7107,0.001124385101897385,6850,6843,0.0010218978102189968,6702,6695,0.0010444643390032926,6678,6670,0.0011979634621144264,6661,6655,0.0009007656508032147,,79913,79832,0.0010136022924930321,1
TBK-MM,M.P153,6016,6012,0.0006648936170212671,6664,6656,0.0012004801920768582,6524,6520,0.0006131207847945852,7928,7920,0.0010090817356205317,7176,7168,0.0011148272017836858,6700,6696,0.0005970149253731183,6408,6400,0.0012484394506866447,6960,6952,0.0011494252873562871,6724,6716,0.0011897679952409534,6468,6460,0.0012368583797155441,6956,6948,0.0011500862564692849,6892,6884,0.0011607661056297625,,81416,81332,0.0010317382332710734,1
TBK-MM,M.P154,10948,10940,0.00073072707343802,12032,12028,0.0003324468085106336,11744,11740,0.00034059945504083533,14068,14060,0.0005686664771111793,12752,12744,0.0006273525721455231,13468,13460,0.0005940005940006099,12196,12184,0.0009839291571006603,12788,12784,0.0003127932436659542,12080,12072,0.0006622516556291647,12340,12332,0.0006482982171799323,12112,12104,0.0006605019815059121,12628,12620,0.0006335128286347746,,149156,149068,0.0005899863230443003,1
TBK-MM,M.P155,6425,6423,0.0003112840466925615,6807,6805,0.00029381519024529457,6484,6482,0.00030845157310299687,7742,7731,0.0014208214931542562,7056,7052,0.0005668934240362633,6913,6911,0.0002893099956603473,6679,6676,0.0004491690372809831,7455,7451,0.0005365526492286943,7483,7480,0.0004009087264466027,8123,8120,0.0003693216791825771,7791,7787,0.0005134129123347542,7455,7453,0.00026827632461434714,,86413,86371,0.00048603798039648094,1
TBK-MM,M.P156,10356,10355,9.656237929700495e-05,11922,11920,0.00016775708773697495,11778,11776,0.00016980811682798524,13672,13669,0.00021942656524287507,13162,13159,0.00022792888618750062,12306,12302,0.00032504469364535993,11502,11498,0.0003477656059815981,12590,12588,0.000158856235107252,11341,11338,0.0002645269376597703,10703,10700,0.00028029524432404695,11676,11674,0.00017129153819805953,11966,11964,0.00016714023065356187,,142974,142943,0.00021682263908118227,1
TBK-MM,M.P157,18022,18034,0,19395,19410,0,18826,18843,0,21773,21794,0,20050,20068,0,20017,20035,0,19518,19534,0,21222,21243,0,20195,20215,0,19803,19823,0,20366,20386,0,21566,21586,0,,240753,240971,0,1
TBK-MM,M.P158,9441,9449,0,10304,10314,0,10278,10287,0,12137,12149,0,0,11403,0,7703,11014,0,10810,10817,0,11564,11574,0,10860,10867,0,10562,10570,0,10424,10430,0,10142,10148,0,,114225,129022,0,1
TBK-MM,M.P159,5746,5742,0.0006961364427428007,6159,6155,0.0006494560805325733,5798,5794,0.0006898930665746317,6353,6348,0.0007870297497245549,6000,5996,0.0006666666666667043,5770,5765,0.0008665511265164572,5928,5924,0.0006747638326585204,6876,6870,0.0008726003490401313,6188,6183,0.000808015513897864,6144,6139,0.0008138020833333703,6227,6222,0.0008029548739361125,7251,7245,0.0008274720728175256,,74440,74383,0.0007657173562600761,1
TBK-MM,M.P160,311,312,0,292,292,0,292,293,0,205,206,0,238,239,0,158,158,0,160,161,0,121,122,0,140,141,0,91,91,0,73,75,0,296,296,0,,2377,2386,0,1
TBK-MM,M.P161,5883,5891,0,5896,5905,0,5380,5389,0,5371,5378,0,4287,4293,0,3269,3275,0,3358,3362,0,4184,4191,0,3059,3064,0,3061,3065,0,3483,3488,0,5770,5780,0,,53001,53081,0,1
TBK-MM,M.P162,7226,7226,0,7628,7628,0,7413,7414,0,7745,7745,0,6842,6842,0,6200,6198,0.00032258064516133,6140,6139,0.00016286644951135631,7624,7623,0.00013116474291707814,6434,6433,0.00015542430836179566,6186,6184,0.0003233107015842007,6330,6329,0.00015797788309634964,7684,7683,0.00013014055179594308,,83452,83444,9.586349038970265e-05,1
TBK-MM,M.P163,8135,8131,0.0004917025199754343,8695,8687,0.0009200690051753835,8592,8585,0.0008147113594041411,10092,10081,0.0010899722552516478,9704,9693,0.0011335531739489202,7555,7548,0.0009265387160820593,7197,7190,0.0009726274836737714,8552,8543,0.0010523854069223182,7145,7141,0.0005598320503849008,7265,7261,0.0005505849965588006,7242,7240,0.0002761668047500665,8487,8485,0.00023565453045837348,,98661,98585,0.0007703145113063803,1
TBK-MM,M.P164,140,141,0,131,131,0,114,115,0,128,128,0,124,124,0,146,147,0,156,156,0,177,178,0,140,141,0,153,153,0,153,153,0,131,131,0,,1693,1698,0,1
TBK-MM,M.P165,715,714,0.0013986013986013734,655,655,0,648,648,0,486,486,0,292,292,0,228,228,0,152,152,0,480,481,0,213,213,0,162,163,0,126,127,0,336,337,0,,4493,4496,0,1
TBK-MM,M.P166,13799,13809,0,13348,13359,0,12556,12569,0,14181,14197,0,11483,11496,0,9305,9317,0,9290,9302,0,10734,10748,0,9559,9570,0,9187,9197,0,9715,9724,0,11861,11870,0,,135018,135158,0,1
TBK-MM,M.P167,6441,6445,0,6767,6770,0,6560,6562,0,7448,7450,0,6244,6246,0,5518,5520,0,5586,5587,0,6224,6226,0,5608,5610,0,5381,5384,0,5458,5460,0,6995,6999,0,,74230,74259,0,1
TBK-MM,M.P168,1245,1246,0,1294,1293,0.0007727975270479526,1241,1242,0,1244,1244,0,1271,1272,0,1011,1011,0,987,987,0,1175,1176,0,887,888,0,787,787,0,800,801,0,1196,1196,0,,13138,13143,0,1
TBK-MM,M.P169,8959,8966,0,9639,9646,0,9301,9307,0,11128,11136,0,10443,10450,0,9950,9957,0,9618,9623,0,10534,10541,0,10042,10048,0,9490,9496,0,9813,9818,0,9995,10003,0,,118912,118991,0,1
TBK-MM,M.P170,4072,4072,0,4239,4238,0.00023590469450340823,4232,4233,0,4729,4729,0,4412,4413,0,4295,4297,0,4326,4328,0,4815,4816,0,4668,4670,0,4326,4327,0,4536,4539,0,4555,4555,0,,53205,53217,0,1
TBK-MM,M.P171,5867,5874,0,7186,7193,0,6453,6462,0,7902,7911,0,7211,7221,0,6892,6903,0,6870,6882,0,7225,7237,0,7097,7110,0,7058,7071,0,6507,6520,0,6725,6735,0,,82993,83119,0,1
TBK-MM,M.P172,2631,2627,0.0015203344735842395,2930,2926,0.0013651877133106227,2823,2818,0.0017711654268508514,3255,3249,0.0018433179723502668,2968,2963,0.0016846361185983705,3060,3054,0.0019607843137254832,3012,3007,0.0016600265604249653,3123,3118,0.0016010246557797148,3020,3015,0.0016556291390728006,2885,2882,0.0010398613518197708,2989,2983,0.0020073603211776536,3063,3059,0.0013059092393078453,,35759,35701,0.0016219692944433595,1
TBK-MM,M.P173,2841,2839,0.0007039774727208847,3239,3236,0.0009262117937635095,3083,3079,0.0012974375608173494,3834,3830,0.0010432968179446833,3683,3679,0.0010860711376594612,3618,3615,0.0008291873963516272,5124,5119,0.0009758001561279706,6052,6046,0.000991407799074695,5289,5284,0.0009453582907922309,5215,5210,0.0009587727708533222,5386,5382,0.0007426661715559391,5568,5562,0.0010775862068965747,,52932,52881,0.000963500340058987,1
TBK-MM,M.P174,7796,7804,0,8189,8196,0,7996,8001,0,9645,9650,0,8557,8562,0,8409,8413,0,8234,8238,0,8481,8485,0,7504,7509,0,7077,7081,0,7373,7379,0,7696,7702,0,,96957,97020,0,1
TBK-MM,M.P175,5981,5987,0,6012,6020,0,6123,6131,0,6840,6847,0,5796,5802,0,5540,5546,0,5298,5301,0,5694,5700,0,5373,5377,0,5250,5255,0,5465,5470,0,6159,6167,0,,69531,69603,0,1
TBK-MM,M.P176,3777,3777,0,3789,3789,0,4008,4008,0,4554,4553,0.0002195871761089263,4372,4371,0.00022872827081432678,4137,4137,0,3814,3813,0.0002621919244887305,4745,4745,0,3696,3696,0,4265,4265,0,4159,4159,0,4256,4254,0.00046992481203012026,,49572,49567,0.00010086339062376215,1
TBK-MM,M.P177,4781,4784,0,4844,4848,0,4649,4654,0,5912,5918,0,5435,5439,0,5581,5586,0,5354,5359,0,5584,5588,0,5187,5191,0,5001,5005,0,5113,5116,0,5138,5144,0,,62579,62632,0,1
TBK-MM,M.P178,3417,3422,0,3719,3724,0,3672,3678,0,4378,4383,0,4248,4254,0,4231,4237,0,3966,3970,0,4479,4486,0,4063,4068,0,4040,4046,0,3995,4000,0,4307,4309,0,,48515,48577,0,1
TBK-MM,M.P179,4550,4548,0.0004395604395603936,4402,4399,0.0006815084052703702,3909,3908,0.0002558199027884456,4287,4285,0.0004665267086541025,3502,3501,0.0002855511136493627,2786,2784,0.000717875089734421,3111,3110,0.00032144005143042165,3337,3335,0.0005993407252022909,2768,2768,0,2616,2615,0.0003822629969418845,2798,2797,0.00035739814152968563,4636,4634,0.00043140638481453664,,42702,42684,0.00042152592384436804,1
TBK-MM,M.P180,1044,1045,0,1106,1106,0,1038,1038,0,1247,1249,0,1139,1139,0,1060,1060,0,967,968,0,1298,1299,0,1056,1057,0,1156,1156,0,1203,1204,0,1200,1201,0,,13514,13522,0,1
TBK-MM,M.P181,5569,5566,0.0005386963548212886,6320,6316,0.0006329113924050667,5929,5926,0.0005059875189745711,7099,7095,0.0005634596422031679,6405,6402,0.0004683840749414303,6437,6433,0.000621407487960246,6221,6217,0.0006429834431763704,6469,6466,0.0004637501932291954,6161,6157,0.0006492452523940706,5819,5817,0.0003437016669530779,5616,5613,0.0005341880341880323,5739,5737,0.00034849276877502167,,73784,73745,0.000528569879648666,1
TBK-MM,M.P182,8947,8939,0.0008941544651838162,9526,9515,0.0011547344110854896,9518,9505,0.0013658331582264704,11016,11001,0.0013616557734205115,10323,10310,0.0012593238399689621,9853,9846,0.0007104435197401449,9766,9757,0.0009215646119189458,10614,10604,0.0009421518748822244,10330,10322,0.0007744433688287033,10262,10252,0.0009744689144416396,10288,10280,0.0007776049766718973,9981,9972,0.0009017132551848439,,120424,120303,0.0010047830997143015,1
TBK-MM,M.P183,2233,2235,0,2554,2556,0,2496,2498,0,3014,3017,0,2684,2686,0,2683,2685,0,2522,2524,0,2663,2665,0,2513,2515,0,2478,2480,0,2532,2534,0,2247,2249,0,,30619,30644,0,1
TBK-MM,M.P184,17074,17085,0,18171,18183,0,14791,14802,0,16840,16852,0,15295,15309,0,15240,15254,0,14799,14814,0,15889,15903,0,15979,15995,0,14694,14708,0,14697,14710,0,14945,14955,0,,188414,188570,0,1
TBK-MM,M.P185,3632,3631,0.0002753303964757592,3670,3668,0.0005449591280654031,3385,3384,0.0002954209748892156,3439,3437,0.0005815644082581839,3007,3006,0.00033255736614568043,3026,3024,0.0006609385327164263,3076,3075,0.00032509752925879987,3399,3397,0.0005884083553986397,2870,2869,0.00034843205574908165,2700,2699,0.00037037037037035425,2849,2848,0.0003510003510003301,3788,0,1,,38841,35038,0.09791200020596791,1
TBK-MM,M.P186,7430,7435,0,8103,8108,0,7624,7627,0,8719,8723,0,8279,8283,0,8182,8188,0,8116,8122,0,8975,8981,0,8256,8263,0,8201,8208,0,8602,8609,0,8763,8770,0,,99250,99317,0,1
TBK-MM,M.P187,12754,12765,0,13218,13230,0,12617,12631,0,14258,14273,0,13711,13726,0,13744,13757,0,13727,13741,0,15034,15050,0,14153,14171,0,13820,13833,0,13758,13771,0,14609,14625,0,,165403,165573,0,1
TBK-MM,M.P188,3441,3440,0.00029061319383905104,3619,3618,0.00027631942525563336,3274,3273,0.00030543677458760854,3530,0,1,3379,6866,0,3176,3178,0,3037,3039,0,3685,3688,0,3439,3441,0,3239,3241,0,3366,3368,0,3689,3692,0,,40874,40844,0.0007339629104076151,1
TBK-MM,M.P189,4283,4284,0,4407,4409,0,4156,4159,0,4957,4960,0,4909,4912,0,4640,4643,0,4803,4805,0,5161,5164,0,4665,4667,0,4451,4454,0,5210,5211,0,5156,5159,0,,56798,56827,0,1
TBK-MM,M.P190,5915,5904,0.0018596787827557248,6015,6004,0.0018287614297589627,4608,4598,0.0021701388888888395,5007,4994,0.0025963650888756185,4600,4588,0.00260869565217392,4014,4005,0.0022421524663677195,4449,4438,0.002472465722634265,4719,4709,0.002119093028183916,4384,4374,0.0022810218978102093,4028,4019,0.002234359483614723,4032,4023,0.0022321428571429047,4213,4205,0.0018988844054118603,,55984,55861,0.0021970563018005596,1
TBK-MM,M.P191,0,0,,0,0,,0,0,,0,0,,0,0,,0,0,,0,0,,0,0,,0,0,,0,0,,0,0,,0,0,,,0,0,,0
TBK-MM,M.P192,0,0,,0,0,,0,0,,0,0,,0,0,,0,0,,0,0,,0,0,,0,0,,0,0,,0,0,,0,0,,,0,0,,1
TBK-MM,M.P193,6043,6043,0,4824,4824,0,5166,5164,0.00038714672861017707,5718,5715,0.0005246589716684236,2801,2799,0.000714030703320212,466,468,0,1086,1086,0,1922,1921,0.0005202913631633388,365,367,0,520,520,0,442,443,0,2986,2986,0,,32339,32336,9.27672469773766e-05,1
TBK-MM,M.P194,3429,3429,0,2131,2132,0,1540,1541,0,2319,2319,0,1101,1103,0,681,682,0,559,560,0,625,626,0,482,483,0,591,593,0,475,476,0,1745,1746,0,,15678,15690,0,1
TBK-MM,M.P195,4284,4288,0,5031,5036,0,4728,4732,0,4499,4504,0,4396,4400,0,4059,4063,0,4155,4159,0,4561,4566,0,3915,3919,0,3932,3936,0,4092,4096,0,4792,4798,0,,52444,52497,0,1
TBK-MM,M.P196,1990,1984,0.0030150753768843908,2245,2238,0.003118040089086893,2124,2120,0.0018832391713747842,2983,2976,0.0023466309084814174,2283,2278,0.0021901007446342158,2377,2372,0.0021034917963820288,2512,2504,0.0031847133757961776,2528,2521,0.002768987341772111,2468,2461,0.002836304700162051,2122,2116,0.002827521206409056,2116,2111,0.0023629489603024245,2143,2137,0.002799813345776947,,27891,27818,0.002617331755763508,1
TBK-MM,M.P197,1638,1569,0.042124542124542086,1814,1736,0.04299889746416763,2141,2048,0.043437645959831905,2714,2584,0.04789977892409725,1857,1770,0.04684975767366717,1484,1415,0.046495956873315314,1446,1377,0.047717842323651505,1698,1620,0.04593639575971731,1532,1459,0.047650130548302916,1475,1405,0.0474576271186441,1638,1561,0.047008547008547064,1583,1506,0.04864181933038536,,21020,20050,0.04614652711703138,16
TBK-HQ,MV01,2241,2242,0,3117,3116,0.0003208213025345241,2019,2019,0,2196,2196,0,2555,2554,0.00039138943248528957,2531,2531,0,2318,2318,0,2195,2195,0,2337,2337,0,2472,2472,0,2173,2172,0.00046019328117807845,2069,2070,0,,28223,28222,3.543209439105244e-05,1
TBK-HQ,MV02,88191,88172,0.00021544148495877824,113331,113309,0.00019412164368093343,85625,85610,0.00017518248175185658,104989,104970,0.00018097133985461866,119906,119883,0.0001918169232565381,108085,108069,0.0001480316417634686,108085,108066,0.00017578757459402183,127330,127306,0.00018848660959713825,94344,94331,0.00013779360637666827,89990,89977,0.00014446049561067653,93015,92998,0.00018276622050206193,115407,115381,0.0002252896271456306,,1248298,1248072,0.0001810465129320482,1
TBK-HQ,MV04,0,0,,0,0,,0,0,,0,0,,0,0,,0,0,,0,0,,0,0,,0,0,,0,0,,0,0,,0,0,,,0,0,,0
TBK-HQ,MV05,0,0,,0,0,,0,0,,0,0,,0,0,,0,0,,0,0,,0,0,,0,0,,0,0,,0,0,,0,0,,,0,0,,0
TBK-HQ,MV06,0,0,,0,0,,0,0,,0,0,,0,0,,0,0,,0,0,,0,0,,0,0,,0,0,,0,0,,0,0,,,0,0,,0
TBK-HQ,MV07,161152,165080,0,208808,213489,0,208788,212991,0,232095,236689,0,247045,251851,0,242607,247520,0,236512,241250,0,269248,274520,0,248153,253179,0,253454,258551,0,235917,240840,0,191175,194401,0,,2734954,2790361,0,1
TBK-HQ,MV08,19877,19879,0,24318,24314,0.00016448721111939069,18831,18825,0.0003186235462800946,21142,21128,0.0006621890076624615,20159,20143,0.0007936901632025206,19134,19118,0.0008362077976377114,17395,17381,0.0008048289738430414,19799,19781,0.0009091368250921938,17575,17566,0.0005120910384068811,18824,18816,0.0004249893752655831,18301,18298,0.00016392546855359402,18242,18245,0,,233597,233494,0.000440930320166788,1
TBK-HQ,MV09,38386,38350,0.0009378419215338996,36926,36893,0.0008936792503926316,12917,12910,0.0005419214988000576,7131,7120,0.001542560650680147,9996,9986,0.0010004001600639745,5220,5214,0.0011494252873562871,4533,4528,0.0011030222810500812,5346,5340,0.001122334455667784,3700,3696,0.00108108108108107,5651,5644,0.0012387188108299307,4783,4777,0.0012544428183148826,3744,3738,0.0016025641025640969,,138333,138196,0.000990363832201968,1
TBK-HQ,MV10,38695,38643,0.001343842873756329,39042,39012,0.0007684032580298483,31984,31956,0.0008754377188594509,26629,26607,0.0008261669608321531,38948,38915,0.0008472835575639159,38242,38210,0.0008367763192301814,35385,35355,0.0008478168715557732,31281,31256,0.0007992071864709738,18211,18198,0.000713854263906466,30946,30922,0.0007755444968654546,35315,35290,0.0007079144839303719,35548,35521,0.0007595364014852946,,400226,399885,0.0008520186094856941,1
TBK-HQ,MV11,0,0,,0,0,,0,0,,0,0,,68060,68120,0,137350,137520,0,210130,210440,0,217360,217630,0,195720,196000,0,210420,210710,0,205820,206090,0,207480,207730,0,,1452340,1454240,0,1
TBK-HQ,MV12,1737,1737,0,4296,4293,0.0006983240223463749,13834,13841,0,22461,22462,0,70009,70020,0,117448,117467,0,158067,158085,0,87389,87406,0,164539,164558,0,153402,153413,0,77703,77717,0,25235,25239,0,,896120,896238,0,1
TBK-HQ,MV13,160849,163162,0,169652,172030,0,172748,175205,0,235291,238626,0,200986,203738,0,189276,192053,0,173682,176227,0,196583,199603,0,192428,195372,0,191767,194729,0,180531,183348,0,178380,181134,0,,2242173,2275227,0,1
TBK-HQ,MV14,0,0,,0,0,,0,0,,0,0,,0,0,,0,0,,0,0,,0,0,,0,0,,0,0,,0,0,,0,0,,,0,0,,0
TBK-HQ,MV15,89391,89285,0.001185801702632272,92919,92806,0.0012161129585983588,91604,91499,0.0011462381555390477,102235,102117,0.001154203550643107,78620,78491,0.0016408038667006242,69234,69106,0.0018488026114337197,66833,66707,0.0018852961860158501,80123,80032,0.0011357537785654515,68765,68684,0.0011779248164036638,70896,70812,0.0011848341232227888,68566,68489,0.001123005571274427,86864,86800,0.0007367839381101637,,966050,964828,0.0012649448786294926,1
TBK-HQ,MV16,90868,90930,0,99409,99572,0,91618,91719,0,81713,81821,0,84148,84568,0,87899,88379,0,93714,94522,0,91979,92399,0,77893,78053,0,99676,99791,0,83027,83165,0,80531,80689,0,,1062475,1065608,0,1
TBK-HQ,MV17,295734,295667,0.00022655494464618453,318589,318535,0.00016949737749893945,291931,291881,0.0001712733488392626,353899,353838,0.00017236556192590236,323715,323656,0.00018225908592439666,326374,326310,0.00019609405160947446,302253,302279,0,328948,328826,0.00037087928791179614,323684,333861,0,332139,321853,0.030968961790093896,309762,309696,0.0002130668061285368,311768,311715,0.00016999820379259845,,3818796,3818117,0.00017780473217210435,1
TBK-HQ,MV18,455853,455894,0,508766,508897,0,520813,521010,0,653410,653652,0,556821,556926,0,564342,564614,0,530934,531067,0,581208,581384,0,570828,571120,0,564495,564684,0,513831,514045,0,505693,505827,0,,6526994,6529120,0,1
TBK-HQ,MV19,0,0,,0,0,,0,0,,0,0,,0,0,,0,0,,0,0,,0,0,,0,0,,0,0,,0,0,,0,0,,,0,0,,0
TBK-HQ,MV20,971,970,0.001029866117404743,998,995,0.0030060120240480437,912,909,0.003289473684210509,988,983,0.005060728744939236,975,975,0,994,992,0.002012072434607659,2182,2181,0.00045829514207151867,10275,10292,0,1044,1041,0.002873563218390829,993,989,0.004028197381671705,971,967,0.004119464469618972,733,721,0.016371077762619368,,22036,22015,0.000952986022871638,1
TBK-HQ,MV21,32785,32784,3.0501753850886715e-05,37897,37895,5.27746259598727e-05,24736,24736,0,21022,21024,0,21917,21921,0,43012,43006,0.0001394959546172636,43835,43838,0,21671,21669,9.228923446080728e-05,53324,53322,3.750656364864824e-05,22351,22347,0.00017896290993690833,10716,10717,0,15499,15494,0.0003226014581585446,,348765,348753,3.440712227431586e-05,1
TBK-HQ,MV22,0,0,,0,0,,0,0,,0,0,,0,0,,0,0,,0,0,,0,0,,0,0,,0,0,,0,0,,0,0,,,0,0,,0
TBK-HQ,MV24,0,0,,0,0,,0,0,,0,0,,0,0,,0,0,,0,0,,0,0,,0,0,,1408,1407,0.0007102272727272929,2125,2123,0.0009411764705882231,1751,1749,0.0011422044545973398,,5284,5279,0.0009462528387584879,1
TBK-HQ,MV25,0,0,,0,0,,0,0,,0,0,,0,0,,0,0,,0,0,,0,0,,0,0,,0,0,,12230,12240,0,31420,31430,0,,43650,43670,0,1
TBK-HQ,P001,22495,22507,0,40726,40759,0,31544,31578,0,36982,37004,0,44126,44187,0,26898,26915,0,19099,19039,0.003141525734331685,23906,23846,0.0025098301681586443,23971,23883,0.003671102582286978,25503,25426,0.0030192526369446915,23562,23481,0.003437738731856377,20106,20019,0.0043270665472993075,,338918,338644,0.0008084551425419084,1
TBK-HQ,P002,19319,19356,0,21069,21109,0,20792,20835,0,25574,25624,0,22806,22854,0,22617,22675,0,21562,21622,0,23058,23117,0,22940,22787,0.006669572798605028,22856,23116,0,21575,21609,0,20444,20472,0,,264612,265176,0,1
TBK-HQ,P003,19798,19796,0.00010102030508130078,21250,21251,0,21754,21752,9.193711501331858e-05,25243,25237,0.00023768965653847562,25506,25492,0.0005488904571473441,25483,25477,0.00023545108503708612,24374,24377,0,24985,24987,0,21938,21944,0,23185,23193,0,21506,21515,0,20275,20280,0,,275297,275301,0,1
TBK-HQ,P004,12775,12771,0.00031311154598823165,13582,13576,0.00044176115446914466,13057,13051,0.000459523627173164,15137,15128,0.0005945695976745657,14522,14511,0.0007574714226690205,13602,13592,0.0007351860020585743,12762,12753,0.0007052186177715081,14073,14065,0.0005684644354437829,12629,12622,0.0005542798321324094,13132,13125,0.0005330490405117683,12276,12270,0.0004887585532746819,12039,12035,0.0003322535094276713,,159586,159499,0.0005451606030604239,1
TBK-HQ,P005,12461,12472,0,16076,16086,0,16651,16660,0,19243,19253,0,18451,18463,0,18616,18630,0,17776,17791,0,18981,18995,0,18844,18860,0,18807,18822,0,17579,17594,0,17240,17253,0,,210725,210879,0,1
TBK-HQ,P006,10990,10993,0,11469,11472,0,10495,10495,0,11788,11788,0,9992,9992,0,9394,9397,0,8769,8771,0,11635,11635,0,9702,9704,0,10333,10333,0,9966,9968,0,11388,11388,0,,125921,125936,0,1
TBK-HQ,P007,28999,28912,0.0030001034518432057,31271,31227,0.0014070544594032564,32413,32359,0.0016659982105945437,37962,37893,0.0018176070807649491,9695,9680,0.001547189272821048,0,1,0,218,218,0,407,407,0,6019,6011,0.0013291244392755752,2075,2072,0.0014457831325300763,103,106,0,89,91,0,,149251,148977,0.0018358335957547878,1
TBK-HQ,P008,27823,27885,0,29860,29926,0,27369,27429,0,30092,30154,0,27572,27629,0,21121,21161,0,0,0,,0,0,,0,0,,0,0,,0,0,,0,0,,,163837,164184,0,0
TBK-HQ,P009,17301,17278,0.001329402924686418,18863,18836,0.0014313735885066459,18987,18961,0.001369357981776953,20793,20761,0.0015389794642427512,5574,5566,0.0014352350197345265,1,1,0,0,0,,0,0,,0,0,,0,0,,0,0,,0,0,,,81519,81403,0.0014229811454997687,0
TBK-HQ,P010,10975,10996,0,11875,11898,0,11552,11578,0,13935,13967,0,13321,13352,0,13584,13621,0,12988,13023,0,14350,14390,0,14586,14627,0,14517,14555,0,14393,14429,0,13642,13674,0,,159718,160110,0,1
TBK-HQ,P011,23370,23388,0,24368,24395,0,24254,24281,0,27763,27783,0,26801,26820,0,21034,21053,0,0,0,,0,0,,0,0,,0,0,,0,0,,0,0,,,147590,147720,0,0
TBK-HQ,P012,33014,33017,0,37991,37992,0,39524,39514,0.0002530108288634203,36900,36900,0,46023,46027,0,27082,27083,0,0,0,,0,0,,0,0,,0,0,,0,0,,0,0,,,220534,220533,4.534448203030728e-06,0
TBK-HQ,P013,9333,9330,0.00032144005143042165,10728,10721,0.0006524981357196591,10661,10651,0.0009379983116030166,11970,11959,0.0009189640768587637,11647,11633,0.001202026272859924,6117,6111,0.0009808729769494873,0,0,,0,0,,0,0,,0,0,,0,0,,0,0,,,60456,60405,0.0008435887256847963,0
TBK-HQ,P014,12261,12266,0,13733,13740,0,13940,13950,0,16120,16131,0,5707,5712,0,1,1,0,0,0,,0,0,,0,0,,0,0,,0,0,,0,0,,,61762,61800,0,0
TBK-HQ,P015,21545,21546,0,23709,23710,0,23862,23866,0,28733,28735,0,9871,9872,0,0,0,,0,0,,0,0,,0,0,,0,0,,0,0,,0,0,,,107720,107729,0,0
TBK-HQ,P016,4975,4976,0,5573,5573,0,5432,5431,0.00018409425625920406,0,0,,3869,11697,0,6136,6127,0.0014667535853976066,5437,5430,0.0012874747103182038,5868,5862,0.0010224948875255935,6156,6149,0.001137102014294955,6273,6261,0.0019129603060736855,5967,5965,0.00033517680576500286,5705,5701,0.0007011393514461117,,61391,69172,0,1
TBK-HQ,P017,15360,15454,0,16120,16216,0,15413,15500,0,18761,18865,0,17289,17387,0,17792,17889,0,17104,17190,0,18464,18572,0,18232,18329,0,18971,19081,0,17880,17984,0,17137,17243,0,,208523,209710,0,1
TBK-HQ,P018,6072,6090,0,6810,6831,0,6546,6564,0,7455,7479,0,6969,6990,0,7140,7164,0,6507,6531,0,6735,6759,0,6588,6612,0,6270,6291,0,6018,6039,0,5940,5958,0,,79050,79308,0,1
TBK-HQ,P019,14137,14156,0,15121,15143,0,14262,14284,0,17277,17306,0,16251,16277,0,16030,16056,0,14967,14992,0,15703,15729,0,15171,15196,0,16200,16227,0,15214,15238,0,14807,14829,0,,185140,185433,0,1
TBK-HQ,P020,31618,31642,0,34098,34126,0,32910,27941,0.1509875417806138,39083,44121,0,35594,35627,0,35494,35527,0,33131,33161,0,36079,36112,0,34955,34988,0,36228,36264,0,33875,33907,0,33466,33497,0,,416531,416913,0,1
TBK-HQ,P021,1367,1367,0,1476,1475,0.0006775067750677266,1367,1367,0,1677,1676,0.0005963029218842841,1664,1663,0.0006009615384615641,1678,1677,0.0005959475566150729,1827,1825,0.0010946907498631253,1921,1920,0.0005205622071837723,1961,1960,0.0005099439061703182,2053,2051,0.00097418412079886,1964,1963,0.0005091649694500822,2203,2202,0.00045392646391284597,,21158,21146,0.0005671613574061984,1
TBK-HQ,P022,629,630,0,653,654,0,434,435,0,556,557,0,565,566,0,879,880,0,656,657,0,688,689,0,694,695,0,662,663,0,747,748,0,611,612,0,,7774,7786,0,1
TBK-HQ,P023,10236,10234,0.00019538882375924604,10892,10889,0.0002754315093647097,11136,11134,0.0001795977011493921,12664,12661,0.00023689197725840216,11314,11311,0.0002651582110659856,10590,10588,0.00018885741265339817,9931,9930,0.00010069479407914805,10602,10600,0.00018864365214110723,10433,10431,0.0001916994153168261,10736,10735,9.314456035769414e-05,10090,10087,0.00029732408325078286,9552,9550,0.00020938023450589593,,128176,128150,0.00020284608663090342,1
TBK-HQ,P024,2603,2603,0,3027,3007,0.006607201850016509,3255,3276,0,3733,3735,0,2992,2993,0,2918,2919,0,2691,2689,0.0007432181345224942,2908,2910,0,2727,2727,0,2901,2902,0,2784,2785,0,2809,2810,0,,35348,35356,0,1
TBK-HQ,P025,9830,9840,0,10514,10527,0,10383,10399,0,12492,12512,0,11142,11159,0,10800,10816,0,9917,9931,0,11226,11242,0,10992,11007,0,10523,10539,0,10275,10288,0,10090,10107,0,,128184,128367,0,1
TBK-HQ,P026,8332,8341,0,9750,9761,0,9400,9410,0,11550,11562,0,10775,10785,0,11153,11164,0,10532,10542,0,10981,10993,0,9955,9964,0,10883,10895,0,9784,9794,0,9675,9685,0,,122770,122896,0,1
TBK-HQ,P027,9278,9279,0,10901,10906,0,12111,12110,8.25695648584146e-05,13873,13878,0,12959,12961,0,13327,13332,0,11926,11930,0,12448,12452,0,11251,11254,0,11923,11924,0,10911,10911,0,10681,10682,0,,141589,141619,0,1
TBK-HQ,P028,7905,7910,0,8621,8626,0,8880,8885,0,9816,9823,0,8922,8928,0,8853,8859,0,8499,8506,0,8550,8555,0,7302,7306,0,8072,8077,0,7739,7746,0,7733,7739,0,,100892,100960,0,1
TBK-HQ,P029,10084,10092,0,11020,11029,0,11266,11276,0,12773,12783,0,11538,11547,0,12331,12340,0,11440,11448,0,11911,11921,0,11704,11711,0,12297,12308,0,11941,11948,0,11589,11598,0,,139894,140001,0,1
TBK-CK,P02B,0,0,,0,0,,0,0,,0,0,,0,0,,0,0,,0,0,,0,0,,0,0,,0,0,,0,0,,0,0,,,0,0,,0
TBK-HQ,P030,5648,5648,0,5664,5663,0.00017655367231639296,5824,5824,0,6816,6815,0.0001467136150234971,6295,6294,0.000158856235107252,6559,6561,0,5871,5872,0,6347,6348,0,5816,5818,0,5881,5883,0,5455,5456,0,5410,5411,0,,71586,71593,0,1
TBK-HQ,P031,6960,6959,0.0001436781609195359,7109,7106,0.0004220002813335455,7230,7229,0.00013831258644536604,7934,7932,0.0002520796571716666,7944,7944,0,8002,8001,0.00012496875781053962,7596,7594,0.0002632964718273234,8209,8209,0,7616,7615,0.0001313025210084584,8089,8088,0.00012362467548521217,7495,7494,0.00013342228152102287,7726,7723,0.000388299249288071,,91910,91894,0.00017408334240021084,1
TBK-HQ,P032,7197,7202,0,7779,7784,0,7573,7577,0,9358,9364,0,8604,8611,0,8736,8741,0,8546,8551,0,9121,9127,0,9403,9408,0,9638,9645,0,8715,8721,0,8349,8354,0,,103019,103085,0,1
TBK-HQ,P033,8858,8864,0,9265,9273,0,9367,9377,0,11152,11168,0,10027,10043,0,10359,10377,0,10101,10117,0,10909,10923,0,10761,10775,0,11562,11577,0,11162,11174,0,9871,9877,0,,123394,123545,0,1
TBK-HQ,P034,6295,6302,0,5846,5852,0,5048,5054,0,5972,5979,0,4946,4952,0,5119,5124,0,5174,5180,0,5820,5827,0,4937,4943,0,5176,5181,0,4812,4818,0,4699,4704,0,,63844,63916,0,1
TBK-HQ,P035,20817,20774,0.002065619445645428,22623,22580,0.0019007205056800203,21666,21631,0.0016154343210560418,26479,26440,0.0014728652894746563,23647,23615,0.0013532371971074486,22155,22124,0.001399232678853557,20903,20874,0.0013873606659331461,22966,22931,0.0015239919881564479,22521,22484,0.0016429110607877329,22638,22598,0.0017669405424507456,21300,21261,0.001830985915492911,20900,20856,0.002105263157894721,,268615,268168,0.0016640917297991997,1
TBK-HQ,P036,7254,7251,0.00041356492969391034,7800,7797,0.00038461538461542766,7212,7212,0,8028,8025,0.00037369207772797175,7713,7707,0.000777907429015956,7782,7779,0.00038550501156520145,7596,7593,0.0003949447077409296,8160,8157,0.0003676470588235281,7794,7791,0.00038491147036179285,7917,7914,0.00037893141341416303,7746,7743,0.0003872966692486379,7710,7707,0.00038910505836575737,,92712,92676,0.000388299249288071,1
TBK-HQ,P037,13949,13953,0,14993,14997,0,14657,14662,0,17617,17621,0,16035,16040,0,16100,16104,0,16031,16035,0,17132,17133,0,15759,15758,6.345580303324105e-05,16996,16995,5.88373734996539e-05,15813,15813,0,15277,15279,0,,190359,190390,0,1
TBK-HQ,P038,8938,8851,0.009733721190422928,7391,7318,0.009876877283182206,7675,7597,0.010162866449511365,8403,8318,0.010115434963703485,8185,8102,0.010140500916310358,8188,8105,0.010136785539814341,7713,7636,0.009983145339037991,8402,8315,0.010354677457748207,8015,7936,0.009856519026824717,8254,8172,0.00993457717470314,7398,7324,0.010002703433360405,7115,7046,0.009697821503865112,,95677,94720,0.010002403921527625,1
TBK-HQ,P039,5658,5661,0,6058,6061,0,5673,5678,0,6471,6477,0,6013,6019,0,5471,5475,0,5311,5317,0,6100,6105,0,5550,5554,0,5840,5844,0,5535,5539,0,5804,5807,0,,69484,69537,0,1
TBK-CK,P03B,0,0,,0,0,,0,0,,0,0,,0,0,,0,0,,0,0,,0,0,,0,0,,0,0,,0,0,,0,0,,,0,0,,0
TBK-HQ,P040,4674,4680,0,4942,4647,0.0596924322136787,4821,5125,0,5258,5262,0,4681,4685,0,5202,5207,0,5084,5089,0,5611,5617,0,4997,5004,0,5183,5188,0,4640,4647,0,4612,4618,0,,59705,59769,0,1
TBK-HQ,P041,11049,11034,0.001357588922074382,11247,11235,0.0010669511869831894,11082,11064,0.0016242555495398214,12615,12597,0.0014268727705113449,8163,8150,0.001592551757932159,3998,3990,0.002001000500250094,4002,3994,0.001999000499750103,4353,4345,0.0018378130025269446,4006,4000,0.0014977533699450651,4082,4076,0.0014698677119059367,3978,3973,0.0012569130216188995,3847,3842,0.0012997140629061876,,82422,82300,0.0014801873286258704,1
TBK-HQ,P042,7763,7776,0,8115,8130,0,8195,8212,0,9483,9501,0,8728,8745,0,8943,8959,0,8277,8291,0,8880,8896,0,8314,8327,0,8694,8709,0,8348,8362,0,8436,8451,0,,102176,102359,0,1
TBK-HQ,P043,7559,7550,0.001190633681703912,7616,7607,0.0011817226890756816,7055,7045,0.0014174344436569397,8092,8080,0.0014829461196242955,6919,6906,0.0018788842318253618,7021,7008,0.0018515880928642314,6674,6661,0.0019478573569073898,7267,7255,0.0016513003990642483,6795,6782,0.0019131714495952412,7350,7338,0.0016326530612245094,7107,7095,0.0016884761502743428,7185,7176,0.0012526096033402823,,86640,86503,0.001581255771006429,1
TBK-HQ,P044,11604,11628,0,12176,12196,0,11464,11492,0,13368,13396,0,12516,12544,0,12624,12656,0,11592,11616,0,12444,12472,0,12656,12684,0,12776,12808,0,12188,12212,0,12244,12272,0,,147652,147976,0,1
TBK-HQ,P045,7544,7552,0,8032,8048,0,7492,7504,0,8920,8932,0,8660,8668,0,8860,8876,0,8356,8368,0,9120,9132,0,9180,9196,0,9376,9388,0,8380,8392,0,8188,8204,0,,102108,102260,0,1
TBK-HQ,P046,7399,7395,0.0005406135964319825,8041,8036,0.0006218132073124716,7204,7201,0.00041643531371460263,8556,8551,0.000584385226741424,8014,8009,0.000623908160718778,8439,8434,0.000592487261523833,7851,7846,0.0006368615462998273,8516,8511,0.000587130108031908,8560,8555,0.0005841121495326895,8719,8714,0.0005734602592040172,8341,8336,0.0005994485073732569,8228,8232,0,,97868,97820,0.0004904565332897182,1
TBK-HQ,P047,33775,33734,0.0012139156180607236,32091,32062,0.0009036801595463384,26595,26569,0.0009776273735664365,36143,36073,0.001936751238137413,27682,27669,0.00046961924716426573,25673,25660,0.0005063685584076882,17218,17202,0.0009292600766639403,16743,16717,0.001552887773995093,11646,11601,0.003863987635239541,9845,9806,0.003961401726764846,20222,20183,0.0019285926218969296,14006,14010,0,,271639,271286,0.0012995188467046503,1
TBK-HQ,P048,13649,12929,0.05275111729797055,17714,17128,0.03308117872868921,17067,16481,0.03433526688931854,19671,19045,0.03182349651771643,20045,19356,0.0343726615115989,19322,18694,0.03250181140668673,17722,16388,0.07527367114321182,19627,18197,0.07285881693585372,17504,18859,0,16052,15866,0.011587341141290786,16560,16361,0.012016908212560407,15301,15524,0,,210234,204828,0.025714204172493482,15
TBK-HQ,P049,2476,2386,0.03634894991922455,2876,2778,0.034075104311543813,2552,2464,0.03448275862068961,3140,3029,0.03535031847133763,2700,2613,0.03222222222222226,2560,2481,0.030859375000000022,2284,2212,0.031523642732048995,2552,2476,0.029780564263322873,2636,2555,0.03072837632776937,2420,2344,0.031404958677686,2756,2663,0.03374455732946302,2128,2068,0.02819548872180455,,31080,30069,0.03252895752895757,18
TBK-HQ,P050,0,0,,0,0,,0,0,,0,0,,0,0,,0,0,,0,0,,0,0,,0,0,,0,0,,0,0,,0,0,,,0,0,,0
TBK-HQ,P051,835,837,0,787,787,0,788,790,0,875,875,0,822,822,0,849,851,0,876,877,0,944,945,0,994,994,0,1017,1018,0,897,898,0,851,851,0,,10535,10545,0,1
TBK-HQ,P052,5015,5016,0,5791,5794,0,6363,6366,0,7270,7273,0,6621,6624,0,6614,6618,0,6147,6149,0,6562,6566,0,6024,6026,0,6329,6333,0,5716,5718,0,5345,5347,0,,73797,73830,0,1
TBK-HQ,P053,14771,14760,0.0007447024575181205,16795,16776,0.0011312890741291826,16136,16127,0.0005577590480911887,19510,19489,0.001076371091747852,18081,18060,0.0011614401858304202,18090,18069,0.0011608623548922115,17275,17255,0.0011577424023154759,17579,17558,0.0011946072017748888,17470,17451,0.0010875787063537867,17517,17496,0.0011988354170234805,15943,15926,0.0010662986890798143,15571,15556,0.0009633292659431136,,204738,204523,0.001050122595707692,1
TBK-HQ,P054,6552,6558,0,7123,7129,0,6940,6946,0,8247,8257,0,7323,7332,0,7244,7251,0,7188,7194,0,7880,7888,0,7061,7071,0,7433,7436,0,7151,7157,0,7057,7063,0,,87199,87282,0,1
TBK-HQ,P055,20121,20095,0.0012921822971024843,22097,22067,0.001357650359777307,21265,21235,0.001410768869033574,26620,26586,0.0012772351615326638,24148,24115,0.0013665728010601175,23566,23540,0.0011032843927692992,23091,23062,0.0012559005673206114,24446,24418,0.001145381657530864,23979,23952,0.0011259852370824053,24522,24496,0.0010602724084495252,23321,23300,0.0009004759658676198,23193,23167,0.001121027896348048,,280369,280033,0.001198420652782528,1
TBK-HQ,P056,1780,1677,0.057865168539325884,2248,2113,0.06005338078291811,2025,1895,0.06419753086419755,2426,2269,0.06471558120362741,2705,2535,0.06284658040665436,2618,2364,0.09702062643239118,3188,3109,0.024780426599749106,3653,3422,0.06323569668765394,3690,3474,0.05853658536585371,3564,3358,0.05780022446689115,4013,3786,0.056566159980064756,4494,4237,0.057187360925678665,,36404,34239,0.05947148664981872,7
TBK-HQ,P057,6037,6034,0.0004969355640218609,6377,6373,0.0006272541947623944,6062,6058,0.0006598482349059465,7439,7435,0.0005377066810055009,7053,7048,0.0007089181908407349,6989,6984,0.000715409929889832,6536,6531,0.0007649938800489142,7187,7182,0.0006957005704745223,7284,7222,0.008511806699615598,7145,7196,0,6341,6337,0.000630815328812484,6037,6034,0.0004969355640218609,,80487,80434,0.0006584914333991332,1
TBK-HQ,P058,5667,5663,0.0007058408328921573,6534,6529,0.0007652280379553122,6705,6701,0.0005965697240865042,7531,7527,0.0005311379630859037,7954,7949,0.0006286145335679949,7870,7869,0.00012706480304958134,7484,7482,0.00026723677177975524,7555,7553,0.0002647253474520328,6704,6704,0,6976,6974,0.00028669724770646887,6393,6391,0.00031284217112470536,6067,6066,0.00016482610845558465,,83440,83408,0.0003835091083412845,1
TBK-HQ,P059,27865,27848,0.0006100843351874996,29674,29652,0.0007413897688212101,28553,28529,0.0008405421496865406,36012,35981,0.0008608241697212193,32547,32520,0.0008295695455802221,34422,34394,0.000813433269420738,32876,32851,0.0007604331427181199,34980,34953,0.0007718696397941427,34630,34608,0.0006352873231302292,35326,35302,0.0006793862877201295,34571,34543,0.0008099273957941078,21805,21793,0.000550332492547545,,383261,382974,0.0007488369544513818,0
TBK-HQ,P060,15399,15387,0.0007792713812585506,16510,16495,0.0009085402786189745,16264,16252,0.0007378258730939002,20152,20135,0.0008435887256847963,17628,17613,0.0008509189925118843,17362,17349,0.0007487616634028749,16493,16479,0.0008488449645304152,18264,18250,0.0007665352606219811,19097,19086,0.0005760067026234772,18384,18373,0.0005983463881635842,18473,18465,0.00043306447247337676,11839,11832,0.000591266154235992,,205865,205716,0.000723775289631523,0
TBK-HQ,P061,326,327,0,459,461,0,461,462,0,612,614,0,611,612,0,566,568,0,474,475,0,527,528,0,472,474,0,560,562,0,609,610,0,735,737,0,,6412,6430,0,1
TBK-HQ,P062,5615,5609,0.0010685663401602818,6227,6218,0.0014453187730849582,6380,6370,0.0015673981191222097,8343,8330,0.0015581924967038585,8202,8190,0.001463057790782707,5560,5552,0.0014388489208633226,0,0,,0,0,,0,0,,0,0,,0,0,,0,0,,,40327,40269,0.0014382423686364332,0
TBK-HQ,P063,7923,7937,0,8758,8775,0,9050,9067,0,10412,10433,0,10143,10164,0,11603,11625,0,10384,10405,0,10807,10829,0,10321,10341,0,10642,10662,0,9815,9834,0,9627,9644,0,,119485,119716,0,1
TBK-HQ,P064,1092,1088,0.00366300366300365,1368,1368,0,1484,1480,0.0026954177897574594,1664,1664,0,1464,1456,0.005464480874316946,1424,1420,0.002808988764044895,1308,1312,0,1384,1380,0.0028901734104046506,1240,1236,0.003225806451612856,1300,1296,0.003076923076923088,1280,1280,0,1252,1252,0,,16260,16232,0.0017220172201721784,1
TBK-HQ,P065,5245,5242,0.0005719733079122546,5912,5906,0.0010148849797022574,5886,5879,0.0011892626571525788,6673,6665,0.0011988610819720913,6430,6423,0.0010886469673405674,6409,6401,0.001248244655952524,6211,6204,0.0011270326839478706,6498,6490,0.001231148045552466,6096,6089,0.0011482939632545541,6239,6232,0.0011219746754287385,5700,5694,0.001052631578947416,5840,5836,0.00068493150684934,,73139,73061,0.0010664624892328112,1
TBK-HQ,P066,7043,7053,0,7712,7723,0,7571,7584,0,9406,9423,0,8919,8936,0,8886,8902,0,8557,8433,0.014491059950917373,9265,9421,0,9222,9240,0,9773,9791,0,9251,9268,0,8826,8841,0,,104431,104615,0,1
TBK-HQ,P067,3084,3084,0,2997,2997,0,2628,2634,0,2922,2925,0,2895,2898,0,2814,2814,0,2790,2793,0,2676,2676,0,2430,2433,0,2565,2568,0,2499,2502,0,2532,2535,0,,32832,32859,0,1
TBK-HQ,P068,6399,6399,0,6477,6480,0,6015,6015,0,7011,7014,0,6426,6423,0.00046685340802987696,6153,6156,0,5814,5811,0.0005159958720329927,6678,6681,0,6387,6387,0,6975,6975,0,6762,6765,0,7011,7011,0,,78108,78117,0,1
TBK-HQ,P069,71025,70888,0.0019288982752552197,77381,77215,0.0021452294490895696,76797,76614,0.002382905582249295,90526,90298,0.0025186134370236424,86169,85945,0.0025995427589968756,87955,87735,0.0025012790631573356,84189,83987,0.002399363337253102,90434,90210,0.002476944512019852,84587,84383,0.0024117181127123466,89016,88794,0.0024939336748449614,81429,81233,0.002407004875412899,80408,80204,0.002537060988956341,,999916,997506,0.002410202457006405,1
TBK-HQ,P070,2166,2167,0,2434,2435,0,2058,2059,0,2502,2500,0.0007993605115906854,2800,2803,0,2850,2851,0,3026,3027,0,3082,3092,0,3008,3000,0.0026595744680850686,2907,2902,0.0017199862401100496,2656,2662,0,2792,2795,0,,32281,32293,0,1
TBK-HQ,P071,7820,7832,0,7800,7812,0,7184,7192,0,8632,8644,0,7280,7288,0,7388,7404,0,7092,7104,0,8412,8404,0.0009510223490252212,8108,8148,0,7688,7700,0,7548,7564,0,8260,8272,0,,93212,93364,0,1
TBK-HQ,P072,2256,2256,0,1803,1806,0,1935,1938,0,5613,5619,0,5973,5979,0,4386,4392,0,3933,3939,0,4293,4311,0,4938,4932,0.0012150668286755595,4605,4614,0,4407,4413,0,4380,4383,0,,48522,48582,0,1
TBK-HQ,P073,3272,3272,0,3624,3624,0,3196,3200,0,3808,3812,0,3484,3484,0,3432,3432,0,3212,3212,0,3932,3936,0,3568,3568,0,3532,3532,0,3380,3364,0.004733727810650845,3656,3680,0,,42096,42116,0,1
TBK-HQ,P074,684,688,0,516,521,0,484,487,0,1065,1069,0,2565,2571,0,435,440,0,782,786,0,450,454,0,2474,2460,0.0056588520614390125,3608,3582,0.007206208425720617,2577,2557,0.007760962359332546,3278,3254,0.007321537522879784,,18918,18869,0.0025901258061106214,1
TBK-HQ,P075,1417,1418,0,1698,1699,0,1745,1745,0,2091,2091,0,1919,1919,0,1442,1444,0,425,425,0,0,0,,0,0,,0,0,,0,0,,0,0,,,10737,10741,0,0
TBK-HQ,P076,3776,3920,0,4204,4368,0,3928,4088,0,4628,4808,0,4296,4468,0,4504,4676,0,4208,4376,0,4492,4656,0,4440,4600,0,4568,4736,0,4376,4532,0,4448,4596,0,,51868,53824,0,1
TBK-HQ,P077,5869,5702,0.028454591923666728,7662,7572,0.011746280344557603,8085,8001,0.010389610389610393,8477,8403,0.008729503362038482,9831,9715,0.01179941002949858,8704,8615,0.010225183823529438,7811,7702,0.01395467929842531,10872,10753,0.010945548197203836,7644,7552,0.012035583464154898,7214,7137,0.01067369004713059,6140,6082,0.00944625407166122,6683,6743,0,,94992,93977,0.010685110325080016,7
TBK-HQ,P078,18875,16876,0.10590728476821187,25988,25555,0.016661536093581675,27786,27051,0.026452170157633348,31158,30555,0.01935297515886769,37864,36907,0.025274667230086645,35030,34191,0.023950899229232103,31850,31126,0.022731554160125622,34768,33857,0.02620225494707773,29481,28831,0.022048098775482528,28586,27877,0.02480235080109139,28337,27763,0.02025620213854673,25636,24689,0.036940240287096304,,355359,345278,0.02836849495861926,54
TBK-HQ,P079,12351,12351,0,13135,13134,7.613247049864658e-05,12795,12794,7.815552950374283e-05,15935,15931,0.0002510197678067261,14426,14424,0.00013863856925000473,14346,14343,0.0002091175240485077,13662,13657,0.0003659786268481735,14639,14630,0.0006147960926292662,14305,14299,0.00041943376441799796,14631,14624,0.00047843619711573915,13742,13736,0.0004366176684617029,13647,13644,0.00021982853374369338,,167614,167567,0.0002804061713221895,1
TBK-HQ,P080,10603,10285,0.0299915118362728,14749,14368,0.025832259814224656,16648,15860,0.04733301297453152,19174,18882,0.015228955877751083,20472,20120,0.01719421649081676,18608,18034,0.03084694754944106,14977,14886,0.006075983174200439,17594,17126,0.02659997726497665,16052,16053,0,15420,14562,0.055642023346303526,16310,15969,0.020907418761496044,16316,15875,0.027028683500858075,,196923,192020,0.024898056600803353,35
TBK-HQ,P081,59358,59432,0,65097,65177,0,66671,66755,0,74448,74546,0,71395,71495,0,72909,73020,0,65236,65344,0,69098,69201,0,60893,60993,0,65844,65952,0,65073,65181,0,65538,65639,0,,801560,802735,0,1
TBK-HQ,P082,19754,19097,0.03325908676723699,25545,24615,0.036406341749853244,26557,25508,0.039499943517716574,28491,27353,0.03994243796286545,31497,30263,0.03917833444455032,29935,28788,0.03831635209620843,26863,25956,0.033763913189144956,31703,30506,0.03775667917862657,24518,23607,0.03715637490823065,24682,23778,0.03662588120897825,25292,24382,0.03597975644472562,22596,21782,0.036024075057532357,,317433,305635,0.03716689821159114,295
TBK-HQ,P083,7560,7592,0,9461,9338,0.01300073987950534,8921,8805,0.013003026566528408,9499,9386,0.01189598905147915,9894,9771,0.012431776834445074,6709,6638,0.01058279922492178,5663,5605,0.01024192124315737,8764,8606,0.01802829758101321,9094,8889,0.022542335605894026,8479,8315,0.019341903526359228,9574,9361,0.02224775433465631,8352,8098,0.030411877394636022,,101970,100404,0.015357458075904717,19
TBK-HQ,P084,7686,10677,0,9413,9072,0.03622649527249544,8922,8550,0.04169468728984538,9024,8642,0.0423315602836879,9968,9544,0.042536115569823396,8739,8410,0.03764732806957316,8221,7929,0.035518793334144316,10277,9891,0.037559599104797114,8309,8010,0.035985076423155626,7374,7122,0.03417412530512609,8247,7961,0.034679277312962276,7014,6726,0.04106073567151414,,103194,102534,0.006395720681435013,25
TBK-HQ,P085,536,531,0.009328358208955279,725,719,0.008275862068965467,639,632,0.010954616588419452,773,763,0.012936610608020649,757,750,0.009247027741083214,694,688,0.008645533141210415,621,612,0.01449275362318836,732,724,0.010928961748633892,730,718,0.016438356164383605,590,583,0.011864406779661052,657,648,0.013698630136986356,590,582,0.013559322033898313,,8044,7950,0.011685728493286973,8
TBK-HQ,P086,8437,7922,0.061040654260993255,14266,13389,0.061474835272676276,8006,7395,0.07631776167874094,12010,6740,0.4388009991673605,16197,19208,0,11322,10347,0.0861155272919979,13232,12632,0.04534461910519949,11958,11408,0.04599431343033955,9699,9214,0.050005155170636195,11661,11143,0.044421576194151435,18872,17898,0.05161085205595595,13482,12784,0.051772734015724686,,149142,140080,0.060760885598959424,17
TBK-HQ,P087,1991,1985,0.0030135610246107003,2960,2948,0.004054054054054013,3389,3381,0.0023605783416936754,3244,3235,0.0027743526510480843,3094,3089,0.001616031027795728,3215,3206,0.002799377916018697,1283,2516,0,1016,2926,0,2522,2509,0.005154639175257714,2463,2455,0.0032480714575721104,2369,2359,0.004221190375685913,2670,2658,0.004494382022471877,,30216,33267,0,10
TBK-HQ,P088,17082,17096,0,18172,18187,0,16704,16717,0,17327,17335,0,15875,15879,0,15739,15741,0,15006,15006,0,6815,6825,0,27022,27019,0.00011102064984092053,16134,16135,0,15161,15164,0,15500,15504,0,,196537,196608,0,1
TBK-HQ,P089,1475,1477,0,1503,1503,0,1276,1277,0,1826,1827,0,1597,1599,0,1792,1794,0,1684,1685,0,1771,1772,0,1918,1919,0,2003,2005,0,1924,1925,0,1758,1759,0,,20527,20542,0,1
TBK-HQ,P090,5789,5794,0,6129,6136,0,6065,6072,0,8008,8018,0,7033,7042,0,7524,7534,0,6910,6873,0.005354558610709104,7231,7239,0,7436,7445,0,7305,7313,0,7469,7476,0,6070,6076,0,,82969,83018,0,1
TBK-HQ,P091,2235,2236,0,2309,2310,0,2115,2115,0,2541,2541,0,2662,2663,0,2691,2692,0,2805,2805,0,2867,2868,0,2784,2784,0,2958,2960,0,2708,2708,0,2535,2537,0,,31210,31219,0,1
TBK-HQ,P092,5372,5265,0.01991809381980636,6386,6252,0.020983401190103335,6417,6272,0.0225962287673368,6538,6398,0.021413276231263434,7798,7621,0.02269812772505775,7653,7483,0.022213511041421663,6546,6414,0.02016498625114571,7033,5783,0.17773354187402246,5194,7088,0,4398,4323,0.017053206002728527,6162,6035,0.020610191496267416,6056,5926,0.021466314398943198,,75553,74860,0.00917236906542429,12
TBK-HQ,P093,2044,2046,0,2302,2305,0,2432,2434,0,2769,2731,0.013723365836041945,2685,2727,0,2394,2396,0,2276,2271,0.002196836555360293,2633,2641,0,2565,2566,0,2371,2373,0,2246,2248,0,2265,2266,0,,28982,29004,0,1
TBK-HQ,P094,2995,2994,0.00033388981636062187,3209,3207,0.0006232471174820731,3213,3212,0.0003112356053532883,3829,3827,0.0005223295899712266,3010,3007,0.0009966777408637606,3401,3399,0.0005880623346075087,2743,2742,0.00036456434560705464,3418,3415,0.0008777062609712782,3281,3279,0.0006095702529717029,2802,2799,0.0010706638115631772,2836,2834,0.0007052186177715081,3093,3091,0.0006466214031684014,,37830,37806,0.0006344171292624878,1
TBK-HQ,P095,442,443,0,745,746,0,627,629,0,680,681,0,424,426,0,333,334,0,349,349,0,447,444,0.006711409395973145,381,386,0,484,485,0,414,415,0,356,357,0,,5682,5695,0,1
TBK-HQ,P096,3248,3245,0.000923645320197064,3400,3398,0.0005882352941176672,3416,3417,0,4292,4289,0.0006989748369058413,3685,3684,0.00027137042062419514,3584,3580,0.0011160714285713969,3343,3342,0.00029913251570445887,3610,3607,0.0008310249307479367,3716,3714,0.0005382131324004336,3723,3721,0.0005372011818426392,3779,3778,0.0002646202699126965,3607,3605,0.0005544774050457724,,43403,43380,0.0005299172868235003,1
TBK-HQ,P097,17229,17217,0.0006965000870624571,18084,18081,0.00016589250165888192,17587,17588,0,19562,19570,0,19054,19062,0,18015,18024,0,17304,17312,0,18196,18208,0,17541,17548,0,17784,17793,0,17219,17230,0,18351,18355,0,,215926,215988,0,1
TBK-HQ,P098,430,435,0,569,575,0,588,589,0,531,535,0,1198,1192,0.005008347245408995,873,872,0.001145475372279492,654,656,0,383,390,0,199,211,0,129,128,0.007751937984496138,125,127,0,133,135,0,,5812,5845,0,4
TBK-CK,P099,0,0,,0,0,,0,0,,0,0,,0,0,,0,0,,0,0,,0,0,,0,0,,0,0,,0,0,,0,0,,,0,0,,0
TBK-HQ,P099,7175,6491,0.09533101045296166,8994,8507,0.05414720925061156,8605,8104,0.058221963974433466,9236,8686,0.05954958856647896,11722,10931,0.06747995222658254,11043,10335,0.06411301276826953,9997,9369,0.06281884565369611,11658,10852,0.06913707325441754,10372,9623,0.07221365214037789,10270,9527,0.07234664070107111,11920,11095,0.06921140939597314,9959,9730,0.022994276533788494,,120951,113250,0.06367041198501877,18
TBK-HQ,P100,2054,2058,0,2056,2058,0,2018,2000,0.008919722497522264,2478,2498,0,2258,2260,0,2328,2330,0,2152,2154,0,2346,2340,0.002557544757033292,2538,2548,0,2446,2448,0,2384,2386,0,2298,2300,0,,27356,27380,0,1
TBK-HQ,P101,2259,2262,0,2494,2497,0,2830,2829,0.00035335689045934426,3416,3417,0,2799,2800,0,3199,3201,0,2577,2578,0,9399,9398,0.00010639429726566618,10155,10157,0,11044,11046,0,12650,12656,0,12111,12117,0,,74933,74958,0,1
TBK-HQ,P102,5687,5681,0.0010550378055214082,6396,6391,0.0007817385866166759,6138,6133,0.0008145975887910994,7761,7755,0.0007730962504831629,6805,6799,0.0008817046289493202,6226,6221,0.000803083841953045,6214,6209,0.0008046346958481276,6580,6579,0.0001519756838905817,6637,6627,0.0015067048365224878,6460,6454,0.0009287925696594979,6359,6354,0.000786287152067966,6033,6028,0.0008287750704458752,,77296,77231,0.0008409232043055104,1
TBK-HQ,P103,7323,7326,0,8461,8461,0,9105,9106,0,11368,11373,0,9590,9587,0.00031282586027114867,9216,9214,0.00021701388888883955,8239,8239,0,8808,8808,0,8229,8229,0,8682,8682,0,8711,8792,0,8125,8045,0.009846153846153838,,105857,105862,0,1
TBK-HQ,P104,2855,2858,0,3085,3090,0,3279,3282,0,3919,3326,0.1513141107425363,3674,4280,0,3388,3394,0,3276,3282,0,3349,3354,0,3558,3563,0,3550,3558,0,3316,3319,0,3205,3211,0,,40454,40517,0,1
TBK-HQ,P105,15705,15204,0.03190066857688634,17080,16520,0.032786885245901676,14739,14283,0.03093832688784859,17001,16505,0.029174754426210203,14906,14434,0.03166510130148936,13984,13608,0.026887871853546907,12299,11963,0.027319294251565207,17493,17007,0.027782541588063814,13355,12947,0.030550355672032903,12365,12144,0.017873028710068795,13956,13582,0.026798509601605014,16438,15926,0.031147341525733063,,179321,174123,0.028987123649767743,232
TBK-HQ,P106,2681,2682,0,3817,3819,0,5016,5016,0,6188,6187,0.0001616031027795728,4474,4472,0.0004470272686634136,3963,3961,0.0005046681806711861,3727,3725,0.0005366246310705147,3978,3976,0.0005027652086475598,4074,4073,0.0002454590083456054,4131,4131,0,3694,3694,0,3646,3648,0,,49389,49384,0.00010123711757681342,1
TBK-HQ,P107,208,208,0,253,254,0,210,210,0,296,297,0,307,307,0,338,339,0,402,402,0,490,491,0,543,543,0,453,453,0,0,411,0,0,398,0,,3500,4313,0,1
TBK-HQ,P108,2944,2942,0.0006793478260869179,3321,3318,0.0009033423667570428,3410,3408,0.0005865102639296405,4049,4046,0.0007409236848604506,4142,4139,0.0007242877836793893,4076,4074,0.0004906771344455052,3897,3894,0.0007698229407235857,3993,3992,0.0002504382669672456,3782,3780,0.0005288207297725611,3948,3946,0.0005065856129685686,3565,3563,0.0005610098176718203,3545,3543,0.0005641748942172287,,44672,44645,0.0006044054441260993,1
TBK-HQ,P109,2224,2225,0,2509,2510,0,2788,2789,0,3185,3186,0,3156,3157,0,3225,3227,0,3018,3019,0,3123,3124,0,2616,2617,0,2881,2883,0,2537,2538,0,2682,2683,0,,33944,33958,0,1
TBK-HQ,P110,1938,1940,0,2143,2144,0,2069,2071,0,2315,2318,0,2227,2229,0,2305,2308,0,2264,2266,0,2391,2393,0,2269,2272,0,2393,2396,0,2102,2105,0,2061,2063,0,,26477,26505,0,1
TBK-HQ,P111,3473,3478,0,3756,3762,0,3542,3548,0,3895,3902,0,3062,3068,0,2825,2830,0,2850,2855,0,3340,3346,0,2919,2924,0,3133,3140,0,3201,3206,0,3755,3762,0,,39751,39821,0,1
TBK-HQ,P112,2284,2283,0.0004378283712784814,2551,2551,0,2537,2537,0,2769,2768,0.0003611412062116681,2916,2916,0,2826,2826,0,2714,2713,0.0003684598378776993,2698,2698,0,2509,2509,0,2390,2389,0.0004184100418409553,2713,2712,0.00036859565057134613,2377,2372,0.0021034917963820288,,31284,31274,0.00031965221838636815,1
TBK-HQ,P113,10885,10910,0,11593,11620,0,263,10880,0,25036,14483,0.4215130212494008,12440,12470,0,12414,12443,0,11671,11698,0,12793,12824,0,13904,13941,0,13841,13867,0,13388,13417,0,11480,11506,0,,149708,150059,0,1
TBK-HQ,P114,1534,1535,0,1530,1531,0,1374,1376,0,1848,1849,0,2041,2043,0,2133,2135,0,2141,2141,0,2271,2274,0,2303,2304,0,2360,2363,0,2263,2264,0,2179,2181,0,,23977,23996,0,1
TBK-HQ,P115,4266,4267,0,9077,9069,0.0008813484631485791,2161,2163,0,8049,8043,0.000745434215430496,6611,6603,0.001210104371502041,3128,3126,0.0006393861892582953,9267,9258,0.0009711880867594447,7010,7005,0.0007132667617688604,2549,2550,0,7198,7195,0.00041678243956655425,3383,3385,0,3629,3630,0,,66328,66294,0.0005126040284646471,1
TBK-HQ,P116,6558,6570,0,7574,7587,0,6879,6892,0,7824,7838,0,7456,7470,0,7853,7865,0,7761,7773,0,8136,8150,0,8124,8141,0,8461,8472,0,7844,7856,0,7338,7351,0,,91808,91965,0,1
TBK-HQ,P117,2206,2204,0.0009066183136899886,2400,2399,0.0004166666666666208,2479,2477,0.0008067769261799196,2953,2952,0.00033863867253636215,2723,2722,0.00036724201248627963,2826,2826,0,2688,2688,0,2758,2759,0,2789,2789,0,2927,2927,0,2869,2869,0,2591,2589,0.0007719027402547374,,32209,32201,0.0002483777826073341,1
TBK-HQ,P118,10039,10042,0,10984,10990,0,10624,11231,0,13619,13022,0.0438358176077539,12384,12398,0,12814,12822,0,12754,12769,0,13228,13240,0,12187,12192,0,13021,13032,0,12194,12213,0,11985,11983,0.00016687526074254944,,145833,145934,0,1
TBK-HQ,P119,3212,3050,0.050435865504358635,3702,3514,0.05078336034575903,3329,3184,0.0435566236106939,3987,3820,0.04188612992224727,3441,3300,0.04097646033129909,3775,3605,0.04503311258278142,3293,3147,0.044336471302763414,3883,3702,0.04661344321400973,3417,3263,0.04506877377816798,3410,3249,0.047214076246334336,3953,3762,0.04831773336706302,3795,3619,0.04637681159420293,,43197,41215,0.04588281593629184,113
TBK-HQ,P120,7642,7173,0.061371368751635735,8463,7962,0.059198865650478605,7956,7486,0.0590749120160885,9261,8682,0.06252024619371555,7723,7308,0.05373559497604563,8949,8414,0.05978321600178793,8369,7786,0.06966184729358349,9910,9250,0.06659939455095865,9195,8902,0.031865144100054366,8273,7780,0.059591442040372256,9150,8605,0.059562841530054644,9360,8781,0.06185897435897436,,104251,98129,0.058723657327028,139
TBK-HQ,P121,8288,8283,0.0006032818532818451,8525,8520,0.0005865102639296405,8927,8922,0.0005600985773496214,9781,9775,0.0006134342091810296,9378,9373,0.0005331627212625811,8783,8781,0.00022771262666509973,8248,8246,0.00024248302618812279,8869,8866,0.00033825684970123504,8037,8036,0.00012442453651861918,8551,8550,0.00011694538650453001,8307,8305,0.00024076080414103807,8734,8729,0.000572475383558535,,104428,104386,0.00040219098326121916,1
TBK-HQ,P122,5230,5225,0.0009560229445506607,5296,5291,0.000944108761329332,5241,5236,0.0009540164090822145,5979,5972,0.0011707643418631397,5457,5452,0.0009162543522082123,5189,5183,0.0011562921564848283,5282,5275,0.0013252555850056247,5575,5569,0.0010762331838565231,4720,4714,0.0012711864406779183,5502,5496,0.0010905125408942062,5397,5391,0.0011117287381878782,5496,5490,0.0010917030567685337,,64364,64294,0.0010875644770368398,1
TBK-HQ,P123,3199,3197,0.0006251953735542104,3497,3499,0,3565,3567,0,4359,4361,0,4186,4187,0,3994,3996,0,3868,3871,0,4140,4141,0,3766,3768,0,3998,4080,0,3867,3789,0.020170674941815347,4035,4037,0,,46474,46493,0,1
TBK-HQ,P124,2209,2210,0,2580,2581,0,2572,2573,0,2897,2898,0,2849,2850,0,2940,2940,0,2679,2681,0,2908,2908,0,2596,2597,0,2600,2601,0,2421,2422,0,2330,2330,0,,31581,31591,0,1
TBK-HQ,P125,1807,1809,0,1796,1798,0,1522,1524,0,1713,1715,0,1523,1525,0,1253,1255,0,1277,1279,0,1450,1452,0,1277,1280,0,1301,1302,0,1340,1338,0.0014925373134327957,1762,1768,0,,18021,18045,0,1
TBK-HQ,P126,3582,3586,0,3638,3641,0,3461,3464,0,4279,4282,0,3871,3875,0,3626,3630,0,3504,3507,0,3673,3677,0,3492,3496,0,3644,3648,0,3424,3427,0,3192,3195,0,,43386,43428,0,1
TBK-HQ,P127,4172,4176,0,4291,4292,0,4345,4347,0,4983,4986,0,4529,4531,0,4778,4781,0,4693,4698,0,4938,4938,0,4316,4320,0,4802,4805,0,4650,4653,0,4637,4639,0,,55134,55166,0,1
TBK-HQ,P128,10439,10457,0,10786,10797,0,10371,10382,0,12759,12771,0,11694,11708,0,12080,12092,0,12103,12114,0,12714,12726,0,12278,12291,0,12311,12323,0,11891,11903,0,11220,11231,0,,140646,140795,0,1
TBK-HQ,P129,4550,4551,0,4823,4825,0,4210,4209,0.00023752969121138,5030,5031,0,4463,4462,0.0002240645305847666,4580,4580,0,4810,4811,0,5233,5232,0.00019109497420222166,4661,4661,0,4868,4868,0,4511,4512,0,4357,4358,0,,56096,56100,0,1
TBK-HQ,P130,2053,2054,0,2446,2448,0,2429,2430,0,2918,2920,0,2652,2654,0,0,2686,0,896,2585,0,2888,2887,0.0003462603878116033,2851,2850,0.00035075412136087447,2866,0,1,2795,5754,0,2787,2789,0,,27581,32057,0,1
TBK-HQ,P131,3568,3573,0,4037,4043,0,4235,4242,0,5500,5510,0,5401,5411,0,5266,5274,0,4862,4870,0,5500,5508,0,4883,4890,0,4828,4835,0,4232,4237,0,4174,4180,0,,56486,56573,0,1
TBK-HQ,P132,2257,2260,0,2620,2622,0,2492,2493,0,2925,2926,0,2901,2902,0,2580,2582,0,2385,2385,0,2988,2990,0,2430,2431,0,2500,2501,0,2550,2552,0,2946,2948,0,,31574,31592,0,1
TBK-HQ,P133,0,0,,0,0,,0,0,,0,0,,0,0,,0,0,,11817,11807,0.0008462384700008707,17836,17831,0.00028033191298493243,14467,14461,0.00041473698762706235,18746,18748,0,11016,11012,0.0003631082062454105,14391,14390,6.948787436589221e-05,,88273,88249,0.0002718838149831093,1
TBK-HQ,P134,956,959,0,964,968,0,809,811,0,941,945,0,664,666,0,1430,1434,0,616,618,0,1154,1157,0,880,881,0,953,956,0,705,707,0,367,371,0,,10439,10473,0,1
TBK-HQ,P135,4687,4687,0,5235,5235,0,5429,5429,0,6581,6582,0,2672,2672,0,2198,2198,0,2248,2249,0,2214,2215,0,2008,2008,0,1985,1985,0,1938,1939,0,1944,1943,0.0005144032921811093,,39139,39142,0,1
TBK-HQ,P136,845,844,0.0011834319526626835,845,844,0.0011834319526626835,834,834,0,1180,1180,0,1465,1463,0.0013651877133106227,1606,1605,0.0006226650062266526,1622,1620,0.0012330456226880004,2065,2063,0.0009685230024213398,1928,1927,0.0005186721991701226,1994,1991,0.0015045135406218657,1785,1784,0.0005602240896358524,1601,1599,0.0012492192379762734,,17770,17754,0.0009003939223409807,1
TBK-HQ,P137,197,197,0,2006,2007,0,1944,1943,0.0005144032921811093,2083,2084,0,2264,2263,0.0004416961130742081,2713,2712,0.00036859565057134613,2593,2593,0,2646,2646,0,2521,2521,0,2688,2687,0.00037202380952383596,2378,2377,0.000420521446593769,2581,2581,0,,26614,26611,0.0001127226271886439,1
TBK-HQ,P138,7210,7216,0,7597,7604,0,7602,7612,0,9790,9803,0,8259,8269,0,7780,7790,0,7625,7635,0,8240,8252,0,8036,8047,0,8406,8415,0,7884,7892,0,7693,7702,0,,96122,96237,0,1
TBK-HQ,P139,0,0,,0,0,,0,0,,0,0,,0,0,,10888,10885,0.00027553269654667645,6815,6823,0,7567,7557,0.0013215276860050196,6703,6703,0,7093,7048,0.006344283096010206,6720,6765,0,6422,6425,0,,52208,52206,3.830830524054196e-05,1
TBK-HQ,P140,16928,16792,0.008034026465028377,22592,22358,0.010357648725212498,24665,24364,0.012203527265355785,24946,24637,0.01238675539164591,27415,27074,0.012438446106146306,27696,27675,0.0007582322357019278,25961,25436,0.02022264165478993,29803,29499,0.010200315404489513,23738,23522,0.009099334400539227,24449,24225,0.009161928913247963,23254,23040,0.009202717811989336,23659,24230,0,,295106,292852,0.007637933488305881,15
TBK-HQ,P141,27902,27835,0.0024012615583112185,27649,27586,0.0022785634200152005,20409,20365,0.0021559116076240725,26195,26136,0.002252338232487161,27284,27211,0.0026755607682158455,25669,25599,0.0027270248159257937,21154,21099,0.0025999810910466437,21162,21108,0.0025517436915225566,16643,16605,0.002283242203929614,14013,13977,0.0025690430314707635,17979,17924,0.003059124534178781,13643,13577,0.004837645679102831,,259702,259022,0.0026183856882118217,6
TBK-HQ,P142,3177,3153,0.007554296506137814,3510,3486,0.006837606837606813,3276,3270,0.001831501831501825,2400,2367,0.01375000000000004,3336,3315,0.006294964028776939,3288,3264,0.007299270072992692,3378,3354,0.007104795737122527,2769,2751,0.00650054171180936,2259,2241,0.007968127490039834,2220,2205,0.006756756756756799,3102,3078,0.007736943907156624,3429,3402,0.007874015748031482,,36144,35886,0.007138114209827351,1
TBK-HQ,P143,1360,1362,0,278,1660,0,312,890,0,1144,1140,0.0034965034965035446,1074,1072,0.0018621973929237035,1370,1370,0,1260,1252,0.006349206349206327,1224,1224,0,1194,1188,0.005025125628140725,1250,1248,0.0016000000000000458,1076,1070,0.005576208178438624,988,988,0,,12530,14464,0,1
TBK-HQ,P144,1877,1879,0,1914,1916,0,2065,2067,0,1997,0,1,2015,4012,0,1838,1838,0,1835,1836,0,1940,1940,0,1910,0,1,1953,4012,0,1830,1739,0.049726775956284164,1718,1719,0,,22892,22958,0,1
TBK-HQ,P145,2213,2214,0,2588,2589,0,2544,2545,0,2884,2886,0,2819,2819,0,2732,2733,0,2775,2776,0,2859,2859,0,2707,2709,0,2796,2797,0,2709,2710,0,2558,2559,0,,32184,32196,0,1
TBK-HQ,P146,4492,4491,0.00022261798753342443,4964,4962,0.00040290088638195165,5019,5017,0.000398485754134259,4756,4752,0.000841042893187538,5072,5071,0.00019716088328081138,4154,4151,0.0007221954742416825,5189,5186,0.0005781460782424697,2761,2760,0.0003621876131836288,1257,1257,0,1322,1322,0,3746,3743,0.0008008542445274713,4744,4742,0.000421585160202409,,47476,47454,0.0004633920296570615,1
TBK-HQ,P147,10803,10852,0,12206,12262,0,12240,12298,0,14296,14364,0,12304,12362,0,10525,10576,0,8112,8101,0.001356015779092723,8197,8188,0.0010979626692692035,8293,8283,0.0012058362474376416,8106,8100,0.0007401924500369805,7697,7691,0.0007795244900610232,7319,7315,0.0005465227490094593,,120098,120392,0,1
TBK-HQ,P148,12991,13000,0,14246,14257,0,13284,13294,0,16660,16671,0,14944,14954,0,15615,15624,0,15849,15858,0,16477,16488,0,15964,15972,0,15681,15690,0,14797,15012,0,14607,14410,0.013486684466351706,,181115,181230,0,1
TBK-HQ,P149,651,653,0,823,824,0,791,792,0,1163,1164,0,764,764,0,770,741,0.03766233766233762,898,929,0,1011,1012,0,855,856,0,872,872,0,840,848,0,745,739,0.008053691275167751,,10183,10194,0,1
TBK-HQ,P150,4035,4040,0,4435,4440,0,4737,4743,0,4873,4880,0,4848,4855,0,4781,4787,0,4781,4786,0,4798,4805,0,4619,4623,0,4898,4905,0,4412,4416,0,4243,4248,0,,55460,55528,0,1
TBK-HQ,P151,3189,3188,0.0003135779241141279,3465,3465,0,3569,3568,0.00028019052956007595,3963,3962,0.0002523340903356486,3677,3675,0.0005439216752787246,3986,3984,0.0005017561465128217,3985,3984,0.00025094102885825365,4242,4241,0.00023573785950026238,4257,4256,0.00023490721165142503,4428,4426,0.0004516711833785214,3878,3878,0,3717,3717,0,,46356,46344,0.00025886616619208436,1
TBK-HQ,P152,3874,3876,0,4022,4024,0,3860,3863,0,4649,4652,0,4576,4579,0,4847,4850,0,4674,4677,0,4888,4891,0,4584,4588,0,4910,4913,0,4404,4406,0,4300,4302,0,,53588,53621,0,1
TBK-HQ,P153,2767,2771,0,2936,2941,0,2841,2846,0,3398,3405,0,3334,3339,0,3659,3666,0,3581,3587,0,3714,3721,0,3586,3592,0,3733,3741,0,3510,3515,0,3337,3342,0,,40396,40466,0,1
TBK-HQ,P154,1419,1420,0,1457,1456,0.0006863417982154729,1395,1396,0,1705,1705,0,1579,1579,0,0,1528,0,437,1541,0,1548,1550,0,1621,1624,0,1723,1725,0,1564,1567,0,1510,1512,0,,15958,18603,0,1
TBK-HQ,P155,1252,1252,0,1171,1172,0,1169,1169,0,1220,1229,0,1421,1412,0.006333567909922566,1605,1606,0,1564,1563,0.0006393861892582953,1532,1532,0,1399,1399,0,1540,1541,0,1386,1386,0,1300,1300,0,,16559,16561,0,1
TBK-HQ,P156,3457,3459,0,3724,3724,0,3769,3769,0,4354,4353,0.00022967386311434357,4174,4173,0.00023957834211785212,4289,4289,0,4207,4208,0,4470,4469,0.00022371364653239745,4219,4220,0,4445,4446,0,3971,3971,0,3843,3844,0,,48922,48925,0,1
TBK-HQ,P157,7829,7827,0.00025546046749269635,8553,8549,0.0004676721618145363,8732,8727,0.0005726065048099471,9798,9794,0.0004082465809348568,0,9144,0,0,9483,0,10574,9143,0.13533194628333645,9472,9449,0.0024282094594594295,9842,9822,0.002032107295265151,11217,11192,0.0022287599179816597,10442,10421,0.0020111089829534246,10255,10233,0.0021452949780594865,,96714,113784,0,1
TBK-HQ,P158,8622,8626,0,8542,8545,0,7837,7842,0,9697,9702,0,9117,9123,0,9634,9640,0,9490,9495,0,9973,9979,0,9814,9819,0,10100,10105,0,9436,9440,0,9529,9532,0,,111791,111848,0,1
TBK-HQ,P159,2576,2577,0,2383,2384,0,2271,2272,0,2379,2381,0,2074,2075,0,1864,1866,0,1957,1959,0,2474,2475,0,2067,2068,0,2170,2173,0,2264,2385,0,2362,2244,0.04995766299745974,,26841,26859,0,1
TBK-HQ,P160,1408,1377,0.022017045454545414,1522,1522,0,1553,1553,0,1985,1985,0,1798,1798,0,1833,1833,0,1796,1796,0,1959,1960,0,2029,2028,0.0004928536224740876,2197,2197,0,1996,1996,0,1835,1835,0,,21911,21880,0.0014148144767468507,1
TBK-HQ,P161,924,925,0,1015,1016,0,1104,1100,0.0036231884057971175,1495,1499,0,1297,1299,0,1131,1132,0,1166,1167,0,1280,1280,0,1454,1455,0,1605,1605,0,1407,1409,0,1357,1358,0,,15235,15245,0,1
TBK-HQ,P162,2320,2315,0.0021551724137931494,2448,2448,0,2385,2386,0,2715,2713,0.0007366482504603811,2750,2749,0.0003636363636363438,2927,2927,0,2773,2773,0,2794,2799,0,2541,2536,0.001967729240456517,2657,2658,0,2444,2444,0,2255,2255,0,,31009,31003,0.00019349221193842858,1
TBK-HQ,P163,827,827,0,868,868,0,871,871,0,959,958,0.0010427528675703845,962,961,0.0010395010395010118,958,959,0,989,987,0.002022244691607722,951,951,0,875,875,0,964,964,0,943,942,0.0010604453870625141,1008,1008,0,,11175,11171,0.00035794183445192473,1
TBK-HQ,P164,2278,2286,0,2516,2525,0,3305,3316,0,7839,7863,0,8312,8340,0,9459,9491,0,11660,11701,0,6927,6953,0,7968,7990,0,8289,8311,0,8596,8619,0,9012,9037,0,,86161,86432,0,1
TBK-HQ,P165,28825,28798,0.000936686903729389,29958,29922,0.0012016823552973843,30486,30448,0.0012464737912484258,36110,36067,0.0011908058709498848,34020,33987,0.0009700176366842506,32153,32132,0.0006531272354056705,32033,32012,0.0006555739393749871,33060,33035,0.0007562008469449433,30918,30894,0.0007762468464971306,32376,32345,0.0009574993822584199,30242,30216,0.0008597314992394578,28914,28880,0.0011759009476378646,,379095,378736,0.0009469921787415014,1
TBK-HQ,P166,1201,1202,0,1365,1365,0,1944,1946,0,2647,2647,0,2499,2499,0,2456,2457,0,2256,2257,0,2574,2577,0,2595,2599,0,2698,2703,0,2450,2453,0,2179,2182,0,,26864,26887,0,1
TBK-HQ,P167,4117,4122,0,4304,4308,0,4398,4403,0,4947,4952,0,4582,4588,0,4698,4702,0,4763,4769,0,5075,5081,0,5407,5413,0,5583,5589,0,5347,5353,0,5041,5046,0,,58262,58326,0,1
TBK-HQ,P168,3107,3110,0,3519,3524,0,3209,3214,0,3542,3547,0,3304,3309,0,3441,3446,0,3470,3475,0,3620,3625,0,3689,3693,0,4068,4074,0,3765,3770,0,3656,3661,0,,42390,42448,0,1
TBK-HQ,P169,0,0,,0,0,,0,0,,0,0,,0,0,,7450,7452,0,3907,3908,0,4481,4481,0,4000,4002,0,3584,3585,0,3030,3031,0,3231,3233,0,,29683,29692,0,1
TBK-HQ,P170,0,0,,0,0,,0,0,,0,0,,0,0,,0,0,,5730,5731,0,4159,4160,0,3900,3902,0,4051,4052,0,3633,3637,0,3574,3577,0,,25047,25059,0,1
TBK-HQ,S001,21455,21498,0,27633,27685,0,27731,27789,0,31843,31906,0,31523,31584,0,29766,29828,0,28175,28236,0,31125,31185,0,26497,26550,0,25813,25868,0,24733,24782,0,21884,21924,0,,328178,328835,0,1
TBK-HQ,S002,29511,25892,0.12263223882620045,45157,44748,0.009057289013884917,47228,46976,0.005335817735241832,48195,48094,0.002095653076045201,51186,50946,0.004688782088852372,56129,55894,0.004186784015393075,48227,48103,0.0025711738237916837,53121,52910,0.003972063778919788,40369,40275,0.0023285194084570193,41703,41578,0.002997386279164571,37315,37214,0.0027066863191745894,35622,36414,0,,533763,529044,0.008841002467387171,28
TBK-HQ,S003,0,0,,0,0,,0,0,,0,0,,0,0,,0,0,,0,0,,0,0,,0,0,,0,0,,0,0,,0,0,,,0,0,,1
TBK-CK,V.MV01,1731,1732,0,1667,1667,0,1787,1788,0,1707,1708,0,1934,1934,0,2554,2556,0,1316,1317,0,1572,1571,0.0006361323155216203,1402,1403,0,1382,1384,0,1394,1394,0,1292,1293,0,,19738,19747,0,1
TBK-CK,V.P001,33179,32053,0.03393712890683864,36647,35774,0.023821868092886223,31698,30918,0.02460723074010973,37731,36766,0.025575786488563734,36262,35336,0.025536374165793352,34448,33617,0.024123316302833264,33333,32608,0.021750217502174984,36186,35294,0.024650417288454074,34945,34130,0.023322363714408323,32797,32056,0.02259352989602703,35559,34725,0.02345397789589132,33745,32849,0.026552081789894766,,416530,406126,0.02497779271601086,390
TBK-CK,V.P002,28671,27753,0.03201841582086429,29868,28898,0.03247622873978839,28104,27203,0.032059493310560794,32985,31915,0.03243898741852358,31235,30215,0.032655674723867434,32205,31201,0.031175283341096094,29374,28418,0.032545788792810004,33372,32240,0.033920652043629373,30233,29194,0.0343664207984653,30513,29465,0.03434601645200408,31739,30654,0.03418507199344656,30296,29241,0.034823078954317355,,368595,356397,0.033093232409555196,307
TBK-CK,V.P003,7664,7391,0.035621085594989554,7344,7074,0.03676470588235292,6187,5953,0.03782123807984483,7627,7404,0.02923823259472924,4032,7330,0,2799,5393,0,5198,5117,0.015582916506348576,7052,6933,0.016874645490640994,5780,5693,0.015051903114186804,5336,5250,0.016116941529235373,5437,5350,0.0160014713996689,6890,6739,0.02191582002902759,,71346,75627,0,63
TBK-CK,V.P004,10576,10302,0.025907715582450863,11521,11232,0.025084628070479953,9901,9651,0.025249974750025217,12193,11914,0.022881981464774825,10543,10299,0.0231433178412217,9627,9404,0.02316401786641742,9481,9269,0.02236051049467358,9935,9709,0.02274786109713134,9000,8788,0.023555555555555552,9355,9141,0.022875467664350668,8970,8745,0.025083612040133763,9482,9245,0.024994726850875337,,120584,117699,0.02392523054468254,157
TBK-CK,V.P005,4141,3989,0.03670610963535381,4659,4493,0.035629963511483176,4169,4018,0.036219716958503234,4978,4795,0.03676175170751306,4385,4227,0.03603192702394531,3983,3849,0.033642982676374555,3710,3592,0.03180592991913744,4055,3921,0.033045622688039455,3731,3605,0.0337711069418386,3865,3741,0.032082794307891294,4011,3874,0.03415607080528549,4339,4178,0.037105323807328894,,50026,48282,0.034861871826650126,68
TBK-CK,V.P006,3853,3730,0.031923176745393245,4177,4020,0.037586784773761095,3960,3801,0.04015151515151516,4535,4352,0.04035281146637271,4266,4092,0.04078762306610406,4323,4155,0.03886190145732127,4430,4243,0.04221218961625284,4524,4346,0.03934571175950485,4038,3869,0.041852402179296644,4443,4266,0.03983794733288315,4231,4062,0.03994327582131885,4334,4146,0.043377941855099245,,51114,49082,0.03975427475838322,63
TBK-CK,V.P007,2733,2645,0.03219904866447132,2784,2696,0.031609195402298895,2673,2582,0.03404414515525622,3082,2987,0.030824140168721592,2802,2716,0.03069236259814423,3070,2977,0.03029315960912049,2649,2567,0.03095507738769343,3117,3022,0.03047802374077635,2735,2654,0.029616087751371145,3213,3118,0.029567382508558948,2958,2870,0.02974983096686956,3247,3141,0.03264551894056056,,35063,33975,0.031029860536748166,51
TBK-CK,V.P008,20859,20286,0.027470156766863263,23776,23069,0.02973586810228801,22276,21787,0.021951876458969344,27185,26462,0.026595549016001474,26195,25567,0.023974040847489997,23410,22829,0.0248184536522853,24511,23887,0.025457957651666585,26010,25353,0.02525951557093431,24364,23750,0.02520111640124778,22872,22280,0.025883175935641822,25650,24993,0.02561403508771931,23579,22926,0.027694134611306653,,290687,283189,0.025794067158146028,278
TBK-CK,V.P009,2070,2030,0.019323671497584516,2344,2300,0.018771331058020424,2206,2167,0.017679057116953723,2925,2870,0.018803418803418848,2053,2020,0.016074037993180745,2177,2135,0.019292604501607746,2048,2011,0.01806640625,2387,2352,0.014662756598240456,2507,2459,0.019146390107698474,2786,2737,0.017587939698492483,2217,2181,0.016238159675236785,2217,2181,0.016238159675236785,,27937,27443,0.01768264308980927,23
TBK-CK,V.P010,6355,6267,0.013847364280094365,4241,4145,0.022636170714454118,4349,3069,0.29432053345596687,3303,4450,0,3486,3393,0.026678141135972444,2879,2806,0.0253560263980549,3092,3001,0.029430789133247037,4038,3904,0.033184744923229315,3476,3367,0.031357882623705424,3713,3587,0.033934823592782104,3301,3204,0.02938503483792787,3301,3191,0.03332323538321724,,45534,44384,0.025255852769359155,6
TBK-CK,V.P011,1835,1836,0,1783,1773,0.005608524957936067,2277,2265,0.005270092226614009,2128,2118,0.0046992481203007586,11911,11644,0.02241625388296531,17401,16948,0.026032986609964892,21118,20456,0.031347665498626776,29533,28782,0.025429180916263117,26179,25540,0.02440887734443642,29432,28689,0.02524463169339497,22158,21629,0.023873995848000762,19609,19169,0.022438676118109013,,185364,180849,0.02435748041690944,8
TBK-CK,V.P012,3204,3117,0.027153558052434468,3425,3345,0.023357664233576658,3108,3036,0.02316602316602312,3833,3744,0.023219410383511607,3513,3440,0.020779960148021637,3422,3348,0.02162478082992403,3691,3609,0.022216201571389815,4043,3905,0.03413306950284445,3457,3413,0.012727798669366464,3921,3835,0.021933180311145106,3766,3680,0.022835900159320244,3886,3796,0.02316006176016472,,43269,42268,0.023134345605398732,67
TBK-CK,V.P013,1058,1036,0.020793950850661602,1113,1088,0.02246181491464505,1177,1157,0.016992353440951624,1438,1414,0.016689847009735748,1195,1175,0.01673640167364021,1216,1196,0.016447368421052655,1067,1048,0.017806935332708496,1282,1259,0.017940717628705194,1115,1093,0.019730941704035887,1110,1091,0.017117117117117164,1241,1219,0.01772763900080576,1191,1170,0.017632241813602012,,14203,13946,0.018094768710835707,20
TBK-CK,V.P014,7116,6853,0.0369589657110736,7776,7510,0.0342078189300411,7789,7535,0.03261009115419178,9254,8968,0.03090555435487352,8295,8043,0.03037974683544309,7920,7690,0.02904040404040409,7423,7191,0.03125420988818539,8821,8540,0.031855798662283163,7801,7559,0.031021663889244988,7524,7285,0.031765018607123885,8229,7948,0.03414752703852231,8202,7925,0.033772250670568105,,96150,93047,0.03227249089963602,197
TBK-CK,V.P015,6047,5918,0.021332892343310705,7751,7573,0.02296477873822733,5020,4926,0.01872509960159363,7770,7623,0.018918918918918948,4774,5090,0,2636,2523,0.042867981790591814,2163,2085,0.03606102635228847,3173,3201,0,1994,1978,0.008024072216649913,1840,1825,0.008152173913043459,1677,1657,0.011926058437686349,3033,2999,0.011210023079459286,,47878,47398,0.010025481431972905,14
TBK-CK,V.P016,9812,9250,0.05727680391357526,9247,9419,0,10125,9904,0.021827160493827158,11297,11064,0.020624944675577628,10852,10653,0.018337633615923332,10631,10412,0.020600131690339585,9729,9543,0.019118100524205928,11186,10959,0.02029322367244768,10183,9973,0.020622606304625313,10551,10324,0.021514548384039434,10199,9986,0.020884400431414818,10183,9948,0.02307767848374742,,123995,121435,0.020645993790072148,168
TBK-CK,V.P017,989,969,0.020222446916076886,927,909,0.01941747572815533,1081,1064,0.015726179463459777,1198,1182,0.013355592654423987,1148,1131,0.014808362369338024,1080,1063,0.015740740740740722,1060,1047,0.01226415094339628,1292,1275,0.013157894736842146,1064,1042,0.020676691729323293,1015,996,0.01871921182266012,1052,1037,0.014258555133079831,1009,990,0.018830525272547027,,12915,12705,0.016260162601625994,25
TBK-CK,V.P018,5373,5127,0.045784477945281954,5984,5720,0.044117647058823484,4942,4724,0.04411169566976936,5880,5624,0.0435374149659864,5272,5041,0.04381638846737479,4996,4789,0.04143314651721375,4823,4621,0.041882645656230566,5457,5225,0.04251420194245925,5532,5302,0.041576283441793205,4466,4272,0.043439319301388224,5235,5021,0.04087870105062086,5394,5165,0.04245457916203188,,63354,60631,0.04298071155728134,115
TBK-CK,V.P019,8119,7858,0.03214681611035841,9598,9271,0.03406959783288188,8371,8106,0.031656910763349644,9388,9091,0.03163613123135922,10724,10416,0.02872062663185382,8674,8411,0.030320498040119936,8291,8060,0.027861536605958248,9238,8992,0.026629140506603144,9339,9064,0.029446407538280317,8304,8060,0.029383429672447003,8732,8454,0.03183692166743013,9430,9152,0.02948038176033929,,108208,104935,0.03024730149342003,157
TBK-CK,V.P020,8898,8675,0.025061811643065868,9292,9051,0.025936289281102032,8278,8089,0.022831601836192372,8651,8461,0.021962778869494826,9780,9575,0.020961145194274056,8348,8174,0.02084331576425491,7947,7794,0.01925254813137034,8728,8530,0.022685609532538953,8721,8538,0.02098383212934296,8046,7879,0.02075565498384291,8421,8224,0.023393896211851284,8467,8270,0.023266800519664566,,103577,101260,0.022369831140118035,163
TBK-CK,V.P021,4543,4383,0.03521901826986573,4894,4708,0.03800572129137725,4824,4643,0.03752072968490883,4694,4525,0.03600340860673201,5496,5312,0.033478893740902516,5583,5417,0.029733118395128044,4195,4052,0.034088200238378996,4739,4567,0.03629457691496096,4751,4607,0.030309408545569405,4199,4066,0.03167420814479638,4612,4452,0.034692107545533424,4242,4097,0.03418198962753416,,56772,54829,0.03422461776932295,87
TBK-CK,V.P022,3678,3573,0.028548123980424167,3909,3797,0.028651829112304905,3363,3250,0.03360095153137077,3449,3385,0.018556103218324127,4107,4001,0.025809593377160933,3736,3613,0.03292291220556742,3548,3473,0.02113866967305522,3719,3617,0.02742672761495024,3854,3754,0.025947067981318073,3259,3161,0.03007057379564282,3513,3420,0.026473099914602893,3620,3514,0.029281767955801064,,43755,42558,0.027356873500171464,101
TBK-CK,V.P023,10555,10377,0.01686404547607767,11774,11553,0.018770171564464033,9965,9784,0.018163572503763215,11955,11726,0.019155165202843993,12151,11928,0.01835239897950791,10784,10550,0.021698813056379773,9094,8923,0.018803606773696968,10371,10173,0.01909169800404975,10821,10616,0.018944644672396316,8779,8600,0.020389566009796134,9332,9140,0.020574367766823864,9986,9781,0.02052874023633089,,125567,123151,0.019240724075593074,130
TBK-CK,V.P024,9071,8779,0.03219049718884359,8902,8611,0.03268928330712195,9004,8715,0.03209684584629058,9796,9484,0.031849734585545075,10624,10320,0.028614457831325324,10242,9915,0.0319273579379028,9166,8883,0.030874972725289163,10589,10268,0.030314477287751496,9960,9652,0.030923694779116495,9673,9358,0.032564871291222985,11623,11281,0.029424417104017886,11420,11051,0.03231173380035024,,120070,116317,0.03125676688598322,167
TBK-CK,V.P025,18632,18165,0.025064405324173422,18940,18460,0.025343189017951406,18684,18214,0.025155213016484712,21898,21236,0.03023107133071512,21635,21340,0.013635313149988448,21666,20845,0.0378934736453429,20961,20427,0.02547588378417065,22536,21794,0.032925097621583244,22034,21343,0.03136062448942545,22531,21784,0.033154320713683405,22987,22224,0.03319267412015492,19835,19140,0.035039072346861655,,252339,244972,0.029194852955746087,259
TBK-CK,V.P026,13175,12939,0.017912713472485797,12083,11864,0.018124637921046127,12796,12567,0.01789621756798998,14435,14212,0.015448562521648723,15499,15248,0.01619459319956129,14263,13989,0.019210544766178228,14379,14151,0.015856457333611518,14888,14648,0.016120365394948988,14958,14701,0.017181441369166994,13607,13388,0.016094657161754955,14139,13895,0.017257231770280823,13894,13615,0.020080610335396543,,168116,165217,0.017244045777915273,175
TBK-CK,V.P027,7207,7000,0.028722075759678112,0,7693,0,6606,7268,0,7760,7619,0.01817010309278355,7898,7707,0.02418333755381108,6771,6573,0.029242357111209594,6046,5891,0.025636784651008937,7514,7265,0.033138142134681914,7147,6950,0.02756401287253396,6706,6592,0.01699970175961829,6781,6601,0.0265447574104114,7592,7399,0.025421496311907266,,78028,84558,0,130
TBK-CK,V.P028,1474,1438,0.024423337856173677,1923,1868,0.02860114404576186,1265,1239,0.02055335968379446,1777,1714,0.03545301069217788,1187,1157,0.02527379949452402,987,955,0.032421479229989836,741,717,0.03238866396761131,1373,1334,0.028404952658412252,996,964,0.032128514056224855,688,669,0.02761627906976749,743,716,0.03633916554508754,976,947,0.029713114754098324,,14130,13718,0.029157820240622745,20
TBK-CK,V.P029,16116,15449,0.041387441052370355,20673,19730,0.04561505345136163,13000,12442,0.04292307692307695,15121,14532,0.038952450234772784,14623,14063,0.038295835327908145,11098,10674,0.03820508199675621,9147,8892,0.027877992784519523,11320,10943,0.033303886925795,10245,9893,0.03435822352367013,9078,8796,0.03106411103767348,10490,10108,0.036415633937082914,11658,11219,0.0376565448618974,,152569,146741,0.038199109910925566,142
TBK-CK,V.P030,4034,3943,0.022558254833911717,4600,4510,0.019565217391304346,3626,3563,0.01737451737451734,4200,4125,0.017857142857142905,4185,4107,0.018637992831541217,3788,3726,0.016367476240760293,3235,3194,0.012673879443585778,3585,3535,0.013947001394700176,3108,3067,0.013191763191763184,3172,3133,0.012295081967213073,3281,3238,0.013105760438890557,3411,3350,0.01788331867487536,,44225,43491,0.01659694742792539,41
TBK-CK,V.P031,4176,4055,0.028975095785440663,4537,4399,0.030416574829182252,4315,4193,0.028273464658169156,5060,4919,0.027865612648221294,4676,4552,0.02651839178785287,5158,5031,0.02462194649088789,4467,4331,0.030445489142601256,5054,4914,0.027700831024930705,4766,4623,0.030004196391103632,4472,4348,0.027728085867620766,5032,4868,0.032591414944356134,4650,4508,0.030537634408602132,,56363,54741,0.028777744264854577,77
TBK-CK,V.P032,5435,5191,0.04489420423183077,6969,6640,0.04720906873296027,4948,4718,0.046483427647534326,6793,6463,0.04857941999116733,5363,5111,0.046988625769159076,3363,3234,0.038358608385370196,2615,2507,0.04130019120458894,3216,3077,0.04322139303482586,2615,2522,0.03556405353728487,2487,2386,0.040611178126256586,2595,2489,0.04084778420038537,2799,2681,0.04215791354055021,,49198,47019,0.044290418309687385,49
TBK-CK,V.P033,2483,2446,0.01490132903745467,2563,2527,0.01404603979711272,2263,2244,0.008395934600088362,2659,2627,0.012034599473486285,2628,2605,0.008751902587519012,2776,2734,0.015129682997118143,2600,2573,0.010384615384615437,2914,2883,0.010638297872340385,2643,2607,0.01362088535754824,2695,2667,0.010389610389610393,2666,2624,0.015753938484621144,2514,2485,0.011535401750198848,,31404,31022,0.012164055534326867,52
TBK-CK,V.P035,228,220,0.03508771929824561,182,177,0.027472527472527486,233,228,0.02145922746781115,168,164,0.023809523809523836,269,254,0.055762081784386575,337,280,0.16913946587537088,188,177,0.058510638297872286,227,182,0.19823788546255505,198,197,0.005050505050505083,213,213,0,199,198,0.005025125628140725,189,188,0.005291005291005346,,2631,2478,0.058152793614595244,1
